fold_pair,model,cluster_num,name,TMscore_fold1,TMscore_fold2,TMdiff
1jfkA_2nxqB,esm2,ShallowMsa_000,ShallowMsa_000__sample_001,0.3689173668455791,0.567255206164792,-0.1983378393192129
1jfkA_2nxqB,esm2,ShallowMsa_000,ShallowMsa_000__sample_002,0.4827940620619378,0.29667643092012974,0.18611763114180807
1jfkA_2nxqB,esm2,ShallowMsa_000,ShallowMsa_000__sample_003,0.5459942106005741,0.3024247629523976,0.24356944764817645
1jfkA_2nxqB,esm2,ShallowMsa_000,ShallowMsa_000__sample_004,0.5459942106005741,0.3024247629523976,0.24356944764817645
1jfkA_2nxqB,esm2,ShallowMsa_000,ShallowMsa_000__sample_005,0.4946584625768672,0.3263804819770731,0.1682779805997941
1jfkA_2nxqB,esm2,ShallowMsa_000,ShallowMsa_000__sample_006,0.5085074570667683,0.33993959541025753,0.16856786165651072
1jfkA_2nxqB,esm2,ShallowMsa_000,ShallowMsa_000__sample_007,0.5028121295573518,0.2974503278436391,0.20536180171371266
1jfkA_2nxqB,esm2,ShallowMsa_000,ShallowMsa_000__sample_008,0.5392236044954234,0.39826816410876503,0.14095544038665836
1jfkA_2nxqB,esm2,ShallowMsa_000,ShallowMsa_000__sample_009,0.49942586734754163,0.3514014094619845,0.14802445788555713
1jfkA_2nxqB,esm2,ShallowMsa_000,ShallowMsa_000__sample_010,0.49110366063088,0.30175755932698073,0.18934610130389928
1jfkA_2nxqB,esm2,ShallowMsa_001,ShallowMsa_001__sample_001,0.3689173668455791,0.567255206164792,-0.1983378393192129
1jfkA_2nxqB,esm2,ShallowMsa_001,ShallowMsa_001__sample_002,0.42044464357716366,0.34178001120834395,0.07866463236881971
1jfkA_2nxqB,esm2,ShallowMsa_001,ShallowMsa_001__sample_003,0.4431526918947747,0.457773336159224,-0.014620644264449312
1jfkA_2nxqB,esm2,ShallowMsa_001,ShallowMsa_001__sample_004,0.4097135678543539,0.3432888119167794,0.06642475593757452
1jfkA_2nxqB,esm2,ShallowMsa_001,ShallowMsa_001__sample_005,0.4423991541292724,0.44906336180854406,-0.006664207679271672
1jfkA_2nxqB,esm2,ShallowMsa_001,ShallowMsa_001__sample_006,0.44492723716546084,0.39192312964188475,0.053004107523576094
1jfkA_2nxqB,esm2,ShallowMsa_001,ShallowMsa_001__sample_007,0.47436489785130653,0.39095088905446135,0.08341400879684518
1jfkA_2nxqB,esm2,ShallowMsa_001,ShallowMsa_001__sample_008,0.43010996368428106,0.4753662666957782,-0.045256303011497134
1jfkA_2nxqB,esm2,ShallowMsa_001,ShallowMsa_001__sample_009,0.44252428393168464,0.3246625181862747,0.11786176574540996
1jfkA_2nxqB,esm2,ShallowMsa_001,ShallowMsa_001__sample_010,0.47688260814114697,0.44412919984932514,0.03275340829182183
1jfkA_2nxqB,esm2,ShallowMsa_002,ShallowMsa_002__sample_001,0.3689173668455791,0.567255206164792,-0.1983378393192129
1jfkA_2nxqB,esm2,ShallowMsa_002,ShallowMsa_002__sample_002,0.5866841090939955,0.41036295834170117,0.17632115075229432
1jfkA_2nxqB,esm2,ShallowMsa_002,ShallowMsa_002__sample_003,0.5841739066265497,0.27816697152604525,0.3060069351005044
1jfkA_2nxqB,esm2,ShallowMsa_002,ShallowMsa_002__sample_004,0.5213690091363947,0.29247360909276804,0.22889540004362668
1jfkA_2nxqB,esm2,ShallowMsa_002,ShallowMsa_002__sample_005,0.5372111268938009,0.2889584679314542,0.24825265896234672
1jfkA_2nxqB,esm2,ShallowMsa_002,ShallowMsa_002__sample_006,0.4953439454957429,0.3739923856002661,0.1213515598954768
1jfkA_2nxqB,esm2,ShallowMsa_002,ShallowMsa_002__sample_007,0.49131124279134963,0.3298033042927888,0.16150793849856082
1jfkA_2nxqB,esm2,ShallowMsa_002,ShallowMsa_002__sample_008,0.5879563827739196,0.31679315968225935,0.27116322309166024
1jfkA_2nxqB,esm2,ShallowMsa_002,ShallowMsa_002__sample_009,0.4793124144734431,0.2965648046493955,0.18274760982404759
1jfkA_2nxqB,esm2,ShallowMsa_002,ShallowMsa_002__sample_010,0.49047014996991123,0.3219799474899655,0.16849020247994573
1jfkA_2nxqB,esm2,ShallowMsa_003,ShallowMsa_003__sample_001,0.3689173668455791,0.567255206164792,-0.1983378393192129
1jfkA_2nxqB,esm2,ShallowMsa_003,ShallowMsa_003__sample_002,0.4541992819645639,0.4394926022017634,0.01470667976280049
1jfkA_2nxqB,esm2,ShallowMsa_003,ShallowMsa_003__sample_003,0.551544484141074,0.33491627681330194,0.2166282073277721
1jfkA_2nxqB,esm2,ShallowMsa_003,ShallowMsa_003__sample_004,0.4646737716052115,0.305774737223961,0.15889903438125053
1jfkA_2nxqB,esm2,ShallowMsa_003,ShallowMsa_003__sample_005,0.5004130265183849,0.28461613174494843,0.2157968947734365
1jfkA_2nxqB,esm2,ShallowMsa_003,ShallowMsa_003__sample_006,0.48472926032831626,0.33289399921272667,0.1518352611155896
1jfkA_2nxqB,esm2,ShallowMsa_003,ShallowMsa_003__sample_007,0.44755142925996827,0.29294038741781875,0.15461104184214952
1jfkA_2nxqB,esm2,ShallowMsa_003,ShallowMsa_003__sample_008,0.5171914421617353,0.33204526000676854,0.18514618215496675
1jfkA_2nxqB,esm2,ShallowMsa_003,ShallowMsa_003__sample_009,0.4900125243504805,0.3303186610391129,0.1596938633113676
1jfkA_2nxqB,esm2,ShallowMsa_003,ShallowMsa_003__sample_010,0.4116204982616498,0.31976602082505406,0.09185447743659575
1jfkA_2nxqB,esm2,ShallowMsa_004,ShallowMsa_004__sample_001,0.3689173668455791,0.567255206164792,-0.1983378393192129
1jfkA_2nxqB,esm2,ShallowMsa_004,ShallowMsa_004__sample_002,0.49014230379169604,0.30668868931356014,0.1834536144781359
1jfkA_2nxqB,esm2,ShallowMsa_004,ShallowMsa_004__sample_003,0.4768091140219103,0.3337162101038206,0.1430929039180897
1jfkA_2nxqB,esm2,ShallowMsa_004,ShallowMsa_004__sample_004,0.471535451961418,0.29684894573143894,0.17468650622997905
1jfkA_2nxqB,esm2,ShallowMsa_004,ShallowMsa_004__sample_005,0.48170402829631165,0.2858531993800197,0.19585082891629196
1jfkA_2nxqB,esm2,ShallowMsa_004,ShallowMsa_004__sample_006,0.4788274931630214,0.3559842830197029,0.1228432101433185
1jfkA_2nxqB,esm2,ShallowMsa_004,ShallowMsa_004__sample_007,0.4772377904556204,0.33905665949481417,0.13818113096080625
1jfkA_2nxqB,esm2,ShallowMsa_004,ShallowMsa_004__sample_008,0.46693954484736105,0.3299777026842344,0.13696184216312668
1jfkA_2nxqB,esm2,ShallowMsa_004,ShallowMsa_004__sample_009,0.4746925575287836,0.3451181380067844,0.12957441952199916
1jfkA_2nxqB,esm2,ShallowMsa_004,ShallowMsa_004__sample_010,0.4907427928969239,0.27355127872654217,0.21719151417038174
1jfkA_2nxqB,esm2,ShallowMsa_005,ShallowMsa_005__sample_001,0.3689173668455791,0.567255206164792,-0.1983378393192129
1jfkA_2nxqB,esm2,ShallowMsa_005,ShallowMsa_005__sample_002,0.49107692370318234,0.42133539812925463,0.06974152557392771
1jfkA_2nxqB,esm2,ShallowMsa_005,ShallowMsa_005__sample_003,0.44361704672849583,0.41238580896022026,0.031231237768275577
1jfkA_2nxqB,esm2,ShallowMsa_005,ShallowMsa_005__sample_004,0.4650113754061113,0.4094286531063368,0.05558272229977451
1jfkA_2nxqB,esm2,ShallowMsa_005,ShallowMsa_005__sample_005,0.4975516654490862,0.43225278002292333,0.06529888542616286
1jfkA_2nxqB,esm2,ShallowMsa_005,ShallowMsa_005__sample_006,0.49061627791455115,0.4219452760180977,0.06867100189645342
1jfkA_2nxqB,esm2,ShallowMsa_005,ShallowMsa_005__sample_007,0.49846461326639313,0.43183361153340166,0.06663100173299147
1jfkA_2nxqB,esm2,ShallowMsa_005,ShallowMsa_005__sample_008,0.3956701418167558,0.4354374573563175,-0.0397673155395617
1jfkA_2nxqB,esm2,ShallowMsa_005,ShallowMsa_005__sample_009,0.45122540553392093,0.3292431995298525,0.12198220600406845
1jfkA_2nxqB,esm2,ShallowMsa_005,ShallowMsa_005__sample_010,0.45044378104452437,0.4358546695791876,0.014589111465336757
1jfkA_2nxqB,esm2,ShallowMsa_006,ShallowMsa_006__sample_001,0.3689173668455791,0.567255206164792,-0.1983378393192129
1jfkA_2nxqB,esm2,ShallowMsa_006,ShallowMsa_006__sample_002,0.5002188544673557,0.4188277999097885,0.08139105455756718
1jfkA_2nxqB,esm2,ShallowMsa_006,ShallowMsa_006__sample_003,0.4815992432637977,0.3144732034013088,0.16712603986248892
1jfkA_2nxqB,esm2,ShallowMsa_006,ShallowMsa_006__sample_004,0.43563186300141227,0.2852578759326668,0.15037398706874544
1jfkA_2nxqB,esm2,ShallowMsa_006,ShallowMsa_006__sample_005,0.461809324916791,0.4153555281896673,0.046453796727123686
1jfkA_2nxqB,esm2,ShallowMsa_006,ShallowMsa_006__sample_006,0.4199414398673918,0.4135304420066516,0.006410997860740175
1jfkA_2nxqB,esm2,ShallowMsa_006,ShallowMsa_006__sample_007,0.4041042323938028,0.32200233746824053,0.08210189492556225
1jfkA_2nxqB,esm2,ShallowMsa_006,ShallowMsa_006__sample_008,0.5164396944951266,0.40591988368234344,0.11051981081278317
1jfkA_2nxqB,esm2,ShallowMsa_006,ShallowMsa_006__sample_009,0.46667426390529504,0.32320428470490653,0.1434699792003885
1jfkA_2nxqB,esm2,ShallowMsa_006,ShallowMsa_006__sample_010,0.5140809634619945,0.41194830078543154,0.10213266267656296
1jfkA_2nxqB,esm2,ShallowMsa_007,ShallowMsa_007__sample_001,0.3689173668455791,0.567255206164792,-0.1983378393192129
1jfkA_2nxqB,esm2,ShallowMsa_007,ShallowMsa_007__sample_002,0.4936952929352139,0.4068359140684405,0.08685937886677342
1jfkA_2nxqB,esm2,ShallowMsa_007,ShallowMsa_007__sample_003,0.49554508393665664,0.40974009960819135,0.08580498432846528
1jfkA_2nxqB,esm2,ShallowMsa_007,ShallowMsa_007__sample_004,0.4956969905648637,0.3849434983534354,0.11075349221142833
1jfkA_2nxqB,esm2,ShallowMsa_007,ShallowMsa_007__sample_005,0.49173126720039284,0.40239226928331856,0.08933899791707428
1jfkA_2nxqB,esm2,ShallowMsa_007,ShallowMsa_007__sample_006,0.4662809609694799,0.40181320758111566,0.06446775338836425
1jfkA_2nxqB,esm2,ShallowMsa_007,ShallowMsa_007__sample_007,0.438921034974592,0.29292812481123665,0.14599291016335536
1jfkA_2nxqB,esm2,ShallowMsa_007,ShallowMsa_007__sample_008,0.4942108384192863,0.4015611680942911,0.09264967032499521
1jfkA_2nxqB,esm2,ShallowMsa_007,ShallowMsa_007__sample_009,0.41497512733071196,0.4074850363276725,0.007490091003039434
1jfkA_2nxqB,esm2,ShallowMsa_007,ShallowMsa_007__sample_010,0.48196605560332084,0.3786860071769326,0.10328004842638822
1jfkA_2nxqB,esm2,ShallowMsa_008,ShallowMsa_008__sample_001,0.3689173668455791,0.567255206164792,-0.1983378393192129
1jfkA_2nxqB,esm2,ShallowMsa_008,ShallowMsa_008__sample_002,0.48347705920987316,0.3811717327810791,0.10230532642879409
1jfkA_2nxqB,esm2,ShallowMsa_008,ShallowMsa_008__sample_003,0.4912007411984095,0.3722087480415931,0.11899199315681641
1jfkA_2nxqB,esm2,ShallowMsa_008,ShallowMsa_008__sample_004,0.5248492650046919,0.3221518276199422,0.20269743738474966
1jfkA_2nxqB,esm2,ShallowMsa_008,ShallowMsa_008__sample_005,0.5042792621096652,0.35449697702155475,0.14978228508811048
1jfkA_2nxqB,esm2,ShallowMsa_008,ShallowMsa_008__sample_006,0.496082852854088,0.43117353194649854,0.06490932090758944
1jfkA_2nxqB,esm2,ShallowMsa_008,ShallowMsa_008__sample_007,0.5088843311614903,0.38964842855875903,0.11923590260273131
1jfkA_2nxqB,esm2,ShallowMsa_008,ShallowMsa_008__sample_008,0.4490522210211843,0.3953799399472056,0.0536722810739787
1jfkA_2nxqB,esm2,ShallowMsa_008,ShallowMsa_008__sample_009,0.48070032486324826,0.3316569446589286,0.14904338020431968
1jfkA_2nxqB,esm2,ShallowMsa_008,ShallowMsa_008__sample_010,0.4556577879835021,0.4145777929552788,0.04107999502822329
1jfkA_2nxqB,esm2,ShallowMsa_009,ShallowMsa_009__sample_001,0.3689173668455791,0.567255206164792,-0.1983378393192129
1jfkA_2nxqB,esm2,ShallowMsa_009,ShallowMsa_009__sample_002,0.5016831384699121,0.31886124482170797,0.18282189364820411
1jfkA_2nxqB,esm2,ShallowMsa_009,ShallowMsa_009__sample_003,0.42622911078757203,0.3541798204701671,0.07204929031740492
1jfkA_2nxqB,esm2,ShallowMsa_009,ShallowMsa_009__sample_004,0.4345994889395102,0.3532766534631028,0.08132283547640745
1jfkA_2nxqB,esm2,ShallowMsa_009,ShallowMsa_009__sample_005,0.4246814986362599,0.32756358387288226,0.09711791476337767
1jfkA_2nxqB,esm2,ShallowMsa_009,ShallowMsa_009__sample_006,0.48796900481473743,0.2991072655780099,0.18886173923672755
1jfkA_2nxqB,esm2,ShallowMsa_009,ShallowMsa_009__sample_007,0.3985451371725599,0.4166449042266928,-0.01809976705413291
1jfkA_2nxqB,esm2,ShallowMsa_009,ShallowMsa_009__sample_008,0.46889024976414045,0.4342760758876457,0.034614173876494736
1jfkA_2nxqB,esm2,ShallowMsa_009,ShallowMsa_009__sample_009,0.4603027995853558,0.3301583648312221,0.13014443475413373
1jfkA_2nxqB,esm2,ShallowMsa_009,ShallowMsa_009__sample_010,0.3916520372633393,0.4146821047240683,-0.023030067460728998
1jfkA_2nxqB,esm2,ShallowMsa_010,ShallowMsa_010__sample_001,0.3689173668455791,0.567255206164792,-0.1983378393192129
1jfkA_2nxqB,esm2,ShallowMsa_010,ShallowMsa_010__sample_002,0.5324178395951235,0.3168356746958194,0.21558216489930404
1jfkA_2nxqB,esm2,ShallowMsa_010,ShallowMsa_010__sample_003,0.47310441859453417,0.38545110839621305,0.08765331019832112
1jfkA_2nxqB,esm2,ShallowMsa_010,ShallowMsa_010__sample_004,0.47238248421159656,0.39076680162962873,0.08161568258196783
1jfkA_2nxqB,esm2,ShallowMsa_010,ShallowMsa_010__sample_005,0.47752438726011953,0.4169649467868214,0.06055944047329814
1jfkA_2nxqB,esm2,ShallowMsa_010,ShallowMsa_010__sample_006,0.47752438726011953,0.4169649467868214,0.06055944047329814
1jfkA_2nxqB,esm2,ShallowMsa_010,ShallowMsa_010__sample_007,0.47903387212428955,0.3946515189151736,0.08438235320911597
1jfkA_2nxqB,esm2,ShallowMsa_010,ShallowMsa_010__sample_008,0.4799398816064891,0.4212533175554966,0.058686564050992485
1jfkA_2nxqB,esm2,ShallowMsa_010,ShallowMsa_010__sample_009,0.47821809436845647,0.4176619606572644,0.06055613371119206
1jfkA_2nxqB,esm2,ShallowMsa_010,ShallowMsa_010__sample_010,0.47652858857499036,0.339650783790524,0.13687780478446637
1jfkA_2nxqB,esm2,ShallowMsa_011,ShallowMsa_011__sample_001,0.3689173668455791,0.567255206164792,-0.1983378393192129
1jfkA_2nxqB,esm2,ShallowMsa_011,ShallowMsa_011__sample_002,0.47960315861957514,0.40928957227387436,0.07031358634570078
1jfkA_2nxqB,esm2,ShallowMsa_011,ShallowMsa_011__sample_003,0.4783564211085681,0.4232929337311426,0.0550634873774255
1jfkA_2nxqB,esm2,ShallowMsa_011,ShallowMsa_011__sample_004,0.5131938362320126,0.263572043947366,0.24962179228464665
1jfkA_2nxqB,esm2,ShallowMsa_011,ShallowMsa_011__sample_005,0.47014249091623567,0.42788765629051473,0.04225483462572094
1jfkA_2nxqB,esm2,ShallowMsa_011,ShallowMsa_011__sample_006,0.505898989599849,0.29363580495993824,0.21226318463991078
1jfkA_2nxqB,esm2,ShallowMsa_011,ShallowMsa_011__sample_007,0.5033479311012519,0.28543118666620193,0.21791674443504994
1jfkA_2nxqB,esm2,ShallowMsa_011,ShallowMsa_011__sample_008,0.48175272392815,0.4247954824976642,0.056957241430485805
1jfkA_2nxqB,esm2,ShallowMsa_011,ShallowMsa_011__sample_009,0.43264336717627616,0.3396993668875317,0.09294400028874444
1jfkA_2nxqB,esm2,ShallowMsa_011,ShallowMsa_011__sample_010,0.48079781165319235,0.4307837085659715,0.050014103087220874
1jfkA_2nxqB,esm2,ShallowMsa_012,ShallowMsa_012__sample_001,0.3689173668455791,0.567255206164792,-0.1983378393192129
1jfkA_2nxqB,esm2,ShallowMsa_012,ShallowMsa_012__sample_002,0.5205704528293178,0.33671041000697544,0.18386004282234236
1jfkA_2nxqB,esm2,ShallowMsa_012,ShallowMsa_012__sample_003,0.4677667603758967,0.3009830946709396,0.16678366570495712
1jfkA_2nxqB,esm2,ShallowMsa_012,ShallowMsa_012__sample_004,0.490623039901586,0.30241065267737777,0.18821238722420824
1jfkA_2nxqB,esm2,ShallowMsa_012,ShallowMsa_012__sample_005,0.5151293973647024,0.29696064709069425,0.21816875027400817
1jfkA_2nxqB,esm2,ShallowMsa_012,ShallowMsa_012__sample_006,0.4495313069832245,0.3379031477062478,0.11162815927697672
1jfkA_2nxqB,esm2,ShallowMsa_012,ShallowMsa_012__sample_007,0.49121999590128135,0.428037516976254,0.06318247892502737
1jfkA_2nxqB,esm2,ShallowMsa_012,ShallowMsa_012__sample_008,0.43880837577318094,0.41715138980067334,0.021656985972507592
1jfkA_2nxqB,esm2,ShallowMsa_012,ShallowMsa_012__sample_009,0.4793950754993694,0.4306971625063637,0.04869791299300569
1jfkA_2nxqB,esm2,ShallowMsa_012,ShallowMsa_012__sample_010,0.49319488655606997,0.43574050154788607,0.057454385008183895
1jfkA_2nxqB,esm2,ShallowMsa_013,ShallowMsa_013__sample_001,0.3689173668455791,0.567255206164792,-0.1983378393192129
1jfkA_2nxqB,esm2,ShallowMsa_013,ShallowMsa_013__sample_002,0.4730483594625223,0.35436835693988095,0.11868000252264138
1jfkA_2nxqB,esm2,ShallowMsa_013,ShallowMsa_013__sample_003,0.4783802456862716,0.4267146337088295,0.05166561197744207
1jfkA_2nxqB,esm2,ShallowMsa_013,ShallowMsa_013__sample_004,0.47374751618863425,0.3210144263693271,0.15273308981930717
1jfkA_2nxqB,esm2,ShallowMsa_013,ShallowMsa_013__sample_005,0.4816348076610298,0.4129275230782127,0.06870728458281711
1jfkA_2nxqB,esm2,ShallowMsa_013,ShallowMsa_013__sample_006,0.4978072992266969,0.30920367731012705,0.18860362191656987
1jfkA_2nxqB,esm2,ShallowMsa_013,ShallowMsa_013__sample_007,0.5059209415812805,0.4003586144280536,0.10556232715322694
1jfkA_2nxqB,esm2,ShallowMsa_013,ShallowMsa_013__sample_008,0.4795662682274482,0.29395149431478157,0.18561477391266662
1jfkA_2nxqB,esm2,ShallowMsa_013,ShallowMsa_013__sample_009,0.4748435145070494,0.40569728408609934,0.06914623042095008
1jfkA_2nxqB,esm2,ShallowMsa_013,ShallowMsa_013__sample_010,0.47475442260014333,0.4061652833476827,0.06858913925246063
1jfkA_2nxqB,esm2,ShallowMsa_014,ShallowMsa_014__sample_001,0.3689173668455791,0.567255206164792,-0.1983378393192129
1jfkA_2nxqB,esm2,ShallowMsa_014,ShallowMsa_014__sample_002,0.47771737451337876,0.44921143262454755,0.02850594188883121
1jfkA_2nxqB,esm2,ShallowMsa_014,ShallowMsa_014__sample_003,0.5120018763492892,0.3575230827643353,0.15447879358495387
1jfkA_2nxqB,esm2,ShallowMsa_014,ShallowMsa_014__sample_004,0.517026490129333,0.3549457033716915,0.16208078675764148
1jfkA_2nxqB,esm2,ShallowMsa_014,ShallowMsa_014__sample_005,0.510420811907839,0.433518556950222,0.07690225495761693
1jfkA_2nxqB,esm2,ShallowMsa_014,ShallowMsa_014__sample_006,0.4623333524935779,0.31923971206026946,0.1430936404333084
1jfkA_2nxqB,esm2,ShallowMsa_014,ShallowMsa_014__sample_007,0.5049582166560692,0.43449032359382406,0.07046789306224516
1jfkA_2nxqB,esm2,ShallowMsa_014,ShallowMsa_014__sample_008,0.5055321412747456,0.3066339809934236,0.19889816028132196
1jfkA_2nxqB,esm2,ShallowMsa_014,ShallowMsa_014__sample_009,0.47242205170446305,0.3467146719269997,0.12570737977746338
1jfkA_2nxqB,esm2,ShallowMsa_014,ShallowMsa_014__sample_010,0.49685963555680424,0.4192524931978799,0.07760714235892435
1jfkA_2nxqB,esm2,ShallowMsa_015,ShallowMsa_015__sample_001,0.3689173668455791,0.567255206164792,-0.1983378393192129
1jfkA_2nxqB,esm2,ShallowMsa_015,ShallowMsa_015__sample_002,0.4766620582300279,0.4126912368879196,0.0639708213421083
1jfkA_2nxqB,esm2,ShallowMsa_015,ShallowMsa_015__sample_003,0.5211748922136584,0.348139583616589,0.17303530859706945
1jfkA_2nxqB,esm2,ShallowMsa_015,ShallowMsa_015__sample_004,0.47296982454065306,0.4093758458588457,0.06359397868180738
1jfkA_2nxqB,esm2,ShallowMsa_015,ShallowMsa_015__sample_005,0.4951138765990182,0.4246981059288029,0.07041577067021526
1jfkA_2nxqB,esm2,ShallowMsa_015,ShallowMsa_015__sample_006,0.45694194557884743,0.41920796253336423,0.0377339830454832
1jfkA_2nxqB,esm2,ShallowMsa_015,ShallowMsa_015__sample_007,0.4811201055433426,0.42498941067536117,0.056130694867981445
1jfkA_2nxqB,esm2,ShallowMsa_015,ShallowMsa_015__sample_008,0.47109863596272783,0.4092269027235931,0.06187173323913475
1jfkA_2nxqB,esm2,ShallowMsa_015,ShallowMsa_015__sample_009,0.46526433291016867,0.3473800246860257,0.11788430822414298
1jfkA_2nxqB,esm2,ShallowMsa_015,ShallowMsa_015__sample_010,0.46884700610785335,0.4150604962762029,0.05378650983165045
1jfkA_2nxqB,esm2,ShallowMsa_016,ShallowMsa_016__sample_001,0.3689173668455791,0.567255206164792,-0.1983378393192129
1jfkA_2nxqB,esm2,ShallowMsa_016,ShallowMsa_016__sample_002,0.4565444780276981,0.42080488386986625,0.035739594157831844
1jfkA_2nxqB,esm2,ShallowMsa_016,ShallowMsa_016__sample_003,0.44184529523908495,0.41555597818267653,0.026289317056408412
1jfkA_2nxqB,esm2,ShallowMsa_016,ShallowMsa_016__sample_004,0.47544832579188057,0.4219258385008803,0.05352248729100029
1jfkA_2nxqB,esm2,ShallowMsa_016,ShallowMsa_016__sample_005,0.4684096011082713,0.4210312489812898,0.04737835212698149
1jfkA_2nxqB,esm2,ShallowMsa_016,ShallowMsa_016__sample_006,0.47722270648042886,0.38049589659558447,0.09672680988484439
1jfkA_2nxqB,esm2,ShallowMsa_016,ShallowMsa_016__sample_007,0.45927628792117936,0.3789074134299749,0.08036887449120445
1jfkA_2nxqB,esm2,ShallowMsa_016,ShallowMsa_016__sample_008,0.45927628792117936,0.3789074134299749,0.08036887449120445
1jfkA_2nxqB,esm2,ShallowMsa_016,ShallowMsa_016__sample_009,0.4596557607180478,0.4097386747172103,0.049917086000837496
1jfkA_2nxqB,esm2,ShallowMsa_016,ShallowMsa_016__sample_010,0.46901966658874,0.3796002624424255,0.0894194041463145
1jfkA_2nxqB,esm2,ShallowMsa_017,ShallowMsa_017__sample_001,0.3689173668455791,0.567255206164792,-0.1983378393192129
1jfkA_2nxqB,esm2,ShallowMsa_017,ShallowMsa_017__sample_002,0.4849978116880722,0.4405429104592223,0.04445490122884993
1jfkA_2nxqB,esm2,ShallowMsa_017,ShallowMsa_017__sample_003,0.48440705242209925,0.4254093229632415,0.05899772945885773
1jfkA_2nxqB,esm2,ShallowMsa_017,ShallowMsa_017__sample_004,0.4454850880761251,0.3415692159869083,0.10391587208921677
1jfkA_2nxqB,esm2,ShallowMsa_017,ShallowMsa_017__sample_005,0.4773550174761645,0.42001742133550685,0.05733759614065764
1jfkA_2nxqB,esm2,ShallowMsa_017,ShallowMsa_017__sample_006,0.45111868786293496,0.36804042600262393,0.08307826186031103
1jfkA_2nxqB,esm2,ShallowMsa_017,ShallowMsa_017__sample_007,0.4898699398101195,0.4304984377502232,0.05937150205989633
1jfkA_2nxqB,esm2,ShallowMsa_017,ShallowMsa_017__sample_008,0.4880543101757276,0.4269039746486099,0.06115033552711768
1jfkA_2nxqB,esm2,ShallowMsa_017,ShallowMsa_017__sample_009,0.45067728227315423,0.42226994779287824,0.028407334480275992
1jfkA_2nxqB,esm2,ShallowMsa_017,ShallowMsa_017__sample_010,0.48647421461500584,0.43480136194229935,0.05167285267270649
1jfkA_2nxqB,esm2,ShallowMsa_018,ShallowMsa_018__sample_001,0.3689173668455791,0.567255206164792,-0.1983378393192129
1jfkA_2nxqB,esm2,ShallowMsa_018,ShallowMsa_018__sample_002,0.4726274069527773,0.42505524746170403,0.04757215949107324
1jfkA_2nxqB,esm2,ShallowMsa_018,ShallowMsa_018__sample_003,0.48731084848950085,0.42430215779953456,0.06300869068996628
1jfkA_2nxqB,esm2,ShallowMsa_018,ShallowMsa_018__sample_004,0.47559526930606844,0.42845965825799853,0.0471356110480699
1jfkA_2nxqB,esm2,ShallowMsa_018,ShallowMsa_018__sample_005,0.4409518352301643,0.406339709107775,0.034612126122389286
1jfkA_2nxqB,esm2,ShallowMsa_018,ShallowMsa_018__sample_006,0.47378074321847313,0.42556543337197955,0.04821530984649358
1jfkA_2nxqB,esm2,ShallowMsa_018,ShallowMsa_018__sample_007,0.48562389766759617,0.4231444804512122,0.06247941721638395
1jfkA_2nxqB,esm2,ShallowMsa_018,ShallowMsa_018__sample_008,0.4584019936508792,0.34714361932434706,0.11125837432653213
1jfkA_2nxqB,esm2,ShallowMsa_018,ShallowMsa_018__sample_009,0.46603963701772044,0.42256577209306856,0.043473864924651884
1jfkA_2nxqB,esm2,ShallowMsa_018,ShallowMsa_018__sample_010,0.47369621134075457,0.42294315795007664,0.05075305339067793
1jfkA_2nxqB,esm2,ShallowMsa_019,ShallowMsa_019__sample_001,0.3689173668455791,0.567255206164792,-0.1983378393192129
1jfkA_2nxqB,esm2,ShallowMsa_019,ShallowMsa_019__sample_002,0.4336815424836632,0.42137099564125524,0.012310546842407954
1jfkA_2nxqB,esm2,ShallowMsa_019,ShallowMsa_019__sample_003,0.4094393493977151,0.4380518104187049,-0.0286124610209898
1jfkA_2nxqB,esm2,ShallowMsa_019,ShallowMsa_019__sample_004,0.4198284940195625,0.4375074092731797,-0.0176789152536172
1jfkA_2nxqB,esm2,ShallowMsa_019,ShallowMsa_019__sample_005,0.42558308937411016,0.3144112632825221,0.11117182609158804
1jfkA_2nxqB,esm2,ShallowMsa_019,ShallowMsa_019__sample_006,0.4597297455583532,0.28975868724270576,0.16997105831564746
1jfkA_2nxqB,esm2,ShallowMsa_019,ShallowMsa_019__sample_007,0.5107531327122375,0.3885810625351929,0.12217207017704462
1jfkA_2nxqB,esm2,ShallowMsa_019,ShallowMsa_019__sample_008,0.4474073228434153,0.4365405205015636,0.010866802341851667
1jfkA_2nxqB,esm2,ShallowMsa_019,ShallowMsa_019__sample_009,0.4088661768447424,0.4363958119499848,-0.027529635105242367
1jfkA_2nxqB,esm2,ShallowMsa_019,ShallowMsa_019__sample_010,0.48538491043328913,0.4281169150159844,0.05726799541730471
1jfkA_2nxqB,esm2,ShallowMsa_020,ShallowMsa_020__sample_001,0.3689173668455791,0.567255206164792,-0.1983378393192129
1jfkA_2nxqB,esm2,ShallowMsa_020,ShallowMsa_020__sample_002,0.47870364864270276,0.4138236898241505,0.06487995881855224
1jfkA_2nxqB,esm2,ShallowMsa_020,ShallowMsa_020__sample_003,0.4856961258972301,0.41315128725978467,0.07254483863744543
1jfkA_2nxqB,esm2,ShallowMsa_020,ShallowMsa_020__sample_004,0.48589651960708297,0.41108633957867746,0.0748101800284055
1jfkA_2nxqB,esm2,ShallowMsa_020,ShallowMsa_020__sample_005,0.4862946169620135,0.41256697704298817,0.07372763991902531
1jfkA_2nxqB,esm2,ShallowMsa_020,ShallowMsa_020__sample_006,0.43128553136168707,0.4048343897683979,0.02645114159328915
1jfkA_2nxqB,esm2,ShallowMsa_020,ShallowMsa_020__sample_007,0.5157467141654375,0.4143121241602801,0.10143459000515737
1jfkA_2nxqB,esm2,ShallowMsa_020,ShallowMsa_020__sample_008,0.43128553136168707,0.4048343897683979,0.02645114159328915
1jfkA_2nxqB,esm2,ShallowMsa_020,ShallowMsa_020__sample_009,0.47490313939148787,0.4173836050809368,0.05751953431055107
1jfkA_2nxqB,esm2,ShallowMsa_020,ShallowMsa_020__sample_010,0.47761617415446544,0.41960096209183234,0.058015212062633104
1jfkA_2nxqB,esm2,ShallowMsa_021,ShallowMsa_021__sample_001,0.3689173668455791,0.567255206164792,-0.1983378393192129
1jfkA_2nxqB,esm2,ShallowMsa_021,ShallowMsa_021__sample_002,0.4331229878595868,0.41230946449949857,0.020813523360088237
1jfkA_2nxqB,esm2,ShallowMsa_021,ShallowMsa_021__sample_003,0.4925462439406877,0.42860871409711654,0.06393752984357115
1jfkA_2nxqB,esm2,ShallowMsa_021,ShallowMsa_021__sample_004,0.46997137008797657,0.3895807485403905,0.08039062154758608
1jfkA_2nxqB,esm2,ShallowMsa_021,ShallowMsa_021__sample_005,0.4694796298099944,0.4320110413222289,0.03746858848776552
1jfkA_2nxqB,esm2,ShallowMsa_021,ShallowMsa_021__sample_006,0.4990340880352494,0.3904604582110701,0.10857362982417929
1jfkA_2nxqB,esm2,ShallowMsa_021,ShallowMsa_021__sample_007,0.5129896260405279,0.409426958590923,0.1035626674496049
1jfkA_2nxqB,esm2,ShallowMsa_021,ShallowMsa_021__sample_008,0.4926388646544523,0.4136553136653128,0.0789835509891395
1jfkA_2nxqB,esm2,ShallowMsa_021,ShallowMsa_021__sample_009,0.4215233460607514,0.4355845142835863,-0.014061168222834874
1jfkA_2nxqB,esm2,ShallowMsa_021,ShallowMsa_021__sample_010,0.4779740433581736,0.42117615461686303,0.05679788874131059
1jfkA_2nxqB,esm2,ShallowMsa_022,ShallowMsa_022__sample_001,0.3689173668455791,0.567255206164792,-0.1983378393192129
1jfkA_2nxqB,esm2,ShallowMsa_022,ShallowMsa_022__sample_002,0.4936686406218559,0.3981691039022749,0.095499536719581
1jfkA_2nxqB,esm2,ShallowMsa_022,ShallowMsa_022__sample_003,0.3973643347585638,0.41648813702136234,-0.019123802262798528
1jfkA_2nxqB,esm2,ShallowMsa_022,ShallowMsa_022__sample_004,0.5057376937988689,0.39111476408780704,0.11462292971106186
1jfkA_2nxqB,esm2,ShallowMsa_022,ShallowMsa_022__sample_005,0.4875960411646639,0.42691117681078694,0.06068486435387693
1jfkA_2nxqB,esm2,ShallowMsa_022,ShallowMsa_022__sample_006,0.5024790416867243,0.4304065628194128,0.0720724788673115
1jfkA_2nxqB,esm2,ShallowMsa_022,ShallowMsa_022__sample_007,0.449706687435115,0.364937613767427,0.08476907366768799
1jfkA_2nxqB,esm2,ShallowMsa_022,ShallowMsa_022__sample_008,0.4406912650469598,0.3088722731137529,0.1318189919332069
1jfkA_2nxqB,esm2,ShallowMsa_022,ShallowMsa_022__sample_009,0.5015655152128962,0.43230113603086456,0.0692643791820316
1jfkA_2nxqB,esm2,ShallowMsa_022,ShallowMsa_022__sample_010,0.49223200332798256,0.39719716596284343,0.09503483736513912
1jfkA_2nxqB,esm2,ShallowMsa_023,ShallowMsa_023__sample_001,0.3689173668455791,0.567255206164792,-0.1983378393192129
1jfkA_2nxqB,esm2,ShallowMsa_023,ShallowMsa_023__sample_002,0.46411864499448424,0.4209565889891034,0.04316205600538087
1jfkA_2nxqB,esm2,ShallowMsa_023,ShallowMsa_023__sample_003,0.45688629978740014,0.4326842300276097,0.024202069759790446
1jfkA_2nxqB,esm2,ShallowMsa_023,ShallowMsa_023__sample_004,0.46277959303837185,0.42142530318391236,0.04135428985445949
1jfkA_2nxqB,esm2,ShallowMsa_023,ShallowMsa_023__sample_005,0.49619050224713857,0.42355471759560326,0.0726357846515353
1jfkA_2nxqB,esm2,ShallowMsa_023,ShallowMsa_023__sample_006,0.500596133545884,0.41888857392959444,0.0817075596162895
1jfkA_2nxqB,esm2,ShallowMsa_023,ShallowMsa_023__sample_007,0.49407827591260645,0.42714056108467313,0.06693771482793331
1jfkA_2nxqB,esm2,ShallowMsa_023,ShallowMsa_023__sample_008,0.49824426778809155,0.43102426499177116,0.0672200027963204
1jfkA_2nxqB,esm2,ShallowMsa_023,ShallowMsa_023__sample_009,0.4961546996735351,0.42381580683191683,0.07233889284161826
1jfkA_2nxqB,esm2,ShallowMsa_023,ShallowMsa_023__sample_010,0.48461617943387764,0.4142721436136284,0.07034403582024923
1jfkA_2nxqB,esm2,ShallowMsa_024,ShallowMsa_024__sample_001,0.3689173668455791,0.567255206164792,-0.1983378393192129
1jfkA_2nxqB,esm2,ShallowMsa_024,ShallowMsa_024__sample_002,0.47035346201299266,0.41722582378521517,0.053127638227777496
1jfkA_2nxqB,esm2,ShallowMsa_024,ShallowMsa_024__sample_003,0.4896055011218729,0.39228249564226503,0.09732300547960787
1jfkA_2nxqB,esm2,ShallowMsa_024,ShallowMsa_024__sample_004,0.4703818090915698,0.4165478989053142,0.05383391018625561
1jfkA_2nxqB,esm2,ShallowMsa_024,ShallowMsa_024__sample_005,0.445318086132537,0.4323880626862434,0.01293002344629357
1jfkA_2nxqB,esm2,ShallowMsa_024,ShallowMsa_024__sample_006,0.4783229091433746,0.4172291155276889,0.06109379361568573
1jfkA_2nxqB,esm2,ShallowMsa_024,ShallowMsa_024__sample_007,0.4820565897513782,0.42637264436374656,0.05568394538763166
1jfkA_2nxqB,esm2,ShallowMsa_024,ShallowMsa_024__sample_008,0.45659443243559344,0.3674973270434651,0.08909710539212834
1jfkA_2nxqB,esm2,ShallowMsa_024,ShallowMsa_024__sample_009,0.49476797888958696,0.4309969919524382,0.06377098693714878
1jfkA_2nxqB,esm2,ShallowMsa_024,ShallowMsa_024__sample_010,0.44057584043343806,0.3647944624360352,0.07578137799740287
1jfkA_2nxqB,esm2,ShallowMsa_025,ShallowMsa_025__sample_001,0.3689173668455791,0.567255206164792,-0.1983378393192129
1jfkA_2nxqB,esm2,ShallowMsa_025,ShallowMsa_025__sample_002,0.485958737936747,0.42744672629687713,0.058512011639869854
1jfkA_2nxqB,esm2,ShallowMsa_025,ShallowMsa_025__sample_003,0.4892516387712508,0.4045879551589557,0.0846636836122951
1jfkA_2nxqB,esm2,ShallowMsa_025,ShallowMsa_025__sample_004,0.4816460267667971,0.4302047789542599,0.05144124781253717
1jfkA_2nxqB,esm2,ShallowMsa_025,ShallowMsa_025__sample_005,0.44236399587605985,0.4303518262015556,0.012012169674504247
1jfkA_2nxqB,esm2,ShallowMsa_025,ShallowMsa_025__sample_006,0.48231100856898756,0.4299163896727319,0.052394618896255685
1jfkA_2nxqB,esm2,ShallowMsa_025,ShallowMsa_025__sample_007,0.45806212441537025,0.37114704080184974,0.08691508361352052
1jfkA_2nxqB,esm2,ShallowMsa_025,ShallowMsa_025__sample_008,0.4902796699973249,0.40648683186024137,0.08379283813708355
1jfkA_2nxqB,esm2,ShallowMsa_025,ShallowMsa_025__sample_009,0.49577438302457955,0.3952550268772146,0.10051935614736496
1jfkA_2nxqB,esm2,ShallowMsa_025,ShallowMsa_025__sample_010,0.47937211028398463,0.42250360754075755,0.05686850274322708
1jfkA_2nxqB,esm2,ShallowMsa_026,ShallowMsa_026__sample_001,0.3689173668455791,0.567255206164792,-0.1983378393192129
1jfkA_2nxqB,esm2,ShallowMsa_026,ShallowMsa_026__sample_002,0.4703115520955781,0.4089930986747909,0.06131845342078723
1jfkA_2nxqB,esm2,ShallowMsa_026,ShallowMsa_026__sample_003,0.4604925592855174,0.39398455929483256,0.06650799999068485
1jfkA_2nxqB,esm2,ShallowMsa_026,ShallowMsa_026__sample_004,0.4742458809636058,0.4039277329178973,0.07031814804570852
1jfkA_2nxqB,esm2,ShallowMsa_026,ShallowMsa_026__sample_005,0.4582003039708274,0.4056509736569657,0.05254933031386172
1jfkA_2nxqB,esm2,ShallowMsa_026,ShallowMsa_026__sample_006,0.48481748723770207,0.4128867377114545,0.07193074952624756
1jfkA_2nxqB,esm2,ShallowMsa_026,ShallowMsa_026__sample_007,0.4546835966251963,0.4142756803391018,0.040407916286094525
1jfkA_2nxqB,esm2,ShallowMsa_026,ShallowMsa_026__sample_008,0.5018816874962547,0.3512853913767131,0.15059629611954162
1jfkA_2nxqB,esm2,ShallowMsa_026,ShallowMsa_026__sample_009,0.42152054553185714,0.4145123826758711,0.007008162855986044
1jfkA_2nxqB,esm2,ShallowMsa_026,ShallowMsa_026__sample_010,0.4595581563241643,0.4227551607515056,0.0368029955726587
1jfkA_2nxqB,esm2,ShallowMsa_027,ShallowMsa_027__sample_001,0.3689173668455791,0.567255206164792,-0.1983378393192129
1jfkA_2nxqB,esm2,ShallowMsa_027,ShallowMsa_027__sample_002,0.4821579698858588,0.41406357132546645,0.06809439856039234
1jfkA_2nxqB,esm2,ShallowMsa_027,ShallowMsa_027__sample_003,0.48616698139060704,0.41260126790908525,0.0735657134815218
1jfkA_2nxqB,esm2,ShallowMsa_027,ShallowMsa_027__sample_004,0.48074156868659146,0.4281852805895021,0.05255628809708934
1jfkA_2nxqB,esm2,ShallowMsa_027,ShallowMsa_027__sample_005,0.4683392367959671,0.42609985887523655,0.04223937792073057
1jfkA_2nxqB,esm2,ShallowMsa_027,ShallowMsa_027__sample_006,0.4711933569600149,0.4225991528551802,0.048594204104834726
1jfkA_2nxqB,esm2,ShallowMsa_027,ShallowMsa_027__sample_007,0.4846920376348239,0.4356235932554609,0.049068444379362974
1jfkA_2nxqB,esm2,ShallowMsa_027,ShallowMsa_027__sample_008,0.48450501688119024,0.42441852822442677,0.06008648865676347
1jfkA_2nxqB,esm2,ShallowMsa_027,ShallowMsa_027__sample_009,0.48507250001522434,0.4319446372917113,0.05312786272351305
1jfkA_2nxqB,esm2,ShallowMsa_027,ShallowMsa_027__sample_010,0.4763850816601579,0.40380934220661324,0.07257573945354467
1jfkA_2nxqB,esm2,ShallowMsa_028,ShallowMsa_028__sample_001,0.3689173668455791,0.567255206164792,-0.1983378393192129
1jfkA_2nxqB,esm2,ShallowMsa_028,ShallowMsa_028__sample_002,0.4621672021762929,0.4213295173762832,0.04083768480000971
1jfkA_2nxqB,esm2,ShallowMsa_028,ShallowMsa_028__sample_003,0.4810069892397356,0.3987035756469257,0.0823034135928099
1jfkA_2nxqB,esm2,ShallowMsa_028,ShallowMsa_028__sample_004,0.48025907947017227,0.42556034169635076,0.054698737773821504
1jfkA_2nxqB,esm2,ShallowMsa_028,ShallowMsa_028__sample_005,0.4809468448223462,0.4081797492401867,0.07276709558215949
1jfkA_2nxqB,esm2,ShallowMsa_028,ShallowMsa_028__sample_006,0.4818726500900698,0.42908556802837866,0.05278708206169114
1jfkA_2nxqB,esm2,ShallowMsa_028,ShallowMsa_028__sample_007,0.4960560855393491,0.43919183388952693,0.05686425164982217
1jfkA_2nxqB,esm2,ShallowMsa_028,ShallowMsa_028__sample_008,0.46080575638086896,0.41622173016007175,0.04458402622079721
1jfkA_2nxqB,esm2,ShallowMsa_028,ShallowMsa_028__sample_009,0.4717965831897376,0.40582630282112314,0.06597028036861446
1jfkA_2nxqB,esm2,ShallowMsa_028,ShallowMsa_028__sample_010,0.48697706775036953,0.432263280880024,0.054713786870345504
1jfkA_2nxqB,esm2,ShallowMsa_029,ShallowMsa_029__sample_001,0.3689173668455791,0.567255206164792,-0.1983378393192129
1jfkA_2nxqB,esm2,ShallowMsa_029,ShallowMsa_029__sample_002,0.4782264479070248,0.40536605398203657,0.07286039392498822
1jfkA_2nxqB,esm2,ShallowMsa_029,ShallowMsa_029__sample_003,0.48493346863070835,0.4103090463741409,0.07462442225656746
1jfkA_2nxqB,esm2,ShallowMsa_029,ShallowMsa_029__sample_004,0.47593046473863637,0.40357404119367873,0.07235642354495764
1jfkA_2nxqB,esm2,ShallowMsa_029,ShallowMsa_029__sample_005,0.43356273160079856,0.42947631523563384,0.004086416365164713
1jfkA_2nxqB,esm2,ShallowMsa_029,ShallowMsa_029__sample_006,0.43141550776320475,0.33836651074080765,0.0930489970223971
1jfkA_2nxqB,esm2,ShallowMsa_029,ShallowMsa_029__sample_007,0.48086250367647687,0.41160849943468536,0.06925400424179151
1jfkA_2nxqB,esm2,ShallowMsa_029,ShallowMsa_029__sample_008,0.4305186085713936,0.4249186201519475,0.005599988419446145
1jfkA_2nxqB,esm2,ShallowMsa_029,ShallowMsa_029__sample_009,0.468502601571288,0.4116031600274502,0.0568994415438378
1jfkA_2nxqB,esm2,ShallowMsa_029,ShallowMsa_029__sample_010,0.45414101151023134,0.4243414599545432,0.029799551555688142
1jfkA_2nxqB,esm2,ShallowMsa_030,ShallowMsa_030__sample_001,0.3689173668455791,0.567255206164792,-0.1983378393192129
1jfkA_2nxqB,esm2,ShallowMsa_030,ShallowMsa_030__sample_002,0.48133370795643876,0.4219358624694756,0.05939784548696314
1jfkA_2nxqB,esm2,ShallowMsa_030,ShallowMsa_030__sample_003,0.4755160694714355,0.4142630205675216,0.061253048903913865
1jfkA_2nxqB,esm2,ShallowMsa_030,ShallowMsa_030__sample_004,0.4750769876727097,0.41181310532738397,0.06326388234532576
1jfkA_2nxqB,esm2,ShallowMsa_030,ShallowMsa_030__sample_005,0.47779878824008126,0.4123373107245572,0.06546147751552406
1jfkA_2nxqB,esm2,ShallowMsa_030,ShallowMsa_030__sample_006,0.4762397513803757,0.4153922502768784,0.06084750110349729
1jfkA_2nxqB,esm2,ShallowMsa_030,ShallowMsa_030__sample_007,0.47258464358777574,0.4131490235915358,0.05943561999623992
1jfkA_2nxqB,esm2,ShallowMsa_030,ShallowMsa_030__sample_008,0.4738427718382757,0.4188053407388821,0.05503743109939363
1jfkA_2nxqB,esm2,ShallowMsa_030,ShallowMsa_030__sample_009,0.48496736192316653,0.4216452409797446,0.06332212094342193
1jfkA_2nxqB,esm2,ShallowMsa_030,ShallowMsa_030__sample_010,0.475802498936504,0.4180502666909124,0.05775223224559162
1jfkA_2nxqB,esm2,ShallowMsa_031,ShallowMsa_031__sample_001,0.3689173668455791,0.567255206164792,-0.1983378393192129
1jfkA_2nxqB,esm2,ShallowMsa_031,ShallowMsa_031__sample_002,0.491985762806797,0.42837648656357163,0.06360927624322538
1jfkA_2nxqB,esm2,ShallowMsa_031,ShallowMsa_031__sample_003,0.49246914008380643,0.4275476678103781,0.06492147227342832
1jfkA_2nxqB,esm2,ShallowMsa_031,ShallowMsa_031__sample_004,0.47707180506296576,0.42306344545313906,0.054008359609826695
1jfkA_2nxqB,esm2,ShallowMsa_031,ShallowMsa_031__sample_005,0.4895825274544607,0.4277213038085571,0.061861223645903574
1jfkA_2nxqB,esm2,ShallowMsa_031,ShallowMsa_031__sample_006,0.4897661570070983,0.4268079978165904,0.0629581591905079
1jfkA_2nxqB,esm2,ShallowMsa_031,ShallowMsa_031__sample_007,0.4914663707520252,0.4254499758482146,0.06601639490381062
1jfkA_2nxqB,esm2,ShallowMsa_031,ShallowMsa_031__sample_008,0.4915784037397257,0.4303712908846888,0.06120711285503694
1jfkA_2nxqB,esm2,ShallowMsa_031,ShallowMsa_031__sample_009,0.4984511590878669,0.4456383269003849,0.052812832187482006
1jfkA_2nxqB,esm2,ShallowMsa_031,ShallowMsa_031__sample_010,0.4886514227652405,0.43591839896442663,0.05273302380081385
1jfkA_2nxqB,esm2,ShallowMsa_032,ShallowMsa_032__sample_001,0.3689173668455791,0.567255206164792,-0.1983378393192129
1jfkA_2nxqB,esm2,ShallowMsa_032,ShallowMsa_032__sample_002,0.45933171389445415,0.4105512498428086,0.048780464051645545
1jfkA_2nxqB,esm2,ShallowMsa_032,ShallowMsa_032__sample_003,0.46227443566164655,0.4123345547219638,0.04993988093968277
1jfkA_2nxqB,esm2,ShallowMsa_032,ShallowMsa_032__sample_004,0.4325559026507956,0.40310164865869985,0.029454253992095725
1jfkA_2nxqB,esm2,ShallowMsa_032,ShallowMsa_032__sample_005,0.4248710429723838,0.43868661362835754,-0.013815570655973719
1jfkA_2nxqB,esm2,ShallowMsa_032,ShallowMsa_032__sample_006,0.48401115722288035,0.3937299191946151,0.09028123802826526
1jfkA_2nxqB,esm2,ShallowMsa_032,ShallowMsa_032__sample_007,0.46189166902324663,0.4102468811616249,0.051644787861621744
1jfkA_2nxqB,esm2,ShallowMsa_032,ShallowMsa_032__sample_008,0.4293775998001845,0.41462607689199504,0.01475152290818943
1jfkA_2nxqB,esm2,ShallowMsa_032,ShallowMsa_032__sample_009,0.49388881902441106,0.3778163322590728,0.11607248676533827
1jfkA_2nxqB,esm2,ShallowMsa_032,ShallowMsa_032__sample_010,0.4950690432042209,0.38363233702303257,0.11143670618118834
1jfkA_2nxqB,esm2,ShallowMsa_033,ShallowMsa_033__sample_001,0.3689173668455791,0.567255206164792,-0.1983378393192129
1jfkA_2nxqB,esm2,ShallowMsa_033,ShallowMsa_033__sample_002,0.49333117538061394,0.42208718330161094,0.071243992079003
1jfkA_2nxqB,esm2,ShallowMsa_033,ShallowMsa_033__sample_003,0.4801897576883493,0.4275867340843324,0.05260302360401692
1jfkA_2nxqB,esm2,ShallowMsa_033,ShallowMsa_033__sample_004,0.49316751983634033,0.43033456014320526,0.06283295969313507
1jfkA_2nxqB,esm2,ShallowMsa_033,ShallowMsa_033__sample_005,0.4905142770875101,0.4197889926301796,0.0707252844573305
1jfkA_2nxqB,esm2,ShallowMsa_033,ShallowMsa_033__sample_006,0.4913604351658476,0.41918937686358515,0.07217105830226245
1jfkA_2nxqB,esm2,ShallowMsa_033,ShallowMsa_033__sample_007,0.4984093502068662,0.4216877222129447,0.07672162799392152
1jfkA_2nxqB,esm2,ShallowMsa_033,ShallowMsa_033__sample_008,0.44123482333472036,0.4268210109198691,0.014413812414851235
1jfkA_2nxqB,esm2,ShallowMsa_033,ShallowMsa_033__sample_009,0.49115533691640306,0.4186167205254715,0.07253861639093157
1jfkA_2nxqB,esm2,ShallowMsa_033,ShallowMsa_033__sample_010,0.4912388898267595,0.4232165945415619,0.0680222952851976
1jfkA_2nxqB,esm2,ShallowMsa_034,ShallowMsa_034__sample_001,0.3689173668455791,0.567255206164792,-0.1983378393192129
1jfkA_2nxqB,esm2,ShallowMsa_034,ShallowMsa_034__sample_002,0.48909199052872615,0.42549752991360146,0.06359446061512469
1jfkA_2nxqB,esm2,ShallowMsa_034,ShallowMsa_034__sample_003,0.48688795362464066,0.43444837513221896,0.0524395784924217
1jfkA_2nxqB,esm2,ShallowMsa_034,ShallowMsa_034__sample_004,0.469376086977285,0.4116622442280458,0.057713842749239186
1jfkA_2nxqB,esm2,ShallowMsa_034,ShallowMsa_034__sample_005,0.4872768819234819,0.416110957224558,0.07116592469892391
1jfkA_2nxqB,esm2,ShallowMsa_034,ShallowMsa_034__sample_006,0.4755799044984833,0.41539842806656907,0.06018147643191424
1jfkA_2nxqB,esm2,ShallowMsa_034,ShallowMsa_034__sample_007,0.4818924806106867,0.4332450647537272,0.048647415856959475
1jfkA_2nxqB,esm2,ShallowMsa_034,ShallowMsa_034__sample_008,0.4842114579719176,0.40549824459488804,0.07871321337702958
1jfkA_2nxqB,esm2,ShallowMsa_034,ShallowMsa_034__sample_009,0.4830848637013153,0.43245570667849026,0.050629157022825055
1jfkA_2nxqB,esm2,ShallowMsa_034,ShallowMsa_034__sample_010,0.4760418831325224,0.4123085447883351,0.06373333834418726
1jfkA_2nxqB,esm2,ShallowMsa_035,ShallowMsa_035__sample_001,0.3689173668455791,0.567255206164792,-0.1983378393192129
1jfkA_2nxqB,esm2,ShallowMsa_035,ShallowMsa_035__sample_002,0.47772152905691256,0.4224732887374015,0.05524824031951109
1jfkA_2nxqB,esm2,ShallowMsa_035,ShallowMsa_035__sample_003,0.47886692743752396,0.40876372979299613,0.07010319764452783
1jfkA_2nxqB,esm2,ShallowMsa_035,ShallowMsa_035__sample_004,0.4802211715802292,0.404136850503639,0.07608432107659019
1jfkA_2nxqB,esm2,ShallowMsa_035,ShallowMsa_035__sample_005,0.48021936926045616,0.40670450733367913,0.07351486192677703
1jfkA_2nxqB,esm2,ShallowMsa_035,ShallowMsa_035__sample_006,0.479827163369757,0.41983496013861904,0.059992203231137964
1jfkA_2nxqB,esm2,ShallowMsa_035,ShallowMsa_035__sample_007,0.4812795560488166,0.40817790716803537,0.07310164888078124
1jfkA_2nxqB,esm2,ShallowMsa_035,ShallowMsa_035__sample_008,0.48140667018673283,0.4275576831260814,0.05384898706065144
1jfkA_2nxqB,esm2,ShallowMsa_035,ShallowMsa_035__sample_009,0.4891883407789335,0.42017904174917114,0.06900929902976233
1jfkA_2nxqB,esm2,ShallowMsa_035,ShallowMsa_035__sample_010,0.4945800681719407,0.43344181150783306,0.06113825666410766
1jfkA_2nxqB,esm2,ShallowMsa_036,ShallowMsa_036__sample_001,0.3689173668455791,0.567255206164792,-0.1983378393192129
1jfkA_2nxqB,esm2,ShallowMsa_036,ShallowMsa_036__sample_002,0.49083133974412674,0.4333222116135808,0.05750912813054593
1jfkA_2nxqB,esm2,ShallowMsa_036,ShallowMsa_036__sample_003,0.49172845618121935,0.430410976614567,0.061317479566652344
1jfkA_2nxqB,esm2,ShallowMsa_036,ShallowMsa_036__sample_004,0.4774917821096145,0.402268807133457,0.07522297497615754
1jfkA_2nxqB,esm2,ShallowMsa_036,ShallowMsa_036__sample_005,0.4895517385037965,0.43083218053447064,0.058719557969325875
1jfkA_2nxqB,esm2,ShallowMsa_036,ShallowMsa_036__sample_006,0.4774917821096145,0.402268807133457,0.07522297497615754
1jfkA_2nxqB,esm2,ShallowMsa_036,ShallowMsa_036__sample_007,0.4830841014560094,0.423333276407865,0.059750825048144385
1jfkA_2nxqB,esm2,ShallowMsa_036,ShallowMsa_036__sample_008,0.48324482623893283,0.4306139130640318,0.05263091317490104
1jfkA_2nxqB,esm2,ShallowMsa_036,ShallowMsa_036__sample_009,0.49026904343658184,0.43317548507104064,0.0570935583655412
1jfkA_2nxqB,esm2,ShallowMsa_036,ShallowMsa_036__sample_010,0.4862780631835283,0.37458401605331454,0.11169404713021375
1jfkA_2nxqB,esm2,ShallowMsa_037,ShallowMsa_037__sample_001,0.3689173668455791,0.567255206164792,-0.1983378393192129
1jfkA_2nxqB,esm2,ShallowMsa_037,ShallowMsa_037__sample_002,0.47172063104424516,0.41933511597239964,0.05238551507184552
1jfkA_2nxqB,esm2,ShallowMsa_037,ShallowMsa_037__sample_003,0.4757391164716686,0.41845291587894273,0.05728620059272588
1jfkA_2nxqB,esm2,ShallowMsa_037,ShallowMsa_037__sample_004,0.47612644625351014,0.41702694899772236,0.05909949725578778
1jfkA_2nxqB,esm2,ShallowMsa_037,ShallowMsa_037__sample_005,0.49891384355342405,0.4142605648194252,0.08465327873399886
1jfkA_2nxqB,esm2,ShallowMsa_037,ShallowMsa_037__sample_006,0.48276126030191163,0.4108150100148996,0.07194625028701201
1jfkA_2nxqB,esm2,ShallowMsa_037,ShallowMsa_037__sample_007,0.4719306054091963,0.41646194472867926,0.055468660680517035
1jfkA_2nxqB,esm2,ShallowMsa_037,ShallowMsa_037__sample_008,0.47764214340726024,0.4212689450703707,0.05637319833688953
1jfkA_2nxqB,esm2,ShallowMsa_037,ShallowMsa_037__sample_009,0.47267698001346165,0.41780668812058147,0.054870291892880174
1jfkA_2nxqB,esm2,ShallowMsa_037,ShallowMsa_037__sample_010,0.48579360052218357,0.41859312854452907,0.0672004719776545
1jfkA_2nxqB,esm2,ShallowMsa_038,ShallowMsa_038__sample_001,0.3689173668455791,0.567255206164792,-0.1983378393192129
1jfkA_2nxqB,esm2,ShallowMsa_038,ShallowMsa_038__sample_002,0.46386394568213535,0.4201360879557676,0.043727857726367725
1jfkA_2nxqB,esm2,ShallowMsa_038,ShallowMsa_038__sample_003,0.4784435742044378,0.36925406979453834,0.10918950440989944
1jfkA_2nxqB,esm2,ShallowMsa_038,ShallowMsa_038__sample_004,0.480636439675171,0.42302666204904155,0.057609777626129455
1jfkA_2nxqB,esm2,ShallowMsa_038,ShallowMsa_038__sample_005,0.47236834706409603,0.4151269861373898,0.05724136092670623
1jfkA_2nxqB,esm2,ShallowMsa_038,ShallowMsa_038__sample_006,0.4726059888524547,0.4149352519220246,0.05767073693043012
1jfkA_2nxqB,esm2,ShallowMsa_038,ShallowMsa_038__sample_007,0.4776389305371871,0.41397700885298677,0.06366192168420032
1jfkA_2nxqB,esm2,ShallowMsa_038,ShallowMsa_038__sample_008,0.4526075815109073,0.3734015126011535,0.07920606890975379
1jfkA_2nxqB,esm2,ShallowMsa_038,ShallowMsa_038__sample_009,0.4831915647357044,0.409042066732272,0.0741494980034324
1jfkA_2nxqB,esm2,ShallowMsa_038,ShallowMsa_038__sample_010,0.4825867530178097,0.42429516453475113,0.05829158848305854
1jfkA_2nxqB,esm2,ShallowMsa_039,ShallowMsa_039__sample_001,0.3689173668455791,0.567255206164792,-0.1983378393192129
1jfkA_2nxqB,esm2,ShallowMsa_039,ShallowMsa_039__sample_002,0.4852123455978108,0.4023469445242536,0.08286540107355717
1jfkA_2nxqB,esm2,ShallowMsa_039,ShallowMsa_039__sample_003,0.4521249534574351,0.43619104947290005,0.015933903984535036
1jfkA_2nxqB,esm2,ShallowMsa_039,ShallowMsa_039__sample_004,0.4798513629825857,0.40293422790941735,0.07691713507316833
1jfkA_2nxqB,esm2,ShallowMsa_039,ShallowMsa_039__sample_005,0.4874038860763975,0.4188279515347547,0.06857593454164279
1jfkA_2nxqB,esm2,ShallowMsa_039,ShallowMsa_039__sample_006,0.48626386383824116,0.41770293286172666,0.0685609309765145
1jfkA_2nxqB,esm2,ShallowMsa_039,ShallowMsa_039__sample_007,0.4291268498671566,0.4366203109856139,-0.007493461118457279
1jfkA_2nxqB,esm2,ShallowMsa_039,ShallowMsa_039__sample_008,0.48279134008487723,0.40210473571840305,0.08068660436647418
1jfkA_2nxqB,esm2,ShallowMsa_039,ShallowMsa_039__sample_009,0.4433081167175167,0.3908881979018685,0.05241991881564817
1jfkA_2nxqB,esm2,ShallowMsa_039,ShallowMsa_039__sample_010,0.4810985042006772,0.4073604407668494,0.07373806343382777
1jfkA_2nxqB,esm2,ShallowMsa_040,ShallowMsa_040__sample_001,0.3689173668455791,0.567255206164792,-0.1983378393192129
1jfkA_2nxqB,esm2,ShallowMsa_040,ShallowMsa_040__sample_002,0.48815928575603734,0.4244337514505864,0.06372553430545091
1jfkA_2nxqB,esm2,ShallowMsa_040,ShallowMsa_040__sample_003,0.4750893330847618,0.4232793121984062,0.05181002088635561
1jfkA_2nxqB,esm2,ShallowMsa_040,ShallowMsa_040__sample_004,0.47174734343491836,0.40828443556009847,0.0634629078748199
1jfkA_2nxqB,esm2,ShallowMsa_040,ShallowMsa_040__sample_005,0.4857820614031176,0.41854793441447785,0.06723412698863973
1jfkA_2nxqB,esm2,ShallowMsa_040,ShallowMsa_040__sample_006,0.49370304838899126,0.4197414525467039,0.07396159584228734
1jfkA_2nxqB,esm2,ShallowMsa_040,ShallowMsa_040__sample_007,0.4727476072588612,0.4076912922657261,0.06505631499313513
1jfkA_2nxqB,esm2,ShallowMsa_040,ShallowMsa_040__sample_008,0.48413218724718915,0.42970362406339274,0.05442856318379641
1jfkA_2nxqB,esm2,ShallowMsa_040,ShallowMsa_040__sample_009,0.4838677846204043,0.4203404763752416,0.06352730824516273
1jfkA_2nxqB,esm2,ShallowMsa_040,ShallowMsa_040__sample_010,0.48319820489528287,0.4224685259752715,0.060729678920011354
1jfkA_2nxqB,esm2,ShallowMsa_041,ShallowMsa_041__sample_001,0.3689173668455791,0.567255206164792,-0.1983378393192129
1jfkA_2nxqB,esm2,ShallowMsa_041,ShallowMsa_041__sample_002,0.4293822976896909,0.38249672183926436,0.04688557585042652
1jfkA_2nxqB,esm2,ShallowMsa_041,ShallowMsa_041__sample_003,0.4273750927143288,0.4215986442961897,0.0057764484181390685
1jfkA_2nxqB,esm2,ShallowMsa_041,ShallowMsa_041__sample_004,0.4273750927143288,0.4215986442961897,0.0057764484181390685
1jfkA_2nxqB,esm2,ShallowMsa_041,ShallowMsa_041__sample_005,0.4273750927143288,0.4215986442961897,0.0057764484181390685
1jfkA_2nxqB,esm2,ShallowMsa_041,ShallowMsa_041__sample_006,0.4273750927143288,0.4215986442961897,0.0057764484181390685
1jfkA_2nxqB,esm2,ShallowMsa_041,ShallowMsa_041__sample_007,0.4273750927143288,0.4215986442961897,0.0057764484181390685
1jfkA_2nxqB,esm2,ShallowMsa_041,ShallowMsa_041__sample_008,0.4273750927143288,0.4215986442961897,0.0057764484181390685
1jfkA_2nxqB,esm2,ShallowMsa_041,ShallowMsa_041__sample_009,0.4273750927143288,0.4215986442961897,0.0057764484181390685
1jfkA_2nxqB,esm2,ShallowMsa_041,ShallowMsa_041__sample_010,0.41927263255406805,0.3958397882597901,0.023432844294277944
1jfkA_2nxqB,esm2,ShallowMsa_042,ShallowMsa_042__sample_001,0.3689173668455791,0.567255206164792,-0.1983378393192129
1jfkA_2nxqB,esm2,ShallowMsa_042,ShallowMsa_042__sample_002,0.4276707535217212,0.4200365329978518,0.007634220523869362
1jfkA_2nxqB,esm2,ShallowMsa_042,ShallowMsa_042__sample_003,0.4327570328886456,0.3835606265085102,0.04919640638013539
1jfkA_2nxqB,esm2,ShallowMsa_042,ShallowMsa_042__sample_004,0.4327570328886456,0.3835606265085102,0.04919640638013539
1jfkA_2nxqB,esm2,ShallowMsa_042,ShallowMsa_042__sample_005,0.4327570328886456,0.3835606265085102,0.04919640638013539
1jfkA_2nxqB,esm2,ShallowMsa_042,ShallowMsa_042__sample_006,0.4327570328886456,0.3835606265085102,0.04919640638013539
1jfkA_2nxqB,esm2,ShallowMsa_042,ShallowMsa_042__sample_007,0.43044006465602525,0.34831540836226693,0.08212465629375831
1jfkA_2nxqB,esm2,ShallowMsa_042,ShallowMsa_042__sample_008,0.4508898434006262,0.36247910151500606,0.08841074188562015
1jfkA_2nxqB,esm2,ShallowMsa_042,ShallowMsa_042__sample_009,0.4634009507776688,0.4071290351551997,0.05627191562246908
1jfkA_2nxqB,esm2,ShallowMsa_042,ShallowMsa_042__sample_010,0.4477444382749617,0.38498721424928556,0.06275722402567613
1jfkA_2nxqB,esm3,ShallowMsa_000,ShallowMsa_000__sample_001,0.3689173668455791,0.567255206164792,-0.1983378393192129
1jfkA_2nxqB,esm3,ShallowMsa_000,ShallowMsa_000__sample_002,0.4827940620619378,0.29667643092012974,0.18611763114180807
1jfkA_2nxqB,esm3,ShallowMsa_000,ShallowMsa_000__sample_003,0.5459942106005741,0.3024247629523976,0.24356944764817645
1jfkA_2nxqB,esm3,ShallowMsa_000,ShallowMsa_000__sample_004,0.5459942106005741,0.3024247629523976,0.24356944764817645
1jfkA_2nxqB,esm3,ShallowMsa_000,ShallowMsa_000__sample_005,0.4946584625768672,0.3263804819770731,0.1682779805997941
1jfkA_2nxqB,esm3,ShallowMsa_000,ShallowMsa_000__sample_006,0.5085074570667683,0.33993959541025753,0.16856786165651072
1jfkA_2nxqB,esm3,ShallowMsa_000,ShallowMsa_000__sample_007,0.5028121295573518,0.2974503278436391,0.20536180171371266
1jfkA_2nxqB,esm3,ShallowMsa_000,ShallowMsa_000__sample_008,0.5392236044954234,0.39826816410876503,0.14095544038665836
1jfkA_2nxqB,esm3,ShallowMsa_000,ShallowMsa_000__sample_009,0.49942586734754163,0.3514014094619845,0.14802445788555713
1jfkA_2nxqB,esm3,ShallowMsa_000,ShallowMsa_000__sample_010,0.49110366063088,0.30175755932698073,0.18934610130389928
1jfkA_2nxqB,esm3,ShallowMsa_001,ShallowMsa_001__sample_001,0.3689173668455791,0.567255206164792,-0.1983378393192129
1jfkA_2nxqB,esm3,ShallowMsa_001,ShallowMsa_001__sample_002,0.42044464357716366,0.34178001120834395,0.07866463236881971
1jfkA_2nxqB,esm3,ShallowMsa_001,ShallowMsa_001__sample_003,0.4431526918947747,0.457773336159224,-0.014620644264449312
1jfkA_2nxqB,esm3,ShallowMsa_001,ShallowMsa_001__sample_004,0.4097135678543539,0.3432888119167794,0.06642475593757452
1jfkA_2nxqB,esm3,ShallowMsa_001,ShallowMsa_001__sample_005,0.4423991541292724,0.44906336180854406,-0.006664207679271672
1jfkA_2nxqB,esm3,ShallowMsa_001,ShallowMsa_001__sample_006,0.44492723716546084,0.39192312964188475,0.053004107523576094
1jfkA_2nxqB,esm3,ShallowMsa_001,ShallowMsa_001__sample_007,0.47436489785130653,0.39095088905446135,0.08341400879684518
1jfkA_2nxqB,esm3,ShallowMsa_001,ShallowMsa_001__sample_008,0.43010996368428106,0.4753662666957782,-0.045256303011497134
1jfkA_2nxqB,esm3,ShallowMsa_001,ShallowMsa_001__sample_009,0.44252428393168464,0.3246625181862747,0.11786176574540996
1jfkA_2nxqB,esm3,ShallowMsa_001,ShallowMsa_001__sample_010,0.47688260814114697,0.44412919984932514,0.03275340829182183
1jfkA_2nxqB,esm3,ShallowMsa_002,ShallowMsa_002__sample_001,0.3689173668455791,0.567255206164792,-0.1983378393192129
1jfkA_2nxqB,esm3,ShallowMsa_002,ShallowMsa_002__sample_002,0.5866841090939955,0.41036295834170117,0.17632115075229432
1jfkA_2nxqB,esm3,ShallowMsa_002,ShallowMsa_002__sample_003,0.5841739066265497,0.27816697152604525,0.3060069351005044
1jfkA_2nxqB,esm3,ShallowMsa_002,ShallowMsa_002__sample_004,0.5213690091363947,0.29247360909276804,0.22889540004362668
1jfkA_2nxqB,esm3,ShallowMsa_002,ShallowMsa_002__sample_005,0.5372111268938009,0.2889584679314542,0.24825265896234672
1jfkA_2nxqB,esm3,ShallowMsa_002,ShallowMsa_002__sample_006,0.4953439454957429,0.3739923856002661,0.1213515598954768
1jfkA_2nxqB,esm3,ShallowMsa_002,ShallowMsa_002__sample_007,0.49131124279134963,0.3298033042927888,0.16150793849856082
1jfkA_2nxqB,esm3,ShallowMsa_002,ShallowMsa_002__sample_008,0.5879563827739196,0.31679315968225935,0.27116322309166024
1jfkA_2nxqB,esm3,ShallowMsa_002,ShallowMsa_002__sample_009,0.4793124144734431,0.2965648046493955,0.18274760982404759
1jfkA_2nxqB,esm3,ShallowMsa_002,ShallowMsa_002__sample_010,0.49047014996991123,0.3219799474899655,0.16849020247994573
1jfkA_2nxqB,esm3,ShallowMsa_003,ShallowMsa_003__sample_001,0.3689173668455791,0.567255206164792,-0.1983378393192129
1jfkA_2nxqB,esm3,ShallowMsa_003,ShallowMsa_003__sample_002,0.4541992819645639,0.4394926022017634,0.01470667976280049
1jfkA_2nxqB,esm3,ShallowMsa_003,ShallowMsa_003__sample_003,0.551544484141074,0.33491627681330194,0.2166282073277721
1jfkA_2nxqB,esm3,ShallowMsa_003,ShallowMsa_003__sample_004,0.4646737716052115,0.305774737223961,0.15889903438125053
1jfkA_2nxqB,esm3,ShallowMsa_003,ShallowMsa_003__sample_005,0.5004130265183849,0.28461613174494843,0.2157968947734365
1jfkA_2nxqB,esm3,ShallowMsa_003,ShallowMsa_003__sample_006,0.48472926032831626,0.33289399921272667,0.1518352611155896
1jfkA_2nxqB,esm3,ShallowMsa_003,ShallowMsa_003__sample_007,0.44755142925996827,0.29294038741781875,0.15461104184214952
1jfkA_2nxqB,esm3,ShallowMsa_003,ShallowMsa_003__sample_008,0.5171914421617353,0.33204526000676854,0.18514618215496675
1jfkA_2nxqB,esm3,ShallowMsa_003,ShallowMsa_003__sample_009,0.4900125243504805,0.3303186610391129,0.1596938633113676
1jfkA_2nxqB,esm3,ShallowMsa_003,ShallowMsa_003__sample_010,0.4116204982616498,0.31976602082505406,0.09185447743659575
1jfkA_2nxqB,esm3,ShallowMsa_004,ShallowMsa_004__sample_001,0.3689173668455791,0.567255206164792,-0.1983378393192129
1jfkA_2nxqB,esm3,ShallowMsa_004,ShallowMsa_004__sample_002,0.49014230379169604,0.30668868931356014,0.1834536144781359
1jfkA_2nxqB,esm3,ShallowMsa_004,ShallowMsa_004__sample_003,0.4768091140219103,0.3337162101038206,0.1430929039180897
1jfkA_2nxqB,esm3,ShallowMsa_004,ShallowMsa_004__sample_004,0.471535451961418,0.29684894573143894,0.17468650622997905
1jfkA_2nxqB,esm3,ShallowMsa_004,ShallowMsa_004__sample_005,0.48170402829631165,0.2858531993800197,0.19585082891629196
1jfkA_2nxqB,esm3,ShallowMsa_004,ShallowMsa_004__sample_006,0.4788274931630214,0.3559842830197029,0.1228432101433185
1jfkA_2nxqB,esm3,ShallowMsa_004,ShallowMsa_004__sample_007,0.4772377904556204,0.33905665949481417,0.13818113096080625
1jfkA_2nxqB,esm3,ShallowMsa_004,ShallowMsa_004__sample_008,0.46693954484736105,0.3299777026842344,0.13696184216312668
1jfkA_2nxqB,esm3,ShallowMsa_004,ShallowMsa_004__sample_009,0.4746925575287836,0.3451181380067844,0.12957441952199916
1jfkA_2nxqB,esm3,ShallowMsa_004,ShallowMsa_004__sample_010,0.4907427928969239,0.27355127872654217,0.21719151417038174
1jfkA_2nxqB,esm3,ShallowMsa_005,ShallowMsa_005__sample_001,0.3689173668455791,0.567255206164792,-0.1983378393192129
1jfkA_2nxqB,esm3,ShallowMsa_005,ShallowMsa_005__sample_002,0.49107692370318234,0.42133539812925463,0.06974152557392771
1jfkA_2nxqB,esm3,ShallowMsa_005,ShallowMsa_005__sample_003,0.44361704672849583,0.41238580896022026,0.031231237768275577
1jfkA_2nxqB,esm3,ShallowMsa_005,ShallowMsa_005__sample_004,0.4650113754061113,0.4094286531063368,0.05558272229977451
1jfkA_2nxqB,esm3,ShallowMsa_005,ShallowMsa_005__sample_005,0.4975516654490862,0.43225278002292333,0.06529888542616286
1jfkA_2nxqB,esm3,ShallowMsa_005,ShallowMsa_005__sample_006,0.49061627791455115,0.4219452760180977,0.06867100189645342
1jfkA_2nxqB,esm3,ShallowMsa_005,ShallowMsa_005__sample_007,0.49846461326639313,0.43183361153340166,0.06663100173299147
1jfkA_2nxqB,esm3,ShallowMsa_005,ShallowMsa_005__sample_008,0.3956701418167558,0.4354374573563175,-0.0397673155395617
1jfkA_2nxqB,esm3,ShallowMsa_005,ShallowMsa_005__sample_009,0.45122540553392093,0.3292431995298525,0.12198220600406845
1jfkA_2nxqB,esm3,ShallowMsa_005,ShallowMsa_005__sample_010,0.45044378104452437,0.4358546695791876,0.014589111465336757
1jfkA_2nxqB,esm3,ShallowMsa_006,ShallowMsa_006__sample_001,0.3689173668455791,0.567255206164792,-0.1983378393192129
1jfkA_2nxqB,esm3,ShallowMsa_006,ShallowMsa_006__sample_002,0.5002188544673557,0.4188277999097885,0.08139105455756718
1jfkA_2nxqB,esm3,ShallowMsa_006,ShallowMsa_006__sample_003,0.4815992432637977,0.3144732034013088,0.16712603986248892
1jfkA_2nxqB,esm3,ShallowMsa_006,ShallowMsa_006__sample_004,0.43563186300141227,0.2852578759326668,0.15037398706874544
1jfkA_2nxqB,esm3,ShallowMsa_006,ShallowMsa_006__sample_005,0.461809324916791,0.4153555281896673,0.046453796727123686
1jfkA_2nxqB,esm3,ShallowMsa_006,ShallowMsa_006__sample_006,0.4199414398673918,0.4135304420066516,0.006410997860740175
1jfkA_2nxqB,esm3,ShallowMsa_006,ShallowMsa_006__sample_007,0.4041042323938028,0.32200233746824053,0.08210189492556225
1jfkA_2nxqB,esm3,ShallowMsa_006,ShallowMsa_006__sample_008,0.5164396944951266,0.40591988368234344,0.11051981081278317
1jfkA_2nxqB,esm3,ShallowMsa_006,ShallowMsa_006__sample_009,0.46667426390529504,0.32320428470490653,0.1434699792003885
1jfkA_2nxqB,esm3,ShallowMsa_006,ShallowMsa_006__sample_010,0.5140809634619945,0.41194830078543154,0.10213266267656296
1jfkA_2nxqB,esm3,ShallowMsa_007,ShallowMsa_007__sample_001,0.3689173668455791,0.567255206164792,-0.1983378393192129
1jfkA_2nxqB,esm3,ShallowMsa_007,ShallowMsa_007__sample_002,0.4936952929352139,0.4068359140684405,0.08685937886677342
1jfkA_2nxqB,esm3,ShallowMsa_007,ShallowMsa_007__sample_003,0.49554508393665664,0.40974009960819135,0.08580498432846528
1jfkA_2nxqB,esm3,ShallowMsa_007,ShallowMsa_007__sample_004,0.4956969905648637,0.3849434983534354,0.11075349221142833
1jfkA_2nxqB,esm3,ShallowMsa_007,ShallowMsa_007__sample_005,0.49173126720039284,0.40239226928331856,0.08933899791707428
1jfkA_2nxqB,esm3,ShallowMsa_007,ShallowMsa_007__sample_006,0.4662809609694799,0.40181320758111566,0.06446775338836425
1jfkA_2nxqB,esm3,ShallowMsa_007,ShallowMsa_007__sample_007,0.438921034974592,0.29292812481123665,0.14599291016335536
1jfkA_2nxqB,esm3,ShallowMsa_007,ShallowMsa_007__sample_008,0.4942108384192863,0.4015611680942911,0.09264967032499521
1jfkA_2nxqB,esm3,ShallowMsa_007,ShallowMsa_007__sample_009,0.41497512733071196,0.4074850363276725,0.007490091003039434
1jfkA_2nxqB,esm3,ShallowMsa_007,ShallowMsa_007__sample_010,0.48196605560332084,0.3786860071769326,0.10328004842638822
1jfkA_2nxqB,esm3,ShallowMsa_008,ShallowMsa_008__sample_001,0.3689173668455791,0.567255206164792,-0.1983378393192129
1jfkA_2nxqB,esm3,ShallowMsa_008,ShallowMsa_008__sample_002,0.48347705920987316,0.3811717327810791,0.10230532642879409
1jfkA_2nxqB,esm3,ShallowMsa_008,ShallowMsa_008__sample_003,0.4912007411984095,0.3722087480415931,0.11899199315681641
1jfkA_2nxqB,esm3,ShallowMsa_008,ShallowMsa_008__sample_004,0.5248492650046919,0.3221518276199422,0.20269743738474966
1jfkA_2nxqB,esm3,ShallowMsa_008,ShallowMsa_008__sample_005,0.5042792621096652,0.35449697702155475,0.14978228508811048
1jfkA_2nxqB,esm3,ShallowMsa_008,ShallowMsa_008__sample_006,0.496082852854088,0.43117353194649854,0.06490932090758944
1jfkA_2nxqB,esm3,ShallowMsa_008,ShallowMsa_008__sample_007,0.5088843311614903,0.38964842855875903,0.11923590260273131
1jfkA_2nxqB,esm3,ShallowMsa_008,ShallowMsa_008__sample_008,0.4490522210211843,0.3953799399472056,0.0536722810739787
1jfkA_2nxqB,esm3,ShallowMsa_008,ShallowMsa_008__sample_009,0.48070032486324826,0.3316569446589286,0.14904338020431968
1jfkA_2nxqB,esm3,ShallowMsa_008,ShallowMsa_008__sample_010,0.4556577879835021,0.4145777929552788,0.04107999502822329
1jfkA_2nxqB,esm3,ShallowMsa_009,ShallowMsa_009__sample_001,0.3689173668455791,0.567255206164792,-0.1983378393192129
1jfkA_2nxqB,esm3,ShallowMsa_009,ShallowMsa_009__sample_002,0.5016831384699121,0.31886124482170797,0.18282189364820411
1jfkA_2nxqB,esm3,ShallowMsa_009,ShallowMsa_009__sample_003,0.42622911078757203,0.3541798204701671,0.07204929031740492
1jfkA_2nxqB,esm3,ShallowMsa_009,ShallowMsa_009__sample_004,0.4345994889395102,0.3532766534631028,0.08132283547640745
1jfkA_2nxqB,esm3,ShallowMsa_009,ShallowMsa_009__sample_005,0.4246814986362599,0.32756358387288226,0.09711791476337767
1jfkA_2nxqB,esm3,ShallowMsa_009,ShallowMsa_009__sample_006,0.48796900481473743,0.2991072655780099,0.18886173923672755
1jfkA_2nxqB,esm3,ShallowMsa_009,ShallowMsa_009__sample_007,0.3985451371725599,0.4166449042266928,-0.01809976705413291
1jfkA_2nxqB,esm3,ShallowMsa_009,ShallowMsa_009__sample_008,0.46889024976414045,0.4342760758876457,0.034614173876494736
1jfkA_2nxqB,esm3,ShallowMsa_009,ShallowMsa_009__sample_009,0.4603027995853558,0.3301583648312221,0.13014443475413373
1jfkA_2nxqB,esm3,ShallowMsa_009,ShallowMsa_009__sample_010,0.3916520372633393,0.4146821047240683,-0.023030067460728998
1jfkA_2nxqB,esm3,ShallowMsa_010,ShallowMsa_010__sample_001,0.3689173668455791,0.567255206164792,-0.1983378393192129
1jfkA_2nxqB,esm3,ShallowMsa_010,ShallowMsa_010__sample_002,0.5324178395951235,0.3168356746958194,0.21558216489930404
1jfkA_2nxqB,esm3,ShallowMsa_010,ShallowMsa_010__sample_003,0.47310441859453417,0.38545110839621305,0.08765331019832112
1jfkA_2nxqB,esm3,ShallowMsa_010,ShallowMsa_010__sample_004,0.47238248421159656,0.39076680162962873,0.08161568258196783
1jfkA_2nxqB,esm3,ShallowMsa_010,ShallowMsa_010__sample_005,0.47752438726011953,0.4169649467868214,0.06055944047329814
1jfkA_2nxqB,esm3,ShallowMsa_010,ShallowMsa_010__sample_006,0.47752438726011953,0.4169649467868214,0.06055944047329814
1jfkA_2nxqB,esm3,ShallowMsa_010,ShallowMsa_010__sample_007,0.47903387212428955,0.3946515189151736,0.08438235320911597
1jfkA_2nxqB,esm3,ShallowMsa_010,ShallowMsa_010__sample_008,0.4799398816064891,0.4212533175554966,0.058686564050992485
1jfkA_2nxqB,esm3,ShallowMsa_010,ShallowMsa_010__sample_009,0.47821809436845647,0.4176619606572644,0.06055613371119206
1jfkA_2nxqB,esm3,ShallowMsa_010,ShallowMsa_010__sample_010,0.47652858857499036,0.339650783790524,0.13687780478446637
1jfkA_2nxqB,esm3,ShallowMsa_011,ShallowMsa_011__sample_001,0.3689173668455791,0.567255206164792,-0.1983378393192129
1jfkA_2nxqB,esm3,ShallowMsa_011,ShallowMsa_011__sample_002,0.47960315861957514,0.40928957227387436,0.07031358634570078
1jfkA_2nxqB,esm3,ShallowMsa_011,ShallowMsa_011__sample_003,0.4783564211085681,0.4232929337311426,0.0550634873774255
1jfkA_2nxqB,esm3,ShallowMsa_011,ShallowMsa_011__sample_004,0.5131938362320126,0.263572043947366,0.24962179228464665
1jfkA_2nxqB,esm3,ShallowMsa_011,ShallowMsa_011__sample_005,0.47014249091623567,0.42788765629051473,0.04225483462572094
1jfkA_2nxqB,esm3,ShallowMsa_011,ShallowMsa_011__sample_006,0.505898989599849,0.29363580495993824,0.21226318463991078
1jfkA_2nxqB,esm3,ShallowMsa_011,ShallowMsa_011__sample_007,0.5033479311012519,0.28543118666620193,0.21791674443504994
1jfkA_2nxqB,esm3,ShallowMsa_011,ShallowMsa_011__sample_008,0.48175272392815,0.4247954824976642,0.056957241430485805
1jfkA_2nxqB,esm3,ShallowMsa_011,ShallowMsa_011__sample_009,0.43264336717627616,0.3396993668875317,0.09294400028874444
1jfkA_2nxqB,esm3,ShallowMsa_011,ShallowMsa_011__sample_010,0.48079781165319235,0.4307837085659715,0.050014103087220874
1jfkA_2nxqB,esm3,ShallowMsa_012,ShallowMsa_012__sample_001,0.3689173668455791,0.567255206164792,-0.1983378393192129
1jfkA_2nxqB,esm3,ShallowMsa_012,ShallowMsa_012__sample_002,0.5205704528293178,0.33671041000697544,0.18386004282234236
1jfkA_2nxqB,esm3,ShallowMsa_012,ShallowMsa_012__sample_003,0.4677667603758967,0.3009830946709396,0.16678366570495712
1jfkA_2nxqB,esm3,ShallowMsa_012,ShallowMsa_012__sample_004,0.490623039901586,0.30241065267737777,0.18821238722420824
1jfkA_2nxqB,esm3,ShallowMsa_012,ShallowMsa_012__sample_005,0.5151293973647024,0.29696064709069425,0.21816875027400817
1jfkA_2nxqB,esm3,ShallowMsa_012,ShallowMsa_012__sample_006,0.4495313069832245,0.3379031477062478,0.11162815927697672
1jfkA_2nxqB,esm3,ShallowMsa_012,ShallowMsa_012__sample_007,0.49121999590128135,0.428037516976254,0.06318247892502737
1jfkA_2nxqB,esm3,ShallowMsa_012,ShallowMsa_012__sample_008,0.43880837577318094,0.41715138980067334,0.021656985972507592
1jfkA_2nxqB,esm3,ShallowMsa_012,ShallowMsa_012__sample_009,0.4793950754993694,0.4306971625063637,0.04869791299300569
1jfkA_2nxqB,esm3,ShallowMsa_012,ShallowMsa_012__sample_010,0.49319488655606997,0.43574050154788607,0.057454385008183895
1jfkA_2nxqB,esm3,ShallowMsa_013,ShallowMsa_013__sample_001,0.3689173668455791,0.567255206164792,-0.1983378393192129
1jfkA_2nxqB,esm3,ShallowMsa_013,ShallowMsa_013__sample_002,0.4730483594625223,0.35436835693988095,0.11868000252264138
1jfkA_2nxqB,esm3,ShallowMsa_013,ShallowMsa_013__sample_003,0.4783802456862716,0.4267146337088295,0.05166561197744207
1jfkA_2nxqB,esm3,ShallowMsa_013,ShallowMsa_013__sample_004,0.47374751618863425,0.3210144263693271,0.15273308981930717
1jfkA_2nxqB,esm3,ShallowMsa_013,ShallowMsa_013__sample_005,0.4816348076610298,0.4129275230782127,0.06870728458281711
1jfkA_2nxqB,esm3,ShallowMsa_013,ShallowMsa_013__sample_006,0.4978072992266969,0.30920367731012705,0.18860362191656987
1jfkA_2nxqB,esm3,ShallowMsa_013,ShallowMsa_013__sample_007,0.5059209415812805,0.4003586144280536,0.10556232715322694
1jfkA_2nxqB,esm3,ShallowMsa_013,ShallowMsa_013__sample_008,0.4795662682274482,0.29395149431478157,0.18561477391266662
1jfkA_2nxqB,esm3,ShallowMsa_013,ShallowMsa_013__sample_009,0.4748435145070494,0.40569728408609934,0.06914623042095008
1jfkA_2nxqB,esm3,ShallowMsa_013,ShallowMsa_013__sample_010,0.47475442260014333,0.4061652833476827,0.06858913925246063
1jfkA_2nxqB,esm3,ShallowMsa_014,ShallowMsa_014__sample_001,0.3689173668455791,0.567255206164792,-0.1983378393192129
1jfkA_2nxqB,esm3,ShallowMsa_014,ShallowMsa_014__sample_002,0.47771737451337876,0.44921143262454755,0.02850594188883121
1jfkA_2nxqB,esm3,ShallowMsa_014,ShallowMsa_014__sample_003,0.5120018763492892,0.3575230827643353,0.15447879358495387
1jfkA_2nxqB,esm3,ShallowMsa_014,ShallowMsa_014__sample_004,0.517026490129333,0.3549457033716915,0.16208078675764148
1jfkA_2nxqB,esm3,ShallowMsa_014,ShallowMsa_014__sample_005,0.510420811907839,0.433518556950222,0.07690225495761693
1jfkA_2nxqB,esm3,ShallowMsa_014,ShallowMsa_014__sample_006,0.4623333524935779,0.31923971206026946,0.1430936404333084
1jfkA_2nxqB,esm3,ShallowMsa_014,ShallowMsa_014__sample_007,0.5049582166560692,0.43449032359382406,0.07046789306224516
1jfkA_2nxqB,esm3,ShallowMsa_014,ShallowMsa_014__sample_008,0.5055321412747456,0.3066339809934236,0.19889816028132196
1jfkA_2nxqB,esm3,ShallowMsa_014,ShallowMsa_014__sample_009,0.47242205170446305,0.3467146719269997,0.12570737977746338
1jfkA_2nxqB,esm3,ShallowMsa_014,ShallowMsa_014__sample_010,0.49685963555680424,0.4192524931978799,0.07760714235892435
1jfkA_2nxqB,esm3,ShallowMsa_015,ShallowMsa_015__sample_001,0.3689173668455791,0.567255206164792,-0.1983378393192129
1jfkA_2nxqB,esm3,ShallowMsa_015,ShallowMsa_015__sample_002,0.4766620582300279,0.4126912368879196,0.0639708213421083
1jfkA_2nxqB,esm3,ShallowMsa_015,ShallowMsa_015__sample_003,0.5211748922136584,0.348139583616589,0.17303530859706945
1jfkA_2nxqB,esm3,ShallowMsa_015,ShallowMsa_015__sample_004,0.47296982454065306,0.4093758458588457,0.06359397868180738
1jfkA_2nxqB,esm3,ShallowMsa_015,ShallowMsa_015__sample_005,0.4951138765990182,0.4246981059288029,0.07041577067021526
1jfkA_2nxqB,esm3,ShallowMsa_015,ShallowMsa_015__sample_006,0.45694194557884743,0.41920796253336423,0.0377339830454832
1jfkA_2nxqB,esm3,ShallowMsa_015,ShallowMsa_015__sample_007,0.4811201055433426,0.42498941067536117,0.056130694867981445
1jfkA_2nxqB,esm3,ShallowMsa_015,ShallowMsa_015__sample_008,0.47109863596272783,0.4092269027235931,0.06187173323913475
1jfkA_2nxqB,esm3,ShallowMsa_015,ShallowMsa_015__sample_009,0.46526433291016867,0.3473800246860257,0.11788430822414298
1jfkA_2nxqB,esm3,ShallowMsa_015,ShallowMsa_015__sample_010,0.46884700610785335,0.4150604962762029,0.05378650983165045
1jfkA_2nxqB,esm3,ShallowMsa_016,ShallowMsa_016__sample_001,0.3689173668455791,0.567255206164792,-0.1983378393192129
1jfkA_2nxqB,esm3,ShallowMsa_016,ShallowMsa_016__sample_002,0.4565444780276981,0.42080488386986625,0.035739594157831844
1jfkA_2nxqB,esm3,ShallowMsa_016,ShallowMsa_016__sample_003,0.44184529523908495,0.41555597818267653,0.026289317056408412
1jfkA_2nxqB,esm3,ShallowMsa_016,ShallowMsa_016__sample_004,0.47544832579188057,0.4219258385008803,0.05352248729100029
1jfkA_2nxqB,esm3,ShallowMsa_016,ShallowMsa_016__sample_005,0.4684096011082713,0.4210312489812898,0.04737835212698149
1jfkA_2nxqB,esm3,ShallowMsa_016,ShallowMsa_016__sample_006,0.47722270648042886,0.38049589659558447,0.09672680988484439
1jfkA_2nxqB,esm3,ShallowMsa_016,ShallowMsa_016__sample_007,0.45927628792117936,0.3789074134299749,0.08036887449120445
1jfkA_2nxqB,esm3,ShallowMsa_016,ShallowMsa_016__sample_008,0.45927628792117936,0.3789074134299749,0.08036887449120445
1jfkA_2nxqB,esm3,ShallowMsa_016,ShallowMsa_016__sample_009,0.4596557607180478,0.4097386747172103,0.049917086000837496
1jfkA_2nxqB,esm3,ShallowMsa_016,ShallowMsa_016__sample_010,0.46901966658874,0.3796002624424255,0.0894194041463145
1jfkA_2nxqB,esm3,ShallowMsa_017,ShallowMsa_017__sample_001,0.3689173668455791,0.567255206164792,-0.1983378393192129
1jfkA_2nxqB,esm3,ShallowMsa_017,ShallowMsa_017__sample_002,0.4849978116880722,0.4405429104592223,0.04445490122884993
1jfkA_2nxqB,esm3,ShallowMsa_017,ShallowMsa_017__sample_003,0.48440705242209925,0.4254093229632415,0.05899772945885773
1jfkA_2nxqB,esm3,ShallowMsa_017,ShallowMsa_017__sample_004,0.4454850880761251,0.3415692159869083,0.10391587208921677
1jfkA_2nxqB,esm3,ShallowMsa_017,ShallowMsa_017__sample_005,0.4773550174761645,0.42001742133550685,0.05733759614065764
1jfkA_2nxqB,esm3,ShallowMsa_017,ShallowMsa_017__sample_006,0.45111868786293496,0.36804042600262393,0.08307826186031103
1jfkA_2nxqB,esm3,ShallowMsa_017,ShallowMsa_017__sample_007,0.4898699398101195,0.4304984377502232,0.05937150205989633
1jfkA_2nxqB,esm3,ShallowMsa_017,ShallowMsa_017__sample_008,0.4880543101757276,0.4269039746486099,0.06115033552711768
1jfkA_2nxqB,esm3,ShallowMsa_017,ShallowMsa_017__sample_009,0.45067728227315423,0.42226994779287824,0.028407334480275992
1jfkA_2nxqB,esm3,ShallowMsa_017,ShallowMsa_017__sample_010,0.48647421461500584,0.43480136194229935,0.05167285267270649
1jfkA_2nxqB,esm3,ShallowMsa_018,ShallowMsa_018__sample_001,0.3689173668455791,0.567255206164792,-0.1983378393192129
1jfkA_2nxqB,esm3,ShallowMsa_018,ShallowMsa_018__sample_002,0.4726274069527773,0.42505524746170403,0.04757215949107324
1jfkA_2nxqB,esm3,ShallowMsa_018,ShallowMsa_018__sample_003,0.48731084848950085,0.42430215779953456,0.06300869068996628
1jfkA_2nxqB,esm3,ShallowMsa_018,ShallowMsa_018__sample_004,0.47559526930606844,0.42845965825799853,0.0471356110480699
1jfkA_2nxqB,esm3,ShallowMsa_018,ShallowMsa_018__sample_005,0.4409518352301643,0.406339709107775,0.034612126122389286
1jfkA_2nxqB,esm3,ShallowMsa_018,ShallowMsa_018__sample_006,0.47378074321847313,0.42556543337197955,0.04821530984649358
1jfkA_2nxqB,esm3,ShallowMsa_018,ShallowMsa_018__sample_007,0.48562389766759617,0.4231444804512122,0.06247941721638395
1jfkA_2nxqB,esm3,ShallowMsa_018,ShallowMsa_018__sample_008,0.4584019936508792,0.34714361932434706,0.11125837432653213
1jfkA_2nxqB,esm3,ShallowMsa_018,ShallowMsa_018__sample_009,0.46603963701772044,0.42256577209306856,0.043473864924651884
1jfkA_2nxqB,esm3,ShallowMsa_018,ShallowMsa_018__sample_010,0.47369621134075457,0.42294315795007664,0.05075305339067793
1jfkA_2nxqB,esm3,ShallowMsa_019,ShallowMsa_019__sample_001,0.3689173668455791,0.567255206164792,-0.1983378393192129
1jfkA_2nxqB,esm3,ShallowMsa_019,ShallowMsa_019__sample_002,0.4336815424836632,0.42137099564125524,0.012310546842407954
1jfkA_2nxqB,esm3,ShallowMsa_019,ShallowMsa_019__sample_003,0.4094393493977151,0.4380518104187049,-0.0286124610209898
1jfkA_2nxqB,esm3,ShallowMsa_019,ShallowMsa_019__sample_004,0.4198284940195625,0.4375074092731797,-0.0176789152536172
1jfkA_2nxqB,esm3,ShallowMsa_019,ShallowMsa_019__sample_005,0.42558308937411016,0.3144112632825221,0.11117182609158804
1jfkA_2nxqB,esm3,ShallowMsa_019,ShallowMsa_019__sample_006,0.4597297455583532,0.28975868724270576,0.16997105831564746
1jfkA_2nxqB,esm3,ShallowMsa_019,ShallowMsa_019__sample_007,0.5107531327122375,0.3885810625351929,0.12217207017704462
1jfkA_2nxqB,esm3,ShallowMsa_019,ShallowMsa_019__sample_008,0.4474073228434153,0.4365405205015636,0.010866802341851667
1jfkA_2nxqB,esm3,ShallowMsa_019,ShallowMsa_019__sample_009,0.4088661768447424,0.4363958119499848,-0.027529635105242367
1jfkA_2nxqB,esm3,ShallowMsa_019,ShallowMsa_019__sample_010,0.48538491043328913,0.4281169150159844,0.05726799541730471
1jfkA_2nxqB,esm3,ShallowMsa_020,ShallowMsa_020__sample_001,0.3689173668455791,0.567255206164792,-0.1983378393192129
1jfkA_2nxqB,esm3,ShallowMsa_020,ShallowMsa_020__sample_002,0.47870364864270276,0.4138236898241505,0.06487995881855224
1jfkA_2nxqB,esm3,ShallowMsa_020,ShallowMsa_020__sample_003,0.4856961258972301,0.41315128725978467,0.07254483863744543
1jfkA_2nxqB,esm3,ShallowMsa_020,ShallowMsa_020__sample_004,0.48589651960708297,0.41108633957867746,0.0748101800284055
1jfkA_2nxqB,esm3,ShallowMsa_020,ShallowMsa_020__sample_005,0.4862946169620135,0.41256697704298817,0.07372763991902531
1jfkA_2nxqB,esm3,ShallowMsa_020,ShallowMsa_020__sample_006,0.43128553136168707,0.4048343897683979,0.02645114159328915
1jfkA_2nxqB,esm3,ShallowMsa_020,ShallowMsa_020__sample_007,0.5157467141654375,0.4143121241602801,0.10143459000515737
1jfkA_2nxqB,esm3,ShallowMsa_020,ShallowMsa_020__sample_008,0.43128553136168707,0.4048343897683979,0.02645114159328915
1jfkA_2nxqB,esm3,ShallowMsa_020,ShallowMsa_020__sample_009,0.47490313939148787,0.4173836050809368,0.05751953431055107
1jfkA_2nxqB,esm3,ShallowMsa_020,ShallowMsa_020__sample_010,0.47761617415446544,0.41960096209183234,0.058015212062633104
1jfkA_2nxqB,esm3,ShallowMsa_021,ShallowMsa_021__sample_001,0.3689173668455791,0.567255206164792,-0.1983378393192129
1jfkA_2nxqB,esm3,ShallowMsa_021,ShallowMsa_021__sample_002,0.4331229878595868,0.41230946449949857,0.020813523360088237
1jfkA_2nxqB,esm3,ShallowMsa_021,ShallowMsa_021__sample_003,0.4925462439406877,0.42860871409711654,0.06393752984357115
1jfkA_2nxqB,esm3,ShallowMsa_021,ShallowMsa_021__sample_004,0.46997137008797657,0.3895807485403905,0.08039062154758608
1jfkA_2nxqB,esm3,ShallowMsa_021,ShallowMsa_021__sample_005,0.4694796298099944,0.4320110413222289,0.03746858848776552
1jfkA_2nxqB,esm3,ShallowMsa_021,ShallowMsa_021__sample_006,0.4990340880352494,0.3904604582110701,0.10857362982417929
1jfkA_2nxqB,esm3,ShallowMsa_021,ShallowMsa_021__sample_007,0.5129896260405279,0.409426958590923,0.1035626674496049
1jfkA_2nxqB,esm3,ShallowMsa_021,ShallowMsa_021__sample_008,0.4926388646544523,0.4136553136653128,0.0789835509891395
1jfkA_2nxqB,esm3,ShallowMsa_021,ShallowMsa_021__sample_009,0.4215233460607514,0.4355845142835863,-0.014061168222834874
1jfkA_2nxqB,esm3,ShallowMsa_021,ShallowMsa_021__sample_010,0.4779740433581736,0.42117615461686303,0.05679788874131059
1jfkA_2nxqB,esm3,ShallowMsa_022,ShallowMsa_022__sample_001,0.3689173668455791,0.567255206164792,-0.1983378393192129
1jfkA_2nxqB,esm3,ShallowMsa_022,ShallowMsa_022__sample_002,0.4936686406218559,0.3981691039022749,0.095499536719581
1jfkA_2nxqB,esm3,ShallowMsa_022,ShallowMsa_022__sample_003,0.3973643347585638,0.41648813702136234,-0.019123802262798528
1jfkA_2nxqB,esm3,ShallowMsa_022,ShallowMsa_022__sample_004,0.5057376937988689,0.39111476408780704,0.11462292971106186
1jfkA_2nxqB,esm3,ShallowMsa_022,ShallowMsa_022__sample_005,0.4875960411646639,0.42691117681078694,0.06068486435387693
1jfkA_2nxqB,esm3,ShallowMsa_022,ShallowMsa_022__sample_006,0.5024790416867243,0.4304065628194128,0.0720724788673115
1jfkA_2nxqB,esm3,ShallowMsa_022,ShallowMsa_022__sample_007,0.449706687435115,0.364937613767427,0.08476907366768799
1jfkA_2nxqB,esm3,ShallowMsa_022,ShallowMsa_022__sample_008,0.4406912650469598,0.3088722731137529,0.1318189919332069
1jfkA_2nxqB,esm3,ShallowMsa_022,ShallowMsa_022__sample_009,0.5015655152128962,0.43230113603086456,0.0692643791820316
1jfkA_2nxqB,esm3,ShallowMsa_022,ShallowMsa_022__sample_010,0.49223200332798256,0.39719716596284343,0.09503483736513912
1jfkA_2nxqB,esm3,ShallowMsa_023,ShallowMsa_023__sample_001,0.3689173668455791,0.567255206164792,-0.1983378393192129
1jfkA_2nxqB,esm3,ShallowMsa_023,ShallowMsa_023__sample_002,0.46411864499448424,0.4209565889891034,0.04316205600538087
1jfkA_2nxqB,esm3,ShallowMsa_023,ShallowMsa_023__sample_003,0.45688629978740014,0.4326842300276097,0.024202069759790446
1jfkA_2nxqB,esm3,ShallowMsa_023,ShallowMsa_023__sample_004,0.46277959303837185,0.42142530318391236,0.04135428985445949
1jfkA_2nxqB,esm3,ShallowMsa_023,ShallowMsa_023__sample_005,0.49619050224713857,0.42355471759560326,0.0726357846515353
1jfkA_2nxqB,esm3,ShallowMsa_023,ShallowMsa_023__sample_006,0.500596133545884,0.41888857392959444,0.0817075596162895
1jfkA_2nxqB,esm3,ShallowMsa_023,ShallowMsa_023__sample_007,0.49407827591260645,0.42714056108467313,0.06693771482793331
1jfkA_2nxqB,esm3,ShallowMsa_023,ShallowMsa_023__sample_008,0.49824426778809155,0.43102426499177116,0.0672200027963204
1jfkA_2nxqB,esm3,ShallowMsa_023,ShallowMsa_023__sample_009,0.4961546996735351,0.42381580683191683,0.07233889284161826
1jfkA_2nxqB,esm3,ShallowMsa_023,ShallowMsa_023__sample_010,0.48461617943387764,0.4142721436136284,0.07034403582024923
1jfkA_2nxqB,esm3,ShallowMsa_024,ShallowMsa_024__sample_001,0.3689173668455791,0.567255206164792,-0.1983378393192129
1jfkA_2nxqB,esm3,ShallowMsa_024,ShallowMsa_024__sample_002,0.47035346201299266,0.41722582378521517,0.053127638227777496
1jfkA_2nxqB,esm3,ShallowMsa_024,ShallowMsa_024__sample_003,0.4896055011218729,0.39228249564226503,0.09732300547960787
1jfkA_2nxqB,esm3,ShallowMsa_024,ShallowMsa_024__sample_004,0.4703818090915698,0.4165478989053142,0.05383391018625561
1jfkA_2nxqB,esm3,ShallowMsa_024,ShallowMsa_024__sample_005,0.445318086132537,0.4323880626862434,0.01293002344629357
1jfkA_2nxqB,esm3,ShallowMsa_024,ShallowMsa_024__sample_006,0.4783229091433746,0.4172291155276889,0.06109379361568573
1jfkA_2nxqB,esm3,ShallowMsa_024,ShallowMsa_024__sample_007,0.4820565897513782,0.42637264436374656,0.05568394538763166
1jfkA_2nxqB,esm3,ShallowMsa_024,ShallowMsa_024__sample_008,0.45659443243559344,0.3674973270434651,0.08909710539212834
1jfkA_2nxqB,esm3,ShallowMsa_024,ShallowMsa_024__sample_009,0.49476797888958696,0.4309969919524382,0.06377098693714878
1jfkA_2nxqB,esm3,ShallowMsa_024,ShallowMsa_024__sample_010,0.44057584043343806,0.3647944624360352,0.07578137799740287
1jfkA_2nxqB,esm3,ShallowMsa_025,ShallowMsa_025__sample_001,0.3689173668455791,0.567255206164792,-0.1983378393192129
1jfkA_2nxqB,esm3,ShallowMsa_025,ShallowMsa_025__sample_002,0.485958737936747,0.42744672629687713,0.058512011639869854
1jfkA_2nxqB,esm3,ShallowMsa_025,ShallowMsa_025__sample_003,0.4892516387712508,0.4045879551589557,0.0846636836122951
1jfkA_2nxqB,esm3,ShallowMsa_025,ShallowMsa_025__sample_004,0.4816460267667971,0.4302047789542599,0.05144124781253717
1jfkA_2nxqB,esm3,ShallowMsa_025,ShallowMsa_025__sample_005,0.44236399587605985,0.4303518262015556,0.012012169674504247
1jfkA_2nxqB,esm3,ShallowMsa_025,ShallowMsa_025__sample_006,0.48231100856898756,0.4299163896727319,0.052394618896255685
1jfkA_2nxqB,esm3,ShallowMsa_025,ShallowMsa_025__sample_007,0.45806212441537025,0.37114704080184974,0.08691508361352052
1jfkA_2nxqB,esm3,ShallowMsa_025,ShallowMsa_025__sample_008,0.4902796699973249,0.40648683186024137,0.08379283813708355
1jfkA_2nxqB,esm3,ShallowMsa_025,ShallowMsa_025__sample_009,0.49577438302457955,0.3952550268772146,0.10051935614736496
1jfkA_2nxqB,esm3,ShallowMsa_025,ShallowMsa_025__sample_010,0.47937211028398463,0.42250360754075755,0.05686850274322708
1jfkA_2nxqB,esm3,ShallowMsa_026,ShallowMsa_026__sample_001,0.3689173668455791,0.567255206164792,-0.1983378393192129
1jfkA_2nxqB,esm3,ShallowMsa_026,ShallowMsa_026__sample_002,0.4703115520955781,0.4089930986747909,0.06131845342078723
1jfkA_2nxqB,esm3,ShallowMsa_026,ShallowMsa_026__sample_003,0.4604925592855174,0.39398455929483256,0.06650799999068485
1jfkA_2nxqB,esm3,ShallowMsa_026,ShallowMsa_026__sample_004,0.4742458809636058,0.4039277329178973,0.07031814804570852
1jfkA_2nxqB,esm3,ShallowMsa_026,ShallowMsa_026__sample_005,0.4582003039708274,0.4056509736569657,0.05254933031386172
1jfkA_2nxqB,esm3,ShallowMsa_026,ShallowMsa_026__sample_006,0.48481748723770207,0.4128867377114545,0.07193074952624756
1jfkA_2nxqB,esm3,ShallowMsa_026,ShallowMsa_026__sample_007,0.4546835966251963,0.4142756803391018,0.040407916286094525
1jfkA_2nxqB,esm3,ShallowMsa_026,ShallowMsa_026__sample_008,0.5018816874962547,0.3512853913767131,0.15059629611954162
1jfkA_2nxqB,esm3,ShallowMsa_026,ShallowMsa_026__sample_009,0.42152054553185714,0.4145123826758711,0.007008162855986044
1jfkA_2nxqB,esm3,ShallowMsa_026,ShallowMsa_026__sample_010,0.4595581563241643,0.4227551607515056,0.0368029955726587
1jfkA_2nxqB,esm3,ShallowMsa_027,ShallowMsa_027__sample_001,0.3689173668455791,0.567255206164792,-0.1983378393192129
1jfkA_2nxqB,esm3,ShallowMsa_027,ShallowMsa_027__sample_002,0.4821579698858588,0.41406357132546645,0.06809439856039234
1jfkA_2nxqB,esm3,ShallowMsa_027,ShallowMsa_027__sample_003,0.48616698139060704,0.41260126790908525,0.0735657134815218
1jfkA_2nxqB,esm3,ShallowMsa_027,ShallowMsa_027__sample_004,0.48074156868659146,0.4281852805895021,0.05255628809708934
1jfkA_2nxqB,esm3,ShallowMsa_027,ShallowMsa_027__sample_005,0.4683392367959671,0.42609985887523655,0.04223937792073057
1jfkA_2nxqB,esm3,ShallowMsa_027,ShallowMsa_027__sample_006,0.4711933569600149,0.4225991528551802,0.048594204104834726
1jfkA_2nxqB,esm3,ShallowMsa_027,ShallowMsa_027__sample_007,0.4846920376348239,0.4356235932554609,0.049068444379362974
1jfkA_2nxqB,esm3,ShallowMsa_027,ShallowMsa_027__sample_008,0.48450501688119024,0.42441852822442677,0.06008648865676347
1jfkA_2nxqB,esm3,ShallowMsa_027,ShallowMsa_027__sample_009,0.48507250001522434,0.4319446372917113,0.05312786272351305
1jfkA_2nxqB,esm3,ShallowMsa_027,ShallowMsa_027__sample_010,0.4763850816601579,0.40380934220661324,0.07257573945354467
1jfkA_2nxqB,esm3,ShallowMsa_028,ShallowMsa_028__sample_001,0.3689173668455791,0.567255206164792,-0.1983378393192129
1jfkA_2nxqB,esm3,ShallowMsa_028,ShallowMsa_028__sample_002,0.4621672021762929,0.4213295173762832,0.04083768480000971
1jfkA_2nxqB,esm3,ShallowMsa_028,ShallowMsa_028__sample_003,0.4810069892397356,0.3987035756469257,0.0823034135928099
1jfkA_2nxqB,esm3,ShallowMsa_028,ShallowMsa_028__sample_004,0.48025907947017227,0.42556034169635076,0.054698737773821504
1jfkA_2nxqB,esm3,ShallowMsa_028,ShallowMsa_028__sample_005,0.4809468448223462,0.4081797492401867,0.07276709558215949
1jfkA_2nxqB,esm3,ShallowMsa_028,ShallowMsa_028__sample_006,0.4818726500900698,0.42908556802837866,0.05278708206169114
1jfkA_2nxqB,esm3,ShallowMsa_028,ShallowMsa_028__sample_007,0.4960560855393491,0.43919183388952693,0.05686425164982217
1jfkA_2nxqB,esm3,ShallowMsa_028,ShallowMsa_028__sample_008,0.46080575638086896,0.41622173016007175,0.04458402622079721
1jfkA_2nxqB,esm3,ShallowMsa_028,ShallowMsa_028__sample_009,0.4717965831897376,0.40582630282112314,0.06597028036861446
1jfkA_2nxqB,esm3,ShallowMsa_028,ShallowMsa_028__sample_010,0.48697706775036953,0.432263280880024,0.054713786870345504
1jfkA_2nxqB,esm3,ShallowMsa_029,ShallowMsa_029__sample_001,0.3689173668455791,0.567255206164792,-0.1983378393192129
1jfkA_2nxqB,esm3,ShallowMsa_029,ShallowMsa_029__sample_002,0.4782264479070248,0.40536605398203657,0.07286039392498822
1jfkA_2nxqB,esm3,ShallowMsa_029,ShallowMsa_029__sample_003,0.48493346863070835,0.4103090463741409,0.07462442225656746
1jfkA_2nxqB,esm3,ShallowMsa_029,ShallowMsa_029__sample_004,0.47593046473863637,0.40357404119367873,0.07235642354495764
1jfkA_2nxqB,esm3,ShallowMsa_029,ShallowMsa_029__sample_005,0.43356273160079856,0.42947631523563384,0.004086416365164713
1jfkA_2nxqB,esm3,ShallowMsa_029,ShallowMsa_029__sample_006,0.43141550776320475,0.33836651074080765,0.0930489970223971
1jfkA_2nxqB,esm3,ShallowMsa_029,ShallowMsa_029__sample_007,0.48086250367647687,0.41160849943468536,0.06925400424179151
1jfkA_2nxqB,esm3,ShallowMsa_029,ShallowMsa_029__sample_008,0.4305186085713936,0.4249186201519475,0.005599988419446145
1jfkA_2nxqB,esm3,ShallowMsa_029,ShallowMsa_029__sample_009,0.468502601571288,0.4116031600274502,0.0568994415438378
1jfkA_2nxqB,esm3,ShallowMsa_029,ShallowMsa_029__sample_010,0.45414101151023134,0.4243414599545432,0.029799551555688142
1jfkA_2nxqB,esm3,ShallowMsa_030,ShallowMsa_030__sample_001,0.3689173668455791,0.567255206164792,-0.1983378393192129
1jfkA_2nxqB,esm3,ShallowMsa_030,ShallowMsa_030__sample_002,0.48133370795643876,0.4219358624694756,0.05939784548696314
1jfkA_2nxqB,esm3,ShallowMsa_030,ShallowMsa_030__sample_003,0.4755160694714355,0.4142630205675216,0.061253048903913865
1jfkA_2nxqB,esm3,ShallowMsa_030,ShallowMsa_030__sample_004,0.4750769876727097,0.41181310532738397,0.06326388234532576
1jfkA_2nxqB,esm3,ShallowMsa_030,ShallowMsa_030__sample_005,0.47779878824008126,0.4123373107245572,0.06546147751552406
1jfkA_2nxqB,esm3,ShallowMsa_030,ShallowMsa_030__sample_006,0.4762397513803757,0.4153922502768784,0.06084750110349729
1jfkA_2nxqB,esm3,ShallowMsa_030,ShallowMsa_030__sample_007,0.47258464358777574,0.4131490235915358,0.05943561999623992
1jfkA_2nxqB,esm3,ShallowMsa_030,ShallowMsa_030__sample_008,0.4738427718382757,0.4188053407388821,0.05503743109939363
1jfkA_2nxqB,esm3,ShallowMsa_030,ShallowMsa_030__sample_009,0.48496736192316653,0.4216452409797446,0.06332212094342193
1jfkA_2nxqB,esm3,ShallowMsa_030,ShallowMsa_030__sample_010,0.475802498936504,0.4180502666909124,0.05775223224559162
1jfkA_2nxqB,esm3,ShallowMsa_031,ShallowMsa_031__sample_001,0.3689173668455791,0.567255206164792,-0.1983378393192129
1jfkA_2nxqB,esm3,ShallowMsa_031,ShallowMsa_031__sample_002,0.491985762806797,0.42837648656357163,0.06360927624322538
1jfkA_2nxqB,esm3,ShallowMsa_031,ShallowMsa_031__sample_003,0.49246914008380643,0.4275476678103781,0.06492147227342832
1jfkA_2nxqB,esm3,ShallowMsa_031,ShallowMsa_031__sample_004,0.47707180506296576,0.42306344545313906,0.054008359609826695
1jfkA_2nxqB,esm3,ShallowMsa_031,ShallowMsa_031__sample_005,0.4895825274544607,0.4277213038085571,0.061861223645903574
1jfkA_2nxqB,esm3,ShallowMsa_031,ShallowMsa_031__sample_006,0.4897661570070983,0.4268079978165904,0.0629581591905079
1jfkA_2nxqB,esm3,ShallowMsa_031,ShallowMsa_031__sample_007,0.4914663707520252,0.4254499758482146,0.06601639490381062
1jfkA_2nxqB,esm3,ShallowMsa_031,ShallowMsa_031__sample_008,0.4915784037397257,0.4303712908846888,0.06120711285503694
1jfkA_2nxqB,esm3,ShallowMsa_031,ShallowMsa_031__sample_009,0.4984511590878669,0.4456383269003849,0.052812832187482006
1jfkA_2nxqB,esm3,ShallowMsa_031,ShallowMsa_031__sample_010,0.4886514227652405,0.43591839896442663,0.05273302380081385
1jfkA_2nxqB,esm3,ShallowMsa_032,ShallowMsa_032__sample_001,0.3689173668455791,0.567255206164792,-0.1983378393192129
1jfkA_2nxqB,esm3,ShallowMsa_032,ShallowMsa_032__sample_002,0.45933171389445415,0.4105512498428086,0.048780464051645545
1jfkA_2nxqB,esm3,ShallowMsa_032,ShallowMsa_032__sample_003,0.46227443566164655,0.4123345547219638,0.04993988093968277
1jfkA_2nxqB,esm3,ShallowMsa_032,ShallowMsa_032__sample_004,0.4325559026507956,0.40310164865869985,0.029454253992095725
1jfkA_2nxqB,esm3,ShallowMsa_032,ShallowMsa_032__sample_005,0.4248710429723838,0.43868661362835754,-0.013815570655973719
1jfkA_2nxqB,esm3,ShallowMsa_032,ShallowMsa_032__sample_006,0.48401115722288035,0.3937299191946151,0.09028123802826526
1jfkA_2nxqB,esm3,ShallowMsa_032,ShallowMsa_032__sample_007,0.46189166902324663,0.4102468811616249,0.051644787861621744
1jfkA_2nxqB,esm3,ShallowMsa_032,ShallowMsa_032__sample_008,0.4293775998001845,0.41462607689199504,0.01475152290818943
1jfkA_2nxqB,esm3,ShallowMsa_032,ShallowMsa_032__sample_009,0.49388881902441106,0.3778163322590728,0.11607248676533827
1jfkA_2nxqB,esm3,ShallowMsa_032,ShallowMsa_032__sample_010,0.4950690432042209,0.38363233702303257,0.11143670618118834
1jfkA_2nxqB,esm3,ShallowMsa_033,ShallowMsa_033__sample_001,0.3689173668455791,0.567255206164792,-0.1983378393192129
1jfkA_2nxqB,esm3,ShallowMsa_033,ShallowMsa_033__sample_002,0.49333117538061394,0.42208718330161094,0.071243992079003
1jfkA_2nxqB,esm3,ShallowMsa_033,ShallowMsa_033__sample_003,0.4801897576883493,0.4275867340843324,0.05260302360401692
1jfkA_2nxqB,esm3,ShallowMsa_033,ShallowMsa_033__sample_004,0.49316751983634033,0.43033456014320526,0.06283295969313507
1jfkA_2nxqB,esm3,ShallowMsa_033,ShallowMsa_033__sample_005,0.4905142770875101,0.4197889926301796,0.0707252844573305
1jfkA_2nxqB,esm3,ShallowMsa_033,ShallowMsa_033__sample_006,0.4913604351658476,0.41918937686358515,0.07217105830226245
1jfkA_2nxqB,esm3,ShallowMsa_033,ShallowMsa_033__sample_007,0.4984093502068662,0.4216877222129447,0.07672162799392152
1jfkA_2nxqB,esm3,ShallowMsa_033,ShallowMsa_033__sample_008,0.44123482333472036,0.4268210109198691,0.014413812414851235
1jfkA_2nxqB,esm3,ShallowMsa_033,ShallowMsa_033__sample_009,0.49115533691640306,0.4186167205254715,0.07253861639093157
1jfkA_2nxqB,esm3,ShallowMsa_033,ShallowMsa_033__sample_010,0.4912388898267595,0.4232165945415619,0.0680222952851976
1jfkA_2nxqB,esm3,ShallowMsa_034,ShallowMsa_034__sample_001,0.3689173668455791,0.567255206164792,-0.1983378393192129
1jfkA_2nxqB,esm3,ShallowMsa_034,ShallowMsa_034__sample_002,0.48909199052872615,0.42549752991360146,0.06359446061512469
1jfkA_2nxqB,esm3,ShallowMsa_034,ShallowMsa_034__sample_003,0.48688795362464066,0.43444837513221896,0.0524395784924217
1jfkA_2nxqB,esm3,ShallowMsa_034,ShallowMsa_034__sample_004,0.469376086977285,0.4116622442280458,0.057713842749239186
1jfkA_2nxqB,esm3,ShallowMsa_034,ShallowMsa_034__sample_005,0.4872768819234819,0.416110957224558,0.07116592469892391
1jfkA_2nxqB,esm3,ShallowMsa_034,ShallowMsa_034__sample_006,0.4755799044984833,0.41539842806656907,0.06018147643191424
1jfkA_2nxqB,esm3,ShallowMsa_034,ShallowMsa_034__sample_007,0.4818924806106867,0.4332450647537272,0.048647415856959475
1jfkA_2nxqB,esm3,ShallowMsa_034,ShallowMsa_034__sample_008,0.4842114579719176,0.40549824459488804,0.07871321337702958
1jfkA_2nxqB,esm3,ShallowMsa_034,ShallowMsa_034__sample_009,0.4830848637013153,0.43245570667849026,0.050629157022825055
1jfkA_2nxqB,esm3,ShallowMsa_034,ShallowMsa_034__sample_010,0.4760418831325224,0.4123085447883351,0.06373333834418726
1jfkA_2nxqB,esm3,ShallowMsa_035,ShallowMsa_035__sample_001,0.3689173668455791,0.567255206164792,-0.1983378393192129
1jfkA_2nxqB,esm3,ShallowMsa_035,ShallowMsa_035__sample_002,0.47772152905691256,0.4224732887374015,0.05524824031951109
1jfkA_2nxqB,esm3,ShallowMsa_035,ShallowMsa_035__sample_003,0.47886692743752396,0.40876372979299613,0.07010319764452783
1jfkA_2nxqB,esm3,ShallowMsa_035,ShallowMsa_035__sample_004,0.4802211715802292,0.404136850503639,0.07608432107659019
1jfkA_2nxqB,esm3,ShallowMsa_035,ShallowMsa_035__sample_005,0.48021936926045616,0.40670450733367913,0.07351486192677703
1jfkA_2nxqB,esm3,ShallowMsa_035,ShallowMsa_035__sample_006,0.479827163369757,0.41983496013861904,0.059992203231137964
1jfkA_2nxqB,esm3,ShallowMsa_035,ShallowMsa_035__sample_007,0.4812795560488166,0.40817790716803537,0.07310164888078124
1jfkA_2nxqB,esm3,ShallowMsa_035,ShallowMsa_035__sample_008,0.48140667018673283,0.4275576831260814,0.05384898706065144
1jfkA_2nxqB,esm3,ShallowMsa_035,ShallowMsa_035__sample_009,0.4891883407789335,0.42017904174917114,0.06900929902976233
1jfkA_2nxqB,esm3,ShallowMsa_035,ShallowMsa_035__sample_010,0.4945800681719407,0.43344181150783306,0.06113825666410766
1jfkA_2nxqB,esm3,ShallowMsa_036,ShallowMsa_036__sample_001,0.3689173668455791,0.567255206164792,-0.1983378393192129
1jfkA_2nxqB,esm3,ShallowMsa_036,ShallowMsa_036__sample_002,0.49083133974412674,0.4333222116135808,0.05750912813054593
1jfkA_2nxqB,esm3,ShallowMsa_036,ShallowMsa_036__sample_003,0.49172845618121935,0.430410976614567,0.061317479566652344
1jfkA_2nxqB,esm3,ShallowMsa_036,ShallowMsa_036__sample_004,0.4774917821096145,0.402268807133457,0.07522297497615754
1jfkA_2nxqB,esm3,ShallowMsa_036,ShallowMsa_036__sample_005,0.4895517385037965,0.43083218053447064,0.058719557969325875
1jfkA_2nxqB,esm3,ShallowMsa_036,ShallowMsa_036__sample_006,0.4774917821096145,0.402268807133457,0.07522297497615754
1jfkA_2nxqB,esm3,ShallowMsa_036,ShallowMsa_036__sample_007,0.4830841014560094,0.423333276407865,0.059750825048144385
1jfkA_2nxqB,esm3,ShallowMsa_036,ShallowMsa_036__sample_008,0.48324482623893283,0.4306139130640318,0.05263091317490104
1jfkA_2nxqB,esm3,ShallowMsa_036,ShallowMsa_036__sample_009,0.49026904343658184,0.43317548507104064,0.0570935583655412
1jfkA_2nxqB,esm3,ShallowMsa_036,ShallowMsa_036__sample_010,0.4862780631835283,0.37458401605331454,0.11169404713021375
1jfkA_2nxqB,esm3,ShallowMsa_037,ShallowMsa_037__sample_001,0.3689173668455791,0.567255206164792,-0.1983378393192129
1jfkA_2nxqB,esm3,ShallowMsa_037,ShallowMsa_037__sample_002,0.47172063104424516,0.41933511597239964,0.05238551507184552
1jfkA_2nxqB,esm3,ShallowMsa_037,ShallowMsa_037__sample_003,0.4757391164716686,0.41845291587894273,0.05728620059272588
1jfkA_2nxqB,esm3,ShallowMsa_037,ShallowMsa_037__sample_004,0.47612644625351014,0.41702694899772236,0.05909949725578778
1jfkA_2nxqB,esm3,ShallowMsa_037,ShallowMsa_037__sample_005,0.49891384355342405,0.4142605648194252,0.08465327873399886
1jfkA_2nxqB,esm3,ShallowMsa_037,ShallowMsa_037__sample_006,0.48276126030191163,0.4108150100148996,0.07194625028701201
1jfkA_2nxqB,esm3,ShallowMsa_037,ShallowMsa_037__sample_007,0.4719306054091963,0.41646194472867926,0.055468660680517035
1jfkA_2nxqB,esm3,ShallowMsa_037,ShallowMsa_037__sample_008,0.47764214340726024,0.4212689450703707,0.05637319833688953
1jfkA_2nxqB,esm3,ShallowMsa_037,ShallowMsa_037__sample_009,0.47267698001346165,0.41780668812058147,0.054870291892880174
1jfkA_2nxqB,esm3,ShallowMsa_037,ShallowMsa_037__sample_010,0.48579360052218357,0.41859312854452907,0.0672004719776545
1jfkA_2nxqB,esm3,ShallowMsa_038,ShallowMsa_038__sample_001,0.3689173668455791,0.567255206164792,-0.1983378393192129
1jfkA_2nxqB,esm3,ShallowMsa_038,ShallowMsa_038__sample_002,0.46386394568213535,0.4201360879557676,0.043727857726367725
1jfkA_2nxqB,esm3,ShallowMsa_038,ShallowMsa_038__sample_003,0.4784435742044378,0.36925406979453834,0.10918950440989944
1jfkA_2nxqB,esm3,ShallowMsa_038,ShallowMsa_038__sample_004,0.480636439675171,0.42302666204904155,0.057609777626129455
1jfkA_2nxqB,esm3,ShallowMsa_038,ShallowMsa_038__sample_005,0.47236834706409603,0.4151269861373898,0.05724136092670623
1jfkA_2nxqB,esm3,ShallowMsa_038,ShallowMsa_038__sample_006,0.4726059888524547,0.4149352519220246,0.05767073693043012
1jfkA_2nxqB,esm3,ShallowMsa_038,ShallowMsa_038__sample_007,0.4776389305371871,0.41397700885298677,0.06366192168420032
1jfkA_2nxqB,esm3,ShallowMsa_038,ShallowMsa_038__sample_008,0.4526075815109073,0.3734015126011535,0.07920606890975379
1jfkA_2nxqB,esm3,ShallowMsa_038,ShallowMsa_038__sample_009,0.4831915647357044,0.409042066732272,0.0741494980034324
1jfkA_2nxqB,esm3,ShallowMsa_038,ShallowMsa_038__sample_010,0.4825867530178097,0.42429516453475113,0.05829158848305854
1jfkA_2nxqB,esm3,ShallowMsa_039,ShallowMsa_039__sample_001,0.3689173668455791,0.567255206164792,-0.1983378393192129
1jfkA_2nxqB,esm3,ShallowMsa_039,ShallowMsa_039__sample_002,0.4852123455978108,0.4023469445242536,0.08286540107355717
1jfkA_2nxqB,esm3,ShallowMsa_039,ShallowMsa_039__sample_003,0.4521249534574351,0.43619104947290005,0.015933903984535036
1jfkA_2nxqB,esm3,ShallowMsa_039,ShallowMsa_039__sample_004,0.4798513629825857,0.40293422790941735,0.07691713507316833
1jfkA_2nxqB,esm3,ShallowMsa_039,ShallowMsa_039__sample_005,0.4874038860763975,0.4188279515347547,0.06857593454164279
1jfkA_2nxqB,esm3,ShallowMsa_039,ShallowMsa_039__sample_006,0.48626386383824116,0.41770293286172666,0.0685609309765145
1jfkA_2nxqB,esm3,ShallowMsa_039,ShallowMsa_039__sample_007,0.4291268498671566,0.4366203109856139,-0.007493461118457279
1jfkA_2nxqB,esm3,ShallowMsa_039,ShallowMsa_039__sample_008,0.48279134008487723,0.40210473571840305,0.08068660436647418
1jfkA_2nxqB,esm3,ShallowMsa_039,ShallowMsa_039__sample_009,0.4433081167175167,0.3908881979018685,0.05241991881564817
1jfkA_2nxqB,esm3,ShallowMsa_039,ShallowMsa_039__sample_010,0.4810985042006772,0.4073604407668494,0.07373806343382777
1jfkA_2nxqB,esm3,ShallowMsa_040,ShallowMsa_040__sample_001,0.3689173668455791,0.567255206164792,-0.1983378393192129
1jfkA_2nxqB,esm3,ShallowMsa_040,ShallowMsa_040__sample_002,0.48815928575603734,0.4244337514505864,0.06372553430545091
1jfkA_2nxqB,esm3,ShallowMsa_040,ShallowMsa_040__sample_003,0.4750893330847618,0.4232793121984062,0.05181002088635561
1jfkA_2nxqB,esm3,ShallowMsa_040,ShallowMsa_040__sample_004,0.47174734343491836,0.40828443556009847,0.0634629078748199
1jfkA_2nxqB,esm3,ShallowMsa_040,ShallowMsa_040__sample_005,0.4857820614031176,0.41854793441447785,0.06723412698863973
1jfkA_2nxqB,esm3,ShallowMsa_040,ShallowMsa_040__sample_006,0.49370304838899126,0.4197414525467039,0.07396159584228734
1jfkA_2nxqB,esm3,ShallowMsa_040,ShallowMsa_040__sample_007,0.4727476072588612,0.4076912922657261,0.06505631499313513
1jfkA_2nxqB,esm3,ShallowMsa_040,ShallowMsa_040__sample_008,0.48413218724718915,0.42970362406339274,0.05442856318379641
1jfkA_2nxqB,esm3,ShallowMsa_040,ShallowMsa_040__sample_009,0.4838677846204043,0.4203404763752416,0.06352730824516273
1jfkA_2nxqB,esm3,ShallowMsa_040,ShallowMsa_040__sample_010,0.48319820489528287,0.4224685259752715,0.060729678920011354
1jfkA_2nxqB,esm3,ShallowMsa_041,ShallowMsa_041__sample_001,0.3689173668455791,0.567255206164792,-0.1983378393192129
1jfkA_2nxqB,esm3,ShallowMsa_041,ShallowMsa_041__sample_002,0.4293822976896909,0.38249672183926436,0.04688557585042652
1jfkA_2nxqB,esm3,ShallowMsa_041,ShallowMsa_041__sample_003,0.4273750927143288,0.4215986442961897,0.0057764484181390685
1jfkA_2nxqB,esm3,ShallowMsa_041,ShallowMsa_041__sample_004,0.4273750927143288,0.4215986442961897,0.0057764484181390685
1jfkA_2nxqB,esm3,ShallowMsa_041,ShallowMsa_041__sample_005,0.4273750927143288,0.4215986442961897,0.0057764484181390685
1jfkA_2nxqB,esm3,ShallowMsa_041,ShallowMsa_041__sample_006,0.4273750927143288,0.4215986442961897,0.0057764484181390685
1jfkA_2nxqB,esm3,ShallowMsa_041,ShallowMsa_041__sample_007,0.4273750927143288,0.4215986442961897,0.0057764484181390685
1jfkA_2nxqB,esm3,ShallowMsa_041,ShallowMsa_041__sample_008,0.4273750927143288,0.4215986442961897,0.0057764484181390685
1jfkA_2nxqB,esm3,ShallowMsa_041,ShallowMsa_041__sample_009,0.4273750927143288,0.4215986442961897,0.0057764484181390685
1jfkA_2nxqB,esm3,ShallowMsa_041,ShallowMsa_041__sample_010,0.41927263255406805,0.3958397882597901,0.023432844294277944
1jfkA_2nxqB,esm3,ShallowMsa_042,ShallowMsa_042__sample_001,0.3689173668455791,0.567255206164792,-0.1983378393192129
1jfkA_2nxqB,esm3,ShallowMsa_042,ShallowMsa_042__sample_002,0.4276707535217212,0.4200365329978518,0.007634220523869362
1jfkA_2nxqB,esm3,ShallowMsa_042,ShallowMsa_042__sample_003,0.4327570328886456,0.3835606265085102,0.04919640638013539
1jfkA_2nxqB,esm3,ShallowMsa_042,ShallowMsa_042__sample_004,0.4327570328886456,0.3835606265085102,0.04919640638013539
1jfkA_2nxqB,esm3,ShallowMsa_042,ShallowMsa_042__sample_005,0.4327570328886456,0.3835606265085102,0.04919640638013539
1jfkA_2nxqB,esm3,ShallowMsa_042,ShallowMsa_042__sample_006,0.4327570328886456,0.3835606265085102,0.04919640638013539
1jfkA_2nxqB,esm3,ShallowMsa_042,ShallowMsa_042__sample_007,0.43044006465602525,0.34831540836226693,0.08212465629375831
1jfkA_2nxqB,esm3,ShallowMsa_042,ShallowMsa_042__sample_008,0.4508898434006262,0.36247910151500606,0.08841074188562015
1jfkA_2nxqB,esm3,ShallowMsa_042,ShallowMsa_042__sample_009,0.4634009507776688,0.4071290351551997,0.05627191562246908
1jfkA_2nxqB,esm3,ShallowMsa_042,ShallowMsa_042__sample_010,0.4477444382749617,0.38498721424928556,0.06275722402567613
