pair_id,cluster,n,neff,AF2_TM1,AF2_TM2,AF3_TM1,AF3_TM2,RE-MSAT-COM,RE-MSAT1,RE-MSAT2,ESM_SEQIDS,ESM_TM1_LIST,ESM_TM2_LIST,DDG_Bias,DDG_Bias_std,DDG_frac_F1,Boltz2_pref,S4PRED_pref,CCMpred_pref,BioEmu_pref
1dzlA_5keqF,Deep,,,0.923,0.916,0.93,0.925,0.256,0.242,0.25,,,,,,,,-0.028,0.0,
1dzlA_5keqF,000,54.0,6.0,0.195,0.224,0.253,0.258,0.0,0.0,0.0,003; 003; 005; 001; 007; 007; 006; 008; 010; 005,0.40; 0.40; 0.25; 0.24; 0.24; 0.24; 0.24; 0.23; 0.23; 0.22,0.38; 0.39; 0.21; 0.24; 0.23; 0.21; 0.24; 0.23; 0.22; 0.17,-16.665,1.828,0.0,0.003,-0.023,0.0,0.003
1dzlA_5keqF,001,52.0,7.0,0.188,0.168,0.225,0.203,0.0,0.0,0.0,002; 002; 006; 006; 003; 005; 010; 010; 005; 003,0.29; 0.28; 0.26; 0.26; 0.25; 0.25; 0.25; 0.24; 0.24; 0.24,0.28; 0.27; 0.25; 0.25; 0.22; 0.25; 0.24; 0.25; 0.23; 0.22,-11.774,2.897,0.0,0.006,-0.025,0.0,-0.001
1dzlA_5keqF,002,52.0,6.0,0.168,0.174,0.175,0.187,0.0,0.0,0.0,002; 002; 001; 001; 006; 006; 005; 010; 004; 003,0.32; 0.32; 0.26; 0.25; 0.24; 0.23; 0.22; 0.22; 0.22; 0.22,0.33; 0.32; 0.24; 0.24; 0.24; 0.24; 0.21; 0.22; 0.23; 0.22,-8.291,4.161,0.0,-0.007,-0.027,0.0,0.002
1dzlA_5keqF,003,42.0,14.0,0.206,0.155,0.36,0.35,,,,004; 006; 001; 002; 005; 008; 009; 003; 007; 010,0.21; 0.19; 0.18; 0.18; 0.18; 0.18; 0.18; 0.17; 0.14; 0.12,0.21; 0.19; 0.18; 0.17; 0.16; 0.17; 0.19; 0.15; 0.14; 0.11,-6.352,3.11,0.0,-0.002,-0.027,,-0.003
1dzlA_5keqF,004,38.0,9.0,0.186,0.187,0.206,0.227,0.0,0.0,0.0,004; 004; 002; 006; 008; 001; 009; 008; 005; 002,0.21; 0.21; 0.19; 0.19; 0.19; 0.18; 0.18; 0.18; 0.18; 0.18,0.18; 0.21; 0.17; 0.19; 0.18; 0.19; 0.19; 0.17; 0.16; 0.17,-15.037,1.844,0.0,0.005,-0.028,0.0,-0.001
1dzlA_5keqF,005,36.0,14.0,0.225,0.221,0.477,0.467,0.0,0.0,0.0,002; 010; 010; 008; 002; 008; 009; 007; 009; 007,0.29; 0.27; 0.27; 0.26; 0.26; 0.26; 0.24; 0.24; 0.24; 0.23,0.25; 0.27; 0.27; 0.26; 0.25; 0.26; 0.25; 0.24; 0.24; 0.22,-11.977,3.665,0.0,0.01,-0.021,0.0,-0.0
1dzlA_5keqF,006,35.0,17.0,0.345,0.34,0.656,0.639,,,,,,,-17.396,12.522,0.0,0.015,-0.028,,0.0
1dzlA_5keqF,007,34.0,4.0,0.181,0.174,0.49,0.464,,,,,,,-8.026,4.367,0.0,0.011,-0.026,,-0.006
1dzlA_5keqF,008,34.0,10.0,0.164,0.159,0.228,0.221,,,,,,,-9.69,2.676,0.0,0.013,-0.028,,0.007
1dzlA_5keqF,009,34.0,5.0,0.203,0.196,0.236,0.228,,,,,,,-7.631,1.392,0.0,0.004,-0.028,,-0.003
1dzlA_5keqF,010,34.0,4.0,0.202,0.187,0.208,0.193,,,,,,,-2.026,2.198,0.2,-0.014,-0.028,,-0.003
1dzlA_5keqF,011,33.0,11.0,0.178,0.177,0.485,0.48,,,,,,,-7.751,3.728,0.0,-0.044,-0.027,,-0.002
1dzlA_5keqF,012,32.0,6.0,0.174,0.165,0.21,0.213,,,,,,,-12.3,2.281,0.0,-0.021,-0.027,,0.003
1dzlA_5keqF,013,32.0,4.0,0.189,0.157,0.207,0.198,,,,,,,-13.567,1.853,0.0,0.008,-0.027,,0.006
1dzlA_5keqF,014,32.0,1.0,0.171,0.18,0.348,0.34,,,,,,,-10.755,1.933,0.0,0.002,-0.017,,0.004
1dzlA_5keqF,015,30.0,8.0,0.18,0.147,0.475,0.466,,,,,,,-12.069,3.644,0.0,0.005,-0.028,,-0.007
1dzlA_5keqF,016,30.0,2.0,0.183,0.181,0.168,0.189,,,,,,,-4.29,3.345,0.2,0.002,-0.028,,0.0
1dzlA_5keqF,017,28.0,10.0,0.156,0.169,0.195,0.176,,,,,,,-5.345,3.291,0.0,0.018,-0.027,,0.001
1dzlA_5keqF,018,28.0,4.0,0.181,0.166,0.222,0.201,,,,,,,-8.854,1.847,0.0,-0.013,-0.025,,0.006
1dzlA_5keqF,019,27.0,9.0,0.379,0.374,0.68,0.665,,,,,,,-14.896,10.992,0.0,0.01,-0.014,,0.003
1dzlA_5keqF,020,26.0,8.0,0.188,0.19,0.245,0.233,,,,,,,-7.133,4.159,0.1,0.004,-0.027,,-0.007
1dzlA_5keqF,021,26.0,10.0,0.198,0.185,0.311,0.298,,,,,,,-6.432,2.136,0.0,-0.006,-0.027,,0.0
1dzlA_5keqF,022,26.0,4.0,0.181,0.176,0.244,0.234,,,,,,,-10.771,1.606,0.0,-0.006,-0.023,,0.004
1dzlA_5keqF,023,26.0,9.0,0.185,0.181,0.346,0.339,,,,,,,-10.421,6.141,0.0,-0.007,-0.027,,0.0
1dzlA_5keqF,024,26.0,2.0,0.178,0.184,0.19,0.184,,,,,,,-13.815,0.792,0.0,-0.004,-0.021,,-0.004
1dzlA_5keqF,025,26.0,11.0,0.366,0.361,0.504,0.491,,,,,,,-10.249,3.794,0.0,0.005,-0.027,,-0.002
1dzlA_5keqF,026,25.0,6.0,0.153,0.171,0.381,0.37,,,,,,,-11.378,1.298,0.0,0.002,-0.023,,0.003
1dzlA_5keqF,027,24.0,4.0,0.186,0.2,0.262,0.257,,,,,,,-2.476,1.794,0.1,-0.031,-0.009,,-0.001
1dzlA_5keqF,028,24.0,3.0,0.198,0.165,0.207,0.226,,,,,,,-16.71,2.01,0.0,0.004,-0.023,,-0.002
1dzlA_5keqF,029,24.0,2.0,0.215,0.227,0.181,0.207,,,,,,,-11.779,1.489,0.0,0.033,-0.023,,-0.002
1dzlA_5keqF,030,24.0,4.0,0.155,0.165,0.195,0.208,,,,,,,-12.358,3.594,0.0,-0.025,-0.023,,0.009
1dzlA_5keqF,031,24.0,6.0,0.214,0.194,0.501,0.499,,,,,,,-2.994,2.567,0.1,0.004,-0.026,,-0.001
1dzlA_5keqF,032,23.0,10.0,0.223,0.203,0.503,0.491,,,,,,,-7.832,2.907,0.0,0.003,-0.026,,-0.002
1dzlA_5keqF,033,22.0,2.0,0.196,0.164,0.212,0.178,,,,,,,-13.996,0.859,0.0,-0.013,-0.028,,-0.003
1dzlA_5keqF,034,22.0,6.0,0.158,0.167,0.192,0.21,,,,,,,-10.288,1.479,0.0,-0.031,-0.028,,-0.002
1dzlA_5keqF,035,22.0,4.0,0.164,0.156,0.17,0.181,,,,,,,-16.44,3.529,0.0,-0.002,-0.027,,0.002
1dzlA_5keqF,036,22.0,8.0,0.197,0.162,0.371,0.358,,,,,,,-11.528,2.442,0.0,0.005,-0.026,,0.003
1dzlA_5keqF,037,22.0,1.0,0.249,0.245,0.228,0.228,,,,,,,-12.979,1.539,0.0,-0.001,-0.019,,0.001
1dzlA_5keqF,038,21.0,13.0,0.257,0.26,0.617,0.572,,,,,,,-6.055,1.5,0.0,-0.044,-0.027,,-0.002
1dzlA_5keqF,039,21.0,12.0,0.316,0.297,0.626,0.6,,,,,,,-7.242,3.419,0.0,0.014,-0.028,,0.003
1dzlA_5keqF,040,21.0,8.0,0.206,0.212,0.545,0.534,,,,,,,-12.376,5.724,0.0,-0.045,-0.028,,-0.001
1dzlA_5keqF,041,20.0,3.0,0.195,0.162,0.22,0.207,,,,,,,-8.311,0.959,0.0,-0.007,-0.02,,-0.004
1dzlA_5keqF,042,20.0,1.0,0.195,0.18,0.38,0.373,,,,,,,-14.373,1.136,0.0,-0.004,-0.018,,-0.004
1dzlA_5keqF,043,20.0,8.0,0.179,0.17,0.414,0.399,,,,,,,-8.274,0.849,0.0,0.007,-0.026,,0.01
1dzlA_5keqF,044,20.0,8.0,0.257,0.25,0.44,0.426,,,,,,,-8.405,1.63,0.0,-0.041,-0.026,,-0.001
1dzlA_5keqF,045,,,0.183,0.176,0.294,0.288,,,,,,,-12.244,1.36,0.0,0.007,-0.027,,-0.001
1dzlA_5keqF,046,16.0,2.0,0.381,0.38,0.506,0.495,,,,,,,-33.193,7.424,0.0,0.014,-0.028,,0.002
1dzlA_5keqF,047,,,0.183,0.18,0.209,0.198,,,,,,,-3.288,2.927,0.0,0.01,-0.013,,0.004
1dzlA_5keqF,048,,,0.299,0.291,0.518,0.499,,,,,,,-20.629,16.696,0.0,0.0,-0.027,,-0.0
1eboE_5fhcJ,Deep,,,0.839,0.602,0.794,0.271,0.0,0.0,0.0,,,,,,,,0.405,0.0,
1eboE_5fhcJ,000,103.0,43.0,0.867,0.247,0.822,0.243,0.0,0.0,0.0,001; 001; 002; 002; 003; 003; 004; 004; 005; 005,0.88; 0.88; 0.82; 0.82; 0.71; 0.71; 0.66; 0.66; 0.56; 0.56,0.25; 0.25; 0.25; 0.25; 0.26; 0.26; 0.27; 0.27; 0.23; 0.23,-4.129,5.087,0.3,0.136,0.406,0.0,0.189
1eboE_5fhcJ,001,67.0,20.0,0.647,0.268,0.576,0.254,0.0,0.0,0.0,004; 004; 002; 002; 001; 001; 007; 006; 005; 005,0.54; 0.54; 0.49; 0.49; 0.48; 0.48; 0.43; 0.43; 0.43; 0.43,0.25; 0.25; 0.23; 0.23; 0.24; 0.24; 0.23; 0.23; 0.25; 0.25,-8.201,5.472,0.0,0.462,0.406,0.0,0.216
1eboE_5fhcJ,002,52.0,5.0,0.418,0.249,0.378,0.28,,,,,,,-4.415,4.394,0.1,0.042,0.234,,0.095
1eboE_5fhcJ,003,42.0,3.0,0.644,0.241,0.666,0.24,,,,,,,-1.329,1.079,0.1,0.417,0.405,,0.208
1eboE_5fhcJ,004,36.0,16.0,0.447,0.254,0.535,0.238,,,,,,,-7.122,2.358,0.0,0.032,0.253,,0.093
1eboE_5fhcJ,005,34.0,7.0,0.328,0.25,0.383,0.244,,,,,,,-10.187,4.832,0.0,0.051,0.029,,-0.006
1eboE_5fhcJ,006,34.0,2.0,0.666,0.24,0.651,0.245,,,,,,,-2.052,1.678,0.1,0.02,0.406,,0.207
1eboE_5fhcJ,007,31.0,4.0,0.805,0.25,0.808,0.246,,,,,,,-2.333,6.332,0.5,-0.004,0.406,,0.206
1eboE_5fhcJ,008,31.0,2.0,0.766,0.262,0.632,0.268,,,,,,,-6.871,5.889,0.3,0.083,0.029,,0.196
1eboE_5fhcJ,009,30.0,1.0,0.649,0.262,0.656,0.24,,,,,,,-1.237,1.487,0.4,0.226,0.191,,0.201
1eboE_5fhcJ,010,26.0,4.0,0.643,0.271,0.653,0.238,,,,,,,-2.161,2.883,0.3,0.275,0.405,,0.214
1eboE_5fhcJ,011,24.0,1.0,0.654,0.301,0.636,0.247,,,,,,,0.052,3.83,0.5,0.415,0.367,,0.219
1eboE_5fhcJ,012,23.0,14.0,0.467,0.247,0.377,0.265,,,,,,,-4.761,3.241,0.0,0.287,0.406,,0.213
1eboE_5fhcJ,013,23.0,1.0,0.671,0.252,0.683,0.237,,,,,,,-1.833,1.982,0.2,0.152,0.405,,0.19
1eboE_5fhcJ,014,23.0,13.0,0.425,0.284,0.41,0.277,,,,,,,-5.687,2.65,0.0,0.272,0.121,,0.14
1eboE_5fhcJ,015,22.0,8.0,0.672,0.262,0.621,0.294,,,,,,,-6.443,1.091,0.0,-0.013,-0.05,,0.179
1eboE_5fhcJ,016,22.0,1.0,0.638,0.237,0.608,0.249,,,,,,,-2.438,2.77,0.3,0.432,0.353,,0.189
1eboE_5fhcJ,017,22.0,14.0,0.776,0.31,0.691,0.263,,,,,,,-6.77,5.459,0.1,0.259,0.247,,0.197
1eboE_5fhcJ,018,21.0,17.0,0.63,0.272,0.627,0.257,,,,,,,-9.762,3.344,0.0,0.011,-0.298,,0.191
1eboE_5fhcJ,019,21.0,5.0,0.639,0.284,0.593,0.301,,,,,,,-6.746,3.559,0.0,0.015,0.379,,0.18
1eboE_5fhcJ,020,21.0,2.0,0.665,0.242,0.661,0.244,,,,,,,-2.229,2.926,0.3,0.135,0.393,,0.191
1eboE_5fhcJ,021,20.0,11.0,0.437,0.261,0.431,0.275,,,,,,,-6.091,2.028,0.0,0.067,0.406,,0.182
1eboE_5fhcJ,022,20.0,14.0,0.641,0.246,0.701,0.264,,,,,,,-9.23,2.519,0.0,0.037,0.301,,0.185
1eboE_5fhcJ,023,17.0,12.0,0.645,0.263,0.643,0.26,,,,,,,-6.342,1.581,0.0,0.039,0.28,,0.22
1eboE_5fhcJ,024,16.0,15.0,0.484,0.238,0.509,0.257,,,,,,,-5.994,4.132,0.2,0.131,0.395,,0.243
1eboE_5fhcJ,025,15.0,5.0,0.679,0.266,0.656,0.251,,,,,,,-2.643,0.979,0.0,0.475,0.405,,0.19
1eboE_5fhcJ,026,15.0,8.0,0.66,0.245,0.68,0.237,,,,,,,-1.498,1.478,0.2,0.239,0.405,,0.201
1eboE_5fhcJ,027,15.0,13.0,0.661,0.276,0.634,0.257,,,,,,,-2.876,3.562,0.2,0.419,0.406,,0.165
1eboE_5fhcJ,028,14.0,9.0,0.645,0.223,0.625,0.268,,,,,,,0.381,1.253,0.7,0.093,0.405,,0.2
1eboE_5fhcJ,029,14.0,6.0,0.486,0.224,0.454,0.241,,,,,,,-4.649,1.683,0.0,-0.007,0.155,,0.229
1eboE_5fhcJ,030,13.0,10.0,0.67,0.27,0.667,0.257,,,,,,,-2.842,2.613,0.1,0.473,0.406,,0.196
1eboE_5fhcJ,031,13.0,4.0,0.656,0.255,0.666,0.247,,,,,,,0.046,1.502,0.6,0.448,0.406,,0.191
1eboE_5fhcJ,032,13.0,2.0,0.632,0.249,0.631,0.246,,,,,,,-2.291,1.498,0.1,0.478,0.406,,0.183
1eboE_5fhcJ,033,13.0,5.0,0.463,0.226,0.447,0.28,,,,,,,-2.344,2.047,0.1,0.035,0.405,,0.182
1eboE_5fhcJ,034,13.0,6.0,0.477,0.27,0.476,0.268,,,,,,,-5.074,1.886,0.0,0.106,0.054,,0.146
1eboE_5fhcJ,035,13.0,1.0,0.226,0.231,0.23,0.19,,,,,,,-3.581,1.492,0.0,0.089,-0.015,,0.01
1eboE_5fhcJ,036,12.0,2.0,0.65,0.256,0.625,0.24,,,,,,,0.533,1.37,0.6,0.411,0.406,,0.207
1eboE_5fhcJ,037,12.0,6.0,0.68,0.259,0.673,0.242,,,,,,,-3.904,2.503,0.0,0.489,0.363,,0.204
1eboE_5fhcJ,038,12.0,7.0,0.685,0.277,0.645,0.244,,,,,,,-0.35,1.842,0.5,0.454,0.405,,0.22
1eboE_5fhcJ,039,12.0,6.0,0.668,0.257,0.636,0.244,,,,,,,1.083,4.164,0.6,0.18,0.405,,0.225
1eboE_5fhcJ,040,12.0,10.0,0.482,0.3,0.578,0.248,,,,,,,-7.939,1.03,0.0,0.014,0.077,,0.133
1eboE_5fhcJ,041,12.0,7.0,0.445,0.242,0.44,0.246,,,,,,,-8.143,2.953,0.0,0.056,0.223,,0.201
1eboE_5fhcJ,042,12.0,1.0,0.489,0.266,0.52,0.257,,,,,,,-4.153,1.017,0.0,0.006,0.319,,0.09
1eboE_5fhcJ,043,12.0,9.0,0.452,0.255,0.464,0.251,,,,,,,-6.86,2.708,0.0,0.047,0.227,,0.222
1fzpD_2frhA,Deep,,,0.631,0.911,0.652,0.94,0.025,0.02,0.4,,,,,,,,-0.133,0.0,
1fzpD_2frhA,000,47.0,5.0,0.314,0.305,0.349,0.523,0.0,0.0,0.0,007; 007; 004; 004; 001; 001; 005; 005; 010; 010,0.49; 0.49; 0.48; 0.48; 0.45; 0.45; 0.44; 0.44; 0.34; 0.34,0.65; 0.65; 0.65; 0.65; 0.61; 0.61; 0.66; 0.66; 0.50; 0.50,7.762,2.04,1.0,,-0.118,0.0,-0.051
1fzpD_2frhA,001,45.0,8.0,0.248,0.338,0.303,0.349,0.0,0.0,0.0,004; 004; 010; 010; 003; 003; 007; 007; 001; 001,0.57; 0.57; 0.53; 0.53; 0.52; 0.52; 0.49; 0.49; 0.46; 0.46,0.77; 0.77; 0.77; 0.77; 0.70; 0.70; 0.75; 0.75; 0.62; 0.62,8.838,2.86,1.0,,-0.054,0.0,-0.048
1fzpD_2frhA,002,44.0,19.0,0.378,0.424,0.306,0.317,0.0,0.0,0.161,009; 009; 010; 010; 003; 003; 005; 005; 001; 001,0.62; 0.62; 0.58; 0.58; 0.54; 0.54; 0.53; 0.53; 0.43; 0.43,0.85; 0.85; 0.83; 0.83; 0.74; 0.74; 0.78; 0.78; 0.52; 0.53,8.386,6.336,0.9,,0.133,0.0,-0.048
1fzpD_2frhA,003,42.0,34.0,0.623,0.843,0.58,0.814,0.0,0.033,0.043,005; 005; 004; 004; 007; 007; 009; 006; 009; 006,0.41; 0.41; 0.38; 0.38; 0.37; 0.37; 0.31; 0.31; 0.31; 0.31,0.50; 0.51; 0.49; 0.49; 0.48; 0.48; 0.38; 0.55; 0.38; 0.55,5.939,2.589,1.0,,-0.126,0.0,-0.135
1fzpD_2frhA,004,38.0,6.0,0.287,0.503,0.303,0.471,0.0,0.0,0.044,009; 009; 006; 006; 010; 003; 007; 007; 010; 002,0.52; 0.52; 0.24; 0.24; 0.22; 0.22; 0.22; 0.22; 0.22; 0.22,0.69; 0.69; 0.28; 0.28; 0.28; 0.26; 0.26; 0.26; 0.28; 0.28,9.255,2.632,1.0,,-0.102,0.0,-0.058
1fzpD_2frhA,005,37.0,26.0,0.624,0.848,0.58,0.817,0.0,0.0,0.0,001; 001; 009; 009; 003; 003; 006; 010; 010; 006,0.31; 0.31; 0.27; 0.27; 0.25; 0.25; 0.24; 0.24; 0.24; 0.24,0.50; 0.50; 0.54; 0.54; 0.26; 0.26; 0.27; 0.28; 0.28; 0.27,8.74,3.971,1.0,,-0.12,0.0,-0.127
1fzpD_2frhA,006,37.0,17.0,0.628,0.847,0.644,0.938,0.0,0.0,0.0,005; 005; 008; 008; 007; 007; 001; 003; 006; 001,0.43; 0.43; 0.30; 0.30; 0.29; 0.29; 0.25; 0.25; 0.25; 0.25,0.53; 0.53; 0.28; 0.28; 0.30; 0.30; 0.30; 0.42; 0.36; 0.30,5.601,2.787,1.0,,0.082,0.0,-0.064
1fzpD_2frhA,007,36.0,29.0,0.561,0.803,0.572,0.806,0.0,0.0,0.0,002; 010; 009; 009; 010; 002; 003; 003; 004; 008,0.26; 0.25; 0.25; 0.25; 0.25; 0.25; 0.24; 0.24; 0.22; 0.22,0.25; 0.29; 0.31; 0.31; 0.29; 0.25; 0.29; 0.29; 0.26; 0.29,6.035,1.93,1.0,,-0.13,0.0,-0.11
1fzpD_2frhA,008,33.0,1.0,0.357,0.353,0.331,0.248,,,,,,,-0.217,1.508,0.4,,0.134,,-0.038
1fzpD_2frhA,009,33.0,24.0,0.562,0.745,0.624,0.847,,,,,,,7.302,2.295,1.0,,-0.127,,-0.13
1fzpD_2frhA,010,33.0,23.0,0.378,0.432,0.583,0.816,,,,,,,5.689,2.392,1.0,,-0.12,,-0.124
1fzpD_2frhA,011,32.0,4.0,0.34,0.374,0.357,0.369,,,,,,,3.475,2.316,0.9,,-0.048,,-0.06
1fzpD_2frhA,012,32.0,6.0,0.621,0.856,0.646,0.935,,,,,,,3.768,1.923,1.0,,0.098,,-0.018
1fzpD_2frhA,013,32.0,13.0,0.624,0.846,0.569,0.807,,,,,,,7.109,2.796,1.0,,-0.12,,-0.05
1fzpD_2frhA,014,32.0,17.0,0.447,0.578,0.583,0.811,,,,,,,5.468,1.795,1.0,,-0.126,,-0.125
1fzpD_2frhA,015,32.0,27.0,0.634,0.862,0.622,0.85,,,,,,,8.399,3.797,1.0,,-0.13,,-0.134
1fzpD_2frhA,016,31.0,25.0,0.612,0.843,0.573,0.807,,,,,,,5.756,4.23,0.9,,-0.13,,-0.119
1fzpD_2frhA,017,31.0,26.0,0.612,0.84,0.573,0.814,,,,,,,5.866,1.593,1.0,,0.124,,-0.083
1fzpD_2frhA,018,30.0,21.0,0.492,0.692,0.58,0.811,,,,,,,5.917,2.557,1.0,,-0.12,,-0.136
1fzpD_2frhA,019,26.0,22.0,0.624,0.837,0.624,0.847,,,,,,,7.633,1.409,1.0,,-0.128,,-0.117
1fzpD_2frhA,020,26.0,22.0,0.252,0.501,0.248,0.491,,,,,,,9.269,2.157,1.0,,-0.125,,-0.379
1fzpD_2frhA,021,25.0,4.0,0.403,0.47,0.29,0.315,,,,,,,1.691,1.866,0.8,,-0.131,,-0.04
1fzpD_2frhA,022,25.0,23.0,0.623,0.846,0.575,0.819,,,,,,,7.38,2.617,1.0,,-0.098,,-0.127
1fzpD_2frhA,023,25.0,22.0,0.626,0.854,0.62,0.886,,,,,,,11.556,5.069,1.0,,-0.121,,-0.127
1fzpD_2frhA,024,25.0,23.0,0.624,0.845,0.581,0.816,,,,,,,8.178,4.386,1.0,,-0.134,,-0.124
1fzpD_2frhA,025,24.0,15.0,0.263,0.269,0.269,0.351,,,,,,,7.829,2.98,1.0,,-0.112,,-0.037
1fzpD_2frhA,026,24.0,15.0,0.571,0.818,0.572,0.804,,,,,,,4.31,1.154,1.0,,-0.128,,-0.127
1fzpD_2frhA,027,24.0,19.0,0.623,0.847,0.624,0.848,,,,,,,8.908,3.623,1.0,,-0.131,,-0.185
1fzpD_2frhA,028,24.0,23.0,0.621,0.848,0.578,0.818,,,,,,,8.622,3.373,1.0,,-0.131,,-0.112
1fzpD_2frhA,029,24.0,24.0,0.621,0.85,0.572,0.804,,,,,,,7.258,4.434,1.0,,-0.124,,-0.124
1fzpD_2frhA,030,24.0,19.0,0.627,0.851,0.573,0.806,,,,,,,8.977,2.491,1.0,,-0.03,,-0.115
1fzpD_2frhA,031,24.0,20.0,0.565,0.799,0.579,0.811,,,,,,,8.569,3.237,1.0,,-0.124,,-0.119
1fzpD_2frhA,032,23.0,18.0,0.622,0.847,0.577,0.815,,,,,,,10.066,4.576,1.0,,-0.127,,-0.125
1fzpD_2frhA,033,23.0,22.0,0.624,0.853,0.572,0.804,,,,,,,10.074,3.112,1.0,,-0.132,,-0.124
1fzpD_2frhA,034,22.0,15.0,0.626,0.849,0.572,0.806,,,,,,,9.559,4.434,1.0,,-0.124,,-0.117
1fzpD_2frhA,035,22.0,14.0,0.623,0.847,0.583,0.815,,,,,,,9.542,3.591,1.0,,-0.11,,-0.112
1fzpD_2frhA,036,22.0,14.0,0.606,0.816,0.572,0.803,,,,,,,6.757,1.902,1.0,,-0.121,,-0.142
1fzpD_2frhA,037,22.0,13.0,0.624,0.85,0.582,0.815,,,,,,,6.353,2.13,1.0,,-0.057,,-0.119
1fzpD_2frhA,038,22.0,14.0,0.562,0.814,0.58,0.81,,,,,,,6.167,1.741,1.0,,-0.123,,-0.122
1fzpD_2frhA,039,,,0.362,0.267,0.309,0.303,,,,,,,8.791,3.321,1.0,,0.101,,-0.04
1fzpD_2frhA,040,21.0,4.0,0.571,0.813,0.623,0.847,,,,,,,5.846,4.035,1.0,,-0.127,,-0.133
1fzpD_2frhA,041,21.0,19.0,0.266,0.41,0.267,0.418,,,,,,,7.637,4.694,0.9,,-0.12,,-0.208
1fzpD_2frhA,042,21.0,11.0,0.559,0.768,0.623,0.845,,,,,,,12.85,2.359,1.0,,-0.133,,-0.087
1fzpD_2frhA,043,20.0,2.0,0.623,0.842,0.582,0.81,,,,,,,8.086,3.496,1.0,,-0.132,,-0.139
1fzpD_2frhA,044,20.0,15.0,0.631,0.854,0.625,0.849,,,,,,,4.301,2.408,1.0,,-0.126,,-0.128
1fzpD_2frhA,045,20.0,16.0,0.622,0.849,0.624,0.85,,,,,,,8.849,6.412,1.0,,0.005,,-0.111
1fzpD_2frhA,046,20.0,18.0,0.336,0.467,0.347,0.375,,,,,,,13.762,4.507,1.0,,0.072,,-0.051
1fzpD_2frhA,047,20.0,9.0,0.271,0.674,0.457,0.701,,,,,,,10.299,5.499,1.0,,0.084,,-0.43
1fzpD_2frhA,048,19.0,10.0,0.295,0.329,0.288,0.313,,,,,,,7.347,3.433,1.0,,-0.08,,-0.046
1fzpD_2frhA,049,18.0,5.0,0.634,0.853,0.583,0.819,,,,,,,5.035,2.678,1.0,,-0.122,,-0.113
1fzpD_2frhA,050,17.0,14.0,0.567,0.801,0.574,0.805,,,,,,,5.138,1.29,1.0,,-0.13,,-0.129
1fzpD_2frhA,051,17.0,16.0,0.562,0.795,0.624,0.848,,,,,,,8.125,3.269,1.0,,-0.126,,-0.122
1fzpD_2frhA,052,17.0,15.0,0.356,0.491,0.269,0.312,,,,,,,8.768,2.234,1.0,,0.039,,-0.204
1fzpD_2frhA,053,17.0,11.0,0.567,0.804,0.582,0.813,,,,,,,4.457,1.781,1.0,,-0.13,,-0.11
1fzpD_2frhA,054,16.0,12.0,0.226,0.386,0.261,0.383,,,,,,,9.741,2.272,1.0,,-0.124,,-0.166
1fzpD_2frhA,055,16.0,16.0,0.524,0.75,0.544,0.764,,,,,,,3.711,1.397,1.0,,-0.105,,-0.395
1fzpD_2frhA,056,15.0,1.0,0.595,0.811,0.572,0.808,,,,,,,6.192,4.069,1.0,,-0.134,,-0.121
1fzpD_2frhA,057,,,0.574,0.82,0.573,0.806,,,,,,,6.663,1.502,1.0,,-0.124,,-0.131
1fzpD_2frhA,058,15.0,9.0,0.221,0.426,0.219,0.424,,,,,,,8.176,3.085,1.0,,0.085,,-0.329
1fzpD_2frhA,059,15.0,13.0,0.244,0.497,0.245,0.494,,,,,,,6.103,1.097,1.0,,-0.118,,-0.084
1fzpD_2frhA,060,15.0,10.0,0.407,0.469,0.386,0.471,,,,,,,12.91,0.844,1.0,,-0.111,,-0.066
1fzpD_2frhA,061,15.0,3.0,0.228,0.516,0.216,0.484,,,,,,,10.554,3.6,1.0,,-0.133,,-0.33
1fzpD_2frhA,062,14.0,4.0,0.56,0.807,0.579,0.813,,,,,,,6.108,1.639,1.0,,-0.123,,-0.115
1fzpD_2frhA,063,14.0,7.0,0.558,0.792,0.574,0.808,,,,,,,7.174,2.008,1.0,,-0.119,,-0.14
1fzpD_2frhA,064,14.0,13.0,0.488,0.728,0.624,0.849,,,,,,,4.261,2.242,1.0,,-0.121,,-0.12
1fzpD_2frhA,065,14.0,14.0,0.564,0.815,0.396,0.361,,,,,,,6.141,1.729,1.0,,-0.125,,-0.124
1fzpD_2frhA,066,14.0,14.0,0.561,0.803,0.573,0.804,,,,,,,6.508,2.518,1.0,,-0.123,,-0.129
1fzpD_2frhA,067,14.0,12.0,0.563,0.806,0.577,0.813,,,,,,,9.011,1.19,1.0,,-0.126,,-0.132
1fzpD_2frhA,068,14.0,14.0,0.622,0.842,0.58,0.816,,,,,,,9.419,2.803,1.0,,-0.126,,-0.159
1fzpD_2frhA,069,14.0,14.0,0.235,0.453,0.245,0.443,,,,,,,6.692,2.277,1.0,,-0.132,,-0.165
1fzpD_2frhA,070,14.0,12.0,0.356,0.368,0.397,0.419,,,,,,,16.477,2.069,1.0,,-0.098,,-0.047
1fzpD_2frhA,071,14.0,10.0,0.253,0.52,0.249,0.486,,,,,,,15.245,2.74,1.0,,-0.134,,-0.346
1fzpD_2frhA,072,,,0.562,0.806,0.625,0.848,,,,,,,5.744,3.023,1.0,,-0.121,,-0.134
1fzpD_2frhA,073,,,0.385,0.374,0.583,0.816,,,,,,,7.5,2.58,1.0,,-0.131,,-0.119
1fzpD_2frhA,074,13.0,1.0,0.627,0.85,0.579,0.812,,,,,,,6.841,2.697,1.0,,-0.134,,-0.126
1fzpD_2frhA,075,13.0,6.0,0.23,0.385,0.248,0.253,,,,,,,7.086,2.696,1.0,,-0.131,,-0.153
1fzpD_2frhA,076,13.0,9.0,0.24,0.462,0.234,0.478,,,,,,,6.505,2.928,1.0,,-0.018,,-0.129
1fzpD_2frhA,077,13.0,10.0,0.618,0.825,0.623,0.845,,,,,,,6.417,2.893,1.0,,-0.134,,-0.144
1fzpD_2frhA,078,13.0,12.0,0.565,0.811,0.573,0.808,,,,,,,5.814,2.351,1.0,,-0.134,,-0.123
1fzpD_2frhA,079,13.0,13.0,0.351,0.39,0.573,0.804,,,,,,,5.488,1.782,1.0,,-0.117,,-0.13
1fzpD_2frhA,080,13.0,8.0,0.582,0.833,0.575,0.809,,,,,,,8.545,2.022,1.0,,-0.132,,-0.124
1fzpD_2frhA,081,12.0,11.0,0.556,0.789,0.583,0.814,,,,,,,4.351,1.931,1.0,,-0.126,,-0.126
1fzpD_2frhA,082,12.0,11.0,0.56,0.8,0.573,0.808,,,,,,,6.738,2.502,1.0,,-0.119,,-0.134
1fzpD_2frhA,083,12.0,11.0,0.629,0.853,0.573,0.807,,,,,,,6.206,3.336,1.0,,-0.098,,-0.164
1fzpD_2frhA,084,12.0,9.0,0.63,0.854,0.624,0.848,,,,,,,7.085,3.524,1.0,,-0.13,,-0.075
1fzpD_2frhA,085,12.0,11.0,0.236,0.413,0.264,0.312,,,,,,,7.176,2.364,1.0,,-0.124,,-0.091
1fzpD_2frhA,086,12.0,12.0,0.624,0.854,0.577,0.814,,,,,,,6.659,3.493,1.0,,-0.13,,-0.136
1fzpD_2frhA,087,12.0,11.0,0.276,0.393,0.28,0.382,,,,,,,8.888,1.281,1.0,,-0.128,,-0.139
1fzpD_2frhA,088,12.0,11.0,0.224,0.423,0.217,0.424,,,,,,,8.418,3.369,1.0,,-0.123,,-0.264
1fzpD_2frhA,089,12.0,11.0,0.249,0.462,0.245,0.478,,,,,,,8.712,2.224,1.0,,-0.133,,-0.283
1iytA_2naoF,Deep,,,0.241,0.226,0.479,0.214,0.0,0.028,0.0,,,,,,,,-0.475,0.0,
1iytA_2naoF,000,16.0,1.0,0.199,0.274,0.256,0.303,0.0,0.028,0.0,005; 005; 002; 004; 002; 004; 001; 009; 007; 007,0.43; 0.43; 0.37; 0.37; 0.37; 0.36; 0.35; 0.33; 0.31; 0.31,0.23; 0.23; 0.22; 0.17; 0.19; 0.17; 0.26; 0.22; 0.17; 0.17,0.098,0.156,0.8,-0.034,-0.477,0.0,0.046
1iytA_2naoF,001,14.0,3.0,0.218,0.235,0.489,0.209,,,,,,,-0.006,0.325,0.3,0.176,-0.524,,0.065
1iytA_2naoF,002,13.0,1.0,0.249,0.275,0.486,0.208,,,,,,,0.361,0.275,0.9,0.208,-0.54,,0.049
1iytA_2naoF,003,12.0,1.0,0.257,0.248,0.429,0.241,,,,,,,0.274,0.257,0.8,0.151,-0.0,,0.069
1iytA_2naoF,004,12.0,3.0,0.462,0.269,0.541,0.209,,,,,,,-0.425,0.43,0.2,0.235,-0.254,,0.038
1iytA_2naoF,005,12.0,4.0,0.247,0.233,0.249,0.218,,,,,,,-0.134,0.539,0.4,0.017,-0.303,,0.048
1iytA_2naoF,006,11.0,1.0,0.252,0.188,0.225,0.19,,,,,,,0.154,0.352,0.7,-0.039,-0.517,,0.081
1iytA_2naoF,007,10.0,1.0,0.365,0.179,0.472,0.158,,,,,,,-0.176,0.363,0.2,0.217,-0.507,,0.056
1iytA_2naoF,008,10.0,1.0,0.262,0.263,0.26,0.224,,,,,,,0.115,0.094,0.8,-0.048,-0.489,,0.064
1iytA_2naoF,009,10.0,1.0,0.283,0.209,0.234,0.19,,,,,,,0.383,0.107,1.0,0.101,-0.479,,0.094
1iytA_2naoF,010,,,0.452,0.312,0.287,0.266,,,,,,,0.495,0.087,1.0,0.21,0.05,,0.024
1iytA_2naoF,011,10.0,1.0,0.209,0.195,0.291,0.245,,,,,,,0.308,0.207,1.0,-0.044,-0.477,,0.084
1jfkA_2nxqB,Deep,,,0.453,0.472,0.446,0.465,0.253,0.355,0.35,,,,,,,,0.024,-0.14,
1jfkA_2nxqB,000,825.0,756.0,0.467,0.459,0.443,0.455,0.0,0.124,0.043,001; 001; 003; 003; 007; 007; 004; 004; 005; 005,0.46; 0.46; 0.44; 0.44; 0.42; 0.42; 0.41; 0.41; 0.37; 0.37,0.63; 0.63; 0.43; 0.43; 0.66; 0.66; 0.46; 0.46; 0.44; 0.43,-6.453,5.553,0.3,0.202,0.024,-0.086,0.187
1jfkA_2nxqB,001,778.0,705.0,0.469,0.456,0.447,0.458,0.046,0.054,0.124,001; 001; 003; 002; 005; 003; 002; 005; 010; 010,0.45; 0.45; 0.44; 0.44; 0.44; 0.44; 0.44; 0.44; 0.40; 0.40,0.65; 0.65; 0.88; 0.51; 0.45; 0.88; 0.45; 0.45; 0.48; 0.48,-6.716,6.025,0.3,0.165,0.023,0.022,0.19
1jfkA_2nxqB,002,574.0,511.0,0.463,0.448,0.447,0.455,0.047,0.058,0.105,008; 008; 001; 001; 004; 004; 002; 002; 003; 003,0.47; 0.47; 0.43; 0.43; 0.41; 0.41; 0.40; 0.40; 0.40; 0.40,0.40; 0.40; 0.48; 0.48; 0.55; 0.55; 0.74; 0.74; 0.46; 0.46,-8.901,6.752,0.1,0.262,0.024,-0.032,0.193
1jfkA_2nxqB,003,531.0,471.0,0.457,0.448,0.444,0.458,0.25,0.365,0.326,003; 003; 008; 008; 002; 002; 005; 007; 007; 005,0.51; 0.51; 0.47; 0.47; 0.47; 0.47; 0.46; 0.45; 0.45; 0.45,0.72; 0.71; 0.58; 0.58; 0.46; 0.46; 0.66; 0.63; 0.63; 0.66,-6.148,4.982,0.0,0.171,0.03,0.022,0.193
1jfkA_2nxqB,004,463.0,422.0,0.464,0.454,0.447,0.456,0.048,0.049,0.129,007; 007; 008; 008; 002; 003; 006; 006; 002; 001,0.51; 0.50; 0.43; 0.43; 0.42; 0.42; 0.42; 0.42; 0.42; 0.41,0.47; 0.47; 0.46; 0.46; 0.41; 0.61; 0.46; 0.46; 0.41; 0.43,-7.554,4.943,0.1,0.305,0.026,0.011,0.19
1jfkA_2nxqB,005,462.0,422.0,0.464,0.453,0.447,0.458,0.046,0.067,0.124,007; 007; 003; 003; 006; 006; 001; 001; 009; 009,0.52; 0.52; 0.47; 0.47; 0.47; 0.47; 0.42; 0.42; 0.41; 0.41,0.65; 0.65; 0.52; 0.53; 0.46; 0.46; 0.82; 0.81; 0.36; 0.36,-7.883,5.803,0.1,0.191,0.005,-0.032,0.195
1jfkA_2nxqB,006,377.0,332.0,0.462,0.456,0.447,0.456,0.244,0.356,0.34,002; 002; 006; 006; 003; 003; 009; 009; 004; 004,0.48; 0.48; 0.47; 0.47; 0.43; 0.43; 0.42; 0.42; 0.41; 0.41,0.46; 0.44; 0.72; 0.72; 0.42; 0.42; 0.46; 0.46; 0.61; 0.61,-6.372,4.058,0.1,0.226,0.033,0.0,0.185
1jfkA_2nxqB,007,356.0,322.0,0.457,0.46,0.446,0.457,0.0,0.115,0.022,002; 002; 007; 007; 004; 004; 001; 001; 006; 003,0.45; 0.45; 0.43; 0.43; 0.42; 0.42; 0.41; 0.41; 0.39; 0.39,0.48; 0.43; 0.43; 0.43; 0.46; 0.46; 0.53; 0.53; 0.45; 0.56,-6.93,5.345,0.1,0.283,0.025,0.011,0.193
1jfkA_2nxqB,008,349.0,313.0,0.457,0.456,0.443,0.454,0.049,0.067,0.11,009; 009; 003; 003; 001; 001; 002; 002; 004; 004,0.45; 0.45; 0.44; 0.44; 0.43; 0.43; 0.41; 0.41; 0.41; 0.41,0.45; 0.45; 0.72; 0.72; 0.44; 0.44; 0.46; 0.46; 0.67; 0.67,-6.642,3.183,0.0,0.246,0.026,0.0,0.188
1jfkA_2nxqB,009,309.0,235.0,0.432,0.409,0.358,0.493,0.051,0.039,0.136,004; 004; 008; 008; 002; 002; 001; 001; 007; 003,0.47; 0.47; 0.46; 0.46; 0.44; 0.44; 0.43; 0.43; 0.42; 0.42,0.80; 0.80; 0.46; 0.46; 0.46; 0.46; 0.83; 0.83; 0.45; 0.50,-8.686,5.87,0.1,0.1,0.028,0.011,0.104
1jfkA_2nxqB,010,309.0,278.0,0.47,0.451,0.447,0.459,0.048,0.048,0.108,003; 003; 005; 005; 001; 006; 001; 006; 008; 008,0.46; 0.46; 0.46; 0.46; 0.45; 0.45; 0.45; 0.45; 0.42; 0.42,0.70; 0.70; 0.43; 0.43; 0.63; 0.68; 0.63; 0.68; 0.72; 0.72,-7.704,5.214,0.1,0.291,0.023,0.0,0.191
1jfkA_2nxqB,011,284.0,259.0,0.461,0.454,0.446,0.456,0.051,0.053,0.112,002; 002; 003; 003; 001; 004; 001; 004; 006; 006,0.43; 0.43; 0.42; 0.42; 0.40; 0.40; 0.40; 0.40; 0.37; 0.37,0.51; 0.51; 0.45; 0.45; 0.54; 0.47; 0.54; 0.47; 0.47; 0.47,-3.139,5.594,0.2,0.092,0.015,0.0,0.191
1jfkA_2nxqB,012,281.0,263.0,0.469,0.454,0.446,0.458,0.0,0.09,0.022,003; 003; 006; 006; 008; 008; 001; 001; 010; 002,0.45; 0.45; 0.43; 0.43; 0.41; 0.41; 0.40; 0.40; 0.38; 0.38,0.60; 0.60; 0.52; 0.52; 0.39; 0.39; 0.48; 0.48; 0.36; 0.43,-2.87,3.491,0.3,0.171,0.023,0.0,0.185
1jfkA_2nxqB,013,269.0,241.0,0.458,0.471,0.448,0.46,0.256,0.318,0.333,003; 003; 007; 007; 002; 004; 006; 006; 004; 002,0.45; 0.45; 0.45; 0.45; 0.45; 0.44; 0.44; 0.44; 0.44; 0.44,0.39; 0.39; 0.45; 0.45; 0.50; 0.49; 0.43; 0.43; 0.50; 0.50,-2.602,4.113,0.3,0.31,0.026,0.011,0.189
1jfkA_2nxqB,014,256.0,234.0,0.466,0.456,0.446,0.459,0.049,0.056,0.109,002; 002; 001; 001; 004; 004; 006; 008; 003; 003,0.50; 0.50; 0.46; 0.46; 0.44; 0.44; 0.43; 0.43; 0.43; 0.43,0.43; 0.43; 0.44; 0.44; 0.64; 0.64; 0.52; 0.46; 0.66; 0.66,-4.788,5.167,0.1,0.218,0.012,0.011,0.187
1jfkA_2nxqB,015,226.0,167.0,0.4,0.393,0.381,0.39,0.0,0.093,0.048,002; 002; 003; 007; 007; 003; 005; 001; 006; 001,0.48; 0.47; 0.46; 0.46; 0.46; 0.46; 0.45; 0.44; 0.44; 0.44,0.69; 0.69; 0.44; 0.62; 0.58; 0.44; 0.46; 0.48; 0.48; 0.48,-9.18,6.634,0.2,0.371,0.028,0.0,0.144
1jfkA_2nxqB,016,222.0,206.0,0.469,0.462,0.446,0.458,0.27,0.267,0.357,003; 003; 004; 004; 001; 009; 007; 005; 001; 009,0.46; 0.46; 0.43; 0.43; 0.39; 0.39; 0.39; 0.39; 0.39; 0.39,0.61; 0.61; 0.71; 0.71; 0.59; 0.61; 0.40; 0.53; 0.60; 0.61,-3.743,6.153,0.4,0.233,0.012,0.0,0.182
1jfkA_2nxqB,017,202.0,178.0,0.459,0.465,0.447,0.459,0.048,0.038,0.129,005; 005; 006; 006; 001; 004; 001; 004; 009; 009,0.47; 0.47; 0.46; 0.46; 0.43; 0.43; 0.43; 0.43; 0.39; 0.39,0.49; 0.49; 0.47; 0.47; 0.46; 0.60; 0.46; 0.60; 0.34; 0.34,-4.382,3.834,0.2,0.178,0.019,0.0,0.194
1jfkA_2nxqB,018,200.0,69.0,0.404,0.364,0.44,0.891,0.045,0.036,0.121,008; 008; 001; 003; 003; 004; 004; 009; 001; 009,0.45; 0.45; 0.44; 0.44; 0.44; 0.44; 0.44; 0.43; 0.43; 0.43,0.44; 0.44; 0.66; 0.38; 0.38; 0.45; 0.45; 0.43; 0.66; 0.43,-4.145,3.969,0.3,0.092,0.025,0.0,0.166
1jfkA_2nxqB,019,195.0,178.0,0.462,0.446,0.445,0.456,0.279,0.36,0.333,001; 001; 002; 002; 006; 006; 004; 004; 005; 005,0.48; 0.47; 0.45; 0.44; 0.44; 0.44; 0.43; 0.43; 0.42; 0.42,0.55; 0.56; 0.62; 0.61; 0.57; 0.57; 0.61; 0.61; 0.54; 0.53,-0.667,2.713,0.5,0.342,0.03,0.0,0.188
1jfkA_2nxqB,020,195.0,183.0,0.446,0.462,0.448,0.455,0.209,0.4,0.312,005; 005; 006; 006; 004; 004; 003; 003; 009; 009,0.48; 0.48; 0.44; 0.44; 0.43; 0.43; 0.42; 0.42; 0.40; 0.40,0.48; 0.48; 0.50; 0.50; 0.46; 0.46; 0.50; 0.50; 0.38; 0.38,-1.37,2.551,0.3,0.154,0.027,0.0,0.189
1jfkA_2nxqB,021,181.0,169.0,0.468,0.456,0.448,0.456,,,,,,,-6.255,6.108,0.1,0.24,0.028,,0.19
1jfkA_2nxqB,022,180.0,166.0,0.467,0.461,0.446,0.455,,,,,,,-2.052,2.55,0.3,0.268,0.03,,0.193
1jfkA_2nxqB,023,175.0,160.0,0.468,0.473,0.446,0.456,,,,,,,-0.282,1.584,0.7,0.318,0.03,,0.188
1jfkA_2nxqB,024,174.0,104.0,0.251,0.475,0.447,0.456,,,,,,,-5.96,3.825,0.0,-0.363,-0.001,,0.19
1jfkA_2nxqB,025,168.0,135.0,0.45,0.463,0.445,0.457,,,,,,,-4.787,3.661,0.1,0.203,0.03,,0.195
1jfkA_2nxqB,026,167.0,144.0,0.462,0.459,0.445,0.458,,,,,,,-4.72,6.474,0.4,0.194,0.029,,0.19
1jfkA_2nxqB,027,166.0,147.0,0.462,0.453,0.444,0.452,,,,,,,-4.251,4.972,0.3,0.272,0.026,,0.188
1jfkA_2nxqB,028,157.0,139.0,0.46,0.456,0.446,0.456,,,,,,,-3.221,5.086,0.2,0.126,0.019,,0.188
1jfkA_2nxqB,029,155.0,141.0,0.465,0.458,0.447,0.456,,,,,,,-1.898,4.162,0.3,0.27,0.03,,0.192
1jfkA_2nxqB,030,155.0,131.0,0.462,0.46,0.443,0.459,,,,,,,-2.375,4.473,0.4,0.231,0.024,,0.188
1jfkA_2nxqB,031,148.0,133.0,0.469,0.45,0.448,0.458,,,,,,,-4.482,5.083,0.3,0.232,0.033,,0.186
1jfkA_2nxqB,032,147.0,48.0,0.462,0.467,0.409,0.724,,,,,,,-4.99,4.283,0.1,0.2,0.029,,0.13
1jfkA_2nxqB,033,146.0,135.0,0.45,0.456,0.446,0.456,,,,,,,-1.514,3.561,0.5,0.196,0.024,,0.19
1jfkA_2nxqB,034,145.0,134.0,0.448,0.451,0.448,0.455,,,,,,,-0.641,1.259,0.3,0.165,0.017,,0.187
1jfkA_2nxqB,035,144.0,133.0,0.468,0.449,0.447,0.456,,,,,,,-3.337,3.967,0.4,0.273,0.023,,0.191
1jfkA_2nxqB,036,140.0,134.0,0.466,0.451,0.447,0.456,,,,,,,-1.064,2.014,0.3,0.194,0.023,,0.186
1jfkA_2nxqB,037,139.0,104.0,0.423,0.498,0.37,0.403,,,,,,,-4.341,3.621,0.1,0.151,0.025,,0.117
1jfkA_2nxqB,038,135.0,123.0,0.457,0.459,0.447,0.456,,,,,,,-1.554,3.657,0.4,0.126,0.03,,0.187
1jfkA_2nxqB,039,134.0,123.0,0.468,0.46,0.448,0.456,,,,,,,-7.788,5.924,0.2,0.173,0.023,,0.19
1jfkA_2nxqB,040,132.0,106.0,0.459,0.458,0.447,0.459,,,,,,,-7.405,4.617,0.0,0.212,0.033,,0.187
1jfkA_2nxqB,041,131.0,82.0,0.472,0.53,0.44,0.687,,,,,,,-3.51,2.893,0.1,0.076,-0.007,,0.156
1jfkA_2nxqB,042,130.0,126.0,0.458,0.459,0.447,0.459,,,,,,,-3.542,4.651,0.2,0.038,0.034,,0.188
1jfkA_2nxqB,043,130.0,91.0,0.461,0.454,0.447,0.457,,,,,,,-1.8,4.781,0.4,0.105,0.035,,0.194
1jfkA_2nxqB,044,128.0,116.0,0.458,0.456,0.446,0.456,,,,,,,-1.875,3.494,0.3,0.215,0.023,,0.187
1jfkA_2nxqB,045,128.0,120.0,0.469,0.458,0.446,0.459,,,,,,,-4.243,4.069,0.2,0.22,0.009,,0.186
1jfkA_2nxqB,046,127.0,116.0,0.469,0.451,0.447,0.456,,,,,,,-1.233,3.571,0.6,0.263,0.031,,0.187
1jfkA_2nxqB,047,127.0,119.0,0.451,0.452,0.448,0.456,,,,,,,-2.669,4.704,0.3,0.287,0.023,,0.191
1jfkA_2nxqB,048,127.0,117.0,0.46,0.459,0.446,0.456,,,,,,,-2.678,4.29,0.2,0.325,0.027,,0.187
1jfkA_2nxqB,049,124.0,116.0,0.464,0.45,0.446,0.459,,,,,,,-3.346,3.383,0.2,0.224,0.033,,0.193
1jfkA_2nxqB,050,123.0,109.0,0.466,0.453,0.447,0.456,,,,,,,-4.522,3.285,0.1,0.279,0.017,,0.196
1jfkA_2nxqB,051,123.0,110.0,0.463,0.441,0.442,0.452,,,,,,,-1.279,2.299,0.3,0.229,0.012,,0.194
1jfkA_2nxqB,052,123.0,70.0,0.457,0.452,0.447,0.456,,,,,,,-4.617,4.854,0.2,0.165,0.029,,0.192
1jfkA_2nxqB,053,121.0,114.0,0.467,0.458,0.447,0.456,,,,,,,-2.077,4.163,0.4,0.323,0.028,,0.188
1jfkA_2nxqB,054,116.0,103.0,0.46,0.455,0.444,0.455,,,,,,,-6.12,3.18,0.1,0.27,0.023,,0.189
1jfkA_2nxqB,055,116.0,107.0,0.475,0.473,0.443,0.451,,,,,,,0.589,1.886,0.6,0.219,0.027,,0.184
1jfkA_2nxqB,056,114.0,104.0,0.445,0.442,0.449,0.456,,,,,,,0.454,1.109,0.5,0.21,0.029,,0.192
1jfkA_2nxqB,057,113.0,110.0,0.439,0.452,0.448,0.455,,,,,,,-0.07,1.485,0.6,0.145,0.028,,0.188
1jfkA_2nxqB,058,113.0,101.0,0.461,0.465,0.447,0.456,,,,,,,-6.294,5.849,0.2,0.225,0.026,,0.194
1jfkA_2nxqB,059,112.0,104.0,0.452,0.454,0.449,0.455,,,,,,,0.005,2.851,0.6,0.229,0.017,,0.192
1jfkA_2nxqB,060,112.0,61.0,0.409,0.366,0.471,0.483,,,,,,,-3.274,3.732,0.4,0.222,0.031,,0.157
1jfkA_2nxqB,061,109.0,104.0,0.461,0.468,0.445,0.458,,,,,,,-4.888,4.579,0.1,0.422,0.023,,0.187
1jfkA_2nxqB,062,108.0,97.0,0.454,0.451,0.449,0.455,,,,,,,-0.986,3.507,0.5,0.352,0.03,,0.187
1jfkA_2nxqB,063,108.0,34.0,0.479,0.505,0.391,0.5,,,,,,,-6.53,5.521,0.2,0.104,0.012,,0.138
1jfkA_2nxqB,064,103.0,95.0,0.462,0.462,0.445,0.471,,,,,,,-2.042,2.66,0.3,0.18,0.026,,0.189
1jfkA_2nxqB,065,98.0,93.0,0.449,0.44,0.444,0.456,,,,,,,-0.338,1.817,0.3,0.182,0.03,,0.189
1jfkA_2nxqB,066,95.0,90.0,0.466,0.445,0.446,0.456,,,,,,,-2.803,4.922,0.3,0.198,0.017,,0.188
1jfkA_2nxqB,067,94.0,85.0,0.469,0.447,0.447,0.455,,,,,,,0.064,1.384,0.5,0.307,0.026,,0.189
1jfkA_2nxqB,068,93.0,90.0,0.436,0.443,0.448,0.455,,,,,,,-0.834,1.712,0.2,0.245,0.028,,0.187
1jfkA_2nxqB,069,93.0,83.0,0.463,0.45,0.449,0.455,,,,,,,-0.851,4.25,0.4,0.217,0.033,,0.194
1jfkA_2nxqB,070,90.0,82.0,0.465,0.467,0.447,0.455,,,,,,,-1.379,0.835,0.1,0.142,0.032,,0.185
1jfkA_2nxqB,071,88.0,86.0,0.445,0.46,0.448,0.455,,,,,,,1.212,2.471,0.8,0.252,0.024,,0.192
1jfkA_2nxqB,072,88.0,66.0,0.427,0.377,0.432,0.45,,,,,,,-3.96,3.864,0.1,0.257,0.028,,0.189
1jfkA_2nxqB,073,86.0,60.0,0.464,0.453,0.445,0.455,,,,,,,-8.64,5.629,0.2,0.146,0.023,,0.186
1jfkA_2nxqB,074,86.0,80.0,0.47,0.434,0.446,0.458,,,,,,,-1.466,3.568,0.6,0.274,0.019,,0.193
1jfkA_2nxqB,075,85.0,77.0,0.461,0.473,0.447,0.456,,,,,,,-3.38,4.616,0.3,0.389,0.011,,0.192
1jfkA_2nxqB,076,83.0,72.0,0.463,0.459,0.448,0.457,,,,,,,-2.116,3.987,0.4,0.318,0.024,,0.19
1jfkA_2nxqB,077,83.0,77.0,0.46,0.448,0.446,0.456,,,,,,,-1.496,3.474,0.3,0.269,0.025,,0.189
1jfkA_2nxqB,078,82.0,71.0,0.439,0.456,0.449,0.455,,,,,,,0.168,1.362,0.6,0.254,0.03,,0.189
1jfkA_2nxqB,079,79.0,73.0,0.463,0.457,0.446,0.456,,,,,,,-5.86,6.665,0.1,0.073,0.026,,0.189
1jfkA_2nxqB,080,78.0,56.0,0.447,0.453,0.449,0.455,,,,,,,-1.159,3.56,0.5,0.288,0.028,,0.185
1jfkA_2nxqB,081,74.0,69.0,0.47,0.456,0.448,0.458,,,,,,,-4.414,3.841,0.2,0.253,0.026,,0.183
1jfkA_2nxqB,082,73.0,61.0,0.465,0.471,0.449,0.455,,,,,,,1.105,2.434,0.7,0.231,0.023,,0.193
1jfkA_2nxqB,083,71.0,62.0,0.461,0.458,0.445,0.457,,,,,,,-0.041,3.279,0.7,0.296,0.029,,0.191
1jfkA_2nxqB,084,69.0,64.0,0.447,0.469,0.446,0.456,,,,,,,-0.255,3.766,0.5,0.343,0.024,,0.189
1jfkA_2nxqB,085,68.0,61.0,0.468,0.449,0.447,0.455,,,,,,,-2.083,2.483,0.2,0.239,0.029,,0.19
1jfkA_2nxqB,086,66.0,63.0,0.438,0.452,0.447,0.455,,,,,,,0.794,1.715,0.7,0.298,0.023,,0.184
1jfkA_2nxqB,087,64.0,58.0,0.463,0.46,0.446,0.459,,,,,,,-6.179,4.496,0.2,0.29,0.031,,0.196
1jfkA_2nxqB,088,63.0,62.0,0.451,0.466,0.448,0.456,,,,,,,-0.223,2.865,0.5,0.142,0.033,,0.187
1jfkA_2nxqB,089,63.0,57.0,0.446,0.431,0.442,0.451,,,,,,,1.398,1.973,0.7,0.345,0.028,,0.19
1jfkA_2nxqB,090,61.0,44.0,0.446,0.453,0.449,0.455,,,,,,,2.21,1.318,0.9,-0.121,0.01,,0.189
1jfkA_2nxqB,091,59.0,57.0,0.455,0.458,0.447,0.456,,,,,,,-7.773,6.399,0.1,0.182,0.026,,0.191
1jfkA_2nxqB,092,58.0,53.0,0.465,0.447,0.445,0.455,,,,,,,-0.55,2.388,0.4,0.291,0.014,,0.188
1jfkA_2nxqB,093,58.0,52.0,0.453,0.467,0.447,0.455,,,,,,,-5.224,5.005,0.3,0.255,0.021,,0.189
1jfkA_2nxqB,094,52.0,47.0,0.451,0.461,0.448,0.455,,,,,,,-0.006,2.558,0.7,0.284,0.032,,0.19
1jfkA_2nxqB,095,52.0,42.0,0.454,0.425,0.45,0.455,,,,,,,1.117,1.722,0.6,0.177,0.028,,0.189
1jfkA_2nxqB,096,50.0,47.0,0.459,0.458,0.447,0.459,,,,,,,-0.765,2.839,0.6,0.185,0.014,,0.189
1jfkA_2nxqB,097,48.0,45.0,0.461,0.466,0.446,0.456,,,,,,,0.291,1.458,0.7,0.288,0.021,,0.189
1jfkA_2nxqB,098,48.0,36.0,0.436,0.444,0.444,0.452,,,,,,,-5.007,4.996,0.2,0.21,0.029,,0.192
1jfkA_2nxqB,099,43.0,40.0,0.444,0.455,0.449,0.455,,,,,,,-0.957,4.291,0.4,0.371,0.023,,0.189
1kctA_3t1pA,Deep,,,0.939,0.828,0.939,0.837,0.404,0.381,0.41,,,,,,,,-0.032,-0.014,
1kctA_3t1pA,000,953.0,649.0,0.488,0.41,0.761,0.852,0.018,0.027,0.02,003; 003; 002; 002; 008; 008; 001; 001; 009; 004,0.89; 0.89; 0.89; 0.89; 0.88; 0.88; 0.87; 0.87; 0.85; 0.85,0.79; 0.79; 0.77; 0.77; 0.81; 0.81; 0.80; 0.80; 0.75; 0.76,42.605,15.162,1.0,0.03,-0.066,-0.011,0.011
1kctA_3t1pA,001,789.0,553.0,0.444,0.368,0.774,0.868,0.188,0.202,0.201,001; 007; 007; 005; 001; 005; 008; 009; 004; 004,0.88; 0.88; 0.88; 0.88; 0.88; 0.88; 0.87; 0.87; 0.87; 0.87,0.82; 0.77; 0.77; 0.80; 0.82; 0.80; 0.77; 0.79; 0.79; 0.79,41.556,11.921,1.0,0.05,-0.05,0.001,0.007
1kctA_3t1pA,002,620.0,429.0,0.556,0.49,0.773,0.856,0.007,0.008,0.005,004; 004; 001; 002; 002; 001; 005; 005; 010; 003,0.90; 0.90; 0.86; 0.86; 0.86; 0.86; 0.83; 0.83; 0.82; 0.82,0.81; 0.81; 0.80; 0.81; 0.81; 0.80; 0.80; 0.80; 0.77; 0.79,41.793,14.637,1.0,0.007,-0.047,-0.002,0.061
1kctA_3t1pA,003,549.0,394.0,0.706,0.656,0.75,0.831,0.035,0.039,0.042,004; 004; 005; 005; 001; 001; 002; 002; 003; 003,0.87; 0.87; 0.86; 0.86; 0.85; 0.85; 0.84; 0.84; 0.84; 0.84,0.79; 0.79; 0.80; 0.80; 0.82; 0.82; 0.81; 0.81; 0.80; 0.80,45.651,14.36,1.0,0.053,-0.027,-0.0,0.03
1kctA_3t1pA,004,539.0,259.0,0.267,0.271,0.269,0.22,0.129,0.118,0.101,001; 001; 002; 002; 005; 009; 005; 009; 010; 010,0.91; 0.91; 0.89; 0.89; 0.88; 0.88; 0.88; 0.88; 0.87; 0.87,0.83; 0.83; 0.82; 0.82; 0.81; 0.77; 0.81; 0.77; 0.75; 0.75,37.535,14.305,1.0,0.058,-0.04,0.0,0.019
1kctA_3t1pA,005,526.0,373.0,0.415,0.333,0.774,0.85,0.003,0.002,0.002,001; 001; 002; 002; 005; 005; 007; 007; 008; 008,0.91; 0.91; 0.90; 0.90; 0.89; 0.89; 0.85; 0.85; 0.83; 0.83,0.81; 0.81; 0.78; 0.78; 0.82; 0.82; 0.74; 0.74; 0.71; 0.71,42.042,13.389,1.0,0.023,-0.06,0.0,0.034
1kctA_3t1pA,006,504.0,254.0,0.261,0.243,0.231,0.212,0.046,0.051,0.044,005; 005; 010; 010; 002; 002; 001; 001; 009; 003,0.89; 0.89; 0.88; 0.88; 0.88; 0.88; 0.86; 0.86; 0.84; 0.84,0.81; 0.81; 0.80; 0.80; 0.78; 0.78; 0.80; 0.80; 0.81; 0.76,41.86,15.205,1.0,-0.005,-0.047,0.0,0.014
1kctA_3t1pA,007,437.0,256.0,0.238,0.22,0.431,0.344,0.171,0.15,0.147,001; 001; 003; 003; 002; 002; 004; 004; 007; 007,0.91; 0.91; 0.88; 0.88; 0.87; 0.87; 0.78; 0.78; 0.72; 0.72,0.83; 0.83; 0.78; 0.78; 0.76; 0.76; 0.67; 0.67; 0.74; 0.74,41.196,18.754,1.0,0.013,-0.037,0.0,0.015
1kctA_3t1pA,008,424.0,280.0,0.479,0.412,0.759,0.843,0.202,0.14,0.154,001; 001; 002; 002; 007; 004; 007; 004; 003; 003,0.94; 0.94; 0.89; 0.89; 0.88; 0.88; 0.88; 0.88; 0.85; 0.85,0.85; 0.85; 0.77; 0.77; 0.77; 0.78; 0.77; 0.78; 0.77; 0.77,42.26,16.356,1.0,-0.035,-0.051,0.0,0.02
1kctA_3t1pA,009,397.0,268.0,0.348,0.294,0.742,0.828,0.25,0.226,0.231,010; 010; 009; 009; 005; 003; 001; 005; 003; 001,0.86; 0.86; 0.85; 0.85; 0.85; 0.85; 0.85; 0.85; 0.85; 0.85,0.80; 0.80; 0.78; 0.78; 0.80; 0.74; 0.80; 0.80; 0.74; 0.80,44.989,15.554,1.0,0.006,-0.025,0.0,0.01
1kctA_3t1pA,010,356.0,209.0,0.465,0.395,0.873,0.822,0.009,0.011,0.009,005; 005; 004; 004; 001; 001; 009; 009; 002; 002,0.89; 0.89; 0.88; 0.88; 0.87; 0.87; 0.86; 0.86; 0.84; 0.84,0.80; 0.80; 0.80; 0.80; 0.80; 0.80; 0.77; 0.77; 0.77; 0.77,42.866,15.115,1.0,0.005,-0.045,0.0,0.064
1kctA_3t1pA,011,314.0,133.0,0.288,0.232,0.293,0.238,0.155,0.15,0.145,002; 004; 004; 002; 001; 006; 003; 001; 006; 003,0.87; 0.87; 0.87; 0.87; 0.86; 0.86; 0.86; 0.86; 0.86; 0.86,0.80; 0.81; 0.81; 0.80; 0.82; 0.77; 0.79; 0.82; 0.77; 0.79,32.444,12.872,1.0,0.047,-0.028,0.0,0.018
1kctA_3t1pA,012,312.0,215.0,0.485,0.426,0.764,0.85,0.017,0.028,0.017,001; 003; 001; 003; 002; 002; 004; 004; 009; 009,0.89; 0.89; 0.89; 0.89; 0.88; 0.88; 0.87; 0.87; 0.86; 0.86,0.81; 0.78; 0.81; 0.78; 0.76; 0.76; 0.78; 0.78; 0.77; 0.77,37.745,16.103,1.0,0.045,-0.054,0.0,0.064
1kctA_3t1pA,013,289.0,214.0,0.278,0.266,0.267,0.258,0.009,0.012,0.009,003; 003; 004; 004; 001; 001; 002; 002; 005; 005,0.89; 0.89; 0.89; 0.89; 0.88; 0.88; 0.87; 0.87; 0.85; 0.85,0.78; 0.78; 0.82; 0.82; 0.81; 0.81; 0.78; 0.78; 0.79; 0.79,39.463,13.532,1.0,0.021,-0.06,0.0,0.003
1kctA_3t1pA,014,287.0,219.0,0.243,0.255,0.759,0.844,0.038,0.041,0.035,001; 001; 002; 002; 005; 005; 004; 006; 006; 004,0.91; 0.91; 0.89; 0.89; 0.87; 0.87; 0.86; 0.86; 0.86; 0.86,0.83; 0.83; 0.77; 0.77; 0.77; 0.77; 0.75; 0.75; 0.75; 0.75,41.321,13.152,1.0,0.015,-0.046,0.0,0.018
1kctA_3t1pA,015,287.0,196.0,0.505,0.429,0.816,0.841,0.115,0.142,0.123,001; 002; 002; 001; 005; 004; 003; 003; 004; 005,0.88; 0.88; 0.88; 0.88; 0.86; 0.86; 0.86; 0.86; 0.86; 0.86,0.81; 0.79; 0.79; 0.81; 0.78; 0.77; 0.76; 0.76; 0.77; 0.78,43.803,17.803,1.0,0.013,-0.038,0.0,0.048
1kctA_3t1pA,016,284.0,198.0,0.605,0.617,0.756,0.842,0.146,0.158,0.153,001; 001; 003; 002; 003; 002; 008; 008; 009; 010,0.89; 0.89; 0.87; 0.87; 0.87; 0.87; 0.86; 0.86; 0.85; 0.85,0.81; 0.81; 0.78; 0.79; 0.78; 0.79; 0.80; 0.80; 0.80; 0.79,43.297,15.711,1.0,0.012,-0.043,0.0,0.042
1kctA_3t1pA,017,269.0,195.0,0.356,0.283,0.754,0.836,0.0,0.0,0.0,002; 002; 004; 004; 001; 005; 003; 001; 005; 003,0.89; 0.89; 0.87; 0.87; 0.86; 0.86; 0.86; 0.86; 0.86; 0.86,0.81; 0.81; 0.76; 0.76; 0.82; 0.75; 0.77; 0.82; 0.75; 0.77,41.366,13.251,1.0,0.03,-0.038,0.0,0.062
1kctA_3t1pA,018,267.0,84.0,0.278,0.293,0.291,0.29,0.002,0.002,0.002,005; 005; 002; 003; 003; 002; 001; 009; 006; 001,0.88; 0.88; 0.86; 0.86; 0.86; 0.86; 0.85; 0.85; 0.85; 0.85,0.79; 0.79; 0.79; 0.79; 0.79; 0.79; 0.79; 0.80; 0.79; 0.79,33.002,14.664,1.0,0.028,-0.038,0.0,0.004
1kctA_3t1pA,019,265.0,196.0,0.827,0.75,0.749,0.833,0.156,0.175,0.154,005; 005; 001; 001; 006; 002; 002; 006; 003; 003,0.90; 0.90; 0.88; 0.88; 0.87; 0.87; 0.87; 0.87; 0.86; 0.86,0.81; 0.81; 0.80; 0.80; 0.78; 0.78; 0.78; 0.78; 0.78; 0.78,41.695,13.604,1.0,0.012,0.014,0.0,0.076
1kctA_3t1pA,020,260.0,155.0,0.72,0.678,0.76,0.845,,,,,,,46.005,15.07,1.0,0.072,-0.061,,0.023
1kctA_3t1pA,021,247.0,25.0,0.265,0.24,0.256,0.246,,,,,,,26.583,11.469,1.0,0.014,-0.054,,0.007
1kctA_3t1pA,022,245.0,142.0,0.25,0.235,0.508,0.442,,,,,,,38.76,12.757,1.0,0.015,-0.054,,0.014
1kctA_3t1pA,023,245.0,187.0,0.371,0.308,0.736,0.816,,,,,,,41.233,11.889,1.0,0.005,-0.067,,0.013
1kctA_3t1pA,024,242.0,175.0,0.509,0.489,0.73,0.81,,,,,,,45.62,18.893,1.0,0.012,-0.058,,0.027
1kctA_3t1pA,025,237.0,86.0,0.329,0.229,0.267,0.232,,,,,,,39.695,16.16,1.0,0.014,-0.046,,0.026
1kctA_3t1pA,026,227.0,158.0,0.245,0.21,0.303,0.282,,,,,,,40.114,15.485,1.0,0.013,-0.055,,0.016
1kctA_3t1pA,027,216.0,33.0,0.251,0.21,0.403,0.328,,,,,,,25.695,13.401,1.0,0.062,-0.04,,0.006
1kctA_3t1pA,028,202.0,139.0,0.474,0.536,0.753,0.841,,,,,,,38.773,11.367,1.0,0.009,-0.038,,0.013
1kctA_3t1pA,029,193.0,8.0,0.311,0.254,0.268,0.262,,,,,,,25.165,13.228,1.0,0.0,-0.061,,0.025
1kctA_3t1pA,030,191.0,118.0,0.448,0.365,0.821,0.777,,,,,,,39.408,12.455,1.0,-0.018,-0.01,,0.011
1kctA_3t1pA,031,188.0,134.0,0.398,0.333,0.763,0.852,,,,,,,40.355,16.351,1.0,0.016,-0.057,,0.05
1kctA_3t1pA,032,184.0,13.0,0.285,0.242,0.276,0.279,,,,,,,26.287,10.629,1.0,0.019,-0.05,,0.021
1kctA_3t1pA,033,184.0,141.0,0.389,0.409,0.732,0.827,,,,,,,42.065,16.076,1.0,0.013,-0.035,,0.036
1kctA_3t1pA,034,182.0,69.0,0.2,0.217,0.256,0.266,,,,,,,25.618,11.803,1.0,0.036,-0.047,,0.016
1kctA_3t1pA,035,172.0,126.0,0.528,0.58,0.755,0.843,,,,,,,41.913,13.885,1.0,0.007,-0.039,,0.017
1kctA_3t1pA,036,171.0,61.0,0.232,0.266,0.22,0.25,,,,,,,35.388,14.543,1.0,-0.02,-0.057,,0.015
1kctA_3t1pA,037,169.0,43.0,0.232,0.271,0.259,0.25,,,,,,,28.776,12.904,1.0,0.028,-0.038,,0.016
1kctA_3t1pA,038,166.0,119.0,0.315,0.258,0.506,0.426,,,,,,,41.587,16.062,1.0,-0.014,-0.022,,0.025
1kctA_3t1pA,039,165.0,20.0,0.246,0.215,0.287,0.225,,,,,,,38.325,17.778,1.0,0.029,-0.04,,0.016
1kctA_3t1pA,040,159.0,127.0,0.369,0.277,0.564,0.641,,,,,,,41.64,17.74,1.0,0.089,-0.034,,0.076
1kctA_3t1pA,041,156.0,12.0,0.217,0.224,0.256,0.258,,,,,,,22.688,9.27,1.0,-0.011,-0.091,,0.014
1kctA_3t1pA,042,152.0,97.0,0.258,0.253,0.755,0.838,,,,,,,41.604,17.825,1.0,0.003,-0.042,,0.006
1kctA_3t1pA,043,152.0,91.0,0.462,0.39,0.72,0.803,,,,,,,42.356,17.819,1.0,-0.02,-0.035,,0.079
1kctA_3t1pA,044,147.0,101.0,0.415,0.35,0.759,0.848,,,,,,,41.257,17.981,1.0,0.005,-0.06,,0.068
1kctA_3t1pA,045,145.0,82.0,0.36,0.28,0.751,0.843,,,,,,,49.637,13.037,1.0,0.018,-0.046,,0.027
1kctA_3t1pA,046,142.0,107.0,0.254,0.2,0.363,0.268,,,,,,,40.583,13.915,1.0,0.014,-0.044,,0.074
1kctA_3t1pA,047,139.0,116.0,0.47,0.521,0.66,0.74,,,,,,,39.678,16.012,1.0,0.033,-0.028,,0.045
1kctA_3t1pA,048,138.0,48.0,0.399,0.337,0.397,0.319,,,,,,,37.341,14.224,1.0,0.008,-0.047,,0.043
1kctA_3t1pA,049,138.0,13.0,0.229,0.227,0.25,0.219,,,,,,,34.397,16.459,1.0,0.019,-0.077,,0.008
1kctA_3t1pA,050,138.0,99.0,0.386,0.352,0.763,0.844,,,,,,,41.682,13.663,1.0,-0.031,-0.05,,0.067
1kctA_3t1pA,051,137.0,97.0,0.253,0.264,0.78,0.86,,,,,,,39.627,14.614,1.0,0.031,-0.069,,0.024
1kctA_3t1pA,052,133.0,95.0,0.23,0.247,0.775,0.854,,,,,,,39.486,15.635,1.0,0.019,-0.06,,0.022
1kctA_3t1pA,053,133.0,109.0,0.861,0.897,0.818,0.899,,,,,,,39.14,12.107,1.0,0.001,-0.036,,0.083
1kctA_3t1pA,054,130.0,27.0,0.228,0.223,0.236,0.268,,,,,,,37.121,19.392,1.0,-0.021,-0.031,,0.002
1kctA_3t1pA,055,130.0,94.0,0.221,0.201,0.776,0.85,,,,,,,41.746,15.04,1.0,-0.03,-0.065,,0.007
1kctA_3t1pA,056,128.0,33.0,0.24,0.235,0.259,0.276,,,,,,,30.468,15.362,1.0,0.005,-0.076,,0.01
1kctA_3t1pA,057,126.0,103.0,0.324,0.241,0.753,0.846,,,,,,,39.979,13.182,1.0,0.018,-0.071,,0.031
1kctA_3t1pA,058,125.0,52.0,0.227,0.207,0.258,0.21,,,,,,,29.175,10.586,1.0,-0.004,-0.061,,0.008
1kctA_3t1pA,059,121.0,72.0,0.295,0.281,0.764,0.847,,,,,,,41.727,12.391,1.0,0.018,-0.037,,0.009
1kctA_3t1pA,060,118.0,87.0,0.35,0.397,0.729,0.803,,,,,,,39.588,17.514,1.0,0.013,-0.035,,-0.003
1kctA_3t1pA,061,115.0,68.0,0.242,0.226,0.77,0.897,,,,,,,36.898,10.361,1.0,0.04,-0.036,,0.028
1kctA_3t1pA,062,114.0,90.0,0.223,0.223,0.242,0.252,,,,,,,37.649,15.896,1.0,0.001,-0.051,,0.011
1kctA_3t1pA,063,113.0,61.0,0.233,0.222,0.457,0.384,,,,,,,41.254,15.042,1.0,0.033,-0.039,,0.005
1kctA_3t1pA,064,110.0,63.0,0.496,0.567,0.759,0.842,,,,,,,36.568,17.085,1.0,0.007,-0.036,,0.013
1kctA_3t1pA,065,110.0,68.0,0.393,0.326,0.748,0.855,,,,,,,38.99,10.368,1.0,0.016,-0.055,,0.011
1kctA_3t1pA,066,104.0,71.0,0.288,0.278,0.856,0.774,,,,,,,42.106,12.751,1.0,0.016,-0.058,,0.0
1kctA_3t1pA,067,104.0,73.0,0.291,0.254,0.759,0.842,,,,,,,43.788,13.795,1.0,0.021,-0.038,,0.021
1kctA_3t1pA,068,103.0,81.0,0.78,0.789,0.764,0.841,,,,,,,39.767,16.081,1.0,0.064,-0.014,,0.006
1kctA_3t1pA,069,102.0,66.0,0.302,0.295,0.757,0.835,,,,,,,37.846,12.89,1.0,0.038,-0.024,,0.012
1kctA_3t1pA,070,100.0,67.0,0.313,0.294,0.73,0.82,,,,,,,47.298,10.618,1.0,0.003,-0.037,,0.017
1kctA_3t1pA,071,98.0,79.0,0.903,0.858,0.814,0.92,,,,,,,33.574,12.217,1.0,-0.001,-0.036,,0.081
1kctA_3t1pA,072,96.0,68.0,0.285,0.184,0.373,0.288,,,,,,,43.447,19.591,1.0,0.036,-0.056,,0.094
1kctA_3t1pA,073,93.0,68.0,0.326,0.349,0.39,0.433,,,,,,,41.529,13.437,1.0,0.052,-0.04,,0.037
1kctA_3t1pA,074,91.0,69.0,0.427,0.345,0.882,0.83,,,,,,,43.213,17.109,1.0,0.061,-0.046,,0.027
1kctA_3t1pA,075,87.0,35.0,0.267,0.22,0.252,0.208,,,,,,,30.678,15.164,1.0,0.008,-0.044,,0.01
1kctA_3t1pA,076,81.0,58.0,0.253,0.298,0.774,0.855,,,,,,,39.516,13.54,1.0,0.025,-0.012,,0.009
1kctA_3t1pA,077,78.0,54.0,0.271,0.266,0.279,0.301,,,,,,,43.121,16.141,1.0,0.006,-0.043,,0.009
1kctA_3t1pA,078,76.0,56.0,0.312,0.245,0.745,0.858,,,,,,,40.29,11.976,1.0,0.033,-0.041,,0.015
1kctA_3t1pA,079,73.0,55.0,0.246,0.229,0.533,0.602,,,,,,,41.855,15.553,1.0,-0.071,-0.061,,0.064
1kctA_3t1pA,080,71.0,49.0,0.276,0.263,0.766,0.867,,,,,,,43.482,11.074,1.0,0.013,-0.029,,0.043
1kctA_3t1pA,081,71.0,54.0,0.233,0.246,0.729,0.798,,,,,,,41.817,12.058,1.0,-0.019,-0.019,,0.066
1kctA_3t1pA,082,68.0,57.0,0.875,0.9,0.818,0.91,,,,,,,38.227,15.31,1.0,-0.045,-0.059,,0.082
1kctA_3t1pA,083,61.0,41.0,0.284,0.305,0.708,0.781,,,,,,,46.008,11.011,1.0,-0.001,-0.067,,0.01
1kctA_3t1pA,084,58.0,45.0,0.686,0.667,0.763,0.849,,,,,,,38.378,12.15,1.0,0.01,-0.034,,0.017
1kctA_3t1pA,085,55.0,36.0,0.411,0.343,0.741,0.829,,,,,,,40.248,12.103,1.0,-0.006,-0.081,,0.004
1kctA_3t1pA,086,52.0,37.0,0.296,0.258,0.682,0.76,,,,,,,44.032,14.455,1.0,0.015,-0.03,,0.04
1kctA_3t1pA,087,49.0,27.0,0.352,0.323,0.37,0.271,,,,,,,36.702,20.893,1.0,0.032,-0.011,,0.023
1kctA_3t1pA,088,47.0,31.0,0.265,0.252,0.276,0.301,,,,,,,39.877,9.342,1.0,0.033,-0.053,,0.003
1kctA_3t1pA,089,46.0,26.0,0.245,0.241,0.346,0.265,,,,,,,44.758,6.071,1.0,0.012,-0.06,,0.021
1kctA_3t1pA,090,44.0,34.0,0.22,0.193,0.211,0.23,,,,,,,37.127,10.369,1.0,0.017,-0.045,,-0.002
1kctA_3t1pA,091,44.0,27.0,0.259,0.222,0.761,0.86,,,,,,,47.267,8.517,1.0,0.005,-0.026,,0.008
1kctA_3t1pA,092,43.0,29.0,0.298,0.261,0.74,0.826,,,,,,,48.057,9.121,1.0,0.038,-0.057,,0.019
1kctA_3t1pA,093,42.0,37.0,0.905,0.799,0.817,0.899,,,,,,,35.571,9.794,1.0,-0.002,-0.054,,0.078
1kctA_3t1pA,094,36.0,26.0,0.238,0.197,0.213,0.244,,,,,,,28.792,10.734,1.0,-0.006,-0.035,,0.015
1kctA_3t1pA,095,35.0,27.0,0.197,0.181,0.439,0.471,,,,,,,38.971,7.948,1.0,0.001,-0.047,,0.003
1kctA_3t1pA,096,34.0,21.0,0.363,0.391,0.729,0.803,,,,,,,45.543,9.089,1.0,0.008,-0.049,,-0.024
1kctA_3t1pA,097,33.0,29.0,0.875,0.788,0.815,0.914,,,,,,,37.707,12.651,1.0,-0.057,0.073,,0.081
1kctA_3t1pA,098,31.0,23.0,0.325,0.333,0.737,0.805,,,,,,,44.767,14.582,1.0,0.014,-0.02,,-0.014
1kctA_3t1pA,099,28.0,26.0,0.871,0.872,0.816,0.905,,,,,,,34.205,16.073,1.0,0.001,-0.052,,0.089
1miqB_1qs8B,Deep,,,0.936,0.969,0.894,0.975,0.432,0.379,0.398,,,,,,,,0.012,-0.014,
1miqB_1qs8B,000,1043.0,698.0,0.393,0.419,0.485,0.551,0.421,0.368,0.382,001; 001; 005; 005; 003; 002; 003; 002; 007; 007,0.89; 0.89; 0.78; 0.78; 0.75; 0.75; 0.75; 0.75; 0.71; 0.71,0.97; 0.97; 0.91; 0.91; 0.90; 0.90; 0.90; 0.90; 0.87; 0.87,4.818,8.605,0.8,0.036,0.024,-0.002,-0.012
1miqB_1qs8B,001,856.0,518.0,0.335,0.369,0.752,0.892,0.005,0.004,0.009,002; 002; 006; 005; 005; 006; 001; 001; 004; 004,0.77; 0.77; 0.76; 0.76; 0.76; 0.76; 0.75; 0.75; 0.74; 0.74,0.89; 0.89; 0.89; 0.91; 0.91; 0.89; 0.92; 0.92; 0.90; 0.90,0.122,8.369,0.5,-0.067,0.017,-0.0,-0.002
1miqB_1qs8B,002,588.0,373.0,0.267,0.299,0.721,0.871,0.034,0.033,0.028,005; 005; 002; 002; 006; 006; 004; 004; 001; 001,0.77; 0.77; 0.74; 0.74; 0.73; 0.73; 0.72; 0.72; 0.71; 0.71,0.89; 0.89; 0.85; 0.85; 0.85; 0.85; 0.89; 0.89; 0.86; 0.85,-0.033,6.226,0.4,-0.052,-0.004,0.0,0.007
1miqB_1qs8B,003,370.0,206.0,0.194,0.216,0.235,0.275,0.263,0.239,0.25,001; 001; 002; 006; 002; 006; 007; 007; 009; 009,0.87; 0.87; 0.74; 0.74; 0.74; 0.74; 0.73; 0.73; 0.72; 0.72,0.96; 0.96; 0.88; 0.90; 0.88; 0.90; 0.92; 0.92; 0.88; 0.88,2.89,9.799,0.7,-0.096,-0.001,-0.0,0.003
1miqB_1qs8B,004,318.0,212.0,0.196,0.202,0.269,0.29,0.015,0.012,0.013,002; 002; 006; 006; 003; 004; 007; 007; 004; 003,0.77; 0.77; 0.76; 0.76; 0.74; 0.74; 0.74; 0.74; 0.74; 0.74,0.88; 0.88; 0.89; 0.89; 0.89; 0.88; 0.88; 0.88; 0.88; 0.89,2.498,9.095,0.7,-0.04,0.008,0.0,0.006
1miqB_1qs8B,005,266.0,157.0,0.239,0.258,0.282,0.299,0.432,0.384,0.416,001; 001; 005; 005; 004; 004; 009; 009; 002; 008,0.88; 0.88; 0.78; 0.78; 0.77; 0.77; 0.73; 0.73; 0.70; 0.70,0.97; 0.97; 0.90; 0.90; 0.90; 0.90; 0.89; 0.89; 0.86; 0.86,0.036,9.199,0.5,-0.058,-0.017,0.0,-0.003
1miqB_1qs8B,006,265.0,182.0,0.29,0.313,0.721,0.902,0.012,0.009,0.01,002; 002; 001; 001; 006; 007; 003; 003; 006; 007,0.75; 0.75; 0.73; 0.73; 0.72; 0.72; 0.72; 0.72; 0.72; 0.72,0.86; 0.86; 0.88; 0.88; 0.90; 0.89; 0.87; 0.87; 0.90; 0.89,-0.718,4.937,0.5,-0.06,0.011,0.0,0.001
1miqB_1qs8B,007,248.0,142.0,0.312,0.318,0.302,0.316,0.359,0.312,0.325,001; 001; 004; 004; 005; 005; 002; 002; 006; 006,0.88; 0.88; 0.87; 0.87; 0.79; 0.79; 0.78; 0.78; 0.76; 0.76,0.97; 0.97; 0.96; 0.96; 0.92; 0.92; 0.93; 0.93; 0.91; 0.91,6.638,9.055,0.7,-0.065,-0.001,0.0,0.009
1miqB_1qs8B,008,226.0,156.0,0.499,0.537,0.692,0.842,0.017,0.017,0.015,006; 006; 003; 003; 004; 005; 005; 004; 002; 002,0.77; 0.77; 0.76; 0.76; 0.74; 0.74; 0.74; 0.74; 0.74; 0.74,0.87; 0.87; 0.87; 0.87; 0.90; 0.90; 0.90; 0.90; 0.89; 0.89,4.079,12.076,0.6,-0.038,0.0,0.0,0.005
1miqB_1qs8B,009,226.0,126.0,0.368,0.409,0.283,0.303,0.009,0.009,0.008,001; 002; 002; 001; 007; 003; 003; 007; 005; 005,0.78; 0.78; 0.78; 0.78; 0.76; 0.76; 0.76; 0.76; 0.72; 0.72,0.90; 0.91; 0.91; 0.90; 0.90; 0.87; 0.87; 0.90; 0.86; 0.86,4.488,8.298,0.6,-0.045,0.002,0.0,0.002
1miqB_1qs8B,010,220.0,101.0,0.284,0.33,0.328,0.358,0.03,0.023,0.026,002; 002; 003; 003; 001; 008; 008; 001; 009; 009,0.78; 0.78; 0.76; 0.76; 0.75; 0.75; 0.75; 0.75; 0.72; 0.72,0.91; 0.91; 0.88; 0.88; 0.93; 0.87; 0.87; 0.93; 0.86; 0.86,6.395,7.709,0.8,-0.022,0.007,0.0,0.002
1miqB_1qs8B,011,211.0,117.0,0.237,0.243,0.414,0.465,0.014,0.013,0.014,006; 006; 003; 003; 001; 001; 007; 002; 002; 004,0.76; 0.76; 0.74; 0.74; 0.73; 0.73; 0.72; 0.72; 0.72; 0.72,0.88; 0.88; 0.87; 0.87; 0.90; 0.90; 0.86; 0.87; 0.87; 0.87,4.825,7.591,0.7,-0.042,-0.001,0.0,-0.003
1miqB_1qs8B,012,199.0,132.0,0.482,0.543,0.478,0.553,0.016,0.014,0.014,004; 004; 006; 005; 006; 005; 002; 002; 001; 001,0.78; 0.78; 0.77; 0.77; 0.77; 0.77; 0.75; 0.74; 0.73; 0.73,0.93; 0.93; 0.91; 0.90; 0.91; 0.90; 0.89; 0.89; 0.91; 0.91,2.232,8.562,0.6,-0.047,-0.009,0.0,-0.008
1miqB_1qs8B,013,197.0,122.0,0.553,0.591,0.541,0.636,0.02,0.024,0.026,003; 003; 002; 002; 005; 005; 004; 004; 001; 001,0.80; 0.80; 0.77; 0.77; 0.75; 0.75; 0.74; 0.74; 0.72; 0.72,0.91; 0.91; 0.89; 0.89; 0.89; 0.89; 0.88; 0.88; 0.88; 0.88,3.1,7.395,0.8,-0.08,-0.009,0.0,0.018
1miqB_1qs8B,014,196.0,114.0,0.436,0.508,0.728,0.903,0.152,0.134,0.139,001; 002; 002; 001; 005; 005; 006; 006; 003; 003,0.88; 0.88; 0.88; 0.88; 0.76; 0.76; 0.74; 0.74; 0.72; 0.72,0.96; 0.96; 0.96; 0.96; 0.92; 0.92; 0.91; 0.91; 0.88; 0.88,5.233,10.867,0.8,-0.034,-0.016,0.0,
1miqB_1qs8B,015,196.0,99.0,0.287,0.32,0.423,0.449,,,,,,,7.661,5.271,0.9,0.0,-0.017,,-0.03
1miqB_1qs8B,016,196.0,124.0,0.192,0.223,0.36,0.391,,,,,,,8.234,8.12,0.9,-0.023,0.002,,0.001
1miqB_1qs8B,017,189.0,101.0,0.244,0.247,0.264,0.27,,,,,,,1.495,5.725,0.6,-0.023,-0.001,,-0.001
1miqB_1qs8B,018,186.0,106.0,0.276,0.289,0.317,0.35,,,,,,,3.263,5.713,0.9,-0.005,0.017,,0.002
1miqB_1qs8B,019,184.0,128.0,0.287,0.311,0.669,0.835,,,,,,,5.393,7.398,0.8,-0.025,-0.008,,-0.007
1miqB_1qs8B,020,179.0,58.0,0.204,0.216,0.319,0.34,,,,,,,2.272,6.746,0.5,-0.037,0.003,,0.003
1miqB_1qs8B,021,170.0,86.0,0.224,0.278,0.281,0.253,,,,,,,9.497,7.025,0.9,0.041,0.01,,0.008
1miqB_1qs8B,022,168.0,75.0,0.396,0.418,0.513,0.618,,,,,,,2.62,9.195,0.7,-0.048,-0.0,,0.004
1miqB_1qs8B,023,158.0,86.0,0.307,0.326,0.325,0.372,,,,,,,7.373,4.8,1.0,0.011,-0.007,,0.0
1miqB_1qs8B,024,156.0,91.0,0.384,0.443,0.699,0.849,,,,,,,-0.675,6.639,0.5,-0.1,-0.021,,-0.006
1miqB_1qs8B,025,154.0,89.0,0.215,0.224,0.262,0.286,,,,,,,5.61,4.469,0.9,-0.02,0.006,,0.002
1miqB_1qs8B,026,153.0,93.0,0.42,0.464,0.734,0.826,,,,,,,2.122,6.236,0.7,-0.066,-0.018,,0.005
1miqB_1qs8B,027,152.0,73.0,0.34,0.369,0.437,0.466,,,,,,,4.598,7.658,0.7,-0.062,-0.001,,-0.001
1miqB_1qs8B,028,152.0,84.0,0.253,0.259,0.304,0.326,,,,,,,2.052,8.801,0.5,-0.016,0.023,,-0.0
1miqB_1qs8B,029,142.0,85.0,0.256,0.299,0.304,0.359,,,,,,,8.203,7.411,0.9,0.009,-0.0,,-0.002
1miqB_1qs8B,030,142.0,92.0,0.295,0.33,0.282,0.319,,,,,,,3.396,9.242,0.7,-0.028,-0.005,,0.007
1miqB_1qs8B,031,141.0,92.0,0.297,0.31,0.531,0.596,,,,,,,2.381,8.182,0.7,-0.029,-0.01,,0.052
1miqB_1qs8B,032,139.0,83.0,0.311,0.333,0.249,0.252,,,,,,,4.501,11.28,0.7,-0.016,0.004,,0.012
1miqB_1qs8B,033,138.0,108.0,0.462,0.499,0.728,0.91,,,,,,,2.676,9.962,0.5,-0.048,-0.003,,-0.001
1miqB_1qs8B,034,137.0,92.0,0.216,0.251,0.227,0.23,,,,,,,8.758,7.791,0.8,0.006,-0.011,,0.002
1miqB_1qs8B,035,136.0,73.0,0.382,0.438,0.537,0.625,,,,,,,2.256,6.996,0.6,-0.091,-0.014,,0.009
1miqB_1qs8B,036,132.0,66.0,0.21,0.231,0.286,0.307,,,,,,,3.438,8.826,0.6,-0.026,0.003,,-0.005
1miqB_1qs8B,037,126.0,87.0,0.408,0.468,0.298,0.323,,,,,,,6.985,6.881,0.9,-0.006,0.011,,-0.008
1miqB_1qs8B,038,124.0,66.0,0.314,0.337,0.428,0.459,,,,,,,4.514,4.314,0.8,-0.037,0.011,,-0.007
1miqB_1qs8B,039,123.0,82.0,0.319,0.35,0.367,0.422,,,,,,,5.734,5.441,0.8,-0.031,0.009,,0.014
1miqB_1qs8B,040,123.0,72.0,0.393,0.439,0.725,0.905,,,,,,,2.737,9.155,0.5,-0.067,-0.012,,0.003
1miqB_1qs8B,041,119.0,71.0,0.264,0.296,0.253,0.292,,,,,,,5.003,8.518,0.5,-0.041,0.006,,-0.002
1miqB_1qs8B,042,118.0,85.0,0.194,0.195,0.227,0.242,,,,,,,7.562,12.985,0.6,-0.0,-0.002,,0.019
1miqB_1qs8B,043,117.0,84.0,0.224,0.227,0.296,0.331,,,,,,,5.807,6.137,0.9,-0.03,0.011,,-0.002
1miqB_1qs8B,044,117.0,71.0,0.314,0.359,0.487,0.535,,,,,,,-1.899,5.147,0.5,-0.06,-0.029,,
1miqB_1qs8B,045,116.0,73.0,0.306,0.331,0.366,0.368,,,,,,,5.175,5.679,0.9,-0.018,-0.003,,-0.002
1miqB_1qs8B,046,109.0,65.0,0.318,0.339,0.375,0.413,,,,,,,-0.242,9.539,0.5,-0.04,-0.004,,0.005
1miqB_1qs8B,047,106.0,59.0,0.29,0.304,0.353,0.431,,,,,,,3.015,6.678,0.7,-0.036,-0.02,,-0.006
1miqB_1qs8B,048,105.0,72.0,0.268,0.288,0.273,0.306,,,,,,,3.124,8.405,0.5,-0.063,0.001,,0.001
1miqB_1qs8B,049,102.0,60.0,0.225,0.253,0.351,0.393,,,,,,,9.935,3.088,1.0,-0.016,-0.0,,-0.001
1miqB_1qs8B,050,102.0,52.0,0.301,0.32,0.553,0.636,,,,,,,5.748,8.491,0.8,-0.031,0.015,,0.001
1miqB_1qs8B,051,101.0,62.0,0.369,0.414,0.516,0.593,,,,,,,7.798,6.573,0.8,-0.051,0.011,,-0.005
1miqB_1qs8B,052,101.0,44.0,0.205,0.227,0.263,0.29,,,,,,,-1.862,7.045,0.5,-0.061,-0.011,,-0.005
1miqB_1qs8B,053,100.0,61.0,0.314,0.334,0.429,0.435,,,,,,,13.879,6.628,0.9,-0.03,0.014,,-0.004
1miqB_1qs8B,054,99.0,80.0,0.302,0.295,0.549,0.614,,,,,,,-2.971,8.208,0.4,-0.067,-0.006,,-0.001
1miqB_1qs8B,055,97.0,57.0,0.312,0.316,0.717,0.894,,,,,,,5.995,7.464,0.8,-0.061,-0.009,,0.008
1miqB_1qs8B,056,94.0,52.0,0.289,0.29,0.287,0.364,,,,,,,10.302,4.895,1.0,-0.004,0.006,,-0.002
1miqB_1qs8B,057,94.0,66.0,0.352,0.385,0.274,0.329,,,,,,,5.08,6.012,0.8,-0.022,-0.019,,0.007
1miqB_1qs8B,058,93.0,55.0,0.257,0.29,0.299,0.342,,,,,,,-0.796,6.962,0.5,-0.064,0.008,,0.001
1miqB_1qs8B,059,92.0,60.0,0.328,0.349,0.51,0.53,,,,,,,4.949,6.141,0.8,-0.01,0.006,,0.003
1miqB_1qs8B,060,92.0,64.0,0.313,0.356,0.713,0.884,,,,,,,3.201,7.485,0.6,-0.026,-0.017,,0.0
1miqB_1qs8B,061,92.0,65.0,0.293,0.321,0.346,0.395,,,,,,,-0.724,9.427,0.5,-0.066,0.003,,-0.006
1miqB_1qs8B,062,91.0,68.0,0.566,0.647,0.79,0.962,,,,,,,0.404,9.251,0.5,-0.007,-0.015,,0.008
1miqB_1qs8B,063,88.0,59.0,0.272,0.322,0.324,0.351,,,,,,,2.995,6.363,0.7,-0.053,0.019,,-0.001
1miqB_1qs8B,064,86.0,42.0,0.423,0.47,0.758,0.907,,,,,,,0.684,6.775,0.5,-0.054,-0.026,,0.006
1miqB_1qs8B,065,85.0,67.0,0.71,0.805,0.779,0.974,,,,,,,-0.749,6.433,0.6,-0.004,0.013,,0.003
1miqB_1qs8B,066,85.0,56.0,0.36,0.405,0.523,0.603,,,,,,,3.468,9.629,0.5,-0.06,-0.004,,-0.007
1miqB_1qs8B,067,85.0,40.0,0.243,0.258,0.304,0.313,,,,,,,-3.633,7.841,0.3,-0.043,0.009,,-0.002
1miqB_1qs8B,068,83.0,41.0,0.306,0.319,0.275,0.325,,,,,,,6.758,8.238,0.8,0.004,-0.005,,-0.001
1miqB_1qs8B,069,82.0,56.0,0.475,0.534,0.54,0.626,,,,,,,5.28,8.05,0.7,-0.026,0.003,,0.008
1miqB_1qs8B,070,81.0,44.0,0.269,0.287,0.31,0.301,,,,,,,4.689,8.663,0.6,-0.043,0.002,,0.066
1miqB_1qs8B,071,81.0,44.0,0.228,0.255,0.235,0.26,,,,,,,-2.313,8.873,0.4,-0.067,-0.018,,0.01
1miqB_1qs8B,072,80.0,51.0,0.268,0.308,0.306,0.335,,,,,,,3.494,7.334,0.7,-0.017,-0.028,,0.003
1miqB_1qs8B,073,75.0,43.0,0.25,0.265,0.36,0.382,,,,,,,3.084,7.099,0.8,-0.03,-0.015,,-0.002
1miqB_1qs8B,074,74.0,56.0,0.344,0.382,0.334,0.374,,,,,,,6.222,7.408,0.8,-0.018,-0.026,,0.002
1miqB_1qs8B,075,71.0,35.0,0.307,0.34,0.328,0.354,,,,,,,11.647,3.699,1.0,0.005,-0.003,,-0.005
1miqB_1qs8B,076,70.0,56.0,0.281,0.313,0.302,0.393,,,,,,,2.651,9.188,0.6,-0.078,-0.014,,-0.003
1miqB_1qs8B,077,68.0,43.0,0.306,0.348,0.527,0.614,,,,,,,4.729,7.751,0.7,-0.024,-0.001,,0.0
1miqB_1qs8B,078,67.0,42.0,0.32,0.355,0.469,0.54,,,,,,,9.488,5.278,1.0,-0.021,-0.01,,-0.0
1miqB_1qs8B,079,67.0,35.0,0.266,0.305,0.274,0.302,,,,,,,7.285,8.683,0.8,0.015,0.004,,0.001
1miqB_1qs8B,080,66.0,44.0,0.313,0.332,0.362,0.408,,,,,,,-0.974,8.824,0.3,-0.062,-0.025,,0.025
1miqB_1qs8B,081,66.0,43.0,0.253,0.247,0.401,0.439,,,,,,,4.056,6.727,0.7,-0.036,0.018,,-0.004
1miqB_1qs8B,082,65.0,31.0,0.233,0.202,0.234,0.262,,,,,,,6.915,4.703,0.9,-0.034,-0.014,,-0.005
1miqB_1qs8B,083,63.0,47.0,0.712,0.758,0.771,0.973,,,,,,,1.374,5.605,0.6,0.008,0.003,,0.012
1miqB_1qs8B,084,63.0,18.0,0.268,0.27,0.248,0.244,,,,,,,10.119,7.042,0.9,-0.024,0.002,,0.001
1miqB_1qs8B,085,62.0,38.0,0.296,0.309,0.475,0.535,,,,,,,1.875,6.102,0.7,-0.014,-0.015,,-0.003
1miqB_1qs8B,086,61.0,31.0,0.263,0.285,0.276,0.29,,,,,,,5.532,6.507,0.8,-0.004,0.011,,0.007
1miqB_1qs8B,087,58.0,40.0,0.252,0.282,0.448,0.499,,,,,,,4.021,6.727,0.7,-0.019,0.014,,0.001
1miqB_1qs8B,088,53.0,43.0,0.652,0.745,0.922,0.966,,,,,,,6.727,10.637,0.7,-0.002,0.008,,0.005
1miqB_1qs8B,089,53.0,42.0,0.753,0.848,0.776,0.971,,,,,,,5.045,7.633,0.7,-0.008,-0.002,,0.001
1miqB_1qs8B,090,49.0,35.0,0.531,0.587,0.917,0.957,,,,,,,3.376,10.591,0.6,-0.012,0.01,,0.017
1miqB_1qs8B,091,49.0,18.0,0.258,0.259,0.341,0.373,,,,,,,-2.28,2.374,0.0,-0.011,-0.011,,0.001
1miqB_1qs8B,092,48.0,35.0,0.218,0.239,0.205,0.223,,,,,,,10.495,9.496,0.8,0.05,0.006,,0.022
1miqB_1qs8B,093,47.0,34.0,0.381,0.404,0.683,0.788,,,,,,,2.015,8.406,0.7,-0.07,-0.001,,0.004
1miqB_1qs8B,094,46.0,25.0,0.244,0.267,0.253,0.288,,,,,,,7.16,12.351,0.7,-0.024,0.006,,0.002
1miqB_1qs8B,095,45.0,31.0,0.33,0.348,0.394,0.434,,,,,,,3.023,7.279,0.5,0.012,-0.024,,0.009
1miqB_1qs8B,096,44.0,23.0,0.27,0.32,0.299,0.319,,,,,,,8.125,5.93,0.9,-0.007,-0.002,,0.002
1miqB_1qs8B,097,36.0,24.0,0.198,0.23,0.334,0.365,,,,,,,7.352,6.943,0.9,0.017,0.009,,-0.002
1miqB_1qs8B,098,32.0,20.0,0.24,0.285,0.25,0.279,,,,,,,-0.033,9.27,0.4,0.028,0.002,,0.003
1miqB_1qs8B,099,26.0,21.0,0.621,0.725,0.945,0.953,,,,,,,2.304,8.899,0.6,-0.019,0.003,,0.004
1mnmD_1mnmC,Deep,,,0.718,0.753,0.709,0.718,0.475,0.378,0.4,,,,,,,,-0.0,-0.019,
1mnmD_1mnmC,000,471.0,324.0,0.599,0.604,0.593,0.599,0.452,0.364,0.385,001; 001; 004; 004; 009; 009; 002; 008; 008; 002,0.70; 0.70; 0.66; 0.66; 0.65; 0.65; 0.63; 0.63; 0.63; 0.63,0.71; 0.71; 0.65; 0.65; 0.65; 0.65; 0.64; 0.65; 0.65; 0.64,-4.093,1.651,0.0,,0.12,0.001,0.0
1mnmD_1mnmC,001,382.0,324.0,0.63,0.635,0.628,0.634,0.433,0.347,0.368,001; 001; 002; 002; 005; 005; 008; 008; 003; 003,0.71; 0.71; 0.68; 0.68; 0.65; 0.65; 0.64; 0.64; 0.63; 0.63,0.73; 0.73; 0.67; 0.67; 0.66; 0.66; 0.64; 0.64; 0.66; 0.66,-4.415,2.062,0.1,,0.069,0.0,0.0
1mnmD_1mnmC,002,251.0,193.0,0.59,0.597,0.536,0.541,0.03,0.025,0.024,002; 003; 003; 002; 001; 005; 001; 005; 004; 004,0.70; 0.70; 0.70; 0.70; 0.66; 0.66; 0.66; 0.66; 0.62; 0.62,0.71; 0.71; 0.71; 0.71; 0.69; 0.65; 0.69; 0.65; 0.65; 0.65,-4.436,2.102,0.0,,0.052,0.0,0.0
1mnmD_1mnmC,003,177.0,154.0,0.593,0.596,0.55,0.551,0.0,0.0,0.0,001; 002; 004; 002; 001; 004; 005; 005; 006; 006,0.67; 0.67; 0.67; 0.67; 0.67; 0.67; 0.64; 0.64; 0.63; 0.63,0.68; 0.67; 0.70; 0.66; 0.68; 0.70; 0.65; 0.65; 0.64; 0.64,-4.693,2.209,0.0,,0.124,0.001,0.0
1mnmD_1mnmC,004,173.0,116.0,0.607,0.628,0.583,0.581,0.102,0.081,0.08,010; 010; 004; 004; 005; 001; 005; 001; 003; 003,0.64; 0.64; 0.64; 0.64; 0.63; 0.63; 0.63; 0.63; 0.62; 0.62,0.67; 0.67; 0.68; 0.68; 0.65; 0.66; 0.65; 0.66; 0.65; 0.65,-3.85,1.523,0.0,,-0.072,0.0,0.0
1mnmD_1mnmC,005,149.0,98.0,0.596,0.623,0.603,0.62,0.469,0.38,0.4,002; 001; 002; 001; 010; 010; 008; 008; 004; 003,0.69; 0.68; 0.68; 0.68; 0.63; 0.63; 0.62; 0.62; 0.61; 0.61,0.70; 0.70; 0.70; 0.70; 0.65; 0.65; 0.66; 0.66; 0.63; 0.65,-3.625,1.869,0.0,,-0.071,0.0,0.0
1mnmD_1mnmC,006,142.0,122.0,0.592,0.591,0.552,0.545,0.432,0.36,0.378,010; 010; 009; 009; 001; 001; 006; 005; 002; 002,0.67; 0.67; 0.65; 0.65; 0.65; 0.65; 0.64; 0.64; 0.64; 0.64,0.68; 0.68; 0.67; 0.67; 0.67; 0.67; 0.65; 0.65; 0.68; 0.68,-4.179,2.26,0.0,,0.123,0.001,0.0
1mnmD_1mnmC,007,138.0,76.0,0.656,0.695,0.684,0.683,0.0,0.0,0.0,001; 005; 005; 001; 004; 008; 004; 008; 006; 006,0.68; 0.68; 0.68; 0.68; 0.67; 0.67; 0.67; 0.67; 0.66; 0.66,0.71; 0.70; 0.70; 0.71; 0.69; 0.66; 0.69; 0.66; 0.67; 0.67,-5.135,1.343,0.0,,0.121,0.0,0.0
1mnmD_1mnmC,008,119.0,97.0,0.655,0.672,0.598,0.61,0.0,0.0,0.0,008; 008; 001; 009; 007; 006; 009; 001; 007; 006,0.63; 0.63; 0.62; 0.62; 0.62; 0.62; 0.62; 0.62; 0.62; 0.62,0.65; 0.65; 0.65; 0.63; 0.65; 0.65; 0.63; 0.65; 0.65; 0.65,-4.656,1.688,0.0,,0.06,0.0,0.0
1mnmD_1mnmC,009,113.0,95.0,0.702,0.718,0.693,0.7,0.0,0.0,0.0,004; 004; 002; 002; 008; 008; 003; 003; 001; 001,0.73; 0.73; 0.68; 0.68; 0.67; 0.67; 0.66; 0.66; 0.65; 0.65,0.76; 0.76; 0.71; 0.71; 0.68; 0.68; 0.70; 0.69; 0.68; 0.68,-4.122,2.144,0.0,,0.12,0.0,0.0
1mnmD_1mnmC,010,110.0,95.0,0.587,0.614,0.59,0.612,0.068,0.081,0.053,006; 006; 001; 010; 008; 002; 002; 001; 010; 005,0.63; 0.63; 0.62; 0.62; 0.62; 0.62; 0.62; 0.62; 0.62; 0.61,0.65; 0.65; 0.65; 0.65; 0.65; 0.64; 0.64; 0.65; 0.65; 0.64,-3.544,1.841,0.0,,0.121,0.0,0.0
1mnmD_1mnmC,011,98.0,71.0,0.663,0.671,0.578,0.567,0.438,0.354,0.375,007; 007; 001; 001; 009; 009; 002; 002; 003; 003,0.71; 0.71; 0.68; 0.68; 0.66; 0.66; 0.65; 0.65; 0.64; 0.64,0.76; 0.76; 0.71; 0.71; 0.67; 0.67; 0.67; 0.67; 0.66; 0.66,-4.652,2.718,0.1,,0.064,0.0,0.0
1mnmD_1mnmC,012,97.0,68.0,0.605,0.634,0.602,0.645,0.0,0.0,0.0,010; 010; 003; 004; 004; 003; 002; 002; 007; 001,0.63; 0.63; 0.63; 0.63; 0.63; 0.63; 0.63; 0.63; 0.62; 0.62,0.65; 0.65; 0.64; 0.66; 0.66; 0.64; 0.66; 0.66; 0.63; 0.64,-3.476,1.967,0.0,,-0.074,0.0,0.0
1mnmD_1mnmC,013,97.0,61.0,0.614,0.632,0.551,0.57,0.0,0.031,0.032,002; 002; 004; 004; 008; 008; 001; 005; 001; 005,0.70; 0.70; 0.68; 0.68; 0.67; 0.67; 0.66; 0.66; 0.66; 0.66,0.74; 0.74; 0.71; 0.71; 0.69; 0.69; 0.67; 0.69; 0.67; 0.69,-2.85,1.648,0.0,,0.12,0.0,0.0
1mnmD_1mnmC,014,87.0,82.0,0.698,0.716,0.689,0.701,0.0,0.0,0.0,004; 004; 005; 005; 002; 002; 003; 003; 001; 001,0.71; 0.71; 0.67; 0.67; 0.65; 0.65; 0.64; 0.64; 0.62; 0.62,0.67; 0.67; 0.68; 0.68; 0.67; 0.67; 0.67; 0.67; 0.64; 0.64,-3.036,1.104,0.0,,0.072,0.0,0.0
1mnmD_1mnmC,015,87.0,53.0,0.596,0.6,0.59,0.595,0.036,0.029,0.029,001; 001; 005; 005; 003; 010; 003; 010; 009; 008,0.70; 0.70; 0.64; 0.64; 0.62; 0.62; 0.62; 0.62; 0.60; 0.60,0.72; 0.72; 0.65; 0.65; 0.63; 0.64; 0.63; 0.64; 0.55; 0.62,-3.785,1.755,0.0,,0.114,0.0,0.0
1mnmD_1mnmC,016,86.0,49.0,0.402,0.405,0.371,0.37,0.0,0.0,0.0,006; 006; 008; 008; 010; 010; 007; 005; 007; 005,0.65; 0.65; 0.62; 0.62; 0.61; 0.61; 0.60; 0.60; 0.60; 0.60,0.65; 0.65; 0.65; 0.65; 0.63; 0.63; 0.62; 0.64; 0.62; 0.64,-3.174,1.426,0.0,,-0.063,0.0,0.0
1mnmD_1mnmC,017,81.0,68.0,0.63,0.66,0.619,0.632,0.0,0.0,0.0,004; 005; 009; 005; 004; 009; 003; 003; 001; 002,0.63; 0.63; 0.63; 0.63; 0.63; 0.63; 0.62; 0.62; 0.61; 0.61,0.65; 0.65; 0.65; 0.65; 0.65; 0.65; 0.64; 0.64; 0.63; 0.63,-4.621,1.879,0.0,,0.122,0.0,0.0
1mnmD_1mnmC,018,81.0,57.0,0.607,0.63,0.591,0.635,0.333,0.286,0.25,006; 005; 006; 005; 010; 002; 010; 002; 009; 009,0.63; 0.63; 0.63; 0.63; 0.62; 0.62; 0.62; 0.62; 0.61; 0.61,0.65; 0.65; 0.65; 0.65; 0.64; 0.65; 0.64; 0.65; 0.64; 0.64,-5.227,1.032,0.0,,0.108,0.0,0.0
1mnmD_1mnmC,019,79.0,47.0,0.681,0.705,0.643,0.66,0.0,0.031,0.032,001; 001; 004; 004; 003; 010; 007; 003; 010; 007,0.67; 0.67; 0.64; 0.64; 0.63; 0.63; 0.63; 0.63; 0.63; 0.63,0.68; 0.69; 0.65; 0.65; 0.65; 0.65; 0.65; 0.65; 0.65; 0.65,-3.737,1.44,0.0,,0.124,0.0,0.0
1mnmD_1mnmC,020,72.0,59.0,0.42,0.418,0.438,0.434,,,,,,,-3.087,1.447,0.0,,0.009,,0.0
1mnmD_1mnmC,021,71.0,58.0,0.541,0.537,0.541,0.538,,,,,,,-4.654,1.393,0.0,,0.08,,0.0
1mnmD_1mnmC,022,71.0,54.0,0.618,0.663,0.612,0.642,,,,,,,-3.509,0.917,0.0,,0.121,,0.0
1mnmD_1mnmC,023,70.0,45.0,0.644,0.674,0.646,0.659,,,,,,,-3.803,1.882,0.1,,0.022,,0.0
1mnmD_1mnmC,024,68.0,54.0,0.628,0.647,0.6,0.621,,,,,,,-3.488,1.219,0.0,,0.118,,0.0
1mnmD_1mnmC,025,67.0,61.0,0.706,0.738,0.707,0.726,,,,,,,-3.865,1.207,0.0,,0.117,,0.0
1mnmD_1mnmC,026,67.0,48.0,0.626,0.647,0.628,0.659,,,,,,,-3.918,1.614,0.0,,0.12,,0.0
1mnmD_1mnmC,027,66.0,42.0,0.629,0.64,0.618,0.636,,,,,,,-3.809,1.651,0.0,,0.032,,0.0
1mnmD_1mnmC,028,65.0,45.0,0.692,0.718,0.716,0.727,,,,,,,-1.949,1.102,0.0,,-0.047,,0.0
1mnmD_1mnmC,029,65.0,42.0,0.607,0.636,0.583,0.629,,,,,,,-3.981,1.841,0.1,,-0.058,,0.0
1mnmD_1mnmC,030,64.0,60.0,0.627,0.634,0.636,0.635,,,,,,,-5.237,1.543,0.0,,0.123,,0.0
1mnmD_1mnmC,031,63.0,40.0,0.61,0.637,0.602,0.619,,,,,,,-3.896,1.802,0.0,,-0.077,,0.0
1mnmD_1mnmC,032,60.0,55.0,0.651,0.671,0.612,0.63,,,,,,,-5.352,1.995,0.0,,0.118,,0.0
1mnmD_1mnmC,033,58.0,41.0,0.663,0.654,0.591,0.614,,,,,,,-3.287,0.928,0.0,,0.118,,0.0
1mnmD_1mnmC,034,57.0,39.0,0.66,0.652,0.644,0.683,,,,,,,-5.184,1.667,0.0,,0.118,,0.0
1mnmD_1mnmC,035,57.0,41.0,0.607,0.627,0.567,0.583,,,,,,,-3.686,1.343,0.0,,-0.057,,0.0
1mnmD_1mnmC,036,56.0,45.0,0.576,0.589,0.565,0.574,,,,,,,-3.076,1.758,0.0,,0.114,,0.0
1mnmD_1mnmC,037,56.0,37.0,0.641,0.635,0.623,0.662,,,,,,,-5.2,1.877,0.0,,0.12,,0.0
1mnmD_1mnmC,038,55.0,34.0,0.633,0.65,0.633,0.644,,,,,,,-4.778,1.534,0.0,,0.124,,0.0
1mnmD_1mnmC,039,55.0,40.0,0.64,0.659,0.613,0.612,,,,,,,-3.023,1.597,0.0,,0.117,,0.0
1mnmD_1mnmC,040,54.0,40.0,0.614,0.64,0.618,0.62,,,,,,,-4.882,1.333,0.0,,0.097,,0.0
1mnmD_1mnmC,041,53.0,49.0,0.603,0.605,0.536,0.542,,,,,,,-5.784,2.016,0.0,,0.124,,0.0
1mnmD_1mnmC,042,53.0,51.0,0.749,0.723,0.684,0.693,,,,,,,-4.183,1.757,0.0,,0.114,,0.0
1mnmD_1mnmC,043,53.0,31.0,0.656,0.658,0.559,0.596,,,,,,,-4.777,1.37,0.0,,0.002,,0.0
1mnmD_1mnmC,044,50.0,29.0,0.624,0.634,0.603,0.607,,,,,,,-3.38,1.554,0.0,,-0.063,,0.0
1mnmD_1mnmC,045,49.0,42.0,0.466,0.467,0.4,0.403,,,,,,,-1.841,0.486,0.0,,-0.088,,0.0
1mnmD_1mnmC,046,48.0,39.0,0.53,0.537,0.517,0.522,,,,,,,-1.948,0.85,0.0,,0.122,,0.0
1mnmD_1mnmC,047,48.0,46.0,0.609,0.639,0.61,0.615,,,,,,,-3.118,0.631,0.0,,0.125,,0.0
1mnmD_1mnmC,048,47.0,40.0,0.623,0.622,0.609,0.616,,,,,,,-3.083,1.328,0.0,,0.12,,0.0
1mnmD_1mnmC,049,46.0,40.0,0.709,0.718,0.74,0.722,,,,,,,-4.586,1.404,0.0,,0.071,,0.0
1mnmD_1mnmC,050,46.0,34.0,0.606,0.607,0.59,0.593,,,,,,,-2.77,1.265,0.0,,0.117,,0.0
1mnmD_1mnmC,051,46.0,27.0,0.596,0.616,0.625,0.616,,,,,,,-3.138,1.166,0.0,,0.112,,0.0
1mnmD_1mnmC,052,45.0,31.0,0.642,0.646,0.616,0.649,,,,,,,-4.471,2.305,0.0,,0.049,,0.0
1mnmD_1mnmC,053,45.0,44.0,0.624,0.649,0.614,0.637,,,,,,,-4.534,1.555,0.0,,-0.006,,0.0
1mnmD_1mnmC,054,45.0,45.0,0.603,0.643,0.61,0.658,,,,,,,-4.558,1.478,0.0,,0.124,,0.0
1mnmD_1mnmC,055,44.0,30.0,0.605,0.608,0.598,0.601,,,,,,,-2.614,1.045,0.0,,0.116,,0.0
1mnmD_1mnmC,056,44.0,19.0,0.598,0.624,0.582,0.608,,,,,,,-3.488,1.215,0.0,,0.116,,0.0
1mnmD_1mnmC,057,43.0,41.0,0.529,0.531,0.519,0.518,,,,,,,-4.253,2.316,0.0,,0.115,,0.0
1mnmD_1mnmC,058,43.0,35.0,0.456,0.46,0.394,0.399,,,,,,,-2.432,0.932,0.0,,0.024,,0.0
1mnmD_1mnmC,059,43.0,33.0,0.671,0.693,0.67,0.686,,,,,,,-6.008,1.145,0.0,,0.123,,0.0
1mnmD_1mnmC,060,42.0,29.0,0.6,0.623,0.6,0.612,,,,,,,-3.468,1.34,0.0,,0.123,,0.0
1mnmD_1mnmC,061,42.0,20.0,0.586,0.597,0.581,0.591,,,,,,,-2.965,1.828,0.0,,0.111,,0.0
1mnmD_1mnmC,062,41.0,27.0,0.669,0.699,0.684,0.677,,,,,,,-5.418,1.321,0.0,,0.092,,0.0
1mnmD_1mnmC,063,41.0,24.0,0.684,0.661,0.595,0.616,,,,,,,-4.989,1.647,0.0,,0.002,,0.0
1mnmD_1mnmC,064,41.0,30.0,0.639,0.68,0.557,0.579,,,,,,,-4.563,1.819,0.0,,0.121,,0.0
1mnmD_1mnmC,065,40.0,29.0,0.606,0.619,0.6,0.613,,,,,,,-4.394,1.201,0.0,,0.098,,0.0
1mnmD_1mnmC,066,40.0,33.0,0.617,0.633,0.591,0.621,,,,,,,-4.861,1.693,0.0,,0.018,,0.0
1mnmD_1mnmC,067,40.0,37.0,0.611,0.613,0.587,0.592,,,,,,,-3.502,1.569,0.1,,-0.013,,0.0
1mnmD_1mnmC,068,39.0,32.0,0.451,0.446,0.49,0.491,,,,,,,-3.39,0.892,0.0,,0.114,,0.0
1mnmD_1mnmC,069,39.0,32.0,0.64,0.622,0.615,0.63,,,,,,,-4.202,2.145,0.0,,0.027,,0.0
1mnmD_1mnmC,070,39.0,29.0,0.6,0.624,0.578,0.602,,,,,,,-3.118,1.482,0.0,,0.119,,0.0
1mnmD_1mnmC,071,39.0,30.0,0.615,0.633,0.579,0.608,,,,,,,-3.753,1.226,0.0,,0.117,,0.0
1mnmD_1mnmC,072,38.0,29.0,0.679,0.727,0.655,0.689,,,,,,,-4.595,1.974,0.0,,0.007,,0.0
1mnmD_1mnmC,073,38.0,20.0,0.608,0.638,0.628,0.665,,,,,,,-3.511,0.943,0.0,,-0.076,,0.0
1mnmD_1mnmC,074,38.0,32.0,0.584,0.589,0.588,0.595,,,,,,,-4.21,1.297,0.0,,0.121,,0.0
1mnmD_1mnmC,075,37.0,23.0,0.628,0.622,0.606,0.629,,,,,,,-4.413,2.775,0.2,,0.02,,0.0
1mnmD_1mnmC,076,36.0,30.0,0.653,0.669,0.652,0.631,,,,,,,-5.056,1.81,0.0,,0.088,,0.0
1mnmD_1mnmC,077,34.0,30.0,0.667,0.679,0.594,0.585,,,,,,,-3.427,2.068,0.0,,0.118,,0.0
1mnmD_1mnmC,078,34.0,28.0,0.609,0.625,0.59,0.601,,,,,,,-2.592,1.318,0.0,,0.12,,0.0
1mnmD_1mnmC,079,33.0,26.0,0.669,0.674,0.654,0.659,,,,,,,-4.775,1.95,0.0,,0.123,,0.0
1mnmD_1mnmC,080,33.0,22.0,0.674,0.693,0.643,0.648,,,,,,,-4.709,1.774,0.0,,0.009,,0.0
1mnmD_1mnmC,081,33.0,25.0,0.63,0.636,0.621,0.639,,,,,,,-3.559,1.638,0.0,,0.026,,0.0
1mnmD_1mnmC,082,31.0,26.0,0.571,0.574,0.566,0.57,,,,,,,-3.804,1.711,0.0,,0.115,,0.0
1mnmD_1mnmC,083,31.0,22.0,0.664,0.676,0.53,0.532,,,,,,,-4.286,1.404,0.0,,-0.042,,0.0
1mnmD_1mnmC,084,31.0,26.0,0.652,0.641,0.594,0.632,,,,,,,-4.366,1.845,0.0,,-0.053,,0.0
1mnmD_1mnmC,085,31.0,12.0,0.609,0.609,0.609,0.63,,,,,,,-3.561,1.191,0.0,,0.117,,0.0
1mnmD_1mnmC,086,31.0,28.0,0.605,0.629,0.58,0.61,,,,,,,-3.903,1.553,0.0,,0.118,,0.0
1mnmD_1mnmC,087,31.0,27.0,0.611,0.638,0.603,0.613,,,,,,,-3.709,1.449,0.0,,-0.019,,0.0
1mnmD_1mnmC,088,29.0,24.0,0.6,0.624,0.566,0.589,,,,,,,-5.03,2.22,0.0,,0.111,,0.0
1mnmD_1mnmC,089,29.0,20.0,0.621,0.653,0.617,0.675,,,,,,,-4.215,2.579,0.1,,0.119,,0.0
1mnmD_1mnmC,090,28.0,15.0,0.616,0.636,0.614,0.624,,,,,,,-5.885,1.084,0.0,,0.043,,0.0
1mnmD_1mnmC,091,28.0,24.0,0.599,0.626,0.599,0.621,,,,,,,-3.732,1.347,0.0,,0.05,,0.0
1mnmD_1mnmC,092,28.0,27.0,0.599,0.608,0.576,0.586,,,,,,,-3.427,1.224,0.0,,0.113,,0.0
1mnmD_1mnmC,093,27.0,18.0,0.618,0.636,0.616,0.633,,,,,,,-3.254,1.444,0.0,,-0.058,,0.0
1mnmD_1mnmC,094,27.0,19.0,0.617,0.648,0.607,0.618,,,,,,,-4.501,1.696,0.0,,-0.065,,0.0
1mnmD_1mnmC,095,27.0,22.0,0.649,0.667,0.651,0.661,,,,,,,-3.346,1.664,0.0,,0.064,,0.0
1mnmD_1mnmC,096,25.0,20.0,0.605,0.625,0.6,0.605,,,,,,,-3.615,1.136,0.0,,0.116,,0.0
1mnmD_1mnmC,097,25.0,18.0,0.546,0.578,0.555,0.571,,,,,,,-4.381,1.004,0.0,,0.068,,0.0
1mnmD_1mnmC,098,24.0,21.0,0.608,0.635,0.598,0.619,,,,,,,-3.092,2.035,0.1,,0.008,,0.0
1mnmD_1mnmC,099,23.0,18.0,0.594,0.599,0.597,0.603,,,,,,,-3.868,1.634,0.0,,0.121,,0.0
1nocA_1qomB,Deep,,,0.876,0.93,0.877,0.931,0.296,0.278,0.307,,,,,,,,-0.009,0.003,
1nocA_1qomB,000,346.0,170.0,0.483,0.459,0.529,0.494,0.03,0.031,0.024,001; 002; 001; 002; 005; 005; 008; 008; 003; 004,0.30; 0.30; 0.30; 0.29; 0.29; 0.29; 0.27; 0.26; 0.26; 0.25,0.29; 0.30; 0.28; 0.29; 0.27; 0.25; 0.24; 0.23; 0.24; 0.27,-0.605,8.008,0.5,-0.073,-0.01,0.0,-0.037
1nocA_1qomB,001,282.0,32.0,0.297,0.259,0.291,0.282,0.036,0.04,0.029,008; 008; 001; 005; 005; 001; 007; 007; 002; 002,0.37; 0.37; 0.32; 0.32; 0.31; 0.30; 0.28; 0.28; 0.27; 0.26,0.36; 0.36; 0.29; 0.30; 0.31; 0.29; 0.28; 0.26; 0.27; 0.27,-3.919,4.092,0.3,-0.11,-0.01,0.0,-0.016
1nocA_1qomB,002,276.0,147.0,0.284,0.284,0.608,0.545,0.003,0.003,0.002,001; 006; 006; 005; 001; 005; 003; 003; 002; 010,0.32; 0.29; 0.29; 0.29; 0.29; 0.29; 0.28; 0.27; 0.24; 0.23,0.29; 0.27; 0.28; 0.30; 0.29; 0.30; 0.27; 0.26; 0.26; 0.22,-3.031,5.912,0.2,-0.065,-0.006,0.0,-0.017
1nocA_1qomB,003,197.0,50.0,0.326,0.293,0.324,0.368,0.003,0.003,0.007,005; 005; 001; 001; 003; 003; 004; 004; 006; 006,0.40; 0.39; 0.37; 0.36; 0.28; 0.28; 0.27; 0.26; 0.24; 0.24,0.33; 0.36; 0.35; 0.35; 0.26; 0.26; 0.29; 0.30; 0.24; 0.24,-2.144,3.527,0.3,-0.026,-0.009,0.0,-0.028
1nocA_1qomB,004,185.0,48.0,0.259,0.238,0.346,0.332,0.009,0.009,0.008,001; 004; 004; 001; 005; 005; 002; 002; 008; 008,0.33; 0.33; 0.33; 0.33; 0.30; 0.30; 0.28; 0.27; 0.26; 0.26,0.32; 0.30; 0.29; 0.31; 0.30; 0.30; 0.29; 0.28; 0.24; 0.24,-0.751,5.638,0.4,-0.115,-0.01,0.0,-0.016
1nocA_1qomB,005,160.0,88.0,0.221,0.21,0.313,0.295,0.016,0.015,0.013,002; 001; 002; 001; 008; 008; 004; 004; 009; 007,0.31; 0.30; 0.30; 0.28; 0.27; 0.27; 0.25; 0.25; 0.25; 0.23,0.29; 0.28; 0.30; 0.27; 0.25; 0.27; 0.25; 0.26; 0.26; 0.21,-2.023,9.064,0.4,0.003,-0.005,0.0,-0.013
1nocA_1qomB,006,157.0,35.0,0.233,0.236,0.315,0.313,0.0,0.0,0.0,003; 003; 001; 004; 001; 004; 005; 008; 005; 008,0.36; 0.36; 0.31; 0.31; 0.30; 0.28; 0.27; 0.26; 0.26; 0.26,0.35; 0.35; 0.26; 0.29; 0.25; 0.29; 0.25; 0.24; 0.23; 0.25,-3.767,6.669,0.4,-0.042,-0.015,0.0,-0.017
1nocA_1qomB,007,145.0,8.0,0.264,0.262,0.243,0.249,0.008,0.008,0.006,006; 005; 006; 005; 010; 010; 007; 002; 001; 007,0.31; 0.30; 0.30; 0.30; 0.27; 0.27; 0.25; 0.25; 0.25; 0.25,0.29; 0.32; 0.29; 0.32; 0.24; 0.24; 0.24; 0.26; 0.26; 0.22,-2.171,4.016,0.2,-0.111,-0.01,0.0,-0.015
1nocA_1qomB,008,143.0,1.0,0.313,0.293,0.336,0.332,0.015,0.014,0.012,001; 001; 009; 009; 002; 002; 006; 008; 008; 007,0.30; 0.30; 0.29; 0.29; 0.28; 0.27; 0.27; 0.27; 0.27; 0.27,0.33; 0.32; 0.26; 0.26; 0.24; 0.24; 0.28; 0.25; 0.25; 0.27,2.157,2.651,0.7,-0.103,-0.007,0.0,-0.012
1nocA_1qomB,009,134.0,2.0,0.249,0.233,0.302,0.3,0.004,0.003,0.008,008; 008; 001; 009; 007; 010; 009; 001; 006; 010,0.30; 0.30; 0.29; 0.29; 0.29; 0.29; 0.29; 0.29; 0.29; 0.29,0.31; 0.31; 0.32; 0.29; 0.27; 0.28; 0.29; 0.32; 0.30; 0.28,-0.197,3.692,0.5,-0.104,-0.01,0.0,-0.018
1nocA_1qomB,010,126.0,6.0,0.305,0.271,0.341,0.317,0.024,0.024,0.02,006; 006; 009; 009; 008; 007; 007; 008; 001; 001,0.31; 0.31; 0.31; 0.30; 0.28; 0.27; 0.27; 0.27; 0.26; 0.26,0.30; 0.29; 0.29; 0.24; 0.25; 0.25; 0.25; 0.25; 0.28; 0.27,-3.519,2.772,0.1,-0.116,-0.008,0.0,-0.023
1nocA_1qomB,011,124.0,73.0,0.349,0.385,0.624,0.578,0.015,0.013,0.019,001; 005; 006; 006; 001; 005; 002; 008; 002; 008,0.32; 0.30; 0.29; 0.29; 0.29; 0.29; 0.27; 0.26; 0.26; 0.26,0.29; 0.31; 0.28; 0.27; 0.29; 0.31; 0.26; 0.23; 0.26; 0.23,-1.893,11.255,0.5,-0.005,-0.011,0.0,-0.026
1nocA_1qomB,012,124.0,33.0,0.203,0.184,0.25,0.243,0.012,0.021,0.01,005; 005; 001; 007; 008; 008; 001; 010; 010; 004,0.31; 0.31; 0.28; 0.28; 0.28; 0.27; 0.27; 0.27; 0.26; 0.25,0.33; 0.33; 0.25; 0.27; 0.28; 0.28; 0.27; 0.22; 0.26; 0.24,-4.353,3.653,0.0,-0.09,-0.006,0.0,-0.017
1nocA_1qomB,013,122.0,74.0,0.404,0.372,0.707,0.62,0.006,0.009,0.008,001; 001; 004; 009; 010; 009; 004; 010; 002; 002,0.42; 0.41; 0.32; 0.31; 0.30; 0.29; 0.29; 0.27; 0.26; 0.23,0.39; 0.40; 0.29; 0.28; 0.29; 0.28; 0.27; 0.27; 0.24; 0.24,-3.546,3.367,0.2,-0.101,-0.003,0.0,-0.008
1nocA_1qomB,014,121.0,40.0,0.427,0.447,0.68,0.604,0.006,0.006,0.005,001; 001; 002; 002; 003; 003; 007; 009; 007; 009,0.34; 0.34; 0.31; 0.30; 0.30; 0.29; 0.28; 0.28; 0.27; 0.27,0.37; 0.37; 0.30; 0.29; 0.30; 0.30; 0.27; 0.32; 0.27; 0.33,0.313,6.942,0.6,-0.029,-0.0,0.0,-0.025
1nocA_1qomB,015,118.0,23.0,0.316,0.346,0.487,0.497,0.016,0.015,0.02,009; 005; 005; 004; 001; 009; 008; 008; 006; 001,0.31; 0.31; 0.31; 0.30; 0.29; 0.29; 0.28; 0.28; 0.27; 0.27,0.33; 0.30; 0.33; 0.28; 0.29; 0.33; 0.29; 0.28; 0.22; 0.28,-3.911,4.607,0.1,-0.062,-0.015,0.0,-0.027
1nocA_1qomB,016,117.0,37.0,0.28,0.3,0.323,0.307,0.01,0.01,0.019,007; 004; 001; 006; 005; 001; 006; 005; 004; 003,0.30; 0.29; 0.28; 0.28; 0.28; 0.28; 0.28; 0.28; 0.28; 0.27,0.31; 0.27; 0.26; 0.25; 0.26; 0.26; 0.26; 0.27; 0.28; 0.26,1.24,6.663,0.5,-0.017,-0.01,0.0,-0.013
1nocA_1qomB,017,111.0,24.0,0.204,0.211,0.347,0.339,0.006,0.006,0.008,010; 010; 007; 002; 002; 007; 009; 001; 008; 001,0.33; 0.33; 0.31; 0.29; 0.29; 0.29; 0.28; 0.27; 0.27; 0.27,0.34; 0.34; 0.29; 0.31; 0.31; 0.27; 0.26; 0.29; 0.29; 0.29,-3.371,7.872,0.3,-0.015,0.016,0.0,-0.013
1nocA_1qomB,018,110.0,59.0,0.336,0.299,0.701,0.632,0.029,0.031,0.023,001; 004; 001; 007; 008; 008; 005; 007; 005; 004,0.31; 0.31; 0.30; 0.29; 0.29; 0.29; 0.29; 0.28; 0.28; 0.28,0.26; 0.29; 0.27; 0.30; 0.25; 0.27; 0.27; 0.28; 0.28; 0.29,-4.159,4.515,0.2,-0.109,-0.014,0.0,-0.024
1nocA_1qomB,019,110.0,40.0,0.251,0.234,0.647,0.616,,,,,,,-4.094,6.05,0.3,-0.018,-0.01,,-0.01
1nocA_1qomB,020,108.0,53.0,0.333,0.322,0.396,0.391,,,,,,,-4.311,5.474,0.2,-0.023,-0.011,,-0.01
1nocA_1qomB,021,108.0,52.0,0.27,0.289,0.701,0.611,,,,,,,-3.968,4.384,0.3,-0.058,-0.009,,-0.012
1nocA_1qomB,022,108.0,44.0,0.595,0.548,0.721,0.616,,,,,,,-1.659,5.074,0.4,-0.102,-0.011,,-0.017
1nocA_1qomB,023,107.0,44.0,0.39,0.366,0.653,0.602,,,,,,,-5.978,3.766,0.1,-0.024,-0.006,,-0.017
1nocA_1qomB,024,105.0,6.0,0.329,0.311,0.344,0.328,,,,,,,-4.274,4.076,0.3,-0.126,-0.009,,-0.018
1nocA_1qomB,025,104.0,10.0,0.257,0.269,0.43,0.409,,,,,,,-0.692,4.853,0.4,0.001,-0.015,,-0.016
1nocA_1qomB,026,100.0,46.0,0.296,0.27,0.319,0.288,,,,,,,2.134,5.4,0.5,-0.07,-0.015,,-0.02
1nocA_1qomB,027,99.0,35.0,0.342,0.321,0.323,0.317,,,,,,,-2.84,5.813,0.4,-0.054,-0.018,,-0.013
1nocA_1qomB,028,98.0,23.0,0.283,0.287,0.273,0.251,,,,,,,-3.95,5.864,0.2,-0.037,-0.012,,-0.017
1nocA_1qomB,029,97.0,37.0,0.321,0.324,0.582,0.518,,,,,,,0.038,6.461,0.5,-0.034,-0.016,,-0.031
1nocA_1qomB,030,89.0,36.0,0.284,0.312,0.344,0.327,,,,,,,0.102,5.979,0.6,-0.038,-0.017,,-0.018
1nocA_1qomB,031,88.0,34.0,0.274,0.252,0.294,0.305,,,,,,,0.203,7.219,0.4,-0.011,0.014,,-0.006
1nocA_1qomB,032,87.0,41.0,0.292,0.302,0.396,0.42,,,,,,,-1.028,6.074,0.4,-0.04,-0.004,,-0.013
1nocA_1qomB,033,85.0,30.0,0.262,0.255,0.652,0.616,,,,,,,-4.624,5.521,0.2,-0.023,-0.013,,-0.021
1nocA_1qomB,034,85.0,26.0,0.345,0.337,0.341,0.354,,,,,,,-2.253,4.439,0.3,-0.048,-0.006,,-0.028
1nocA_1qomB,035,84.0,19.0,0.292,0.343,0.275,0.296,,,,,,,-5.028,2.901,0.1,-0.059,-0.006,,-0.022
1nocA_1qomB,036,83.0,2.0,0.279,0.281,0.31,0.278,,,,,,,0.454,2.044,0.5,-0.086,-0.009,,-0.016
1nocA_1qomB,037,82.0,55.0,0.794,0.749,0.852,0.86,,,,,,,-1.386,5.449,0.4,0.002,0.006,,-0.011
1nocA_1qomB,038,82.0,44.0,0.284,0.296,0.37,0.334,,,,,,,-5.44,4.206,0.2,-0.034,-0.011,,-0.026
1nocA_1qomB,039,82.0,44.0,0.274,0.246,0.225,0.241,,,,,,,-0.711,7.687,0.5,-0.048,-0.016,,0.012
1nocA_1qomB,040,81.0,12.0,0.256,0.224,0.279,0.248,,,,,,,-4.646,7.451,0.2,-0.036,-0.016,,-0.015
1nocA_1qomB,041,79.0,49.0,0.537,0.516,0.735,0.703,,,,,,,-6.049,3.737,0.0,-0.097,-0.0,,-0.025
1nocA_1qomB,042,79.0,9.0,0.241,0.249,0.28,0.287,,,,,,,-2.083,3.986,0.3,-0.077,-0.019,,-0.013
1nocA_1qomB,043,78.0,41.0,0.373,0.35,0.725,0.644,,,,,,,-3.092,4.849,0.2,-0.051,-0.003,,-0.02
1nocA_1qomB,044,78.0,30.0,0.402,0.384,0.322,0.328,,,,,,,-1.0,8.06,0.2,-0.05,-0.007,,-0.027
1nocA_1qomB,045,76.0,25.0,0.366,0.335,0.403,0.374,,,,,,,-2.36,7.348,0.4,-0.041,-0.013,,-0.018
1nocA_1qomB,046,76.0,38.0,0.334,0.311,0.344,0.342,,,,,,,-1.545,7.417,0.3,-0.022,-0.015,,-0.014
1nocA_1qomB,047,75.0,27.0,0.327,0.278,0.371,0.35,,,,,,,-2.336,10.075,0.4,0.0,-0.001,,-0.022
1nocA_1qomB,048,75.0,1.0,0.284,0.259,0.328,0.352,,,,,,,-4.403,2.431,0.0,-0.116,-0.008,,-0.02
1nocA_1qomB,049,74.0,18.0,0.516,0.497,0.616,0.561,,,,,,,2.411,4.619,0.7,-0.086,-0.003,,-0.019
1nocA_1qomB,050,74.0,30.0,0.488,0.453,0.503,0.505,,,,,,,-5.413,3.65,0.1,-0.054,-0.01,,-0.014
1nocA_1qomB,051,74.0,7.0,0.252,0.284,0.396,0.378,,,,,,,-3.174,4.344,0.3,-0.115,-0.012,,-0.012
1nocA_1qomB,052,73.0,35.0,0.256,0.249,0.373,0.359,,,,,,,-0.509,4.148,0.3,-0.031,-0.006,,-0.018
1nocA_1qomB,053,73.0,22.0,0.411,0.404,0.704,0.649,,,,,,,-2.483,5.574,0.4,-0.035,-0.017,,-0.019
1nocA_1qomB,054,71.0,16.0,0.328,0.312,0.435,0.438,,,,,,,2.295,8.873,0.6,-0.033,-0.011,,-0.021
1nocA_1qomB,055,70.0,30.0,0.451,0.425,0.761,0.723,,,,,,,-3.747,6.734,0.3,-0.025,0.007,,-0.026
1nocA_1qomB,056,70.0,37.0,0.367,0.397,0.61,0.549,,,,,,,-4.323,5.988,0.2,-0.056,-0.003,,-0.032
1nocA_1qomB,057,66.0,22.0,0.3,0.307,0.608,0.546,,,,,,,-5.252,5.596,0.2,-0.017,-0.01,,-0.017
1nocA_1qomB,058,65.0,34.0,0.354,0.317,0.382,0.346,,,,,,,-6.489,2.66,0.0,-0.027,-0.005,,-0.019
1nocA_1qomB,059,64.0,19.0,0.334,0.339,0.316,0.302,,,,,,,-3.431,3.924,0.3,0.001,-0.013,,-0.027
1nocA_1qomB,060,64.0,18.0,0.31,0.288,0.329,0.315,,,,,,,-1.93,4.211,0.4,-0.029,-0.011,,-0.017
1nocA_1qomB,061,64.0,5.0,0.36,0.336,0.348,0.351,,,,,,,-0.973,2.866,0.6,-0.027,-0.016,,-0.01
1nocA_1qomB,062,63.0,13.0,0.308,0.269,0.314,0.279,,,,,,,1.754,4.038,0.6,-0.032,-0.016,,-0.009
1nocA_1qomB,063,61.0,17.0,0.317,0.29,0.279,0.251,,,,,,,-5.478,8.154,0.3,-0.063,-0.01,,-0.023
1nocA_1qomB,064,60.0,30.0,0.287,0.305,0.357,0.34,,,,,,,-3.111,3.239,0.2,-0.045,-0.015,,-0.017
1nocA_1qomB,065,59.0,21.0,0.266,0.245,0.354,0.345,,,,,,,-1.159,9.359,0.4,-0.026,-0.008,,-0.031
1nocA_1qomB,066,59.0,30.0,0.438,0.407,0.647,0.595,,,,,,,0.192,6.219,0.4,-0.091,-0.005,,-0.005
1nocA_1qomB,067,57.0,17.0,0.413,0.389,0.738,0.681,,,,,,,1.915,7.509,0.5,-0.021,-0.013,,-0.015
1nocA_1qomB,068,56.0,35.0,0.688,0.66,0.848,0.839,,,,,,,-8.265,2.956,0.0,-0.022,0.007,,-0.022
1nocA_1qomB,069,55.0,24.0,0.596,0.556,0.691,0.614,,,,,,,-5.269,4.299,0.1,-0.007,-0.005,,-0.014
1nocA_1qomB,070,53.0,25.0,0.409,0.385,0.512,0.492,,,,,,,0.17,10.161,0.4,-0.059,-0.004,,-0.03
1nocA_1qomB,071,52.0,17.0,0.505,0.46,0.76,0.693,,,,,,,-5.647,5.591,0.2,0.0,-0.009,,-0.022
1nocA_1qomB,072,51.0,8.0,0.269,0.242,0.293,0.276,,,,,,,-4.202,3.758,0.2,-0.082,-0.008,,-0.012
1nocA_1qomB,073,50.0,21.0,0.513,0.512,0.737,0.742,,,,,,,-4.408,5.689,0.2,0.006,0.001,,-0.019
1nocA_1qomB,074,48.0,21.0,0.238,0.232,0.273,0.262,,,,,,,-3.778,5.799,0.3,-0.012,-0.007,,-0.023
1nocA_1qomB,075,47.0,21.0,0.252,0.258,0.656,0.583,,,,,,,-2.994,3.324,0.1,-0.064,-0.001,,-0.008
1nocA_1qomB,076,47.0,15.0,0.308,0.294,0.465,0.412,,,,,,,-1.961,7.808,0.5,-0.022,-0.009,,-0.008
1nocA_1qomB,077,45.0,9.0,0.361,0.334,0.361,0.358,,,,,,,-1.307,5.261,0.5,0.011,0.015,,-0.023
1nocA_1qomB,078,45.0,27.0,0.449,0.401,0.672,0.579,,,,,,,-2.489,3.907,0.4,-0.086,-0.012,,-0.02
1nocA_1qomB,079,45.0,19.0,0.741,0.71,0.848,0.879,,,,,,,-1.944,6.716,0.3,0.009,-0.002,,-0.011
1nocA_1qomB,080,44.0,23.0,0.316,0.312,0.479,0.424,,,,,,,-6.365,3.581,0.1,0.001,-0.002,,-0.027
1nocA_1qomB,081,44.0,25.0,0.311,0.312,0.831,0.807,,,,,,,-0.974,7.964,0.4,-0.003,-0.011,,-0.005
1nocA_1qomB,082,44.0,14.0,0.292,0.309,0.378,0.369,,,,,,,-7.15,4.106,0.1,-0.038,-0.019,,-0.021
1nocA_1qomB,083,44.0,2.0,0.248,0.238,0.231,0.257,,,,,,,1.062,2.494,0.6,-0.107,-0.007,,-0.012
1nocA_1qomB,084,43.0,22.0,0.255,0.254,0.357,0.337,,,,,,,-4.001,4.146,0.2,-0.045,-0.016,,-0.015
1nocA_1qomB,085,43.0,13.0,0.43,0.414,0.662,0.6,,,,,,,-2.797,3.252,0.2,-0.049,-0.015,,-0.024
1nocA_1qomB,086,43.0,11.0,0.417,0.417,0.383,0.37,,,,,,,-7.984,3.467,0.0,-0.078,-0.006,,-0.025
1nocA_1qomB,087,42.0,8.0,0.302,0.288,0.327,0.316,,,,,,,-4.093,3.33,0.2,0.014,-0.012,,-0.015
1nocA_1qomB,088,42.0,18.0,0.425,0.438,0.627,0.598,,,,,,,-8.049,2.938,0.0,-0.059,-0.014,,-0.023
1nocA_1qomB,089,42.0,18.0,0.368,0.369,0.602,0.58,,,,,,,1.943,7.481,0.6,-0.017,-0.008,,-0.016
1nocA_1qomB,090,42.0,19.0,0.312,0.319,0.466,0.439,,,,,,,-0.453,3.645,0.6,-0.054,-0.014,,-0.026
1nocA_1qomB,091,41.0,23.0,0.697,0.653,0.851,0.827,,,,,,,-4.344,6.697,0.3,0.005,-0.006,,-0.017
1nocA_1qomB,092,40.0,17.0,0.694,0.656,0.74,0.718,,,,,,,-2.55,5.638,0.2,0.001,0.018,,-0.005
1nocA_1qomB,093,37.0,22.0,0.536,0.501,0.7,0.638,,,,,,,-2.132,6.843,0.3,-0.076,-0.006,,-0.021
1nocA_1qomB,094,35.0,17.0,0.406,0.357,0.699,0.659,,,,,,,-4.007,4.733,0.1,-0.112,-0.007,,-0.009
1nocA_1qomB,095,33.0,20.0,0.695,0.647,0.778,0.719,,,,,,,-7.712,3.657,0.0,-0.069,-0.012,,-0.014
1nocA_1qomB,096,33.0,20.0,0.309,0.295,0.371,0.358,,,,,,,-4.397,5.535,0.2,-0.045,-0.01,,-0.014
1nocA_1qomB,097,29.0,15.0,0.458,0.446,0.679,0.604,,,,,,,-1.766,8.67,0.4,-0.004,-0.016,,-0.025
1nocA_1qomB,098,29.0,9.0,0.257,0.273,0.573,0.53,,,,,,,-6.638,5.11,0.2,-0.04,-0.012,,-0.046
1nocA_1qomB,099,25.0,4.0,0.307,0.285,0.673,0.639,,,,,,,0.501,5.935,0.5,-0.119,-0.013,,-0.018
1nqjB_1nqdA,Deep,,,0.855,0.976,0.854,0.976,,0.236,0.538,,,,,,,,0.025,-0.013,
1nqjB_1nqdA,000,166.0,120.0,0.737,0.8,0.729,0.798,0.018,0.012,0.011,008; 009; 008; 009; 001; 001; 005; 010; 005; 010,0.76; 0.76; 0.76; 0.76; 0.74; 0.74; 0.74; 0.73; 0.73; 0.73,0.81; 0.88; 0.81; 0.88; 0.83; 0.83; 0.81; 0.84; 0.81; 0.84,0.116,1.687,0.5,-0.039,-0.011,0.0,-0.032
1nqjB_1nqdA,001,157.0,107.0,0.674,0.702,0.722,0.792,0.009,0.026,0.016,003; 003; 001; 001; 007; 007; 004; 004; 010; 002,0.78; 0.78; 0.76; 0.76; 0.75; 0.75; 0.73; 0.73; 0.72; 0.72,0.87; 0.87; 0.87; 0.87; 0.77; 0.77; 0.82; 0.82; 0.79; 0.82,-0.01,2.401,0.6,-0.064,0.023,0.0,-0.035
1nqjB_1nqdA,002,117.0,42.0,0.744,0.772,0.805,0.891,,0.16,0.374,001; 001; 007; 007; 008; 008; 006; 006; 004; 004,0.85; 0.85; 0.79; 0.79; 0.78; 0.78; 0.77; 0.77; 0.76; 0.76,0.97; 0.97; 0.91; 0.91; 0.89; 0.89; 0.88; 0.88; 0.87; 0.87,-0.818,2.167,0.4,-0.028,0.018,0.0,-0.015
1nqjB_1nqdA,003,109.0,50.0,0.804,0.82,0.81,0.82,0.046,0.183,0.031,002; 002; 004; 004; 010; 010; 003; 003; 001; 001,0.80; 0.80; 0.77; 0.77; 0.75; 0.75; 0.74; 0.74; 0.73; 0.73,0.92; 0.92; 0.89; 0.89; 0.86; 0.86; 0.84; 0.84; 0.82; 0.82,1.649,1.568,0.8,-0.04,0.021,0.0,-0.013
1nqjB_1nqdA,004,108.0,77.0,0.849,0.966,0.859,0.978,0.024,0.032,0.038,006; 006; 002; 002; 001; 001; 009; 009; 005; 005,0.80; 0.79; 0.76; 0.76; 0.75; 0.75; 0.73; 0.73; 0.72; 0.72,0.90; 0.90; 0.89; 0.89; 0.84; 0.84; 0.84; 0.84; 0.82; 0.82,-0.562,1.784,0.3,-0.076,0.008,0.0,-0.08
1nqjB_1nqdA,005,88.0,69.0,0.586,0.595,0.58,0.592,0.0,0.0,0.0,001; 004; 004; 001; 009; 009; 002; 002; 005; 007,0.81; 0.81; 0.81; 0.81; 0.80; 0.80; 0.77; 0.77; 0.73; 0.73,0.89; 0.91; 0.91; 0.89; 0.91; 0.91; 0.86; 0.86; 0.75; 0.82,0.222,1.803,0.5,-0.021,0.011,0.0,-0.012
1nqjB_1nqdA,006,88.0,53.0,0.559,0.579,0.551,0.568,0.017,0.013,0.047,003; 003; 006; 006; 005; 005; 004; 004; 008; 008,0.78; 0.78; 0.75; 0.75; 0.74; 0.74; 0.73; 0.73; 0.65; 0.65,0.82; 0.82; 0.79; 0.79; 0.80; 0.80; 0.82; 0.82; 0.67; 0.67,-0.68,1.798,0.3,0.004,0.01,0.0,-0.015
1nqjB_1nqdA,007,82.0,65.0,0.809,0.935,0.837,0.959,0.087,0.156,0.058,001; 001; 002; 002; 008; 008; 005; 003; 003; 005,0.79; 0.79; 0.76; 0.76; 0.76; 0.76; 0.73; 0.73; 0.73; 0.73,0.89; 0.89; 0.86; 0.86; 0.85; 0.85; 0.78; 0.80; 0.80; 0.78,-0.382,2.35,0.5,-0.074,0.023,0.0,-0.083
1nqjB_1nqdA,008,72.0,21.0,0.725,0.791,0.791,0.871,0.0,0.006,0.012,001; 001; 003; 008; 008; 003; 010; 010; 007; 007,0.78; 0.78; 0.76; 0.76; 0.76; 0.76; 0.76; 0.76; 0.74; 0.74,0.85; 0.85; 0.82; 0.83; 0.83; 0.82; 0.86; 0.86; 0.76; 0.76,-0.409,1.77,0.4,-0.033,-0.004,0.0,-0.032
1nqjB_1nqdA,009,68.0,52.0,0.587,0.601,0.61,0.627,0.0,0.057,0.029,008; 008; 004; 009; 009; 004; 005; 005; 007; 007,0.76; 0.76; 0.75; 0.75; 0.75; 0.75; 0.74; 0.74; 0.73; 0.73,0.83; 0.83; 0.84; 0.82; 0.82; 0.84; 0.82; 0.82; 0.83; 0.83,-0.881,1.543,0.2,-0.028,0.027,0.0,-0.014
1nqjB_1nqdA,010,67.0,51.0,0.818,0.885,0.825,0.944,0.0,0.006,0.0,001; 001; 004; 005; 008; 008; 005; 004; 003; 006,0.80; 0.80; 0.77; 0.77; 0.77; 0.77; 0.77; 0.77; 0.75; 0.75,0.88; 0.88; 0.88; 0.88; 0.83; 0.83; 0.88; 0.88; 0.88; 0.87,-1.77,2.24,0.1,0.025,0.021,0.0,-0.083
1nqjB_1nqdA,011,66.0,45.0,0.753,0.771,0.61,0.653,0.0,0.006,0.017,002; 005; 005; 002; 003; 003; 010; 008; 008; 007,0.76; 0.76; 0.76; 0.76; 0.75; 0.75; 0.74; 0.74; 0.74; 0.72,0.81; 0.80; 0.80; 0.81; 0.77; 0.77; 0.80; 0.85; 0.85; 0.79,0.477,1.898,0.6,-0.046,-0.021,0.0,-0.015
1nqjB_1nqdA,012,66.0,20.0,0.747,0.754,0.802,0.801,0.009,0.028,0.011,002; 002; 004; 004; 003; 003; 005; 006; 006; 005,0.76; 0.76; 0.75; 0.75; 0.74; 0.74; 0.74; 0.74; 0.74; 0.74,0.84; 0.83; 0.82; 0.82; 0.83; 0.83; 0.83; 0.81; 0.81; 0.83,0.652,1.524,0.6,-0.027,0.006,0.0,-0.016
1nqjB_1nqdA,013,65.0,6.0,0.677,0.692,0.636,0.665,0.0,0.0,0.0,010; 010; 008; 008; 006; 006; 009; 009; 007; 007,0.76; 0.76; 0.75; 0.75; 0.74; 0.74; 0.71; 0.71; 0.70; 0.70,0.82; 0.82; 0.85; 0.85; 0.83; 0.83; 0.79; 0.79; 0.76; 0.76,0.85,1.504,0.8,-0.042,-0.004,0.0,-0.016
1nqjB_1nqdA,014,62.0,53.0,0.832,0.96,0.85,0.973,0.0,0.006,0.0,001; 005; 005; 001; 006; 009; 006; 009; 004; 007,0.76; 0.76; 0.76; 0.76; 0.75; 0.75; 0.75; 0.75; 0.73; 0.73,0.86; 0.83; 0.83; 0.86; 0.81; 0.83; 0.81; 0.83; 0.83; 0.79,0.049,1.457,0.5,0.058,0.03,0.0,-0.083
1nqjB_1nqdA,015,61.0,28.0,0.851,0.902,0.855,0.92,,,,,,,0.875,2.066,0.7,-0.022,0.022,,-0.085
1nqjB_1nqdA,016,58.0,39.0,0.857,0.976,0.857,0.978,,,,,,,-1.678,1.544,0.1,-0.07,0.027,,-0.083
1nqjB_1nqdA,017,58.0,15.0,0.72,0.735,0.744,0.788,,,,,,,2.554,1.353,1.0,-0.039,0.023,,-0.032
1nqjB_1nqdA,018,53.0,43.0,0.801,0.917,0.814,0.933,,,,,,,-0.396,3.748,0.6,0.042,0.025,,-0.082
1nqjB_1nqdA,019,53.0,39.0,0.82,0.887,0.843,0.907,,,,,,,-0.918,2.099,0.4,-0.021,0.025,,-0.08
1nqjB_1nqdA,020,53.0,40.0,0.74,0.784,0.752,0.796,,,,,,,0.865,1.698,0.6,-0.036,0.003,,-0.05
1nqjB_1nqdA,021,53.0,11.0,0.763,0.768,0.728,0.73,,,,,,,-0.918,1.661,0.4,-0.008,0.0,,-0.02
1nqjB_1nqdA,022,51.0,38.0,0.82,0.942,0.826,0.945,,,,,,,-0.961,2.516,0.5,0.146,0.019,,-0.087
1nqjB_1nqdA,023,50.0,16.0,0.684,0.719,0.703,0.753,,,,,,,-1.09,2.115,0.3,-0.048,0.018,,-0.022
1nqjB_1nqdA,024,49.0,37.0,0.816,0.938,0.833,0.958,,,,,,,-1.248,2.888,0.4,0.008,0.026,,-0.08
1nqjB_1nqdA,025,48.0,40.0,0.807,0.831,0.835,0.851,,,,,,,-1.004,2.55,0.4,0.001,0.026,,-0.074
1nqjB_1nqdA,026,47.0,17.0,0.698,0.712,0.745,0.77,,,,,,,-2.307,2.544,0.1,-0.03,0.006,,-0.024
1nqjB_1nqdA,027,47.0,25.0,0.71,0.74,0.683,0.714,,,,,,,-1.516,1.928,0.2,-0.019,0.008,,-0.026
1nqjB_1nqdA,028,47.0,15.0,0.77,0.767,0.74,0.744,,,,,,,1.672,1.876,0.8,-0.016,0.012,,-0.016
1nqjB_1nqdA,029,44.0,29.0,0.817,0.923,0.824,0.944,,,,,,,-0.235,1.415,0.5,-0.025,0.027,,-0.083
1nqjB_1nqdA,030,44.0,36.0,0.832,0.905,0.836,0.959,,,,,,,1.057,2.705,0.5,0.088,0.024,,-0.084
1nqjB_1nqdA,031,44.0,38.0,0.816,0.886,0.846,0.946,,,,,,,-1.34,3.294,0.4,0.154,0.026,,-0.085
1nqjB_1nqdA,032,43.0,28.0,0.735,0.765,0.755,0.824,,,,,,,-0.352,1.828,0.4,-0.025,0.024,,-0.021
1nqjB_1nqdA,033,42.0,31.0,0.816,0.94,0.821,0.943,,,,,,,-0.311,1.974,0.3,0.015,0.025,,-0.079
1nqjB_1nqdA,034,42.0,35.0,0.808,0.929,0.841,0.961,,,,,,,0.224,2.059,0.6,-0.009,0.025,,-0.08
1nqjB_1nqdA,035,41.0,7.0,0.513,0.524,0.73,0.74,,,,,,,-1.235,1.621,0.3,-0.049,-0.006,,-0.021
1nqjB_1nqdA,036,40.0,7.0,0.75,0.807,0.777,0.797,,,,,,,-0.368,2.429,0.6,-0.032,0.002,,-0.011
1nqjB_1nqdA,037,40.0,11.0,0.297,0.309,0.572,0.582,,,,,,,-1.217,2.896,0.4,-0.034,-0.004,,-0.004
1nqjB_1nqdA,038,39.0,34.0,0.572,0.591,0.571,0.591,,,,,,,-2.456,1.998,0.1,0.002,0.019,,-0.008
1nqjB_1nqdA,039,38.0,17.0,0.727,0.754,0.7,0.747,,,,,,,1.088,1.827,0.7,-0.017,-0.026,,-0.011
1nqjB_1nqdA,040,38.0,24.0,0.595,0.625,0.719,0.788,,,,,,,1.322,1.044,0.9,-0.004,0.006,,-0.018
1nqjB_1nqdA,041,36.0,24.0,0.599,0.614,0.568,0.577,,,,,,,0.422,0.976,0.7,-0.014,0.018,,-0.015
1nqjB_1nqdA,042,35.0,27.0,0.586,0.606,0.589,0.61,,,,,,,1.44,1.804,0.6,-0.01,0.011,,-0.011
1nqjB_1nqdA,043,34.0,23.0,0.833,0.934,0.833,0.956,,,,,,,-1.079,2.688,0.4,-0.007,0.02,,-0.079
1nqjB_1nqdA,044,34.0,26.0,0.812,0.924,0.822,0.941,,,,,,,-1.42,2.56,0.4,-0.015,0.029,,-0.085
1nqjB_1nqdA,045,34.0,31.0,0.813,0.933,0.827,0.946,,,,,,,0.182,2.776,0.5,-0.006,0.02,,-0.081
1nqjB_1nqdA,046,34.0,6.0,0.767,0.793,0.79,0.795,,,,,,,-0.693,1.12,0.2,-0.012,-0.001,,-0.019
1nqjB_1nqdA,047,33.0,25.0,0.807,0.881,0.822,0.893,,,,,,,0.448,2.359,0.5,0.046,0.01,,-0.08
1nqjB_1nqdA,048,32.0,24.0,0.84,0.836,0.854,0.927,,,,,,,-0.23,2.235,0.4,-0.002,0.023,,-0.081
1nqjB_1nqdA,049,32.0,24.0,0.817,0.939,0.825,0.893,,,,,,,-1.04,2.367,0.2,-0.004,0.022,,-0.082
1nqjB_1nqdA,050,32.0,3.0,0.654,0.669,0.728,0.758,,,,,,,0.748,1.271,0.8,-0.02,-0.066,,-0.022
1nqjB_1nqdA,051,31.0,22.0,0.56,0.575,0.556,0.573,,,,,,,0.176,1.79,0.5,-0.012,0.008,,-0.009
1nqjB_1nqdA,052,31.0,19.0,0.748,0.817,0.755,0.819,,,,,,,2.108,2.515,0.8,-0.006,-0.019,,-0.046
1nqjB_1nqdA,053,30.0,24.0,0.805,0.827,0.84,0.853,,,,,,,-2.377,1.563,0.0,-0.007,0.024,,-0.082
1nqjB_1nqdA,054,30.0,20.0,0.815,0.939,0.857,0.971,,,,,,,-1.477,1.875,0.2,-0.009,0.019,,-0.082
1nqjB_1nqdA,055,30.0,25.0,0.679,0.704,0.665,0.689,,,,,,,0.139,2.11,0.6,-0.007,-0.017,,-0.01
1nqjB_1nqdA,056,29.0,25.0,0.434,0.492,0.419,0.477,,,,,,,-1.509,1.699,0.1,0.04,-0.007,,-0.014
1nqjB_1nqdA,057,28.0,19.0,0.814,0.941,0.827,0.945,,,,,,,-1.535,1.675,0.2,-0.092,0.034,,-0.082
1nqjB_1nqdA,058,28.0,17.0,0.806,0.922,0.837,0.958,,,,,,,-1.128,2.364,0.4,-0.014,0.027,,-0.085
1nqjB_1nqdA,059,28.0,15.0,0.546,0.559,0.548,0.559,,,,,,,-1.861,1.052,0.1,-0.002,0.021,,-0.007
1nqjB_1nqdA,060,28.0,5.0,0.781,0.792,0.772,0.829,,,,,,,-0.831,0.66,0.1,-0.046,0.024,,-0.018
1nqjB_1nqdA,061,27.0,12.0,0.821,0.945,0.821,0.922,,,,,,,0.095,2.178,0.5,0.014,0.036,,-0.082
1nqjB_1nqdA,062,27.0,17.0,0.833,0.906,0.84,0.911,,,,,,,-0.027,1.694,0.5,0.008,0.022,,-0.078
1nqjB_1nqdA,063,27.0,18.0,0.72,0.788,0.702,0.807,,,,,,,-1.176,2.203,0.3,-0.048,0.002,,-0.027
1nqjB_1nqdA,064,26.0,15.0,0.827,0.883,0.839,0.906,,,,,,,-0.466,1.941,0.5,-0.113,0.025,,-0.088
1nqjB_1nqdA,065,26.0,12.0,0.745,0.734,0.735,0.816,,,,,,,-0.525,1.844,0.5,-0.003,-0.015,,-0.043
1nqjB_1nqdA,066,25.0,17.0,0.814,0.883,0.828,0.909,,,,,,,0.121,1.968,0.5,-0.024,0.026,,-0.084
1nqjB_1nqdA,067,25.0,11.0,0.548,0.562,0.508,0.549,,,,,,,1.04,1.647,0.6,-0.011,-0.003,,-0.024
1nqjB_1nqdA,068,25.0,17.0,0.743,0.778,0.767,0.853,,,,,,,-2.102,2.04,0.1,-0.044,0.016,,-0.027
1nqjB_1nqdA,069,25.0,2.0,0.641,0.656,0.768,0.798,,,,,,,-0.941,1.321,0.2,-0.025,0.005,,-0.016
1nqjB_1nqdA,070,24.0,21.0,0.818,0.891,0.837,0.909,,,,,,,-0.296,1.74,0.4,-0.034,0.015,,-0.08
1nqjB_1nqdA,071,24.0,17.0,0.666,0.686,0.674,0.701,,,,,,,-0.084,2.358,0.5,-0.001,-0.024,,-0.016
1nqjB_1nqdA,072,24.0,18.0,0.644,0.665,0.622,0.643,,,,,,,-0.554,1.716,0.4,-0.007,0.009,,-0.01
1nqjB_1nqdA,073,24.0,11.0,0.697,0.73,0.668,0.718,,,,,,,1.253,1.426,0.9,-0.024,-0.047,,-0.016
1nqjB_1nqdA,074,24.0,11.0,0.72,0.742,0.708,0.768,,,,,,,-2.714,1.455,0.0,-0.042,0.018,,-0.023
1nqjB_1nqdA,075,23.0,13.0,0.828,0.862,0.825,0.923,,,,,,,1.087,1.662,0.7,-0.002,0.015,,-0.084
1nqjB_1nqdA,076,23.0,17.0,0.818,0.892,0.835,0.958,,,,,,,-0.413,1.765,0.4,-0.025,0.02,,-0.08
1nqjB_1nqdA,077,23.0,19.0,0.816,0.936,0.836,0.95,,,,,,,-1.407,1.718,0.2,-0.003,0.023,,-0.081
1nqjB_1nqdA,078,23.0,20.0,0.816,0.882,0.825,0.944,,,,,,,-0.704,1.872,0.4,-0.002,0.026,,-0.078
1nqjB_1nqdA,079,23.0,14.0,0.838,0.856,0.841,0.852,,,,,,,-2.423,1.875,0.1,0.044,0.018,,-0.084
1nqjB_1nqdA,080,23.0,2.0,0.539,0.55,0.742,0.761,,,,,,,0.49,0.831,0.7,-0.006,-0.033,,-0.014
1nqjB_1nqdA,081,22.0,12.0,0.827,0.901,0.838,0.909,,,,,,,-1.198,2.635,0.4,0.0,0.021,,-0.08
1nqjB_1nqdA,082,22.0,16.0,0.807,0.877,0.824,0.943,,,,,,,-1.376,1.846,0.2,-0.012,0.027,,-0.083
1nqjB_1nqdA,083,22.0,17.0,0.836,0.954,0.807,0.932,,,,,,,0.274,1.726,0.5,-0.037,0.026,,-0.087
1nqjB_1nqdA,084,21.0,14.0,0.817,0.941,0.823,0.943,,,,,,,-1.058,2.636,0.4,-0.074,0.025,,-0.079
1nqjB_1nqdA,085,21.0,10.0,0.547,0.562,0.567,0.582,,,,,,,-0.412,1.575,0.5,-0.001,-0.007,,-0.009
1nqjB_1nqdA,086,21.0,16.0,0.819,0.942,0.824,0.944,,,,,,,-2.264,2.043,0.1,0.004,0.027,,-0.083
1nqjB_1nqdA,087,17.0,12.0,0.719,0.748,0.745,0.793,,,,,,,0.706,1.625,0.6,-0.018,-0.023,,-0.026
1nqjB_1nqdA,088,17.0,11.0,0.607,0.629,0.615,0.633,,,,,,,0.199,1.971,0.6,-0.01,0.02,,-0.013
1nqjB_1nqdA,089,16.0,10.0,0.829,0.925,0.84,0.911,,,,,,,-1.025,0.995,0.1,0.004,0.044,,-0.086
1nqjB_1nqdA,090,16.0,11.0,0.808,0.913,0.824,0.944,,,,,,,-1.597,1.717,0.1,-0.123,0.02,,-0.081
1nqjB_1nqdA,091,16.0,14.0,0.813,0.937,0.833,0.955,,,,,,,0.385,2.304,0.5,0.051,0.024,,-0.084
1nqjB_1nqdA,092,16.0,11.0,0.65,0.714,0.657,0.721,,,,,,,-2.182,2.269,0.2,-0.035,0.005,,-0.054
1nqjB_1nqdA,093,16.0,14.0,0.697,0.756,0.688,0.747,,,,,,,-0.466,2.373,0.4,-0.029,0.004,,-0.048
1nqjB_1nqdA,094,16.0,12.0,0.741,0.805,0.675,0.746,,,,,,,-0.139,2.211,0.6,-0.056,0.001,,-0.021
1nqjB_1nqdA,095,15.0,10.0,0.605,0.624,0.607,0.627,,,,,,,-0.843,1.528,0.3,-0.01,-0.058,,-0.014
1nqjB_1nqdA,096,15.0,11.0,0.581,0.594,0.568,0.583,,,,,,,-0.81,1.711,0.4,-0.002,0.003,,-0.006
1nqjB_1nqdA,097,15.0,11.0,0.721,0.814,0.712,0.815,,,,,,,-3.45,1.523,0.0,-0.047,-0.034,,-0.087
1nqjB_1nqdA,098,15.0,9.0,0.699,0.721,0.728,0.786,,,,,,,0.027,1.614,0.5,-0.031,-0.012,,-0.026
1nqjB_1nqdA,099,15.0,2.0,0.607,0.633,0.61,0.632,,,,,,,1.077,1.515,0.6,-0.042,0.003,,-0.013
1nrjB_2gedB,Deep,,,0.954,0.608,0.955,0.669,0.0,0.014,0.0,,,,,,,,0.001,-0.001,
1nrjB_2gedB,000,225.0,111.0,0.259,0.352,0.392,0.361,0.012,0.007,0.006,001; 001; 004; 005; 005; 004; 003; 006; 006; 003,0.85; 0.85; 0.84; 0.84; 0.84; 0.84; 0.83; 0.83; 0.83; 0.83,0.56; 0.56; 0.56; 0.57; 0.57; 0.56; 0.55; 0.56; 0.56; 0.55,-13.983,9.586,0.0,-0.244,0.007,0.0,-0.072
1nrjB_2gedB,001,117.0,63.0,0.417,0.39,0.42,0.355,0.0,0.0,0.0,004; 004; 002; 002; 001; 007; 001; 007; 003; 003,0.87; 0.87; 0.86; 0.86; 0.85; 0.85; 0.85; 0.85; 0.84; 0.84,0.58; 0.58; 0.55; 0.55; 0.57; 0.54; 0.57; 0.54; 0.56; 0.56,-14.574,7.34,0.0,-0.185,0.003,0.0,-0.107
1nrjB_2gedB,002,114.0,55.0,0.283,0.301,0.415,0.325,0.0,0.013,0.029,002; 004; 004; 002; 001; 001; 005; 005; 008; 008,0.47; 0.46; 0.46; 0.46; 0.45; 0.45; 0.43; 0.43; 0.42; 0.42,0.37; 0.43; 0.43; 0.37; 0.38; 0.38; 0.41; 0.41; 0.46; 0.46,-3.932,2.839,0.1,-0.128,-0.008,0.0,-0.053
1nrjB_2gedB,003,102.0,64.0,0.773,0.584,0.802,0.607,0.021,0.012,0.03,001; 001; 002; 002; 005; 006; 006; 005; 003; 003,0.95; 0.95; 0.85; 0.85; 0.85; 0.85; 0.85; 0.85; 0.80; 0.80,0.60; 0.60; 0.58; 0.58; 0.57; 0.60; 0.59; 0.57; 0.54; 0.54,-4.713,4.071,0.2,-0.048,-0.012,0.0,-0.184
1nrjB_2gedB,004,96.0,30.0,0.548,0.516,0.53,0.412,0.024,0.014,0.012,001; 007; 007; 001; 002; 002; 004; 004; 003; 003,0.84; 0.84; 0.84; 0.84; 0.81; 0.81; 0.75; 0.75; 0.64; 0.64,0.56; 0.58; 0.58; 0.56; 0.57; 0.57; 0.48; 0.48; 0.48; 0.48,-13.062,10.217,0.1,-0.129,-0.003,0.0,-0.223
1nrjB_2gedB,005,93.0,56.0,0.883,0.617,0.946,0.608,0.0,0.008,0.0,001; 006; 006; 001; 003; 003; 004; 004; 002; 002,0.87; 0.87; 0.87; 0.87; 0.84; 0.84; 0.77; 0.77; 0.68; 0.68,0.59; 0.60; 0.60; 0.59; 0.58; 0.58; 0.49; 0.49; 0.51; 0.51,-16.633,11.026,0.1,-0.126,-0.008,0.0,-0.181
1nrjB_2gedB,006,90.0,55.0,0.357,0.432,0.33,0.41,0.0,0.0,0.0,001; 003; 001; 003; 006; 006; 004; 004; 002; 002,0.86; 0.86; 0.86; 0.86; 0.84; 0.84; 0.82; 0.82; 0.82; 0.81,0.57; 0.58; 0.57; 0.58; 0.58; 0.58; 0.59; 0.59; 0.58; 0.58,-12.931,7.857,0.0,-0.31,0.014,0.0,-0.041
1nrjB_2gedB,007,87.0,12.0,0.478,0.406,0.494,0.435,0.012,0.007,0.013,003; 003; 002; 002; 004; 004; 001; 001; 006; 006,0.87; 0.87; 0.84; 0.84; 0.83; 0.83; 0.80; 0.80; 0.77; 0.77,0.59; 0.59; 0.57; 0.57; 0.56; 0.56; 0.55; 0.55; 0.48; 0.48,-18.36,9.274,0.0,-0.339,-0.002,0.0,-0.122
1nrjB_2gedB,008,84.0,49.0,0.299,0.35,0.344,0.321,0.0,0.0,0.0,003; 003; 001; 001; 006; 006; 002; 002; 005; 005,0.84; 0.84; 0.81; 0.81; 0.80; 0.80; 0.79; 0.79; 0.78; 0.78,0.56; 0.56; 0.56; 0.56; 0.55; 0.55; 0.56; 0.56; 0.55; 0.55,-12.403,6.117,0.0,-0.26,-0.006,0.0,-0.061
1nrjB_2gedB,009,80.0,22.0,0.409,0.408,0.525,0.534,0.048,0.024,0.03,001; 007; 007; 001; 004; 004; 005; 005; 002; 002,0.85; 0.85; 0.85; 0.85; 0.84; 0.84; 0.83; 0.83; 0.81; 0.81,0.56; 0.55; 0.55; 0.56; 0.56; 0.56; 0.56; 0.56; 0.54; 0.54,-20.794,9.907,0.0,-0.408,0.0,0.0,-0.025
1nrjB_2gedB,010,79.0,28.0,0.374,0.357,0.418,0.354,0.0,0.0,0.0,005; 005; 001; 002; 002; 001; 003; 003; 010; 010,0.86; 0.86; 0.84; 0.84; 0.84; 0.84; 0.80; 0.80; 0.59; 0.59,0.57; 0.57; 0.56; 0.55; 0.55; 0.56; 0.55; 0.55; 0.56; 0.56,-11.51,8.546,0.1,-0.159,-0.007,0.0,-0.098
1nrjB_2gedB,011,76.0,27.0,0.51,0.424,0.727,0.547,0.0,0.0,0.0,001; 002; 003; 002; 001; 003; 007; 004; 004; 007,0.85; 0.85; 0.85; 0.85; 0.85; 0.85; 0.81; 0.81; 0.81; 0.81,0.55; 0.57; 0.57; 0.57; 0.55; 0.57; 0.55; 0.56; 0.56; 0.55,-16.7,6.009,0.0,-0.161,0.004,0.0,-0.13
1nrjB_2gedB,012,73.0,15.0,0.32,0.333,0.459,0.439,0.029,0.013,0.014,001; 001; 006; 006; 005; 005; 009; 009; 004; 004,0.55; 0.55; 0.51; 0.51; 0.50; 0.50; 0.48; 0.48; 0.48; 0.48,0.43; 0.43; 0.47; 0.47; 0.52; 0.52; 0.44; 0.44; 0.36; 0.36,-8.17,5.772,0.1,-0.209,0.015,0.0,0.001
1nrjB_2gedB,013,72.0,43.0,0.441,0.421,0.53,0.518,0.011,0.013,0.006,001; 002; 002; 001; 005; 005; 006; 006; 009; 009,0.82; 0.82; 0.82; 0.82; 0.76; 0.76; 0.60; 0.60; 0.59; 0.59,0.56; 0.55; 0.55; 0.56; 0.56; 0.56; 0.45; 0.45; 0.58; 0.57,-14.309,6.437,0.0,-0.37,-0.009,0.0,-0.14
1nrjB_2gedB,014,71.0,12.0,0.415,0.402,0.518,0.437,0.0,0.0,0.0,004; 004; 001; 002; 002; 001; 006; 003; 003; 006,0.85; 0.85; 0.84; 0.84; 0.84; 0.84; 0.81; 0.81; 0.81; 0.81,0.57; 0.57; 0.56; 0.55; 0.55; 0.56; 0.55; 0.53; 0.53; 0.55,-20.242,7.019,0.0,-0.181,-0.003,0.0,-0.082
1nrjB_2gedB,015,70.0,33.0,0.371,0.346,0.364,0.356,0.0,0.0,0.013,001; 001; 008; 007; 008; 007; 006; 006; 002; 002,0.58; 0.58; 0.55; 0.55; 0.55; 0.55; 0.54; 0.54; 0.53; 0.53,0.46; 0.46; 0.50; 0.52; 0.50; 0.52; 0.53; 0.53; 0.47; 0.47,-13.614,6.417,0.1,-0.195,0.016,0.0,-0.049
1nrjB_2gedB,016,69.0,42.0,0.434,0.356,0.459,0.459,0.014,0.009,0.008,002; 002; 003; 003; 004; 004; 005; 005; 006; 006,0.86; 0.86; 0.83; 0.83; 0.80; 0.80; 0.80; 0.80; 0.65; 0.65,0.62; 0.62; 0.59; 0.59; 0.57; 0.57; 0.58; 0.58; 0.50; 0.50,-6.239,2.365,0.0,-0.195,0.016,0.0,-0.069
1nrjB_2gedB,017,69.0,29.0,0.438,0.421,0.466,0.381,0.0,0.0,0.0,001; 001; 003; 003; 002; 002; 005; 005; 006; 006,0.89; 0.89; 0.87; 0.87; 0.86; 0.86; 0.84; 0.84; 0.79; 0.79,0.60; 0.60; 0.58; 0.58; 0.57; 0.57; 0.61; 0.61; 0.58; 0.58,-15.914,9.828,0.1,-0.292,-0.001,0.0,-0.013
1nrjB_2gedB,018,66.0,3.0,0.635,0.487,0.641,0.468,,,,,,,-8.65,8.352,0.2,-0.208,-0.007,,-0.151
1nrjB_2gedB,019,66.0,20.0,0.334,0.41,0.34,0.407,,,,,,,-11.998,8.203,0.0,-0.174,0.001,,-0.167
1nrjB_2gedB,020,65.0,46.0,0.424,0.389,0.488,0.486,,,,,,,-6.929,4.449,0.1,-0.298,-0.016,,-0.031
1nrjB_2gedB,021,65.0,44.0,0.432,0.471,0.383,0.455,,,,,,,-12.009,8.568,0.1,-0.123,0.016,,-0.092
1nrjB_2gedB,022,65.0,13.0,0.619,0.494,0.766,0.553,,,,,,,-11.117,6.545,0.0,-0.21,0.009,,-0.155
1nrjB_2gedB,023,64.0,15.0,0.425,0.386,0.447,0.446,,,,,,,-14.323,7.798,0.0,-0.176,-0.005,,-0.092
1nrjB_2gedB,024,63.0,24.0,0.331,0.448,0.411,0.43,,,,,,,-17.215,7.546,0.0,-0.418,-0.009,,-0.178
1nrjB_2gedB,025,63.0,24.0,0.219,0.248,0.31,0.257,,,,,,,-16.112,6.016,0.0,-0.198,-0.007,,-0.056
1nrjB_2gedB,026,63.0,30.0,0.314,0.43,0.348,0.332,,,,,,,-12.819,8.045,0.0,-0.101,0.001,,-0.118
1nrjB_2gedB,027,62.0,18.0,0.433,0.476,0.38,0.383,,,,,,,-10.611,7.277,0.0,-0.176,-0.012,,-0.208
1nrjB_2gedB,028,62.0,38.0,0.727,0.591,0.792,0.608,,,,,,,-2.611,3.79,0.3,-0.282,-0.011,,-0.19
1nrjB_2gedB,029,62.0,2.0,0.41,0.303,0.389,0.318,,,,,,,-10.206,8.431,0.2,-0.395,-0.009,,-0.029
1nrjB_2gedB,030,61.0,51.0,0.716,0.67,0.804,0.619,,,,,,,-7.811,3.221,0.0,-0.122,-0.007,,-0.186
1nrjB_2gedB,031,61.0,23.0,0.449,0.425,0.545,0.49,,,,,,,-11.024,6.861,0.0,-0.211,-0.002,,-0.149
1nrjB_2gedB,032,60.0,28.0,0.307,0.327,0.341,0.333,,,,,,,-12.762,7.606,0.1,-0.171,-0.008,,-0.058
1nrjB_2gedB,033,60.0,23.0,0.404,0.394,0.409,0.341,,,,,,,-14.099,9.611,0.1,-0.438,-0.009,,-0.039
1nrjB_2gedB,034,60.0,5.0,0.435,0.37,0.378,0.405,,,,,,,-5.961,4.464,0.1,-0.139,-0.012,,-0.003
1nrjB_2gedB,035,58.0,17.0,0.442,0.363,0.436,0.359,,,,,,,-15.348,8.999,0.0,-0.133,0.008,,-0.047
1nrjB_2gedB,036,58.0,15.0,0.515,0.368,0.613,0.434,,,,,,,-18.153,8.463,0.0,-0.173,0.015,,-0.096
1nrjB_2gedB,037,57.0,33.0,0.372,0.373,0.498,0.479,,,,,,,-17.539,8.653,0.0,-0.356,0.001,,-0.118
1nrjB_2gedB,038,56.0,37.0,0.398,0.328,0.482,0.445,,,,,,,-9.225,2.77,0.0,-0.178,-0.004,,-0.081
1nrjB_2gedB,039,55.0,32.0,0.719,0.561,0.781,0.604,,,,,,,-4.219,5.078,0.2,-0.147,-0.01,,-0.194
1nrjB_2gedB,040,53.0,30.0,0.358,0.397,0.537,0.519,,,,,,,-8.045,7.411,0.1,-0.124,0.013,,-0.099
1nrjB_2gedB,041,52.0,14.0,0.436,0.344,0.485,0.462,,,,,,,-12.303,6.79,0.0,-0.238,-0.006,,-0.135
1nrjB_2gedB,042,52.0,17.0,0.288,0.264,0.429,0.405,,,,,,,-8.235,4.238,0.0,-0.162,0.016,,-0.019
1nrjB_2gedB,043,52.0,26.0,0.258,0.267,0.415,0.367,,,,,,,-15.806,7.829,0.0,-0.175,-0.006,,-0.011
1nrjB_2gedB,044,51.0,28.0,0.846,0.582,0.931,0.615,,,,,,,-11.066,4.156,0.0,-0.148,0.009,,-0.187
1nrjB_2gedB,045,51.0,11.0,0.445,0.423,0.655,0.428,,,,,,,-17.854,7.921,0.0,-0.121,0.006,,-0.095
1nrjB_2gedB,046,51.0,1.0,0.39,0.349,0.331,0.315,,,,,,,-6.744,6.607,0.2,-0.174,0.013,,-0.068
1nrjB_2gedB,047,50.0,46.0,0.377,0.36,0.363,0.351,,,,,,,-1.235,4.822,0.4,-0.134,-0.014,,-0.147
1nrjB_2gedB,048,48.0,8.0,0.593,0.426,0.552,0.474,,,,,,,-7.096,5.202,0.2,-0.157,-0.012,,-0.116
1nrjB_2gedB,049,47.0,8.0,0.479,0.468,0.495,0.486,,,,,,,-12.179,7.754,0.1,-0.411,-0.006,,-0.019
1nrjB_2gedB,050,47.0,29.0,0.386,0.343,0.512,0.515,,,,,,,-10.619,6.933,0.0,-0.151,0.016,,-0.092
1nrjB_2gedB,051,46.0,30.0,0.493,0.465,0.471,0.452,,,,,,,-14.234,7.615,0.0,-0.135,0.004,,-0.143
1nrjB_2gedB,052,45.0,19.0,0.492,0.418,0.584,0.468,,,,,,,-11.568,6.476,0.0,-0.174,-0.009,,-0.023
1nrjB_2gedB,053,45.0,27.0,0.335,0.475,0.339,0.465,,,,,,,-14.155,5.715,0.0,-0.218,0.009,,-0.22
1nrjB_2gedB,054,43.0,13.0,0.432,0.374,0.553,0.436,,,,,,,-12.211,7.246,0.0,-0.155,-0.006,,-0.093
1nrjB_2gedB,055,43.0,22.0,0.335,0.323,0.489,0.43,,,,,,,-17.446,7.334,0.0,-0.135,0.011,,-0.097
1nrjB_2gedB,056,42.0,27.0,0.401,0.38,0.442,0.409,,,,,,,-4.378,3.027,0.1,-0.321,-0.006,,-0.095
1nrjB_2gedB,057,42.0,14.0,0.383,0.485,0.492,0.484,,,,,,,-15.813,8.103,0.0,-0.192,-0.007,,-0.096
1nrjB_2gedB,058,42.0,15.0,0.331,0.34,0.383,0.33,,,,,,,-9.342,6.015,0.0,-0.183,0.016,,-0.032
1nrjB_2gedB,059,41.0,23.0,0.343,0.35,0.427,0.433,,,,,,,-14.344,9.614,0.0,-0.124,0.014,,-0.106
1nrjB_2gedB,060,41.0,13.0,0.488,0.473,0.5,0.487,,,,,,,-13.749,6.092,0.0,-0.251,0.016,,-0.098
1nrjB_2gedB,061,40.0,12.0,0.362,0.396,0.504,0.42,,,,,,,-12.495,9.188,0.0,-0.193,0.014,,-0.106
1nrjB_2gedB,062,40.0,11.0,0.383,0.386,0.493,0.447,,,,,,,-18.667,7.55,0.0,-0.352,0.014,,-0.055
1nrjB_2gedB,063,39.0,19.0,0.403,0.366,0.484,0.435,,,,,,,-16.893,8.756,0.0,-0.176,0.01,,-0.021
1nrjB_2gedB,064,39.0,13.0,0.4,0.336,0.291,0.304,,,,,,,-11.908,7.357,0.1,-0.342,0.011,,-0.024
1nrjB_2gedB,065,38.0,20.0,0.375,0.417,0.404,0.542,,,,,,,-15.985,7.883,0.0,-0.176,0.014,,-0.047
1nrjB_2gedB,066,38.0,4.0,0.337,0.458,0.403,0.352,,,,,,,-12.289,9.163,0.1,-0.174,0.007,,-0.064
1nrjB_2gedB,067,38.0,10.0,0.305,0.296,0.429,0.386,,,,,,,-20.181,11.13,0.0,-0.279,-0.001,,-0.059
1nrjB_2gedB,068,38.0,11.0,0.479,0.416,0.491,0.405,,,,,,,-8.677,8.28,0.2,-0.28,0.003,,-0.081
1nrjB_2gedB,069,37.0,10.0,0.366,0.358,0.584,0.435,,,,,,,-20.75,10.523,0.0,-0.223,-0.007,,-0.059
1nrjB_2gedB,070,37.0,13.0,0.428,0.398,0.442,0.437,,,,,,,-17.604,6.521,0.0,-0.125,0.012,,-0.13
1nrjB_2gedB,071,36.0,7.0,0.603,0.501,0.647,0.523,,,,,,,-11.848,6.14,0.0,-0.17,0.014,,-0.064
1nrjB_2gedB,072,36.0,28.0,0.422,0.391,0.442,0.414,,,,,,,-8.073,7.71,0.1,-0.276,0.009,,-0.109
1nrjB_2gedB,073,36.0,21.0,0.431,0.44,0.528,0.435,,,,,,,-15.894,7.006,0.0,-0.212,-0.009,,-0.18
1nrjB_2gedB,074,35.0,16.0,0.866,0.708,0.869,0.716,,,,,,,-6.25,2.414,0.0,-0.207,-0.012,,-0.185
1nrjB_2gedB,075,35.0,30.0,0.724,0.563,0.8,0.607,,,,,,,-4.63,3.654,0.1,-0.258,0.002,,-0.185
1nrjB_2gedB,076,35.0,24.0,0.431,0.365,0.522,0.479,,,,,,,-6.526,3.822,0.0,-0.213,0.01,,-0.073
1nrjB_2gedB,077,35.0,6.0,0.312,0.423,0.426,0.41,,,,,,,-8.498,6.16,0.0,-0.402,-0.005,,-0.021
1nrjB_2gedB,078,35.0,1.0,0.506,0.497,0.494,0.495,,,,,,,-7.818,7.625,0.2,-0.427,0.014,,-0.066
1nrjB_2gedB,079,34.0,13.0,0.308,0.331,0.364,0.367,,,,,,,-19.621,8.374,0.0,-0.176,0.001,,-0.07
1nrjB_2gedB,080,33.0,31.0,0.716,0.665,0.781,0.601,,,,,,,-1.636,2.51,0.3,-0.135,-0.012,,-0.189
1nrjB_2gedB,081,32.0,11.0,0.457,0.372,0.488,0.484,,,,,,,-15.242,7.859,0.0,-0.162,0.015,,-0.086
1nrjB_2gedB,082,32.0,12.0,0.359,0.373,0.375,0.404,,,,,,,-15.394,6.298,0.0,-0.112,-0.014,,-0.054
1nrjB_2gedB,083,31.0,27.0,0.79,0.702,0.797,0.617,,,,,,,-5.836,5.16,0.2,-0.259,-0.01,,-0.188
1nrjB_2gedB,084,31.0,2.0,0.401,0.314,0.414,0.323,,,,,,,-8.927,7.1,0.1,-0.368,0.007,,-0.029
1nrjB_2gedB,085,31.0,9.0,0.498,0.454,0.494,0.462,,,,,,,-11.385,6.214,0.0,-0.12,-0.007,,-0.14
1nrjB_2gedB,086,30.0,2.0,0.37,0.363,0.528,0.424,,,,,,,-16.836,8.646,0.0,-0.168,-0.001,,0.002
1nrjB_2gedB,087,30.0,16.0,0.348,0.378,0.523,0.488,,,,,,,-14.73,5.898,0.0,-0.135,0.014,,-0.003
1nrjB_2gedB,088,29.0,5.0,0.419,0.368,0.493,0.479,,,,,,,-17.896,7.19,0.0,-0.104,-0.005,,-0.036
1nrjB_2gedB,089,29.0,12.0,0.386,0.378,0.539,0.544,,,,,,,-14.174,7.772,0.0,-0.166,0.013,,-0.054
1nrjB_2gedB,090,29.0,12.0,0.428,0.407,0.523,0.413,,,,,,,-15.439,6.409,0.0,-0.206,0.015,,-0.056
1nrjB_2gedB,091,28.0,3.0,0.472,0.471,0.485,0.492,,,,,,,-8.318,9.136,0.3,-0.457,-0.006,,0.009
1nrjB_2gedB,092,28.0,17.0,0.237,0.241,0.545,0.523,,,,,,,-8.911,4.656,0.0,-0.368,0.012,,
1nrjB_2gedB,093,28.0,8.0,0.427,0.405,0.457,0.436,,,,,,,-18.685,8.89,0.0,-0.107,0.004,,-0.093
1nrjB_2gedB,094,27.0,13.0,0.321,0.325,0.435,0.407,,,,,,,-7.303,4.332,0.0,-0.351,-0.016,,-0.073
1nrjB_2gedB,095,27.0,12.0,0.264,0.28,0.427,0.384,,,,,,,-13.717,7.085,0.0,-0.158,-0.001,,-0.021
1nrjB_2gedB,096,25.0,11.0,0.598,0.479,0.64,0.508,,,,,,,-9.412,5.164,0.0,-0.227,-0.009,,-0.141
1nrjB_2gedB,097,25.0,6.0,0.264,0.311,0.253,0.257,,,,,,,-7.787,7.292,0.3,-0.396,0.005,,-0.027
1nrjB_2gedB,098,25.0,15.0,0.408,0.467,0.422,0.47,,,,,,,-9.975,7.868,0.1,-0.098,0.012,,-0.068
1nrjB_2gedB,099,24.0,12.0,0.435,0.412,0.505,0.423,,,,,,,-15.989,5.803,0.0,-0.169,0.012,,-0.148
1qb3A_3qy2A,Deep,,,0.734,0.916,0.74,0.918,0.0,0.0,0.01,,,,,,,,-0.019,0.006,
1qb3A_3qy2A,000,415.0,133.0,0.418,0.552,0.37,0.48,0.023,0.022,0.023,005; 001; 005; 002; 001; 002; 009; 009; 003; 003,0.46; 0.43; 0.43; 0.43; 0.43; 0.42; 0.37; 0.37; 0.33; 0.33,0.59; 0.57; 0.57; 0.53; 0.57; 0.52; 0.48; 0.48; 0.35; 0.34,2.634,2.783,0.7,-0.131,-0.018,0.0,-0.048
1qb3A_3qy2A,001,344.0,94.0,0.409,0.561,0.406,0.523,0.0,0.0,0.0,001; 001; 008; 008; 004; 004; 005; 005; 002; 002,0.44; 0.44; 0.42; 0.42; 0.36; 0.36; 0.33; 0.33; 0.31; 0.28,0.58; 0.57; 0.53; 0.52; 0.45; 0.44; 0.34; 0.35; 0.41; 0.39,4.571,2.522,1.0,-0.128,0.014,0.0,-0.064
1qb3A_3qy2A,002,214.0,59.0,0.438,0.543,0.459,0.574,0.0,0.0,0.0,004; 004; 005; 005; 001; 001; 006; 006; 009; 009,0.56; 0.56; 0.51; 0.51; 0.45; 0.45; 0.44; 0.43; 0.37; 0.37,0.70; 0.70; 0.65; 0.65; 0.59; 0.59; 0.58; 0.57; 0.41; 0.41,3.931,3.163,0.8,-0.136,-0.055,0.0,-0.072
1qb3A_3qy2A,003,152.0,52.0,0.418,0.548,0.441,0.58,0.0,0.0,0.0,001; 001; 006; 006; 010; 010; 002; 002; 007; 007,0.70; 0.70; 0.65; 0.65; 0.57; 0.57; 0.52; 0.51; 0.51; 0.50,0.87; 0.87; 0.80; 0.80; 0.71; 0.72; 0.65; 0.64; 0.65; 0.64,2.388,3.268,0.7,-0.086,-0.044,0.0,-0.081
1qb3A_3qy2A,004,152.0,48.0,0.397,0.52,0.23,0.288,0.016,0.015,0.014,010; 010; 005; 005; 009; 009; 001; 001; 003; 003,0.51; 0.50; 0.46; 0.46; 0.42; 0.42; 0.42; 0.42; 0.36; 0.36,0.66; 0.65; 0.60; 0.60; 0.52; 0.51; 0.56; 0.56; 0.49; 0.49,3.546,2.942,0.9,-0.15,0.008,0.0,-0.096
1qb3A_3qy2A,005,147.0,33.0,0.444,0.563,0.453,0.587,0.0,0.0,0.0,002; 002; 009; 001; 009; 001; 003; 003; 006; 004,0.52; 0.51; 0.42; 0.41; 0.40; 0.40; 0.34; 0.34; 0.28; 0.28,0.67; 0.65; 0.58; 0.55; 0.55; 0.55; 0.35; 0.35; 0.29; 0.29,3.277,2.397,1.0,-0.085,0.025,0.0,-0.053
1qb3A_3qy2A,006,135.0,8.0,0.395,0.518,0.444,0.562,0.02,0.018,0.017,006; 006; 005; 005; 007; 007; 004; 004; 001; 002,0.49; 0.49; 0.47; 0.47; 0.42; 0.41; 0.37; 0.37; 0.35; 0.35,0.65; 0.65; 0.58; 0.57; 0.56; 0.55; 0.50; 0.50; 0.48; 0.47,2.27,2.132,0.8,-0.116,0.017,0.0,-0.067
1qb3A_3qy2A,007,135.0,16.0,0.409,0.543,0.434,0.579,0.0,0.0,0.0,006; 006; 002; 002; 009; 009; 007; 001; 001; 007,0.45; 0.45; 0.41; 0.41; 0.37; 0.37; 0.37; 0.36; 0.36; 0.35,0.60; 0.59; 0.53; 0.53; 0.48; 0.48; 0.39; 0.49; 0.48; 0.38,2.093,4.781,0.6,-0.149,-0.007,0.0,-0.057
1qb3A_3qy2A,008,127.0,30.0,0.42,0.544,0.447,0.586,0.0,0.0,0.0,010; 003; 003; 002; 002; 001; 007; 001; 007; 010,0.43; 0.43; 0.43; 0.43; 0.43; 0.42; 0.42; 0.42; 0.42; 0.42,0.54; 0.58; 0.58; 0.57; 0.57; 0.57; 0.55; 0.57; 0.55; 0.53,2.665,2.241,1.0,-0.152,-0.037,0.0,-0.01
1qb3A_3qy2A,009,127.0,20.0,0.357,0.472,0.237,0.304,0.0,0.0,0.0,001; 008; 008; 001; 002; 002; 003; 003; 009; 009,0.43; 0.43; 0.43; 0.43; 0.33; 0.33; 0.33; 0.33; 0.31; 0.31,0.57; 0.57; 0.57; 0.57; 0.43; 0.43; 0.45; 0.45; 0.42; 0.42,4.157,3.938,0.8,-0.145,-0.012,0.0,-0.063
1qb3A_3qy2A,010,118.0,15.0,0.374,0.486,0.444,0.582,0.0,0.0,0.0,001; 001; 008; 008; 010; 010; 009; 009; 003; 003,0.56; 0.56; 0.55; 0.55; 0.49; 0.49; 0.48; 0.48; 0.45; 0.45,0.71; 0.71; 0.70; 0.70; 0.63; 0.62; 0.63; 0.63; 0.58; 0.57,2.101,2.394,0.8,-0.137,-0.063,0.0,-0.057
1qb3A_3qy2A,011,102.0,12.0,0.583,0.721,0.648,0.792,0.0,0.0,0.0,002; 002; 005; 005; 001; 001; 003; 003; 004; 004,0.45; 0.45; 0.42; 0.42; 0.41; 0.41; 0.38; 0.38; 0.37; 0.36,0.59; 0.59; 0.54; 0.54; 0.53; 0.53; 0.49; 0.49; 0.47; 0.46,4.664,3.233,1.0,-0.076,0.035,0.0,-0.037
1qb3A_3qy2A,012,96.0,1.0,0.515,0.632,0.314,0.361,0.032,0.031,0.029,009; 001; 009; 010; 001; 002; 002; 010; 004; 008,0.39; 0.36; 0.36; 0.36; 0.36; 0.34; 0.34; 0.34; 0.33; 0.31,0.49; 0.49; 0.46; 0.46; 0.51; 0.34; 0.34; 0.44; 0.34; 0.43,2.879,1.668,1.0,-0.024,0.064,0.0,-0.069
1qb3A_3qy2A,013,95.0,37.0,0.389,0.473,0.384,0.495,0.0,0.0,0.0,002; 002; 001; 001; 005; 005; 006; 006; 004; 003,0.48; 0.48; 0.43; 0.43; 0.42; 0.42; 0.39; 0.39; 0.36; 0.36,0.61; 0.60; 0.56; 0.56; 0.57; 0.57; 0.52; 0.52; 0.49; 0.49,3.173,1.977,1.0,-0.087,-0.062,0.0,-0.061
1qb3A_3qy2A,014,93.0,16.0,0.383,0.486,0.246,0.327,0.0,0.0,0.0,008; 008; 004; 004; 002; 003; 003; 002; 001; 001,0.43; 0.42; 0.41; 0.41; 0.38; 0.38; 0.38; 0.38; 0.32; 0.32,0.54; 0.53; 0.54; 0.54; 0.53; 0.51; 0.51; 0.53; 0.43; 0.43,2.631,2.791,0.9,-0.139,0.052,0.0,-0.056
1qb3A_3qy2A,015,90.0,6.0,0.411,0.529,0.446,0.569,0.024,0.022,0.023,006; 006; 007; 007; 001; 001; 003; 004; 004; 003,0.51; 0.51; 0.46; 0.46; 0.44; 0.43; 0.42; 0.42; 0.42; 0.42,0.67; 0.67; 0.60; 0.60; 0.57; 0.57; 0.54; 0.52; 0.52; 0.54,0.938,2.285,0.5,-0.13,-0.063,0.0,-0.058
1qb3A_3qy2A,016,86.0,21.0,0.512,0.659,0.447,0.578,0.0,0.0,0.0,001; 001; 005; 005; 009; 009; 004; 003; 004; 008,0.47; 0.47; 0.42; 0.42; 0.41; 0.41; 0.39; 0.38; 0.38; 0.36,0.60; 0.60; 0.54; 0.54; 0.55; 0.55; 0.53; 0.49; 0.52; 0.50,4.751,2.179,1.0,-0.119,0.044,0.0,-0.066
1qb3A_3qy2A,017,84.0,31.0,0.353,0.449,0.511,0.663,0.0,0.0,0.0,008; 008; 005; 005; 001; 001; 007; 007; 006; 004,0.53; 0.53; 0.51; 0.51; 0.50; 0.49; 0.39; 0.39; 0.38; 0.34,0.69; 0.68; 0.65; 0.65; 0.65; 0.65; 0.51; 0.51; 0.39; 0.47,5.71,3.315,1.0,-0.094,0.004,0.0,-0.029
1qb3A_3qy2A,018,75.0,2.0,0.501,0.623,0.516,0.598,0.022,0.021,0.022,005; 005; 007; 007; 001; 001; 006; 004; 010; 008,0.47; 0.47; 0.39; 0.38; 0.35; 0.35; 0.31; 0.31; 0.30; 0.29,0.61; 0.61; 0.51; 0.52; 0.47; 0.47; 0.30; 0.33; 0.27; 0.39,3.322,0.536,1.0,-0.108,0.062,0.0,-0.052
1qb3A_3qy2A,019,71.0,2.0,0.516,0.641,0.69,0.864,0.026,0.024,0.022,004; 004; 002; 002; 001; 009; 001; 005; 009; 005,0.45; 0.45; 0.44; 0.44; 0.43; 0.43; 0.43; 0.43; 0.42; 0.42,0.58; 0.58; 0.57; 0.57; 0.57; 0.54; 0.57; 0.55; 0.54; 0.55,3.255,1.985,1.0,-0.069,0.001,0.0,-0.038
1qb3A_3qy2A,020,67.0,21.0,0.401,0.505,0.443,0.581,,,,,,,3.492,3.543,0.9,-0.147,-0.051,,-0.051
1qb3A_3qy2A,021,67.0,24.0,0.433,0.566,0.439,0.583,,,,,,,4.668,3.22,0.9,-0.103,0.014,,-0.041
1qb3A_3qy2A,022,67.0,9.0,0.423,0.531,0.452,0.58,,,,,,,3.335,1.832,1.0,-0.114,-0.062,,-0.081
1qb3A_3qy2A,023,66.0,5.0,0.377,0.467,0.45,0.59,,,,,,,1.024,2.37,0.6,-0.0,-0.015,,-0.014
1qb3A_3qy2A,024,65.0,6.0,0.608,0.752,0.522,0.65,,,,,,,3.764,1.494,1.0,-0.134,0.058,,-0.06
1qb3A_3qy2A,025,63.0,19.0,0.429,0.542,0.375,0.477,,,,,,,1.645,2.004,0.7,-0.099,0.029,,-0.084
1qb3A_3qy2A,026,62.0,10.0,0.484,0.577,0.329,0.468,,,,,,,2.833,1.764,1.0,-0.025,0.059,,-0.069
1qb3A_3qy2A,027,61.0,6.0,0.457,0.566,0.372,0.493,,,,,,,1.606,2.615,0.8,-0.119,-0.016,,-0.043
1qb3A_3qy2A,028,61.0,16.0,0.357,0.466,0.366,0.463,,,,,,,1.691,1.832,0.8,-0.105,-0.025,,-0.019
1qb3A_3qy2A,029,58.0,8.0,0.406,0.51,0.477,0.6,,,,,,,0.964,2.175,0.5,-0.105,-0.046,,-0.057
1qb3A_3qy2A,030,58.0,7.0,0.4,0.522,0.442,0.578,,,,,,,3.978,3.391,0.9,-0.096,-0.058,,-0.071
1qb3A_3qy2A,031,58.0,31.0,0.397,0.498,0.398,0.508,,,,,,,3.513,3.081,0.8,-0.13,0.008,,-0.084
1qb3A_3qy2A,032,56.0,1.0,0.467,0.56,0.584,0.719,,,,,,,2.235,2.22,0.7,-0.095,0.014,,-0.076
1qb3A_3qy2A,033,56.0,6.0,0.42,0.555,0.462,0.619,,,,,,,1.874,2.702,0.6,-0.122,0.057,,-0.032
1qb3A_3qy2A,034,56.0,8.0,0.425,0.509,0.41,0.521,,,,,,,2.322,1.391,1.0,-0.135,0.028,,-0.068
1qb3A_3qy2A,035,54.0,16.0,0.419,0.518,0.425,0.536,,,,,,,0.907,2.353,0.5,-0.109,-0.055,,-0.028
1qb3A_3qy2A,036,52.0,15.0,0.246,0.288,0.21,0.21,,,,,,,4.024,4.532,0.7,-0.005,-0.044,,-0.009
1qb3A_3qy2A,037,52.0,3.0,0.414,0.539,0.446,0.576,,,,,,,1.973,1.162,0.9,-0.023,-0.009,,-0.092
1qb3A_3qy2A,038,51.0,14.0,0.406,0.501,0.442,0.563,,,,,,,1.171,2.143,0.6,-0.127,-0.003,,-0.079
1qb3A_3qy2A,039,50.0,1.0,0.492,0.583,0.59,0.74,,,,,,,1.832,1.65,0.8,-0.062,0.062,,-0.039
1qb3A_3qy2A,040,48.0,6.0,0.502,0.607,0.549,0.683,,,,,,,2.134,1.614,0.9,-0.081,-0.007,,-0.076
1qb3A_3qy2A,041,48.0,19.0,0.315,0.423,0.461,0.578,,,,,,,4.613,2.931,1.0,-0.07,-0.011,,-0.068
1qb3A_3qy2A,042,48.0,11.0,0.31,0.411,0.451,0.576,,,,,,,-0.514,1.918,0.4,-0.114,-0.037,,-0.08
1qb3A_3qy2A,043,48.0,10.0,0.381,0.479,0.348,0.444,,,,,,,1.128,2.321,0.5,-0.122,-0.018,,-0.073
1qb3A_3qy2A,044,48.0,8.0,0.408,0.513,0.412,0.53,,,,,,,2.185,3.049,0.7,-0.105,-0.064,,-0.103
1qb3A_3qy2A,045,47.0,8.0,0.575,0.701,0.587,0.727,,,,,,,1.907,3.285,0.7,-0.112,-0.029,,-0.076
1qb3A_3qy2A,046,47.0,9.0,0.41,0.518,0.427,0.545,,,,,,,1.946,2.04,0.8,-0.099,-0.051,,-0.079
1qb3A_3qy2A,047,43.0,3.0,0.379,0.474,0.418,0.519,,,,,,,0.811,2.189,0.6,-0.098,-0.03,,-0.018
1qb3A_3qy2A,048,43.0,10.0,0.45,0.56,0.426,0.514,,,,,,,4.558,1.974,1.0,-0.116,0.004,,-0.086
1qb3A_3qy2A,049,43.0,12.0,0.411,0.517,0.39,0.504,,,,,,,3.656,3.02,0.8,-0.116,-0.016,,-0.067
1qb3A_3qy2A,050,42.0,5.0,0.365,0.484,0.431,0.542,,,,,,,1.006,1.413,0.8,-0.104,-0.037,,-0.041
1qb3A_3qy2A,051,41.0,19.0,0.418,0.523,0.447,0.586,,,,,,,3.443,1.765,0.9,-0.096,-0.024,,-0.091
1qb3A_3qy2A,052,41.0,17.0,0.322,0.421,0.302,0.394,,,,,,,1.699,2.423,0.7,-0.105,0.01,,-0.013
1qb3A_3qy2A,053,40.0,11.0,0.406,0.485,0.38,0.485,,,,,,,2.613,2.981,0.8,-0.059,0.026,,-0.07
1qb3A_3qy2A,054,40.0,16.0,0.309,0.401,0.349,0.468,,,,,,,1.067,2.012,0.7,-0.109,-0.034,,-0.043
1qb3A_3qy2A,055,40.0,5.0,0.391,0.501,0.413,0.541,,,,,,,1.228,2.707,0.6,-0.127,-0.059,,-0.069
1qb3A_3qy2A,056,39.0,9.0,0.433,0.568,0.398,0.502,,,,,,,-1.323,1.603,0.2,-0.107,-0.063,,-0.108
1qb3A_3qy2A,057,39.0,3.0,0.409,0.522,0.254,0.292,,,,,,,-0.022,2.337,0.3,-0.072,-0.064,,-0.05
1qb3A_3qy2A,058,38.0,8.0,0.466,0.592,0.234,0.294,,,,,,,1.209,1.98,0.7,-0.102,0.033,,-0.028
1qb3A_3qy2A,059,38.0,6.0,0.373,0.472,0.381,0.484,,,,,,,3.076,2.805,0.9,-0.123,-0.016,,-0.078
1qb3A_3qy2A,060,38.0,8.0,0.38,0.479,0.409,0.517,,,,,,,2.991,2.441,0.9,-0.11,-0.063,,-0.074
1qb3A_3qy2A,061,37.0,11.0,0.411,0.521,0.467,0.609,,,,,,,1.112,2.896,0.5,-0.116,0.057,,-0.106
1qb3A_3qy2A,062,36.0,14.0,0.417,0.531,0.453,0.593,,,,,,,2.589,1.592,0.8,-0.113,-0.001,,-0.077
1qb3A_3qy2A,063,35.0,8.0,0.484,0.62,0.467,0.559,,,,,,,1.753,2.282,0.6,-0.01,-0.062,,-0.046
1qb3A_3qy2A,064,35.0,15.0,0.693,0.862,0.738,0.923,,,,,,,1.977,3.771,0.7,-0.127,0.029,,-0.073
1qb3A_3qy2A,065,35.0,18.0,0.458,0.586,0.328,0.439,,,,,,,5.817,4.714,0.8,-0.068,0.055,,-0.078
1qb3A_3qy2A,066,34.0,2.0,0.404,0.496,0.471,0.612,,,,,,,1.776,1.215,0.9,-0.106,0.004,,-0.054
1qb3A_3qy2A,067,34.0,2.0,0.388,0.472,0.467,0.572,,,,,,,2.231,1.648,0.8,-0.088,0.014,,-0.045
1qb3A_3qy2A,068,33.0,5.0,0.238,0.254,0.392,0.481,,,,,,,8.482,0.791,1.0,0.002,0.06,,-0.004
1qb3A_3qy2A,069,33.0,5.0,0.358,0.473,0.388,0.459,,,,,,,-0.004,2.063,0.5,-0.077,-0.024,,-0.073
1qb3A_3qy2A,070,32.0,5.0,0.463,0.577,0.302,0.342,,,,,,,2.658,2.353,0.9,-0.126,-0.06,,-0.005
1qb3A_3qy2A,071,32.0,5.0,0.391,0.503,0.494,0.636,,,,,,,3.457,3.568,0.8,-0.038,0.055,,-0.03
1qb3A_3qy2A,072,32.0,4.0,0.367,0.499,0.46,0.591,,,,,,,3.255,2.559,1.0,-0.138,0.038,,-0.039
1qb3A_3qy2A,073,31.0,2.0,0.493,0.622,0.418,0.555,,,,,,,3.909,3.608,0.9,-0.136,0.063,,-0.071
1qb3A_3qy2A,074,31.0,11.0,0.352,0.454,0.466,0.596,,,,,,,1.624,2.733,0.6,-0.135,0.024,,-0.054
1qb3A_3qy2A,075,31.0,4.0,0.37,0.455,0.451,0.584,,,,,,,0.298,2.027,0.5,-0.116,-0.061,,-0.072
1qb3A_3qy2A,076,31.0,8.0,0.381,0.476,0.377,0.49,,,,,,,0.2,1.807,0.6,-0.124,-0.061,,-0.071
1qb3A_3qy2A,077,30.0,1.0,0.505,0.613,0.42,0.537,,,,,,,4.311,0.705,1.0,-0.128,0.024,,-0.088
1qb3A_3qy2A,078,30.0,3.0,0.435,0.552,0.496,0.624,,,,,,,-0.695,1.344,0.2,-0.097,-0.046,,-0.053
1qb3A_3qy2A,079,30.0,4.0,0.331,0.464,0.463,0.584,,,,,,,0.957,2.167,0.7,-0.126,-0.063,,-0.068
1qb3A_3qy2A,080,30.0,8.0,0.392,0.503,0.412,0.52,,,,,,,2.506,2.99,0.8,-0.133,0.023,,-0.07
1qb3A_3qy2A,081,29.0,8.0,0.332,0.435,0.346,0.452,,,,,,,2.635,3.527,0.9,-0.092,-0.063,,-0.084
1qb3A_3qy2A,082,29.0,11.0,0.293,0.381,0.285,0.304,,,,,,,4.72,2.948,0.9,-0.008,-0.011,,-0.039
1qb3A_3qy2A,083,28.0,3.0,0.637,0.779,0.516,0.644,,,,,,,2.651,1.465,1.0,-0.092,0.063,,-0.044
1qb3A_3qy2A,084,28.0,10.0,0.447,0.563,0.443,0.567,,,,,,,2.01,3.823,0.8,-0.098,-0.058,,-0.092
1qb3A_3qy2A,085,27.0,5.0,0.39,0.49,0.409,0.509,,,,,,,8.734,1.561,1.0,-0.095,-0.055,,-0.016
1qb3A_3qy2A,086,27.0,3.0,0.419,0.544,0.441,0.567,,,,,,,3.234,0.751,1.0,-0.118,-0.046,,
1qb3A_3qy2A,087,27.0,3.0,0.386,0.507,0.414,0.557,,,,,,,1.549,1.481,0.9,-0.143,-0.064,,-0.085
1qb3A_3qy2A,088,27.0,9.0,0.407,0.517,0.447,0.587,,,,,,,3.061,3.036,0.9,-0.131,0.053,,-0.039
1qb3A_3qy2A,089,26.0,6.0,0.449,0.528,0.415,0.521,,,,,,,1.566,2.587,0.8,-0.042,-0.056,,-0.058
1qb3A_3qy2A,090,26.0,4.0,0.387,0.491,0.396,0.518,,,,,,,2.97,1.953,0.9,-0.133,-0.047,,-0.094
1qb3A_3qy2A,091,25.0,2.0,0.472,0.571,0.403,0.49,,,,,,,2.411,2.569,0.8,-0.026,-0.059,,-0.002
1qb3A_3qy2A,092,25.0,11.0,0.52,0.629,0.538,0.68,,,,,,,1.684,3.255,0.8,-0.126,0.062,,-0.07
1qb3A_3qy2A,093,25.0,5.0,0.417,0.536,0.436,0.574,,,,,,,1.461,1.447,0.9,-0.115,-0.051,,-0.07
1qb3A_3qy2A,094,25.0,8.0,0.26,0.28,0.308,0.358,,,,,,,6.263,2.471,1.0,-0.112,0.031,,-0.012
1qb3A_3qy2A,095,24.0,3.0,0.388,0.5,0.249,0.282,,,,,,,1.288,1.658,0.8,-0.135,-0.062,,-0.072
1qb3A_3qy2A,096,23.0,9.0,0.418,0.522,0.451,0.579,,,,,,,4.957,2.438,1.0,-0.114,-0.052,,-0.061
1qb3A_3qy2A,097,23.0,8.0,0.466,0.598,0.462,0.603,,,,,,,2.293,2.77,0.8,-0.095,0.003,,-0.101
1qb3A_3qy2A,098,22.0,4.0,0.687,0.843,0.683,0.852,,,,,,,2.062,1.286,1.0,0.013,-0.043,,-0.072
1qb3A_3qy2A,099,22.0,5.0,0.313,0.418,0.374,0.502,,,,,,,3.723,2.134,0.9,-0.11,-0.064,,-0.059
1qlnA_1h38D,Deep,,,0.83,0.943,0.902,0.945,0.006,0.01,0.011,,,,,,,,-0.035,-0.0,
1qlnA_1h38D,000,522.0,67.0,0.287,0.27,0.254,0.267,,,,002; 003; 001; 004; 007; 008; 005; 009; 006; 010,0.77; 0.77; 0.75; 0.74; 0.67; 0.67; 0.43; 0.35; 0.29; 0.28,0.64; 0.67; 0.67; 0.69; 0.86; 0.84; 0.42; 0.35; 0.25; 0.29,-39.98,17.293,0.0,0.022,-0.032,,
1qlnA_1h38D,001,401.0,222.0,0.304,0.286,0.327,0.343,0.004,0.003,0.003,002; 007; 002; 007; 005; 005; 004; 004; 001; 001,0.78; 0.78; 0.78; 0.77; 0.75; 0.75; 0.72; 0.72; 0.69; 0.69,0.69; 0.66; 0.69; 0.66; 0.69; 0.69; 0.74; 0.76; 0.79; 0.79,-36.674,26.136,0.2,0.018,-0.027,0.0,
1qlnA_1h38D,002,184.0,96.0,0.334,0.34,0.563,0.551,0.006,0.009,0.009,001; 001; 004; 004; 003; 003; 005; 005; 002; 002,0.83; 0.83; 0.80; 0.80; 0.76; 0.76; 0.74; 0.74; 0.70; 0.70,0.76; 0.76; 0.71; 0.71; 0.69; 0.69; 0.67; 0.68; 0.76; 0.76,-33.462,23.138,0.1,0.007,-0.034,0.0,
1qlnA_1h38D,003,169.0,27.0,0.219,0.213,0.275,0.237,0.011,0.009,0.015,001; 001; 002; 002; 005; 005; 009; 009; 004; 004,0.78; 0.78; 0.76; 0.76; 0.69; 0.68; 0.68; 0.68; 0.68; 0.67,0.68; 0.68; 0.70; 0.70; 0.78; 0.78; 0.84; 0.84; 0.66; 0.67,-31.577,20.557,0.1,0.018,-0.032,0.0,
1qlnA_1h38D,004,141.0,83.0,0.268,0.279,0.814,0.756,0.01,0.008,0.011,001; 001; 004; 004; 005; 005; 006; 006; 003; 008,0.79; 0.79; 0.78; 0.78; 0.77; 0.77; 0.69; 0.69; 0.68; 0.68,0.72; 0.72; 0.70; 0.70; 0.66; 0.66; 0.87; 0.87; 0.77; 0.87,-28.587,24.3,0.2,0.059,-0.029,0.0,
1qlnA_1h38D,005,133.0,65.0,0.244,0.266,0.295,0.269,0.016,0.012,0.016,008; 008; 006; 006; 007; 007; 003; 009; 009; 003,0.71; 0.71; 0.70; 0.70; 0.69; 0.69; 0.67; 0.67; 0.67; 0.67,0.64; 0.64; 0.64; 0.64; 0.63; 0.63; 0.63; 0.64; 0.64; 0.63,-33.678,18.631,0.1,0.018,-0.034,0.0,
1qlnA_1h38D,006,120.0,8.0,0.222,0.239,0.221,0.223,0.033,0.03,0.027,006; 006; 002; 001; 001; 002; 004; 004; 009; 003,0.78; 0.78; 0.75; 0.73; 0.73; 0.72; 0.69; 0.69; 0.67; 0.67,0.66; 0.66; 0.68; 0.68; 0.68; 0.68; 0.71; 0.70; 0.83; 0.65,-20.717,13.99,0.2,-0.014,-0.025,0.0,
1qlnA_1h38D,007,97.0,33.0,0.282,0.263,0.32,0.317,0.02,0.018,0.018,008; 007; 008; 002; 007; 002; 006; 006; 003; 003,0.74; 0.74; 0.74; 0.73; 0.73; 0.73; 0.71; 0.71; 0.65; 0.65,0.61; 0.62; 0.61; 0.64; 0.62; 0.64; 0.61; 0.61; 0.61; 0.61,-19.314,13.142,0.2,0.024,-0.025,0.0,
1qlnA_1h38D,008,88.0,43.0,0.256,0.329,0.505,0.481,0.004,0.003,0.004,001; 003; 001; 003; 002; 002; 008; 008; 007; 007,0.76; 0.76; 0.76; 0.76; 0.72; 0.72; 0.67; 0.67; 0.66; 0.66,0.68; 0.64; 0.68; 0.64; 0.67; 0.67; 0.78; 0.78; 0.80; 0.80,-29.509,22.278,0.2,0.024,-0.035,0.0,
1qlnA_1h38D,009,87.0,26.0,0.208,0.192,0.277,0.254,0.007,0.011,0.006,005; 005; 002; 002; 007; 007; 004; 004; 006; 006,0.77; 0.77; 0.72; 0.72; 0.68; 0.68; 0.67; 0.67; 0.67; 0.67,0.70; 0.70; 0.70; 0.70; 0.85; 0.85; 0.63; 0.63; 0.80; 0.80,-42.043,10.657,0.0,0.017,-0.007,0.0,
1qlnA_1h38D,010,81.0,57.0,0.654,0.631,0.753,0.915,0.0,0.0,0.002,001; 001; 002; 002; 007; 007; 008; 008; 004; 004,0.76; 0.76; 0.74; 0.74; 0.68; 0.68; 0.66; 0.66; 0.45; 0.45,0.67; 0.67; 0.68; 0.68; 0.67; 0.67; 0.69; 0.68; 0.44; 0.44,-19.773,32.647,0.5,0.013,-0.035,0.0,
1qlnA_1h38D,011,80.0,58.0,0.688,0.699,0.814,0.935,,,,,,,-30.616,23.654,0.2,0.061,-0.035,,
1qlnA_1h38D,012,78.0,12.0,0.268,0.227,0.267,0.252,,,,,,,-15.769,11.846,0.1,0.016,-0.014,,
1qlnA_1h38D,013,75.0,35.0,0.242,0.253,0.377,0.365,,,,,,,-16.474,21.302,0.3,0.035,-0.03,,
1qlnA_1h38D,014,75.0,45.0,0.203,0.192,0.334,0.341,,,,,,,-33.426,23.277,0.2,-0.012,-0.035,,0.012
1qlnA_1h38D,015,68.0,39.0,0.42,0.415,0.569,0.566,,,,,,,-9.329,16.796,0.3,0.084,-0.027,,
1qlnA_1h38D,016,68.0,37.0,0.302,0.279,0.645,0.734,,,,,,,-35.259,22.508,0.2,0.008,-0.035,,
1qlnA_1h38D,017,67.0,45.0,0.216,0.197,0.241,0.239,,,,,,,-17.316,16.287,0.2,0.005,-0.023,,
1qlnA_1h38D,018,66.0,23.0,0.19,0.212,0.25,0.239,,,,,,,-9.676,15.915,0.3,0.028,-0.026,,
1qlnA_1h38D,019,66.0,15.0,0.203,0.224,0.272,0.266,,,,,,,-23.564,24.298,0.3,0.002,-0.016,,
1qlnA_1h38D,020,65.0,22.0,0.244,0.235,0.259,0.221,,,,,,,-12.421,9.424,0.1,0.028,-0.022,,
1qlnA_1h38D,021,61.0,39.0,0.649,0.67,0.754,0.913,,,,,,,-35.921,26.239,0.2,0.019,-0.034,,
1qlnA_1h38D,022,60.0,14.0,0.234,0.216,0.326,0.337,,,,,,,-34.507,18.061,0.0,0.018,-0.029,,
1qlnA_1h38D,023,57.0,27.0,0.259,0.26,0.555,0.556,,,,,,,-21.053,34.78,0.5,0.002,-0.029,,
1qlnA_1h38D,024,56.0,30.0,0.266,0.228,0.369,0.367,,,,,,,-30.508,19.24,0.1,-0.011,-0.03,,
1qlnA_1h38D,025,55.0,42.0,0.24,0.24,0.442,0.44,,,,,,,-18.802,30.233,0.4,0.006,-0.03,,0.005
1qlnA_1h38D,026,54.0,34.0,0.242,0.22,0.529,0.525,,,,,,,-28.871,26.578,0.3,-0.014,-0.033,,
1qlnA_1h38D,027,54.0,31.0,0.732,0.814,0.862,0.914,,,,,,,-36.339,19.217,0.1,-0.0,-0.024,,
1qlnA_1h38D,028,53.0,21.0,0.195,0.208,0.601,0.575,,,,,,,-38.33,15.966,0.0,0.0,-0.028,,
1qlnA_1h38D,029,51.0,12.0,0.228,0.218,0.29,0.272,,,,,,,-24.297,19.774,0.1,0.036,0.007,,
1qlnA_1h38D,030,50.0,17.0,0.209,0.202,0.278,0.284,,,,,,,-25.321,15.583,0.1,-0.009,-0.027,,
1qlnA_1h38D,031,49.0,15.0,0.246,0.219,0.266,0.253,,,,,,,-36.832,8.696,0.0,0.024,-0.033,,
1qlnA_1h38D,032,49.0,15.0,0.195,0.188,0.296,0.265,,,,,,,-31.765,21.45,0.1,0.01,-0.034,,
1qlnA_1h38D,033,49.0,17.0,0.255,0.257,0.288,0.232,,,,,,,-28.151,20.682,0.2,0.025,-0.028,,
1qlnA_1h38D,034,49.0,31.0,0.283,0.269,0.556,0.55,,,,,,,-26.602,29.91,0.4,0.005,-0.034,,
1qlnA_1h38D,035,48.0,31.0,0.656,0.639,0.818,0.938,,,,,,,-26.745,19.022,0.2,-0.001,-0.026,,
1qlnA_1h38D,036,48.0,19.0,0.251,0.256,0.31,0.345,,,,,,,-47.212,8.306,0.0,0.093,-0.031,,
1qlnA_1h38D,037,47.0,26.0,0.361,0.332,0.848,0.749,,,,,,,-21.984,16.303,0.2,0.067,-0.03,,
1qlnA_1h38D,038,46.0,33.0,0.595,0.55,0.833,0.932,,,,,,,-24.67,29.882,0.3,0.006,0.001,,
1qlnA_1h38D,039,46.0,19.0,0.252,0.286,0.449,0.479,,,,,,,-32.435,24.744,0.1,0.006,-0.034,,
1qlnA_1h38D,040,45.0,18.0,0.206,0.187,0.292,0.283,,,,,,,-39.651,25.006,0.2,0.024,-0.035,,
1qlnA_1h38D,041,45.0,20.0,0.438,0.43,0.712,0.608,,,,,,,-26.168,27.449,0.2,-0.003,-0.034,,
1qlnA_1h38D,042,41.0,24.0,0.205,0.227,0.381,0.364,,,,,,,-17.484,21.369,0.2,0.007,-0.031,,0.04
1qlnA_1h38D,043,40.0,17.0,0.223,0.197,0.277,0.239,,,,,,,-51.384,11.648,0.0,0.036,-0.032,,
1qlnA_1h38D,044,40.0,14.0,0.263,0.257,0.231,0.338,,,,,,,-35.248,28.986,0.3,0.024,-0.023,,
1qlnA_1h38D,045,39.0,22.0,0.235,0.272,0.304,0.339,,,,,,,-19.058,26.101,0.3,0.027,-0.033,,
1qlnA_1h38D,046,39.0,27.0,0.214,0.203,0.421,0.404,,,,,,,-25.856,26.948,0.3,0.033,-0.032,,0.016
1qlnA_1h38D,047,39.0,6.0,0.216,0.206,0.291,0.302,,,,,,,-38.026,20.409,0.2,0.039,-0.032,,
1qlnA_1h38D,048,39.0,20.0,0.282,0.279,0.354,0.35,,,,,,,-34.096,21.318,0.1,0.017,-0.032,,
1qlnA_1h38D,049,38.0,24.0,0.243,0.233,0.346,0.353,,,,,,,-23.048,26.812,0.4,0.027,-0.033,,
1qlnA_1h38D,050,38.0,18.0,0.188,0.208,0.349,0.351,,,,,,,-57.954,10.035,0.0,0.02,-0.032,,
1qlnA_1h38D,051,37.0,25.0,0.619,0.628,0.876,0.745,,,,,,,-20.858,28.501,0.3,0.015,-0.01,,
1qlnA_1h38D,052,37.0,13.0,0.232,0.267,0.271,0.236,,,,,,,-20.622,23.898,0.2,0.026,-0.026,,
1qlnA_1h38D,053,37.0,8.0,0.232,0.24,0.282,0.279,,,,,,,-25.982,19.871,0.2,0.018,-0.034,,
1qlnA_1h38D,054,37.0,15.0,0.245,0.242,0.441,0.425,,,,,,,-38.053,13.194,0.0,0.01,-0.021,,
1qlnA_1h38D,055,36.0,18.0,0.24,0.304,0.544,0.538,,,,,,,-33.623,23.887,0.1,0.066,-0.034,,
1qlnA_1h38D,056,36.0,20.0,0.341,0.295,0.607,0.696,,,,,,,-34.21,31.393,0.2,0.05,-0.032,,
1qlnA_1h38D,057,35.0,5.0,0.26,0.296,0.304,0.289,,,,,,,-26.024,28.153,0.4,-0.001,-0.034,,
1qlnA_1h38D,058,34.0,15.0,0.2,0.212,0.284,0.262,,,,,,,6.224,9.876,0.7,0.003,-0.013,,
1qlnA_1h38D,059,33.0,12.0,0.221,0.232,0.243,0.219,,,,,,,-34.042,17.773,0.0,0.006,-0.031,,
1qlnA_1h38D,060,32.0,9.0,0.172,0.184,0.209,0.203,,,,,,,-4.647,4.656,0.1,0.022,-0.012,,
1qlnA_1h38D,061,32.0,9.0,0.173,0.201,0.247,0.242,,,,,,,-7.139,9.814,0.1,0.032,0.01,,
1qlnA_1h38D,062,32.0,15.0,0.286,0.266,0.388,0.392,,,,,,,-38.129,16.121,0.1,0.019,-0.011,,
1qlnA_1h38D,063,31.0,2.0,0.218,0.212,0.286,0.282,,,,,,,-44.819,16.088,0.0,0.04,-0.031,,
1qlnA_1h38D,064,30.0,16.0,0.652,0.635,0.745,0.932,,,,,,,-24.539,28.263,0.4,0.003,-0.016,,
1qlnA_1h38D,065,30.0,21.0,0.425,0.411,0.722,0.7,,,,,,,3.203,13.369,0.6,0.036,-0.03,,
1qlnA_1h38D,066,30.0,17.0,0.269,0.279,0.595,0.571,,,,,,,-43.527,22.278,0.1,0.01,-0.035,,
1qlnA_1h38D,067,30.0,12.0,0.229,0.256,0.26,0.318,,,,,,,-45.89,14.378,0.0,-0.008,-0.034,,
1qlnA_1h38D,068,28.0,15.0,0.19,0.187,0.273,0.266,,,,,,,-4.845,16.559,0.4,0.019,-0.029,,
1qlnA_1h38D,069,28.0,2.0,0.189,0.188,0.292,0.283,,,,,,,6.14,5.496,0.9,0.064,-0.013,,
1qlnA_1h38D,070,28.0,10.0,0.202,0.236,0.274,0.286,,,,,,,-27.825,20.609,0.2,0.022,-0.032,,
1qlnA_1h38D,071,27.0,17.0,0.253,0.244,0.389,0.36,,,,,,,-31.925,20.543,0.1,0.027,-0.033,,
1qlnA_1h38D,072,27.0,4.0,0.248,0.24,0.321,0.291,,,,,,,-31.543,21.239,0.2,0.015,-0.034,,
1qlnA_1h38D,073,27.0,11.0,0.281,0.287,0.628,0.635,,,,,,,-35.803,18.62,0.1,0.022,-0.021,,
1qlnA_1h38D,074,26.0,21.0,0.543,0.55,0.717,0.706,,,,,,,-3.669,21.261,0.5,0.033,-0.022,,
1qlnA_1h38D,075,26.0,12.0,0.284,0.277,0.282,0.278,,,,,,,-33.639,15.452,0.1,0.046,-0.032,,
1qlnA_1h38D,076,26.0,5.0,0.243,0.259,0.279,0.288,,,,,,,-30.832,27.409,0.2,-0.012,-0.034,,
1qlnA_1h38D,077,26.0,11.0,0.226,0.208,0.382,0.264,,,,,,,-33.487,18.129,0.1,0.064,-0.015,,
1qlnA_1h38D,078,25.0,12.0,0.279,0.331,0.66,0.816,,,,,,,-30.927,20.289,0.2,0.032,-0.032,,
1qlnA_1h38D,079,25.0,16.0,0.327,0.27,0.267,0.272,,,,,,,-36.973,19.673,0.1,0.066,-0.03,,
1qlnA_1h38D,080,24.0,10.0,0.179,0.184,0.231,0.225,,,,,,,-2.746,7.524,0.4,-0.009,-0.028,,
1qlnA_1h38D,081,24.0,9.0,0.284,0.297,0.312,0.397,,,,,,,-40.953,14.43,0.0,0.011,-0.026,,
1qlnA_1h38D,082,24.0,15.0,0.333,0.311,0.585,0.745,,,,,,,-30.451,25.4,0.2,0.004,-0.033,,
1qlnA_1h38D,083,23.0,14.0,0.236,0.219,0.601,0.607,,,,,,,-13.548,12.897,0.1,0.032,-0.031,,
1qlnA_1h38D,084,23.0,13.0,0.434,0.422,0.6,0.593,,,,,,,-49.808,11.606,0.0,-0.0,-0.034,,
1qlnA_1h38D,085,21.0,10.0,0.221,0.251,0.612,0.576,,,,,,,-42.561,7.31,0.0,0.015,-0.017,,
1qlnA_1h38D,086,21.0,11.0,0.262,0.258,0.626,0.6,,,,,,,-50.485,9.548,0.0,0.034,-0.026,,
1qlnA_1h38D,087,21.0,14.0,0.334,0.285,0.26,0.293,,,,,,,-36.776,23.085,0.1,0.027,-0.035,,
1qlnA_1h38D,088,21.0,9.0,0.271,0.25,0.381,0.371,,,,,,,-45.271,12.463,0.0,0.009,-0.022,,
1qlnA_1h38D,089,20.0,10.0,0.246,0.254,0.48,0.49,,,,,,,-45.224,10.648,0.0,0.017,-0.023,,
1qlnA_1h38D,090,19.0,15.0,0.443,0.435,0.683,0.734,,,,,,,-17.349,21.148,0.2,-0.002,-0.012,,
1qlnA_1h38D,091,19.0,14.0,0.342,0.348,0.594,0.592,,,,,,,-9.081,8.463,0.2,0.017,-0.017,,
1qlnA_1h38D,092,19.0,10.0,0.306,0.317,0.591,0.568,,,,,,,-12.454,12.342,0.1,0.023,-0.016,,
1qlnA_1h38D,093,18.0,14.0,0.489,0.509,0.82,0.899,,,,,,,-17.014,34.065,0.4,0.021,-0.03,,
1qlnA_1h38D,094,18.0,12.0,0.24,0.213,0.392,0.428,,,,,,,-38.727,21.812,0.1,0.004,-0.033,,
1qlnA_1h38D,095,18.0,6.0,0.231,0.194,0.253,0.234,,,,,,,-39.646,4.236,0.0,0.005,-0.03,,
1qlnA_1h38D,096,17.0,5.0,0.214,0.226,0.306,0.294,,,,,,,-40.859,10.671,0.0,0.021,-0.029,,
1qlnA_1h38D,097,17.0,11.0,0.511,0.529,0.636,0.704,,,,,,,-40.079,14.894,0.0,0.039,-0.033,,
1qlnA_1h38D,098,16.0,8.0,0.272,0.261,0.601,0.596,,,,,,,-40.647,5.719,0.0,-0.017,-0.032,,
1qlnA_1h38D,099,16.0,8.0,0.37,0.392,0.64,0.712,,,,,,,-40.342,6.826,0.0,0.034,-0.034,,
1rk4B_1k0nA,Deep,,,0.823,0.965,0.824,0.977,0.178,0.161,0.265,,,,,,,,-0.071,0.0,
1rk4B_1k0nA,000,171.0,13.0,0.478,0.459,0.565,0.532,0.0,0.014,0.005,001; 001; 004; 004; 006; 006; 005; 005; 002; 002,0.82; 0.82; 0.74; 0.74; 0.73; 0.73; 0.72; 0.72; 0.71; 0.71,0.85; 0.85; 0.86; 0.86; 0.86; 0.86; 0.86; 0.86; 0.84; 0.84,2.123,4.783,0.6,-0.014,-0.045,0.0,0.018
1rk4B_1k0nA,001,149.0,6.0,0.37,0.336,0.343,0.326,0.0,0.0,0.0,001; 001; 009; 009; 007; 005; 007; 006; 005; 006,0.82; 0.82; 0.76; 0.76; 0.74; 0.74; 0.74; 0.73; 0.73; 0.73,0.86; 0.86; 0.85; 0.85; 0.84; 0.90; 0.84; 0.87; 0.89; 0.87,4.735,4.1,0.8,0.027,-0.024,0.0,-0.006
1rk4B_1k0nA,002,133.0,43.0,0.646,0.619,0.71,0.768,0.0,0.008,0.006,001; 003; 001; 003; 004; 004; 009; 009; 008; 008,0.80; 0.80; 0.80; 0.80; 0.76; 0.76; 0.74; 0.74; 0.73; 0.73,0.84; 0.93; 0.84; 0.93; 0.89; 0.89; 0.89; 0.89; 0.83; 0.83,3.203,3.983,0.7,0.005,-0.074,0.0,0.01
1rk4B_1k0nA,003,111.0,13.0,0.288,0.366,0.289,0.397,0.0,0.0,0.008,001; 002; 006; 005; 004; 002; 001; 006; 005; 004,0.73; 0.73; 0.73; 0.73; 0.73; 0.73; 0.73; 0.73; 0.73; 0.73,0.78; 0.78; 0.84; 0.83; 0.77; 0.78; 0.78; 0.84; 0.83; 0.77,1.762,1.882,0.9,-0.008,-0.078,0.0,-0.095
1rk4B_1k0nA,004,108.0,25.0,0.318,0.304,0.247,0.275,0.0,0.0,0.0,008; 003; 008; 003; 001; 004; 001; 004; 005; 005,0.73; 0.73; 0.73; 0.73; 0.72; 0.72; 0.72; 0.72; 0.70; 0.70,0.82; 0.83; 0.82; 0.83; 0.79; 0.80; 0.79; 0.80; 0.83; 0.83,2.217,3.56,0.7,-0.044,-0.056,0.0,0.007
1rk4B_1k0nA,005,100.0,17.0,0.43,0.389,0.473,0.433,0.0,0.009,0.0,001; 001; 005; 005; 007; 007; 006; 006; 002; 002,0.81; 0.81; 0.80; 0.80; 0.78; 0.78; 0.74; 0.74; 0.70; 0.70,0.85; 0.85; 0.92; 0.92; 0.93; 0.93; 0.85; 0.85; 0.76; 0.76,1.961,7.004,0.6,-0.005,-0.07,0.0,0.005
1rk4B_1k0nA,006,91.0,3.0,0.456,0.4,0.497,0.451,0.026,0.019,0.014,001; 001; 006; 006; 005; 005; 007; 007; 004; 004,0.74; 0.74; 0.73; 0.73; 0.72; 0.72; 0.70; 0.70; 0.70; 0.70,0.77; 0.77; 0.87; 0.87; 0.85; 0.85; 0.84; 0.84; 0.83; 0.83,-0.637,6.164,0.5,0.05,-0.075,0.0,0.007
1rk4B_1k0nA,007,90.0,14.0,0.603,0.595,0.587,0.574,0.0,0.0,0.0,004; 004; 005; 008; 005; 008; 001; 009; 001; 009,0.73; 0.73; 0.73; 0.73; 0.73; 0.73; 0.72; 0.72; 0.72; 0.72,0.85; 0.85; 0.86; 0.81; 0.86; 0.81; 0.78; 0.83; 0.78; 0.83,3.504,3.929,0.8,-0.02,-0.023,0.0,-0.023
1rk4B_1k0nA,008,82.0,3.0,0.336,0.315,0.307,0.307,0.0,0.009,0.006,003; 003; 008; 008; 002; 004; 004; 002; 001; 001,0.75; 0.75; 0.74; 0.74; 0.73; 0.73; 0.73; 0.73; 0.72; 0.72,0.85; 0.85; 0.86; 0.86; 0.78; 0.84; 0.84; 0.78; 0.77; 0.77,3.778,2.223,1.0,-0.001,-0.064,0.0,0.001
1rk4B_1k0nA,009,76.0,46.0,0.767,0.924,0.773,0.92,0.0,0.0,0.0,007; 007; 001; 008; 008; 001; 009; 009; 002; 002,0.81; 0.81; 0.80; 0.80; 0.80; 0.80; 0.77; 0.77; 0.54; 0.54,0.93; 0.93; 0.84; 0.94; 0.94; 0.84; 0.89; 0.89; 0.60; 0.60,1.566,4.16,0.6,-0.085,-0.063,0.0,-0.011
1rk4B_1k0nA,010,76.0,7.0,0.471,0.451,0.512,0.473,0.0,0.023,0.0,001; 006; 006; 001; 003; 003; 004; 004; 007; 007,0.75; 0.75; 0.75; 0.75; 0.74; 0.74; 0.70; 0.70; 0.68; 0.68,0.80; 0.86; 0.86; 0.80; 0.86; 0.86; 0.82; 0.82; 0.82; 0.82,1.289,3.61,0.6,0.007,-0.08,0.0,0.013
1rk4B_1k0nA,011,75.0,8.0,0.301,0.283,0.313,0.282,0.0,0.0,0.0,001; 001; 006; 006; 007; 007; 003; 003; 008; 008,0.81; 0.81; 0.66; 0.66; 0.65; 0.65; 0.64; 0.64; 0.62; 0.62,0.84; 0.84; 0.81; 0.81; 0.72; 0.72; 0.63; 0.63; 0.58; 0.58,0.723,2.437,0.6,-0.078,-0.048,0.0,-0.012
1rk4B_1k0nA,012,73.0,6.0,0.581,0.588,0.563,0.563,0.0,0.0,0.0,001; 001; 003; 003; 004; 004; 007; 007; 009; 009,0.81; 0.81; 0.78; 0.78; 0.69; 0.69; 0.64; 0.64; 0.55; 0.55,0.85; 0.85; 0.87; 0.87; 0.86; 0.86; 0.76; 0.76; 0.52; 0.52,0.997,2.993,0.6,0.008,-0.065,0.0,0.025
1rk4B_1k0nA,013,72.0,17.0,0.55,0.52,0.686,0.703,0.0,0.0,0.0,005; 006; 005; 006; 001; 007; 001; 007; 008; 008,0.73; 0.73; 0.73; 0.73; 0.72; 0.72; 0.72; 0.72; 0.69; 0.69,0.84; 0.86; 0.84; 0.86; 0.76; 0.84; 0.76; 0.84; 0.82; 0.82,3.63,3.85,0.9,0.033,-0.04,0.0,0.012
1rk4B_1k0nA,014,72.0,22.0,0.44,0.405,0.453,0.429,0.024,0.017,0.013,001; 007; 007; 001; 006; 006; 003; 003; 005; 005,0.75; 0.75; 0.75; 0.75; 0.74; 0.74; 0.73; 0.73; 0.72; 0.72,0.79; 0.83; 0.83; 0.79; 0.85; 0.85; 0.85; 0.85; 0.82; 0.82,-2.611,3.79,0.3,-0.013,-0.003,0.0,0.01
1rk4B_1k0nA,015,70.0,29.0,0.49,0.449,0.471,0.412,0.0,0.0,0.0,004; 004; 008; 007; 007; 008; 001; 009; 001; 009,0.74; 0.74; 0.72; 0.72; 0.72; 0.72; 0.71; 0.71; 0.71; 0.71,0.85; 0.85; 0.82; 0.84; 0.84; 0.82; 0.71; 0.83; 0.71; 0.83,0.339,3.133,0.6,-0.012,-0.063,0.0,-0.008
1rk4B_1k0nA,016,69.0,3.0,0.462,0.457,0.325,0.313,,,,,,,-0.377,6.812,0.5,0.027,-0.058,,-0.007
1rk4B_1k0nA,017,67.0,24.0,0.464,0.383,0.467,0.412,,,,,,,-1.022,5.721,0.3,-0.042,-0.067,,0.015
1rk4B_1k0nA,018,67.0,18.0,0.708,0.802,0.726,0.734,,,,,,,1.627,5.5,0.5,-0.058,-0.064,,-0.017
1rk4B_1k0nA,019,66.0,10.0,0.614,0.625,0.796,0.901,,,,,,,4.179,5.954,0.7,0.003,0.074,,-0.004
1rk4B_1k0nA,020,61.0,16.0,0.552,0.538,0.427,0.398,,,,,,,3.938,5.57,0.8,0.045,-0.04,,0.0
1rk4B_1k0nA,021,61.0,19.0,0.254,0.252,0.58,0.564,,,,,,,2.725,4.516,0.8,-0.037,-0.062,,-0.039
1rk4B_1k0nA,022,60.0,7.0,0.488,0.475,0.533,0.499,,,,,,,0.209,5.426,0.3,-0.045,-0.075,,0.003
1rk4B_1k0nA,023,59.0,1.0,0.552,0.541,0.668,0.618,,,,,,,1.673,2.794,0.6,0.013,0.009,,0.006
1rk4B_1k0nA,024,57.0,10.0,0.467,0.444,0.6,0.542,,,,,,,-0.336,2.865,0.4,0.004,-0.002,,-0.01
1rk4B_1k0nA,025,57.0,7.0,0.398,0.348,0.429,0.372,,,,,,,0.71,2.866,0.7,0.01,-0.071,,0.013
1rk4B_1k0nA,026,56.0,19.0,0.34,0.311,0.507,0.466,,,,,,,2.183,4.484,0.8,-0.008,0.017,,0.005
1rk4B_1k0nA,027,55.0,29.0,0.713,0.872,0.792,0.941,,,,,,,1.728,6.19,0.5,0.024,-0.02,,-0.006
1rk4B_1k0nA,028,53.0,16.0,0.436,0.441,0.383,0.415,,,,,,,2.635,5.959,0.6,0.019,0.063,,0.004
1rk4B_1k0nA,029,52.0,8.0,0.421,0.362,0.459,0.408,,,,,,,3.927,7.611,0.6,-0.008,-0.079,,0.013
1rk4B_1k0nA,030,52.0,19.0,0.349,0.358,0.452,0.426,,,,,,,-1.494,4.484,0.3,0.013,0.065,,0.024
1rk4B_1k0nA,031,50.0,5.0,0.427,0.393,0.253,0.29,,,,,,,2.305,1.916,0.8,0.016,-0.048,,0.043
1rk4B_1k0nA,032,49.0,13.0,0.345,0.34,0.348,0.298,,,,,,,1.963,3.613,0.8,-0.026,-0.035,,0.0
1rk4B_1k0nA,033,47.0,8.0,0.483,0.446,0.499,0.481,,,,,,,1.148,5.014,0.5,0.01,-0.032,,0.018
1rk4B_1k0nA,034,47.0,1.0,0.315,0.279,0.351,0.344,,,,,,,6.261,3.291,1.0,-0.003,-0.034,,-0.002
1rk4B_1k0nA,035,46.0,6.0,0.455,0.401,0.541,0.498,,,,,,,-2.808,6.094,0.4,-0.012,-0.045,,0.011
1rk4B_1k0nA,036,46.0,2.0,0.275,0.251,0.302,0.297,,,,,,,6.204,3.782,1.0,0.032,-0.024,,0.006
1rk4B_1k0nA,037,45.0,8.0,0.471,0.436,0.41,0.384,,,,,,,1.127,5.849,0.4,-0.014,-0.076,,-0.0
1rk4B_1k0nA,038,44.0,7.0,0.379,0.358,0.514,0.5,,,,,,,-4.908,4.837,0.1,-0.014,0.047,,-0.005
1rk4B_1k0nA,039,42.0,9.0,0.524,0.508,0.325,0.285,,,,,,,1.836,7.514,0.5,-0.005,-0.082,,-0.011
1rk4B_1k0nA,040,42.0,15.0,0.343,0.341,0.334,0.302,,,,,,,-4.591,5.512,0.2,0.055,-0.047,,0.018
1rk4B_1k0nA,041,41.0,7.0,0.432,0.366,0.457,0.414,,,,,,,2.033,8.048,0.6,-0.026,-0.081,,0.005
1rk4B_1k0nA,042,41.0,2.0,0.475,0.498,0.412,0.434,,,,,,,0.418,1.263,0.7,-0.006,-0.057,,-0.011
1rk4B_1k0nA,043,41.0,7.0,0.584,0.561,0.453,0.409,,,,,,,1.734,2.606,0.9,0.002,-0.053,,0.008
1rk4B_1k0nA,044,41.0,1.0,0.33,0.3,0.407,0.397,,,,,,,0.677,1.075,0.6,0.016,-0.054,,-0.017
1rk4B_1k0nA,045,40.0,9.0,0.339,0.331,0.271,0.268,,,,,,,2.134,5.843,0.5,0.01,-0.083,,-0.008
1rk4B_1k0nA,046,40.0,1.0,0.419,0.374,0.375,0.384,,,,,,,4.46,3.602,0.9,-0.09,-0.081,,-0.042
1rk4B_1k0nA,047,38.0,21.0,0.364,0.44,0.314,0.421,,,,,,,1.145,4.856,0.5,0.016,-0.083,,-0.012
1rk4B_1k0nA,048,38.0,11.0,0.556,0.508,0.604,0.596,,,,,,,0.796,5.148,0.6,-0.001,-0.068,,0.015
1rk4B_1k0nA,049,37.0,23.0,0.667,0.622,0.817,0.959,,,,,,,-0.215,5.782,0.4,0.0,0.011,,-0.008
1rk4B_1k0nA,050,37.0,4.0,0.38,0.361,0.301,0.357,,,,,,,4.108,2.175,1.0,-0.001,-0.051,,-0.014
1rk4B_1k0nA,051,36.0,11.0,0.417,0.379,0.449,0.412,,,,,,,6.581,6.322,0.8,-0.014,-0.056,,-0.0
1rk4B_1k0nA,052,36.0,9.0,0.333,0.273,0.245,0.252,,,,,,,0.183,3.497,0.5,0.02,0.056,,0.011
1rk4B_1k0nA,053,33.0,23.0,0.769,0.915,0.782,0.947,,,,,,,4.068,4.114,0.8,-0.17,-0.063,,-0.01
1rk4B_1k0nA,054,33.0,3.0,0.324,0.339,0.255,0.27,,,,,,,-1.172,5.438,0.5,0.054,0.015,,0.016
1rk4B_1k0nA,055,33.0,6.0,0.556,0.481,0.518,0.502,,,,,,,1.403,2.6,0.6,0.029,-0.054,,0.001
1rk4B_1k0nA,056,32.0,19.0,0.685,0.613,0.696,0.643,,,,,,,0.026,3.186,0.7,-0.017,0.032,,-0.01
1rk4B_1k0nA,057,32.0,1.0,0.497,0.495,0.464,0.406,,,,,,,-0.809,6.136,0.5,-0.032,-0.036,,0.012
1rk4B_1k0nA,058,31.0,16.0,0.498,0.475,0.488,0.494,,,,,,,1.471,7.983,0.5,0.042,-0.05,,0.014
1rk4B_1k0nA,059,30.0,14.0,0.351,0.495,0.316,0.435,,,,,,,0.895,3.136,0.7,-0.027,-0.072,,-0.018
1rk4B_1k0nA,060,30.0,11.0,0.617,0.581,0.63,0.627,,,,,,,1.339,2.681,0.7,-0.095,-0.074,,-0.018
1rk4B_1k0nA,061,30.0,2.0,0.393,0.352,0.352,0.34,,,,,,,2.332,6.216,0.6,0.005,-0.072,,-0.0
1rk4B_1k0nA,062,30.0,1.0,0.497,0.466,0.517,0.461,,,,,,,1.363,7.89,0.5,0.012,-0.078,,0.02
1rk4B_1k0nA,063,30.0,8.0,0.303,0.259,0.267,0.287,,,,,,,-4.576,3.104,0.0,0.001,0.065,,0.02
1rk4B_1k0nA,064,30.0,3.0,0.488,0.48,0.573,0.556,,,,,,,0.154,2.158,0.5,-0.02,-0.082,,0.001
1rk4B_1k0nA,065,29.0,9.0,0.298,0.283,0.407,0.386,,,,,,,2.848,1.94,1.0,-0.047,0.054,,-0.002
1rk4B_1k0nA,066,29.0,19.0,0.615,0.6,0.63,0.604,,,,,,,2.225,1.874,1.0,-0.002,0.023,,-0.013
1rk4B_1k0nA,067,29.0,12.0,0.443,0.395,0.46,0.419,,,,,,,2.637,5.357,0.7,0.04,-0.059,,0.009
1rk4B_1k0nA,068,29.0,11.0,0.418,0.402,0.35,0.353,,,,,,,2.962,6.095,0.7,0.007,-0.037,,-0.014
1rk4B_1k0nA,069,29.0,1.0,0.359,0.369,0.35,0.333,,,,,,,5.281,2.964,1.0,-0.017,-0.059,,0.012
1rk4B_1k0nA,070,29.0,4.0,0.297,0.279,0.286,0.252,,,,,,,0.934,2.691,0.6,0.039,-0.004,,0.004
1rk4B_1k0nA,071,28.0,21.0,0.27,0.379,0.334,0.427,,,,,,,0.345,3.12,0.6,0.004,-0.082,,-0.014
1rk4B_1k0nA,072,28.0,6.0,0.502,0.443,0.73,0.715,,,,,,,1.389,4.751,0.7,-0.032,-0.082,,-0.004
1rk4B_1k0nA,073,28.0,1.0,0.258,0.263,0.395,0.369,,,,,,,7.51,2.975,1.0,-0.028,-0.062,,0.0
1rk4B_1k0nA,074,27.0,2.0,0.494,0.475,0.573,0.52,,,,,,,1.21,2.409,0.7,-0.001,0.006,,-0.002
1rk4B_1k0nA,075,27.0,9.0,0.474,0.433,0.491,0.442,,,,,,,-0.407,6.59,0.5,-0.002,-0.08,,0.014
1rk4B_1k0nA,076,27.0,5.0,0.464,0.446,0.318,0.293,,,,,,,0.028,5.993,0.6,-0.08,-0.068,,-0.009
1rk4B_1k0nA,077,27.0,9.0,0.361,0.325,0.228,0.215,,,,,,,-1.479,2.725,0.3,0.031,-0.078,,0.014
1rk4B_1k0nA,078,27.0,1.0,0.307,0.322,0.264,0.272,,,,,,,2.454,2.492,0.9,-0.001,-0.045,,-0.005
1rk4B_1k0nA,079,27.0,3.0,0.428,0.438,0.483,0.503,,,,,,,3.328,1.6,1.0,0.053,0.062,,-0.011
1rk4B_1k0nA,080,27.0,4.0,0.566,0.616,0.557,0.564,,,,,,,1.251,2.015,0.7,-0.159,-0.075,,-0.028
1rk4B_1k0nA,081,27.0,2.0,0.288,0.292,0.327,0.331,,,,,,,0.687,1.864,0.4,-0.005,-0.077,,-0.008
1rk4B_1k0nA,082,26.0,16.0,0.398,0.446,0.364,0.437,,,,,,,2.132,1.776,0.8,-0.004,-0.081,,-0.013
1rk4B_1k0nA,083,26.0,1.0,0.544,0.54,0.658,0.667,,,,,,,1.73,1.574,0.9,-0.01,-0.042,,0.028
1rk4B_1k0nA,084,26.0,1.0,0.452,0.424,0.341,0.322,,,,,,,1.54,3.521,0.6,-0.03,-0.065,,0.008
1rk4B_1k0nA,085,26.0,1.0,0.555,0.5,0.633,0.621,,,,,,,3.657,1.26,1.0,0.012,-0.025,,0.013
1rk4B_1k0nA,086,26.0,2.0,0.245,0.29,0.301,0.26,,,,,,,2.845,0.853,1.0,0.006,-0.02,,-0.002
1rk4B_1k0nA,087,25.0,21.0,0.581,0.539,0.56,0.525,,,,,,,1.997,2.302,0.7,0.032,-0.08,,-0.014
1rk4B_1k0nA,088,25.0,10.0,0.507,0.466,0.687,0.685,,,,,,,0.655,6.154,0.5,-0.03,-0.063,,0.004
1rk4B_1k0nA,089,25.0,15.0,0.65,0.654,0.662,0.666,,,,,,,1.907,4.753,0.7,-0.064,-0.037,,-0.033
1rk4B_1k0nA,090,25.0,11.0,0.446,0.409,0.455,0.418,,,,,,,4.93,3.298,0.9,0.007,-0.067,,-0.002
1rk4B_1k0nA,091,24.0,5.0,0.343,0.309,0.357,0.31,,,,,,,0.317,4.866,0.5,-0.002,-0.024,,0.02
1rk4B_1k0nA,092,24.0,1.0,0.29,0.248,0.365,0.348,,,,,,,5.386,1.786,1.0,-0.028,0.033,,0.006
1rk4B_1k0nA,093,24.0,1.0,0.448,0.425,0.753,0.76,,,,,,,2.033,1.565,0.9,-0.027,-0.034,,0.003
1rk4B_1k0nA,094,23.0,1.0,0.486,0.47,0.542,0.534,,,,,,,0.202,0.836,0.7,-0.008,-0.066,,-0.005
1rk4B_1k0nA,095,22.0,1.0,0.409,0.381,0.338,0.356,,,,,,,0.545,1.417,0.7,-0.027,-0.061,,0.004
1rk4B_1k0nA,096,21.0,7.0,0.325,0.466,0.609,0.584,,,,,,,-0.012,2.736,0.4,0.032,-0.041,,-0.009
1rk4B_1k0nA,097,21.0,5.0,0.483,0.449,0.685,0.698,,,,,,,1.475,2.48,0.8,-0.002,-0.035,,-0.002
1rk4B_1k0nA,098,21.0,1.0,0.473,0.439,0.491,0.443,,,,,,,4.561,0.532,1.0,0.02,-0.026,,0.014
1rk4B_1k0nA,099,20.0,11.0,0.653,0.771,0.624,0.738,,,,,,,-7.073,3.303,0.0,0.019,-0.064,,-0.042
1svfC_4wsgC,Deep,,,0.893,0.659,0.799,0.471,0.0,0.0,0.186,,,,,,,,0.34,0.0,
1svfC_4wsgC,000,218.0,82.0,0.579,0.225,0.729,0.225,0.0,0.0,0.216,006; 006; 001; 008; 008; 004; 001; 004; 002; 002,0.70; 0.70; 0.60; 0.52; 0.52; 0.52; 0.52; 0.52; 0.51; 0.51,0.11; 0.11; 0.58; 0.56; 0.56; 0.18; 0.58; 0.18; 0.54; 0.54,93.817,56.958,0.9,-0.101,0.048,0.0,-0.158
1svfC_4wsgC,001,,,0.466,0.207,0.739,0.301,,,,,,,131.197,14.627,1.0,-0.167,-0.185,,-0.168
1svfC_4wsgC,002,,,0.598,0.268,0.751,0.306,,,,,,,141.15,2.748,1.0,-0.187,-0.32,,-0.13
1svfC_4wsgC,003,10.0,3.0,0.838,0.253,0.847,0.23,,,,,,,36.211,9.414,1.0,-0.187,0.364,,-0.159
1wp8C_5ejbC,Deep,,,0.655,0.676,0.62,0.598,0.0,0.322,0.204,,,,,,,,0.267,0.0,
1wp8C_5ejbC,000,66.0,34.0,0.477,0.199,0.599,0.32,0.0,0.409,0.208,006; 006; 003; 003; 004; 004; 001; 007; 001; 007,0.64; 0.59; 0.57; 0.56; 0.54; 0.54; 0.52; 0.52; 0.52; 0.52,0.16; 0.16; 0.16; 0.17; 0.40; 0.40; 0.63; 0.53; 0.63; 0.54,87.2,34.67,1.0,-0.102,0.231,0.0,-0.112
1wp8C_5ejbC,001,21.0,12.0,0.566,0.489,0.786,0.466,,,,,,,89.738,46.051,1.0,0.031,0.178,,-0.094
1wp8C_5ejbC,002,13.0,10.0,0.81,0.257,0.542,0.508,,,,,,,103.811,14.371,1.0,-0.119,-0.262,,-0.176
1wp8C_5ejbC,003,11.0,5.0,0.475,0.275,0.455,0.434,,,,,,,122.323,6.907,1.0,-0.093,-0.081,,-0.134
1wp8C_5ejbC,004,11.0,6.0,0.461,0.413,0.478,0.492,,,,,,,125.207,12.927,1.0,-0.042,-0.156,,-0.126
1wp8C_5ejbC,005,,,0.469,0.215,0.465,0.465,,,,,,,85.676,4.57,1.0,-0.102,-0.247,,-0.099
1wp8C_5ejbC,006,11.0,10.0,0.822,0.189,0.6,0.234,,,,,,,127.163,2.454,1.0,-0.092,-0.202,,-0.136
1wp8C_5ejbC,007,11.0,1.0,0.602,0.231,0.534,0.22,,,,,,,142.546,35.551,1.0,-0.138,-0.206,,-0.106
1wp8C_5ejbC,008,11.0,5.0,0.5,0.18,0.616,0.242,,,,,,,134.335,8.2,1.0,-0.116,-0.111,,-0.134
1wp8C_5ejbC,009,,,0.484,0.23,0.816,0.219,,,,,,,110.461,20.409,1.0,-0.15,0.182,,-0.131
1wp8C_5ejbC,010,10.0,1.0,0.648,0.235,0.87,0.225,,,,,,,98.291,9.718,1.0,-0.098,-0.128,,-0.114
1wp8C_5ejbC,011,10.0,3.0,0.483,0.266,0.481,0.255,,,,,,,82.654,2.518,1.0,-0.122,-0.283,,-0.139
1wp8C_5ejbC,012,,,0.633,0.204,0.459,0.213,,,,,,,115.363,3.497,1.0,-0.135,-0.266,,-0.144
1wp8C_5ejbC,013,,,0.552,0.255,0.714,0.21,,,,,,,45.649,3.393,1.0,-0.089,0.235,,-0.124
1wp8C_5ejbC,014,10.0,3.0,0.65,0.26,0.788,0.355,,,,,,,36.187,16.017,1.0,-0.136,0.449,,-0.087
1x0gD_1x0gA,Deep,,,0.569,0.909,0.566,0.911,0.315,0.32,0.491,,,,,,,,-0.038,0.035,
1x0gD_1x0gA,000,2443.0,1643.0,0.512,0.721,0.56,0.793,0.322,0.33,0.497,001; 001; 002; 005; 005; 002; 008; 008; 009; 009,0.57; 0.57; 0.53; 0.53; 0.53; 0.53; 0.51; 0.50; 0.48; 0.48,0.91; 0.91; 0.78; 0.79; 0.79; 0.78; 0.72; 0.72; 0.74; 0.74,16.178,8.427,0.9,0.0,-0.021,0.012,0.0
1x0gD_1x0gA,001,1839.0,1322.0,0.515,0.782,0.51,0.84,0.329,0.335,0.506,001; 001; 009; 009; 003; 008; 008; 003; 005; 005,0.54; 0.54; 0.53; 0.53; 0.51; 0.51; 0.51; 0.51; 0.50; 0.50,0.85; 0.85; 0.84; 0.84; 0.80; 0.69; 0.69; 0.80; 0.67; 0.67,17.815,7.404,1.0,0.0,-0.044,0.016,0.0
1x0gD_1x0gA,002,1777.0,1209.0,0.487,0.73,0.549,0.693,0.343,0.362,0.515,008; 008; 009; 009; 004; 004; 001; 001; 002; 002,0.54; 0.54; 0.51; 0.51; 0.50; 0.50; 0.48; 0.48; 0.47; 0.47,0.81; 0.81; 0.63; 0.63; 0.75; 0.75; 0.80; 0.80; 0.76; 0.76,15.46,5.671,1.0,0.0,-0.044,0.0,0.0
1x0gD_1x0gA,003,1260.0,894.0,0.504,0.71,0.552,0.773,0.321,0.337,0.475,001; 001; 009; 009; 004; 004; 003; 003; 005; 006,0.57; 0.57; 0.54; 0.54; 0.54; 0.54; 0.51; 0.51; 0.47; 0.47,0.92; 0.92; 0.85; 0.85; 0.88; 0.88; 0.69; 0.69; 0.78; 0.70,15.409,5.071,1.0,0.0,-0.041,-0.005,0.0
1x0gD_1x0gA,004,1054.0,803.0,0.489,0.704,0.527,0.812,0.355,0.367,0.482,001; 001; 005; 005; 004; 004; 006; 006; 009; 009,0.54; 0.54; 0.53; 0.53; 0.52; 0.52; 0.50; 0.49; 0.48; 0.48,0.84; 0.84; 0.80; 0.80; 0.80; 0.80; 0.73; 0.73; 0.74; 0.74,18.404,4.113,1.0,0.0,-0.046,0.006,0.0
1x0gD_1x0gA,005,430.0,320.0,0.501,0.752,0.584,0.743,0.312,0.321,0.41,001; 001; 010; 010; 008; 008; 009; 009; 002; 002,0.56; 0.56; 0.55; 0.55; 0.53; 0.53; 0.51; 0.51; 0.50; 0.50,0.85; 0.85; 0.62; 0.62; 0.78; 0.78; 0.83; 0.83; 0.78; 0.78,17.201,5.779,1.0,0.0,-0.009,-0.01,0.0
1x0gD_1x0gA,006,391.0,277.0,0.51,0.749,0.484,0.662,0.346,0.368,0.438,001; 001; 003; 003; 008; 008; 004; 004; 009; 009,0.55; 0.55; 0.53; 0.53; 0.52; 0.52; 0.51; 0.51; 0.47; 0.47,0.89; 0.89; 0.75; 0.75; 0.82; 0.81; 0.66; 0.66; 0.70; 0.70,14.52,6.923,1.0,0.0,-0.034,0.001,0.0
1x0gD_1x0gA,007,243.0,182.0,0.489,0.717,0.511,0.738,0.348,0.369,0.448,001; 002; 002; 001; 010; 010; 009; 009; 003; 003,0.54; 0.54; 0.54; 0.54; 0.53; 0.53; 0.52; 0.52; 0.49; 0.49,0.81; 0.73; 0.73; 0.81; 0.77; 0.77; 0.84; 0.84; 0.68; 0.68,16.272,3.766,1.0,0.0,-0.035,-0.005,0.0
1x0gD_1x0gA,008,190.0,78.0,0.351,0.389,0.385,0.543,0.174,0.158,0.247,008; 008; 005; 005; 003; 003; 004; 004; 001; 001,0.55; 0.55; 0.54; 0.54; 0.52; 0.52; 0.52; 0.52; 0.49; 0.49,0.83; 0.83; 0.74; 0.74; 0.80; 0.80; 0.73; 0.73; 0.75; 0.75,9.712,3.723,1.0,0.0,-0.045,0.0,0.0
1x0gD_1x0gA,009,165.0,102.0,0.491,0.749,0.507,0.75,0.206,0.19,0.262,001; 001; 002; 002; 009; 007; 007; 009; 004; 004,0.52; 0.52; 0.51; 0.51; 0.50; 0.50; 0.50; 0.50; 0.49; 0.49,0.83; 0.83; 0.69; 0.69; 0.75; 0.79; 0.79; 0.75; 0.69; 0.69,13.263,5.121,1.0,0.0,-0.009,-0.005,0.0
1x0gD_1x0gA,010,154.0,118.0,0.447,0.605,0.513,0.689,0.359,0.382,0.43,001; 005; 005; 004; 001; 004; 002; 002; 003; 003,0.51; 0.51; 0.51; 0.51; 0.51; 0.51; 0.46; 0.46; 0.46; 0.46,0.73; 0.83; 0.83; 0.71; 0.73; 0.71; 0.76; 0.76; 0.67; 0.67,15.125,5.521,1.0,0.0,-0.046,0.0,0.0
1x0gD_1x0gA,011,139.0,99.0,0.496,0.726,0.507,0.806,0.331,0.364,0.464,003; 003; 002; 002; 001; 009; 009; 007; 001; 007,0.54; 0.54; 0.53; 0.53; 0.50; 0.50; 0.50; 0.50; 0.50; 0.50,0.60; 0.60; 0.74; 0.74; 0.71; 0.69; 0.69; 0.68; 0.71; 0.68,14.722,5.905,1.0,0.0,-0.036,0.0,0.0
1x0gD_1x0gA,012,137.0,101.0,0.457,0.603,0.486,0.706,0.329,0.337,0.476,001; 001; 005; 005; 003; 006; 006; 003; 004; 004,0.53; 0.53; 0.52; 0.52; 0.51; 0.51; 0.51; 0.51; 0.50; 0.50,0.87; 0.87; 0.70; 0.70; 0.83; 0.67; 0.67; 0.83; 0.86; 0.86,16.092,7.411,1.0,0.0,-0.034,-0.005,0.0
1x0gD_1x0gA,013,122.0,83.0,0.4,0.496,0.512,0.662,0.353,0.365,0.534,005; 005; 001; 001; 009; 009; 008; 008; 002; 002,0.55; 0.55; 0.52; 0.52; 0.51; 0.51; 0.50; 0.50; 0.47; 0.47,0.73; 0.73; 0.73; 0.73; 0.70; 0.70; 0.72; 0.72; 0.67; 0.67,17.081,2.569,1.0,0.0,0.027,0.0,0.0
1x0gD_1x0gA,014,112.0,61.0,0.509,0.722,0.384,0.438,0.291,0.304,0.458,006; 006; 001; 001; 005; 005; 002; 002; 003; 003,0.55; 0.55; 0.53; 0.53; 0.52; 0.52; 0.51; 0.51; 0.47; 0.46,0.75; 0.75; 0.83; 0.83; 0.74; 0.74; 0.68; 0.68; 0.67; 0.66,11.757,1.935,1.0,0.0,-0.041,0.0,0.0
1x0gD_1x0gA,015,109.0,84.0,0.488,0.7,0.508,0.618,0.302,0.315,0.484,001; 001; 002; 002; 003; 003; 006; 004; 005; 004,0.54; 0.54; 0.53; 0.53; 0.52; 0.52; 0.51; 0.51; 0.51; 0.51,0.87; 0.87; 0.80; 0.79; 0.83; 0.83; 0.65; 0.75; 0.74; 0.75,15.453,6.958,1.0,0.0,-0.008,0.0,0.0
1x0gD_1x0gA,016,101.0,79.0,0.447,0.591,0.526,0.826,0.284,0.309,0.484,003; 003; 005; 005; 001; 001; 007; 006; 006; 007,0.53; 0.53; 0.53; 0.53; 0.50; 0.50; 0.48; 0.48; 0.48; 0.48,0.71; 0.71; 0.83; 0.83; 0.81; 0.81; 0.70; 0.74; 0.74; 0.70,12.384,4.147,1.0,0.0,-0.019,0.0,0.0
1x0gD_1x0gA,017,95.0,46.0,0.297,0.359,0.437,0.608,0.374,0.373,0.526,001; 001; 010; 010; 005; 006; 006; 005; 002; 002,0.55; 0.55; 0.53; 0.53; 0.53; 0.53; 0.53; 0.53; 0.51; 0.51,0.75; 0.75; 0.67; 0.67; 0.70; 0.73; 0.73; 0.70; 0.73; 0.74,10.038,4.354,0.9,0.0,-0.041,0.0,0.0
1x0gD_1x0gA,018,88.0,65.0,0.382,0.505,0.388,0.485,0.335,0.352,0.478,004; 004; 003; 003; 001; 001; 005; 005; 009; 002,0.55; 0.55; 0.53; 0.53; 0.52; 0.52; 0.51; 0.51; 0.50; 0.50,0.79; 0.79; 0.82; 0.82; 0.81; 0.81; 0.70; 0.70; 0.85; 0.80,13.951,5.428,1.0,0.0,-0.022,0.0,0.0
1x0gD_1x0gA,019,87.0,53.0,0.478,0.723,0.511,0.664,0.333,0.356,0.428,001; 001; 002; 002; 006; 003; 003; 006; 008; 008,0.55; 0.55; 0.54; 0.54; 0.53; 0.53; 0.53; 0.53; 0.50; 0.50,0.84; 0.84; 0.75; 0.75; 0.77; 0.73; 0.73; 0.77; 0.81; 0.81,12.931,3.952,1.0,0.0,-0.029,0.0,0.0
1x0gD_1x0gA,020,85.0,57.0,0.489,0.637,0.491,0.613,0.331,0.342,0.454,001; 004; 004; 001; 005; 009; 003; 003; 005; 009,0.53; 0.53; 0.53; 0.53; 0.52; 0.52; 0.52; 0.52; 0.52; 0.52,0.88; 0.87; 0.87; 0.88; 0.85; 0.79; 0.82; 0.82; 0.85; 0.79,20.459,4.571,1.0,0.0,-0.036,0.0,0.0
1x0gD_1x0gA,021,78.0,48.0,0.474,0.568,0.457,0.517,,,,,,,19.162,3.681,1.0,0.0,-0.045,,0.0
1x0gD_1x0gA,022,77.0,60.0,0.333,0.521,0.502,0.682,,,,,,,17.094,5.669,1.0,0.0,-0.029,,0.0
1x0gD_1x0gA,023,75.0,53.0,0.551,0.732,0.563,0.779,,,,,,,14.472,6.364,1.0,0.0,-0.03,,0.0
1x0gD_1x0gA,024,74.0,54.0,0.524,0.687,0.481,0.707,,,,,,,15.561,6.053,1.0,0.0,-0.036,,0.0
1x0gD_1x0gA,025,73.0,53.0,0.466,0.645,0.462,0.662,,,,,,,15.224,6.585,1.0,0.0,-0.035,,0.0
1x0gD_1x0gA,026,73.0,58.0,0.453,0.594,0.522,0.816,,,,,,,14.159,4.968,1.0,0.0,-0.021,,0.0
1x0gD_1x0gA,027,68.0,32.0,0.42,0.608,0.524,0.613,,,,,,,14.515,4.419,1.0,0.0,-0.021,,0.0
1x0gD_1x0gA,028,67.0,38.0,0.574,0.907,0.569,0.905,,,,,,,14.857,5.94,1.0,0.0,-0.043,,0.0
1x0gD_1x0gA,029,65.0,53.0,0.535,0.743,0.51,0.76,,,,,,,15.77,5.347,1.0,0.0,-0.039,,0.0
1x0gD_1x0gA,030,65.0,46.0,0.478,0.68,0.498,0.773,,,,,,,17.999,2.97,1.0,0.0,-0.045,,0.0
1x0gD_1x0gA,031,62.0,43.0,0.229,0.325,0.479,0.646,,,,,,,16.418,5.991,1.0,0.0,-0.039,,0.0
1x0gD_1x0gA,032,62.0,39.0,0.5,0.677,0.478,0.63,,,,,,,14.292,4.415,1.0,0.0,-0.023,,0.0
1x0gD_1x0gA,033,61.0,32.0,0.411,0.559,0.531,0.745,,,,,,,10.845,2.974,1.0,0.0,-0.043,,0.0
1x0gD_1x0gA,034,60.0,46.0,0.556,0.763,0.555,0.747,,,,,,,17.335,6.717,1.0,0.0,-0.04,,0.0
1x0gD_1x0gA,035,60.0,41.0,0.435,0.628,0.524,0.622,,,,,,,13.864,4.785,1.0,0.0,-0.046,,0.0
1x0gD_1x0gA,036,60.0,49.0,0.491,0.718,0.511,0.687,,,,,,,13.198,4.585,1.0,0.0,-0.046,,0.0
1x0gD_1x0gA,037,59.0,40.0,0.491,0.646,0.514,0.683,,,,,,,16.716,2.968,1.0,0.0,-0.01,,0.0
1x0gD_1x0gA,038,57.0,44.0,0.442,0.537,0.467,0.48,,,,,,,14.197,3.816,1.0,0.0,-0.042,,0.0
1x0gD_1x0gA,039,55.0,47.0,0.484,0.697,0.531,0.711,,,,,,,14.716,8.181,1.0,0.0,-0.032,,0.0
1x0gD_1x0gA,040,54.0,34.0,0.472,0.649,0.492,0.726,,,,,,,15.218,5.215,1.0,0.0,-0.029,,0.0
1x0gD_1x0gA,041,53.0,44.0,0.502,0.747,0.505,0.77,,,,,,,16.762,5.52,1.0,0.0,-0.027,,0.0
1x0gD_1x0gA,042,53.0,35.0,0.48,0.625,0.484,0.621,,,,,,,14.865,3.722,1.0,0.0,-0.046,,0.0
1x0gD_1x0gA,043,53.0,45.0,0.513,0.748,0.494,0.665,,,,,,,14.872,5.875,1.0,0.0,-0.027,,0.0
1x0gD_1x0gA,044,50.0,37.0,0.543,0.751,0.543,0.711,,,,,,,13.251,5.334,1.0,0.0,-0.045,,0.0
1x0gD_1x0gA,045,46.0,35.0,0.464,0.721,0.482,0.666,,,,,,,13.712,6.511,1.0,0.0,-0.026,,0.0
1x0gD_1x0gA,046,45.0,34.0,0.372,0.512,0.469,0.549,,,,,,,15.1,3.333,1.0,0.0,-0.044,,0.0
1x0gD_1x0gA,047,45.0,35.0,0.479,0.709,0.485,0.819,,,,,,,17.31,4.502,1.0,0.0,-0.028,,0.0
1x0gD_1x0gA,048,44.0,29.0,0.432,0.68,0.426,0.674,,,,,,,16.909,5.627,1.0,0.0,-0.016,,0.0
1x0gD_1x0gA,049,44.0,34.0,0.532,0.761,0.549,0.632,,,,,,,18.308,3.302,1.0,0.0,-0.027,,0.0
1x0gD_1x0gA,050,44.0,30.0,0.44,0.583,0.477,0.676,,,,,,,16.021,2.881,1.0,0.0,-0.043,,0.0
1x0gD_1x0gA,051,42.0,29.0,0.492,0.622,0.504,0.749,,,,,,,10.826,3.108,1.0,0.0,-0.025,,0.0
1x0gD_1x0gA,052,42.0,29.0,0.423,0.55,0.499,0.797,,,,,,,17.355,4.554,1.0,0.0,-0.014,,0.0
1x0gD_1x0gA,053,41.0,25.0,0.436,0.544,0.476,0.651,,,,,,,19.566,3.109,1.0,0.0,-0.014,,0.0
1x0gD_1x0gA,054,39.0,25.0,0.26,0.348,0.289,0.431,,,,,,,20.846,4.738,1.0,0.0,-0.046,,0.0
1x0gD_1x0gA,055,39.0,29.0,0.489,0.701,0.482,0.657,,,,,,,19.441,6.783,1.0,0.0,-0.017,,0.0
1x0gD_1x0gA,056,39.0,31.0,0.523,0.729,0.527,0.743,,,,,,,15.173,5.422,1.0,0.0,-0.042,,0.0
1x0gD_1x0gA,057,38.0,25.0,0.392,0.487,0.478,0.537,,,,,,,14.904,2.581,1.0,0.0,0.002,,0.0
1x0gD_1x0gA,058,38.0,29.0,0.396,0.511,0.526,0.818,,,,,,,13.765,4.654,1.0,0.0,-0.046,,0.0
1x0gD_1x0gA,059,37.0,26.0,0.435,0.579,0.459,0.575,,,,,,,15.135,3.657,1.0,0.0,-0.043,,0.0
1x0gD_1x0gA,060,36.0,28.0,0.46,0.628,0.51,0.671,,,,,,,12.246,4.606,1.0,0.0,-0.026,,0.0
1x0gD_1x0gA,061,36.0,29.0,0.482,0.698,0.502,0.719,,,,,,,15.39,4.174,1.0,0.0,-0.044,,0.0
1x0gD_1x0gA,062,35.0,27.0,0.496,0.678,0.365,0.466,,,,,,,15.534,4.834,1.0,0.0,0.008,,0.0
1x0gD_1x0gA,063,35.0,30.0,0.498,0.733,0.512,0.741,,,,,,,15.169,3.809,1.0,0.0,-0.028,,0.0
1x0gD_1x0gA,064,34.0,23.0,0.475,0.635,0.473,0.642,,,,,,,14.671,3.111,1.0,0.0,-0.036,,0.0
1x0gD_1x0gA,065,34.0,24.0,0.463,0.524,0.424,0.493,,,,,,,15.298,1.428,1.0,0.0,-0.039,,0.0
1x0gD_1x0gA,066,32.0,26.0,0.476,0.734,0.487,0.639,,,,,,,16.606,5.127,1.0,0.0,-0.026,,0.0
1x0gD_1x0gA,067,32.0,21.0,0.535,0.739,0.525,0.702,,,,,,,15.465,4.216,1.0,0.0,-0.028,,0.0
1x0gD_1x0gA,068,32.0,21.0,0.385,0.536,0.502,0.698,,,,,,,18.258,4.875,1.0,0.0,-0.043,,0.0
1x0gD_1x0gA,069,32.0,26.0,0.472,0.663,0.571,0.732,,,,,,,12.94,5.822,1.0,0.0,-0.031,,0.0
1x0gD_1x0gA,070,31.0,24.0,0.38,0.517,0.5,0.659,,,,,,,16.874,3.605,1.0,0.0,-0.027,,0.0
1x0gD_1x0gA,071,31.0,24.0,0.476,0.7,0.455,0.72,,,,,,,16.228,5.335,1.0,0.0,-0.044,,0.0
1x0gD_1x0gA,072,30.0,15.0,0.434,0.525,0.231,0.315,,,,,,,19.398,6.605,1.0,0.0,-0.037,,0.0
1x0gD_1x0gA,073,29.0,12.0,0.301,0.328,0.499,0.699,,,,,,,14.672,1.627,1.0,0.0,-0.039,,0.0
1x0gD_1x0gA,074,29.0,26.0,0.462,0.663,0.498,0.749,,,,,,,15.218,4.234,1.0,0.0,-0.038,,0.0
1x0gD_1x0gA,075,28.0,19.0,0.46,0.629,0.496,0.594,,,,,,,14.2,2.899,1.0,0.0,-0.033,,0.0
1x0gD_1x0gA,076,28.0,19.0,0.529,0.73,0.561,0.692,,,,,,,13.592,5.139,1.0,0.0,-0.042,,0.0
1x0gD_1x0gA,077,27.0,20.0,0.491,0.663,0.506,0.69,,,,,,,18.466,3.614,1.0,0.0,-0.04,,0.0
1x0gD_1x0gA,078,27.0,16.0,0.481,0.576,0.502,0.707,,,,,,,17.012,3.948,1.0,0.0,-0.036,,0.0
1x0gD_1x0gA,079,27.0,13.0,0.359,0.51,0.417,0.525,,,,,,,17.232,3.37,1.0,0.0,-0.045,,0.0
1x0gD_1x0gA,080,26.0,21.0,0.498,0.654,0.576,0.735,,,,,,,15.518,3.758,1.0,0.0,-0.046,,0.0
1x0gD_1x0gA,081,26.0,19.0,0.44,0.569,0.445,0.557,,,,,,,14.294,4.742,1.0,0.0,-0.046,,0.0
1x0gD_1x0gA,082,26.0,22.0,0.445,0.652,0.463,0.648,,,,,,,12.576,6.093,1.0,0.0,-0.041,,0.0
1x0gD_1x0gA,083,24.0,21.0,0.497,0.774,0.503,0.809,,,,,,,17.07,5.039,1.0,0.0,-0.045,,0.0
1x0gD_1x0gA,084,23.0,18.0,0.485,0.708,0.525,0.783,,,,,,,17.463,3.852,1.0,0.0,-0.024,,0.0
1x0gD_1x0gA,085,23.0,13.0,0.232,0.304,0.237,0.332,,,,,,,17.455,4.592,1.0,0.0,-0.046,,0.0
1x0gD_1x0gA,086,22.0,21.0,0.56,0.799,0.564,0.91,,,,,,,13.602,5.246,1.0,0.0,-0.046,,0.0
1x0gD_1x0gA,087,21.0,12.0,0.385,0.508,0.473,0.615,,,,,,,20.388,3.365,1.0,0.0,-0.046,,0.0
1x0gD_1x0gA,088,21.0,18.0,0.57,0.749,0.594,0.758,,,,,,,16.071,4.673,1.0,0.0,-0.046,,0.0
1x0gD_1x0gA,089,21.0,17.0,0.527,0.722,0.532,0.86,,,,,,,15.858,4.103,1.0,0.0,-0.025,,0.0
1x0gD_1x0gA,090,21.0,15.0,0.515,0.73,0.523,0.693,,,,,,,16.396,4.307,1.0,0.0,-0.034,,0.0
1x0gD_1x0gA,091,20.0,13.0,0.547,0.738,0.511,0.694,,,,,,,17.76,3.153,1.0,0.0,-0.045,,0.0
1x0gD_1x0gA,092,20.0,20.0,0.49,0.772,0.497,0.749,,,,,,,14.76,4.084,1.0,0.0,-0.03,,0.0
1x0gD_1x0gA,093,20.0,18.0,0.489,0.709,0.535,0.742,,,,,,,14.769,4.74,1.0,0.0,-0.023,,0.0
1x0gD_1x0gA,094,19.0,15.0,0.414,0.545,0.445,0.59,,,,,,,15.231,1.669,1.0,0.0,-0.039,,0.0
1x0gD_1x0gA,095,18.0,13.0,0.511,0.768,0.513,0.787,,,,,,,13.088,2.922,1.0,0.0,-0.033,,0.0
1x0gD_1x0gA,096,16.0,14.0,0.454,0.549,0.511,0.75,,,,,,,18.906,4.487,1.0,0.0,-0.045,,0.0
1x0gD_1x0gA,097,16.0,12.0,0.559,0.764,0.55,0.762,,,,,,,16.259,2.393,1.0,0.0,-0.038,,0.0
1x0gD_1x0gA,098,15.0,10.0,0.534,0.69,0.565,0.742,,,,,,,17.284,2.73,1.0,0.0,-0.041,,0.0
1x0gD_1x0gA,099,15.0,13.0,0.494,0.673,0.505,0.729,,,,,,,16.536,2.141,1.0,0.0,-0.028,,0.0
1xezA_3o44A,Deep,,,0.636,0.667,0.619,0.877,0.187,0.174,0.188,,,,,,,,0.035,0.0,
1xezA_3o44A,000,283.0,59.0,0.175,0.163,0.187,0.249,0.181,0.194,0.191,002; 006; 001; 010; 004; 008; 005; 007; 003; 009,0.55; 0.52; 0.51; 0.50; 0.39; 0.39; 0.26; 0.25; 0.24; 0.18,0.50; 0.56; 0.67; 0.49; 0.46; 0.41; 0.23; 0.27; 0.27; 0.21,-35.974,20.989,0.0,-0.024,0.026,0.0,0.016
1xezA_3o44A,001,10.0,7.0,0.243,0.289,0.378,0.366,,,,,,,-0.259,4.849,0.4,-0.026,0.006,,
1xezA_3o44A,002,,,0.175,0.233,0.208,0.198,,,,,,,-23.514,13.94,0.0,-0.0,0.017,,0.001
1xezA_3o44A,003,,,0.279,0.313,0.334,0.37,,,,,,,-25.306,14.427,0.0,0.042,0.01,,-0.015
1xezA_3o44A,004,,,0.336,0.326,0.413,0.429,,,,,,,-29.218,15.935,0.0,0.051,0.009,,0.011
1xezA_3o44A,005,,,0.188,0.218,0.361,0.401,,,,,,,-25.511,12.582,0.0,-0.039,0.023,,-0.002
1xezA_3o44A,006,10.0,2.0,0.257,0.195,0.224,0.235,,,,,,,-2.637,2.874,0.0,0.006,0.023,,
1xjuB_1xjtA,Deep,,,0.783,0.976,0.816,0.97,,0.42,0.039,,,,,,,,-0.037,0.057,
1xjuB_1xjtA,000,277.0,135.0,0.404,0.391,0.612,0.618,0.0,0.041,0.0,007; 007; 004; 004; 006; 006; 001; 002; 005; 002,0.67; 0.67; 0.66; 0.66; 0.65; 0.65; 0.64; 0.64; 0.64; 0.64,0.71; 0.71; 0.73; 0.73; 0.74; 0.74; 0.71; 0.69; 0.72; 0.69,2.863,7.67,0.5,-0.008,-0.043,0.0,0.006
1xjuB_1xjtA,001,196.0,110.0,0.752,0.937,0.76,0.969,0.0,0.0,0.036,008; 008; 001; 001; 003; 003; 007; 002; 002; 007,0.68; 0.68; 0.67; 0.67; 0.66; 0.66; 0.64; 0.64; 0.64; 0.64,0.72; 0.72; 0.73; 0.73; 0.72; 0.72; 0.71; 0.68; 0.68; 0.71,5.594,8.134,0.6,0.01,-0.055,0.0,-0.011
1xjuB_1xjtA,002,119.0,52.0,0.76,0.797,0.807,0.862,0.0,0.037,0.0,010; 010; 004; 001; 004; 001; 009; 009; 006; 008,0.77; 0.77; 0.73; 0.73; 0.73; 0.73; 0.72; 0.72; 0.67; 0.67,0.93; 0.93; 0.89; 0.66; 0.89; 0.66; 0.74; 0.74; 0.82; 0.84,4.75,3.121,0.9,0.007,-0.061,0.0,-0.005
1xjuB_1xjtA,003,114.0,52.0,0.622,0.594,0.64,0.564,0.0,0.0,0.02,004; 004; 002; 002; 005; 005; 001; 009; 003; 001,0.73; 0.73; 0.70; 0.70; 0.67; 0.67; 0.66; 0.65; 0.65; 0.65,0.85; 0.85; 0.74; 0.74; 0.81; 0.81; 0.71; 0.71; 0.82; 0.69,3.197,5.92,0.7,-0.001,-0.039,0.0,0.011
1xjuB_1xjtA,004,110.0,13.0,0.308,0.269,0.315,0.293,0.0,0.024,0.0,004; 004; 001; 001; 005; 005; 008; 008; 006; 009,0.69; 0.69; 0.68; 0.68; 0.67; 0.67; 0.66; 0.66; 0.65; 0.65,0.70; 0.70; 0.70; 0.70; 0.81; 0.81; 0.84; 0.84; 0.81; 0.73,3.303,4.383,0.7,0.017,-0.024,0.0,0.017
1xjuB_1xjtA,005,99.0,31.0,0.669,0.557,0.756,0.605,0.0,0.0,0.0,003; 003; 006; 006; 009; 009; 008; 008; 002; 002,0.78; 0.77; 0.75; 0.75; 0.74; 0.74; 0.70; 0.70; 0.70; 0.70,0.70; 0.70; 0.91; 0.91; 0.92; 0.92; 0.87; 0.87; 0.69; 0.69,7.579,4.374,0.9,0.01,0.042,0.0,0.014
1xjuB_1xjtA,006,90.0,51.0,0.642,0.646,0.624,0.649,0.019,0.027,0.024,005; 005; 009; 009; 003; 003; 001; 007; 001; 007,0.76; 0.76; 0.70; 0.70; 0.68; 0.68; 0.66; 0.66; 0.66; 0.66,0.84; 0.84; 0.79; 0.79; 0.69; 0.69; 0.71; 0.68; 0.71; 0.68,3.416,4.007,0.8,0.03,-0.008,0.0,-0.001
1xjuB_1xjtA,007,78.0,31.0,0.803,0.775,0.814,0.818,0.0,0.0,0.0,005; 005; 003; 003; 006; 004; 006; 004; 002; 002,0.66; 0.66; 0.65; 0.65; 0.64; 0.64; 0.64; 0.64; 0.63; 0.63,0.71; 0.71; 0.73; 0.73; 0.71; 0.70; 0.71; 0.70; 0.69; 0.69,3.19,4.712,0.7,-0.129,-0.032,0.0,-0.014
1xjuB_1xjtA,008,78.0,49.0,0.645,0.692,0.654,0.684,0.0,0.0,0.0,001; 002; 005; 002; 001; 005; 008; 004; 004; 008,0.67; 0.67; 0.67; 0.67; 0.67; 0.67; 0.66; 0.66; 0.66; 0.66,0.70; 0.72; 0.82; 0.71; 0.71; 0.82; 0.78; 0.82; 0.82; 0.78,2.226,5.513,0.6,-0.002,-0.032,0.0,-0.054
1xjuB_1xjtA,009,75.0,14.0,0.302,0.279,0.662,0.648,0.0,0.0,0.021,002; 002; 007; 005; 006; 007; 006; 005; 001; 009,0.68; 0.68; 0.66; 0.66; 0.66; 0.66; 0.66; 0.66; 0.65; 0.65,0.71; 0.71; 0.79; 0.80; 0.80; 0.79; 0.80; 0.80; 0.71; 0.81,1.948,3.844,0.6,0.016,0.056,0.0,0.012
1xjuB_1xjtA,010,74.0,36.0,0.29,0.313,0.32,0.283,0.0,0.01,0.008,005; 005; 001; 001; 009; 009; 004; 007; 004; 007,0.73; 0.73; 0.71; 0.71; 0.70; 0.70; 0.69; 0.69; 0.69; 0.69,0.85; 0.85; 0.71; 0.71; 0.82; 0.82; 0.86; 0.82; 0.86; 0.82,2.181,2.243,0.8,0.032,0.025,0.0,0.009
1xjuB_1xjtA,011,72.0,11.0,0.597,0.502,0.677,0.617,0.0,0.0,0.007,001; 001; 002; 002; 004; 004; 009; 006; 003; 003,0.64; 0.64; 0.63; 0.63; 0.41; 0.41; 0.39; 0.39; 0.39; 0.39,0.69; 0.69; 0.67; 0.67; 0.49; 0.49; 0.47; 0.48; 0.34; 0.34,4.042,4.042,0.7,0.064,0.066,0.0,0.0
1xjuB_1xjtA,012,72.0,38.0,0.573,0.577,0.636,0.689,0.0,0.011,0.027,001; 006; 006; 002; 002; 001; 005; 005; 007; 007,0.76; 0.76; 0.76; 0.76; 0.76; 0.76; 0.75; 0.75; 0.73; 0.73,0.77; 0.89; 0.89; 0.77; 0.77; 0.77; 0.86; 0.86; 0.89; 0.89,3.637,4.184,0.8,-0.014,-0.059,0.0,0.005
1xjuB_1xjtA,013,70.0,5.0,0.302,0.281,0.299,0.287,0.018,0.034,0.018,005; 005; 006; 006; 003; 003; 007; 007; 001; 009,0.67; 0.67; 0.66; 0.66; 0.65; 0.65; 0.65; 0.65; 0.64; 0.64,0.69; 0.69; 0.71; 0.71; 0.73; 0.73; 0.71; 0.71; 0.70; 0.69,6.023,3.519,1.0,-0.036,0.062,0.0,-0.0
1xjuB_1xjtA,014,68.0,24.0,0.348,0.376,0.726,0.649,0.021,0.072,0.012,001; 004; 004; 001; 008; 008; 006; 007; 006; 007,0.67; 0.67; 0.67; 0.67; 0.66; 0.66; 0.65; 0.65; 0.65; 0.65,0.71; 0.72; 0.72; 0.71; 0.71; 0.71; 0.72; 0.73; 0.72; 0.73,6.416,3.363,1.0,-0.012,0.005,0.0,-0.006
1xjuB_1xjtA,015,61.0,11.0,0.27,0.302,0.593,0.556,0.0,0.011,0.016,003; 003; 007; 007; 004; 004; 005; 009; 008; 009,0.68; 0.68; 0.66; 0.66; 0.65; 0.65; 0.64; 0.64; 0.64; 0.64,0.67; 0.68; 0.71; 0.71; 0.72; 0.72; 0.70; 0.69; 0.68; 0.69,6.282,2.213,1.0,-0.033,0.007,0.0,-0.004
1xjuB_1xjtA,016,59.0,18.0,0.356,0.311,0.38,0.319,,0.34,0.006,001; 001; 009; 009; 008; 008; 007; 007; 010; 010,0.80; 0.80; 0.72; 0.72; 0.67; 0.67; 0.66; 0.66; 0.65; 0.65,0.79; 0.79; 0.86; 0.86; 0.73; 0.73; 0.79; 0.79; 0.57; 0.57,4.193,2.448,0.9,0.03,-0.021,0.0,-0.0
1xjuB_1xjtA,017,56.0,14.0,0.288,0.252,0.291,0.262,0.0,0.0,0.0,009; 003; 009; 003; 001; 005; 002; 002; 001; 005,0.66; 0.66; 0.66; 0.66; 0.64; 0.64; 0.64; 0.64; 0.64; 0.64,0.70; 0.64; 0.70; 0.64; 0.68; 0.71; 0.68; 0.68; 0.68; 0.71,0.663,3.329,0.6,-0.021,-0.035,0.0,0.007
1xjuB_1xjtA,018,54.0,9.0,0.401,0.35,0.67,0.556,,,,,,,3.417,2.568,0.9,0.013,0.056,,0.001
1xjuB_1xjtA,019,53.0,5.0,0.323,0.367,0.411,0.368,,,,,,,2.561,1.249,1.0,-0.003,0.023,,0.01
1xjuB_1xjtA,020,53.0,10.0,0.279,0.273,0.266,0.24,,,,,,,0.007,3.465,0.5,-0.008,-0.017,,-0.01
1xjuB_1xjtA,021,50.0,1.0,0.388,0.391,0.579,0.561,,,,,,,1.022,0.881,0.9,0.022,-0.004,,0.001
1xjuB_1xjtA,022,50.0,11.0,0.299,0.277,0.31,0.314,,,,,,,-0.379,3.468,0.6,0.006,0.051,,-0.0
1xjuB_1xjtA,023,50.0,1.0,0.302,0.249,0.294,0.264,,,,,,,-1.311,0.722,0.0,0.002,-0.036,,-0.003
1xjuB_1xjtA,024,50.0,18.0,0.444,0.431,0.376,0.441,,,,,,,1.491,3.227,0.7,0.008,-0.038,,-0.02
1xjuB_1xjtA,025,48.0,14.0,0.523,0.483,0.82,0.645,,,,,,,5.227,1.99,1.0,-0.001,-0.023,,0.009
1xjuB_1xjtA,026,48.0,7.0,0.652,0.544,0.64,0.646,,,,,,,3.245,4.76,0.6,0.019,0.032,,0.02
1xjuB_1xjtA,027,48.0,2.0,0.282,0.312,0.325,0.338,,,,,,,2.989,4.496,0.6,-0.006,-0.014,,0.003
1xjuB_1xjtA,028,46.0,26.0,0.667,0.678,0.65,0.693,,,,,,,2.699,4.408,0.8,-0.047,0.004,,0.0
1xjuB_1xjtA,029,45.0,16.0,0.499,0.549,0.49,0.56,,,,,,,0.412,5.987,0.3,-0.04,0.004,,0.012
1xjuB_1xjtA,030,43.0,11.0,0.41,0.405,0.536,0.424,,,,,,,-0.777,4.477,0.4,0.059,-0.007,,0.002
1xjuB_1xjtA,031,41.0,10.0,0.3,0.302,0.323,0.304,,,,,,,6.918,2.949,1.0,-0.001,-0.022,,0.001
1xjuB_1xjtA,032,41.0,22.0,0.59,0.549,0.648,0.645,,,,,,,-2.829,1.536,0.0,0.003,0.046,,-0.016
1xjuB_1xjtA,033,41.0,1.0,0.402,0.406,0.345,0.296,,,,,,,-0.795,0.866,0.1,0.014,-0.045,,0.009
1xjuB_1xjtA,034,40.0,4.0,0.316,0.286,0.782,0.604,,,,,,,2.59,1.477,1.0,0.028,0.023,,0.006
1xjuB_1xjtA,035,40.0,6.0,0.348,0.335,0.334,0.286,,,,,,,7.67,2.914,1.0,0.036,0.037,,-0.0
1xjuB_1xjtA,036,40.0,6.0,0.27,0.29,0.312,0.283,,,,,,,6.705,2.766,1.0,0.032,0.021,,0.002
1xjuB_1xjtA,037,39.0,1.0,0.33,0.307,0.431,0.368,,,,,,,2.568,2.743,0.8,-0.039,-0.067,,-0.001
1xjuB_1xjtA,038,38.0,24.0,0.793,0.8,0.823,0.893,,,,,,,5.205,4.517,0.9,-0.075,-0.049,,0.002
1xjuB_1xjtA,039,38.0,22.0,0.753,0.807,0.79,0.905,,,,,,,2.349,2.258,0.9,-0.047,-0.06,,0.004
1xjuB_1xjtA,040,37.0,26.0,0.741,0.729,0.816,0.888,,,,,,,1.904,3.092,0.6,0.018,-0.051,,-0.004
1xjuB_1xjtA,041,37.0,6.0,0.389,0.3,0.351,0.348,,,,,,,6.699,3.728,1.0,0.012,-0.027,,0.01
1xjuB_1xjtA,042,37.0,10.0,0.609,0.623,0.711,0.767,,,,,,,4.737,3.379,0.9,-0.049,0.053,,0.004
1xjuB_1xjtA,043,36.0,7.0,0.418,0.436,0.439,0.372,,,,,,,8.78,3.502,1.0,-0.007,-0.008,,-0.006
1xjuB_1xjtA,044,36.0,6.0,0.49,0.496,0.494,0.472,,,,,,,-0.247,1.48,0.5,-0.003,0.063,,0.014
1xjuB_1xjtA,045,36.0,13.0,0.339,0.314,0.395,0.327,,,,,,,3.239,4.495,0.8,-0.01,-0.064,,0.004
1xjuB_1xjtA,046,35.0,6.0,0.553,0.512,0.734,0.772,,,,,,,1.353,1.562,0.8,0.019,-0.034,,0.002
1xjuB_1xjtA,047,35.0,7.0,0.298,0.286,0.281,0.293,,,,,,,3.923,3.523,1.0,-0.001,-0.062,,0.002
1xjuB_1xjtA,048,35.0,10.0,0.324,0.315,0.605,0.586,,,,,,,3.602,1.368,1.0,-0.005,-0.036,,0.006
1xjuB_1xjtA,049,34.0,25.0,0.334,0.289,0.451,0.414,,,,,,,4.772,3.107,0.9,0.007,-0.032,,-0.006
1xjuB_1xjtA,050,34.0,7.0,0.325,0.342,0.756,0.579,,,,,,,7.891,3.659,1.0,0.007,0.007,,0.0
1xjuB_1xjtA,051,34.0,19.0,0.368,0.346,0.396,0.368,,,,,,,2.483,3.663,0.7,-0.058,-0.053,,0.002
1xjuB_1xjtA,052,34.0,18.0,0.622,0.583,0.652,0.703,,,,,,,2.978,2.692,0.9,-0.019,-0.041,,0.015
1xjuB_1xjtA,053,33.0,27.0,0.665,0.66,0.743,0.838,,,,,,,5.158,4.357,0.9,0.015,-0.049,,0.002
1xjuB_1xjtA,054,33.0,20.0,0.51,0.519,0.453,0.451,,,,,,,5.084,5.474,0.8,-0.024,0.004,,-0.015
1xjuB_1xjtA,055,32.0,19.0,0.712,0.784,0.782,0.875,,,,,,,3.978,3.269,0.9,-0.01,-0.057,,-0.008
1xjuB_1xjtA,056,32.0,6.0,0.301,0.291,0.659,0.597,,,,,,,7.14,3.298,1.0,0.017,-0.037,,0.002
1xjuB_1xjtA,057,32.0,10.0,0.563,0.605,0.6,0.542,,,,,,,1.006,2.445,0.6,0.035,0.067,,-0.016
1xjuB_1xjtA,058,31.0,18.0,0.549,0.553,0.561,0.588,,,,,,,-3.789,2.002,0.0,0.016,0.031,,0.019
1xjuB_1xjtA,059,31.0,17.0,0.403,0.386,0.365,0.362,,,,,,,3.7,6.222,0.6,0.043,0.023,,-0.014
1xjuB_1xjtA,060,31.0,16.0,0.327,0.286,0.35,0.315,,,,,,,3.974,4.406,0.7,-0.028,-0.056,,0.013
1xjuB_1xjtA,061,30.0,1.0,0.626,0.562,0.43,0.352,,,,,,,2.382,4.094,0.5,0.05,-0.041,,0.006
1xjuB_1xjtA,062,30.0,3.0,0.317,0.304,0.311,0.321,,,,,,,-1.068,1.486,0.3,0.005,-0.031,,-0.008
1xjuB_1xjtA,063,29.0,7.0,0.322,0.288,0.803,0.69,,,,,,,6.363,3.902,1.0,0.056,0.058,,-0.017
1xjuB_1xjtA,064,29.0,8.0,0.357,0.323,0.326,0.316,,,,,,,2.367,2.348,0.8,0.018,-0.017,,-0.001
1xjuB_1xjtA,065,29.0,4.0,0.368,0.36,0.64,0.565,,,,,,,-3.039,4.347,0.4,-0.004,0.003,,0.001
1xjuB_1xjtA,066,28.0,3.0,0.473,0.421,0.27,0.311,,,,,,,7.118,3.259,1.0,0.004,-0.012,,-0.004
1xjuB_1xjtA,067,28.0,3.0,0.258,0.264,0.738,0.652,,,,,,,1.131,1.273,0.8,0.026,0.003,,0.009
1xjuB_1xjtA,068,28.0,5.0,0.276,0.235,0.483,0.391,,,,,,,2.162,1.865,0.8,-0.0,-0.049,,0.011
1xjuB_1xjtA,069,27.0,6.0,0.508,0.441,0.495,0.425,,,,,,,-0.002,1.711,0.6,0.021,0.042,,0.018
1xjuB_1xjtA,070,27.0,13.0,0.741,0.781,0.834,0.834,,,,,,,8.439,4.607,1.0,-0.012,-0.034,,-0.004
1xjuB_1xjtA,071,27.0,3.0,0.411,0.36,0.66,0.608,,,,,,,2.226,4.035,0.6,0.008,-0.039,,0.004
1xjuB_1xjtA,072,26.0,16.0,0.381,0.4,0.395,0.436,,,,,,,2.998,4.64,0.5,0.035,-0.026,,-0.008
1xjuB_1xjtA,073,26.0,9.0,0.272,0.252,0.34,0.318,,,,,,,1.932,4.044,0.6,0.027,0.01,,-0.001
1xjuB_1xjtA,074,26.0,2.0,0.354,0.304,0.667,0.616,,,,,,,2.01,4.208,0.5,0.006,-0.06,,0.004
1xjuB_1xjtA,075,26.0,10.0,0.308,0.32,0.569,0.577,,,,,,,4.405,4.787,0.8,-0.002,-0.002,,0.007
1xjuB_1xjtA,076,25.0,10.0,0.539,0.542,0.794,0.845,,,,,,,6.146,1.998,1.0,-0.186,-0.029,,0.003
1xjuB_1xjtA,077,25.0,16.0,0.798,0.892,0.812,0.968,,,,,,,5.34,3.928,0.9,-0.125,-0.019,,-0.004
1xjuB_1xjtA,078,25.0,2.0,0.269,0.296,0.583,0.49,,,,,,,1.551,3.261,0.6,0.021,-0.029,,0.012
1xjuB_1xjtA,079,25.0,5.0,0.472,0.502,0.505,0.508,,,,,,,-1.119,2.355,0.3,-0.034,-0.008,,0.002
1xjuB_1xjtA,080,24.0,7.0,0.322,0.304,0.714,0.618,,,,,,,7.114,3.228,1.0,-0.007,0.025,,-0.002
1xjuB_1xjtA,081,24.0,6.0,0.325,0.28,0.38,0.335,,,,,,,5.555,4.266,0.9,0.025,-0.002,,0.004
1xjuB_1xjtA,082,24.0,10.0,0.345,0.293,0.566,0.54,,,,,,,-3.772,1.506,0.0,0.007,0.025,,-0.001
1xjuB_1xjtA,083,24.0,11.0,0.481,0.485,0.613,0.576,,,,,,,3.567,3.339,0.9,-0.032,0.059,,-0.015
1xjuB_1xjtA,084,23.0,4.0,0.677,0.641,0.829,0.771,,,,,,,0.94,6.925,0.5,0.01,-0.021,,-0.006
1xjuB_1xjtA,085,23.0,18.0,0.696,0.724,0.748,0.882,,,,,,,5.357,3.609,0.9,-0.007,-0.059,,0.001
1xjuB_1xjtA,086,23.0,18.0,0.772,0.859,0.814,0.886,,,,,,,4.161,3.114,0.9,0.005,-0.029,,-0.004
1xjuB_1xjtA,087,23.0,15.0,0.748,0.786,0.727,0.907,,,,,,,7.369,1.738,1.0,0.012,0.039,,-0.016
1xjuB_1xjtA,088,23.0,8.0,0.241,0.25,0.244,0.247,,,,,,,4.701,3.798,0.9,-0.008,-0.024,,0.003
1xjuB_1xjtA,089,23.0,8.0,0.269,0.267,0.783,0.613,,,,,,,5.237,4.13,0.8,0.008,0.064,,0.004
1xjuB_1xjtA,090,23.0,13.0,0.321,0.362,0.388,0.371,,,,,,,7.643,5.003,0.9,-0.011,-0.059,,-0.002
1xjuB_1xjtA,091,23.0,10.0,0.246,0.236,0.354,0.318,,,,,,,-0.562,2.926,0.4,0.03,0.036,,-0.0
1xjuB_1xjtA,092,22.0,16.0,0.771,0.736,0.826,0.897,,,,,,,3.468,6.479,0.5,-0.087,-0.043,,-0.006
1xjuB_1xjtA,093,22.0,4.0,0.299,0.287,0.296,0.257,,,,,,,5.309,2.772,1.0,-0.001,-0.033,,-0.001
1xjuB_1xjtA,094,22.0,2.0,0.294,0.271,0.428,0.391,,,,,,,-2.953,4.448,0.3,0.018,0.048,,-0.004
1xjuB_1xjtA,095,22.0,12.0,0.302,0.299,0.337,0.344,,,,,,,5.412,2.428,1.0,-0.006,0.042,,0.02
1xjuB_1xjtA,096,22.0,8.0,0.413,0.331,0.471,0.425,,,,,,,2.962,3.214,0.7,0.008,0.018,,0.02
1xjuB_1xjtA,097,21.0,9.0,0.57,0.586,0.812,0.855,,,,,,,4.152,4.453,0.8,0.042,-0.057,,-0.006
1xjuB_1xjtA,098,21.0,11.0,0.405,0.404,0.369,0.334,,,,,,,5.488,5.477,0.8,-0.022,-0.014,,0.008
1xjuB_1xjtA,099,21.0,2.0,0.319,0.288,0.567,0.588,,,,,,,1.416,3.459,0.5,-0.008,-0.036,,-0.008
1xtgB_3j97M,Deep,,,0.352,0.48,0.346,0.47,0.0,0.0,0.531,,,,,,,,-0.416,0.0,
1xtgB_3j97M,000,1532.0,342.0,0.342,0.431,0.345,0.449,,,0.0,008; 008; 001; 001; 005; 007; 004; 009; 010; 004,0.36; 0.36; 0.35; 0.35; 0.34; 0.34; 0.34; 0.34; 0.34; 0.34,0.46; 0.46; 0.43; 0.43; 0.44; 0.48; 0.48; 0.48; 0.44; 0.48,4.81,1.582,1.0,0.05,-0.416,0.0,0.038
1xtgB_3j97M,001,614.0,353.0,0.334,0.456,0.338,0.452,0.0,0.0,0.0,010; 003; 002; 002; 003; 007; 007; 004; 009; 006,0.36; 0.36; 0.36; 0.36; 0.36; 0.35; 0.35; 0.34; 0.34; 0.34,0.48; 0.42; 0.48; 0.48; 0.42; 0.45; 0.45; 0.45; 0.41; 0.45,5.963,3.156,1.0,0.098,-0.416,0.0,0.06
1xtgB_3j97M,002,324.0,74.0,0.335,0.451,0.335,0.446,,,0.0,004; 005; 004; 005; 003; 003; 010; 007; 009; 007,0.36; 0.36; 0.36; 0.36; 0.35; 0.35; 0.34; 0.34; 0.34; 0.34,0.44; 0.49; 0.44; 0.49; 0.48; 0.48; 0.43; 0.42; 0.44; 0.42,3.843,2.312,1.0,0.098,-0.416,0.0,0.08
1xtgB_3j97M,003,313.0,133.0,0.336,0.455,0.332,0.449,,,0.0,004; 004; 006; 006; 001; 002; 009; 005; 002; 001,0.36; 0.35; 0.35; 0.35; 0.34; 0.34; 0.34; 0.34; 0.34; 0.34,0.51; 0.50; 0.49; 0.49; 0.42; 0.42; 0.47; 0.51; 0.42; 0.42,3.268,2.122,1.0,0.06,-0.416,0.0,0.072
1xtgB_3j97M,004,243.0,94.0,0.331,0.454,0.374,0.444,,,0.0,004; 004; 001; 002; 009; 007; 006; 005; 003; 002,0.35; 0.35; 0.34; 0.34; 0.34; 0.34; 0.34; 0.34; 0.34; 0.34,0.49; 0.49; 0.42; 0.31; 0.47; 0.46; 0.43; 0.47; 0.47; 0.31,5.635,2.369,1.0,0.105,-0.416,0.0,0.067
1xtgB_3j97M,005,218.0,80.0,0.338,0.464,0.334,0.462,,,0.0,005; 005; 001; 010; 001; 010; 006; 007; 008; 009,0.36; 0.36; 0.35; 0.35; 0.35; 0.35; 0.34; 0.34; 0.34; 0.34,0.46; 0.46; 0.43; 0.42; 0.43; 0.42; 0.48; 0.46; 0.45; 0.47,6.017,3.198,1.0,0.054,-0.406,0.0,0.065
1xtgB_3j97M,006,199.0,80.0,0.336,0.458,0.336,0.471,,,0.0,003; 003; 001; 002; 009; 008; 007; 005; 002; 001,0.35; 0.35; 0.34; 0.34; 0.34; 0.34; 0.34; 0.34; 0.34; 0.34,0.49; 0.49; 0.38; 0.41; 0.41; 0.45; 0.48; 0.40; 0.41; 0.38,3.018,1.466,1.0,0.052,-0.413,0.0,0.053
1xtgB_3j97M,007,160.0,12.0,0.332,0.448,0.336,0.453,,,0.0,009; 009; 001; 004; 002; 002; 001; 004; 008; 007,0.36; 0.36; 0.35; 0.35; 0.35; 0.35; 0.35; 0.35; 0.34; 0.34,0.47; 0.47; 0.42; 0.43; 0.41; 0.41; 0.42; 0.43; 0.48; 0.45,2.473,2.479,0.8,0.085,-0.416,0.0,0.056
1xtgB_3j97M,008,160.0,50.0,0.334,0.424,0.329,0.377,,,0.0,004; 004; 008; 008; 001; 007; 005; 001; 007; 005,0.41; 0.41; 0.36; 0.36; 0.35; 0.35; 0.35; 0.35; 0.35; 0.35,0.61; 0.61; 0.44; 0.44; 0.43; 0.46; 0.45; 0.43; 0.46; 0.45,2.077,0.825,1.0,0.099,-0.383,0.0,0.019
1xtgB_3j97M,009,159.0,93.0,0.334,0.458,0.331,0.446,,,0.0,008; 005; 005; 008; 001; 002; 009; 006; 004; 003,0.35; 0.35; 0.35; 0.35; 0.34; 0.34; 0.34; 0.34; 0.34; 0.34,0.45; 0.42; 0.42; 0.45; 0.40; 0.41; 0.46; 0.44; 0.46; 0.45,5.473,2.908,1.0,0.111,-0.416,0.0,0.04
1xtgB_3j97M,010,151.0,86.0,0.333,0.436,0.333,0.438,,,0.0,001; 009; 009; 008; 005; 002; 002; 010; 001; 008,0.34; 0.34; 0.34; 0.34; 0.34; 0.34; 0.34; 0.34; 0.34; 0.34,0.40; 0.44; 0.44; 0.47; 0.43; 0.46; 0.46; 0.45; 0.40; 0.47,4.407,3.037,1.0,-0.059,-0.416,0.0,-0.05
1xtgB_3j97M,011,146.0,37.0,0.338,0.45,0.343,0.456,,,0.0,003; 003; 001; 002; 009; 008; 006; 005; 004; 002,0.35; 0.35; 0.34; 0.34; 0.34; 0.34; 0.34; 0.34; 0.34; 0.34,0.48; 0.48; 0.43; 0.42; 0.43; 0.46; 0.47; 0.47; 0.46; 0.42,8.569,3.182,1.0,0.088,-0.416,0.0,0.052
1xtgB_3j97M,012,134.0,122.0,0.334,0.442,0.343,0.445,,,0.0,001; 010; 009; 006; 004; 003; 002; 002; 001; 009,0.34; 0.34; 0.34; 0.34; 0.34; 0.34; 0.34; 0.34; 0.34; 0.34,0.41; 0.36; 0.44; 0.44; 0.41; 0.40; 0.41; 0.41; 0.41; 0.44,4.165,1.781,1.0,0.104,-0.416,0.0,0.07
1xtgB_3j97M,013,124.0,73.0,0.347,0.447,0.349,0.44,0.0,0.0,0.0,001; 008; 008; 001; 006; 007; 009; 002; 002; 003,0.35; 0.35; 0.35; 0.35; 0.34; 0.34; 0.34; 0.34; 0.34; 0.34,0.50; 0.48; 0.48; 0.50; 0.41; 0.48; 0.46; 0.41; 0.41; 0.43,6.93,2.193,1.0,-0.11,-0.416,0.0,-0.025
1xtgB_3j97M,014,116.0,29.0,0.334,0.45,0.332,0.452,,,0.0,002; 002; 005; 005; 001; 010; 001; 010; 008; 009,0.37; 0.37; 0.36; 0.36; 0.35; 0.35; 0.35; 0.35; 0.34; 0.34,0.48; 0.48; 0.47; 0.47; 0.44; 0.46; 0.44; 0.46; 0.41; 0.46,2.255,1.093,1.0,-0.081,-0.416,0.0,-0.053
1xtgB_3j97M,015,115.0,35.0,0.36,0.441,0.335,0.439,,,0.0,005; 005; 010; 004; 004; 010; 002; 007; 006; 002,0.36; 0.36; 0.35; 0.35; 0.35; 0.35; 0.34; 0.34; 0.34; 0.34,0.48; 0.48; 0.44; 0.49; 0.49; 0.44; 0.46; 0.47; 0.47; 0.46,6.265,3.031,1.0,0.061,-0.416,0.0,0.048
1xtgB_3j97M,016,115.0,47.0,0.335,0.462,0.385,0.443,,,0.0,010; 004; 004; 007; 010; 002; 009; 007; 003; 002,0.35; 0.35; 0.35; 0.35; 0.35; 0.34; 0.34; 0.34; 0.34; 0.34,0.42; 0.45; 0.45; 0.46; 0.42; 0.41; 0.45; 0.47; 0.35; 0.41,3.018,1.105,1.0,0.089,-0.416,0.0,0.052
1xtgB_3j97M,017,114.0,29.0,0.335,0.455,0.33,0.442,,,0.0,004; 007; 004; 005; 007; 005; 001; 002; 009; 008,0.36; 0.36; 0.36; 0.35; 0.35; 0.35; 0.34; 0.34; 0.34; 0.34,0.48; 0.45; 0.48; 0.47; 0.45; 0.47; 0.42; 0.41; 0.40; 0.46,2.654,1.158,1.0,0.046,-0.416,0.0,0.065
1xtgB_3j97M,018,111.0,23.0,0.335,0.449,0.327,0.444,,,0.0,004; 006; 006; 004; 001; 002; 007; 005; 002; 001,0.35; 0.35; 0.35; 0.35; 0.34; 0.34; 0.34; 0.34; 0.34; 0.34,0.47; 0.47; 0.47; 0.47; 0.41; 0.38; 0.45; 0.31; 0.38; 0.41,3.907,2.084,1.0,-0.086,-0.405,0.0,-0.004
1xtgB_3j97M,019,111.0,22.0,0.335,0.436,0.333,0.436,,,0.0,006; 006; 003; 003; 001; 002; 009; 008; 004; 002,0.39; 0.39; 0.35; 0.35; 0.34; 0.34; 0.34; 0.34; 0.34; 0.34,0.45; 0.45; 0.43; 0.43; 0.42; 0.42; 0.46; 0.46; 0.42; 0.42,6.736,2.283,1.0,-0.085,-0.416,0.0,-0.027
1xtgB_3j97M,020,109.0,10.0,0.339,0.455,0.368,0.427,,,,,,,5.512,2.973,1.0,0.069,-0.416,,0.019
1xtgB_3j97M,021,109.0,36.0,0.362,0.454,0.341,0.467,,,,,,,6.516,2.855,1.0,0.064,-0.416,,0.068
1xtgB_3j97M,022,103.0,15.0,0.342,0.468,0.345,0.474,,,,,,,2.685,1.808,0.9,0.012,-0.416,,0.009
1xtgB_3j97M,023,102.0,5.0,0.335,0.452,0.331,0.45,,,,,,,3.803,2.487,1.0,0.05,-0.416,,0.074
1xtgB_3j97M,024,101.0,66.0,0.334,0.459,0.335,0.453,,,,,,,5.125,2.544,1.0,0.12,-0.416,,0.055
1xtgB_3j97M,025,99.0,9.0,0.336,0.459,0.335,0.435,,,,,,,2.598,0.624,1.0,0.065,-0.416,,0.046
1xtgB_3j97M,026,99.0,10.0,0.335,0.457,0.335,0.449,,,,,,,1.993,1.239,0.9,0.046,-0.416,,0.074
1xtgB_3j97M,027,98.0,37.0,0.334,0.448,0.342,0.448,,,,,,,5.973,2.74,1.0,-0.079,-0.416,,0.009
1xtgB_3j97M,028,94.0,40.0,0.333,0.436,0.35,0.434,,,,,,,6.341,3.481,1.0,-0.08,-0.416,,0.032
1xtgB_3j97M,029,93.0,47.0,0.334,0.458,0.333,0.437,,,,,,,6.611,2.601,1.0,-0.098,-0.416,,0.019
1xtgB_3j97M,030,92.0,62.0,0.336,0.461,0.34,0.475,,,,,,,4.86,2.742,1.0,0.097,-0.416,,0.053
1xtgB_3j97M,031,91.0,29.0,0.343,0.463,0.335,0.453,,,,,,,4.411,2.171,1.0,0.116,-0.416,,0.046
1xtgB_3j97M,032,90.0,22.0,0.334,0.451,0.334,0.44,,,,,,,3.718,3.105,0.9,0.032,-0.416,,0.067
1xtgB_3j97M,033,88.0,50.0,0.329,0.451,0.329,0.443,,,,,,,3.447,1.374,1.0,-0.006,-0.416,,-0.037
1xtgB_3j97M,034,86.0,13.0,0.337,0.44,0.332,0.427,,,,,,,5.757,2.943,1.0,-0.086,-0.364,,-0.044
1xtgB_3j97M,035,86.0,33.0,0.334,0.457,0.334,0.457,,,,,,,4.454,2.233,1.0,0.06,-0.416,,0.048
1xtgB_3j97M,036,79.0,14.0,0.439,0.481,0.34,0.453,,,,,,,6.394,2.059,1.0,0.052,-0.416,,0.041
1xtgB_3j97M,037,77.0,15.0,0.339,0.464,0.336,0.453,,,,,,,2.199,1.735,1.0,0.022,-0.416,,0.071
1xtgB_3j97M,038,77.0,58.0,0.339,0.455,0.356,0.451,,,,,,,5.845,2.515,1.0,0.048,-0.416,,0.046
1xtgB_3j97M,039,77.0,8.0,0.333,0.432,0.334,0.436,,,,,,,3.083,2.501,1.0,-0.097,-0.416,,-0.031
1xtgB_3j97M,040,76.0,3.0,0.339,0.464,0.335,0.464,,,,,,,4.112,3.159,0.9,0.037,-0.416,,0.05
1xtgB_3j97M,041,75.0,18.0,0.336,0.461,0.341,0.459,,,,,,,5.471,2.251,1.0,0.043,-0.416,,0.055
1xtgB_3j97M,042,74.0,29.0,0.337,0.462,0.34,0.442,,,,,,,2.309,1.45,1.0,0.06,-0.416,,0.043
1xtgB_3j97M,043,73.0,30.0,0.355,0.47,0.4,0.452,,,,,,,4.905,2.821,1.0,0.092,-0.404,,0.071
1xtgB_3j97M,044,72.0,56.0,0.335,0.465,0.35,0.478,,,,,,,6.877,1.439,1.0,0.053,-0.416,,0.043
1xtgB_3j97M,045,71.0,39.0,0.333,0.445,0.343,0.446,,,,,,,2.809,1.201,1.0,0.044,-0.416,,0.052
1xtgB_3j97M,046,68.0,9.0,0.338,0.451,0.329,0.451,,,,,,,2.363,1.302,1.0,-0.019,-0.378,,-0.036
1xtgB_3j97M,047,67.0,39.0,0.349,0.453,0.349,0.437,,,,,,,2.002,1.212,0.9,0.007,-0.416,,0.043
1xtgB_3j97M,048,65.0,37.0,0.333,0.45,0.331,0.458,,,,,,,6.329,3.094,1.0,-0.064,-0.416,,-0.041
1xtgB_3j97M,049,65.0,41.0,0.337,0.464,0.334,0.451,,,,,,,2.726,0.55,1.0,0.038,-0.416,,0.038
1xtgB_3j97M,050,65.0,39.0,0.337,0.454,0.338,0.457,,,,,,,3.361,2.782,1.0,-0.09,-0.378,,-0.038
1xtgB_3j97M,051,65.0,49.0,0.339,0.454,0.341,0.468,,,,,,,6.559,3.152,1.0,0.086,-0.416,,0.057
1xtgB_3j97M,052,65.0,27.0,0.337,0.472,0.335,0.453,,,,,,,4.609,2.019,1.0,0.061,-0.416,,0.058
1xtgB_3j97M,053,64.0,38.0,0.364,0.443,0.41,0.45,,,,,,,2.785,1.683,1.0,0.09,-0.416,,0.054
1xtgB_3j97M,054,63.0,23.0,0.335,0.444,0.332,0.45,,,,,,,2.542,1.437,1.0,0.026,-0.344,,0.072
1xtgB_3j97M,055,61.0,21.0,0.331,0.427,0.332,0.444,,,,,,,2.454,1.511,1.0,0.025,-0.416,,-0.034
1xtgB_3j97M,056,61.0,29.0,0.335,0.444,0.335,0.448,,,,,,,3.025,1.971,1.0,0.054,-0.416,,0.062
1xtgB_3j97M,057,60.0,29.0,0.39,0.476,0.349,0.44,,,,,,,4.5,2.088,1.0,0.016,-0.416,,0.047
1xtgB_3j97M,058,59.0,29.0,0.337,0.467,0.337,0.442,,,,,,,5.442,2.125,1.0,0.088,-0.416,,0.046
1xtgB_3j97M,059,59.0,20.0,0.336,0.457,0.346,0.447,,,,,,,3.491,1.153,1.0,0.041,-0.364,,0.04
1xtgB_3j97M,060,58.0,18.0,0.335,0.47,0.334,0.45,,,,,,,3.994,1.182,1.0,0.053,-0.416,,0.067
1xtgB_3j97M,061,57.0,18.0,0.337,0.441,0.333,0.449,,,,,,,2.647,2.787,0.9,0.037,-0.416,,0.066
1xtgB_3j97M,062,57.0,26.0,0.333,0.456,0.331,0.446,,,,,,,3.292,1.773,0.9,0.055,-0.416,,0.077
1xtgB_3j97M,063,57.0,4.0,0.336,0.441,0.337,0.446,,,,,,,1.091,1.187,0.8,-0.098,-0.416,,-0.016
1xtgB_3j97M,064,56.0,7.0,0.33,0.435,0.346,0.471,,,,,,,3.841,2.198,1.0,0.101,-0.416,,0.082
1xtgB_3j97M,065,55.0,29.0,0.331,0.446,0.335,0.442,,,,,,,2.751,0.888,1.0,0.007,-0.416,,0.058
1xtgB_3j97M,066,52.0,24.0,0.364,0.471,0.386,0.448,,,,,,,6.442,4.359,1.0,0.083,-0.416,,0.072
1xtgB_3j97M,067,52.0,11.0,0.334,0.444,0.329,0.445,,,,,,,3.961,3.876,1.0,0.042,-0.416,,0.075
1xtgB_3j97M,068,52.0,15.0,0.338,0.456,0.349,0.45,,,,,,,7.452,4.2,1.0,0.043,-0.416,,0.082
1xtgB_3j97M,069,51.0,33.0,0.333,0.463,0.335,0.471,,,,,,,5.017,2.621,1.0,0.046,-0.416,,0.06
1xtgB_3j97M,070,49.0,31.0,0.335,0.465,0.342,0.452,,,,,,,6.543,3.757,1.0,0.046,-0.416,,0.075
1xtgB_3j97M,071,49.0,27.0,0.336,0.455,0.334,0.443,,,,,,,2.357,0.889,1.0,0.04,-0.416,,0.028
1xtgB_3j97M,072,49.0,17.0,0.365,0.465,0.407,0.453,,,,,,,2.645,1.793,0.9,0.072,-0.341,,0.056
1xtgB_3j97M,073,48.0,30.0,0.333,0.454,0.356,0.457,,,,,,,5.884,2.012,1.0,0.123,-0.416,,0.058
1xtgB_3j97M,074,46.0,35.0,0.338,0.464,0.354,0.449,,,,,,,3.806,2.537,1.0,0.108,-0.416,,0.046
1xtgB_3j97M,075,46.0,27.0,0.337,0.433,0.332,0.4,,,,,,,4.279,2.64,1.0,0.064,-0.416,,0.072
1xtgB_3j97M,076,46.0,12.0,0.341,0.474,0.334,0.452,,,,,,,5.623,3.312,1.0,0.046,-0.416,,0.038
1xtgB_3j97M,077,46.0,11.0,0.338,0.448,0.336,0.449,,,,,,,2.36,1.097,1.0,0.087,-0.416,,0.073
1xtgB_3j97M,078,45.0,18.0,0.339,0.467,0.336,0.476,,,,,,,4.568,2.901,1.0,0.117,-0.39,,0.051
1xtgB_3j97M,079,45.0,35.0,0.342,0.465,0.347,0.456,,,,,,,2.994,1.669,1.0,0.097,-0.416,,0.023
1xtgB_3j97M,080,45.0,28.0,0.337,0.442,0.347,0.448,,,,,,,2.793,2.054,1.0,0.056,-0.416,,0.032
1xtgB_3j97M,081,44.0,18.0,0.334,0.443,0.338,0.439,,,,,,,1.723,1.087,1.0,0.046,-0.416,,0.041
1xtgB_3j97M,082,43.0,17.0,0.335,0.466,0.331,0.448,,,,,,,2.754,1.218,1.0,0.064,-0.375,,0.071
1xtgB_3j97M,083,43.0,15.0,0.334,0.457,0.337,0.458,,,,,,,1.733,1.401,0.8,0.061,-0.416,,0.064
1xtgB_3j97M,084,42.0,24.0,0.336,0.456,0.341,0.446,,,,,,,2.093,1.253,1.0,0.114,-0.416,,0.039
1xtgB_3j97M,085,42.0,11.0,0.335,0.431,0.358,0.433,,,,,,,6.054,2.916,1.0,0.054,-0.416,,0.022
1xtgB_3j97M,086,41.0,29.0,0.336,0.439,0.337,0.445,,,,,,,3.483,1.434,1.0,0.139,-0.416,,0.07
1xtgB_3j97M,087,41.0,15.0,0.337,0.456,0.351,0.441,,,,,,,3.359,1.51,1.0,0.069,-0.416,,0.054
1xtgB_3j97M,088,39.0,16.0,0.332,0.441,0.349,0.483,,,,,,,3.552,2.385,0.9,-0.07,-0.406,,0.082
1xtgB_3j97M,089,38.0,16.0,0.334,0.451,0.341,0.437,,,,,,,1.717,0.817,0.9,0.063,-0.416,,0.029
1xtgB_3j97M,090,38.0,26.0,0.333,0.452,0.334,0.46,,,,,,,8.27,2.735,1.0,-0.006,-0.416,,-0.034
1xtgB_3j97M,091,37.0,24.0,0.334,0.45,0.342,0.442,,,,,,,2.332,1.292,1.0,0.025,-0.416,,0.038
1xtgB_3j97M,092,34.0,11.0,0.334,0.441,0.333,0.441,,,,,,,2.879,1.107,1.0,0.054,-0.416,,0.056
1xtgB_3j97M,093,34.0,16.0,0.348,0.471,0.346,0.436,,,,,,,1.58,0.782,1.0,0.038,-0.416,,0.029
1xtgB_3j97M,094,34.0,29.0,0.333,0.461,0.335,0.45,,,,,,,4.044,3.011,1.0,0.043,-0.416,,0.046
1xtgB_3j97M,095,34.0,10.0,0.331,0.419,0.329,0.435,,,,,,,7.4,4.081,1.0,0.054,-0.416,,0.033
1xtgB_3j97M,096,32.0,20.0,0.335,0.457,0.35,0.448,,,,,,,3.908,0.954,1.0,-0.094,-0.416,,0.04
1xtgB_3j97M,097,29.0,25.0,0.333,0.442,0.339,0.442,,,,,,,1.699,1.28,0.9,0.084,-0.416,,0.033
1xtgB_3j97M,098,29.0,5.0,0.33,0.439,0.353,0.433,,,,,,,6.334,2.602,1.0,0.104,-0.416,,0.045
1xtgB_3j97M,099,28.0,16.0,0.368,0.443,0.424,0.44,,,,,,,3.712,0.916,1.0,0.025,-0.393,,0.049
1zk9A_3jv6A,Deep,,,0.489,0.984,0.49,0.984,0.386,0.367,0.501,,,,,,,,0.085,0.005,
1zk9A_3jv6A,000,166.0,49.0,0.213,0.291,0.246,0.356,0.01,0.009,0.017,001; 001; 007; 007; 002; 002; 009; 009; 006; 006,0.48; 0.48; 0.46; 0.46; 0.43; 0.43; 0.41; 0.41; 0.40; 0.40,0.96; 0.96; 0.89; 0.89; 0.83; 0.83; 0.52; 0.52; 0.81; 0.81,17.294,7.285,1.0,-0.302,-0.043,0.0,-0.043
1zk9A_3jv6A,001,165.0,54.0,0.315,0.589,0.428,0.815,0.0,0.0,0.008,001; 001; 003; 003; 009; 009; 002; 002; 006; 006,0.49; 0.49; 0.47; 0.47; 0.42; 0.42; 0.40; 0.40; 0.40; 0.39,0.97; 0.97; 0.87; 0.85; 0.81; 0.82; 0.81; 0.81; 0.80; 0.78,15.114,8.726,0.9,-0.274,0.025,0.0,-0.22
1zk9A_3jv6A,002,146.0,3.0,0.288,0.539,0.459,0.869,0.0,0.0,0.007,001; 001; 003; 003; 008; 008; 002; 002; 004; 004,0.49; 0.49; 0.48; 0.48; 0.45; 0.45; 0.45; 0.45; 0.44; 0.44,0.95; 0.95; 0.93; 0.93; 0.89; 0.89; 0.88; 0.88; 0.85; 0.85,24.257,5.073,1.0,-0.09,-0.045,0.0,-0.114
1zk9A_3jv6A,003,144.0,54.0,0.327,0.622,0.333,0.629,0.0,0.0,0.008,001; 001; 003; 002; 003; 002; 004; 004; 010; 010,0.48; 0.48; 0.47; 0.47; 0.47; 0.47; 0.41; 0.41; 0.40; 0.40,0.95; 0.95; 0.95; 0.94; 0.95; 0.94; 0.42; 0.42; 0.41; 0.41,18.317,7.258,1.0,-0.357,-0.011,0.0,-0.061
1zk9A_3jv6A,004,133.0,38.0,0.343,0.681,0.387,0.749,0.0,0.0,0.0,004; 004; 001; 003; 001; 003; 006; 009; 010; 006,0.51; 0.51; 0.48; 0.48; 0.48; 0.48; 0.44; 0.44; 0.44; 0.44,0.96; 0.96; 0.96; 0.96; 0.96; 0.96; 0.84; 0.85; 0.84; 0.84,15.723,6.322,1.0,-0.416,-0.044,0.0,-0.065
1zk9A_3jv6A,005,124.0,9.0,0.229,0.346,0.425,0.812,0.044,0.042,0.113,002; 003; 003; 002; 008; 006; 006; 008; 001; 007,0.45; 0.45; 0.45; 0.45; 0.44; 0.44; 0.44; 0.44; 0.43; 0.43,0.89; 0.87; 0.87; 0.89; 0.69; 0.88; 0.88; 0.69; 0.86; 0.87,18.561,7.504,1.0,-0.185,-0.005,0.0,-0.054
1zk9A_3jv6A,006,117.0,41.0,0.38,0.706,0.357,0.714,0.306,0.288,0.17,001; 001; 003; 002; 003; 002; 007; 007; 008; 008,0.49; 0.49; 0.48; 0.48; 0.48; 0.48; 0.46; 0.46; 0.45; 0.45,0.98; 0.98; 0.95; 0.95; 0.95; 0.95; 0.91; 0.91; 0.91; 0.91,14.787,6.65,1.0,-0.363,-0.061,0.0,-0.07
1zk9A_3jv6A,007,116.0,31.0,0.34,0.517,0.358,0.711,0.014,0.026,0.007,001; 002; 002; 001; 004; 004; 007; 003; 003; 007,0.49; 0.49; 0.49; 0.49; 0.48; 0.48; 0.46; 0.46; 0.46; 0.46,0.95; 0.91; 0.91; 0.95; 0.90; 0.90; 0.89; 0.90; 0.90; 0.89,21.868,3.362,1.0,-0.287,0.067,0.0,-0.059
1zk9A_3jv6A,008,114.0,22.0,0.223,0.316,0.316,0.702,0.096,0.089,0.041,001; 001; 002; 002; 007; 007; 008; 008; 004; 004,0.53; 0.53; 0.51; 0.51; 0.48; 0.48; 0.45; 0.45; 0.41; 0.41,0.96; 0.96; 0.94; 0.94; 0.96; 0.96; 0.90; 0.90; 0.83; 0.84,13.255,7.708,1.0,-0.323,0.084,0.0,-0.047
1zk9A_3jv6A,009,113.0,52.0,0.31,0.563,0.307,0.559,0.0,0.015,0.008,004; 004; 001; 010; 007; 006; 002; 002; 001; 007,0.49; 0.49; 0.48; 0.48; 0.48; 0.48; 0.48; 0.48; 0.48; 0.48,0.90; 0.90; 0.95; 0.91; 0.95; 0.95; 0.95; 0.95; 0.95; 0.95,12.772,4.655,1.0,-0.286,-0.043,0.0,-0.182
1zk9A_3jv6A,010,104.0,16.0,0.322,0.577,0.303,0.53,0.023,0.021,0.018,010; 010; 009; 009; 003; 003; 002; 002; 005; 001,0.45; 0.45; 0.45; 0.45; 0.44; 0.44; 0.44; 0.44; 0.43; 0.43,0.87; 0.87; 0.87; 0.87; 0.60; 0.60; 0.87; 0.87; 0.84; 0.86,9.624,3.546,1.0,-0.278,-0.018,0.0,-0.186
1zk9A_3jv6A,011,95.0,12.0,0.293,0.56,0.263,0.398,0.0,0.0,0.0,001; 001; 004; 004; 002; 002; 010; 010; 005; 005,0.52; 0.52; 0.47; 0.47; 0.45; 0.45; 0.43; 0.43; 0.42; 0.42,0.95; 0.95; 0.88; 0.88; 0.85; 0.84; 0.84; 0.84; 0.84; 0.84,13.108,2.081,1.0,-0.345,-0.062,0.0,-0.049
1zk9A_3jv6A,012,94.0,8.0,0.269,0.311,0.306,0.369,0.018,0.016,0.008,001; 003; 001; 003; 004; 004; 002; 002; 006; 006,0.47; 0.47; 0.47; 0.46; 0.42; 0.42; 0.41; 0.40; 0.38; 0.38,0.94; 0.63; 0.94; 0.63; 0.84; 0.84; 0.81; 0.80; 0.58; 0.58,10.646,4.326,1.0,-0.355,-0.078,0.0,-0.052
1zk9A_3jv6A,013,93.0,30.0,0.309,0.393,0.43,0.875,0.0,0.0,0.0,003; 003; 001; 002; 008; 005; 004; 002; 001; 008,0.45; 0.45; 0.44; 0.44; 0.44; 0.44; 0.44; 0.44; 0.44; 0.44,0.88; 0.88; 0.87; 0.86; 0.84; 0.85; 0.84; 0.86; 0.87; 0.84,17.188,4.163,1.0,-0.308,-0.071,0.0,-0.048
1zk9A_3jv6A,014,90.0,9.0,0.305,0.395,0.425,0.851,0.097,0.09,0.052,002; 002; 001; 008; 007; 006; 003; 001; 008; 007,0.45; 0.45; 0.44; 0.44; 0.44; 0.44; 0.44; 0.44; 0.44; 0.44,0.87; 0.87; 0.88; 0.85; 0.87; 0.77; 0.86; 0.88; 0.85; 0.87,11.49,4.333,1.0,-0.331,-0.019,0.0,-0.062
1zk9A_3jv6A,015,89.0,1.0,0.286,0.536,0.314,0.585,0.0,0.0,0.0,004; 004; 009; 009; 006; 006; 001; 003; 001; 003,0.51; 0.51; 0.49; 0.49; 0.49; 0.49; 0.48; 0.48; 0.48; 0.48,0.94; 0.94; 0.92; 0.92; 0.95; 0.95; 0.97; 0.94; 0.97; 0.94,9.02,1.605,1.0,-0.192,-0.05,0.0,-0.044
1zk9A_3jv6A,016,83.0,13.0,0.306,0.3,0.33,0.65,0.0,0.0,0.013,005; 005; 010; 010; 004; 003; 002; 002; 001; 004,0.48; 0.48; 0.47; 0.47; 0.45; 0.45; 0.45; 0.45; 0.45; 0.45,0.86; 0.86; 0.88; 0.88; 0.90; 0.87; 0.89; 0.89; 0.90; 0.90,19.959,6.437,1.0,-0.252,0.084,0.0,-0.068
1zk9A_3jv6A,017,82.0,5.0,0.298,0.573,0.404,0.771,0.023,0.021,0.009,004; 004; 001; 002; 003; 002; 001; 003; 005; 005,0.49; 0.49; 0.48; 0.48; 0.48; 0.48; 0.48; 0.48; 0.43; 0.43,0.93; 0.93; 0.94; 0.93; 0.94; 0.93; 0.94; 0.94; 0.50; 0.50,22.214,3.117,1.0,-0.348,0.028,0.0,-0.124
1zk9A_3jv6A,018,80.0,2.0,0.319,0.544,0.352,0.589,0.0,0.018,0.0,004; 005; 005; 004; 003; 003; 001; 001; 002; 002,0.50; 0.50; 0.50; 0.50; 0.49; 0.49; 0.48; 0.48; 0.43; 0.43,0.94; 0.89; 0.89; 0.94; 0.96; 0.96; 0.93; 0.93; 0.87; 0.87,9.44,1.428,1.0,-0.372,-0.068,0.0,-0.129
1zk9A_3jv6A,019,75.0,3.0,0.362,0.677,0.469,0.946,0.026,0.024,0.027,003; 003; 005; 005; 001; 001; 002; 002; 010; 006,0.50; 0.50; 0.50; 0.50; 0.48; 0.48; 0.47; 0.47; 0.45; 0.45,0.89; 0.89; 0.84; 0.84; 0.96; 0.96; 0.91; 0.90; 0.74; 0.89,13.29,2.641,1.0,-0.365,0.011,0.0,-0.18
1zk9A_3jv6A,020,75.0,25.0,0.241,0.314,0.435,0.881,,,,,,,14.753,3.05,1.0,-0.295,-0.055,,-0.16
1zk9A_3jv6A,021,74.0,4.0,0.326,0.634,0.328,0.678,,,,,,,7.028,1.309,1.0,-0.324,-0.069,,-0.243
1zk9A_3jv6A,022,74.0,19.0,0.33,0.509,0.337,0.682,,,,,,,13.33,3.946,1.0,-0.272,-0.05,,-0.109
1zk9A_3jv6A,023,69.0,17.0,0.322,0.585,0.393,0.706,,,,,,,13.505,7.139,1.0,-0.343,0.085,,-0.181
1zk9A_3jv6A,024,68.0,12.0,0.328,0.375,0.302,0.395,,,,,,,11.158,5.942,1.0,-0.276,-0.076,,-0.044
1zk9A_3jv6A,025,68.0,5.0,0.316,0.571,0.274,0.558,,,,,,,14.244,5.081,1.0,-0.2,-0.048,,-0.109
1zk9A_3jv6A,026,,,0.297,0.355,0.362,0.688,,,,,,,8.275,3.235,1.0,-0.326,-0.017,,-0.107
1zk9A_3jv6A,027,66.0,17.0,0.331,0.68,0.441,0.903,,,,,,,12.985,1.576,1.0,-0.272,-0.03,,-0.224
1zk9A_3jv6A,028,66.0,11.0,0.253,0.381,0.315,0.612,,,,,,,15.606,5.576,1.0,-0.323,0.001,,-0.16
1zk9A_3jv6A,029,64.0,5.0,0.296,0.539,0.304,0.616,,,,,,,13.526,6.618,0.9,-0.292,-0.002,,-0.131
1zk9A_3jv6A,030,63.0,32.0,0.28,0.527,0.352,0.671,,,,,,,14.661,4.18,1.0,-0.269,-0.058,,-0.17
1zk9A_3jv6A,031,63.0,10.0,0.222,0.336,0.362,0.731,,,,,,,15.758,5.109,1.0,-0.303,0.019,,-0.094
1zk9A_3jv6A,032,61.0,10.0,0.288,0.401,0.324,0.585,,,,,,,8.324,3.258,1.0,-0.327,-0.01,,-0.059
1zk9A_3jv6A,033,59.0,6.0,0.302,0.565,0.32,0.575,,,,,,,13.701,2.988,1.0,-0.278,-0.05,,-0.177
1zk9A_3jv6A,034,59.0,14.0,0.332,0.538,0.415,0.83,,,,,,,8.703,2.741,1.0,-0.347,-0.024,,-0.043
1zk9A_3jv6A,035,58.0,5.0,0.267,0.544,0.404,0.817,,,,,,,8.419,3.598,1.0,-0.341,0.085,,-0.192
1zk9A_3jv6A,036,57.0,20.0,0.293,0.607,0.382,0.743,,,,,,,18.455,7.744,1.0,-0.283,-0.046,,-0.1
1zk9A_3jv6A,037,56.0,29.0,0.379,0.725,0.366,0.702,,,,,,,9.233,1.27,1.0,-0.182,-0.019,,-0.164
1zk9A_3jv6A,038,56.0,16.0,0.336,0.393,0.373,0.769,,,,,,,16.484,1.528,1.0,-0.244,-0.061,,-0.056
1zk9A_3jv6A,039,55.0,6.0,0.29,0.457,0.37,0.708,,,,,,,13.126,5.088,1.0,-0.367,-0.048,,-0.033
1zk9A_3jv6A,040,52.0,13.0,0.295,0.562,0.338,0.692,,,,,,,22.459,4.092,1.0,-0.344,0.029,,-0.066
1zk9A_3jv6A,041,51.0,7.0,0.415,0.804,0.454,0.911,,,,,,,3.269,2.313,0.9,-0.31,0.004,,-0.047
1zk9A_3jv6A,042,50.0,3.0,0.322,0.658,0.346,0.658,,,,,,,13.294,3.447,1.0,-0.315,-0.075,,-0.174
1zk9A_3jv6A,043,50.0,7.0,0.269,0.465,0.218,0.298,,,,,,,12.98,3.784,1.0,-0.295,0.009,,-0.088
1zk9A_3jv6A,044,50.0,12.0,0.241,0.358,0.258,0.44,,,,,,,22.896,3.331,1.0,-0.2,0.078,,-0.048
1zk9A_3jv6A,045,49.0,4.0,0.249,0.312,0.327,0.688,,,,,,,13.312,3.117,1.0,-0.048,-0.035,,-0.048
1zk9A_3jv6A,046,49.0,15.0,0.316,0.412,0.426,0.863,,,,,,,13.067,1.261,1.0,-0.26,-0.07,,-0.069
1zk9A_3jv6A,047,48.0,17.0,0.261,0.39,0.351,0.664,,,,,,,14.473,2.681,1.0,-0.295,-0.064,,-0.065
1zk9A_3jv6A,048,48.0,4.0,0.453,0.918,0.465,0.925,,,,,,,19.253,9.145,1.0,-0.019,0.085,,-0.297
1zk9A_3jv6A,049,45.0,8.0,0.289,0.407,0.297,0.395,,,,,,,13.201,1.389,1.0,-0.132,0.03,,-0.047
1zk9A_3jv6A,050,45.0,6.0,0.288,0.305,0.35,0.671,,,,,,,12.624,2.593,1.0,-0.213,0.068,,-0.047
1zk9A_3jv6A,051,45.0,17.0,0.338,0.524,0.311,0.598,,,,,,,23.447,2.751,1.0,-0.322,0.069,,-0.076
1zk9A_3jv6A,052,44.0,13.0,0.309,0.532,0.363,0.713,,,,,,,21.672,3.645,1.0,-0.301,-0.068,,-0.061
1zk9A_3jv6A,053,44.0,9.0,0.271,0.509,0.281,0.567,,,,,,,14.493,4.37,1.0,-0.266,-0.041,,-0.149
1zk9A_3jv6A,054,43.0,8.0,0.279,0.316,0.287,0.582,,,,,,,13.361,1.68,1.0,-0.034,-0.062,,-0.052
1zk9A_3jv6A,055,42.0,4.0,0.241,0.367,0.306,0.61,,,,,,,7.753,1.168,1.0,-0.255,0.078,,-0.046
1zk9A_3jv6A,056,41.0,1.0,0.272,0.447,0.3,0.424,,,,,,,15.089,4.102,1.0,-0.204,0.081,,-0.109
1zk9A_3jv6A,057,41.0,5.0,0.283,0.532,0.278,0.55,,,,,,,29.615,1.734,1.0,-0.407,-0.057,,-0.219
1zk9A_3jv6A,058,40.0,1.0,0.383,0.762,0.444,0.866,,,,,,,26.88,4.641,1.0,-0.348,0.015,,-0.187
1zk9A_3jv6A,059,40.0,20.0,0.312,0.55,0.331,0.61,,,,,,,17.659,3.041,1.0,-0.308,-0.046,,-0.057
1zk9A_3jv6A,060,40.0,7.0,0.293,0.362,0.316,0.602,,,,,,,23.978,5.567,1.0,-0.075,-0.04,,-0.1
1zk9A_3jv6A,061,39.0,5.0,0.332,0.635,0.329,0.659,,,,,,,14.121,2.789,1.0,-0.192,0.014,,-0.172
1zk9A_3jv6A,062,39.0,8.0,0.323,0.589,0.321,0.59,,,,,,,14.562,3.456,1.0,-0.21,0.073,,-0.203
1zk9A_3jv6A,063,39.0,18.0,0.216,0.317,0.283,0.474,,,,,,,14.176,4.242,1.0,-0.038,0.012,,-0.061
1zk9A_3jv6A,064,39.0,5.0,0.293,0.554,0.299,0.508,,,,,,,12.764,4.824,1.0,-0.284,-0.036,,-0.098
1zk9A_3jv6A,065,38.0,13.0,0.45,0.922,0.455,0.933,,,,,,,15.641,10.189,1.0,-0.126,0.073,,-0.297
1zk9A_3jv6A,066,36.0,15.0,0.266,0.466,0.352,0.72,,,,,,,20.932,2.234,1.0,-0.373,0.032,,-0.065
1zk9A_3jv6A,067,36.0,6.0,0.278,0.299,0.263,0.305,,,,,,,14.708,5.59,1.0,-0.061,0.031,,-0.039
1zk9A_3jv6A,068,36.0,11.0,0.319,0.585,0.32,0.636,,,,,,,9.121,2.271,1.0,-0.301,-0.019,,-0.046
1zk9A_3jv6A,069,36.0,4.0,0.26,0.473,0.371,0.711,,,,,,,11.559,1.078,1.0,-0.199,-0.059,,-0.07
1zk9A_3jv6A,070,35.0,7.0,0.369,0.731,0.421,0.84,,,,,,,25.405,3.454,1.0,-0.23,-0.058,,-0.202
1zk9A_3jv6A,071,34.0,9.0,0.281,0.545,0.348,0.705,,,,,,,12.928,2.685,1.0,-0.286,-0.075,,-0.182
1zk9A_3jv6A,072,34.0,9.0,0.25,0.314,0.237,0.311,,,,,,,26.3,3.649,1.0,-0.078,-0.069,,-0.026
1zk9A_3jv6A,073,34.0,13.0,0.286,0.578,0.297,0.602,,,,,,,8.772,1.942,1.0,-0.359,-0.04,,-0.131
1zk9A_3jv6A,074,33.0,8.0,0.322,0.488,0.265,0.457,,,,,,,13.162,2.218,1.0,-0.26,0.033,,-0.054
1zk9A_3jv6A,075,33.0,4.0,0.282,0.415,0.302,0.51,,,,,,,15.389,1.845,1.0,-0.327,-0.047,,-0.147
1zk9A_3jv6A,076,33.0,4.0,0.451,0.879,0.524,0.982,,,,,,,9.608,4.828,1.0,-0.075,0.078,,-0.292
1zk9A_3jv6A,077,32.0,15.0,0.305,0.528,0.338,0.718,,,,,,,10.373,2.359,1.0,-0.286,-0.016,,-0.164
1zk9A_3jv6A,078,32.0,6.0,0.332,0.627,0.354,0.749,,,,,,,29.141,4.3,1.0,-0.328,0.046,,-0.092
1zk9A_3jv6A,079,31.0,3.0,0.327,0.612,0.391,0.781,,,,,,,25.157,3.625,1.0,-0.316,-0.072,,-0.144
1zk9A_3jv6A,080,31.0,2.0,0.328,0.42,0.335,0.56,,,,,,,23.723,5.092,1.0,-0.329,-0.03,,-0.1
1zk9A_3jv6A,081,31.0,12.0,0.41,0.82,0.354,0.749,,,,,,,2.922,0.877,1.0,-0.22,0.057,,-0.146
1zk9A_3jv6A,082,31.0,5.0,0.278,0.417,0.344,0.675,,,,,,,20.384,4.127,1.0,-0.312,-0.048,,-0.056
1zk9A_3jv6A,083,30.0,8.0,0.314,0.62,0.365,0.666,,,,,,,12.349,1.491,1.0,-0.331,0.041,,-0.103
1zk9A_3jv6A,084,30.0,6.0,0.278,0.492,0.385,0.726,,,,,,,9.989,2.543,1.0,-0.34,0.007,,-0.119
1zk9A_3jv6A,085,30.0,3.0,0.283,0.543,0.276,0.544,,,,,,,15.477,1.006,1.0,-0.221,-0.009,,-0.194
1zk9A_3jv6A,086,30.0,6.0,0.245,0.465,0.272,0.54,,,,,,,14.063,2.058,1.0,-0.216,-0.045,,-0.141
1zk9A_3jv6A,087,30.0,5.0,0.255,0.381,0.314,0.538,,,,,,,19.279,5.09,1.0,-0.139,0.022,,-0.065
1zk9A_3jv6A,088,29.0,2.0,0.328,0.406,0.305,0.428,,,,,,,14.562,8.883,0.9,-0.141,0.085,,-0.045
1zk9A_3jv6A,089,28.0,13.0,0.341,0.587,0.299,0.558,,,,,,,13.91,1.452,1.0,-0.268,-0.081,,-0.208
1zk9A_3jv6A,090,28.0,4.0,0.42,0.82,0.482,0.923,,,,,,,5.273,5.324,0.7,-0.05,0.071,,-0.296
1zk9A_3jv6A,091,27.0,3.0,0.326,0.655,0.374,0.712,,,,,,,17.673,5.051,1.0,-0.286,-0.008,,-0.18
1zk9A_3jv6A,092,27.0,11.0,0.326,0.358,0.27,0.327,,,,,,,16.061,6.125,1.0,-0.322,-0.055,,-0.061
1zk9A_3jv6A,093,27.0,6.0,0.288,0.36,0.32,0.643,,,,,,,14.054,2.656,1.0,-0.012,-0.003,,-0.044
1zk9A_3jv6A,094,27.0,7.0,0.337,0.653,0.354,0.673,,,,,,,8.323,1.457,1.0,-0.168,0.011,,-0.059
1zk9A_3jv6A,095,27.0,1.0,0.339,0.675,0.382,0.75,,,,,,,13.549,1.891,1.0,-0.213,-0.019,,-0.077
1zk9A_3jv6A,096,27.0,7.0,0.303,0.382,0.341,0.66,,,,,,,21.803,5.062,1.0,-0.262,0.023,,-0.06
1zk9A_3jv6A,097,26.0,18.0,0.362,0.717,0.43,0.866,,,,,,,15.843,5.985,1.0,-0.373,-0.007,,-0.147
1zk9A_3jv6A,098,26.0,6.0,0.275,0.5,0.283,0.532,,,,,,,18.52,1.063,1.0,-0.134,-0.043,,-0.181
2bzyB_2lqwA,Deep,,,0.712,0.393,0.742,0.379,,0.342,0.319,,,,,,,,-0.12,-0.005,
2bzyB_2lqwA,000,165.0,29.0,0.277,0.227,0.558,0.237,,0.352,0.303,001; 001; 002; 002; 005; 009; 005; 009; 010; 010,0.71; 0.71; 0.69; 0.69; 0.68; 0.68; 0.68; 0.68; 0.67; 0.67,0.37; 0.37; 0.31; 0.31; 0.38; 0.33; 0.38; 0.33; 0.34; 0.34,25.306,12.223,1.0,-0.12,-0.116,0.0,-0.163
2bzyB_2lqwA,001,126.0,79.0,0.638,0.318,0.663,0.309,,,0.03,004; 004; 006; 006; 008; 007; 007; 008; 001; 001,0.66; 0.66; 0.66; 0.66; 0.65; 0.65; 0.65; 0.65; 0.64; 0.64,0.21; 0.22; 0.21; 0.21; 0.22; 0.20; 0.20; 0.22; 0.28; 0.28,30.745,7.957,1.0,-0.169,-0.15,-0.002,-0.184
2bzyB_2lqwA,002,102.0,76.0,0.716,0.273,0.732,0.32,,,0.355,009; 006; 009; 006; 005; 005; 004; 004; 007; 007,0.68; 0.68; 0.68; 0.68; 0.66; 0.66; 0.65; 0.65; 0.65; 0.65,0.28; 0.36; 0.28; 0.36; 0.24; 0.24; 0.30; 0.30; 0.20; 0.20,33.163,10.384,1.0,-0.135,-0.137,0.0,-0.081
2bzyB_2lqwA,003,93.0,75.0,0.624,0.261,0.624,0.265,,,0.022,001; 002; 006; 005; 002; 001; 006; 005; 003; 003,0.65; 0.65; 0.65; 0.65; 0.65; 0.65; 0.65; 0.65; 0.64; 0.64,0.31; 0.29; 0.22; 0.22; 0.29; 0.31; 0.22; 0.22; 0.20; 0.20,30.365,13.928,1.0,-0.168,-0.141,0.0,-0.185
2bzyB_2lqwA,004,87.0,31.0,0.626,0.258,0.751,0.355,,,,,,,27.207,10.934,1.0,-0.243,-0.162,,-0.401
2bzyB_2lqwA,005,84.0,31.0,0.328,0.281,0.433,0.265,,,,,,,36.997,8.486,1.0,-0.03,-0.133,,-0.177
2bzyB_2lqwA,006,79.0,44.0,0.311,0.225,0.276,0.184,,,,,,,32.409,12.416,1.0,-0.044,-0.155,,-0.145
2bzyB_2lqwA,007,79.0,6.0,0.598,0.244,0.739,0.293,,,,,,,10.782,6.407,0.9,-0.163,-0.161,,-0.12
2bzyB_2lqwA,008,78.0,45.0,0.711,0.284,0.753,0.345,,,,,,,28.358,4.342,1.0,-0.216,-0.154,,-0.458
2bzyB_2lqwA,009,76.0,39.0,0.304,0.208,0.335,0.22,,,,,,,33.603,12.38,1.0,-0.115,-0.059,,-0.156
2bzyB_2lqwA,010,74.0,46.0,0.634,0.246,0.75,0.32,,,,,,,35.629,11.53,1.0,-0.135,-0.146,,-0.112
2bzyB_2lqwA,011,73.0,11.0,0.577,0.228,0.635,0.325,,,,,,,27.584,7.298,1.0,-0.174,-0.154,,-0.103
2bzyB_2lqwA,012,72.0,50.0,0.519,0.249,0.628,0.303,,,,,,,28.295,11.034,1.0,-0.133,-0.159,,-0.297
2bzyB_2lqwA,013,70.0,34.0,0.283,0.168,0.321,0.181,,,,,,,28.61,11.693,1.0,-0.083,-0.151,,-0.192
2bzyB_2lqwA,014,68.0,27.0,0.757,0.271,0.707,0.256,,,,,,,23.335,6.783,1.0,-0.173,-0.027,,-0.1
2bzyB_2lqwA,015,67.0,48.0,0.703,0.279,0.723,0.329,,,,,,,31.642,15.538,1.0,-0.102,-0.122,,-0.13
2bzyB_2lqwA,016,65.0,50.0,0.72,0.353,0.738,0.388,,,,,,,30.095,12.831,1.0,-0.108,-0.158,,-0.118
2bzyB_2lqwA,017,65.0,12.0,0.318,0.187,0.376,0.211,,,,,,,37.28,6.315,1.0,-0.176,-0.118,,-0.15
2bzyB_2lqwA,018,64.0,47.0,0.72,0.325,0.75,0.384,,,,,,,28.121,8.439,1.0,-0.184,-0.154,,-0.086
2bzyB_2lqwA,019,64.0,41.0,0.704,0.285,0.731,0.321,,,,,,,31.029,11.088,1.0,-0.526,-0.162,,-0.156
2bzyB_2lqwA,020,63.0,22.0,0.687,0.293,0.73,0.353,,,,,,,33.687,5.313,1.0,-0.513,-0.112,,-0.262
2bzyB_2lqwA,021,63.0,20.0,0.43,0.22,0.637,0.228,,,,,,,45.76,6.852,1.0,-0.143,-0.133,,-0.138
2bzyB_2lqwA,022,62.0,62.0,0.697,0.307,0.805,0.298,,,,,,,25.916,7.058,1.0,-0.303,-0.072,,-0.237
2bzyB_2lqwA,023,61.0,21.0,0.232,0.217,0.274,0.217,,,,,,,26.546,12.306,1.0,-0.175,-0.153,,-0.173
2bzyB_2lqwA,024,60.0,50.0,0.64,0.323,0.727,0.34,,,,,,,33.418,11.412,1.0,-0.134,-0.16,,-0.462
2bzyB_2lqwA,025,60.0,3.0,0.617,0.242,0.693,0.25,,,,,,,11.161,9.738,1.0,-0.095,-0.141,,-0.162
2bzyB_2lqwA,026,59.0,41.0,0.723,0.284,0.709,0.34,,,,,,,31.208,10.919,1.0,-0.182,-0.119,,-0.136
2bzyB_2lqwA,027,58.0,26.0,0.707,0.342,0.732,0.347,,,,,,,33.268,7.711,1.0,-0.62,-0.139,,-0.295
2bzyB_2lqwA,028,55.0,12.0,0.319,0.222,0.338,0.18,,,,,,,36.029,5.155,1.0,-0.171,-0.128,,-0.177
2bzyB_2lqwA,029,54.0,28.0,0.716,0.313,0.742,0.316,,,,,,,24.599,6.312,1.0,-0.197,-0.118,,-0.133
2bzyB_2lqwA,030,54.0,30.0,0.252,0.219,0.35,0.225,,,,,,,32.278,12.622,1.0,-0.157,-0.154,,-0.166
2bzyB_2lqwA,031,53.0,30.0,0.582,0.281,0.728,0.342,,,,,,,28.55,4.848,1.0,-0.235,-0.114,,-0.239
2bzyB_2lqwA,032,52.0,30.0,0.742,0.306,0.733,0.41,,,,,,,32.092,9.262,1.0,-0.192,-0.15,,-0.136
2bzyB_2lqwA,033,51.0,19.0,0.451,0.264,0.614,0.206,,,,,,,29.7,9.914,1.0,-0.282,-0.119,,-0.148
2bzyB_2lqwA,034,50.0,26.0,0.31,0.238,0.61,0.24,,,,,,,34.043,13.351,1.0,-0.114,-0.112,,-0.184
2bzyB_2lqwA,035,49.0,19.0,0.494,0.309,0.476,0.324,,,,,,,31.335,6.563,1.0,-0.11,-0.146,,-0.135
2bzyB_2lqwA,036,48.0,28.0,0.635,0.302,0.753,0.328,,,,,,,24.77,9.628,1.0,-0.468,-0.142,,-0.14
2bzyB_2lqwA,037,47.0,21.0,0.482,0.268,0.671,0.287,,,,,,,29.773,4.331,1.0,-0.094,-0.125,,-0.143
2bzyB_2lqwA,038,45.0,29.0,0.711,0.261,0.732,0.342,,,,,,,36.583,15.792,1.0,-0.129,-0.109,,-0.141
2bzyB_2lqwA,039,45.0,32.0,0.265,0.231,0.651,0.319,,,,,,,45.999,4.212,1.0,-0.125,-0.159,,-0.122
2bzyB_2lqwA,040,45.0,35.0,0.311,0.23,0.618,0.186,,,,,,,33.729,14.754,1.0,-0.136,-0.162,,-0.114
2bzyB_2lqwA,041,44.0,33.0,0.639,0.303,0.737,0.338,,,,,,,24.886,3.545,1.0,-0.131,-0.16,,-0.075
2bzyB_2lqwA,042,44.0,15.0,0.563,0.257,0.678,0.306,,,,,,,26.581,4.943,1.0,-0.129,-0.153,,-0.133
2bzyB_2lqwA,043,43.0,2.0,0.279,0.246,0.687,0.228,,,,,,,16.285,5.109,1.0,-0.135,-0.16,,-0.121
2bzyB_2lqwA,044,42.0,22.0,0.291,0.189,0.648,0.19,,,,,,,37.982,12.711,1.0,-0.069,-0.142,,-0.148
2bzyB_2lqwA,045,41.0,6.0,0.262,0.214,0.337,0.25,,,,,,,36.847,4.919,1.0,-0.26,-0.126,,-0.188
2bzyB_2lqwA,046,40.0,32.0,0.713,0.351,0.705,0.392,,,,,,,27.1,7.598,1.0,-0.149,-0.143,,-0.176
2bzyB_2lqwA,047,40.0,10.0,0.348,0.187,0.363,0.182,,,,,,,33.193,6.785,1.0,-0.183,-0.139,,-0.122
2bzyB_2lqwA,048,38.0,32.0,0.705,0.313,0.743,0.371,,,,,,,18.763,6.724,1.0,-0.118,-0.145,,-0.132
2bzyB_2lqwA,049,37.0,11.0,0.593,0.282,0.749,0.323,,,,,,,33.595,3.405,1.0,-0.492,-0.16,,-0.155
2bzyB_2lqwA,050,37.0,36.0,0.711,0.319,0.751,0.327,,,,,,,26.395,4.209,1.0,-0.13,-0.14,,-0.078
2bzyB_2lqwA,051,37.0,25.0,0.593,0.298,0.671,0.325,,,,,,,25.815,6.291,1.0,-0.126,-0.159,,-0.151
2bzyB_2lqwA,052,37.0,7.0,0.392,0.261,0.67,0.245,,,,,,,23.688,6.268,1.0,-0.171,-0.097,,-0.149
2bzyB_2lqwA,053,35.0,31.0,0.721,0.291,0.734,0.341,,,,,,,25.176,5.562,1.0,-0.215,-0.146,,-0.435
2bzyB_2lqwA,054,35.0,24.0,0.326,0.225,0.616,0.247,,,,,,,41.226,8.647,1.0,-0.332,-0.161,,-0.178
2bzyB_2lqwA,055,33.0,26.0,0.747,0.291,0.718,0.374,,,,,,,28.692,12.936,1.0,-0.119,-0.162,,-0.121
2bzyB_2lqwA,056,33.0,28.0,0.645,0.362,0.743,0.373,,,,,,,25.76,5.481,1.0,-0.153,-0.149,,-0.074
2bzyB_2lqwA,057,33.0,3.0,0.612,0.316,0.686,0.231,,,,,,,15.913,5.431,1.0,-0.202,-0.161,,-0.168
2bzyB_2lqwA,058,32.0,24.0,0.743,0.276,0.723,0.342,,,,,,,23.129,10.092,1.0,-0.153,-0.142,,-0.076
2bzyB_2lqwA,059,32.0,25.0,0.638,0.264,0.619,0.272,,,,,,,34.899,11.555,1.0,-0.213,-0.087,,-0.278
2bzyB_2lqwA,060,32.0,12.0,0.481,0.256,0.418,0.21,,,,,,,29.412,3.873,1.0,-0.089,-0.134,,-0.188
2bzyB_2lqwA,061,31.0,14.0,0.609,0.195,0.649,0.191,,,,,,,28.227,5.899,1.0,-0.084,-0.1,,-0.13
2bzyB_2lqwA,062,29.0,28.0,0.751,0.251,0.706,0.259,,,,,,,20.309,2.924,1.0,-0.106,-0.148,,-0.122
2bzyB_2lqwA,063,28.0,26.0,0.414,0.284,0.731,0.333,,,,,,,31.982,8.599,1.0,-0.335,-0.135,,-0.369
2bzyB_2lqwA,064,27.0,23.0,0.627,0.311,0.723,0.341,,,,,,,27.878,6.632,1.0,-0.127,-0.125,,-0.439
2bzyB_2lqwA,065,27.0,13.0,0.432,0.297,0.758,0.314,,,,,,,28.709,7.487,1.0,-0.476,-0.096,,-0.218
2bzyB_2lqwA,066,27.0,20.0,0.701,0.309,0.735,0.337,,,,,,,24.901,6.77,1.0,-0.148,-0.136,,-0.135
2bzyB_2lqwA,067,27.0,20.0,0.583,0.303,0.752,0.35,,,,,,,27.732,4.6,1.0,-0.538,-0.126,,-0.18
2bzyB_2lqwA,068,27.0,23.0,0.737,0.235,0.735,0.258,,,,,,,25.146,5.381,1.0,-0.164,-0.129,,-0.08
2bzyB_2lqwA,069,27.0,23.0,0.334,0.184,0.38,0.296,,,,,,,38.51,8.107,1.0,-0.138,-0.126,,-0.135
2bzyB_2lqwA,070,25.0,14.0,0.37,0.272,0.754,0.36,,,,,,,32.99,4.674,1.0,-0.272,-0.155,,-0.178
2bzyB_2lqwA,071,25.0,9.0,0.214,0.29,0.356,0.238,,,,,,,39.847,3.329,1.0,-0.21,-0.127,,-0.198
2bzyB_2lqwA,072,25.0,17.0,0.674,0.324,0.677,0.22,,,,,,,22.087,6.523,1.0,-0.099,-0.157,,-0.168
2bzyB_2lqwA,073,23.0,17.0,0.664,0.29,0.745,0.35,,,,,,,27.142,3.582,1.0,-0.161,-0.133,,-0.094
2bzyB_2lqwA,074,23.0,9.0,0.538,0.257,0.672,0.219,,,,,,,30.889,6.436,1.0,-0.109,-0.025,,-0.119
2bzyB_2lqwA,075,23.0,11.0,0.739,0.265,0.736,0.331,,,,,,,24.413,9.77,1.0,-0.118,-0.126,,-0.314
2bzyB_2lqwA,076,20.0,10.0,0.746,0.22,0.705,0.256,,,,,,,20.141,5.915,1.0,-0.116,-0.125,,-0.107
2bzyB_2lqwA,077,20.0,19.0,0.716,0.278,0.731,0.259,,,,,,,22.726,6.109,1.0,-0.143,-0.143,,-0.135
2bzyB_2lqwA,078,20.0,14.0,0.263,0.228,0.443,0.168,,,,,,,35.816,9.329,1.0,-0.17,-0.154,,-0.181
2bzyB_2lqwA,079,18.0,12.0,0.674,0.294,0.729,0.338,,,,,,,25.945,7.3,1.0,-0.143,-0.154,,-0.338
2bzyB_2lqwA,080,18.0,11.0,0.685,0.26,0.764,0.361,,,,,,,21.383,9.454,1.0,-0.178,-0.162,,-0.143
2bzyB_2lqwA,081,15.0,3.0,0.325,0.239,0.677,0.234,,,,,,,15.369,3.843,1.0,-0.106,-0.153,,-0.097
2bzyB_2lqwA,082,13.0,13.0,0.58,0.228,0.569,0.264,,,,,,,25.07,10.097,1.0,-0.222,-0.147,,-0.087
2bzyB_2lqwA,083,13.0,5.0,0.296,0.271,0.698,0.309,,,,,,,19.798,6.071,1.0,-0.126,-0.162,,-0.196
2bzyB_2lqwA,084,12.0,12.0,0.624,0.303,0.614,0.246,,,,,,,41.987,6.521,1.0,-0.25,-0.085,,-0.168
2c1vB_2c1uC,Deep,,,0.988,0.871,0.994,0.872,0.298,0.3,0.273,,,,,,,,-0.017,0.03,
2c1vB_2c1uC,000,2097.0,1158.0,0.335,0.323,0.756,0.68,0.275,0.287,0.245,001; 001; 002; 002; 008; 008; 009; 009; 005; 005,0.95; 0.95; 0.86; 0.86; 0.85; 0.85; 0.81; 0.81; 0.79; 0.79,0.86; 0.86; 0.77; 0.77; 0.78; 0.78; 0.74; 0.74; 0.72; 0.72,-1.387,6.748,0.5,0.017,-0.013,0.004,-0.002
2c1vB_2c1uC,001,1471.0,1034.0,0.334,0.319,0.771,0.693,0.016,0.017,0.019,001; 004; 004; 001; 003; 003; 008; 008; 002; 002,0.85; 0.85; 0.85; 0.85; 0.84; 0.84; 0.84; 0.83; 0.81; 0.81,0.77; 0.77; 0.77; 0.77; 0.76; 0.76; 0.77; 0.76; 0.74; 0.74,-3.248,4.165,0.2,0.016,0.002,0.002,-0.036
2c1vB_2c1uC,002,1304.0,918.0,0.378,0.388,0.775,0.696,0.073,0.089,0.076,001; 001; 004; 004; 002; 005; 002; 005; 008; 008,0.92; 0.92; 0.89; 0.89; 0.85; 0.85; 0.85; 0.85; 0.82; 0.82,0.82; 0.82; 0.78; 0.78; 0.76; 0.79; 0.76; 0.79; 0.75; 0.75,-1.152,5.343,0.5,0.017,-0.011,0.002,-0.002
2c1vB_2c1uC,003,1082.0,686.0,0.329,0.344,0.399,0.389,0.01,0.012,0.011,002; 002; 007; 007; 001; 001; 008; 008; 003; 003,0.83; 0.83; 0.82; 0.82; 0.80; 0.80; 0.78; 0.78; 0.69; 0.69,0.75; 0.75; 0.74; 0.74; 0.71; 0.71; 0.71; 0.71; 0.61; 0.61,-2.067,6.609,0.4,0.028,-0.0,0.001,0.008
2c1vB_2c1uC,004,733.0,483.0,0.423,0.416,0.95,0.872,0.004,0.006,0.006,002; 002; 009; 009; 001; 003; 001; 003; 010; 005,0.84; 0.84; 0.83; 0.83; 0.80; 0.80; 0.80; 0.80; 0.78; 0.78,0.74; 0.74; 0.74; 0.74; 0.70; 0.73; 0.70; 0.73; 0.73; 0.70,-5.889,7.303,0.1,0.012,0.011,-0.0,0.022
2c1vB_2c1uC,005,650.0,428.0,0.394,0.407,0.565,0.563,0.007,0.008,0.006,008; 008; 004; 004; 001; 001; 003; 003; 009; 009,0.86; 0.86; 0.83; 0.83; 0.82; 0.82; 0.80; 0.80; 0.79; 0.79,0.79; 0.79; 0.74; 0.74; 0.73; 0.73; 0.72; 0.72; 0.71; 0.71,-3.493,4.467,0.2,0.002,-0.016,-0.001,0.002
2c1vB_2c1uC,006,637.0,176.0,0.343,0.328,0.446,0.418,0.012,0.019,0.01,001; 001; 002; 002; 005; 005; 004; 004; 003; 003,0.93; 0.93; 0.89; 0.89; 0.84; 0.84; 0.83; 0.83; 0.81; 0.81,0.83; 0.83; 0.82; 0.82; 0.74; 0.74; 0.73; 0.73; 0.75; 0.75,-0.196,4.409,0.5,0.002,0.012,-0.0,0.007
2c1vB_2c1uC,007,608.0,284.0,0.319,0.316,0.82,0.749,0.018,0.04,0.016,006; 006; 002; 005; 005; 002; 009; 009; 001; 001,0.83; 0.83; 0.81; 0.81; 0.81; 0.81; 0.80; 0.80; 0.79; 0.79,0.75; 0.75; 0.75; 0.73; 0.73; 0.75; 0.72; 0.72; 0.70; 0.70,1.326,7.274,0.7,-0.007,-0.011,-0.001,0.016
2c1vB_2c1uC,008,604.0,417.0,0.407,0.411,0.765,0.681,0.026,0.024,0.024,002; 002; 010; 010; 001; 001; 005; 005; 004; 004,0.90; 0.90; 0.87; 0.87; 0.86; 0.86; 0.82; 0.82; 0.79; 0.79,0.81; 0.81; 0.79; 0.79; 0.78; 0.78; 0.74; 0.74; 0.72; 0.72,3.174,4.512,0.8,0.031,0.031,0.0,0.007
2c1vB_2c1uC,009,596.0,414.0,0.217,0.261,0.315,0.326,0.251,0.266,0.226,001; 001; 004; 004; 005; 005; 009; 009; 002; 002,0.96; 0.96; 0.89; 0.89; 0.83; 0.83; 0.78; 0.78; 0.73; 0.73,0.86; 0.86; 0.81; 0.81; 0.75; 0.75; 0.72; 0.72; 0.71; 0.71,-2.557,5.443,0.3,-0.014,-0.012,0.0,0.003
2c1vB_2c1uC,010,563.0,240.0,0.246,0.225,0.716,0.703,0.004,0.024,0.003,009; 009; 002; 005; 005; 002; 006; 006; 001; 001,0.79; 0.79; 0.78; 0.78; 0.78; 0.78; 0.77; 0.77; 0.76; 0.76,0.72; 0.72; 0.69; 0.69; 0.69; 0.69; 0.69; 0.69; 0.67; 0.67,1.032,5.017,0.8,0.03,0.032,-0.001,0.008
2c1vB_2c1uC,011,549.0,294.0,0.302,0.302,0.424,0.428,0.01,0.007,0.008,001; 006; 006; 001; 009; 009; 008; 008; 007; 007,0.83; 0.83; 0.83; 0.83; 0.82; 0.82; 0.81; 0.81; 0.80; 0.80,0.74; 0.75; 0.75; 0.74; 0.74; 0.74; 0.73; 0.73; 0.73; 0.73,0.41,6.495,0.5,-0.0,0.012,0.0,0.005
2c1vB_2c1uC,012,534.0,364.0,0.428,0.473,0.786,0.713,0.01,0.01,0.011,007; 007; 005; 005; 002; 002; 001; 004; 001; 004,0.85; 0.85; 0.83; 0.83; 0.82; 0.82; 0.81; 0.81; 0.81; 0.81,0.78; 0.78; 0.76; 0.75; 0.74; 0.74; 0.73; 0.72; 0.73; 0.72,-0.716,6.582,0.5,0.009,-0.001,-0.001,-0.02
2c1vB_2c1uC,013,525.0,328.0,0.35,0.319,0.662,0.66,0.0,0.01,0.003,008; 008; 004; 004; 001; 009; 009; 001; 003; 003,0.84; 0.84; 0.83; 0.83; 0.82; 0.82; 0.82; 0.82; 0.81; 0.81,0.77; 0.77; 0.74; 0.74; 0.74; 0.76; 0.76; 0.74; 0.72; 0.72,-1.288,4.48,0.3,0.028,-0.018,-0.0,0.014
2c1vB_2c1uC,014,522.0,347.0,0.328,0.308,0.434,0.419,0.075,0.071,0.073,002; 002; 001; 009; 009; 001; 003; 003; 008; 010,0.84; 0.84; 0.82; 0.82; 0.82; 0.82; 0.80; 0.80; 0.79; 0.79,0.75; 0.75; 0.73; 0.74; 0.74; 0.73; 0.76; 0.76; 0.73; 0.73,-3.944,4.775,0.2,0.023,-0.017,-0.0,0.003
2c1vB_2c1uC,015,439.0,296.0,0.4,0.396,0.468,0.463,0.0,0.005,0.003,001; 001; 003; 003; 007; 008; 008; 007; 006; 006,0.81; 0.81; 0.80; 0.80; 0.79; 0.79; 0.79; 0.79; 0.78; 0.78,0.72; 0.72; 0.72; 0.72; 0.72; 0.72; 0.72; 0.72; 0.72; 0.72,-1.295,7.62,0.5,0.005,0.008,0.0,0.006
2c1vB_2c1uC,016,437.0,55.0,0.444,0.453,0.736,0.737,0.025,0.032,0.022,001; 003; 001; 003; 002; 002; 007; 007; 008; 008,0.84; 0.84; 0.84; 0.84; 0.80; 0.80; 0.78; 0.78; 0.77; 0.77,0.76; 0.76; 0.76; 0.76; 0.72; 0.72; 0.71; 0.71; 0.72; 0.72,-2.211,8.138,0.5,-0.007,0.03,-0.0,-0.001
2c1vB_2c1uC,017,421.0,283.0,0.28,0.257,0.394,0.379,0.004,0.011,0.003,002; 002; 007; 007; 001; 001; 005; 005; 008; 008,0.86; 0.86; 0.84; 0.84; 0.81; 0.81; 0.80; 0.80; 0.79; 0.79,0.78; 0.78; 0.76; 0.76; 0.73; 0.73; 0.72; 0.72; 0.72; 0.72,-2.647,3.433,0.2,0.017,0.032,0.0,-0.001
2c1vB_2c1uC,018,415.0,291.0,0.328,0.342,0.774,0.686,,,,,,,-0.97,6.733,0.4,-0.002,-0.005,,0.011
2c1vB_2c1uC,019,394.0,207.0,0.497,0.508,0.759,0.699,,,,,,,3.602,3.665,0.9,0.0,0.032,,0.014
2c1vB_2c1uC,020,365.0,252.0,0.361,0.361,0.547,0.522,,,,,,,-2.638,5.149,0.2,-0.007,0.032,,0.017
2c1vB_2c1uC,021,365.0,94.0,0.375,0.381,0.561,0.521,,,,,,,2.311,5.058,0.6,0.004,0.011,,-0.001
2c1vB_2c1uC,022,358.0,179.0,0.364,0.355,0.69,0.653,,,,,,,-1.803,4.889,0.4,0.024,0.03,,0.008
2c1vB_2c1uC,023,342.0,244.0,0.417,0.412,0.528,0.531,,,,,,,-1.31,5.553,0.5,-0.0,0.024,,0.012
2c1vB_2c1uC,024,338.0,82.0,0.371,0.384,0.345,0.347,,,,,,,-7.145,6.947,0.1,0.005,0.003,,0.003
2c1vB_2c1uC,025,328.0,226.0,0.303,0.277,0.624,0.568,,,,,,,-1.368,3.345,0.2,0.005,0.03,,-0.006
2c1vB_2c1uC,026,326.0,196.0,0.505,0.471,0.78,0.695,,,,,,,-0.766,3.987,0.5,0.01,-0.009,,0.008
2c1vB_2c1uC,027,301.0,220.0,0.337,0.327,0.405,0.386,,,,,,,-1.72,4.658,0.4,0.001,0.02,,0.026
2c1vB_2c1uC,028,299.0,189.0,0.266,0.255,0.352,0.366,,,,,,,-4.746,5.41,0.1,0.028,-0.002,,-0.002
2c1vB_2c1uC,029,285.0,187.0,0.306,0.309,0.765,0.705,,,,,,,-3.628,7.029,0.2,0.052,0.013,,0.013
2c1vB_2c1uC,030,285.0,211.0,0.4,0.403,0.434,0.424,,,,,,,0.026,4.001,0.6,-0.002,0.016,,0.007
2c1vB_2c1uC,031,283.0,205.0,0.405,0.391,0.755,0.709,,,,,,,-0.59,3.094,0.5,0.006,-0.016,,0.007
2c1vB_2c1uC,032,281.0,150.0,0.243,0.248,0.281,0.277,,,,,,,-0.015,4.13,0.6,-0.004,0.032,,0.004
2c1vB_2c1uC,033,280.0,51.0,0.337,0.332,0.596,0.571,,,,,,,-0.218,4.711,0.4,-0.0,0.018,,0.006
2c1vB_2c1uC,034,276.0,184.0,0.299,0.318,0.704,0.65,,,,,,,-2.174,4.318,0.3,-0.005,0.016,,-0.01
2c1vB_2c1uC,035,275.0,112.0,0.341,0.326,0.393,0.368,,,,,,,-1.707,6.995,0.5,0.033,-0.018,,0.018
2c1vB_2c1uC,036,269.0,176.0,0.353,0.332,0.396,0.369,,,,,,,-0.602,4.801,0.5,-0.01,0.032,,-0.007
2c1vB_2c1uC,037,262.0,79.0,0.258,0.27,0.432,0.42,,,,,,,-1.149,6.044,0.4,-0.028,-0.003,,0.003
2c1vB_2c1uC,038,252.0,113.0,0.393,0.408,0.359,0.414,,,,,,,-2.872,6.69,0.3,0.039,0.032,,0.01
2c1vB_2c1uC,039,251.0,169.0,0.347,0.325,0.383,0.383,,,,,,,-1.057,5.211,0.4,0.004,0.011,,0.011
2c1vB_2c1uC,040,249.0,155.0,0.375,0.401,0.58,0.545,,,,,,,2.591,3.559,0.7,-0.012,-0.012,,0.002
2c1vB_2c1uC,041,249.0,79.0,0.357,0.383,0.618,0.619,,,,,,,-1.87,3.647,0.4,0.002,0.006,,0.005
2c1vB_2c1uC,042,248.0,171.0,0.416,0.436,0.764,0.677,,,,,,,-1.808,6.254,0.4,-0.004,0.011,,0.004
2c1vB_2c1uC,043,245.0,65.0,0.298,0.323,0.3,0.294,,,,,,,-1.404,3.784,0.3,-0.053,0.022,,0.008
2c1vB_2c1uC,044,242.0,164.0,0.321,0.326,0.75,0.725,,,,,,,0.357,5.79,0.3,-0.001,-0.021,,0.01
2c1vB_2c1uC,045,233.0,158.0,0.258,0.26,0.29,0.283,,,,,,,-2.385,4.157,0.3,0.022,0.032,,-0.001
2c1vB_2c1uC,046,230.0,83.0,0.258,0.256,0.338,0.338,,,,,,,-0.734,3.004,0.6,0.021,0.031,,-0.006
2c1vB_2c1uC,047,228.0,106.0,0.349,0.342,0.62,0.585,,,,,,,-0.263,4.568,0.5,0.013,-0.0,,-0.002
2c1vB_2c1uC,048,227.0,173.0,0.219,0.219,0.701,0.645,,,,,,,-3.859,5.932,0.4,0.012,0.03,,0.002
2c1vB_2c1uC,049,222.0,158.0,0.362,0.354,0.733,0.694,,,,,,,-5.244,4.638,0.2,0.009,0.006,,0.026
2c1vB_2c1uC,050,222.0,95.0,0.338,0.298,0.318,0.346,,,,,,,1.669,6.618,0.4,0.01,0.03,,0.002
2c1vB_2c1uC,051,221.0,115.0,0.207,0.215,0.206,0.205,,,,,,,-2.364,6.522,0.3,-0.013,0.032,,-0.001
2c1vB_2c1uC,052,216.0,34.0,0.241,0.264,0.261,0.243,,,,,,,0.021,5.688,0.5,0.023,0.032,,-0.025
2c1vB_2c1uC,053,215.0,151.0,0.407,0.381,0.529,0.517,,,,,,,-6.887,6.953,0.2,0.039,-0.019,,-0.005
2c1vB_2c1uC,054,212.0,88.0,0.242,0.195,0.237,0.243,,,,,,,1.962,6.688,0.7,-0.036,0.032,,-0.002
2c1vB_2c1uC,055,209.0,127.0,0.346,0.353,0.602,0.585,,,,,,,-0.43,6.079,0.5,0.038,0.031,,-0.005
2c1vB_2c1uC,056,204.0,145.0,0.212,0.207,0.62,0.556,,,,,,,0.512,4.708,0.4,0.009,-0.02,,-0.003
2c1vB_2c1uC,057,191.0,146.0,0.347,0.31,0.732,0.681,,,,,,,-4.886,5.016,0.2,0.016,0.005,,0.007
2c1vB_2c1uC,058,181.0,124.0,0.281,0.284,0.334,0.31,,,,,,,-0.808,4.558,0.5,0.02,-0.002,,0.01
2c1vB_2c1uC,059,179.0,106.0,0.331,0.314,0.471,0.437,,,,,,,2.375,4.644,0.8,0.011,0.032,,0.002
2c1vB_2c1uC,060,178.0,62.0,0.322,0.317,0.293,0.322,,,,,,,2.696,4.382,0.8,-0.034,-0.012,,0.004
2c1vB_2c1uC,061,176.0,50.0,0.385,0.403,0.425,0.423,,,,,,,2.122,6.801,0.6,0.038,0.032,,0.017
2c1vB_2c1uC,062,176.0,132.0,0.526,0.549,0.912,0.793,,,,,,,0.286,6.102,0.6,0.018,-0.003,,0.007
2c1vB_2c1uC,063,175.0,119.0,0.477,0.448,0.879,0.787,,,,,,,0.847,3.937,0.5,-0.054,-0.022,,0.009
2c1vB_2c1uC,064,173.0,89.0,0.373,0.416,0.63,0.619,,,,,,,1.277,5.427,0.5,0.023,0.022,,0.008
2c1vB_2c1uC,065,169.0,103.0,0.353,0.358,0.673,0.616,,,,,,,-2.096,4.874,0.3,0.006,0.031,,0.007
2c1vB_2c1uC,066,168.0,107.0,0.368,0.369,0.429,0.404,,,,,,,-1.98,3.876,0.4,-0.057,0.03,,0.003
2c1vB_2c1uC,067,166.0,61.0,0.224,0.225,0.462,0.477,,,,,,,-4.999,7.336,0.2,0.021,0.029,,0.003
2c1vB_2c1uC,068,166.0,114.0,0.489,0.505,0.712,0.686,,,,,,,0.093,3.138,0.4,0.031,0.032,,-0.001
2c1vB_2c1uC,069,165.0,111.0,0.299,0.264,0.592,0.593,,,,,,,-2.712,2.899,0.1,0.003,0.009,,0.008
2c1vB_2c1uC,070,162.0,122.0,0.701,0.652,0.968,0.863,,,,,,,1.308,5.204,0.7,-0.035,-0.018,,0.013
2c1vB_2c1uC,071,162.0,133.0,0.375,0.385,0.717,0.656,,,,,,,-5.662,3.088,0.1,0.013,-0.023,,-0.001
2c1vB_2c1uC,072,159.0,112.0,0.326,0.324,0.459,0.41,,,,,,,1.929,4.101,0.6,0.0,-0.018,,0.002
2c1vB_2c1uC,073,158.0,109.0,0.24,0.234,0.386,0.387,,,,,,,-2.477,2.595,0.2,0.009,0.027,,-0.012
2c1vB_2c1uC,074,158.0,56.0,0.277,0.266,0.514,0.538,,,,,,,-2.558,5.042,0.2,-0.02,0.032,,0.013
2c1vB_2c1uC,075,148.0,116.0,0.344,0.342,0.361,0.377,,,,,,,-4.211,4.355,0.2,-0.047,-0.013,,0.015
2c1vB_2c1uC,076,147.0,91.0,0.423,0.43,0.664,0.651,,,,,,,0.227,5.403,0.6,0.009,-0.011,,0.019
2c1vB_2c1uC,077,146.0,107.0,0.365,0.368,0.708,0.666,,,,,,,-2.115,5.846,0.4,0.008,-0.011,,0.004
2c1vB_2c1uC,078,142.0,64.0,0.264,0.251,0.399,0.386,,,,,,,4.4,4.958,0.7,-0.005,0.032,,-0.031
2c1vB_2c1uC,079,140.0,89.0,0.344,0.354,0.324,0.336,,,,,,,1.094,3.168,0.6,0.019,-0.022,,0.002
2c1vB_2c1uC,080,137.0,51.0,0.241,0.242,0.281,0.24,,,,,,,0.502,3.776,0.6,0.009,0.03,,0.003
2c1vB_2c1uC,081,136.0,94.0,0.475,0.442,0.754,0.67,,,,,,,-0.833,3.551,0.5,-0.03,-0.018,,0.01
2c1vB_2c1uC,082,134.0,29.0,0.277,0.288,0.395,0.403,,,,,,,7.739,3.299,1.0,0.015,0.031,,0.006
2c1vB_2c1uC,083,132.0,47.0,0.299,0.304,0.287,0.297,,,,,,,0.48,4.253,0.7,-0.02,0.032,,0.005
2c1vB_2c1uC,084,123.0,35.0,0.292,0.276,0.348,0.341,,,,,,,-3.786,3.486,0.2,0.002,0.014,,-0.017
2c1vB_2c1uC,085,122.0,59.0,0.303,0.299,0.289,0.245,,,,,,,-1.4,4.954,0.5,0.006,0.031,,0.026
2c1vB_2c1uC,086,116.0,44.0,0.233,0.227,0.362,0.373,,,,,,,-6.279,4.755,0.0,0.035,0.028,,0.005
2c1vB_2c1uC,087,108.0,88.0,0.437,0.439,0.406,0.361,,,,,,,-0.438,5.573,0.4,0.016,0.0,,0.024
2c1vB_2c1uC,088,105.0,49.0,0.241,0.225,0.245,0.25,,,,,,,4.491,5.208,0.7,0.005,0.032,,0.003
2c1vB_2c1uC,089,101.0,47.0,0.499,0.501,0.823,0.814,,,,,,,-4.436,4.138,0.1,0.002,-0.008,,0.004
2c1vB_2c1uC,090,89.0,69.0,0.371,0.372,0.381,0.389,,,,,,,0.032,4.73,0.4,-0.004,0.02,,0.001
2c1vB_2c1uC,091,86.0,62.0,0.43,0.442,0.584,0.568,,,,,,,1.324,6.1,0.6,-0.011,0.028,,0.021
2c1vB_2c1uC,092,85.0,42.0,0.218,0.23,0.414,0.402,,,,,,,-2.108,4.413,0.2,0.001,0.032,,0.004
2c1vB_2c1uC,093,83.0,59.0,0.385,0.386,0.744,0.685,,,,,,,1.995,6.378,0.6,-0.002,0.032,,0.006
2c1vB_2c1uC,094,83.0,28.0,0.402,0.433,0.597,0.593,,,,,,,-3.433,4.187,0.3,-0.005,0.014,,-0.002
2c1vB_2c1uC,095,81.0,65.0,0.351,0.357,0.685,0.636,,,,,,,-3.391,4.673,0.2,0.004,0.003,,0.009
2c1vB_2c1uC,096,78.0,59.0,0.623,0.619,0.969,0.86,,,,,,,0.364,7.214,0.5,-0.011,-0.022,,0.015
2c1vB_2c1uC,097,78.0,59.0,0.37,0.348,0.417,0.393,,,,,,,-0.599,5.176,0.6,0.036,0.011,,0.013
2c1vB_2c1uC,098,65.0,42.0,0.374,0.382,0.624,0.575,,,,,,,1.052,2.8,0.5,0.009,0.006,,0.015
2c1vB_2c1uC,099,63.0,51.0,0.757,0.75,0.914,0.827,,,,,,,-0.479,4.814,0.2,0.004,-0.018,,0.015
2grmB_2axzA,Deep,,,0.899,0.891,0.944,0.923,,0.185,0.005,2grmB; 2grmB; 2axzA; 2axzA,0.90; 0.90; 0.82; 0.82,0.90; 0.90; 0.84; 0.84,,,,,0.017,0.0,
2grmB_2axzA,000,25.0,9.0,0.493,0.47,0.434,0.414,,,,,,,-2.127,2.084,0.2,0.036,-0.013,,0.006
2grmB_2axzA,001,16.0,6.0,0.682,0.679,0.67,0.672,,,,,,,1.768,2.165,0.9,0.034,0.017,,0.003
2h44A_1rkpA,Deep,,,0.939,0.957,0.938,0.956,0.437,0.43,0.446,,,,,,,,-0.018,-0.011,
2h44A_1rkpA,000,768.0,304.0,0.663,0.685,0.791,0.752,0.006,0.005,0.012,002; 002; 003; 003; 008; 008; 001; 009; 001; 009,0.85; 0.85; 0.84; 0.84; 0.82; 0.82; 0.81; 0.81; 0.81; 0.81,0.88; 0.88; 0.86; 0.86; 0.88; 0.88; 0.84; 0.85; 0.84; 0.85,-7.86,5.083,0.1,-0.0,0.015,-0.0,0.0
2h44A_1rkpA,001,645.0,401.0,0.776,0.783,0.813,0.828,0.263,0.243,0.245,001; 001; 003; 004; 003; 004; 002; 008; 002; 008,0.94; 0.94; 0.86; 0.86; 0.86; 0.86; 0.84; 0.84; 0.84; 0.84,0.96; 0.96; 0.88; 0.88; 0.88; 0.88; 0.86; 0.90; 0.86; 0.90,-8.295,4.744,0.1,0.027,-0.02,0.0,0.008
2h44A_1rkpA,002,645.0,442.0,0.919,0.94,0.939,0.956,0.0,0.0,0.0,001; 001; 003; 003; 009; 009; 002; 010; 002; 010,0.84; 0.84; 0.83; 0.83; 0.81; 0.81; 0.81; 0.81; 0.81; 0.81,0.86; 0.86; 0.84; 0.84; 0.87; 0.87; 0.83; 0.87; 0.83; 0.87,-7.615,4.815,0.0,-0.101,-0.019,0.0,0.042
2h44A_1rkpA,003,445.0,264.0,0.252,0.26,0.21,0.219,0.004,0.004,0.004,003; 003; 005; 005; 001; 004; 001; 004; 002; 002,0.88; 0.88; 0.87; 0.87; 0.86; 0.86; 0.86; 0.86; 0.83; 0.83,0.90; 0.90; 0.89; 0.89; 0.87; 0.87; 0.87; 0.87; 0.85; 0.85,-5.627,3.273,0.0,0.002,-0.019,0.0,-0.002
2h44A_1rkpA,004,409.0,135.0,0.413,0.429,0.851,0.849,0.05,0.048,0.043,001; 001; 002; 002; 005; 003; 003; 005; 004; 004,0.92; 0.92; 0.88; 0.88; 0.84; 0.84; 0.84; 0.84; 0.64; 0.64,0.93; 0.93; 0.89; 0.89; 0.85; 0.85; 0.85; 0.85; 0.63; 0.63,-5.535,4.53,0.1,0.011,-0.02,0.0,-0.003
2h44A_1rkpA,005,382.0,260.0,0.931,0.95,0.936,0.954,0.096,0.088,0.096,002; 002; 006; 006; 007; 007; 009; 009; 001; 001,0.88; 0.88; 0.85; 0.85; 0.80; 0.80; 0.78; 0.78; 0.76; 0.76,0.90; 0.90; 0.86; 0.86; 0.82; 0.82; 0.81; 0.81; 0.77; 0.77,-9.561,6.215,0.1,-0.041,-0.019,0.0,0.042
2h44A_1rkpA,006,329.0,230.0,0.246,0.234,0.265,0.274,0.007,0.006,0.009,004; 004; 002; 002; 001; 001; 009; 010; 010; 009,0.88; 0.88; 0.83; 0.83; 0.82; 0.82; 0.80; 0.80; 0.80; 0.79,0.89; 0.89; 0.85; 0.85; 0.84; 0.84; 0.85; 0.83; 0.83; 0.84,-8.494,3.861,0.0,0.005,-0.02,0.002,0.013
2h44A_1rkpA,007,320.0,86.0,0.303,0.286,0.646,0.671,0.01,0.008,0.012,002; 002; 003; 003; 001; 006; 001; 006; 009; 009,0.86; 0.86; 0.85; 0.85; 0.83; 0.83; 0.83; 0.83; 0.82; 0.82,0.88; 0.88; 0.86; 0.86; 0.85; 0.84; 0.85; 0.84; 0.87; 0.87,-7.705,4.077,0.0,0.018,-0.02,0.0,0.004
2h44A_1rkpA,008,305.0,66.0,0.263,0.261,0.308,0.314,0.041,0.034,0.036,001; 001; 002; 002; 005; 005; 003; 003; 008; 008,0.88; 0.88; 0.87; 0.87; 0.85; 0.85; 0.81; 0.81; 0.79; 0.79,0.90; 0.90; 0.89; 0.89; 0.86; 0.86; 0.83; 0.83; 0.86; 0.86,-6.354,3.353,0.0,-0.007,-0.021,0.0,0.006
2h44A_1rkpA,009,293.0,72.0,0.516,0.555,0.611,0.628,0.009,0.011,0.008,002; 002; 004; 004; 010; 010; 001; 001; 003; 003,0.88; 0.88; 0.87; 0.87; 0.84; 0.84; 0.82; 0.82; 0.81; 0.81,0.90; 0.90; 0.89; 0.89; 0.90; 0.90; 0.83; 0.83; 0.82; 0.82,-5.323,5.228,0.2,-0.024,-0.022,0.0,0.0
2h44A_1rkpA,010,277.0,156.0,0.258,0.244,0.243,0.257,0.0,0.0,0.0,001; 001; 005; 005; 009; 009; 008; 008; 003; 003,0.82; 0.82; 0.81; 0.81; 0.80; 0.80; 0.79; 0.79; 0.63; 0.63,0.84; 0.84; 0.86; 0.86; 0.85; 0.85; 0.84; 0.84; 0.63; 0.63,-8.482,5.044,0.0,-0.025,-0.024,0.0,0.008
2h44A_1rkpA,011,269.0,201.0,0.897,0.921,0.919,0.934,0.01,0.008,0.008,002; 002; 001; 008; 008; 004; 001; 004; 009; 009,0.84; 0.84; 0.81; 0.81; 0.81; 0.81; 0.81; 0.81; 0.70; 0.70,0.87; 0.87; 0.83; 0.86; 0.86; 0.82; 0.83; 0.82; 0.75; 0.75,-8.277,4.794,0.0,0.028,-0.02,0.0,0.046
2h44A_1rkpA,012,248.0,73.0,0.217,0.301,0.441,0.461,0.007,0.006,0.009,003; 003; 001; 002; 002; 001; 009; 009; 010; 010,0.86; 0.86; 0.84; 0.84; 0.84; 0.84; 0.82; 0.82; 0.75; 0.75,0.88; 0.88; 0.85; 0.86; 0.86; 0.85; 0.88; 0.88; 0.80; 0.80,-6.434,3.013,0.0,0.004,-0.02,0.0,0.006
2h44A_1rkpA,013,243.0,52.0,0.355,0.377,0.54,0.562,0.1,0.089,0.1,006; 006; 005; 005; 002; 002; 001; 003; 001; 003,0.86; 0.86; 0.84; 0.84; 0.83; 0.83; 0.79; 0.79; 0.79; 0.79,0.88; 0.88; 0.86; 0.86; 0.85; 0.85; 0.80; 0.80; 0.80; 0.80,-6.095,5.028,0.2,0.01,-0.022,0.0,-0.005
2h44A_1rkpA,014,240.0,7.0,0.341,0.375,0.404,0.449,0.014,0.012,0.012,001; 001; 008; 008; 002; 002; 003; 003; 004; 004,0.92; 0.92; 0.89; 0.89; 0.88; 0.88; 0.85; 0.85; 0.83; 0.83,0.93; 0.93; 0.91; 0.91; 0.90; 0.90; 0.87; 0.87; 0.85; 0.85,-6.682,2.904,0.0,-0.022,-0.016,0.0,-0.005
2h44A_1rkpA,015,230.0,47.0,0.431,0.443,0.336,0.319,0.003,0.003,0.003,006; 006; 001; 007; 007; 003; 001; 003; 009; 009,0.85; 0.85; 0.84; 0.84; 0.84; 0.84; 0.84; 0.84; 0.82; 0.82,0.87; 0.87; 0.86; 0.85; 0.85; 0.88; 0.86; 0.88; 0.87; 0.87,-10.253,5.484,0.1,-0.03,-0.02,0.0,-0.02
2h44A_1rkpA,016,218.0,121.0,0.415,0.386,0.441,0.424,0.011,0.009,0.017,002; 002; 001; 003; 001; 003; 007; 007; 005; 005,0.87; 0.87; 0.83; 0.83; 0.83; 0.83; 0.81; 0.81; 0.80; 0.80,0.88; 0.88; 0.85; 0.85; 0.85; 0.85; 0.86; 0.86; 0.81; 0.81,-7.312,4.321,0.1,0.005,-0.019,0.0,0.03
2h44A_1rkpA,017,216.0,88.0,0.464,0.486,0.377,0.4,0.0,0.0,0.0,004; 004; 002; 006; 006; 002; 001; 001; 005; 005,0.87; 0.87; 0.86; 0.86; 0.86; 0.86; 0.83; 0.83; 0.81; 0.81,0.88; 0.88; 0.87; 0.88; 0.88; 0.87; 0.85; 0.85; 0.82; 0.82,-9.343,6.627,0.0,-0.0,-0.022,0.0,0.001
2h44A_1rkpA,018,211.0,113.0,0.262,0.27,0.566,0.564,0.012,0.01,0.01,003; 003; 001; 001; 004; 004; 009; 009; 002; 002,0.90; 0.90; 0.87; 0.87; 0.78; 0.78; 0.77; 0.77; 0.75; 0.75,0.92; 0.92; 0.88; 0.88; 0.79; 0.79; 0.82; 0.82; 0.77; 0.77,-5.486,4.644,0.2,-0.013,-0.024,0.0,0.003
2h44A_1rkpA,019,207.0,58.0,0.421,0.415,0.756,0.804,0.003,0.003,0.006,003; 003; 001; 001; 009; 009; 004; 004; 010; 010,0.86; 0.86; 0.84; 0.84; 0.82; 0.82; 0.80; 0.80; 0.72; 0.72,0.88; 0.88; 0.86; 0.86; 0.87; 0.87; 0.81; 0.81; 0.75; 0.75,-5.416,4.3,0.1,-0.011,-0.019,0.0,-0.0
2h44A_1rkpA,020,204.0,50.0,0.247,0.239,0.303,0.29,,,,,,,-6.008,6.255,0.2,-0.022,-0.022,,0.018
2h44A_1rkpA,021,202.0,149.0,0.921,0.928,0.939,0.957,,,,,,,-8.052,4.345,0.0,0.007,-0.02,,0.022
2h44A_1rkpA,022,185.0,23.0,0.321,0.335,0.292,0.288,,,,,,,-4.262,4.97,0.1,0.0,0.015,,0.001
2h44A_1rkpA,023,180.0,54.0,0.285,0.307,0.3,0.31,,,,,,,-10.168,4.418,0.0,0.034,-0.021,,0.014
2h44A_1rkpA,024,180.0,40.0,0.288,0.288,0.316,0.271,,,,,,,-6.32,3.162,0.1,0.044,0.014,,-0.009
2h44A_1rkpA,025,177.0,145.0,0.903,0.923,0.955,0.939,,,,,,,-7.215,5.664,0.2,0.0,-0.02,,0.04
2h44A_1rkpA,026,175.0,20.0,0.317,0.328,0.313,0.344,,,,,,,-8.177,5.448,0.0,-0.019,0.016,,-0.005
2h44A_1rkpA,027,173.0,66.0,0.273,0.273,0.696,0.733,,,,,,,-11.48,5.031,0.0,0.004,-0.02,,0.007
2h44A_1rkpA,028,173.0,33.0,0.277,0.273,0.343,0.351,,,,,,,-12.14,5.455,0.0,-0.036,-0.02,,0.0
2h44A_1rkpA,029,173.0,50.0,0.234,0.278,0.287,0.287,,,,,,,-7.29,5.435,0.0,-0.008,-0.02,,0.019
2h44A_1rkpA,030,172.0,20.0,0.274,0.245,0.484,0.519,,,,,,,-7.613,5.087,0.1,-0.008,0.015,,-0.002
2h44A_1rkpA,031,172.0,18.0,0.315,0.323,0.369,0.394,,,,,,,-5.675,4.249,0.1,-0.015,0.01,,0.002
2h44A_1rkpA,032,171.0,55.0,0.484,0.526,0.592,0.625,,,,,,,-5.593,4.116,0.2,0.026,0.007,,-0.007
2h44A_1rkpA,033,170.0,46.0,0.383,0.399,0.416,0.41,,,,,,,-6.393,3.143,0.0,-0.009,0.012,,0.005
2h44A_1rkpA,034,167.0,22.0,0.258,0.298,0.659,0.716,,,,,,,-9.114,4.889,0.0,-0.013,-0.021,,-0.005
2h44A_1rkpA,035,165.0,8.0,0.329,0.34,0.356,0.35,,,,,,,-3.11,2.937,0.2,-0.038,-0.021,,-0.003
2h44A_1rkpA,036,164.0,24.0,0.309,0.306,0.317,0.342,,,,,,,-5.559,3.544,0.1,-0.022,0.017,,0.027
2h44A_1rkpA,037,164.0,26.0,0.274,0.275,0.672,0.698,,,,,,,-8.237,4.916,0.0,-0.005,-0.023,,0.002
2h44A_1rkpA,038,164.0,35.0,0.387,0.407,0.517,0.568,,,,,,,-7.695,2.896,0.0,-0.012,-0.02,,0.002
2h44A_1rkpA,039,162.0,54.0,0.292,0.302,0.297,0.308,,,,,,,-7.597,4.057,0.1,-0.003,-0.021,,0.001
2h44A_1rkpA,040,150.0,32.0,0.3,0.336,0.628,0.65,,,,,,,-5.495,2.794,0.0,-0.006,-0.022,,-0.014
2h44A_1rkpA,041,149.0,40.0,0.304,0.33,0.323,0.313,,,,,,,-9.259,5.581,0.0,-0.003,-0.023,,0.014
2h44A_1rkpA,042,149.0,47.0,0.371,0.39,0.333,0.372,,,,,,,-8.485,5.129,0.0,0.004,-0.02,,-0.001
2h44A_1rkpA,043,147.0,55.0,0.25,0.253,0.331,0.315,,,,,,,-7.476,5.985,0.0,0.026,-0.021,,0.006
2h44A_1rkpA,044,145.0,14.0,0.285,0.288,0.302,0.301,,,,,,,-5.476,3.5,0.1,-0.015,0.015,,-0.045
2h44A_1rkpA,045,145.0,125.0,0.87,0.934,0.893,0.942,,,,,,,-8.959,3.251,0.0,-0.002,-0.022,,0.03
2h44A_1rkpA,046,144.0,117.0,0.917,0.917,0.916,0.953,,,,,,,-4.606,3.547,0.1,0.015,-0.02,,0.031
2h44A_1rkpA,047,142.0,45.0,0.36,0.344,0.287,0.323,,,,,,,-8.57,5.412,0.0,0.005,-0.019,,0.005
2h44A_1rkpA,048,141.0,92.0,0.928,0.926,0.939,0.956,,,,,,,-7.449,5.564,0.1,-0.046,-0.022,,0.038
2h44A_1rkpA,049,140.0,115.0,0.91,0.933,0.939,0.957,,,,,,,-8.667,4.178,0.0,-0.008,-0.02,,0.038
2h44A_1rkpA,050,135.0,91.0,0.911,0.929,0.939,0.957,,,,,,,-6.663,5.5,0.2,0.02,-0.02,,0.042
2h44A_1rkpA,051,131.0,16.0,0.338,0.353,0.418,0.433,,,,,,,-5.96,3.474,0.0,-0.002,-0.019,,-0.001
2h44A_1rkpA,052,128.0,8.0,0.293,0.285,0.381,0.387,,,,,,,-3.759,3.25,0.2,0.034,-0.02,,-0.008
2h44A_1rkpA,053,128.0,52.0,0.439,0.425,0.751,0.804,,,,,,,-10.567,3.617,0.0,0.012,-0.02,,0.025
2h44A_1rkpA,054,126.0,98.0,0.895,0.918,0.939,0.957,,,,,,,-7.683,4.312,0.0,-0.0,-0.019,,0.043
2h44A_1rkpA,055,124.0,67.0,0.271,0.346,0.616,0.644,,,,,,,-9.024,4.766,0.0,-0.007,-0.019,,-0.001
2h44A_1rkpA,056,123.0,72.0,0.395,0.41,0.69,0.733,,,,,,,-7.757,2.571,0.0,-0.01,0.01,,-0.003
2h44A_1rkpA,057,122.0,69.0,0.457,0.47,0.583,0.609,,,,,,,-5.543,5.125,0.2,-0.0,-0.021,,0.002
2h44A_1rkpA,058,120.0,52.0,0.371,0.376,0.688,0.713,,,,,,,-7.378,2.928,0.0,-0.001,-0.02,,0.004
2h44A_1rkpA,059,117.0,23.0,0.555,0.6,0.801,0.823,,,,,,,-9.342,3.524,0.0,-0.007,-0.02,,-0.013
2h44A_1rkpA,060,116.0,50.0,0.463,0.466,0.669,0.711,,,,,,,-4.994,3.608,0.0,-0.038,-0.024,,-0.014
2h44A_1rkpA,061,112.0,28.0,0.315,0.317,0.355,0.366,,,,,,,-5.67,3.846,0.1,-0.016,-0.023,,0.006
2h44A_1rkpA,062,112.0,54.0,0.54,0.569,0.733,0.783,,,,,,,-9.697,5.767,0.1,0.004,-0.02,,0.012
2h44A_1rkpA,063,111.0,41.0,0.547,0.566,0.805,0.839,,,,,,,-7.899,4.107,0.0,-0.016,-0.019,,-0.005
2h44A_1rkpA,064,111.0,35.0,0.379,0.332,0.361,0.354,,,,,,,-5.847,3.294,0.1,0.028,0.009,,-0.002
2h44A_1rkpA,065,111.0,75.0,0.819,0.854,0.939,0.956,,,,,,,-8.796,5.094,0.1,-0.029,-0.022,,0.033
2h44A_1rkpA,066,108.0,63.0,0.243,0.242,0.219,0.229,,,,,,,-7.073,5.942,0.1,-0.009,-0.021,,0.003
2h44A_1rkpA,067,108.0,79.0,0.905,0.941,0.939,0.957,,,,,,,-7.248,4.156,0.0,-0.009,-0.019,,0.036
2h44A_1rkpA,068,107.0,14.0,0.475,0.492,0.347,0.337,,,,,,,-8.931,3.265,0.0,-0.014,0.006,,-0.028
2h44A_1rkpA,069,107.0,41.0,0.516,0.532,0.731,0.785,,,,,,,-12.328,3.712,0.0,-0.005,-0.02,,0.0
2h44A_1rkpA,070,104.0,21.0,0.285,0.291,0.394,0.416,,,,,,,-8.599,4.258,0.0,-0.019,-0.021,,0.003
2h44A_1rkpA,071,104.0,20.0,0.341,0.351,0.826,0.885,,,,,,,-6.287,3.302,0.1,-0.009,0.016,,-0.01
2h44A_1rkpA,072,103.0,44.0,0.315,0.356,0.637,0.686,,,,,,,-9.191,4.389,0.0,-0.042,-0.022,,0.005
2h44A_1rkpA,073,102.0,21.0,0.336,0.315,0.306,0.349,,,,,,,-7.602,3.258,0.0,0.014,-0.021,,-0.004
2h44A_1rkpA,074,102.0,68.0,0.296,0.278,0.502,0.531,,,,,,,-7.971,3.811,0.0,0.053,-0.019,,-0.002
2h44A_1rkpA,075,101.0,40.0,0.627,0.665,0.71,0.766,,,,,,,-9.517,2.7,0.0,-0.02,-0.019,,0.003
2h44A_1rkpA,076,100.0,46.0,0.305,0.321,0.613,0.663,,,,,,,-11.29,4.38,0.0,0.006,-0.02,,0.034
2h44A_1rkpA,077,99.0,9.0,0.28,0.28,0.614,0.648,,,,,,,-10.61,5.224,0.0,0.003,-0.023,,0.004
2h44A_1rkpA,078,96.0,64.0,0.925,0.93,0.938,0.957,,,,,,,-7.481,1.869,0.0,-0.017,-0.019,,0.023
2h44A_1rkpA,079,95.0,34.0,0.313,0.328,0.658,0.672,,,,,,,-13.355,3.795,0.0,0.0,-0.022,,0.007
2h44A_1rkpA,080,90.0,47.0,0.273,0.294,0.726,0.744,,,,,,,-8.377,3.748,0.0,-0.043,0.015,,0.011
2h44A_1rkpA,081,88.0,64.0,0.911,0.923,0.935,0.968,,,,,,,-6.468,5.38,0.1,0.001,-0.019,,0.037
2h44A_1rkpA,082,87.0,61.0,0.245,0.255,0.273,0.282,,,,,,,-7.954,4.447,0.1,-0.006,-0.02,,0.002
2h44A_1rkpA,083,86.0,15.0,0.3,0.334,0.429,0.423,,,,,,,-7.753,4.81,0.1,0.009,-0.024,,-0.0
2h44A_1rkpA,084,86.0,60.0,0.9,0.907,0.934,0.953,,,,,,,-6.763,3.473,0.0,0.0,-0.019,,0.041
2h44A_1rkpA,085,79.0,28.0,0.275,0.26,0.52,0.547,,,,,,,-11.173,4.334,0.0,0.022,-0.02,,-0.003
2h44A_1rkpA,086,74.0,17.0,0.396,0.417,0.421,0.45,,,,,,,-8.811,5.849,0.2,-0.006,-0.02,,-0.006
2h44A_1rkpA,087,73.0,59.0,0.903,0.933,0.911,0.95,,,,,,,-6.979,3.933,0.1,-0.008,-0.019,,0.041
2h44A_1rkpA,088,70.0,12.0,0.343,0.341,0.436,0.444,,,,,,,-9.629,2.236,0.0,-0.001,0.006,,0.002
2h44A_1rkpA,089,64.0,12.0,0.311,0.311,0.333,0.332,,,,,,,-10.12,4.348,0.0,0.023,-0.02,,0.008
2h44A_1rkpA,090,64.0,33.0,0.345,0.377,0.293,0.32,,,,,,,-3.57,3.928,0.3,0.03,0.016,,0.004
2h44A_1rkpA,091,63.0,43.0,0.347,0.369,0.523,0.547,,,,,,,-6.916,4.452,0.0,0.02,-0.02,,-0.009
2h44A_1rkpA,092,63.0,40.0,0.282,0.292,0.274,0.291,,,,,,,-7.493,3.743,0.0,-0.014,-0.019,,-0.002
2h44A_1rkpA,093,63.0,47.0,0.279,0.271,0.295,0.305,,,,,,,-8.15,4.376,0.0,-0.014,-0.019,,-0.004
2h44A_1rkpA,094,55.0,28.0,0.244,0.258,0.257,0.266,,,,,,,-8.182,4.385,0.0,-0.002,-0.019,,0.018
2h44A_1rkpA,095,52.0,34.0,0.294,0.276,0.293,0.304,,,,,,,-9.045,4.276,0.0,0.002,-0.019,,-0.011
2h44A_1rkpA,096,51.0,32.0,0.348,0.375,0.299,0.315,,,,,,,-8.318,4.235,0.0,0.027,0.016,,-0.003
2h44A_1rkpA,097,45.0,29.0,0.901,0.922,0.938,0.955,,,,,,,-8.398,5.422,0.1,0.003,-0.019,,0.046
2h44A_1rkpA,098,43.0,27.0,0.427,0.441,0.753,0.771,,,,,,,-7.997,5.365,0.1,0.015,-0.019,,-0.0
2h44A_1rkpA,099,36.0,29.0,0.886,0.906,0.916,0.933,,,,,,,-8.079,5.684,0.2,0.002,-0.019,,0.036
2jmrA_4j3oF,Deep,,,0.851,0.842,0.849,0.847,0.473,0.412,0.467,,,,,,,,-0.12,-0.01,
2jmrA_4j3oF,000,288.0,178.0,0.394,0.44,0.658,0.733,0.01,0.008,0.024,001; 001; 004; 004; 003; 009; 003; 009; 002; 002,0.72; 0.72; 0.69; 0.69; 0.68; 0.68; 0.68; 0.68; 0.66; 0.66,0.78; 0.78; 0.78; 0.78; 0.77; 0.75; 0.77; 0.75; 0.75; 0.75,3.806,2.393,0.9,-0.004,-0.128,0.0,0.02
2jmrA_4j3oF,001,275.0,121.0,0.474,0.513,0.601,0.667,0.24,0.225,0.257,001; 001; 003; 007; 007; 003; 006; 006; 004; 004,0.68; 0.68; 0.67; 0.67; 0.67; 0.67; 0.66; 0.66; 0.63; 0.63,0.74; 0.74; 0.75; 0.75; 0.75; 0.76; 0.73; 0.73; 0.71; 0.71,3.294,3.512,0.9,0.026,-0.133,0.0,0.022
2jmrA_4j3oF,002,253.0,136.0,0.478,0.543,0.676,0.747,0.114,0.118,0.126,005; 005; 002; 002; 001; 008; 008; 001; 009; 004,0.73; 0.72; 0.70; 0.70; 0.69; 0.69; 0.69; 0.69; 0.67; 0.67,0.76; 0.76; 0.78; 0.78; 0.79; 0.76; 0.76; 0.79; 0.74; 0.74,2.054,1.653,1.0,0.056,-0.128,0.0,0.002
2jmrA_4j3oF,003,177.0,92.0,0.423,0.503,0.643,0.73,0.203,0.202,0.236,003; 003; 001; 004; 001; 004; 010; 010; 002; 002,0.71; 0.71; 0.69; 0.69; 0.69; 0.69; 0.68; 0.68; 0.67; 0.67,0.80; 0.80; 0.76; 0.77; 0.76; 0.77; 0.75; 0.75; 0.74; 0.74,-0.155,2.855,0.6,0.002,-0.13,0.0,0.014
2jmrA_4j3oF,004,163.0,71.0,0.34,0.395,0.333,0.375,0.484,0.417,0.466,001; 001; 008; 008; 006; 006; 010; 010; 002; 002,0.84; 0.84; 0.70; 0.70; 0.67; 0.67; 0.66; 0.66; 0.65; 0.65,0.84; 0.84; 0.80; 0.80; 0.77; 0.77; 0.80; 0.79; 0.71; 0.71,0.007,2.608,0.4,-0.006,-0.134,0.0,0.014
2jmrA_4j3oF,005,153.0,72.0,0.641,0.704,0.673,0.733,0.0,0.0,0.0,001; 001; 002; 002; 006; 006; 003; 003; 008; 004,0.72; 0.72; 0.70; 0.70; 0.70; 0.69; 0.69; 0.69; 0.68; 0.68,0.79; 0.79; 0.78; 0.78; 0.78; 0.78; 0.77; 0.77; 0.80; 0.74,3.194,3.166,0.7,-0.016,-0.131,0.0,0.002
2jmrA_4j3oF,006,148.0,54.0,0.475,0.553,0.687,0.745,0.107,0.111,0.134,001; 008; 008; 004; 003; 001; 004; 003; 002; 002,0.69; 0.69; 0.69; 0.69; 0.69; 0.69; 0.69; 0.69; 0.67; 0.67,0.75; 0.79; 0.79; 0.78; 0.79; 0.75; 0.78; 0.79; 0.79; 0.80,0.733,3.226,0.5,0.001,-0.134,0.0,0.004
2jmrA_4j3oF,007,136.0,48.0,0.485,0.551,0.624,0.718,0.006,0.004,0.005,006; 006; 001; 010; 002; 002; 001; 010; 004; 003,0.71; 0.71; 0.68; 0.68; 0.68; 0.68; 0.68; 0.68; 0.67; 0.67,0.82; 0.82; 0.74; 0.82; 0.76; 0.76; 0.74; 0.82; 0.76; 0.75,1.313,2.804,0.8,0.01,-0.042,0.0,0.015
2jmrA_4j3oF,008,130.0,35.0,0.574,0.632,0.657,0.723,0.241,0.225,0.208,001; 007; 007; 001; 002; 002; 003; 005; 008; 003,0.71; 0.71; 0.71; 0.71; 0.70; 0.70; 0.70; 0.69; 0.69; 0.69,0.77; 0.79; 0.79; 0.77; 0.77; 0.77; 0.78; 0.76; 0.76; 0.78,2.281,2.111,0.7,0.011,-0.132,0.0,0.009
2jmrA_4j3oF,009,124.0,55.0,0.528,0.611,0.532,0.602,0.044,0.04,0.083,002; 002; 006; 006; 001; 010; 005; 004; 003; 001,0.70; 0.70; 0.69; 0.69; 0.68; 0.68; 0.68; 0.68; 0.68; 0.68,0.79; 0.79; 0.77; 0.77; 0.79; 0.77; 0.76; 0.74; 0.73; 0.79,-0.064,3.013,0.6,0.039,-0.12,0.0,0.003
2jmrA_4j3oF,010,111.0,57.0,0.573,0.626,0.583,0.635,0.012,0.009,0.019,003; 003; 009; 005; 008; 008; 009; 005; 001; 006,0.68; 0.68; 0.68; 0.68; 0.68; 0.68; 0.68; 0.68; 0.67; 0.67,0.77; 0.77; 0.79; 0.75; 0.77; 0.77; 0.79; 0.75; 0.75; 0.73,3.028,3.742,0.9,0.023,-0.113,0.0,0.013
2jmrA_4j3oF,011,110.0,53.0,0.651,0.735,0.666,0.744,0.043,0.056,0.081,001; 001; 007; 007; 008; 008; 002; 002; 005; 009,0.71; 0.71; 0.69; 0.69; 0.69; 0.69; 0.68; 0.68; 0.67; 0.67,0.78; 0.78; 0.79; 0.79; 0.80; 0.80; 0.75; 0.75; 0.74; 0.75,1.022,3.914,0.6,-0.004,-0.126,0.0,0.007
2jmrA_4j3oF,012,107.0,58.0,0.457,0.507,0.538,0.608,0.0,0.004,0.0,002; 002; 001; 007; 007; 005; 001; 005; 003; 003,0.68; 0.68; 0.67; 0.67; 0.67; 0.67; 0.67; 0.67; 0.66; 0.66,0.74; 0.74; 0.75; 0.74; 0.74; 0.75; 0.75; 0.75; 0.76; 0.75,0.938,1.557,0.6,-0.01,-0.121,0.0,0.02
2jmrA_4j3oF,013,101.0,47.0,0.526,0.623,0.707,0.801,0.01,0.008,0.02,002; 002; 001; 003; 001; 003; 007; 005; 004; 004,0.71; 0.71; 0.70; 0.70; 0.70; 0.70; 0.68; 0.68; 0.68; 0.68,0.77; 0.77; 0.79; 0.77; 0.79; 0.77; 0.79; 0.74; 0.77; 0.77,0.318,1.371,0.4,0.024,-0.129,0.0,0.012
2jmrA_4j3oF,014,100.0,34.0,0.484,0.538,0.448,0.504,0.187,0.167,0.197,001; 001; 008; 007; 007; 008; 004; 004; 003; 003,0.74; 0.74; 0.70; 0.70; 0.70; 0.70; 0.69; 0.69; 0.68; 0.68,0.85; 0.85; 0.80; 0.79; 0.79; 0.80; 0.79; 0.79; 0.77; 0.77,2.404,2.782,0.8,-0.001,-0.071,0.0,0.02
2jmrA_4j3oF,015,99.0,63.0,0.68,0.757,0.712,0.782,0.021,0.017,0.018,001; 001; 003; 005; 007; 007; 005; 003; 002; 008,0.69; 0.69; 0.67; 0.67; 0.67; 0.67; 0.67; 0.67; 0.66; 0.66,0.78; 0.78; 0.75; 0.76; 0.77; 0.77; 0.76; 0.75; 0.73; 0.75,-0.23,2.277,0.5,-0.028,-0.122,0.0,0.012
2jmrA_4j3oF,016,97.0,51.0,0.381,0.43,0.38,0.42,0.015,0.016,0.042,001; 010; 003; 002; 002; 001; 003; 010; 005; 005,0.70; 0.70; 0.70; 0.70; 0.70; 0.70; 0.70; 0.70; 0.68; 0.68,0.79; 0.78; 0.78; 0.78; 0.78; 0.78; 0.78; 0.78; 0.76; 0.76,1.478,2.688,0.7,0.012,-0.133,0.0,0.003
2jmrA_4j3oF,017,90.0,46.0,0.539,0.596,0.547,0.614,0.235,0.217,0.256,001; 009; 009; 001; 004; 002; 002; 004; 003; 003,0.70; 0.69; 0.69; 0.69; 0.67; 0.67; 0.67; 0.67; 0.65; 0.65,0.76; 0.80; 0.80; 0.76; 0.75; 0.77; 0.77; 0.75; 0.75; 0.75,2.39,2.376,0.8,-0.0,-0.127,0.0,0.011
2jmrA_4j3oF,018,88.0,33.0,0.38,0.434,0.677,0.744,0.006,0.005,0.019,002; 004; 004; 002; 001; 001; 005; 003; 003; 005,0.69; 0.69; 0.69; 0.69; 0.68; 0.68; 0.67; 0.67; 0.67; 0.67,0.75; 0.77; 0.77; 0.75; 0.74; 0.74; 0.76; 0.73; 0.73; 0.76,1.738,1.6,0.9,0.005,-0.134,0.0,0.022
2jmrA_4j3oF,019,87.0,26.0,0.383,0.388,0.695,0.747,0.211,0.193,0.236,001; 001; 004; 004; 008; 008; 010; 010; 002; 005,0.70; 0.70; 0.69; 0.69; 0.68; 0.68; 0.68; 0.67; 0.66; 0.66,0.79; 0.79; 0.80; 0.80; 0.75; 0.75; 0.77; 0.77; 0.74; 0.71,3.178,2.536,1.0,0.029,-0.13,0.0,0.008
2jmrA_4j3oF,020,86.0,17.0,0.415,0.458,0.655,0.712,,,,,,,2.936,2.265,0.8,-0.005,-0.134,,-0.0
2jmrA_4j3oF,021,84.0,27.0,0.406,0.45,0.666,0.714,,,,,,,-0.297,3.088,0.4,0.03,-0.1,,0.04
2jmrA_4j3oF,022,82.0,47.0,0.387,0.417,0.604,0.648,,,,,,,3.074,2.26,0.9,-0.009,-0.132,,0.041
2jmrA_4j3oF,023,80.0,37.0,0.291,0.334,0.39,0.423,,,,,,,6.672,2.588,1.0,0.007,-0.043,,0.026
2jmrA_4j3oF,024,72.0,36.0,0.659,0.736,0.699,0.767,,,,,,,2.958,3.588,0.8,-0.006,-0.134,,0.008
2jmrA_4j3oF,025,72.0,29.0,0.282,0.306,0.572,0.64,,,,,,,4.389,2.58,1.0,0.019,-0.12,,0.024
2jmrA_4j3oF,026,71.0,39.0,0.547,0.597,0.616,0.687,,,,,,,2.268,2.258,0.8,-0.003,-0.129,,0.012
2jmrA_4j3oF,027,70.0,38.0,0.601,0.683,0.653,0.731,,,,,,,2.947,1.23,1.0,0.042,-0.121,,0.011
2jmrA_4j3oF,028,70.0,19.0,0.494,0.556,0.607,0.685,,,,,,,1.668,2.281,0.7,0.011,-0.128,,0.02
2jmrA_4j3oF,029,70.0,21.0,0.324,0.368,0.681,0.747,,,,,,,0.89,3.316,0.6,0.029,-0.128,,0.042
2jmrA_4j3oF,030,68.0,28.0,0.558,0.628,0.44,0.477,,,,,,,2.091,1.888,0.9,0.023,-0.122,,0.002
2jmrA_4j3oF,031,68.0,24.0,0.363,0.411,0.603,0.679,,,,,,,0.592,2.075,0.7,-0.019,-0.133,,0.038
2jmrA_4j3oF,032,66.0,21.0,0.455,0.505,0.595,0.68,,,,,,,1.923,3.388,0.8,0.018,-0.122,,0.013
2jmrA_4j3oF,033,64.0,24.0,0.394,0.451,0.391,0.436,,,,,,,1.129,2.701,0.8,-0.009,-0.065,,0.022
2jmrA_4j3oF,034,64.0,21.0,0.337,0.383,0.468,0.51,,,,,,,-1.14,2.775,0.3,0.011,-0.133,,0.005
2jmrA_4j3oF,035,63.0,15.0,0.443,0.503,0.468,0.522,,,,,,,5.135,3.414,0.9,0.024,-0.134,,-0.001
2jmrA_4j3oF,036,63.0,26.0,0.381,0.431,0.579,0.662,,,,,,,1.527,3.258,0.8,-0.002,-0.133,,0.027
2jmrA_4j3oF,037,62.0,26.0,0.367,0.405,0.436,0.471,,,,,,,-0.985,4.183,0.3,0.008,-0.132,,0.01
2jmrA_4j3oF,038,62.0,24.0,0.303,0.358,0.376,0.432,,,,,,,1.637,2.025,0.8,-0.028,-0.134,,0.026
2jmrA_4j3oF,039,62.0,25.0,0.354,0.327,0.589,0.674,,,,,,,2.189,1.676,0.9,0.008,-0.133,,0.016
2jmrA_4j3oF,040,62.0,30.0,0.376,0.421,0.577,0.661,,,,,,,3.054,2.452,0.8,0.016,-0.105,,0.013
2jmrA_4j3oF,041,61.0,20.0,0.355,0.365,0.36,0.362,,,,,,,2.277,3.281,0.8,0.012,-0.133,,0.053
2jmrA_4j3oF,042,60.0,16.0,0.334,0.308,0.617,0.692,,,,,,,-1.25,2.626,0.4,-0.012,-0.132,,0.033
2jmrA_4j3oF,043,59.0,22.0,0.522,0.588,0.666,0.722,,,,,,,3.335,2.504,0.8,-0.006,-0.063,,0.006
2jmrA_4j3oF,044,59.0,12.0,0.55,0.632,0.64,0.715,,,,,,,2.152,2.811,0.7,0.082,-0.122,,0.024
2jmrA_4j3oF,045,59.0,26.0,0.433,0.522,0.419,0.482,,,,,,,1.699,3.374,0.7,0.068,-0.134,,0.005
2jmrA_4j3oF,046,58.0,37.0,0.628,0.695,0.678,0.741,,,,,,,1.293,1.985,0.8,-0.008,-0.133,,0.01
2jmrA_4j3oF,047,57.0,20.0,0.297,0.319,0.674,0.748,,,,,,,-1.289,2.983,0.4,0.008,-0.127,,0.056
2jmrA_4j3oF,048,57.0,32.0,0.391,0.466,0.639,0.716,,,,,,,1.503,2.978,0.5,-0.013,-0.108,,0.005
2jmrA_4j3oF,049,56.0,18.0,0.33,0.364,0.445,0.492,,,,,,,2.844,3.757,0.8,0.084,-0.112,,0.008
2jmrA_4j3oF,050,53.0,14.0,0.414,0.472,0.541,0.592,,,,,,,-1.158,2.634,0.4,-0.013,-0.134,,0.038
2jmrA_4j3oF,051,53.0,19.0,0.404,0.425,0.51,0.572,,,,,,,1.863,2.44,0.9,-0.011,-0.13,,0.027
2jmrA_4j3oF,052,53.0,22.0,0.517,0.573,0.546,0.606,,,,,,,-0.558,2.374,0.4,0.026,-0.06,,0.006
2jmrA_4j3oF,053,52.0,28.0,0.645,0.698,0.653,0.704,,,,,,,-2.745,1.877,0.2,0.004,-0.134,,0.076
2jmrA_4j3oF,054,51.0,28.0,0.641,0.717,0.687,0.77,,,,,,,3.126,3.58,0.8,-0.006,-0.133,,0.009
2jmrA_4j3oF,055,51.0,37.0,0.326,0.341,0.617,0.672,,,,,,,4.401,1.708,1.0,-0.016,-0.051,,0.029
2jmrA_4j3oF,056,50.0,29.0,0.655,0.724,0.712,0.796,,,,,,,2.43,2.218,0.8,0.016,-0.133,,0.02
2jmrA_4j3oF,057,50.0,16.0,0.367,0.401,0.379,0.433,,,,,,,2.562,2.51,0.9,-0.038,-0.133,,0.031
2jmrA_4j3oF,058,49.0,19.0,0.343,0.336,0.376,0.417,,,,,,,5.448,2.882,0.9,0.078,-0.123,,0.036
2jmrA_4j3oF,059,48.0,35.0,0.8,0.805,0.832,0.877,,,,,,,4.065,2.539,0.9,-0.02,-0.134,,0.118
2jmrA_4j3oF,060,48.0,14.0,0.443,0.485,0.667,0.735,,,,,,,0.686,2.16,0.6,-0.011,0.006,,0.015
2jmrA_4j3oF,061,48.0,12.0,0.337,0.37,0.495,0.529,,,,,,,2.506,2.982,0.8,-0.016,-0.133,,0.032
2jmrA_4j3oF,062,47.0,22.0,0.578,0.679,0.408,0.441,,,,,,,3.44,2.403,0.9,0.004,-0.085,,0.014
2jmrA_4j3oF,063,47.0,13.0,0.323,0.356,0.674,0.724,,,,,,,0.202,1.416,0.5,-0.014,-0.133,,0.03
2jmrA_4j3oF,064,47.0,14.0,0.441,0.496,0.685,0.745,,,,,,,2.934,2.647,0.8,0.01,-0.13,,0.025
2jmrA_4j3oF,065,47.0,14.0,0.397,0.413,0.557,0.598,,,,,,,4.722,2.994,1.0,0.006,-0.116,,0.006
2jmrA_4j3oF,066,46.0,22.0,0.623,0.709,0.698,0.784,,,,,,,1.922,3.166,0.8,-0.021,-0.133,,0.032
2jmrA_4j3oF,067,46.0,28.0,0.632,0.706,0.699,0.756,,,,,,,2.056,3.473,0.6,0.017,-0.132,,0.007
2jmrA_4j3oF,068,45.0,24.0,0.419,0.454,0.667,0.724,,,,,,,3.285,2.964,0.9,-0.004,-0.08,,0.007
2jmrA_4j3oF,069,45.0,6.0,0.409,0.457,0.663,0.736,,,,,,,2.863,2.144,0.9,0.013,-0.055,,0.015
2jmrA_4j3oF,070,44.0,25.0,0.624,0.708,0.658,0.725,,,,,,,-1.46,4.086,0.4,0.011,-0.134,,-0.004
2jmrA_4j3oF,071,43.0,24.0,0.292,0.331,0.596,0.672,,,,,,,4.052,1.221,1.0,-0.028,-0.128,,0.007
2jmrA_4j3oF,072,43.0,13.0,0.375,0.414,0.343,0.394,,,,,,,1.563,2.582,0.6,0.005,-0.127,,0.025
2jmrA_4j3oF,073,42.0,18.0,0.358,0.388,0.398,0.441,,,,,,,-0.744,4.145,0.5,0.038,-0.133,,0.017
2jmrA_4j3oF,074,42.0,18.0,0.414,0.458,0.604,0.664,,,,,,,4.481,3.503,1.0,-0.007,-0.133,,-0.003
2jmrA_4j3oF,075,40.0,28.0,0.571,0.655,0.652,0.712,,,,,,,3.174,1.048,1.0,-0.009,-0.119,,0.068
2jmrA_4j3oF,076,40.0,19.0,0.535,0.566,0.694,0.764,,,,,,,1.749,2.221,0.7,0.062,-0.133,,-0.008
2jmrA_4j3oF,077,40.0,17.0,0.523,0.595,0.653,0.77,,,,,,,1.594,3.528,0.7,0.027,-0.133,,0.008
2jmrA_4j3oF,078,38.0,13.0,0.471,0.509,0.704,0.752,,,,,,,1.148,1.385,0.8,0.014,-0.13,,-0.005
2jmrA_4j3oF,079,38.0,17.0,0.352,0.382,0.698,0.747,,,,,,,0.942,2.016,0.7,-0.029,-0.129,,0.028
2jmrA_4j3oF,080,37.0,23.0,0.799,0.799,0.829,0.837,,,,,,,3.132,2.07,0.9,0.039,-0.06,,0.118
2jmrA_4j3oF,081,37.0,9.0,0.3,0.33,0.492,0.534,,,,,,,-2.959,3.241,0.3,0.01,-0.129,,0.038
2jmrA_4j3oF,082,37.0,18.0,0.305,0.333,0.485,0.55,,,,,,,1.125,3.042,0.6,0.008,-0.098,,0.027
2jmrA_4j3oF,083,36.0,9.0,0.35,0.388,0.646,0.725,,,,,,,-0.789,2.59,0.5,0.032,-0.131,,0.021
2jmrA_4j3oF,084,34.0,18.0,0.648,0.756,0.689,0.826,,,,,,,-2.168,2.391,0.3,0.002,-0.128,,0.02
2jmrA_4j3oF,085,33.0,12.0,0.376,0.407,0.389,0.436,,,,,,,2.885,2.502,0.8,0.009,0.046,,0.01
2jmrA_4j3oF,086,33.0,16.0,0.337,0.366,0.707,0.76,,,,,,,1.979,2.026,0.9,0.033,-0.13,,-0.002
2jmrA_4j3oF,087,33.0,13.0,0.598,0.677,0.695,0.762,,,,,,,2.731,1.76,1.0,-0.014,-0.132,,0.018
2jmrA_4j3oF,088,33.0,14.0,0.369,0.408,0.595,0.684,,,,,,,0.585,3.697,0.6,-0.024,-0.091,,0.014
2jmrA_4j3oF,089,32.0,11.0,0.235,0.271,0.287,0.304,,,,,,,-1.893,2.603,0.3,-0.014,-0.121,,-0.002
2jmrA_4j3oF,090,32.0,14.0,0.544,0.599,0.668,0.742,,,,,,,1.667,2.925,0.8,0.009,-0.133,,0.027
2jmrA_4j3oF,091,32.0,9.0,0.407,0.43,0.387,0.407,,,,,,,0.844,2.482,0.7,0.011,-0.123,,0.016
2jmrA_4j3oF,092,31.0,11.0,0.602,0.654,0.677,0.742,,,,,,,0.323,3.43,0.5,-0.005,-0.134,,0.006
2jmrA_4j3oF,093,31.0,15.0,0.466,0.53,0.486,0.553,,,,,,,1.039,2.217,0.7,0.005,-0.132,,0.013
2jmrA_4j3oF,094,31.0,17.0,0.279,0.29,0.425,0.486,,,,,,,4.14,2.521,1.0,0.028,-0.127,,0.04
2jmrA_4j3oF,095,30.0,20.0,0.41,0.489,0.686,0.755,,,,,,,1.327,2.711,0.6,-0.003,-0.129,,0.007
2jmrA_4j3oF,096,30.0,23.0,0.69,0.76,0.701,0.762,,,,,,,3.125,3.027,0.8,0.014,-0.131,,0.019
2jmrA_4j3oF,097,29.0,17.0,0.429,0.487,0.555,0.612,,,,,,,0.486,1.798,0.6,-0.032,-0.134,,-0.007
2jmrA_4j3oF,098,29.0,17.0,0.569,0.613,0.642,0.704,,,,,,,1.364,2.717,0.7,-0.008,-0.123,,0.032
2jmrA_4j3oF,099,29.0,12.0,0.583,0.657,0.631,0.684,,,,,,,0.054,0.598,0.6,0.002,-0.132,,0.006
2k42A_1ceeB,Deep,,,0.791,0.478,0.819,0.462,0.0,0.028,0.054,,,,,,,,-0.072,0.0,
2k42A_1ceeB,000,277.0,138.0,0.426,0.283,0.358,0.308,0.091,0.031,0.098,006; 006; 001; 001; 002; 005; 002; 005; 010; 010,0.54; 0.53; 0.46; 0.46; 0.44; 0.43; 0.43; 0.43; 0.41; 0.40,0.29; 0.29; 0.29; 0.28; 0.23; 0.27; 0.23; 0.26; 0.35; 0.35,-9.549,5.944,0.1,0.034,-0.155,0.0,-0.026
2k42A_1ceeB,001,172.0,98.0,0.285,0.282,0.23,0.309,0.1,0.033,0.103,001; 001; 003; 003; 004; 004; 002; 002; 006; 006,0.76; 0.76; 0.53; 0.53; 0.42; 0.42; 0.41; 0.41; 0.37; 0.37,0.27; 0.27; 0.25; 0.25; 0.28; 0.27; 0.25; 0.25; 0.23; 0.22,-11.772,3.723,0.0,0.071,-0.037,0.0,-0.017
2k42A_1ceeB,002,154.0,56.0,0.205,0.236,0.246,0.236,0.0,0.0,0.059,002; 004; 004; 002; 003; 003; 001; 001; 005; 005,0.41; 0.41; 0.41; 0.41; 0.38; 0.38; 0.37; 0.37; 0.32; 0.32,0.35; 0.36; 0.36; 0.35; 0.35; 0.35; 0.34; 0.35; 0.48; 0.48,-7.304,3.335,0.0,0.0,-0.172,0.0,-0.036
2k42A_1ceeB,003,143.0,29.0,0.152,0.24,0.178,0.284,0.125,0.034,0.057,001; 001; 002; 002; 003; 003; 005; 005; 009; 004,0.78; 0.78; 0.56; 0.56; 0.51; 0.51; 0.42; 0.42; 0.37; 0.37,0.26; 0.26; 0.34; 0.34; 0.27; 0.27; 0.26; 0.27; 0.28; 0.26,-12.109,3.804,0.0,-0.117,-0.235,0.0,-0.034
2k42A_1ceeB,004,115.0,29.0,0.616,0.31,0.601,0.283,0.0,0.0,0.0,003; 003; 002; 002; 001; 010; 001; 010; 005; 005,0.48; 0.48; 0.43; 0.43; 0.39; 0.39; 0.39; 0.38; 0.35; 0.35,0.32; 0.32; 0.32; 0.32; 0.36; 0.26; 0.36; 0.27; 0.36; 0.36,-6.642,2.57,0.0,0.134,0.035,0.0,0.077
2k42A_1ceeB,005,113.0,27.0,0.822,0.29,0.809,0.504,0.125,0.046,0.057,002; 002; 003; 009; 009; 003; 004; 004; 008; 008,0.41; 0.41; 0.39; 0.39; 0.39; 0.39; 0.37; 0.37; 0.34; 0.34,0.32; 0.32; 0.33; 0.28; 0.29; 0.34; 0.31; 0.31; 0.36; 0.36,-12.349,4.577,0.0,0.063,-0.19,0.0,0.129
2k42A_1ceeB,006,111.0,22.0,0.188,0.303,0.245,0.23,0.105,0.033,0.05,001; 001; 007; 007; 003; 003; 004; 004; 009; 009,0.76; 0.76; 0.65; 0.64; 0.54; 0.54; 0.44; 0.43; 0.33; 0.33,0.30; 0.30; 0.29; 0.29; 0.22; 0.22; 0.24; 0.24; 0.31; 0.31,-8.209,3.643,0.0,0.055,-0.235,0.0,-0.015
2k42A_1ceeB,007,110.0,8.0,0.792,0.308,0.738,0.3,0.0,0.0,0.0,004; 004; 001; 001; 005; 005; 003; 003; 009; 009,0.48; 0.48; 0.42; 0.42; 0.36; 0.35; 0.34; 0.32; 0.31; 0.30,0.26; 0.26; 0.28; 0.28; 0.34; 0.33; 0.30; 0.27; 0.24; 0.24,-2.491,3.744,0.3,0.346,-0.063,0.0,0.215
2k42A_1ceeB,008,109.0,25.0,0.306,0.297,0.286,0.264,0.143,0.036,0.061,001; 001; 002; 002; 003; 003; 005; 005; 004; 006,0.75; 0.75; 0.62; 0.61; 0.57; 0.57; 0.55; 0.55; 0.47; 0.45,0.28; 0.28; 0.23; 0.25; 0.27; 0.27; 0.27; 0.27; 0.22; 0.26,-11.11,3.63,0.0,0.116,-0.161,0.0,-0.015
2k42A_1ceeB,009,109.0,33.0,0.474,0.38,0.376,0.334,0.0,0.0,0.0,006; 006; 001; 001; 005; 005; 004; 004; 003; 002,0.49; 0.49; 0.41; 0.41; 0.37; 0.37; 0.36; 0.36; 0.34; 0.33,0.27; 0.27; 0.30; 0.29; 0.33; 0.32; 0.26; 0.26; 0.24; 0.37,-8.806,3.724,0.0,0.157,0.088,0.0,-0.031
2k42A_1ceeB,010,107.0,61.0,0.286,0.28,0.253,0.275,0.0,0.039,0.0,001; 001; 002; 002; 003; 003; 005; 005; 006; 006,0.75; 0.75; 0.74; 0.73; 0.73; 0.73; 0.52; 0.51; 0.47; 0.47,0.27; 0.27; 0.30; 0.31; 0.30; 0.30; 0.23; 0.23; 0.33; 0.33,-12.706,4.096,0.0,-0.09,-0.033,0.0,-0.005
2k42A_1ceeB,011,102.0,52.0,0.415,0.301,0.328,0.482,0.25,0.068,0.171,001; 001; 002; 002; 003; 006; 006; 003; 009; 005,0.66; 0.66; 0.63; 0.63; 0.54; 0.53; 0.53; 0.52; 0.43; 0.43,0.31; 0.31; 0.25; 0.27; 0.33; 0.26; 0.26; 0.34; 0.28; 0.29,-10.473,5.01,0.0,0.119,-0.084,0.0,-0.028
2k42A_1ceeB,012,97.0,55.0,0.477,0.286,0.379,0.279,0.0,0.0,0.0,003; 003; 005; 005; 004; 004; 001; 001; 002; 002,0.70; 0.70; 0.63; 0.63; 0.60; 0.60; 0.57; 0.57; 0.51; 0.51,0.30; 0.31; 0.35; 0.35; 0.31; 0.31; 0.37; 0.37; 0.31; 0.32,-7.874,4.137,0.0,0.143,-0.063,0.0,-0.02
2k42A_1ceeB,013,96.0,20.0,0.479,0.284,0.386,0.255,0.0,0.0,0.0,001; 001; 007; 007; 003; 006; 006; 009; 003; 002,0.40; 0.40; 0.24; 0.23; 0.22; 0.22; 0.22; 0.22; 0.21; 0.21,0.30; 0.30; 0.18; 0.19; 0.22; 0.20; 0.23; 0.22; 0.23; 0.26,-6.849,3.902,0.0,0.171,0.143,0.0,0.007
2k42A_1ceeB,014,92.0,20.0,0.787,0.319,0.786,0.265,0.0,0.0,0.0,004; 004; 003; 003; 002; 002; 001; 001; 007; 007,0.79; 0.79; 0.78; 0.78; 0.76; 0.76; 0.49; 0.49; 0.45; 0.45,0.30; 0.30; 0.27; 0.27; 0.27; 0.28; 0.31; 0.31; 0.29; 0.29,-7.754,2.867,0.0,0.096,-0.261,0.0,0.136
2k42A_1ceeB,015,92.0,14.0,0.279,0.314,0.269,0.308,0.333,0.082,0.129,003; 003; 001; 002; 005; 001; 005; 002; 006; 006,0.72; 0.71; 0.66; 0.65; 0.65; 0.65; 0.65; 0.64; 0.46; 0.46,0.29; 0.28; 0.31; 0.29; 0.32; 0.31; 0.32; 0.29; 0.30; 0.30,-10.95,3.363,0.0,0.196,-0.016,0.0,-0.018
2k42A_1ceeB,016,86.0,1.0,0.825,0.278,0.799,0.301,0.429,0.115,0.182,001; 001; 002; 002; 006; 006; 004; 004; 003; 003,0.73; 0.73; 0.64; 0.64; 0.52; 0.51; 0.46; 0.46; 0.43; 0.43,0.30; 0.30; 0.27; 0.27; 0.26; 0.26; 0.28; 0.28; 0.28; 0.28,-0.909,0.735,0.1,0.446,-0.027,0.0,0.005
2k42A_1ceeB,017,83.0,61.0,0.42,0.284,0.317,0.288,0.0,0.0,0.0,002; 001; 001; 002; 007; 007; 009; 009; 010; 010,0.44; 0.43; 0.43; 0.38; 0.37; 0.37; 0.36; 0.36; 0.32; 0.32,0.31; 0.28; 0.28; 0.28; 0.38; 0.38; 0.26; 0.26; 0.27; 0.27,-11.512,5.624,0.0,-0.002,-0.227,0.0,-0.013
2k42A_1ceeB,018,83.0,19.0,0.185,0.21,0.204,0.239,0.08,0.069,0.091,001; 004; 001; 004; 005; 005; 002; 002; 006; 003,0.65; 0.64; 0.64; 0.62; 0.52; 0.52; 0.51; 0.51; 0.42; 0.41,0.28; 0.28; 0.29; 0.28; 0.30; 0.30; 0.21; 0.21; 0.26; 0.25,-7.126,2.09,0.0,0.048,-0.235,0.0,-0.026
2k42A_1ceeB,019,82.0,15.0,0.195,0.264,0.232,0.272,0.125,0.042,0.057,007; 007; 006; 006; 001; 001; 002; 002; 003; 004,0.47; 0.46; 0.40; 0.39; 0.37; 0.37; 0.33; 0.33; 0.30; 0.30,0.28; 0.28; 0.33; 0.34; 0.34; 0.34; 0.23; 0.24; 0.32; 0.30,-9.798,3.146,0.0,-0.014,-0.235,0.0,-0.028
2k42A_1ceeB,020,80.0,37.0,0.266,0.288,0.213,0.259,,,,,,,-13.684,5.244,0.0,0.009,-0.191,,-0.033
2k42A_1ceeB,021,79.0,42.0,0.797,0.349,0.807,0.287,,,,,,,-8.557,4.335,0.0,0.041,-0.236,,0.143
2k42A_1ceeB,022,75.0,24.0,0.333,0.323,0.293,0.257,,,,,,,-11.577,3.562,0.0,0.021,-0.151,,-0.003
2k42A_1ceeB,023,74.0,12.0,0.353,0.24,0.332,0.281,,,,,,,-12.364,3.788,0.0,-0.029,0.19,,-0.027
2k42A_1ceeB,024,73.0,5.0,0.414,0.272,0.378,0.245,,,,,,,-1.554,1.467,0.1,0.208,0.09,,0.009
2k42A_1ceeB,025,73.0,2.0,0.387,0.267,0.356,0.257,,,,,,,-2.568,0.896,0.0,0.122,0.02,,0.01
2k42A_1ceeB,026,71.0,21.0,0.311,0.279,0.285,0.255,,,,,,,-10.87,4.821,0.0,-0.0,-0.04,,-0.025
2k42A_1ceeB,027,70.0,25.0,0.261,0.232,0.227,0.247,,,,,,,-7.823,2.975,0.0,-0.044,-0.1,,-0.01
2k42A_1ceeB,028,70.0,34.0,0.462,0.308,0.453,0.32,,,,,,,-9.071,3.617,0.0,-0.003,0.129,,-0.021
2k42A_1ceeB,029,68.0,7.0,0.199,0.23,0.168,0.216,,,,,,,-10.827,2.953,0.0,0.029,-0.244,,-0.033
2k42A_1ceeB,030,68.0,49.0,0.285,0.371,0.313,0.266,,,,,,,-12.44,2.534,0.0,0.039,-0.178,,-0.009
2k42A_1ceeB,031,67.0,21.0,0.447,0.296,0.374,0.305,,,,,,,-10.712,4.184,0.0,0.103,0.104,,-0.044
2k42A_1ceeB,032,66.0,41.0,0.302,0.338,0.318,0.253,,,,,,,-10.049,3.399,0.0,0.054,-0.17,,0.004
2k42A_1ceeB,033,65.0,19.0,0.279,0.301,0.282,0.292,,,,,,,-11.683,5.553,0.0,-0.12,0.107,,-0.022
2k42A_1ceeB,034,65.0,11.0,0.425,0.288,0.358,0.247,,,,,,,-10.944,4.898,0.0,0.032,0.174,,-0.013
2k42A_1ceeB,035,62.0,23.0,0.359,0.283,0.363,0.251,,,,,,,-6.273,4.007,0.0,0.068,0.023,,0.009
2k42A_1ceeB,036,60.0,14.0,0.251,0.315,0.256,0.327,,,,,,,-11.586,2.252,0.0,0.018,-0.033,,0.004
2k42A_1ceeB,037,58.0,5.0,0.219,0.224,0.275,0.268,,,,,,,-6.848,2.84,0.0,0.009,-0.178,,-0.026
2k42A_1ceeB,038,56.0,31.0,0.336,0.365,0.351,0.337,,,,,,,-8.953,3.017,0.0,0.088,0.1,,-0.005
2k42A_1ceeB,039,56.0,3.0,0.635,0.261,0.522,0.242,,,,,,,-2.412,1.42,0.1,0.368,0.253,,0.104
2k42A_1ceeB,040,56.0,1.0,0.594,0.306,0.734,0.335,,,,,,,-1.672,1.235,0.1,0.272,0.206,,0.09
2k42A_1ceeB,041,55.0,18.0,0.329,0.335,0.297,0.336,,,,,,,-10.079,1.659,0.0,0.003,-0.126,,-0.016
2k42A_1ceeB,042,54.0,15.0,0.216,0.283,0.205,0.249,,,,,,,-6.944,3.237,0.0,-0.104,-0.247,,-0.032
2k42A_1ceeB,043,54.0,11.0,0.407,0.3,0.376,0.264,,,,,,,-8.719,4.558,0.0,0.115,0.234,,-0.019
2k42A_1ceeB,044,53.0,23.0,0.409,0.274,0.439,0.264,,,,,,,-12.139,4.978,0.0,0.13,-0.031,,0.027
2k42A_1ceeB,045,53.0,9.0,0.295,0.313,0.33,0.307,,,,,,,-8.993,4.363,0.0,0.056,0.053,,-0.002
2k42A_1ceeB,046,53.0,14.0,0.467,0.281,0.427,0.353,,,,,,,-8.649,2.996,0.0,0.046,0.188,,0.001
2k42A_1ceeB,047,50.0,29.0,0.802,0.318,0.797,0.295,,,,,,,-13.727,5.382,0.0,0.132,-0.009,,0.131
2k42A_1ceeB,048,48.0,16.0,0.46,0.321,0.337,0.305,,,,,,,-6.364,2.565,0.0,0.105,0.139,,0.028
2k42A_1ceeB,049,48.0,19.0,0.582,0.297,0.558,0.267,,,,,,,-7.074,2.966,0.0,0.19,0.214,,0.036
2k42A_1ceeB,050,47.0,28.0,0.357,0.446,0.332,0.387,,,,,,,-13.461,4.802,0.0,0.052,0.042,,-0.022
2k42A_1ceeB,051,47.0,26.0,0.349,0.33,0.233,0.234,,,,,,,-11.993,3.403,0.0,0.108,-0.069,,-0.023
2k42A_1ceeB,052,46.0,36.0,0.721,0.324,0.8,0.263,,,,,,,-9.457,4.71,0.0,-0.244,-0.235,,0.16
2k42A_1ceeB,053,46.0,4.0,0.379,0.264,0.382,0.282,,,,,,,-7.729,6.031,0.0,0.095,0.261,,0.09
2k42A_1ceeB,054,43.0,6.0,0.232,0.226,0.213,0.198,,,,,,,-6.545,2.516,0.0,-0.047,-0.261,,-0.022
2k42A_1ceeB,055,43.0,7.0,0.315,0.306,0.431,0.23,,,,,,,-8.694,3.409,0.0,0.213,0.192,,-0.012
2k42A_1ceeB,056,43.0,9.0,0.796,0.283,0.717,0.292,,,,,,,-3.311,2.558,0.0,0.387,0.043,,0.157
2k42A_1ceeB,057,41.0,6.0,0.242,0.343,0.229,0.282,,,,,,,-9.728,4.541,0.0,-0.066,-0.141,,-0.016
2k42A_1ceeB,058,41.0,9.0,0.261,0.361,0.305,0.311,,,,,,,-7.426,2.942,0.0,0.015,-0.126,,0.024
2k42A_1ceeB,059,41.0,10.0,0.416,0.281,0.465,0.268,,,,,,,-7.36,4.028,0.0,0.056,-0.023,,-0.019
2k42A_1ceeB,060,41.0,16.0,0.635,0.276,0.601,0.271,,,,,,,-9.758,2.771,0.0,0.241,0.246,,0.174
2k42A_1ceeB,061,40.0,14.0,0.323,0.282,0.393,0.256,,,,,,,-8.186,2.864,0.0,0.036,-0.196,,-0.021
2k42A_1ceeB,062,40.0,18.0,0.265,0.257,0.253,0.31,,,,,,,-6.89,1.062,0.0,0.001,-0.107,,-0.006
2k42A_1ceeB,063,39.0,6.0,0.82,0.327,0.666,0.326,,,,,,,-2.885,1.373,0.0,0.276,0.206,,0.189
2k42A_1ceeB,064,38.0,13.0,0.467,0.337,0.442,0.288,,,,,,,-4.536,3.36,0.1,0.144,-0.218,,-0.02
2k42A_1ceeB,065,38.0,21.0,0.307,0.281,0.243,0.266,,,,,,,-11.427,2.081,0.0,0.052,-0.128,,0.008
2k42A_1ceeB,066,37.0,10.0,0.768,0.314,0.796,0.251,,,,,,,-8.053,2.892,0.0,0.036,-0.226,,0.14
2k42A_1ceeB,067,37.0,15.0,0.331,0.331,0.32,0.255,,,,,,,-8.984,2.222,0.0,0.108,-0.118,,-0.021
2k42A_1ceeB,068,37.0,3.0,0.373,0.325,0.347,0.301,,,,,,,-1.795,2.281,0.1,0.041,-0.036,,0.004
2k42A_1ceeB,069,36.0,19.0,0.465,0.269,0.446,0.276,,,,,,,-8.03,2.518,0.0,0.167,-0.128,,0.055
2k42A_1ceeB,070,36.0,8.0,0.157,0.194,0.213,0.262,,,,,,,-6.7,2.27,0.0,-0.059,-0.235,,-0.034
2k42A_1ceeB,071,36.0,17.0,0.247,0.289,0.316,0.268,,,,,,,-9.78,3.652,0.0,0.063,-0.125,,-0.028
2k42A_1ceeB,072,36.0,12.0,0.292,0.395,0.298,0.277,,,,,,,-10.838,1.685,0.0,0.059,-0.161,,-0.037
2k42A_1ceeB,073,35.0,25.0,0.529,0.28,0.404,0.282,,,,,,,-7.55,6.815,0.1,0.18,-0.235,,-0.001
2k42A_1ceeB,074,35.0,9.0,0.806,0.316,0.755,0.316,,,,,,,-4.53,2.885,0.0,0.398,0.148,,0.186
2k42A_1ceeB,075,34.0,13.0,0.311,0.295,0.322,0.315,,,,,,,-9.198,3.085,0.0,0.033,-0.119,,-0.016
2k42A_1ceeB,076,34.0,13.0,0.268,0.318,0.31,0.277,,,,,,,-12.14,5.476,0.0,0.07,-0.051,,0.031
2k42A_1ceeB,077,33.0,1.0,0.322,0.291,0.334,0.261,,,,,,,-4.519,1.745,0.0,-0.088,0.199,,0.03
2k42A_1ceeB,078,33.0,6.0,0.496,0.311,0.295,0.297,,,,,,,-10.514,4.066,0.0,0.048,0.174,,-0.006
2k42A_1ceeB,079,33.0,2.0,0.581,0.267,0.472,0.27,,,,,,,-5.582,2.156,0.0,0.155,0.199,,0.028
2k42A_1ceeB,080,32.0,11.0,0.665,0.275,0.648,0.287,,,,,,,-6.869,1.543,0.0,0.294,0.205,,0.156
2k42A_1ceeB,081,31.0,6.0,0.234,0.276,0.189,0.212,,,,,,,-5.918,1.648,0.0,-0.066,-0.259,,-0.022
2k42A_1ceeB,082,31.0,15.0,0.268,0.253,0.283,0.321,,,,,,,-8.07,2.921,0.0,0.004,0.038,,-0.029
2k42A_1ceeB,083,30.0,3.0,0.726,0.31,0.764,0.31,,,,,,,-3.64,1.372,0.0,-0.068,-0.075,,0.143
2k42A_1ceeB,084,30.0,8.0,0.18,0.19,0.225,0.221,,,,,,,-11.602,5.307,0.0,-0.164,-0.107,,-0.023
2k42A_1ceeB,085,30.0,15.0,0.279,0.31,0.278,0.309,,,,,,,-10.588,3.364,0.0,-0.07,-0.08,,-0.007
2k42A_1ceeB,086,30.0,8.0,0.486,0.296,0.36,0.273,,,,,,,-8.272,2.246,0.0,0.092,-0.169,,-0.029
2k42A_1ceeB,087,30.0,13.0,0.376,0.303,0.313,0.269,,,,,,,-6.548,2.592,0.0,0.027,0.186,,-0.039
2k42A_1ceeB,088,29.0,20.0,0.257,0.279,0.313,0.306,,,,,,,-10.38,3.724,0.0,-0.028,0.019,,-0.006
2k42A_1ceeB,089,29.0,4.0,0.359,0.251,0.342,0.263,,,,,,,-4.199,2.65,0.0,0.079,0.053,,0.023
2k42A_1ceeB,090,29.0,15.0,0.342,0.227,0.288,0.288,,,,,,,-9.759,2.721,0.0,0.045,0.032,,-0.03
2k42A_1ceeB,091,29.0,4.0,0.776,0.324,0.776,0.283,,,,,,,-1.639,0.564,0.0,0.38,0.121,,0.205
2k42A_1ceeB,092,29.0,13.0,0.508,0.296,0.51,0.276,,,,,,,-5.11,2.487,0.0,0.172,0.155,,0.012
2k42A_1ceeB,093,28.0,9.0,0.216,0.262,0.252,0.295,,,,,,,-7.956,3.875,0.0,-0.044,-0.235,,-0.028
2k42A_1ceeB,094,28.0,4.0,0.563,0.279,0.483,0.255,,,,,,,-7.414,0.974,0.0,0.014,0.259,,-0.0
2k42A_1ceeB,095,27.0,10.0,0.152,0.188,0.23,0.246,,,,,,,-5.113,2.661,0.0,0.006,-0.258,,-0.035
2k42A_1ceeB,096,27.0,15.0,0.213,0.287,0.212,0.237,,,,,,,-6.908,1.336,0.0,-0.066,-0.235,,-0.029
2k42A_1ceeB,097,27.0,12.0,0.361,0.283,0.335,0.309,,,,,,,-9.096,1.984,0.0,0.022,0.207,,-0.018
2k42A_1ceeB,098,27.0,8.0,0.439,0.298,0.298,0.262,,,,,,,-10.223,3.917,0.0,0.034,0.12,,-0.011
2k42A_1ceeB,099,26.0,12.0,0.674,0.294,0.51,0.283,,,,,,,-7.213,3.458,0.0,0.241,0.183,,0.037
2kb8A_6vw2A,Deep,,,0.564,0.211,0.598,0.166,0.0,0.027,0.0,,,,,,,,0.432,0.0,
2kb8A_6vw2A,000,120.0,12.0,0.511,0.172,0.371,0.132,0.0,0.0,0.0,008; 008; 003; 003; 006; 006; 009; 009; 002; 002,0.54; 0.54; 0.45; 0.45; 0.43; 0.42; 0.40; 0.40; 0.39; 0.39,0.13; 0.12; 0.13; 0.13; 0.14; 0.14; 0.17; 0.17; 0.17; 0.14,1.264,0.91,0.9,0.192,0.432,0.0,0.175
2kb8A_6vw2A,001,35.0,2.0,0.544,0.139,0.433,0.167,0.0,0.0,0.0,006; 006; 004; 004; 002; 002; 003; 003; 008; 008,0.48; 0.48; 0.45; 0.45; 0.44; 0.44; 0.43; 0.43; 0.42; 0.42,0.16; 0.17; 0.13; 0.13; 0.13; 0.13; 0.15; 0.15; 0.17; 0.10,0.897,0.308,1.0,0.225,0.432,0.0,0.168
2kb8A_6vw2A,002,33.0,5.0,0.449,0.198,0.331,0.169,,,,,,,1.907,0.169,1.0,0.2,0.235,,0.131
2kb8A_6vw2A,003,31.0,1.0,0.596,0.142,0.496,0.185,,,,,,,0.523,0.383,0.8,0.358,0.432,,0.151
2kb8A_6vw2A,004,26.0,1.0,0.566,0.158,0.379,0.227,,,,,,,0.625,0.443,1.0,0.14,0.459,,0.175
2kb8A_6vw2A,005,26.0,4.0,0.591,0.181,0.472,0.149,,,,,,,0.671,0.345,1.0,0.27,0.405,,0.147
2kb8A_6vw2A,006,26.0,1.0,0.415,0.17,0.411,0.133,,,,,,,2.246,0.299,1.0,0.206,0.204,,0.114
2kb8A_6vw2A,007,24.0,10.0,0.28,0.156,0.176,0.131,,,,,,,1.365,0.429,1.0,0.04,-0.077,,-0.0
2kb8A_6vw2A,008,24.0,5.0,0.269,0.113,0.222,0.171,,,,,,,0.469,0.37,1.0,-0.005,-0.077,,0.012
2kb8A_6vw2A,009,24.0,9.0,0.291,0.167,0.171,0.155,,,,,,,1.374,0.599,0.9,-0.022,-0.077,,0.003
2kb8A_6vw2A,010,24.0,1.0,0.545,0.129,0.568,0.126,,,,,,,0.451,0.206,0.9,0.256,0.432,,0.141
2kb8A_6vw2A,011,23.0,4.0,0.296,0.185,0.226,0.129,,,,,,,0.737,0.534,0.8,-0.083,-0.14,,0.016
2kb8A_6vw2A,012,23.0,2.0,0.582,0.177,0.618,0.163,,,,,,,1.831,0.322,1.0,0.174,0.076,,0.182
2kb8A_6vw2A,013,21.0,1.0,0.246,0.163,0.19,0.187,,,,,,,1.486,0.383,1.0,0.079,0.121,,0.024
2kb8A_6vw2A,014,21.0,1.0,0.389,0.132,0.377,0.182,,,,,,,2.045,0.304,1.0,0.235,0.204,,0.137
2kb8A_6vw2A,015,21.0,10.0,0.409,0.144,0.381,0.193,,,,,,,2.563,0.578,1.0,0.204,0.247,,0.122
2kb8A_6vw2A,016,16.0,9.0,0.514,0.144,0.435,0.167,,,,,,,0.776,0.608,0.9,0.26,0.235,,0.177
2kb8A_6vw2A,017,16.0,7.0,0.507,0.132,0.364,0.152,,,,,,,0.621,0.759,0.7,0.362,0.204,,0.134
2kb8A_6vw2A,018,14.0,6.0,0.359,0.182,0.204,0.101,,,,,,,1.007,0.671,1.0,-0.018,-0.077,,0.005
2kb8A_6vw2A,019,14.0,1.0,0.455,0.139,0.419,0.204,,,,,,,0.37,0.296,0.9,0.261,0.225,,0.131
2kkwA_2n0aD,Deep,,,0.367,0.157,0.315,0.18,0.0,0.0,0.0,,,,,,,,0.376,0.0,
2kkwA_2n0aD,000,143.0,14.0,0.281,0.185,0.315,0.182,0.0,0.0,0.0,009; 009; 004; 004; 001; 007; 007; 010; 003; 010,0.30; 0.29; 0.29; 0.26; 0.25; 0.25; 0.25; 0.24; 0.24; 0.24,0.15; 0.16; 0.21; 0.21; 0.20; 0.22; 0.23; 0.14; 0.16; 0.13,2.646,2.99,0.9,0.061,0.37,0.0,0.0
2kkwA_2n0aD,001,52.0,4.0,0.22,0.171,0.353,0.216,0.0,0.0,0.0,010; 010; 002; 004; 005; 005; 002; 004; 003; 003,0.31; 0.31; 0.30; 0.30; 0.30; 0.30; 0.30; 0.29; 0.28; 0.28,0.16; 0.16; 0.17; 0.16; 0.16; 0.16; 0.18; 0.16; 0.22; 0.22,-1.326,0.898,0.1,0.174,0.017,0.0,-0.015
2kkwA_2n0aD,002,52.0,1.0,0.297,0.205,0.302,0.174,0.0,0.0,0.0,005; 005; 002; 002; 003; 003; 001; 010; 001; 004,0.26; 0.26; 0.26; 0.26; 0.25; 0.25; 0.24; 0.23; 0.23; 0.23,0.12; 0.17; 0.17; 0.17; 0.17; 0.17; 0.15; 0.17; 0.16; 0.17,4.618,0.775,1.0,0.17,0.483,0.0,0.043
2kkwA_2n0aD,003,40.0,2.0,0.288,0.174,0.325,0.201,,,,,,,2.994,0.56,1.0,0.01,0.465,,0.045
2kkwA_2n0aD,004,36.0,1.0,0.358,0.188,0.3,0.172,,,,,,,0.189,0.885,0.6,0.174,0.381,,-0.002
2kkwA_2n0aD,005,36.0,12.0,0.265,0.193,0.3,0.169,,,,,,,2.39,2.942,0.7,-0.003,0.153,,0.034
2kkwA_2n0aD,006,34.0,1.0,0.297,0.182,0.315,0.194,,,,,,,2.715,0.717,1.0,0.193,0.486,,0.092
2kkwA_2n0aD,007,33.0,1.0,0.315,0.2,0.309,0.192,,,,,,,3.597,0.767,1.0,0.052,0.48,,0.119
2kkwA_2n0aD,008,33.0,1.0,0.413,0.169,0.377,0.225,,,,,,,0.728,0.773,0.8,0.074,0.368,,0.042
2kkwA_2n0aD,009,33.0,5.0,0.43,0.186,0.342,0.179,,,,,,,1.854,1.438,0.9,0.147,0.412,,0.041
2kkwA_2n0aD,010,30.0,1.0,0.15,0.159,0.192,0.194,,,,,,,-2.483,0.506,0.0,-0.035,-0.025,,-0.012
2kkwA_2n0aD,011,30.0,2.0,0.332,0.174,0.355,0.2,,,,,,,3.086,0.889,1.0,0.053,0.463,,0.056
2kkwA_2n0aD,012,30.0,2.0,0.353,0.185,0.291,0.186,,,,,,,3.697,0.866,1.0,0.049,0.285,,0.048
2kkwA_2n0aD,013,27.0,4.0,0.305,0.171,0.295,0.185,,,,,,,3.24,0.842,1.0,0.158,0.484,,0.11
2kkwA_2n0aD,014,26.0,7.0,0.425,0.163,0.332,0.198,,,,,,,2.062,3.322,0.6,0.024,-0.126,,0.073
2kkwA_2n0aD,015,25.0,1.0,0.36,0.198,0.344,0.214,,,,,,,0.077,1.182,0.5,0.057,0.32,,0.008
2kkwA_2n0aD,016,24.0,6.0,0.295,0.179,0.31,0.194,,,,,,,-1.392,1.068,0.0,0.19,0.073,,-0.015
2kkwA_2n0aD,017,23.0,5.0,0.313,0.202,0.333,0.224,,,,,,,4.257,0.665,1.0,-0.017,0.496,,0.06
2kkwA_2n0aD,018,22.0,1.0,0.348,0.19,0.317,0.198,,,,,,,3.898,0.726,1.0,0.148,0.486,,0.084
2kkwA_2n0aD,019,22.0,1.0,0.309,0.177,0.305,0.205,,,,,,,3.426,0.955,1.0,0.071,0.482,,0.055
2kkwA_2n0aD,020,22.0,10.0,0.261,0.176,0.298,0.221,,,,,,,2.986,1.306,1.0,0.103,0.496,,0.091
2kkwA_2n0aD,021,21.0,2.0,0.301,0.214,0.294,0.179,,,,,,,3.575,1.004,1.0,0.097,0.483,,0.072
2kkwA_2n0aD,022,21.0,7.0,0.349,0.151,0.306,0.198,,,,,,,4.039,1.509,1.0,0.087,0.475,,0.167
2kkwA_2n0aD,023,21.0,4.0,0.271,0.172,0.321,0.225,,,,,,,1.233,1.036,0.8,-0.006,0.492,,0.042
2kkwA_2n0aD,024,20.0,1.0,0.31,0.168,0.314,0.246,,,,,,,3.413,0.726,1.0,0.147,0.485,,0.091
2kkwA_2n0aD,025,20.0,3.0,0.288,0.188,0.321,0.21,,,,,,,4.487,1.781,0.9,0.02,0.497,,0.057
2kkwA_2n0aD,026,15.0,1.0,0.311,0.201,0.302,0.206,,,,,,,4.401,0.86,1.0,0.126,0.484,,0.091
2kkwA_2n0aD,027,15.0,5.0,0.278,0.214,0.309,0.25,,,,,,,0.272,0.651,0.6,0.051,0.307,,0.04
2kkwA_2n0aD,028,15.0,1.0,0.381,0.181,0.302,0.224,,,,,,,2.984,0.456,1.0,0.065,0.088,,0.069
2kkwA_2n0aD,029,14.0,1.0,0.317,0.214,0.303,0.198,,,,,,,4.447,0.6,1.0,0.143,0.488,,0.071
2kkwA_2n0aD,030,14.0,4.0,0.302,0.194,0.304,0.197,,,,,,,4.949,0.479,1.0,0.191,0.482,,0.104
2kkwA_2n0aD,031,13.0,1.0,0.399,0.215,0.318,0.218,,,,,,,3.105,0.682,1.0,0.04,0.492,,0.092
2lelA_2k0qA,Deep,,,0.597,0.725,0.696,0.638,0.488,0.428,0.457,,,,,,,,-0.145,0.026,
2lelA_2k0qA,000,57.0,20.0,0.55,0.689,0.552,0.722,0.488,0.428,0.457,005; 005; 004; 004; 001; 001; 003; 006; 006; 003,0.59; 0.59; 0.58; 0.57; 0.56; 0.56; 0.56; 0.55; 0.55; 0.50,0.71; 0.71; 0.65; 0.64; 0.76; 0.76; 0.67; 0.63; 0.63; 0.60,3.167,0.822,1.0,-0.198,-0.098,0.026,-0.015
2lelA_2k0qA,001,44.0,21.0,0.487,0.564,0.475,0.487,,,,,,,6.281,1.92,1.0,0.012,-0.159,,0.011
2lelA_2k0qA,002,43.0,27.0,0.639,0.56,0.61,0.569,,,,,,,4.676,2.149,1.0,-0.007,-0.121,,0.051
2lelA_2k0qA,003,35.0,26.0,0.535,0.611,0.522,0.633,,,,,,,6.34,1.821,1.0,-0.183,-0.145,,-0.037
2lelA_2k0qA,004,32.0,11.0,0.589,0.55,0.465,0.535,,,,,,,7.306,1.071,1.0,-0.026,-0.088,,-0.026
2lelA_2k0qA,005,27.0,13.0,0.672,0.626,0.667,0.633,,,,,,,5.778,2.054,1.0,0.065,-0.153,,0.044
2lelA_2k0qA,006,24.0,10.0,0.675,0.61,0.675,0.614,,,,,,,5.705,1.348,1.0,-0.168,-0.07,,0.026
2lelA_2k0qA,007,24.0,5.0,0.549,0.735,0.54,0.774,,,,,,,3.271,1.161,1.0,-0.23,-0.146,,-0.064
2lelA_2k0qA,008,24.0,15.0,0.526,0.56,0.518,0.561,,,,,,,3.727,2.538,1.0,-0.066,0.036,,-0.004
2lelA_2k0qA,009,23.0,16.0,0.559,0.747,0.504,0.633,,,,,,,4.051,2.505,1.0,-0.215,-0.153,,-0.103
2lelA_2k0qA,010,23.0,16.0,0.512,0.633,0.552,0.703,,,,,,,5.096,2.454,1.0,-0.241,-0.149,,-0.014
2lelA_2k0qA,011,23.0,6.0,0.423,0.381,0.456,0.525,,,,,,,7.3,1.283,1.0,-0.058,-0.031,,0.006
2lelA_2k0qA,012,21.0,3.0,0.508,0.647,0.5,0.623,,,,,,,5.469,0.999,1.0,-0.048,-0.152,,-0.011
2lelA_2k0qA,013,20.0,3.0,0.553,0.739,0.542,0.731,,,,,,,1.142,0.984,0.7,-0.198,-0.163,,-0.093
2lelA_2k0qA,014,20.0,5.0,0.54,0.733,0.517,0.699,,,,,,,3.972,1.694,1.0,-0.205,-0.161,,-0.016
2lelA_2k0qA,015,18.0,12.0,0.467,0.532,0.429,0.489,,,,,,,6.014,1.264,1.0,0.011,-0.137,,-0.029
2lelA_2k0qA,016,15.0,10.0,0.634,0.572,0.631,0.542,,,,,,,6.76,2.61,1.0,-0.091,-0.156,,0.011
2lelA_2k0qA,017,14.0,8.0,0.556,0.665,0.539,0.64,,,,,,,4.689,1.633,1.0,-0.017,-0.156,,-0.012
2lelA_2k0qA,018,13.0,7.0,0.661,0.59,0.657,0.595,,,,,,,6.743,0.821,1.0,-0.034,-0.074,,0.022
2lelA_2k0qA,019,13.0,11.0,0.602,0.534,0.59,0.55,,,,,,,5.297,1.965,1.0,-0.047,-0.151,,0.046
2lepA_4hddA,Deep,,,0.762,0.517,0.756,0.512,,0.167,0.0,,,,,,,,0.084,0.108,
2lepA_4hddA,000,501.0,229.0,0.765,0.403,0.767,0.424,0.0,0.558,0.0,005; 004; 005; 004; 009; 009; 008; 008; 006; 006,0.73; 0.72; 0.72; 0.72; 0.69; 0.69; 0.67; 0.67; 0.65; 0.65,0.41; 0.48; 0.41; 0.48; 0.39; 0.41; 0.47; 0.47; 0.41; 0.41,4.693,1.987,1.0,0.386,0.122,0.01,0.269
2lepA_4hddA,001,270.0,130.0,0.783,0.434,0.768,0.433,0.0,0.533,0.0,001; 001; 002; 004; 004; 002; 005; 005; 006; 006,0.77; 0.77; 0.70; 0.70; 0.70; 0.70; 0.67; 0.67; 0.59; 0.59,0.41; 0.41; 0.42; 0.50; 0.50; 0.42; 0.49; 0.49; 0.45; 0.45,3.084,1.625,1.0,0.365,0.154,0.0,0.119
2lepA_4hddA,002,208.0,55.0,0.746,0.415,0.738,0.456,0.0,0.359,0.0,001; 001; 004; 004; 003; 002; 003; 002; 006; 006,0.80; 0.80; 0.75; 0.75; 0.74; 0.74; 0.74; 0.74; 0.73; 0.73,0.42; 0.42; 0.43; 0.43; 0.41; 0.43; 0.41; 0.43; 0.44; 0.44,2.081,2.174,0.7,0.217,0.016,0.0,0.112
2lepA_4hddA,003,181.0,108.0,0.755,0.418,0.747,0.421,0.0,0.408,0.0,003; 003; 001; 002; 002; 001; 005; 005; 008; 006,0.78; 0.78; 0.76; 0.76; 0.76; 0.76; 0.73; 0.73; 0.68; 0.68,0.41; 0.41; 0.42; 0.44; 0.44; 0.42; 0.47; 0.47; 0.38; 0.47,3.657,2.252,0.9,0.319,0.08,0.0,0.159
2lepA_4hddA,004,103.0,64.0,0.322,0.369,0.318,0.346,0.0,0.382,0.0,001; 001; 002; 002; 003; 003; 004; 004; 006; 006,0.76; 0.76; 0.74; 0.74; 0.70; 0.70; 0.68; 0.68; 0.66; 0.66,0.43; 0.43; 0.44; 0.44; 0.42; 0.42; 0.41; 0.41; 0.47; 0.47,5.457,1.383,1.0,0.035,-0.171,0.0,-0.003
2lepA_4hddA,005,102.0,45.0,0.762,0.424,0.734,0.423,0.0,0.364,0.0,001; 001; 010; 010; 005; 005; 008; 002; 002; 008,0.75; 0.75; 0.73; 0.73; 0.73; 0.73; 0.72; 0.72; 0.72; 0.72,0.42; 0.42; 0.46; 0.46; 0.49; 0.49; 0.50; 0.42; 0.42; 0.50,5.451,2.273,1.0,0.341,0.062,0.0,0.179
2lepA_4hddA,006,89.0,44.0,0.764,0.415,0.766,0.412,0.0,0.336,0.0,001; 003; 001; 003; 002; 002; 007; 007; 006; 006,0.75; 0.75; 0.75; 0.75; 0.74; 0.74; 0.72; 0.72; 0.70; 0.70,0.43; 0.42; 0.43; 0.42; 0.41; 0.40; 0.44; 0.44; 0.50; 0.50,6.138,2.555,1.0,0.362,0.089,0.0,0.143
2lepA_4hddA,007,85.0,18.0,0.766,0.409,0.772,0.427,0.0,0.261,0.0,006; 006; 005; 005; 001; 001; 002; 002; 003; 003,0.73; 0.73; 0.73; 0.73; 0.72; 0.72; 0.70; 0.70; 0.70; 0.69,0.50; 0.50; 0.44; 0.44; 0.43; 0.43; 0.43; 0.44; 0.44; 0.44,3.633,1.96,1.0,0.169,0.024,0.0,0.044
2lepA_4hddA,008,82.0,16.0,0.744,0.435,0.696,0.45,0.0,0.07,0.125,002; 002; 003; 003; 005; 005; 004; 004; 006; 006,0.75; 0.75; 0.73; 0.73; 0.70; 0.70; 0.69; 0.69; 0.67; 0.67,0.38; 0.38; 0.42; 0.42; 0.48; 0.48; 0.43; 0.43; 0.41; 0.41,0.001,1.491,0.6,0.296,0.171,0.0,0.204
2lepA_4hddA,009,81.0,27.0,0.713,0.498,0.678,0.492,,0.159,0.0,002; 002; 009; 009; 010; 001; 008; 005; 001; 008,0.75; 0.75; 0.69; 0.69; 0.68; 0.67; 0.67; 0.67; 0.67; 0.67,0.42; 0.42; 0.47; 0.47; 0.38; 0.45; 0.48; 0.44; 0.45; 0.48,2.211,2.149,0.8,0.286,0.113,0.0,0.153
2lepA_4hddA,010,80.0,34.0,0.77,0.406,0.753,0.409,0.0,0.464,0.0,001; 001; 002; 006; 006; 002; 009; 009; 010; 010,0.76; 0.76; 0.74; 0.74; 0.74; 0.74; 0.73; 0.73; 0.67; 0.67,0.42; 0.42; 0.44; 0.48; 0.48; 0.44; 0.48; 0.48; 0.38; 0.38,4.972,2.571,0.9,0.282,-0.001,0.0,0.094
2lepA_4hddA,011,75.0,27.0,0.684,0.375,0.747,0.409,0.0,0.385,0.0,003; 003; 002; 002; 001; 001; 005; 005; 006; 006,0.74; 0.74; 0.73; 0.73; 0.70; 0.70; 0.68; 0.68; 0.67; 0.67,0.43; 0.43; 0.43; 0.43; 0.42; 0.42; 0.38; 0.38; 0.46; 0.46,7.004,1.083,1.0,0.347,0.141,0.0,0.06
2lepA_4hddA,012,72.0,26.0,0.314,0.287,0.686,0.367,0.0,0.487,0.0,001; 001; 006; 006; 002; 002; 003; 003; 007; 007,0.75; 0.75; 0.74; 0.74; 0.72; 0.72; 0.70; 0.70; 0.68; 0.68,0.43; 0.43; 0.50; 0.50; 0.44; 0.44; 0.43; 0.43; 0.48; 0.48,5.868,1.247,1.0,0.318,0.107,0.0,0.042
2lepA_4hddA,013,71.0,17.0,0.705,0.428,0.702,0.438,0.0,0.421,0.0,001; 001; 003; 008; 003; 008; 002; 005; 002; 005,0.76; 0.76; 0.73; 0.73; 0.73; 0.73; 0.69; 0.69; 0.69; 0.69,0.42; 0.42; 0.44; 0.47; 0.44; 0.47; 0.43; 0.39; 0.43; 0.39,2.617,1.84,1.0,0.266,0.078,0.0,0.126
2lepA_4hddA,014,69.0,23.0,0.632,0.403,0.606,0.397,0.0,0.107,0.0,001; 001; 002; 003; 003; 002; 007; 007; 006; 004,0.76; 0.76; 0.75; 0.74; 0.74; 0.74; 0.72; 0.72; 0.70; 0.70,0.42; 0.42; 0.43; 0.44; 0.44; 0.43; 0.44; 0.44; 0.47; 0.43,4.299,2.313,0.9,0.239,0.153,0.0,0.1
2lepA_4hddA,015,69.0,26.0,0.691,0.417,0.678,0.416,0.0,0.151,0.0,004; 004; 005; 005; 001; 007; 001; 007; 008; 008,0.76; 0.76; 0.69; 0.69; 0.68; 0.68; 0.68; 0.68; 0.67; 0.67,0.43; 0.43; 0.50; 0.50; 0.43; 0.47; 0.43; 0.47; 0.50; 0.50,4.489,2.063,1.0,0.273,0.023,0.0,0.087
2lepA_4hddA,016,69.0,22.0,0.768,0.425,0.765,0.419,0.0,0.333,0.0,003; 003; 002; 002; 006; 009; 007; 006; 007; 009,0.75; 0.75; 0.74; 0.74; 0.73; 0.72; 0.72; 0.72; 0.72; 0.72,0.42; 0.42; 0.41; 0.41; 0.46; 0.43; 0.50; 0.46; 0.50; 0.43,5.8,2.829,1.0,0.378,0.008,0.0,0.11
2lepA_4hddA,017,67.0,6.0,0.746,0.44,0.728,0.447,0.0,0.457,0.0,001; 001; 002; 002; 005; 005; 007; 007; 009; 009,0.78; 0.78; 0.76; 0.76; 0.74; 0.74; 0.72; 0.72; 0.72; 0.72,0.42; 0.42; 0.40; 0.40; 0.47; 0.47; 0.40; 0.40; 0.41; 0.42,0.178,1.555,0.5,0.296,0.089,0.0,0.164
2lepA_4hddA,018,64.0,31.0,0.704,0.41,0.722,0.402,0.0,0.317,0.0,010; 010; 001; 001; 005; 006; 006; 005; 003; 003,0.77; 0.77; 0.75; 0.75; 0.73; 0.73; 0.73; 0.73; 0.73; 0.73,0.46; 0.45; 0.44; 0.44; 0.43; 0.49; 0.49; 0.43; 0.44; 0.44,6.354,1.956,1.0,0.317,0.109,0.0,0.046
2lepA_4hddA,019,63.0,30.0,0.501,0.355,0.691,0.422,0.0,0.164,0.0,003; 003; 004; 004; 006; 006; 005; 005; 001; 001,0.75; 0.75; 0.73; 0.73; 0.72; 0.72; 0.71; 0.71; 0.70; 0.70,0.43; 0.43; 0.43; 0.43; 0.45; 0.45; 0.44; 0.44; 0.44; 0.44,4.484,2.425,1.0,0.032,0.037,0.0,0.137
2lepA_4hddA,020,62.0,34.0,0.595,0.458,0.607,0.495,,,,,,,4.101,1.521,1.0,0.112,0.068,,0.084
2lepA_4hddA,021,62.0,21.0,0.739,0.411,0.764,0.404,,,,,,,5.29,2.801,1.0,0.355,-0.127,,0.082
2lepA_4hddA,022,62.0,13.0,0.689,0.409,0.739,0.452,,,,,,,0.518,1.963,0.5,0.292,0.155,,0.084
2lepA_4hddA,023,61.0,20.0,0.583,0.34,0.444,0.295,,,,,,,2.343,1.496,1.0,0.171,0.158,,0.05
2lepA_4hddA,024,60.0,20.0,0.474,0.351,0.473,0.326,,,,,,,6.287,1.932,1.0,0.172,0.067,,0.057
2lepA_4hddA,025,60.0,22.0,0.78,0.401,0.761,0.415,,,,,,,5.982,1.702,1.0,0.372,0.066,,0.019
2lepA_4hddA,026,60.0,13.0,0.748,0.409,0.73,0.441,,,,,,,0.7,2.346,0.6,0.349,0.012,,0.235
2lepA_4hddA,027,59.0,22.0,0.77,0.402,0.764,0.402,,,,,,,6.852,1.146,1.0,0.254,-0.139,,0.128
2lepA_4hddA,028,59.0,33.0,0.481,0.388,0.487,0.384,,,,,,,5.201,2.598,1.0,0.28,-0.044,,0.018
2lepA_4hddA,029,59.0,23.0,0.749,0.427,0.734,0.415,,,,,,,5.234,1.918,1.0,0.191,0.039,,0.08
2lepA_4hddA,030,59.0,16.0,0.712,0.434,0.667,0.43,,,,,,,1.773,1.956,0.8,0.274,0.131,,0.174
2lepA_4hddA,031,58.0,20.0,0.742,0.424,0.759,0.437,,,,,,,3.811,1.028,1.0,0.323,0.072,,0.084
2lepA_4hddA,032,56.0,19.0,0.659,0.387,0.732,0.403,,,,,,,5.632,2.028,1.0,0.345,0.033,,0.147
2lepA_4hddA,033,55.0,18.0,0.676,0.41,0.746,0.444,,,,,,,1.771,1.892,0.6,0.305,0.16,,0.112
2lepA_4hddA,034,53.0,4.0,0.721,0.408,0.712,0.424,,,,,,,0.787,1.611,0.6,0.266,0.093,,0.105
2lepA_4hddA,035,52.0,17.0,0.7,0.415,0.703,0.423,,,,,,,2.975,1.792,1.0,0.235,0.147,,0.158
2lepA_4hddA,036,52.0,14.0,0.711,0.434,0.709,0.426,,,,,,,4.531,1.845,1.0,0.255,0.0,,0.228
2lepA_4hddA,037,52.0,21.0,0.766,0.403,0.749,0.437,,,,,,,2.821,3.164,0.8,0.152,-0.08,,0.063
2lepA_4hddA,038,49.0,19.0,0.712,0.367,0.792,0.418,,,,,,,7.523,2.171,1.0,0.382,0.061,,0.127
2lepA_4hddA,039,48.0,22.0,0.732,0.421,0.728,0.43,,,,,,,5.601,1.197,1.0,0.101,-0.156,,0.009
2lepA_4hddA,040,48.0,26.0,0.698,0.408,0.741,0.407,,,,,,,7.293,1.619,1.0,0.203,0.104,,0.067
2lepA_4hddA,041,47.0,25.0,0.711,0.387,0.581,0.367,,,,,,,6.782,1.402,1.0,0.188,0.134,,0.104
2lepA_4hddA,042,47.0,13.0,0.637,0.296,0.587,0.341,,,,,,,3.179,1.521,1.0,0.244,0.168,,0.108
2lepA_4hddA,043,46.0,26.0,0.315,0.377,0.242,0.257,,,,,,,5.09,1.704,1.0,0.015,-0.1,,-0.002
2lepA_4hddA,044,46.0,28.0,0.734,0.4,0.747,0.432,,,,,,,4.373,2.027,1.0,0.318,0.078,,0.066
2lepA_4hddA,045,46.0,22.0,0.769,0.42,0.754,0.423,,,,,,,3.651,2.095,0.9,0.344,0.073,,0.23
2lepA_4hddA,046,46.0,4.0,0.727,0.518,0.734,0.498,,,,,,,-0.729,1.074,0.2,0.261,0.159,,0.225
2lepA_4hddA,047,45.0,28.0,0.68,0.452,0.679,0.44,,,,,,,4.818,1.357,1.0,-0.028,0.029,,0.19
2lepA_4hddA,048,45.0,12.0,0.721,0.411,0.67,0.388,,,,,,,5.164,2.0,1.0,0.17,0.076,,0.038
2lepA_4hddA,049,45.0,15.0,0.747,0.372,0.715,0.414,,,,,,,1.965,2.459,0.8,0.361,0.091,,0.204
2lepA_4hddA,050,44.0,15.0,0.724,0.422,0.712,0.424,,,,,,,0.165,1.687,0.3,0.198,0.12,,0.207
2lepA_4hddA,051,43.0,21.0,0.51,0.324,0.695,0.405,,,,,,,5.664,2.014,1.0,0.249,-0.109,,0.069
2lepA_4hddA,052,42.0,21.0,0.527,0.387,0.528,0.375,,,,,,,5.749,1.825,1.0,-0.017,-0.047,,0.019
2lepA_4hddA,053,42.0,11.0,0.66,0.395,0.601,0.372,,,,,,,6.387,1.286,1.0,0.222,0.09,,0.029
2lepA_4hddA,054,42.0,4.0,0.734,0.42,0.741,0.438,,,,,,,5.547,1.798,1.0,0.32,-0.018,,0.066
2lepA_4hddA,055,42.0,11.0,0.684,0.411,0.709,0.441,,,,,,,1.653,1.873,0.8,0.295,0.102,,0.124
2lepA_4hddA,056,41.0,19.0,0.748,0.431,0.752,0.436,,,,,,,5.591,2.264,1.0,0.365,-0.015,,0.161
2lepA_4hddA,057,41.0,21.0,0.776,0.417,0.747,0.438,,,,,,,4.585,1.626,1.0,0.357,-0.036,,0.174
2lepA_4hddA,058,41.0,13.0,0.723,0.461,0.735,0.455,,,,,,,5.242,1.106,1.0,0.259,-0.032,,0.144
2lepA_4hddA,059,41.0,13.0,0.643,0.458,0.724,0.465,,,,,,,3.889,2.083,1.0,0.234,0.124,,0.07
2lepA_4hddA,060,40.0,13.0,0.778,0.42,0.683,0.364,,,,,,,4.249,1.583,1.0,0.324,-0.034,,0.11
2lepA_4hddA,061,40.0,16.0,0.729,0.429,0.651,0.394,,,,,,,1.252,1.371,0.8,0.339,0.17,,0.124
2lepA_4hddA,062,39.0,24.0,0.713,0.469,0.68,0.452,,,,,,,4.558,1.34,1.0,0.182,-0.05,,0.133
2lepA_4hddA,063,38.0,17.0,0.731,0.465,0.725,0.478,,,,,,,5.348,1.087,1.0,0.141,0.166,,0.086
2lepA_4hddA,064,38.0,18.0,0.319,0.342,0.282,0.278,,,,,,,6.052,1.384,1.0,-0.075,0.116,,-0.003
2lepA_4hddA,065,38.0,13.0,0.769,0.422,0.744,0.433,,,,,,,5.504,1.705,1.0,0.363,-0.041,,0.168
2lepA_4hddA,066,38.0,22.0,0.391,0.395,0.505,0.407,,,,,,,2.263,1.37,0.9,0.12,-0.081,,0.048
2lepA_4hddA,067,38.0,13.0,0.741,0.427,0.737,0.429,,,,,,,2.962,1.672,1.0,0.026,0.154,,0.06
2lepA_4hddA,068,37.0,11.0,0.742,0.43,0.765,0.422,,,,,,,7.036,1.823,1.0,0.358,0.118,,0.257
2lepA_4hddA,069,37.0,18.0,0.594,0.384,0.759,0.429,,,,,,,5.889,1.008,1.0,0.344,0.052,,0.18
2lepA_4hddA,070,35.0,16.0,0.66,0.394,0.737,0.425,,,,,,,6.01,2.316,1.0,0.243,0.162,,0.052
2lepA_4hddA,071,35.0,1.0,0.765,0.423,0.748,0.451,,,,,,,-0.214,0.494,0.3,0.3,0.162,,0.098
2lepA_4hddA,072,33.0,6.0,0.368,0.275,0.429,0.292,,,,,,,6.059,0.878,1.0,0.379,-0.102,,0.042
2lepA_4hddA,073,33.0,19.0,0.726,0.445,0.736,0.453,,,,,,,6.025,1.113,1.0,0.318,0.087,,0.139
2lepA_4hddA,074,33.0,19.0,0.62,0.406,0.568,0.374,,,,,,,4.997,1.385,1.0,0.221,-0.061,,0.107
2lepA_4hddA,075,31.0,10.0,0.716,0.492,0.701,0.484,,,,,,,-0.144,0.861,0.5,0.22,0.147,,0.207
2lepA_4hddA,076,31.0,7.0,0.521,0.321,0.53,0.371,,,,,,,1.863,1.671,0.8,0.21,-0.02,,0.05
2lepA_4hddA,077,30.0,18.0,0.762,0.421,0.771,0.424,,,,,,,6.739,2.236,1.0,0.357,0.029,,0.112
2lepA_4hddA,078,30.0,16.0,0.784,0.416,0.764,0.417,,,,,,,5.205,1.645,1.0,0.376,0.048,,0.227
2lepA_4hddA,079,30.0,2.0,0.728,0.437,0.684,0.454,,,,,,,6.198,0.814,1.0,0.296,0.093,,0.08
2lepA_4hddA,080,30.0,9.0,0.488,0.342,0.498,0.344,,,,,,,1.388,2.01,0.8,0.166,0.168,,0.086
2lepA_4hddA,081,30.0,6.0,0.734,0.452,0.691,0.45,,,,,,,-0.29,0.913,0.3,0.282,0.159,,0.24
2lepA_4hddA,082,29.0,15.0,0.774,0.426,0.769,0.418,,,,,,,6.319,1.553,1.0,0.374,-0.001,,0.031
2lepA_4hddA,083,29.0,9.0,0.744,0.435,0.725,0.439,,,,,,,1.893,2.697,0.8,0.297,0.089,,0.097
2lepA_4hddA,084,28.0,10.0,0.749,0.422,0.737,0.435,,,,,,,8.533,2.276,1.0,0.309,0.068,,0.042
2lepA_4hddA,085,27.0,9.0,0.786,0.41,0.756,0.436,,,,,,,4.555,2.114,1.0,0.374,-0.119,,0.094
2lepA_4hddA,086,27.0,14.0,0.37,0.37,0.277,0.238,,,,,,,5.591,1.842,1.0,-0.055,-0.074,,0.003
2lepA_4hddA,087,27.0,1.0,0.721,0.523,0.735,0.519,,,,,,,0.274,0.528,0.6,0.2,0.067,,0.101
2lepA_4hddA,088,26.0,15.0,0.755,0.52,0.756,0.494,,,,,,,5.687,1.268,1.0,-0.086,-0.12,,0.174
2lepA_4hddA,089,26.0,8.0,0.612,0.372,0.621,0.378,,,,,,,7.389,1.87,1.0,0.212,0.093,,0.134
2lepA_4hddA,090,26.0,13.0,0.778,0.413,0.735,0.425,,,,,,,6.44,1.376,1.0,0.037,0.044,,0.285
2lepA_4hddA,091,25.0,8.0,0.772,0.518,0.75,0.486,,,,,,,3.565,1.12,1.0,-0.084,-0.15,,0.156
2lepA_4hddA,092,25.0,10.0,0.697,0.458,0.715,0.456,,,,,,,5.146,1.199,1.0,-0.122,0.017,,0.178
2lepA_4hddA,093,25.0,12.0,0.739,0.418,0.732,0.382,,,,,,,6.422,1.245,1.0,0.289,0.079,,0.114
2lepA_4hddA,094,24.0,16.0,0.587,0.336,0.504,0.245,,,,,,,4.673,1.777,1.0,0.245,-0.094,,0.15
2lepA_4hddA,095,24.0,2.0,0.773,0.422,0.779,0.417,,,,,,,1.388,1.446,0.8,0.359,0.159,,0.253
2lepA_4hddA,096,24.0,8.0,0.783,0.424,0.757,0.437,,,,,,,1.367,2.228,0.7,0.309,0.159,,0.068
2lepA_4hddA,097,24.0,2.0,0.75,0.513,0.729,0.494,,,,,,,-0.142,0.89,0.5,0.193,0.133,,0.174
2lepA_4hddA,098,24.0,9.0,0.741,0.443,0.741,0.405,,,,,,,1.092,1.624,0.8,0.301,0.152,,0.077
2lepA_4hddA,099,22.0,2.0,0.75,0.42,0.733,0.409,,,,,,,-0.182,0.362,0.3,0.296,0.059,,0.116
2lv1A_6lniA,Deep,,,0.593,0.275,0.595,0.275,0.235,0.13,0.21,,,,,,,,0.372,0.0,
2lv1A_6lniA,000,61.0,9.0,0.575,0.274,0.578,0.288,0.0,0.017,0.0,003; 003; 002; 002; 004; 004; 005; 005; 006; 006,0.52; 0.52; 0.50; 0.50; 0.48; 0.48; 0.47; 0.47; 0.46; 0.45,0.31; 0.31; 0.29; 0.28; 0.27; 0.27; 0.25; 0.24; 0.29; 0.28,-10.803,4.894,0.0,0.177,0.426,0.0,0.299
2lv1A_6lniA,001,46.0,1.0,0.313,0.271,0.346,0.268,0.154,0.087,0.133,001; 001; 004; 004; 003; 003; 008; 008; 005; 002,0.59; 0.59; 0.56; 0.56; 0.46; 0.46; 0.33; 0.33; 0.29; 0.28,0.32; 0.32; 0.28; 0.26; 0.27; 0.27; 0.27; 0.27; 0.26; 0.26,-8.918,5.567,0.0,0.136,0.442,0.0,0.127
2lv1A_6lniA,002,44.0,1.0,0.432,0.257,0.461,0.274,0.0,0.0,0.0,001; 001; 002; 002; 004; 003; 004; 003; 005; 005,0.57; 0.57; 0.54; 0.54; 0.51; 0.51; 0.51; 0.51; 0.47; 0.47,0.28; 0.26; 0.27; 0.28; 0.26; 0.28; 0.25; 0.27; 0.24; 0.27,-1.556,0.957,0.0,0.48,0.36,0.0,0.314
2lv1A_6lniA,003,44.0,2.0,0.456,0.285,0.469,0.316,,,,,,,-2.859,3.787,0.1,0.497,0.366,,0.304
2lv1A_6lniA,004,41.0,10.0,0.581,0.271,0.587,0.26,,,,,,,-5.842,3.449,0.1,0.381,0.445,,0.302
2lv1A_6lniA,005,36.0,4.0,0.576,0.28,0.587,0.303,,,,,,,-9.276,3.415,0.0,0.388,0.442,,0.304
2lv1A_6lniA,006,34.0,1.0,0.563,0.254,0.588,0.253,,,,,,,-7.193,4.428,0.0,0.257,0.4,,0.31
2lv1A_6lniA,007,33.0,1.0,0.275,0.274,0.466,0.258,,,,,,,-1.157,1.11,0.2,0.43,0.441,,0.129
2lv1A_6lniA,008,32.0,12.0,0.427,0.291,0.43,0.319,,,,,,,-5.155,4.384,0.0,0.537,0.175,,0.277
2lv1A_6lniA,009,32.0,1.0,0.418,0.309,0.458,0.238,,,,,,,-7.399,3.55,0.0,0.195,0.443,,0.118
2lv1A_6lniA,010,32.0,18.0,0.529,0.279,0.543,0.228,,,,,,,-9.223,5.808,0.0,0.235,0.386,,0.191
2lv1A_6lniA,011,31.0,11.0,0.297,0.257,0.468,0.225,,,,,,,-10.266,5.709,0.0,0.209,0.431,,0.164
2lv1A_6lniA,012,28.0,10.0,0.58,0.298,0.587,0.285,,,,,,,-12.439,6.361,0.0,0.316,0.431,,0.29
2lv1A_6lniA,013,27.0,1.0,0.306,0.26,0.458,0.258,,,,,,,-11.366,1.529,0.0,0.214,0.322,,0.122
2lv1A_6lniA,014,25.0,1.0,0.438,0.264,0.596,0.328,,,,,,,-1.643,1.704,0.2,0.502,0.347,,0.307
2lv1A_6lniA,015,24.0,6.0,0.169,0.212,0.17,0.208,,,,,,,-6.485,5.762,0.0,0.176,0.293,,0.068
2lv1A_6lniA,016,,,0.55,0.284,0.591,0.305,,,,,,,-6.945,3.425,0.0,0.158,0.292,,0.296
2lv1A_6lniA,017,23.0,1.0,0.21,0.197,0.22,0.248,,,,,,,-16.777,3.343,0.0,0.111,0.208,,0.139
2lv1A_6lniA,018,23.0,8.0,0.465,0.275,0.6,0.281,,,,,,,-2.652,0.694,0.0,0.401,0.32,,0.138
2lv1A_6lniA,019,23.0,1.0,0.565,0.276,0.589,0.266,,,,,,,-8.616,3.25,0.0,0.24,0.38,,0.272
2lv1A_6lniA,020,23.0,4.0,0.574,0.273,0.588,0.303,,,,,,,-8.515,4.728,0.0,0.339,0.415,,0.302
2lv1A_6lniA,021,21.0,1.0,0.237,0.27,0.37,0.304,,,,,,,-10.798,0.668,0.0,0.104,0.306,,0.114
2lv1A_6lniA,022,21.0,1.0,0.192,0.265,0.22,0.296,,,,,,,-17.525,4.46,0.0,0.25,0.193,,0.124
2lv1A_6lniA,023,20.0,13.0,0.435,0.268,0.453,0.301,,,,,,,-3.062,1.014,0.0,0.307,0.327,,0.293
2lv1A_6lniA,024,,,0.448,0.312,0.5,0.29,,,,,,,-12.676,1.897,0.0,0.281,0.29,,0.146
2lv1A_6lniA,025,16.0,2.0,0.518,0.233,0.595,0.281,,,,,,,-3.222,1.535,0.0,0.148,0.326,,0.114
2mwfA_2nntA,Deep,,,0.594,0.202,0.536,0.209,0.0,0.0,0.0,,,,,,,,0.114,0.218,
2mwfA_2nntA,000,5699.0,3677.0,0.564,0.194,0.55,0.172,0.0,0.0,0.0,004; 005; 004; 005; 001; 001; 003; 003; 002; 002,0.57; 0.57; 0.57; 0.57; 0.56; 0.56; 0.53; 0.53; 0.51; 0.51,0.24; 0.21; 0.24; 0.21; 0.18; 0.18; 0.22; 0.22; 0.22; 0.22,0.019,1.712,0.4,0.315,0.124,0.214,0.21
2mwfA_2nntA,001,1179.0,825.0,0.43,0.243,0.455,0.217,0.0,0.066,0.043,004; 004; 003; 003; 001; 001; 002; 002; 008; 008,0.58; 0.58; 0.55; 0.55; 0.54; 0.54; 0.49; 0.49; 0.47; 0.47,0.24; 0.24; 0.21; 0.21; 0.22; 0.22; 0.20; 0.20; 0.21; 0.22,-0.353,1.307,0.3,0.201,0.124,0.039,0.172
2mwfA_2nntA,002,1102.0,852.0,0.513,0.192,0.44,0.19,0.0,0.0,0.046,001; 001; 003; 003; 002; 002; 007; 007; 004; 004,0.58; 0.58; 0.55; 0.55; 0.54; 0.54; 0.52; 0.52; 0.50; 0.50,0.21; 0.21; 0.22; 0.22; 0.22; 0.21; 0.23; 0.23; 0.20; 0.20,0.494,1.752,0.5,0.265,0.124,0.109,0.168
2mwfA_2nntA,003,1032.0,809.0,0.499,0.177,0.489,0.183,0.0,0.032,0.0,002; 002; 003; 005; 005; 003; 001; 001; 009; 009,0.58; 0.58; 0.57; 0.57; 0.57; 0.57; 0.54; 0.54; 0.46; 0.46,0.23; 0.23; 0.25; 0.22; 0.22; 0.25; 0.21; 0.21; 0.22; 0.22,0.742,1.869,0.6,0.157,0.124,0.105,0.19
2mwfA_2nntA,004,761.0,557.0,0.566,0.204,0.546,0.214,0.0,0.0,0.0,002; 004; 005; 005; 004; 002; 006; 006; 001; 001,0.56; 0.56; 0.56; 0.56; 0.56; 0.56; 0.52; 0.52; 0.46; 0.46,0.26; 0.22; 0.21; 0.21; 0.22; 0.26; 0.22; 0.22; 0.18; 0.18,0.517,2.257,0.6,0.316,0.124,0.053,0.206
2mwfA_2nntA,005,749.0,276.0,0.51,0.188,0.55,0.19,0.0,0.0,0.043,001; 001; 002; 002; 005; 003; 003; 005; 006; 006,0.56; 0.56; 0.54; 0.54; 0.53; 0.53; 0.53; 0.53; 0.51; 0.51,0.21; 0.21; 0.21; 0.21; 0.18; 0.18; 0.18; 0.18; 0.23; 0.23,-0.216,1.57,0.5,0.347,0.124,0.091,0.126
2mwfA_2nntA,006,546.0,340.0,0.565,0.19,0.547,0.186,0.0,0.0,0.0,002; 002; 003; 003; 001; 001; 004; 004; 008; 008,0.57; 0.57; 0.56; 0.56; 0.55; 0.55; 0.53; 0.53; 0.51; 0.50,0.20; 0.20; 0.21; 0.21; 0.19; 0.19; 0.21; 0.21; 0.21; 0.21,-0.786,2.754,0.3,0.287,0.124,0.07,0.162
2mwfA_2nntA,007,418.0,178.0,0.502,0.187,0.5,0.208,0.0,0.0,0.0,006; 006; 003; 003; 002; 002; 001; 001; 005; 005,0.58; 0.58; 0.57; 0.57; 0.54; 0.54; 0.52; 0.52; 0.50; 0.50,0.22; 0.22; 0.21; 0.21; 0.19; 0.19; 0.22; 0.22; 0.19; 0.19,0.198,2.095,0.4,0.242,0.124,0.105,0.1
2mwfA_2nntA,008,410.0,310.0,0.505,0.192,0.556,0.164,0.0,0.0,0.0,004; 004; 002; 003; 003; 002; 005; 005; 001; 001,0.59; 0.59; 0.57; 0.57; 0.57; 0.56; 0.52; 0.52; 0.51; 0.51,0.19; 0.19; 0.18; 0.24; 0.24; 0.18; 0.18; 0.18; 0.20; 0.20,0.618,2.632,0.6,0.306,0.124,0.056,0.202
2mwfA_2nntA,009,395.0,270.0,0.456,0.193,0.508,0.183,0.0,0.0,0.044,001; 001; 004; 004; 003; 003; 005; 005; 008; 008,0.52; 0.52; 0.51; 0.51; 0.50; 0.50; 0.50; 0.50; 0.49; 0.48,0.20; 0.20; 0.18; 0.18; 0.18; 0.18; 0.21; 0.21; 0.25; 0.25,-0.149,2.223,0.5,0.318,0.124,0.105,0.197
2mwfA_2nntA,010,363.0,86.0,0.56,0.224,0.57,0.242,0.0,0.0,0.043,001; 001; 004; 004; 006; 006; 003; 005; 005; 003,0.56; 0.56; 0.54; 0.54; 0.53; 0.53; 0.52; 0.52; 0.52; 0.52,0.23; 0.23; 0.18; 0.18; 0.21; 0.21; 0.17; 0.20; 0.20; 0.17,-0.188,1.706,0.6,0.305,0.124,0.053,0.089
2mwfA_2nntA,011,333.0,194.0,0.572,0.203,0.565,0.189,0.0,0.0,0.0,001; 001; 003; 003; 004; 004; 005; 005; 008; 008,0.53; 0.53; 0.52; 0.52; 0.51; 0.51; 0.50; 0.50; 0.47; 0.47,0.20; 0.20; 0.19; 0.19; 0.21; 0.21; 0.18; 0.21; 0.24; 0.24,-0.146,2.292,0.4,0.325,0.124,0.021,0.154
2mwfA_2nntA,012,315.0,143.0,0.482,0.212,0.443,0.2,0.0,0.0,0.043,003; 003; 001; 001; 004; 004; 002; 002; 009; 010,0.60; 0.60; 0.54; 0.54; 0.52; 0.52; 0.47; 0.47; 0.45; 0.45,0.23; 0.23; 0.19; 0.19; 0.21; 0.21; 0.20; 0.20; 0.17; 0.21,0.218,1.763,0.5,0.268,0.124,0.004,0.15
2mwfA_2nntA,013,314.0,217.0,0.349,0.28,0.406,0.198,0.0,0.0,0.0,005; 005; 001; 004; 001; 004; 003; 003; 002; 002,0.57; 0.57; 0.54; 0.54; 0.54; 0.54; 0.53; 0.53; 0.50; 0.50,0.22; 0.22; 0.20; 0.20; 0.20; 0.20; 0.22; 0.22; 0.20; 0.20,0.084,2.247,0.5,0.2,0.124,0.07,0.111
2mwfA_2nntA,014,309.0,255.0,0.49,0.196,0.572,0.191,0.0,0.0,0.0,001; 001; 002; 002; 003; 003; 005; 005; 008; 010,0.60; 0.60; 0.57; 0.57; 0.56; 0.56; 0.54; 0.54; 0.48; 0.48,0.22; 0.22; 0.20; 0.20; 0.23; 0.23; 0.19; 0.19; 0.21; 0.22,-0.271,2.945,0.5,0.286,0.124,0.053,0.2
2mwfA_2nntA,015,303.0,131.0,0.461,0.214,0.469,0.206,0.0,0.0,0.0,001; 001; 003; 003; 004; 004; 002; 002; 006; 005,0.56; 0.56; 0.55; 0.55; 0.54; 0.54; 0.52; 0.52; 0.51; 0.51,0.21; 0.21; 0.19; 0.19; 0.17; 0.17; 0.24; 0.24; 0.21; 0.20,-0.395,2.644,0.3,0.244,0.124,0.088,0.15
2mwfA_2nntA,016,290.0,69.0,0.447,0.208,0.455,0.236,0.0,0.0,0.046,001; 001; 004; 004; 003; 003; 005; 005; 002; 006,0.58; 0.58; 0.52; 0.52; 0.51; 0.51; 0.50; 0.50; 0.46; 0.46,0.23; 0.23; 0.21; 0.21; 0.21; 0.19; 0.21; 0.21; 0.16; 0.19,-0.489,2.569,0.4,0.18,0.124,0.035,0.08
2mwfA_2nntA,017,289.0,234.0,0.512,0.219,0.474,0.204,0.0,0.0,0.0,003; 003; 001; 001; 002; 002; 008; 008; 009; 009,0.58; 0.58; 0.57; 0.57; 0.54; 0.54; 0.49; 0.49; 0.47; 0.47,0.18; 0.18; 0.21; 0.21; 0.21; 0.21; 0.21; 0.21; 0.19; 0.19,0.193,2.271,0.5,0.261,0.124,0.018,0.224
2mwfA_2nntA,018,288.0,236.0,0.437,0.186,0.442,0.228,0.0,0.0,0.042,003; 003; 006; 006; 005; 005; 001; 004; 001; 004,0.58; 0.57; 0.56; 0.56; 0.53; 0.53; 0.52; 0.52; 0.52; 0.52,0.23; 0.23; 0.22; 0.22; 0.21; 0.22; 0.19; 0.20; 0.19; 0.20,-0.054,1.63,0.6,0.21,0.124,0.053,0.154
2mwfA_2nntA,019,266.0,103.0,0.569,0.223,0.536,0.199,0.0,0.0,0.0,003; 003; 005; 005; 001; 001; 002; 002; 010; 010,0.59; 0.59; 0.57; 0.57; 0.56; 0.56; 0.53; 0.53; 0.45; 0.45,0.22; 0.22; 0.21; 0.21; 0.22; 0.22; 0.19; 0.19; 0.23; 0.19,-0.714,2.151,0.5,0.37,0.124,0.018,0.172
2mwfA_2nntA,020,254.0,186.0,0.507,0.192,0.522,0.197,0.0,0.041,0.0,004; 004; 005; 005; 006; 006; 001; 001; 003; 003,0.55; 0.55; 0.55; 0.55; 0.53; 0.53; 0.51; 0.51; 0.50; 0.50,0.22; 0.22; 0.19; 0.19; 0.20; 0.20; 0.19; 0.19; 0.20; 0.20,0.206,1.761,0.7,0.263,0.124,0.035,0.215
2mwfA_2nntA,021,254.0,155.0,0.437,0.17,0.443,0.183,,,,,,,-0.083,2.768,0.6,0.211,0.124,,0.082
2mwfA_2nntA,022,253.0,189.0,0.478,0.197,0.389,0.223,,,,,,,0.133,2.142,0.5,0.239,0.124,,0.218
2mwfA_2nntA,023,251.0,196.0,0.479,0.186,0.511,0.192,,,,,,,0.027,2.414,0.5,0.22,0.124,,0.142
2mwfA_2nntA,024,247.0,155.0,0.423,0.199,0.416,0.195,,,,,,,0.162,2.678,0.6,0.154,0.124,,0.07
2mwfA_2nntA,025,244.0,220.0,0.53,0.205,0.471,0.199,,,,,,,-0.055,2.305,0.6,0.324,0.124,,0.215
2mwfA_2nntA,026,242.0,171.0,0.488,0.186,0.466,0.185,,,,,,,0.033,2.278,0.6,0.244,0.124,,0.149
2mwfA_2nntA,027,235.0,107.0,0.394,0.194,0.42,0.196,,,,,,,-0.685,2.082,0.4,0.207,0.124,,0.03
2mwfA_2nntA,028,232.0,99.0,0.456,0.204,0.426,0.195,,,,,,,0.049,2.065,0.4,0.241,0.124,,0.142
2mwfA_2nntA,029,224.0,142.0,0.445,0.206,0.462,0.197,,,,,,,0.649,2.224,0.6,0.229,0.09,,0.101
2mwfA_2nntA,030,223.0,156.0,0.413,0.203,0.43,0.173,,,,,,,-0.946,2.07,0.5,0.119,0.114,,0.061
2mwfA_2nntA,031,220.0,140.0,0.459,0.213,0.424,0.224,,,,,,,-0.613,2.055,0.5,0.174,0.124,,0.05
2mwfA_2nntA,032,218.0,102.0,0.541,0.2,0.563,0.203,,,,,,,0.132,1.796,0.5,0.341,0.124,,0.141
2mwfA_2nntA,033,218.0,170.0,0.452,0.22,0.432,0.223,,,,,,,-1.055,2.316,0.4,0.207,0.124,,0.095
2mwfA_2nntA,034,215.0,124.0,0.423,0.206,0.43,0.212,,,,,,,-1.071,1.79,0.3,0.103,0.095,,0.095
2mwfA_2nntA,035,214.0,111.0,0.428,0.19,0.419,0.196,,,,,,,0.16,2.279,0.4,0.206,0.124,,0.043
2mwfA_2nntA,036,214.0,69.0,0.458,0.199,0.434,0.195,,,,,,,-0.66,2.283,0.5,0.221,0.124,,0.056
2mwfA_2nntA,037,209.0,118.0,0.464,0.184,0.429,0.201,,,,,,,0.73,2.221,0.6,0.188,0.124,,0.115
2mwfA_2nntA,038,196.0,167.0,0.511,0.187,0.51,0.187,,,,,,,0.114,2.993,0.5,0.257,0.124,,0.181
2mwfA_2nntA,039,196.0,75.0,0.459,0.202,0.437,0.203,,,,,,,-0.481,1.708,0.6,0.182,0.124,,0.037
2mwfA_2nntA,040,192.0,137.0,0.406,0.167,0.416,0.2,,,,,,,-0.391,1.668,0.3,0.161,0.095,,0.109
2mwfA_2nntA,041,186.0,162.0,0.508,0.169,0.485,0.211,,,,,,,-0.062,2.609,0.5,0.212,0.124,,0.181
2mwfA_2nntA,042,184.0,149.0,0.321,0.184,0.351,0.188,,,,,,,0.21,3.129,0.6,0.047,0.124,,0.037
2mwfA_2nntA,043,183.0,159.0,0.478,0.184,0.487,0.188,,,,,,,0.043,2.868,0.4,0.254,0.124,,0.169
2mwfA_2nntA,044,180.0,134.0,0.423,0.199,0.394,0.187,,,,,,,-0.027,1.96,0.6,0.177,0.124,,0.064
2mwfA_2nntA,045,178.0,51.0,0.419,0.185,0.32,0.208,,,,,,,-0.542,2.224,0.2,0.157,0.124,,0.031
2mwfA_2nntA,046,177.0,136.0,0.446,0.174,0.468,0.216,,,,,,,-1.045,2.714,0.5,0.186,0.124,,0.14
2mwfA_2nntA,047,177.0,141.0,0.429,0.208,0.451,0.197,,,,,,,0.018,1.944,0.6,0.187,0.124,,0.086
2mwfA_2nntA,048,176.0,116.0,0.445,0.192,0.41,0.185,,,,,,,-0.073,1.167,0.5,0.208,0.124,,0.115
2mwfA_2nntA,049,176.0,127.0,0.457,0.201,0.43,0.194,,,,,,,-1.023,2.078,0.3,0.189,0.124,,0.086
2mwfA_2nntA,050,172.0,148.0,0.484,0.183,0.521,0.187,,,,,,,0.129,2.257,0.5,0.27,0.124,,0.211
2mwfA_2nntA,051,165.0,36.0,0.438,0.177,0.439,0.164,,,,,,,-0.956,2.186,0.3,0.189,0.124,,0.066
2mwfA_2nntA,052,163.0,139.0,0.503,0.195,0.495,0.184,,,,,,,0.51,2.448,0.6,0.322,0.124,,0.213
2mwfA_2nntA,053,160.0,102.0,0.469,0.194,0.472,0.207,,,,,,,-0.362,2.044,0.5,0.265,0.124,,0.089
2mwfA_2nntA,054,160.0,120.0,0.505,0.193,0.548,0.193,,,,,,,-0.84,3.363,0.4,0.3,0.124,,0.217
2mwfA_2nntA,055,159.0,138.0,0.433,0.214,0.448,0.227,,,,,,,0.27,2.111,0.5,0.201,0.124,,0.138
2mwfA_2nntA,056,158.0,142.0,0.424,0.194,0.392,0.186,,,,,,,0.279,2.086,0.6,0.174,0.124,,0.093
2mwfA_2nntA,057,144.0,121.0,0.452,0.203,0.447,0.196,,,,,,,-1.109,2.033,0.2,0.168,0.124,,0.128
2mwfA_2nntA,058,143.0,130.0,0.454,0.167,0.471,0.172,,,,,,,-0.823,2.407,0.3,0.231,0.124,,0.174
2mwfA_2nntA,059,140.0,87.0,0.446,0.175,0.449,0.214,,,,,,,0.7,2.092,0.6,0.23,0.124,,0.178
2mwfA_2nntA,060,138.0,109.0,0.432,0.175,0.422,0.203,,,,,,,-0.478,2.344,0.4,0.168,0.124,,0.091
2mwfA_2nntA,061,138.0,114.0,0.462,0.18,0.425,0.172,,,,,,,-0.15,1.757,0.6,0.25,0.124,,0.118
2mwfA_2nntA,062,135.0,126.0,0.454,0.203,0.457,0.183,,,,,,,-0.716,2.591,0.3,0.228,0.124,,0.142
2mwfA_2nntA,063,130.0,101.0,0.424,0.178,0.415,0.19,,,,,,,0.247,2.762,0.5,0.165,0.124,,0.078
2mwfA_2nntA,064,128.0,108.0,0.504,0.196,0.509,0.187,,,,,,,-0.576,2.36,0.7,0.263,0.124,,0.147
2mwfA_2nntA,065,127.0,105.0,0.456,0.199,0.421,0.187,,,,,,,0.119,1.933,0.6,0.227,0.124,,0.137
2mwfA_2nntA,066,127.0,67.0,0.432,0.211,0.43,0.198,,,,,,,0.007,2.493,0.4,0.226,0.124,,0.042
2mwfA_2nntA,067,126.0,43.0,0.416,0.207,0.336,0.172,,,,,,,0.858,1.454,0.8,0.07,0.124,,0.046
2mwfA_2nntA,068,125.0,100.0,0.441,0.173,0.452,0.203,,,,,,,-0.571,1.921,0.5,0.103,0.124,,0.118
2mwfA_2nntA,069,124.0,103.0,0.471,0.219,0.489,0.235,,,,,,,0.393,2.009,0.5,0.088,0.124,,0.085
2mwfA_2nntA,070,124.0,97.0,0.431,0.183,0.424,0.192,,,,,,,-1.596,1.317,0.1,0.237,0.124,,0.106
2mwfA_2nntA,071,122.0,103.0,0.45,0.177,0.435,0.176,,,,,,,0.075,2.395,0.4,0.246,0.124,,0.144
2mwfA_2nntA,072,121.0,96.0,0.521,0.176,0.487,0.177,,,,,,,0.423,1.404,0.6,0.272,0.124,,0.22
2mwfA_2nntA,073,121.0,82.0,0.418,0.2,0.413,0.191,,,,,,,-0.143,2.433,0.5,0.186,0.124,,0.086
2mwfA_2nntA,074,113.0,64.0,0.409,0.159,0.421,0.172,,,,,,,0.048,2.11,0.6,0.205,0.124,,0.081
2mwfA_2nntA,075,112.0,101.0,0.482,0.184,0.47,0.198,,,,,,,0.489,1.933,0.6,0.255,0.124,,0.144
2mwfA_2nntA,076,110.0,88.0,0.465,0.207,0.476,0.21,,,,,,,0.17,2.261,0.6,0.211,0.124,,0.096
2mwfA_2nntA,077,108.0,79.0,0.433,0.214,0.427,0.197,,,,,,,0.629,2.987,0.4,0.134,0.124,,0.098
2mwfA_2nntA,078,108.0,96.0,0.503,0.216,0.483,0.201,,,,,,,-0.868,2.919,0.4,0.191,0.124,,0.21
2mwfA_2nntA,079,107.0,63.0,0.443,0.209,0.441,0.209,,,,,,,-0.538,2.388,0.5,0.179,0.124,,0.082
2mwfA_2nntA,080,107.0,96.0,0.439,0.184,0.465,0.178,,,,,,,-0.581,2.899,0.4,0.252,0.124,,0.097
2mwfA_2nntA,081,106.0,69.0,0.525,0.202,0.515,0.209,,,,,,,-0.155,2.182,0.4,0.286,0.124,,0.183
2mwfA_2nntA,082,103.0,91.0,0.487,0.197,0.463,0.178,,,,,,,-1.024,2.918,0.3,0.289,0.124,,0.206
2mwfA_2nntA,083,102.0,92.0,0.471,0.198,0.478,0.21,,,,,,,-2.154,2.314,0.2,0.306,0.124,,0.141
2mwfA_2nntA,084,102.0,86.0,0.428,0.189,0.436,0.186,,,,,,,-0.191,2.513,0.4,0.244,0.124,,0.118
2mwfA_2nntA,085,102.0,89.0,0.446,0.227,0.417,0.209,,,,,,,0.123,2.594,0.5,0.152,0.124,,0.1
2mwfA_2nntA,086,101.0,90.0,0.428,0.201,0.4,0.194,,,,,,,-0.308,2.872,0.5,0.195,0.124,,0.104
2mwfA_2nntA,087,99.0,78.0,0.479,0.167,0.436,0.184,,,,,,,-1.192,2.835,0.4,0.24,0.124,,0.191
2mwfA_2nntA,088,98.0,89.0,0.391,0.219,0.305,0.219,,,,,,,0.427,2.647,0.6,0.158,0.124,,0.075
2mwfA_2nntA,089,95.0,74.0,0.442,0.196,0.414,0.206,,,,,,,-0.237,2.633,0.5,0.142,0.124,,0.06
2mwfA_2nntA,090,87.0,55.0,0.344,0.223,0.327,0.247,,,,,,,-0.651,2.687,0.3,0.204,0.124,,0.098
2mwfA_2nntA,091,83.0,72.0,0.446,0.199,0.424,0.2,,,,,,,0.687,2.501,0.6,0.168,0.073,,0.089
2mwfA_2nntA,092,82.0,55.0,0.348,0.2,0.375,0.213,,,,,,,-1.123,2.874,0.5,0.101,0.124,,0.059
2mwfA_2nntA,093,81.0,66.0,0.527,0.195,0.457,0.194,,,,,,,-0.92,2.236,0.4,0.288,0.124,,0.23
2mwfA_2nntA,094,78.0,66.0,0.415,0.175,0.419,0.183,,,,,,,-0.447,2.94,0.4,0.091,0.124,,0.094
2mwfA_2nntA,095,63.0,55.0,0.429,0.199,0.431,0.181,,,,,,,-0.776,2.503,0.4,0.195,0.124,,0.106
2mwfA_2nntA,096,62.0,54.0,0.426,0.195,0.443,0.197,,,,,,,-0.175,1.951,0.4,0.259,0.124,,0.14
2mwfA_2nntA,097,61.0,54.0,0.447,0.21,0.428,0.202,,,,,,,-0.274,1.834,0.2,0.266,0.124,,0.215
2mwfA_2nntA,098,55.0,43.0,0.482,0.2,0.517,0.249,,,,,,,-0.22,2.132,0.4,0.278,0.124,,0.091
2mwfA_2nntA,099,46.0,42.0,0.515,0.214,0.476,0.23,,,,,,,0.013,2.975,0.4,0.331,0.124,,0.234
2n54B_2hdmA,Deep,,,0.336,0.77,0.336,0.782,0.095,0.068,0.153,,,,,,,,-0.101,-0.153,
2n54B_2hdmA,000,503.0,311.0,0.325,0.615,0.326,0.672,0.424,0.258,0.538,001; 008; 009; 008; 005; 003; 009; 001; 005; 003,0.33; 0.33; 0.33; 0.33; 0.33; 0.33; 0.33; 0.33; 0.33; 0.33,0.67; 0.72; 0.71; 0.72; 0.74; 0.54; 0.71; 0.67; 0.74; 0.55,1.739,2.115,0.7,-0.389,-0.124,-0.013,-0.195
2n54B_2hdmA,001,276.0,149.0,0.306,0.68,0.32,0.688,0.405,0.241,0.5,001; 002; 002; 001; 005; 006; 007; 008; 010; 005,0.33; 0.33; 0.33; 0.33; 0.32; 0.32; 0.32; 0.32; 0.32; 0.32,0.70; 0.66; 0.66; 0.70; 0.66; 0.66; 0.66; 0.69; 0.64; 0.66,0.737,2.231,0.6,-0.407,-0.144,0.0,-0.206
2n54B_2hdmA,002,194.0,90.0,0.263,0.367,0.283,0.278,0.0,0.0,0.0,009; 004; 004; 009; 002; 002; 001; 008; 007; 001,0.35; 0.35; 0.35; 0.35; 0.33; 0.33; 0.32; 0.32; 0.32; 0.32,0.42; 0.63; 0.63; 0.42; 0.70; 0.70; 0.68; 0.64; 0.70; 0.68,0.824,2.982,0.6,-0.431,-0.084,0.0,-0.044
2n54B_2hdmA,003,167.0,81.0,0.21,0.317,0.191,0.332,0.0,0.0,0.0,002; 005; 005; 002; 008; 008; 001; 007; 006; 003,0.34; 0.34; 0.34; 0.34; 0.32; 0.32; 0.30; 0.30; 0.30; 0.30,0.61; 0.64; 0.64; 0.61; 0.71; 0.71; 0.62; 0.66; 0.65; 0.65,0.676,2.718,0.5,-0.05,-0.179,0.0,-0.031
2n54B_2hdmA,004,161.0,93.0,0.328,0.687,0.33,0.688,0.022,0.013,0.046,010; 010; 002; 002; 008; 006; 005; 001; 008; 006,0.34; 0.34; 0.34; 0.34; 0.33; 0.33; 0.33; 0.33; 0.33; 0.33,0.60; 0.60; 0.61; 0.61; 0.62; 0.73; 0.67; 0.69; 0.62; 0.73,0.892,1.196,0.7,-0.148,0.034,0.0,-0.18
2n54B_2hdmA,005,129.0,23.0,0.506,0.36,0.505,0.294,0.231,0.229,0.179,004; 004; 007; 007; 003; 009; 006; 009; 006; 002,0.33; 0.33; 0.33; 0.33; 0.32; 0.32; 0.32; 0.32; 0.32; 0.32,0.58; 0.58; 0.71; 0.71; 0.64; 0.71; 0.68; 0.71; 0.68; 0.65,0.928,3.014,0.4,0.158,0.039,0.0,0.053
2n54B_2hdmA,006,120.0,75.0,0.326,0.657,0.328,0.665,0.216,0.206,0.168,001; 006; 006; 005; 003; 001; 005; 003; 007; 009,0.33; 0.33; 0.33; 0.33; 0.33; 0.33; 0.33; 0.33; 0.32; 0.32,0.68; 0.70; 0.70; 0.70; 0.75; 0.68; 0.70; 0.75; 0.69; 0.65,5.103,2.883,0.9,-0.138,-0.069,0.0,-0.1
2n54B_2hdmA,007,117.0,74.0,0.334,0.566,0.339,0.53,0.19,0.176,0.111,002; 002; 010; 003; 003; 004; 009; 008; 004; 008,0.34; 0.34; 0.32; 0.32; 0.32; 0.32; 0.32; 0.32; 0.32; 0.32,0.66; 0.66; 0.64; 0.71; 0.71; 0.70; 0.71; 0.71; 0.70; 0.71,1.454,2.76,0.6,-0.247,0.132,0.0,-0.111
2n54B_2hdmA,008,112.0,68.0,0.238,0.439,0.315,0.671,0.209,0.189,0.168,008; 008; 010; 010; 009; 006; 002; 002; 001; 009,0.34; 0.34; 0.32; 0.32; 0.31; 0.31; 0.31; 0.31; 0.31; 0.31,0.73; 0.73; 0.58; 0.58; 0.69; 0.74; 0.66; 0.66; 0.66; 0.69,0.01,1.471,0.4,-0.334,-0.185,0.0,-0.067
2n54B_2hdmA,009,110.0,53.0,0.311,0.445,0.34,0.616,0.493,0.275,0.456,001; 009; 009; 008; 004; 002; 002; 001; 008; 004,0.33; 0.33; 0.33; 0.33; 0.33; 0.33; 0.33; 0.33; 0.33; 0.33,0.68; 0.64; 0.64; 0.64; 0.62; 0.71; 0.71; 0.68; 0.63; 0.62,2.786,2.879,0.8,-0.145,0.011,0.0,-0.061
2n54B_2hdmA,010,107.0,71.0,0.244,0.467,0.248,0.399,0.394,0.203,0.414,009; 009; 003; 008; 008; 003; 001; 002; 007; 005,0.35; 0.35; 0.33; 0.33; 0.33; 0.33; 0.32; 0.32; 0.32; 0.32,0.69; 0.69; 0.56; 0.68; 0.68; 0.56; 0.66; 0.62; 0.68; 0.70,1.676,2.472,0.7,-0.111,-0.163,0.0,-0.102
2n54B_2hdmA,011,107.0,69.0,0.348,0.587,0.337,0.597,0.342,0.217,0.43,009; 009; 005; 006; 006; 005; 001; 002; 008; 007,0.34; 0.34; 0.33; 0.33; 0.33; 0.33; 0.32; 0.32; 0.32; 0.32,0.59; 0.59; 0.73; 0.71; 0.71; 0.73; 0.69; 0.67; 0.66; 0.67,1.71,2.121,0.7,-0.217,-0.011,0.0,-0.105
2n54B_2hdmA,012,106.0,66.0,0.344,0.623,0.318,0.622,0.0,0.016,0.054,001; 001; 002; 004; 006; 007; 006; 005; 004; 002,0.33; 0.33; 0.32; 0.32; 0.32; 0.32; 0.32; 0.32; 0.32; 0.32,0.65; 0.65; 0.61; 0.64; 0.70; 0.68; 0.70; 0.67; 0.64; 0.61,1.173,2.448,0.6,-0.361,0.043,0.0,-0.017
2n54B_2hdmA,013,101.0,29.0,0.315,0.654,0.316,0.666,0.056,0.02,0.024,010; 010; 006; 006; 001; 001; 002; 002; 003; 003,0.34; 0.34; 0.33; 0.33; 0.33; 0.33; 0.32; 0.32; 0.32; 0.32,0.73; 0.73; 0.72; 0.72; 0.71; 0.71; 0.64; 0.64; 0.57; 0.57,-0.28,1.73,0.3,-0.388,-0.087,0.0,-0.094
2n54B_2hdmA,014,96.0,44.0,0.253,0.417,0.314,0.698,0.453,0.209,0.388,010; 006; 005; 006; 002; 002; 010; 005; 001; 004,0.34; 0.34; 0.34; 0.34; 0.34; 0.34; 0.33; 0.33; 0.33; 0.33,0.75; 0.63; 0.62; 0.63; 0.63; 0.63; 0.74; 0.62; 0.68; 0.58,0.822,2.462,0.5,-0.212,-0.183,-0.013,-0.054
2n54B_2hdmA,015,96.0,65.0,0.306,0.581,0.327,0.612,0.0,0.099,0.048,009; 009; 003; 003; 001; 002; 008; 007; 005; 004,0.35; 0.35; 0.33; 0.33; 0.32; 0.32; 0.32; 0.32; 0.32; 0.32,0.56; 0.56; 0.60; 0.60; 0.65; 0.67; 0.72; 0.72; 0.70; 0.65,2.013,2.936,0.7,-0.371,0.109,0.0,-0.121
2n54B_2hdmA,016,96.0,63.0,0.346,0.508,0.314,0.54,0.216,0.206,0.134,002; 002; 004; 003; 004; 009; 007; 007; 009; 003,0.34; 0.34; 0.33; 0.33; 0.33; 0.33; 0.33; 0.33; 0.33; 0.33,0.64; 0.64; 0.70; 0.66; 0.70; 0.60; 0.66; 0.66; 0.60; 0.66,2.259,1.321,0.9,-0.331,0.145,0.0,-0.197
2n54B_2hdmA,017,95.0,54.0,0.325,0.62,0.305,0.631,0.293,0.248,0.217,010; 008; 008; 010; 006; 006; 002; 009; 007; 004,0.34; 0.34; 0.34; 0.34; 0.33; 0.33; 0.32; 0.32; 0.32; 0.32,0.55; 0.70; 0.70; 0.55; 0.72; 0.72; 0.65; 0.61; 0.71; 0.72,1.045,2.338,0.6,-0.342,-0.179,0.0,-0.08
2n54B_2hdmA,018,94.0,45.0,0.324,0.63,0.341,0.432,0.328,0.248,0.196,008; 008; 002; 002; 001; 005; 001; 005; 009; 009,0.34; 0.34; 0.34; 0.34; 0.33; 0.33; 0.33; 0.33; 0.32; 0.32,0.65; 0.65; 0.64; 0.64; 0.68; 0.69; 0.68; 0.68; 0.65; 0.65,2.5,2.93,0.8,-0.078,-0.155,0.0,-0.075
2n54B_2hdmA,019,93.0,57.0,0.316,0.488,0.333,0.636,0.0,0.099,0.032,008; 008; 001; 004; 003; 001; 004; 003; 006; 002,0.34; 0.34; 0.33; 0.33; 0.33; 0.33; 0.33; 0.33; 0.32; 0.32,0.63; 0.63; 0.69; 0.63; 0.64; 0.69; 0.63; 0.64; 0.72; 0.60,5.032,2.038,1.0,-0.173,-0.179,0.0,-0.034
2n54B_2hdmA,020,92.0,56.0,0.317,0.627,0.309,0.632,0.347,0.292,0.217,010; 010; 006; 006; 005; 004; 002; 001; 005; 004,0.34; 0.34; 0.33; 0.33; 0.32; 0.32; 0.32; 0.32; 0.32; 0.32,0.52; 0.52; 0.69; 0.69; 0.69; 0.71; 0.69; 0.70; 0.69; 0.71,0.186,1.898,0.7,-0.119,-0.17,0.0,-0.128
2n54B_2hdmA,021,92.0,60.0,0.315,0.698,0.307,0.679,,,,,,,0.799,3.028,0.6,-0.03,-0.144,,-0.208
2n54B_2hdmA,022,90.0,56.0,0.331,0.591,0.333,0.594,,,,,,,2.457,2.251,1.0,0.002,-0.087,,-0.045
2n54B_2hdmA,023,90.0,53.0,0.244,0.404,0.312,0.659,,,,,,,-0.434,2.094,0.4,-0.049,-0.121,,-0.055
2n54B_2hdmA,024,89.0,45.0,0.325,0.626,0.246,0.345,,,,,,,0.955,2.968,0.4,-0.407,0.102,,-0.194
2n54B_2hdmA,025,88.0,54.0,0.323,0.682,0.272,0.642,,,,,,,1.853,3.958,0.7,-0.209,-0.022,,-0.041
2n54B_2hdmA,026,88.0,58.0,0.337,0.665,0.322,0.671,,,,,,,0.868,2.319,0.8,-0.397,-0.136,,-0.057
2n54B_2hdmA,027,87.0,59.0,0.334,0.636,0.316,0.644,,,,,,,2.273,2.615,0.8,-0.373,-0.065,,-0.204
2n54B_2hdmA,028,87.0,41.0,0.314,0.55,0.277,0.514,,,,,,,0.629,1.761,0.6,-0.399,-0.017,,-0.149
2n54B_2hdmA,029,86.0,54.0,0.306,0.584,0.305,0.626,,,,,,,3.796,2.428,0.8,-0.296,-0.182,,-0.205
2n54B_2hdmA,030,86.0,52.0,0.303,0.634,0.323,0.669,,,,,,,3.528,3.296,0.9,-0.145,-0.13,,-0.193
2n54B_2hdmA,031,83.0,50.0,0.308,0.683,0.312,0.685,,,,,,,2.33,3.027,0.8,-0.397,-0.179,,-0.271
2n54B_2hdmA,032,83.0,55.0,0.314,0.559,0.334,0.643,,,,,,,2.559,1.741,1.0,-0.209,-0.002,,-0.07
2n54B_2hdmA,033,82.0,40.0,0.337,0.303,0.347,0.31,,,,,,,4.033,2.794,0.9,-0.273,-0.185,,0.003
2n54B_2hdmA,034,82.0,58.0,0.322,0.624,0.32,0.58,,,,,,,3.568,1.558,1.0,-0.042,-0.143,,-0.26
2n54B_2hdmA,035,82.0,41.0,0.251,0.488,0.247,0.397,,,,,,,1.515,2.438,0.7,-0.165,-0.162,,-0.055
2n54B_2hdmA,036,82.0,51.0,0.32,0.665,0.318,0.683,,,,,,,-0.792,1.796,0.3,-0.212,-0.145,,-0.148
2n54B_2hdmA,037,81.0,3.0,0.391,0.346,0.526,0.292,,,,,,,0.102,0.881,0.6,-0.005,0.151,,-0.016
2n54B_2hdmA,038,81.0,16.0,0.398,0.31,0.443,0.319,,,,,,,1.362,2.319,0.7,-0.172,0.072,,-0.013
2n54B_2hdmA,039,80.0,52.0,0.321,0.571,0.318,0.646,,,,,,,3.669,1.791,1.0,-0.07,-0.182,,-0.042
2n54B_2hdmA,040,79.0,63.0,0.311,0.652,0.318,0.65,,,,,,,-1.918,2.279,0.2,-0.419,-0.077,,-0.037
2n54B_2hdmA,041,78.0,40.0,0.259,0.313,0.332,0.701,,,,,,,1.185,1.757,0.6,-0.36,-0.115,,-0.064
2n54B_2hdmA,042,77.0,42.0,0.232,0.359,0.334,0.69,,,,,,,1.429,2.032,0.7,-0.401,-0.137,,-0.028
2n54B_2hdmA,043,75.0,45.0,0.325,0.312,0.393,0.29,,,,,,,1.891,3.141,0.7,0.138,-0.136,,-0.016
2n54B_2hdmA,044,73.0,46.0,0.214,0.385,0.252,0.324,,,,,,,4.181,3.008,0.9,-0.045,-0.06,,-0.04
2n54B_2hdmA,045,73.0,40.0,0.239,0.292,0.219,0.35,,,,,,,1.267,2.668,0.6,-0.373,-0.132,,-0.032
2n54B_2hdmA,046,71.0,43.0,0.268,0.235,0.236,0.218,,,,,,,4.375,1.866,1.0,-0.089,-0.062,,-0.029
2n54B_2hdmA,047,71.0,51.0,0.32,0.569,0.316,0.57,,,,,,,0.533,1.533,0.6,-0.223,-0.08,,-0.207
2n54B_2hdmA,048,69.0,38.0,0.275,0.451,0.324,0.58,,,,,,,3.227,3.192,0.9,-0.127,-0.133,,-0.037
2n54B_2hdmA,049,69.0,18.0,0.324,0.532,0.319,0.598,,,,,,,0.675,2.999,0.5,-0.32,-0.148,,-0.019
2n54B_2hdmA,050,66.0,19.0,0.283,0.523,0.346,0.452,,,,,,,-0.885,1.887,0.3,-0.266,-0.102,,-0.112
2n54B_2hdmA,051,65.0,40.0,0.337,0.298,0.345,0.274,,,,,,,2.699,1.582,1.0,0.051,-0.177,,-0.002
2n54B_2hdmA,052,65.0,37.0,0.21,0.408,0.309,0.618,,,,,,,2.679,1.399,1.0,-0.01,-0.13,,-0.034
2n54B_2hdmA,053,65.0,40.0,0.292,0.451,0.292,0.621,,,,,,,1.671,2.087,0.8,-0.014,-0.178,,-0.029
2n54B_2hdmA,054,64.0,35.0,0.295,0.565,0.333,0.629,,,,,,,1.43,2.756,0.8,-0.372,-0.125,,-0.034
2n54B_2hdmA,055,64.0,39.0,0.311,0.609,0.317,0.623,,,,,,,1.068,1.836,0.6,-0.138,-0.103,,-0.115
2n54B_2hdmA,056,63.0,49.0,0.286,0.568,0.385,0.357,,,,,,,3.458,2.319,1.0,-0.276,-0.043,,-0.115
2n54B_2hdmA,057,63.0,40.0,0.339,0.575,0.259,0.342,,,,,,,1.077,2.016,0.6,0.047,-0.181,,-0.046
2n54B_2hdmA,058,63.0,29.0,0.351,0.524,0.316,0.519,,,,,,,3.489,2.416,0.9,-0.137,-0.125,,-0.038
2n54B_2hdmA,059,63.0,35.0,0.325,0.648,0.326,0.625,,,,,,,5.029,1.865,1.0,-0.092,-0.184,,-0.11
2n54B_2hdmA,060,63.0,36.0,0.286,0.441,0.323,0.686,,,,,,,-0.001,2.165,0.4,-0.437,-0.113,,-0.104
2n54B_2hdmA,061,62.0,42.0,0.324,0.631,0.317,0.637,,,,,,,1.365,1.513,0.9,-0.076,-0.049,,-0.197
2n54B_2hdmA,062,62.0,2.0,0.237,0.244,0.213,0.361,,,,,,,1.608,2.175,0.7,-0.081,-0.167,,-0.023
2n54B_2hdmA,063,61.0,42.0,0.329,0.681,0.325,0.659,,,,,,,-0.311,1.31,0.5,-0.268,-0.176,,-0.215
2n54B_2hdmA,064,60.0,41.0,0.335,0.571,0.324,0.623,,,,,,,3.061,2.599,0.8,0.053,-0.042,,-0.223
2n54B_2hdmA,065,59.0,33.0,0.331,0.576,0.31,0.628,,,,,,,3.259,2.442,1.0,-0.213,-0.186,,-0.05
2n54B_2hdmA,066,59.0,31.0,0.308,0.562,0.295,0.633,,,,,,,0.599,1.481,0.4,-0.366,-0.057,,-0.131
2n54B_2hdmA,067,58.0,33.0,0.335,0.654,0.325,0.641,,,,,,,3.165,2.03,0.9,-0.121,-0.1,,-0.071
2n54B_2hdmA,068,58.0,34.0,0.316,0.544,0.308,0.676,,,,,,,5.14,1.708,1.0,-0.229,-0.185,,-0.088
2n54B_2hdmA,069,57.0,40.0,0.334,0.397,0.32,0.596,,,,,,,4.977,2.052,1.0,-0.081,-0.182,,-0.036
2n54B_2hdmA,070,57.0,29.0,0.33,0.624,0.353,0.64,,,,,,,4.927,1.94,1.0,-0.015,-0.14,,-0.134
2n54B_2hdmA,071,56.0,11.0,0.24,0.299,0.198,0.317,,,,,,,1.353,1.791,0.8,-0.162,-0.184,,-0.026
2n54B_2hdmA,072,55.0,29.0,0.253,0.445,0.277,0.565,,,,,,,5.062,2.417,1.0,-0.403,-0.186,,-0.152
2n54B_2hdmA,073,54.0,40.0,0.271,0.586,0.324,0.617,,,,,,,0.589,2.536,0.5,-0.285,-0.136,,-0.097
2n54B_2hdmA,074,54.0,26.0,0.319,0.655,0.324,0.658,,,,,,,4.259,1.93,1.0,-0.095,-0.182,,-0.045
2n54B_2hdmA,075,53.0,13.0,0.437,0.396,0.517,0.304,,,,,,,0.091,1.38,0.6,-0.046,-0.004,,0.013
2n54B_2hdmA,076,53.0,28.0,0.325,0.643,0.315,0.635,,,,,,,1.152,1.634,0.7,-0.387,-0.167,,-0.204
2n54B_2hdmA,077,53.0,29.0,0.343,0.637,0.318,0.661,,,,,,,3.303,1.865,1.0,-0.399,-0.025,,-0.177
2n54B_2hdmA,078,53.0,35.0,0.318,0.662,0.316,0.638,,,,,,,1.009,2.188,0.5,-0.396,-0.167,,-0.163
2n54B_2hdmA,079,52.0,30.0,0.324,0.641,0.326,0.712,,,,,,,3.076,2.262,1.0,-0.155,-0.155,,-0.038
2n54B_2hdmA,080,51.0,27.0,0.327,0.682,0.323,0.678,,,,,,,0.585,1.622,0.7,-0.352,-0.151,,-0.162
2n54B_2hdmA,081,51.0,34.0,0.332,0.692,0.323,0.689,,,,,,,0.87,2.286,0.6,-0.059,-0.038,,-0.153
2n54B_2hdmA,082,51.0,31.0,0.306,0.615,0.329,0.654,,,,,,,1.253,1.232,0.9,-0.39,0.069,,-0.051
2n54B_2hdmA,083,50.0,18.0,0.204,0.223,0.277,0.235,,,,,,,2.623,2.506,0.9,-0.387,0.003,,-0.025
2n54B_2hdmA,084,50.0,32.0,0.318,0.657,0.299,0.648,,,,,,,4.713,1.826,1.0,-0.365,-0.128,,-0.044
2n54B_2hdmA,085,50.0,36.0,0.303,0.604,0.317,0.549,,,,,,,1.633,1.704,0.9,-0.3,0.118,,-0.222
2n54B_2hdmA,086,48.0,27.0,0.325,0.689,0.326,0.681,,,,,,,1.693,2.647,0.7,-0.28,0.012,,-0.181
2n54B_2hdmA,087,48.0,26.0,0.349,0.579,0.323,0.681,,,,,,,3.567,1.503,1.0,-0.381,-0.156,,-0.049
2n54B_2hdmA,088,48.0,33.0,0.327,0.68,0.323,0.654,,,,,,,0.656,2.04,0.6,-0.335,-0.133,,-0.259
2n54B_2hdmA,089,46.0,26.0,0.33,0.668,0.32,0.683,,,,,,,1.394,1.983,0.8,-0.368,-0.139,,-0.051
2n54B_2hdmA,090,46.0,25.0,0.315,0.677,0.317,0.658,,,,,,,2.053,2.063,0.7,-0.158,-0.149,,-0.112
2n54B_2hdmA,091,46.0,24.0,0.309,0.643,0.325,0.69,,,,,,,-0.419,1.691,0.5,-0.35,-0.185,,-0.062
2n54B_2hdmA,092,46.0,39.0,0.342,0.58,0.326,0.577,,,,,,,1.413,1.859,0.9,-0.264,0.067,,-0.172
2n54B_2hdmA,093,43.0,27.0,0.333,0.579,0.334,0.637,,,,,,,0.753,2.411,0.5,-0.23,-0.067,,-0.221
2n54B_2hdmA,094,40.0,25.0,0.298,0.619,0.301,0.627,,,,,,,0.925,2.324,0.5,-0.357,-0.161,,-0.246
2n54B_2hdmA,095,39.0,28.0,0.323,0.616,0.328,0.637,,,,,,,2.821,2.22,0.9,-0.377,-0.17,,-0.195
2n54B_2hdmA,096,37.0,25.0,0.328,0.67,0.311,0.677,,,,,,,2.312,1.933,0.9,-0.198,-0.153,,-0.083
2n54B_2hdmA,097,37.0,22.0,0.319,0.539,0.302,0.543,,,,,,,2.966,2.036,0.9,-0.357,-0.185,,-0.173
2n54B_2hdmA,098,34.0,28.0,0.347,0.644,0.333,0.654,,,,,,,1.946,2.35,0.8,0.053,-0.144,,-0.174
2n54B_2hdmA,099,33.0,20.0,0.326,0.68,0.311,0.662,,,,,,,1.924,2.043,0.8,-0.206,-0.183,,-0.071
2namA_1uxmK,Deep,,,0.171,0.989,0.185,0.989,0.028,0.023,0.49,,,,,,,,-0.375,-0.217,
2namA_1uxmK,000,1817.0,1125.0,0.163,0.52,0.196,0.769,0.028,0.022,0.492,008; 008; 009; 009; 001; 006; 005; 003; 001; 006,0.20; 0.20; 0.19; 0.19; 0.18; 0.18; 0.18; 0.18; 0.18; 0.18,0.90; 0.90; 0.47; 0.47; 0.97; 0.78; 0.86; 0.68; 0.97; 0.79,43.728,20.389,0.9,-0.78,-0.361,-0.118,-0.295
2namA_1uxmK,001,1067.0,758.0,0.193,0.555,0.183,0.849,0.021,0.017,0.448,001; 003; 003; 006; 006; 004; 005; 008; 008; 005,0.18; 0.18; 0.18; 0.18; 0.18; 0.17; 0.17; 0.17; 0.17; 0.17,0.98; 0.81; 0.81; 0.57; 0.57; 0.71; 0.94; 0.80; 0.80; 0.94,39.063,21.004,1.0,-0.632,-0.236,-0.023,-0.348
2namA_1uxmK,002,787.0,492.0,0.183,0.689,0.175,0.906,0.0,0.051,0.004,002; 002; 001; 004; 003; 001; 004; 003; 007; 007,0.18; 0.18; 0.17; 0.17; 0.17; 0.17; 0.17; 0.17; 0.16; 0.16,0.86; 0.86; 0.86; 0.83; 0.76; 0.86; 0.83; 0.76; 0.81; 0.81,36.312,19.233,1.0,-0.498,-0.361,-0.022,-0.343
2namA_1uxmK,003,782.0,577.0,0.173,0.763,0.177,0.9,0.041,0.033,0.351,006; 001; 006; 001; 002; 002; 005; 007; 005; 007,0.20; 0.19; 0.19; 0.19; 0.18; 0.18; 0.17; 0.17; 0.17; 0.17,0.84; 0.79; 0.84; 0.79; 0.85; 0.85; 0.83; 0.68; 0.83; 0.67,40.037,14.488,1.0,-0.521,-0.337,-0.001,-0.401
2namA_1uxmK,004,626.0,460.0,0.191,0.554,0.154,0.793,0.011,0.036,0.134,010; 010; 001; 001; 005; 009; 005; 004; 004; 009,0.20; 0.20; 0.19; 0.19; 0.18; 0.18; 0.18; 0.18; 0.18; 0.18,0.83; 0.83; 0.85; 0.85; 0.85; 0.76; 0.85; 0.85; 0.85; 0.76,46.03,15.841,1.0,-0.25,-0.314,0.002,-0.417
2namA_1uxmK,005,553.0,396.0,0.18,0.802,0.172,0.872,0.0,0.0,0.047,003; 003; 001; 002; 009; 007; 005; 002; 001; 009,0.19; 0.19; 0.17; 0.17; 0.17; 0.17; 0.17; 0.17; 0.17; 0.17,0.81; 0.81; 0.90; 0.80; 0.88; 0.35; 0.59; 0.80; 0.90; 0.88,42.222,16.69,1.0,-0.605,-0.286,-0.012,-0.372
2namA_1uxmK,006,516.0,361.0,0.184,0.467,0.192,0.428,0.0,0.028,0.039,002; 003; 003; 005; 008; 007; 008; 007; 005; 001,0.18; 0.17; 0.17; 0.17; 0.17; 0.17; 0.17; 0.17; 0.17; 0.16,0.71; 0.63; 0.63; 0.90; 0.54; 0.75; 0.54; 0.75; 0.90; 0.82,49.621,14.317,1.0,-0.351,-0.318,-0.004,-0.209
2namA_1uxmK,007,502.0,411.0,0.189,0.408,0.177,0.735,0.0,0.055,0.004,006; 002; 006; 005; 002; 009; 004; 005; 009; 001,0.19; 0.18; 0.18; 0.18; 0.18; 0.17; 0.17; 0.17; 0.17; 0.16,0.81; 0.83; 0.81; 0.82; 0.83; 0.76; 0.25; 0.82; 0.76; 0.79,41.7,17.239,1.0,-0.64,-0.386,0.0,-0.23
2namA_1uxmK,008,491.0,339.0,0.167,0.498,0.168,0.616,0.045,0.044,0.416,003; 003; 006; 006; 001; 009; 009; 001; 005; 002,0.23; 0.22; 0.18; 0.18; 0.17; 0.17; 0.17; 0.17; 0.17; 0.16,0.24; 0.24; 0.17; 0.19; 0.99; 0.84; 0.84; 0.99; 0.63; 0.77,39.375,15.505,1.0,-0.39,-0.3,0.0,-0.132
2namA_1uxmK,009,450.0,363.0,0.176,0.652,0.167,0.769,0.01,0.033,0.047,007; 002; 001; 010; 004; 003; 002; 001; 004; 003,0.18; 0.18; 0.17; 0.17; 0.17; 0.17; 0.17; 0.17; 0.17; 0.17,0.75; 0.76; 0.84; 0.71; 0.88; 0.88; 0.76; 0.84; 0.88; 0.88,40.347,16.157,1.0,-0.428,-0.204,0.013,-0.35
2namA_1uxmK,010,449.0,328.0,0.201,0.638,0.196,0.631,0.011,0.018,0.22,001; 002; 002; 001; 005; 006; 009; 006; 009; 007,0.18; 0.18; 0.18; 0.18; 0.17; 0.17; 0.17; 0.17; 0.17; 0.16,0.85; 0.81; 0.81; 0.85; 0.75; 0.69; 0.84; 0.69; 0.84; 0.79,40.372,15.133,1.0,-0.582,-0.337,0.013,-0.312
2namA_1uxmK,011,436.0,276.0,0.17,0.931,0.168,0.988,0.0,0.023,0.043,007; 007; 002; 004; 008; 002; 001; 008; 003; 001,0.19; 0.19; 0.18; 0.18; 0.18; 0.18; 0.17; 0.17; 0.17; 0.17,0.83; 0.83; 0.82; 0.80; 0.82; 0.82; 0.89; 0.82; 0.72; 0.89,38.347,20.99,1.0,-0.198,-0.33,-0.009,-0.586
2namA_1uxmK,012,432.0,314.0,0.161,0.646,0.172,0.735,0.01,0.025,0.055,004; 004; 005; 009; 005; 009; 006; 002; 002; 001,0.18; 0.18; 0.18; 0.18; 0.18; 0.17; 0.17; 0.17; 0.17; 0.16,0.88; 0.88; 0.80; 0.81; 0.80; 0.81; 0.74; 0.60; 0.60; 0.83,49.785,10.495,1.0,-0.368,-0.253,-0.002,-0.326
2namA_1uxmK,013,380.0,238.0,0.195,0.675,0.178,0.84,0.0,0.007,0.018,006; 006; 002; 008; 004; 007; 001; 007; 004; 003,0.21; 0.19; 0.18; 0.18; 0.18; 0.18; 0.17; 0.17; 0.17; 0.17,0.71; 0.71; 0.72; 0.46; 0.85; 0.76; 0.96; 0.76; 0.85; 0.64,37.535,19.365,1.0,-0.539,-0.211,-0.002,-0.369
2namA_1uxmK,014,320.0,182.0,0.181,0.749,0.176,0.868,0.008,0.014,0.505,010; 005; 005; 010; 006; 002; 009; 006; 003; 002,0.19; 0.19; 0.19; 0.19; 0.18; 0.17; 0.17; 0.17; 0.17; 0.17,0.84; 0.84; 0.84; 0.84; 0.82; 0.71; 0.81; 0.82; 0.88; 0.72,42.393,14.149,1.0,-0.57,-0.331,-0.002,-0.222
2namA_1uxmK,015,313.0,223.0,0.167,0.466,0.149,0.452,0.014,0.023,0.029,002; 001; 008; 005; 003; 002; 001; 005; 003; 009,0.18; 0.17; 0.17; 0.17; 0.17; 0.17; 0.17; 0.17; 0.17; 0.16,0.73; 0.74; 0.71; 0.77; 0.58; 0.73; 0.74; 0.77; 0.58; 0.66,40.192,20.848,0.9,-0.21,-0.149,-0.002,-0.302
2namA_1uxmK,016,280.0,208.0,0.206,0.537,0.16,0.49,0.03,0.024,0.45,001; 002; 005; 003; 002; 001; 005; 010; 003; 010,0.19; 0.19; 0.19; 0.19; 0.19; 0.19; 0.19; 0.18; 0.18; 0.18,0.94; 0.93; 0.85; 0.71; 0.93; 0.94; 0.85; 0.81; 0.71; 0.81,46.285,8.439,1.0,-0.554,-0.284,0.0,-0.226
2namA_1uxmK,017,274.0,221.0,0.175,0.401,0.15,0.751,0.0,0.016,0.013,003; 007; 003; 007; 004; 004; 008; 006; 008; 006,0.19; 0.19; 0.19; 0.18; 0.17; 0.17; 0.17; 0.17; 0.17; 0.17,0.89; 0.76; 0.89; 0.76; 0.60; 0.60; 0.50; 0.86; 0.50; 0.86,50.768,14.374,1.0,-0.334,-0.374,0.0,-0.278
2namA_1uxmK,018,271.0,195.0,0.173,0.577,0.159,0.572,0.052,0.036,0.308,002; 002; 001; 010; 006; 001; 006; 010; 009; 004,0.18; 0.18; 0.17; 0.17; 0.17; 0.17; 0.17; 0.17; 0.16; 0.16,0.84; 0.83; 0.99; 0.66; 0.68; 0.99; 0.68; 0.66; 0.65; 0.74,39.648,16.247,1.0,-0.447,-0.328,0.0,-0.358
2namA_1uxmK,019,253.0,149.0,0.164,0.519,0.161,0.757,0.023,0.018,0.39,001; 010; 003; 002; 002; 001; 003; 010; 008; 009,0.18; 0.18; 0.18; 0.18; 0.18; 0.18; 0.18; 0.18; 0.16; 0.16,0.96; 0.89; 0.81; 0.90; 0.90; 0.96; 0.81; 0.89; 0.38; 0.35,41.712,9.67,1.0,-0.476,-0.281,0.0,-0.379
2namA_1uxmK,020,248.0,181.0,0.16,0.844,0.17,0.961,0.011,0.017,0.059,004; 004; 001; 009; 009; 008; 002; 002; 001; 008,0.21; 0.21; 0.17; 0.17; 0.17; 0.17; 0.17; 0.17; 0.17; 0.17,0.75; 0.75; 0.94; 0.75; 0.75; 0.73; 0.83; 0.83; 0.94; 0.73,44.341,15.513,1.0,-0.484,-0.253,0.0,-0.3
2namA_1uxmK,021,247.0,177.0,0.181,0.538,0.16,0.786,,,,,,,40.47,11.387,1.0,-0.541,-0.34,,-0.121
2namA_1uxmK,022,242.0,175.0,0.18,0.631,0.164,0.766,,,,,,,42.115,19.464,1.0,-0.357,-0.287,,-0.289
2namA_1uxmK,023,223.0,154.0,0.146,0.253,0.175,0.238,,,,,,,49.791,10.694,1.0,-0.187,-0.233,,-0.099
2namA_1uxmK,024,214.0,130.0,0.16,0.47,0.162,0.499,,,,,,,42.13,12.255,1.0,-0.387,-0.27,,-0.129
2namA_1uxmK,025,210.0,95.0,0.187,0.466,0.165,0.66,,,,,,,43.852,8.826,1.0,-0.358,-0.25,,-0.314
2namA_1uxmK,026,202.0,149.0,0.15,0.731,0.145,0.776,,,,,,,42.229,9.564,1.0,-0.557,-0.322,,-0.432
2namA_1uxmK,027,202.0,84.0,0.188,0.679,0.162,0.842,,,,,,,26.933,15.021,1.0,-0.546,-0.378,,-0.371
2namA_1uxmK,028,201.0,140.0,0.142,0.487,0.145,0.664,,,,,,,50.06,13.536,1.0,-0.342,-0.314,,-0.23
2namA_1uxmK,029,195.0,155.0,0.184,0.414,0.15,0.688,,,,,,,52.212,10.784,1.0,-0.37,-0.311,,-0.279
2namA_1uxmK,030,193.0,159.0,0.172,0.613,0.167,0.695,,,,,,,52.638,14.121,1.0,-0.44,-0.201,,-0.41
2namA_1uxmK,031,191.0,125.0,0.169,0.655,0.177,0.685,,,,,,,46.915,8.791,1.0,-0.519,-0.364,,-0.326
2namA_1uxmK,032,185.0,153.0,0.157,0.603,0.158,0.598,,,,,,,44.571,13.745,1.0,-0.347,-0.329,,-0.363
2namA_1uxmK,033,184.0,136.0,0.165,0.661,0.158,0.73,,,,,,,57.554,8.028,1.0,-0.394,-0.227,,-0.412
2namA_1uxmK,034,184.0,131.0,0.186,0.553,0.183,0.796,,,,,,,43.362,16.488,1.0,-0.42,-0.378,,-0.336
2namA_1uxmK,035,182.0,138.0,0.169,0.578,0.175,0.599,,,,,,,51.052,8.947,1.0,-0.472,-0.24,,-0.293
2namA_1uxmK,036,182.0,25.0,0.198,0.327,0.206,0.697,,,,,,,26.498,20.651,0.9,-0.685,-0.384,,-0.172
2namA_1uxmK,037,179.0,134.0,0.161,0.605,0.167,0.685,,,,,,,49.059,13.469,1.0,-0.437,-0.091,,-0.391
2namA_1uxmK,038,179.0,82.0,0.189,0.636,0.169,0.879,,,,,,,33.902,15.99,1.0,-0.488,-0.366,,-0.267
2namA_1uxmK,039,178.0,139.0,0.164,0.685,0.154,0.749,,,,,,,41.647,10.224,1.0,-0.285,-0.363,,-0.428
2namA_1uxmK,040,171.0,124.0,0.194,0.699,0.155,0.82,,,,,,,54.668,11.644,1.0,-0.557,-0.27,,-0.435
2namA_1uxmK,041,169.0,68.0,0.182,0.654,0.188,0.735,,,,,,,39.262,15.752,1.0,-0.498,-0.326,,-0.344
2namA_1uxmK,042,166.0,118.0,0.167,0.315,0.169,0.306,,,,,,,52.721,9.856,1.0,-0.393,-0.238,,-0.123
2namA_1uxmK,043,160.0,39.0,0.183,0.634,0.175,0.812,,,,,,,33.987,21.62,1.0,-0.645,-0.372,,-0.289
2namA_1uxmK,044,160.0,88.0,0.174,0.592,0.166,0.69,,,,,,,34.429,15.68,1.0,-0.531,-0.311,,-0.325
2namA_1uxmK,045,159.0,110.0,0.163,0.653,0.165,0.655,,,,,,,35.637,18.568,1.0,-0.445,-0.386,,-0.287
2namA_1uxmK,046,158.0,97.0,0.189,0.673,0.177,0.835,,,,,,,34.736,18.141,1.0,-0.464,-0.383,,-0.416
2namA_1uxmK,047,157.0,108.0,0.189,0.554,0.162,0.582,,,,,,,47.239,9.944,1.0,-0.419,-0.309,,-0.342
2namA_1uxmK,048,153.0,131.0,0.159,0.507,0.164,0.597,,,,,,,49.085,7.933,1.0,-0.318,-0.151,,-0.205
2namA_1uxmK,049,150.0,109.0,0.17,0.525,0.161,0.736,,,,,,,57.063,10.697,1.0,-0.315,-0.319,,-0.393
2namA_1uxmK,050,150.0,114.0,0.169,0.616,0.165,0.719,,,,,,,48.079,9.684,1.0,-0.376,-0.333,,-0.409
2namA_1uxmK,051,144.0,97.0,0.162,0.579,0.185,0.734,,,,,,,46.63,9.713,1.0,-0.545,-0.284,,-0.344
2namA_1uxmK,052,142.0,94.0,0.189,0.649,0.189,0.796,,,,,,,41.26,13.836,1.0,-0.322,-0.326,,-0.268
2namA_1uxmK,053,140.0,102.0,0.155,0.548,0.16,0.58,,,,,,,55.646,8.581,1.0,-0.272,-0.279,,-0.358
2namA_1uxmK,054,138.0,93.0,0.183,0.514,0.166,0.525,,,,,,,46.735,8.385,1.0,-0.417,-0.272,,-0.242
2namA_1uxmK,055,135.0,91.0,0.181,0.543,0.185,0.569,,,,,,,53.844,10.03,1.0,-0.297,-0.354,,-0.256
2namA_1uxmK,056,135.0,102.0,0.166,0.699,0.183,0.903,,,,,,,35.033,16.158,1.0,-0.27,-0.318,,-0.246
2namA_1uxmK,057,133.0,112.0,0.158,0.562,0.166,0.681,,,,,,,47.957,15.835,1.0,-0.408,-0.171,,-0.36
2namA_1uxmK,058,131.0,98.0,0.182,0.602,0.166,0.695,,,,,,,41.64,14.794,1.0,-0.322,-0.252,,-0.351
2namA_1uxmK,059,129.0,75.0,0.223,0.453,0.217,0.452,,,,,,,33.096,17.895,1.0,-0.442,-0.243,,-0.182
2namA_1uxmK,060,125.0,88.0,0.168,0.643,0.158,0.743,,,,,,,40.03,11.456,1.0,-0.466,-0.316,,-0.137
2namA_1uxmK,061,125.0,80.0,0.184,0.557,0.168,0.802,,,,,,,40.083,14.927,1.0,-0.382,-0.284,,-0.32
2namA_1uxmK,062,120.0,98.0,0.15,0.659,0.15,0.732,,,,,,,38.245,12.355,1.0,-0.513,-0.32,,-0.404
2namA_1uxmK,063,120.0,76.0,0.192,0.406,0.17,0.422,,,,,,,57.465,8.999,1.0,-0.337,-0.247,,-0.154
2namA_1uxmK,064,118.0,87.0,0.202,0.844,0.174,0.941,,,,,,,40.475,16.477,1.0,-0.147,-0.197,,-0.583
2namA_1uxmK,065,117.0,89.0,0.167,0.675,0.167,0.738,,,,,,,51.998,12.061,1.0,-0.283,-0.373,,-0.377
2namA_1uxmK,066,116.0,99.0,0.178,0.657,0.161,0.759,,,,,,,49.145,10.354,1.0,-0.325,-0.347,,-0.306
2namA_1uxmK,067,115.0,74.0,0.16,0.555,0.189,0.548,,,,,,,44.525,10.874,1.0,-0.528,-0.251,,-0.274
2namA_1uxmK,068,110.0,82.0,0.158,0.57,0.161,0.692,,,,,,,50.708,11.933,1.0,-0.281,-0.286,,-0.314
2namA_1uxmK,069,108.0,77.0,0.189,0.631,0.165,0.696,,,,,,,53.598,11.249,1.0,-0.366,-0.299,,-0.409
2namA_1uxmK,070,108.0,43.0,0.198,0.658,0.176,0.763,,,,,,,30.875,13.454,1.0,-0.535,-0.331,,-0.383
2namA_1uxmK,071,105.0,86.0,0.171,0.639,0.176,0.795,,,,,,,51.43,11.851,1.0,-0.365,-0.233,,-0.346
2namA_1uxmK,072,101.0,66.0,0.182,0.515,0.182,0.473,,,,,,,51.484,10.695,1.0,-0.112,-0.213,,-0.133
2namA_1uxmK,073,92.0,36.0,0.161,0.56,0.155,0.543,,,,,,,47.036,11.45,1.0,-0.463,-0.374,,-0.358
2namA_1uxmK,074,89.0,71.0,0.177,0.684,0.176,0.739,,,,,,,49.022,8.641,1.0,-0.439,-0.311,,-0.378
2namA_1uxmK,075,89.0,72.0,0.174,0.684,0.156,0.756,,,,,,,42.889,15.085,1.0,-0.338,-0.153,,-0.288
2namA_1uxmK,076,87.0,71.0,0.184,0.52,0.165,0.542,,,,,,,50.001,7.145,1.0,-0.163,-0.248,,-0.339
2namA_1uxmK,077,87.0,69.0,0.144,0.48,0.167,0.443,,,,,,,35.667,15.747,1.0,-0.402,-0.303,,-0.303
2namA_1uxmK,078,83.0,67.0,0.16,0.621,0.165,0.662,,,,,,,50.241,13.839,1.0,-0.491,-0.293,,-0.383
2namA_1uxmK,079,80.0,64.0,0.187,0.673,0.145,0.834,,,,,,,40.575,10.872,1.0,-0.563,-0.236,,-0.386
2namA_1uxmK,080,78.0,62.0,0.155,0.741,0.154,0.783,,,,,,,37.926,10.258,1.0,-0.627,-0.265,,-0.56
2namA_1uxmK,081,77.0,59.0,0.153,0.723,0.173,0.854,,,,,,,35.838,13.951,1.0,-0.441,-0.251,,-0.462
2namA_1uxmK,082,70.0,56.0,0.151,0.645,0.162,0.801,,,,,,,52.726,9.289,1.0,-0.307,-0.304,,-0.331
2namA_1uxmK,083,66.0,54.0,0.169,0.487,0.161,0.584,,,,,,,46.497,11.868,1.0,-0.387,-0.323,,-0.359
2namA_1uxmK,084,64.0,49.0,0.187,0.506,0.157,0.594,,,,,,,42.651,7.528,1.0,-0.442,-0.21,,-0.201
2namA_1uxmK,085,59.0,43.0,0.168,0.795,0.155,0.809,,,,,,,56.993,7.874,1.0,-0.326,-0.36,,-0.456
2namA_1uxmK,086,58.0,41.0,0.188,0.463,0.179,0.849,,,,,,,27.469,12.27,1.0,-0.471,-0.287,,-0.147
2namA_1uxmK,087,55.0,47.0,0.17,0.283,0.157,0.579,,,,,,,50.12,9.236,1.0,-0.342,-0.244,,-0.134
2namA_1uxmK,088,54.0,39.0,0.159,0.808,0.161,0.795,,,,,,,37.873,7.13,1.0,-0.439,-0.317,,-0.41
2namA_1uxmK,089,54.0,46.0,0.146,0.411,0.15,0.381,,,,,,,36.073,9.697,1.0,-0.202,-0.294,,-0.164
2namA_1uxmK,090,51.0,41.0,0.17,0.565,0.158,0.773,,,,,,,45.138,9.581,1.0,-0.244,-0.337,,-0.156
2namA_1uxmK,091,47.0,38.0,0.185,0.645,0.166,0.83,,,,,,,51.784,15.747,1.0,-0.498,-0.311,,-0.412
2namA_1uxmK,092,46.0,37.0,0.193,0.837,0.176,0.918,,,,,,,49.036,15.193,1.0,-0.11,-0.244,,-0.577
2namA_1uxmK,093,44.0,39.0,0.157,0.43,0.187,0.389,,,,,,,40.337,14.717,1.0,-0.175,-0.247,,-0.242
2namA_1uxmK,094,43.0,37.0,0.162,0.53,0.157,0.607,,,,,,,48.347,10.399,1.0,-0.425,-0.341,,-0.341
2namA_1uxmK,095,42.0,29.0,0.196,0.451,0.177,0.684,,,,,,,33.88,9.627,1.0,-0.167,-0.295,,-0.181
2namA_1uxmK,096,35.0,27.0,0.165,0.629,0.175,0.756,,,,,,,53.861,12.74,1.0,-0.501,-0.38,,-0.322
2namA_1uxmK,097,35.0,30.0,0.178,0.532,0.161,0.64,,,,,,,39.417,16.273,1.0,-0.466,-0.308,,-0.413
2namA_1uxmK,098,35.0,26.0,0.181,0.7,0.164,0.804,,,,,,,46.31,8.549,1.0,-0.263,-0.303,,-0.376
2namA_1uxmK,099,29.0,24.0,0.18,0.513,0.166,0.412,,,,,,,53.531,10.336,1.0,-0.193,-0.319,,-0.124
2p3vD_2p3vA,Deep,,,0.94,0.975,0.96,0.939,0.477,0.478,0.498,,,,,,,,0.027,0.002,
2p3vD_2p3vA,000,666.0,619.0,0.885,0.905,0.882,0.909,0.471,0.468,0.492,001; 001; 003; 004; 008; 008; 004; 003; 007; 007,0.97; 0.97; 0.88; 0.88; 0.88; 0.88; 0.88; 0.88; 0.87; 0.87,0.94; 0.94; 0.86; 0.86; 0.86; 0.86; 0.86; 0.86; 0.84; 0.84,-2.31,3.835,0.3,0.0,-0.019,0.0,0.0
2p3vD_2p3vA,001,642.0,576.0,0.685,0.662,0.772,0.751,0.468,0.468,0.477,005; 005; 006; 006; 001; 002; 004; 002; 001; 004,0.91; 0.91; 0.89; 0.89; 0.88; 0.88; 0.88; 0.88; 0.88; 0.88,0.90; 0.90; 0.87; 0.87; 0.86; 0.86; 0.87; 0.86; 0.86; 0.87,0.011,2.917,0.2,0.0,0.004,0.0,0.0
2p3vD_2p3vA,002,529.0,493.0,0.855,0.85,0.837,0.859,0.089,0.09,0.089,001; 001; 005; 005; 006; 008; 008; 006; 004; 004,0.90; 0.90; 0.89; 0.89; 0.86; 0.86; 0.86; 0.86; 0.86; 0.86,0.87; 0.87; 0.86; 0.86; 0.85; 0.83; 0.83; 0.85; 0.87; 0.87,-2.272,4.731,0.4,0.0,-0.005,0.0,0.0
2p3vD_2p3vA,003,468.0,417.0,0.858,0.845,0.864,0.893,0.053,0.056,0.057,001; 001; 003; 003; 004; 004; 005; 005; 002; 006,0.91; 0.91; 0.89; 0.89; 0.88; 0.88; 0.86; 0.86; 0.85; 0.85,0.89; 0.89; 0.86; 0.86; 0.86; 0.86; 0.88; 0.88; 0.87; 0.83,-2.334,3.484,0.4,0.0,-0.031,0.0,0.0
2p3vD_2p3vA,004,431.0,407.0,0.87,0.884,0.888,0.915,0.447,0.445,0.461,001; 002; 002; 001; 006; 007; 006; 007; 005; 005,0.89; 0.89; 0.89; 0.89; 0.88; 0.88; 0.88; 0.88; 0.86; 0.86,0.87; 0.87; 0.87; 0.87; 0.86; 0.86; 0.86; 0.86; 0.84; 0.84,-0.163,2.605,0.6,0.0,0.022,0.0,0.0
2p3vD_2p3vA,005,397.0,380.0,0.792,0.772,0.868,0.85,0.138,0.137,0.154,001; 004; 004; 001; 006; 006; 007; 007; 009; 009,0.93; 0.93; 0.93; 0.93; 0.91; 0.91; 0.90; 0.90; 0.86; 0.86,0.91; 0.90; 0.90; 0.91; 0.89; 0.89; 0.88; 0.88; 0.88; 0.88,0.477,4.398,0.5,0.0,-0.011,0.0,0.0
2p3vD_2p3vA,006,388.0,376.0,0.89,0.882,0.88,0.914,0.494,0.495,0.5,001; 001; 002; 002; 006; 006; 007; 007; 003; 003,0.97; 0.97; 0.91; 0.91; 0.90; 0.90; 0.89; 0.89; 0.88; 0.88,0.94; 0.94; 0.89; 0.89; 0.89; 0.89; 0.87; 0.87; 0.86; 0.86,-0.838,2.594,0.4,0.0,-0.008,0.0,0.0
2p3vD_2p3vA,007,372.0,354.0,0.79,0.793,0.878,0.902,0.056,0.061,0.056,001; 001; 002; 002; 004; 004; 003; 003; 006; 006,0.89; 0.89; 0.88; 0.88; 0.87; 0.87; 0.86; 0.86; 0.80; 0.80,0.87; 0.87; 0.86; 0.86; 0.85; 0.85; 0.88; 0.88; 0.82; 0.82,-0.468,3.196,0.6,0.0,-0.029,0.0,0.0
2p3vD_2p3vA,008,294.0,280.0,0.859,0.879,0.89,0.915,0.076,0.084,0.081,002; 002; 001; 008; 008; 001; 005; 005; 007; 004,0.89; 0.89; 0.88; 0.88; 0.88; 0.88; 0.87; 0.87; 0.86; 0.86,0.87; 0.87; 0.87; 0.85; 0.85; 0.87; 0.86; 0.86; 0.86; 0.84,-1.692,3.47,0.2,0.0,-0.005,0.0,0.0
2p3vD_2p3vA,009,246.0,238.0,0.805,0.781,0.858,0.889,0.477,0.48,0.492,001; 001; 004; 008; 008; 004; 003; 003; 009; 009,0.89; 0.89; 0.87; 0.87; 0.87; 0.87; 0.85; 0.85; 0.84; 0.84,0.87; 0.87; 0.85; 0.88; 0.88; 0.85; 0.82; 0.82; 0.87; 0.87,-0.714,2.481,0.4,0.0,0.004,0.0,0.0
2p3vD_2p3vA,010,216.0,206.0,0.418,0.416,0.503,0.503,0.132,0.133,0.145,001; 001; 005; 005; 004; 006; 006; 004; 007; 007,0.91; 0.91; 0.90; 0.90; 0.89; 0.89; 0.89; 0.89; 0.87; 0.87,0.88; 0.88; 0.88; 0.88; 0.87; 0.86; 0.86; 0.87; 0.85; 0.85,-0.242,2.525,0.4,0.0,-0.004,0.0,0.0
2p3vD_2p3vA,011,157.0,150.0,0.454,0.454,0.504,0.501,0.152,0.153,0.157,007; 007; 001; 006; 001; 006; 005; 005; 008; 008,0.92; 0.92; 0.91; 0.91; 0.91; 0.90; 0.90; 0.90; 0.88; 0.88,0.90; 0.90; 0.88; 0.89; 0.88; 0.89; 0.87; 0.87; 0.86; 0.86,0.05,2.212,0.5,0.0,0.001,0.0,0.0
2p3vD_2p3vA,012,155.0,147.0,0.784,0.784,0.837,0.848,0.437,0.442,0.452,001; 001; 004; 004; 005; 005; 003; 002; 003; 002,0.92; 0.92; 0.91; 0.91; 0.90; 0.90; 0.89; 0.89; 0.89; 0.89,0.90; 0.90; 0.89; 0.89; 0.88; 0.88; 0.86; 0.86; 0.86; 0.86,-0.908,3.262,0.4,0.0,0.011,0.0,0.0
2p3vD_2p3vA,013,149.0,140.0,0.799,0.794,0.789,0.769,0.064,0.068,0.078,001; 008; 008; 001; 006; 006; 002; 002; 009; 009,0.92; 0.92; 0.92; 0.92; 0.91; 0.91; 0.90; 0.90; 0.89; 0.89,0.89; 0.90; 0.90; 0.89; 0.89; 0.89; 0.88; 0.88; 0.91; 0.91,-1.703,3.277,0.5,0.0,0.0,0.0,0.0
2p3vD_2p3vA,014,138.0,132.0,0.495,0.515,0.517,0.548,0.108,0.11,0.105,001; 001; 006; 006; 002; 007; 007; 002; 008; 008,0.93; 0.93; 0.91; 0.91; 0.90; 0.90; 0.90; 0.89; 0.88; 0.87,0.90; 0.90; 0.89; 0.89; 0.88; 0.87; 0.87; 0.88; 0.89; 0.90,-0.263,2.525,0.4,0.0,-0.032,0.0,0.0
2p3vD_2p3vA,015,132.0,123.0,0.936,0.97,0.933,0.966,0.123,0.122,0.143,004; 004; 009; 009; 002; 002; 006; 006; 003; 005,0.88; 0.88; 0.86; 0.86; 0.85; 0.85; 0.82; 0.82; 0.81; 0.81,0.90; 0.90; 0.84; 0.84; 0.83; 0.83; 0.80; 0.80; 0.83; 0.80,-1.599,3.0,0.4,0.0,-0.028,0.0,0.0
2p3vD_2p3vA,016,132.0,130.0,0.798,0.782,0.469,0.442,0.104,0.106,0.103,001; 006; 006; 001; 007; 008; 007; 008; 002; 002,0.92; 0.92; 0.92; 0.92; 0.89; 0.89; 0.89; 0.89; 0.88; 0.88,0.90; 0.89; 0.89; 0.90; 0.87; 0.87; 0.87; 0.87; 0.86; 0.86,-2.676,2.753,0.2,0.0,-0.022,0.0,0.0
2p3vD_2p3vA,017,122.0,116.0,0.782,0.759,0.868,0.849,0.089,0.094,0.084,005; 005; 006; 006; 001; 004; 001; 004; 002; 002,0.93; 0.93; 0.92; 0.92; 0.90; 0.90; 0.90; 0.90; 0.89; 0.89,0.92; 0.92; 0.90; 0.90; 0.88; 0.88; 0.88; 0.88; 0.87; 0.87,-0.221,1.403,0.5,0.0,0.017,0.0,0.0
2p3vD_2p3vA,018,122.0,117.0,0.914,0.943,0.937,0.972,0.478,0.485,0.485,004; 004; 001; 001; 005; 002; 002; 005; 007; 003,0.92; 0.92; 0.90; 0.90; 0.88; 0.88; 0.88; 0.88; 0.87; 0.87,0.90; 0.90; 0.87; 0.87; 0.85; 0.86; 0.86; 0.85; 0.84; 0.85,0.429,2.316,0.6,0.0,-0.003,0.0,0.0
2p3vD_2p3vA,019,110.0,93.0,0.253,0.252,0.231,0.234,,,,,,,-0.074,2.976,0.5,0.0,-0.024,,0.0
2p3vD_2p3vA,020,98.0,95.0,0.796,0.808,0.846,0.864,,,,,,,0.265,3.365,0.4,0.0,-0.006,,0.0
2p3vD_2p3vA,021,92.0,83.0,0.416,0.415,0.577,0.575,,,,,,,-0.942,2.794,0.3,0.0,-0.021,,0.0
2p3vD_2p3vA,022,78.0,67.0,0.914,0.938,0.937,0.973,,,,,,,-1.472,1.879,0.3,0.0,-0.029,,0.0
2p3vD_2p3vA,023,75.0,71.0,0.949,0.931,0.937,0.97,,,,,,,0.592,3.629,0.7,0.0,0.002,,0.0
2p3vD_2p3vA,024,73.0,71.0,0.668,0.663,0.686,0.682,,,,,,,-0.039,2.878,0.5,0.0,-0.015,,0.0
2p3vD_2p3vA,025,67.0,59.0,0.548,0.547,0.87,0.9,,,,,,,1.233,2.118,0.7,0.0,-0.029,,0.0
2p3vD_2p3vA,026,66.0,63.0,0.684,0.677,0.672,0.662,,,,,,,-2.113,2.891,0.2,0.0,-0.011,,0.0
2p3vD_2p3vA,027,64.0,63.0,0.634,0.653,0.679,0.69,,,,,,,-2.685,2.705,0.1,0.0,-0.016,,0.0
2p3vD_2p3vA,028,56.0,54.0,0.397,0.397,0.541,0.542,,,,,,,1.886,3.331,0.9,0.0,0.008,,0.0
2p3vD_2p3vA,029,53.0,50.0,0.935,0.964,0.933,0.968,,,,,,,0.316,2.505,0.5,0.0,-0.002,,0.0
2p3vD_2p3vA,030,53.0,53.0,0.838,0.859,0.741,0.734,,,,,,,0.131,2.705,0.6,0.0,0.003,,0.0
2p3vD_2p3vA,031,52.0,50.0,0.745,0.734,0.764,0.784,,,,,,,-1.081,2.284,0.3,0.0,0.005,,0.0
2p3vD_2p3vA,032,50.0,39.0,0.499,0.477,0.461,0.438,,,,,,,-1.535,2.812,0.4,0.0,-0.007,,0.0
2p3vD_2p3vA,033,48.0,48.0,0.519,0.518,0.585,0.583,,,,,,,0.956,2.843,0.5,0.0,-0.001,,0.0
2p3vD_2p3vA,034,47.0,41.0,0.249,0.248,0.397,0.396,,,,,,,0.847,1.52,0.7,0.0,0.0,,0.0
2p3vD_2p3vA,035,47.0,45.0,0.719,0.703,0.755,0.738,,,,,,,-2.551,2.744,0.2,0.0,-0.027,,0.0
2p3vD_2p3vA,036,47.0,44.0,0.874,0.893,0.873,0.897,,,,,,,-2.42,2.862,0.3,0.0,-0.024,,0.0
2p3vD_2p3vA,037,47.0,44.0,0.782,0.789,0.822,0.847,,,,,,,-0.517,2.006,0.4,0.0,-0.016,,0.0
2p3vD_2p3vA,038,45.0,43.0,0.654,0.674,0.741,0.771,,,,,,,-0.846,2.127,0.4,0.0,-0.019,,0.0
2p3vD_2p3vA,039,43.0,43.0,0.508,0.521,0.588,0.57,,,,,,,0.19,2.827,0.4,0.0,-0.022,,0.0
2p3vD_2p3vA,040,41.0,40.0,0.566,0.564,0.558,0.557,,,,,,,-3.367,1.868,0.0,0.0,-0.02,,0.0
2p3vD_2p3vA,041,41.0,37.0,0.8,0.821,0.873,0.899,,,,,,,-1.208,2.096,0.4,0.0,0.006,,0.0
2p3vD_2p3vA,042,39.0,35.0,0.856,0.834,0.935,0.971,,,,,,,2.332,3.621,0.7,0.0,-0.031,,0.0
2p3vD_2p3vA,043,38.0,37.0,0.933,0.915,0.934,0.969,,,,,,,0.079,3.137,0.4,0.0,0.01,,0.0
2p3vD_2p3vA,044,38.0,37.0,0.84,0.825,0.833,0.861,,,,,,,-1.458,1.673,0.2,0.0,-0.023,,0.0
2p3vD_2p3vA,045,35.0,35.0,0.927,0.96,0.937,0.971,,,,,,,2.136,3.252,0.8,0.0,-0.008,,0.0
2p3vD_2p3vA,046,35.0,30.0,0.488,0.48,0.86,0.841,,,,,,,1.973,2.562,0.8,0.0,0.012,,0.0
2p3vD_2p3vA,047,35.0,32.0,0.71,0.723,0.751,0.767,,,,,,,-2.39,1.639,0.1,0.0,-0.023,,0.0
2p3vD_2p3vA,048,35.0,28.0,0.784,0.809,0.794,0.826,,,,,,,0.076,2.071,0.6,0.0,0.02,,0.0
2p3vD_2p3vA,049,33.0,33.0,0.931,0.918,0.933,0.968,,,,,,,-1.39,3.432,0.4,0.0,-0.02,,0.0
2p3vD_2p3vA,050,33.0,24.0,0.293,0.288,0.41,0.406,,,,,,,-2.077,2.925,0.1,0.0,-0.023,,0.0
2p3vD_2p3vA,051,32.0,32.0,0.226,0.213,0.528,0.528,,,,,,,-2.247,1.765,0.1,0.0,-0.026,,0.0
2p3vD_2p3vA,052,30.0,27.0,0.578,0.591,0.65,0.675,,,,,,,-3.251,1.813,0.0,0.0,-0.024,,0.0
2p3vD_2p3vA,053,28.0,26.0,0.293,0.291,0.478,0.48,,,,,,,-1.087,2.454,0.3,0.0,-0.031,,0.0
2p3vD_2p3vA,054,27.0,27.0,0.935,0.969,0.934,0.967,,,,,,,0.515,3.077,0.7,0.0,-0.02,,0.0
2p3vD_2p3vA,055,27.0,27.0,0.394,0.396,0.57,0.572,,,,,,,0.609,2.237,0.7,0.0,-0.021,,0.0
2p3vD_2p3vA,056,27.0,25.0,0.467,0.466,0.588,0.587,,,,,,,-1.299,1.403,0.2,0.0,-0.021,,0.0
2p3vD_2p3vA,057,27.0,21.0,0.654,0.664,0.836,0.866,,,,,,,0.622,2.119,0.6,0.0,-0.02,,0.0
2p3vD_2p3vA,058,26.0,26.0,0.62,0.617,0.633,0.631,,,,,,,-0.293,2.048,0.6,0.0,-0.03,,0.0
2p3vD_2p3vA,059,26.0,24.0,0.668,0.669,0.779,0.781,,,,,,,0.177,3.041,0.6,0.0,-0.032,,0.0
2p3vD_2p3vA,060,26.0,26.0,0.39,0.387,0.45,0.452,,,,,,,-3.6,1.125,0.0,0.0,-0.025,,0.0
2p3vD_2p3vA,061,26.0,25.0,0.864,0.891,0.879,0.91,,,,,,,-3.963,2.367,0.0,0.0,-0.004,,0.0
2p3vD_2p3vA,062,26.0,24.0,0.671,0.695,0.705,0.728,,,,,,,-0.905,2.036,0.4,0.0,-0.021,,0.0
2p3vD_2p3vA,063,24.0,24.0,0.85,0.835,0.933,0.906,,,,,,,0.465,3.886,0.7,0.0,-0.032,,0.0
2p3vD_2p3vA,064,24.0,16.0,0.657,0.671,0.892,0.917,,,,,,,3.134,1.148,1.0,0.0,-0.032,,0.0
2p3vD_2p3vA,065,23.0,22.0,0.823,0.841,0.811,0.836,,,,,,,-3.013,2.954,0.2,0.0,-0.028,,0.0
2p3vD_2p3vA,066,23.0,22.0,0.496,0.52,0.507,0.534,,,,,,,0.824,1.721,0.7,0.0,-0.015,,0.0
2p3vD_2p3vA,067,23.0,23.0,0.861,0.846,0.856,0.836,,,,,,,0.671,2.656,0.5,0.0,-0.019,,0.0
2p3vD_2p3vA,068,22.0,22.0,0.418,0.426,0.415,0.415,,,,,,,0.196,2.092,0.4,0.0,-0.028,,0.0
2p3vD_2p3vA,069,22.0,20.0,0.743,0.755,0.771,0.788,,,,,,,-1.869,2.005,0.2,0.0,-0.029,,0.0
2p3vD_2p3vA,070,20.0,20.0,0.413,0.415,0.412,0.406,,,,,,,-0.387,2.024,0.3,0.0,-0.031,,0.0
2p3vD_2p3vA,071,20.0,18.0,0.797,0.776,0.884,0.874,,,,,,,1.479,3.267,0.8,0.0,-0.022,,0.0
2p3vD_2p3vA,072,20.0,18.0,0.765,0.787,0.871,0.854,,,,,,,-0.492,2.96,0.4,0.0,0.009,,0.0
2p3vD_2p3vA,073,19.0,18.0,0.842,0.848,0.936,0.97,,,,,,,-1.362,2.672,0.4,0.0,-0.03,,0.0
2p3vD_2p3vA,074,19.0,19.0,0.731,0.725,0.753,0.741,,,,,,,-2.397,2.565,0.2,0.0,-0.018,,0.0
2p3vD_2p3vA,075,19.0,17.0,0.822,0.799,0.893,0.869,,,,,,,-0.215,2.702,0.5,0.0,0.003,,0.0
2p3vD_2p3vA,076,19.0,19.0,0.864,0.896,0.869,0.899,,,,,,,-1.305,2.541,0.3,0.0,-0.019,,0.0
2p3vD_2p3vA,077,19.0,17.0,0.805,0.817,0.87,0.896,,,,,,,-0.019,2.2,0.5,0.0,-0.016,,0.0
2p3vD_2p3vA,078,19.0,19.0,0.468,0.487,0.69,0.716,,,,,,,-1.337,1.741,0.3,0.0,-0.025,,0.0
2p3vD_2p3vA,079,18.0,15.0,0.892,0.871,0.918,0.901,,,,,,,-2.302,2.873,0.3,0.0,0.002,,0.0
2p3vD_2p3vA,080,18.0,17.0,0.867,0.84,0.85,0.87,,,,,,,2.451,2.095,0.9,0.0,-0.003,,0.0
2p3vD_2p3vA,081,18.0,16.0,0.783,0.794,0.783,0.803,,,,,,,-0.194,2.96,0.4,0.0,-0.015,,0.0
2p3vD_2p3vA,082,17.0,17.0,0.794,0.766,0.799,0.78,,,,,,,3.348,2.861,0.9,0.0,-0.014,,0.0
2p3vD_2p3vA,083,17.0,15.0,0.882,0.902,0.888,0.914,,,,,,,-2.048,2.68,0.3,0.0,0.001,,0.0
2p3vD_2p3vA,084,17.0,16.0,0.885,0.867,0.869,0.899,,,,,,,-0.397,2.512,0.4,0.0,-0.002,,0.0
2p3vD_2p3vA,085,17.0,16.0,0.887,0.909,0.871,0.903,,,,,,,1.432,2.705,0.7,0.0,-0.019,,0.0
2p3vD_2p3vA,086,17.0,17.0,0.865,0.888,0.88,0.868,,,,,,,0.787,1.895,0.9,0.0,-0.011,,0.0
2p3vD_2p3vA,087,17.0,16.0,0.881,0.903,0.893,0.868,,,,,,,0.561,2.125,0.6,0.0,-0.007,,0.0
2p3vD_2p3vA,088,17.0,17.0,0.861,0.852,0.897,0.879,,,,,,,0.572,2.127,0.5,0.0,-0.022,,0.0
2p3vD_2p3vA,089,17.0,16.0,0.797,0.818,0.842,0.87,,,,,,,0.238,3.14,0.5,0.0,-0.007,,0.0
2p3vD_2p3vA,090,17.0,17.0,0.845,0.871,0.866,0.892,,,,,,,-3.148,3.682,0.3,0.0,-0.015,,0.0
2p3vD_2p3vA,091,17.0,16.0,0.694,0.709,0.685,0.712,,,,,,,-0.228,2.181,0.5,0.0,0.024,,0.0
2p3vD_2p3vA,092,17.0,15.0,0.666,0.682,0.662,0.687,,,,,,,-2.025,3.445,0.1,0.0,-0.014,,0.0
2p3vD_2p3vA,093,17.0,17.0,0.711,0.733,0.725,0.748,,,,,,,1.681,2.867,0.6,0.0,0.011,,0.0
2p3vD_2p3vA,094,17.0,16.0,0.819,0.833,0.816,0.835,,,,,,,-2.679,3.723,0.2,0.0,-0.028,,0.0
2p3vD_2p3vA,095,16.0,16.0,0.549,0.547,0.553,0.552,,,,,,,-2.757,1.87,0.1,0.0,-0.03,,0.0
2p3vD_2p3vA,096,16.0,15.0,0.676,0.686,0.543,0.567,,,,,,,-2.366,2.493,0.2,0.0,0.017,,0.0
2p3vD_2p3vA,097,16.0,15.0,0.903,0.892,0.889,0.913,,,,,,,0.693,2.965,0.5,0.0,-0.022,,0.0
2p3vD_2p3vA,098,16.0,16.0,0.86,0.875,0.856,0.882,,,,,,,-0.522,2.056,0.4,0.0,0.014,,0.0
2p3vD_2p3vA,099,15.0,15.0,0.82,0.806,0.88,0.909,,,,,,,1.765,1.642,0.9,0.0,-0.015,,0.0
2pbkB_3njqA,Deep,,,0.978,0.859,0.984,0.873,,0.068,0.034,,,,,,,,-0.036,0.0,
2pbkB_3njqA,000,32.0,7.0,0.243,0.247,0.256,0.237,,0.06,0.029,003; 003; 001; 006; 004; 001; 006; 004; 007; 007,0.85; 0.85; 0.84; 0.84; 0.84; 0.84; 0.84; 0.84; 0.80; 0.80,0.78; 0.78; 0.91; 0.79; 0.81; 0.91; 0.79; 0.81; 0.78; 0.78,-8.91,8.612,0.2,0.082,-0.053,0.0,0.024
2pbkB_3njqA,001,32.0,10.0,0.272,0.307,0.563,0.676,,,,,,,-15.291,6.794,0.0,0.019,-0.01,,0.022
2pbkB_3njqA,002,26.0,6.0,0.409,0.48,0.594,0.643,,,,,,,1.959,4.986,0.5,-0.012,-0.021,,0.003
2pbkB_3njqA,003,24.0,6.0,0.295,0.292,0.676,0.737,,,,,,,1.19,4.1,0.6,-0.018,-0.054,,0.025
2pbkB_3njqA,004,23.0,4.0,0.247,0.261,0.267,0.224,,,,,,,-9.335,7.124,0.1,0.025,0.029,,0.011
2pbkB_3njqA,005,22.0,6.0,0.298,0.325,0.644,0.729,,,,,,,4.785,3.002,1.0,-0.019,-0.068,,0.008
2pbkB_3njqA,006,22.0,2.0,0.263,0.287,0.258,0.275,,,,,,,-3.781,5.224,0.5,-0.008,-0.048,,0.01
2pbkB_3njqA,007,21.0,6.0,0.468,0.532,0.462,0.507,,,,,,,0.223,6.89,0.6,0.0,-0.057,,0.026
2pbkB_3njqA,008,,,0.272,0.241,0.521,0.609,,,,,,,-9.85,6.152,0.0,-0.046,-0.051,,0.012
2pbkB_3njqA,009,,,0.275,0.308,0.27,0.324,,,,,,,-10.624,1.11,0.0,0.065,0.06,,0.008
2pbkB_3njqA,010,15.0,4.0,0.496,0.538,0.733,0.769,,,,,,,5.91,2.88,1.0,-0.007,0.025,,0.002
2pbkB_3njqA,011,13.0,1.0,0.263,0.308,0.238,0.254,,,,,,,8.068,3.444,1.0,0.001,-0.025,,0.017
2pbkB_3njqA,012,13.0,5.0,0.251,0.293,0.308,0.323,,,,,,,10.393,3.082,1.0,0.065,-0.002,,0.002
2pbkB_3njqA,013,,,0.237,0.278,0.569,0.676,,,,,,,4.152,2.581,0.9,-0.026,-0.068,,0.016
2pbkB_3njqA,014,12.0,2.0,0.467,0.499,0.595,0.655,,,,,,,2.727,3.29,0.9,0.011,0.045,,0.012
2pbkB_3njqA,015,12.0,2.0,0.492,0.553,0.67,0.739,,,,,,,-2.471,7.059,0.5,0.035,0.047,,0.001
2qqjA_4qdsA,Deep,,,0.985,0.887,0.984,0.884,0.025,0.02,0.028,,,,,,,,-0.002,-0.064,
2qqjA_4qdsA,000,934.0,637.0,0.855,0.866,0.576,0.895,0.003,0.008,0.006,001; 001; 006; 006; 003; 003; 007; 007; 004; 004,0.59; 0.59; 0.56; 0.56; 0.55; 0.55; 0.54; 0.54; 0.50; 0.50,0.85; 0.85; 0.86; 0.86; 0.83; 0.83; 0.74; 0.74; 0.77; 0.77,-73.469,31.69,0.0,-0.003,0.02,-0.01,0.022
2qqjA_4qdsA,001,778.0,491.0,0.574,0.776,0.972,0.886,0.01,0.007,0.009,008; 008; 001; 001; 004; 004; 002; 002; 007; 010,0.66; 0.66; 0.55; 0.55; 0.55; 0.54; 0.52; 0.52; 0.48; 0.48,0.82; 0.82; 0.81; 0.81; 0.73; 0.73; 0.83; 0.83; 0.80; 0.78,-61.951,30.518,0.1,-0.0,0.034,-0.005,0.041
2qqjA_4qdsA,002,513.0,304.0,0.375,0.592,0.485,0.801,0.02,0.03,0.019,002; 005; 002; 005; 001; 001; 003; 003; 006; 006,0.61; 0.61; 0.61; 0.61; 0.55; 0.55; 0.53; 0.53; 0.48; 0.48,0.83; 0.78; 0.83; 0.78; 0.82; 0.82; 0.78; 0.78; 0.72; 0.72,-63.334,29.382,0.0,0.002,0.076,-0.006,0.029
2qqjA_4qdsA,003,511.0,356.0,0.28,0.375,0.97,0.871,0.014,0.011,0.013,004; 004; 001; 002; 002; 001; 003; 005; 005; 003,0.60; 0.60; 0.54; 0.54; 0.54; 0.54; 0.51; 0.50; 0.49; 0.49,0.75; 0.75; 0.87; 0.80; 0.80; 0.87; 0.78; 0.75; 0.75; 0.78,-28.188,26.375,0.1,-0.003,0.029,0.0,0.043
2qqjA_4qdsA,004,494.0,359.0,0.806,0.889,0.98,0.886,0.013,0.014,0.013,008; 008; 003; 003; 002; 002; 006; 006; 001; 001,0.72; 0.72; 0.56; 0.56; 0.54; 0.54; 0.53; 0.53; 0.51; 0.51,0.83; 0.83; 0.83; 0.83; 0.78; 0.78; 0.83; 0.83; 0.81; 0.81,-68.606,33.738,0.0,-0.001,0.011,-0.001,0.017
2qqjA_4qdsA,005,475.0,366.0,0.886,0.903,0.971,0.893,0.305,0.184,0.307,003; 003; 001; 001; 005; 002; 002; 005; 004; 004,0.67; 0.67; 0.57; 0.57; 0.54; 0.54; 0.54; 0.54; 0.53; 0.53,0.82; 0.82; 0.81; 0.81; 0.80; 0.77; 0.77; 0.80; 0.75; 0.73,-59.005,33.832,0.0,-0.0,0.02,0.0,0.043
2qqjA_4qdsA,006,327.0,200.0,0.398,0.652,0.451,0.722,0.007,0.004,0.006,004; 004; 005; 005; 006; 006; 001; 001; 009; 009,0.61; 0.61; 0.55; 0.55; 0.53; 0.53; 0.52; 0.52; 0.50; 0.50,0.84; 0.84; 0.83; 0.83; 0.79; 0.79; 0.84; 0.84; 0.79; 0.79,-58.101,35.303,0.1,-0.002,0.063,0.0,-0.002
2qqjA_4qdsA,007,309.0,198.0,0.564,0.832,0.906,0.896,0.0,0.009,0.0,002; 002; 006; 006; 001; 001; 009; 004; 004; 009,0.62; 0.62; 0.57; 0.57; 0.55; 0.55; 0.49; 0.49; 0.49; 0.49,0.81; 0.81; 0.84; 0.84; 0.81; 0.81; 0.81; 0.80; 0.80; 0.81,-56.858,36.111,0.0,-0.002,0.019,0.0,0.04
2qqjA_4qdsA,008,303.0,235.0,0.702,0.775,0.906,0.904,0.006,0.011,0.016,003; 003; 004; 004; 005; 005; 001; 001; 008; 008,0.71; 0.71; 0.56; 0.56; 0.55; 0.55; 0.54; 0.54; 0.48; 0.48,0.72; 0.72; 0.74; 0.74; 0.83; 0.83; 0.82; 0.82; 0.78; 0.78,-65.233,31.774,0.0,0.015,0.053,-0.001,0.056
2qqjA_4qdsA,009,288.0,160.0,0.91,0.865,0.593,0.893,0.016,0.012,0.016,001; 001; 004; 004; 002; 002; 007; 005; 003; 003,0.57; 0.57; 0.53; 0.53; 0.48; 0.48; 0.47; 0.47; 0.47; 0.47,0.83; 0.83; 0.76; 0.76; 0.80; 0.80; 0.78; 0.78; 0.78; 0.77,-60.652,32.15,0.0,0.004,0.006,0.0,0.017
2qqjA_4qdsA,010,277.0,185.0,0.679,0.857,0.968,0.897,0.119,0.109,0.121,001; 001; 005; 005; 004; 004; 003; 006; 006; 003,0.55; 0.54; 0.53; 0.53; 0.52; 0.52; 0.51; 0.51; 0.51; 0.51,0.77; 0.77; 0.78; 0.78; 0.79; 0.79; 0.75; 0.75; 0.75; 0.75,-54.27,34.729,0.0,0.01,0.018,0.0,0.035
2qqjA_4qdsA,011,259.0,187.0,0.57,0.856,0.959,0.886,0.01,0.015,0.012,009; 009; 005; 005; 002; 002; 001; 004; 001; 004,0.54; 0.54; 0.50; 0.50; 0.49; 0.49; 0.47; 0.47; 0.47; 0.47,0.81; 0.81; 0.79; 0.80; 0.81; 0.81; 0.80; 0.78; 0.80; 0.78,-69.657,31.542,0.0,0.033,0.016,-0.001,0.05
2qqjA_4qdsA,012,235.0,172.0,0.818,0.885,0.577,0.893,0.104,0.067,0.101,001; 001; 005; 005; 004; 004; 006; 006; 003; 003,0.57; 0.55; 0.51; 0.51; 0.49; 0.49; 0.48; 0.48; 0.46; 0.46,0.83; 0.83; 0.80; 0.80; 0.78; 0.78; 0.75; 0.75; 0.78; 0.78,-57.119,32.48,0.0,0.008,0.017,0.0,0.041
2qqjA_4qdsA,013,215.0,119.0,0.576,0.845,0.573,0.893,0.003,0.003,0.003,001; 001; 009; 009; 004; 004; 002; 002; 003; 003,0.97; 0.97; 0.78; 0.78; 0.64; 0.64; 0.57; 0.57; 0.53; 0.53,0.89; 0.89; 0.78; 0.78; 0.83; 0.82; 0.79; 0.79; 0.83; 0.83,-49.303,34.475,0.0,-0.002,0.002,0.0,0.042
2qqjA_4qdsA,014,211.0,97.0,0.601,0.873,0.979,0.889,0.019,0.033,0.019,004; 004; 003; 003; 002; 002; 007; 007; 001; 001,0.59; 0.59; 0.57; 0.57; 0.52; 0.52; 0.51; 0.51; 0.50; 0.50,0.77; 0.77; 0.82; 0.82; 0.75; 0.75; 0.82; 0.82; 0.81; 0.81,-54.919,38.844,0.0,0.007,0.037,0.0,0.009
2qqjA_4qdsA,015,211.0,132.0,0.816,0.84,0.537,0.891,0.122,0.084,0.117,001; 001; 002; 002; 008; 007; 003; 003; 008; 007,0.54; 0.54; 0.50; 0.49; 0.47; 0.47; 0.47; 0.47; 0.47; 0.47,0.81; 0.81; 0.77; 0.77; 0.78; 0.76; 0.75; 0.75; 0.78; 0.76,-61.144,38.829,0.0,-0.0,0.058,0.0,0.044
2qqjA_4qdsA,016,202.0,82.0,0.212,0.268,0.258,0.333,0.01,0.02,0.01,008; 008; 003; 003; 002; 002; 001; 001; 006; 006,0.76; 0.76; 0.62; 0.62; 0.58; 0.58; 0.51; 0.51; 0.50; 0.50,0.83; 0.83; 0.75; 0.75; 0.78; 0.78; 0.79; 0.79; 0.79; 0.79,-65.506,38.08,0.0,0.046,0.002,0.0,0.038
2qqjA_4qdsA,017,201.0,121.0,0.342,0.551,0.402,0.671,0.007,0.007,0.006,009; 009; 004; 004; 005; 005; 003; 003; 002; 002,0.57; 0.57; 0.55; 0.55; 0.53; 0.53; 0.49; 0.49; 0.48; 0.48,0.79; 0.79; 0.77; 0.77; 0.74; 0.74; 0.76; 0.76; 0.76; 0.76,-64.574,31.67,0.0,-0.001,0.032,0.0,0.015
2qqjA_4qdsA,018,188.0,109.0,0.303,0.485,0.47,0.686,,,,,,,-52.649,33.291,0.0,-0.002,0.006,,0.048
2qqjA_4qdsA,019,187.0,69.0,0.874,0.889,0.974,0.89,,,,,,,-63.026,31.289,0.0,0.004,0.026,,0.022
2qqjA_4qdsA,020,187.0,127.0,0.847,0.9,0.578,0.897,,,,,,,-56.314,34.705,0.0,-0.009,0.039,,0.082
2qqjA_4qdsA,021,186.0,26.0,0.24,0.232,0.515,0.829,,,,,,,-48.397,28.805,0.0,0.05,0.013,,0.049
2qqjA_4qdsA,022,173.0,95.0,0.26,0.4,0.356,0.598,,,,,,,-64.624,31.876,0.0,-0.006,0.011,,0.009
2qqjA_4qdsA,023,173.0,18.0,0.243,0.341,0.22,0.347,,,,,,,-37.581,35.101,0.0,0.006,-0.023,,0.006
2qqjA_4qdsA,024,171.0,17.0,0.203,0.251,0.775,0.776,,,,,,,-37.796,25.166,0.0,0.312,0.022,,0.047
2qqjA_4qdsA,025,169.0,110.0,0.786,0.855,0.599,0.892,,,,,,,-12.942,20.489,0.1,0.026,0.068,,0.05
2qqjA_4qdsA,026,160.0,126.0,0.69,0.831,0.978,0.884,,,,,,,-59.524,32.905,0.0,0.011,0.048,,0.093
2qqjA_4qdsA,027,158.0,33.0,0.522,0.769,0.594,0.886,,,,,,,-28.183,35.655,0.1,0.003,0.028,,0.046
2qqjA_4qdsA,028,156.0,10.0,0.192,0.247,0.194,0.286,,,,,,,-25.389,17.443,0.0,0.0,0.005,,0.005
2qqjA_4qdsA,029,153.0,119.0,0.898,0.899,0.596,0.893,,,,,,,-62.933,34.707,0.1,0.059,0.018,,0.039
2qqjA_4qdsA,030,148.0,14.0,0.248,0.397,0.212,0.292,,,,,,,-26.816,23.828,0.0,0.007,-0.002,,0.011
2qqjA_4qdsA,031,145.0,38.0,0.341,0.459,0.532,0.811,,,,,,,-43.57,29.428,0.0,0.038,0.014,,0.039
2qqjA_4qdsA,032,143.0,47.0,0.362,0.531,0.673,0.824,,,,,,,-45.621,24.662,0.0,0.062,0.059,,0.036
2qqjA_4qdsA,033,141.0,109.0,0.813,0.902,0.976,0.89,,,,,,,-63.941,38.816,0.0,0.01,0.037,,0.075
2qqjA_4qdsA,034,139.0,86.0,0.234,0.331,0.345,0.573,,,,,,,-56.306,34.411,0.0,-0.001,0.034,,0.021
2qqjA_4qdsA,035,134.0,76.0,0.454,0.735,0.591,0.895,,,,,,,-55.937,39.933,0.0,0.001,0.019,,0.049
2qqjA_4qdsA,036,134.0,70.0,0.455,0.683,0.491,0.838,,,,,,,-51.997,38.817,0.0,-0.003,0.04,,0.002
2qqjA_4qdsA,037,133.0,106.0,0.575,0.843,0.974,0.89,,,,,,,-50.857,33.041,0.0,0.01,0.017,,0.088
2qqjA_4qdsA,038,132.0,104.0,0.574,0.815,0.979,0.885,,,,,,,-52.009,32.85,0.0,-0.011,0.036,,0.042
2qqjA_4qdsA,039,129.0,51.0,0.49,0.692,0.97,0.892,,,,,,,-5.137,3.91,0.0,-0.0,0.022,,0.015
2qqjA_4qdsA,040,128.0,84.0,0.711,0.877,0.977,0.884,,,,,,,-50.562,31.189,0.0,0.0,0.033,,0.076
2qqjA_4qdsA,041,128.0,79.0,0.627,0.872,0.974,0.885,,,,,,,-63.107,30.323,0.0,0.004,0.012,,0.04
2qqjA_4qdsA,042,127.0,75.0,0.824,0.887,0.594,0.889,,,,,,,-23.086,27.781,0.2,0.0,0.016,,0.077
2qqjA_4qdsA,043,127.0,5.0,0.222,0.224,0.298,0.308,,,,,,,-22.374,18.454,0.0,0.415,0.017,,0.046
2qqjA_4qdsA,044,126.0,81.0,0.535,0.827,0.577,0.892,,,,,,,-60.842,35.2,0.0,0.002,0.018,,0.017
2qqjA_4qdsA,045,125.0,77.0,0.713,0.766,0.573,0.88,,,,,,,-28.906,28.65,0.0,0.0,0.014,,0.039
2qqjA_4qdsA,046,123.0,84.0,0.189,0.255,0.254,0.406,,,,,,,-34.639,30.114,0.1,-0.004,0.012,,0.008
2qqjA_4qdsA,047,122.0,9.0,0.278,0.403,0.212,0.324,,,,,,,-20.503,14.253,0.0,0.002,-0.002,,-0.009
2qqjA_4qdsA,048,118.0,73.0,0.2,0.305,0.242,0.367,,,,,,,-45.718,37.416,0.0,-0.015,0.044,,0.022
2qqjA_4qdsA,049,118.0,33.0,0.288,0.272,0.48,0.81,,,,,,,-48.92,29.095,0.0,0.011,0.001,,0.047
2qqjA_4qdsA,050,116.0,97.0,0.663,0.845,0.575,0.894,,,,,,,-28.449,34.616,0.2,0.006,0.071,,0.035
2qqjA_4qdsA,051,115.0,75.0,0.668,0.87,0.974,0.884,,,,,,,-51.443,36.274,0.1,0.005,-0.002,,0.061
2qqjA_4qdsA,052,110.0,86.0,0.703,0.887,0.967,0.898,,,,,,,-20.448,29.218,0.1,0.013,0.017,,0.041
2qqjA_4qdsA,053,107.0,54.0,0.347,0.566,0.394,0.661,,,,,,,-56.986,34.154,0.0,0.001,0.052,,0.025
2qqjA_4qdsA,054,101.0,56.0,0.735,0.766,0.974,0.881,,,,,,,-14.687,19.46,0.1,0.003,0.012,,0.015
2qqjA_4qdsA,055,100.0,65.0,0.77,0.859,0.596,0.897,,,,,,,-8.441,7.115,0.0,0.003,0.041,,0.042
2qqjA_4qdsA,056,99.0,73.0,0.554,0.814,0.575,0.894,,,,,,,-53.476,40.448,0.0,0.024,0.027,,0.044
2qqjA_4qdsA,057,98.0,61.0,0.9,0.863,0.913,0.906,,,,,,,-61.112,34.871,0.0,-0.014,0.05,,0.04
2qqjA_4qdsA,058,96.0,57.0,0.597,0.844,0.756,0.891,,,,,,,-47.855,27.577,0.0,-0.01,0.009,,0.044
2qqjA_4qdsA,059,96.0,32.0,0.295,0.439,0.281,0.44,,,,,,,-46.442,33.543,0.0,-0.019,0.013,,0.02
2qqjA_4qdsA,060,95.0,70.0,0.567,0.795,0.571,0.892,,,,,,,-46.432,35.245,0.0,-0.01,0.027,,0.053
2qqjA_4qdsA,061,95.0,54.0,0.757,0.821,0.596,0.894,,,,,,,-14.256,11.072,0.1,0.002,0.073,,0.058
2qqjA_4qdsA,062,94.0,72.0,0.542,0.774,0.962,0.876,,,,,,,-43.848,41.233,0.0,0.022,0.066,,0.042
2qqjA_4qdsA,063,92.0,50.0,0.711,0.869,0.575,0.893,,,,,,,-25.893,36.903,0.0,0.006,0.001,,0.038
2qqjA_4qdsA,064,91.0,45.0,0.325,0.518,0.286,0.467,,,,,,,-63.693,31.346,0.0,-0.001,0.017,,0.019
2qqjA_4qdsA,065,90.0,24.0,0.207,0.281,0.249,0.3,,,,,,,-43.255,34.18,0.0,-0.005,-0.002,,0.004
2qqjA_4qdsA,066,90.0,26.0,0.259,0.272,0.53,0.815,,,,,,,-40.598,30.217,0.0,0.044,0.058,,0.048
2qqjA_4qdsA,067,89.0,40.0,0.554,0.795,0.975,0.889,,,,,,,-21.837,26.003,0.1,0.008,0.023,,0.023
2qqjA_4qdsA,068,89.0,27.0,0.43,0.528,0.531,0.824,,,,,,,-63.292,31.274,0.0,0.069,0.039,,0.043
2qqjA_4qdsA,069,88.0,52.0,0.763,0.793,0.977,0.874,,,,,,,-4.47,1.816,0.0,0.031,0.009,,0.044
2qqjA_4qdsA,070,81.0,34.0,0.193,0.282,0.193,0.285,,,,,,,-25.89,27.908,0.0,0.011,0.01,,0.034
2qqjA_4qdsA,071,79.0,61.0,0.876,0.89,0.573,0.883,,,,,,,-55.224,28.118,0.0,-0.002,0.048,,0.042
2qqjA_4qdsA,072,77.0,40.0,0.318,0.524,0.286,0.435,,,,,,,-51.988,26.477,0.0,0.001,0.038,,-0.004
2qqjA_4qdsA,073,76.0,56.0,0.819,0.868,0.564,0.894,,,,,,,-48.676,35.087,0.0,0.002,0.066,,0.04
2qqjA_4qdsA,074,75.0,49.0,0.936,0.896,0.966,0.886,,,,,,,-61.551,34.79,0.0,0.016,0.019,,0.024
2qqjA_4qdsA,075,74.0,47.0,0.596,0.722,0.576,0.895,,,,,,,-19.661,24.621,0.1,0.01,0.023,,0.033
2qqjA_4qdsA,076,74.0,43.0,0.547,0.816,0.569,0.894,,,,,,,-57.736,40.929,0.0,0.0,0.03,,0.029
2qqjA_4qdsA,077,64.0,10.0,0.568,0.847,0.577,0.892,,,,,,,-36.845,33.128,0.0,-0.008,0.016,,0.048
2qqjA_4qdsA,078,64.0,39.0,0.76,0.863,0.977,0.878,,,,,,,-21.258,30.453,0.1,-0.003,0.035,,0.042
2qqjA_4qdsA,079,63.0,38.0,0.715,0.854,0.574,0.907,,,,,,,-55.331,38.544,0.0,0.006,0.012,,0.042
2qqjA_4qdsA,080,61.0,30.0,0.62,0.875,0.969,0.897,,,,,,,-46.778,33.904,0.0,0.018,0.013,,0.014
2qqjA_4qdsA,081,61.0,26.0,0.477,0.724,0.343,0.45,,,,,,,-17.637,29.559,0.0,-0.0,0.026,,0.027
2qqjA_4qdsA,082,59.0,18.0,0.601,0.744,0.976,0.891,,,,,,,-36.638,35.895,0.0,0.005,0.047,,0.028
2qqjA_4qdsA,083,57.0,44.0,0.828,0.863,0.969,0.885,,,,,,,-69.059,31.206,0.0,0.004,0.016,,0.031
2qqjA_4qdsA,084,57.0,35.0,0.46,0.468,0.747,0.897,,,,,,,-17.684,17.381,0.0,-0.003,0.041,,0.064
2qqjA_4qdsA,085,57.0,44.0,0.578,0.797,0.747,0.868,,,,,,,-59.784,31.073,0.0,-0.009,0.005,,0.037
2qqjA_4qdsA,086,54.0,35.0,0.923,0.857,0.594,0.89,,,,,,,-29.651,34.555,0.0,-0.004,0.016,,0.044
2qqjA_4qdsA,087,50.0,46.0,0.681,0.867,0.57,0.881,,,,,,,-26.799,24.276,0.0,-0.005,0.02,,0.043
2qqjA_4qdsA,088,50.0,39.0,0.606,0.745,0.965,0.867,,,,,,,-7.29,4.488,0.0,0.01,0.027,,0.042
2qqjA_4qdsA,089,49.0,30.0,0.819,0.882,0.556,0.854,,,,,,,-48.832,34.699,0.0,0.005,0.015,,0.016
2qqjA_4qdsA,090,49.0,19.0,0.247,0.227,0.315,0.471,,,,,,,-47.222,31.203,0.1,0.07,0.076,,0.05
2qqjA_4qdsA,091,48.0,31.0,0.909,0.891,0.962,0.898,,,,,,,-63.178,32.231,0.0,-0.004,0.031,,0.063
2qqjA_4qdsA,092,47.0,31.0,0.605,0.886,0.573,0.894,,,,,,,-52.045,36.323,0.0,-0.0,0.053,,0.041
2qqjA_4qdsA,093,44.0,30.0,0.706,0.858,0.973,0.891,,,,,,,-45.121,35.449,0.0,-0.006,0.015,,0.009
2qqjA_4qdsA,094,43.0,34.0,0.801,0.875,0.582,0.886,,,,,,,-52.64,34.144,0.0,0.003,0.016,,0.062
2qqjA_4qdsA,095,,,0.693,0.802,0.569,0.874,,,,,,,-12.619,8.191,0.0,0.071,0.058,,0.098
2qqjA_4qdsA,096,40.0,31.0,0.207,0.253,0.21,0.324,,,,,,,-47.804,33.075,0.1,-0.002,0.009,,0.032
2qqjA_4qdsA,097,37.0,19.0,0.769,0.891,0.956,0.894,,,,,,,-37.843,28.495,0.0,-0.002,0.02,,0.047
2qqjA_4qdsA,098,36.0,30.0,0.815,0.861,0.739,0.9,,,,,,,-25.241,30.544,0.0,-0.006,0.012,,0.046
2uy7D_5fluE,Deep,,,0.748,0.926,0.746,0.915,0.397,0.373,0.393,,,,,,,,-0.058,-0.002,
2uy7D_5fluE,000,590.0,223.0,0.362,0.389,0.384,0.398,0.006,0.005,0.01,004; 004; 006; 006; 003; 003; 005; 005; 001; 007,0.72; 0.72; 0.70; 0.70; 0.69; 0.69; 0.69; 0.69; 0.67; 0.67,0.74; 0.74; 0.71; 0.71; 0.73; 0.73; 0.76; 0.76; 0.74; 0.72,1.533,2.836,0.8,-0.089,-0.027,0.0,-0.036
2uy7D_5fluE,001,258.0,89.0,0.541,0.542,0.607,0.63,0.014,0.012,0.016,002; 002; 010; 010; 005; 005; 001; 001; 007; 003,0.73; 0.73; 0.70; 0.70; 0.70; 0.70; 0.69; 0.69; 0.68; 0.68,0.78; 0.78; 0.72; 0.72; 0.73; 0.73; 0.75; 0.75; 0.73; 0.74,1.907,2.952,0.5,-0.033,-0.055,0.0,0.01
2uy7D_5fluE,002,253.0,89.0,0.446,0.412,0.481,0.452,0.0,0.0,0.0,008; 007; 005; 008; 005; 007; 006; 006; 001; 004,0.72; 0.72; 0.72; 0.72; 0.72; 0.71; 0.70; 0.70; 0.69; 0.69,0.70; 0.74; 0.71; 0.70; 0.71; 0.74; 0.71; 0.71; 0.75; 0.74,4.662,2.991,0.9,0.012,-0.047,0.0,-0.026
2uy7D_5fluE,003,125.0,37.0,0.317,0.298,0.575,0.555,0.0,0.0,0.0,004; 004; 005; 006; 006; 009; 009; 005; 007; 003,0.71; 0.71; 0.70; 0.70; 0.70; 0.69; 0.69; 0.69; 0.68; 0.68,0.77; 0.77; 0.76; 0.72; 0.72; 0.72; 0.72; 0.76; 0.74; 0.73,3.747,2.507,0.9,-0.1,-0.058,0.0,0.009
2uy7D_5fluE,004,106.0,27.0,0.433,0.438,0.748,0.747,0.0,0.0,0.0,006; 006; 003; 003; 007; 007; 002; 002; 005; 005,0.71; 0.71; 0.70; 0.70; 0.69; 0.69; 0.69; 0.69; 0.67; 0.67,0.74; 0.74; 0.76; 0.77; 0.74; 0.74; 0.76; 0.76; 0.70; 0.70,1.185,2.976,0.6,-0.067,-0.01,0.0,-0.102
2uy7D_5fluE,005,105.0,37.0,0.362,0.389,0.663,0.722,0.0,0.0,0.0,001; 001; 008; 008; 009; 009; 003; 003; 007; 007,0.75; 0.75; 0.74; 0.74; 0.74; 0.73; 0.72; 0.72; 0.71; 0.71,0.78; 0.79; 0.76; 0.76; 0.78; 0.78; 0.76; 0.76; 0.73; 0.73,2.555,2.273,0.9,-0.028,0.004,0.0,-0.036
2uy7D_5fluE,006,90.0,36.0,0.631,0.642,0.743,0.896,0.167,0.146,0.145,001; 001; 005; 005; 002; 002; 006; 003; 003; 006,0.77; 0.77; 0.73; 0.73; 0.72; 0.72; 0.70; 0.69; 0.69; 0.69,0.83; 0.83; 0.78; 0.78; 0.78; 0.78; 0.76; 0.73; 0.73; 0.76,2.001,2.666,0.8,0.164,-0.063,0.0,-0.01
2uy7D_5fluE,007,84.0,41.0,0.435,0.471,0.545,0.577,0.033,0.027,0.031,010; 010; 008; 002; 002; 008; 007; 005; 001; 007,0.71; 0.71; 0.70; 0.70; 0.70; 0.70; 0.67; 0.67; 0.67; 0.67,0.76; 0.76; 0.77; 0.70; 0.70; 0.77; 0.71; 0.73; 0.70; 0.71,2.659,3.304,0.7,-0.048,-0.051,0.0,-0.054
2uy7D_5fluE,008,81.0,27.0,0.4,0.374,0.633,0.663,0.037,0.03,0.03,003; 007; 007; 003; 010; 008; 008; 010; 009; 009,0.69; 0.69; 0.69; 0.69; 0.68; 0.68; 0.68; 0.68; 0.67; 0.67,0.73; 0.73; 0.73; 0.73; 0.68; 0.72; 0.72; 0.68; 0.72; 0.72,2.649,2.958,0.8,-0.15,-0.056,0.0,-0.051
2uy7D_5fluE,009,81.0,29.0,0.399,0.38,0.501,0.536,0.007,0.006,0.012,008; 008; 005; 003; 003; 004; 005; 004; 001; 001,0.72; 0.72; 0.69; 0.68; 0.68; 0.68; 0.68; 0.68; 0.67; 0.67,0.74; 0.74; 0.73; 0.76; 0.76; 0.73; 0.73; 0.73; 0.75; 0.75,2.728,3.064,0.8,-0.182,-0.031,0.0,0.002
2uy7D_5fluE,010,80.0,27.0,0.329,0.302,0.655,0.723,0.015,0.018,0.011,001; 006; 006; 003; 001; 003; 007; 007; 004; 004,0.69; 0.69; 0.69; 0.69; 0.69; 0.69; 0.68; 0.68; 0.67; 0.67,0.74; 0.73; 0.73; 0.73; 0.74; 0.73; 0.68; 0.68; 0.71; 0.71,2.895,2.565,0.9,-0.105,-0.029,0.0,-0.082
2uy7D_5fluE,011,77.0,35.0,0.373,0.386,0.66,0.747,0.013,0.011,0.015,009; 009; 002; 002; 001; 008; 008; 001; 006; 005,0.74; 0.74; 0.70; 0.70; 0.68; 0.68; 0.68; 0.68; 0.67; 0.67,0.74; 0.74; 0.76; 0.76; 0.75; 0.71; 0.71; 0.75; 0.70; 0.70,1.726,1.497,0.8,-0.126,-0.023,0.0,-0.064
2uy7D_5fluE,012,73.0,39.0,0.659,0.739,0.705,0.796,0.016,0.013,0.019,002; 008; 005; 007; 007; 008; 005; 002; 001; 009,0.70; 0.70; 0.70; 0.70; 0.70; 0.70; 0.70; 0.70; 0.68; 0.68,0.73; 0.74; 0.73; 0.74; 0.74; 0.73; 0.73; 0.73; 0.73; 0.72,5.579,2.635,1.0,0.195,-0.012,0.0,-0.013
2uy7D_5fluE,013,72.0,27.0,0.516,0.519,0.602,0.639,0.013,0.016,0.016,008; 008; 001; 003; 010; 001; 003; 010; 004; 004,0.70; 0.70; 0.69; 0.69; 0.69; 0.69; 0.69; 0.69; 0.68; 0.68,0.72; 0.72; 0.72; 0.68; 0.67; 0.72; 0.68; 0.67; 0.68; 0.68,1.169,2.977,0.5,-0.056,-0.072,0.0,-0.111
2uy7D_5fluE,014,71.0,19.0,0.296,0.286,0.239,0.222,0.0,0.0,0.0,002; 002; 003; 003; 009; 009; 001; 007; 005; 001,0.72; 0.72; 0.71; 0.71; 0.70; 0.70; 0.69; 0.69; 0.69; 0.69,0.74; 0.74; 0.75; 0.75; 0.75; 0.75; 0.73; 0.75; 0.73; 0.73,4.383,2.747,1.0,-0.005,-0.042,0.0,0.003
2uy7D_5fluE,015,68.0,19.0,0.483,0.497,0.616,0.585,0.007,0.013,0.006,005; 005; 001; 001; 004; 004; 007; 010; 002; 002,0.71; 0.71; 0.69; 0.69; 0.68; 0.68; 0.67; 0.67; 0.67; 0.67,0.70; 0.70; 0.72; 0.72; 0.70; 0.70; 0.70; 0.69; 0.69; 0.69,3.399,2.856,0.9,-0.132,-0.007,0.0,-0.074
2uy7D_5fluE,016,68.0,24.0,0.331,0.325,0.367,0.368,0.009,0.007,0.007,008; 008; 001; 001; 007; 009; 010; 007; 009; 010,0.71; 0.71; 0.69; 0.69; 0.67; 0.67; 0.67; 0.67; 0.67; 0.67,0.74; 0.74; 0.74; 0.74; 0.71; 0.71; 0.76; 0.71; 0.71; 0.76,4.183,2.73,0.9,-0.145,-0.045,0.0,0.015
2uy7D_5fluE,017,68.0,15.0,0.457,0.48,0.727,0.744,0.008,0.006,0.006,004; 010; 004; 003; 010; 009; 009; 006; 001; 006,0.72; 0.71; 0.71; 0.71; 0.71; 0.70; 0.70; 0.70; 0.70; 0.70,0.70; 0.75; 0.69; 0.73; 0.75; 0.74; 0.74; 0.73; 0.75; 0.73,3.347,2.75,1.0,-0.002,-0.017,0.0,0.004
2uy7D_5fluE,018,67.0,26.0,0.562,0.526,0.701,0.772,0.0,0.0,0.0,001; 007; 007; 002; 002; 001; 009; 004; 004; 009,0.69; 0.69; 0.69; 0.69; 0.69; 0.69; 0.68; 0.68; 0.68; 0.68,0.74; 0.72; 0.72; 0.75; 0.75; 0.74; 0.72; 0.74; 0.74; 0.72,1.429,3.085,0.6,-0.159,-0.035,0.0,-0.042
2uy7D_5fluE,019,66.0,32.0,0.395,0.36,0.371,0.35,0.0,0.0,0.0,008; 008; 010; 006; 010; 006; 004; 002; 002; 004,0.69; 0.69; 0.68; 0.68; 0.68; 0.68; 0.67; 0.67; 0.67; 0.67,0.70; 0.70; 0.73; 0.72; 0.73; 0.72; 0.71; 0.72; 0.72; 0.71,3.273,1.851,1.0,-0.111,-0.055,0.0,-0.058
2uy7D_5fluE,020,66.0,17.0,0.328,0.348,0.475,0.483,0.0,0.0,0.0,007; 007; 010; 004; 005; 006; 006; 010; 002; 002,0.69; 0.69; 0.68; 0.68; 0.68; 0.68; 0.68; 0.68; 0.68; 0.68,0.72; 0.72; 0.70; 0.74; 0.73; 0.68; 0.68; 0.70; 0.73; 0.73,0.334,2.943,0.6,-0.118,-0.033,0.0,-0.005
2uy7D_5fluE,021,65.0,26.0,0.43,0.426,0.429,0.407,,,,,,,-0.037,2.06,0.6,-0.093,-0.018,,-0.047
2uy7D_5fluE,022,63.0,28.0,0.442,0.459,0.693,0.725,,,,,,,1.239,3.286,0.6,-0.143,-0.054,,0.001
2uy7D_5fluE,023,62.0,25.0,0.527,0.511,0.589,0.604,,,,,,,4.981,2.725,1.0,-0.027,0.01,,-0.063
2uy7D_5fluE,024,62.0,22.0,0.436,0.453,0.663,0.724,,,,,,,1.655,1.456,0.9,-0.09,-0.043,,-0.036
2uy7D_5fluE,025,61.0,16.0,0.615,0.595,0.425,0.411,,,,,,,4.1,1.943,1.0,-0.171,-0.05,,-0.076
2uy7D_5fluE,026,59.0,19.0,0.455,0.455,0.328,0.315,,,,,,,1.92,2.617,0.7,-0.11,-0.043,,0.036
2uy7D_5fluE,027,58.0,10.0,0.409,0.381,0.63,0.667,,,,,,,3.21,2.447,0.8,-0.203,-0.042,,-0.063
2uy7D_5fluE,028,58.0,6.0,0.472,0.488,0.648,0.697,,,,,,,4.18,2.149,0.9,-0.108,-0.059,,-0.038
2uy7D_5fluE,029,58.0,11.0,0.554,0.539,0.65,0.707,,,,,,,4.292,1.743,1.0,-0.076,-0.038,,-0.009
2uy7D_5fluE,030,56.0,26.0,0.615,0.641,0.685,0.677,,,,,,,2.105,2.89,0.7,-0.186,-0.057,,0.025
2uy7D_5fluE,031,56.0,14.0,0.469,0.477,0.62,0.598,,,,,,,3.161,1.454,0.9,-0.036,-0.023,,-0.037
2uy7D_5fluE,032,51.0,23.0,0.427,0.425,0.63,0.683,,,,,,,3.825,3.131,0.9,-0.098,0.021,,-0.043
2uy7D_5fluE,033,51.0,14.0,0.427,0.461,0.626,0.653,,,,,,,5.177,2.72,1.0,-0.086,-0.048,,0.002
2uy7D_5fluE,034,51.0,16.0,0.683,0.722,0.674,0.78,,,,,,,2.145,2.228,0.9,-0.097,-0.052,,-0.107
2uy7D_5fluE,035,50.0,13.0,0.348,0.325,0.629,0.654,,,,,,,2.312,2.459,0.8,-0.092,-0.025,,0.013
2uy7D_5fluE,036,48.0,8.0,0.502,0.478,0.674,0.699,,,,,,,0.317,1.657,0.6,-0.095,-0.052,,-0.06
2uy7D_5fluE,037,45.0,16.0,0.371,0.349,0.655,0.667,,,,,,,4.741,3.277,1.0,-0.035,-0.048,,-0.02
2uy7D_5fluE,038,45.0,11.0,0.315,0.296,0.551,0.574,,,,,,,5.945,2.354,1.0,-0.109,-0.083,,-0.085
2uy7D_5fluE,039,45.0,22.0,0.58,0.611,0.59,0.624,,,,,,,2.45,2.185,0.9,-0.126,-0.042,,-0.047
2uy7D_5fluE,040,45.0,8.0,0.459,0.476,0.699,0.782,,,,,,,4.798,2.833,0.9,-0.008,-0.058,,-0.002
2uy7D_5fluE,041,45.0,3.0,0.49,0.51,0.548,0.585,,,,,,,5.442,2.383,1.0,-0.068,-0.052,,-0.072
2uy7D_5fluE,042,44.0,13.0,0.418,0.426,0.535,0.556,,,,,,,4.039,2.522,0.9,-0.054,-0.026,,-0.029
2uy7D_5fluE,043,44.0,13.0,0.487,0.484,0.733,0.85,,,,,,,0.229,1.957,0.4,-0.153,-0.021,,-0.036
2uy7D_5fluE,044,44.0,5.0,0.521,0.531,0.65,0.617,,,,,,,1.939,1.193,0.9,-0.187,-0.054,,0.004
2uy7D_5fluE,045,43.0,6.0,0.48,0.429,0.479,0.524,,,,,,,0.76,2.178,0.6,-0.045,-0.058,,-0.029
2uy7D_5fluE,046,42.0,16.0,0.418,0.393,0.681,0.709,,,,,,,2.342,2.752,0.7,-0.119,-0.016,,-0.013
2uy7D_5fluE,047,42.0,6.0,0.448,0.462,0.5,0.535,,,,,,,7.675,1.744,1.0,-0.056,-0.06,,0.043
2uy7D_5fluE,048,42.0,6.0,0.479,0.444,0.479,0.47,,,,,,,4.254,0.904,1.0,0.114,-0.042,,-0.021
2uy7D_5fluE,049,41.0,15.0,0.369,0.342,0.389,0.381,,,,,,,0.055,2.28,0.6,0.019,-0.06,,-0.011
2uy7D_5fluE,050,40.0,6.0,0.421,0.412,0.413,0.39,,,,,,,3.606,1.468,1.0,-0.066,-0.033,,-0.002
2uy7D_5fluE,051,40.0,26.0,0.453,0.458,0.544,0.549,,,,,,,1.034,3.413,0.7,-0.026,-0.01,,-0.026
2uy7D_5fluE,052,40.0,21.0,0.658,0.681,0.655,0.674,,,,,,,3.116,2.589,0.9,-0.028,-0.067,,-0.214
2uy7D_5fluE,053,40.0,12.0,0.239,0.236,0.321,0.318,,,,,,,3.545,4.107,0.8,0.046,-0.024,,0.012
2uy7D_5fluE,054,39.0,3.0,0.451,0.485,0.561,0.615,,,,,,,2.737,0.946,1.0,-0.093,-0.057,,0.004
2uy7D_5fluE,055,39.0,9.0,0.467,0.485,0.61,0.644,,,,,,,4.369,1.957,1.0,-0.104,-0.033,,-0.029
2uy7D_5fluE,056,39.0,14.0,0.45,0.437,0.658,0.721,,,,,,,2.324,1.276,0.9,-0.073,-0.005,,-0.057
2uy7D_5fluE,057,38.0,7.0,0.325,0.299,0.518,0.551,,,,,,,1.187,1.924,0.8,-0.224,-0.021,,0.039
2uy7D_5fluE,058,37.0,10.0,0.503,0.498,0.563,0.571,,,,,,,6.069,2.822,1.0,-0.053,-0.082,,-0.085
2uy7D_5fluE,059,36.0,7.0,0.321,0.331,0.511,0.528,,,,,,,4.979,1.144,1.0,0.019,-0.054,,-0.014
2uy7D_5fluE,060,35.0,14.0,0.388,0.377,0.625,0.65,,,,,,,3.862,2.243,1.0,-0.036,-0.059,,0.008
2uy7D_5fluE,061,35.0,18.0,0.544,0.576,0.7,0.707,,,,,,,0.721,1.825,0.6,-0.047,-0.055,,-0.147
2uy7D_5fluE,062,35.0,8.0,0.557,0.588,0.591,0.557,,,,,,,1.971,1.212,0.9,0.035,-0.058,,-0.033
2uy7D_5fluE,063,34.0,5.0,0.495,0.494,0.402,0.409,,,,,,,5.891,1.262,1.0,0.099,-0.052,,0.006
2uy7D_5fluE,064,33.0,7.0,0.397,0.401,0.327,0.287,,,,,,,5.397,1.828,1.0,-0.11,-0.049,,-0.025
2uy7D_5fluE,065,33.0,8.0,0.333,0.313,0.618,0.648,,,,,,,4.363,1.878,0.9,-0.102,-0.046,,-0.042
2uy7D_5fluE,066,33.0,4.0,0.301,0.291,0.442,0.442,,,,,,,0.664,0.679,0.9,-0.129,-0.048,,-0.015
2uy7D_5fluE,067,32.0,10.0,0.455,0.454,0.588,0.54,,,,,,,7.136,2.121,1.0,0.11,-0.018,,-0.006
2uy7D_5fluE,068,32.0,6.0,0.384,0.355,0.471,0.449,,,,,,,4.714,1.974,1.0,-0.054,-0.079,,-0.003
2uy7D_5fluE,069,32.0,22.0,0.722,0.82,0.741,0.887,,,,,,,5.712,2.332,1.0,0.051,-0.065,,0.004
2uy7D_5fluE,070,31.0,17.0,0.488,0.503,0.654,0.73,,,,,,,7.093,1.989,1.0,-0.068,-0.078,,-0.093
2uy7D_5fluE,071,31.0,4.0,0.332,0.299,0.342,0.329,,,,,,,4.794,2.035,1.0,0.025,-0.036,,0.073
2uy7D_5fluE,072,31.0,7.0,0.324,0.294,0.267,0.237,,,,,,,2.525,2.138,0.9,0.122,-0.061,,0.014
2uy7D_5fluE,073,31.0,12.0,0.265,0.272,0.685,0.778,,,,,,,3.202,2.028,0.9,-0.096,-0.048,,-0.057
2uy7D_5fluE,074,30.0,9.0,0.339,0.325,0.467,0.426,,,,,,,1.739,3.69,0.8,-0.12,-0.064,,-0.003
2uy7D_5fluE,075,29.0,13.0,0.579,0.547,0.745,0.869,,,,,,,3.202,2.206,0.9,0.05,-0.048,,-0.012
2uy7D_5fluE,076,29.0,13.0,0.51,0.574,0.744,0.851,,,,,,,1.952,4.638,0.6,-0.036,-0.038,,0.01
2uy7D_5fluE,077,29.0,3.0,0.32,0.324,0.327,0.331,,,,,,,6.576,1.433,1.0,0.005,-0.056,,-0.028
2uy7D_5fluE,078,29.0,14.0,0.635,0.663,0.656,0.687,,,,,,,2.918,1.745,1.0,-0.105,-0.047,,-0.13
2uy7D_5fluE,079,28.0,7.0,0.475,0.506,0.572,0.545,,,,,,,3.963,3.514,0.9,-0.047,-0.043,,0.027
2uy7D_5fluE,080,27.0,12.0,0.479,0.446,0.464,0.465,,,,,,,1.997,1.412,1.0,0.01,0.064,,-0.026
2uy7D_5fluE,081,27.0,10.0,0.602,0.535,0.438,0.424,,,,,,,6.041,2.011,1.0,-0.16,-0.046,,-0.074
2uy7D_5fluE,082,27.0,6.0,0.554,0.589,0.356,0.368,,,,,,,4.431,1.205,1.0,-0.048,-0.059,,-0.08
2uy7D_5fluE,083,27.0,12.0,0.304,0.272,0.625,0.679,,,,,,,4.315,1.096,1.0,-0.117,-0.048,,-0.015
2uy7D_5fluE,084,27.0,5.0,0.441,0.4,0.346,0.368,,,,,,,2.46,2.057,0.9,-0.136,-0.056,,-0.014
2uy7D_5fluE,085,27.0,2.0,0.575,0.569,0.555,0.57,,,,,,,8.095,1.172,1.0,-0.065,-0.019,,-0.112
2uy7D_5fluE,086,27.0,9.0,0.745,0.818,0.746,0.885,,,,,,,3.312,2.465,0.9,0.002,-0.062,,-0.029
2uy7D_5fluE,087,26.0,11.0,0.459,0.49,0.742,0.854,,,,,,,5.597,2.095,1.0,0.048,-0.048,,-0.004
2uy7D_5fluE,088,26.0,10.0,0.693,0.692,0.786,0.805,,,,,,,5.07,1.807,1.0,0.014,-0.066,,-0.009
2uy7D_5fluE,089,26.0,12.0,0.373,0.365,0.292,0.27,,,,,,,3.132,1.874,0.9,-0.093,-0.047,,0.002
2uy7D_5fluE,090,26.0,12.0,0.566,0.574,0.667,0.671,,,,,,,3.268,2.482,0.9,-0.237,-0.042,,0.001
2uy7D_5fluE,091,26.0,10.0,0.623,0.681,0.722,0.842,,,,,,,0.728,2.741,0.4,0.034,-0.046,,-0.075
2uy7D_5fluE,092,26.0,8.0,0.441,0.416,0.475,0.458,,,,,,,5.927,1.766,1.0,-0.123,-0.017,,-0.03
2uy7D_5fluE,093,25.0,13.0,0.386,0.387,0.402,0.421,,,,,,,1.75,3.44,0.6,-0.022,-0.012,,0.015
2uy7D_5fluE,094,25.0,9.0,0.349,0.373,0.404,0.393,,,,,,,4.343,1.092,1.0,-0.032,-0.037,,0.023
2uy7D_5fluE,095,24.0,2.0,0.353,0.318,0.347,0.314,,,,,,,5.498,0.996,1.0,0.053,-0.061,,-0.007
2uy7D_5fluE,096,24.0,1.0,0.37,0.34,0.498,0.505,,,,,,,-0.152,0.385,0.4,0.029,-0.009,,0.003
2uy7D_5fluE,097,24.0,5.0,0.446,0.417,0.662,0.703,,,,,,,3.031,1.333,1.0,-0.052,-0.059,,-0.026
2uy7D_5fluE,098,24.0,7.0,0.446,0.403,0.489,0.504,,,,,,,6.296,2.312,1.0,-0.032,-0.017,,-0.015
2uy7D_5fluE,099,22.0,1.0,0.498,0.479,0.58,0.614,,,,,,,4.993,1.519,1.0,-0.035,-0.061,,-0.007
2vfxL_3gmhL,Deep,,,0.939,0.711,0.919,0.69,0.424,0.426,0.292,,,,,,,,0.011,0.0,
2vfxL_3gmhL,000,293.0,103.0,0.522,0.56,0.639,0.795,0.163,0.13,0.104,001; 001; 003; 002; 003; 002; 005; 005; 004; 004,0.92; 0.92; 0.86; 0.86; 0.86; 0.86; 0.82; 0.82; 0.80; 0.80,0.71; 0.71; 0.66; 0.67; 0.67; 0.67; 0.69; 0.69; 0.65; 0.65,-12.383,6.092,0.0,-0.007,0.008,0.0,-0.001
2vfxL_3gmhL,001,266.0,110.0,0.399,0.448,0.437,0.555,0.0,0.0,0.0,002; 002; 001; 001; 004; 004; 008; 003; 003; 008,0.89; 0.89; 0.88; 0.88; 0.87; 0.87; 0.81; 0.81; 0.81; 0.81,0.70; 0.70; 0.70; 0.70; 0.71; 0.71; 0.67; 0.68; 0.68; 0.67,-11.838,4.983,0.0,-0.004,0.012,0.0,0.0
2vfxL_3gmhL,002,212.0,40.0,0.361,0.368,0.538,0.57,0.154,0.089,0.091,004; 004; 002; 002; 001; 001; 003; 003; 007; 007,0.90; 0.90; 0.90; 0.89; 0.88; 0.88; 0.86; 0.86; 0.83; 0.83,0.69; 0.69; 0.70; 0.70; 0.71; 0.71; 0.70; 0.70; 0.69; 0.69,-11.571,5.578,0.0,0.004,0.009,0.0,0.0
2vfxL_3gmhL,003,191.0,87.0,0.283,0.319,0.293,0.305,0.476,0.427,0.38,006; 006; 002; 002; 004; 004; 003; 003; 007; 007,0.84; 0.84; 0.81; 0.81; 0.70; 0.70; 0.69; 0.69; 0.65; 0.65,0.68; 0.68; 0.66; 0.66; 0.69; 0.68; 0.65; 0.65; 0.66; 0.66,-13.796,5.451,0.0,0.016,0.01,0.0,0.002
2vfxL_3gmhL,004,120.0,12.0,0.407,0.493,0.664,0.749,0.0,0.0,0.0,001; 001; 002; 002; 005; 005; 008; 008; 003; 003,0.88; 0.88; 0.87; 0.87; 0.87; 0.87; 0.86; 0.86; 0.85; 0.85,0.70; 0.70; 0.70; 0.70; 0.70; 0.70; 0.70; 0.70; 0.71; 0.71,-7.346,4.397,0.0,0.01,0.01,0.0,-0.014
2vfxL_3gmhL,005,118.0,29.0,0.269,0.277,0.584,0.673,0.0,0.0,0.0,006; 006; 002; 002; 008; 008; 007; 007; 001; 001,0.84; 0.84; 0.83; 0.83; 0.76; 0.76; 0.61; 0.61; 0.60; 0.60,0.68; 0.68; 0.67; 0.67; 0.68; 0.68; 0.62; 0.62; 0.64; 0.64,-11.234,5.817,0.0,-0.002,0.006,0.0,-0.002
2vfxL_3gmhL,006,115.0,33.0,0.344,0.332,0.406,0.39,0.164,0.109,0.101,001; 001; 002; 005; 006; 006; 005; 002; 010; 010,0.89; 0.89; 0.87; 0.87; 0.87; 0.87; 0.87; 0.87; 0.79; 0.79,0.70; 0.70; 0.71; 0.68; 0.68; 0.67; 0.68; 0.71; 0.64; 0.64,-11.469,3.377,0.0,0.003,0.012,0.0,0.003
2vfxL_3gmhL,007,109.0,10.0,0.367,0.41,0.569,0.652,0.037,0.018,0.019,001; 001; 004; 004; 003; 003; 009; 006; 006; 009,0.91; 0.91; 0.89; 0.89; 0.88; 0.88; 0.87; 0.87; 0.87; 0.87,0.70; 0.70; 0.69; 0.69; 0.70; 0.70; 0.68; 0.68; 0.68; 0.68,-13.517,4.655,0.0,0.005,0.003,0.0,0.01
2vfxL_3gmhL,008,107.0,31.0,0.36,0.392,0.459,0.516,0.164,0.098,0.094,001; 002; 002; 001; 006; 006; 003; 003; 004; 004,0.89; 0.89; 0.89; 0.89; 0.86; 0.86; 0.85; 0.85; 0.83; 0.83,0.70; 0.70; 0.70; 0.70; 0.70; 0.70; 0.68; 0.68; 0.69; 0.69,-11.117,4.211,0.0,0.0,-0.01,0.0,-0.002
2vfxL_3gmhL,009,95.0,41.0,0.384,0.408,0.38,0.401,0.346,0.252,0.205,001; 001; 007; 007; 004; 004; 003; 003; 002; 002,0.92; 0.92; 0.89; 0.89; 0.88; 0.88; 0.87; 0.87; 0.86; 0.86,0.71; 0.71; 0.69; 0.69; 0.69; 0.69; 0.69; 0.69; 0.69; 0.69,-13.879,4.083,0.0,0.007,0.014,0.0,0.003
2vfxL_3gmhL,010,95.0,36.0,0.625,0.73,0.611,0.777,0.078,0.037,0.039,001; 001; 002; 002; 003; 003; 010; 004; 004; 010,0.89; 0.89; 0.88; 0.88; 0.86; 0.86; 0.84; 0.84; 0.84; 0.84,0.71; 0.71; 0.70; 0.70; 0.69; 0.69; 0.67; 0.67; 0.67; 0.67,-12.254,8.168,0.0,-0.059,0.007,0.0,0.007
2vfxL_3gmhL,011,94.0,6.0,0.252,0.291,0.249,0.27,0.0,0.0,0.0,001; 003; 001; 003; 010; 010; 002; 002; 004; 004,0.89; 0.89; 0.89; 0.89; 0.83; 0.83; 0.73; 0.73; 0.63; 0.63,0.71; 0.68; 0.71; 0.68; 0.68; 0.68; 0.70; 0.70; 0.69; 0.70,-13.43,2.008,0.0,-0.001,0.012,0.0,0.002
2vfxL_3gmhL,012,91.0,5.0,0.277,0.251,0.313,0.34,0.0,0.0,0.0,002; 006; 006; 002; 003; 003; 001; 001; 009; 007,0.71; 0.71; 0.71; 0.71; 0.68; 0.68; 0.67; 0.67; 0.66; 0.66,0.69; 0.66; 0.66; 0.69; 0.68; 0.68; 0.66; 0.66; 0.64; 0.64,-11.678,6.762,0.0,-0.006,0.014,0.0,0.007
2vfxL_3gmhL,013,89.0,32.0,0.635,0.632,0.402,0.46,0.12,0.066,0.068,001; 001; 002; 002; 006; 006; 008; 008; 005; 005,0.92; 0.92; 0.90; 0.90; 0.84; 0.84; 0.82; 0.82; 0.78; 0.78,0.71; 0.71; 0.70; 0.70; 0.71; 0.71; 0.65; 0.65; 0.66; 0.66,-10.802,5.456,0.0,-0.034,0.008,0.0,0.006
2vfxL_3gmhL,014,76.0,22.0,0.451,0.483,0.364,0.384,0.028,0.013,0.013,001; 001; 003; 003; 002; 002; 008; 008; 010; 010,0.94; 0.94; 0.89; 0.89; 0.88; 0.88; 0.43; 0.43; 0.36; 0.36,0.71; 0.71; 0.70; 0.70; 0.70; 0.70; 0.43; 0.43; 0.23; 0.23,-10.915,4.391,0.0,0.007,0.009,0.0,0.007
2vfxL_3gmhL,015,76.0,19.0,0.39,0.415,0.394,0.416,0.109,0.09,0.064,001; 002; 002; 001; 003; 003; 007; 007; 008; 008,0.90; 0.90; 0.90; 0.90; 0.89; 0.89; 0.85; 0.85; 0.84; 0.84,0.70; 0.70; 0.70; 0.70; 0.70; 0.70; 0.70; 0.70; 0.69; 0.69,-9.407,4.239,0.0,0.003,0.007,0.0,0.003
2vfxL_3gmhL,016,75.0,18.0,0.391,0.484,0.408,0.498,0.197,0.138,0.129,002; 003; 003; 002; 001; 001; 010; 010; 009; 005,0.82; 0.82; 0.82; 0.82; 0.81; 0.81; 0.80; 0.80; 0.73; 0.73,0.66; 0.70; 0.70; 0.66; 0.71; 0.71; 0.67; 0.67; 0.74; 0.66,-10.101,6.187,0.1,0.001,0.012,0.0,0.015
2vfxL_3gmhL,017,72.0,16.0,0.321,0.339,0.354,0.343,0.124,0.064,0.066,004; 004; 001; 001; 005; 005; 002; 002; 007; 007,0.91; 0.91; 0.89; 0.89; 0.87; 0.87; 0.85; 0.85; 0.80; 0.80,0.70; 0.70; 0.71; 0.71; 0.70; 0.70; 0.71; 0.71; 0.62; 0.62,-13.498,2.717,0.0,0.012,0.013,0.0,0.002
2vfxL_3gmhL,018,71.0,11.0,0.378,0.409,0.44,0.429,0.115,0.101,0.082,002; 003; 003; 002; 001; 006; 004; 001; 006; 004,0.89; 0.89; 0.89; 0.89; 0.88; 0.88; 0.88; 0.88; 0.88; 0.88,0.70; 0.70; 0.70; 0.70; 0.71; 0.69; 0.68; 0.71; 0.69; 0.68,-7.868,4.499,0.0,0.011,0.01,0.0,0.0
2vfxL_3gmhL,019,71.0,11.0,0.395,0.434,0.381,0.442,0.174,0.116,0.102,008; 008; 001; 001; 004; 004; 005; 005; 002; 002,0.90; 0.90; 0.89; 0.89; 0.88; 0.88; 0.86; 0.86; 0.82; 0.82,0.70; 0.70; 0.70; 0.70; 0.68; 0.68; 0.69; 0.69; 0.67; 0.67,-10.359,5.318,0.0,-0.005,0.011,0.0,0.01
2vfxL_3gmhL,020,68.0,8.0,0.344,0.431,0.495,0.561,,,,,,,-12.847,5.184,0.0,0.009,0.01,,0.002
2vfxL_3gmhL,021,67.0,18.0,0.421,0.493,0.575,0.685,,,,,,,-8.443,5.14,0.0,0.002,0.01,,0.006
2vfxL_3gmhL,022,66.0,1.0,0.473,0.484,0.434,0.505,,,,,,,-13.955,4.779,0.0,-0.014,0.002,,-0.008
2vfxL_3gmhL,023,65.0,30.0,0.408,0.444,0.381,0.413,,,,,,,-17.579,3.37,0.0,0.001,0.01,,-0.006
2vfxL_3gmhL,024,64.0,21.0,0.242,0.307,0.369,0.394,,,,,,,-10.183,5.502,0.0,-0.002,0.011,,0.004
2vfxL_3gmhL,025,62.0,22.0,0.376,0.42,0.382,0.41,,,,,,,-12.821,4.917,0.0,0.003,0.006,,0.002
2vfxL_3gmhL,026,61.0,25.0,0.371,0.449,0.643,0.781,,,,,,,-10.347,5.091,0.0,-0.002,0.007,,0.007
2vfxL_3gmhL,027,60.0,36.0,0.688,0.787,0.677,0.814,,,,,,,-11.282,6.05,0.0,-0.031,0.008,,0.004
2vfxL_3gmhL,028,60.0,12.0,0.354,0.396,0.352,0.398,,,,,,,-13.581,2.347,0.0,0.003,0.014,,0.004
2vfxL_3gmhL,029,60.0,3.0,0.254,0.27,0.238,0.258,,,,,,,-16.38,1.712,0.0,0.002,0.013,,0.011
2vfxL_3gmhL,030,60.0,1.0,0.411,0.445,0.352,0.396,,,,,,,-3.409,1.679,0.0,0.005,0.007,,0.001
2vfxL_3gmhL,031,59.0,26.0,0.329,0.34,0.26,0.319,,,,,,,-17.386,5.496,0.0,0.008,0.009,,0.0
2vfxL_3gmhL,032,59.0,18.0,0.359,0.389,0.395,0.542,,,,,,,-12.544,2.326,0.0,0.009,0.014,,0.0
2vfxL_3gmhL,033,59.0,1.0,0.394,0.449,0.423,0.496,,,,,,,-20.8,1.377,0.0,0.002,0.013,,0.004
2vfxL_3gmhL,034,57.0,4.0,0.308,0.311,0.314,0.339,,,,,,,-10.416,4.167,0.0,-0.032,0.008,,0.01
2vfxL_3gmhL,035,57.0,12.0,0.388,0.427,0.373,0.389,,,,,,,-12.831,4.563,0.0,0.041,0.003,,-0.001
2vfxL_3gmhL,036,57.0,27.0,0.594,0.617,0.508,0.53,,,,,,,-12.069,3.533,0.0,0.006,0.011,,-0.0
2vfxL_3gmhL,037,57.0,5.0,0.367,0.411,0.568,0.701,,,,,,,-14.22,2.178,0.0,-0.003,0.002,,-0.001
2vfxL_3gmhL,038,56.0,11.0,0.334,0.355,0.327,0.35,,,,,,,-15.749,5.494,0.0,0.006,0.007,,-0.0
2vfxL_3gmhL,039,56.0,13.0,0.329,0.329,0.504,0.591,,,,,,,-16.612,4.46,0.0,-0.005,0.01,,0.006
2vfxL_3gmhL,040,55.0,6.0,0.27,0.317,0.262,0.299,,,,,,,-10.96,5.184,0.0,-0.013,0.013,,0.006
2vfxL_3gmhL,041,53.0,10.0,0.351,0.373,0.364,0.354,,,,,,,-13.034,2.569,0.0,0.011,0.01,,0.009
2vfxL_3gmhL,042,52.0,16.0,0.371,0.392,0.417,0.427,,,,,,,-15.376,3.161,0.0,0.01,0.013,,0.001
2vfxL_3gmhL,043,52.0,2.0,0.291,0.351,0.402,0.463,,,,,,,-13.923,1.757,0.0,0.002,0.012,,0.005
2vfxL_3gmhL,044,51.0,2.0,0.329,0.308,0.285,0.313,,,,,,,-8.814,1.894,0.0,0.005,0.014,,-0.0
2vfxL_3gmhL,045,50.0,10.0,0.258,0.283,0.394,0.455,,,,,,,-9.717,3.061,0.0,0.007,0.01,,0.003
2vfxL_3gmhL,046,50.0,8.0,0.314,0.342,0.588,0.665,,,,,,,-11.247,2.64,0.0,0.004,0.012,,-0.016
2vfxL_3gmhL,047,49.0,1.0,0.361,0.395,0.423,0.51,,,,,,,-14.723,3.833,0.0,0.006,0.014,,0.004
2vfxL_3gmhL,048,49.0,14.0,0.362,0.418,0.615,0.655,,,,,,,-14.035,3.154,0.0,0.006,0.006,,0.009
2vfxL_3gmhL,049,48.0,6.0,0.244,0.304,0.258,0.331,,,,,,,-9.405,3.536,0.0,-0.004,0.007,,-0.001
2vfxL_3gmhL,050,46.0,10.0,0.267,0.326,0.515,0.566,,,,,,,-10.228,3.387,0.0,0.006,0.01,,0.004
2vfxL_3gmhL,051,46.0,10.0,0.374,0.399,0.4,0.441,,,,,,,-13.673,2.841,0.0,0.002,0.012,,0.001
2vfxL_3gmhL,052,46.0,1.0,0.413,0.446,0.584,0.659,,,,,,,-14.581,3.802,0.0,0.01,-0.007,,0.002
2vfxL_3gmhL,053,46.0,3.0,0.345,0.365,0.353,0.422,,,,,,,-4.861,2.702,0.1,0.007,0.008,,0.002
2vfxL_3gmhL,054,46.0,7.0,0.374,0.407,0.646,0.806,,,,,,,-14.298,3.089,0.0,-0.004,0.009,,0.011
2vfxL_3gmhL,055,45.0,8.0,0.533,0.565,0.356,0.382,,,,,,,-12.938,4.607,0.0,0.003,0.014,,0.0
2vfxL_3gmhL,056,44.0,19.0,0.27,0.34,0.267,0.303,,,,,,,-10.689,5.404,0.0,0.028,0.011,,0.003
2vfxL_3gmhL,057,44.0,1.0,0.366,0.486,0.405,0.468,,,,,,,-4.763,1.655,0.0,-0.006,0.009,,0.001
2vfxL_3gmhL,058,43.0,14.0,0.295,0.341,0.626,0.748,,,,,,,-9.835,2.868,0.0,-0.0,0.009,,0.006
2vfxL_3gmhL,059,42.0,15.0,0.474,0.488,0.654,0.747,,,,,,,-13.055,6.311,0.0,0.042,0.009,,0.002
2vfxL_3gmhL,060,41.0,17.0,0.48,0.486,0.468,0.464,,,,,,,-15.999,4.644,0.0,0.007,0.009,,0.005
2vfxL_3gmhL,061,41.0,15.0,0.342,0.37,0.329,0.354,,,,,,,-11.645,5.561,0.0,0.024,0.009,,0.001
2vfxL_3gmhL,062,41.0,12.0,0.475,0.495,0.407,0.446,,,,,,,-16.979,2.592,0.0,0.001,0.013,,0.0
2vfxL_3gmhL,063,41.0,8.0,0.351,0.357,0.43,0.485,,,,,,,-16.877,2.499,0.0,0.005,0.004,,0.004
2vfxL_3gmhL,064,41.0,10.0,0.419,0.461,0.639,0.767,,,,,,,-15.133,2.364,0.0,0.004,0.014,,0.041
2vfxL_3gmhL,065,40.0,21.0,0.352,0.358,0.333,0.336,,,,,,,-10.509,3.62,0.0,0.007,0.009,,0.002
2vfxL_3gmhL,066,40.0,27.0,0.647,0.743,0.622,0.793,,,,,,,-11.457,4.234,0.0,0.003,0.008,,0.004
2vfxL_3gmhL,067,40.0,22.0,0.309,0.414,0.234,0.31,,,,,,,-9.438,5.81,0.0,-0.008,0.012,,0.009
2vfxL_3gmhL,068,40.0,5.0,0.348,0.369,0.552,0.656,,,,,,,-16.026,2.524,0.0,0.003,0.014,,0.003
2vfxL_3gmhL,069,40.0,13.0,0.395,0.413,0.388,0.447,,,,,,,-8.972,4.188,0.1,0.006,0.009,,0.002
2vfxL_3gmhL,070,39.0,5.0,0.325,0.357,0.348,0.387,,,,,,,-13.578,2.486,0.0,0.002,0.012,,-0.003
2vfxL_3gmhL,071,36.0,2.0,0.326,0.338,0.268,0.343,,,,,,,-4.006,1.481,0.0,-0.002,0.005,,0.001
2vfxL_3gmhL,072,35.0,13.0,0.613,0.709,0.59,0.631,,,,,,,-15.995,3.328,0.0,-0.002,0.014,,-0.003
2vfxL_3gmhL,073,33.0,4.0,0.415,0.397,0.342,0.358,,,,,,,-15.133,3.721,0.0,0.005,0.014,,0.008
2vfxL_3gmhL,074,33.0,3.0,0.365,0.406,0.359,0.398,,,,,,,-15.158,4.819,0.0,0.002,0.004,,0.004
2vfxL_3gmhL,075,32.0,11.0,0.324,0.329,0.399,0.443,,,,,,,-14.362,5.32,0.0,-0.008,0.011,,-0.005
2vfxL_3gmhL,076,32.0,9.0,0.474,0.515,0.636,0.814,,,,,,,-8.597,2.856,0.0,0.003,0.008,,0.008
2vfxL_3gmhL,077,32.0,7.0,0.578,0.656,0.398,0.462,,,,,,,-7.062,2.868,0.0,-0.02,0.007,,0.004
2vfxL_3gmhL,078,32.0,1.0,0.432,0.492,0.381,0.439,,,,,,,-4.742,1.596,0.0,0.0,0.012,,0.016
2vfxL_3gmhL,079,32.0,2.0,0.366,0.372,0.422,0.489,,,,,,,-4.919,3.97,0.0,0.006,0.008,,-0.01
2vfxL_3gmhL,080,31.0,2.0,0.583,0.642,0.642,0.745,,,,,,,-15.843,2.048,0.0,-0.003,0.007,,-0.007
2vfxL_3gmhL,081,31.0,6.0,0.282,0.354,0.395,0.465,,,,,,,-15.591,2.199,0.0,0.004,-0.011,,0.008
2vfxL_3gmhL,082,31.0,7.0,0.372,0.443,0.647,0.826,,,,,,,-9.832,2.715,0.0,0.017,0.012,,-0.001
2vfxL_3gmhL,083,30.0,7.0,0.246,0.285,0.331,0.331,,,,,,,-11.349,2.422,0.0,-0.036,0.006,,-0.003
2vfxL_3gmhL,084,30.0,12.0,0.363,0.406,0.63,0.74,,,,,,,-12.561,3.684,0.0,0.003,0.011,,-0.0
2vfxL_3gmhL,085,29.0,11.0,0.274,0.29,0.308,0.321,,,,,,,-15.97,3.498,0.0,0.007,0.008,,-0.011
2vfxL_3gmhL,086,29.0,6.0,0.349,0.394,0.353,0.377,,,,,,,-14.896,1.457,0.0,0.002,0.013,,-0.004
2vfxL_3gmhL,087,28.0,14.0,0.683,0.721,0.733,0.768,,,,,,,-15.445,4.959,0.0,0.001,0.011,,0.007
2vfxL_3gmhL,088,28.0,12.0,0.295,0.337,0.292,0.373,,,,,,,-10.509,6.333,0.0,0.004,0.01,,0.012
2vfxL_3gmhL,089,28.0,3.0,0.406,0.442,0.445,0.514,,,,,,,-10.294,4.362,0.0,0.004,0.009,,-0.002
2vfxL_3gmhL,090,28.0,6.0,0.334,0.359,0.605,0.675,,,,,,,-10.067,2.86,0.0,-0.009,0.004,,-0.002
2vfxL_3gmhL,091,28.0,14.0,0.3,0.329,0.348,0.46,,,,,,,-8.967,4.113,0.0,0.012,0.011,,-0.032
2vfxL_3gmhL,092,27.0,17.0,0.477,0.495,0.497,0.509,,,,,,,-14.089,4.186,0.0,0.01,0.005,,0.003
2vfxL_3gmhL,093,27.0,2.0,0.38,0.427,0.573,0.655,,,,,,,-4.843,2.786,0.0,-0.008,0.012,,-0.005
2vfxL_3gmhL,094,27.0,5.0,0.361,0.439,0.384,0.435,,,,,,,-6.635,2.469,0.0,0.017,0.009,,0.003
2vfxL_3gmhL,095,26.0,10.0,0.283,0.348,0.3,0.343,,,,,,,-12.987,6.496,0.0,0.008,0.011,,0.004
2vfxL_3gmhL,096,26.0,2.0,0.442,0.566,0.633,0.725,,,,,,,-13.893,2.367,0.0,-0.009,-0.001,,-0.003
2vfxL_3gmhL,097,26.0,7.0,0.636,0.751,0.629,0.754,,,,,,,-11.914,1.483,0.0,-0.011,0.014,,0.0
2vfxL_3gmhL,098,25.0,12.0,0.654,0.777,0.685,0.814,,,,,,,-10.394,5.753,0.0,0.012,0.007,,0.004
2vfxL_3gmhL,099,24.0,7.0,0.308,0.366,0.324,0.378,,,,,,,-9.536,2.232,0.0,0.014,0.014,,-0.006
2wcdX_4phqA,Deep,,,0.54,0.888,0.521,0.939,0.306,0.288,0.224,,,,,,,,0.068,0.0,
2wcdX_4phqA,000,16.0,10.0,0.757,0.764,0.629,0.805,0.252,0.254,0.179,001; 001; 002; 002; 004; 009; 004; 009; 005; 005,0.59; 0.59; 0.58; 0.58; 0.57; 0.57; 0.57; 0.57; 0.55; 0.54,0.75; 0.75; 0.70; 0.70; 0.60; 0.69; 0.60; 0.69; 0.82; 0.82,20.031,10.893,1.0,-0.03,0.068,0.0,-0.019
2wcdX_4phqA,001,13.0,9.0,0.65,0.652,0.508,0.414,,,,,,,12.597,7.194,1.0,0.155,0.068,,-0.022
2wcdX_4phqA,002,13.0,6.0,0.539,0.81,0.547,0.799,,,,,,,4.121,3.669,0.9,0.046,0.068,,-0.012
2wcdX_4phqA,003,13.0,7.0,0.605,0.683,0.562,0.771,,,,,,,16.635,5.987,1.0,0.127,0.068,,-0.029
2wcdX_4phqA,004,12.0,7.0,0.628,0.796,0.613,0.779,,,,,,,7.233,3.262,1.0,-0.193,0.068,,0.017
2wcdX_4phqA,005,,,0.838,0.545,0.861,0.485,,,,,,,6.892,5.396,0.9,-0.045,-0.008,,0.012
2wcdX_4phqA,006,,,0.404,0.436,0.224,0.269,,,,,,,9.066,5.223,1.0,0.156,0.068,,-0.037
2wcdX_4phqA,007,,,0.47,0.533,0.433,0.494,,,,,,,2.935,2.997,0.8,-0.165,0.068,,-0.081
2wcdX_4phqA,008,11.0,6.0,0.864,0.657,0.578,0.796,,,,,,,12.905,7.388,1.0,-0.006,0.068,,0.044
2wcdX_4phqA,009,11.0,6.0,0.495,0.7,0.488,0.71,,,,,,,20.063,3.409,1.0,-0.188,0.068,,-0.272
2z9oB_1repC,Deep,,,0.627,0.888,0.624,0.975,0.018,0.021,0.018,,,,,,,,0.029,0.007,
2z9oB_1repC,000,206.0,127.0,0.558,0.627,0.466,0.46,0.058,0.049,0.045,007; 007; 004; 004; 001; 008; 006; 001; 008; 006,0.54; 0.54; 0.48; 0.48; 0.45; 0.45; 0.45; 0.45; 0.45; 0.45,0.85; 0.85; 0.51; 0.51; 0.49; 0.47; 0.52; 0.49; 0.47; 0.52,16.506,6.025,1.0,,0.03,0.0,-0.064
2z9oB_1repC,001,182.0,88.0,0.264,0.267,0.545,0.535,0.0,0.0,0.0,005; 005; 001; 003; 001; 003; 006; 002; 002; 006,0.59; 0.59; 0.58; 0.58; 0.58; 0.58; 0.56; 0.56; 0.56; 0.56,0.77; 0.77; 0.79; 0.79; 0.79; 0.79; 0.83; 0.81; 0.81; 0.83,13.038,6.078,1.0,,0.025,0.0,-0.017
2z9oB_1repC,002,134.0,35.0,0.443,0.454,0.499,0.499,0.0,0.0,0.0,006; 006; 001; 001; 002; 002; 004; 010; 004; 010,0.68; 0.68; 0.65; 0.65; 0.58; 0.58; 0.57; 0.57; 0.57; 0.57,0.69; 0.69; 0.80; 0.80; 0.74; 0.74; 0.71; 0.88; 0.71; 0.88,11.3,7.779,0.9,,0.029,0.0,-0.029
2z9oB_1repC,003,100.0,51.0,0.358,0.381,0.545,0.629,0.024,0.017,0.016,001; 002; 003; 002; 001; 003; 007; 007; 006; 008,0.59; 0.59; 0.59; 0.59; 0.59; 0.59; 0.56; 0.56; 0.55; 0.55,0.83; 0.73; 0.79; 0.73; 0.83; 0.79; 0.83; 0.83; 0.84; 0.86,14.326,5.308,1.0,,0.03,0.0,-0.045
2z9oB_1repC,004,84.0,51.0,0.414,0.411,0.493,0.555,0.032,0.023,0.025,003; 003; 004; 005; 009; 005; 009; 004; 001; 002,0.59; 0.59; 0.58; 0.58; 0.58; 0.58; 0.58; 0.58; 0.57; 0.57,0.75; 0.75; 0.69; 0.73; 0.85; 0.73; 0.85; 0.69; 0.78; 0.72,13.103,4.594,1.0,,0.025,0.0,-0.043
2z9oB_1repC,005,73.0,48.0,0.434,0.451,0.467,0.496,0.028,0.043,0.028,002; 002; 004; 004; 003; 003; 001; 001; 007; 006,0.61; 0.61; 0.60; 0.60; 0.59; 0.59; 0.57; 0.57; 0.56; 0.56,0.79; 0.79; 0.73; 0.73; 0.70; 0.70; 0.77; 0.77; 0.82; 0.82,12.88,6.873,0.9,,0.02,0.0,-0.018
2z9oB_1repC,006,68.0,34.0,0.443,0.438,0.421,0.417,0.028,0.035,0.017,002; 003; 003; 002; 001; 004; 001; 004; 009; 007,0.59; 0.59; 0.59; 0.59; 0.58; 0.58; 0.58; 0.58; 0.55; 0.55,0.80; 0.79; 0.79; 0.80; 0.79; 0.79; 0.79; 0.79; 0.85; 0.86,12.69,5.262,1.0,,0.029,0.0,0.009
2z9oB_1repC,007,65.0,17.0,0.515,0.43,0.43,0.421,0.032,0.027,0.02,001; 001; 002; 002; 003; 003; 008; 006; 005; 005,0.59; 0.59; 0.58; 0.58; 0.57; 0.57; 0.55; 0.55; 0.55; 0.55,0.74; 0.74; 0.81; 0.81; 0.82; 0.82; 0.86; 0.86; 0.83; 0.83,18.876,4.054,1.0,,0.028,0.0,-0.035
2z9oB_1repC,008,63.0,25.0,0.508,0.524,0.496,0.522,0.039,0.037,0.024,003; 003; 001; 005; 001; 005; 002; 002; 004; 004,0.60; 0.60; 0.59; 0.59; 0.59; 0.59; 0.58; 0.58; 0.56; 0.56,0.79; 0.79; 0.78; 0.73; 0.78; 0.73; 0.71; 0.71; 0.66; 0.66,17.019,5.921,1.0,,0.029,0.0,-0.013
2z9oB_1repC,009,57.0,37.0,0.415,0.41,0.467,0.443,0.038,0.027,0.026,002; 003; 007; 007; 003; 002; 004; 004; 001; 001,0.60; 0.60; 0.60; 0.60; 0.60; 0.60; 0.59; 0.59; 0.58; 0.58,0.78; 0.74; 0.82; 0.82; 0.74; 0.78; 0.76; 0.76; 0.74; 0.74,14.443,6.701,1.0,,0.029,0.0,-0.016
2z9oB_1repC,010,53.0,16.0,0.53,0.437,0.546,0.555,0.024,0.017,0.02,001; 003; 001; 003; 004; 002; 005; 004; 005; 002,0.58; 0.58; 0.58; 0.58; 0.57; 0.57; 0.57; 0.57; 0.57; 0.57,0.76; 0.80; 0.76; 0.80; 0.78; 0.86; 0.79; 0.78; 0.79; 0.86,17.335,5.764,1.0,,0.026,0.0,-0.022
2z9oB_1repC,011,53.0,26.0,0.342,0.394,0.438,0.421,0.011,0.016,0.007,004; 008; 004; 008; 005; 005; 006; 006; 001; 001,0.54; 0.54; 0.54; 0.54; 0.46; 0.46; 0.45; 0.45; 0.44; 0.44,0.61; 0.87; 0.61; 0.87; 0.49; 0.49; 0.48; 0.48; 0.50; 0.50,15.22,4.149,1.0,,0.026,0.0,-0.058
2z9oB_1repC,012,53.0,11.0,0.457,0.416,0.42,0.476,0.008,0.005,0.01,007; 007; 002; 003; 004; 004; 003; 002; 001; 001,0.59; 0.59; 0.58; 0.58; 0.58; 0.58; 0.58; 0.58; 0.56; 0.56,0.74; 0.74; 0.77; 0.76; 0.75; 0.75; 0.76; 0.77; 0.77; 0.77,14.078,3.134,1.0,,0.029,0.0,0.019
2z9oB_1repC,013,52.0,23.0,0.466,0.476,0.456,0.454,0.055,0.047,0.042,005; 005; 010; 010; 003; 003; 002; 002; 001; 001,0.48; 0.48; 0.47; 0.47; 0.46; 0.46; 0.45; 0.45; 0.44; 0.44,0.49; 0.49; 0.50; 0.50; 0.51; 0.51; 0.50; 0.50; 0.47; 0.47,12.778,5.302,1.0,,0.029,0.0,-0.012
2z9oB_1repC,014,52.0,25.0,0.644,0.73,0.666,0.679,0.021,0.039,0.018,004; 005; 005; 004; 001; 002; 006; 002; 001; 006,0.60; 0.60; 0.60; 0.60; 0.59; 0.59; 0.59; 0.59; 0.59; 0.59,0.76; 0.79; 0.79; 0.76; 0.74; 0.76; 0.78; 0.76; 0.74; 0.78,8.77,4.432,1.0,,0.027,0.0,-0.01
2z9oB_1repC,015,52.0,23.0,0.416,0.41,0.435,0.506,0.042,0.039,0.036,001; 002; 004; 002; 001; 004; 003; 003; 006; 006,0.60; 0.60; 0.60; 0.60; 0.60; 0.60; 0.59; 0.59; 0.56; 0.56,0.74; 0.75; 0.73; 0.75; 0.74; 0.73; 0.76; 0.76; 0.83; 0.83,15.564,4.586,1.0,,0.027,0.0,-0.032
2z9oB_1repC,016,51.0,42.0,0.679,0.504,0.502,0.507,,,,,,,19.384,5.284,1.0,,0.029,,0.004
2z9oB_1repC,017,50.0,16.0,0.439,0.442,0.641,0.619,,,,,,,12.234,6.314,1.0,,0.016,,-0.04
2z9oB_1repC,018,49.0,29.0,0.209,0.216,0.438,0.453,,,,,,,8.396,2.65,1.0,,0.024,,-0.017
2z9oB_1repC,019,48.0,31.0,0.61,0.708,0.721,0.978,,,,,,,9.154,3.602,1.0,,0.027,,0.0
2z9oB_1repC,020,48.0,5.0,0.398,0.444,0.463,0.487,,,,,,,16.15,3.118,1.0,,0.017,,-0.038
2z9oB_1repC,021,47.0,21.0,0.462,0.51,0.521,0.541,,,,,,,17.61,4.694,1.0,,0.027,,-0.006
2z9oB_1repC,022,47.0,9.0,0.455,0.469,0.467,0.507,,,,,,,17.182,4.182,1.0,,0.027,,-0.008
2z9oB_1repC,023,47.0,16.0,0.716,0.629,0.477,0.497,,,,,,,10.106,6.361,1.0,,0.026,,-0.015
2z9oB_1repC,024,46.0,7.0,0.417,0.449,0.479,0.46,,,,,,,4.854,4.881,0.9,,0.027,,-0.013
2z9oB_1repC,025,46.0,12.0,0.414,0.452,0.551,0.575,,,,,,,16.614,4.163,1.0,,0.029,,-0.032
2z9oB_1repC,026,46.0,13.0,0.254,0.258,0.543,0.602,,,,,,,12.718,4.649,1.0,,0.027,,-0.009
2z9oB_1repC,027,45.0,29.0,0.467,0.455,0.489,0.464,,,,,,,13.578,5.134,1.0,,0.03,,-0.012
2z9oB_1repC,028,44.0,15.0,0.377,0.43,0.544,0.581,,,,,,,15.261,5.196,1.0,,0.025,,-0.002
2z9oB_1repC,029,44.0,20.0,0.482,0.515,0.701,0.657,,,,,,,17.011,3.172,1.0,,0.027,,-0.021
2z9oB_1repC,030,44.0,21.0,0.565,0.739,0.508,0.552,,,,,,,14.985,3.827,1.0,,0.028,,-0.04
2z9oB_1repC,031,43.0,16.0,0.548,0.666,0.647,0.709,,,,,,,19.804,3.956,1.0,,0.029,,-0.028
2z9oB_1repC,032,40.0,27.0,0.641,0.72,0.654,0.739,,,,,,,16.759,10.081,0.9,,0.029,,-0.008
2z9oB_1repC,033,40.0,20.0,0.483,0.492,0.547,0.514,,,,,,,12.601,8.044,0.9,,0.029,,-0.018
2z9oB_1repC,034,40.0,7.0,0.468,0.435,0.473,0.528,,,,,,,17.712,1.785,1.0,,0.013,,-0.024
2z9oB_1repC,035,39.0,17.0,0.438,0.487,0.534,0.667,,,,,,,13.007,7.031,1.0,,0.026,,-0.014
2z9oB_1repC,036,38.0,12.0,0.273,0.311,0.285,0.284,,,,,,,12.776,2.529,1.0,,0.025,,0.001
2z9oB_1repC,037,37.0,10.0,0.393,0.433,0.416,0.409,,,,,,,16.719,2.838,1.0,,0.026,,-0.019
2z9oB_1repC,038,36.0,15.0,0.574,0.673,0.612,0.671,,,,,,,14.097,6.068,1.0,,0.003,,-0.029
2z9oB_1repC,039,36.0,13.0,0.478,0.502,0.512,0.528,,,,,,,18.465,3.134,1.0,,0.027,,-0.041
2z9oB_1repC,040,36.0,14.0,0.266,0.29,0.412,0.409,,,,,,,12.509,5.497,1.0,,0.028,,-0.012
2z9oB_1repC,041,36.0,15.0,0.286,0.324,0.507,0.505,,,,,,,15.789,6.14,1.0,,0.026,,-0.042
2z9oB_1repC,042,35.0,9.0,0.344,0.346,0.334,0.304,,,,,,,11.779,3.504,1.0,,0.029,,0.016
2z9oB_1repC,043,35.0,5.0,0.381,0.359,0.382,0.377,,,,,,,13.796,2.948,1.0,,0.027,,0.02
2z9oB_1repC,044,35.0,18.0,0.448,0.459,0.56,0.742,,,,,,,19.147,2.576,1.0,,0.029,,-0.043
2z9oB_1repC,045,34.0,17.0,0.473,0.451,0.469,0.454,,,,,,,10.868,6.902,0.9,,0.027,,-0.019
2z9oB_1repC,046,34.0,18.0,0.394,0.399,0.404,0.424,,,,,,,14.08,6.544,1.0,,0.028,,-0.017
2z9oB_1repC,047,34.0,7.0,0.402,0.437,0.463,0.479,,,,,,,16.26,3.283,1.0,,0.027,,-0.009
2z9oB_1repC,048,33.0,17.0,0.655,0.704,0.573,0.774,,,,,,,16.718,6.923,1.0,,0.029,,-0.019
2z9oB_1repC,049,33.0,4.0,0.26,0.294,0.445,0.483,,,,,,,13.615,6.216,1.0,,0.026,,0.0
2z9oB_1repC,050,33.0,6.0,0.521,0.58,0.5,0.527,,,,,,,17.434,4.364,1.0,,0.026,,-0.03
2z9oB_1repC,051,33.0,12.0,0.524,0.454,0.574,0.711,,,,,,,16.296,4.504,1.0,,0.025,,-0.019
2z9oB_1repC,052,33.0,8.0,0.392,0.396,0.574,0.593,,,,,,,12.183,6.375,1.0,,0.001,,-0.035
2z9oB_1repC,053,32.0,11.0,0.464,0.465,0.381,0.354,,,,,,,8.248,5.79,0.9,,0.027,,-0.004
2z9oB_1repC,054,32.0,11.0,0.517,0.485,0.524,0.445,,,,,,,14.416,5.953,1.0,,0.025,,-0.003
2z9oB_1repC,055,32.0,6.0,0.288,0.351,0.588,0.523,,,,,,,11.865,4.046,1.0,,0.027,,-0.006
2z9oB_1repC,056,31.0,19.0,0.232,0.237,0.39,0.395,,,,,,,12.315,6.035,1.0,,0.029,,-0.016
2z9oB_1repC,057,31.0,10.0,0.341,0.325,0.472,0.506,,,,,,,17.864,4.968,1.0,,0.028,,-0.009
2z9oB_1repC,058,31.0,6.0,0.478,0.506,0.466,0.485,,,,,,,16.969,2.777,1.0,,0.028,,-0.023
2z9oB_1repC,059,31.0,13.0,0.609,0.631,0.58,0.578,,,,,,,17.313,2.655,1.0,,0.025,,-0.001
2z9oB_1repC,060,30.0,8.0,0.409,0.43,0.392,0.408,,,,,,,13.855,3.047,1.0,,0.014,,-0.005
2z9oB_1repC,061,29.0,9.0,0.493,0.567,0.604,0.707,,,,,,,21.905,3.441,1.0,,0.029,,-0.0
2z9oB_1repC,062,28.0,12.0,0.279,0.271,0.419,0.47,,,,,,,13.966,4.814,1.0,,0.026,,-0.016
2z9oB_1repC,063,27.0,8.0,0.693,0.625,0.63,0.742,,,,,,,20.526,3.944,1.0,,0.03,,-0.026
2z9oB_1repC,064,27.0,14.0,0.456,0.489,0.479,0.443,,,,,,,13.19,5.795,1.0,,0.026,,0.004
2z9oB_1repC,065,26.0,19.0,0.445,0.442,0.437,0.448,,,,,,,15.17,5.714,1.0,,0.028,,-0.007
2z9oB_1repC,066,26.0,7.0,0.435,0.429,0.576,0.723,,,,,,,11.929,2.331,1.0,,0.03,,-0.022
2z9oB_1repC,067,26.0,8.0,0.413,0.425,0.561,0.633,,,,,,,19.236,4.554,1.0,,0.024,,0.001
2z9oB_1repC,068,26.0,15.0,0.391,0.405,0.608,0.657,,,,,,,17.363,3.362,1.0,,0.03,,-0.018
2z9oB_1repC,069,25.0,14.0,0.431,0.427,0.447,0.456,,,,,,,14.775,4.735,1.0,,0.026,,-0.022
2z9oB_1repC,070,25.0,4.0,0.331,0.328,0.342,0.349,,,,,,,17.077,4.074,1.0,,-0.018,,-0.018
2z9oB_1repC,071,25.0,8.0,0.486,0.483,0.466,0.548,,,,,,,16.95,4.127,1.0,,0.026,,-0.011
2z9oB_1repC,072,25.0,13.0,0.282,0.292,0.568,0.661,,,,,,,18.285,4.918,1.0,,-0.029,,0.037
2z9oB_1repC,073,25.0,4.0,0.274,0.289,0.47,0.498,,,,,,,15.603,3.049,1.0,,0.028,,-0.015
2z9oB_1repC,074,25.0,17.0,0.454,0.445,0.429,0.444,,,,,,,12.621,5.011,1.0,,0.024,,-0.01
2z9oB_1repC,075,25.0,10.0,0.4,0.4,0.447,0.453,,,,,,,20.787,2.317,1.0,,0.025,,-0.0
2z9oB_1repC,076,24.0,12.0,0.688,0.654,0.737,0.661,,,,,,,11.347,6.551,1.0,,0.026,,-0.016
2z9oB_1repC,077,24.0,8.0,0.453,0.451,0.442,0.42,,,,,,,14.707,6.459,1.0,,0.029,,-0.008
2z9oB_1repC,078,24.0,17.0,0.658,0.704,0.746,0.649,,,,,,,10.674,7.477,0.9,,0.03,,-0.008
2z9oB_1repC,079,24.0,3.0,0.491,0.515,0.525,0.528,,,,,,,25.003,1.951,1.0,,-0.017,,-0.014
2z9oB_1repC,080,24.0,3.0,0.288,0.325,0.521,0.735,,,,,,,13.73,3.489,1.0,,0.026,,-0.013
2z9oB_1repC,081,24.0,11.0,0.401,0.404,0.438,0.456,,,,,,,13.65,4.49,1.0,,0.029,,-0.033
2z9oB_1repC,082,24.0,14.0,0.554,0.564,0.606,0.544,,,,,,,15.558,6.068,1.0,,0.024,,-0.01
2z9oB_1repC,083,23.0,10.0,0.438,0.452,0.403,0.418,,,,,,,12.712,5.026,1.0,,0.027,,-0.016
2z9oB_1repC,084,23.0,3.0,0.449,0.446,0.509,0.558,,,,,,,16.636,2.601,1.0,,0.029,,-0.014
2z9oB_1repC,085,23.0,6.0,0.491,0.549,0.628,0.694,,,,,,,15.596,2.905,1.0,,0.027,,-0.027
2z9oB_1repC,086,22.0,1.0,0.435,0.394,0.517,0.47,,,,,,,2.688,0.806,1.0,,-0.009,,-0.017
2z9oB_1repC,087,22.0,1.0,0.578,0.638,0.496,0.477,,,,,,,21.745,3.545,1.0,,0.029,,-0.001
2z9oB_1repC,088,22.0,7.0,0.463,0.593,0.532,0.633,,,,,,,17.704,4.616,1.0,,0.028,,-0.006
2z9oB_1repC,089,22.0,3.0,0.427,0.431,0.499,0.484,,,,,,,17.064,1.866,1.0,,0.028,,-0.02
2z9oB_1repC,090,21.0,10.0,0.681,0.703,0.77,0.654,,,,,,,15.103,8.778,1.0,,0.029,,-0.003
2z9oB_1repC,091,21.0,2.0,0.267,0.252,0.544,0.588,,,,,,,15.208,2.757,1.0,,0.03,,0.007
2z9oB_1repC,092,21.0,6.0,0.265,0.244,0.296,0.28,,,,,,,20.608,4.397,1.0,,0.018,,-0.035
2z9oB_1repC,093,21.0,8.0,0.321,0.321,0.271,0.312,,,,,,,16.294,3.84,1.0,,0.029,,-0.022
2z9oB_1repC,094,21.0,6.0,0.578,0.626,0.526,0.536,,,,,,,16.082,3.164,1.0,,-0.007,,-0.058
2z9oB_1repC,095,21.0,13.0,0.582,0.618,0.74,0.678,,,,,,,12.786,5.94,1.0,,0.029,,-0.02
2z9oB_1repC,096,20.0,12.0,0.599,0.704,0.512,0.519,,,,,,,11.709,7.505,1.0,,0.027,,-0.02
2z9oB_1repC,097,20.0,3.0,0.38,0.381,0.441,0.449,,,,,,,8.82,5.154,1.0,,0.026,,-0.011
2z9oB_1repC,098,20.0,3.0,0.496,0.511,0.479,0.513,,,,,,,13.693,1.934,1.0,,0.026,,-0.022
2z9oB_1repC,099,20.0,10.0,0.438,0.449,0.454,0.441,,,,,,,15.919,6.493,1.0,,0.027,,-0.022
3g0hA_3ewsB,Deep,,,0.906,0.898,0.901,0.712,0.049,0.045,0.047,,,,,,,,-0.012,-0.016,
3g0hA_3ewsB,000,1504.0,1105.0,0.337,0.33,0.691,0.629,0.005,0.008,0.004,008; 008; 001; 006; 006; 001; 002; 002; 007; 007,0.81; 0.81; 0.79; 0.79; 0.79; 0.79; 0.78; 0.78; 0.77; 0.77,0.67; 0.67; 0.67; 0.67; 0.67; 0.67; 0.65; 0.65; 0.63; 0.63,-18.689,10.968,0.0,0.001,0.007,0.001,0.018
3g0hA_3ewsB,001,1292.0,1012.0,0.67,0.568,0.804,0.632,0.013,0.016,0.013,003; 003; 008; 008; 001; 001; 002; 002; 006; 006,0.82; 0.82; 0.81; 0.81; 0.80; 0.80; 0.78; 0.78; 0.77; 0.77,0.64; 0.64; 0.66; 0.66; 0.63; 0.63; 0.63; 0.63; 0.67; 0.67,-16.473,10.108,0.1,-0.015,0.007,-0.002,0.026
3g0hA_3ewsB,002,912.0,738.0,0.739,0.646,0.817,0.652,0.039,0.036,0.037,001; 001; 010; 010; 008; 008; 002; 002; 007; 007,0.87; 0.87; 0.84; 0.84; 0.83; 0.83; 0.82; 0.82; 0.81; 0.81,0.70; 0.70; 0.67; 0.68; 0.68; 0.68; 0.67; 0.67; 0.68; 0.68,-16.84,7.43,0.0,0.047,0.003,0.0,0.011
3g0hA_3ewsB,003,724.0,539.0,0.727,0.71,0.812,0.623,0.013,0.012,0.011,001; 007; 007; 001; 002; 002; 006; 006; 004; 004,0.82; 0.82; 0.82; 0.82; 0.81; 0.81; 0.80; 0.80; 0.79; 0.79,0.64; 0.66; 0.66; 0.64; 0.67; 0.67; 0.67; 0.67; 0.66; 0.66,-19.09,7.208,0.0,-0.011,0.009,-0.001,-0.008
3g0hA_3ewsB,004,721.0,398.0,0.424,0.419,0.494,0.544,0.008,0.015,0.007,001; 001; 004; 004; 002; 002; 008; 008; 006; 006,0.84; 0.84; 0.83; 0.83; 0.80; 0.80; 0.78; 0.78; 0.77; 0.77,0.62; 0.62; 0.66; 0.66; 0.65; 0.65; 0.70; 0.70; 0.66; 0.66,-20.073,13.432,0.0,0.063,0.005,-0.0,0.002
3g0hA_3ewsB,005,553.0,417.0,0.659,0.658,0.786,0.634,0.013,0.019,0.013,001; 004; 004; 001; 005; 005; 010; 003; 003; 010,0.84; 0.84; 0.84; 0.84; 0.81; 0.81; 0.78; 0.78; 0.78; 0.78,0.62; 0.69; 0.69; 0.62; 0.64; 0.64; 0.66; 0.68; 0.68; 0.66,-21.624,9.105,0.0,-0.002,-0.002,-0.0,0.008
3g0hA_3ewsB,006,522.0,182.0,0.355,0.352,0.464,0.472,0.022,0.021,0.022,002; 003; 003; 002; 001; 001; 005; 005; 008; 008,0.82; 0.82; 0.82; 0.82; 0.81; 0.81; 0.79; 0.79; 0.77; 0.77,0.67; 0.66; 0.66; 0.67; 0.63; 0.63; 0.65; 0.65; 0.69; 0.69,-14.829,6.403,0.0,0.022,0.007,0.001,0.014
3g0hA_3ewsB,007,509.0,390.0,0.742,0.677,0.808,0.624,0.029,0.032,0.026,001; 001; 008; 008; 002; 002; 010; 010; 006; 006,0.86; 0.86; 0.84; 0.84; 0.80; 0.80; 0.78; 0.78; 0.77; 0.77,0.69; 0.69; 0.70; 0.70; 0.67; 0.67; 0.67; 0.67; 0.70; 0.70,-18.063,7.57,0.0,0.049,0.011,0.0,0.001
3g0hA_3ewsB,008,486.0,261.0,0.408,0.422,0.449,0.442,0.014,0.014,0.011,002; 002; 007; 007; 003; 003; 001; 010; 001; 010,0.83; 0.83; 0.82; 0.82; 0.80; 0.80; 0.79; 0.79; 0.79; 0.79,0.66; 0.66; 0.66; 0.66; 0.66; 0.66; 0.65; 0.67; 0.65; 0.67,-16.848,8.566,0.0,0.012,0.007,0.0,0.012
3g0hA_3ewsB,009,466.0,57.0,0.249,0.258,0.794,0.649,0.02,0.021,0.017,002; 002; 001; 003; 001; 003; 007; 007; 008; 008,0.87; 0.87; 0.81; 0.81; 0.81; 0.81; 0.80; 0.80; 0.79; 0.79,0.64; 0.64; 0.64; 0.66; 0.64; 0.66; 0.67; 0.67; 0.67; 0.67,-9.504,7.995,0.0,0.173,0.011,0.001,-0.002
3g0hA_3ewsB,010,462.0,251.0,0.213,0.207,0.273,0.26,0.013,0.017,0.013,007; 007; 001; 001; 002; 002; 004; 004; 010; 010,0.82; 0.82; 0.81; 0.81; 0.79; 0.79; 0.78; 0.78; 0.77; 0.77,0.69; 0.69; 0.63; 0.63; 0.67; 0.67; 0.68; 0.68; 0.67; 0.67,-9.472,7.342,0.1,0.036,-0.009,0.0,0.01
3g0hA_3ewsB,011,430.0,261.0,0.347,0.335,0.764,0.607,0.005,0.018,0.006,003; 003; 004; 004; 002; 002; 009; 009; 007; 007,0.81; 0.81; 0.80; 0.80; 0.80; 0.80; 0.79; 0.79; 0.78; 0.78,0.65; 0.65; 0.65; 0.65; 0.66; 0.66; 0.66; 0.66; 0.63; 0.63,-14.892,10.274,0.0,0.151,0.002,0.0,0.007
3g0hA_3ewsB,012,370.0,144.0,0.404,0.396,0.455,0.452,0.034,0.028,0.03,001; 001; 008; 008; 002; 002; 003; 003; 005; 005,0.87; 0.87; 0.85; 0.85; 0.84; 0.84; 0.81; 0.81; 0.80; 0.80,0.70; 0.70; 0.64; 0.64; 0.72; 0.72; 0.68; 0.68; 0.70; 0.70,-22.228,7.456,0.0,0.139,0.003,0.0,-0.003
3g0hA_3ewsB,013,357.0,277.0,0.75,0.654,0.586,0.495,0.015,0.013,0.013,006; 006; 001; 003; 001; 003; 004; 004; 008; 008,0.83; 0.83; 0.81; 0.81; 0.81; 0.81; 0.80; 0.80; 0.79; 0.79,0.68; 0.68; 0.63; 0.70; 0.63; 0.70; 0.63; 0.63; 0.67; 0.67,-21.756,8.303,0.0,0.02,0.002,0.0,-0.031
3g0hA_3ewsB,014,351.0,147.0,0.316,0.276,0.799,0.663,0.023,0.026,0.022,007; 007; 010; 010; 003; 001; 003; 001; 002; 002,0.83; 0.83; 0.82; 0.82; 0.80; 0.80; 0.80; 0.80; 0.79; 0.79,0.66; 0.66; 0.66; 0.66; 0.65; 0.68; 0.65; 0.68; 0.67; 0.67,-14.061,9.242,0.0,0.099,0.003,0.0,0.003
3g0hA_3ewsB,015,338.0,276.0,0.696,0.628,0.792,0.622,0.042,0.042,0.04,001; 001; 004; 004; 006; 008; 008; 006; 007; 007,0.92; 0.92; 0.88; 0.88; 0.81; 0.81; 0.81; 0.81; 0.80; 0.80,0.69; 0.69; 0.67; 0.67; 0.70; 0.66; 0.66; 0.70; 0.65; 0.65,-20.338,12.365,0.0,0.018,0.011,0.0,0.01
3g0hA_3ewsB,016,332.0,238.0,0.814,0.739,0.864,0.709,0.005,0.012,0.008,001; 001; 008; 008; 007; 007; 004; 004; 002; 002,0.82; 0.82; 0.80; 0.80; 0.79; 0.79; 0.78; 0.78; 0.77; 0.77,0.63; 0.63; 0.68; 0.68; 0.67; 0.67; 0.68; 0.68; 0.64; 0.64,-21.511,9.716,0.0,-0.021,0.002,0.0,0.052
3g0hA_3ewsB,017,332.0,231.0,0.561,0.584,0.652,0.512,0.032,0.034,0.035,009; 009; 002; 002; 001; 004; 001; 004; 006; 006,0.85; 0.85; 0.79; 0.79; 0.77; 0.77; 0.77; 0.77; 0.76; 0.76,0.68; 0.68; 0.68; 0.68; 0.67; 0.67; 0.67; 0.67; 0.67; 0.67,-21.433,6.059,0.0,-0.022,0.004,0.0,-0.08
3g0hA_3ewsB,018,327.0,66.0,0.382,0.373,0.573,0.622,,,,,,,-9.482,6.075,0.0,0.027,-0.001,,0.006
3g0hA_3ewsB,019,326.0,62.0,0.45,0.453,0.578,0.642,,,,,,,-9.254,8.505,0.1,-0.021,-0.009,,0.005
3g0hA_3ewsB,020,317.0,248.0,0.613,0.565,0.761,0.635,,,,,,,-21.042,10.417,0.0,0.001,0.008,,-0.023
3g0hA_3ewsB,021,307.0,237.0,0.533,0.529,0.65,0.531,,,,,,,-18.717,7.013,0.0,-0.004,0.012,,0.011
3g0hA_3ewsB,022,306.0,222.0,0.76,0.626,0.798,0.633,,,,,,,-18.649,6.439,0.0,0.072,0.007,,0.011
3g0hA_3ewsB,023,304.0,242.0,0.528,0.537,0.725,0.619,,,,,,,-20.864,5.589,0.0,0.001,0.004,,0.008
3g0hA_3ewsB,024,300.0,197.0,0.748,0.63,0.633,0.597,,,,,,,-19.374,9.922,0.0,0.136,0.007,,-0.002
3g0hA_3ewsB,025,291.0,229.0,0.712,0.621,0.807,0.642,,,,,,,-22.815,9.807,0.0,0.014,0.005,,0.016
3g0hA_3ewsB,026,276.0,182.0,0.694,0.596,0.726,0.663,,,,,,,-20.076,10.337,0.0,-0.002,0.001,,-0.008
3g0hA_3ewsB,027,275.0,160.0,0.668,0.67,0.809,0.619,,,,,,,-15.585,6.376,0.0,0.015,0.009,,0.01
3g0hA_3ewsB,028,275.0,204.0,0.61,0.522,0.717,0.594,,,,,,,-17.007,8.55,0.0,0.057,0.012,,0.007
3g0hA_3ewsB,029,267.0,171.0,0.718,0.661,0.877,0.676,,,,,,,-17.318,11.624,0.1,0.015,-0.012,,0.011
3g0hA_3ewsB,030,264.0,94.0,0.558,0.562,0.656,0.629,,,,,,,-11.547,5.082,0.0,-0.006,0.0,,-0.005
3g0hA_3ewsB,031,257.0,139.0,0.308,0.297,0.61,0.584,,,,,,,-15.66,5.492,0.0,0.056,-0.009,,0.017
3g0hA_3ewsB,032,256.0,204.0,0.45,0.451,0.751,0.631,,,,,,,-18.241,8.834,0.0,0.003,0.006,,-0.009
3g0hA_3ewsB,033,250.0,29.0,0.276,0.267,0.446,0.468,,,,,,,-11.027,5.132,0.0,0.013,0.002,,0.024
3g0hA_3ewsB,034,247.0,161.0,0.641,0.608,0.816,0.625,,,,,,,-17.996,5.823,0.0,-0.011,0.01,,0.01
3g0hA_3ewsB,035,245.0,12.0,0.259,0.275,0.43,0.467,,,,,,,-7.429,8.536,0.3,0.049,0.005,,0.0
3g0hA_3ewsB,036,241.0,200.0,0.571,0.59,0.525,0.495,,,,,,,-22.471,12.315,0.0,0.1,0.008,,-0.023
3g0hA_3ewsB,037,238.0,183.0,0.699,0.651,0.779,0.637,,,,,,,-21.804,9.632,0.0,0.054,0.008,,-0.002
3g0hA_3ewsB,038,234.0,149.0,0.585,0.616,0.779,0.619,,,,,,,-20.888,5.112,0.0,0.014,0.006,,0.007
3g0hA_3ewsB,039,227.0,157.0,0.432,0.418,0.765,0.628,,,,,,,-26.62,7.729,0.0,0.02,0.004,,-0.001
3g0hA_3ewsB,040,221.0,140.0,0.48,0.525,0.582,0.592,,,,,,,-21.887,9.494,0.0,0.002,0.002,,0.016
3g0hA_3ewsB,041,217.0,132.0,0.587,0.534,0.669,0.625,,,,,,,-18.322,9.22,0.0,0.086,0.009,,-0.008
3g0hA_3ewsB,042,217.0,153.0,0.606,0.617,0.801,0.618,,,,,,,-20.624,10.287,0.0,0.006,0.009,,-0.005
3g0hA_3ewsB,043,215.0,172.0,0.439,0.439,0.725,0.631,,,,,,,-21.68,8.96,0.0,-0.006,0.001,,0.008
3g0hA_3ewsB,044,212.0,40.0,0.49,0.528,0.82,0.62,,,,,,,-12.672,5.901,0.0,0.132,-0.01,,0.016
3g0hA_3ewsB,045,210.0,148.0,0.695,0.696,0.746,0.662,,,,,,,-17.07,6.131,0.0,-0.017,0.005,,-0.002
3g0hA_3ewsB,046,210.0,141.0,0.512,0.555,0.791,0.631,,,,,,,-22.928,8.738,0.0,0.066,0.006,,0.014
3g0hA_3ewsB,047,209.0,149.0,0.677,0.665,0.792,0.64,,,,,,,-19.108,7.996,0.0,-0.011,0.011,,0.005
3g0hA_3ewsB,048,202.0,52.0,0.323,0.349,0.68,0.618,,,,,,,-11.991,5.719,0.0,-0.016,-0.011,,0.014
3g0hA_3ewsB,049,198.0,153.0,0.593,0.599,0.8,0.638,,,,,,,-18.064,9.365,0.0,0.017,0.011,,0.014
3g0hA_3ewsB,050,190.0,117.0,0.596,0.618,0.809,0.641,,,,,,,-18.463,10.506,0.0,-0.006,0.008,,0.032
3g0hA_3ewsB,051,186.0,142.0,0.477,0.503,0.68,0.675,,,,,,,-24.183,8.49,0.0,-0.017,0.006,,-0.012
3g0hA_3ewsB,052,185.0,148.0,0.675,0.615,0.803,0.623,,,,,,,-17.407,8.955,0.0,0.015,0.006,,0.012
3g0hA_3ewsB,053,181.0,125.0,0.452,0.462,0.673,0.703,,,,,,,-18.844,8.447,0.0,0.035,0.009,,-0.013
3g0hA_3ewsB,054,180.0,123.0,0.645,0.64,0.784,0.638,,,,,,,-19.154,10.476,0.0,0.021,-0.001,,-0.002
3g0hA_3ewsB,055,179.0,5.0,0.245,0.252,0.775,0.685,,,,,,,-1.68,2.253,0.3,0.051,-0.005,,0.018
3g0hA_3ewsB,056,178.0,138.0,0.381,0.407,0.337,0.323,,,,,,,-22.227,8.142,0.0,0.023,-0.004,,0.029
3g0hA_3ewsB,057,177.0,125.0,0.554,0.591,0.685,0.624,,,,,,,-20.019,5.936,0.0,0.004,0.003,,0.003
3g0hA_3ewsB,058,176.0,39.0,0.327,0.313,0.477,0.481,,,,,,,-11.122,7.022,0.1,0.062,0.002,,0.021
3g0hA_3ewsB,059,176.0,112.0,0.39,0.389,0.758,0.632,,,,,,,-28.217,9.019,0.0,-0.023,0.005,,-0.001
3g0hA_3ewsB,060,176.0,134.0,0.746,0.62,0.803,0.624,,,,,,,-18.43,9.076,0.0,0.08,0.01,,-0.005
3g0hA_3ewsB,061,170.0,133.0,0.465,0.458,0.689,0.59,,,,,,,-23.851,7.819,0.0,-0.013,0.007,,-0.023
3g0hA_3ewsB,062,163.0,108.0,0.512,0.565,0.78,0.623,,,,,,,-18.25,8.314,0.0,0.013,0.0,,-0.008
3g0hA_3ewsB,063,155.0,134.0,0.594,0.602,0.804,0.644,,,,,,,-22.242,9.277,0.0,0.026,0.007,,-0.008
3g0hA_3ewsB,064,152.0,110.0,0.64,0.613,0.732,0.633,,,,,,,-19.804,9.426,0.0,-0.001,0.004,,0.019
3g0hA_3ewsB,065,152.0,127.0,0.556,0.534,0.622,0.525,,,,,,,-19.14,7.098,0.0,-0.061,0.002,,-0.016
3g0hA_3ewsB,066,152.0,120.0,0.569,0.579,0.774,0.6,,,,,,,-18.377,8.376,0.0,-0.014,-0.0,,0.017
3g0hA_3ewsB,067,148.0,98.0,0.699,0.655,0.779,0.614,,,,,,,-18.744,7.84,0.0,0.057,0.0,,0.054
3g0hA_3ewsB,068,146.0,107.0,0.631,0.616,0.695,0.56,,,,,,,-24.216,10.015,0.0,0.022,0.006,,-0.008
3g0hA_3ewsB,069,145.0,110.0,0.705,0.616,0.818,0.641,,,,,,,-21.126,8.746,0.0,0.02,0.011,,0.018
3g0hA_3ewsB,070,144.0,100.0,0.688,0.669,0.806,0.652,,,,,,,-19.559,8.853,0.0,0.045,0.009,,-0.004
3g0hA_3ewsB,071,141.0,102.0,0.624,0.594,0.802,0.642,,,,,,,-18.813,8.606,0.0,0.07,0.006,,0.038
3g0hA_3ewsB,072,138.0,41.0,0.259,0.231,0.366,0.355,,,,,,,-9.673,7.042,0.0,0.034,-0.004,,0.014
3g0hA_3ewsB,073,136.0,105.0,0.65,0.662,0.781,0.635,,,,,,,-19.196,8.28,0.0,0.089,0.005,,0.0
3g0hA_3ewsB,074,135.0,110.0,0.424,0.432,0.505,0.518,,,,,,,-18.268,7.26,0.0,-0.002,0.011,,0.014
3g0hA_3ewsB,075,135.0,107.0,0.61,0.647,0.718,0.595,,,,,,,-23.106,8.355,0.0,0.017,-0.007,,0.002
3g0hA_3ewsB,076,128.0,21.0,0.345,0.327,0.476,0.525,,,,,,,-10.359,9.371,0.0,0.064,-0.008,,0.001
3g0hA_3ewsB,077,128.0,102.0,0.669,0.642,0.744,0.603,,,,,,,-17.199,9.707,0.0,0.038,0.009,,0.003
3g0hA_3ewsB,078,127.0,50.0,0.288,0.298,0.607,0.595,,,,,,,-11.408,8.412,0.1,0.047,-0.012,,0.015
3g0hA_3ewsB,079,127.0,107.0,0.789,0.646,0.783,0.626,,,,,,,-17.704,5.508,0.0,0.107,0.008,,0.057
3g0hA_3ewsB,080,126.0,39.0,0.387,0.399,0.785,0.68,,,,,,,-10.996,9.831,0.2,0.083,0.004,,-0.015
3g0hA_3ewsB,081,124.0,99.0,0.615,0.598,0.735,0.668,,,,,,,-21.446,9.573,0.0,0.013,0.004,,0.012
3g0hA_3ewsB,082,124.0,103.0,0.691,0.594,0.801,0.617,,,,,,,-22.067,8.446,0.0,0.005,0.011,,-0.07
3g0hA_3ewsB,083,106.0,80.0,0.555,0.545,0.68,0.628,,,,,,,-24.162,7.191,0.0,0.023,0.009,,0.002
3g0hA_3ewsB,084,105.0,76.0,0.643,0.581,0.7,0.556,,,,,,,-21.325,9.597,0.0,0.022,0.003,,0.029
3g0hA_3ewsB,085,105.0,85.0,0.588,0.615,0.697,0.608,,,,,,,-20.377,7.981,0.0,-0.013,0.01,,0.006
3g0hA_3ewsB,086,105.0,72.0,0.493,0.559,0.778,0.648,,,,,,,-17.405,8.308,0.0,0.003,0.01,,-0.004
3g0hA_3ewsB,087,102.0,75.0,0.495,0.505,0.536,0.597,,,,,,,-18.447,5.519,0.0,0.064,0.002,,0.007
3g0hA_3ewsB,088,102.0,76.0,0.73,0.685,0.807,0.626,,,,,,,-18.985,7.764,0.0,0.013,0.005,,0.0
3g0hA_3ewsB,089,86.0,65.0,0.57,0.592,0.789,0.65,,,,,,,-18.943,9.564,0.0,0.004,-0.001,,0.015
3g0hA_3ewsB,090,82.0,64.0,0.583,0.592,0.738,0.615,,,,,,,-17.225,8.146,0.0,-0.002,-0.004,,0.0
3g0hA_3ewsB,091,75.0,31.0,0.298,0.259,0.79,0.664,,,,,,,-5.464,4.037,0.0,0.005,0.001,,-0.002
3g0hA_3ewsB,092,69.0,62.0,0.37,0.371,0.687,0.591,,,,,,,-23.098,9.924,0.0,-0.006,0.004,,0.022
3g0hA_3ewsB,093,68.0,5.0,0.297,0.29,0.727,0.646,,,,,,,-1.609,3.23,0.4,0.058,-0.011,,0.026
3g0hA_3ewsB,094,56.0,49.0,0.708,0.593,0.811,0.626,,,,,,,-21.907,7.97,0.0,0.026,0.01,,-0.026
3g0hA_3ewsB,095,54.0,43.0,0.491,0.496,0.767,0.617,,,,,,,-15.295,9.938,0.0,-0.014,0.003,,0.002
3g0hA_3ewsB,096,54.0,47.0,0.729,0.672,0.785,0.632,,,,,,,-17.842,9.272,0.0,0.04,0.012,,0.009
3g0hA_3ewsB,097,46.0,41.0,0.409,0.417,0.52,0.511,,,,,,,-20.707,6.156,0.0,0.009,0.006,,0.0
3g0hA_3ewsB,098,43.0,34.0,0.547,0.535,0.809,0.625,,,,,,,-22.478,10.617,0.0,0.004,0.007,,0.0
3g0hA_3ewsB,099,35.0,29.0,0.8,0.663,0.882,0.699,,,,,,,-19.722,10.679,0.0,0.009,0.007,,0.039
3hdfA_3hdeA,Deep,,,0.795,0.979,0.804,0.976,0.418,0.393,0.443,,,,,,,,0.058,0.071,
3hdfA_3hdeA,000,2008.0,1380.0,0.643,0.623,0.658,0.672,0.01,0.019,0.006,004; 004; 007; 007; 003; 003; 006; 006; 001; 001,0.76; 0.76; 0.74; 0.74; 0.73; 0.73; 0.73; 0.73; 0.67; 0.67,0.85; 0.85; 0.80; 0.80; 0.80; 0.80; 0.79; 0.79; 0.71; 0.71,12.546,10.706,0.8,0.008,-0.043,0.04,-0.078
3hdfA_3hdeA,001,1062.0,500.0,0.78,0.619,0.866,0.671,0.415,0.373,0.406,001; 001; 003; 003; 008; 008; 005; 005; 007; 007,0.76; 0.76; 0.74; 0.74; 0.73; 0.73; 0.70; 0.70; 0.69; 0.69,0.77; 0.77; 0.76; 0.76; 0.77; 0.77; 0.80; 0.80; 0.80; 0.80,8.567,9.718,0.6,0.01,0.055,0.0,-0.045
3hdfA_3hdeA,002,802.0,550.0,0.654,0.555,0.773,0.596,0.011,0.03,0.024,007; 007; 003; 003; 005; 005; 001; 001; 008; 006,0.73; 0.73; 0.69; 0.69; 0.69; 0.69; 0.68; 0.68; 0.65; 0.65,0.80; 0.80; 0.79; 0.79; 0.83; 0.83; 0.70; 0.70; 0.75; 0.78,6.129,7.427,0.7,-0.003,0.056,0.002,-0.018
3hdfA_3hdeA,003,793.0,574.0,0.628,0.561,0.639,0.654,0.011,0.031,0.018,002; 004; 004; 002; 007; 007; 001; 001; 003; 003,0.74; 0.74; 0.74; 0.74; 0.72; 0.72; 0.71; 0.71; 0.69; 0.69,0.79; 0.82; 0.82; 0.79; 0.77; 0.77; 0.74; 0.74; 0.84; 0.84,8.751,13.706,0.5,0.039,-0.031,0.008,-0.049
3hdfA_3hdeA,004,759.0,563.0,0.577,0.56,0.576,0.613,0.03,0.038,0.035,008; 007; 007; 008; 010; 010; 006; 006; 004; 005,0.72; 0.72; 0.72; 0.72; 0.71; 0.71; 0.70; 0.70; 0.68; 0.68,0.85; 0.63; 0.63; 0.85; 0.80; 0.80; 0.76; 0.76; 0.74; 0.77,7.179,9.47,0.7,0.061,0.051,0.014,-0.037
3hdfA_3hdeA,005,538.0,396.0,0.65,0.598,0.614,0.57,0.01,0.039,0.017,005; 005; 001; 001; 004; 003; 004; 003; 009; 009,0.77; 0.77; 0.74; 0.74; 0.73; 0.73; 0.73; 0.73; 0.71; 0.71,0.86; 0.86; 0.73; 0.73; 0.65; 0.81; 0.65; 0.81; 0.80; 0.80,6.652,12.023,0.5,-0.015,0.036,0.003,-0.037
3hdfA_3hdeA,006,474.0,279.0,0.301,0.287,0.371,0.338,0.0,0.01,0.018,006; 006; 007; 007; 005; 008; 005; 008; 001; 001,0.74; 0.74; 0.72; 0.72; 0.69; 0.69; 0.69; 0.69; 0.67; 0.67,0.80; 0.80; 0.81; 0.81; 0.77; 0.74; 0.77; 0.74; 0.69; 0.69,10.066,12.428,0.8,-0.034,0.056,0.009,-0.022
3hdfA_3hdeA,007,446.0,309.0,0.378,0.325,0.353,0.327,0.0,0.01,0.024,004; 004; 009; 009; 005; 005; 001; 001; 008; 006,0.77; 0.77; 0.73; 0.73; 0.73; 0.73; 0.72; 0.72; 0.71; 0.71,0.80; 0.80; 0.79; 0.79; 0.81; 0.81; 0.74; 0.74; 0.78; 0.78,8.628,10.587,0.8,-0.012,0.054,0.002,-0.017
3hdfA_3hdeA,008,400.0,328.0,0.571,0.509,0.553,0.551,0.01,0.02,0.035,006; 006; 003; 003; 004; 004; 005; 005; 001; 001,0.75; 0.75; 0.74; 0.73; 0.73; 0.73; 0.72; 0.72; 0.70; 0.70,0.79; 0.79; 0.78; 0.78; 0.88; 0.88; 0.77; 0.77; 0.74; 0.74,4.392,9.575,0.5,-0.051,-0.038,0.006,-0.022
3hdfA_3hdeA,009,380.0,275.0,0.691,0.612,0.663,0.685,0.01,0.02,0.012,001; 005; 005; 001; 008; 008; 009; 009; 007; 007,0.73; 0.73; 0.73; 0.73; 0.71; 0.71; 0.68; 0.68; 0.65; 0.65,0.74; 0.80; 0.80; 0.74; 0.79; 0.79; 0.70; 0.70; 0.74; 0.74,10.388,12.478,0.6,-0.056,-0.047,0.003,-0.046
3hdfA_3hdeA,010,249.0,156.0,0.613,0.563,0.586,0.611,0.019,0.026,0.022,004; 004; 005; 005; 001; 003; 001; 003; 007; 007,0.77; 0.77; 0.72; 0.72; 0.69; 0.69; 0.69; 0.69; 0.66; 0.66,0.81; 0.81; 0.75; 0.75; 0.71; 0.76; 0.71; 0.76; 0.80; 0.80,7.489,9.582,0.8,-0.01,-0.03,0.002,-0.02
3hdfA_3hdeA,011,232.0,171.0,0.623,0.529,0.649,0.587,0.01,0.02,0.024,008; 008; 005; 005; 006; 006; 009; 009; 001; 001,0.75; 0.75; 0.74; 0.74; 0.73; 0.73; 0.69; 0.69; 0.67; 0.67,0.80; 0.80; 0.80; 0.80; 0.79; 0.79; 0.78; 0.78; 0.69; 0.69,6.187,10.097,0.6,-0.06,0.057,0.005,-0.019
3hdfA_3hdeA,012,228.0,90.0,0.389,0.331,0.334,0.293,0.01,0.019,0.017,004; 004; 001; 005; 001; 005; 007; 007; 006; 006,0.74; 0.74; 0.71; 0.71; 0.71; 0.71; 0.69; 0.69; 0.68; 0.68,0.80; 0.80; 0.69; 0.78; 0.69; 0.78; 0.63; 0.63; 0.81; 0.81,11.291,10.998,0.8,-0.005,0.04,-0.002,-0.036
3hdfA_3hdeA,013,228.0,165.0,0.387,0.354,0.317,0.344,0.01,0.02,0.03,006; 006; 001; 001; 002; 007; 009; 002; 007; 009,0.75; 0.75; 0.73; 0.73; 0.72; 0.71; 0.71; 0.71; 0.71; 0.71,0.80; 0.80; 0.73; 0.73; 0.67; 0.77; 0.75; 0.67; 0.77; 0.75,0.512,5.21,0.6,0.013,0.028,-0.005,-0.04
3hdfA_3hdeA,014,214.0,50.0,0.541,0.422,0.7,0.59,0.011,0.02,0.018,007; 007; 006; 006; 001; 001; 008; 009; 008; 009,0.75; 0.75; 0.71; 0.71; 0.69; 0.69; 0.68; 0.68; 0.68; 0.68,0.75; 0.75; 0.81; 0.81; 0.64; 0.64; 0.72; 0.74; 0.72; 0.74,7.736,9.0,0.7,0.074,0.058,0.003,-0.015
3hdfA_3hdeA,015,206.0,115.0,0.512,0.484,0.57,0.556,0.01,0.038,0.011,008; 008; 003; 001; 001; 003; 005; 005; 004; 004,0.73; 0.73; 0.72; 0.71; 0.71; 0.71; 0.70; 0.70; 0.69; 0.69,0.76; 0.76; 0.81; 0.73; 0.73; 0.81; 0.73; 0.73; 0.70; 0.70,1.759,9.242,0.5,0.011,0.057,-0.005,-0.03
3hdfA_3hdeA,016,201.0,101.0,0.575,0.521,0.64,0.635,0.01,0.019,0.006,005; 005; 006; 006; 009; 009; 001; 001; 008; 007,0.76; 0.76; 0.71; 0.71; 0.69; 0.69; 0.68; 0.68; 0.65; 0.65,0.81; 0.81; 0.78; 0.78; 0.77; 0.77; 0.71; 0.71; 0.71; 0.73,11.787,10.303,0.8,0.034,0.052,0.003,-0.02
3hdfA_3hdeA,017,193.0,142.0,0.561,0.517,0.38,0.346,0.01,0.019,0.038,007; 007; 001; 006; 006; 001; 005; 008; 009; 005,0.74; 0.74; 0.73; 0.73; 0.73; 0.73; 0.71; 0.71; 0.71; 0.71,0.78; 0.78; 0.73; 0.81; 0.81; 0.73; 0.78; 0.76; 0.74; 0.78,13.111,12.324,0.7,-0.027,0.007,0.0,-0.012
3hdfA_3hdeA,018,192.0,139.0,0.695,0.64,0.611,0.62,0.021,0.029,0.042,004; 004; 001; 006; 006; 001; 005; 005; 007; 007,0.74; 0.74; 0.73; 0.73; 0.73; 0.73; 0.72; 0.72; 0.69; 0.69,0.80; 0.80; 0.69; 0.75; 0.75; 0.69; 0.81; 0.81; 0.75; 0.75,6.571,9.939,0.6,-0.072,0.047,0.0,-0.009
3hdfA_3hdeA,019,189.0,112.0,0.599,0.607,0.592,0.622,0.044,0.062,0.06,005; 005; 009; 009; 008; 006; 006; 008; 010; 010,0.75; 0.74; 0.74; 0.74; 0.73; 0.73; 0.73; 0.73; 0.72; 0.72,0.76; 0.76; 0.75; 0.75; 0.76; 0.76; 0.76; 0.76; 0.78; 0.78,8.755,9.536,0.7,-0.077,0.04,0.0,-0.069
3hdfA_3hdeA,020,188.0,97.0,0.517,0.456,0.495,0.519,0.03,0.047,0.049,005; 007; 005; 007; 006; 006; 001; 001; 002; 002,0.75; 0.75; 0.75; 0.75; 0.74; 0.74; 0.73; 0.73; 0.70; 0.69,0.76; 0.80; 0.76; 0.80; 0.79; 0.79; 0.72; 0.72; 0.70; 0.70,2.54,9.163,0.5,-0.09,-0.024,0.003,-0.022
3hdfA_3hdeA,021,170.0,130.0,0.553,0.483,0.538,0.507,,,,,,,3.199,8.294,0.6,0.006,-0.049,,-0.061
3hdfA_3hdeA,022,166.0,101.0,0.591,0.582,0.538,0.496,,,,,,,4.434,8.999,0.6,0.047,0.052,,-0.008
3hdfA_3hdeA,023,164.0,100.0,0.431,0.375,0.722,0.641,,,,,,,7.707,14.853,0.6,-0.034,-0.015,,-0.016
3hdfA_3hdeA,024,161.0,56.0,0.347,0.281,0.291,0.263,,,,,,,10.541,9.533,0.8,-0.012,-0.046,,-0.022
3hdfA_3hdeA,025,157.0,90.0,0.443,0.376,0.349,0.292,,,,,,,0.597,3.171,0.6,-0.004,0.057,,-0.018
3hdfA_3hdeA,026,156.0,104.0,0.632,0.633,0.574,0.596,,,,,,,3.968,6.441,0.8,0.03,-0.046,,-0.024
3hdfA_3hdeA,027,153.0,56.0,0.633,0.536,0.494,0.536,,,,,,,5.871,8.643,0.6,0.016,-0.018,,-0.027
3hdfA_3hdeA,028,148.0,85.0,0.536,0.48,0.642,0.669,,,,,,,6.965,10.454,0.7,-0.001,0.006,,-0.008
3hdfA_3hdeA,029,144.0,96.0,0.61,0.643,0.59,0.603,,,,,,,10.13,10.12,0.8,-0.074,0.049,,-0.011
3hdfA_3hdeA,030,144.0,102.0,0.688,0.614,0.529,0.476,,,,,,,2.511,8.618,0.5,-0.054,0.019,,-0.007
3hdfA_3hdeA,031,138.0,75.0,0.366,0.343,0.565,0.537,,,,,,,6.397,10.443,0.6,-0.022,0.024,,-0.018
3hdfA_3hdeA,032,133.0,71.0,0.432,0.446,0.38,0.308,,,,,,,11.557,11.791,0.7,-0.07,-0.02,,-0.035
3hdfA_3hdeA,033,131.0,19.0,0.806,0.584,0.634,0.566,,,,,,,4.896,10.747,0.5,-0.006,-0.006,,-0.046
3hdfA_3hdeA,034,123.0,59.0,0.438,0.372,0.592,0.611,,,,,,,6.03,8.982,0.7,-0.082,-0.041,,-0.018
3hdfA_3hdeA,035,122.0,94.0,0.499,0.466,0.644,0.66,,,,,,,1.935,7.314,0.6,0.022,0.055,,-0.048
3hdfA_3hdeA,036,122.0,78.0,0.716,0.687,0.559,0.548,,,,,,,8.2,7.29,0.8,-0.011,0.045,,-0.054
3hdfA_3hdeA,037,120.0,76.0,0.571,0.586,0.526,0.569,,,,,,,4.5,7.357,0.6,-0.011,0.057,,-0.077
3hdfA_3hdeA,038,119.0,32.0,0.549,0.459,0.548,0.442,,,,,,,7.48,6.724,0.8,0.078,-0.014,,-0.014
3hdfA_3hdeA,039,118.0,64.0,0.669,0.607,0.631,0.6,,,,,,,-1.611,6.557,0.3,-0.047,-0.016,,-0.007
3hdfA_3hdeA,040,117.0,88.0,0.56,0.563,0.568,0.577,,,,,,,7.08,8.999,0.8,0.008,0.005,,-0.097
3hdfA_3hdeA,041,117.0,4.0,0.642,0.489,0.597,0.496,,,,,,,4.056,6.403,0.5,-0.031,0.05,,-0.03
3hdfA_3hdeA,042,115.0,72.0,0.63,0.617,0.594,0.605,,,,,,,12.146,13.626,0.7,-0.055,0.057,,-0.01
3hdfA_3hdeA,043,115.0,4.0,0.71,0.528,0.554,0.426,,,,,,,1.54,1.957,0.8,-0.02,0.041,,-0.026
3hdfA_3hdeA,044,114.0,26.0,0.546,0.495,0.647,0.593,,,,,,,5.698,7.727,0.7,-0.116,0.058,,-0.055
3hdfA_3hdeA,045,113.0,76.0,0.598,0.561,0.682,0.624,,,,,,,1.678,7.681,0.3,-0.022,0.05,,-0.035
3hdfA_3hdeA,046,111.0,55.0,0.386,0.309,0.371,0.311,,,,,,,4.536,8.016,0.6,-0.026,-0.026,,-0.027
3hdfA_3hdeA,047,109.0,25.0,0.603,0.459,0.608,0.561,,,,,,,7.299,9.596,0.6,-0.079,0.037,,-0.027
3hdfA_3hdeA,048,108.0,60.0,0.368,0.307,0.515,0.492,,,,,,,13.211,11.486,0.8,-0.009,0.018,,-0.013
3hdfA_3hdeA,049,107.0,77.0,0.376,0.293,0.321,0.286,,,,,,,1.303,4.736,0.6,0.012,-0.01,,-0.015
3hdfA_3hdeA,050,107.0,71.0,0.626,0.576,0.631,0.662,,,,,,,5.192,8.966,0.6,-0.026,-0.041,,-0.04
3hdfA_3hdeA,051,104.0,50.0,0.54,0.47,0.666,0.591,,,,,,,10.725,9.554,0.8,0.021,0.058,,0.002
3hdfA_3hdeA,052,101.0,55.0,0.554,0.565,0.55,0.568,,,,,,,9.324,9.368,0.7,-0.038,0.053,,-0.026
3hdfA_3hdeA,053,99.0,69.0,0.634,0.642,0.596,0.605,,,,,,,4.32,9.474,0.5,-0.02,0.007,,-0.07
3hdfA_3hdeA,054,99.0,10.0,0.397,0.381,0.696,0.593,,,,,,,7.047,6.446,0.8,-0.057,0.031,,-0.052
3hdfA_3hdeA,055,98.0,55.0,0.602,0.59,0.566,0.566,,,,,,,6.398,10.399,0.6,0.002,0.017,,-0.018
3hdfA_3hdeA,056,97.0,46.0,0.617,0.535,0.624,0.541,,,,,,,11.423,13.985,0.7,-0.017,0.056,,-0.016
3hdfA_3hdeA,057,96.0,33.0,0.449,0.459,0.618,0.565,,,,,,,5.159,8.412,0.7,-0.084,-0.027,,-0.019
3hdfA_3hdeA,058,96.0,53.0,0.553,0.501,0.625,0.584,,,,,,,-0.161,5.18,0.4,-0.076,-0.01,,-0.009
3hdfA_3hdeA,059,96.0,52.0,0.339,0.28,0.381,0.363,,,,,,,-0.875,6.544,0.5,-0.075,0.056,,-0.013
3hdfA_3hdeA,060,95.0,77.0,0.632,0.591,0.578,0.574,,,,,,,1.581,8.153,0.4,-0.026,0.037,,-0.016
3hdfA_3hdeA,061,91.0,46.0,0.607,0.609,0.574,0.599,,,,,,,10.614,10.842,0.7,0.028,0.041,,-0.044
3hdfA_3hdeA,062,86.0,53.0,0.832,0.664,0.89,0.781,,,,,,,10.357,7.947,0.9,0.073,0.041,,0.009
3hdfA_3hdeA,063,85.0,72.0,0.659,0.68,0.561,0.59,,,,,,,2.588,7.53,0.6,0.029,-0.015,,-0.047
3hdfA_3hdeA,064,83.0,48.0,0.686,0.585,0.686,0.616,,,,,,,-1.028,4.991,0.3,-0.021,-0.038,,-0.004
3hdfA_3hdeA,065,81.0,66.0,0.643,0.549,0.537,0.482,,,,,,,3.637,10.752,0.6,-0.003,0.057,,-0.022
3hdfA_3hdeA,066,79.0,62.0,0.466,0.425,0.54,0.487,,,,,,,-0.263,4.135,0.4,-0.022,0.058,,-0.004
3hdfA_3hdeA,067,79.0,27.0,0.644,0.548,0.617,0.511,,,,,,,10.655,9.59,0.8,-0.101,0.058,,-0.004
3hdfA_3hdeA,068,77.0,32.0,0.486,0.401,0.444,0.439,,,,,,,3.674,7.864,0.6,-0.071,0.038,,-0.013
3hdfA_3hdeA,069,77.0,53.0,0.682,0.65,0.614,0.634,,,,,,,4.845,6.919,0.6,-0.057,0.05,,-0.054
3hdfA_3hdeA,070,75.0,49.0,0.585,0.623,0.595,0.603,,,,,,,2.659,7.486,0.5,-0.032,0.058,,-0.054
3hdfA_3hdeA,071,70.0,47.0,0.607,0.608,0.609,0.613,,,,,,,10.168,9.487,0.7,-0.039,0.038,,-0.025
3hdfA_3hdeA,072,70.0,62.0,0.55,0.515,0.559,0.524,,,,,,,2.879,9.647,0.7,0.036,0.056,,-0.08
3hdfA_3hdeA,073,70.0,43.0,0.581,0.537,0.584,0.542,,,,,,,7.408,12.291,0.6,0.009,0.057,,-0.042
3hdfA_3hdeA,074,70.0,45.0,0.595,0.568,0.586,0.583,,,,,,,2.205,6.261,0.5,-0.006,-0.055,,-0.048
3hdfA_3hdeA,075,67.0,26.0,0.62,0.602,0.586,0.633,,,,,,,6.688,6.391,0.8,-0.038,0.04,,-0.024
3hdfA_3hdeA,076,67.0,44.0,0.403,0.359,0.653,0.685,,,,,,,1.377,5.702,0.7,-0.021,0.046,,-0.016
3hdfA_3hdeA,077,65.0,33.0,0.304,0.306,0.518,0.521,,,,,,,5.2,9.525,0.6,-0.008,0.041,,-0.012
3hdfA_3hdeA,078,63.0,32.0,0.633,0.547,0.648,0.631,,,,,,,13.353,10.552,0.8,-0.05,0.053,,-0.016
3hdfA_3hdeA,079,63.0,41.0,0.65,0.581,0.616,0.575,,,,,,,3.029,6.404,0.7,0.039,0.058,,-0.018
3hdfA_3hdeA,080,63.0,52.0,0.662,0.651,0.587,0.622,,,,,,,2.448,8.178,0.5,-0.056,0.044,,-0.019
3hdfA_3hdeA,081,62.0,39.0,0.409,0.329,0.376,0.343,,,,,,,2.1,10.436,0.4,-0.038,0.036,,-0.047
3hdfA_3hdeA,082,61.0,42.0,0.529,0.485,0.62,0.628,,,,,,,-0.535,6.063,0.4,-0.073,0.046,,-0.001
3hdfA_3hdeA,083,61.0,46.0,0.578,0.562,0.504,0.509,,,,,,,1.667,7.266,0.6,-0.022,0.057,,-0.055
3hdfA_3hdeA,084,61.0,49.0,0.687,0.659,0.65,0.64,,,,,,,1.971,6.168,0.5,-0.084,-0.054,,-0.016
3hdfA_3hdeA,085,60.0,42.0,0.616,0.63,0.572,0.584,,,,,,,-0.479,7.692,0.3,-0.026,0.052,,-0.062
3hdfA_3hdeA,086,59.0,37.0,0.547,0.524,0.574,0.538,,,,,,,4.731,11.363,0.5,0.025,-0.037,,-0.017
3hdfA_3hdeA,087,59.0,49.0,0.559,0.499,0.589,0.615,,,,,,,-0.651,4.945,0.3,-0.047,0.036,,-0.025
3hdfA_3hdeA,088,57.0,40.0,0.61,0.544,0.617,0.581,,,,,,,7.865,9.025,0.8,-0.1,0.015,,-0.045
3hdfA_3hdeA,089,57.0,22.0,0.436,0.357,0.481,0.401,,,,,,,7.636,6.605,0.9,0.022,-0.031,,-0.017
3hdfA_3hdeA,090,53.0,44.0,0.629,0.633,0.628,0.659,,,,,,,3.655,9.708,0.5,-0.003,0.038,,-0.025
3hdfA_3hdeA,091,51.0,32.0,0.405,0.428,0.424,0.433,,,,,,,2.978,8.628,0.6,-0.004,0.056,,-0.011
3hdfA_3hdeA,092,49.0,37.0,0.613,0.578,0.582,0.605,,,,,,,7.346,5.538,0.9,-0.037,0.057,,-0.02
3hdfA_3hdeA,093,48.0,35.0,0.593,0.544,0.55,0.578,,,,,,,2.779,7.094,0.5,-0.024,-0.048,,-0.027
3hdfA_3hdeA,094,48.0,10.0,0.711,0.615,0.637,0.546,,,,,,,6.35,5.677,0.8,-0.003,0.044,,-0.014
3hdfA_3hdeA,095,47.0,26.0,0.623,0.59,0.599,0.567,,,,,,,-1.882,6.135,0.4,-0.023,0.057,,-0.008
3hdfA_3hdeA,096,46.0,34.0,0.605,0.59,0.608,0.623,,,,,,,0.158,6.752,0.3,-0.047,-0.045,,-0.037
3hdfA_3hdeA,097,45.0,33.0,0.451,0.415,0.375,0.347,,,,,,,5.352,5.19,0.9,-0.031,0.017,,-0.02
3hdfA_3hdeA,098,39.0,26.0,0.551,0.525,0.524,0.501,,,,,,,-0.654,6.662,0.5,-0.038,-0.003,,-0.022
3hdfA_3hdeA,099,28.0,23.0,0.637,0.653,0.597,0.64,,,,,,,-3.222,3.142,0.2,-0.022,0.04,,-0.057
3j7vG_3j7wB,Deep,,,0.8,0.787,0.803,0.79,0.236,0.249,0.257,,,,,,,,-0.036,0.0,
3j7vG_3j7wB,000,92.0,36.0,0.286,0.252,0.321,0.317,0.015,0.032,0.022,008; 008; 005; 005; 003; 003; 001; 004; 001; 004,0.75; 0.75; 0.74; 0.74; 0.72; 0.72; 0.71; 0.71; 0.71; 0.71,0.67; 0.67; 0.70; 0.70; 0.65; 0.65; 0.68; 0.67; 0.68; 0.66,7.597,4.882,0.9,-0.018,0.04,0.0,-0.005
3j7vG_3j7wB,001,66.0,24.0,0.253,0.224,0.315,0.294,0.0,0.0,0.0,004; 004; 006; 006; 007; 007; 001; 001; 008; 008,0.41; 0.41; 0.39; 0.39; 0.36; 0.36; 0.35; 0.35; 0.33; 0.33,0.45; 0.45; 0.36; 0.36; 0.31; 0.31; 0.25; 0.25; 0.30; 0.30,6.194,3.942,0.9,-0.017,0.047,0.0,-0.005
3j7vG_3j7wB,002,52.0,3.0,0.224,0.214,0.196,0.214,0.046,0.05,0.027,001; 001; 004; 004; 007; 005; 007; 005; 003; 003,0.55; 0.55; 0.53; 0.53; 0.52; 0.52; 0.52; 0.52; 0.49; 0.49,0.50; 0.50; 0.52; 0.52; 0.44; 0.51; 0.44; 0.51; 0.45; 0.45,10.265,1.937,1.0,-0.026,0.03,0.0,-0.002
3j7vG_3j7wB,003,44.0,24.0,0.497,0.481,0.795,0.675,0.0,0.005,0.01,001; 001; 004; 004; 007; 005; 007; 005; 003; 003,0.55; 0.55; 0.53; 0.53; 0.52; 0.52; 0.52; 0.52; 0.49; 0.49,0.50; 0.50; 0.52; 0.52; 0.44; 0.51; 0.44; 0.51; 0.45; 0.45,8.706,5.677,0.9,0.035,0.029,0.0,0.006
3j7vG_3j7wB,004,42.0,1.0,0.214,0.198,0.213,0.19,0.0,0.005,0.005,001; 001; 005; 005; 009; 009; 006; 006; 004; 004,0.78; 0.78; 0.77; 0.77; 0.74; 0.74; 0.73; 0.73; 0.72; 0.72,0.75; 0.75; 0.69; 0.69; 0.68; 0.68; 0.67; 0.67; 0.67; 0.67,5.891,1.365,1.0,-0.015,0.043,0.0,0.0
3j7vG_3j7wB,005,40.0,7.0,0.238,0.207,0.43,0.395,,,,004; 006; 009; 002; 008; 001; 003; 005; 007; 010,0.72; 0.72; 0.72; 0.71; 0.71; 0.69; 0.69; 0.69; 0.60; 0.54,0.65; 0.67; 0.69; 0.67; 0.67; 0.67; 0.64; 0.65; 0.63; 0.56,4.926,4.621,0.8,-0.013,0.041,,-0.002
3j7vG_3j7wB,006,,,0.414,0.434,0.788,0.717,,,,,,,6.048,4.015,1.0,-0.074,-0.01,,0.018
3j7vG_3j7wB,007,37.0,17.0,0.261,0.272,0.789,0.667,,,,,,,9.739,3.93,1.0,0.024,0.054,,0.001
3j7vG_3j7wB,008,36.0,11.0,0.25,0.198,0.596,0.549,,,,,,,7.226,4.6,1.0,0.029,0.033,,0.005
3j7vG_3j7wB,009,35.0,10.0,0.213,0.193,0.694,0.611,,,,,,,11.355,3.146,1.0,0.0,0.06,,-0.003
3j7vG_3j7wB,010,34.0,13.0,0.371,0.346,0.473,0.474,,,,,,,8.363,4.333,1.0,0.004,0.032,,-0.024
3j7vG_3j7wB,011,34.0,16.0,0.224,0.199,0.247,0.255,,,,,,,6.887,2.435,1.0,-0.002,0.018,,-0.004
3j7vG_3j7wB,012,33.0,10.0,0.36,0.33,0.41,0.405,,,,,,,4.85,2.315,0.9,-0.012,-0.05,,-0.002
3j7vG_3j7wB,013,32.0,5.0,0.257,0.259,0.343,0.286,,,,,,,4.963,2.431,1.0,-0.007,-0.021,,0.006
3j7vG_3j7wB,014,32.0,7.0,0.193,0.213,0.323,0.325,,,,,,,8.172,5.505,0.9,0.0,0.048,,-0.006
3j7vG_3j7wB,015,32.0,16.0,0.244,0.231,0.24,0.204,,,,,,,7.725,4.2,1.0,-0.014,0.055,,-0.011
3j7vG_3j7wB,016,31.0,6.0,0.237,0.227,0.54,0.506,,,,,,,3.081,1.704,0.9,0.004,0.053,,-0.004
3j7vG_3j7wB,017,30.0,7.0,0.216,0.218,0.349,0.34,,,,,,,7.936,5.079,1.0,-0.01,0.061,,-0.005
3j7vG_3j7wB,018,30.0,10.0,0.197,0.193,0.222,0.201,,,,,,,3.192,2.846,0.7,0.011,0.062,,-0.002
3j7vG_3j7wB,019,,,0.434,0.429,0.514,0.524,,,,,,,8.263,4.004,1.0,-0.025,0.002,,0.01
3j7vG_3j7wB,020,27.0,8.0,0.4,0.409,0.768,0.674,,,,,,,7.178,4.892,0.8,-0.005,0.046,,-0.003
3j7vG_3j7wB,021,27.0,12.0,0.211,0.225,0.232,0.225,,,,,,,6.047,5.72,0.9,0.017,0.047,,-0.002
3j7vG_3j7wB,022,25.0,5.0,0.235,0.217,0.226,0.233,,,,,,,2.944,1.314,1.0,-0.007,0.053,,-0.003
3j7vG_3j7wB,023,25.0,9.0,0.434,0.402,0.611,0.616,,,,,,,2.445,2.797,0.8,-0.027,0.053,,-0.002
3j7vG_3j7wB,024,24.0,1.0,0.276,0.254,0.286,0.276,,,,,,,6.318,4.382,0.9,-0.01,0.031,,0.01
3j7vG_3j7wB,025,,,0.234,0.227,0.224,0.238,,,,,,,8.993,2.749,1.0,0.051,0.032,,-0.004
3j7vG_3j7wB,026,22.0,11.0,0.235,0.224,0.379,0.385,,,,,,,7.629,4.238,1.0,0.023,0.054,,-0.008
3j7vG_3j7wB,027,22.0,8.0,0.204,0.209,0.256,0.212,,,,,,,8.844,2.451,1.0,-0.015,0.042,,-0.006
3j7vG_3j7wB,028,22.0,2.0,0.27,0.255,0.398,0.357,,,,,,,11.644,2.847,1.0,-0.013,-0.053,,-0.006
3j7vG_3j7wB,029,21.0,6.0,0.217,0.207,0.241,0.229,,,,,,,16.048,2.856,1.0,-0.004,-0.043,,-0.004
3j7vG_3j7wB,030,,,0.225,0.189,0.245,0.226,,,,,,,10.865,2.567,1.0,-0.017,0.071,,-0.006
3j7vG_3j7wB,031,21.0,8.0,0.398,0.37,0.423,0.383,,,,,,,9.004,2.099,1.0,-0.015,0.047,,-0.003
3j7vG_3j7wB,032,21.0,8.0,0.204,0.207,0.233,0.206,,,,,,,7.337,1.883,1.0,-0.003,0.013,,-0.004
3j7vG_3j7wB,033,20.0,8.0,0.267,0.233,0.255,0.23,,,,,,,8.133,2.898,1.0,-0.042,0.042,,-0.002
3j7vG_3j7wB,034,20.0,7.0,0.411,0.406,0.52,0.545,,,,,,,5.697,3.146,1.0,0.019,0.061,,0.001
3j7vG_3j7wB,035,20.0,3.0,0.298,0.293,0.379,0.375,,,,,,,6.201,3.942,0.8,-0.006,0.056,,-0.004
3j7vG_3j7wB,036,20.0,4.0,0.247,0.265,0.419,0.414,,,,,,,9.175,2.901,1.0,-0.011,-0.047,,-0.006
3j7vG_3j7wB,037,20.0,10.0,0.234,0.223,0.322,0.33,,,,,,,8.107,5.312,1.0,-0.027,0.021,,-0.007
3j7vG_3j7wB,038,17.0,9.0,0.315,0.306,0.709,0.623,,,,,,,11.149,5.181,1.0,0.009,0.019,,-0.004
3j7vG_3j7wB,039,17.0,9.0,0.188,0.187,0.174,0.193,,,,,,,4.733,2.077,1.0,-0.03,0.058,,0.009
3j7vG_3j7wB,040,17.0,8.0,0.188,0.199,0.314,0.284,,,,,,,7.148,0.756,1.0,0.002,0.002,,-0.006
3j7vG_3j7wB,041,17.0,8.0,0.229,0.22,0.539,0.468,,,,,,,9.947,3.04,1.0,-0.011,-0.008,,-0.008
3j7vG_3j7wB,042,17.0,7.0,0.248,0.247,0.362,0.345,,,,,,,5.289,1.585,1.0,0.004,0.053,,-0.0
3j7vG_3j7wB,043,16.0,7.0,0.172,0.18,0.165,0.154,,,,,,,6.366,1.453,1.0,0.009,0.051,,0.002
3j7vG_3j7wB,044,16.0,1.0,0.247,0.238,0.271,0.266,,,,,,,6.122,2.812,1.0,-0.005,0.047,,-0.007
3j7vG_3j7wB,045,16.0,5.0,0.303,0.287,0.233,0.226,,,,,,,3.474,2.508,0.9,0.008,-0.017,,-0.009
3j7vG_3j7wB,046,15.0,8.0,0.202,0.203,0.448,0.475,,,,,,,6.972,1.103,1.0,-0.012,0.071,,-0.002
3j7vG_3j7wB,047,15.0,8.0,0.253,0.235,0.445,0.433,,,,,,,7.215,4.438,1.0,-0.021,-0.061,,-0.006
3j7vG_3j7wB,048,15.0,3.0,0.35,0.343,0.662,0.585,,,,,,,9.555,1.567,1.0,0.017,0.063,,0.014
3j7vG_3j7wB,049,14.0,7.0,0.352,0.328,0.394,0.429,,,,,,,4.943,1.545,1.0,0.001,0.051,,0.012
3j7vG_3j7wB,050,,,0.312,0.302,0.442,0.408,,,,,,,5.594,1.813,1.0,-0.032,0.051,,-0.01
3j7vG_3j7wB,051,,,0.224,0.218,0.453,0.402,,,,,,,10.446,2.508,1.0,-0.016,-0.028,,-0.006
3j7vG_3j7wB,052,14.0,5.0,0.228,0.223,0.243,0.198,,,,,,,8.415,2.559,1.0,0.008,0.017,,-0.004
3j7vG_3j7wB,053,14.0,6.0,0.211,0.178,0.233,0.217,,,,,,,10.853,2.598,1.0,0.001,0.045,,-0.008
3j7vG_3j7wB,054,14.0,8.0,0.18,0.184,0.287,0.265,,,,,,,13.399,2.07,1.0,-0.022,0.025,,-0.004
3j7vG_3j7wB,055,13.0,6.0,0.263,0.261,0.291,0.274,,,,,,,12.572,2.607,1.0,-0.024,0.034,,-0.013
3j7vG_3j7wB,056,13.0,3.0,0.294,0.283,0.346,0.339,,,,,,,11.457,2.304,1.0,-0.027,0.066,,-0.006
3j7vG_3j7wB,057,13.0,4.0,0.293,0.265,0.434,0.446,,,,,,,11.906,1.35,1.0,0.0,-0.072,,-0.002
3j7vG_3j7wB,058,13.0,1.0,0.23,0.236,0.47,0.458,,,,,,,9.679,4.623,1.0,0.02,0.03,,-0.015
3j7vG_3j7wB,059,13.0,4.0,0.259,0.236,0.218,0.216,,,,,,,1.966,2.23,0.8,-0.025,0.054,,-0.002
3j7vG_3j7wB,060,13.0,6.0,0.238,0.206,0.266,0.231,,,,,,,12.929,3.88,1.0,-0.024,0.059,,-0.008
3j7vG_3j7wB,061,,,0.186,0.206,0.207,0.227,,,,,,,8.764,2.961,1.0,-0.004,-0.072,,-0.008
3j7vG_3j7wB,062,12.0,4.0,0.375,0.351,0.665,0.609,,,,,,,8.261,2.585,1.0,-0.011,0.053,,-0.016
3kdsG_2ce7C,Deep,,,0.801,0.717,0.819,0.683,0.058,0.475,0.03,,,,,,,,-0.038,-0.197,
3kdsG_2ce7C,000,3239.0,1428.0,0.478,0.483,0.593,0.648,0.01,0.027,0.016,001; 001; 008; 008; 002; 002; 003; 003; 006; 006,0.80; 0.80; 0.79; 0.77; 0.68; 0.67; 0.64; 0.64; 0.57; 0.57,0.60; 0.60; 0.58; 0.59; 0.59; 0.59; 0.54; 0.54; 0.44; 0.44,15.29,5.339,1.0,-0.01,0.039,-0.106,0.002
3kdsG_2ce7C,001,3038.0,989.0,0.436,0.488,0.568,0.676,0.033,0.101,0.042,002; 002; 001; 001; 004; 004; 003; 003; 007; 007,0.77; 0.77; 0.76; 0.76; 0.73; 0.73; 0.66; 0.66; 0.62; 0.62,0.53; 0.53; 0.60; 0.60; 0.54; 0.55; 0.60; 0.60; 0.56; 0.56,14.135,5.603,1.0,0.01,0.036,-0.068,0.077
3kdsG_2ce7C,002,2758.0,653.0,0.425,0.449,0.671,0.551,0.005,0.037,0.01,002; 002; 003; 003; 009; 009; 001; 001; 004; 004,0.79; 0.79; 0.78; 0.78; 0.71; 0.71; 0.67; 0.67; 0.57; 0.57,0.53; 0.53; 0.52; 0.52; 0.53; 0.53; 0.48; 0.48; 0.51; 0.51,13.777,5.952,1.0,-0.002,0.039,-0.008,-0.002
3kdsG_2ce7C,003,2740.0,1112.0,0.512,0.545,0.577,0.677,0.06,0.091,0.085,002; 002; 001; 001; 004; 004; 008; 008; 003; 003,0.79; 0.79; 0.76; 0.76; 0.72; 0.71; 0.60; 0.60; 0.56; 0.56,0.58; 0.58; 0.61; 0.61; 0.55; 0.55; 0.56; 0.56; 0.68; 0.68,14.838,6.22,1.0,-0.003,0.04,-0.004,-0.01
3kdsG_2ce7C,004,2513.0,1141.0,0.441,0.443,0.617,0.472,0.033,0.105,0.035,001; 002; 002; 001; 003; 003; 004; 004; 010; 010,0.81; 0.81; 0.81; 0.81; 0.71; 0.71; 0.58; 0.58; 0.54; 0.54,0.59; 0.55; 0.54; 0.59; 0.56; 0.56; 0.57; 0.56; 0.69; 0.69,16.59,6.267,1.0,-0.003,-0.009,-0.003,-0.002
3kdsG_2ce7C,005,2469.0,1290.0,0.553,0.496,0.869,0.549,0.042,0.132,0.043,004; 004; 002; 002; 001; 001; 003; 003; 007; 007,0.57; 0.57; 0.54; 0.54; 0.53; 0.53; 0.52; 0.52; 0.51; 0.51,0.51; 0.51; 0.57; 0.57; 0.56; 0.56; 0.54; 0.54; 0.55; 0.55,14.013,7.134,1.0,-0.002,-0.011,-0.002,0.013
3kdsG_2ce7C,006,2141.0,970.0,0.415,0.438,0.752,0.599,0.008,0.079,0.018,009; 009; 004; 004; 010; 010; 008; 001; 008; 002,0.61; 0.61; 0.60; 0.60; 0.59; 0.59; 0.57; 0.57; 0.57; 0.56,0.58; 0.58; 0.54; 0.54; 0.58; 0.58; 0.65; 0.61; 0.65; 0.62,14.491,4.53,1.0,0.01,0.026,0.0,-0.01
3kdsG_2ce7C,007,1618.0,1148.0,0.53,0.542,0.523,0.542,0.036,0.068,0.025,004; 004; 001; 001; 003; 003; 005; 005; 008; 002,0.64; 0.64; 0.61; 0.61; 0.57; 0.57; 0.56; 0.56; 0.51; 0.51,0.61; 0.61; 0.62; 0.62; 0.60; 0.60; 0.54; 0.54; 0.56; 0.80,14.852,6.172,1.0,-0.025,0.034,-0.002,0.006
3kdsG_2ce7C,008,1289.0,440.0,0.374,0.377,0.605,0.552,0.06,0.314,0.038,001; 001; 003; 003; 002; 002; 009; 009; 004; 004,0.84; 0.84; 0.78; 0.78; 0.74; 0.74; 0.63; 0.63; 0.61; 0.61,0.59; 0.59; 0.51; 0.51; 0.53; 0.53; 0.54; 0.54; 0.55; 0.55,12.472,5.63,1.0,0.006,0.04,0.0,0.007
3kdsG_2ce7C,009,1248.0,239.0,0.481,0.474,0.764,0.612,0.015,0.016,0.023,004; 004; 006; 006; 001; 001; 003; 003; 007; 007,0.76; 0.76; 0.74; 0.73; 0.71; 0.71; 0.67; 0.67; 0.59; 0.59,0.50; 0.50; 0.57; 0.57; 0.53; 0.53; 0.57; 0.57; 0.61; 0.61,14.445,6.063,1.0,0.006,0.039,0.0,-0.008
3kdsG_2ce7C,010,1203.0,810.0,0.516,0.514,0.524,0.532,0.049,0.105,0.035,004; 004; 002; 002; 001; 001; 006; 006; 005; 005,0.79; 0.79; 0.78; 0.78; 0.70; 0.70; 0.56; 0.56; 0.54; 0.54,0.53; 0.54; 0.52; 0.52; 0.57; 0.57; 0.53; 0.53; 0.82; 0.81,14.295,6.156,1.0,-0.017,0.036,0.0,-0.007
3kdsG_2ce7C,011,1078.0,468.0,0.482,0.48,0.751,0.591,0.0,0.003,0.012,008; 008; 004; 004; 001; 001; 010; 010; 006; 006,0.80; 0.80; 0.78; 0.78; 0.61; 0.61; 0.55; 0.55; 0.54; 0.54,0.50; 0.50; 0.54; 0.54; 0.45; 0.45; 0.61; 0.61; 0.42; 0.42,12.12,6.903,1.0,0.013,0.002,0.0,0.021
3kdsG_2ce7C,012,1038.0,362.0,0.336,0.381,0.594,0.553,0.046,0.096,0.042,002; 002; 001; 001; 006; 006; 003; 003; 004; 004,0.82; 0.82; 0.80; 0.80; 0.72; 0.72; 0.67; 0.67; 0.51; 0.51,0.59; 0.59; 0.60; 0.60; 0.53; 0.53; 0.56; 0.56; 0.55; 0.55,14.352,7.135,1.0,-0.01,0.04,0.0,-0.007
3kdsG_2ce7C,013,945.0,233.0,0.325,0.339,0.536,0.517,0.004,0.031,0.025,005; 005; 004; 004; 001; 008; 008; 003; 001; 003,0.88; 0.88; 0.59; 0.59; 0.55; 0.55; 0.55; 0.54; 0.54; 0.54,0.56; 0.56; 0.55; 0.55; 0.60; 0.58; 0.58; 0.43; 0.60; 0.43,12.193,4.712,1.0,-0.006,0.038,0.0,-0.001
3kdsG_2ce7C,014,938.0,539.0,0.491,0.46,0.594,0.701,0.024,0.07,0.025,001; 001; 003; 003; 005; 005; 002; 002; 009; 009,0.81; 0.81; 0.79; 0.79; 0.61; 0.61; 0.51; 0.51; 0.47; 0.47,0.59; 0.59; 0.53; 0.53; 0.46; 0.45; 0.84; 0.84; 0.50; 0.50,12.999,7.015,1.0,-0.013,0.033,0.0,-0.012
3kdsG_2ce7C,015,907.0,226.0,0.583,0.681,0.605,0.671,0.034,0.119,0.047,001; 002; 003; 002; 001; 003; 008; 004; 004; 008,0.52; 0.52; 0.52; 0.52; 0.52; 0.52; 0.50; 0.50; 0.50; 0.50,0.52; 0.53; 0.52; 0.53; 0.52; 0.52; 0.56; 0.54; 0.54; 0.56,10.435,5.079,1.0,-0.014,0.022,0.0,-0.002
3kdsG_2ce7C,016,877.0,402.0,0.472,0.475,0.52,0.523,0.046,0.32,0.029,006; 006; 002; 002; 001; 001; 010; 010; 007; 004,0.84; 0.84; 0.79; 0.79; 0.72; 0.72; 0.56; 0.56; 0.50; 0.50,0.57; 0.57; 0.58; 0.58; 0.60; 0.60; 0.65; 0.65; 0.43; 0.52,13.408,4.189,1.0,-0.009,0.019,0.0,-0.003
3kdsG_2ce7C,017,851.0,296.0,0.319,0.321,0.561,0.645,0.02,0.205,0.033,002; 002; 004; 004; 001; 001; 005; 005; 008; 008,0.81; 0.81; 0.79; 0.79; 0.74; 0.74; 0.65; 0.65; 0.49; 0.49,0.59; 0.59; 0.60; 0.60; 0.59; 0.59; 0.57; 0.57; 0.52; 0.52,16.257,6.263,1.0,0.038,0.002,0.0,0.008
3kdsG_2ce7C,018,829.0,546.0,0.416,0.418,0.508,0.529,0.052,0.475,0.03,001; 005; 005; 001; 006; 002; 006; 002; 003; 003,0.77; 0.77; 0.77; 0.77; 0.65; 0.65; 0.65; 0.64; 0.62; 0.62,0.58; 0.59; 0.59; 0.58; 0.57; 0.60; 0.57; 0.60; 0.46; 0.46,9.61,4.978,1.0,0.017,0.04,0.0,0.004
3kdsG_2ce7C,019,785.0,481.0,0.367,0.359,0.521,0.496,,,,,,,14.137,5.914,1.0,-0.002,0.038,,-0.003
3kdsG_2ce7C,020,671.0,437.0,0.482,0.465,0.501,0.503,,,,,,,10.312,3.69,1.0,0.014,0.039,,-0.007
3kdsG_2ce7C,021,658.0,255.0,0.487,0.482,0.532,0.555,,,,,,,16.199,5.959,1.0,-0.008,0.026,,0.011
3kdsG_2ce7C,022,594.0,357.0,0.262,0.269,0.387,0.385,,,,,,,12.986,7.325,1.0,-0.013,0.016,,-0.006
3kdsG_2ce7C,023,580.0,250.0,0.527,0.588,0.798,0.768,,,,,,,14.238,6.211,1.0,-0.021,-0.02,,-0.008
3kdsG_2ce7C,024,535.0,237.0,0.513,0.474,0.604,0.539,,,,,,,16.026,3.432,1.0,0.018,-0.039,,0.01
3kdsG_2ce7C,025,497.0,344.0,0.302,0.305,0.512,0.523,,,,,,,10.264,4.128,1.0,0.01,0.04,,-0.005
3kdsG_2ce7C,026,455.0,345.0,0.464,0.438,0.523,0.519,,,,,,,8.662,4.465,1.0,-0.018,0.034,,0.002
3kdsG_2ce7C,027,441.0,255.0,0.505,0.548,0.816,0.641,,,,,,,11.517,5.725,1.0,-0.006,-0.039,,-0.01
3kdsG_2ce7C,028,428.0,193.0,0.318,0.329,0.733,0.6,,,,,,,17.164,5.344,1.0,0.01,0.039,,-0.004
3kdsG_2ce7C,029,427.0,181.0,0.378,0.363,0.475,0.505,,,,,,,17.086,6.525,1.0,0.05,-0.037,,0.011
3kdsG_2ce7C,030,424.0,203.0,0.392,0.386,0.499,0.63,,,,,,,15.44,4.965,1.0,-0.016,0.024,,0.0
3kdsG_2ce7C,031,420.0,171.0,0.29,0.333,0.442,0.467,,,,,,,17.657,5.891,1.0,-0.011,-0.036,,0.002
3kdsG_2ce7C,032,400.0,147.0,0.586,0.582,0.801,0.601,,,,,,,12.122,5.943,1.0,0.05,-0.04,,-0.007
3kdsG_2ce7C,033,395.0,162.0,0.369,0.459,0.777,0.641,,,,,,,14.322,7.107,1.0,-0.004,0.03,,0.012
3kdsG_2ce7C,034,387.0,183.0,0.48,0.563,0.559,0.817,,,,,,,9.851,5.137,1.0,0.004,0.039,,-0.001
3kdsG_2ce7C,035,369.0,265.0,0.276,0.272,0.464,0.463,,,,,,,8.187,3.841,1.0,-0.003,0.038,,0.001
3kdsG_2ce7C,036,364.0,159.0,0.242,0.269,0.455,0.447,,,,,,,9.081,3.807,1.0,-0.018,0.039,,-0.014
3kdsG_2ce7C,037,345.0,254.0,0.413,0.395,0.487,0.485,,,,,,,8.895,2.217,1.0,-0.007,0.034,,-0.017
3kdsG_2ce7C,038,327.0,98.0,0.323,0.33,0.6,0.531,,,,,,,9.619,4.801,1.0,-0.005,0.026,,-0.002
3kdsG_2ce7C,039,320.0,264.0,0.314,0.315,0.39,0.367,,,,,,,8.985,3.316,1.0,-0.02,0.037,,-0.003
3kdsG_2ce7C,040,317.0,92.0,0.273,0.315,0.485,0.499,,,,,,,11.644,5.352,1.0,0.006,-0.037,,-0.002
3kdsG_2ce7C,041,316.0,68.0,0.323,0.328,0.517,0.509,,,,,,,12.552,7.049,1.0,-0.004,-0.039,,-0.005
3kdsG_2ce7C,042,315.0,95.0,0.345,0.344,0.538,0.539,,,,,,,11.51,5.563,1.0,-0.006,0.035,,0.004
3kdsG_2ce7C,043,306.0,162.0,0.427,0.419,0.464,0.456,,,,,,,12.692,5.423,1.0,-0.007,0.039,,0.019
3kdsG_2ce7C,044,297.0,204.0,0.34,0.344,0.426,0.439,,,,,,,9.005,3.706,1.0,-0.01,0.04,,-0.004
3kdsG_2ce7C,045,294.0,58.0,0.405,0.407,0.491,0.461,,,,,,,10.357,6.272,1.0,-0.007,0.04,,-0.002
3kdsG_2ce7C,046,282.0,179.0,0.347,0.345,0.517,0.525,,,,,,,8.415,4.453,0.9,-0.029,0.03,,0.003
3kdsG_2ce7C,047,275.0,174.0,0.436,0.414,0.45,0.428,,,,,,,8.426,4.25,1.0,-0.039,0.04,,0.001
3kdsG_2ce7C,048,268.0,51.0,0.279,0.264,0.557,0.58,,,,,,,13.264,4.032,1.0,0.002,-0.039,,-0.0
3kdsG_2ce7C,049,264.0,100.0,0.321,0.344,0.443,0.595,,,,,,,17.968,5.233,1.0,0.027,-0.039,,-0.006
3kdsG_2ce7C,050,262.0,87.0,0.274,0.291,0.532,0.537,,,,,,,13.839,4.718,1.0,-0.029,-0.034,,0.001
3kdsG_2ce7C,051,243.0,136.0,0.488,0.49,0.489,0.519,,,,,,,7.724,6.007,0.9,-0.004,0.039,,0.001
3kdsG_2ce7C,052,242.0,147.0,0.541,0.524,0.782,0.579,,,,,,,14.601,5.483,1.0,-0.008,0.017,,0.038
3kdsG_2ce7C,053,229.0,167.0,0.41,0.417,0.433,0.439,,,,,,,11.758,5.926,1.0,-0.008,0.037,,0.002
3kdsG_2ce7C,054,224.0,93.0,0.341,0.243,0.397,0.392,,,,,,,17.237,2.551,1.0,0.014,-0.04,,0.004
3kdsG_2ce7C,055,220.0,65.0,0.568,0.683,0.592,0.707,,,,,,,9.656,3.831,1.0,-0.011,-0.035,,-0.001
3kdsG_2ce7C,056,220.0,159.0,0.453,0.455,0.474,0.48,,,,,,,7.117,2.642,1.0,0.009,0.039,,0.002
3kdsG_2ce7C,057,218.0,150.0,0.554,0.605,0.592,0.628,,,,,,,9.761,3.802,1.0,-0.001,0.038,,0.001
3kdsG_2ce7C,058,214.0,101.0,0.352,0.366,0.538,0.629,,,,,,,13.047,7.33,1.0,0.004,-0.037,,-0.002
3kdsG_2ce7C,059,213.0,75.0,0.241,0.241,0.483,0.493,,,,,,,13.273,6.872,0.9,0.026,0.011,,-0.003
3kdsG_2ce7C,060,212.0,126.0,0.661,0.528,0.585,0.668,,,,,,,13.305,5.249,1.0,-0.002,-0.015,,0.008
3kdsG_2ce7C,061,211.0,173.0,0.566,0.638,0.627,0.572,,,,,,,10.899,3.678,1.0,-0.036,0.022,,-0.0
3kdsG_2ce7C,062,208.0,22.0,0.296,0.326,0.35,0.36,,,,,,,18.442,4.821,1.0,-0.007,0.031,,0.004
3kdsG_2ce7C,063,205.0,45.0,0.292,0.286,0.439,0.478,,,,,,,8.564,4.605,1.0,-0.012,0.037,,0.013
3kdsG_2ce7C,064,203.0,107.0,0.496,0.52,0.538,0.571,,,,,,,6.607,2.705,1.0,0.022,-0.04,,-0.008
3kdsG_2ce7C,065,203.0,100.0,0.45,0.447,0.536,0.655,,,,,,,12.271,2.992,1.0,-0.004,0.025,,-0.016
3kdsG_2ce7C,066,200.0,121.0,0.193,0.193,0.378,0.397,,,,,,,8.758,2.338,1.0,0.018,0.038,,-0.002
3kdsG_2ce7C,067,197.0,58.0,0.425,0.456,0.677,0.593,,,,,,,9.477,4.355,1.0,-0.014,0.039,,-0.004
3kdsG_2ce7C,068,186.0,118.0,0.477,0.551,0.467,0.534,,,,,,,16.899,6.451,1.0,-0.006,0.04,,0.024
3kdsG_2ce7C,069,184.0,73.0,0.36,0.335,0.328,0.367,,,,,,,14.629,4.833,1.0,-0.01,-0.03,,0.006
3kdsG_2ce7C,070,182.0,27.0,0.396,0.39,0.456,0.467,,,,,,,8.587,4.734,1.0,-0.02,0.04,,-0.028
3kdsG_2ce7C,071,181.0,110.0,0.555,0.534,0.604,0.629,,,,,,,10.153,4.429,1.0,-0.003,0.01,,-0.001
3kdsG_2ce7C,072,181.0,135.0,0.322,0.321,0.46,0.473,,,,,,,8.657,3.541,1.0,-0.016,0.034,,-0.004
3kdsG_2ce7C,073,172.0,116.0,0.422,0.453,0.486,0.5,,,,,,,10.182,4.463,1.0,-0.012,0.038,,0.004
3kdsG_2ce7C,074,170.0,52.0,0.374,0.404,0.531,0.529,,,,,,,7.721,4.112,1.0,-0.01,-0.028,,-0.008
3kdsG_2ce7C,075,168.0,17.0,0.309,0.33,0.488,0.484,,,,,,,12.235,3.398,1.0,-0.012,0.038,,0.001
3kdsG_2ce7C,076,164.0,36.0,0.338,0.308,0.526,0.52,,,,,,,12.823,5.379,1.0,0.011,0.035,,0.001
3kdsG_2ce7C,077,162.0,71.0,0.717,0.519,0.605,0.732,,,,,,,8.302,3.138,1.0,-0.009,-0.036,,-0.012
3kdsG_2ce7C,078,156.0,126.0,0.434,0.441,0.451,0.468,,,,,,,11.006,3.605,1.0,-0.006,0.038,,-0.001
3kdsG_2ce7C,079,156.0,22.0,0.303,0.293,0.566,0.577,,,,,,,13.77,5.895,1.0,-0.036,0.039,,0.006
3kdsG_2ce7C,080,149.0,109.0,0.477,0.483,0.515,0.539,,,,,,,7.153,4.093,0.9,0.007,0.038,,-0.014
3kdsG_2ce7C,081,148.0,50.0,0.266,0.191,0.417,0.495,,,,,,,13.868,5.909,1.0,-0.003,-0.038,,-0.003
3kdsG_2ce7C,082,137.0,57.0,0.424,0.498,0.605,0.602,,,,,,,11.2,4.373,1.0,-0.004,0.028,,0.004
3kdsG_2ce7C,083,113.0,52.0,0.577,0.598,0.6,0.558,,,,,,,10.048,4.684,1.0,-0.003,-0.015,,-0.004
3kdsG_2ce7C,084,110.0,33.0,0.449,0.493,0.591,0.69,,,,,,,9.495,3.469,1.0,-0.007,0.013,,-0.014
3kdsG_2ce7C,085,104.0,67.0,0.368,0.353,0.483,0.496,,,,,,,16.216,5.59,1.0,-0.004,0.038,,-0.004
3kdsG_2ce7C,086,100.0,67.0,0.538,0.75,0.561,0.831,,,,,,,10.845,5.468,1.0,0.008,0.032,,-0.001
3kdsG_2ce7C,087,95.0,33.0,0.353,0.356,0.473,0.458,,,,,,,12.311,3.864,1.0,-0.009,-0.011,,0.002
3kdsG_2ce7C,088,90.0,61.0,0.414,0.433,0.413,0.442,,,,,,,11.953,5.515,1.0,-0.01,-0.012,,0.001
3kdsG_2ce7C,089,82.0,47.0,0.436,0.41,0.53,0.538,,,,,,,9.083,4.601,1.0,-0.0,-0.04,,-0.006
3kdsG_2ce7C,090,77.0,48.0,0.388,0.406,0.387,0.396,,,,,,,14.056,6.936,1.0,0.019,-0.035,,0.009
3kdsG_2ce7C,091,73.0,49.0,0.452,0.52,0.578,0.688,,,,,,,10.489,5.95,0.9,-0.011,-0.029,,-0.005
3kdsG_2ce7C,092,68.0,33.0,0.706,0.526,0.831,0.604,,,,,,,10.708,4.15,1.0,-0.019,0.024,,0.002
3kdsG_2ce7C,093,65.0,45.0,0.505,0.493,0.529,0.553,,,,,,,11.26,5.331,1.0,-0.007,0.038,,0.024
3kdsG_2ce7C,094,55.0,43.0,0.473,0.461,0.498,0.502,,,,,,,9.814,5.167,1.0,0.04,-0.01,,-0.004
3kdsG_2ce7C,095,55.0,16.0,0.349,0.401,0.539,0.817,,,,,,,4.328,3.835,0.9,-0.023,0.039,,0.005
3kdsG_2ce7C,096,50.0,32.0,0.558,0.467,0.585,0.678,,,,,,,10.184,6.441,1.0,-0.02,-0.01,,-0.006
3kdsG_2ce7C,097,35.0,29.0,0.323,0.351,0.387,0.381,,,,,,,7.794,3.992,1.0,0.052,-0.021,,0.02
3kdsG_2ce7C,098,28.0,19.0,0.407,0.493,0.53,0.586,,,,,,,13.291,5.498,1.0,-0.024,0.034,,-0.005
3kdsG_2ce7C,099,27.0,19.0,0.523,0.578,0.563,0.732,,,,,,,7.693,4.267,1.0,-0.001,-0.024,,0.003
3l5nB_2a73B,Deep,,,0.559,0.602,0.55,0.704,0.148,0.142,0.146,,,,,,,,0.089,0.0,
3l5nB_2a73B,000,362.0,105.0,0.297,0.271,0.382,0.281,0.02,0.016,0.02,008; 008; 002; 002; 009; 009; 005; 005; 006; 006,0.38; 0.38; 0.37; 0.37; 0.36; 0.36; 0.35; 0.35; 0.33; 0.33,0.65; 0.65; 0.58; 0.58; 0.66; 0.66; 0.66; 0.66; 0.61; 0.61,59.119,15.114,1.0,-0.002,-0.027,0.0,
3l5nB_2a73B,001,192.0,112.0,0.244,0.353,0.296,0.429,0.0,0.0,0.0,001; 005; 001; 009; 004; 002; 002; 006; 003; 003,0.41; 0.41; 0.41; 0.40; 0.38; 0.33; 0.33; 0.30; 0.27; 0.27,0.68; 0.59; 0.68; 0.31; 0.76; 0.54; 0.54; 0.38; 0.35; 0.35,92.111,34.331,1.0,0.004,-0.007,0.0,
3l5nB_2a73B,002,185.0,57.0,0.146,0.173,0.342,0.279,0.006,0.006,0.005,001; 006; 003; 005; 004; 010; 008; 002; 007; 009,0.40; 0.38; 0.37; 0.37; 0.35; 0.34; 0.27; 0.23; 0.23; 0.22,0.67; 0.69; 0.69; 0.68; 0.70; 0.66; 0.41; 0.38; 0.21; 0.37,90.097,17.404,1.0,-0.005,-0.01,0.0,
3l5nB_2a73B,003,181.0,5.0,0.202,0.211,0.286,0.322,0.002,0.001,0.001,001; 006; 005; 010; 003; 008; 004; 009; 007; 002,0.41; 0.37; 0.35; 0.34; 0.31; 0.31; 0.30; 0.24; 0.21; 0.19,0.62; 0.59; 0.68; 0.67; 0.68; 0.36; 0.48; 0.22; 0.29; 0.18,62.749,23.978,1.0,-0.01,-0.031,0.0,
3l5nB_2a73B,004,177.0,61.0,0.3,0.328,0.317,0.329,0.0,0.0,0.0,003; 005; 001; 006; 004; 008; 002; 007; 009; 010,0.41; 0.40; 0.37; 0.34; 0.32; 0.30; 0.25; 0.23; 0.23; 0.20,0.73; 0.70; 0.66; 0.67; 0.72; 0.65; 0.17; 0.28; 0.17; 0.29,57.213,20.898,1.0,0.004,-0.031,0.0,
3l5nB_2a73B,005,165.0,67.0,0.293,0.326,0.369,0.342,0.037,0.033,0.037,001; 002; 003; 004; 009; 005; 006; 008; 010; 007,0.40; 0.40; 0.38; 0.34; 0.34; 0.29; 0.24; 0.24; 0.20; 0.14,0.67; 0.66; 0.66; 0.71; 0.71; 0.64; 0.34; 0.17; 0.35; 0.20,72.614,32.155,1.0,-0.005,-0.046,0.0,
3l5nB_2a73B,006,163.0,4.0,0.197,0.26,0.317,0.334,0.007,0.007,0.006,004; 003; 001; 005; 010; 009; 006; 002; 007; 008,0.39; 0.36; 0.34; 0.34; 0.34; 0.32; 0.21; 0.20; 0.18; 0.15,0.67; 0.66; 0.58; 0.68; 0.71; 0.67; 0.34; 0.32; 0.22; 0.27,16.296,21.446,0.8,-0.002,0.094,0.0,
3l5nB_2a73B,007,152.0,96.0,0.429,0.563,0.464,0.652,0.006,0.008,0.007,001; 007; 002; 005; 010; 004; 003; 009; 008; 006,0.44; 0.35; 0.33; 0.33; 0.33; 0.30; 0.29; 0.29; 0.23; 0.22,0.66; 0.34; 0.69; 0.70; 0.60; 0.49; 0.67; 0.32; 0.21; 0.40,81.084,35.041,1.0,0.004,-0.031,0.0,
3l5nB_2a73B,008,146.0,23.0,0.239,0.328,0.295,0.319,0.014,0.014,0.012,001; 005; 009; 008; 003; 004; 010; 006; 002; 007,0.40; 0.37; 0.36; 0.34; 0.33; 0.31; 0.31; 0.30; 0.29; 0.20,0.64; 0.66; 0.58; 0.74; 0.70; 0.64; 0.65; 0.45; 0.50; 0.20,62.563,27.164,1.0,0.041,-0.012,0.0,
3l5nB_2a73B,009,135.0,56.0,0.178,0.273,0.287,0.317,0.002,0.001,0.001,001; 003; 008; 009; 010; 004; 005; 006; 002; 007,0.37; 0.35; 0.34; 0.34; 0.33; 0.31; 0.24; 0.23; 0.22; 0.21,0.67; 0.66; 0.69; 0.68; 0.74; 0.68; 0.21; 0.22; 0.34; 0.35,69.698,14.594,1.0,-0.009,-0.068,0.0,
3l5nB_2a73B,010,134.0,41.0,0.176,0.205,0.238,0.333,0.003,0.003,0.002,009; 002; 001; 010; 003; 004; 005; 008; 007; 006,0.41; 0.38; 0.37; 0.35; 0.32; 0.31; 0.25; 0.25; 0.23; 0.19,0.66; 0.69; 0.62; 0.67; 0.63; 0.49; 0.43; 0.29; 0.20; 0.26,84.624,26.562,1.0,-0.001,-0.039,0.0,
3l5nB_2a73B,011,132.0,6.0,0.219,0.301,0.3,0.335,0.005,0.008,0.003,006; 001; 004; 005; 007; 002; 008; 009; 003; 010,0.41; 0.39; 0.39; 0.31; 0.29; 0.26; 0.25; 0.25; 0.23; 0.16,0.57; 0.69; 0.69; 0.63; 0.69; 0.36; 0.29; 0.24; 0.18; 0.19,76.323,25.153,1.0,0.001,-0.06,0.0,
3l5nB_2a73B,012,124.0,25.0,0.188,0.24,0.218,0.284,0.003,0.004,0.002,007; 003; 005; 004; 009; 001; 006; 002; 008; 010,0.39; 0.36; 0.36; 0.32; 0.32; 0.31; 0.31; 0.30; 0.27; 0.22,0.46; 0.70; 0.70; 0.49; 0.59; 0.53; 0.69; 0.54; 0.41; 0.23,85.981,21.055,1.0,0.002,-0.026,0.0,
3l5nB_2a73B,013,121.0,32.0,0.19,0.209,0.234,0.283,0.005,0.004,0.006,001; 003; 007; 005; 004; 010; 006; 002; 009; 008,0.43; 0.36; 0.34; 0.32; 0.31; 0.31; 0.29; 0.23; 0.23; 0.22,0.66; 0.73; 0.63; 0.47; 0.55; 0.57; 0.36; 0.20; 0.24; 0.18,53.832,20.712,1.0,-0.005,0.094,0.0,
3l5nB_2a73B,014,117.0,21.0,0.17,0.214,0.278,0.31,,,,,,,75.592,19.576,1.0,-0.013,-0.041,,
3l5nB_2a73B,015,114.0,39.0,0.196,0.259,0.165,0.245,,,,,,,78.243,33.097,1.0,-0.015,-0.037,,
3l5nB_2a73B,016,110.0,7.0,0.232,0.304,0.269,0.31,,,,,,,34.508,17.568,1.0,0.01,-0.022,,
3l5nB_2a73B,017,108.0,46.0,0.239,0.266,0.304,0.339,,,,,,,57.742,19.247,1.0,0.011,-0.039,,
3l5nB_2a73B,018,107.0,22.0,0.138,0.193,0.292,0.357,,,,,,,76.888,16.431,1.0,-0.004,-0.067,,
3l5nB_2a73B,019,103.0,25.0,0.207,0.268,0.272,0.31,,,,,,,69.471,40.835,1.0,-0.001,-0.027,,
3l5nB_2a73B,020,103.0,12.0,0.226,0.211,0.254,0.275,,,,,,,88.683,18.753,1.0,-0.004,-0.072,,
3l5nB_2a73B,021,101.0,25.0,0.221,0.314,0.246,0.319,,,,,,,87.899,24.425,1.0,0.013,-0.018,,
3l5nB_2a73B,022,100.0,28.0,0.236,0.275,0.3,0.335,,,,,,,82.092,39.585,1.0,0.005,0.078,,
3l5nB_2a73B,023,99.0,44.0,0.173,0.273,0.301,0.348,,,,,,,65.881,23.616,1.0,-0.011,0.044,,
3l5nB_2a73B,024,99.0,40.0,0.208,0.244,0.286,0.364,,,,,,,91.029,31.915,1.0,-0.005,-0.033,,
3l5nB_2a73B,025,96.0,49.0,0.17,0.2,0.294,0.311,,,,,,,92.262,29.527,1.0,-0.006,-0.044,,
3l5nB_2a73B,026,95.0,31.0,0.251,0.292,0.272,0.337,,,,,,,68.763,24.022,1.0,0.003,-0.016,,
3l5nB_2a73B,027,95.0,16.0,0.224,0.266,0.292,0.38,,,,,,,58.428,23.669,1.0,0.002,-0.011,,
3l5nB_2a73B,028,92.0,26.0,0.243,0.278,0.302,0.451,,,,,,,51.525,26.235,1.0,-0.016,0.038,,
3l5nB_2a73B,029,89.0,4.0,0.233,0.256,0.307,0.3,,,,,,,53.47,19.554,1.0,-0.008,-0.041,,
3l5nB_2a73B,030,86.0,10.0,0.186,0.238,0.321,0.313,,,,,,,77.893,18.711,1.0,-0.006,0.001,,
3l5nB_2a73B,031,85.0,6.0,0.179,0.234,0.209,0.305,,,,,,,82.966,19.216,1.0,-0.0,-0.031,,
3l5nB_2a73B,032,84.0,32.0,0.196,0.268,0.213,0.275,,,,,,,71.555,18.677,1.0,0.008,-0.045,,
3l5nB_2a73B,033,84.0,24.0,0.184,0.26,0.202,0.268,,,,,,,56.926,19.564,1.0,0.014,0.064,,
3l5nB_2a73B,034,83.0,35.0,0.233,0.256,0.324,0.324,,,,,,,65.572,22.935,1.0,-0.002,-0.019,,
3l5nB_2a73B,035,75.0,18.0,0.18,0.246,0.239,0.246,,,,,,,64.337,32.121,1.0,-0.001,0.046,,
3l5nB_2a73B,036,75.0,12.0,0.244,0.286,0.291,0.336,,,,,,,60.399,17.168,1.0,-0.006,0.095,,
3l5nB_2a73B,037,74.0,15.0,0.238,0.287,0.286,0.317,,,,,,,51.512,22.017,1.0,-0.001,0.024,,
3l5nB_2a73B,038,74.0,22.0,0.159,0.235,0.258,0.28,,,,,,,82.793,14.774,1.0,-0.0,-0.02,,
3l5nB_2a73B,039,73.0,38.0,0.188,0.255,0.297,0.311,,,,,,,75.564,14.381,1.0,-0.004,-0.082,,
3l5nB_2a73B,040,71.0,11.0,0.191,0.285,0.269,0.352,,,,,,,54.801,16.506,1.0,-0.008,-0.064,,
3l5nB_2a73B,041,71.0,22.0,0.234,0.285,0.32,0.316,,,,,,,62.288,22.734,1.0,-0.01,0.095,,
3l5nB_2a73B,042,69.0,14.0,0.223,0.287,0.252,0.316,,,,,,,53.601,17.916,1.0,-0.001,-0.022,,
3l5nB_2a73B,043,68.0,29.0,0.174,0.212,0.311,0.285,,,,,,,90.034,18.222,1.0,0.001,-0.016,,
3l5nB_2a73B,044,67.0,16.0,0.174,0.22,0.311,0.325,,,,,,,91.488,25.728,1.0,-0.014,-0.068,,
3l5nB_2a73B,045,67.0,13.0,0.257,0.286,0.326,0.317,,,,,,,77.51,17.079,1.0,-0.027,0.012,,
3l5nB_2a73B,046,66.0,31.0,0.214,0.273,0.35,0.249,,,,,,,43.775,6.745,1.0,0.004,0.071,,
3l5nB_2a73B,047,65.0,26.0,0.186,0.246,0.295,0.397,,,,,,,61.235,17.035,1.0,0.014,-0.062,,
3l5nB_2a73B,048,64.0,28.0,0.264,0.384,0.285,0.5,,,,,,,60.721,20.876,1.0,0.024,-0.019,,
3l5nB_2a73B,049,61.0,5.0,0.266,0.27,0.289,0.287,,,,,,,62.018,19.708,1.0,0.002,0.02,,
3l5nB_2a73B,050,60.0,4.0,0.263,0.342,0.304,0.445,,,,,,,69.987,34.069,1.0,-0.088,-0.055,,
3l5nB_2a73B,051,60.0,4.0,0.202,0.236,0.257,0.332,,,,,,,37.571,17.217,1.0,-0.007,-0.04,,
3l5nB_2a73B,052,58.0,7.0,0.249,0.276,0.296,0.304,,,,,,,61.059,15.957,1.0,0.035,-0.004,,
3l5nB_2a73B,053,56.0,13.0,0.173,0.182,0.307,0.334,,,,,,,40.169,27.278,1.0,-0.015,0.086,,
3l5nB_2a73B,054,56.0,6.0,0.226,0.233,0.281,0.331,,,,,,,60.078,17.975,1.0,0.003,-0.011,,
3l5nB_2a73B,055,56.0,26.0,0.203,0.216,0.326,0.293,,,,,,,52.288,16.151,1.0,-0.015,0.066,,
3l5nB_2a73B,056,56.0,19.0,0.166,0.204,0.196,0.271,,,,,,,68.02,26.371,1.0,0.017,0.018,,
3l5nB_2a73B,057,55.0,16.0,0.154,0.186,0.34,0.287,,,,,,,53.532,18.797,1.0,-0.005,0.016,,
3l5nB_2a73B,058,55.0,14.0,0.246,0.272,0.358,0.309,,,,,,,60.542,17.528,1.0,-0.003,0.032,,
3l5nB_2a73B,059,54.0,6.0,0.231,0.262,0.266,0.327,,,,,,,13.396,12.733,1.0,0.003,-0.043,,
3l5nB_2a73B,060,52.0,6.0,0.174,0.204,0.346,0.326,,,,,,,90.264,16.623,1.0,-0.006,-0.078,,
3l5nB_2a73B,061,52.0,4.0,0.247,0.258,0.294,0.306,,,,,,,14.659,11.11,1.0,0.001,0.025,,
3l5nB_2a73B,062,52.0,13.0,0.197,0.298,0.3,0.299,,,,,,,85.692,16.718,1.0,-0.021,-0.027,,
3l5nB_2a73B,063,48.0,27.0,0.163,0.226,0.282,0.3,,,,,,,64.008,12.029,1.0,0.02,-0.03,,
3l5nB_2a73B,064,47.0,23.0,0.177,0.269,0.28,0.372,,,,,,,63.862,17.545,1.0,-0.0,-0.025,,
3l5nB_2a73B,065,47.0,18.0,0.264,0.32,0.312,0.346,,,,,,,65.569,23.411,1.0,-0.01,-0.023,,
3l5nB_2a73B,066,45.0,13.0,0.175,0.202,0.228,0.241,,,,,,,81.825,20.078,1.0,0.001,0.002,,
3l5nB_2a73B,067,44.0,3.0,0.214,0.26,0.282,0.311,,,,,,,17.915,10.923,1.0,0.002,-0.017,,
3l5nB_2a73B,068,44.0,9.0,0.222,0.289,0.283,0.341,,,,,,,49.128,9.697,1.0,0.008,0.007,,
3l5nB_2a73B,069,43.0,19.0,0.261,0.287,0.34,0.297,,,,,,,77.415,16.842,1.0,-0.005,-0.002,,
3l5nB_2a73B,070,42.0,11.0,0.17,0.195,0.29,0.299,,,,,,,41.577,16.269,1.0,0.001,0.09,,
3l5nB_2a73B,071,42.0,4.0,0.229,0.271,0.314,0.335,,,,,,,66.195,12.57,1.0,0.041,-0.024,,
3l5nB_2a73B,072,40.0,9.0,0.312,0.556,0.382,0.796,,,,,,,64.421,18.881,1.0,-0.019,-0.061,,
3l5nB_2a73B,073,40.0,11.0,0.18,0.208,0.314,0.302,,,,,,,70.041,15.239,1.0,0.022,-0.046,,
3l5nB_2a73B,074,40.0,23.0,0.235,0.263,0.298,0.317,,,,,,,71.073,17.494,1.0,-0.006,-0.03,,
3l5nB_2a73B,075,40.0,16.0,0.208,0.242,0.216,0.266,,,,,,,104.093,13.587,1.0,0.002,-0.063,,
3l5nB_2a73B,076,40.0,17.0,0.179,0.234,0.304,0.327,,,,,,,58.046,25.508,1.0,-0.014,-0.035,,
3l5nB_2a73B,077,39.0,27.0,0.334,0.634,0.306,0.639,,,,,,,65.851,19.2,1.0,0.022,0.009,,-0.001
3l5nB_2a73B,078,39.0,26.0,0.273,0.335,0.316,0.309,,,,,,,67.44,16.192,1.0,0.01,-0.041,,
3l5nB_2a73B,079,39.0,15.0,0.168,0.217,0.273,0.33,,,,,,,76.335,19.53,1.0,-0.007,-0.031,,
3l5nB_2a73B,080,38.0,11.0,0.184,0.233,0.297,0.304,,,,,,,58.803,18.126,1.0,-0.013,0.028,,
3l5nB_2a73B,081,36.0,15.0,0.169,0.172,0.278,0.32,,,,,,,34.612,25.184,1.0,0.014,0.047,,
3l5nB_2a73B,082,36.0,11.0,0.188,0.194,0.216,0.304,,,,,,,86.372,13.713,1.0,-0.0,-0.06,,
3l5nB_2a73B,083,33.0,10.0,0.149,0.171,0.213,0.217,,,,,,,59.147,10.397,1.0,0.0,-0.03,,
3l5nB_2a73B,084,33.0,8.0,0.177,0.282,0.337,0.314,,,,,,,69.328,7.99,1.0,-0.016,0.025,,
3l5nB_2a73B,085,32.0,9.0,0.171,0.202,0.302,0.329,,,,,,,80.796,17.481,1.0,0.014,-0.043,,
3l5nB_2a73B,086,31.0,1.0,0.23,0.307,0.241,0.322,,,,,,,39.684,8.521,1.0,0.016,-0.011,,
3l5nB_2a73B,087,30.0,25.0,0.298,0.376,0.308,0.331,,,,,,,69.639,16.187,1.0,0.005,-0.046,,
3l5nB_2a73B,088,30.0,8.0,0.187,0.275,0.304,0.409,,,,,,,65.065,21.415,1.0,-0.002,0.078,,
3l5nB_2a73B,089,29.0,6.0,0.261,0.284,0.327,0.313,,,,,,,66.992,16.588,1.0,-0.007,0.013,,
3l5nB_2a73B,090,28.0,11.0,0.157,0.203,0.18,0.246,,,,,,,65.793,33.192,1.0,0.01,-0.015,,
3l5nB_2a73B,091,28.0,12.0,0.162,0.238,0.299,0.34,,,,,,,71.937,21.425,1.0,-0.018,-0.002,,
3l5nB_2a73B,092,28.0,10.0,0.252,0.264,0.347,0.292,,,,,,,64.944,20.708,1.0,0.025,-0.002,,
3l5nB_2a73B,093,27.0,9.0,0.216,0.243,0.273,0.303,,,,,,,82.121,9.703,1.0,0.01,-0.047,,
3l5nB_2a73B,094,27.0,6.0,0.231,0.233,0.276,0.331,,,,,,,18.589,9.57,1.0,0.0,0.089,,
3l5nB_2a73B,095,24.0,10.0,0.168,0.175,0.181,0.19,,,,,,,72.13,16.322,1.0,-0.006,0.014,,
3l5nB_2a73B,096,24.0,7.0,0.202,0.23,0.161,0.237,,,,,,,77.07,11.141,1.0,-0.003,0.069,,
3l5nB_2a73B,097,24.0,3.0,0.219,0.228,0.3,0.307,,,,,,,79.669,11.484,1.0,0.003,-0.021,,
3l5nB_2a73B,098,21.0,4.0,0.202,0.236,0.319,0.317,,,,,,,94.168,15.538,1.0,0.003,-0.069,,
3l5nB_2a73B,099,18.0,8.0,0.268,0.315,0.292,0.594,,,,,,,84.025,12.876,1.0,-0.011,-0.026,,
3l9qB_4rr2D,Deep,,,0.879,0.611,0.872,0.575,0.397,0.352,0.377,,,,,,,,-0.033,0.006,
3l9qB_4rr2D,000,531.0,346.0,0.746,0.483,0.87,0.501,,,0.0,001; 001; 009; 009; 003; 008; 003; 008; 002; 002,0.86; 0.85; 0.84; 0.84; 0.82; 0.82; 0.82; 0.82; 0.81; 0.81,0.38; 0.38; 0.59; 0.59; 0.44; 0.60; 0.44; 0.60; 0.47; 0.47,40.018,23.078,0.9,0.018,-0.031,0.0,0.094
3l9qB_4rr2D,001,167.0,5.0,0.417,0.215,0.4,0.199,,,0.008,001; 001; 009; 009; 008; 008; 003; 002; 003; 002,0.87; 0.87; 0.84; 0.84; 0.83; 0.83; 0.82; 0.82; 0.82; 0.82,0.38; 0.38; 0.58; 0.58; 0.50; 0.50; 0.46; 0.47; 0.46; 0.47,27.219,22.815,1.0,0.085,-0.033,0.0,-0.015
3l9qB_4rr2D,002,139.0,3.0,0.438,0.363,0.544,0.357,,,0.008,007; 007; 003; 009; 003; 009; 002; 002; 001; 008,0.84; 0.84; 0.83; 0.83; 0.83; 0.83; 0.82; 0.82; 0.79; 0.79,0.54; 0.54; 0.47; 0.50; 0.47; 0.50; 0.47; 0.47; 0.37; 0.57,19.492,16.148,0.8,-0.042,-0.031,0.0,-0.012
3l9qB_4rr2D,003,139.0,7.0,0.295,0.237,0.384,0.35,,,0.0,001; 001; 008; 007; 007; 008; 004; 004; 003; 003,0.83; 0.83; 0.82; 0.82; 0.82; 0.82; 0.81; 0.81; 0.80; 0.80,0.37; 0.37; 0.59; 0.56; 0.55; 0.59; 0.54; 0.53; 0.61; 0.61,45.574,22.936,1.0,-0.056,-0.033,0.0,-0.074
3l9qB_4rr2D,004,122.0,63.0,0.298,0.187,0.403,0.214,,,0.016,001; 008; 008; 001; 004; 004; 003; 003; 006; 006,0.85; 0.84; 0.84; 0.84; 0.83; 0.83; 0.82; 0.82; 0.81; 0.81,0.38; 0.43; 0.43; 0.38; 0.53; 0.53; 0.52; 0.52; 0.56; 0.55,59.637,24.756,1.0,-0.045,-0.032,0.0,-0.064
3l9qB_4rr2D,005,120.0,30.0,0.574,0.551,0.867,0.53,,,0.01,001; 001; 003; 003; 010; 010; 009; 006; 004; 004,0.85; 0.85; 0.84; 0.84; 0.83; 0.83; 0.82; 0.82; 0.82; 0.82,0.37; 0.37; 0.52; 0.53; 0.59; 0.59; 0.58; 0.50; 0.55; 0.55,45.039,30.042,0.9,0.05,-0.033,0.0,0.03
3l9qB_4rr2D,006,120.0,36.0,0.415,0.326,0.393,0.363,,,0.0,001; 001; 003; 008; 008; 003; 006; 006; 004; 004,0.84; 0.84; 0.82; 0.82; 0.82; 0.82; 0.79; 0.79; 0.77; 0.77,0.37; 0.37; 0.49; 0.49; 0.49; 0.49; 0.49; 0.49; 0.41; 0.41,46.394,24.396,0.9,-0.114,-0.033,0.0,-0.07
3l9qB_4rr2D,007,119.0,12.0,0.473,0.489,0.425,0.494,,,0.008,003; 009; 009; 003; 004; 004; 005; 006; 008; 008,0.83; 0.83; 0.83; 0.83; 0.82; 0.82; 0.82; 0.82; 0.82; 0.82,0.56; 0.53; 0.53; 0.56; 0.50; 0.50; 0.48; 0.50; 0.63; 0.63,35.964,30.46,0.7,-0.023,-0.033,0.0,-0.012
3l9qB_4rr2D,008,118.0,46.0,0.683,0.496,0.465,0.539,,,0.0,001; 001; 007; 007; 005; 005; 003; 006; 006; 003,0.85; 0.85; 0.84; 0.84; 0.82; 0.82; 0.81; 0.80; 0.80; 0.80,0.37; 0.37; 0.52; 0.52; 0.60; 0.60; 0.61; 0.54; 0.54; 0.60,30.154,24.809,1.0,0.072,-0.032,0.0,-0.026
3l9qB_4rr2D,009,114.0,10.0,0.595,0.512,0.633,0.524,0.081,0.063,0.143,001; 001; 003; 003; 008; 008; 005; 007; 007; 005,0.88; 0.87; 0.85; 0.85; 0.82; 0.82; 0.81; 0.81; 0.81; 0.81,0.38; 0.38; 0.55; 0.55; 0.45; 0.45; 0.56; 0.56; 0.57; 0.57,32.877,31.378,0.9,-0.013,-0.032,0.0,-0.029
3l9qB_4rr2D,010,101.0,53.0,0.456,0.395,0.837,0.574,,,0.01,003; 003; 001; 009; 009; 005; 001; 005; 010; 010,0.85; 0.85; 0.84; 0.84; 0.84; 0.84; 0.84; 0.84; 0.82; 0.82,0.57; 0.56; 0.37; 0.67; 0.67; 0.49; 0.37; 0.49; 0.54; 0.54,53.417,20.66,1.0,0.007,-0.033,0.0,0.005
3l9qB_4rr2D,011,100.0,14.0,0.559,0.519,0.76,0.541,,,0.0,006; 006; 007; 007; 005; 005; 009; 008; 009; 008,0.85; 0.85; 0.84; 0.84; 0.83; 0.83; 0.82; 0.82; 0.82; 0.82,0.60; 0.60; 0.51; 0.51; 0.57; 0.57; 0.53; 0.57; 0.53; 0.57,43.816,27.139,1.0,0.036,-0.032,0.0,-0.019
3l9qB_4rr2D,012,87.0,48.0,0.41,0.412,0.415,0.504,,,0.0,002; 002; 003; 009; 009; 003; 004; 004; 007; 007,0.86; 0.86; 0.84; 0.84; 0.84; 0.84; 0.83; 0.83; 0.83; 0.83,0.56; 0.56; 0.55; 0.54; 0.54; 0.55; 0.63; 0.63; 0.41; 0.41,13.404,11.456,0.9,-0.024,-0.032,0.0,0.006
3l9qB_4rr2D,013,86.0,45.0,0.55,0.466,0.841,0.593,0.047,0.047,0.043,001; 001; 002; 002; 005; 005; 007; 007; 008; 008,0.87; 0.87; 0.83; 0.83; 0.81; 0.81; 0.80; 0.80; 0.78; 0.78,0.47; 0.47; 0.57; 0.57; 0.58; 0.58; 0.53; 0.53; 0.45; 0.45,24.596,15.892,0.9,-0.016,-0.033,0.0,0.003
3l9qB_4rr2D,014,86.0,34.0,0.667,0.501,0.867,0.487,,,,,,,53.92,26.468,1.0,0.142,-0.033,,-0.017
3l9qB_4rr2D,015,84.0,33.0,0.41,0.481,0.864,0.508,,,,,,,37.866,30.912,0.8,-0.079,0.018,,-0.025
3l9qB_4rr2D,016,84.0,27.0,0.363,0.292,0.383,0.248,,,,,,,53.886,23.639,0.9,-0.052,-0.033,,-0.051
3l9qB_4rr2D,017,83.0,55.0,0.79,0.435,0.783,0.506,,,,,,,57.792,30.153,0.9,-0.034,-0.033,,0.03
3l9qB_4rr2D,018,83.0,10.0,0.28,0.32,0.429,0.41,,,,,,,44.183,23.482,1.0,-0.04,-0.031,,-0.067
3l9qB_4rr2D,019,80.0,8.0,0.447,0.557,0.864,0.609,,,,,,,33.894,25.877,0.7,-0.01,-0.032,,-0.025
3l9qB_4rr2D,020,80.0,7.0,0.409,0.354,0.4,0.321,,,,,,,6.44,7.573,0.8,-0.048,-0.016,,-0.012
3l9qB_4rr2D,021,75.0,14.0,0.614,0.536,0.869,0.556,,,,,,,61.967,26.588,1.0,0.02,-0.033,,-0.014
3l9qB_4rr2D,022,75.0,21.0,0.365,0.26,0.358,0.29,,,,,,,32.466,20.002,0.9,-0.082,-0.031,,-0.064
3l9qB_4rr2D,023,73.0,8.0,0.413,0.39,0.391,0.414,,,,,,,35.812,28.183,1.0,-0.04,-0.033,,-0.054
3l9qB_4rr2D,024,70.0,52.0,0.618,0.44,0.837,0.565,,,,,,,29.547,15.754,1.0,0.08,-0.031,,-0.037
3l9qB_4rr2D,025,68.0,37.0,0.604,0.594,0.834,0.567,,,,,,,36.199,23.762,0.9,0.056,-0.033,,-0.011
3l9qB_4rr2D,026,67.0,17.0,0.361,0.44,0.604,0.574,,,,,,,26.933,18.827,1.0,-0.007,-0.032,,-0.014
3l9qB_4rr2D,027,65.0,40.0,0.481,0.453,0.866,0.56,,,,,,,28.225,24.359,0.7,0.065,-0.033,,-0.034
3l9qB_4rr2D,028,61.0,21.0,0.812,0.509,0.865,0.59,,,,,,,38.335,24.532,0.9,0.19,-0.032,,-0.038
3l9qB_4rr2D,029,59.0,36.0,0.464,0.41,0.869,0.566,,,,,,,60.662,27.393,1.0,0.044,-0.033,,0.008
3l9qB_4rr2D,030,58.0,20.0,0.393,0.516,0.859,0.576,,,,,,,43.666,34.895,1.0,0.006,0.014,,0.007
3l9qB_4rr2D,031,58.0,1.0,0.459,0.394,0.524,0.35,,,,,,,13.557,10.695,0.8,0.101,-0.033,,-0.032
3l9qB_4rr2D,032,58.0,27.0,0.431,0.336,0.447,0.393,,,,,,,41.503,23.54,0.9,-0.086,-0.032,,-0.059
3l9qB_4rr2D,033,58.0,11.0,0.328,0.323,0.373,0.33,,,,,,,45.773,25.231,0.9,0.005,-0.032,,-0.051
3l9qB_4rr2D,034,58.0,20.0,0.533,0.277,0.868,0.602,,,,,,,36.982,23.27,0.9,0.1,-0.031,,-0.039
3l9qB_4rr2D,035,58.0,17.0,0.397,0.297,0.395,0.408,,,,,,,37.614,24.689,1.0,-0.048,-0.002,,-0.078
3l9qB_4rr2D,036,57.0,10.0,0.591,0.504,0.867,0.548,,,,,,,41.26,26.127,1.0,0.072,-0.032,,-0.015
3l9qB_4rr2D,037,57.0,14.0,0.442,0.508,0.869,0.583,,,,,,,39.361,30.166,0.8,0.058,-0.033,,0.0
3l9qB_4rr2D,038,55.0,10.0,0.427,0.462,0.866,0.562,,,,,,,39.386,30.527,1.0,0.146,-0.033,,0.027
3l9qB_4rr2D,039,55.0,14.0,0.659,0.524,0.868,0.581,,,,,,,57.777,27.385,1.0,0.109,-0.032,,0.0
3l9qB_4rr2D,040,55.0,28.0,0.345,0.346,0.337,0.364,,,,,,,47.806,21.909,1.0,-0.041,-0.031,,-0.027
3l9qB_4rr2D,041,54.0,11.0,0.561,0.519,0.444,0.581,,,,,,,38.125,31.844,0.7,-0.048,-0.031,,-0.013
3l9qB_4rr2D,042,53.0,12.0,0.439,0.523,0.824,0.578,,,,,,,32.089,32.339,0.7,0.092,-0.033,,-0.021
3l9qB_4rr2D,043,52.0,6.0,0.334,0.382,0.469,0.429,,,,,,,26.326,20.228,1.0,0.023,-0.019,,-0.004
3l9qB_4rr2D,044,52.0,11.0,0.473,0.502,0.834,0.495,,,,,,,39.253,25.65,0.9,0.072,-0.023,,-0.033
3l9qB_4rr2D,045,52.0,17.0,0.529,0.367,0.87,0.547,,,,,,,29.89,25.693,0.8,-0.041,-0.003,,0.005
3l9qB_4rr2D,046,52.0,29.0,0.381,0.29,0.418,0.534,,,,,,,22.351,15.469,1.0,-0.103,-0.032,,-0.047
3l9qB_4rr2D,047,51.0,24.0,0.47,0.42,0.845,0.513,,,,,,,40.072,23.73,1.0,0.05,-0.018,,0.006
3l9qB_4rr2D,048,49.0,39.0,0.465,0.437,0.752,0.444,,,,,,,54.021,35.132,0.8,-0.003,-0.033,,-0.0
3l9qB_4rr2D,049,48.0,4.0,0.413,0.447,0.469,0.43,,,,,,,22.221,16.21,1.0,0.024,-0.033,,-0.048
3l9qB_4rr2D,050,47.0,10.0,0.731,0.397,0.835,0.544,,,,,,,39.784,25.036,1.0,0.051,-0.031,,-0.052
3l9qB_4rr2D,051,45.0,4.0,0.339,0.441,0.384,0.415,,,,,,,14.93,13.797,1.0,-0.01,-0.03,,-0.023
3l9qB_4rr2D,052,44.0,28.0,0.867,0.534,0.87,0.593,,,,,,,46.551,21.51,1.0,-0.052,-0.032,,-0.05
3l9qB_4rr2D,053,43.0,21.0,0.435,0.455,0.864,0.586,,,,,,,39.708,25.384,0.9,0.033,-0.032,,-0.001
3l9qB_4rr2D,054,42.0,3.0,0.481,0.414,0.865,0.597,,,,,,,35.052,30.848,0.7,0.072,-0.033,,-0.035
3l9qB_4rr2D,055,41.0,22.0,0.781,0.496,0.867,0.577,,,,,,,26.168,20.612,0.8,0.02,-0.033,,-0.016
3l9qB_4rr2D,056,40.0,11.0,0.468,0.387,0.868,0.579,,,,,,,40.876,27.077,0.9,-0.04,-0.033,,-0.046
3l9qB_4rr2D,057,,,0.811,0.502,0.866,0.569,,,,,,,39.458,24.085,0.9,0.034,-0.033,,0.053
3l9qB_4rr2D,058,39.0,28.0,0.416,0.227,0.348,0.221,,,,,,,48.615,24.715,0.9,-0.043,-0.032,,-0.068
3l9qB_4rr2D,059,39.0,19.0,0.384,0.294,0.868,0.555,,,,,,,3.826,3.757,0.9,0.0,-0.033,,-0.015
3l9qB_4rr2D,060,38.0,17.0,0.382,0.278,0.446,0.336,,,,,,,25.829,21.58,0.8,-0.04,-0.032,,-0.059
3l9qB_4rr2D,061,38.0,6.0,0.421,0.348,0.378,0.363,,,,,,,10.519,8.408,1.0,0.059,-0.029,,0.006
3l9qB_4rr2D,062,37.0,5.0,0.714,0.429,0.867,0.621,,,,,,,42.768,26.166,1.0,-0.023,-0.033,,-0.015
3l9qB_4rr2D,063,37.0,21.0,0.701,0.566,0.871,0.551,,,,,,,40.021,15.573,1.0,-0.037,-0.032,,-0.028
3l9qB_4rr2D,064,36.0,34.0,0.559,0.468,0.866,0.503,,,,,,,37.466,21.694,1.0,-0.062,-0.032,,-0.032
3l9qB_4rr2D,065,36.0,12.0,0.543,0.306,0.869,0.506,,,,,,,40.721,27.695,0.8,-0.086,-0.031,,0.06
3l9qB_4rr2D,066,36.0,16.0,0.29,0.245,0.433,0.383,,,,,,,47.031,25.289,0.9,-0.057,-0.031,,-0.055
3l9qB_4rr2D,067,36.0,26.0,0.743,0.474,0.866,0.578,,,,,,,33.293,19.912,1.0,0.073,-0.015,,0.006
3l9qB_4rr2D,068,36.0,15.0,0.594,0.489,0.868,0.538,,,,,,,53.796,28.206,0.9,-0.07,-0.033,,-0.011
3l9qB_4rr2D,069,36.0,15.0,0.421,0.398,0.869,0.522,,,,,,,44.235,27.083,0.9,-0.036,-0.032,,-0.006
3l9qB_4rr2D,070,35.0,15.0,0.704,0.473,0.868,0.542,,,,,,,37.88,25.052,0.8,0.098,-0.033,,-0.006
3l9qB_4rr2D,071,35.0,13.0,0.328,0.474,0.411,0.44,,,,,,,50.571,25.449,1.0,-0.128,-0.015,,-0.058
3l9qB_4rr2D,072,35.0,12.0,0.539,0.264,0.367,0.221,,,,,,,31.001,24.089,0.8,-0.015,-0.032,,-0.036
3l9qB_4rr2D,073,35.0,7.0,0.321,0.47,0.472,0.535,,,,,,,44.088,15.471,1.0,-0.02,-0.033,,-0.073
3l9qB_4rr2D,074,34.0,31.0,0.68,0.405,0.86,0.614,,,,,,,38.152,25.891,0.9,-0.05,-0.033,,-0.022
3l9qB_4rr2D,075,34.0,20.0,0.408,0.28,0.416,0.506,,,,,,,24.361,21.434,1.0,0.042,-0.033,,-0.004
3l9qB_4rr2D,076,34.0,26.0,0.62,0.57,0.87,0.621,,,,,,,54.275,30.968,1.0,-0.055,-0.033,,0.061
3l9qB_4rr2D,077,33.0,11.0,0.683,0.492,0.869,0.513,,,,,,,52.166,24.507,1.0,-0.074,-0.033,,0.01
3l9qB_4rr2D,078,33.0,18.0,0.458,0.459,0.443,0.468,,,,,,,60.612,32.995,1.0,-0.076,0.013,,0.028
3l9qB_4rr2D,079,33.0,7.0,0.578,0.491,0.866,0.504,,,,,,,40.302,23.996,1.0,0.053,-0.031,,-0.035
3l9qB_4rr2D,080,33.0,12.0,0.857,0.601,0.869,0.578,,,,,,,57.371,25.422,1.0,-0.017,-0.033,,0.043
3l9qB_4rr2D,081,32.0,20.0,0.427,0.19,0.364,0.238,,,,,,,24.686,16.524,1.0,0.004,-0.032,,-0.06
3l9qB_4rr2D,082,32.0,3.0,0.601,0.434,0.865,0.547,,,,,,,61.534,30.839,0.9,0.049,-0.032,,-0.005
3l9qB_4rr2D,083,32.0,16.0,0.846,0.479,0.868,0.504,,,,,,,29.059,7.669,1.0,-0.041,-0.03,,0.004
3l9qB_4rr2D,084,31.0,29.0,0.436,0.266,0.66,0.514,,,,,,,52.894,40.125,1.0,0.014,0.007,,-0.032
3l9qB_4rr2D,085,30.0,5.0,0.46,0.478,0.606,0.468,,,,,,,59.485,32.137,1.0,0.049,0.014,,0.038
3l9qB_4rr2D,086,29.0,15.0,0.729,0.486,0.862,0.483,,,,,,,36.904,28.081,1.0,0.064,0.003,,0.052
3l9qB_4rr2D,087,29.0,19.0,0.289,0.334,0.53,0.513,,,,,,,39.883,25.849,0.9,-0.018,-0.033,,-0.069
3l9qB_4rr2D,088,29.0,15.0,0.308,0.251,0.356,0.322,,,,,,,17.524,11.941,1.0,-0.041,-0.033,,-0.084
3l9qB_4rr2D,089,28.0,14.0,0.395,0.429,0.84,0.552,,,,,,,30.996,20.25,0.9,0.084,-0.032,,0.018
3l9qB_4rr2D,090,27.0,15.0,0.588,0.384,0.673,0.371,,,,,,,20.792,19.95,0.9,-0.067,-0.033,,-0.019
3l9qB_4rr2D,091,27.0,21.0,0.485,0.401,0.808,0.55,,,,,,,38.168,30.74,0.8,0.139,-0.033,,0.017
3l9qB_4rr2D,092,27.0,10.0,0.432,0.241,0.381,0.333,,,,,,,26.345,12.732,0.9,-0.037,-0.032,,-0.068
3l9qB_4rr2D,093,26.0,12.0,0.41,0.472,0.772,0.549,,,,,,,23.993,14.323,1.0,0.004,-0.033,,-0.003
3l9qB_4rr2D,094,24.0,21.0,0.646,0.394,0.868,0.504,,,,,,,9.71,17.274,0.7,0.047,-0.012,,-0.022
3l9qB_4rr2D,095,24.0,13.0,0.355,0.378,0.337,0.546,,,,,,,44.128,28.183,1.0,-0.055,-0.033,,-0.045
3l9qB_4rr2D,096,24.0,11.0,0.32,0.345,0.419,0.382,,,,,,,43.02,27.512,0.9,-0.083,-0.01,,-0.077
3l9qB_4rr2D,097,23.0,9.0,0.461,0.404,0.38,0.498,,,,,,,12.457,10.54,1.0,-0.04,-0.033,,-0.004
3l9qB_4rr2D,098,23.0,2.0,0.529,0.485,0.723,0.522,,,,,,,43.467,5.337,1.0,-0.081,-0.033,,-0.078
3lowA_3m1bF,Deep,,,0.563,0.967,0.567,0.957,0.276,0.29,0.475,,,,,,,,0.094,-0.014,
3lowA_3m1bF,000,467.0,232.0,0.431,0.763,0.497,0.864,0.105,0.115,0.151,002; 002; 001; 005; 004; 001; 005; 004; 007; 007,0.51; 0.51; 0.48; 0.48; 0.48; 0.48; 0.48; 0.48; 0.47; 0.47,0.85; 0.85; 0.80; 0.79; 0.80; 0.80; 0.79; 0.80; 0.75; 0.75,7.461,3.249,1.0,-0.224,-0.039,0.0,-0.204
3lowA_3m1bF,001,272.0,183.0,0.371,0.686,0.416,0.739,0.029,0.028,0.022,002; 002; 001; 001; 004; 004; 008; 008; 003; 003,0.50; 0.50; 0.49; 0.49; 0.48; 0.48; 0.47; 0.46; 0.45; 0.45,0.77; 0.77; 0.82; 0.82; 0.76; 0.76; 0.76; 0.76; 0.77; 0.77,8.406,3.001,1.0,-0.292,-0.07,0.0,-0.238
3lowA_3m1bF,002,187.0,97.0,0.41,0.627,0.392,0.595,0.013,0.013,0.048,002; 003; 003; 002; 001; 001; 009; 009; 010; 010,0.55; 0.55; 0.55; 0.55; 0.52; 0.52; 0.48; 0.48; 0.37; 0.37,0.86; 0.89; 0.89; 0.86; 0.89; 0.89; 0.72; 0.72; 0.53; 0.53,8.95,3.668,1.0,-0.31,-0.124,0.0,-0.203
3lowA_3m1bF,003,162.0,98.0,0.408,0.75,0.419,0.762,0.024,0.024,0.026,004; 004; 001; 003; 001; 003; 006; 006; 002; 002,0.48; 0.48; 0.45; 0.45; 0.45; 0.45; 0.44; 0.44; 0.43; 0.43,0.77; 0.77; 0.82; 0.79; 0.82; 0.79; 0.69; 0.69; 0.76; 0.76,8.766,2.774,1.0,-0.265,0.124,0.0,-0.289
3lowA_3m1bF,004,161.0,119.0,0.289,0.5,0.307,0.546,0.071,0.069,0.208,001; 001; 003; 003; 002; 002; 007; 004; 004; 007,0.53; 0.53; 0.51; 0.51; 0.48; 0.48; 0.47; 0.47; 0.47; 0.47,0.85; 0.85; 0.85; 0.85; 0.82; 0.82; 0.81; 0.73; 0.74; 0.81,7.354,3.586,1.0,-0.369,0.007,0.0,-0.171
3lowA_3m1bF,005,153.0,90.0,0.316,0.525,0.373,0.625,0.012,0.012,0.046,002; 002; 001; 001; 010; 004; 004; 010; 006; 006,0.54; 0.54; 0.51; 0.51; 0.50; 0.50; 0.50; 0.50; 0.48; 0.48,0.90; 0.90; 0.87; 0.87; 0.82; 0.83; 0.83; 0.82; 0.73; 0.73,6.758,2.245,1.0,-0.279,-0.115,0.0,-0.196
3lowA_3m1bF,006,151.0,68.0,0.263,0.41,0.403,0.712,0.115,0.111,0.196,002; 002; 006; 005; 006; 005; 003; 003; 001; 001,0.49; 0.49; 0.48; 0.48; 0.48; 0.48; 0.46; 0.46; 0.45; 0.45,0.83; 0.83; 0.71; 0.77; 0.71; 0.77; 0.80; 0.80; 0.79; 0.79,8.542,1.737,1.0,-0.347,0.124,0.0,-0.093
3lowA_3m1bF,007,150.0,68.0,0.41,0.644,0.497,0.762,0.0,0.0,0.0,005; 005; 006; 006; 010; 007; 007; 010; 009; 009,0.49; 0.49; 0.49; 0.49; 0.48; 0.48; 0.48; 0.48; 0.47; 0.47,0.77; 0.77; 0.82; 0.82; 0.71; 0.79; 0.79; 0.71; 0.77; 0.77,8.747,2.513,1.0,-0.224,-0.124,0.0,-0.192
3lowA_3m1bF,008,141.0,23.0,0.487,0.826,0.474,0.84,0.0,0.0,0.0,008; 008; 002; 002; 005; 005; 001; 001; 010; 010,0.52; 0.52; 0.51; 0.51; 0.47; 0.47; 0.46; 0.46; 0.45; 0.45,0.88; 0.88; 0.88; 0.88; 0.73; 0.73; 0.85; 0.85; 0.75; 0.75,5.837,1.981,1.0,-0.261,0.009,0.008,-0.264
3lowA_3m1bF,009,137.0,51.0,0.377,0.694,0.401,0.707,0.19,0.196,0.4,001; 001; 008; 008; 009; 009; 003; 003; 010; 010,0.57; 0.57; 0.52; 0.52; 0.49; 0.49; 0.47; 0.47; 0.42; 0.42,0.97; 0.97; 0.89; 0.89; 0.80; 0.80; 0.78; 0.78; 0.65; 0.65,7.148,2.837,1.0,-0.383,0.025,0.0,-0.097
3lowA_3m1bF,010,131.0,24.0,0.423,0.768,0.43,0.831,0.012,0.011,0.039,001; 003; 003; 004; 004; 001; 007; 008; 002; 002,0.51; 0.51; 0.51; 0.51; 0.51; 0.50; 0.48; 0.48; 0.48; 0.48,0.84; 0.78; 0.78; 0.81; 0.81; 0.84; 0.78; 0.82; 0.78; 0.78,4.383,2.812,0.9,-0.256,0.058,0.0,-0.16
3lowA_3m1bF,011,129.0,46.0,0.355,0.537,0.433,0.765,0.0,0.0,0.0,003; 003; 002; 002; 001; 001; 006; 006; 009; 005,0.53; 0.53; 0.52; 0.52; 0.51; 0.51; 0.46; 0.46; 0.42; 0.42,0.84; 0.84; 0.87; 0.87; 0.88; 0.88; 0.47; 0.47; 0.75; 0.63,6.169,2.061,1.0,-0.346,-0.071,0.0,-0.139
3lowA_3m1bF,012,127.0,39.0,0.331,0.563,0.354,0.616,0.0,0.0,0.032,009; 009; 005; 005; 002; 002; 004; 004; 003; 006,0.49; 0.49; 0.48; 0.48; 0.48; 0.48; 0.47; 0.47; 0.46; 0.46,0.66; 0.66; 0.80; 0.80; 0.80; 0.80; 0.75; 0.75; 0.81; 0.71,6.219,2.11,1.0,-0.306,0.025,0.0,-0.168
3lowA_3m1bF,013,124.0,69.0,0.393,0.571,0.247,0.349,0.146,0.156,0.235,001; 001; 002; 002; 007; 007; 004; 004; 003; 003,0.55; 0.55; 0.54; 0.54; 0.53; 0.53; 0.51; 0.50; 0.49; 0.49,0.92; 0.92; 0.93; 0.93; 0.91; 0.91; 0.70; 0.70; 0.84; 0.84,11.251,2.829,1.0,-0.26,-0.124,0.0,-0.191
3lowA_3m1bF,014,117.0,77.0,0.384,0.651,0.447,0.719,0.022,0.022,0.057,004; 004; 001; 001; 002; 002; 006; 006; 005; 005,0.55; 0.55; 0.52; 0.52; 0.51; 0.51; 0.50; 0.50; 0.47; 0.47,0.88; 0.88; 0.90; 0.90; 0.86; 0.86; 0.77; 0.77; 0.78; 0.78,7.583,2.953,1.0,-0.368,0.08,0.0,-0.264
3lowA_3m1bF,015,117.0,88.0,0.339,0.578,0.342,0.557,0.049,0.046,0.054,002; 002; 001; 001; 005; 005; 003; 003; 008; 004,0.52; 0.52; 0.50; 0.50; 0.49; 0.49; 0.46; 0.46; 0.45; 0.44,0.87; 0.87; 0.84; 0.84; 0.73; 0.73; 0.74; 0.74; 0.45; 0.69,9.282,2.78,1.0,-0.374,0.035,0.0,-0.255
3lowA_3m1bF,016,112.0,68.0,0.368,0.665,0.282,0.608,0.012,0.011,0.032,001; 004; 001; 004; 006; 006; 002; 008; 002; 008,0.50; 0.50; 0.50; 0.49; 0.49; 0.49; 0.48; 0.48; 0.48; 0.48,0.88; 0.80; 0.88; 0.80; 0.81; 0.81; 0.81; 0.83; 0.81; 0.83,6.866,3.255,1.0,-0.413,-0.039,0.0,-0.232
3lowA_3m1bF,017,111.0,35.0,0.448,0.805,0.509,0.884,0.082,0.08,0.225,009; 001; 009; 001; 002; 002; 006; 006; 004; 003,0.50; 0.49; 0.49; 0.49; 0.48; 0.48; 0.47; 0.47; 0.46; 0.46,0.85; 0.84; 0.84; 0.84; 0.83; 0.83; 0.81; 0.81; 0.77; 0.74,6.675,6.017,0.9,-0.245,-0.042,0.0,-0.194
3lowA_3m1bF,018,111.0,68.0,0.449,0.689,0.454,0.711,0.044,0.043,0.14,005; 005; 001; 003; 001; 003; 007; 007; 010; 004,0.49; 0.49; 0.48; 0.48; 0.48; 0.48; 0.47; 0.47; 0.45; 0.45,0.69; 0.69; 0.82; 0.80; 0.82; 0.80; 0.59; 0.59; 0.76; 0.75,9.676,3.066,1.0,-0.247,-0.053,0.0,-0.25
3lowA_3m1bF,019,110.0,53.0,0.445,0.714,0.375,0.619,0.155,0.151,0.226,006; 006; 004; 004; 001; 001; 002; 002; 009; 009,0.50; 0.50; 0.49; 0.49; 0.48; 0.48; 0.47; 0.47; 0.46; 0.46,0.74; 0.74; 0.78; 0.78; 0.77; 0.77; 0.79; 0.79; 0.67; 0.67,10.751,3.578,1.0,-0.298,0.065,0.0,-0.21
3lowA_3m1bF,020,101.0,60.0,0.386,0.704,0.468,0.776,,,,,,,9.029,1.744,1.0,-0.356,0.121,,-0.084
3lowA_3m1bF,021,99.0,46.0,0.502,0.865,0.494,0.846,,,,,,,7.356,1.603,1.0,-0.228,-0.026,,-0.162
3lowA_3m1bF,022,98.0,23.0,0.371,0.598,0.402,0.687,,,,,,,8.303,1.965,1.0,-0.371,0.078,,-0.221
3lowA_3m1bF,023,95.0,3.0,0.431,0.698,0.461,0.786,,,,,,,4.668,3.164,1.0,-0.25,0.002,,-0.201
3lowA_3m1bF,024,95.0,40.0,0.402,0.664,0.452,0.796,,,,,,,8.666,2.844,1.0,-0.317,0.033,,-0.178
3lowA_3m1bF,025,95.0,56.0,0.406,0.603,0.394,0.599,,,,,,,8.468,2.699,1.0,-0.281,-0.107,,-0.227
3lowA_3m1bF,026,92.0,55.0,0.405,0.71,0.397,0.75,,,,,,,6.364,3.652,1.0,-0.276,0.124,,-0.174
3lowA_3m1bF,027,91.0,43.0,0.37,0.66,0.402,0.722,,,,,,,5.996,2.977,1.0,-0.305,0.124,,-0.244
3lowA_3m1bF,028,90.0,55.0,0.443,0.733,0.45,0.76,,,,,,,6.676,1.783,1.0,-0.318,0.079,,-0.204
3lowA_3m1bF,029,88.0,37.0,0.347,0.626,0.429,0.766,,,,,,,7.086,2.641,1.0,-0.301,0.106,,-0.092
3lowA_3m1bF,030,86.0,17.0,0.483,0.817,0.499,0.876,,,,,,,8.656,2.134,1.0,-0.287,-0.124,,-0.125
3lowA_3m1bF,031,86.0,35.0,0.431,0.723,0.404,0.731,,,,,,,8.278,2.543,1.0,-0.342,0.017,,-0.306
3lowA_3m1bF,032,84.0,26.0,0.458,0.749,0.43,0.771,,,,,,,4.381,2.232,0.9,-0.226,-0.124,,-0.184
3lowA_3m1bF,033,84.0,49.0,0.434,0.695,0.451,0.69,,,,,,,10.164,2.632,1.0,-0.317,0.124,,-0.078
3lowA_3m1bF,034,79.0,46.0,0.324,0.6,0.352,0.651,,,,,,,7.239,3.288,1.0,-0.295,0.017,,-0.225
3lowA_3m1bF,035,76.0,41.0,0.417,0.637,0.362,0.545,,,,,,,8.758,2.056,1.0,-0.315,0.124,,-0.22
3lowA_3m1bF,036,74.0,45.0,0.295,0.391,0.456,0.796,,,,,,,10.777,1.802,1.0,-0.282,-0.062,,-0.1
3lowA_3m1bF,037,74.0,50.0,0.469,0.829,0.487,0.757,,,,,,,9.666,1.304,1.0,-0.286,-0.047,,-0.227
3lowA_3m1bF,038,74.0,16.0,0.39,0.699,0.396,0.729,,,,,,,6.023,2.764,1.0,-0.274,-0.008,,-0.241
3lowA_3m1bF,039,74.0,48.0,0.309,0.555,0.453,0.765,,,,,,,7.234,1.901,1.0,-0.382,-0.123,,-0.172
3lowA_3m1bF,040,73.0,26.0,0.415,0.727,0.383,0.668,,,,,,,8.47,2.195,1.0,-0.344,-0.124,,-0.242
3lowA_3m1bF,041,71.0,44.0,0.47,0.798,0.469,0.782,,,,,,,9.683,1.424,1.0,-0.289,0.016,,-0.235
3lowA_3m1bF,042,71.0,18.0,0.43,0.716,0.428,0.773,,,,,,,4.621,2.932,1.0,-0.223,-0.124,,-0.148
3lowA_3m1bF,043,70.0,24.0,0.332,0.563,0.425,0.717,,,,,,,9.013,4.181,1.0,-0.374,0.009,,-0.182
3lowA_3m1bF,044,66.0,41.0,0.414,0.718,0.377,0.673,,,,,,,7.585,2.628,1.0,-0.354,-0.08,,-0.086
3lowA_3m1bF,045,65.0,27.0,0.28,0.489,0.263,0.474,,,,,,,9.508,1.683,1.0,-0.427,0.044,,-0.245
3lowA_3m1bF,046,62.0,10.0,0.418,0.704,0.416,0.736,,,,,,,6.224,2.122,1.0,-0.355,0.014,,-0.236
3lowA_3m1bF,047,60.0,33.0,0.48,0.798,0.509,0.844,,,,,,,7.381,2.805,1.0,-0.278,0.124,,-0.201
3lowA_3m1bF,048,60.0,22.0,0.33,0.553,0.41,0.707,,,,,,,8.145,3.101,1.0,-0.382,0.114,,-0.219
3lowA_3m1bF,049,59.0,43.0,0.474,0.822,0.468,0.824,,,,,,,9.528,2.739,1.0,-0.277,0.025,,-0.144
3lowA_3m1bF,050,59.0,4.0,0.418,0.776,0.484,0.851,,,,,,,3.226,1.131,1.0,-0.259,-0.076,,-0.225
3lowA_3m1bF,051,59.0,44.0,0.363,0.691,0.368,0.699,,,,,,,9.261,2.024,1.0,-0.304,0.124,,-0.296
3lowA_3m1bF,052,59.0,40.0,0.421,0.649,0.437,0.648,,,,,,,9.458,3.098,1.0,-0.276,-0.116,,-0.192
3lowA_3m1bF,053,58.0,26.0,0.451,0.767,0.449,0.777,,,,,,,7.108,3.625,0.9,-0.329,0.124,,-0.217
3lowA_3m1bF,054,58.0,35.0,0.352,0.561,0.449,0.651,,,,,,,7.513,1.913,1.0,-0.252,0.124,,-0.134
3lowA_3m1bF,055,57.0,41.0,0.275,0.527,0.312,0.604,,,,,,,7.48,3.058,1.0,-0.389,0.05,,
3lowA_3m1bF,056,56.0,30.0,0.281,0.477,0.427,0.755,,,,,,,11.219,2.872,1.0,-0.334,0.124,,-0.099
3lowA_3m1bF,057,55.0,17.0,0.378,0.655,0.429,0.749,,,,,,,6.952,2.554,1.0,-0.362,0.034,,-0.28
3lowA_3m1bF,058,55.0,18.0,0.412,0.718,0.435,0.74,,,,,,,6.109,1.583,1.0,-0.287,0.124,,-0.09
3lowA_3m1bF,059,54.0,32.0,0.388,0.683,0.413,0.754,,,,,,,11.005,2.857,1.0,-0.25,-0.051,,-0.183
3lowA_3m1bF,060,54.0,32.0,0.279,0.312,0.372,0.568,,,,,,,9.264,2.513,1.0,-0.304,-0.115,,-0.169
3lowA_3m1bF,061,53.0,23.0,0.378,0.567,0.421,0.652,,,,,,,8.85,1.63,1.0,-0.341,0.124,,-0.256
3lowA_3m1bF,062,53.0,33.0,0.376,0.564,0.352,0.519,,,,,,,9.626,2.467,1.0,-0.208,0.059,,-0.166
3lowA_3m1bF,063,52.0,27.0,0.392,0.689,0.444,0.737,,,,,,,8.379,1.823,1.0,-0.341,-0.029,,-0.228
3lowA_3m1bF,064,51.0,24.0,0.464,0.777,0.404,0.641,,,,,,,10.836,1.645,1.0,-0.294,0.06,,-0.254
3lowA_3m1bF,065,51.0,35.0,0.315,0.431,0.317,0.651,,,,,,,10.587,2.259,1.0,-0.282,0.124,,-0.076
3lowA_3m1bF,066,51.0,34.0,0.454,0.759,0.452,0.735,,,,,,,7.129,2.296,1.0,-0.291,-0.124,,-0.286
3lowA_3m1bF,067,50.0,19.0,0.285,0.581,0.424,0.717,,,,,,,9.846,2.322,1.0,-0.357,0.053,,-0.105
3lowA_3m1bF,068,50.0,31.0,0.268,0.34,0.435,0.696,,,,,,,8.869,1.908,1.0,-0.342,-0.124,,-0.073
3lowA_3m1bF,069,49.0,33.0,0.417,0.712,0.439,0.723,,,,,,,8.736,1.939,1.0,-0.366,0.124,,-0.057
3lowA_3m1bF,070,48.0,32.0,0.222,0.379,0.44,0.75,,,,,,,7.736,3.038,1.0,-0.273,-0.029,,-0.138
3lowA_3m1bF,071,48.0,27.0,0.439,0.753,0.344,0.659,,,,,,,9.311,2.224,1.0,-0.332,-0.005,,-0.149
3lowA_3m1bF,072,48.0,21.0,0.359,0.567,0.344,0.535,,,,,,,11.666,2.087,1.0,-0.342,0.1,,-0.24
3lowA_3m1bF,073,47.0,23.0,0.367,0.654,0.39,0.743,,,,,,,6.915,2.084,1.0,-0.268,0.124,,-0.094
3lowA_3m1bF,074,47.0,26.0,0.443,0.773,0.449,0.798,,,,,,,9.129,2.236,1.0,-0.287,0.124,,-0.247
3lowA_3m1bF,075,47.0,34.0,0.421,0.719,0.421,0.694,,,,,,,9.067,2.773,1.0,-0.251,-0.009,,-0.206
3lowA_3m1bF,076,47.0,33.0,0.491,0.733,0.462,0.689,,,,,,,7.839,1.864,1.0,-0.22,0.025,,
3lowA_3m1bF,077,47.0,31.0,0.412,0.617,0.45,0.638,,,,,,,9.514,1.887,1.0,-0.241,-0.046,,-0.211
3lowA_3m1bF,078,46.0,18.0,0.494,0.828,0.487,0.857,,,,,,,9.824,0.808,1.0,-0.272,-0.073,,-0.079
3lowA_3m1bF,079,46.0,29.0,0.419,0.756,0.413,0.754,,,,,,,10.253,1.633,1.0,-0.316,0.116,,-0.207
3lowA_3m1bF,080,44.0,30.0,0.426,0.706,0.478,0.802,,,,,,,10.711,2.143,1.0,-0.245,-0.112,,-0.071
3lowA_3m1bF,081,43.0,13.0,0.446,0.795,0.521,0.886,,,,,,,5.51,1.938,1.0,-0.216,-0.07,,-0.229
3lowA_3m1bF,082,42.0,27.0,0.337,0.657,0.465,0.825,,,,,,,9.687,1.851,1.0,-0.293,-0.068,,-0.237
3lowA_3m1bF,083,42.0,26.0,0.494,0.851,0.496,0.859,,,,,,,5.846,2.865,1.0,-0.27,-0.043,,-0.258
3lowA_3m1bF,084,40.0,2.0,0.466,0.812,0.471,0.85,,,,,,,2.805,1.164,1.0,-0.267,-0.107,,-0.152
3lowA_3m1bF,085,40.0,15.0,0.376,0.681,0.449,0.774,,,,,,,7.885,2.02,1.0,-0.356,0.112,,-0.165
3lowA_3m1bF,086,39.0,21.0,0.39,0.584,0.4,0.651,,,,,,,10.229,1.655,1.0,-0.235,0.017,,-0.026
3lowA_3m1bF,087,39.0,26.0,0.37,0.667,0.394,0.679,,,,,,,11.406,1.71,1.0,-0.314,-0.004,,-0.24
3lowA_3m1bF,088,38.0,27.0,0.418,0.77,0.454,0.822,,,,,,,9.374,1.921,1.0,-0.302,-0.02,,-0.261
3lowA_3m1bF,089,38.0,26.0,0.431,0.752,0.435,0.765,,,,,,,7.804,3.206,1.0,-0.36,0.124,,-0.266
3lowA_3m1bF,090,38.0,29.0,0.383,0.622,0.38,0.609,,,,,,,8.433,2.356,1.0,-0.298,-0.108,,-0.181
3lowA_3m1bF,091,36.0,13.0,0.428,0.774,0.491,0.857,,,,,,,3.19,1.438,0.9,-0.248,-0.078,,-0.238
3lowA_3m1bF,092,36.0,20.0,0.299,0.358,0.413,0.774,,,,,,,8.867,1.679,1.0,-0.335,0.124,,-0.083
3lowA_3m1bF,093,36.0,15.0,0.35,0.413,0.426,0.751,,,,,,,7.214,1.207,1.0,-0.338,-0.071,,-0.208
3lowA_3m1bF,094,32.0,2.0,0.372,0.656,0.473,0.842,,,,,,,2.939,0.686,1.0,-0.267,-0.036,,-0.231
3lowA_3m1bF,095,32.0,12.0,0.429,0.714,0.428,0.714,,,,,,,8.61,3.366,1.0,-0.372,0.124,,-0.336
3lowA_3m1bF,096,29.0,11.0,0.358,0.644,0.361,0.66,,,,,,,8.727,1.998,1.0,-0.332,0.124,,-0.277
3lowA_3m1bF,097,28.0,22.0,0.357,0.678,0.362,0.714,,,,,,,9.116,1.843,1.0,-0.361,0.042,,-0.084
3lowA_3m1bF,098,28.0,22.0,0.279,0.417,0.214,0.358,,,,,,,9.062,1.733,1.0,-0.127,0.101,,-0.063
3lowA_3m1bF,099,27.0,22.0,0.406,0.731,0.414,0.775,,,,,,,7.704,1.804,1.0,-0.322,0.124,,-0.135
3lqcA_1xntA,Deep,,,0.78,0.885,0.781,0.888,0.159,0.152,0.186,,,,,,,,0.064,-0.002,
3lqcA_1xntA,000,126.0,8.0,0.331,0.32,0.365,0.392,0.023,0.023,0.03,008; 008; 001; 007; 007; 001; 002; 002; 003; 003,0.74; 0.74; 0.73; 0.73; 0.73; 0.73; 0.72; 0.72; 0.70; 0.69,0.83; 0.83; 0.76; 0.83; 0.83; 0.76; 0.82; 0.82; 0.79; 0.80,-18.457,2.765,0.0,-0.122,-0.097,0.0,-0.01
3lqcA_1xntA,001,102.0,27.0,0.259,0.244,0.374,0.36,0.0,0.0,0.0,001; 002; 006; 004; 003; 002; 001; 006; 004; 003,0.74; 0.74; 0.74; 0.74; 0.74; 0.74; 0.74; 0.74; 0.74; 0.74,0.85; 0.80; 0.85; 0.78; 0.85; 0.80; 0.85; 0.85; 0.78; 0.85,-8.484,5.628,0.0,-0.025,-0.101,0.0,-0.0
3lqcA_1xntA,002,,,0.43,0.406,0.59,0.675,0.0,0.0,0.0,009; 009; 004; 004; 002; 002; 001; 001; 005; 005,0.72; 0.72; 0.72; 0.72; 0.68; 0.68; 0.67; 0.67; 0.58; 0.57,0.69; 0.69; 0.70; 0.70; 0.66; 0.66; 0.63; 0.63; 0.56; 0.56,-13.617,2.576,0.0,-0.095,-0.096,0.0,-0.032
3lqcA_1xntA,003,86.0,5.0,0.315,0.333,0.419,0.406,0.156,0.157,0.13,001; 002; 006; 004; 003; 002; 001; 006; 004; 003,0.74; 0.74; 0.74; 0.74; 0.74; 0.74; 0.74; 0.74; 0.74; 0.74,0.85; 0.80; 0.85; 0.78; 0.85; 0.80; 0.85; 0.85; 0.78; 0.85,-16.285,4.517,0.0,-0.078,-0.105,0.0,0.012
3lqcA_1xntA,004,77.0,6.0,0.744,0.861,0.782,0.884,0.0,0.0,0.0,009; 009; 004; 004; 002; 002; 001; 001; 005; 005,0.72; 0.72; 0.72; 0.72; 0.68; 0.68; 0.67; 0.67; 0.58; 0.57,0.69; 0.69; 0.70; 0.70; 0.66; 0.66; 0.63; 0.63; 0.56; 0.56,-10.187,2.838,0.0,0.045,-0.053,0.0,-0.096
3lqcA_1xntA,005,75.0,26.0,0.317,0.393,0.719,0.848,0.008,0.006,0.01,001; 008; 008; 001; 009; 009; 002; 002; 003; 003,0.75; 0.75; 0.75; 0.75; 0.73; 0.73; 0.72; 0.72; 0.71; 0.71,0.80; 0.84; 0.84; 0.80; 0.86; 0.86; 0.81; 0.81; 0.83; 0.83,-8.87,2.007,0.0,-0.104,-0.045,0.0,-0.098
3lqcA_1xntA,006,75.0,44.0,0.446,0.492,0.653,0.672,0.0,0.0,0.0,002; 009; 004; 004; 009; 002; 001; 007; 006; 003,0.76; 0.76; 0.76; 0.76; 0.76; 0.76; 0.75; 0.75; 0.75; 0.75,0.87; 0.78; 0.78; 0.78; 0.77; 0.87; 0.88; 0.86; 0.86; 0.87,-22.919,5.275,0.0,-0.043,-0.08,0.0,0.002
3lqcA_1xntA,007,70.0,15.0,0.505,0.485,0.59,0.591,0.0,0.006,0.0,002; 002; 006; 006; 003; 003; 008; 008; 001; 001,0.74; 0.74; 0.73; 0.73; 0.68; 0.68; 0.45; 0.45; 0.44; 0.44,0.80; 0.80; 0.80; 0.80; 0.76; 0.76; 0.59; 0.59; 0.58; 0.58,-22.726,2.986,0.0,0.036,-0.106,0.0,0.006
3lqcA_1xntA,008,70.0,6.0,0.423,0.429,0.425,0.418,0.0,0.0,0.0,001; 002; 002; 001; 007; 007; 008; 008; 003; 003,0.76; 0.76; 0.76; 0.76; 0.75; 0.75; 0.72; 0.72; 0.69; 0.69,0.87; 0.87; 0.87; 0.87; 0.87; 0.87; 0.85; 0.85; 0.69; 0.69,-12.082,6.275,0.0,-0.056,-0.034,0.0,0.005
3lqcA_1xntA,009,68.0,4.0,0.422,0.411,0.423,0.431,0.0,0.006,0.005,001; 007; 007; 001; 006; 006; 002; 002; 005; 005,0.76; 0.76; 0.76; 0.76; 0.74; 0.74; 0.72; 0.72; 0.71; 0.71,0.86; 0.84; 0.84; 0.86; 0.84; 0.84; 0.76; 0.76; 0.82; 0.82,-5.794,1.683,0.0,0.0,-0.097,0.0,0.002
3lqcA_1xntA,010,68.0,1.0,0.437,0.493,0.44,0.481,0.042,0.053,0.077,001; 001; 008; 008; 006; 007; 006; 007; 005; 005,0.74; 0.74; 0.73; 0.73; 0.72; 0.72; 0.72; 0.72; 0.70; 0.70,0.86; 0.86; 0.83; 0.83; 0.84; 0.83; 0.84; 0.83; 0.69; 0.69,-20.399,2.034,0.0,-0.06,-0.108,0.0,-0.032
3lqcA_1xntA,011,66.0,4.0,0.474,0.444,0.618,0.597,,,,002; 004; 009; 001; 003; 006; 007; 008; 005; 010,0.76; 0.76; 0.76; 0.75; 0.75; 0.75; 0.75; 0.71; 0.63; 0.63,0.87; 0.78; 0.78; 0.88; 0.87; 0.86; 0.86; 0.84; 0.78; 0.78,-11.812,5.087,0.0,-0.008,-0.083,,0.016
3lqcA_1xntA,012,64.0,28.0,0.548,0.599,0.582,0.639,,,,009; 002; 003; 001; 007; 008; 006; 005; 010; 004,0.77; 0.76; 0.76; 0.75; 0.74; 0.73; 0.69; 0.61; 0.60; 0.54,0.86; 0.86; 0.87; 0.86; 0.85; 0.75; 0.81; 0.63; 0.74; 0.52,-21.446,1.654,0.0,-0.075,-0.105,,0.007
3lqcA_1xntA,013,61.0,1.0,0.324,0.291,0.317,0.336,,,,001; 005; 006; 007; 002; 010; 003; 004; 008; 009,0.75; 0.75; 0.72; 0.71; 0.57; 0.54; 0.47; 0.47; 0.46; 0.40,0.86; 0.86; 0.83; 0.81; 0.63; 0.58; 0.53; 0.47; 0.58; 0.54,-12.13,2.491,0.0,-0.007,-0.039,,-0.009
3lqcA_1xntA,014,58.0,14.0,0.259,0.288,0.348,0.357,,,,001; 007; 006; 002; 005; 004; 008; 003; 010; 009,0.76; 0.76; 0.74; 0.72; 0.71; 0.64; 0.57; 0.55; 0.54; 0.44,0.86; 0.84; 0.84; 0.76; 0.82; 0.62; 0.72; 0.60; 0.70; 0.62,-12.057,2.8,0.0,0.013,-0.082,,-0.099
3lqcA_1xntA,015,58.0,15.0,0.743,0.859,0.784,0.881,,,,001; 008; 006; 007; 005; 009; 002; 004; 010; 003,0.74; 0.73; 0.72; 0.72; 0.70; 0.58; 0.46; 0.42; 0.37; 0.28,0.86; 0.83; 0.84; 0.83; 0.69; 0.73; 0.46; 0.55; 0.49; 0.29,-12.539,3.984,0.0,-0.005,-0.068,,-0.094
3lqcA_1xntA,016,57.0,23.0,0.435,0.422,0.635,0.7,,,,,,,-26.841,3.817,0.0,-0.072,-0.099,,-0.0
3lqcA_1xntA,017,56.0,6.0,0.334,0.317,0.367,0.409,,,,,,,-7.484,4.916,0.0,-0.009,-0.094,,-0.001
3lqcA_1xntA,018,54.0,15.0,0.42,0.474,0.53,0.606,,,,,,,-15.501,3.643,0.0,-0.082,-0.105,,-0.001
3lqcA_1xntA,019,49.0,12.0,0.423,0.419,0.37,0.402,,,,,,,-5.871,1.215,0.0,-0.054,-0.09,,0.01
3lqcA_1xntA,020,48.0,1.0,0.759,0.872,0.784,0.879,,,,,,,-13.256,6.97,0.0,0.017,-0.048,,-0.1
3lqcA_1xntA,021,47.0,29.0,0.432,0.491,0.7,0.809,,,,,,,-22.057,1.167,0.0,-0.04,-0.108,,-0.011
3lqcA_1xntA,022,46.0,3.0,0.576,0.594,0.381,0.39,,,,,,,-12.607,3.792,0.0,-0.012,-0.089,,0.025
3lqcA_1xntA,023,45.0,10.0,0.52,0.575,0.698,0.825,,,,,,,-11.917,7.805,0.0,-0.094,-0.099,,-0.003
3lqcA_1xntA,024,45.0,15.0,0.335,0.277,0.386,0.418,,,,,,,-10.239,6.24,0.0,-0.004,0.063,,-0.001
3lqcA_1xntA,025,45.0,8.0,0.413,0.488,0.352,0.421,,,,,,,-5.783,3.667,0.0,-0.039,0.099,,-0.008
3lqcA_1xntA,026,44.0,8.0,0.493,0.599,0.4,0.484,,,,,,,-9.252,4.672,0.0,-0.002,-0.101,,-0.062
3lqcA_1xntA,027,43.0,9.0,0.391,0.404,0.356,0.35,,,,,,,-10.93,6.424,0.0,0.002,-0.096,,-0.006
3lqcA_1xntA,028,43.0,6.0,0.458,0.489,0.433,0.482,,,,,,,-21.855,1.128,0.0,-0.078,-0.107,,0.002
3lqcA_1xntA,029,42.0,1.0,0.343,0.384,0.354,0.365,,,,,,,-13.026,1.967,0.0,-0.005,-0.057,,0.011
3lqcA_1xntA,030,41.0,4.0,0.537,0.513,0.709,0.823,,,,,,,-19.743,4.931,0.0,-0.096,-0.106,,-0.013
3lqcA_1xntA,031,41.0,1.0,0.287,0.29,0.286,0.321,,,,,,,-14.934,7.337,0.0,-0.029,-0.107,,-0.004
3lqcA_1xntA,032,41.0,13.0,0.643,0.755,0.678,0.819,,,,,,,-11.78,7.388,0.0,0.021,-0.107,,-0.004
3lqcA_1xntA,033,41.0,15.0,0.341,0.351,0.431,0.473,,,,,,,-18.603,5.38,0.0,-0.059,-0.103,,-0.009
3lqcA_1xntA,034,40.0,3.0,0.629,0.639,0.645,0.629,,,,,,,-14.237,2.101,0.0,0.0,-0.014,,0.014
3lqcA_1xntA,035,39.0,12.0,0.715,0.791,0.732,0.846,,,,,,,-19.092,3.743,0.0,-0.037,-0.087,,-0.009
3lqcA_1xntA,036,39.0,16.0,0.301,0.322,0.301,0.341,,,,,,,-15.352,5.027,0.0,-0.008,-0.101,,-0.002
3lqcA_1xntA,037,37.0,12.0,0.357,0.456,0.375,0.355,,,,,,,-8.463,5.918,0.1,-0.061,0.059,,-0.102
3lqcA_1xntA,038,37.0,11.0,0.354,0.353,0.59,0.576,,,,,,,-13.458,3.614,0.0,-0.016,-0.073,,-0.002
3lqcA_1xntA,039,36.0,7.0,0.549,0.544,0.578,0.549,,,,,,,-22.058,2.196,0.0,0.017,-0.09,,-0.011
3lqcA_1xntA,040,36.0,2.0,0.683,0.82,0.777,0.883,,,,,,,-10.705,4.02,0.0,0.086,-0.072,,-0.098
3lqcA_1xntA,041,36.0,26.0,0.257,0.24,0.282,0.328,,,,,,,-14.564,7.038,0.0,-0.058,-0.073,,-0.003
3lqcA_1xntA,042,35.0,5.0,0.301,0.388,0.703,0.819,,,,,,,-9.538,2.285,0.0,-0.089,-0.093,,-0.096
3lqcA_1xntA,043,35.0,15.0,0.266,0.268,0.32,0.344,,,,,,,-6.834,4.981,0.2,-0.003,-0.105,,0.004
3lqcA_1xntA,044,35.0,7.0,0.341,0.361,0.32,0.323,,,,,,,-14.798,3.848,0.0,0.028,-0.008,,-0.014
3lqcA_1xntA,045,34.0,3.0,0.447,0.466,0.559,0.546,,,,,,,-18.565,1.831,0.0,-0.084,-0.108,,0.002
3lqcA_1xntA,046,34.0,2.0,0.267,0.292,0.264,0.266,,,,,,,-8.83,3.069,0.0,-0.013,-0.026,,-0.008
3lqcA_1xntA,047,34.0,14.0,0.52,0.616,0.449,0.496,,,,,,,-17.239,3.934,0.0,-0.086,-0.099,,0.012
3lqcA_1xntA,048,33.0,6.0,0.331,0.326,0.666,0.758,,,,,,,-13.53,3.555,0.0,-0.03,-0.099,,0.004
3lqcA_1xntA,049,33.0,7.0,0.705,0.845,0.783,0.882,,,,,,,-13.192,1.977,0.0,-0.096,-0.099,,-0.1
3lqcA_1xntA,050,33.0,19.0,0.767,0.875,0.783,0.881,,,,,,,-12.361,3.955,0.0,0.018,-0.071,,-0.094
3lqcA_1xntA,051,33.0,21.0,0.474,0.439,0.466,0.501,,,,,,,-16.335,2.037,0.0,-0.016,-0.071,,-0.009
3lqcA_1xntA,052,32.0,8.0,0.473,0.556,0.373,0.357,,,,,,,-5.203,1.698,0.0,-0.092,0.03,,0.005
3lqcA_1xntA,053,,,0.574,0.582,0.684,0.783,,,,,,,-19.849,4.256,0.0,-0.105,-0.104,,-0.003
3lqcA_1xntA,054,32.0,2.0,0.701,0.721,0.776,0.874,,,,,,,-14.458,6.187,0.0,-0.011,0.037,,-0.095
3lqcA_1xntA,055,32.0,5.0,0.313,0.394,0.535,0.613,,,,,,,-11.402,3.242,0.0,-0.083,-0.097,,-0.026
3lqcA_1xntA,056,31.0,9.0,0.339,0.253,0.249,0.259,,,,,,,-9.961,5.518,0.1,-0.036,0.077,,0.044
3lqcA_1xntA,057,31.0,5.0,0.522,0.589,0.71,0.84,,,,,,,-10.383,4.397,0.0,-0.001,-0.009,,-0.096
3lqcA_1xntA,058,31.0,12.0,0.649,0.694,0.679,0.71,,,,,,,-16.264,4.263,0.0,-0.026,-0.099,,0.012
3lqcA_1xntA,059,28.0,17.0,0.397,0.46,0.646,0.66,,,,,,,-16.977,7.443,0.0,-0.042,-0.062,,-0.052
3lqcA_1xntA,060,27.0,8.0,0.433,0.4,0.335,0.361,,,,,,,-9.711,1.122,0.0,0.01,-0.091,,-0.002
3lqcA_1xntA,061,,,0.536,0.549,0.716,0.678,,,,,,,-17.602,4.52,0.0,-0.001,-0.108,,0.007
3lqcA_1xntA,062,27.0,9.0,0.288,0.275,0.491,0.465,,,,,,,-18.31,2.544,0.0,0.004,-0.106,,-0.015
3lqcA_1xntA,063,26.0,3.0,0.566,0.595,0.673,0.804,,,,,,,-20.625,2.122,0.0,0.014,-0.103,,-0.007
3lqcA_1xntA,064,,,0.435,0.411,0.408,0.432,,,,,,,-22.305,1.664,0.0,-0.019,-0.097,,-0.017
3lqcA_1xntA,065,25.0,9.0,0.239,0.248,0.228,0.224,,,,,,,-14.521,6.428,0.0,-0.059,-0.091,,-0.002
3lqcA_1xntA,066,25.0,7.0,0.385,0.453,0.724,0.835,,,,,,,-12.693,3.42,0.0,-0.015,-0.107,,0.006
3lqcA_1xntA,067,25.0,3.0,0.533,0.574,0.515,0.545,,,,,,,-16.655,2.188,0.0,-0.006,-0.098,,0.01
3lqcA_1xntA,068,25.0,1.0,0.225,0.255,0.36,0.384,,,,,,,-4.136,2.303,0.1,-0.029,-0.09,,-0.004
3lqcA_1xntA,069,25.0,4.0,0.427,0.406,0.36,0.295,,,,,,,-12.736,1.676,0.0,0.016,-0.095,,-0.025
3lqcA_1xntA,070,24.0,6.0,0.33,0.264,0.353,0.369,,,,,,,-4.406,2.945,0.1,-0.024,0.064,,0.018
3lqcA_1xntA,071,24.0,8.0,0.43,0.441,0.329,0.378,,,,,,,-13.366,2.35,0.0,0.016,-0.044,,-0.094
3lqcA_1xntA,072,24.0,2.0,0.692,0.801,0.722,0.836,,,,,,,-10.844,3.422,0.0,0.004,-0.095,,-0.096
3lqcA_1xntA,073,23.0,4.0,0.284,0.31,0.303,0.312,,,,,,,-15.626,6.102,0.0,0.102,-0.108,,0.002
3lqcA_1xntA,074,23.0,1.0,0.285,0.315,0.385,0.378,,,,,,,-11.369,3.555,0.0,0.05,-0.029,,0.0
3lqcA_1xntA,075,,,0.6,0.626,0.638,0.763,,,,,,,-17.169,3.067,0.0,-0.1,-0.106,,-0.025
3lqcA_1xntA,076,23.0,13.0,0.319,0.287,0.65,0.76,,,,,,,-13.026,3.153,0.0,-0.038,-0.08,,-0.017
3lqcA_1xntA,077,23.0,7.0,0.353,0.397,0.429,0.449,,,,,,,-10.409,3.562,0.0,-0.006,-0.096,,-0.007
3lqcA_1xntA,078,23.0,10.0,0.408,0.371,0.489,0.536,,,,,,,-16.02,4.538,0.0,-0.077,-0.094,,-0.0
3lqcA_1xntA,079,,,0.422,0.443,0.426,0.427,,,,,,,-14.897,1.945,0.0,-0.024,-0.088,,-0.029
3lqcA_1xntA,080,22.0,3.0,0.277,0.304,0.24,0.256,,,,,,,-4.487,1.36,0.0,0.008,-0.013,,-0.057
3lqcA_1xntA,081,22.0,4.0,0.342,0.335,0.377,0.399,,,,,,,-5.288,2.842,0.0,-0.05,-0.088,,-0.006
3lqcA_1xntA,082,,,0.469,0.447,0.535,0.497,,,,,,,-17.3,4.352,0.0,-0.021,-0.106,,-0.003
3lqcA_1xntA,083,,,0.266,0.26,0.212,0.201,,,,,,,-22.099,1.478,0.0,0.01,-0.089,,0.001
3lqcA_1xntA,084,22.0,5.0,0.502,0.521,0.283,0.318,,,,,,,-18.879,3.889,0.0,-0.06,-0.084,,0.016
3lqcA_1xntA,085,22.0,5.0,0.404,0.419,0.58,0.543,,,,,,,-13.146,3.193,0.0,-0.0,-0.081,,0.009
3lqcA_1xntA,086,22.0,5.0,0.541,0.581,0.572,0.675,,,,,,,-8.924,3.668,0.0,-0.015,-0.069,,-0.008
3m7pA_3ejhA,Deep,,,0.379,0.926,0.379,0.788,0.0,0.127,0.067,,,,,,,,0.066,0.0,
3m7pA_3ejhA,000,198.0,33.0,0.272,0.49,0.304,0.702,,0.042,,001; 001; 008; 007; 007; 008; 003; 003; 010; 010,0.30; 0.30; 0.28; 0.28; 0.28; 0.28; 0.27; 0.27; 0.25; 0.25,0.38; 0.38; 0.34; 0.33; 0.31; 0.35; 0.52; 0.51; 0.35; 0.35,-51.61,42.842,0.0,0.118,0.067,0.0,0.122
3m7pA_3ejhA,001,129.0,118.0,0.312,0.627,0.299,0.509,0.0,0.163,0.011,002; 002; 001; 001; 008; 008; 005; 005; 003; 007,0.40; 0.40; 0.38; 0.38; 0.32; 0.32; 0.27; 0.27; 0.26; 0.24,0.51; 0.52; 0.82; 0.82; 0.85; 0.85; 0.36; 0.37; 0.82; 0.59,-67.622,37.256,0.0,0.105,0.067,0.0,0.139
3m7pA_3ejhA,002,104.0,58.0,0.297,0.532,0.318,0.726,0.0,0.102,0.0,001; 002; 002; 001; 008; 008; 005; 007; 003; 003,0.33; 0.32; 0.32; 0.32; 0.28; 0.28; 0.26; 0.26; 0.26; 0.26,0.88; 0.60; 0.60; 0.88; 0.36; 0.35; 0.65; 0.36; 0.37; 0.34,-73.16,24.138,0.0,0.105,0.067,0.0,0.076
3m7pA_3ejhA,003,104.0,67.0,0.308,0.475,0.272,0.619,,0.06,,005; 005; 007; 007; 010; 010; 003; 003; 004; 004,0.32; 0.32; 0.29; 0.29; 0.27; 0.26; 0.26; 0.26; 0.24; 0.24,0.30; 0.30; 0.26; 0.28; 0.27; 0.29; 0.33; 0.35; 0.35; 0.35,-84.488,16.752,0.0,-0.014,0.067,0.0,0.134
3m7pA_3ejhA,004,92.0,80.0,0.274,0.496,0.26,0.533,,0.094,,002; 002; 003; 003; 010; 004; 006; 006; 004; 009,0.28; 0.28; 0.27; 0.26; 0.25; 0.25; 0.25; 0.25; 0.25; 0.25,0.39; 0.39; 0.37; 0.37; 0.27; 0.33; 0.29; 0.30; 0.33; 0.28,-89.1,23.471,0.0,0.27,0.067,0.0,0.098
3m7pA_3ejhA,005,88.0,84.0,0.285,0.55,0.34,0.631,,0.073,,008; 008; 002; 002; 007; 004; 007; 004; 005; 005,0.28; 0.27; 0.26; 0.26; 0.25; 0.25; 0.25; 0.25; 0.23; 0.23,0.27; 0.27; 0.32; 0.32; 0.35; 0.30; 0.36; 0.30; 0.33; 0.32,-87.698,14.747,0.0,0.094,0.067,0.0,0.043
3m7pA_3ejhA,006,81.0,61.0,0.337,0.551,0.37,0.655,0.0,0.018,0.0,002; 002; 003; 003; 008; 008; 001; 001; 010; 010,0.37; 0.37; 0.34; 0.34; 0.31; 0.31; 0.28; 0.28; 0.26; 0.26,0.76; 0.76; 0.34; 0.33; 0.32; 0.33; 0.62; 0.62; 0.38; 0.38,-77.726,18.884,0.0,0.141,0.067,0.0,0.056
3m7pA_3ejhA,007,79.0,32.0,0.3,0.739,0.253,0.783,,,,,,,-61.508,22.503,0.0,-0.006,0.066,,0.119
3m7pA_3ejhA,008,78.0,46.0,0.281,0.55,0.316,0.647,,,,,,,-79.408,14.379,0.0,0.132,0.067,,0.118
3m7pA_3ejhA,009,73.0,4.0,0.228,0.618,0.247,0.79,,,,,,,-39.942,9.782,0.0,0.023,0.066,,0.132
3m7pA_3ejhA,010,70.0,11.0,0.179,0.258,0.231,0.336,,,,,,,-59.999,4.9,0.0,0.168,0.066,,0.073
3m7pA_3ejhA,011,67.0,5.0,0.199,0.284,0.228,0.332,,,,,,,-63.055,5.876,0.0,0.155,0.066,,0.107
3m7pA_3ejhA,012,66.0,58.0,0.324,0.511,0.297,0.53,,,,,,,-91.688,20.495,0.0,0.189,0.067,,0.138
3m7pA_3ejhA,013,64.0,52.0,0.311,0.518,0.294,0.574,,,,,,,-88.841,17.744,0.0,0.152,0.066,,0.078
3m7pA_3ejhA,014,61.0,2.0,0.312,0.507,0.282,0.631,,,,,,,-13.031,12.347,0.0,0.173,0.064,,0.052
3m7pA_3ejhA,015,60.0,37.0,0.331,0.507,0.313,0.518,,,,,,,-82.466,12.228,0.0,0.094,0.067,,0.085
3m7pA_3ejhA,016,59.0,35.0,0.284,0.512,0.282,0.551,,,,,,,-76.784,16.26,0.0,0.278,0.067,,0.138
3m7pA_3ejhA,017,58.0,45.0,0.263,0.481,0.288,0.507,,,,,,,-85.745,19.986,0.0,0.135,0.067,,0.115
3m7pA_3ejhA,018,55.0,33.0,0.256,0.652,0.382,0.625,,,,,,,-65.589,25.335,0.0,-0.078,0.066,,0.084
3m7pA_3ejhA,019,54.0,6.0,0.268,0.539,0.24,0.736,,,,,,,-31.911,11.878,0.0,0.012,0.065,,0.061
3m7pA_3ejhA,020,53.0,42.0,0.258,0.505,0.34,0.72,,,,,,,-85.016,10.173,0.0,0.062,0.067,,0.114
3m7pA_3ejhA,021,50.0,41.0,0.395,0.509,0.294,0.652,,,,,,,-89.108,15.354,0.0,0.081,0.067,,0.092
3m7pA_3ejhA,022,50.0,42.0,0.276,0.55,0.273,0.63,,,,,,,-86.721,18.879,0.0,0.065,0.066,,0.164
3m7pA_3ejhA,023,49.0,24.0,0.34,0.582,0.29,0.614,,,,,,,-70.984,14.207,0.0,0.155,0.066,,0.098
3m7pA_3ejhA,024,49.0,46.0,0.275,0.57,0.249,0.647,,,,,,,-67.954,17.132,0.0,0.12,0.067,,0.079
3m7pA_3ejhA,025,46.0,46.0,0.263,0.533,0.389,0.736,,,,,,,-85.311,12.573,0.0,0.093,0.067,,0.118
3m7pA_3ejhA,026,45.0,20.0,0.305,0.493,0.313,0.667,,,,,,,-86.188,13.073,0.0,0.055,0.066,,0.112
3m7pA_3ejhA,027,44.0,33.0,0.264,0.516,0.383,0.688,,,,,,,-96.453,20.544,0.0,0.092,0.067,,0.093
3m7pA_3ejhA,028,43.0,42.0,0.273,0.54,0.32,0.529,,,,,,,-84.917,11.194,0.0,0.153,0.067,,0.093
3m7pA_3ejhA,029,43.0,30.0,0.335,0.561,0.355,0.518,,,,,,,-70.143,19.985,0.0,0.162,0.067,,0.109
3m7pA_3ejhA,030,43.0,37.0,0.286,0.589,0.304,0.704,,,,,,,-73.062,18.642,0.0,0.131,0.067,,0.097
3m7pA_3ejhA,031,43.0,35.0,0.297,0.548,0.353,0.616,,,,,,,-80.793,9.362,0.0,0.061,0.067,,0.1
3m7pA_3ejhA,032,43.0,40.0,0.279,0.448,0.374,0.494,,,,,,,-77.639,14.5,0.0,0.057,0.067,,0.045
3m7pA_3ejhA,033,43.0,27.0,0.224,0.266,0.267,0.39,,,,,,,-63.958,9.702,0.0,0.093,0.066,,0.12
3m7pA_3ejhA,034,42.0,23.0,0.266,0.472,0.308,0.722,,,,,,,-52.273,9.126,0.0,0.121,0.067,,0.105
3m7pA_3ejhA,035,41.0,12.0,0.255,0.617,0.234,0.495,,,,,,,-68.873,13.859,0.0,0.074,0.066,,0.093
3m7pA_3ejhA,036,39.0,21.0,0.318,0.494,0.372,0.7,,,,,,,-78.323,9.26,0.0,0.054,0.067,,0.089
3m7pA_3ejhA,037,39.0,38.0,0.264,0.566,0.393,0.52,,,,,,,-79.294,13.1,0.0,0.094,0.067,,0.107
3m7pA_3ejhA,038,38.0,35.0,0.285,0.539,0.307,0.687,,,,,,,-74.766,9.593,0.0,0.041,0.067,,0.153
3m7pA_3ejhA,039,38.0,10.0,0.284,0.776,0.263,0.823,,,,,,,-25.293,11.375,0.0,0.017,0.066,,0.084
3m7pA_3ejhA,040,37.0,17.0,0.215,0.72,0.365,0.766,,,,,,,-45.938,26.361,0.0,0.054,0.066,,0.043
3m7pA_3ejhA,041,36.0,10.0,0.308,0.575,0.279,0.732,,,,,,,-42.707,21.095,0.0,0.07,0.067,,0.135
3m7pA_3ejhA,042,35.0,31.0,0.351,0.464,0.381,0.511,,,,,,,-77.866,6.079,0.0,0.142,0.067,,0.088
3m7pA_3ejhA,043,35.0,30.0,0.25,0.562,0.302,0.65,,,,,,,-92.105,21.456,0.0,0.028,0.067,,0.115
3m7pA_3ejhA,044,35.0,33.0,0.281,0.538,0.299,0.725,,,,,,,-84.272,13.831,0.0,0.286,0.067,,0.09
3m7pA_3ejhA,045,34.0,31.0,0.261,0.558,0.322,0.629,,,,,,,-80.252,7.864,0.0,0.104,0.066,,0.093
3m7pA_3ejhA,046,34.0,8.0,0.217,0.286,0.195,0.336,,,,,,,-59.233,10.707,0.0,0.111,0.066,,0.088
3m7pA_3ejhA,047,34.0,7.0,0.172,0.305,0.215,0.364,,,,,,,-58.114,14.606,0.0,0.124,0.066,,0.1
3m7pA_3ejhA,048,31.0,23.0,0.315,0.498,0.298,0.717,,,,,,,-76.557,15.42,0.0,0.184,0.067,,0.124
3m7pA_3ejhA,049,31.0,24.0,0.297,0.484,0.281,0.741,,,,,,,-83.673,15.22,0.0,0.154,0.067,,0.097
3m7pA_3ejhA,050,31.0,26.0,0.279,0.521,0.353,0.599,,,,,,,-81.727,16.472,0.0,0.127,0.065,,0.125
3m7pA_3ejhA,051,31.0,13.0,0.296,0.486,0.3,0.687,,,,,,,-61.654,5.153,0.0,0.016,0.068,,0.113
3m7pA_3ejhA,052,30.0,26.0,0.271,0.48,0.301,0.691,,,,,,,-72.013,16.517,0.0,0.127,0.066,,0.076
3m7pA_3ejhA,053,30.0,24.0,0.322,0.553,0.304,0.726,,,,,,,-81.283,7.72,0.0,0.022,0.067,,0.074
3m7pA_3ejhA,054,30.0,29.0,0.252,0.489,0.273,0.632,,,,,,,-82.012,14.556,0.0,0.222,0.066,,0.104
3m7pA_3ejhA,055,30.0,28.0,0.288,0.503,0.309,0.72,,,,,,,-79.682,12.79,0.0,0.128,0.067,,0.121
3m7pA_3ejhA,056,29.0,24.0,0.293,0.487,0.289,0.516,,,,,,,-88.096,12.769,0.0,0.252,0.067,,0.126
3m7pA_3ejhA,057,29.0,17.0,0.306,0.452,0.296,0.573,,,,,,,-78.622,8.876,0.0,0.168,0.067,,0.12
3m7pA_3ejhA,058,29.0,23.0,0.265,0.57,0.329,0.729,,,,,,,-78.282,9.342,0.0,0.149,0.067,,0.114
3m7pA_3ejhA,059,29.0,23.0,0.286,0.556,0.331,0.687,,,,,,,-78.16,14.654,0.0,0.042,0.067,,0.115
3m7pA_3ejhA,060,28.0,15.0,0.274,0.465,0.293,0.723,,,,,,,-75.995,9.13,0.0,0.036,0.067,,0.104
3m7pA_3ejhA,061,28.0,4.0,0.185,0.33,0.218,0.329,,,,,,,-52.17,11.504,0.0,0.154,0.065,,0.109
3m7pA_3ejhA,062,27.0,25.0,0.273,0.573,0.381,0.665,,,,,,,-78.41,18.545,0.0,0.118,0.066,,0.09
3m7pA_3ejhA,063,27.0,27.0,0.273,0.572,0.356,0.612,,,,,,,-77.839,19.437,0.0,0.058,0.067,,0.157
3m7pA_3ejhA,064,26.0,21.0,0.25,0.518,0.256,0.687,,,,,,,-69.309,30.348,0.0,0.073,0.067,,0.115
3m7pA_3ejhA,065,26.0,25.0,0.238,0.521,0.304,0.686,,,,,,,-78.788,12.487,0.0,0.122,0.067,,0.095
3m7pA_3ejhA,066,25.0,21.0,0.284,0.455,0.335,0.522,,,,,,,-70.192,23.136,0.0,0.098,0.066,,0.114
3m7pA_3ejhA,067,25.0,21.0,0.285,0.488,0.378,0.82,,,,,,,-65.916,23.158,0.0,0.192,0.067,,0.117
3m7pA_3ejhA,068,25.0,19.0,0.287,0.457,0.281,0.493,,,,,,,-86.757,21.704,0.0,0.103,0.066,,0.113
3m7pA_3ejhA,069,24.0,23.0,0.284,0.497,0.316,0.744,,,,,,,-67.422,24.55,0.0,0.211,0.066,,0.025
3m7pA_3ejhA,070,23.0,11.0,0.288,0.543,0.293,0.538,,,,,,,-73.009,22.096,0.0,0.076,0.067,,0.088
3m7pA_3ejhA,071,23.0,10.0,0.279,0.472,0.326,0.735,,,,,,,-68.77,8.369,0.0,0.124,0.066,,0.17
3m7pA_3ejhA,072,23.0,19.0,0.3,0.635,0.269,0.645,,,,,,,-65.162,22.362,0.0,0.07,0.066,,0.07
3m7pA_3ejhA,073,23.0,15.0,0.261,0.477,0.327,0.508,,,,,,,-63.644,8.889,0.0,0.122,0.066,,0.068
3m7pA_3ejhA,074,22.0,15.0,0.282,0.465,0.289,0.51,,,,,,,-56.561,11.914,0.0,0.181,0.067,,0.157
3m7pA_3ejhA,075,22.0,20.0,0.287,0.559,0.257,0.514,,,,,,,-52.688,20.907,0.0,0.081,0.067,,0.083
3m7pA_3ejhA,076,22.0,17.0,0.291,0.481,0.326,0.655,,,,,,,-67.378,8.714,0.0,0.145,0.067,,0.103
3m7pA_3ejhA,077,22.0,19.0,0.256,0.583,0.294,0.729,,,,,,,-80.327,7.448,0.0,0.264,0.067,,0.062
3m7pA_3ejhA,078,21.0,12.0,0.309,0.52,0.293,0.506,,,,,,,-76.324,20.958,0.0,0.14,0.066,,0.116
3m7pA_3ejhA,079,20.0,18.0,0.208,0.588,0.303,0.623,,,,,,,-73.175,6.641,0.0,0.083,0.067,,0.092
3m7pA_3ejhA,080,20.0,16.0,0.288,0.478,0.368,0.656,,,,,,,-79.971,10.301,0.0,0.132,0.067,,0.122
3m7pA_3ejhA,081,20.0,16.0,0.271,0.537,0.291,0.501,,,,,,,-82.855,15.847,0.0,0.164,0.067,,0.105
3m7pA_3ejhA,082,20.0,19.0,0.283,0.567,0.386,0.501,,,,,,,-91.088,12.47,0.0,0.193,0.067,,0.097
3m7pA_3ejhA,083,20.0,3.0,0.28,0.649,0.314,0.668,,,,,,,-37.339,4.106,0.0,0.093,0.065,,0.023
3m7pA_3ejhA,084,19.0,19.0,0.334,0.537,0.297,0.754,,,,,,,-92.89,15.957,0.0,0.076,0.067,,0.111
3m7pA_3ejhA,085,18.0,17.0,0.267,0.517,0.309,0.64,,,,,,,-67.525,9.224,0.0,0.099,0.066,,0.119
3m7pA_3ejhA,086,18.0,17.0,0.249,0.542,0.339,0.51,,,,,,,-75.579,10.202,0.0,0.138,0.067,,0.107
3m7pA_3ejhA,087,18.0,18.0,0.295,0.529,0.33,0.629,,,,,,,-83.261,10.086,0.0,0.055,0.067,,0.112
3m7pA_3ejhA,088,18.0,16.0,0.266,0.475,0.293,0.684,,,,,,,-85.537,11.602,0.0,0.07,0.067,,0.11
3m7pA_3ejhA,089,17.0,17.0,0.267,0.544,0.303,0.57,,,,,,,-69.754,9.305,0.0,0.079,0.067,,0.102
3m7pA_3ejhA,090,17.0,16.0,0.277,0.533,0.315,0.681,,,,,,,-71.186,10.379,0.0,0.142,0.066,,0.116
3m7pA_3ejhA,091,16.0,12.0,0.316,0.549,0.276,0.629,,,,,,,-68.885,12.909,0.0,0.131,0.066,,0.12
3m7pA_3ejhA,092,16.0,13.0,0.28,0.476,0.38,0.495,,,,,,,-51.152,8.432,0.0,0.051,0.067,,0.11
3m7pA_3ejhA,093,16.0,15.0,0.267,0.526,0.316,0.678,,,,,,,-70.777,9.029,0.0,0.084,0.067,,0.056
3m7pA_3ejhA,094,15.0,13.0,0.254,0.477,0.323,0.655,,,,,,,-64.51,10.717,0.0,0.097,0.067,,0.119
3m7pA_3ejhA,095,15.0,7.0,0.185,0.282,0.297,0.386,,,,,,,-61.338,3.179,0.0,0.07,0.066,,0.133
3m7pA_3ejhA,096,14.0,13.0,0.315,0.552,0.345,0.529,,,,,,,-80.383,5.242,0.0,0.054,0.067,,0.105
3m7pA_3ejhA,097,14.0,12.0,0.342,0.526,0.284,0.739,,,,,,,-86.898,15.035,0.0,0.094,0.067,,0.132
3m7pA_3ejhA,098,12.0,11.0,0.268,0.432,0.27,0.667,,,,,,,-68.2,7.157,0.0,0.048,0.067,,0.095
3m7pA_3ejhA,099,12.0,8.0,0.231,0.77,0.38,0.749,,,,,,,-34.1,6.713,0.0,0.013,0.066,,0.094
3meeA_4b3oB,Deep,,,0.621,0.485,0.824,0.461,0.305,0.312,0.262,,,,,,,,-0.004,0.0,
3meeA_4b3oB,000,304.0,141.0,0.397,0.34,0.48,0.488,0.009,0.006,0.007,002; 002; 003; 003; 010; 010; 001; 001; 004; 004,0.70; 0.70; 0.50; 0.50; 0.47; 0.47; 0.46; 0.46; 0.41; 0.41,0.49; 0.49; 0.37; 0.37; 0.48; 0.48; 0.51; 0.51; 0.43; 0.43,-52.267,29.131,0.0,-0.0,-0.025,0.0,
3meeA_4b3oB,001,293.0,10.0,0.237,0.261,0.299,0.313,0.183,0.11,0.147,002; 002; 001; 001; 003; 003; 009; 009; 006; 006,0.76; 0.76; 0.65; 0.65; 0.52; 0.52; 0.49; 0.49; 0.43; 0.43,0.49; 0.49; 0.52; 0.52; 0.52; 0.52; 0.42; 0.42; 0.43; 0.43,-17.99,12.79,0.0,0.029,0.01,0.0,
3meeA_4b3oB,002,269.0,3.0,0.191,0.229,0.285,0.317,0.0,0.0,0.003,001; 001; 002; 002; 007; 007; 003; 003; 006; 006,0.71; 0.71; 0.60; 0.60; 0.50; 0.50; 0.49; 0.49; 0.48; 0.48,0.46; 0.46; 0.45; 0.45; 0.45; 0.45; 0.44; 0.44; 0.43; 0.43,-3.689,2.735,0.0,0.032,-0.022,0.0,
3meeA_4b3oB,003,241.0,8.0,0.192,0.194,0.215,0.231,0.0,0.0,0.0,006; 006; 001; 001; 003; 003; 007; 007; 008; 008,0.42; 0.42; 0.41; 0.41; 0.36; 0.36; 0.34; 0.34; 0.31; 0.31,0.44; 0.44; 0.43; 0.43; 0.41; 0.40; 0.40; 0.39; 0.39; 0.39,-5.64,5.008,0.0,0.03,-0.006,0.0,
3meeA_4b3oB,004,136.0,5.0,0.266,0.213,0.416,0.33,0.021,0.016,0.016,003; 003; 002; 002; 008; 008; 001; 001; 004; 006,0.70; 0.70; 0.63; 0.63; 0.59; 0.59; 0.58; 0.58; 0.58; 0.57,0.51; 0.51; 0.50; 0.50; 0.45; 0.45; 0.48; 0.48; 0.40; 0.45,-10.58,13.104,0.2,-0.002,-0.003,0.0,
3meeA_4b3oB,005,98.0,73.0,0.432,0.409,0.433,0.451,0.197,0.139,0.173,002; 001; 002; 001; 006; 006; 004; 004; 003; 003,0.70; 0.69; 0.69; 0.69; 0.49; 0.49; 0.47; 0.47; 0.45; 0.45,0.50; 0.52; 0.50; 0.52; 0.47; 0.47; 0.32; 0.32; 0.47; 0.47,-17.665,4.953,0.0,-0.003,0.02,0.0,
3meeA_4b3oB,006,93.0,55.0,0.342,0.369,0.578,0.477,0.008,0.004,0.006,001; 001; 007; 008; 008; 006; 007; 006; 009; 009,0.56; 0.56; 0.51; 0.51; 0.51; 0.50; 0.50; 0.50; 0.48; 0.48,0.43; 0.43; 0.45; 0.44; 0.44; 0.45; 0.45; 0.44; 0.42; 0.42,-32.691,11.735,0.0,0.004,-0.006,0.0,
3meeA_4b3oB,007,91.0,3.0,0.234,0.239,0.225,0.235,0.0,0.004,0.0,003; 003; 004; 005; 005; 004; 002; 002; 006; 006,0.71; 0.71; 0.70; 0.70; 0.70; 0.70; 0.65; 0.65; 0.59; 0.58,0.49; 0.49; 0.50; 0.48; 0.48; 0.50; 0.50; 0.50; 0.48; 0.48,-3.347,3.183,0.1,-0.004,0.013,0.0,
3meeA_4b3oB,008,79.0,5.0,0.256,0.224,0.265,0.317,0.139,0.083,0.111,002; 002; 001; 001; 003; 003; 005; 004; 005; 004,0.71; 0.71; 0.69; 0.69; 0.59; 0.59; 0.57; 0.57; 0.57; 0.56,0.51; 0.51; 0.50; 0.50; 0.50; 0.50; 0.25; 0.49; 0.25; 0.49,-2.342,2.65,0.1,0.034,0.003,0.0,
3meeA_4b3oB,009,78.0,1.0,0.381,0.327,0.615,0.487,0.018,0.012,0.014,003; 003; 001; 004; 001; 004; 005; 005; 010; 010,0.79; 0.79; 0.59; 0.59; 0.59; 0.58; 0.56; 0.56; 0.53; 0.53,0.49; 0.49; 0.31; 0.49; 0.31; 0.49; 0.45; 0.45; 0.44; 0.44,-56.504,40.512,0.0,0.002,0.017,0.0,
3meeA_4b3oB,010,74.0,64.0,0.243,0.332,0.453,0.482,,,,,,,-21.05,6.749,0.0,-0.014,-0.031,,
3meeA_4b3oB,011,71.0,5.0,0.274,0.279,0.445,0.408,,,,,,,-7.16,5.717,0.0,-0.004,-0.027,,
3meeA_4b3oB,012,70.0,17.0,0.267,0.262,0.275,0.285,,,,,,,-34.884,11.584,0.0,0.001,-0.021,,
3meeA_4b3oB,013,70.0,10.0,0.257,0.26,0.227,0.283,,,,,,,-30.481,6.66,0.0,0.001,0.017,,
3meeA_4b3oB,014,69.0,3.0,0.205,0.22,0.186,0.234,,,,,,,-4.604,6.112,0.1,0.022,-0.024,,0.002
3meeA_4b3oB,015,68.0,1.0,0.216,0.186,0.235,0.279,,,,,,,-22.797,11.589,0.0,0.009,0.021,,0.002
3meeA_4b3oB,016,66.0,4.0,0.271,0.257,0.248,0.242,,,,,,,-7.336,6.287,0.2,0.006,0.022,,
3meeA_4b3oB,017,62.0,24.0,0.29,0.306,0.52,0.485,,,,,,,-20.858,6.393,0.0,0.009,0.03,,
3meeA_4b3oB,018,61.0,1.0,0.207,0.233,0.216,0.24,,,,,,,-16.459,14.365,0.0,0.013,0.019,,-0.001
3meeA_4b3oB,019,59.0,7.0,0.416,0.37,0.613,0.487,,,,,,,-29.333,24.497,0.0,0.044,0.008,,
3meeA_4b3oB,020,59.0,24.0,0.351,0.377,0.341,0.383,,,,,,,-31.132,8.44,0.0,0.009,-0.022,,
3meeA_4b3oB,021,51.0,8.0,0.185,0.188,0.232,0.233,,,,,,,-35.711,7.401,0.0,0.008,-0.018,,0.003
3meeA_4b3oB,022,49.0,1.0,0.239,0.25,0.435,0.418,,,,,,,-20.04,22.291,0.0,0.042,0.025,,
3meeA_4b3oB,023,49.0,23.0,0.218,0.273,0.445,0.424,,,,,,,-18.135,5.99,0.0,0.031,0.031,,
3meeA_4b3oB,024,49.0,18.0,0.199,0.253,0.496,0.466,,,,,,,-27.859,9.564,0.0,0.0,-0.021,,
3meeA_4b3oB,025,48.0,31.0,0.334,0.308,0.318,0.35,,,,,,,-26.936,9.286,0.0,-0.006,-0.027,,
3meeA_4b3oB,026,47.0,1.0,0.175,0.273,0.183,0.277,,,,,,,-1.302,2.171,0.3,0.021,0.011,,0.004
3meeA_4b3oB,027,47.0,3.0,0.2,0.225,0.271,0.317,,,,,,,-3.088,2.405,0.0,0.015,-0.024,,
3meeA_4b3oB,028,47.0,12.0,0.285,0.258,0.449,0.463,,,,,,,-17.563,5.547,0.0,0.007,-0.011,,
3meeA_4b3oB,029,47.0,13.0,0.313,0.322,0.501,0.307,,,,,,,-35.294,8.616,0.0,0.008,0.001,,
3meeA_4b3oB,030,46.0,14.0,0.237,0.233,0.33,0.366,,,,,,,-26.269,17.234,0.0,0.042,0.005,,
3meeA_4b3oB,031,45.0,19.0,0.283,0.255,0.508,0.49,,,,,,,-37.478,9.365,0.0,0.012,-0.007,,
3meeA_4b3oB,032,44.0,16.0,0.266,0.311,0.453,0.467,,,,,,,-15.346,4.935,0.0,-0.0,0.004,,
3meeA_4b3oB,033,44.0,16.0,0.338,0.303,0.298,0.332,,,,,,,-31.359,10.221,0.0,0.006,-0.031,,-0.007
3meeA_4b3oB,034,43.0,33.0,0.445,0.472,0.462,0.455,,,,,,,-18.957,7.549,0.0,-0.006,0.027,,
3meeA_4b3oB,035,42.0,23.0,0.382,0.369,0.489,0.484,,,,,,,-35.937,8.317,0.0,0.012,0.025,,
3meeA_4b3oB,036,42.0,11.0,0.267,0.292,0.21,0.33,,,,,,,-25.069,5.051,0.0,0.017,-0.015,,-0.001
3meeA_4b3oB,037,41.0,2.0,0.228,0.21,0.218,0.282,,,,,,,-23.49,14.696,0.0,-0.016,0.001,,0.005
3meeA_4b3oB,038,40.0,5.0,0.295,0.291,0.272,0.317,,,,,,,-2.677,5.61,0.4,0.004,0.012,,
3meeA_4b3oB,039,38.0,1.0,0.248,0.249,0.262,0.265,,,,,,,-2.115,1.499,0.2,0.003,0.008,,
3meeA_4b3oB,040,38.0,11.0,0.428,0.372,0.544,0.382,,,,,,,-40.687,25.187,0.0,0.007,-0.028,,
3meeA_4b3oB,041,37.0,1.0,0.25,0.258,0.232,0.256,,,,,,,-1.955,1.922,0.2,0.034,0.022,,
3meeA_4b3oB,042,37.0,2.0,0.177,0.22,0.221,0.288,,,,,,,-2.718,4.297,0.1,0.002,0.005,,
3meeA_4b3oB,043,36.0,26.0,0.44,0.445,0.542,0.485,,,,,,,-32.617,4.779,0.0,0.007,0.01,,
3meeA_4b3oB,044,36.0,4.0,0.224,0.308,0.302,0.311,,,,,,,-50.243,32.488,0.0,0.001,0.018,,-0.004
3meeA_4b3oB,045,36.0,1.0,0.194,0.233,0.217,0.355,,,,,,,-20.699,10.305,0.0,-0.046,-0.001,,-0.002
3meeA_4b3oB,046,33.0,6.0,0.201,0.227,0.215,0.228,,,,,,,-10.932,8.562,0.0,0.036,0.001,,0.005
3meeA_4b3oB,047,33.0,13.0,0.151,0.159,0.188,0.222,,,,,,,-33.225,8.677,0.0,0.074,-0.021,,0.003
3meeA_4b3oB,048,33.0,2.0,0.211,0.197,0.292,0.38,,,,,,,-24.308,14.958,0.0,-0.001,0.021,,0.001
3meeA_4b3oB,049,32.0,9.0,0.251,0.235,0.339,0.387,,,,,,,-22.011,8.865,0.0,0.002,0.001,,
3meeA_4b3oB,050,32.0,1.0,0.197,0.194,0.2,0.239,,,,,,,-3.574,5.62,0.4,0.015,0.019,,0.007
3meeA_4b3oB,051,32.0,7.0,0.376,0.345,0.499,0.49,,,,,,,-16.467,13.166,0.0,0.007,0.028,,
3meeA_4b3oB,052,32.0,11.0,0.23,0.288,0.407,0.454,,,,,,,-15.181,5.372,0.0,0.001,0.001,,
3meeA_4b3oB,053,32.0,5.0,0.27,0.253,0.372,0.337,,,,,,,-4.374,5.012,0.3,0.023,0.016,,
3meeA_4b3oB,054,32.0,1.0,0.205,0.222,0.2,0.228,,,,,,,-50.94,36.658,0.0,0.002,-0.029,,-0.0
3meeA_4b3oB,055,31.0,9.0,0.189,0.248,0.198,0.245,,,,,,,-30.62,8.506,0.0,-0.005,-0.03,,-0.031
3meeA_4b3oB,056,30.0,1.0,0.28,0.245,0.314,0.312,,,,,,,-0.217,1.384,0.3,0.004,-0.005,,
3meeA_4b3oB,057,30.0,1.0,0.258,0.264,0.374,0.389,,,,,,,-26.66,12.065,0.0,0.008,0.025,,
3meeA_4b3oB,058,30.0,10.0,0.183,0.222,0.256,0.287,,,,,,,-59.522,39.823,0.0,0.007,0.014,,0.001
3meeA_4b3oB,059,28.0,1.0,0.211,0.216,0.292,0.322,,,,,,,-1.562,3.361,0.4,0.0,0.025,,
3meeA_4b3oB,060,28.0,1.0,0.216,0.248,0.182,0.243,,,,,,,-57.495,32.358,0.0,0.0,-0.015,,0.005
3meeA_4b3oB,061,27.0,5.0,0.348,0.307,0.379,0.326,,,,,,,-28.131,23.889,0.0,0.069,-0.018,,
3meeA_4b3oB,062,27.0,7.0,0.319,0.335,0.496,0.487,,,,,,,-21.291,11.071,0.0,-0.003,0.004,,
3meeA_4b3oB,063,27.0,11.0,0.363,0.349,0.465,0.358,,,,,,,-36.638,9.999,0.0,-0.001,-0.009,,
3meeA_4b3oB,064,27.0,4.0,0.214,0.222,0.293,0.275,,,,,,,-1.946,3.551,0.2,-0.003,-0.017,,
3meeA_4b3oB,065,26.0,7.0,0.359,0.342,0.62,0.318,,,,,,,-27.948,21.215,0.0,-0.026,-0.001,,
3meeA_4b3oB,066,25.0,8.0,0.338,0.391,0.442,0.474,,,,,,,-25.179,8.274,0.0,0.01,0.021,,
3meeA_4b3oB,067,24.0,8.0,0.214,0.281,0.448,0.481,,,,,,,-15.287,4.293,0.0,0.02,0.028,,
3meeA_4b3oB,068,24.0,12.0,0.274,0.288,0.383,0.416,,,,,,,-14.876,4.094,0.0,-0.017,0.007,,
3meeA_4b3oB,069,24.0,2.0,0.306,0.287,0.487,0.338,,,,,,,-41.761,25.46,0.0,-0.001,0.023,,
3meeA_4b3oB,070,24.0,1.0,0.24,0.234,0.186,0.226,,,,,,,-20.68,11.011,0.0,0.011,0.007,,
3meeA_4b3oB,071,23.0,3.0,0.268,0.23,0.23,0.307,,,,,,,-3.414,5.836,0.3,0.012,-0.029,,
3meeA_4b3oB,072,23.0,1.0,0.22,0.237,0.303,0.307,,,,,,,-0.603,1.601,0.3,0.004,0.025,,
3meeA_4b3oB,073,23.0,11.0,0.312,0.363,0.408,0.329,,,,,,,-30.018,8.287,0.0,-0.002,0.014,,
3meeA_4b3oB,074,23.0,13.0,0.228,0.289,0.202,0.272,,,,,,,-34.952,8.027,0.0,0.0,-0.027,,0.002
3meeA_4b3oB,075,22.0,1.0,0.222,0.259,0.273,0.308,,,,,,,-0.563,1.51,0.3,0.012,0.027,,
3meeA_4b3oB,076,22.0,10.0,0.201,0.274,0.226,0.295,,,,,,,-38.174,12.077,0.0,0.001,0.016,,-0.001
3meeA_4b3oB,077,22.0,1.0,0.223,0.213,0.204,0.238,,,,,,,-1.657,1.761,0.2,0.024,0.02,,0.001
3meeA_4b3oB,078,21.0,18.0,0.217,0.23,0.252,0.228,,,,,,,-5.865,4.96,0.1,0.043,-0.005,,
3meeA_4b3oB,079,21.0,14.0,0.385,0.397,0.449,0.415,,,,,,,-23.153,6.586,0.0,0.005,0.015,,
3meeA_4b3oB,080,21.0,12.0,0.318,0.361,0.49,0.482,,,,,,,-24.824,5.663,0.0,0.003,-0.013,,
3meeA_4b3oB,081,20.0,1.0,0.194,0.235,0.247,0.303,,,,,,,-2.816,2.318,0.1,0.03,-0.026,,
3meeA_4b3oB,082,20.0,2.0,0.264,0.286,0.478,0.4,,,,,,,-3.609,6.983,0.3,0.075,-0.019,,
3meeA_4b3oB,083,20.0,8.0,0.199,0.261,0.477,0.494,,,,,,,-34.124,4.429,0.0,-0.001,-0.013,,
3meeA_4b3oB,084,20.0,13.0,0.448,0.386,0.593,0.473,,,,,,,-44.01,26.094,0.0,0.006,-0.013,,
3meeA_4b3oB,085,19.0,4.0,0.211,0.218,0.229,0.254,,,,,,,-9.138,8.978,0.0,-0.005,0.008,,
3meeA_4b3oB,086,19.0,2.0,0.24,0.253,0.287,0.316,,,,,,,-9.135,6.382,0.1,0.008,0.015,,
3meeA_4b3oB,087,18.0,2.0,0.294,0.291,0.245,0.276,,,,,,,-2.569,3.146,0.1,-0.014,0.027,,
3meeA_4b3oB,088,18.0,10.0,0.21,0.233,0.253,0.233,,,,,,,-7.733,3.438,0.0,0.068,-0.014,,
3meeA_4b3oB,089,18.0,2.0,0.251,0.243,0.243,0.246,,,,,,,-34.22,9.523,0.0,0.003,0.021,,
3meeA_4b3oB,090,17.0,14.0,0.359,0.424,0.496,0.461,,,,,,,-28.259,6.814,0.0,-0.006,0.006,,
3meeA_4b3oB,091,16.0,1.0,0.209,0.227,0.254,0.352,,,,,,,-0.942,1.232,0.3,-0.004,0.026,,
3meeA_4b3oB,092,16.0,5.0,0.207,0.232,0.238,0.247,,,,,,,-5.657,2.653,0.0,0.054,-0.01,,
3meeA_4b3oB,093,16.0,8.0,0.274,0.258,0.353,0.3,,,,,,,-31.547,4.613,0.0,-0.016,0.019,,
3meeA_4b3oB,094,15.0,6.0,0.247,0.229,0.223,0.234,,,,,,,-4.242,4.087,0.1,0.009,-0.023,,
3meeA_4b3oB,095,15.0,3.0,0.201,0.226,0.331,0.362,,,,,,,-3.464,2.633,0.0,0.01,0.005,,
3meeA_4b3oB,096,15.0,9.0,0.2,0.185,0.439,0.436,,,,,,,-25.695,4.614,0.0,-0.0,-0.025,,
3meeA_4b3oB,097,15.0,9.0,0.215,0.202,0.333,0.376,,,,,,,-38.505,9.694,0.0,-0.015,0.016,,0.003
3meeA_4b3oB,098,14.0,4.0,0.188,0.24,0.224,0.261,,,,,,,-12.156,4.834,0.0,0.033,-0.018,,
3meeA_4b3oB,099,13.0,2.0,0.173,0.204,0.236,0.265,,,,,,,-4.668,5.913,0.2,0.001,0.012,,
3mkoA_5ineA,Deep,,,0.496,0.51,0.492,0.45,0.0,0.0,0.052,,,,,,,,0.109,0.0,
3mkoA_5ineA,000,78.0,23.0,0.517,0.201,0.316,0.251,0.0,0.0,0.039,005; 005; 007; 001; 007; 001; 004; 004; 002; 002,0.54; 0.54; 0.52; 0.49; 0.49; 0.49; 0.46; 0.46; 0.42; 0.41,0.16; 0.16; 0.17; 0.24; 0.17; 0.24; 0.31; 0.30; 0.20; 0.21,56.083,35.391,1.0,-0.736,-0.256,0.0,-0.14
3mkoA_5ineA,001,13.0,1.0,0.289,0.227,0.318,0.18,,,,,,,51.783,3.853,1.0,-0.108,-0.254,,
3mkoA_5ineA,002,13.0,10.0,0.327,0.218,0.282,0.235,,,,,,,97.674,4.459,1.0,-0.212,-0.001,,-0.049
3mkoA_5ineA,003,13.0,2.0,0.436,0.219,0.513,0.202,,,,,,,55.23,1.735,1.0,-0.182,-0.135,,-0.152
3mkoA_5ineA,004,12.0,4.0,0.503,0.207,0.456,0.214,,,,,,,30.605,26.287,1.0,-0.254,-0.255,,-0.115
3mkoA_5ineA,005,,,0.444,0.215,0.468,0.288,,,,,,,4.577,3.408,0.9,-0.568,-0.255,,-0.148
3mkoA_5ineA,006,12.0,1.0,0.234,0.201,0.271,0.19,,,,,,,45.2,0.857,1.0,-0.262,-0.251,,-0.096
3mkoA_5ineA,007,,,0.277,0.195,0.284,0.184,,,,,,,46.854,6.516,1.0,-0.437,-0.254,,-0.121
3mkoA_5ineA,008,11.0,1.0,0.516,0.348,0.53,0.393,,,,,,,27.322,16.885,1.0,-0.125,-0.251,,-0.175
3mkoA_5ineA,009,11.0,4.0,0.352,0.18,0.363,0.292,,,,,,,99.343,4.787,1.0,-0.203,-0.246,,-0.118
3mkoA_5ineA,010,11.0,6.0,0.311,0.221,0.309,0.238,,,,,,,104.72,4.421,1.0,-0.154,-0.229,,-0.153
3mkoA_5ineA,011,,,0.292,0.217,0.322,0.234,,,,,,,101.119,8.833,1.0,-0.113,-0.251,,-0.174
3mkoA_5ineA,012,,,0.448,0.268,0.509,0.237,,,,,,,56.532,1.308,1.0,-0.148,-0.126,,-0.161
3mkoA_5ineA,013,10.0,5.0,0.384,0.243,0.503,0.235,,,,,,,99.012,2.502,1.0,-0.115,-0.218,,-0.149
3r9jC_2kxoA,Deep,,,0.704,0.392,0.54,0.565,0.345,0.333,0.195,,,,,,,,0.172,-0.024,
3r9jC_2kxoA,000,779.0,229.0,0.35,0.283,0.472,0.448,0.0,0.0,0.054,004; 004; 006; 006; 007; 007; 001; 001; 003; 003,0.63; 0.63; 0.62; 0.61; 0.58; 0.58; 0.56; 0.56; 0.54; 0.54,0.35; 0.35; 0.38; 0.38; 0.35; 0.35; 0.47; 0.47; 0.35; 0.35,1.232,2.643,0.7,-0.011,0.172,-0.012,0.045
3r9jC_2kxoA,001,708.0,322.0,0.423,0.336,0.508,0.487,0.0,0.0,0.0,004; 004; 003; 003; 001; 006; 001; 006; 002; 002,0.60; 0.60; 0.57; 0.57; 0.56; 0.56; 0.56; 0.56; 0.54; 0.54,0.41; 0.41; 0.36; 0.36; 0.31; 0.36; 0.31; 0.36; 0.38; 0.38,-0.148,1.14,0.4,-0.095,-0.0,0.0,0.016
3r9jC_2kxoA,002,665.0,241.0,0.414,0.367,0.423,0.371,0.429,0.409,0.194,001; 001; 005; 005; 006; 006; 004; 004; 007; 007,0.61; 0.61; 0.60; 0.60; 0.59; 0.59; 0.58; 0.58; 0.54; 0.54,0.38; 0.38; 0.38; 0.38; 0.34; 0.34; 0.41; 0.41; 0.58; 0.58,0.861,2.075,0.6,-0.038,0.175,0.0,0.005
3r9jC_2kxoA,003,581.0,339.0,0.448,0.429,0.507,0.508,0.0,0.0,0.0,002; 002; 003; 003; 006; 005; 006; 005; 001; 001,0.64; 0.64; 0.61; 0.61; 0.58; 0.58; 0.58; 0.58; 0.52; 0.52,0.38; 0.38; 0.38; 0.38; 0.40; 0.38; 0.40; 0.38; 0.39; 0.39,1.754,2.366,0.7,-0.082,0.079,0.0,0.038
3r9jC_2kxoA,004,430.0,196.0,0.363,0.32,0.333,0.312,0.0,0.0,0.0,004; 004; 007; 007; 001; 001; 006; 009; 006; 008,0.61; 0.61; 0.58; 0.58; 0.57; 0.56; 0.51; 0.51; 0.51; 0.51,0.41; 0.41; 0.36; 0.36; 0.35; 0.35; 0.41; 0.55; 0.41; 0.52,2.244,1.64,0.8,-0.092,0.171,0.0,0.042
3r9jC_2kxoA,005,402.0,78.0,0.46,0.399,0.334,0.264,0.0,0.0,0.0,006; 006; 007; 007; 002; 003; 002; 003; 004; 004,0.64; 0.64; 0.57; 0.57; 0.57; 0.56; 0.56; 0.55; 0.53; 0.53,0.36; 0.36; 0.35; 0.35; 0.32; 0.36; 0.32; 0.36; 0.33; 0.33,-1.569,0.674,0.0,-0.085,0.136,0.0,0.044
3r9jC_2kxoA,006,311.0,149.0,0.431,0.526,0.504,0.511,0.0,0.0,0.0,006; 004; 004; 006; 005; 005; 007; 007; 002; 002,0.64; 0.61; 0.61; 0.59; 0.55; 0.55; 0.54; 0.54; 0.53; 0.53,0.35; 0.35; 0.35; 0.35; 0.36; 0.36; 0.35; 0.35; 0.32; 0.32,1.956,1.26,0.9,-0.14,-0.017,0.0,-0.082
3r9jC_2kxoA,007,276.0,32.0,0.388,0.401,0.37,0.393,0.0,0.0,0.0,002; 003; 003; 002; 001; 001; 006; 006; 004; 004,0.59; 0.59; 0.59; 0.59; 0.51; 0.51; 0.50; 0.50; 0.49; 0.49,0.41; 0.41; 0.41; 0.41; 0.39; 0.39; 0.49; 0.49; 0.34; 0.35,1.296,3.242,0.6,-0.158,0.174,0.0,-0.014
3r9jC_2kxoA,008,275.0,92.0,0.42,0.382,0.457,0.478,0.0,0.0,0.0,006; 006; 007; 007; 001; 001; 008; 008; 005; 005,0.67; 0.67; 0.61; 0.61; 0.60; 0.60; 0.58; 0.58; 0.56; 0.56,0.33; 0.33; 0.36; 0.36; 0.32; 0.33; 0.35; 0.35; 0.36; 0.36,2.469,1.32,0.9,0.07,0.061,0.0,0.011
3r9jC_2kxoA,009,220.0,116.0,0.476,0.497,0.459,0.476,0.0,0.0,0.125,005; 005; 003; 003; 008; 008; 002; 002; 001; 001,0.62; 0.62; 0.59; 0.59; 0.55; 0.54; 0.52; 0.52; 0.51; 0.51,0.40; 0.40; 0.41; 0.41; 0.31; 0.31; 0.33; 0.33; 0.53; 0.53,1.0,1.62,0.7,-0.086,0.107,0.0,-0.052
3r9jC_2kxoA,010,216.0,55.0,0.467,0.612,0.414,0.535,0.0,0.0,0.0,008; 008; 005; 005; 003; 004; 006; 006; 003; 004,0.59; 0.59; 0.58; 0.58; 0.55; 0.55; 0.55; 0.55; 0.55; 0.55,0.36; 0.36; 0.36; 0.36; 0.39; 0.37; 0.36; 0.36; 0.39; 0.37,-0.464,0.851,0.3,-0.164,0.166,0.0,-0.036
3r9jC_2kxoA,011,212.0,63.0,0.291,0.384,0.38,0.397,0.0,0.0,0.0,002; 002; 004; 004; 005; 005; 003; 003; 001; 001,0.61; 0.61; 0.60; 0.59; 0.51; 0.51; 0.50; 0.50; 0.47; 0.47,0.45; 0.45; 0.37; 0.37; 0.41; 0.41; 0.43; 0.43; 0.47; 0.47,2.28,1.285,0.9,-0.028,0.077,0.0,0.056
3r9jC_2kxoA,012,202.0,98.0,0.425,0.354,0.434,0.382,0.0,0.0,0.08,006; 006; 005; 005; 009; 009; 007; 007; 001; 002,0.56; 0.56; 0.55; 0.55; 0.54; 0.54; 0.53; 0.53; 0.51; 0.51,0.37; 0.37; 0.38; 0.38; 0.34; 0.34; 0.57; 0.57; 0.57; 0.37,1.173,1.931,0.7,-0.033,0.174,0.0,0.028
3r9jC_2kxoA,013,198.0,108.0,0.442,0.482,0.444,0.512,0.0,0.0,0.138,008; 008; 004; 004; 003; 003; 001; 001; 006; 006,0.57; 0.57; 0.56; 0.56; 0.55; 0.53; 0.52; 0.52; 0.47; 0.47,0.36; 0.36; 0.36; 0.36; 0.35; 0.35; 0.51; 0.50; 0.37; 0.37,2.241,1.232,1.0,-0.17,-0.075,0.0,-0.03
3r9jC_2kxoA,014,198.0,31.0,0.438,0.38,0.437,0.614,0.0,0.0,0.111,003; 003; 007; 007; 006; 006; 008; 008; 004; 004,0.68; 0.68; 0.63; 0.63; 0.61; 0.61; 0.57; 0.57; 0.54; 0.54,0.39; 0.39; 0.40; 0.40; 0.38; 0.38; 0.38; 0.38; 0.37; 0.37,0.065,1.576,0.2,-0.006,0.174,0.0,-0.008
3r9jC_2kxoA,015,196.0,85.0,0.442,0.446,0.466,0.505,0.0,0.0,0.064,004; 004; 007; 007; 009; 009; 006; 006; 003; 003,0.65; 0.65; 0.59; 0.59; 0.58; 0.58; 0.55; 0.55; 0.54; 0.54,0.36; 0.36; 0.35; 0.35; 0.39; 0.39; 0.37; 0.37; 0.36; 0.36,1.863,1.993,0.8,-0.139,0.019,0.0,-0.033
3r9jC_2kxoA,016,194.0,66.0,0.477,0.485,0.363,0.288,0.0,0.0,0.0,003; 003; 001; 008; 008; 001; 007; 005; 005; 007,0.63; 0.63; 0.60; 0.60; 0.60; 0.60; 0.57; 0.57; 0.57; 0.57,0.35; 0.35; 0.40; 0.35; 0.35; 0.40; 0.34; 0.36; 0.37; 0.34,2.349,1.2,1.0,-0.141,-0.036,0.0,0.05
3r9jC_2kxoA,017,193.0,68.0,0.332,0.332,0.321,0.362,0.0,0.0,0.0,002; 002; 003; 003; 006; 006; 001; 004; 001; 004,0.66; 0.66; 0.61; 0.60; 0.52; 0.52; 0.50; 0.50; 0.50; 0.50,0.36; 0.36; 0.40; 0.40; 0.55; 0.55; 0.40; 0.55; 0.40; 0.55,1.416,1.523,0.8,-0.039,0.175,0.0,0.04
3r9jC_2kxoA,018,189.0,66.0,0.49,0.514,0.444,0.39,0.0,0.0,0.0,001; 001; 002; 002; 004; 004; 007; 007; 008; 003,0.59; 0.59; 0.58; 0.58; 0.52; 0.51; 0.45; 0.44; 0.42; 0.42,0.31; 0.31; 0.30; 0.30; 0.35; 0.35; 0.29; 0.29; 0.28; 0.33,-0.336,1.154,0.4,-0.24,0.08,0.0,-0.024
3r9jC_2kxoA,019,185.0,32.0,0.377,0.366,0.387,0.382,0.0,0.0,0.0,003; 003; 006; 006; 010; 010; 001; 001; 002; 002,0.67; 0.65; 0.60; 0.59; 0.58; 0.58; 0.56; 0.56; 0.54; 0.54,0.42; 0.42; 0.35; 0.35; 0.40; 0.40; 0.38; 0.39; 0.37; 0.37,-0.449,0.542,0.2,-0.067,0.122,0.0,0.011
3r9jC_2kxoA,020,183.0,58.0,0.472,0.602,0.443,0.477,,,,,,,-0.559,0.96,0.4,-0.209,0.051,,-0.075
3r9jC_2kxoA,021,175.0,25.0,0.456,0.569,0.458,0.595,,,,,,,0.015,1.889,0.4,-0.204,0.171,,-0.056
3r9jC_2kxoA,022,165.0,33.0,0.315,0.279,0.331,0.316,,,,,,,-1.668,0.727,0.0,0.016,0.175,,0.052
3r9jC_2kxoA,023,161.0,88.0,0.324,0.354,0.464,0.539,,,,,,,2.575,1.465,0.9,0.104,0.174,,0.026
3r9jC_2kxoA,024,159.0,102.0,0.435,0.476,0.43,0.451,,,,,,,2.212,1.297,1.0,-0.131,0.089,,-0.044
3r9jC_2kxoA,025,158.0,29.0,0.456,0.407,0.443,0.404,,,,,,,0.247,1.131,0.7,-0.254,0.175,,0.009
3r9jC_2kxoA,026,154.0,30.0,0.413,0.62,0.432,0.555,,,,,,,-0.124,1.07,0.6,-0.24,0.154,,-0.093
3r9jC_2kxoA,027,152.0,58.0,0.487,0.575,0.49,0.581,,,,,,,-0.389,1.792,0.4,-0.273,0.169,,-0.102
3r9jC_2kxoA,028,149.0,34.0,0.448,0.425,0.423,0.605,,,,,,,0.005,0.814,0.4,-0.033,0.084,,-0.029
3r9jC_2kxoA,029,147.0,63.0,0.436,0.508,0.457,0.544,,,,,,,2.32,1.904,0.9,-0.075,-0.045,,-0.058
3r9jC_2kxoA,030,144.0,19.0,0.452,0.402,0.479,0.444,,,,,,,-0.666,1.402,0.4,-0.136,0.175,,0.014
3r9jC_2kxoA,031,140.0,39.0,0.366,0.341,0.318,0.294,,,,,,,3.755,2.166,0.9,0.07,0.174,,0.038
3r9jC_2kxoA,032,139.0,28.0,0.451,0.627,0.454,0.589,,,,,,,-0.927,1.447,0.3,-0.098,-0.061,,0.006
3r9jC_2kxoA,033,136.0,13.0,0.468,0.372,0.502,0.471,,,,,,,1.031,0.953,0.8,-0.218,0.145,,-0.0
3r9jC_2kxoA,034,135.0,32.0,0.36,0.317,0.356,0.393,,,,,,,3.368,1.149,1.0,-0.025,0.173,,0.032
3r9jC_2kxoA,035,132.0,36.0,0.392,0.353,0.385,0.394,,,,,,,2.159,1.387,1.0,-0.059,0.16,,0.039
3r9jC_2kxoA,036,130.0,47.0,0.329,0.366,0.317,0.333,,,,,,,2.376,2.083,0.9,0.003,0.175,,0.032
3r9jC_2kxoA,037,127.0,15.0,0.476,0.468,0.465,0.39,,,,,,,-0.816,0.995,0.3,-0.082,0.168,,-0.049
3r9jC_2kxoA,038,126.0,12.0,0.328,0.333,0.304,0.303,,,,,,,-0.066,1.141,0.6,0.008,0.173,,0.043
3r9jC_2kxoA,039,126.0,19.0,0.421,0.62,0.467,0.499,,,,,,,-0.126,1.895,0.4,-0.159,0.16,,-0.129
3r9jC_2kxoA,040,124.0,20.0,0.34,0.34,0.466,0.437,,,,,,,-0.791,0.968,0.3,-0.197,0.175,,0.056
3r9jC_2kxoA,041,122.0,29.0,0.322,0.307,0.404,0.521,,,,,,,-0.831,1.706,0.1,-0.192,0.175,,0.039
3r9jC_2kxoA,042,121.0,38.0,0.407,0.551,0.427,0.495,,,,,,,0.751,1.4,0.6,0.027,-0.113,,-0.038
3r9jC_2kxoA,043,120.0,30.0,0.353,0.319,0.313,0.347,,,,,,,1.451,1.515,0.9,-0.008,0.174,,0.049
3r9jC_2kxoA,044,118.0,36.0,0.365,0.36,0.37,0.351,,,,,,,2.218,1.283,1.0,-0.001,0.175,,0.044
3r9jC_2kxoA,045,118.0,43.0,0.518,0.474,0.492,0.525,,,,,,,0.499,1.689,0.7,0.032,-0.033,,-0.036
3r9jC_2kxoA,046,118.0,35.0,0.44,0.467,0.464,0.517,,,,,,,0.867,2.04,0.7,0.123,0.173,,0.023
3r9jC_2kxoA,047,116.0,29.0,0.428,0.361,0.483,0.407,,,,,,,-0.08,1.462,0.5,-0.123,0.172,,0.031
3r9jC_2kxoA,048,115.0,11.0,0.447,0.494,0.471,0.502,,,,,,,-2.191,1.728,0.1,-0.01,0.079,,-0.064
3r9jC_2kxoA,049,114.0,37.0,0.465,0.528,0.415,0.493,,,,,,,2.452,0.723,1.0,0.021,0.174,,0.04
3r9jC_2kxoA,050,111.0,24.0,0.428,0.461,0.433,0.495,,,,,,,3.387,1.759,0.9,-0.115,-0.118,,0.032
3r9jC_2kxoA,051,111.0,23.0,0.497,0.601,0.412,0.45,,,,,,,0.257,1.004,0.7,-0.283,0.175,,-0.055
3r9jC_2kxoA,052,110.0,18.0,0.442,0.517,0.434,0.411,,,,,,,1.863,1.872,0.9,-0.135,0.175,,0.011
3r9jC_2kxoA,053,109.0,41.0,0.316,0.3,0.463,0.532,,,,,,,-1.844,1.22,0.2,-0.2,0.17,,0.041
3r9jC_2kxoA,054,109.0,9.0,0.432,0.39,0.394,0.38,,,,,,,-1.338,0.772,0.0,-0.053,-0.078,,0.011
3r9jC_2kxoA,055,107.0,55.0,0.425,0.448,0.421,0.449,,,,,,,1.472,1.285,0.7,-0.144,0.081,,0.015
3r9jC_2kxoA,056,106.0,34.0,0.327,0.274,0.499,0.369,,,,,,,-0.021,1.301,0.5,-0.036,0.175,,0.048
3r9jC_2kxoA,057,106.0,19.0,0.425,0.459,0.405,0.453,,,,,,,-0.046,1.696,0.4,-0.216,0.171,,-0.121
3r9jC_2kxoA,058,105.0,28.0,0.417,0.34,0.484,0.472,,,,,,,-0.972,1.631,0.3,-0.147,0.168,,0.026
3r9jC_2kxoA,059,104.0,9.0,0.411,0.421,0.395,0.348,,,,,,,-0.698,1.647,0.3,-0.108,0.168,,0.026
3r9jC_2kxoA,060,101.0,34.0,0.448,0.639,0.461,0.602,,,,,,,-0.044,0.792,0.6,-0.054,0.166,,-0.084
3r9jC_2kxoA,061,99.0,32.0,0.344,0.302,0.49,0.507,,,,,,,1.85,0.879,1.0,0.041,0.082,,0.041
3r9jC_2kxoA,062,98.0,24.0,0.438,0.388,0.443,0.372,,,,,,,-0.66,1.025,0.3,-0.128,0.175,,-0.029
3r9jC_2kxoA,063,97.0,51.0,0.486,0.553,0.451,0.569,,,,,,,2.391,2.201,0.7,-0.143,0.166,,-0.098
3r9jC_2kxoA,064,95.0,10.0,0.484,0.365,0.479,0.36,,,,,,,-2.149,1.438,0.1,-0.14,-0.042,,-0.062
3r9jC_2kxoA,065,94.0,44.0,0.309,0.295,0.344,0.337,,,,,,,0.938,1.968,0.7,0.02,0.173,,0.017
3r9jC_2kxoA,066,93.0,46.0,0.344,0.339,0.345,0.326,,,,,,,3.294,1.983,1.0,0.056,0.175,,0.012
3r9jC_2kxoA,067,93.0,56.0,0.369,0.383,0.497,0.44,,,,,,,2.338,2.217,0.8,-0.039,0.175,,0.056
3r9jC_2kxoA,068,92.0,48.0,0.464,0.495,0.458,0.529,,,,,,,1.937,1.777,1.0,-0.151,-0.08,,-0.017
3r9jC_2kxoA,069,91.0,50.0,0.432,0.52,0.428,0.527,,,,,,,1.924,1.773,0.8,-0.25,-0.081,,0.041
3r9jC_2kxoA,070,91.0,20.0,0.462,0.558,0.477,0.483,,,,,,,-1.582,1.701,0.2,-0.274,-0.084,,-0.074
3r9jC_2kxoA,071,89.0,42.0,0.478,0.59,0.477,0.382,,,,,,,-0.358,1.03,0.5,-0.239,0.175,,-0.123
3r9jC_2kxoA,072,88.0,10.0,0.467,0.606,0.457,0.441,,,,,,,-0.584,0.735,0.3,-0.064,-0.089,,-0.062
3r9jC_2kxoA,073,85.0,32.0,0.334,0.328,0.343,0.31,,,,,,,1.201,2.11,0.6,0.005,0.175,,0.039
3r9jC_2kxoA,074,80.0,14.0,0.287,0.373,0.411,0.411,,,,,,,2.349,0.98,1.0,-0.002,0.026,,0.028
3r9jC_2kxoA,075,80.0,24.0,0.429,0.43,0.439,0.404,,,,,,,-0.912,1.199,0.3,-0.075,0.174,,0.042
3r9jC_2kxoA,076,80.0,22.0,0.505,0.563,0.476,0.545,,,,,,,-1.191,1.149,0.1,-0.314,0.108,,-0.086
3r9jC_2kxoA,077,79.0,54.0,0.457,0.527,0.473,0.511,,,,,,,1.191,1.97,0.7,-0.065,0.169,,-0.072
3r9jC_2kxoA,078,77.0,42.0,0.37,0.396,0.406,0.387,,,,,,,1.378,2.108,0.7,0.029,0.174,,0.045
3r9jC_2kxoA,079,76.0,10.0,0.343,0.407,0.417,0.439,,,,,,,0.953,2.14,0.7,-0.1,0.175,,0.041
3r9jC_2kxoA,080,74.0,29.0,0.409,0.375,0.404,0.433,,,,,,,1.925,2.698,0.7,-0.061,0.079,,-0.015
3r9jC_2kxoA,081,70.0,44.0,0.383,0.464,0.475,0.505,,,,,,,1.697,0.883,1.0,-0.109,0.098,,-0.058
3r9jC_2kxoA,082,69.0,19.0,0.31,0.268,0.436,0.284,,,,,,,3.542,1.672,1.0,-0.084,0.175,,0.025
3r9jC_2kxoA,083,67.0,26.0,0.451,0.442,0.456,0.424,,,,,,,-0.833,1.072,0.3,-0.134,0.175,,0.038
3r9jC_2kxoA,084,61.0,40.0,0.315,0.327,0.32,0.29,,,,,,,1.093,1.901,0.7,0.023,0.174,,0.026
3r9jC_2kxoA,085,61.0,21.0,0.328,0.352,0.371,0.32,,,,,,,2.747,2.145,0.9,-0.049,0.175,,0.03
3r9jC_2kxoA,086,61.0,15.0,0.467,0.376,0.483,0.46,,,,,,,-0.639,0.846,0.3,-0.15,0.175,,-0.029
3r9jC_2kxoA,087,60.0,39.0,0.34,0.294,0.31,0.257,,,,,,,0.847,2.63,0.6,-0.022,0.174,,0.022
3r9jC_2kxoA,088,58.0,16.0,0.435,0.635,0.482,0.391,,,,,,,-1.099,0.531,0.0,-0.333,0.173,,-0.032
3r9jC_2kxoA,089,55.0,24.0,0.47,0.36,0.469,0.396,,,,,,,-1.556,1.408,0.1,-0.092,0.146,,0.031
3r9jC_2kxoA,090,55.0,35.0,0.441,0.638,0.451,0.444,,,,,,,-0.09,1.201,0.5,-0.073,0.174,,-0.007
3r9jC_2kxoA,091,54.0,41.0,0.478,0.477,0.486,0.572,,,,,,,1.276,1.81,0.9,-0.169,-0.08,,-0.098
3r9jC_2kxoA,092,54.0,25.0,0.43,0.456,0.442,0.47,,,,,,,1.342,2.079,0.7,-0.134,0.173,,-0.067
3r9jC_2kxoA,093,53.0,29.0,0.331,0.326,0.333,0.338,,,,,,,2.821,1.145,1.0,0.024,0.173,,0.029
3r9jC_2kxoA,094,47.0,28.0,0.456,0.497,0.471,0.514,,,,,,,1.456,1.551,0.8,-0.162,-0.01,,-0.047
3r9jC_2kxoA,095,44.0,22.0,0.469,0.595,0.471,0.565,,,,,,,0.006,1.806,0.3,-0.138,0.175,,-0.062
3r9jC_2kxoA,096,43.0,16.0,0.461,0.613,0.451,0.6,,,,,,,-0.369,0.952,0.3,0.051,0.158,,0.011
3r9jC_2kxoA,097,43.0,31.0,0.324,0.285,0.337,0.345,,,,,,,2.432,1.715,1.0,0.047,0.152,,0.048
3r9jC_2kxoA,098,41.0,15.0,0.368,0.34,0.42,0.363,,,,,,,-1.721,1.38,0.1,-0.15,0.17,,0.035
3r9jC_2kxoA,099,34.0,24.0,0.41,0.368,0.373,0.457,,,,,,,-0.057,1.613,0.5,-0.033,0.175,,0.014
3t5oA_4a5wB,Deep,,,0.602,0.596,0.602,0.574,0.094,0.072,0.079,,,,,,,,-0.081,0.0,
3t5oA_4a5wB,000,251.0,83.0,0.169,0.163,0.167,0.152,0.008,0.006,0.007,001; 001; 003; 003; 002; 002; 005; 005; 007; 006,0.49; 0.49; 0.43; 0.43; 0.41; 0.41; 0.36; 0.36; 0.32; 0.32,0.46; 0.46; 0.39; 0.39; 0.38; 0.38; 0.32; 0.32; 0.31; 0.30,-75.329,17.233,0.0,0.002,-0.047,0.0,-0.001
3t5oA_4a5wB,001,189.0,38.0,0.136,0.124,0.144,0.134,0.081,0.058,0.067,001; 001; 003; 003; 002; 002; 006; 006; 009; 009,0.54; 0.54; 0.49; 0.49; 0.48; 0.47; 0.39; 0.39; 0.38; 0.38,0.51; 0.51; 0.47; 0.47; 0.45; 0.45; 0.37; 0.38; 0.37; 0.37,-70.701,8.708,0.0,-0.016,-0.075,0.0,-0.028
3t5oA_4a5wB,002,186.0,60.0,0.141,0.135,0.192,0.177,,,,,,,-88.077,35.404,0.0,0.026,-0.08,,
3t5oA_4a5wB,003,179.0,8.0,0.12,0.129,0.218,0.234,,,,,,,-20.171,16.051,0.1,-0.012,-0.069,,
3t5oA_4a5wB,004,169.0,36.0,0.139,0.152,0.216,0.192,,,,,,,-38.498,20.21,0.0,0.02,-0.078,,
3t5oA_4a5wB,005,156.0,51.0,0.19,0.181,0.35,0.352,,,,,,,-71.415,16.509,0.0,-0.035,-0.051,,
3t5oA_4a5wB,006,154.0,10.0,0.125,0.152,0.142,0.163,,,,,,,-42.292,32.79,0.0,0.028,-0.081,,
3t5oA_4a5wB,007,147.0,20.0,0.144,0.182,0.16,0.169,,,,,,,-78.92,24.58,0.0,-0.025,-0.072,,
3t5oA_4a5wB,008,144.0,18.0,0.138,0.14,0.163,0.156,,,,,,,-69.362,12.251,0.0,-0.034,-0.039,,-0.016
3t5oA_4a5wB,009,143.0,12.0,0.147,0.146,0.151,0.147,,,,,,,-61.172,16.952,0.0,0.001,-0.001,,
3t5oA_4a5wB,010,130.0,28.0,0.134,0.145,0.146,0.156,,,,,,,-73.581,17.701,0.0,-0.056,-0.013,,
3t5oA_4a5wB,011,123.0,34.0,0.139,0.158,0.144,0.139,,,,,,,-70.743,9.421,0.0,-0.04,-0.077,,-0.033
3t5oA_4a5wB,012,120.0,17.0,0.139,0.14,0.165,0.176,,,,,,,-79.613,11.157,0.0,-0.012,0.002,,-0.009
3t5oA_4a5wB,013,114.0,35.0,0.145,0.144,0.164,0.193,,,,,,,-75.243,34.985,0.0,-0.007,-0.034,,
3t5oA_4a5wB,014,109.0,15.0,0.142,0.139,0.156,0.137,,,,,,,-70.575,22.351,0.0,0.038,-0.034,,-0.029
3t5oA_4a5wB,015,103.0,34.0,0.153,0.171,0.203,0.198,,,,,,,-89.673,31.473,0.0,-0.0,-0.063,,
3t5oA_4a5wB,016,102.0,17.0,0.15,0.143,0.163,0.157,,,,,,,-67.065,17.882,0.0,0.007,-0.035,,-0.015
3t5oA_4a5wB,017,99.0,28.0,0.165,0.17,0.184,0.177,,,,,,,-52.815,19.058,0.0,-0.022,-0.08,,
3t5oA_4a5wB,018,97.0,24.0,0.177,0.17,0.438,0.464,,,,,,,-76.248,15.807,0.0,0.022,-0.018,,
3t5oA_4a5wB,019,97.0,22.0,0.148,0.162,0.24,0.205,,,,,,,-72.634,27.589,0.0,-0.012,-0.02,,
3t5oA_4a5wB,020,95.0,32.0,0.158,0.153,0.253,0.199,,,,,,,-52.219,14.731,0.0,0.032,-0.078,,
3t5oA_4a5wB,021,92.0,4.0,0.137,0.143,0.144,0.134,,,,,,,-87.321,9.858,0.0,-0.014,-0.001,,
3t5oA_4a5wB,022,89.0,21.0,0.156,0.147,0.168,0.212,,,,,,,-52.794,10.231,0.0,-0.041,-0.077,,
3t5oA_4a5wB,023,87.0,12.0,0.125,0.142,0.176,0.199,,,,,,,-66.901,34.228,0.0,-0.029,-0.081,,
3t5oA_4a5wB,024,77.0,15.0,0.158,0.146,0.182,0.173,,,,,,,-68.539,18.278,0.0,-0.008,-0.058,,-0.006
3t5oA_4a5wB,025,77.0,30.0,0.165,0.161,0.141,0.145,,,,,,,-73.865,24.834,0.0,-0.026,0.004,,-0.034
3t5oA_4a5wB,026,77.0,29.0,0.163,0.158,0.193,0.208,,,,,,,-79.24,7.241,0.0,0.027,-0.005,,-0.031
3t5oA_4a5wB,027,73.0,35.0,0.14,0.132,0.158,0.158,,,,,,,-73.095,9.49,0.0,0.019,-0.027,,-0.027
3t5oA_4a5wB,028,70.0,2.0,0.157,0.149,0.199,0.2,,,,,,,-82.076,23.57,0.0,0.016,-0.08,,
3t5oA_4a5wB,029,63.0,17.0,0.16,0.146,0.159,0.148,,,,,,,-76.843,8.802,0.0,-0.039,-0.028,,-0.012
3t5oA_4a5wB,030,61.0,23.0,0.174,0.146,0.159,0.168,,,,,,,-73.284,13.905,0.0,-0.012,-0.047,,-0.033
3t5oA_4a5wB,031,61.0,19.0,0.147,0.133,0.155,0.139,,,,,,,-72.895,11.381,0.0,-0.02,-0.081,,-0.036
3t5oA_4a5wB,032,60.0,14.0,0.121,0.139,0.167,0.183,,,,,,,-98.941,12.769,0.0,-0.036,-0.068,,
3t5oA_4a5wB,033,59.0,8.0,0.177,0.166,0.177,0.18,,,,,,,-75.793,6.566,0.0,-0.064,-0.081,,-0.032
3t5oA_4a5wB,034,59.0,22.0,0.168,0.157,0.149,0.141,,,,,,,-70.125,11.977,0.0,-0.02,-0.039,,-0.004
3t5oA_4a5wB,035,54.0,15.0,0.122,0.121,0.167,0.205,,,,,,,-92.88,16.213,0.0,-0.04,-0.069,,
3t5oA_4a5wB,036,51.0,8.0,0.137,0.165,0.159,0.187,,,,,,,-46.326,30.919,0.0,0.016,-0.041,,
3t5oA_4a5wB,037,40.0,15.0,0.145,0.16,0.186,0.188,,,,,,,-85.159,20.373,0.0,-0.077,-0.063,,
3t5oA_4a5wB,038,39.0,11.0,0.131,0.126,0.17,0.16,,,,,,,-77.236,18.874,0.0,-0.064,-0.0,,-0.019
3t5oA_4a5wB,039,39.0,13.0,0.142,0.148,0.165,0.156,,,,,,,-73.669,8.158,0.0,-0.061,-0.081,,-0.022
3t5oA_4a5wB,040,38.0,18.0,0.138,0.154,0.194,0.197,,,,,,,-75.36,9.545,0.0,-0.029,-0.05,,-0.008
3t5oA_4a5wB,041,37.0,14.0,0.144,0.134,0.173,0.158,,,,,,,-77.766,9.805,0.0,0.02,-0.055,,-0.028
3t5oA_4a5wB,042,34.0,15.0,0.145,0.138,0.171,0.166,,,,,,,-71.164,11.209,0.0,0.007,-0.053,,-0.029
3t5oA_4a5wB,043,34.0,14.0,0.148,0.154,0.172,0.204,,,,,,,-45.509,29.146,0.0,-0.081,-0.078,,
3t5oA_4a5wB,044,33.0,19.0,0.121,0.126,0.161,0.162,,,,,,,-74.314,20.502,0.0,-0.014,-0.077,,-0.005
3t5oA_4a5wB,045,30.0,20.0,0.143,0.125,0.175,0.179,,,,,,,-103.316,19.022,0.0,0.033,-0.081,,
3t5oA_4a5wB,046,27.0,16.0,0.165,0.16,0.169,0.174,,,,,,,-78.827,9.546,0.0,-0.035,-0.081,,-0.038
3t5oA_4a5wB,047,17.0,12.0,0.179,0.161,0.154,0.16,,,,,,,-77.225,8.318,0.0,-0.053,-0.025,,-0.04
3t5oA_4a5wB,048,15.0,13.0,0.206,0.241,0.33,0.299,,,,,,,-32.22,22.824,0.0,0.005,-0.081,,
3t5oA_4a5wB,049,14.0,10.0,0.143,0.14,0.188,0.177,,,,,,,-80.093,7.032,0.0,-0.039,-0.02,,-0.03
3v0tA_3uyiA,Deep,,,0.945,0.884,0.945,0.882,,0.447,0.3,,,,,,,,-0.026,0.136,
3v0tA_3uyiA,000,2394.0,1741.0,0.826,0.746,0.839,0.756,0.112,0.111,0.112,001; 001; 004; 006; 006; 004; 005; 005; 010; 007,0.92; 0.92; 0.88; 0.88; 0.88; 0.88; 0.86; 0.86; 0.83; 0.83,0.84; 0.84; 0.80; 0.82; 0.82; 0.80; 0.80; 0.80; 0.78; 0.78,-0.052,2.769,0.4,0.007,-0.01,0.055,0.006
3v0tA_3uyiA,001,2190.0,1569.0,0.867,0.785,0.875,0.788,0.113,0.123,0.117,001; 007; 007; 001; 003; 003; 004; 004; 002; 002,0.90; 0.90; 0.90; 0.90; 0.89; 0.89; 0.88; 0.88; 0.83; 0.83,0.82; 0.85; 0.85; 0.82; 0.83; 0.83; 0.81; 0.81; 0.76; 0.76,-0.852,4.119,0.4,0.007,-0.024,0.033,0.016
3v0tA_3uyiA,002,1858.0,750.0,0.305,0.278,0.897,0.811,0.093,0.094,0.104,001; 001; 003; 003; 010; 010; 002; 002; 007; 007,0.91; 0.91; 0.89; 0.89; 0.88; 0.88; 0.87; 0.87; 0.85; 0.85,0.83; 0.83; 0.83; 0.83; 0.82; 0.82; 0.80; 0.80; 0.78; 0.78,-1.98,3.224,0.3,-0.0,0.004,0.016,-0.019
3v0tA_3uyiA,003,1762.0,1079.0,0.875,0.796,0.902,0.815,0.128,0.126,0.131,001; 001; 003; 003; 007; 007; 004; 004; 002; 005,0.91; 0.91; 0.90; 0.90; 0.87; 0.87; 0.85; 0.85; 0.82; 0.82,0.84; 0.84; 0.85; 0.85; 0.82; 0.82; 0.78; 0.78; 0.75; 0.77,0.749,3.159,0.7,0.011,-0.009,0.007,0.006
3v0tA_3uyiA,004,1238.0,912.0,0.75,0.691,0.864,0.783,0.082,0.072,0.087,004; 004; 001; 001; 005; 005; 002; 002; 006; 008,0.91; 0.91; 0.90; 0.90; 0.88; 0.88; 0.85; 0.85; 0.84; 0.84,0.84; 0.84; 0.81; 0.81; 0.81; 0.81; 0.77; 0.77; 0.77; 0.76,-1.351,4.177,0.4,0.003,0.028,0.017,0.002
3v0tA_3uyiA,005,1238.0,955.0,0.858,0.779,0.874,0.791,,0.446,0.317,001; 001; 004; 004; 003; 003; 005; 005; 006; 006,0.95; 0.95; 0.86; 0.86; 0.85; 0.84; 0.83; 0.83; 0.80; 0.80,0.87; 0.87; 0.80; 0.80; 0.78; 0.77; 0.77; 0.77; 0.72; 0.72,-2.171,2.457,0.1,0.007,-0.017,0.0,0.008
3v0tA_3uyiA,006,1201.0,747.0,0.292,0.269,0.856,0.775,0.097,0.088,0.097,007; 007; 004; 004; 001; 001; 005; 005; 002; 002,0.89; 0.89; 0.88; 0.88; 0.87; 0.87; 0.86; 0.86; 0.85; 0.85,0.81; 0.81; 0.81; 0.81; 0.79; 0.79; 0.80; 0.80; 0.79; 0.79,-1.432,3.372,0.2,-0.009,-0.004,0.006,0.011
3v0tA_3uyiA,007,1148.0,736.0,0.834,0.763,0.878,0.792,0.098,0.102,0.106,003; 007; 003; 007; 001; 008; 008; 001; 004; 004,0.90; 0.90; 0.90; 0.90; 0.89; 0.89; 0.89; 0.89; 0.86; 0.86,0.84; 0.84; 0.84; 0.84; 0.81; 0.84; 0.84; 0.81; 0.81; 0.81,-0.224,2.578,0.4,0.014,0.029,0.003,-0.004
3v0tA_3uyiA,008,860.0,81.0,0.261,0.249,0.893,0.826,0.094,0.086,0.103,001; 008; 009; 008; 009; 001; 003; 003; 005; 005,0.89; 0.89; 0.89; 0.89; 0.89; 0.89; 0.88; 0.88; 0.82; 0.82,0.80; 0.84; 0.83; 0.84; 0.83; 0.80; 0.82; 0.82; 0.76; 0.76,0.184,3.542,0.4,0.017,0.018,0.001,-0.001
3v0tA_3uyiA,009,758.0,560.0,0.787,0.714,0.867,0.782,0.066,0.054,0.067,001; 001; 002; 002; 004; 004; 003; 003; 005; 005,0.90; 0.90; 0.89; 0.89; 0.86; 0.86; 0.83; 0.83; 0.81; 0.81,0.82; 0.82; 0.81; 0.81; 0.80; 0.80; 0.75; 0.75; 0.75; 0.75,-0.692,3.297,0.3,-0.005,-0.006,0.0,0.005
3v0tA_3uyiA,010,696.0,513.0,0.87,0.793,0.891,0.811,0.108,0.115,0.109,001; 001; 004; 007; 006; 007; 006; 004; 002; 002,0.89; 0.89; 0.88; 0.88; 0.88; 0.88; 0.88; 0.88; 0.87; 0.87,0.81; 0.81; 0.80; 0.82; 0.82; 0.82; 0.82; 0.80; 0.80; 0.80,-0.957,3.772,0.4,0.021,-0.017,0.002,0.007
3v0tA_3uyiA,011,675.0,449.0,0.652,0.596,0.896,0.806,0.138,0.129,0.122,001; 001; 003; 003; 002; 002; 004; 004; 007; 007,0.90; 0.90; 0.89; 0.89; 0.88; 0.88; 0.86; 0.86; 0.84; 0.84,0.82; 0.82; 0.82; 0.82; 0.80; 0.80; 0.80; 0.80; 0.78; 0.78,-1.347,3.6,0.5,-0.0,-0.005,0.002,-0.006
3v0tA_3uyiA,012,669.0,472.0,0.81,0.736,0.898,0.816,0.069,0.069,0.08,001; 001; 009; 009; 002; 002; 005; 005; 007; 007,0.91; 0.91; 0.89; 0.89; 0.88; 0.88; 0.87; 0.87; 0.87; 0.87,0.82; 0.82; 0.84; 0.84; 0.80; 0.80; 0.81; 0.81; 0.81; 0.81,-1.693,3.891,0.3,0.009,0.035,0.0,-0.005
3v0tA_3uyiA,013,592.0,62.0,0.304,0.29,0.891,0.829,0.107,0.098,0.106,001; 001; 005; 005; 003; 003; 002; 007; 004; 004,0.91; 0.91; 0.90; 0.90; 0.88; 0.88; 0.87; 0.87; 0.87; 0.87,0.82; 0.82; 0.83; 0.83; 0.82; 0.82; 0.81; 0.83; 0.79; 0.79,0.101,3.142,0.5,-0.002,-0.009,0.0,-0.008
3v0tA_3uyiA,014,573.0,418.0,0.88,0.798,0.906,0.817,0.092,0.094,0.1,008; 008; 001; 001; 005; 005; 007; 009; 007; 009,0.93; 0.93; 0.91; 0.91; 0.88; 0.88; 0.86; 0.86; 0.86; 0.86,0.86; 0.86; 0.84; 0.84; 0.82; 0.82; 0.80; 0.79; 0.80; 0.79,-0.743,2.911,0.4,0.002,-0.019,0.006,0.014
3v0tA_3uyiA,015,573.0,389.0,0.84,0.774,0.9,0.828,0.135,0.125,0.118,007; 006; 006; 007; 003; 003; 002; 002; 001; 001,0.90; 0.90; 0.90; 0.90; 0.89; 0.89; 0.85; 0.85; 0.81; 0.81,0.82; 0.84; 0.84; 0.82; 0.80; 0.80; 0.79; 0.79; 0.73; 0.73,-2.677,3.049,0.3,0.003,-0.0,0.0,-0.002
3v0tA_3uyiA,016,553.0,366.0,0.749,0.686,0.884,0.803,0.097,0.108,0.1,001; 001; 009; 009; 004; 004; 006; 006; 002; 005,0.90; 0.90; 0.89; 0.89; 0.89; 0.89; 0.87; 0.87; 0.85; 0.85,0.81; 0.81; 0.82; 0.82; 0.83; 0.83; 0.80; 0.80; 0.77; 0.77,-2.962,3.484,0.2,0.001,0.003,0.0,-0.016
3v0tA_3uyiA,017,538.0,335.0,0.608,0.558,0.884,0.798,0.128,0.126,0.113,001; 001; 010; 008; 008; 010; 004; 004; 009; 009,0.91; 0.91; 0.88; 0.88; 0.88; 0.88; 0.87; 0.87; 0.86; 0.86,0.83; 0.83; 0.82; 0.81; 0.81; 0.82; 0.79; 0.79; 0.80; 0.80,-3.018,3.844,0.2,-0.004,0.002,0.0,-0.001
3v0tA_3uyiA,018,535.0,380.0,0.811,0.74,0.833,0.759,0.13,0.118,0.109,001; 001; 005; 005; 004; 004; 003; 003; 002; 007,0.91; 0.91; 0.88; 0.88; 0.88; 0.87; 0.86; 0.86; 0.83; 0.83,0.83; 0.83; 0.82; 0.82; 0.82; 0.82; 0.80; 0.80; 0.77; 0.77,-1.933,3.475,0.4,0.008,0.016,0.0,0.008
3v0tA_3uyiA,019,516.0,350.0,0.695,0.638,0.895,0.812,0.122,0.122,0.124,001; 001; 005; 005; 004; 004; 006; 006; 002; 007,0.91; 0.91; 0.86; 0.86; 0.84; 0.84; 0.81; 0.81; 0.80; 0.80,0.82; 0.82; 0.80; 0.80; 0.77; 0.77; 0.76; 0.76; 0.74; 0.75,-4.404,2.259,0.1,-0.016,-0.011,0.0,0.002
3v0tA_3uyiA,020,513.0,229.0,0.669,0.619,0.878,0.792,,,,,,,-0.594,2.943,0.3,-0.016,0.025,,-0.007
3v0tA_3uyiA,021,507.0,294.0,0.631,0.594,0.841,0.768,,,,,,,-3.093,3.029,0.2,0.001,0.019,,0.004
3v0tA_3uyiA,022,439.0,279.0,0.888,0.819,0.906,0.835,,,,,,,-1.769,2.598,0.1,-0.005,0.026,,-0.003
3v0tA_3uyiA,023,431.0,246.0,0.585,0.549,0.875,0.794,,,,,,,-3.578,2.274,0.1,0.002,0.029,,0.0
3v0tA_3uyiA,024,425.0,311.0,0.81,0.738,0.866,0.791,,,,,,,-0.367,3.584,0.5,0.011,-0.016,,0.002
3v0tA_3uyiA,025,408.0,320.0,0.807,0.732,0.83,0.751,,,,,,,-1.909,4.32,0.1,0.015,0.008,,-0.009
3v0tA_3uyiA,026,371.0,255.0,0.827,0.755,0.883,0.803,,,,,,,-3.991,2.806,0.1,-0.002,-0.014,,-0.002
3v0tA_3uyiA,027,370.0,266.0,0.849,0.778,0.898,0.823,,,,,,,-2.185,1.508,0.2,-0.018,-0.016,,-0.003
3v0tA_3uyiA,028,367.0,250.0,0.863,0.793,0.883,0.801,,,,,,,-1.647,3.645,0.3,0.004,-0.004,,0.003
3v0tA_3uyiA,029,328.0,234.0,0.768,0.708,0.904,0.816,,,,,,,-4.07,1.573,0.0,-0.018,0.022,,-0.004
3v0tA_3uyiA,030,323.0,219.0,0.79,0.719,0.888,0.806,,,,,,,-3.25,1.615,0.0,-0.008,-0.017,,0.004
3v0tA_3uyiA,031,313.0,164.0,0.791,0.744,0.889,0.811,,,,,,,-2.7,1.709,0.1,0.002,-0.009,,0.008
3v0tA_3uyiA,032,306.0,165.0,0.691,0.647,0.815,0.742,,,,,,,-1.544,3.725,0.4,0.014,-0.007,,0.005
3v0tA_3uyiA,033,305.0,220.0,0.797,0.735,0.9,0.813,,,,,,,-0.01,3.867,0.4,-0.016,-0.012,,-0.005
3v0tA_3uyiA,034,294.0,158.0,0.68,0.621,0.885,0.801,,,,,,,-3.162,2.812,0.1,0.003,-0.017,,0.003
3v0tA_3uyiA,035,284.0,183.0,0.858,0.786,0.872,0.792,,,,,,,-4.147,3.274,0.1,-0.012,-0.026,,0.01
3v0tA_3uyiA,036,275.0,181.0,0.839,0.761,0.84,0.761,,,,,,,-2.249,2.441,0.2,0.015,0.036,,0.012
3v0tA_3uyiA,037,274.0,151.0,0.53,0.494,0.872,0.789,,,,,,,-2.241,2.139,0.2,0.01,-0.004,,-0.005
3v0tA_3uyiA,038,270.0,188.0,0.721,0.662,0.901,0.815,,,,,,,-4.33,2.962,0.1,0.006,-0.024,,-0.019
3v0tA_3uyiA,039,269.0,162.0,0.868,0.795,0.874,0.801,,,,,,,-3.263,3.071,0.2,0.009,0.019,,-0.0
3v0tA_3uyiA,040,268.0,206.0,0.603,0.556,0.8,0.724,,,,,,,-2.577,3.308,0.2,-0.017,0.018,,-0.001
3v0tA_3uyiA,041,268.0,209.0,0.744,0.677,0.858,0.772,,,,,,,-2.859,2.693,0.2,0.009,0.002,,-0.008
3v0tA_3uyiA,042,261.0,212.0,0.799,0.735,0.853,0.78,,,,,,,-3.184,2.55,0.1,0.004,-0.01,,-0.004
3v0tA_3uyiA,043,250.0,168.0,0.835,0.76,0.914,0.828,,,,,,,-2.906,2.787,0.1,0.001,-0.006,,-0.001
3v0tA_3uyiA,044,247.0,121.0,0.848,0.775,0.885,0.807,,,,,,,-4.31,1.466,0.0,-0.004,0.03,,0.0
3v0tA_3uyiA,045,245.0,169.0,0.666,0.635,0.863,0.803,,,,,,,-1.46,3.433,0.4,0.003,0.007,,-0.002
3v0tA_3uyiA,046,245.0,163.0,0.756,0.694,0.85,0.78,,,,,,,-4.015,1.606,0.0,0.013,0.015,,-0.002
3v0tA_3uyiA,047,243.0,155.0,0.58,0.537,0.875,0.794,,,,,,,-2.087,2.636,0.1,-0.001,0.016,,0.018
3v0tA_3uyiA,048,230.0,167.0,0.84,0.769,0.837,0.766,,,,,,,-2.464,2.034,0.1,0.012,-0.001,,0.01
3v0tA_3uyiA,049,228.0,170.0,0.807,0.759,0.849,0.785,,,,,,,-1.471,2.87,0.3,0.006,-0.022,,-0.001
3v0tA_3uyiA,050,227.0,154.0,0.724,0.674,0.886,0.803,,,,,,,-1.499,2.693,0.4,-0.01,-0.002,,-0.0
3v0tA_3uyiA,051,225.0,70.0,0.379,0.346,0.891,0.814,,,,,,,-0.559,3.11,0.4,0.012,0.012,,-0.003
3v0tA_3uyiA,052,225.0,158.0,0.824,0.754,0.851,0.773,,,,,,,-3.087,1.971,0.1,0.014,0.01,,-0.008
3v0tA_3uyiA,053,224.0,151.0,0.811,0.743,0.908,0.821,,,,,,,-4.109,2.837,0.1,-0.007,-0.017,,-0.005
3v0tA_3uyiA,054,223.0,173.0,0.831,0.77,0.847,0.78,,,,,,,-3.259,1.663,0.0,0.005,0.034,,0.004
3v0tA_3uyiA,055,221.0,187.0,0.79,0.717,0.8,0.723,,,,,,,-2.025,3.763,0.4,0.008,0.012,,0.011
3v0tA_3uyiA,056,217.0,160.0,0.844,0.778,0.851,0.784,,,,,,,-1.783,1.8,0.2,0.014,0.016,,0.001
3v0tA_3uyiA,057,216.0,107.0,0.52,0.486,0.494,0.471,,,,,,,-0.258,1.997,0.6,0.0,0.024,,0.005
3v0tA_3uyiA,058,212.0,155.0,0.83,0.759,0.858,0.78,,,,,,,-5.786,3.555,0.1,0.004,0.018,,0.007
3v0tA_3uyiA,059,210.0,115.0,0.848,0.77,0.907,0.817,,,,,,,-1.285,2.283,0.2,0.002,-0.019,,-0.0
3v0tA_3uyiA,060,209.0,166.0,0.68,0.624,0.849,0.77,,,,,,,-1.937,3.07,0.2,-0.004,-0.008,,0.002
3v0tA_3uyiA,061,202.0,165.0,0.785,0.714,0.789,0.716,,,,,,,-1.037,2.73,0.5,-0.014,-0.005,,-0.001
3v0tA_3uyiA,062,202.0,150.0,0.775,0.711,0.845,0.779,,,,,,,-0.602,3.355,0.4,0.0,-0.017,,-0.003
3v0tA_3uyiA,063,195.0,132.0,0.766,0.699,0.845,0.764,,,,,,,-1.625,3.011,0.3,-0.009,0.011,,-0.003
3v0tA_3uyiA,064,183.0,85.0,0.626,0.566,0.867,0.792,,,,,,,-0.71,3.978,0.6,0.001,0.016,,0.003
3v0tA_3uyiA,065,180.0,112.0,0.529,0.498,0.895,0.809,,,,,,,-2.962,2.546,0.0,0.016,-0.009,,0.003
3v0tA_3uyiA,066,173.0,124.0,0.528,0.509,0.873,0.804,,,,,,,-1.229,3.473,0.4,-0.006,-0.011,,-0.003
3v0tA_3uyiA,067,172.0,119.0,0.643,0.594,0.65,0.598,,,,,,,-2.91,2.386,0.2,0.005,0.002,,0.0
3v0tA_3uyiA,068,170.0,107.0,0.858,0.785,0.902,0.817,,,,,,,-2.154,2.619,0.1,0.003,-0.003,,0.001
3v0tA_3uyiA,069,164.0,115.0,0.818,0.745,0.853,0.772,,,,,,,-1.012,2.907,0.3,-0.013,-0.004,,-0.003
3v0tA_3uyiA,070,163.0,115.0,0.589,0.547,0.64,0.592,,,,,,,-1.684,3.259,0.4,-0.005,0.029,,-0.002
3v0tA_3uyiA,071,162.0,121.0,0.923,0.868,0.946,0.89,,,,,,,-2.961,4.098,0.2,0.01,0.029,,0.003
3v0tA_3uyiA,072,159.0,75.0,0.634,0.58,0.594,0.547,,,,,,,-4.176,2.939,0.1,0.001,0.033,,0.003
3v0tA_3uyiA,073,155.0,122.0,0.896,0.855,0.94,0.883,,,,,,,-0.852,2.376,0.3,0.006,0.017,,0.002
3v0tA_3uyiA,074,153.0,104.0,0.856,0.776,0.861,0.78,,,,,,,-1.071,2.278,0.3,0.014,-0.011,,0.001
3v0tA_3uyiA,075,153.0,110.0,0.709,0.646,0.849,0.768,,,,,,,-1.979,2.296,0.1,-0.003,0.006,,
3v0tA_3uyiA,076,150.0,114.0,0.577,0.535,0.578,0.54,,,,,,,-4.175,1.29,0.0,0.007,-0.028,,0.001
3v0tA_3uyiA,077,139.0,87.0,0.838,0.765,0.859,0.783,,,,,,,-2.806,3.08,0.1,-0.004,-0.009,,0.003
3v0tA_3uyiA,078,137.0,75.0,0.658,0.603,0.813,0.743,,,,,,,-2.757,3.1,0.2,0.006,0.014,,-0.005
3v0tA_3uyiA,079,134.0,100.0,0.77,0.707,0.869,0.796,,,,,,,-1.906,2.273,0.2,0.008,-0.017,,0.0
3v0tA_3uyiA,080,134.0,111.0,0.85,0.791,0.676,0.61,,,,,,,-2.842,3.47,0.3,0.005,0.034,,0.002
3v0tA_3uyiA,081,132.0,83.0,0.559,0.532,0.856,0.782,,,,,,,-3.964,2.344,0.1,0.0,-0.016,,0.001
3v0tA_3uyiA,082,131.0,69.0,0.627,0.581,0.877,0.801,,,,,,,-3.139,2.295,0.0,0.002,0.007,,0.004
3v0tA_3uyiA,083,128.0,81.0,0.66,0.603,0.89,0.806,,,,,,,-3.2,2.235,0.1,-0.001,0.003,,0.002
3v0tA_3uyiA,084,127.0,88.0,0.819,0.755,0.831,0.758,,,,,,,-5.438,2.636,0.0,0.011,-0.015,,0.007
3v0tA_3uyiA,085,122.0,62.0,0.695,0.641,0.883,0.8,,,,,,,-1.414,2.734,0.3,-0.008,-0.01,,0.001
3v0tA_3uyiA,086,121.0,94.0,0.65,0.6,0.648,0.598,,,,,,,-1.735,1.766,0.1,-0.003,-0.02,,0.005
3v0tA_3uyiA,087,118.0,79.0,0.839,0.769,0.869,0.796,,,,,,,-3.835,3.242,0.1,0.01,0.009,,0.006
3v0tA_3uyiA,088,113.0,70.0,0.829,0.756,0.861,0.788,,,,,,,-3.266,2.531,0.0,-0.006,-0.022,,0.012
3v0tA_3uyiA,089,112.0,86.0,0.758,0.69,0.792,0.716,,,,,,,-1.148,2.735,0.4,0.006,0.035,,0.004
3v0tA_3uyiA,090,106.0,78.0,0.837,0.765,0.838,0.763,,,,,,,-2.407,2.727,0.1,0.002,-0.011,,0.005
3v0tA_3uyiA,091,102.0,86.0,0.853,0.792,0.868,0.803,,,,,,,0.2,3.081,0.5,-0.001,0.024,,0.005
3v0tA_3uyiA,092,97.0,80.0,0.822,0.752,0.799,0.736,,,,,,,-1.696,2.53,0.2,0.005,-0.026,,0.003
3v0tA_3uyiA,093,91.0,52.0,0.865,0.79,0.866,0.791,,,,,,,-2.393,2.59,0.2,0.003,0.009,,0.005
3v0tA_3uyiA,094,87.0,70.0,0.736,0.676,0.83,0.757,,,,,,,-1.549,2.696,0.1,0.001,0.032,,-0.004
3v0tA_3uyiA,095,87.0,66.0,0.819,0.745,0.833,0.756,,,,,,,-4.187,2.863,0.1,0.019,0.027,,0.002
3v0tA_3uyiA,096,78.0,61.0,0.868,0.788,0.883,0.8,,,,,,,-1.622,2.327,0.3,0.01,-0.016,,0.01
3v0tA_3uyiA,097,66.0,48.0,0.841,0.774,0.872,0.793,,,,,,,-2.134,2.057,0.2,0.002,-0.002,,0.007
3v0tA_3uyiA,098,63.0,53.0,0.689,0.625,0.792,0.715,,,,,,,-4.213,2.466,0.1,-0.007,0.032,,0.006
3v0tA_3uyiA,099,49.0,35.0,0.889,0.807,0.903,0.821,,,,,,,-1.464,3.686,0.5,0.014,0.0,,0.004
3ztjE_5hmgA,Deep,,,0.926,0.902,0.952,0.937,0.05,0.049,0.052,,,,,,,,0.028,0.0,
3ztjE_5hmgA,000,86.0,3.0,0.324,0.316,0.371,0.361,0.0,0.0,0.0,006; 006; 001; 001; 007; 007; 009; 009; 002; 002,0.55; 0.54; 0.52; 0.52; 0.48; 0.48; 0.46; 0.46; 0.43; 0.43,0.53; 0.52; 0.52; 0.51; 0.47; 0.47; 0.45; 0.45; 0.42; 0.42,18.383,6.157,1.0,-0.0,0.027,0.0,-0.001
3ztjE_5hmgA,001,71.0,3.0,0.31,0.303,0.329,0.322,0.0,0.0,0.0,003; 003; 001; 001; 009; 008; 009; 002; 004; 008,0.54; 0.53; 0.51; 0.50; 0.48; 0.46; 0.46; 0.46; 0.46; 0.46,0.52; 0.52; 0.49; 0.49; 0.47; 0.45; 0.45; 0.45; 0.44; 0.45,15.999,5.421,1.0,0.0,0.028,0.0,0.001
3ztjE_5hmgA,002,66.0,1.0,0.223,0.217,0.357,0.348,0.0,0.0,0.0,001; 001; 006; 006; 007; 009; 007; 009; 008; 008,0.57; 0.57; 0.56; 0.55; 0.53; 0.53; 0.53; 0.51; 0.50; 0.50,0.56; 0.55; 0.54; 0.54; 0.52; 0.51; 0.52; 0.49; 0.49; 0.48,14.661,5.944,1.0,0.003,0.024,0.0,-0.001
3ztjE_5hmgA,003,58.0,2.0,0.171,0.195,0.238,0.223,0.013,0.013,0.013,005; 001; 002; 006; 002; 001; 005; 006; 008; 008,0.54; 0.52; 0.52; 0.52; 0.52; 0.52; 0.52; 0.51; 0.48; 0.48,0.52; 0.51; 0.50; 0.51; 0.51; 0.51; 0.51; 0.50; 0.47; 0.47,20.033,1.648,1.0,-0.002,0.029,0.0,-0.0
3ztjE_5hmgA,004,55.0,2.0,0.2,0.196,0.367,0.357,0.0,0.0,0.0,005; 001; 002; 006; 002; 001; 005; 006; 008; 008,0.54; 0.52; 0.52; 0.52; 0.52; 0.52; 0.52; 0.51; 0.48; 0.48,0.52; 0.51; 0.50; 0.51; 0.51; 0.51; 0.51; 0.50; 0.47; 0.47,15.772,1.337,1.0,-0.001,0.028,0.0,0.001
3ztjE_5hmgA,005,50.0,1.0,0.201,0.205,0.281,0.276,,,,004; 005; 010; 001; 002; 006; 008; 007; 003; 009,0.55; 0.54; 0.52; 0.49; 0.43; 0.43; 0.43; 0.42; 0.23; 0.20,0.54; 0.52; 0.50; 0.48; 0.42; 0.42; 0.42; 0.42; 0.23; 0.19,1.365,2.217,0.6,-0.001,0.029,,-0.003
3ztjE_5hmgA,006,48.0,3.0,0.218,0.209,0.267,0.261,,,,,,,16.31,2.604,1.0,-0.002,0.026,,0.0
3ztjE_5hmgA,007,46.0,8.0,0.248,0.207,0.216,0.209,,,,,,,16.836,4.723,1.0,0.001,0.028,,0.0
3ztjE_5hmgA,008,41.0,4.0,0.241,0.291,0.276,0.273,,,,,,,6.372,6.941,0.8,-0.001,0.028,,-0.003
3ztjE_5hmgA,009,40.0,1.0,0.237,0.228,0.247,0.239,,,,,,,16.751,1.087,1.0,-0.0,0.025,,-0.001
3ztjE_5hmgA,010,36.0,4.0,0.179,0.192,0.196,0.194,,,,,,,17.492,4.653,1.0,-0.001,0.025,,-0.003
3ztjE_5hmgA,011,36.0,1.0,0.202,0.193,0.204,0.199,,,,,,,23.898,0.726,1.0,-0.006,0.028,,0.0
3ztjE_5hmgA,012,36.0,1.0,0.256,0.253,0.308,0.301,,,,,,,25.212,0.854,1.0,-0.004,0.026,,-0.002
3ztjE_5hmgA,013,35.0,2.0,0.305,0.299,0.336,0.329,,,,,,,22.827,0.914,1.0,-0.004,0.029,,-0.0
3ztjE_5hmgA,014,34.0,4.0,0.253,0.248,0.402,0.393,,,,,,,12.454,5.644,1.0,-0.002,0.027,,0.001
3ztjE_5hmgA,015,32.0,1.0,0.178,0.174,0.208,0.206,,,,,,,15.863,1.315,1.0,-0.0,0.026,,-0.002
3ztjE_5hmgA,016,32.0,1.0,0.181,0.177,0.248,0.246,,,,,,,2.732,0.774,1.0,-0.003,0.029,,0.001
3ztjE_5hmgA,017,31.0,3.0,0.185,0.183,0.359,0.352,,,,,,,12.101,6.284,1.0,-0.001,0.027,,-0.002
3ztjE_5hmgA,018,30.0,2.0,0.229,0.223,0.236,0.23,,,,,,,0.546,1.99,0.6,-0.002,0.028,,0.0
3ztjE_5hmgA,019,28.0,1.0,0.246,0.24,0.273,0.269,,,,,,,15.679,0.965,1.0,-0.003,0.027,,-0.001
3ztjE_5hmgA,020,26.0,7.0,0.194,0.188,0.21,0.203,,,,,,,17.624,2.811,1.0,0.005,0.026,,0.008
3ztjE_5hmgA,021,26.0,1.0,0.338,0.328,0.352,0.344,,,,,,,24.744,1.935,1.0,0.001,0.029,,0.001
3ztjE_5hmgA,022,26.0,2.0,0.285,0.276,0.279,0.272,,,,,,,1.76,1.953,0.7,-0.002,0.023,,-0.002
3ztjE_5hmgA,023,25.0,9.0,0.496,0.484,0.53,0.519,,,,,,,11.18,5.132,1.0,-0.01,0.029,,-0.001
3ztjE_5hmgA,024,24.0,3.0,0.212,0.222,0.222,0.215,,,,,,,16.557,4.885,1.0,-0.004,0.027,,-0.003
3ztjE_5hmgA,025,24.0,1.0,0.235,0.23,0.296,0.288,,,,,,,1.95,1.237,1.0,0.0,0.028,,-0.002
3ztjE_5hmgA,026,24.0,1.0,0.2,0.157,0.232,0.228,,,,,,,2.237,0.911,1.0,-0.002,0.027,,-0.0
3ztjE_5hmgA,027,23.0,3.0,0.241,0.236,0.179,0.178,,,,,,,16.572,5.367,1.0,-0.002,0.029,,0.008
3ztjE_5hmgA,028,23.0,2.0,0.166,0.184,0.217,0.217,,,,,,,16.909,1.945,1.0,-0.001,0.028,,-0.003
3ztjE_5hmgA,029,23.0,1.0,0.212,0.207,0.268,0.262,,,,,,,20.859,4.167,1.0,-0.005,0.027,,0.001
3ztjE_5hmgA,030,22.0,1.0,0.234,0.228,0.28,0.274,,,,,,,9.786,4.704,1.0,-0.001,0.028,,-0.002
3ztjE_5hmgA,031,22.0,3.0,0.175,0.168,0.159,0.16,,,,,,,3.525,3.227,1.0,-0.004,0.027,,-0.0
3ztjE_5hmgA,032,,,0.183,0.208,0.257,0.253,,,,,,,23.422,3.933,1.0,-0.002,0.028,,-0.0
3ztjE_5hmgA,033,,,0.214,0.211,0.239,0.233,,,,,,,1.299,0.811,0.9,-0.012,0.026,,-0.0
3ztjE_5hmgA,034,22.0,6.0,0.193,0.188,0.257,0.257,,,,,,,22.68,6.017,1.0,0.008,0.026,,0.003
3ztjE_5hmgA,035,,,0.237,0.232,0.244,0.235,,,,,,,15.312,1.205,1.0,-0.002,0.026,,-0.004
3ztjE_5hmgA,036,21.0,1.0,0.229,0.2,0.312,0.3,,,,,,,15.651,1.877,1.0,0.0,0.025,,-0.001
3ztjE_5hmgA,037,21.0,3.0,0.278,0.275,0.371,0.361,,,,,,,19.061,1.707,1.0,0.001,0.027,,-0.0
3ztjE_5hmgA,038,21.0,1.0,0.462,0.451,0.549,0.535,,,,,,,14.034,9.872,1.0,-0.016,0.028,,-0.002
3ztjE_5hmgA,039,21.0,1.0,0.17,0.165,0.211,0.203,,,,,,,19.833,5.634,1.0,-0.002,0.028,,0.0
3ztjE_5hmgA,040,21.0,1.0,0.192,0.199,0.273,0.268,,,,,,,16.378,0.965,1.0,-0.001,0.027,,-0.001
3ztjE_5hmgA,041,,,0.199,0.183,0.235,0.19,,,,,,,15.974,1.133,1.0,-0.002,0.027,,0.002
3ztjE_5hmgA,042,,,0.189,0.182,0.243,0.228,,,,,,,16.602,0.986,1.0,-0.002,0.029,,-0.002
3ztjE_5hmgA,043,,,0.216,0.205,0.399,0.389,,,,,,,13.149,4.959,1.0,-0.002,0.028,,-0.0
3ztjE_5hmgA,044,20.0,4.0,0.255,0.254,0.566,0.552,,,,,,,8.988,2.224,1.0,-0.006,0.027,,-0.001
3ztjE_5hmgA,045,20.0,3.0,0.212,0.189,0.21,0.206,,,,,,,16.983,2.174,1.0,-0.003,0.028,,0.0
3ztjE_5hmgA,046,,,0.369,0.36,0.501,0.487,,,,,,,9.96,2.413,1.0,-0.002,0.028,,0.0
3zxgB_5ec5P,Deep,,,0.835,0.54,0.842,0.564,0.29,0.227,0.246,3zxgB; 3zxgB; 5ec5P; 5ec5P,0.81; 0.80; 0.58; 0.58,0.57; 0.57; 0.50; 0.50,,,,,0.06,0.0,
3zxgB_5ec5P,000,,,0.583,0.51,0.905,0.551,,,,,,,-2.64,3.06,0.3,0.001,-0.018,,0.028
3zxgB_5ec5P,001,14.0,8.0,0.549,0.487,0.638,0.578,,,,,,,2.994,2.547,0.8,0.001,0.107,,0.049
3zxgB_5ec5P,002,12.0,11.0,0.412,0.411,0.653,0.615,,,,,,,5.036,2.492,0.9,-0.001,0.107,,0.036
3zxgB_5ec5P,003,11.0,9.0,0.467,0.456,0.671,0.571,,,,,,,3.224,1.684,0.9,0.004,0.107,,0.031
3zxgB_5ec5P,004,10.0,10.0,0.18,0.183,0.177,0.18,,,,,,,-0.403,3.016,0.5,0.008,-0.108,,0.009
4aalA_4aanA,Deep,,,0.879,0.994,0.88,0.995,0.113,0.11,0.111,,,,,,,,0.001,-0.038,
4aalA_4aanA,000,2295.0,1549.0,0.38,0.384,0.678,0.746,0.104,0.1,0.099,001; 001; 008; 007; 008; 007; 006; 006; 005; 005,0.86; 0.86; 0.76; 0.75; 0.75; 0.75; 0.73; 0.73; 0.70; 0.70,0.95; 0.95; 0.85; 0.83; 0.85; 0.83; 0.82; 0.82; 0.80; 0.80,-1.012,6.343,0.4,0.001,-0.005,-0.001,0.001
4aalA_4aanA,001,1452.0,861.0,0.407,0.417,0.729,0.82,0.006,0.008,0.015,001; 006; 006; 001; 005; 008; 002; 002; 005; 008,0.78; 0.78; 0.78; 0.78; 0.75; 0.75; 0.75; 0.75; 0.75; 0.75,0.86; 0.86; 0.86; 0.86; 0.83; 0.82; 0.83; 0.83; 0.83; 0.82,0.628,5.805,0.5,-0.008,-0.014,-0.002,-0.012
4aalA_4aanA,002,1240.0,814.0,0.321,0.312,0.38,0.378,0.181,0.168,0.208,001; 001; 005; 004; 004; 005; 006; 006; 002; 002,0.82; 0.82; 0.78; 0.78; 0.78; 0.77; 0.76; 0.76; 0.67; 0.67,0.91; 0.91; 0.86; 0.85; 0.83; 0.86; 0.81; 0.81; 0.76; 0.76,0.335,6.575,0.6,-0.013,0.004,-0.001,-0.0
4aalA_4aanA,003,1216.0,668.0,0.452,0.457,0.628,0.63,0.01,0.014,0.024,001; 001; 002; 002; 009; 009; 007; 007; 004; 004,0.75; 0.75; 0.74; 0.74; 0.74; 0.74; 0.73; 0.73; 0.72; 0.72,0.84; 0.84; 0.83; 0.83; 0.83; 0.83; 0.82; 0.82; 0.81; 0.81,1.285,4.066,0.5,-0.014,-0.013,-0.004,-0.008
4aalA_4aanA,004,730.0,150.0,0.235,0.243,0.602,0.605,0.028,0.029,0.025,001; 001; 002; 002; 004; 004; 005; 005; 007; 007,0.77; 0.77; 0.76; 0.76; 0.76; 0.76; 0.72; 0.72; 0.72; 0.72,0.87; 0.87; 0.87; 0.87; 0.85; 0.85; 0.81; 0.81; 0.73; 0.73,-0.121,5.276,0.5,0.003,0.003,0.0,0.046
4aalA_4aanA,005,653.0,418.0,0.454,0.428,0.611,0.63,0.017,0.019,0.016,009; 009; 005; 005; 001; 008; 008; 001; 003; 003,0.80; 0.80; 0.78; 0.78; 0.77; 0.77; 0.77; 0.77; 0.76; 0.76,0.89; 0.89; 0.85; 0.85; 0.86; 0.85; 0.85; 0.86; 0.85; 0.85,-1.502,3.672,0.3,-0.006,-0.01,0.0,0.0
4aalA_4aanA,006,566.0,387.0,0.308,0.297,0.64,0.696,0.003,0.006,0.008,001; 001; 003; 007; 004; 003; 004; 007; 006; 006,0.78; 0.78; 0.76; 0.76; 0.76; 0.76; 0.76; 0.75; 0.74; 0.74,0.87; 0.87; 0.84; 0.84; 0.85; 0.84; 0.85; 0.83; 0.82; 0.82,1.479,4.055,0.7,-0.017,0.005,0.0,0.013
4aalA_4aanA,007,547.0,360.0,0.406,0.402,0.608,0.662,0.118,0.109,0.147,001; 001; 006; 006; 008; 008; 002; 002; 003; 003,0.84; 0.84; 0.83; 0.83; 0.82; 0.82; 0.78; 0.78; 0.73; 0.73,0.95; 0.95; 0.91; 0.91; 0.92; 0.92; 0.84; 0.84; 0.82; 0.82,1.285,5.298,0.6,-0.003,-0.001,0.0,-0.015
4aalA_4aanA,008,522.0,327.0,0.304,0.307,0.353,0.364,0.022,0.024,0.018,002; 003; 009; 008; 003; 002; 008; 009; 001; 001,0.74; 0.74; 0.74; 0.74; 0.74; 0.74; 0.74; 0.74; 0.73; 0.73,0.83; 0.83; 0.82; 0.79; 0.83; 0.83; 0.79; 0.82; 0.81; 0.81,1.533,3.672,0.7,0.019,-0.014,0.0,-0.008
4aalA_4aanA,009,514.0,251.0,0.448,0.458,0.636,0.673,0.173,0.156,0.179,008; 009; 008; 009; 001; 001; 004; 004; 005; 005,0.79; 0.79; 0.79; 0.79; 0.78; 0.78; 0.75; 0.75; 0.71; 0.71,0.88; 0.88; 0.88; 0.88; 0.87; 0.87; 0.83; 0.83; 0.76; 0.76,-2.304,5.66,0.4,-0.017,-0.012,0.0,0.005
4aalA_4aanA,010,490.0,116.0,0.395,0.393,0.526,0.526,0.0,0.0,0.013,007; 005; 005; 007; 004; 004; 001; 001; 006; 006,0.78; 0.78; 0.78; 0.78; 0.77; 0.77; 0.75; 0.75; 0.73; 0.73,0.87; 0.85; 0.85; 0.87; 0.86; 0.86; 0.83; 0.83; 0.81; 0.81,1.101,3.845,0.4,-0.004,-0.002,0.0,0.007
4aalA_4aanA,011,483.0,50.0,0.447,0.428,0.63,0.624,0.138,0.126,0.147,001; 002; 002; 006; 006; 001; 003; 003; 004; 004,0.86; 0.86; 0.86; 0.85; 0.85; 0.85; 0.73; 0.73; 0.71; 0.71,0.95; 0.97; 0.97; 0.92; 0.92; 0.95; 0.75; 0.75; 0.78; 0.78,1.079,6.856,0.5,0.016,-0.008,0.0,-0.003
4aalA_4aanA,012,462.0,278.0,0.584,0.58,0.757,0.85,0.006,0.008,0.018,002; 002; 001; 001; 009; 009; 003; 003; 005; 005,0.83; 0.83; 0.81; 0.81; 0.78; 0.78; 0.73; 0.73; 0.54; 0.54,0.91; 0.91; 0.90; 0.90; 0.89; 0.89; 0.81; 0.81; 0.58; 0.58,-1.058,5.262,0.4,0.022,-0.006,0.0,0.004
4aalA_4aanA,013,423.0,267.0,0.367,0.364,0.456,0.47,0.1,0.097,0.134,001; 001; 003; 003; 004; 005; 004; 005; 002; 002,0.85; 0.85; 0.84; 0.84; 0.77; 0.76; 0.76; 0.75; 0.71; 0.71,0.95; 0.95; 0.94; 0.94; 0.79; 0.85; 0.79; 0.85; 0.74; 0.74,2.391,5.0,0.8,0.009,-0.014,0.0,-0.0
4aalA_4aanA,014,420.0,280.0,0.33,0.318,0.717,0.805,0.03,0.028,0.034,010; 010; 004; 004; 005; 001; 005; 001; 007; 006,0.78; 0.78; 0.77; 0.77; 0.76; 0.76; 0.76; 0.76; 0.74; 0.74,0.87; 0.87; 0.84; 0.84; 0.84; 0.84; 0.84; 0.84; 0.82; 0.83,1.332,4.959,0.6,0.0,0.001,0.0,-0.014
4aalA_4aanA,015,420.0,263.0,0.411,0.437,0.478,0.485,0.023,0.022,0.028,006; 006; 008; 008; 001; 009; 009; 007; 001; 007,0.80; 0.80; 0.75; 0.75; 0.74; 0.74; 0.74; 0.74; 0.74; 0.74,0.88; 0.88; 0.84; 0.84; 0.83; 0.82; 0.82; 0.83; 0.83; 0.83,0.459,4.236,0.5,-0.002,-0.013,0.0,0.003
4aalA_4aanA,016,416.0,281.0,0.372,0.388,0.605,0.614,0.048,0.041,0.056,001; 001; 010; 010; 006; 006; 005; 005; 007; 007,0.84; 0.84; 0.78; 0.78; 0.76; 0.76; 0.74; 0.74; 0.73; 0.73,0.95; 0.95; 0.89; 0.89; 0.84; 0.84; 0.82; 0.82; 0.81; 0.81,-1.172,3.597,0.3,-0.002,-0.0,0.0,-0.001
4aalA_4aanA,017,412.0,208.0,0.321,0.288,0.412,0.437,0.016,0.019,0.021,001; 002; 002; 001; 003; 003; 004; 004; 008; 008,0.80; 0.80; 0.80; 0.80; 0.76; 0.76; 0.75; 0.75; 0.54; 0.54,0.89; 0.89; 0.89; 0.89; 0.85; 0.85; 0.83; 0.83; 0.60; 0.60,-0.477,4.46,0.4,-0.014,0.002,0.0,-0.011
4aalA_4aanA,018,410.0,220.0,0.579,0.562,0.765,0.832,0.151,0.14,0.186,001; 001; 007; 007; 006; 006; 002; 008; 008; 002,0.83; 0.83; 0.79; 0.79; 0.77; 0.77; 0.75; 0.75; 0.75; 0.75,0.92; 0.92; 0.87; 0.87; 0.85; 0.85; 0.82; 0.83; 0.83; 0.82,-1.074,5.283,0.4,-0.004,-0.008,0.0,-0.002
4aalA_4aanA,019,403.0,292.0,0.373,0.363,0.346,0.342,,,,,,,3.542,5.827,0.6,0.01,-0.001,,-0.018
4aalA_4aanA,020,392.0,159.0,0.292,0.289,0.635,0.635,,,,,,,-1.889,4.256,0.3,0.035,0.001,,0.01
4aalA_4aanA,021,377.0,181.0,0.278,0.288,0.743,0.832,,,,,,,-0.54,6.466,0.4,0.004,-0.006,,0.014
4aalA_4aanA,022,376.0,236.0,0.222,0.23,0.577,0.605,,,,,,,4.044,3.488,0.8,0.006,0.005,,-0.004
4aalA_4aanA,023,360.0,85.0,0.389,0.392,0.416,0.42,,,,,,,-0.443,2.853,0.6,-0.001,-0.013,,-0.002
4aalA_4aanA,024,345.0,268.0,0.54,0.528,0.852,0.955,,,,,,,-2.832,4.604,0.4,-0.006,0.002,,0.004
4aalA_4aanA,025,341.0,210.0,0.263,0.276,0.675,0.714,,,,,,,1.087,3.584,0.6,-0.02,-0.008,,0.0
4aalA_4aanA,026,340.0,243.0,0.342,0.351,0.336,0.332,,,,,,,2.422,4.553,0.6,0.01,-0.002,,0.0
4aalA_4aanA,027,338.0,198.0,0.389,0.352,0.73,0.777,,,,,,,-1.73,4.819,0.4,0.012,-0.007,,-0.005
4aalA_4aanA,028,337.0,250.0,0.498,0.524,0.859,0.946,,,,,,,3.366,5.236,0.7,0.006,0.002,,0.007
4aalA_4aanA,029,334.0,89.0,0.322,0.327,0.263,0.264,,,,,,,0.498,4.365,0.6,0.015,-0.005,,-0.003
4aalA_4aanA,030,327.0,137.0,0.362,0.354,0.649,0.676,,,,,,,-2.642,4.363,0.4,0.01,-0.013,,-0.0
4aalA_4aanA,031,326.0,49.0,0.269,0.269,0.458,0.465,,,,,,,-1.551,3.796,0.3,-0.019,-0.014,,-0.012
4aalA_4aanA,032,325.0,221.0,0.493,0.494,0.704,0.793,,,,,,,-1.424,3.667,0.4,-0.006,0.001,,0.002
4aalA_4aanA,033,307.0,190.0,0.482,0.474,0.646,0.678,,,,,,,-1.472,5.39,0.4,0.004,-0.0,,-0.006
4aalA_4aanA,034,306.0,173.0,0.26,0.239,0.333,0.333,,,,,,,1.294,4.145,0.4,-0.012,-0.013,,-0.009
4aalA_4aanA,035,290.0,118.0,0.287,0.271,0.648,0.643,,,,,,,-2.874,3.769,0.2,-0.019,-0.014,,0.012
4aalA_4aanA,036,283.0,92.0,0.273,0.278,0.402,0.405,,,,,,,-1.965,6.574,0.3,-0.009,0.004,,0.0
4aalA_4aanA,037,279.0,198.0,0.429,0.418,0.431,0.454,,,,,,,-0.566,5.57,0.4,-0.018,-0.005,,-0.003
4aalA_4aanA,038,278.0,205.0,0.35,0.355,0.425,0.422,,,,,,,0.57,5.208,0.4,0.002,0.006,,-0.019
4aalA_4aanA,039,277.0,132.0,0.316,0.311,0.706,0.735,,,,,,,0.422,4.668,0.6,-0.031,-0.011,,-0.024
4aalA_4aanA,040,277.0,184.0,0.267,0.262,0.464,0.466,,,,,,,-1.614,2.684,0.2,-0.028,0.005,,-0.001
4aalA_4aanA,041,271.0,199.0,0.317,0.323,0.724,0.816,,,,,,,2.351,4.419,0.6,-0.016,0.006,,0.007
4aalA_4aanA,042,267.0,156.0,0.35,0.347,0.729,0.74,,,,,,,-3.45,3.976,0.2,-0.01,-0.014,,-0.004
4aalA_4aanA,043,264.0,34.0,0.336,0.318,0.61,0.662,,,,,,,-2.648,5.043,0.2,0.015,-0.014,,-0.003
4aalA_4aanA,044,256.0,135.0,0.549,0.568,0.736,0.815,,,,,,,-4.435,5.127,0.2,0.014,-0.014,,-0.015
4aalA_4aanA,045,256.0,178.0,0.437,0.449,0.555,0.57,,,,,,,-0.679,7.2,0.5,0.008,-0.014,,-0.002
4aalA_4aanA,046,241.0,157.0,0.227,0.23,0.224,0.225,,,,,,,-1.118,2.924,0.3,-0.018,-0.001,,0.004
4aalA_4aanA,047,234.0,153.0,0.288,0.284,0.642,0.679,,,,,,,1.385,7.023,0.6,-0.013,-0.01,,0.006
4aalA_4aanA,048,233.0,151.0,0.404,0.393,0.706,0.795,,,,,,,1.99,2.936,0.7,-0.005,-0.013,,-0.0
4aalA_4aanA,049,232.0,167.0,0.296,0.293,0.385,0.388,,,,,,,3.193,4.895,0.7,-0.012,-0.012,,-0.006
4aalA_4aanA,050,232.0,61.0,0.323,0.318,0.439,0.426,,,,,,,-3.719,4.312,0.1,-0.006,-0.014,,0.008
4aalA_4aanA,051,230.0,174.0,0.367,0.371,0.438,0.435,,,,,,,8.342,6.132,0.9,0.009,0.001,,0.01
4aalA_4aanA,052,228.0,142.0,0.367,0.358,0.471,0.479,,,,,,,0.856,5.785,0.6,-0.01,-0.002,,-0.01
4aalA_4aanA,053,219.0,145.0,0.411,0.384,0.431,0.445,,,,,,,2.463,4.201,0.6,-0.009,-0.01,,-0.0
4aalA_4aanA,054,217.0,164.0,0.43,0.398,0.615,0.65,,,,,,,-0.088,4.072,0.5,0.021,0.003,,-0.0
4aalA_4aanA,055,211.0,96.0,0.255,0.251,0.284,0.295,,,,,,,-3.237,4.571,0.2,0.018,0.002,,-0.005
4aalA_4aanA,056,210.0,154.0,0.409,0.424,0.676,0.671,,,,,,,-0.947,5.399,0.5,0.006,-0.006,,-0.007
4aalA_4aanA,057,205.0,82.0,0.465,0.438,0.53,0.504,,,,,,,2.605,3.694,0.7,-0.006,-0.011,,-0.002
4aalA_4aanA,058,201.0,82.0,0.308,0.354,0.379,0.368,,,,,,,-7.082,5.194,0.1,-0.002,-0.013,,0.02
4aalA_4aanA,059,197.0,123.0,0.403,0.422,0.65,0.657,,,,,,,4.29,3.113,1.0,-0.034,-0.014,,-0.01
4aalA_4aanA,060,196.0,112.0,0.218,0.21,0.225,0.21,,,,,,,-2.127,4.083,0.4,-0.001,-0.01,,-0.005
4aalA_4aanA,061,195.0,102.0,0.464,0.465,0.728,0.792,,,,,,,-3.659,3.699,0.1,0.005,-0.013,,-0.011
4aalA_4aanA,062,192.0,122.0,0.31,0.305,0.34,0.337,,,,,,,-2.012,4.916,0.3,-0.008,-0.004,,-0.002
4aalA_4aanA,063,192.0,117.0,0.41,0.426,0.46,0.458,,,,,,,-3.71,3.768,0.1,-0.019,0.003,,-0.014
4aalA_4aanA,064,189.0,128.0,0.327,0.323,0.693,0.786,,,,,,,-4.012,6.962,0.3,-0.026,-0.005,,-0.006
4aalA_4aanA,065,184.0,117.0,0.495,0.512,0.717,0.799,,,,,,,-1.67,4.126,0.5,-0.021,-0.008,,-0.004
4aalA_4aanA,066,184.0,137.0,0.277,0.283,0.31,0.325,,,,,,,-1.228,3.494,0.4,0.019,-0.012,,-0.014
4aalA_4aanA,067,180.0,123.0,0.375,0.376,0.733,0.782,,,,,,,5.022,2.56,1.0,0.003,0.001,,0.004
4aalA_4aanA,068,176.0,124.0,0.421,0.414,0.495,0.513,,,,,,,1.365,2.289,0.7,0.015,-0.014,,-0.005
4aalA_4aanA,069,172.0,63.0,0.351,0.342,0.704,0.733,,,,,,,0.377,6.521,0.5,-0.026,-0.012,,-0.028
4aalA_4aanA,070,169.0,101.0,0.4,0.376,0.422,0.431,,,,,,,-0.094,5.187,0.5,-0.005,0.005,,0.002
4aalA_4aanA,071,169.0,114.0,0.378,0.378,0.52,0.513,,,,,,,-1.589,6.154,0.4,0.005,0.0,,-0.01
4aalA_4aanA,072,162.0,110.0,0.413,0.39,0.725,0.764,,,,,,,1.726,6.751,0.4,-0.028,-0.001,,-0.026
4aalA_4aanA,073,161.0,33.0,0.26,0.269,0.283,0.278,,,,,,,0.507,5.075,0.6,0.002,0.004,,-0.004
4aalA_4aanA,074,159.0,85.0,0.369,0.378,0.508,0.499,,,,,,,2.694,5.66,0.5,0.041,-0.004,,0.002
4aalA_4aanA,075,143.0,59.0,0.29,0.278,0.697,0.722,,,,,,,0.934,3.632,0.5,-0.021,-0.014,,0.009
4aalA_4aanA,076,132.0,83.0,0.383,0.392,0.53,0.555,,,,,,,-5.192,7.169,0.3,0.0,-0.005,,-0.013
4aalA_4aanA,077,128.0,91.0,0.432,0.438,0.55,0.548,,,,,,,-1.588,8.036,0.3,-0.011,-0.003,,-0.008
4aalA_4aanA,078,119.0,74.0,0.449,0.436,0.672,0.705,,,,,,,-2.415,5.962,0.4,-0.008,-0.003,,-0.001
4aalA_4aanA,079,117.0,90.0,0.307,0.347,0.708,0.721,,,,,,,1.796,5.067,0.6,0.006,0.004,,-0.001
4aalA_4aanA,080,117.0,72.0,0.241,0.255,0.672,0.692,,,,,,,3.312,3.487,0.8,0.019,-0.013,,-0.008
4aalA_4aanA,081,111.0,77.0,0.258,0.257,0.295,0.302,,,,,,,1.826,5.865,0.6,0.009,0.006,,-0.004
4aalA_4aanA,082,101.0,67.0,0.534,0.547,0.738,0.822,,,,,,,2.101,4.741,0.7,-0.017,-0.013,,0.007
4aalA_4aanA,083,94.0,46.0,0.285,0.208,0.274,0.273,,,,,,,-1.941,4.627,0.3,0.003,0.002,,0.003
4aalA_4aanA,084,94.0,68.0,0.384,0.376,0.364,0.368,,,,,,,0.844,5.323,0.5,0.014,-0.001,,0.008
4aalA_4aanA,085,93.0,25.0,0.264,0.262,0.273,0.27,,,,,,,-4.201,4.751,0.1,0.01,-0.014,,-0.009
4aalA_4aanA,086,86.0,30.0,0.351,0.347,0.446,0.453,,,,,,,-1.048,2.66,0.2,0.011,0.005,,-0.004
4aalA_4aanA,087,85.0,53.0,0.448,0.439,0.635,0.659,,,,,,,1.292,8.028,0.4,-0.003,-0.014,,-0.013
4aalA_4aanA,088,82.0,65.0,0.573,0.585,0.86,0.952,,,,,,,0.34,5.419,0.6,0.006,0.004,,-0.004
4aalA_4aanA,089,80.0,26.0,0.281,0.275,0.32,0.312,,,,,,,-1.521,5.924,0.4,-0.002,-0.009,,-0.003
4aalA_4aanA,090,71.0,52.0,0.529,0.518,0.844,0.929,,,,,,,-0.601,3.422,0.4,-0.005,-0.005,,-0.003
4aalA_4aanA,091,71.0,52.0,0.242,0.244,0.666,0.727,,,,,,,-4.914,5.404,0.1,0.006,-0.0,,0.004
4aalA_4aanA,092,70.0,52.0,0.305,0.302,0.324,0.314,,,,,,,4.307,4.788,0.8,0.002,-0.012,,0.003
4aalA_4aanA,093,66.0,42.0,0.444,0.423,0.866,0.926,,,,,,,-0.832,3.737,0.4,0.003,-0.004,,0.013
4aalA_4aanA,094,66.0,56.0,0.436,0.446,0.444,0.485,,,,,,,-0.027,5.752,0.5,0.005,0.002,,0.003
4aalA_4aanA,095,64.0,41.0,0.485,0.456,0.86,0.937,,,,,,,-0.086,5.06,0.5,0.006,0.005,,-0.003
4aalA_4aanA,096,57.0,34.0,0.357,0.359,0.604,0.657,,,,,,,-1.232,4.349,0.5,0.028,-0.007,,-0.001
4aalA_4aanA,097,52.0,38.0,0.542,0.534,0.837,0.912,,,,,,,-3.087,5.843,0.5,0.003,-0.008,,-0.023
4aalA_4aanA,098,52.0,32.0,0.421,0.432,0.651,0.723,,,,,,,-4.62,3.879,0.1,0.0,-0.004,,-0.008
4aalA_4aanA,099,48.0,30.0,0.235,0.229,0.231,0.222,,,,,,,-3.039,4.565,0.3,0.028,0.004,,0.042
4cmqB_4zt0C,Deep,,,0.551,0.803,0.538,0.882,0.0,0.009,0.007,,,,,,,,-0.016,0.0,
4cmqB_4zt0C,000,167.0,138.0,0.251,0.23,0.306,0.311,0.013,0.016,0.013,004; 008; 006; 002; 010; 001; 009; 001; 005; 003,0.40; 0.37; 0.34; 0.32; 0.31; 0.30; 0.30; 0.30; 0.29; 0.20,0.59; 0.54; 0.44; 0.45; 0.32; 0.26; 0.45; 0.26; 0.31; 0.16,5.514,19.754,0.6,-0.023,0.018,0.0,
4cmqB_4zt0C,001,143.0,85.0,0.18,0.204,0.292,0.309,0.019,0.011,0.022,006; 004; 008; 007; 002; 001; 005; 003; 009; 010,0.41; 0.39; 0.38; 0.32; 0.31; 0.28; 0.24; 0.19; 0.18; 0.17,0.62; 0.62; 0.54; 0.46; 0.37; 0.38; 0.23; 0.18; 0.17; 0.22,11.98,33.474,0.6,-0.015,0.018,0.0,
4cmqB_4zt0C,002,103.0,64.0,0.189,0.204,0.301,0.26,0.017,0.017,0.023,007; 006; 008; 005; 001; 009; 003; 010; 002; 004,0.42; 0.38; 0.38; 0.33; 0.31; 0.29; 0.28; 0.24; 0.23; 0.19,0.55; 0.54; 0.56; 0.46; 0.37; 0.42; 0.27; 0.29; 0.24; 0.17,9.675,24.731,0.6,-0.023,0.018,0.0,
4cmqB_4zt0C,003,99.0,36.0,0.176,0.215,0.216,0.234,0.0,0.017,0.024,005; 008; 006; 002; 004; 007; 001; 009; 010; 003,0.42; 0.40; 0.38; 0.36; 0.33; 0.33; 0.32; 0.23; 0.23; 0.22,0.66; 0.53; 0.65; 0.47; 0.49; 0.32; 0.41; 0.32; 0.22; 0.21,19.187,12.005,1.0,0.005,0.018,0.0,
4cmqB_4zt0C,004,90.0,35.0,0.178,0.195,0.196,0.205,0.079,0.049,0.047,010; 009; 005; 004; 002; 006; 007; 008; 001; 003,0.41; 0.39; 0.34; 0.33; 0.31; 0.30; 0.29; 0.26; 0.24; 0.24,0.66; 0.59; 0.40; 0.51; 0.34; 0.46; 0.38; 0.29; 0.33; 0.23,11.581,25.024,0.6,-0.025,0.018,0.0,
4cmqB_4zt0C,005,64.0,29.0,0.183,0.218,0.255,0.254,0.012,0.017,0.02,004; 008; 009; 005; 007; 001; 006; 002; 010; 003,0.39; 0.39; 0.35; 0.33; 0.31; 0.30; 0.30; 0.28; 0.26; 0.24,0.61; 0.56; 0.49; 0.45; 0.43; 0.36; 0.49; 0.27; 0.25; 0.23,9.078,25.308,0.6,0.004,0.018,0.0,
4cmqB_4zt0C,006,53.0,41.0,0.275,0.359,0.436,0.635,0.032,0.021,0.028,004; 001; 005; 002; 007; 006; 010; 008; 009; 003,0.40; 0.35; 0.35; 0.34; 0.33; 0.31; 0.31; 0.30; 0.30; 0.22,0.65; 0.38; 0.51; 0.43; 0.46; 0.38; 0.31; 0.45; 0.38; 0.20,17.142,23.171,0.7,0.016,0.018,0.0,
4cmqB_4zt0C,007,50.0,33.0,0.188,0.232,0.294,0.277,,,,,,,10.784,23.019,0.6,-0.0,0.018,,
4cmqB_4zt0C,008,50.0,21.0,0.216,0.21,0.348,0.366,,,,,,,15.613,31.654,0.7,-0.035,0.018,,
4cmqB_4zt0C,009,49.0,22.0,0.197,0.229,0.276,0.265,,,,,,,14.317,14.507,0.9,-0.002,0.018,,
4cmqB_4zt0C,010,47.0,25.0,0.204,0.198,0.221,0.269,,,,,,,7.507,27.29,0.6,0.011,0.018,,
4cmqB_4zt0C,011,46.0,22.0,0.197,0.176,0.231,0.253,,,,,,,12.13,24.363,0.7,0.0,0.018,,
4cmqB_4zt0C,012,46.0,11.0,0.206,0.197,0.257,0.216,,,,,,,7.395,24.062,0.6,-0.042,0.018,,
4cmqB_4zt0C,013,44.0,8.0,0.172,0.199,0.204,0.217,,,,,,,-1.667,29.26,0.6,0.001,0.018,,
4cmqB_4zt0C,014,42.0,25.0,0.206,0.187,0.23,0.24,,,,,,,5.187,23.263,0.5,0.022,0.018,,
4cmqB_4zt0C,015,41.0,16.0,0.229,0.215,0.226,0.207,,,,,,,6.319,21.358,0.6,0.004,0.018,,
4cmqB_4zt0C,016,40.0,17.0,0.221,0.178,0.204,0.216,,,,,,,0.057,35.169,0.5,-0.05,0.018,,
4cmqB_4zt0C,017,40.0,20.0,0.205,0.176,0.211,0.253,,,,,,,8.479,30.332,0.6,-0.027,0.018,,
4cmqB_4zt0C,018,40.0,16.0,0.214,0.193,0.318,0.374,,,,,,,10.977,28.453,0.6,-0.032,0.018,,
4cmqB_4zt0C,019,39.0,28.0,0.204,0.211,0.335,0.352,,,,,,,12.036,33.536,0.7,-0.029,0.018,,
4cmqB_4zt0C,020,39.0,7.0,0.188,0.199,0.233,0.263,,,,,,,3.251,25.489,0.6,-0.017,0.018,,
4cmqB_4zt0C,021,38.0,6.0,0.205,0.169,0.225,0.217,,,,,,,17.032,22.846,0.6,-0.002,0.018,,
4cmqB_4zt0C,022,38.0,16.0,0.196,0.209,0.225,0.229,,,,,,,6.793,24.22,0.6,-0.015,0.018,,
4cmqB_4zt0C,023,37.0,9.0,0.199,0.196,0.234,0.248,,,,,,,11.704,24.435,0.8,0.012,0.018,,
4cmqB_4zt0C,024,33.0,18.0,0.212,0.224,0.293,0.297,,,,,,,11.542,23.195,0.6,-0.052,0.018,,
4cmqB_4zt0C,025,32.0,19.0,0.245,0.267,0.444,0.668,,,,,,,21.268,16.951,0.9,0.007,0.018,,
4cmqB_4zt0C,026,32.0,23.0,0.224,0.229,0.367,0.337,,,,,,,-0.377,22.791,0.4,-0.018,0.018,,
4cmqB_4zt0C,027,31.0,21.0,0.25,0.292,0.379,0.561,,,,,,,8.189,16.327,0.7,-0.029,0.018,,
4cmqB_4zt0C,028,30.0,6.0,0.171,0.206,0.185,0.214,,,,,,,9.28,31.174,0.5,-0.016,0.018,,
4cmqB_4zt0C,029,30.0,14.0,0.233,0.225,0.349,0.368,,,,,,,11.075,17.222,0.8,-0.03,0.018,,
4cmqB_4zt0C,030,30.0,23.0,0.166,0.171,0.29,0.288,,,,,,,13.027,29.245,0.7,0.012,0.018,,
4cmqB_4zt0C,031,29.0,13.0,0.202,0.216,0.286,0.285,,,,,,,11.581,25.45,0.6,-0.038,0.018,,
4cmqB_4zt0C,032,29.0,16.0,0.233,0.208,0.364,0.33,,,,,,,2.692,13.268,0.5,-0.039,0.018,,
4cmqB_4zt0C,033,29.0,5.0,0.223,0.195,0.242,0.227,,,,,,,3.67,11.355,0.7,-0.002,0.018,,
4cmqB_4zt0C,034,29.0,13.0,0.203,0.192,0.294,0.289,,,,,,,10.902,30.527,0.5,-0.004,0.018,,
4cmqB_4zt0C,035,28.0,17.0,0.175,0.198,0.279,0.345,,,,,,,7.141,33.326,0.6,-0.016,0.018,,
4cmqB_4zt0C,036,28.0,5.0,0.21,0.226,0.245,0.268,,,,,,,15.581,14.433,0.8,0.007,0.018,,
4cmqB_4zt0C,037,27.0,5.0,0.218,0.221,0.269,0.251,,,,,,,3.569,11.342,0.7,-0.051,0.018,,
4cmqB_4zt0C,038,27.0,12.0,0.188,0.24,0.233,0.246,,,,,,,10.361,28.07,0.6,-0.034,0.017,,
4cmqB_4zt0C,039,26.0,14.0,0.201,0.223,0.233,0.252,,,,,,,13.779,30.088,0.6,-0.006,0.018,,
4cmqB_4zt0C,040,25.0,7.0,0.21,0.207,0.235,0.212,,,,,,,11.274,28.681,0.6,-0.04,0.018,,
4cmqB_4zt0C,041,25.0,13.0,0.189,0.213,0.253,0.268,,,,,,,8.684,22.594,0.7,-0.025,0.018,,
4cmqB_4zt0C,042,25.0,14.0,0.227,0.188,0.224,0.222,,,,,,,8.474,23.902,0.6,-0.044,0.018,,
4cmqB_4zt0C,043,25.0,18.0,0.208,0.208,0.317,0.26,,,,,,,17.992,18.275,0.8,-0.014,0.018,,
4cmqB_4zt0C,044,24.0,8.0,0.159,0.158,0.18,0.179,,,,,,,12.926,9.707,0.9,-0.01,0.018,,
4cmqB_4zt0C,045,24.0,17.0,0.257,0.245,0.371,0.464,,,,,,,16.734,20.995,0.7,-0.04,0.018,,
4cmqB_4zt0C,046,24.0,11.0,0.184,0.214,0.257,0.257,,,,,,,16.246,18.015,0.7,-0.025,0.018,,
4cmqB_4zt0C,047,23.0,10.0,0.182,0.209,0.222,0.307,,,,,,,10.512,30.789,0.5,0.031,0.018,,
4cmqB_4zt0C,048,23.0,6.0,0.178,0.196,0.247,0.247,,,,,,,14.674,22.771,0.6,-0.016,0.018,,
4cmqB_4zt0C,049,22.0,8.0,0.202,0.201,0.291,0.276,,,,,,,2.638,12.683,0.5,-0.044,0.018,,
4cmqB_4zt0C,050,22.0,6.0,0.163,0.219,0.258,0.303,,,,,,,10.731,13.342,0.7,-0.024,0.018,,
4cmqB_4zt0C,051,22.0,10.0,0.181,0.185,0.272,0.277,,,,,,,10.29,31.598,0.6,-0.008,0.018,,
4cmqB_4zt0C,052,22.0,15.0,0.19,0.212,0.341,0.346,,,,,,,12.483,27.751,0.6,-0.053,0.018,,
4cmqB_4zt0C,053,22.0,12.0,0.172,0.187,0.336,0.344,,,,,,,7.733,22.051,0.6,-0.028,0.018,,
4cmqB_4zt0C,054,21.0,17.0,0.324,0.346,0.44,0.677,,,,,,,17.01,18.27,0.8,0.001,0.018,,
4cmqB_4zt0C,055,21.0,18.0,0.324,0.431,0.442,0.742,,,,,,,9.398,25.781,0.6,0.006,0.018,,
4cmqB_4zt0C,056,21.0,4.0,0.246,0.195,0.251,0.329,,,,,,,21.798,14.969,0.9,-0.005,0.017,,
4cmqB_4zt0C,057,21.0,5.0,0.237,0.237,0.312,0.299,,,,,,,17.611,11.196,0.9,-0.022,0.018,,
4cmqB_4zt0C,058,21.0,13.0,0.216,0.202,0.247,0.26,,,,,,,-0.052,23.891,0.4,-0.006,0.018,,
4cmqB_4zt0C,059,21.0,14.0,0.205,0.235,0.398,0.396,,,,,,,14.86,26.38,0.7,0.001,0.018,,
4cmqB_4zt0C,060,20.0,13.0,0.192,0.212,0.336,0.465,,,,,,,20.692,24.488,0.8,0.025,0.018,,
4cmqB_4zt0C,061,20.0,7.0,0.193,0.185,0.21,0.28,,,,,,,14.482,21.227,0.5,-0.035,0.018,,
4cmqB_4zt0C,062,20.0,8.0,0.197,0.202,0.205,0.203,,,,,,,12.627,26.616,0.6,0.015,0.018,,
4cmqB_4zt0C,063,19.0,8.0,0.196,0.184,0.233,0.216,,,,,,,1.852,9.647,0.5,0.002,0.018,,
4cmqB_4zt0C,064,19.0,9.0,0.23,0.179,0.385,0.325,,,,,,,2.213,31.258,0.4,-0.052,0.018,,
4cmqB_4zt0C,065,19.0,12.0,0.214,0.203,0.278,0.31,,,,,,,25.274,15.259,0.9,-0.008,0.017,,
4cmqB_4zt0C,066,18.0,7.0,0.145,0.187,0.223,0.219,,,,,,,-30.882,7.713,0.0,0.008,0.018,,
4cmqB_4zt0C,067,18.0,9.0,0.175,0.185,0.22,0.225,,,,,,,1.121,26.961,0.5,-0.018,0.018,,
4cmqB_4zt0C,068,18.0,16.0,0.225,0.222,0.21,0.216,,,,,,,6.783,13.991,0.6,-0.016,0.018,,
4cmqB_4zt0C,069,18.0,13.0,0.364,0.381,0.368,0.538,,,,,,,1.066,20.097,0.3,0.01,0.018,,
4cmqB_4zt0C,070,18.0,8.0,0.206,0.188,0.298,0.355,,,,,,,6.993,22.652,0.5,-0.039,0.018,,
4cmqB_4zt0C,071,18.0,5.0,0.198,0.182,0.252,0.254,,,,,,,-2.457,32.145,0.5,-0.047,0.018,,
4cmqB_4zt0C,072,18.0,4.0,0.209,0.216,0.216,0.226,,,,,,,24.994,21.23,0.9,-0.019,0.018,,
4cmqB_4zt0C,073,17.0,10.0,0.249,0.259,0.346,0.562,,,,,,,8.287,19.374,0.5,-0.005,0.018,,
4cmqB_4zt0C,074,17.0,10.0,0.33,0.364,0.419,0.522,,,,,,,20.174,14.96,0.8,-0.009,0.018,,
4cmqB_4zt0C,075,17.0,10.0,0.184,0.205,0.216,0.182,,,,,,,11.077,19.768,0.6,-0.03,0.018,,
4cmqB_4zt0C,076,17.0,4.0,0.176,0.208,0.229,0.225,,,,,,,4.451,22.398,0.5,-0.015,0.018,,
4cmqB_4zt0C,077,17.0,8.0,0.207,0.228,0.38,0.407,,,,,,,14.101,31.673,0.6,-0.054,0.018,,
4cmqB_4zt0C,078,17.0,4.0,0.168,0.178,0.195,0.217,,,,,,,8.45,26.771,0.6,-0.004,0.018,,
4cmqB_4zt0C,079,17.0,9.0,0.24,0.217,0.358,0.448,,,,,,,15.619,23.867,0.7,0.002,0.018,,
4cmqB_4zt0C,080,16.0,10.0,0.213,0.207,0.287,0.292,,,,,,,4.091,22.535,0.4,-0.064,0.018,,
4cmqB_4zt0C,081,16.0,4.0,0.197,0.206,0.283,0.248,,,,,,,14.676,19.472,0.6,-0.05,0.018,,
4cmqB_4zt0C,082,16.0,10.0,0.202,0.216,0.329,0.39,,,,,,,22.413,15.06,0.9,-0.058,0.018,,
4cmqB_4zt0C,083,16.0,7.0,0.204,0.222,0.294,0.284,,,,,,,-5.623,30.483,0.5,-0.042,0.018,,
4cmqB_4zt0C,084,16.0,15.0,0.248,0.221,0.455,0.359,,,,,,,-5.232,17.928,0.2,-0.022,0.018,,
4cmqB_4zt0C,085,15.0,7.0,0.181,0.216,0.305,0.299,,,,,,,9.246,10.059,0.7,-0.068,0.018,,
4cmqB_4zt0C,086,15.0,8.0,0.267,0.221,0.235,0.254,,,,,,,-0.205,9.032,0.4,-0.016,0.018,,
4cmqB_4zt0C,087,15.0,5.0,0.209,0.241,0.323,0.319,,,,,,,8.983,11.861,0.8,0.015,0.018,,
4cmqB_4zt0C,088,15.0,9.0,0.218,0.197,0.431,0.466,,,,,,,13.212,13.243,0.8,-0.009,0.018,,
4cmqB_4zt0C,089,15.0,6.0,0.208,0.223,0.284,0.321,,,,,,,17.506,21.662,0.7,-0.06,0.018,,
4cmqB_4zt0C,090,15.0,11.0,0.22,0.271,0.397,0.357,,,,,,,7.936,25.198,0.6,-0.031,0.018,,
4cmqB_4zt0C,091,15.0,6.0,0.231,0.233,0.374,0.413,,,,,,,15.771,25.786,0.6,-0.093,0.018,,
4cmqB_4zt0C,092,15.0,10.0,0.238,0.273,0.387,0.501,,,,,,,10.737,27.422,0.6,-0.022,0.018,,
4cmqB_4zt0C,093,14.0,12.0,0.199,0.276,0.459,0.489,,,,,,,-1.485,12.029,0.5,-0.02,0.018,,
4cmqB_4zt0C,094,14.0,2.0,0.201,0.222,0.267,0.275,,,,,,,17.197,9.292,0.9,0.026,0.018,,
4cmqB_4zt0C,095,14.0,5.0,0.198,0.219,0.246,0.266,,,,,,,4.974,12.45,0.6,-0.039,0.018,,
4cmqB_4zt0C,096,14.0,5.0,0.212,0.217,0.41,0.377,,,,,,,7.362,14.676,0.7,0.033,0.018,,
4cmqB_4zt0C,097,14.0,5.0,0.178,0.201,0.386,0.391,,,,,,,23.286,18.173,0.8,-0.056,0.018,,
4cmqB_4zt0C,098,14.0,14.0,0.249,0.234,0.368,0.523,,,,,,,36.816,6.293,1.0,-0.024,0.018,,
4cmqB_4zt0C,099,11.0,6.0,0.274,0.29,0.431,0.618,,,,,,,7.702,15.475,0.7,0.024,0.018,,
4dxrA_4dxtA,Deep,,,0.95,0.915,0.944,0.92,0.462,0.461,0.463,,,,,,,,-0.035,-0.001,
4dxrA_4dxtA,000,308.0,140.0,0.198,0.209,0.492,0.49,0.011,0.01,0.011,001; 001; 008; 008; 006; 007; 007; 006; 010; 009,0.88; 0.88; 0.86; 0.86; 0.79; 0.79; 0.79; 0.79; 0.72; 0.72,0.86; 0.86; 0.85; 0.85; 0.80; 0.80; 0.80; 0.80; 0.71; 0.71,-4.117,4.321,0.2,0.014,-0.033,0.0,-0.004
4dxrA_4dxtA,001,279.0,102.0,0.515,0.507,0.548,0.543,0.014,0.013,0.014,003; 003; 008; 008; 001; 004; 002; 001; 004; 002,0.79; 0.79; 0.78; 0.78; 0.75; 0.75; 0.75; 0.75; 0.75; 0.74,0.80; 0.80; 0.79; 0.79; 0.74; 0.77; 0.76; 0.74; 0.77; 0.75,-4.702,2.976,0.1,0.008,0.017,0.0,-0.006
4dxrA_4dxtA,002,220.0,80.0,0.272,0.267,0.527,0.507,0.015,0.024,0.018,010; 010; 001; 001; 003; 003; 002; 002; 006; 004,0.86; 0.86; 0.85; 0.85; 0.81; 0.81; 0.79; 0.79; 0.77; 0.77,0.84; 0.84; 0.83; 0.83; 0.79; 0.79; 0.78; 0.77; 0.75; 0.76,-4.181,3.089,0.0,0.001,-0.02,0.0,-0.0
4dxrA_4dxtA,003,186.0,78.0,0.643,0.644,0.638,0.623,0.016,0.029,0.019,002; 002; 001; 007; 007; 005; 001; 005; 006; 006,0.88; 0.87; 0.84; 0.84; 0.84; 0.83; 0.83; 0.83; 0.78; 0.78,0.84; 0.84; 0.82; 0.85; 0.85; 0.84; 0.82; 0.84; 0.79; 0.79,-3.776,3.59,0.1,0.015,0.021,0.0,0.006
4dxrA_4dxtA,004,185.0,78.0,0.633,0.617,0.649,0.638,0.015,0.025,0.018,001; 001; 002; 002; 006; 006; 005; 005; 003; 003,0.86; 0.86; 0.81; 0.81; 0.72; 0.72; 0.69; 0.69; 0.66; 0.66,0.81; 0.81; 0.82; 0.82; 0.73; 0.73; 0.68; 0.68; 0.66; 0.66,-2.684,3.923,0.4,-0.074,-0.028,0.0,-0.004
4dxrA_4dxtA,005,161.0,28.0,0.363,0.364,0.38,0.386,0.012,0.014,0.018,008; 008; 001; 001; 004; 004; 010; 010; 005; 005,0.91; 0.91; 0.86; 0.86; 0.78; 0.78; 0.74; 0.73; 0.72; 0.72,0.87; 0.87; 0.84; 0.84; 0.78; 0.78; 0.72; 0.71; 0.69; 0.69,0.202,2.057,0.7,0.002,-0.035,0.0,-0.002
4dxrA_4dxtA,006,148.0,22.0,0.3,0.27,0.56,0.561,0.0,0.0,0.0,002; 005; 002; 005; 001; 001; 003; 003; 004; 004,0.82; 0.82; 0.82; 0.82; 0.81; 0.81; 0.76; 0.76; 0.74; 0.74,0.83; 0.83; 0.83; 0.83; 0.80; 0.80; 0.75; 0.75; 0.74; 0.74,-0.231,2.952,0.4,0.002,-0.03,0.0,0.008
4dxrA_4dxtA,007,144.0,46.0,0.53,0.524,0.444,0.439,0.1,0.103,0.095,001; 001; 010; 010; 007; 007; 008; 008; 004; 004,0.81; 0.81; 0.80; 0.80; 0.79; 0.79; 0.78; 0.78; 0.73; 0.73,0.81; 0.81; 0.83; 0.83; 0.78; 0.78; 0.80; 0.80; 0.73; 0.73,-0.129,2.671,0.4,-0.005,-0.007,0.0,-0.001
4dxrA_4dxtA,008,138.0,66.0,0.506,0.505,0.547,0.533,0.005,0.005,0.005,007; 007; 008; 008; 006; 006; 001; 001; 002; 002,0.86; 0.86; 0.80; 0.80; 0.79; 0.79; 0.78; 0.78; 0.66; 0.65,0.85; 0.85; 0.81; 0.81; 0.78; 0.78; 0.77; 0.77; 0.65; 0.65,-7.435,2.891,0.0,0.0,-0.031,0.0,0.0
4dxrA_4dxtA,009,135.0,81.0,0.536,0.523,0.573,0.558,0.008,0.011,0.008,009; 009; 001; 001; 002; 002; 008; 004; 004; 008,0.86; 0.86; 0.84; 0.83; 0.81; 0.81; 0.80; 0.80; 0.80; 0.80,0.87; 0.87; 0.83; 0.83; 0.78; 0.78; 0.79; 0.79; 0.79; 0.79,-1.124,4.4,0.5,0.0,-0.003,0.0,-0.003
4dxrA_4dxtA,010,132.0,48.0,0.313,0.308,0.524,0.537,0.012,0.011,0.012,002; 002; 010; 010; 009; 009; 001; 001; 004; 004,0.87; 0.86; 0.80; 0.80; 0.79; 0.79; 0.78; 0.78; 0.72; 0.72,0.85; 0.85; 0.80; 0.80; 0.78; 0.78; 0.77; 0.77; 0.72; 0.72,-1.062,3.559,0.3,-0.007,-0.015,0.0,-0.002
4dxrA_4dxtA,011,121.0,57.0,0.264,0.257,0.552,0.55,0.012,0.011,0.011,001; 001; 004; 004; 002; 002; 005; 005; 006; 006,0.85; 0.85; 0.81; 0.81; 0.80; 0.80; 0.73; 0.73; 0.71; 0.71,0.84; 0.84; 0.82; 0.82; 0.81; 0.81; 0.74; 0.74; 0.69; 0.69,-4.146,3.686,0.2,-0.002,-0.037,0.0,-0.004
4dxrA_4dxtA,012,118.0,6.0,0.355,0.359,0.516,0.517,0.004,0.004,0.004,001; 001; 005; 005; 003; 003; 004; 006; 006; 004,0.83; 0.83; 0.77; 0.77; 0.76; 0.76; 0.73; 0.73; 0.73; 0.73,0.80; 0.80; 0.78; 0.78; 0.76; 0.76; 0.73; 0.71; 0.71; 0.73,-5.34,2.132,0.0,-0.005,0.015,0.0,-0.005
4dxrA_4dxtA,013,114.0,53.0,0.511,0.507,0.503,0.498,0.295,0.303,0.284,004; 004; 001; 001; 008; 008; 005; 002; 002; 005,0.87; 0.87; 0.85; 0.85; 0.82; 0.82; 0.73; 0.73; 0.73; 0.73,0.85; 0.85; 0.83; 0.83; 0.81; 0.81; 0.73; 0.72; 0.72; 0.73,-5.912,4.304,0.2,-0.002,-0.027,0.0,-0.0
4dxrA_4dxtA,014,109.0,8.0,0.282,0.272,0.521,0.517,0.0,0.0,0.0,010; 010; 007; 007; 001; 001; 003; 003; 008; 008,0.78; 0.78; 0.77; 0.77; 0.77; 0.77; 0.75; 0.75; 0.74; 0.74,0.75; 0.75; 0.75; 0.75; 0.77; 0.77; 0.75; 0.75; 0.73; 0.73,0.976,1.758,0.7,0.003,-0.027,0.0,0.002
4dxrA_4dxtA,015,101.0,41.0,0.507,0.502,0.499,0.499,0.004,0.004,0.004,001; 001; 008; 008; 002; 002; 005; 005; 009; 009,0.85; 0.85; 0.84; 0.84; 0.83; 0.83; 0.82; 0.82; 0.73; 0.73,0.83; 0.83; 0.81; 0.81; 0.83; 0.83; 0.81; 0.81; 0.72; 0.72,-6.436,3.369,0.0,0.002,-0.03,0.0,-0.006
4dxrA_4dxtA,016,93.0,36.0,0.624,0.616,0.628,0.615,0.004,0.004,0.004,010; 010; 009; 009; 002; 002; 001; 001; 003; 003,0.82; 0.82; 0.81; 0.81; 0.81; 0.81; 0.78; 0.78; 0.75; 0.75,0.83; 0.83; 0.82; 0.82; 0.80; 0.80; 0.78; 0.78; 0.73; 0.73,-0.572,2.736,0.4,-0.0,0.022,0.0,-0.001
4dxrA_4dxtA,017,93.0,49.0,0.487,0.489,0.532,0.531,0.0,0.0,0.0,001; 001; 009; 009; 010; 010; 008; 008; 006; 006,0.81; 0.81; 0.80; 0.80; 0.74; 0.74; 0.72; 0.72; 0.70; 0.70,0.81; 0.81; 0.80; 0.80; 0.76; 0.76; 0.72; 0.72; 0.69; 0.69,-4.918,3.361,0.1,-0.001,-0.033,0.0,-0.006
4dxrA_4dxtA,018,93.0,37.0,0.513,0.514,0.563,0.563,0.009,0.008,0.008,007; 007; 002; 002; 001; 008; 004; 004; 008; 001,0.82; 0.82; 0.79; 0.79; 0.78; 0.78; 0.78; 0.78; 0.78; 0.77,0.82; 0.82; 0.80; 0.80; 0.79; 0.79; 0.77; 0.77; 0.79; 0.79,-8.528,3.947,0.1,-0.007,0.015,0.0,-0.003
4dxrA_4dxtA,019,90.0,34.0,0.498,0.494,0.523,0.519,0.122,0.113,0.116,002; 002; 001; 001; 010; 010; 007; 003; 003; 007,0.78; 0.78; 0.77; 0.77; 0.76; 0.76; 0.74; 0.74; 0.74; 0.74,0.77; 0.77; 0.76; 0.76; 0.75; 0.76; 0.72; 0.76; 0.76; 0.72,-5.451,3.705,0.1,-0.002,-0.007,0.0,-0.003
4dxrA_4dxtA,020,86.0,15.0,0.379,0.377,0.538,0.535,,,,,,,-2.424,1.913,0.1,-0.003,-0.037,,-0.018
4dxrA_4dxtA,021,85.0,26.0,0.475,0.469,0.55,0.545,,,,,,,-1.368,3.026,0.5,0.015,-0.034,,-0.004
4dxrA_4dxtA,022,84.0,21.0,0.455,0.45,0.596,0.596,,,,,,,-2.539,2.389,0.2,0.001,-0.033,,-0.001
4dxrA_4dxtA,023,84.0,9.0,0.61,0.601,0.597,0.584,,,,,,,-2.883,2.436,0.0,0.004,0.024,,0.002
4dxrA_4dxtA,024,83.0,34.0,0.469,0.468,0.517,0.516,,,,,,,-4.172,4.147,0.2,-0.003,-0.032,,-0.002
4dxrA_4dxtA,025,83.0,32.0,0.517,0.512,0.543,0.538,,,,,,,-3.463,5.637,0.4,0.001,-0.002,,0.0
4dxrA_4dxtA,026,83.0,21.0,0.601,0.588,0.596,0.584,,,,,,,-0.497,2.336,0.4,-0.003,-0.031,,0.003
4dxrA_4dxtA,027,80.0,38.0,0.751,0.743,0.813,0.825,,,,,,,-4.493,3.044,0.0,0.005,0.033,,0.0
4dxrA_4dxtA,028,80.0,16.0,0.389,0.383,0.274,0.296,,,,,,,2.158,1.835,0.8,-0.003,0.035,,-0.001
4dxrA_4dxtA,029,76.0,2.0,0.474,0.476,0.528,0.525,,,,,,,1.875,0.788,1.0,0.003,-0.017,,-0.003
4dxrA_4dxtA,030,75.0,13.0,0.47,0.472,0.575,0.582,,,,,,,-2.7,2.663,0.2,-0.003,-0.013,,-0.005
4dxrA_4dxtA,031,75.0,11.0,0.519,0.517,0.498,0.495,,,,,,,-3.715,3.95,0.2,-0.007,0.015,,0.001
4dxrA_4dxtA,032,75.0,25.0,0.306,0.319,0.577,0.568,,,,,,,-3.005,2.892,0.2,-0.001,0.031,,-0.005
4dxrA_4dxtA,033,74.0,56.0,0.575,0.561,0.665,0.675,,,,,,,-4.004,3.599,0.2,-0.002,0.006,,-0.003
4dxrA_4dxtA,034,74.0,37.0,0.529,0.522,0.577,0.573,,,,,,,-3.719,3.198,0.1,0.0,-0.023,,0.003
4dxrA_4dxtA,035,71.0,12.0,0.527,0.522,0.53,0.531,,,,,,,-4.54,1.661,0.0,-0.001,-0.033,,0.0
4dxrA_4dxtA,036,69.0,25.0,0.453,0.45,0.501,0.497,,,,,,,-2.168,3.689,0.2,0.004,0.006,,0.002
4dxrA_4dxtA,037,69.0,32.0,0.309,0.307,0.483,0.481,,,,,,,-3.919,3.719,0.1,-0.001,0.005,,0.001
4dxrA_4dxtA,038,69.0,43.0,0.521,0.522,0.519,0.526,,,,,,,-6.446,2.454,0.0,0.004,-0.006,,-0.006
4dxrA_4dxtA,039,68.0,15.0,0.604,0.591,0.561,0.55,,,,,,,-2.417,2.543,0.3,0.01,0.029,,0.006
4dxrA_4dxtA,040,67.0,42.0,0.472,0.472,0.485,0.485,,,,,,,-4.152,4.207,0.2,-0.0,-0.016,,0.004
4dxrA_4dxtA,041,67.0,13.0,0.473,0.467,0.496,0.495,,,,,,,-2.819,0.85,0.0,-0.003,-0.03,,-0.003
4dxrA_4dxtA,042,65.0,30.0,0.523,0.517,0.525,0.524,,,,,,,-5.617,3.516,0.2,0.0,-0.023,,-0.002
4dxrA_4dxtA,043,62.0,26.0,0.541,0.542,0.617,0.61,,,,,,,-5.551,4.494,0.2,-0.001,-0.027,,-0.006
4dxrA_4dxtA,044,62.0,13.0,0.544,0.542,0.391,0.387,,,,,,,-0.393,2.577,0.6,0.009,0.029,,-0.003
4dxrA_4dxtA,045,62.0,26.0,0.489,0.484,0.491,0.491,,,,,,,-6.102,3.119,0.0,-0.008,-0.012,,-0.004
4dxrA_4dxtA,046,60.0,14.0,0.497,0.491,0.573,0.581,,,,,,,-2.146,3.117,0.3,-0.029,-0.032,,-0.006
4dxrA_4dxtA,047,59.0,31.0,0.473,0.472,0.536,0.532,,,,,,,-4.601,2.264,0.0,0.019,-0.004,,0.0
4dxrA_4dxtA,048,59.0,29.0,0.512,0.512,0.508,0.515,,,,,,,-6.851,3.313,0.0,0.006,-0.022,,-0.004
4dxrA_4dxtA,049,58.0,36.0,0.542,0.538,0.541,0.535,,,,,,,-3.44,5.016,0.2,0.002,-0.028,,-0.002
4dxrA_4dxtA,050,58.0,11.0,0.464,0.469,0.516,0.512,,,,,,,-3.45,3.227,0.2,-0.004,-0.002,,0.003
4dxrA_4dxtA,051,56.0,39.0,0.598,0.591,0.708,0.707,,,,,,,-1.162,3.278,0.5,0.01,-0.021,,-0.004
4dxrA_4dxtA,052,56.0,19.0,0.42,0.421,0.499,0.495,,,,,,,-6.254,3.72,0.1,-0.008,-0.022,,0.008
4dxrA_4dxtA,053,55.0,14.0,0.496,0.502,0.558,0.538,,,,,,,-4.8,2.408,0.0,0.006,0.005,,0.002
4dxrA_4dxtA,054,55.0,21.0,0.265,0.251,0.512,0.511,,,,,,,0.936,2.121,0.6,-0.01,0.001,,-0.004
4dxrA_4dxtA,055,53.0,22.0,0.477,0.472,0.477,0.475,,,,,,,-5.261,3.929,0.1,-0.006,-0.024,,0.009
4dxrA_4dxtA,056,53.0,29.0,0.47,0.467,0.486,0.479,,,,,,,-3.132,2.491,0.2,-0.007,-0.02,,-0.004
4dxrA_4dxtA,057,52.0,16.0,0.466,0.446,0.499,0.497,,,,,,,-0.483,1.875,0.5,-0.002,-0.037,,-0.003
4dxrA_4dxtA,058,52.0,32.0,0.574,0.562,0.687,0.681,,,,,,,-2.325,3.022,0.3,-0.004,-0.028,,-0.008
4dxrA_4dxtA,059,52.0,19.0,0.48,0.477,0.491,0.482,,,,,,,-8.877,1.816,0.0,0.003,0.012,,0.004
4dxrA_4dxtA,060,52.0,16.0,0.606,0.608,0.617,0.613,,,,,,,-6.592,3.985,0.1,0.001,-0.014,,0.003
4dxrA_4dxtA,061,49.0,20.0,0.339,0.354,0.668,0.689,,,,,,,-5.763,4.236,0.1,-0.006,-0.028,,-0.001
4dxrA_4dxtA,062,47.0,29.0,0.485,0.48,0.464,0.458,,,,,,,-3.184,3.605,0.2,-0.004,0.01,,0.0
4dxrA_4dxtA,063,47.0,31.0,0.54,0.532,0.624,0.611,,,,,,,-2.478,1.853,0.1,-0.002,-0.008,,-0.004
4dxrA_4dxtA,064,47.0,5.0,0.514,0.509,0.584,0.581,,,,,,,-3.987,2.494,0.1,0.009,0.023,,-0.0
4dxrA_4dxtA,065,47.0,2.0,0.339,0.334,0.377,0.374,,,,,,,0.163,1.182,0.4,0.0,0.011,,-0.004
4dxrA_4dxtA,066,47.0,19.0,0.427,0.426,0.534,0.529,,,,,,,-6.857,3.865,0.0,-0.003,0.006,,-0.005
4dxrA_4dxtA,067,47.0,19.0,0.542,0.528,0.586,0.573,,,,,,,-1.549,2.195,0.4,-0.001,0.003,,-0.001
4dxrA_4dxtA,068,46.0,10.0,0.265,0.275,0.386,0.38,,,,,,,-0.237,2.094,0.7,0.005,-0.03,,-0.001
4dxrA_4dxtA,069,45.0,32.0,0.2,0.196,0.262,0.246,,,,,,,-3.566,5.743,0.3,-0.036,-0.028,,-0.003
4dxrA_4dxtA,070,45.0,15.0,0.264,0.271,0.577,0.567,,,,,,,-0.08,2.713,0.6,0.008,-0.036,,0.007
4dxrA_4dxtA,071,45.0,9.0,0.302,0.307,0.558,0.553,,,,,,,-2.44,3.402,0.3,0.01,-0.037,,-0.017
4dxrA_4dxtA,072,45.0,24.0,0.265,0.268,0.505,0.497,,,,,,,-6.18,4.769,0.2,-0.002,-0.032,,-0.006
4dxrA_4dxtA,073,44.0,12.0,0.271,0.258,0.31,0.316,,,,,,,1.886,2.481,0.7,-0.0,0.007,,-0.004
4dxrA_4dxtA,074,44.0,25.0,0.555,0.556,0.57,0.556,,,,,,,-1.517,4.612,0.5,0.002,0.018,,-0.002
4dxrA_4dxtA,075,44.0,18.0,0.474,0.465,0.49,0.486,,,,,,,-7.685,2.953,0.0,-0.0,-0.014,,-0.0
4dxrA_4dxtA,076,43.0,27.0,0.699,0.69,0.803,0.814,,,,,,,-1.639,3.279,0.3,-0.003,-0.015,,-0.003
4dxrA_4dxtA,077,42.0,16.0,0.499,0.492,0.636,0.624,,,,,,,1.653,3.325,0.6,-0.001,-0.037,,-0.0
4dxrA_4dxtA,078,41.0,23.0,0.461,0.463,0.497,0.497,,,,,,,-3.639,2.24,0.1,-0.006,0.01,,-0.001
4dxrA_4dxtA,079,40.0,13.0,0.472,0.464,0.412,0.417,,,,,,,-5.514,2.861,0.0,-0.0,0.005,,0.003
4dxrA_4dxtA,080,39.0,14.0,0.531,0.528,0.544,0.539,,,,,,,-4.179,3.127,0.1,0.011,0.023,,-0.001
4dxrA_4dxtA,081,38.0,23.0,0.57,0.559,0.606,0.593,,,,,,,-0.998,2.871,0.4,-0.001,-0.01,,-0.007
4dxrA_4dxtA,082,37.0,6.0,0.491,0.49,0.511,0.507,,,,,,,-6.548,2.527,0.0,-0.0,-0.037,,-0.0
4dxrA_4dxtA,083,36.0,17.0,0.537,0.534,0.54,0.539,,,,,,,-5.555,3.738,0.0,0.001,-0.028,,0.0
4dxrA_4dxtA,084,36.0,16.0,0.252,0.268,0.403,0.397,,,,,,,-0.189,1.484,0.4,0.002,0.03,,0.003
4dxrA_4dxtA,085,36.0,13.0,0.499,0.495,0.462,0.465,,,,,,,-9.294,4.055,0.0,0.006,0.001,,-0.003
4dxrA_4dxtA,086,35.0,15.0,0.364,0.363,0.503,0.497,,,,,,,-5.54,2.738,0.0,0.0,-0.008,,-0.004
4dxrA_4dxtA,087,34.0,13.0,0.34,0.342,0.528,0.527,,,,,,,-2.699,2.289,0.1,0.003,-0.016,,-0.004
4dxrA_4dxtA,088,33.0,22.0,0.205,0.209,0.247,0.236,,,,,,,-3.34,4.173,0.3,0.034,-0.022,,-0.008
4dxrA_4dxtA,089,33.0,16.0,0.534,0.529,0.54,0.531,,,,,,,-5.89,2.282,0.0,-0.003,-0.015,,-0.0
4dxrA_4dxtA,090,32.0,19.0,0.551,0.546,0.575,0.565,,,,,,,-3.531,2.413,0.2,0.008,-0.034,,0.001
4dxrA_4dxtA,091,32.0,19.0,0.536,0.54,0.549,0.547,,,,,,,0.043,1.365,0.5,-0.011,0.005,,0.003
4dxrA_4dxtA,092,32.0,16.0,0.453,0.452,0.534,0.527,,,,,,,0.753,2.173,0.6,0.012,0.026,,0.003
4dxrA_4dxtA,093,30.0,18.0,0.627,0.621,0.646,0.633,,,,,,,-5.558,4.51,0.2,0.015,-0.018,,0.002
4dxrA_4dxtA,094,30.0,16.0,0.449,0.446,0.496,0.493,,,,,,,-5.393,2.161,0.0,0.001,0.018,,-0.002
4dxrA_4dxtA,095,30.0,12.0,0.453,0.455,0.61,0.613,,,,,,,-7.537,3.136,0.0,-0.0,-0.016,,-0.003
4dxrA_4dxtA,096,29.0,17.0,0.233,0.23,0.501,0.498,,,,,,,-3.477,4.062,0.1,-0.022,0.034,,-0.005
4dxrA_4dxtA,097,29.0,15.0,0.545,0.537,0.527,0.527,,,,,,,-3.198,2.717,0.1,-0.008,0.005,,-0.002
4dxrA_4dxtA,098,28.0,15.0,0.504,0.498,0.582,0.586,,,,,,,-5.565,3.988,0.2,0.004,-0.035,,-0.002
4dxrA_4dxtA,099,26.0,13.0,0.54,0.539,0.673,0.679,,,,,,,-6.81,2.772,0.0,0.001,-0.023,,0.001
4g0dZ_4fu4C,Deep,,,0.481,0.174,0.387,0.195,0.0,0.0,0.0,4fu4C; 4g0dZ; 4fu4C; 4g0dZ,0.42; 0.42; 0.42; 0.42,0.18; 0.18; 0.18; 0.18,,,,,0.271,0.0,
4g0dZ_4fu4C,000,10.0,2.0,0.469,0.195,0.319,0.165,,,,,,,-0.885,0.537,0.0,0.046,0.271,,0.01
4gqcB_4gqcC,Deep,,,0.92,0.992,0.919,0.994,0.498,0.472,0.535,,,,,,,,-0.014,-0.035,
4gqcB_4gqcC,000,1778.0,1390.0,0.775,0.825,0.795,0.847,0.106,0.11,0.103,001; 001; 005; 007; 007; 005; 002; 002; 003; 003,0.89; 0.89; 0.84; 0.84; 0.84; 0.84; 0.82; 0.82; 0.78; 0.78,0.95; 0.95; 0.87; 0.90; 0.90; 0.87; 0.87; 0.87; 0.83; 0.83,-4.919,2.154,0.0,0.0,0.045,-0.025,0.0
4gqcB_4gqcC,001,882.0,608.0,0.755,0.794,0.773,0.815,0.141,0.131,0.133,001; 001; 005; 006; 006; 005; 003; 002; 003; 002,0.85; 0.85; 0.80; 0.80; 0.80; 0.80; 0.79; 0.79; 0.79; 0.79,0.91; 0.91; 0.84; 0.85; 0.85; 0.84; 0.85; 0.85; 0.85; 0.85,-4.068,3.074,0.0,0.0,-0.017,-0.022,0.0
4gqcB_4gqcC,002,766.0,591.0,0.666,0.697,0.706,0.765,0.189,0.179,0.182,001; 001; 003; 003; 009; 009; 002; 002; 010; 010,0.92; 0.92; 0.82; 0.82; 0.81; 0.81; 0.80; 0.80; 0.79; 0.79,0.99; 0.99; 0.88; 0.88; 0.85; 0.85; 0.85; 0.85; 0.85; 0.85,-5.216,4.318,0.2,0.0,0.02,-0.007,0.0
4gqcB_4gqcC,003,623.0,492.0,0.619,0.673,0.637,0.693,0.472,0.46,0.495,001; 001; 006; 006; 002; 002; 003; 003; 008; 008,0.92; 0.92; 0.83; 0.83; 0.81; 0.81; 0.80; 0.80; 0.79; 0.79,0.96; 0.96; 0.88; 0.88; 0.87; 0.87; 0.85; 0.85; 0.84; 0.83,-4.667,4.905,0.2,0.0,-0.034,0.0,0.0
4gqcB_4gqcC,004,621.0,498.0,0.662,0.723,0.675,0.737,0.089,0.081,0.088,001; 001; 010; 010; 003; 003; 002; 004; 004; 002,0.83; 0.83; 0.81; 0.81; 0.79; 0.79; 0.78; 0.78; 0.78; 0.78,0.89; 0.89; 0.86; 0.86; 0.84; 0.84; 0.84; 0.83; 0.83; 0.83,-6.467,4.445,0.1,0.0,0.046,-0.003,0.0
4gqcB_4gqcC,005,542.0,437.0,0.676,0.705,0.712,0.768,0.146,0.136,0.137,009; 008; 008; 009; 010; 010; 005; 005; 004; 004,0.86; 0.86; 0.86; 0.86; 0.84; 0.84; 0.83; 0.83; 0.82; 0.82,0.91; 0.91; 0.91; 0.91; 0.89; 0.89; 0.88; 0.88; 0.88; 0.88,-5.473,3.462,0.1,0.0,0.032,-0.004,0.0
4gqcB_4gqcC,006,438.0,338.0,0.63,0.669,0.675,0.736,0.086,0.098,0.094,002; 002; 006; 006; 001; 001; 004; 003; 004; 003,0.84; 0.84; 0.83; 0.83; 0.82; 0.82; 0.78; 0.78; 0.78; 0.78,0.90; 0.90; 0.88; 0.88; 0.87; 0.87; 0.83; 0.83; 0.83; 0.83,-4.711,3.264,0.1,0.0,0.015,-0.002,0.0
4gqcB_4gqcC,007,412.0,305.0,0.651,0.69,0.676,0.733,0.061,0.059,0.066,001; 001; 004; 008; 008; 004; 002; 009; 009; 002,0.83; 0.83; 0.81; 0.81; 0.81; 0.81; 0.79; 0.79; 0.79; 0.79,0.89; 0.89; 0.87; 0.86; 0.86; 0.87; 0.84; 0.84; 0.84; 0.84,-5.871,1.192,0.0,0.0,-0.004,-0.0,0.0
4gqcB_4gqcC,008,410.0,325.0,0.441,0.472,0.553,0.608,0.117,0.106,0.116,001; 007; 007; 001; 005; 005; 009; 009; 008; 002,0.81; 0.81; 0.81; 0.81; 0.79; 0.79; 0.76; 0.76; 0.73; 0.73,0.87; 0.86; 0.86; 0.87; 0.85; 0.85; 0.83; 0.83; 0.79; 0.79,-3.881,4.311,0.2,0.0,-0.023,-0.004,0.0
4gqcB_4gqcC,009,382.0,287.0,0.786,0.843,0.796,0.856,0.176,0.171,0.175,001; 001; 004; 004; 009; 009; 002; 005; 005; 002,0.86; 0.86; 0.82; 0.82; 0.80; 0.80; 0.78; 0.78; 0.78; 0.78,0.93; 0.93; 0.88; 0.88; 0.86; 0.86; 0.84; 0.84; 0.84; 0.84,-5.992,3.094,0.1,0.0,0.04,-0.0,0.0
4gqcB_4gqcC,010,366.0,246.0,0.389,0.398,0.392,0.441,0.498,0.471,0.525,004; 004; 001; 009; 009; 001; 003; 003; 007; 007,0.83; 0.83; 0.81; 0.81; 0.81; 0.81; 0.80; 0.80; 0.79; 0.79,0.88; 0.88; 0.88; 0.86; 0.86; 0.88; 0.84; 0.84; 0.85; 0.85,-4.864,2.638,0.0,0.0,0.004,-0.0,0.0
4gqcB_4gqcC,011,365.0,278.0,0.784,0.839,0.797,0.85,0.372,0.366,0.417,008; 008; 001; 005; 003; 001; 005; 003; 007; 007,0.83; 0.83; 0.82; 0.82; 0.82; 0.82; 0.82; 0.82; 0.80; 0.80,0.89; 0.89; 0.88; 0.89; 0.87; 0.88; 0.89; 0.87; 0.86; 0.86,-6.763,2.954,0.1,0.0,0.038,0.0,0.0
4gqcB_4gqcC,012,347.0,273.0,0.386,0.393,0.509,0.555,0.071,0.07,0.076,006; 006; 008; 008; 005; 007; 007; 005; 002; 002,0.81; 0.81; 0.81; 0.81; 0.80; 0.80; 0.80; 0.80; 0.78; 0.78,0.86; 0.86; 0.87; 0.87; 0.86; 0.85; 0.85; 0.86; 0.84; 0.84,-3.615,2.685,0.0,0.0,0.002,0.0,0.0
4gqcB_4gqcC,013,346.0,261.0,0.861,0.879,0.875,0.94,0.118,0.122,0.112,003; 003; 002; 002; 001; 008; 008; 001; 009; 009,0.82; 0.82; 0.81; 0.81; 0.80; 0.80; 0.80; 0.80; 0.77; 0.77,0.88; 0.88; 0.86; 0.86; 0.85; 0.86; 0.86; 0.85; 0.84; 0.84,-2.141,2.878,0.2,0.0,-0.019,0.0,0.0
4gqcB_4gqcC,014,342.0,254.0,0.353,0.389,0.522,0.588,0.456,0.424,0.474,005; 005; 001; 003; 001; 003; 009; 010; 009; 010,0.82; 0.82; 0.81; 0.81; 0.81; 0.81; 0.80; 0.80; 0.80; 0.80,0.88; 0.88; 0.86; 0.87; 0.86; 0.87; 0.86; 0.86; 0.86; 0.86,-4.204,3.627,0.2,0.0,0.037,0.0,0.0
4gqcB_4gqcC,015,327.0,264.0,0.458,0.496,0.45,0.517,0.203,0.199,0.198,001; 008; 008; 001; 004; 002; 002; 004; 007; 006,0.79; 0.79; 0.79; 0.79; 0.77; 0.77; 0.77; 0.77; 0.76; 0.76,0.84; 0.85; 0.85; 0.84; 0.83; 0.83; 0.83; 0.83; 0.82; 0.81,-5.433,1.586,0.0,0.0,-0.028,-0.001,0.0
4gqcB_4gqcC,016,327.0,256.0,0.797,0.848,0.787,0.841,0.109,0.103,0.111,006; 006; 001; 002; 007; 002; 001; 007; 003; 003,0.80; 0.80; 0.78; 0.78; 0.78; 0.78; 0.78; 0.78; 0.77; 0.77,0.85; 0.85; 0.84; 0.84; 0.84; 0.84; 0.84; 0.84; 0.82; 0.82,-5.714,2.229,0.0,0.0,-0.005,-0.0,0.0
4gqcB_4gqcC,017,295.0,239.0,0.506,0.554,0.516,0.57,0.326,0.316,0.352,008; 008; 002; 002; 003; 009; 003; 009; 001; 001,0.83; 0.83; 0.80; 0.80; 0.78; 0.78; 0.78; 0.78; 0.77; 0.77,0.89; 0.89; 0.86; 0.86; 0.83; 0.83; 0.83; 0.83; 0.82; 0.82,-4.12,2.472,0.0,0.0,-0.029,-0.0,0.0
4gqcB_4gqcC,018,287.0,218.0,0.295,0.294,0.25,0.282,0.127,0.116,0.133,001; 003; 001; 003; 008; 008; 004; 004; 007; 007,0.81; 0.81; 0.81; 0.81; 0.80; 0.80; 0.78; 0.77; 0.77; 0.77,0.86; 0.86; 0.86; 0.86; 0.85; 0.85; 0.83; 0.83; 0.83; 0.83,-5.441,3.183,0.1,0.0,0.038,-0.0,0.0
4gqcB_4gqcC,019,276.0,190.0,0.347,0.388,0.325,0.358,0.404,0.4,0.432,004; 004; 001; 001; 006; 005; 006; 005; 002; 002,0.83; 0.83; 0.81; 0.81; 0.80; 0.79; 0.79; 0.79; 0.77; 0.77,0.88; 0.88; 0.86; 0.86; 0.85; 0.85; 0.85; 0.85; 0.82; 0.82,-2.219,4.246,0.4,0.0,0.003,-0.0,0.0
4gqcB_4gqcC,020,228.0,157.0,0.415,0.436,0.459,0.469,0.203,0.195,0.199,001; 010; 001; 010; 003; 003; 008; 002; 002; 008,0.82; 0.82; 0.82; 0.82; 0.81; 0.81; 0.80; 0.80; 0.80; 0.80,0.86; 0.87; 0.86; 0.87; 0.85; 0.85; 0.85; 0.84; 0.84; 0.85,-3.803,2.255,0.0,0.0,0.032,0.0,0.0
4gqcB_4gqcC,021,203.0,122.0,0.678,0.729,0.69,0.741,,,,,,,-3.444,3.691,0.1,0.0,-0.015,,0.0
4gqcB_4gqcC,022,197.0,162.0,0.755,0.796,0.782,0.827,,,,,,,-4.275,2.646,0.1,0.0,-0.034,,0.0
4gqcB_4gqcC,023,172.0,75.0,0.616,0.629,0.754,0.767,,,,,,,-5.761,2.553,0.0,0.0,0.032,,0.0
4gqcB_4gqcC,024,162.0,135.0,0.591,0.626,0.638,0.695,,,,,,,-6.831,2.379,0.0,0.0,-0.019,,0.0
4gqcB_4gqcC,025,161.0,57.0,0.477,0.489,0.483,0.493,,,,,,,-1.688,3.29,0.4,0.0,-0.026,,0.0
4gqcB_4gqcC,026,157.0,125.0,0.337,0.362,0.361,0.374,,,,,,,-4.966,4.474,0.3,0.0,-0.046,,0.0
4gqcB_4gqcC,027,152.0,132.0,0.773,0.827,0.806,0.855,,,,,,,-4.827,1.303,0.0,0.0,-0.037,,0.0
4gqcB_4gqcC,028,148.0,122.0,0.475,0.538,0.476,0.538,,,,,,,-5.425,2.969,0.1,0.0,0.017,,0.0
4gqcB_4gqcC,029,147.0,104.0,0.355,0.372,0.444,0.473,,,,,,,-4.545,3.661,0.1,0.0,-0.032,,0.0
4gqcB_4gqcC,030,147.0,106.0,0.726,0.764,0.744,0.78,,,,,,,-3.591,1.823,0.1,0.0,0.047,,0.0
4gqcB_4gqcC,031,143.0,122.0,0.777,0.821,0.772,0.817,,,,,,,-5.1,3.777,0.1,0.0,0.022,,0.0
4gqcB_4gqcC,032,141.0,114.0,0.495,0.536,0.519,0.562,,,,,,,-4.767,3.014,0.1,0.0,-0.031,,0.0
4gqcB_4gqcC,033,134.0,34.0,0.28,0.277,0.499,0.53,,,,,,,-3.559,2.956,0.1,0.0,-0.032,,0.0
4gqcB_4gqcC,034,130.0,51.0,0.423,0.431,0.339,0.351,,,,,,,-3.572,2.949,0.1,0.0,-0.011,,0.0
4gqcB_4gqcC,035,130.0,75.0,0.812,0.807,0.85,0.851,,,,,,,-4.987,1.983,0.0,0.0,-0.005,,0.0
4gqcB_4gqcC,036,128.0,51.0,0.611,0.659,0.742,0.815,,,,,,,-6.525,3.229,0.1,0.0,0.012,,0.0
4gqcB_4gqcC,037,124.0,32.0,0.644,0.655,0.634,0.692,,,,,,,-4.887,2.702,0.0,0.0,-0.026,,0.0
4gqcB_4gqcC,038,124.0,104.0,0.74,0.782,0.784,0.838,,,,,,,-4.296,2.415,0.0,0.0,-0.01,,0.0
4gqcB_4gqcC,039,122.0,92.0,0.409,0.44,0.362,0.409,,,,,,,-4.841,2.924,0.0,0.0,-0.02,,0.0
4gqcB_4gqcC,040,114.0,75.0,0.703,0.716,0.736,0.749,,,,,,,-3.933,1.656,0.0,0.0,0.043,,0.0
4gqcB_4gqcC,041,113.0,88.0,0.8,0.851,0.794,0.848,,,,,,,-5.216,3.074,0.1,0.0,0.04,,0.0
4gqcB_4gqcC,042,112.0,85.0,0.747,0.762,0.739,0.757,,,,,,,-3.754,2.331,0.0,0.0,-0.036,,0.0
4gqcB_4gqcC,043,112.0,46.0,0.497,0.527,0.834,0.871,,,,,,,-4.893,2.577,0.1,0.0,0.011,,0.0
4gqcB_4gqcC,044,111.0,66.0,0.57,0.588,0.818,0.851,,,,,,,-3.905,2.641,0.1,0.0,-0.026,,0.0
4gqcB_4gqcC,045,105.0,92.0,0.807,0.863,0.8,0.859,,,,,,,-3.896,2.383,0.1,0.0,-0.041,,0.0
4gqcB_4gqcC,046,103.0,77.0,0.739,0.738,0.799,0.827,,,,,,,-4.57,3.165,0.0,0.0,0.025,,0.0
4gqcB_4gqcC,047,102.0,74.0,0.634,0.674,0.756,0.815,,,,,,,-4.303,2.21,0.0,0.0,-0.034,,0.0
4gqcB_4gqcC,048,100.0,88.0,0.384,0.421,0.33,0.36,,,,,,,-2.588,1.836,0.1,0.0,-0.025,,0.0
4gqcB_4gqcC,049,100.0,82.0,0.627,0.637,0.644,0.706,,,,,,,-5.132,3.263,0.1,0.0,-0.003,,0.0
4gqcB_4gqcC,050,100.0,53.0,0.335,0.366,0.45,0.499,,,,,,,-3.915,3.903,0.2,0.0,-0.014,,0.0
4gqcB_4gqcC,051,100.0,75.0,0.828,0.887,0.833,0.888,,,,,,,-3.679,3.064,0.0,0.0,-0.033,,0.0
4gqcB_4gqcC,052,98.0,80.0,0.545,0.58,0.535,0.579,,,,,,,-3.821,3.038,0.1,0.0,-0.038,,0.0
4gqcB_4gqcC,053,96.0,40.0,0.547,0.565,0.816,0.816,,,,,,,-4.363,3.238,0.1,0.0,-0.016,,0.0
4gqcB_4gqcC,054,95.0,79.0,0.363,0.384,0.439,0.477,,,,,,,-4.852,2.673,0.0,0.0,-0.02,,0.0
4gqcB_4gqcC,055,88.0,64.0,0.674,0.735,0.738,0.815,,,,,,,-4.332,2.473,0.0,0.0,-0.03,,0.0
4gqcB_4gqcC,056,85.0,72.0,0.782,0.817,0.809,0.86,,,,,,,-3.023,2.035,0.1,0.0,-0.018,,0.0
4gqcB_4gqcC,057,85.0,57.0,0.26,0.266,0.367,0.4,,,,,,,-4.994,3.43,0.2,0.0,-0.028,,0.0
4gqcB_4gqcC,058,84.0,66.0,0.784,0.843,0.803,0.861,,,,,,,-4.332,1.608,0.0,0.0,-0.041,,0.0
4gqcB_4gqcC,059,81.0,39.0,0.673,0.696,0.824,0.847,,,,,,,-4.67,2.716,0.1,0.0,0.012,,0.0
4gqcB_4gqcC,060,79.0,72.0,0.664,0.707,0.646,0.691,,,,,,,-5.632,3.944,0.2,0.0,-0.008,,0.0
4gqcB_4gqcC,061,78.0,37.0,0.476,0.505,0.427,0.443,,,,,,,-4.943,2.026,0.0,0.0,-0.03,,0.0
4gqcB_4gqcC,062,76.0,53.0,0.331,0.34,0.487,0.551,,,,,,,-6.87,3.963,0.1,0.0,0.029,,0.0
4gqcB_4gqcC,063,70.0,50.0,0.722,0.763,0.765,0.804,,,,,,,-4.647,2.885,0.0,0.0,0.001,,0.0
4gqcB_4gqcC,064,70.0,49.0,0.33,0.34,0.325,0.335,,,,,,,-5.002,2.837,0.0,0.0,0.038,,0.0
4gqcB_4gqcC,065,68.0,52.0,0.83,0.887,0.826,0.884,,,,,,,-5.441,4.083,0.1,0.0,0.003,,0.0
4gqcB_4gqcC,066,67.0,58.0,0.388,0.428,0.379,0.415,,,,,,,-5.177,2.042,0.0,0.0,-0.03,,0.0
4gqcB_4gqcC,067,65.0,55.0,0.278,0.268,0.387,0.422,,,,,,,-2.053,2.716,0.2,0.0,-0.001,,0.0
4gqcB_4gqcC,068,64.0,58.0,0.896,0.967,0.898,0.972,,,,,,,-4.865,2.424,0.1,0.0,-0.035,,0.0
4gqcB_4gqcC,069,64.0,52.0,0.795,0.848,0.785,0.839,,,,,,,-3.083,3.679,0.2,0.0,0.036,,0.0
4gqcB_4gqcC,070,64.0,52.0,0.772,0.802,0.759,0.797,,,,,,,-3.983,1.951,0.0,0.0,-0.011,,0.0
4gqcB_4gqcC,071,63.0,52.0,0.64,0.689,0.669,0.728,,,,,,,-6.153,2.838,0.0,0.0,-0.006,,0.0
4gqcB_4gqcC,072,62.0,49.0,0.706,0.758,0.703,0.757,,,,,,,-4.972,3.216,0.1,0.0,0.036,,0.0
4gqcB_4gqcC,073,59.0,46.0,0.297,0.325,0.513,0.564,,,,,,,-5.269,2.562,0.0,0.0,-0.043,,0.0
4gqcB_4gqcC,074,59.0,44.0,0.757,0.809,0.777,0.834,,,,,,,-5.117,3.025,0.1,0.0,-0.002,,0.0
4gqcB_4gqcC,075,57.0,41.0,0.291,0.32,0.294,0.327,,,,,,,-6.224,3.034,0.0,0.0,0.045,,0.0
4gqcB_4gqcC,076,56.0,40.0,0.604,0.622,0.794,0.827,,,,,,,-3.164,1.694,0.0,0.0,-0.022,,0.0
4gqcB_4gqcC,077,54.0,43.0,0.768,0.802,0.819,0.884,,,,,,,-4.121,3.089,0.2,0.0,-0.043,,0.0
4gqcB_4gqcC,078,54.0,43.0,0.372,0.422,0.361,0.416,,,,,,,-4.751,2.98,0.1,0.0,-0.038,,0.0
4gqcB_4gqcC,079,53.0,47.0,0.684,0.733,0.691,0.741,,,,,,,-6.889,3.567,0.0,0.0,-0.024,,0.0
4gqcB_4gqcC,080,51.0,44.0,0.784,0.84,0.791,0.846,,,,,,,-4.503,2.707,0.0,0.0,0.0,,0.0
4gqcB_4gqcC,081,51.0,44.0,0.768,0.813,0.776,0.823,,,,,,,-4.451,3.723,0.2,0.0,0.006,,0.0
4gqcB_4gqcC,082,49.0,42.0,0.467,0.518,0.532,0.591,,,,,,,-5.646,2.89,0.0,0.0,-0.03,,0.0
4gqcB_4gqcC,083,47.0,43.0,0.675,0.734,0.669,0.73,,,,,,,-4.371,3.824,0.1,0.0,-0.041,,0.0
4gqcB_4gqcC,084,46.0,33.0,0.709,0.719,0.789,0.858,,,,,,,-5.05,3.685,0.0,0.0,-0.022,,0.0
4gqcB_4gqcC,085,45.0,41.0,0.555,0.598,0.545,0.593,,,,,,,-5.552,3.109,0.1,0.0,0.022,,0.0
4gqcB_4gqcC,086,45.0,39.0,0.426,0.462,0.416,0.452,,,,,,,-4.31,3.213,0.1,0.0,-0.042,,0.0
4gqcB_4gqcC,087,44.0,37.0,0.656,0.678,0.7,0.759,,,,,,,-4.266,3.17,0.1,0.0,-0.002,,0.0
4gqcB_4gqcC,088,44.0,36.0,0.756,0.811,0.759,0.816,,,,,,,-6.205,5.176,0.0,0.0,0.006,,0.0
4gqcB_4gqcC,089,43.0,32.0,0.483,0.526,0.533,0.584,,,,,,,-5.55,3.095,0.1,0.0,-0.028,,0.0
4gqcB_4gqcC,090,40.0,34.0,0.569,0.619,0.567,0.624,,,,,,,-4.381,3.892,0.1,0.0,-0.022,,0.0
4gqcB_4gqcC,091,39.0,32.0,0.329,0.343,0.381,0.418,,,,,,,-6.254,2.796,0.0,0.0,-0.031,,0.0
4gqcB_4gqcC,092,34.0,25.0,0.672,0.723,0.677,0.714,,,,,,,-4.956,2.968,0.0,0.0,-0.022,,0.0
4gqcB_4gqcC,093,33.0,24.0,0.773,0.788,0.777,0.835,,,,,,,-4.837,3.546,0.0,0.0,0.029,,0.0
4gqcB_4gqcC,094,33.0,29.0,0.754,0.798,0.78,0.823,,,,,,,-4.703,3.434,0.1,0.0,-0.013,,0.0
4gqcB_4gqcC,095,28.0,25.0,0.771,0.823,0.765,0.819,,,,,,,-4.907,4.255,0.1,0.0,-0.027,,0.0
4gqcB_4gqcC,096,28.0,27.0,0.788,0.841,0.791,0.844,,,,,,,-5.497,3.89,0.1,0.0,-0.033,,0.0
4gqcB_4gqcC,097,26.0,21.0,0.805,0.86,0.802,0.859,,,,,,,-5.791,3.15,0.0,0.0,-0.039,,0.0
4gqcB_4gqcC,098,22.0,20.0,0.523,0.569,0.545,0.602,,,,,,,-3.641,3.57,0.2,0.0,-0.023,,0.0
4gqcB_4gqcC,099,20.0,18.0,0.77,0.82,0.769,0.819,,,,,,,-5.635,2.43,0.0,0.0,-0.008,,
4h2aA_3j9cA,Deep,,,0.864,0.761,0.809,0.776,0.046,0.124,0.045,,,,,,,,-0.016,0.0,
4h2aA_3j9cA,000,22.0,8.0,0.199,0.287,0.2,0.305,0.071,0.114,0.067,002; 002; 001; 001; 005; 005; 006; 003; 003; 007,0.74; 0.74; 0.70; 0.69; 0.68; 0.68; 0.66; 0.64; 0.64; 0.61,0.71; 0.71; 0.68; 0.68; 0.64; 0.64; 0.70; 0.68; 0.68; 0.59,-55.616,61.001,0.1,0.04,0.052,0.0,0.04
4h2aA_3j9cA,001,18.0,2.0,0.14,0.19,0.217,0.239,0.024,0.018,0.025,008; 008; 002; 002; 004; 004; 005; 009; 009; 005,0.69; 0.69; 0.69; 0.69; 0.65; 0.65; 0.63; 0.63; 0.63; 0.63,0.67; 0.67; 0.67; 0.67; 0.66; 0.66; 0.70; 0.67; 0.67; 0.70,-40.042,30.616,0.0,-0.019,0.048,0.0,0.035
4h2aA_3j9cA,002,16.0,6.0,0.234,0.271,0.305,0.348,0.06,0.132,0.047,002; 002; 006; 006; 001; 001; 003; 003; 007; 007,0.74; 0.74; 0.73; 0.73; 0.70; 0.70; 0.68; 0.68; 0.67; 0.67,0.72; 0.72; 0.72; 0.73; 0.68; 0.68; 0.67; 0.67; 0.63; 0.63,-108.031,30.797,0.0,0.072,0.031,0.0,
4h2aA_3j9cA,003,16.0,8.0,0.324,0.391,0.196,0.308,,,,,,,-74.968,37.055,0.0,0.068,0.056,,0.044
4h2aA_3j9cA,004,,,0.286,0.214,0.629,0.72,,,,,,,-88.178,35.157,0.0,0.063,0.048,,
4h2aA_3j9cA,005,15.0,6.0,0.17,0.236,0.18,0.252,,,,,,,-73.477,23.33,0.0,0.05,0.047,,0.052
4h2aA_3j9cA,006,15.0,2.0,0.174,0.243,0.287,0.413,,,,,,,-66.002,31.497,0.0,0.08,0.054,,0.044
4h2aA_3j9cA,007,15.0,9.0,0.212,0.216,0.241,0.272,,,,,,,-166.363,40.538,0.0,0.02,0.05,,
4h2aA_3j9cA,008,14.0,1.0,0.222,0.303,0.283,0.424,,,,,,,-39.976,44.809,0.0,0.004,0.06,,0.032
4h2aA_3j9cA,009,14.0,6.0,0.203,0.192,0.206,0.272,,,,,,,-64.695,29.74,0.0,0.035,0.039,,0.036
4h2aA_3j9cA,010,14.0,4.0,0.438,0.551,0.637,0.669,,,,,,,-109.237,67.163,0.0,0.01,0.04,,
4h2aA_3j9cA,011,14.0,8.0,0.21,0.215,0.266,0.253,,,,,,,-87.653,17.434,0.0,0.064,0.029,,
4h2aA_3j9cA,012,13.0,1.0,0.264,0.373,0.748,0.742,,,,,,,-115.024,15.963,0.0,0.052,0.042,,
4h2aA_3j9cA,013,13.0,7.0,0.225,0.22,0.314,0.297,,,,,,,-135.543,40.854,0.0,0.093,0.038,,
4h2aA_3j9cA,014,13.0,4.0,0.213,0.241,0.233,0.226,,,,,,,-160.024,5.245,0.0,0.041,0.052,,
4h2aA_3j9cA,015,13.0,2.0,0.186,0.171,0.199,0.284,,,,,,,-69.048,35.973,0.0,0.04,0.06,,0.036
4h2aA_3j9cA,016,13.0,4.0,0.193,0.229,0.163,0.173,,,,,,,-55.926,2.096,0.0,0.028,0.041,,0.037
4h2aA_3j9cA,017,13.0,1.0,0.183,0.213,0.283,0.367,,,,,,,-49.747,3.088,0.0,0.051,0.045,,0.027
4h2aA_3j9cA,018,13.0,6.0,0.515,0.657,0.631,0.768,,,,,,,-52.993,18.728,0.0,0.025,0.058,,
4h2aA_3j9cA,019,12.0,8.0,0.255,0.205,0.454,0.595,,,,,,,-169.146,6.407,0.0,0.062,0.039,,
4h2aA_3j9cA,020,12.0,8.0,0.242,0.236,0.304,0.39,,,,,,,-140.659,14.62,0.0,0.07,0.025,,
4h2aA_3j9cA,021,12.0,6.0,0.201,0.305,0.253,0.232,,,,,,,-138.488,9.937,0.0,0.049,0.03,,
4h2aA_3j9cA,022,12.0,2.0,0.206,0.21,0.232,0.277,,,,,,,-151.276,8.532,0.0,0.08,0.017,,
4h2aA_3j9cA,023,12.0,4.0,0.203,0.275,0.258,0.258,,,,,,,-148.09,9.807,0.0,0.097,0.061,,
4h2aA_3j9cA,024,12.0,4.0,0.267,0.343,0.309,0.427,,,,,,,-70.019,31.682,0.0,0.024,0.063,,0.048
4h2aA_3j9cA,025,12.0,6.0,0.283,0.329,0.379,0.493,,,,,,,-55.311,4.394,0.0,0.026,0.019,,0.088
4h2aA_3j9cA,026,12.0,6.0,0.144,0.175,0.23,0.285,,,,,,,-74.173,39.468,0.0,-0.019,0.064,,0.03
4h2aA_3j9cA,027,12.0,3.0,0.192,0.23,0.222,0.295,,,,,,,-51.788,29.218,0.0,-0.002,-0.001,,0.045
4h2aA_3j9cA,028,12.0,1.0,0.195,0.287,0.236,0.383,,,,,,,-57.434,2.232,0.0,0.027,0.064,,0.031
4h2aA_3j9cA,029,12.0,1.0,0.325,0.409,0.405,0.509,,,,,,,-60.254,10.947,0.0,0.026,0.023,,0.02
4h2aA_3j9cA,030,12.0,5.0,0.248,0.333,0.293,0.458,,,,,,,-76.306,26.314,0.0,0.031,0.059,,0.046
4h2aA_3j9cA,031,12.0,6.0,0.282,0.359,0.661,0.659,,,,,,,-137.083,41.643,0.0,0.085,0.018,,
4h2aA_3j9cA,032,12.0,8.0,0.26,0.348,0.495,0.583,,,,,,,-164.156,7.613,0.0,0.089,0.023,,
4h2aA_3j9cA,033,11.0,6.0,0.177,0.191,0.212,0.25,,,,,,,-164.603,10.801,0.0,0.085,0.038,,
4h2aA_3j9cA,034,11.0,3.0,0.18,0.223,0.238,0.283,,,,,,,-160.389,35.909,0.0,0.039,0.042,,
4h2aA_3j9cA,035,11.0,2.0,0.305,0.381,0.25,0.321,,,,,,,-144.02,13.196,0.0,0.067,0.044,,
4h2aA_3j9cA,036,11.0,4.0,0.193,0.248,0.227,0.377,,,,,,,-70.161,25.209,0.0,0.03,0.043,,0.043
4h2aA_3j9cA,037,11.0,3.0,0.176,0.213,0.207,0.234,,,,,,,-56.564,4.454,0.0,0.013,0.023,,0.03
4h2aA_3j9cA,038,11.0,2.0,0.138,0.184,0.197,0.281,,,,,,,-48.398,20.326,0.0,0.058,0.035,,0.047
4h2aA_3j9cA,039,11.0,4.0,0.218,0.308,0.505,0.711,,,,,,,-43.01,4.085,0.0,0.049,0.011,,0.03
4h2aA_3j9cA,040,11.0,6.0,0.181,0.239,0.199,0.251,,,,,,,-66.647,37.403,0.0,0.055,0.056,,0.037
4h2aA_3j9cA,041,11.0,1.0,0.198,0.267,0.22,0.345,,,,,,,-47.508,3.471,0.0,0.032,0.007,,0.015
4h2aA_3j9cA,042,11.0,2.0,0.252,0.355,0.395,0.583,,,,,,,-53.197,6.573,0.0,0.045,0.064,,0.023
4h2aA_3j9cA,043,11.0,7.0,0.274,0.407,0.489,0.657,,,,,,,-57.672,15.578,0.0,0.059,0.052,,0.031
4h2aA_3j9cA,044,11.0,6.0,0.196,0.292,0.226,0.385,,,,,,,-64.395,6.044,0.0,0.088,0.03,,0.04
4h2aA_3j9cA,045,11.0,3.0,0.456,0.604,0.424,0.598,,,,,,,-88.526,31.044,0.0,0.01,0.057,,0.075
4h2aA_3j9cA,046,11.0,7.0,0.262,0.357,0.395,0.603,,,,,,,-119.348,46.337,0.0,0.038,0.047,,0.045
4h2aA_3j9cA,047,11.0,4.0,0.276,0.351,0.742,0.763,,,,,,,-59.848,32.911,0.0,0.03,0.062,,
4h2aA_3j9cA,048,10.0,9.0,0.263,0.27,0.553,0.628,,,,,,,-172.501,9.658,0.0,0.086,0.043,,
4h2aA_3j9cA,049,10.0,9.0,0.234,0.257,0.245,0.316,,,,,,,-156.186,7.338,0.0,0.073,0.049,,
4h2aA_3j9cA,050,10.0,4.0,0.19,0.215,0.267,0.348,,,,,,,-154.998,5.806,0.0,0.069,0.047,,
4h2aA_3j9cA,051,10.0,7.0,0.229,0.189,0.27,0.279,,,,,,,-137.286,4.843,0.0,0.065,0.039,,
4h2aA_3j9cA,052,10.0,3.0,0.332,0.338,0.361,0.355,,,,,,,-157.466,8.157,0.0,0.112,0.058,,
4h2aA_3j9cA,053,10.0,7.0,0.236,0.31,0.635,0.685,,,,,,,-146.188,12.947,0.0,0.128,0.048,,
4h2aA_3j9cA,054,10.0,6.0,0.42,0.555,0.502,0.704,,,,,,,-147.07,16.223,0.0,0.093,0.044,,
4h2aA_3j9cA,055,10.0,6.0,0.297,0.422,0.263,0.341,,,,,,,-99.845,36.382,0.0,0.045,0.042,,0.04
4h2aA_3j9cA,056,10.0,2.0,0.154,0.204,0.23,0.31,,,,,,,-59.373,2.941,0.0,0.032,0.037,,0.039
4h2aA_3j9cA,057,10.0,7.0,0.146,0.192,0.388,0.559,,,,,,,-60.109,5.405,0.0,0.027,0.004,,0.046
4h2aA_3j9cA,058,10.0,5.0,0.263,0.325,0.208,0.321,,,,,,,-57.846,9.035,0.0,0.024,0.059,,0.051
4h2aA_3j9cA,059,10.0,3.0,0.415,0.513,0.461,0.627,,,,,,,-106.313,44.073,0.0,0.0,0.063,,0.031
4n9wA_4nc9C,Deep,,,0.896,0.867,0.909,0.846,0.118,0.105,0.109,,,,,,,,0.007,0.009,
4n9wA_4nc9C,000,816.0,539.0,0.507,0.466,0.825,0.729,0.083,0.075,0.074,001; 001; 003; 003; 002; 002; 005; 005; 004; 004,0.86; 0.86; 0.85; 0.85; 0.82; 0.82; 0.81; 0.81; 0.80; 0.80,0.82; 0.82; 0.73; 0.73; 0.77; 0.77; 0.76; 0.76; 0.74; 0.74,-40.306,15.642,0.0,0.015,-0.038,-0.0,0.007
4n9wA_4nc9C,001,546.0,436.0,0.48,0.456,0.478,0.45,0.072,0.062,0.061,001; 005; 005; 001; 008; 009; 003; 003; 008; 009,0.81; 0.81; 0.81; 0.81; 0.80; 0.80; 0.80; 0.80; 0.80; 0.80,0.78; 0.74; 0.74; 0.78; 0.74; 0.74; 0.73; 0.73; 0.74; 0.74,-34.651,11.449,0.0,-0.007,-0.046,-0.0,-0.001
4n9wA_4nc9C,002,526.0,342.0,0.858,0.803,0.863,0.847,0.069,0.062,0.063,001; 004; 004; 001; 003; 003; 005; 008; 002; 002,0.83; 0.83; 0.83; 0.83; 0.82; 0.82; 0.80; 0.80; 0.80; 0.80,0.79; 0.77; 0.77; 0.79; 0.75; 0.75; 0.74; 0.73; 0.73; 0.73,-32.242,11.11,0.0,-0.001,0.026,0.0,-0.012
4n9wA_4nc9C,003,485.0,282.0,0.393,0.378,0.856,0.793,0.032,0.033,0.027,005; 005; 002; 002; 003; 004; 004; 003; 001; 001,0.84; 0.84; 0.83; 0.83; 0.82; 0.82; 0.82; 0.82; 0.80; 0.80,0.73; 0.73; 0.77; 0.77; 0.75; 0.75; 0.75; 0.75; 0.75; 0.75,-38.38,13.226,0.0,0.062,-0.052,0.0,0.001
4n9wA_4nc9C,004,416.0,211.0,0.486,0.473,0.795,0.766,0.076,0.067,0.07,002; 002; 005; 005; 001; 001; 007; 008; 007; 008,0.84; 0.84; 0.83; 0.83; 0.82; 0.82; 0.80; 0.80; 0.80; 0.80,0.78; 0.78; 0.77; 0.77; 0.75; 0.75; 0.72; 0.77; 0.72; 0.77,-30.266,12.059,0.0,0.047,-0.045,0.0,-0.002
4n9wA_4nc9C,005,412.0,154.0,0.502,0.459,0.916,0.836,0.054,0.051,0.05,002; 003; 003; 002; 008; 008; 001; 005; 001; 005,0.83; 0.83; 0.83; 0.83; 0.82; 0.82; 0.81; 0.81; 0.81; 0.81,0.76; 0.76; 0.76; 0.76; 0.74; 0.74; 0.76; 0.75; 0.76; 0.75,-32.243,16.37,0.1,0.003,0.048,0.0,-0.004
4n9wA_4nc9C,006,364.0,338.0,0.837,0.803,0.873,0.824,0.057,0.051,0.053,009; 009; 001; 005; 001; 005; 008; 002; 002; 008,0.83; 0.83; 0.82; 0.82; 0.82; 0.82; 0.81; 0.81; 0.81; 0.81,0.78; 0.78; 0.78; 0.76; 0.78; 0.76; 0.76; 0.74; 0.74; 0.76,-42.892,12.539,0.0,-0.0,-0.035,0.0,-0.02
4n9wA_4nc9C,007,315.0,246.0,0.52,0.494,0.517,0.492,0.052,0.051,0.051,001; 001; 004; 004; 002; 005; 009; 005; 009; 002,0.84; 0.84; 0.80; 0.80; 0.79; 0.79; 0.79; 0.79; 0.79; 0.79,0.77; 0.77; 0.76; 0.76; 0.73; 0.72; 0.72; 0.72; 0.72; 0.73,-36.856,10.469,0.0,-0.005,-0.034,0.0,-0.001
4n9wA_4nc9C,008,313.0,258.0,0.239,0.236,0.762,0.701,0.041,0.036,0.039,001; 001; 002; 002; 008; 008; 007; 007; 003; 003,0.88; 0.88; 0.87; 0.87; 0.81; 0.81; 0.79; 0.79; 0.55; 0.55,0.79; 0.79; 0.79; 0.79; 0.77; 0.77; 0.73; 0.73; 0.51; 0.51,-34.953,13.615,0.0,0.023,-0.052,0.0,-0.001
4n9wA_4nc9C,009,309.0,201.0,0.465,0.47,0.77,0.732,0.078,0.073,0.073,001; 001; 009; 009; 003; 003; 002; 002; 004; 004,0.91; 0.91; 0.84; 0.84; 0.83; 0.83; 0.81; 0.81; 0.77; 0.77,0.83; 0.83; 0.78; 0.78; 0.78; 0.78; 0.75; 0.75; 0.70; 0.70,-31.514,11.383,0.0,-0.005,-0.016,0.0,0.007
4n9wA_4nc9C,010,291.0,261.0,0.864,0.781,0.866,0.839,0.058,0.05,0.055,002; 003; 005; 005; 003; 002; 001; 001; 007; 004,0.82; 0.82; 0.82; 0.82; 0.82; 0.82; 0.80; 0.80; 0.79; 0.79,0.75; 0.75; 0.74; 0.74; 0.75; 0.75; 0.76; 0.76; 0.74; 0.73,-38.54,13.346,0.0,-0.048,0.038,0.0,-0.008
4n9wA_4nc9C,011,282.0,222.0,0.871,0.765,0.883,0.845,0.074,0.069,0.066,001; 002; 002; 001; 005; 007; 008; 005; 007; 008,0.82; 0.82; 0.82; 0.82; 0.81; 0.81; 0.81; 0.81; 0.81; 0.81,0.77; 0.76; 0.76; 0.77; 0.72; 0.75; 0.75; 0.72; 0.75; 0.75,-38.278,15.538,0.0,-0.004,0.02,0.0,-0.006
4n9wA_4nc9C,012,252.0,229.0,0.872,0.768,0.887,0.845,0.07,0.06,0.068,001; 001; 002; 002; 004; 006; 006; 004; 007; 007,0.86; 0.86; 0.83; 0.83; 0.82; 0.82; 0.82; 0.82; 0.81; 0.81,0.77; 0.77; 0.76; 0.76; 0.73; 0.77; 0.77; 0.73; 0.76; 0.76,-35.265,14.249,0.0,-0.014,0.036,0.0,-0.042
4n9wA_4nc9C,013,251.0,212.0,0.869,0.784,0.921,0.831,0.073,0.066,0.068,003; 003; 002; 002; 001; 009; 009; 006; 001; 006,0.84; 0.84; 0.84; 0.84; 0.82; 0.82; 0.82; 0.82; 0.82; 0.82,0.75; 0.75; 0.77; 0.77; 0.75; 0.76; 0.76; 0.75; 0.75; 0.75,-40.683,14.312,0.0,0.004,-0.035,0.0,-0.015
4n9wA_4nc9C,014,247.0,204.0,0.783,0.709,0.881,0.83,0.067,0.058,0.06,002; 002; 003; 003; 001; 001; 005; 004; 004; 005,0.82; 0.82; 0.81; 0.81; 0.77; 0.77; 0.76; 0.76; 0.76; 0.76,0.73; 0.73; 0.71; 0.71; 0.70; 0.70; 0.71; 0.71; 0.71; 0.71,-32.975,11.623,0.0,-0.001,0.037,0.0,-0.016
4n9wA_4nc9C,015,240.0,213.0,0.842,0.804,0.875,0.839,0.06,0.055,0.059,001; 001; 010; 010; 003; 003; 009; 009; 002; 002,0.88; 0.88; 0.83; 0.83; 0.82; 0.82; 0.81; 0.81; 0.79; 0.79,0.79; 0.79; 0.77; 0.77; 0.74; 0.74; 0.77; 0.77; 0.72; 0.72,-32.168,13.541,0.0,0.001,0.033,0.0,-0.013
4n9wA_4nc9C,016,237.0,213.0,0.85,0.745,0.878,0.819,0.068,0.062,0.062,004; 004; 001; 001; 003; 003; 006; 006; 002; 002,0.84; 0.84; 0.83; 0.83; 0.82; 0.82; 0.79; 0.79; 0.78; 0.78,0.77; 0.77; 0.75; 0.75; 0.74; 0.74; 0.74; 0.74; 0.72; 0.72,-37.663,14.612,0.0,-0.008,0.035,0.0,-0.013
4n9wA_4nc9C,017,235.0,198.0,0.874,0.797,0.888,0.827,,,,,,,-37.303,16.108,0.0,-0.004,0.044,,-0.007
4n9wA_4nc9C,018,231.0,67.0,0.375,0.375,0.717,0.664,,,,,,,-29.587,8.825,0.0,-0.006,-0.031,,0.003
4n9wA_4nc9C,019,230.0,104.0,0.577,0.551,0.796,0.754,,,,,,,-30.209,14.4,0.1,0.035,-0.05,,0.002
4n9wA_4nc9C,020,218.0,206.0,0.885,0.791,0.888,0.821,,,,,,,-42.098,13.977,0.0,-0.004,0.041,,0.007
4n9wA_4nc9C,021,218.0,147.0,0.745,0.711,0.826,0.787,,,,,,,-38.681,14.854,0.0,0.024,-0.006,,-0.008
4n9wA_4nc9C,022,191.0,146.0,0.685,0.684,0.796,0.766,,,,,,,-39.795,13.894,0.0,-0.001,-0.048,,-0.004
4n9wA_4nc9C,023,181.0,62.0,0.373,0.355,0.796,0.794,,,,,,,-25.435,6.823,0.0,0.077,-0.052,,0.009
4n9wA_4nc9C,024,180.0,126.0,0.717,0.726,0.723,0.624,,,,,,,-39.959,13.598,0.0,0.085,-0.036,,0.005
4n9wA_4nc9C,025,174.0,108.0,0.633,0.63,0.842,0.813,,,,,,,-32.607,18.167,0.0,0.05,-0.034,,0.009
4n9wA_4nc9C,026,167.0,105.0,0.477,0.46,0.731,0.719,,,,,,,-36.306,14.713,0.0,0.013,-0.041,,0.005
4n9wA_4nc9C,027,166.0,48.0,0.422,0.386,0.718,0.764,,,,,,,-27.005,7.765,0.0,0.006,0.011,,-0.002
4n9wA_4nc9C,028,165.0,131.0,0.427,0.384,0.438,0.399,,,,,,,-38.993,12.86,0.0,0.025,0.023,,0.008
4n9wA_4nc9C,029,164.0,58.0,0.474,0.444,0.85,0.739,,,,,,,-27.271,12.205,0.0,0.002,0.002,,0.002
4n9wA_4nc9C,030,162.0,152.0,0.854,0.81,0.872,0.836,,,,,,,-34.916,12.741,0.0,-0.015,0.035,,-0.011
4n9wA_4nc9C,031,150.0,34.0,0.656,0.637,0.719,0.683,,,,,,,-29.052,12.28,0.0,0.031,0.044,,0.001
4n9wA_4nc9C,032,148.0,122.0,0.849,0.794,0.884,0.826,,,,,,,-39.53,14.641,0.0,-0.001,-0.052,,-0.011
4n9wA_4nc9C,033,146.0,108.0,0.367,0.362,0.78,0.749,,,,,,,-34.764,17.466,0.0,0.009,-0.03,,0.012
4n9wA_4nc9C,034,141.0,85.0,0.727,0.739,0.768,0.755,,,,,,,-36.187,11.676,0.0,0.104,0.037,,0.039
4n9wA_4nc9C,035,137.0,49.0,0.706,0.651,0.845,0.801,,,,,,,-23.433,10.065,0.0,0.015,-0.052,,0.002
4n9wA_4nc9C,036,137.0,62.0,0.368,0.366,0.758,0.697,,,,,,,-35.792,14.749,0.0,0.011,0.035,,0.001
4n9wA_4nc9C,037,135.0,94.0,0.417,0.408,0.412,0.398,,,,,,,-30.299,14.557,0.0,-0.005,-0.052,,-0.0
4n9wA_4nc9C,038,133.0,92.0,0.636,0.593,0.776,0.762,,,,,,,-33.74,13.032,0.0,0.015,0.029,,0.003
4n9wA_4nc9C,039,130.0,108.0,0.884,0.779,0.929,0.842,,,,,,,-39.59,11.975,0.0,-0.009,0.021,,-0.001
4n9wA_4nc9C,040,128.0,26.0,0.235,0.247,0.741,0.654,,,,,,,-31.329,9.787,0.0,-0.004,-0.049,,-0.002
4n9wA_4nc9C,041,128.0,76.0,0.512,0.504,0.695,0.647,,,,,,,-36.335,18.297,0.0,0.05,0.027,,0.004
4n9wA_4nc9C,042,126.0,12.0,0.307,0.305,0.716,0.682,,,,,,,-19.85,9.072,0.0,0.015,0.028,,0.006
4n9wA_4nc9C,043,125.0,88.0,0.272,0.255,0.757,0.767,,,,,,,-32.377,10.395,0.0,0.08,0.03,,0.009
4n9wA_4nc9C,044,121.0,39.0,0.34,0.33,0.62,0.592,,,,,,,-31.239,12.771,0.0,0.036,0.005,,0.007
4n9wA_4nc9C,045,120.0,54.0,0.662,0.586,0.741,0.645,,,,,,,-39.04,12.448,0.0,0.036,0.005,,0.016
4n9wA_4nc9C,046,119.0,86.0,0.757,0.69,0.835,0.75,,,,,,,-36.695,14.136,0.0,0.038,-0.052,,-0.018
4n9wA_4nc9C,047,119.0,71.0,0.583,0.54,0.67,0.634,,,,,,,-49.227,11.394,0.0,-0.0,0.03,,0.0
4n9wA_4nc9C,048,115.0,34.0,0.252,0.264,0.794,0.747,,,,,,,-39.844,7.77,0.0,0.032,-0.048,,0.008
4n9wA_4nc9C,049,114.0,77.0,0.29,0.28,0.35,0.315,,,,,,,-38.451,16.708,0.0,-0.001,-0.017,,0.045
4n9wA_4nc9C,050,112.0,74.0,0.588,0.541,0.759,0.744,,,,,,,-29.72,14.913,0.0,-0.014,-0.02,,0.016
4n9wA_4nc9C,051,108.0,81.0,0.756,0.757,0.79,0.787,,,,,,,-38.362,13.301,0.0,0.025,-0.018,,-0.03
4n9wA_4nc9C,052,103.0,62.0,0.445,0.408,0.708,0.631,,,,,,,-30.872,12.906,0.0,-0.036,0.002,,-0.001
4n9wA_4nc9C,053,100.0,86.0,0.852,0.785,0.874,0.831,,,,,,,-36.044,10.386,0.0,0.026,0.003,,0.002
4n9wA_4nc9C,054,98.0,34.0,0.371,0.367,0.762,0.743,,,,,,,-34.351,12.406,0.0,0.067,-0.051,,-0.003
4n9wA_4nc9C,055,95.0,38.0,0.378,0.39,0.856,0.814,,,,,,,-23.405,10.7,0.0,0.015,-0.051,,0.008
4n9wA_4nc9C,056,95.0,36.0,0.455,0.454,0.818,0.741,,,,,,,-32.589,13.84,0.0,-0.006,-0.052,,0.006
4n9wA_4nc9C,057,93.0,61.0,0.277,0.289,0.756,0.695,,,,,,,-35.558,14.901,0.0,0.087,0.049,,0.007
4n9wA_4nc9C,058,89.0,60.0,0.384,0.375,0.421,0.41,,,,,,,-34.996,13.67,0.0,0.001,-0.013,,0.004
4n9wA_4nc9C,059,89.0,12.0,0.342,0.325,0.333,0.327,,,,,,,-43.915,9.179,0.0,-0.016,-0.043,,-0.001
4n9wA_4nc9C,060,88.0,60.0,0.568,0.553,0.616,0.636,,,,,,,-37.742,11.501,0.0,-0.004,-0.042,,-0.008
4n9wA_4nc9C,061,87.0,59.0,0.601,0.543,0.774,0.682,,,,,,,-36.924,16.359,0.0,0.06,-0.035,,-0.002
4n9wA_4nc9C,062,86.0,70.0,0.853,0.784,0.878,0.805,,,,,,,-36.365,13.75,0.0,0.054,-0.05,,-0.024
4n9wA_4nc9C,063,86.0,29.0,0.435,0.399,0.518,0.489,,,,,,,-40.066,15.692,0.0,0.043,0.008,,0.005
4n9wA_4nc9C,064,84.0,55.0,0.438,0.409,0.709,0.681,,,,,,,-36.654,18.227,0.0,0.07,-0.021,,-0.002
4n9wA_4nc9C,065,83.0,73.0,0.836,0.77,0.887,0.835,,,,,,,-33.91,13.728,0.0,-0.009,0.042,,-0.012
4n9wA_4nc9C,066,81.0,73.0,0.875,0.783,0.926,0.84,,,,,,,-41.666,13.622,0.0,-0.009,0.033,,-0.01
4n9wA_4nc9C,067,80.0,34.0,0.724,0.713,0.738,0.753,,,,,,,-39.8,12.134,0.0,0.086,-0.049,,-0.002
4n9wA_4nc9C,068,76.0,68.0,0.767,0.762,0.878,0.825,,,,,,,-27.399,5.409,0.0,-0.006,0.007,,-0.02
4n9wA_4nc9C,069,74.0,44.0,0.342,0.331,0.767,0.738,,,,,,,-29.622,14.194,0.0,0.025,-0.01,,0.005
4n9wA_4nc9C,070,74.0,55.0,0.571,0.57,0.849,0.788,,,,,,,-41.813,11.016,0.0,-0.001,-0.052,,0.007
4n9wA_4nc9C,071,72.0,57.0,0.565,0.534,0.609,0.565,,,,,,,-38.49,13.923,0.0,0.001,-0.002,,0.008
4n9wA_4nc9C,072,72.0,23.0,0.388,0.369,0.736,0.754,,,,,,,-23.367,11.886,0.0,0.032,-0.035,,-0.01
4n9wA_4nc9C,073,71.0,42.0,0.222,0.215,0.601,0.552,,,,,,,-29.909,13.614,0.0,-0.006,-0.027,,0.031
4n9wA_4nc9C,074,71.0,40.0,0.496,0.467,0.797,0.741,,,,,,,-33.862,13.161,0.0,0.072,-0.05,,0.018
4n9wA_4nc9C,075,70.0,33.0,0.529,0.519,0.872,0.81,,,,,,,-28.433,12.74,0.0,-0.006,-0.0,,-0.007
4n9wA_4nc9C,076,69.0,47.0,0.333,0.321,0.613,0.543,,,,,,,-31.232,8.194,0.0,0.049,-0.017,,-0.031
4n9wA_4nc9C,077,67.0,31.0,0.332,0.338,0.785,0.733,,,,,,,-34.578,14.231,0.0,0.064,-0.051,,0.003
4n9wA_4nc9C,078,67.0,16.0,0.234,0.227,0.764,0.731,,,,,,,-47.455,13.758,0.0,0.018,0.008,,0.003
4n9wA_4nc9C,079,65.0,39.0,0.777,0.768,0.803,0.749,,,,,,,-40.563,15.69,0.0,0.03,0.02,,0.01
4n9wA_4nc9C,080,64.0,54.0,0.818,0.772,0.889,0.838,,,,,,,-33.588,10.582,0.0,-0.0,0.031,,-0.013
4n9wA_4nc9C,081,64.0,56.0,0.882,0.808,0.869,0.823,,,,,,,-32.314,16.397,0.0,-0.004,0.026,,-0.005
4n9wA_4nc9C,082,63.0,32.0,0.37,0.365,0.782,0.789,,,,,,,-35.839,5.146,0.0,0.045,-0.052,,-0.002
4n9wA_4nc9C,083,62.0,42.0,0.356,0.351,0.785,0.778,,,,,,,-40.671,5.951,0.0,0.084,-0.052,,0.017
4n9wA_4nc9C,084,61.0,44.0,0.724,0.713,0.794,0.779,,,,,,,-51.349,9.437,0.0,0.05,0.035,,-0.006
4n9wA_4nc9C,085,60.0,54.0,0.415,0.39,0.422,0.396,,,,,,,-33.82,12.912,0.0,-0.004,-0.017,,0.002
4n9wA_4nc9C,086,58.0,45.0,0.861,0.749,0.877,0.831,,,,,,,-31.151,9.634,0.0,-0.028,0.032,,-0.02
4n9wA_4nc9C,087,55.0,47.0,0.833,0.82,0.878,0.835,,,,,,,-29.383,12.234,0.0,-0.002,0.031,,-0.002
4n9wA_4nc9C,088,54.0,50.0,0.875,0.829,0.875,0.824,,,,,,,-37.5,11.731,0.0,0.002,0.024,,-0.034
4n9wA_4nc9C,089,51.0,46.0,0.84,0.805,0.881,0.824,,,,,,,-31.051,10.558,0.0,-0.005,0.042,,-0.01
4n9wA_4nc9C,090,51.0,29.0,0.388,0.372,0.801,0.719,,,,,,,-41.608,14.978,0.0,0.027,-0.047,,0.001
4n9wA_4nc9C,091,48.0,37.0,0.367,0.332,0.365,0.356,,,,,,,-32.002,13.749,0.0,0.022,-0.051,,0.018
4n9wA_4nc9C,092,48.0,19.0,0.415,0.383,0.695,0.698,,,,,,,-44.158,11.369,0.0,0.01,-0.048,,0.006
4n9wA_4nc9C,093,48.0,43.0,0.308,0.326,0.769,0.731,,,,,,,-35.77,12.766,0.0,0.048,-0.035,,-0.002
4n9wA_4nc9C,094,41.0,37.0,0.842,0.745,0.882,0.821,,,,,,,-23.617,7.034,0.0,-0.004,0.017,,-0.03
4n9wA_4nc9C,095,40.0,25.0,0.355,0.367,0.422,0.395,,,,,,,-38.748,10.27,0.0,0.048,0.007,,-0.009
4n9wA_4nc9C,096,39.0,33.0,0.837,0.794,0.916,0.851,,,,,,,-38.388,10.724,0.0,-0.006,0.009,,-0.014
4n9wA_4nc9C,097,38.0,27.0,0.423,0.424,0.746,0.709,,,,,,,-37.923,11.498,0.0,0.056,-0.038,,0.0
4n9wA_4nc9C,098,36.0,34.0,0.702,0.736,0.876,0.804,,,,,,,-28.735,12.389,0.0,-0.006,0.036,,-0.017
4n9wA_4nc9C,099,36.0,30.0,0.906,0.751,0.921,0.809,,,,,,,-31.338,11.877,0.0,0.005,-0.035,,-0.02
4o01D_4o0pA,Deep,,,0.62,0.729,0.821,0.932,0.121,0.119,0.113,,,,,,,,-0.027,-0.001,
4o01D_4o0pA,000,1814.0,1090.0,0.674,0.573,0.663,0.533,0.005,0.009,0.004,001; 001; 003; 003; 009; 009; 002; 002; 007; 004,0.88; 0.88; 0.81; 0.81; 0.79; 0.79; 0.78; 0.78; 0.77; 0.77,0.88; 0.88; 0.84; 0.84; 0.88; 0.88; 0.83; 0.83; 0.86; 0.85,-34.104,10.19,0.0,0.032,0.016,0.0,0.014
4o01D_4o0pA,001,1336.0,750.0,0.307,0.331,0.744,0.835,0.117,0.114,0.11,002; 002; 004; 004; 003; 003; 009; 008; 008; 009,0.81; 0.81; 0.80; 0.80; 0.78; 0.77; 0.74; 0.74; 0.74; 0.74,0.81; 0.81; 0.82; 0.83; 0.78; 0.79; 0.83; 0.84; 0.83; 0.83,-34.47,10.799,0.0,-0.003,0.018,0.0,0.001
4o01D_4o0pA,002,755.0,535.0,0.358,0.354,0.756,0.784,0.045,0.042,0.041,001; 001; 002; 002; 008; 008; 005; 005; 007; 007,0.85; 0.85; 0.80; 0.80; 0.79; 0.79; 0.77; 0.77; 0.75; 0.74,0.77; 0.77; 0.82; 0.82; 0.86; 0.86; 0.82; 0.82; 0.87; 0.87,-31.031,11.56,0.0,-0.004,0.022,0.0,-0.002
4o01D_4o0pA,003,360.0,144.0,0.345,0.344,0.455,0.455,0.016,0.015,0.016,008; 009; 008; 002; 002; 009; 001; 001; 003; 003,0.80; 0.79; 0.79; 0.79; 0.79; 0.79; 0.69; 0.69; 0.64; 0.64,0.87; 0.87; 0.87; 0.82; 0.82; 0.87; 0.64; 0.64; 0.62; 0.62,-30.745,12.482,0.0,0.001,-0.022,0.0,-0.001
4o01D_4o0pA,004,350.0,206.0,0.842,0.872,0.915,0.851,0.01,0.01,0.01,002; 003; 003; 002; 001; 001; 004; 004; 008; 008,0.84; 0.84; 0.84; 0.84; 0.83; 0.83; 0.82; 0.82; 0.81; 0.81,0.83; 0.79; 0.79; 0.83; 0.87; 0.87; 0.85; 0.85; 0.88; 0.88,-28.466,9.171,0.0,-0.004,0.009,0.0,0.035
4o01D_4o0pA,005,300.0,185.0,0.698,0.757,0.721,0.839,0.007,0.01,0.01,001; 001; 002; 002; 008; 008; 003; 003; 006; 006,0.95; 0.95; 0.85; 0.85; 0.82; 0.82; 0.80; 0.80; 0.76; 0.76,0.83; 0.83; 0.86; 0.86; 0.84; 0.84; 0.82; 0.82; 0.85; 0.85,-31.539,13.616,0.0,-0.003,-0.004,0.0,-0.076
4o01D_4o0pA,006,284.0,151.0,0.224,0.22,0.688,0.607,0.012,0.013,0.013,002; 002; 005; 005; 003; 003; 009; 009; 008; 008,0.82; 0.82; 0.80; 0.80; 0.79; 0.79; 0.79; 0.79; 0.78; 0.77,0.81; 0.81; 0.86; 0.86; 0.83; 0.83; 0.80; 0.80; 0.86; 0.85,-28.727,12.678,0.0,-0.004,-0.012,0.0,0.001
4o01D_4o0pA,007,282.0,174.0,0.747,0.657,0.797,0.862,0.004,0.005,0.003,001; 001; 003; 007; 006; 007; 006; 003; 002; 004,0.81; 0.81; 0.79; 0.79; 0.79; 0.79; 0.79; 0.79; 0.78; 0.78,0.86; 0.86; 0.82; 0.86; 0.88; 0.86; 0.88; 0.82; 0.77; 0.84,-34.361,12.959,0.0,0.01,-0.021,0.0,0.052
4o01D_4o0pA,008,265.0,150.0,0.288,0.284,0.268,0.268,0.018,0.018,0.019,002; 002; 001; 001; 009; 009; 003; 003; 007; 010,0.85; 0.85; 0.84; 0.84; 0.81; 0.81; 0.77; 0.77; 0.77; 0.76,0.85; 0.85; 0.82; 0.82; 0.88; 0.88; 0.84; 0.84; 0.88; 0.79,-26.347,12.014,0.0,-0.006,0.0,0.0,-0.006
4o01D_4o0pA,009,248.0,157.0,0.251,0.255,0.449,0.441,0.012,0.012,0.011,002; 002; 008; 008; 007; 006; 007; 006; 001; 009,0.83; 0.83; 0.81; 0.81; 0.80; 0.80; 0.80; 0.80; 0.79; 0.79,0.84; 0.84; 0.85; 0.85; 0.83; 0.89; 0.83; 0.89; 0.84; 0.88,-25.416,9.468,0.0,0.002,-0.005,0.0,0.001
4o01D_4o0pA,010,167.0,96.0,0.252,0.273,0.847,0.797,0.309,0.316,0.29,001; 003; 001; 003; 002; 002; 004; 004; 005; 005,0.83; 0.83; 0.83; 0.83; 0.82; 0.82; 0.81; 0.81; 0.79; 0.79,0.86; 0.84; 0.86; 0.83; 0.88; 0.88; 0.85; 0.85; 0.86; 0.86,-34.013,11.517,0.0,-0.008,-0.029,0.0,0.007
4o01D_4o0pA,011,166.0,71.0,0.306,0.294,0.363,0.359,0.009,0.008,0.012,007; 007; 004; 004; 001; 001; 002; 002; 006; 006,0.81; 0.81; 0.66; 0.66; 0.65; 0.65; 0.64; 0.64; 0.60; 0.60,0.84; 0.84; 0.64; 0.64; 0.66; 0.66; 0.65; 0.65; 0.68; 0.68,-30.998,11.249,0.0,-0.0,-0.008,0.0,0.007
4o01D_4o0pA,012,156.0,90.0,0.29,0.311,0.667,0.582,0.01,0.011,0.015,001; 001; 002; 002; 006; 006; 005; 005; 003; 003,0.88; 0.88; 0.85; 0.85; 0.83; 0.83; 0.82; 0.82; 0.77; 0.77,0.84; 0.84; 0.80; 0.80; 0.89; 0.89; 0.77; 0.77; 0.89; 0.89,-29.049,8.133,0.0,0.0,0.014,0.0,0.003
4o01D_4o0pA,013,154.0,77.0,0.229,0.232,0.446,0.465,0.042,0.041,0.038,001; 001; 009; 009; 007; 007; 003; 003; 004; 004,0.83; 0.83; 0.82; 0.82; 0.78; 0.78; 0.77; 0.76; 0.69; 0.69,0.77; 0.78; 0.82; 0.82; 0.85; 0.85; 0.83; 0.83; 0.63; 0.63,-33.651,11.448,0.0,0.022,-0.028,0.0,0.003
4o01D_4o0pA,014,144.0,88.0,0.317,0.315,0.618,0.627,0.021,0.021,0.021,002; 002; 001; 001; 005; 005; 006; 006; 003; 003,0.87; 0.87; 0.85; 0.85; 0.79; 0.79; 0.75; 0.74; 0.63; 0.63,0.84; 0.84; 0.83; 0.83; 0.88; 0.88; 0.83; 0.83; 0.64; 0.64,-26.34,12.57,0.0,-0.008,-0.027,0.0,0.001
4o01D_4o0pA,015,140.0,80.0,0.191,0.168,0.327,0.322,0.029,0.026,0.027,003; 003; 001; 001; 005; 004; 004; 005; 002; 002,0.85; 0.85; 0.81; 0.81; 0.79; 0.79; 0.79; 0.79; 0.77; 0.77,0.83; 0.83; 0.84; 0.84; 0.87; 0.85; 0.85; 0.87; 0.79; 0.79,-25.092,11.37,0.0,-0.016,0.005,0.0,-0.004
4o01D_4o0pA,016,135.0,69.0,0.321,0.358,0.609,0.62,,,,,,,-26.737,12.556,0.0,-0.008,-0.025,,0.004
4o01D_4o0pA,017,131.0,58.0,0.261,0.259,0.363,0.382,,,,,,,-33.48,14.526,0.0,0.006,-0.025,,0.005
4o01D_4o0pA,018,123.0,75.0,0.313,0.318,0.826,0.778,,,,,,,-30.933,14.306,0.0,-0.029,-0.014,,-0.004
4o01D_4o0pA,019,120.0,68.0,0.218,0.281,0.475,0.425,,,,,,,-29.78,14.006,0.0,0.007,0.008,,0.01
4o01D_4o0pA,020,119.0,81.0,0.351,0.322,0.408,0.366,,,,,,,-30.271,12.731,0.0,0.001,0.016,,0.04
4o01D_4o0pA,021,115.0,74.0,0.612,0.632,0.709,0.708,,,,,,,-23.24,11.443,0.0,0.002,0.024,,-0.0
4o01D_4o0pA,022,112.0,58.0,0.244,0.224,0.372,0.377,,,,,,,-30.227,15.751,0.0,0.004,0.017,,-0.002
4o01D_4o0pA,023,109.0,50.0,0.325,0.343,0.692,0.584,,,,,,,-24.788,9.344,0.0,-0.0,-0.025,,0.003
4o01D_4o0pA,024,108.0,59.0,0.382,0.36,0.374,0.39,,,,,,,-27.783,13.178,0.0,0.023,0.005,,0.007
4o01D_4o0pA,025,105.0,51.0,0.302,0.301,0.428,0.426,,,,,,,-28.4,11.576,0.0,0.014,-0.029,,-0.004
4o01D_4o0pA,026,105.0,56.0,0.224,0.239,0.316,0.313,,,,,,,-24.709,12.467,0.0,0.012,-0.023,,-0.002
4o01D_4o0pA,027,102.0,50.0,0.498,0.493,0.441,0.433,,,,,,,-26.1,10.349,0.0,-0.007,-0.029,,0.027
4o01D_4o0pA,028,100.0,61.0,0.376,0.371,0.598,0.564,,,,,,,-26.919,12.833,0.0,-0.0,-0.003,,0.005
4o01D_4o0pA,029,94.0,63.0,0.561,0.533,0.618,0.662,,,,,,,-28.656,9.43,0.0,-0.002,-0.018,,-0.045
4o01D_4o0pA,030,94.0,51.0,0.287,0.285,0.481,0.427,,,,,,,-26.714,11.16,0.0,0.01,0.02,,0.002
4o01D_4o0pA,031,93.0,68.0,0.824,0.788,0.72,0.643,,,,,,,-31.423,13.002,0.0,0.005,-0.015,,0.025
4o01D_4o0pA,032,91.0,60.0,0.759,0.682,0.924,0.77,,,,,,,-25.467,10.336,0.0,-0.019,0.016,,0.026
4o01D_4o0pA,033,89.0,36.0,0.242,0.257,0.293,0.289,,,,,,,-30.126,10.347,0.0,-0.0,0.021,,-0.001
4o01D_4o0pA,034,88.0,49.0,0.277,0.267,0.428,0.399,,,,,,,-34.358,5.672,0.0,-0.021,-0.021,,0.004
4o01D_4o0pA,035,85.0,45.0,0.429,0.417,0.595,0.634,,,,,,,-37.147,7.813,0.0,0.018,0.004,,0.017
4o01D_4o0pA,036,83.0,42.0,0.556,0.533,0.573,0.63,,,,,,,-30.487,11.535,0.0,-0.004,-0.02,,-0.008
4o01D_4o0pA,037,82.0,48.0,0.385,0.366,0.638,0.635,,,,,,,-36.925,3.556,0.0,0.004,-0.028,,0.001
4o01D_4o0pA,038,81.0,44.0,0.583,0.554,0.687,0.636,,,,,,,-29.81,10.184,0.0,-0.003,-0.025,,0.013
4o01D_4o0pA,039,79.0,37.0,0.299,0.295,0.323,0.352,,,,,,,-39.53,3.463,0.0,0.011,0.015,,-0.001
4o01D_4o0pA,040,74.0,37.0,0.425,0.421,0.595,0.572,,,,,,,-32.37,13.156,0.0,0.033,-0.008,,0.005
4o01D_4o0pA,041,74.0,37.0,0.544,0.582,0.629,0.593,,,,,,,-33.87,11.34,0.0,0.025,-0.026,,-0.003
4o01D_4o0pA,042,73.0,41.0,0.241,0.245,0.401,0.391,,,,,,,-25.537,11.747,0.0,0.019,0.013,,0.004
4o01D_4o0pA,043,73.0,47.0,0.32,0.293,0.574,0.639,,,,,,,-31.868,13.802,0.0,-0.002,0.019,,0.003
4o01D_4o0pA,044,71.0,39.0,0.283,0.28,0.747,0.661,,,,,,,-28.534,11.359,0.0,-0.001,0.003,,-0.0
4o01D_4o0pA,045,70.0,45.0,0.417,0.414,0.654,0.574,,,,,,,-34.924,3.874,0.0,-0.007,0.01,,0.002
4o01D_4o0pA,046,67.0,44.0,0.208,0.205,0.374,0.391,,,,,,,-27.391,14.582,0.0,-0.0,0.01,,0.002
4o01D_4o0pA,047,65.0,46.0,0.598,0.575,0.646,0.564,,,,,,,-29.35,11.001,0.0,-0.001,0.018,,0.024
4o01D_4o0pA,048,65.0,24.0,0.214,0.226,0.283,0.275,,,,,,,-27.947,12.623,0.0,0.003,-0.027,,-0.006
4o01D_4o0pA,049,64.0,20.0,0.258,0.256,0.594,0.542,,,,,,,-17.826,12.716,0.2,0.021,0.003,,-0.0
4o01D_4o0pA,050,63.0,24.0,0.4,0.422,0.306,0.325,,,,,,,-33.057,10.312,0.0,0.001,0.025,,-0.012
4o01D_4o0pA,051,62.0,37.0,0.378,0.387,0.684,0.668,,,,,,,-26.234,10.994,0.0,0.006,-0.017,,-0.0
4o01D_4o0pA,052,61.0,43.0,0.892,0.765,0.701,0.584,,,,,,,-27.656,10.557,0.0,-0.022,-0.006,,0.032
4o01D_4o0pA,053,61.0,20.0,0.304,0.307,0.529,0.543,,,,,,,-35.829,8.437,0.0,0.012,0.001,,0.003
4o01D_4o0pA,054,58.0,30.0,0.412,0.407,0.566,0.589,,,,,,,-30.299,13.812,0.0,-0.004,-0.011,,0.002
4o01D_4o0pA,055,57.0,33.0,0.431,0.384,0.786,0.84,,,,,,,-34.97,6.371,0.0,0.003,0.01,,0.009
4o01D_4o0pA,056,57.0,32.0,0.29,0.294,0.279,0.272,,,,,,,-30.053,11.569,0.0,-0.003,0.02,,0.01
4o01D_4o0pA,057,57.0,30.0,0.446,0.465,0.562,0.624,,,,,,,-30.384,11.467,0.0,0.046,-0.023,,-0.002
4o01D_4o0pA,058,55.0,19.0,0.272,0.278,0.479,0.442,,,,,,,-35.641,3.292,0.0,0.001,0.026,,0.006
4o01D_4o0pA,059,55.0,19.0,0.264,0.245,0.284,0.283,,,,,,,-27.315,11.214,0.0,0.007,-0.027,,0.0
4o01D_4o0pA,060,54.0,39.0,0.215,0.212,0.55,0.548,,,,,,,-29.714,11.056,0.0,0.001,0.001,,0.006
4o01D_4o0pA,061,53.0,39.0,0.666,0.655,0.898,0.825,,,,,,,-28.769,8.544,0.0,0.003,-0.011,,0.034
4o01D_4o0pA,062,53.0,37.0,0.366,0.38,0.612,0.577,,,,,,,-32.543,10.734,0.0,-0.003,0.019,,0.016
4o01D_4o0pA,063,52.0,24.0,0.281,0.278,0.324,0.339,,,,,,,-39.645,7.744,0.0,0.009,0.002,,0.003
4o01D_4o0pA,064,52.0,28.0,0.253,0.249,0.311,0.295,,,,,,,-38.273,3.462,0.0,0.024,0.025,,-0.001
4o01D_4o0pA,065,51.0,31.0,0.264,0.233,0.654,0.666,,,,,,,-36.468,13.375,0.0,-0.001,0.025,,0.004
4o01D_4o0pA,066,50.0,36.0,0.605,0.577,0.705,0.696,,,,,,,-33.612,10.695,0.0,-0.006,0.02,,-0.007
4o01D_4o0pA,067,47.0,21.0,0.447,0.437,0.813,0.784,,,,,,,-38.884,3.738,0.0,-0.0,0.023,,0.01
4o01D_4o0pA,068,43.0,30.0,0.466,0.462,0.547,0.597,,,,,,,-36.192,7.34,0.0,-0.014,0.004,,0.014
4o01D_4o0pA,069,40.0,28.0,0.349,0.353,0.576,0.524,,,,,,,-32.371,9.991,0.0,-0.008,0.022,,0.007
4o01D_4o0pA,070,39.0,26.0,0.704,0.633,0.693,0.65,,,,,,,-31.834,11.877,0.0,-0.028,-0.021,,0.027
4o01D_4o0pA,071,38.0,20.0,0.233,0.237,0.325,0.322,,,,,,,-37.844,8.501,0.0,-0.005,0.01,,0.005
4o01D_4o0pA,072,35.0,21.0,0.405,0.42,0.789,0.778,,,,,,,-25.179,15.138,0.0,0.0,0.025,,0.0
4o01D_4o0pA,073,33.0,28.0,0.675,0.634,0.68,0.652,,,,,,,-29.711,6.272,0.0,-0.006,-0.006,,0.022
4o01D_4o0pA,074,33.0,15.0,0.392,0.414,0.449,0.469,,,,,,,-35.956,11.73,0.0,-0.001,0.017,,0.0
4o01D_4o0pA,075,32.0,24.0,0.337,0.308,0.516,0.499,,,,,,,-32.142,18.809,0.0,0.01,0.001,,-0.0
4o01D_4o0pA,076,32.0,16.0,0.223,0.175,0.364,0.358,,,,,,,-14.651,5.271,0.0,0.007,-0.015,,-0.0
4o01D_4o0pA,077,30.0,16.0,0.39,0.386,0.643,0.656,,,,,,,-31.688,12.096,0.0,-0.013,0.003,,0.015
4o01D_4o0pA,078,29.0,19.0,0.299,0.29,0.374,0.392,,,,,,,-37.109,2.407,0.0,0.007,0.019,,0.001
4o01D_4o0pA,079,28.0,23.0,0.69,0.635,0.69,0.573,,,,,,,-25.766,14.109,0.0,0.015,-0.015,,0.025
4o01D_4o0pA,080,28.0,15.0,0.3,0.296,0.405,0.395,,,,,,,-29.404,12.923,0.0,-0.007,-0.01,,-0.004
4o01D_4o0pA,081,28.0,16.0,0.316,0.324,0.708,0.629,,,,,,,-35.398,8.313,0.0,0.001,-0.027,,0.002
4o01D_4o0pA,082,28.0,16.0,0.277,0.283,0.749,0.759,,,,,,,-32.868,11.957,0.0,-0.003,0.017,,-0.006
4o01D_4o0pA,083,27.0,19.0,0.508,0.483,0.696,0.661,,,,,,,-18.584,6.863,0.0,-0.001,0.01,,0.026
4o01D_4o0pA,084,27.0,11.0,0.332,0.331,0.689,0.653,,,,,,,-35.687,10.747,0.0,0.009,0.023,,0.005
4o01D_4o0pA,085,27.0,16.0,0.251,0.249,0.452,0.426,,,,,,,-35.108,2.846,0.0,-0.013,0.011,,0.005
4o01D_4o0pA,086,25.0,17.0,0.396,0.418,0.434,0.446,,,,,,,-36.905,10.304,0.0,0.0,0.026,,0.004
4o01D_4o0pA,087,25.0,16.0,0.33,0.341,0.672,0.664,,,,,,,-36.487,3.906,0.0,-0.008,0.02,,0.002
4o01D_4o0pA,088,24.0,17.0,0.729,0.793,0.671,0.718,,,,,,,-40.555,3.446,0.0,0.004,-0.0,,-0.003
4o01D_4o0pA,089,24.0,17.0,0.444,0.434,0.406,0.408,,,,,,,-35.875,4.297,0.0,0.002,0.001,,-0.003
4o01D_4o0pA,090,24.0,16.0,0.423,0.424,0.554,0.566,,,,,,,-33.824,8.894,0.0,0.012,-0.028,,-0.001
4o01D_4o0pA,091,23.0,13.0,0.263,0.253,0.266,0.286,,,,,,,-36.138,1.752,0.0,-0.039,0.011,,0.001
4o01D_4o0pA,092,23.0,14.0,0.424,0.411,0.813,0.824,,,,,,,-36.927,7.473,0.0,0.012,0.006,,-0.004
4o01D_4o0pA,093,21.0,14.0,0.417,0.398,0.529,0.535,,,,,,,-36.202,10.352,0.0,0.003,-0.021,,0.029
4o01D_4o0pA,094,20.0,10.0,0.37,0.377,0.44,0.41,,,,,,,-32.4,6.868,0.0,0.007,0.005,,0.006
4o01D_4o0pA,095,20.0,12.0,0.418,0.423,0.578,0.608,,,,,,,-37.331,10.132,0.0,0.008,0.02,,0.001
4o01D_4o0pA,096,19.0,14.0,0.243,0.244,0.765,0.804,,,,,,,-35.492,3.837,0.0,-0.007,0.003,,-0.006
4o01D_4o0pA,097,18.0,16.0,0.623,0.587,0.618,0.66,,,,,,,-26.039,3.423,0.0,-0.004,0.011,,0.034
4o01D_4o0pA,098,18.0,9.0,0.337,0.329,0.728,0.638,,,,,,,-36.789,3.719,0.0,0.011,0.023,,0.004
4o01D_4o0pA,099,16.0,14.0,0.804,0.816,0.642,0.674,,,,,,,-38.842,3.564,0.0,-0.016,0.015,,0.036
4ow6B_4ae0A,Deep,,,0.463,0.395,0.498,0.424,0.005,0.004,0.004,4ow6B; 4ow6B; 4ae0A; 4ae0A,0.44; 0.44; 0.39; 0.37,0.48; 0.47; 0.38; 0.37,,,,,-0.058,0.0,
4ow6B_4ae0A,000,23.0,11.0,0.345,0.341,0.372,0.351,,,,,,,22.233,18.623,0.9,0.032,-0.028,,0.006
4pyjA_4pyiA,Deep,,,0.89,0.951,0.89,0.953,0.474,0.465,0.523,,,,,,,,0.056,0.03,
4pyjA_4pyiA,000,1162.0,755.0,0.447,0.451,0.603,0.617,0.482,0.468,0.506,001; 001; 006; 006; 007; 007; 002; 009; 009; 002,0.88; 0.88; 0.84; 0.84; 0.82; 0.82; 0.79; 0.79; 0.79; 0.79,0.96; 0.96; 0.89; 0.89; 0.87; 0.87; 0.79; 0.84; 0.84; 0.79,4.897,3.947,0.8,0.005,0.073,0.0,-0.008
4pyjA_4pyiA,001,461.0,331.0,0.786,0.788,0.896,0.954,0.138,0.14,0.178,001; 001; 004; 004; 009; 009; 005; 005; 003; 003,0.87; 0.87; 0.82; 0.81; 0.79; 0.79; 0.77; 0.77; 0.73; 0.73,0.91; 0.91; 0.88; 0.88; 0.84; 0.84; 0.85; 0.85; 0.79; 0.79,3.801,4.191,0.7,-0.001,0.049,0.001,0.002
4pyjA_4pyiA,002,444.0,259.0,0.367,0.372,0.789,0.783,0.486,0.487,0.487,007; 007; 005; 005; 004; 004; 002; 003; 003; 002,0.82; 0.82; 0.79; 0.78; 0.72; 0.72; 0.71; 0.71; 0.71; 0.71,0.90; 0.90; 0.84; 0.84; 0.75; 0.75; 0.80; 0.77; 0.77; 0.80,3.201,3.141,0.7,-0.021,0.057,0.004,-0.005
4pyjA_4pyiA,003,355.0,104.0,0.356,0.381,0.613,0.66,0.113,0.107,0.134,001; 001; 006; 006; 002; 002; 009; 009; 003; 003,0.87; 0.87; 0.82; 0.82; 0.81; 0.80; 0.79; 0.79; 0.78; 0.78,0.91; 0.91; 0.88; 0.88; 0.88; 0.88; 0.84; 0.84; 0.78; 0.78,3.342,3.633,0.8,-0.034,0.022,0.001,-0.003
4pyjA_4pyiA,004,350.0,299.0,0.56,0.572,0.563,0.568,0.11,0.107,0.103,005; 005; 002; 002; 006; 006; 001; 001; 003; 003,0.84; 0.84; 0.78; 0.78; 0.77; 0.77; 0.75; 0.75; 0.69; 0.69,0.91; 0.91; 0.85; 0.85; 0.82; 0.82; 0.81; 0.81; 0.70; 0.70,0.363,1.896,0.6,-0.026,-0.004,0.0,-0.006
4pyjA_4pyiA,005,343.0,288.0,0.262,0.256,0.564,0.57,0.11,0.103,0.1,006; 006; 001; 001; 002; 002; 004; 004; 005; 005,0.84; 0.84; 0.83; 0.83; 0.82; 0.82; 0.81; 0.81; 0.79; 0.79,0.88; 0.88; 0.88; 0.88; 0.84; 0.84; 0.86; 0.86; 0.86; 0.86,1.676,2.626,0.7,-0.006,-0.014,0.0,0.005
4pyjA_4pyiA,006,277.0,239.0,0.544,0.567,0.557,0.567,0.044,0.043,0.048,006; 006; 005; 005; 002; 002; 007; 007; 003; 003,0.71; 0.71; 0.70; 0.70; 0.68; 0.68; 0.65; 0.65; 0.63; 0.63,0.76; 0.76; 0.76; 0.76; 0.74; 0.74; 0.69; 0.69; 0.67; 0.67,-0.035,3.009,0.3,-0.008,-0.006,0.001,0.001
4pyjA_4pyiA,007,271.0,215.0,0.884,0.95,0.892,0.952,0.078,0.076,0.076,002; 002; 001; 001; 009; 009; 008; 008; 006; 006,0.71; 0.71; 0.70; 0.70; 0.67; 0.67; 0.65; 0.65; 0.64; 0.64,0.75; 0.76; 0.71; 0.71; 0.74; 0.74; 0.69; 0.69; 0.64; 0.64,2.944,3.724,0.8,0.008,0.066,0.001,-0.001
4pyjA_4pyiA,008,268.0,230.0,0.82,0.86,0.895,0.952,0.133,0.125,0.18,001; 001; 003; 002; 003; 002; 008; 008; 004; 004,0.82; 0.82; 0.80; 0.80; 0.80; 0.80; 0.78; 0.78; 0.76; 0.76,0.88; 0.88; 0.87; 0.82; 0.87; 0.82; 0.85; 0.85; 0.77; 0.77,-0.782,1.848,0.3,-0.004,-0.019,0.0,-0.001
4pyjA_4pyiA,009,242.0,192.0,0.765,0.798,0.9,0.951,0.146,0.136,0.121,010; 010; 005; 005; 001; 001; 002; 002; 004; 004,0.82; 0.82; 0.75; 0.75; 0.74; 0.74; 0.71; 0.71; 0.68; 0.68,0.86; 0.86; 0.83; 0.83; 0.81; 0.81; 0.76; 0.76; 0.75; 0.75,-0.778,2.813,0.3,-0.003,-0.017,0.0,-0.003
4pyjA_4pyiA,010,237.0,49.0,0.443,0.442,0.868,0.908,0.102,0.096,0.096,001; 001; 002; 002; 003; 003; 010; 010; 004; 004,0.79; 0.79; 0.72; 0.72; 0.69; 0.69; 0.65; 0.65; 0.64; 0.64,0.85; 0.85; 0.81; 0.81; 0.74; 0.74; 0.67; 0.67; 0.65; 0.65,1.012,3.382,0.4,0.024,0.073,0.001,0.001
4pyjA_4pyiA,011,234.0,150.0,0.385,0.385,0.496,0.494,0.076,0.074,0.074,010; 010; 008; 008; 001; 001; 007; 007; 002; 002,0.78; 0.78; 0.71; 0.71; 0.70; 0.70; 0.69; 0.69; 0.59; 0.59,0.80; 0.80; 0.75; 0.75; 0.71; 0.71; 0.71; 0.71; 0.63; 0.63,5.575,5.58,0.6,-0.052,0.055,0.001,-0.003
4pyjA_4pyiA,012,226.0,126.0,0.494,0.51,0.824,0.823,0.062,0.06,0.061,003; 003; 007; 007; 004; 004; 002; 002; 001; 001,0.72; 0.72; 0.70; 0.70; 0.67; 0.67; 0.62; 0.62; 0.60; 0.59,0.76; 0.76; 0.74; 0.74; 0.68; 0.68; 0.63; 0.64; 0.61; 0.61,3.747,3.61,0.8,-0.043,0.057,0.002,0.009
4pyjA_4pyiA,013,215.0,31.0,0.503,0.518,0.842,0.859,0.15,0.146,0.147,002; 002; 003; 003; 004; 005; 005; 004; 006; 006,0.71; 0.71; 0.69; 0.69; 0.67; 0.67; 0.67; 0.67; 0.64; 0.64,0.77; 0.77; 0.71; 0.71; 0.69; 0.71; 0.71; 0.69; 0.68; 0.68,4.266,4.106,0.8,-0.039,0.042,0.001,-0.002
4pyjA_4pyiA,014,203.0,159.0,0.547,0.555,0.554,0.558,0.129,0.121,0.108,001; 001; 008; 008; 002; 002; 010; 010; 004; 004,0.85; 0.85; 0.82; 0.82; 0.81; 0.81; 0.81; 0.81; 0.73; 0.73,0.92; 0.92; 0.87; 0.87; 0.85; 0.85; 0.85; 0.85; 0.77; 0.77,1.266,2.773,0.5,0.005,0.034,0.0,0.001
4pyjA_4pyiA,015,198.0,164.0,0.578,0.589,0.582,0.577,0.132,0.124,0.127,001; 004; 004; 001; 006; 006; 005; 002; 002; 005,0.83; 0.83; 0.83; 0.83; 0.82; 0.82; 0.81; 0.81; 0.81; 0.81,0.90; 0.90; 0.90; 0.90; 0.91; 0.91; 0.87; 0.87; 0.87; 0.87,0.317,1.626,0.4,0.018,-0.027,0.0,0.005
4pyjA_4pyiA,016,192.0,143.0,0.544,0.56,0.556,0.568,0.122,0.119,0.17,001; 001; 004; 004; 002; 002; 005; 005; 003; 003,0.87; 0.87; 0.81; 0.81; 0.79; 0.79; 0.79; 0.79; 0.78; 0.78,0.93; 0.93; 0.87; 0.87; 0.85; 0.85; 0.81; 0.81; 0.82; 0.82,0.135,4.214,0.5,-0.028,0.043,0.0,0.003
4pyjA_4pyiA,017,191.0,163.0,0.449,0.456,0.479,0.486,0.117,0.114,0.146,001; 001; 002; 002; 009; 009; 003; 003; 007; 007,0.87; 0.87; 0.84; 0.84; 0.72; 0.72; 0.69; 0.69; 0.64; 0.64,0.94; 0.94; 0.92; 0.92; 0.76; 0.76; 0.75; 0.74; 0.71; 0.71,0.352,2.529,0.6,-0.014,0.05,0.0,-0.0
4pyjA_4pyiA,018,186.0,27.0,0.411,0.402,0.754,0.766,0.496,0.482,0.526,008; 008; 001; 009; 009; 001; 002; 002; 004; 004,0.84; 0.84; 0.82; 0.82; 0.82; 0.82; 0.81; 0.81; 0.78; 0.78,0.90; 0.90; 0.87; 0.87; 0.87; 0.87; 0.87; 0.87; 0.79; 0.79,0.818,1.967,0.7,-0.049,0.048,0.0,-0.005
4pyjA_4pyiA,019,185.0,157.0,0.418,0.408,0.526,0.527,,,,,,,-0.181,1.978,0.5,0.004,-0.024,,-0.0
4pyjA_4pyiA,020,183.0,147.0,0.453,0.445,0.48,0.483,,,,,,,1.283,2.558,0.7,0.005,0.059,,0.002
4pyjA_4pyiA,021,180.0,110.0,0.665,0.708,0.679,0.723,,,,,,,2.224,3.655,0.7,-0.016,0.058,,-0.017
4pyjA_4pyiA,022,179.0,83.0,0.327,0.33,0.66,0.673,,,,,,,3.473,3.992,0.7,-0.015,0.05,,-0.003
4pyjA_4pyiA,023,168.0,149.0,0.548,0.558,0.558,0.565,,,,,,,0.733,4.066,0.6,-0.028,0.057,,0.004
4pyjA_4pyiA,024,168.0,147.0,0.38,0.389,0.561,0.569,,,,,,,0.565,2.711,0.6,0.01,-0.013,,0.0
4pyjA_4pyiA,025,165.0,116.0,0.573,0.573,0.583,0.583,,,,,,,5.253,4.812,0.8,0.004,0.072,,-0.002
4pyjA_4pyiA,026,161.0,99.0,0.892,0.945,0.898,0.958,,,,,,,4.341,4.83,0.9,-0.003,0.052,,-0.006
4pyjA_4pyiA,027,160.0,113.0,0.519,0.525,0.536,0.539,,,,,,,2.725,2.907,0.7,-0.03,0.072,,-0.002
4pyjA_4pyiA,028,159.0,56.0,0.413,0.413,0.679,0.722,,,,,,,2.826,2.572,0.8,-0.046,0.044,,-0.018
4pyjA_4pyiA,029,156.0,121.0,0.442,0.456,0.554,0.561,,,,,,,0.864,3.342,0.6,-0.028,0.073,,-0.002
4pyjA_4pyiA,030,155.0,123.0,0.533,0.539,0.561,0.564,,,,,,,2.497,2.491,0.7,-0.008,0.073,,0.002
4pyjA_4pyiA,031,153.0,131.0,0.542,0.543,0.554,0.552,,,,,,,1.235,2.476,0.7,-0.001,0.069,,0.002
4pyjA_4pyiA,032,152.0,26.0,0.301,0.3,0.845,0.913,,,,,,,1.694,4.117,0.4,-0.051,0.036,,-0.009
4pyjA_4pyiA,033,149.0,133.0,0.885,0.948,0.891,0.957,,,,,,,1.488,3.205,0.6,0.014,0.055,,-0.002
4pyjA_4pyiA,034,148.0,122.0,0.549,0.556,0.563,0.572,,,,,,,2.9,3.011,0.8,0.003,0.045,,-0.01
4pyjA_4pyiA,035,148.0,24.0,0.4,0.409,0.841,0.901,,,,,,,3.886,5.071,0.6,-0.057,0.07,,-0.008
4pyjA_4pyiA,036,143.0,121.0,0.547,0.564,0.58,0.588,,,,,,,1.899,3.758,0.5,-0.01,-0.012,,0.003
4pyjA_4pyiA,037,141.0,59.0,0.461,0.47,0.577,0.585,,,,,,,6.73,4.486,0.9,-0.051,0.059,,-0.008
4pyjA_4pyiA,038,136.0,100.0,0.531,0.533,0.536,0.539,,,,,,,4.011,4.705,0.7,0.022,0.066,,0.009
4pyjA_4pyiA,039,136.0,72.0,0.748,0.76,0.701,0.71,,,,,,,6.115,4.507,0.9,-0.033,0.068,,-0.011
4pyjA_4pyiA,040,133.0,99.0,0.271,0.268,0.549,0.553,,,,,,,-0.136,1.576,0.4,-0.002,-0.014,,0.002
4pyjA_4pyiA,041,132.0,112.0,0.448,0.442,0.578,0.585,,,,,,,1.183,1.62,0.7,-0.009,0.065,,0.0
4pyjA_4pyiA,042,131.0,84.0,0.629,0.635,0.691,0.696,,,,,,,7.348,4.349,1.0,-0.01,0.045,,-0.002
4pyjA_4pyiA,043,129.0,50.0,0.687,0.703,0.704,0.717,,,,,,,2.557,3.151,0.7,-0.054,0.056,,-0.016
4pyjA_4pyiA,044,128.0,96.0,0.456,0.457,0.551,0.563,,,,,,,1.381,4.291,0.5,-0.003,-0.0,,0.007
4pyjA_4pyiA,045,123.0,76.0,0.429,0.452,0.437,0.46,,,,,,,4.38,3.367,0.8,-0.022,0.04,,-0.007
4pyjA_4pyiA,046,123.0,94.0,0.569,0.576,0.569,0.577,,,,,,,2.435,4.26,0.7,0.002,0.041,,0.001
4pyjA_4pyiA,047,122.0,63.0,0.701,0.702,0.703,0.707,,,,,,,3.091,2.984,0.8,-0.006,0.043,,-0.004
4pyjA_4pyiA,048,117.0,101.0,0.871,0.938,0.889,0.959,,,,,,,2.553,4.554,0.7,-0.01,0.012,,-0.002
4pyjA_4pyiA,049,111.0,68.0,0.473,0.48,0.489,0.493,,,,,,,4.636,4.7,0.7,-0.01,0.014,,-0.005
4pyjA_4pyiA,050,109.0,92.0,0.537,0.544,0.556,0.56,,,,,,,2.818,2.445,0.8,-0.039,0.041,,-0.023
4pyjA_4pyiA,051,108.0,65.0,0.561,0.563,0.606,0.612,,,,,,,3.208,3.467,0.7,0.005,0.056,,0.004
4pyjA_4pyiA,052,104.0,59.0,0.467,0.522,0.793,0.844,,,,,,,2.483,2.649,0.7,-0.028,0.05,,-0.001
4pyjA_4pyiA,053,102.0,85.0,0.448,0.453,0.448,0.455,,,,,,,1.097,3.858,0.6,0.005,0.01,,-0.004
4pyjA_4pyiA,054,98.0,84.0,0.546,0.569,0.556,0.566,,,,,,,2.724,5.661,0.5,-0.04,0.001,,-0.004
4pyjA_4pyiA,055,96.0,76.0,0.877,0.945,0.89,0.957,,,,,,,1.22,3.809,0.7,0.003,0.065,,-0.006
4pyjA_4pyiA,056,96.0,48.0,0.505,0.506,0.728,0.73,,,,,,,3.626,4.035,0.8,-0.005,0.059,,-0.003
4pyjA_4pyiA,057,94.0,43.0,0.499,0.473,0.673,0.689,,,,,,,3.927,5.026,0.7,-0.002,0.046,,-0.002
4pyjA_4pyiA,058,92.0,39.0,0.227,0.259,0.623,0.637,,,,,,,1.555,3.252,0.7,0.001,0.004,,-0.024
4pyjA_4pyiA,059,90.0,36.0,0.655,0.678,0.719,0.776,,,,,,,2.022,3.305,0.6,-0.054,0.043,,-0.002
4pyjA_4pyiA,060,90.0,42.0,0.729,0.753,0.764,0.778,,,,,,,5.889,3.517,1.0,-0.02,0.049,,0.0
4pyjA_4pyiA,061,87.0,43.0,0.681,0.689,0.626,0.639,,,,,,,1.447,2.808,0.6,-0.009,0.061,,-0.007
4pyjA_4pyiA,062,86.0,60.0,0.807,0.792,0.851,0.903,,,,,,,3.456,3.808,0.7,-0.025,0.073,,0.002
4pyjA_4pyiA,063,86.0,71.0,0.879,0.947,0.891,0.956,,,,,,,4.444,4.552,0.8,-0.002,0.06,,-0.005
4pyjA_4pyiA,064,83.0,72.0,0.851,0.891,0.848,0.896,,,,,,,-0.487,1.558,0.3,0.006,0.005,,0.002
4pyjA_4pyiA,065,82.0,65.0,0.562,0.572,0.561,0.562,,,,,,,1.594,3.011,0.5,-0.043,-0.006,,-0.009
4pyjA_4pyiA,066,82.0,12.0,0.676,0.698,0.887,0.965,,,,,,,-0.649,2.539,0.3,-0.078,0.066,,-0.006
4pyjA_4pyiA,067,77.0,68.0,0.865,0.95,0.891,0.96,,,,,,,1.399,5.185,0.5,0.008,0.073,,-0.002
4pyjA_4pyiA,068,77.0,57.0,0.519,0.535,0.535,0.527,,,,,,,2.23,2.259,0.9,-0.024,0.054,,0.005
4pyjA_4pyiA,069,77.0,47.0,0.592,0.63,0.629,0.637,,,,,,,3.407,4.344,0.7,0.007,0.07,,0.002
4pyjA_4pyiA,070,76.0,46.0,0.28,0.286,0.818,0.878,,,,,,,3.007,3.801,0.7,-0.04,0.054,,0.002
4pyjA_4pyiA,071,76.0,29.0,0.367,0.374,0.6,0.636,,,,,,,3.574,3.441,0.8,-0.053,0.055,,0.002
4pyjA_4pyiA,072,75.0,43.0,0.884,0.951,0.891,0.96,,,,,,,5.736,4.221,0.9,-0.006,0.052,,0.001
4pyjA_4pyiA,073,74.0,64.0,0.673,0.67,0.892,0.956,,,,,,,-0.972,1.419,0.2,-0.058,-0.018,,-0.006
4pyjA_4pyiA,074,74.0,64.0,0.447,0.448,0.583,0.587,,,,,,,1.839,4.368,0.6,-0.009,0.067,,0.0
4pyjA_4pyiA,075,73.0,43.0,0.296,0.285,0.423,0.44,,,,,,,4.948,4.001,0.8,-0.005,0.066,,0.001
4pyjA_4pyiA,076,72.0,44.0,0.762,0.812,0.762,0.793,,,,,,,5.086,3.218,0.9,-0.015,0.072,,-0.002
4pyjA_4pyiA,077,71.0,43.0,0.412,0.388,0.592,0.611,,,,,,,4.106,4.245,0.7,-0.007,-0.024,,-0.029
4pyjA_4pyiA,078,70.0,56.0,0.557,0.564,0.554,0.563,,,,,,,0.505,3.426,0.5,-0.002,-0.005,,0.004
4pyjA_4pyiA,079,69.0,56.0,0.567,0.581,0.582,0.593,,,,,,,2.136,4.048,0.7,-0.012,0.024,,-0.006
4pyjA_4pyiA,080,69.0,52.0,0.553,0.561,0.558,0.568,,,,,,,3.344,3.72,0.8,-0.006,0.059,,0.005
4pyjA_4pyiA,081,69.0,59.0,0.567,0.572,0.566,0.569,,,,,,,-0.561,2.865,0.4,-0.026,0.041,,-0.003
4pyjA_4pyiA,082,68.0,57.0,0.571,0.575,0.579,0.586,,,,,,,1.23,3.375,0.8,-0.01,0.061,,0.005
4pyjA_4pyiA,083,66.0,48.0,0.238,0.221,0.521,0.525,,,,,,,4.376,3.825,0.7,-0.016,0.058,,-0.01
4pyjA_4pyiA,084,66.0,40.0,0.376,0.381,0.59,0.592,,,,,,,2.73,4.423,0.6,0.003,0.07,,-0.006
4pyjA_4pyiA,085,64.0,51.0,0.877,0.947,0.891,0.959,,,,,,,2.203,3.458,0.6,-0.002,0.042,,-0.002
4pyjA_4pyiA,086,61.0,38.0,0.511,0.52,0.529,0.536,,,,,,,4.345,4.243,0.8,0.002,0.064,,-0.002
4pyjA_4pyiA,087,59.0,36.0,0.536,0.553,0.569,0.591,,,,,,,-0.593,1.907,0.5,-0.039,0.011,,-0.002
4pyjA_4pyiA,088,59.0,31.0,0.635,0.675,0.676,0.728,,,,,,,2.411,2.662,0.8,-0.044,0.07,,-0.01
4pyjA_4pyiA,089,59.0,23.0,0.714,0.711,0.809,0.816,,,,,,,4.974,3.085,1.0,0.017,0.005,,0.0
4pyjA_4pyiA,090,55.0,39.0,0.545,0.55,0.558,0.566,,,,,,,2.775,3.819,0.6,-0.002,0.07,,0.002
4pyjA_4pyiA,091,55.0,48.0,0.574,0.581,0.57,0.578,,,,,,,-0.968,1.671,0.1,-0.02,0.023,,-0.004
4pyjA_4pyiA,092,54.0,39.0,0.689,0.686,0.677,0.692,,,,,,,2.82,3.612,0.7,-0.022,0.063,,-0.002
4pyjA_4pyiA,093,53.0,44.0,0.569,0.582,0.577,0.59,,,,,,,0.201,1.245,0.7,-0.036,-0.009,,-0.0
4pyjA_4pyiA,094,50.0,41.0,0.439,0.438,0.439,0.446,,,,,,,-0.035,2.525,0.4,0.009,-0.062,,0.001
4pyjA_4pyiA,095,48.0,31.0,0.73,0.789,0.732,0.795,,,,,,,2.647,4.141,0.7,-0.001,0.072,,-0.061
4pyjA_4pyiA,096,42.0,36.0,0.564,0.573,0.569,0.576,,,,,,,-0.519,1.486,0.4,-0.003,-0.002,,0.002
4pyjA_4pyiA,097,41.0,30.0,0.878,0.928,0.896,0.955,,,,,,,1.355,4.089,0.5,-0.041,0.068,,-0.003
4pyjA_4pyiA,098,31.0,18.0,0.339,0.336,0.566,0.568,,,,,,,0.523,1.051,0.6,-0.015,0.021,,-0.004
4pyjA_4pyiA,099,29.0,24.0,0.877,0.942,0.888,0.956,,,,,,,3.782,3.443,0.9,0.007,0.008,,-0.002
4q79F_4uv2D,Deep,,,0.897,0.836,0.803,0.936,0.141,0.372,0.109,,,,,,,,-0.108,0.003,
4q79F_4uv2D,000,183.0,60.0,0.277,0.24,0.73,0.499,0.0,0.0,0.031,004; 004; 001; 007; 007; 001; 006; 006; 005; 005,0.79; 0.79; 0.78; 0.78; 0.78; 0.78; 0.78; 0.77; 0.75; 0.75,0.78; 0.78; 0.63; 0.81; 0.81; 0.63; 0.81; 0.81; 0.85; 0.85,20.626,12.229,1.0,0.032,-0.039,0.0,-0.005
4q79F_4uv2D,001,161.0,61.0,0.617,0.565,0.609,0.466,0.0,0.046,0.068,005; 005; 002; 002; 001; 004; 001; 004; 003; 003,0.79; 0.79; 0.78; 0.78; 0.77; 0.77; 0.77; 0.77; 0.71; 0.71,0.71; 0.70; 0.77; 0.77; 0.59; 0.79; 0.59; 0.79; 0.67; 0.67,26.441,11.373,1.0,-0.104,-0.106,0.0,0.017
4q79F_4uv2D,002,123.0,42.0,0.384,0.388,0.439,0.404,0.0,0.035,0.081,005; 005; 003; 003; 001; 004; 001; 004; 002; 002,0.77; 0.77; 0.75; 0.75; 0.74; 0.74; 0.74; 0.74; 0.48; 0.48,0.65; 0.65; 0.80; 0.80; 0.61; 0.79; 0.62; 0.79; 0.39; 0.39,25.26,12.191,1.0,-0.02,-0.091,0.0,-0.023
4q79F_4uv2D,003,122.0,31.0,0.311,0.268,0.389,0.328,0.0,0.006,0.018,006; 005; 005; 006; 001; 004; 001; 004; 002; 002,0.77; 0.77; 0.77; 0.77; 0.76; 0.76; 0.76; 0.75; 0.43; 0.43,0.71; 0.73; 0.73; 0.71; 0.64; 0.74; 0.64; 0.74; 0.34; 0.34,25.933,13.098,1.0,-0.031,-0.095,0.0,-0.016
4q79F_4uv2D,004,121.0,40.0,0.287,0.286,0.336,0.354,0.0,0.0,0.093,007; 007; 008; 008; 009; 009; 001; 006; 001; 006,0.83; 0.83; 0.82; 0.82; 0.77; 0.77; 0.76; 0.76; 0.76; 0.76,0.80; 0.80; 0.76; 0.76; 0.76; 0.76; 0.65; 0.81; 0.65; 0.81,18.013,13.746,1.0,-0.009,-0.095,0.0,0.004
4q79F_4uv2D,005,119.0,47.0,0.321,0.271,0.402,0.365,0.0,0.011,0.046,006; 009; 008; 007; 006; 007; 008; 009; 001; 001,0.78; 0.78; 0.78; 0.78; 0.78; 0.78; 0.78; 0.78; 0.76; 0.76,0.74; 0.79; 0.71; 0.77; 0.74; 0.77; 0.71; 0.79; 0.63; 0.63,22.025,10.847,1.0,-0.016,-0.077,0.0,-0.014
4q79F_4uv2D,006,113.0,22.0,0.259,0.271,0.472,0.387,0.0,0.011,0.063,004; 004; 006; 007; 007; 006; 005; 005; 008; 008,0.78; 0.78; 0.77; 0.77; 0.77; 0.77; 0.76; 0.76; 0.75; 0.75,0.80; 0.80; 0.80; 0.70; 0.70; 0.80; 0.77; 0.77; 0.81; 0.82,23.206,9.239,1.0,0.007,0.077,0.0,-0.022
4q79F_4uv2D,007,107.0,22.0,0.322,0.246,0.425,0.371,0.0,0.032,0.058,004; 004; 008; 008; 007; 007; 001; 006; 001; 006,0.81; 0.81; 0.80; 0.80; 0.79; 0.79; 0.76; 0.76; 0.76; 0.76,0.75; 0.75; 0.71; 0.71; 0.71; 0.71; 0.59; 0.74; 0.59; 0.74,21.905,11.952,1.0,0.034,-0.105,0.0,-0.008
4q79F_4uv2D,008,106.0,38.0,0.349,0.298,0.391,0.355,0.0,0.02,0.06,008; 008; 005; 005; 002; 002; 001; 001; 006; 006,0.80; 0.80; 0.77; 0.77; 0.68; 0.68; 0.66; 0.66; 0.65; 0.65,0.66; 0.66; 0.70; 0.70; 0.55; 0.55; 0.54; 0.54; 0.57; 0.56,21.508,10.404,1.0,0.0,-0.089,0.0,-0.015
4q79F_4uv2D,009,96.0,21.0,0.24,0.26,0.343,0.267,0.0,0.078,0.108,005; 005; 006; 006; 001; 001; 007; 007; 008; 008,0.69; 0.69; 0.67; 0.67; 0.65; 0.65; 0.63; 0.63; 0.50; 0.50,0.58; 0.58; 0.52; 0.52; 0.54; 0.54; 0.49; 0.49; 0.52; 0.52,21.631,11.313,1.0,0.024,-0.107,0.0,-0.01
4q79F_4uv2D,010,95.0,6.0,0.267,0.211,0.525,0.459,0.0,0.006,0.058,005; 005; 001; 004; 001; 004; 006; 006; 007; 007,0.77; 0.77; 0.76; 0.76; 0.76; 0.76; 0.75; 0.75; 0.63; 0.62,0.69; 0.69; 0.63; 0.73; 0.63; 0.73; 0.69; 0.69; 0.57; 0.57,25.335,10.606,1.0,0.003,-0.022,0.0,-0.038
4q79F_4uv2D,011,91.0,28.0,0.421,0.359,0.491,0.438,0.062,0.297,0.052,001; 004; 004; 006; 006; 001; 007; 007; 005; 005,0.78; 0.78; 0.78; 0.77; 0.77; 0.77; 0.75; 0.75; 0.65; 0.65,0.60; 0.72; 0.72; 0.71; 0.71; 0.60; 0.75; 0.75; 0.61; 0.61,21.708,9.837,1.0,0.007,-0.108,0.0,-0.014
4q79F_4uv2D,012,85.0,66.0,0.789,0.585,0.837,0.718,0.0,0.0,0.007,007; 008; 008; 007; 004; 009; 004; 005; 006; 009,0.79; 0.79; 0.79; 0.79; 0.78; 0.78; 0.78; 0.78; 0.78; 0.78,0.78; 0.77; 0.77; 0.78; 0.76; 0.81; 0.76; 0.78; 0.77; 0.81,21.966,6.685,1.0,0.043,-0.03,0.0,-0.007
4q79F_4uv2D,013,82.0,14.0,0.261,0.255,0.641,0.526,0.014,0.01,0.018,005; 005; 004; 004; 002; 002; 008; 008; 001; 007,0.77; 0.77; 0.65; 0.65; 0.48; 0.48; 0.45; 0.45; 0.41; 0.41,0.75; 0.75; 0.55; 0.55; 0.38; 0.38; 0.42; 0.42; 0.42; 0.36,16.677,6.125,1.0,-0.008,-0.104,0.0,-0.034
4q79F_4uv2D,014,82.0,14.0,0.249,0.224,0.542,0.464,0.0,0.048,0.08,001; 001; 009; 009; 008; 008; 005; 005; 002; 002,0.80; 0.80; 0.78; 0.78; 0.77; 0.77; 0.75; 0.75; 0.66; 0.66,0.60; 0.60; 0.73; 0.73; 0.67; 0.67; 0.75; 0.75; 0.53; 0.53,19.959,5.713,1.0,-0.014,-0.095,0.0,-0.035
4q79F_4uv2D,015,78.0,30.0,0.32,0.291,0.481,0.435,0.0,0.022,0.046,001; 005; 005; 001; 006; 003; 003; 006; 008; 008,0.80; 0.80; 0.80; 0.80; 0.79; 0.79; 0.79; 0.79; 0.78; 0.78,0.60; 0.72; 0.72; 0.60; 0.78; 0.76; 0.76; 0.78; 0.77; 0.78,21.99,7.223,1.0,-0.023,-0.03,0.0,-0.019
4q79F_4uv2D,016,77.0,11.0,0.244,0.228,0.331,0.288,0.0,0.0,0.076,008; 008; 010; 007; 007; 010; 006; 009; 006; 009,0.78; 0.78; 0.77; 0.77; 0.77; 0.77; 0.75; 0.75; 0.75; 0.75,0.73; 0.74; 0.80; 0.75; 0.75; 0.80; 0.83; 0.81; 0.83; 0.81,20.03,10.691,1.0,-0.007,-0.104,0.0,-0.012
4q79F_4uv2D,017,72.0,18.0,0.387,0.314,0.321,0.287,0.0,0.006,0.041,006; 005; 008; 005; 007; 008; 007; 006; 009; 009,0.80; 0.79; 0.79; 0.79; 0.79; 0.79; 0.79; 0.79; 0.76; 0.76,0.79; 0.78; 0.76; 0.78; 0.79; 0.76; 0.79; 0.79; 0.79; 0.79,26.123,8.628,1.0,-0.004,-0.089,0.0,-0.013
4q79F_4uv2D,018,71.0,39.0,0.563,0.544,0.641,0.572,0.0,0.023,0.053,008; 008; 007; 005; 007; 005; 002; 001; 002; 001,0.68; 0.68; 0.66; 0.66; 0.66; 0.65; 0.65; 0.64; 0.64; 0.64,0.55; 0.55; 0.58; 0.58; 0.58; 0.58; 0.50; 0.54; 0.50; 0.54,22.211,6.71,1.0,0.047,0.11,0.0,-0.01
4q79F_4uv2D,019,71.0,37.0,0.641,0.614,0.793,0.698,,,,,,,22.202,8.68,1.0,-0.05,0.108,,-0.02
4q79F_4uv2D,020,68.0,26.0,0.338,0.298,0.338,0.289,,,,,,,22.995,12.832,1.0,-0.01,-0.069,,-0.008
4q79F_4uv2D,021,68.0,6.0,0.457,0.421,0.563,0.472,,,,,,,27.573,6.512,1.0,-0.001,-0.096,,-0.04
4q79F_4uv2D,022,67.0,16.0,0.282,0.263,0.277,0.255,,,,,,,31.361,11.159,1.0,-0.005,-0.06,,-0.014
4q79F_4uv2D,023,65.0,4.0,0.362,0.304,0.413,0.326,,,,,,,24.513,10.669,1.0,0.019,-0.061,,-0.004
4q79F_4uv2D,024,64.0,43.0,0.637,0.575,0.695,0.682,,,,,,,21.534,8.796,1.0,-0.001,-0.063,,-0.03
4q79F_4uv2D,025,64.0,30.0,0.664,0.743,0.652,0.755,,,,,,,21.35,7.497,1.0,0.019,-0.037,,-0.019
4q79F_4uv2D,026,63.0,7.0,0.28,0.253,0.363,0.309,,,,,,,25.959,10.004,1.0,-0.009,-0.111,,-0.023
4q79F_4uv2D,027,63.0,2.0,0.239,0.25,0.356,0.336,,,,,,,28.11,9.514,1.0,0.002,-0.082,,-0.007
4q79F_4uv2D,028,63.0,8.0,0.324,0.288,0.58,0.518,,,,,,,20.813,8.765,1.0,-0.003,-0.083,,-0.011
4q79F_4uv2D,029,62.0,26.0,0.508,0.434,0.531,0.468,,,,,,,25.461,9.693,1.0,-0.011,-0.045,,-0.007
4q79F_4uv2D,030,62.0,2.0,0.283,0.268,0.501,0.419,,,,,,,29.466,9.182,1.0,-0.025,-0.111,,0.001
4q79F_4uv2D,031,61.0,15.0,0.378,0.316,0.383,0.326,,,,,,,23.522,9.999,1.0,-0.012,-0.093,,-0.019
4q79F_4uv2D,032,61.0,9.0,0.303,0.293,0.296,0.277,,,,,,,15.047,9.45,1.0,-0.015,-0.07,,-0.019
4q79F_4uv2D,033,59.0,20.0,0.325,0.27,0.237,0.276,,,,,,,23.4,7.471,1.0,0.007,-0.099,,0.006
4q79F_4uv2D,034,59.0,17.0,0.544,0.593,0.647,0.724,,,,,,,12.759,5.136,1.0,-0.048,-0.089,,-0.023
4q79F_4uv2D,035,58.0,5.0,0.298,0.272,0.355,0.299,,,,,,,23.027,8.839,1.0,0.003,-0.101,,-0.013
4q79F_4uv2D,036,58.0,9.0,0.275,0.256,0.495,0.407,,,,,,,18.526,11.615,1.0,0.01,-0.027,,0.0
4q79F_4uv2D,037,56.0,12.0,0.276,0.24,0.309,0.29,,,,,,,25.902,11.685,1.0,0.015,-0.106,,0.005
4q79F_4uv2D,038,56.0,16.0,0.302,0.271,0.314,0.308,,,,,,,29.829,9.052,1.0,0.028,-0.112,,-0.009
4q79F_4uv2D,039,55.0,9.0,0.326,0.32,0.473,0.43,,,,,,,28.657,6.539,1.0,-0.051,0.091,,-0.014
4q79F_4uv2D,040,55.0,8.0,0.327,0.308,0.236,0.232,,,,,,,29.329,7.717,1.0,-0.037,-0.043,,-0.014
4q79F_4uv2D,041,55.0,16.0,0.306,0.257,0.368,0.383,,,,,,,20.578,11.421,1.0,-0.009,-0.029,,-0.014
4q79F_4uv2D,042,55.0,4.0,0.282,0.283,0.362,0.329,,,,,,,17.076,6.061,1.0,-0.023,-0.11,,-0.033
4q79F_4uv2D,043,53.0,15.0,0.313,0.262,0.316,0.276,,,,,,,16.277,7.275,1.0,-0.031,0.035,,-0.014
4q79F_4uv2D,044,52.0,15.0,0.364,0.322,0.49,0.468,,,,,,,26.36,9.799,1.0,0.002,0.021,,-0.033
4q79F_4uv2D,045,52.0,13.0,0.28,0.257,0.308,0.294,,,,,,,18.758,5.304,1.0,0.007,-0.041,,-0.018
4q79F_4uv2D,046,51.0,2.0,0.4,0.376,0.549,0.468,,,,,,,27.977,6.507,1.0,-0.015,-0.09,,-0.003
4q79F_4uv2D,047,51.0,12.0,0.508,0.454,0.664,0.468,,,,,,,28.602,8.861,1.0,-0.013,-0.105,,-0.007
4q79F_4uv2D,048,50.0,15.0,0.558,0.465,0.499,0.393,,,,,,,21.44,8.795,1.0,0.016,-0.057,,0.005
4q79F_4uv2D,049,50.0,15.0,0.299,0.281,0.57,0.488,,,,,,,18.494,9.177,1.0,-0.006,-0.072,,-0.02
4q79F_4uv2D,050,48.0,2.0,0.284,0.265,0.334,0.291,,,,,,,19.513,6.663,1.0,-0.005,-0.109,,
4q79F_4uv2D,051,48.0,1.0,0.442,0.422,0.581,0.555,,,,,,,20.902,8.385,1.0,-0.097,-0.113,,-0.026
4q79F_4uv2D,052,47.0,20.0,0.678,0.66,0.713,0.778,,,,,,,23.196,13.12,1.0,-0.021,-0.099,,-0.007
4q79F_4uv2D,053,47.0,1.0,0.537,0.556,0.716,0.656,,,,,,,26.523,8.162,1.0,-0.016,-0.104,,-0.079
4q79F_4uv2D,054,46.0,19.0,0.313,0.329,0.546,0.446,,,,,,,27.395,9.069,1.0,-0.001,-0.112,,0.0
4q79F_4uv2D,055,45.0,25.0,0.323,0.267,0.31,0.289,,,,,,,19.25,8.229,1.0,-0.009,-0.099,,0.002
4q79F_4uv2D,056,45.0,8.0,0.42,0.407,0.468,0.447,,,,,,,22.661,8.939,1.0,-0.054,-0.11,,0.01
4q79F_4uv2D,057,45.0,5.0,0.36,0.304,0.46,0.394,,,,,,,27.315,6.661,1.0,-0.013,-0.076,,-0.002
4q79F_4uv2D,058,45.0,8.0,0.317,0.268,0.538,0.41,,,,,,,26.213,5.513,1.0,-0.01,-0.112,,-0.033
4q79F_4uv2D,059,44.0,10.0,0.385,0.343,0.641,0.61,,,,,,,20.002,9.405,1.0,0.001,-0.104,,-0.025
4q79F_4uv2D,060,44.0,18.0,0.612,0.651,0.833,0.734,,,,,,,24.467,10.102,1.0,-0.003,-0.05,,-0.002
4q79F_4uv2D,061,42.0,12.0,0.25,0.234,0.506,0.411,,,,,,,17.169,9.181,1.0,0.013,-0.072,,-0.017
4q79F_4uv2D,062,42.0,14.0,0.443,0.377,0.527,0.38,,,,,,,19.764,9.116,1.0,0.025,-0.113,,-0.072
4q79F_4uv2D,063,42.0,10.0,0.537,0.483,0.532,0.486,,,,,,,25.881,9.304,1.0,0.011,-0.051,,-0.01
4q79F_4uv2D,064,41.0,6.0,0.352,0.304,0.324,0.256,,,,,,,17.262,6.859,1.0,0.011,-0.018,,-0.007
4q79F_4uv2D,065,41.0,16.0,0.467,0.387,0.628,0.543,,,,,,,35.681,5.711,1.0,-0.014,0.02,,0.007
4q79F_4uv2D,066,40.0,3.0,0.245,0.267,0.372,0.368,,,,,,,31.095,7.725,1.0,-0.021,0.049,,-0.021
4q79F_4uv2D,067,40.0,2.0,0.474,0.436,0.548,0.517,,,,,,,30.2,6.403,1.0,-0.014,-0.071,,-0.005
4q79F_4uv2D,068,40.0,4.0,0.259,0.238,0.573,0.468,,,,,,,26.666,8.826,1.0,0.019,-0.091,,-0.023
4q79F_4uv2D,069,40.0,1.0,0.314,0.261,0.489,0.417,,,,,,,27.5,7.624,1.0,0.017,-0.093,,-0.016
4q79F_4uv2D,070,40.0,5.0,0.342,0.356,0.516,0.452,,,,,,,26.387,8.394,1.0,-0.01,-0.096,,-0.004
4q79F_4uv2D,071,40.0,19.0,0.435,0.374,0.582,0.512,,,,,,,24.894,8.382,1.0,-0.006,-0.098,,-0.012
4q79F_4uv2D,072,39.0,6.0,0.296,0.266,0.35,0.284,,,,,,,25.411,9.518,1.0,-0.036,0.007,,-0.023
4q79F_4uv2D,073,39.0,5.0,0.417,0.329,0.366,0.292,,,,,,,27.342,5.131,1.0,-0.02,0.102,,-0.02
4q79F_4uv2D,074,38.0,4.0,0.24,0.221,0.487,0.415,,,,,,,14.031,5.532,1.0,0.013,-0.095,,-0.013
4q79F_4uv2D,075,37.0,12.0,0.288,0.306,0.634,0.58,,,,,,,21.115,12.241,1.0,-0.026,-0.099,,-0.025
4q79F_4uv2D,076,37.0,2.0,0.26,0.241,0.306,0.268,,,,,,,25.782,5.829,1.0,0.043,-0.051,,-0.018
4q79F_4uv2D,077,37.0,9.0,0.225,0.212,0.66,0.525,,,,,,,24.896,10.531,1.0,0.001,-0.068,,-0.002
4q79F_4uv2D,078,37.0,2.0,0.363,0.317,0.716,0.616,,,,,,,24.708,9.259,1.0,-0.039,-0.1,,-0.026
4q79F_4uv2D,079,37.0,4.0,0.426,0.386,0.65,0.513,,,,,,,27.44,10.606,1.0,0.002,-0.112,,-0.017
4q79F_4uv2D,080,36.0,5.0,0.342,0.284,0.393,0.337,,,,,,,24.855,7.933,1.0,-0.006,-0.067,,0.002
4q79F_4uv2D,081,36.0,4.0,0.349,0.321,0.551,0.499,,,,,,,13.669,6.261,1.0,-0.05,-0.018,,-0.02
4q79F_4uv2D,082,34.0,4.0,0.296,0.248,0.588,0.468,,,,,,,27.042,8.37,1.0,0.009,-0.025,,-0.042
4q79F_4uv2D,083,33.0,6.0,0.46,0.362,0.514,0.435,,,,,,,23.547,7.678,1.0,0.03,-0.082,,-0.001
4q79F_4uv2D,084,32.0,14.0,0.606,0.665,0.658,0.811,,,,,,,22.064,11.015,1.0,0.011,-0.015,,-0.023
4q79F_4uv2D,085,31.0,10.0,0.502,0.463,0.612,0.46,,,,,,,20.906,7.89,1.0,0.012,0.004,,-0.014
4q79F_4uv2D,086,29.0,13.0,0.355,0.334,0.398,0.318,,,,,,,17.906,6.516,1.0,-0.04,-0.019,,-0.009
4q79F_4uv2D,087,29.0,12.0,0.278,0.244,0.562,0.474,,,,,,,29.338,5.827,1.0,-0.012,0.11,,-0.013
4q79F_4uv2D,088,29.0,2.0,0.44,0.364,0.653,0.591,,,,,,,24.895,6.284,1.0,0.005,-0.109,,-0.01
4q79F_4uv2D,089,29.0,5.0,0.392,0.344,0.484,0.423,,,,,,,25.649,9.599,1.0,0.002,-0.101,,0.003
4q79F_4uv2D,090,29.0,10.0,0.276,0.245,0.643,0.511,,,,,,,31.045,7.666,1.0,-0.002,-0.051,,-0.012
4q79F_4uv2D,091,29.0,11.0,0.251,0.215,0.644,0.49,,,,,,,32.647,7.376,1.0,0.018,-0.075,,-0.024
4q79F_4uv2D,092,28.0,25.0,0.572,0.521,0.8,0.648,,,,,,,13.395,3.637,1.0,0.152,-0.111,,0.025
4q79F_4uv2D,093,28.0,1.0,0.463,0.407,0.596,0.458,,,,,,,24.353,9.506,1.0,0.013,-0.075,,-0.004
4q79F_4uv2D,094,28.0,4.0,0.355,0.297,0.425,0.333,,,,,,,26.157,9.316,1.0,0.028,-0.1,,0.005
4q79F_4uv2D,095,28.0,7.0,0.49,0.404,0.397,0.329,,,,,,,25.325,4.626,1.0,-0.018,-0.01,,0.012
4q79F_4uv2D,096,28.0,2.0,0.339,0.244,0.35,0.294,,,,,,,20.865,9.368,1.0,-0.007,-0.101,,-0.005
4q79F_4uv2D,097,27.0,22.0,0.574,0.611,0.766,0.752,,,,,,,20.904,6.114,1.0,0.036,-0.07,,0.001
4q79F_4uv2D,098,26.0,11.0,0.377,0.34,0.507,0.482,,,,,,,17.424,12.126,1.0,0.014,-0.093,,-0.018
4q79F_4uv2D,099,25.0,7.0,0.301,0.281,0.649,0.633,,,,,,,29.306,9.256,1.0,-0.012,-0.104,,-0.043
4qhhA_4qhfA,Deep,,,0.643,0.95,0.643,0.946,0.369,0.339,0.428,,,,,,,,-0.076,0.001,
4qhhA_4qhfA,000,132.0,70.0,0.652,0.94,0.643,0.944,0.388,0.345,0.516,001; 001; 003; 003; 004; 004; 002; 006; 002; 006,0.65; 0.65; 0.63; 0.63; 0.62; 0.61; 0.55; 0.54; 0.54; 0.54,0.94; 0.94; 0.85; 0.85; 0.62; 0.69; 0.69; 0.71; 0.70; 0.71,8.354,4.658,1.0,-0.016,-0.055,0.0,-0.191
4qhhA_4qhfA,001,85.0,20.0,0.651,0.786,0.641,0.923,0.0,0.0,0.0,007; 007; 002; 002; 010; 010; 001; 001; 004; 004,0.36; 0.36; 0.36; 0.36; 0.35; 0.35; 0.33; 0.33; 0.32; 0.32,0.36; 0.36; 0.36; 0.36; 0.36; 0.36; 0.33; 0.33; 0.31; 0.31,9.428,2.913,1.0,0.058,-0.075,0.0,-0.182
4qhhA_4qhfA,002,78.0,34.0,0.294,0.324,0.283,0.284,0.0,0.0,0.0,002; 002; 005; 005; 009; 009; 007; 007; 006; 006,0.48; 0.48; 0.46; 0.46; 0.41; 0.41; 0.38; 0.38; 0.36; 0.36,0.48; 0.48; 0.47; 0.47; 0.40; 0.40; 0.39; 0.39; 0.37; 0.37,8.146,3.494,1.0,-0.03,-0.076,0.0,-0.036
4qhhA_4qhfA,003,69.0,52.0,0.651,0.929,0.641,0.941,0.04,0.035,0.031,006; 006; 005; 005; 001; 001; 008; 008; 002; 002,0.57; 0.57; 0.57; 0.57; 0.54; 0.54; 0.50; 0.50; 0.46; 0.46,0.69; 0.69; 0.70; 0.70; 0.66; 0.66; 0.69; 0.69; 0.59; 0.59,7.682,2.565,1.0,-0.085,0.043,0.0,-0.192
4qhhA_4qhfA,004,55.0,6.0,0.297,0.284,0.484,0.501,0.0,0.0,0.0,009; 009; 003; 004; 003; 004; 008; 008; 006; 006,0.55; 0.55; 0.54; 0.54; 0.54; 0.54; 0.48; 0.48; 0.45; 0.45,0.64; 0.64; 0.66; 0.66; 0.66; 0.66; 0.62; 0.62; 0.55; 0.55,3.726,0.872,1.0,-0.037,0.068,0.0,-0.012
4qhhA_4qhfA,005,47.0,30.0,0.32,0.351,0.644,0.93,0.0,0.0,0.0,001; 009; 009; 001; 006; 006; 007; 003; 007; 003,0.42; 0.42; 0.42; 0.42; 0.38; 0.38; 0.35; 0.35; 0.35; 0.35,0.42; 0.41; 0.41; 0.42; 0.38; 0.38; 0.36; 0.32; 0.36; 0.32,9.608,1.558,1.0,0.032,-0.076,0.0,-0.192
4qhhA_4qhfA,006,47.0,40.0,0.665,0.917,0.643,0.945,0.0,0.0,0.0,003; 006; 006; 003; 004; 004; 001; 002; 002; 001,0.30; 0.30; 0.30; 0.30; 0.29; 0.29; 0.28; 0.28; 0.28; 0.28,0.28; 0.28; 0.28; 0.28; 0.28; 0.28; 0.28; 0.26; 0.26; 0.28,8.116,1.4,1.0,-0.026,-0.076,0.0,-0.194
4qhhA_4qhfA,007,46.0,38.0,0.652,0.923,0.685,0.702,0.066,0.051,0.076,008; 008; 001; 001; 006; 002; 002; 006; 004; 004,0.64; 0.64; 0.63; 0.63; 0.59; 0.59; 0.59; 0.59; 0.58; 0.58,0.82; 0.82; 0.80; 0.80; 0.56; 0.58; 0.58; 0.57; 0.55; 0.55,11.566,2.541,1.0,-0.026,-0.07,0.0,-0.186
4qhhA_4qhfA,008,45.0,29.0,0.642,0.703,0.645,0.927,0.0,0.0,0.0,002; 003; 003; 002; 001; 001; 006; 006; 007; 007,0.30; 0.30; 0.30; 0.30; 0.26; 0.26; 0.24; 0.24; 0.24; 0.23,0.29; 0.29; 0.29; 0.29; 0.25; 0.25; 0.22; 0.22; 0.20; 0.20,9.3,3.054,1.0,-0.08,-0.077,0.0,-0.188
4qhhA_4qhfA,009,41.0,24.0,0.232,0.289,0.294,0.247,0.0,0.0,0.0,008; 008; 007; 002; 002; 007; 001; 001; 009; 009,0.35; 0.35; 0.32; 0.32; 0.32; 0.32; 0.31; 0.31; 0.30; 0.30,0.34; 0.34; 0.31; 0.32; 0.32; 0.31; 0.31; 0.31; 0.30; 0.30,8.043,2.904,1.0,-0.102,-0.059,0.0,-0.016
4qhhA_4qhfA,010,40.0,26.0,0.211,0.254,0.345,0.409,,,,,,,5.496,3.054,1.0,-0.128,0.002,,-0.024
4qhhA_4qhfA,011,37.0,22.0,0.43,0.559,0.411,0.541,,,,,,,7.183,1.795,1.0,-0.196,0.026,,-0.099
4qhhA_4qhfA,012,36.0,24.0,0.322,0.459,0.369,0.511,,,,,,,8.874,2.937,1.0,-0.1,-0.075,,-0.119
4qhhA_4qhfA,013,36.0,22.0,0.489,0.679,0.527,0.693,,,,,,,8.094,2.492,1.0,-0.21,0.07,,-0.096
4qhhA_4qhfA,014,36.0,8.0,0.657,0.699,0.645,0.93,,,,,,,12.716,1.034,1.0,-0.001,-0.072,,-0.188
4qhhA_4qhfA,015,36.0,31.0,0.654,0.917,0.652,0.819,,,,,,,9.577,3.104,1.0,0.057,-0.006,,-0.178
4qhhA_4qhfA,016,36.0,17.0,0.574,0.569,0.579,0.59,,,,,,,8.925,2.335,1.0,-0.037,0.038,,-0.015
4qhhA_4qhfA,017,35.0,22.0,0.652,0.934,0.643,0.929,,,,,,,9.833,0.847,1.0,0.085,-0.076,,-0.188
4qhhA_4qhfA,018,35.0,22.0,0.622,0.756,0.643,0.929,,,,,,,7.859,0.867,1.0,0.054,-0.077,,-0.188
4qhhA_4qhfA,019,34.0,17.0,0.272,0.368,0.645,0.927,,,,,,,9.591,4.539,1.0,0.011,-0.044,,-0.184
4qhhA_4qhfA,020,34.0,18.0,0.657,0.922,0.644,0.93,,,,,,,6.174,0.971,1.0,0.004,-0.076,,-0.188
4qhhA_4qhfA,021,34.0,29.0,0.64,0.909,0.641,0.943,,,,,,,8.849,2.985,1.0,-0.021,-0.073,,-0.192
4qhhA_4qhfA,022,33.0,24.0,0.405,0.503,0.39,0.493,,,,,,,6.608,1.293,1.0,-0.175,0.032,,-0.108
4qhhA_4qhfA,023,33.0,20.0,0.259,0.286,0.287,0.272,,,,,,,9.979,3.088,1.0,-0.008,-0.076,,-0.0
4qhhA_4qhfA,024,31.0,16.0,0.647,0.73,0.642,0.929,,,,,,,9.761,3.263,1.0,0.037,-0.076,,-0.188
4qhhA_4qhfA,025,31.0,21.0,0.631,0.886,0.644,0.929,,,,,,,4.75,1.164,1.0,-0.028,-0.028,,-0.189
4qhhA_4qhfA,026,31.0,27.0,0.274,0.325,0.644,0.929,,,,,,,9.197,1.67,1.0,-0.026,-0.074,,-0.184
4qhhA_4qhfA,027,31.0,11.0,0.282,0.325,0.644,0.927,,,,,,,10.011,0.855,1.0,0.008,-0.075,,-0.195
4qhhA_4qhfA,028,31.0,27.0,0.65,0.688,0.644,0.925,,,,,,,9.902,0.85,1.0,0.017,-0.024,,-0.193
4qhhA_4qhfA,029,30.0,2.0,0.666,0.929,0.645,0.925,,,,,,,8.94,2.03,1.0,-0.036,-0.051,,-0.193
4qhhA_4qhfA,030,30.0,26.0,0.622,0.87,0.643,0.945,,,,,,,7.669,1.576,1.0,0.034,-0.077,,-0.188
4qhhA_4qhfA,031,28.0,18.0,0.254,0.322,0.387,0.519,,,,,,,8.313,2.032,1.0,-0.003,-0.016,,-0.077
4qhhA_4qhfA,032,27.0,22.0,0.383,0.388,0.4,0.464,,,,,,,6.816,2.391,1.0,-0.037,-0.004,,-0.018
4qhhA_4qhfA,033,26.0,7.0,0.58,0.792,0.57,0.777,,,,,,,9.652,2.343,1.0,-0.225,0.035,,-0.107
4qhhA_4qhfA,034,26.0,6.0,0.236,0.303,0.366,0.424,,,,,,,6.446,1.638,1.0,-0.159,0.012,,-0.037
4qhhA_4qhfA,035,26.0,18.0,0.656,0.821,0.643,0.945,,,,,,,8.331,1.703,1.0,-0.044,-0.076,,-0.19
4qhhA_4qhfA,036,25.0,8.0,0.343,0.486,0.34,0.499,,,,,,,7.997,1.695,1.0,-0.229,-0.006,,-0.072
4qhhA_4qhfA,037,25.0,18.0,0.665,0.868,0.653,0.917,,,,,,,14.035,1.954,1.0,-0.042,-0.074,,-0.187
4qhhA_4qhfA,038,25.0,21.0,0.639,0.864,0.671,0.736,,,,,,,8.2,3.208,1.0,-0.01,-0.077,,-0.182
4qhhA_4qhfA,039,25.0,23.0,0.645,0.903,0.642,0.945,,,,,,,8.623,2.607,1.0,0.06,-0.074,,-0.184
4qhhA_4qhfA,040,24.0,11.0,0.406,0.545,0.374,0.488,,,,,,,9.53,2.232,1.0,-0.104,-0.0,,-0.032
4qhhA_4qhfA,041,24.0,16.0,0.323,0.29,0.284,0.275,,,,,,,11.821,1.632,1.0,0.01,-0.076,,-0.012
4qhhA_4qhfA,042,24.0,9.0,0.254,0.317,0.244,0.299,,,,,,,6.881,1.431,1.0,-0.047,-0.036,,-0.051
4qhhA_4qhfA,043,24.0,16.0,0.512,0.517,0.644,0.93,,,,,,,9.57,0.715,1.0,-0.084,-0.073,,-0.192
4qhhA_4qhfA,044,24.0,4.0,0.634,0.876,0.644,0.933,,,,,,,9.839,0.49,1.0,-0.06,-0.069,,-0.197
4qhhA_4qhfA,045,23.0,10.0,0.28,0.323,0.645,0.929,,,,,,,8.657,1.079,1.0,-0.004,-0.075,,-0.19
4qhhA_4qhfA,046,23.0,22.0,0.655,0.927,0.642,0.945,,,,,,,8.61,1.704,1.0,0.04,-0.009,,-0.188
4qhhA_4qhfA,047,23.0,15.0,0.633,0.881,0.648,0.946,,,,,,,8.696,1.217,1.0,0.014,-0.077,,-0.182
4qhhA_4qhfA,048,22.0,1.0,0.239,0.293,0.239,0.249,,,,,,,10.276,0.974,1.0,-0.056,-0.075,,-0.022
4qhhA_4qhfA,049,22.0,19.0,0.389,0.512,0.402,0.532,,,,,,,6.436,2.351,1.0,-0.067,-0.036,,-0.07
4qhhA_4qhfA,050,22.0,2.0,0.666,0.914,0.642,0.944,,,,,,,8.159,0.617,1.0,-0.066,-0.007,,-0.191
4qhhA_4qhfA,051,22.0,15.0,0.622,0.802,0.645,0.936,,,,,,,8.397,2.109,1.0,0.012,-0.076,,-0.187
4qhhA_4qhfA,052,22.0,10.0,0.649,0.932,0.641,0.944,,,,,,,5.887,1.881,1.0,-0.038,-0.075,,-0.191
4qhhA_4qhfA,053,22.0,20.0,0.657,0.915,0.645,0.93,,,,,,,7.867,2.027,1.0,-0.002,-0.063,,-0.186
4qhhA_4qhfA,054,22.0,10.0,0.607,0.779,0.599,0.777,,,,,,,3.977,4.146,0.7,-0.238,-0.013,,-0.117
4qhhA_4qhfA,055,21.0,10.0,0.547,0.697,0.547,0.707,,,,,,,9.579,2.176,1.0,-0.183,0.076,,-0.125
4qhhA_4qhfA,056,21.0,13.0,0.217,0.251,0.386,0.394,,,,,,,10.08,1.223,1.0,-0.022,-0.077,,-0.046
4qhhA_4qhfA,057,21.0,15.0,0.657,0.908,0.645,0.927,,,,,,,7.568,2.342,1.0,0.046,-0.077,,-0.181
4qhhA_4qhfA,058,21.0,16.0,0.276,0.333,0.644,0.93,,,,,,,9.273,0.987,1.0,0.057,-0.074,,-0.193
4qhhA_4qhfA,059,21.0,10.0,0.645,0.881,0.643,0.93,,,,,,,5.067,1.245,1.0,-0.049,-0.059,,-0.191
4qhhA_4qhfA,060,21.0,14.0,0.622,0.862,0.643,0.929,,,,,,,7.438,2.141,1.0,0.007,-0.056,,-0.194
4qhhA_4qhfA,061,21.0,15.0,0.65,0.763,0.676,0.734,,,,,,,10.418,2.179,1.0,0.011,-0.074,,-0.187
4qhhA_4qhfA,062,21.0,11.0,0.556,0.578,0.548,0.573,,,,,,,5.562,2.5,1.0,0.008,0.015,,-0.053
4qhhA_4qhfA,063,21.0,7.0,0.649,0.928,0.64,0.945,,,,,,,2.397,1.758,0.9,-0.047,-0.045,,-0.192
4qhhA_4qhfA,064,20.0,13.0,0.268,0.345,0.372,0.508,,,,,,,8.415,2.11,1.0,-0.033,-0.031,,-0.046
4qhhA_4qhfA,065,20.0,7.0,0.261,0.315,0.38,0.516,,,,,,,6.121,1.776,1.0,-0.219,-0.056,,-0.034
4qhhA_4qhfA,066,18.0,13.0,0.385,0.412,0.412,0.514,,,,,,,8.243,2.829,1.0,0.007,-0.07,,-0.063
4qhhA_4qhfA,067,17.0,10.0,0.661,0.915,0.642,0.945,,,,,,,4.595,1.294,1.0,0.002,0.018,,-0.192
4qhhA_4qhfA,068,17.0,14.0,0.646,0.894,0.641,0.945,,,,,,,4.513,1.654,1.0,0.0,0.013,,-0.196
4qhhA_4qhfA,069,17.0,14.0,0.463,0.605,0.461,0.6,,,,,,,7.37,2.053,1.0,0.063,-0.065,,-0.102
4qhhA_4qhfA,070,15.0,14.0,0.356,0.407,0.359,0.435,,,,,,,7.03,1.727,1.0,-0.141,-0.022,,-0.07
4qhhA_4qhfA,071,15.0,8.0,0.652,0.873,0.644,0.93,,,,,,,11.997,1.765,1.0,0.005,-0.07,,-0.192
4qhhA_4qhfA,072,15.0,10.0,0.649,0.911,0.64,0.944,,,,,,,7.191,1.58,1.0,-0.02,-0.075,,-0.192
4qhhA_4qhfA,073,15.0,9.0,0.272,0.334,0.644,0.929,,,,,,,9.562,1.271,1.0,0.026,-0.074,,-0.189
4qhhA_4qhfA,074,15.0,8.0,0.656,0.907,0.641,0.945,,,,,,,8.326,2.052,1.0,0.012,-0.075,,-0.193
4qhhA_4qhfA,075,15.0,12.0,0.306,0.305,0.326,0.304,,,,,,,11.442,2.034,1.0,-0.015,-0.075,,0.004
4qhhA_4qhfA,076,15.0,3.0,0.301,0.252,0.306,0.265,,,,,,,13.838,1.99,1.0,-0.142,-0.019,,-0.011
4qhhA_4qhfA,077,15.0,11.0,0.365,0.377,0.387,0.388,,,,,,,9.825,2.336,1.0,0.014,-0.053,,0.007
4qhhA_4qhfA,078,14.0,6.0,0.668,0.903,0.642,0.944,,,,,,,7.621,0.676,1.0,-0.058,-0.069,,-0.191
4qhhA_4qhfA,079,14.0,10.0,0.66,0.906,0.644,0.929,,,,,,,7.937,2.232,1.0,0.014,-0.074,,-0.184
4qhhA_4qhfA,080,14.0,13.0,0.651,0.895,0.643,0.925,,,,,,,7.101,1.667,1.0,0.075,-0.042,,-0.196
4qhhA_4qhfA,081,14.0,14.0,0.655,0.913,0.642,0.944,,,,,,,5.935,1.477,1.0,-0.003,-0.076,,-0.187
4qhhA_4qhfA,082,14.0,12.0,0.649,0.902,0.651,0.927,,,,,,,7.97,2.905,1.0,-0.008,0.033,,-0.193
4qhhA_4qhfA,083,14.0,5.0,0.476,0.473,0.548,0.558,,,,,,,6.621,1.051,1.0,-0.001,0.076,,-0.008
4qhhA_4qhfA,084,14.0,6.0,0.509,0.491,0.537,0.533,,,,,,,3.01,1.322,1.0,0.0,0.066,,-0.01
4rmbB_4rmbA,Deep,,,0.807,0.839,0.818,0.853,0.09,0.082,0.088,4rmbB; 4rmbB; 4rmbA; 4rmbA,0.76; 0.75; 0.69; 0.69,0.77; 0.77; 0.73; 0.72,,,,,-0.052,0.0,
4rmbB_4rmbA,000,19.0,4.0,0.462,0.483,0.529,0.562,,,,,,,-6.782,4.064,0.0,0.0,-0.048,,0.0
4rmbB_4rmbA,001,11.0,8.0,0.412,0.426,0.498,0.503,,,,,,,-5.763,2.343,0.0,0.0,-0.021,,0.0
4rwqB_4rwnA,Deep,,,0.946,0.939,0.942,0.933,0.262,0.247,0.251,,,,,,,,0.001,0.0,
4rwqB_4rwnA,000,258.0,58.0,0.29,0.279,0.322,0.309,0.0,0.0,0.0,001; 001; 007; 007; 009; 009; 003; 003; 002; 002,0.88; 0.88; 0.85; 0.85; 0.78; 0.78; 0.75; 0.75; 0.71; 0.71,0.93; 0.93; 0.91; 0.91; 0.79; 0.80; 0.80; 0.80; 0.72; 0.73,13.349,5.104,1.0,0.008,0.012,0.0,0.002
4rwqB_4rwnA,001,178.0,42.0,0.244,0.246,0.311,0.323,0.079,0.075,0.069,001; 001; 008; 008; 002; 002; 007; 007; 005; 005,0.90; 0.90; 0.85; 0.85; 0.84; 0.84; 0.84; 0.84; 0.78; 0.78,0.96; 0.96; 0.85; 0.85; 0.90; 0.90; 0.90; 0.90; 0.77; 0.77,17.921,6.309,1.0,-0.0,0.011,0.0,0.006
4rwqB_4rwnA,002,145.0,33.0,0.295,0.286,0.306,0.343,0.0,0.0,0.0,001; 001; 010; 010; 008; 008; 009; 009; 003; 003,0.87; 0.87; 0.86; 0.86; 0.76; 0.76; 0.75; 0.75; 0.71; 0.71,0.93; 0.93; 0.86; 0.86; 0.75; 0.75; 0.75; 0.76; 0.74; 0.74,11.277,7.789,1.0,-0.0,0.009,0.0,0.005
4rwqB_4rwnA,003,114.0,29.0,0.341,0.32,0.357,0.347,0.0,0.004,0.0,001; 001; 009; 009; 005; 005; 008; 008; 010; 010,0.88; 0.88; 0.83; 0.83; 0.79; 0.78; 0.76; 0.76; 0.56; 0.56,0.92; 0.92; 0.85; 0.85; 0.84; 0.83; 0.80; 0.80; 0.55; 0.55,13.021,4.869,1.0,0.024,-0.003,0.0,-0.006
4rwqB_4rwnA,004,80.0,9.0,0.341,0.328,0.371,0.376,0.0,0.004,0.008,001; 001; 009; 008; 008; 009; 002; 002; 006; 006,0.86; 0.86; 0.84; 0.84; 0.84; 0.84; 0.71; 0.71; 0.68; 0.68,0.92; 0.92; 0.89; 0.90; 0.90; 0.89; 0.77; 0.77; 0.71; 0.71,12.857,3.283,1.0,-0.022,0.012,0.0,0.002
4rwqB_4rwnA,005,69.0,19.0,0.277,0.254,0.35,0.394,0.023,0.019,0.019,001; 001; 002; 002; 003; 003; 004; 004; 009; 009,0.78; 0.78; 0.76; 0.76; 0.74; 0.74; 0.73; 0.73; 0.72; 0.72,0.81; 0.81; 0.79; 0.79; 0.77; 0.77; 0.78; 0.78; 0.76; 0.76,14.225,6.767,1.0,-0.002,0.0,0.0,0.006
4rwqB_4rwnA,006,66.0,3.0,0.393,0.358,0.35,0.343,0.038,0.047,0.036,001; 002; 002; 001; 010; 010; 008; 008; 007; 007,0.91; 0.91; 0.91; 0.91; 0.85; 0.85; 0.84; 0.84; 0.75; 0.75,0.95; 0.90; 0.90; 0.95; 0.86; 0.86; 0.85; 0.85; 0.82; 0.82,15.972,3.055,1.0,0.03,-0.004,0.0,-0.005
4rwqB_4rwnA,007,64.0,17.0,0.242,0.255,0.287,0.282,0.0,0.0,0.0,009; 006; 009; 006; 003; 008; 008; 002; 002; 003,0.87; 0.87; 0.87; 0.87; 0.86; 0.86; 0.86; 0.86; 0.86; 0.86,0.90; 0.93; 0.90; 0.93; 0.88; 0.88; 0.88; 0.89; 0.89; 0.88,18.006,6.362,1.0,-0.013,0.004,0.0,-0.03
4rwqB_4rwnA,008,54.0,8.0,0.28,0.314,0.24,0.247,0.066,0.05,0.054,001; 001; 003; 003; 009; 009; 004; 004; 008; 008,0.90; 0.90; 0.89; 0.89; 0.86; 0.86; 0.82; 0.82; 0.77; 0.77,0.97; 0.97; 0.90; 0.90; 0.90; 0.90; 0.84; 0.84; 0.76; 0.76,15.733,5.957,1.0,0.012,0.002,0.0,-0.003
4rwqB_4rwnA,009,52.0,15.0,0.269,0.256,0.271,0.302,0.01,0.008,0.012,001; 001; 003; 002; 005; 003; 002; 005; 004; 004,0.88; 0.88; 0.87; 0.86; 0.86; 0.86; 0.86; 0.86; 0.73; 0.73,0.92; 0.92; 0.89; 0.89; 0.92; 0.89; 0.89; 0.92; 0.75; 0.75,15.628,7.674,1.0,-0.012,0.014,0.0,-0.006
4rwqB_4rwnA,010,49.0,13.0,0.281,0.264,0.329,0.342,0.026,0.018,0.018,001; 001; 009; 009; 002; 002; 004; 004; 005; 003,0.61; 0.61; 0.57; 0.57; 0.51; 0.51; 0.50; 0.50; 0.47; 0.47,0.65; 0.65; 0.61; 0.61; 0.54; 0.54; 0.50; 0.50; 0.50; 0.52,15.066,5.342,1.0,0.034,-0.009,0.0,-0.005
4rwqB_4rwnA,011,49.0,20.0,0.487,0.477,0.457,0.456,,,,,,,14.263,5.065,1.0,-0.01,0.003,,-0.002
4rwqB_4rwnA,012,48.0,12.0,0.33,0.318,0.375,0.367,,,,,,,22.513,6.814,1.0,-0.009,0.017,,-0.003
4rwqB_4rwnA,013,46.0,17.0,0.424,0.421,0.376,0.39,,,,,,,15.059,5.868,1.0,-0.029,0.007,,-0.008
4rwqB_4rwnA,014,45.0,18.0,0.221,0.254,0.25,0.244,,,,,,,20.237,5.347,1.0,0.005,-0.013,,-0.001
4rwqB_4rwnA,015,44.0,1.0,0.323,0.34,0.384,0.337,,,,,,,16.012,1.53,1.0,-0.003,0.001,,0.003
4rwqB_4rwnA,016,44.0,10.0,0.232,0.219,0.355,0.337,,,,,,,21.918,8.042,1.0,0.015,0.006,,0.003
4rwqB_4rwnA,017,43.0,12.0,0.242,0.241,0.26,0.237,,,,,,,20.264,9.843,1.0,0.0,0.01,,-0.007
4rwqB_4rwnA,018,43.0,9.0,0.333,0.357,0.326,0.303,,,,,,,21.686,5.958,1.0,0.006,-0.017,,-0.066
4rwqB_4rwnA,019,43.0,17.0,0.342,0.293,0.437,0.416,,,,,,,16.492,6.04,1.0,-0.013,-0.018,,-0.001
4rwqB_4rwnA,020,42.0,1.0,0.332,0.335,0.344,0.337,,,,,,,15.252,1.97,1.0,-0.002,0.003,,-0.002
4rwqB_4rwnA,021,42.0,9.0,0.367,0.339,0.281,0.285,,,,,,,14.361,3.496,1.0,-0.016,0.004,,-0.003
4rwqB_4rwnA,022,41.0,14.0,0.286,0.277,0.251,0.273,,,,,,,20.281,8.185,1.0,-0.021,0.011,,0.001
4rwqB_4rwnA,023,41.0,13.0,0.252,0.25,0.266,0.257,,,,,,,18.474,9.242,1.0,-0.03,-0.018,,0.006
4rwqB_4rwnA,024,40.0,14.0,0.268,0.282,0.297,0.3,,,,,,,16.83,4.357,1.0,-0.022,0.007,,-0.005
4rwqB_4rwnA,025,40.0,9.0,0.257,0.274,0.261,0.307,,,,,,,15.552,7.38,1.0,-0.012,0.011,,-0.0
4rwqB_4rwnA,026,39.0,10.0,0.267,0.266,0.276,0.272,,,,,,,14.298,3.42,1.0,0.011,0.018,,-0.008
4rwqB_4rwnA,027,39.0,6.0,0.286,0.278,0.309,0.307,,,,,,,14.135,3.4,1.0,-0.013,0.017,,-0.006
4rwqB_4rwnA,028,39.0,13.0,0.506,0.507,0.756,0.794,,,,,,,18.173,6.04,1.0,-0.016,0.018,,-0.016
4rwqB_4rwnA,029,37.0,11.0,0.231,0.247,0.231,0.228,,,,,,,20.543,4.77,1.0,0.024,-0.011,,0.0
4rwqB_4rwnA,030,36.0,7.0,0.276,0.261,0.258,0.271,,,,,,,14.914,4.77,1.0,0.003,0.018,,0.003
4rwqB_4rwnA,031,35.0,11.0,0.371,0.366,0.371,0.369,,,,,,,18.864,4.66,1.0,-0.013,0.005,,0.027
4rwqB_4rwnA,032,35.0,11.0,0.422,0.412,0.445,0.41,,,,,,,17.946,6.043,1.0,0.01,-0.008,,-0.005
4rwqB_4rwnA,033,34.0,10.0,0.355,0.343,0.35,0.32,,,,,,,8.507,5.484,1.0,0.001,0.011,,-0.001
4rwqB_4rwnA,034,34.0,9.0,0.4,0.373,0.379,0.346,,,,,,,19.157,8.328,1.0,0.014,-0.012,,-0.001
4rwqB_4rwnA,035,33.0,3.0,0.35,0.339,0.409,0.421,,,,,,,17.685,8.276,1.0,0.034,-0.001,,0.003
4rwqB_4rwnA,036,33.0,9.0,0.286,0.283,0.295,0.262,,,,,,,14.914,2.827,1.0,0.004,-0.005,,-0.002
4rwqB_4rwnA,037,33.0,14.0,0.355,0.343,0.273,0.246,,,,,,,15.331,2.665,1.0,-0.014,-0.005,,0.006
4rwqB_4rwnA,038,33.0,5.0,0.302,0.307,0.249,0.257,,,,,,,14.71,3.752,1.0,-0.017,0.014,,-0.003
4rwqB_4rwnA,039,33.0,6.0,0.374,0.344,0.355,0.332,,,,,,,13.87,2.179,1.0,-0.027,-0.005,,-0.003
4rwqB_4rwnA,040,33.0,10.0,0.337,0.356,0.235,0.258,,,,,,,14.318,8.879,1.0,-0.009,0.011,,0.004
4rwqB_4rwnA,041,32.0,9.0,0.238,0.274,0.225,0.229,,,,,,,15.808,1.982,1.0,-0.005,0.01,,-0.001
4rwqB_4rwnA,042,32.0,1.0,0.332,0.327,0.347,0.346,,,,,,,14.887,2.883,1.0,0.012,0.006,,-0.004
4rwqB_4rwnA,043,31.0,7.0,0.266,0.296,0.416,0.366,,,,,,,23.209,5.052,1.0,0.005,-0.013,,0.006
4rwqB_4rwnA,044,31.0,8.0,0.212,0.22,0.356,0.368,,,,,,,14.954,2.212,1.0,0.003,-0.003,,0.002
4rwqB_4rwnA,045,31.0,4.0,0.285,0.296,0.296,0.297,,,,,,,17.199,3.759,1.0,-0.011,-0.007,,-0.005
4rwqB_4rwnA,046,30.0,9.0,0.345,0.366,0.388,0.425,,,,,,,15.017,10.55,1.0,0.028,-0.013,,-0.0
4rwqB_4rwnA,047,29.0,5.0,0.399,0.367,0.618,0.621,,,,,,,17.958,6.69,1.0,0.037,0.012,,-0.006
4rwqB_4rwnA,048,28.0,9.0,0.287,0.293,0.475,0.462,,,,,,,20.661,5.019,1.0,-0.006,0.009,,0.003
4rwqB_4rwnA,049,27.0,7.0,0.357,0.35,0.382,0.332,,,,,,,14.978,4.59,1.0,0.016,0.011,,-0.007
4rwqB_4rwnA,050,27.0,6.0,0.283,0.273,0.355,0.381,,,,,,,16.392,5.081,1.0,0.029,-0.009,,-0.008
4rwqB_4rwnA,051,27.0,10.0,0.338,0.332,0.399,0.366,,,,,,,16.579,6.664,1.0,-0.032,-0.017,,0.011
4rwqB_4rwnA,052,27.0,8.0,0.55,0.584,0.889,0.95,,,,,,,17.099,5.601,1.0,0.006,0.005,,-0.002
4rwqB_4rwnA,053,27.0,12.0,0.842,0.853,0.842,0.907,,,,,,,16.924,5.109,1.0,0.01,-0.006,,-0.018
4rwqB_4rwnA,054,26.0,9.0,0.393,0.417,0.928,0.915,,,,,,,10.576,3.288,1.0,0.034,0.016,,-0.0
4rwqB_4rwnA,055,26.0,4.0,0.417,0.422,0.444,0.403,,,,,,,13.482,8.877,1.0,-0.007,0.002,,0.004
4rwqB_4rwnA,056,26.0,2.0,0.301,0.305,0.35,0.341,,,,,,,14.479,1.456,1.0,0.02,-0.011,,-0.019
4rwqB_4rwnA,057,26.0,2.0,0.29,0.29,0.322,0.297,,,,,,,11.142,3.672,1.0,-0.002,-0.007,,-0.004
4rwqB_4rwnA,058,26.0,7.0,0.326,0.282,0.36,0.334,,,,,,,17.316,5.429,1.0,0.0,0.004,,-0.004
4rwqB_4rwnA,059,25.0,12.0,0.613,0.607,0.891,0.961,,,,,,,16.304,4.135,1.0,-0.028,-0.012,,-0.002
4rwqB_4rwnA,060,25.0,13.0,0.213,0.209,0.243,0.252,,,,,,,11.99,1.434,1.0,-0.012,-0.002,,0.0
4rwqB_4rwnA,061,25.0,2.0,0.421,0.382,0.429,0.397,,,,,,,14.838,6.804,1.0,-0.004,-0.008,,-0.001
4rwqB_4rwnA,062,25.0,4.0,0.243,0.236,0.361,0.404,,,,,,,9.308,6.485,1.0,-0.044,0.01,,0.002
4rwqB_4rwnA,063,25.0,7.0,0.351,0.364,0.519,0.501,,,,,,,13.942,5.962,1.0,-0.033,-0.013,,-0.003
4rwqB_4rwnA,064,24.0,1.0,0.235,0.24,0.277,0.285,,,,,,,14.629,2.821,1.0,-0.007,0.018,,-0.004
4rwqB_4rwnA,065,24.0,10.0,0.248,0.255,0.216,0.212,,,,,,,22.021,5.425,1.0,-0.034,0.012,,-0.001
4rwqB_4rwnA,066,24.0,7.0,0.309,0.279,0.488,0.443,,,,,,,17.942,4.156,1.0,0.008,-0.013,,-0.005
4rwqB_4rwnA,067,23.0,2.0,0.332,0.334,0.224,0.248,,,,,,,13.447,1.09,1.0,0.02,0.014,,-0.003
4rwqB_4rwnA,068,23.0,6.0,0.262,0.272,0.3,0.303,,,,,,,16.667,3.257,1.0,0.021,-0.006,,0.009
4rwqB_4rwnA,069,23.0,5.0,0.234,0.26,0.329,0.285,,,,,,,25.105,6.394,1.0,0.006,-0.016,,0.014
4rwqB_4rwnA,070,23.0,4.0,0.253,0.256,0.27,0.317,,,,,,,13.391,3.42,1.0,0.03,-0.01,,-0.004
4rwqB_4rwnA,071,23.0,1.0,0.274,0.288,0.257,0.261,,,,,,,11.989,2.222,1.0,-0.002,-0.013,,-0.006
4rwqB_4rwnA,072,23.0,2.0,0.347,0.304,0.405,0.376,,,,,,,25.834,3.38,1.0,0.002,-0.008,,-0.001
4rwqB_4rwnA,073,22.0,1.0,0.309,0.316,0.324,0.317,,,,,,,12.143,2.191,1.0,-0.009,0.014,,-0.005
4rwqB_4rwnA,074,22.0,1.0,0.259,0.261,0.31,0.329,,,,,,,12.839,0.927,1.0,-0.033,0.004,,-0.008
4rwqB_4rwnA,075,22.0,13.0,0.425,0.392,0.756,0.746,,,,,,,19.485,5.868,1.0,0.002,-0.013,,0.02
4rwqB_4rwnA,076,22.0,6.0,0.208,0.253,0.264,0.245,,,,,,,17.21,2.942,1.0,-0.013,0.008,,-0.014
4rwqB_4rwnA,077,21.0,10.0,0.223,0.237,0.208,0.22,,,,,,,14.772,4.812,1.0,-0.054,0.001,,-0.005
4rwqB_4rwnA,078,21.0,8.0,0.309,0.33,0.743,0.772,,,,,,,14.414,7.437,1.0,-0.018,-0.018,,-0.003
4rwqB_4rwnA,079,20.0,1.0,0.23,0.253,0.321,0.305,,,,,,,21.476,3.417,1.0,-0.014,-0.012,,-0.001
4rwqB_4rwnA,080,20.0,1.0,0.32,0.314,0.39,0.41,,,,,,,24.014,2.396,1.0,-0.013,0.017,,-0.002
4rwqB_4rwnA,081,20.0,2.0,0.301,0.309,0.312,0.296,,,,,,,14.279,1.61,1.0,-0.015,0.015,,-0.007
4rwqB_4rwnA,082,20.0,2.0,0.238,0.242,0.252,0.237,,,,,,,14.03,1.348,1.0,-0.011,0.018,,-0.003
4rwqB_4rwnA,083,20.0,1.0,0.345,0.353,0.266,0.258,,,,,,,14.148,1.378,1.0,-0.01,0.015,,0.007
4rwqB_4rwnA,084,20.0,1.0,0.311,0.3,0.346,0.341,,,,,,,10.429,2.016,1.0,0.033,0.001,,0.007
4rwqB_4rwnA,085,20.0,9.0,0.34,0.355,0.382,0.391,,,,,,,19.824,5.803,1.0,-0.007,-0.016,,0.0
4rwqB_4rwnA,086,20.0,5.0,0.351,0.326,0.402,0.355,,,,,,,24.736,5.431,1.0,0.012,-0.016,,0.004
4rwqB_4rwnA,087,,,0.376,0.41,0.442,0.451,,,,,,,18.493,3.446,1.0,0.027,-0.01,,-0.004
4rwqB_4rwnA,088,16.0,8.0,0.722,0.729,0.727,0.768,,,,,,,20.703,6.227,1.0,-0.013,-0.015,,-0.0
4rwqB_4rwnA,089,16.0,9.0,0.213,0.205,0.24,0.221,,,,,,,19.396,3.447,1.0,-0.026,-0.01,,-0.007
4rwqB_4rwnA,090,15.0,3.0,0.362,0.33,0.453,0.488,,,,,,,14.909,3.201,1.0,-0.017,-0.005,,0.009
4rwqB_4rwnA,091,15.0,7.0,0.426,0.395,0.418,0.406,,,,,,,18.95,3.868,1.0,-0.008,-0.015,,0.003
4rwqB_4rwnA,092,15.0,6.0,0.333,0.316,0.411,0.402,,,,,,,17.491,6.585,1.0,0.04,-0.013,,-0.005
4rwqB_4rwnA,093,,,0.642,0.669,0.712,0.738,,,,,,,21.742,4.08,1.0,-0.004,-0.012,,-0.003
4rwqB_4rwnA,094,,,0.259,0.27,0.264,0.276,,,,,,,26.045,4.264,1.0,0.035,-0.015,,-0.006
4rwqB_4rwnA,095,15.0,7.0,0.271,0.243,0.242,0.257,,,,,,,18.357,5.509,1.0,-0.008,-0.003,,-0.002
4tsyD_3zwgN,Deep,,,0.85,0.985,0.85,0.99,0.429,0.424,0.376,,,,,,,,-0.019,0.0,
4tsyD_3zwgN,000,88.0,5.0,0.438,0.452,0.365,0.374,0.417,0.408,0.367,001; 001; 009; 009; 007; 007; 002; 002; 003; 003,0.85; 0.85; 0.80; 0.80; 0.77; 0.77; 0.74; 0.74; 0.73; 0.73,0.98; 0.98; 0.85; 0.85; 0.84; 0.84; 0.82; 0.82; 0.71; 0.71,10.133,3.179,1.0,-0.016,-0.046,0.0,-0.024
4tsyD_3zwgN,001,57.0,9.0,0.328,0.335,0.31,0.369,,,,,,,9.259,4.106,1.0,-0.051,-0.04,,-0.017
4tsyD_3zwgN,002,56.0,17.0,0.269,0.295,0.34,0.34,,,,,,,6.512,3.991,1.0,0.007,-0.01,,-0.001
4tsyD_3zwgN,003,54.0,26.0,0.536,0.542,0.397,0.385,,,,,,,5.883,4.714,0.9,-0.006,-0.032,,-0.008
4tsyD_3zwgN,004,47.0,13.0,0.494,0.5,0.512,0.523,,,,,,,14.329,3.061,1.0,-0.032,-0.031,,-0.012
4tsyD_3zwgN,005,43.0,24.0,0.573,0.534,0.517,0.524,,,,,,,0.893,2.248,0.7,-0.005,-0.042,,-0.004
4tsyD_3zwgN,006,41.0,21.0,0.544,0.547,0.502,0.521,,,,,,,6.078,2.877,1.0,0.002,0.013,,-0.015
4tsyD_3zwgN,007,38.0,13.0,0.528,0.537,0.448,0.456,,,,,,,10.628,3.512,1.0,-0.003,-0.041,,-0.012
4tsyD_3zwgN,008,37.0,21.0,0.292,0.323,0.657,0.65,,,,,,,4.613,5.925,0.7,-0.012,-0.038,,-0.033
4tsyD_3zwgN,009,35.0,8.0,0.38,0.375,0.375,0.355,,,,,,,4.655,2.425,1.0,-0.014,-0.01,,-0.012
4tsyD_3zwgN,010,35.0,19.0,0.532,0.529,0.698,0.687,,,,,,,7.757,3.462,1.0,-0.018,-0.022,,-0.009
4tsyD_3zwgN,011,35.0,4.0,0.527,0.544,0.353,0.373,,,,,,,11.273,1.896,1.0,-0.065,-0.046,,-0.019
4tsyD_3zwgN,012,33.0,8.0,0.345,0.347,0.539,0.538,,,,,,,8.32,3.75,1.0,-0.036,-0.039,,-0.008
4tsyD_3zwgN,013,30.0,14.0,0.576,0.6,0.652,0.71,,,,,,,4.432,2.689,0.9,-0.02,-0.001,,-0.014
4tsyD_3zwgN,014,26.0,7.0,0.496,0.527,0.339,0.362,,,,,,,1.138,2.827,0.6,-0.041,-0.001,,-0.013
4tsyD_3zwgN,015,26.0,10.0,0.438,0.45,0.513,0.526,,,,,,,12.645,2.212,1.0,-0.015,-0.034,,-0.016
4tsyD_3zwgN,016,26.0,13.0,0.729,0.716,0.731,0.718,,,,,,,10.398,4.194,1.0,-0.004,-0.03,,-0.008
4tsyD_3zwgN,017,24.0,15.0,0.451,0.446,0.499,0.493,,,,,,,11.837,7.062,0.9,-0.011,-0.039,,-0.004
4tsyD_3zwgN,018,23.0,15.0,0.714,0.775,0.805,0.888,,,,,,,9.886,4.562,1.0,0.0,-0.01,,-0.058
4tsyD_3zwgN,019,23.0,10.0,0.318,0.325,0.355,0.348,,,,,,,8.569,3.475,1.0,0.013,-0.037,,-0.01
4tsyD_3zwgN,020,23.0,12.0,0.467,0.464,0.566,0.563,,,,,,,12.428,4.474,1.0,0.0,-0.036,,-0.005
4tsyD_3zwgN,021,23.0,14.0,0.637,0.609,0.792,0.752,,,,,,,10.78,4.508,1.0,-0.031,-0.047,,-0.002
4tsyD_3zwgN,022,22.0,9.0,0.288,0.284,0.268,0.264,,,,,,,6.267,2.399,1.0,-0.018,-0.023,,-0.015
4tsyD_3zwgN,023,22.0,5.0,0.616,0.617,0.647,0.633,,,,,,,12.116,4.058,1.0,-0.003,-0.013,,-0.004
4tsyD_3zwgN,024,22.0,7.0,0.516,0.53,0.403,0.423,,,,,,,4.224,3.432,1.0,-0.016,-0.047,,-0.028
4tsyD_3zwgN,025,21.0,11.0,0.51,0.526,0.516,0.562,,,,,,,3.751,1.152,1.0,-0.027,0.017,,-0.009
4tsyD_3zwgN,026,21.0,12.0,0.596,0.595,0.582,0.574,,,,,,,10.806,1.086,1.0,-0.017,-0.045,,-0.003
4tsyD_3zwgN,027,21.0,7.0,0.531,0.537,0.507,0.522,,,,,,,14.371,2.901,1.0,0.001,-0.02,,-0.014
4tsyD_3zwgN,028,,,0.51,0.518,0.52,0.53,,,,,,,12.793,1.867,1.0,-0.004,-0.034,,-0.018
4tsyD_3zwgN,029,16.0,3.0,0.367,0.36,0.367,0.366,,,,,,,4.584,3.33,1.0,-0.0,-0.025,,-0.006
4tsyD_3zwgN,030,15.0,3.0,0.753,0.739,0.767,0.748,,,,,,,10.451,5.171,1.0,-0.038,-0.029,,-0.001
4tsyD_3zwgN,031,15.0,11.0,0.314,0.297,0.384,0.381,,,,,,,10.462,1.132,1.0,-0.045,-0.047,,-0.01
4tsyD_3zwgN,032,15.0,3.0,0.6,0.602,0.702,0.694,,,,,,,11.215,1.21,1.0,-0.015,-0.047,,-0.02
4tsyD_3zwgN,033,15.0,6.0,0.6,0.595,0.627,0.605,,,,,,,12.477,3.017,1.0,0.012,-0.025,,-0.021
4xwsD_4y0mJ,Deep,,,0.95,0.953,0.957,0.945,,0.514,0.189,,,,,,,,-0.004,0.14,
4xwsD_4y0mJ,000,1120.0,654.0,0.276,0.268,0.816,0.758,0.082,0.072,0.073,002; 004; 004; 006; 006; 002; 001; 005; 001; 005,0.89; 0.89; 0.89; 0.88; 0.88; 0.88; 0.86; 0.86; 0.86; 0.86,0.81; 0.86; 0.86; 0.87; 0.87; 0.81; 0.77; 0.80; 0.77; 0.80,14.58,4.881,1.0,-0.003,-0.015,0.018,0.0
4xwsD_4y0mJ,001,630.0,380.0,0.366,0.353,0.838,0.771,0.052,0.071,0.054,003; 003; 006; 006; 004; 007; 007; 004; 001; 001,0.92; 0.92; 0.89; 0.89; 0.87; 0.87; 0.87; 0.87; 0.84; 0.84,0.91; 0.91; 0.85; 0.85; 0.84; 0.83; 0.83; 0.84; 0.78; 0.78,16.024,5.591,1.0,0.018,0.006,0.012,0.007
4xwsD_4y0mJ,002,613.0,151.0,0.375,0.342,0.397,0.377,0.097,0.08,0.078,005; 005; 009; 009; 006; 006; 001; 002; 002; 001,0.91; 0.91; 0.89; 0.89; 0.87; 0.87; 0.86; 0.86; 0.86; 0.86,0.87; 0.87; 0.87; 0.87; 0.84; 0.84; 0.79; 0.79; 0.78; 0.79,14.158,7.599,1.0,0.022,-0.016,0.0,0.008
4xwsD_4y0mJ,003,591.0,256.0,0.344,0.31,0.889,0.832,0.088,0.071,0.078,001; 005; 005; 001; 004; 004; 007; 007; 008; 008,0.89; 0.89; 0.89; 0.89; 0.88; 0.88; 0.87; 0.87; 0.83; 0.83,0.83; 0.86; 0.86; 0.83; 0.86; 0.86; 0.86; 0.86; 0.78; 0.78,14.333,6.241,1.0,0.027,-0.013,0.0,0.012
4xwsD_4y0mJ,004,483.0,321.0,0.816,0.767,0.875,0.808,0.098,0.084,0.083,001; 001; 004; 004; 008; 008; 006; 006; 002; 002,0.92; 0.92; 0.90; 0.90; 0.86; 0.85; 0.83; 0.83; 0.80; 0.80,0.83; 0.83; 0.89; 0.89; 0.83; 0.83; 0.82; 0.82; 0.76; 0.76,15.406,4.964,1.0,-0.006,-0.002,0.0,0.012
4xwsD_4y0mJ,005,411.0,142.0,0.376,0.346,0.418,0.396,0.076,0.076,0.066,004; 004; 001; 001; 006; 006; 002; 002; 005; 003,0.91; 0.91; 0.90; 0.90; 0.86; 0.86; 0.85; 0.85; 0.80; 0.80,0.88; 0.88; 0.83; 0.83; 0.87; 0.87; 0.79; 0.79; 0.79; 0.75,7.65,3.144,1.0,0.008,-0.017,0.003,-0.001
4xwsD_4y0mJ,006,387.0,190.0,0.283,0.261,0.427,0.395,0.098,0.079,0.077,005; 005; 001; 007; 007; 001; 003; 003; 002; 002,0.91; 0.91; 0.86; 0.86; 0.86; 0.86; 0.83; 0.83; 0.80; 0.80,0.88; 0.88; 0.78; 0.82; 0.82; 0.78; 0.79; 0.79; 0.75; 0.75,13.827,7.127,1.0,0.009,-0.016,0.0,0.017
4xwsD_4y0mJ,007,379.0,197.0,0.418,0.409,0.76,0.666,,0.361,0.116,001; 001; 007; 007; 008; 008; 006; 006; 005; 005,0.96; 0.96; 0.92; 0.92; 0.90; 0.90; 0.84; 0.84; 0.81; 0.81,0.86; 0.86; 0.91; 0.91; 0.89; 0.89; 0.80; 0.80; 0.79; 0.79,14.916,6.46,1.0,-0.013,-0.01,0.0,0.016
4xwsD_4y0mJ,008,350.0,218.0,0.299,0.281,0.811,0.728,0.08,0.06,0.06,005; 005; 001; 001; 002; 002; 004; 004; 008; 008,0.91; 0.91; 0.88; 0.88; 0.80; 0.80; 0.78; 0.78; 0.77; 0.77,0.89; 0.89; 0.79; 0.79; 0.73; 0.73; 0.75; 0.75; 0.76; 0.76,14.982,5.613,1.0,-0.012,-0.017,0.0,0.006
4xwsD_4y0mJ,009,310.0,155.0,0.327,0.318,0.42,0.398,0.096,0.082,0.083,006; 006; 001; 001; 007; 007; 008; 008; 004; 004,0.90; 0.90; 0.88; 0.88; 0.87; 0.87; 0.84; 0.84; 0.83; 0.83,0.87; 0.87; 0.78; 0.78; 0.84; 0.84; 0.81; 0.81; 0.79; 0.79,12.656,3.802,1.0,-0.0,0.002,0.0,0.02
4xwsD_4y0mJ,010,282.0,189.0,0.26,0.249,0.804,0.71,0.085,0.064,0.079,009; 009; 010; 010; 007; 007; 001; 001; 002; 002,0.90; 0.90; 0.88; 0.88; 0.87; 0.87; 0.86; 0.86; 0.81; 0.81,0.85; 0.85; 0.81; 0.82; 0.86; 0.86; 0.79; 0.79; 0.74; 0.74,13.227,5.148,1.0,0.052,0.002,0.0,0.01
4xwsD_4y0mJ,011,280.0,179.0,0.362,0.35,0.858,0.768,0.089,0.061,0.08,006; 006; 008; 008; 001; 005; 001; 005; 007; 007,0.93; 0.93; 0.91; 0.91; 0.89; 0.89; 0.89; 0.89; 0.81; 0.81,0.90; 0.90; 0.88; 0.88; 0.80; 0.87; 0.80; 0.87; 0.78; 0.78,13.423,7.458,0.9,0.022,-0.017,0.0,0.014
4xwsD_4y0mJ,012,268.0,94.0,0.405,0.374,0.434,0.394,0.08,0.097,0.076,008; 008; 004; 004; 001; 007; 001; 007; 005; 005,0.89; 0.89; 0.88; 0.88; 0.83; 0.83; 0.83; 0.83; 0.82; 0.82,0.87; 0.87; 0.83; 0.83; 0.76; 0.83; 0.76; 0.84; 0.82; 0.82,9.946,5.389,0.9,0.019,-0.016,0.0,0.006
4xwsD_4y0mJ,013,264.0,132.0,0.579,0.545,0.799,0.714,0.08,0.056,0.069,008; 008; 001; 001; 005; 005; 006; 002; 002; 006,0.91; 0.91; 0.90; 0.90; 0.83; 0.83; 0.80; 0.80; 0.80; 0.80,0.88; 0.88; 0.82; 0.82; 0.81; 0.81; 0.77; 0.74; 0.74; 0.77,16.349,6.286,1.0,0.007,-0.014,0.0,-0.002
4xwsD_4y0mJ,014,262.0,154.0,0.605,0.569,0.868,0.79,0.067,0.059,0.077,008; 008; 007; 007; 006; 006; 005; 005; 004; 004,0.91; 0.91; 0.89; 0.89; 0.88; 0.87; 0.86; 0.86; 0.83; 0.83,0.87; 0.87; 0.86; 0.86; 0.84; 0.84; 0.84; 0.84; 0.81; 0.81,10.844,6.013,0.9,-0.006,-0.005,0.0,0.004
4xwsD_4y0mJ,015,244.0,132.0,0.479,0.446,0.417,0.402,0.076,0.071,0.066,005; 007; 005; 007; 006; 006; 001; 001; 004; 004,0.88; 0.88; 0.88; 0.88; 0.83; 0.83; 0.77; 0.77; 0.75; 0.75,0.82; 0.84; 0.82; 0.84; 0.78; 0.78; 0.69; 0.69; 0.72; 0.72,12.646,4.916,1.0,0.015,0.005,0.0,0.011
4xwsD_4y0mJ,016,242.0,153.0,0.508,0.48,0.817,0.727,0.069,0.056,0.062,009; 009; 006; 006; 001; 001; 007; 007; 005; 005,0.91; 0.91; 0.90; 0.90; 0.89; 0.89; 0.87; 0.87; 0.85; 0.85,0.88; 0.88; 0.89; 0.89; 0.82; 0.82; 0.83; 0.83; 0.83; 0.83,15.092,5.552,1.0,-0.01,-0.012,0.0,0.002
4xwsD_4y0mJ,017,233.0,135.0,0.385,0.342,0.875,0.789,0.069,0.056,0.067,007; 007; 008; 008; 006; 006; 001; 009; 001; 009,0.91; 0.91; 0.90; 0.90; 0.89; 0.89; 0.88; 0.88; 0.88; 0.88,0.89; 0.89; 0.89; 0.89; 0.88; 0.88; 0.80; 0.86; 0.80; 0.86,15.475,7.591,1.0,0.01,-0.008,0.0,0.023
4xwsD_4y0mJ,018,225.0,87.0,0.259,0.249,0.293,0.268,0.08,0.074,0.08,008; 008; 005; 005; 007; 007; 001; 006; 001; 006,0.90; 0.90; 0.89; 0.89; 0.87; 0.87; 0.86; 0.86; 0.86; 0.86,0.87; 0.87; 0.87; 0.86; 0.84; 0.84; 0.76; 0.85; 0.76; 0.85,12.073,5.628,1.0,0.01,-0.013,0.0,0.009
4xwsD_4y0mJ,019,224.0,158.0,0.946,0.915,0.941,0.944,0.076,0.064,0.083,007; 007; 005; 006; 005; 006; 001; 001; 002; 002,0.91; 0.91; 0.90; 0.90; 0.90; 0.90; 0.86; 0.86; 0.78; 0.78,0.87; 0.87; 0.87; 0.88; 0.87; 0.88; 0.77; 0.77; 0.73; 0.73,15.23,7.176,0.9,-0.034,-0.004,0.0,0.026
4xwsD_4y0mJ,020,218.0,137.0,0.296,0.281,0.665,0.606,,,,,,,15.691,6.334,1.0,-0.002,-0.012,,-0.0
4xwsD_4y0mJ,021,213.0,95.0,0.206,0.21,0.232,0.206,,,,,,,13.549,7.585,1.0,0.022,-0.017,,0.003
4xwsD_4y0mJ,022,210.0,126.0,0.255,0.243,0.246,0.215,,,,,,,12.134,6.433,1.0,0.005,-0.011,,0.001
4xwsD_4y0mJ,023,203.0,82.0,0.388,0.359,0.767,0.691,,,,,,,12.486,5.175,1.0,0.009,-0.014,,0.009
4xwsD_4y0mJ,024,200.0,44.0,0.318,0.311,0.856,0.767,,,,,,,6.796,5.433,0.9,0.004,-0.01,,0.018
4xwsD_4y0mJ,025,198.0,118.0,0.565,0.528,0.802,0.719,,,,,,,10.636,4.026,1.0,0.006,-0.007,,0.01
4xwsD_4y0mJ,026,196.0,98.0,0.603,0.574,0.861,0.774,,,,,,,15.575,6.807,1.0,-0.014,-0.012,,-0.01
4xwsD_4y0mJ,027,193.0,84.0,0.444,0.422,0.833,0.755,,,,,,,15.287,5.944,1.0,0.029,-0.014,,0.009
4xwsD_4y0mJ,028,191.0,103.0,0.405,0.384,0.445,0.425,,,,,,,13.392,4.492,1.0,-0.009,-0.017,,0.004
4xwsD_4y0mJ,029,188.0,86.0,0.629,0.588,0.69,0.635,,,,,,,13.594,5.58,1.0,0.014,-0.007,,0.019
4xwsD_4y0mJ,030,186.0,33.0,0.254,0.241,0.383,0.353,,,,,,,6.9,5.612,1.0,0.018,-0.017,,0.01
4xwsD_4y0mJ,031,186.0,104.0,0.346,0.342,0.685,0.625,,,,,,,12.766,6.49,0.9,0.011,-0.014,,0.004
4xwsD_4y0mJ,032,183.0,85.0,0.357,0.323,0.525,0.5,,,,,,,14.909,7.957,1.0,0.035,0.005,,0.003
4xwsD_4y0mJ,033,178.0,86.0,0.3,0.307,0.359,0.35,,,,,,,14.289,7.949,0.9,-0.01,-0.003,,-0.002
4xwsD_4y0mJ,034,173.0,74.0,0.289,0.272,0.836,0.762,,,,,,,14.995,5.251,1.0,0.006,-0.013,,0.016
4xwsD_4y0mJ,035,173.0,98.0,0.494,0.46,0.818,0.721,,,,,,,13.901,5.232,1.0,0.01,-0.006,,-0.011
4xwsD_4y0mJ,036,170.0,88.0,0.265,0.27,0.815,0.725,,,,,,,10.074,7.297,0.7,-0.006,0.005,,0.015
4xwsD_4y0mJ,037,168.0,17.0,0.302,0.284,0.671,0.584,,,,,,,5.837,4.213,0.9,0.014,-0.017,,0.009
4xwsD_4y0mJ,038,165.0,114.0,0.671,0.618,0.921,0.92,,,,,,,8.77,5.03,1.0,0.015,-0.016,,0.025
4xwsD_4y0mJ,039,164.0,66.0,0.233,0.226,0.334,0.324,,,,,,,7.697,4.739,1.0,0.014,-0.016,,-0.009
4xwsD_4y0mJ,040,163.0,108.0,0.736,0.695,0.874,0.801,,,,,,,12.102,5.886,1.0,-0.001,0.011,,0.003
4xwsD_4y0mJ,041,156.0,87.0,0.328,0.304,0.824,0.742,,,,,,,11.098,4.805,1.0,0.029,-0.006,,0.012
4xwsD_4y0mJ,042,154.0,96.0,0.355,0.342,0.492,0.463,,,,,,,15.335,5.653,1.0,-0.004,0.008,,0.023
4xwsD_4y0mJ,043,152.0,72.0,0.311,0.27,0.444,0.405,,,,,,,12.787,6.067,1.0,0.024,-0.011,,0.006
4xwsD_4y0mJ,044,139.0,68.0,0.311,0.289,0.421,0.394,,,,,,,12.793,5.488,1.0,0.031,-0.014,,0.016
4xwsD_4y0mJ,045,139.0,64.0,0.282,0.287,0.316,0.302,,,,,,,14.132,8.048,0.9,-0.003,-0.012,,-0.008
4xwsD_4y0mJ,046,136.0,82.0,0.606,0.56,0.842,0.754,,,,,,,13.565,6.9,1.0,0.049,0.013,,0.013
4xwsD_4y0mJ,047,136.0,78.0,0.838,0.759,0.851,0.773,,,,,,,13.368,4.724,1.0,-0.001,-0.015,,0.004
4xwsD_4y0mJ,048,136.0,98.0,0.287,0.263,0.387,0.369,,,,,,,13.631,6.342,1.0,0.005,-0.006,,0.012
4xwsD_4y0mJ,049,131.0,54.0,0.347,0.318,0.259,0.252,,,,,,,15.26,6.634,1.0,0.002,-0.004,,0.026
4xwsD_4y0mJ,050,128.0,90.0,0.909,0.883,0.88,0.886,,,,,,,16.363,7.142,1.0,-0.002,-0.002,,0.001
4xwsD_4y0mJ,051,128.0,11.0,0.281,0.266,0.249,0.257,,,,,,,6.553,5.293,0.9,0.007,-0.01,,0.011
4xwsD_4y0mJ,052,124.0,77.0,0.624,0.587,0.819,0.744,,,,,,,13.594,4.345,1.0,0.002,0.005,,0.001
4xwsD_4y0mJ,053,123.0,76.0,0.254,0.263,0.417,0.385,,,,,,,14.129,6.341,0.9,0.005,-0.009,,0.002
4xwsD_4y0mJ,054,123.0,63.0,0.373,0.339,0.81,0.732,,,,,,,11.839,4.836,1.0,0.04,-0.016,,0.013
4xwsD_4y0mJ,055,122.0,65.0,0.43,0.41,0.345,0.334,,,,,,,12.074,6.847,0.9,0.045,-0.015,,0.016
4xwsD_4y0mJ,056,120.0,88.0,0.388,0.364,0.381,0.356,,,,,,,11.793,7.794,0.9,0.046,-0.017,,0.004
4xwsD_4y0mJ,057,119.0,60.0,0.435,0.423,0.515,0.508,,,,,,,15.927,7.296,1.0,-0.0,-0.012,,0.014
4xwsD_4y0mJ,058,117.0,47.0,0.202,0.203,0.211,0.214,,,,,,,9.507,5.336,1.0,-0.029,-0.008,,-0.002
4xwsD_4y0mJ,059,114.0,75.0,0.382,0.364,0.403,0.385,,,,,,,12.964,4.715,1.0,-0.001,0.004,,0.002
4xwsD_4y0mJ,060,112.0,59.0,0.269,0.259,0.776,0.7,,,,,,,13.356,6.566,0.9,0.013,-0.016,,0.005
4xwsD_4y0mJ,061,110.0,88.0,0.365,0.337,0.358,0.34,,,,,,,14.595,4.926,1.0,0.02,-0.001,,-0.003
4xwsD_4y0mJ,062,109.0,81.0,0.694,0.629,0.842,0.757,,,,,,,11.52,4.829,1.0,0.004,-0.017,,0.0
4xwsD_4y0mJ,063,107.0,48.0,0.303,0.288,0.429,0.406,,,,,,,12.129,5.918,1.0,0.006,-0.017,,0.007
4xwsD_4y0mJ,064,106.0,77.0,0.316,0.294,0.365,0.345,,,,,,,10.289,5.701,1.0,0.008,-0.017,,0.002
4xwsD_4y0mJ,065,106.0,56.0,0.343,0.313,0.432,0.401,,,,,,,11.675,5.88,1.0,0.01,-0.017,,0.003
4xwsD_4y0mJ,066,105.0,53.0,0.312,0.297,0.847,0.762,,,,,,,12.096,6.656,0.8,0.006,-0.01,,0.01
4xwsD_4y0mJ,067,98.0,70.0,0.322,0.299,0.426,0.383,,,,,,,11.932,4.612,1.0,-0.014,-0.006,,0.006
4xwsD_4y0mJ,068,97.0,56.0,0.263,0.267,0.735,0.651,,,,,,,10.106,4.904,1.0,0.01,-0.007,,0.006
4xwsD_4y0mJ,069,93.0,78.0,0.809,0.743,0.906,0.901,,,,,,,13.674,6.522,1.0,-0.017,-0.016,,0.006
4xwsD_4y0mJ,070,93.0,58.0,0.398,0.361,0.82,0.789,,,,,,,16.253,5.305,1.0,-0.01,-0.014,,-0.007
4xwsD_4y0mJ,071,90.0,66.0,0.244,0.231,0.362,0.333,,,,,,,14.136,5.479,1.0,-0.016,-0.005,,0.015
4xwsD_4y0mJ,072,88.0,49.0,0.479,0.45,0.738,0.65,,,,,,,11.524,4.679,1.0,0.016,-0.009,,-0.022
4xwsD_4y0mJ,073,87.0,59.0,0.279,0.261,0.81,0.726,,,,,,,14.282,4.164,1.0,0.038,-0.012,,0.021
4xwsD_4y0mJ,074,87.0,9.0,0.274,0.269,0.378,0.396,,,,,,,5.05,3.79,1.0,0.029,-0.008,,0.012
4xwsD_4y0mJ,075,86.0,65.0,0.314,0.292,0.355,0.338,,,,,,,10.72,3.532,1.0,0.018,-0.004,,0.009
4xwsD_4y0mJ,076,84.0,20.0,0.255,0.25,0.259,0.254,,,,,,,7.098,5.434,0.9,0.002,-0.016,,0.008
4xwsD_4y0mJ,077,83.0,32.0,0.301,0.291,0.339,0.321,,,,,,,12.39,5.613,1.0,0.041,0.006,,0.01
4xwsD_4y0mJ,078,82.0,25.0,0.234,0.227,0.27,0.233,,,,,,,7.596,3.456,1.0,0.011,-0.012,,-0.0
4xwsD_4y0mJ,079,82.0,44.0,0.542,0.507,0.412,0.38,,,,,,,14.891,5.426,1.0,0.011,-0.008,,0.007
4xwsD_4y0mJ,080,81.0,54.0,0.707,0.638,0.781,0.69,,,,,,,17.76,5.091,1.0,-0.004,-0.012,,0.003
4xwsD_4y0mJ,081,80.0,39.0,0.254,0.231,0.809,0.724,,,,,,,10.107,6.3,0.9,0.009,0.017,,0.003
4xwsD_4y0mJ,082,76.0,37.0,0.277,0.263,0.321,0.321,,,,,,,9.827,5.416,1.0,-0.014,0.001,,0.038
4xwsD_4y0mJ,083,75.0,46.0,0.462,0.435,0.473,0.444,,,,,,,10.894,6.33,0.9,0.013,-0.012,,0.005
4xwsD_4y0mJ,084,74.0,29.0,0.207,0.222,0.318,0.312,,,,,,,10.219,3.851,1.0,0.008,0.003,,0.003
4xwsD_4y0mJ,085,73.0,37.0,0.343,0.339,0.61,0.543,,,,,,,13.333,4.968,1.0,0.005,0.01,,-0.01
4xwsD_4y0mJ,086,73.0,38.0,0.29,0.248,0.469,0.448,,,,,,,10.152,5.494,1.0,0.034,-0.016,,0.011
4xwsD_4y0mJ,087,72.0,42.0,0.386,0.351,0.403,0.383,,,,,,,14.341,5.909,1.0,-0.002,-0.016,,0.007
4xwsD_4y0mJ,088,72.0,44.0,0.299,0.294,0.397,0.375,,,,,,,13.677,5.215,1.0,-0.013,-0.005,,0.007
4xwsD_4y0mJ,089,72.0,41.0,0.451,0.419,0.804,0.736,,,,,,,13.845,7.121,0.9,0.035,-0.008,,0.014
4xwsD_4y0mJ,090,71.0,40.0,0.334,0.322,0.565,0.498,,,,,,,11.733,6.652,1.0,0.019,-0.013,,0.0
4xwsD_4y0mJ,091,71.0,38.0,0.205,0.196,0.214,0.214,,,,,,,10.475,5.912,0.9,-0.006,-0.016,,0.002
4xwsD_4y0mJ,092,71.0,21.0,0.345,0.335,0.303,0.247,,,,,,,7.434,6.057,0.9,0.024,-0.012,,-0.002
4xwsD_4y0mJ,093,68.0,36.0,0.298,0.27,0.768,0.711,,,,,,,14.702,5.739,1.0,0.004,-0.013,,0.006
4xwsD_4y0mJ,094,67.0,48.0,0.211,0.224,0.866,0.774,,,,,,,10.065,6.341,0.8,0.007,-0.007,,-0.005
4xwsD_4y0mJ,095,65.0,51.0,0.363,0.343,0.472,0.444,,,,,,,14.646,6.524,1.0,0.004,-0.015,,0.006
4xwsD_4y0mJ,096,63.0,31.0,0.381,0.368,0.752,0.658,,,,,,,16.581,3.144,1.0,0.007,0.0,,-0.0
4xwsD_4y0mJ,097,55.0,41.0,0.258,0.237,0.286,0.273,,,,,,,17.097,3.097,1.0,-0.002,-0.005,,0.017
4xwsD_4y0mJ,098,54.0,21.0,0.274,0.25,0.818,0.737,,,,,,,10.169,5.179,1.0,0.024,0.006,,0.002
4xwsD_4y0mJ,099,41.0,34.0,0.94,0.896,0.928,0.931,,,,,,,13.596,8.353,0.9,-0.023,-0.013,,0.029
4ydqB_4twaA,Deep,,,0.984,0.922,0.988,0.927,0.386,0.391,0.367,,,,,,,,-0.021,0.005,
4ydqB_4twaA,000,2462.0,941.0,0.423,0.43,0.866,0.845,0.01,0.01,0.018,005; 005; 001; 001; 008; 008; 004; 004; 009; 009,0.94; 0.94; 0.93; 0.93; 0.92; 0.92; 0.91; 0.91; 0.90; 0.90,0.87; 0.87; 0.86; 0.86; 0.85; 0.85; 0.83; 0.83; 0.84; 0.84,-2.648,3.269,0.3,0.006,-0.035,0.004,0.0
4ydqB_4twaA,001,1715.0,413.0,0.264,0.246,0.33,0.308,0.016,0.014,0.015,001; 001; 002; 002; 007; 007; 004; 004; 003; 003,0.97; 0.97; 0.95; 0.95; 0.94; 0.94; 0.92; 0.92; 0.90; 0.90,0.90; 0.90; 0.89; 0.89; 0.86; 0.86; 0.86; 0.86; 0.87; 0.87,-1.047,3.837,0.5,0.029,-0.037,0.0,0.005
4ydqB_4twaA,002,1485.0,359.0,0.238,0.233,0.287,0.279,0.02,0.018,0.023,001; 006; 006; 005; 004; 001; 005; 004; 003; 003,0.93; 0.93; 0.93; 0.93; 0.93; 0.93; 0.93; 0.93; 0.92; 0.92,0.86; 0.86; 0.86; 0.85; 0.86; 0.86; 0.85; 0.86; 0.86; 0.86,0.476,6.413,0.5,-0.002,-0.035,0.0,-0.005
4ydqB_4twaA,003,1195.0,399.0,0.363,0.37,0.655,0.637,0.357,0.362,0.335,001; 001; 002; 002; 005; 003; 003; 005; 004; 004,0.98; 0.98; 0.96; 0.96; 0.92; 0.92; 0.92; 0.92; 0.90; 0.90,0.92; 0.92; 0.89; 0.89; 0.88; 0.86; 0.86; 0.88; 0.83; 0.83,-1.771,2.818,0.3,0.001,-0.033,-0.0,0.001
4ydqB_4twaA,004,1068.0,337.0,0.438,0.434,0.728,0.705,0.029,0.028,0.029,001; 001; 003; 003; 006; 006; 004; 004; 007; 007,0.94; 0.94; 0.93; 0.93; 0.91; 0.91; 0.91; 0.91; 0.90; 0.89,0.87; 0.87; 0.86; 0.86; 0.85; 0.85; 0.84; 0.84; 0.84; 0.84,-1.306,3.705,0.2,0.007,-0.032,0.0,0.003
4ydqB_4twaA,005,816.0,210.0,0.243,0.233,0.537,0.534,0.03,0.028,0.027,001; 001; 005; 005; 007; 007; 008; 008; 004; 004,0.95; 0.95; 0.91; 0.91; 0.91; 0.91; 0.90; 0.90; 0.90; 0.90,0.87; 0.87; 0.84; 0.84; 0.85; 0.85; 0.84; 0.84; 0.82; 0.82,3.719,4.823,0.7,-0.002,-0.024,-0.0,0.004
4ydqB_4twaA,006,596.0,312.0,0.345,0.344,0.837,0.814,0.009,0.008,0.01,005; 004; 005; 004; 001; 002; 002; 001; 006; 006,0.94; 0.94; 0.94; 0.94; 0.93; 0.93; 0.93; 0.93; 0.92; 0.92,0.86; 0.87; 0.86; 0.87; 0.86; 0.86; 0.86; 0.86; 0.85; 0.85,2.039,5.107,0.5,0.001,-0.037,0.0,-0.002
4ydqB_4twaA,007,593.0,226.0,0.224,0.233,0.327,0.322,0.013,0.011,0.012,006; 006; 001; 001; 003; 003; 007; 007; 002; 002,0.98; 0.98; 0.97; 0.97; 0.92; 0.92; 0.76; 0.76; 0.74; 0.74,0.91; 0.91; 0.91; 0.91; 0.88; 0.88; 0.73; 0.74; 0.72; 0.72,1.304,1.986,0.8,0.01,-0.031,0.0,0.0
4ydqB_4twaA,008,589.0,198.0,0.212,0.204,0.259,0.259,0.018,0.016,0.02,001; 001; 003; 006; 006; 003; 005; 005; 002; 002,0.93; 0.93; 0.91; 0.91; 0.91; 0.91; 0.90; 0.90; 0.86; 0.86,0.87; 0.87; 0.84; 0.84; 0.84; 0.84; 0.83; 0.83; 0.83; 0.83,-1.283,4.292,0.4,-0.005,-0.035,0.0,-0.001
4ydqB_4twaA,009,575.0,199.0,0.384,0.386,0.41,0.411,0.012,0.013,0.017,001; 001; 006; 006; 007; 007; 004; 004; 005; 005,0.97; 0.97; 0.93; 0.93; 0.92; 0.92; 0.92; 0.92; 0.88; 0.88,0.91; 0.91; 0.86; 0.86; 0.86; 0.86; 0.85; 0.85; 0.82; 0.82,-2.347,3.521,0.3,0.004,-0.031,0.0,-0.001
4ydqB_4twaA,010,574.0,155.0,0.345,0.331,0.584,0.569,0.009,0.008,0.008,001; 001; 003; 004; 003; 004; 006; 006; 009; 009,0.94; 0.94; 0.93; 0.93; 0.93; 0.93; 0.92; 0.92; 0.90; 0.90,0.86; 0.86; 0.86; 0.86; 0.86; 0.86; 0.86; 0.86; 0.84; 0.84,-2.066,3.28,0.4,-0.02,-0.037,0.0,0.004
4ydqB_4twaA,011,520.0,191.0,0.347,0.35,0.411,0.402,0.03,0.027,0.027,001; 005; 005; 001; 003; 003; 008; 008; 004; 004,0.95; 0.95; 0.95; 0.95; 0.94; 0.94; 0.93; 0.93; 0.92; 0.92,0.88; 0.88; 0.88; 0.88; 0.88; 0.88; 0.86; 0.86; 0.86; 0.86,0.059,2.653,0.5,-0.011,-0.037,0.0,-0.003
4ydqB_4twaA,012,486.0,171.0,0.335,0.334,0.753,0.741,0.015,0.016,0.016,001; 006; 006; 001; 007; 002; 002; 007; 008; 008,0.93; 0.93; 0.93; 0.93; 0.92; 0.92; 0.92; 0.92; 0.91; 0.91,0.86; 0.85; 0.85; 0.86; 0.86; 0.84; 0.84; 0.86; 0.84; 0.84,-2.01,2.792,0.2,0.008,-0.034,0.0,-0.002
4ydqB_4twaA,013,452.0,223.0,0.317,0.32,0.822,0.8,0.006,0.005,0.006,001; 005; 005; 001; 006; 007; 006; 007; 003; 003,0.94; 0.94; 0.94; 0.94; 0.93; 0.93; 0.93; 0.93; 0.67; 0.67,0.86; 0.86; 0.86; 0.86; 0.86; 0.86; 0.86; 0.86; 0.62; 0.62,-2.243,5.235,0.4,0.001,-0.035,0.0,-0.003
4ydqB_4twaA,014,429.0,154.0,0.624,0.623,0.811,0.776,0.026,0.025,0.024,004; 004; 005; 005; 006; 006; 009; 009; 001; 001,0.94; 0.94; 0.93; 0.93; 0.91; 0.91; 0.88; 0.88; 0.72; 0.72,0.87; 0.87; 0.86; 0.86; 0.85; 0.85; 0.81; 0.81; 0.70; 0.70,-2.75,3.274,0.2,0.0,-0.033,0.0,0.002
4ydqB_4twaA,015,411.0,192.0,0.79,0.779,0.983,0.928,0.01,0.009,0.014,001; 001; 005; 004; 004; 005; 006; 006; 002; 002,0.94; 0.94; 0.93; 0.93; 0.93; 0.93; 0.92; 0.92; 0.83; 0.83,0.87; 0.87; 0.85; 0.86; 0.86; 0.85; 0.84; 0.84; 0.78; 0.78,0.07,6.806,0.6,-0.002,-0.037,0.0,-0.004
4ydqB_4twaA,016,399.0,146.0,0.834,0.852,0.98,0.923,0.024,0.022,0.027,008; 008; 001; 001; 002; 002; 010; 010; 003; 003,0.94; 0.94; 0.93; 0.93; 0.68; 0.68; 0.57; 0.57; 0.55; 0.55,0.86; 0.86; 0.86; 0.86; 0.64; 0.64; 0.55; 0.55; 0.54; 0.54,-2.733,2.863,0.2,0.013,-0.034,0.0,0.0
4ydqB_4twaA,017,393.0,132.0,0.28,0.272,0.495,0.485,,,,,,,-0.636,2.71,0.4,0.014,-0.034,,0.001
4ydqB_4twaA,018,387.0,211.0,0.299,0.294,0.976,0.919,,,,,,,-2.067,4.353,0.4,0.002,-0.017,,-0.0
4ydqB_4twaA,019,349.0,137.0,0.482,0.472,0.886,0.879,,,,,,,-2.044,2.753,0.2,0.006,-0.016,,-0.0
4ydqB_4twaA,020,340.0,132.0,0.33,0.329,0.661,0.656,,,,,,,1.844,3.388,0.7,0.006,-0.032,,0.0
4ydqB_4twaA,021,317.0,148.0,0.792,0.778,0.963,0.909,,,,,,,-1.291,2.546,0.2,0.002,-0.034,,0.001
4ydqB_4twaA,022,311.0,133.0,0.771,0.757,0.978,0.922,,,,,,,-0.153,3.757,0.6,-0.001,-0.033,,0.0
4ydqB_4twaA,023,291.0,78.0,0.372,0.354,0.477,0.468,,,,,,,4.235,3.562,0.8,-0.004,0.008,,0.002
4ydqB_4twaA,024,284.0,144.0,0.726,0.725,0.964,0.913,,,,,,,-0.669,2.736,0.4,-0.027,-0.036,,0.002
4ydqB_4twaA,025,276.0,20.0,0.342,0.335,0.6,0.6,,,,,,,-3.691,3.456,0.2,-0.0,-0.025,,0.0
4ydqB_4twaA,026,251.0,80.0,0.483,0.477,0.884,0.881,,,,,,,-1.859,2.711,0.4,-0.01,-0.036,,-0.002
4ydqB_4twaA,027,236.0,23.0,0.37,0.371,0.383,0.386,,,,,,,-0.437,2.243,0.6,-0.011,-0.035,,0.0
4ydqB_4twaA,028,233.0,15.0,0.243,0.241,0.512,0.503,,,,,,,-7.424,4.952,0.0,-0.01,-0.037,,0.001
4ydqB_4twaA,029,232.0,14.0,0.341,0.337,0.392,0.378,,,,,,,-3.252,3.648,0.2,-0.015,-0.037,,0.005
4ydqB_4twaA,030,227.0,105.0,0.767,0.75,0.885,0.88,,,,,,,-1.777,1.254,0.0,0.009,-0.016,,-0.0
4ydqB_4twaA,031,216.0,71.0,0.298,0.304,0.363,0.357,,,,,,,0.555,4.371,0.5,0.001,-0.016,,0.002
4ydqB_4twaA,032,216.0,7.0,0.225,0.213,0.372,0.365,,,,,,,0.421,2.355,0.5,0.016,-0.037,,-0.008
4ydqB_4twaA,033,204.0,53.0,0.245,0.223,0.409,0.418,,,,,,,-2.166,1.956,0.1,0.013,-0.036,,-0.003
4ydqB_4twaA,034,203.0,84.0,0.539,0.52,0.841,0.826,,,,,,,-1.725,2.042,0.3,0.005,-0.037,,-0.002
4ydqB_4twaA,035,192.0,67.0,0.311,0.318,0.353,0.345,,,,,,,-0.261,2.997,0.4,0.013,-0.035,,-0.009
4ydqB_4twaA,036,190.0,50.0,0.214,0.208,0.566,0.564,,,,,,,-1.412,4.157,0.4,0.002,-0.037,,0.007
4ydqB_4twaA,037,184.0,21.0,0.219,0.214,0.442,0.438,,,,,,,-0.421,2.507,0.4,0.001,-0.03,,0.006
4ydqB_4twaA,038,179.0,28.0,0.295,0.291,0.329,0.333,,,,,,,-0.889,4.924,0.4,-0.009,-0.017,,-0.004
4ydqB_4twaA,039,178.0,51.0,0.32,0.314,0.598,0.59,,,,,,,2.354,4.676,0.6,-0.004,-0.014,,-0.002
4ydqB_4twaA,040,163.0,60.0,0.681,0.655,0.971,0.923,,,,,,,-0.443,2.565,0.4,0.002,-0.033,,0.001
4ydqB_4twaA,041,160.0,37.0,0.272,0.267,0.621,0.62,,,,,,,1.478,5.21,0.5,-0.001,0.012,,-0.001
4ydqB_4twaA,042,159.0,55.0,0.28,0.284,0.331,0.323,,,,,,,-3.072,2.335,0.0,-0.018,-0.037,,-0.002
4ydqB_4twaA,043,156.0,71.0,0.492,0.493,0.957,0.917,,,,,,,-2.839,3.123,0.2,-0.004,-0.034,,0.003
4ydqB_4twaA,044,140.0,65.0,0.344,0.333,0.404,0.387,,,,,,,-0.839,3.505,0.3,0.005,-0.035,,0.004
4ydqB_4twaA,045,138.0,36.0,0.24,0.215,0.204,0.194,,,,,,,-1.526,2.697,0.3,0.005,-0.037,,-0.005
4ydqB_4twaA,046,137.0,59.0,0.613,0.605,0.823,0.804,,,,,,,-0.06,2.991,0.6,-0.013,-0.037,,-0.002
4ydqB_4twaA,047,129.0,26.0,0.224,0.22,0.236,0.249,,,,,,,-4.057,3.031,0.1,-0.007,-0.031,,-0.006
4ydqB_4twaA,048,128.0,33.0,0.343,0.329,0.57,0.555,,,,,,,-0.498,2.23,0.3,0.02,-0.033,,-0.004
4ydqB_4twaA,049,119.0,45.0,0.371,0.369,0.637,0.624,,,,,,,-0.53,2.917,0.4,0.004,-0.035,,-0.0
4ydqB_4twaA,050,116.0,58.0,0.336,0.325,0.8,0.781,,,,,,,1.697,5.577,0.5,0.007,-0.034,,0.002
4ydqB_4twaA,051,112.0,22.0,0.408,0.402,0.669,0.658,,,,,,,-0.966,2.742,0.3,-0.0,-0.037,,0.003
4ydqB_4twaA,052,103.0,45.0,0.303,0.298,0.79,0.781,,,,,,,-0.521,2.232,0.4,0.002,-0.031,,-0.001
4ydqB_4twaA,053,101.0,36.0,0.194,0.203,0.231,0.235,,,,,,,-2.213,3.867,0.3,-0.005,-0.037,,-0.002
4ydqB_4twaA,054,101.0,10.0,0.258,0.247,0.384,0.37,,,,,,,-1.571,2.354,0.4,-0.001,-0.035,,-0.002
4ydqB_4twaA,055,98.0,23.0,0.473,0.484,0.966,0.921,,,,,,,-1.04,3.532,0.6,-0.006,-0.033,,-0.002
4ydqB_4twaA,056,96.0,37.0,0.376,0.367,0.501,0.494,,,,,,,0.745,5.011,0.5,-0.002,-0.032,,-0.003
4ydqB_4twaA,057,92.0,21.0,0.238,0.237,0.536,0.516,,,,,,,-2.396,3.98,0.3,-0.001,-0.035,,-0.003
4ydqB_4twaA,058,90.0,40.0,0.202,0.206,0.323,0.329,,,,,,,-0.54,2.89,0.3,0.002,-0.037,,0.0
4ydqB_4twaA,059,89.0,44.0,0.512,0.501,0.798,0.792,,,,,,,-1.4,5.261,0.4,0.009,-0.037,,-0.002
4ydqB_4twaA,060,87.0,79.0,0.628,0.617,0.946,0.911,,,,,,,-1.062,2.525,0.6,-0.023,-0.021,,-0.0
4ydqB_4twaA,061,87.0,38.0,0.492,0.48,0.77,0.77,,,,,,,-0.072,4.963,0.4,0.008,-0.031,,-0.062
4ydqB_4twaA,062,87.0,16.0,0.298,0.301,0.552,0.552,,,,,,,-0.541,3.228,0.4,0.003,-0.036,,-0.002
4ydqB_4twaA,063,86.0,17.0,0.324,0.316,0.727,0.722,,,,,,,-4.673,3.533,0.1,-0.003,-0.037,,0.0
4ydqB_4twaA,064,83.0,39.0,0.395,0.393,0.832,0.837,,,,,,,-1.801,1.983,0.2,-0.038,-0.036,,-0.0
4ydqB_4twaA,065,81.0,38.0,0.799,0.783,0.969,0.913,,,,,,,-1.893,2.143,0.1,-0.004,-0.02,,-0.001
4ydqB_4twaA,066,81.0,26.0,0.284,0.283,0.362,0.356,,,,,,,-1.73,2.656,0.2,0.015,-0.036,,-0.005
4ydqB_4twaA,067,81.0,22.0,0.371,0.361,0.448,0.446,,,,,,,-3.635,3.352,0.0,0.006,-0.036,,0.004
4ydqB_4twaA,068,76.0,35.0,0.386,0.383,0.459,0.451,,,,,,,-2.079,2.005,0.2,-0.0,-0.037,,0.001
4ydqB_4twaA,069,75.0,40.0,0.426,0.404,0.852,0.834,,,,,,,0.304,2.561,0.5,-0.003,-0.037,,-0.003
4ydqB_4twaA,070,73.0,9.0,0.228,0.246,0.462,0.454,,,,,,,-0.269,1.612,0.5,-0.002,-0.032,,0.0
4ydqB_4twaA,071,73.0,19.0,0.269,0.275,0.69,0.673,,,,,,,-1.397,2.59,0.3,-0.001,-0.034,,-0.006
4ydqB_4twaA,072,70.0,28.0,0.446,0.436,0.919,0.867,,,,,,,-0.76,4.401,0.3,-0.007,-0.037,,0.003
4ydqB_4twaA,073,68.0,29.0,0.357,0.347,0.688,0.676,,,,,,,-0.41,3.266,0.3,-0.016,-0.014,,-0.002
4ydqB_4twaA,074,67.0,27.0,0.207,0.197,0.303,0.307,,,,,,,-2.057,1.927,0.1,0.008,-0.033,,-0.006
4ydqB_4twaA,075,64.0,42.0,0.237,0.239,0.425,0.421,,,,,,,-3.615,3.536,0.3,-0.019,-0.036,,-0.009
4ydqB_4twaA,076,62.0,19.0,0.381,0.388,0.493,0.495,,,,,,,-4.417,3.916,0.1,0.002,-0.026,,-0.003
4ydqB_4twaA,077,59.0,26.0,0.331,0.317,0.878,0.846,,,,,,,0.207,2.271,0.5,-0.008,-0.037,,-0.006
4ydqB_4twaA,078,56.0,23.0,0.453,0.44,0.792,0.78,,,,,,,0.982,2.636,0.6,0.002,-0.036,,-0.0
4ydqB_4twaA,079,55.0,15.0,0.291,0.292,0.442,0.448,,,,,,,-4.09,1.936,0.0,-0.009,-0.033,,0.002
4ydqB_4twaA,080,55.0,14.0,0.365,0.359,0.47,0.463,,,,,,,-1.739,2.436,0.3,0.002,-0.03,,0.002
4ydqB_4twaA,081,54.0,10.0,0.298,0.306,0.457,0.455,,,,,,,-0.638,1.78,0.4,-0.037,-0.032,,0.004
4ydqB_4twaA,082,53.0,10.0,0.23,0.243,0.22,0.247,,,,,,,1.041,3.701,0.7,-0.004,-0.029,,0.005
4ydqB_4twaA,083,52.0,24.0,0.354,0.354,0.847,0.807,,,,,,,-1.173,3.453,0.4,-0.005,-0.037,,0.001
4ydqB_4twaA,084,51.0,31.0,0.28,0.273,0.567,0.557,,,,,,,-5.223,3.81,0.1,0.005,-0.037,,-0.005
4ydqB_4twaA,085,51.0,41.0,0.732,0.718,0.851,0.836,,,,,,,-2.516,2.307,0.2,-0.001,-0.03,,0.0
4ydqB_4twaA,086,50.0,22.0,0.356,0.351,0.366,0.365,,,,,,,0.003,3.259,0.6,0.004,-0.037,,0.001
4ydqB_4twaA,087,47.0,30.0,0.677,0.672,0.956,0.91,,,,,,,-2.257,4.566,0.3,0.021,-0.035,,0.002
4ydqB_4twaA,088,43.0,8.0,0.339,0.352,0.678,0.658,,,,,,,-2.604,2.605,0.3,0.003,-0.031,,0.0
4ydqB_4twaA,089,42.0,16.0,0.26,0.27,0.784,0.773,,,,,,,-2.308,3.004,0.2,0.002,-0.032,,0.003
4ydqB_4twaA,090,41.0,9.0,0.368,0.349,0.439,0.429,,,,,,,-5.059,2.905,0.0,0.002,-0.034,,0.001
4ydqB_4twaA,091,39.0,8.0,0.376,0.38,0.385,0.388,,,,,,,-1.916,3.234,0.3,-0.015,-0.032,,0.003
4ydqB_4twaA,092,38.0,16.0,0.363,0.354,0.476,0.466,,,,,,,0.551,3.212,0.5,0.007,-0.037,,0.001
4ydqB_4twaA,093,28.0,17.0,0.432,0.423,0.894,0.836,,,,,,,-0.878,3.196,0.2,0.009,-0.036,,0.002
4ydqB_4twaA,094,24.0,18.0,0.333,0.322,0.497,0.479,,,,,,,-2.256,1.841,0.2,0.037,-0.033,,-0.004
4ydqB_4twaA,095,23.0,17.0,0.328,0.325,0.817,0.8,,,,,,,-1.136,2.538,0.3,-0.0,-0.031,,-0.003
4ydqB_4twaA,096,22.0,10.0,0.306,0.297,0.748,0.729,,,,,,,-2.56,1.516,0.1,-0.018,-0.037,,-0.003
4ydqB_4twaA,097,22.0,15.0,0.597,0.583,0.85,0.838,,,,,,,-2.447,2.311,0.2,0.004,-0.036,,0.002
4ydqB_4twaA,098,21.0,16.0,0.541,0.525,0.573,0.558,,,,,,,-2.375,1.855,0.1,0.004,-0.007,,0.002
4ydqB_4twaA,099,20.0,15.0,0.629,0.624,0.799,0.776,,,,,,,-2.404,1.89,0.1,-0.002,-0.035,,0.002
4yhdG_7ahlE,Deep,,,0.964,0.784,0.985,0.791,0.286,0.29,0.322,,,,,,,,0.004,0.0,
4yhdG_7ahlE,000,58.0,5.0,0.245,0.208,0.288,0.28,0.2,0.201,0.229,002; 002; 001; 001; 010; 004; 004; 009; 003; 003,0.86; 0.86; 0.83; 0.82; 0.79; 0.79; 0.79; 0.78; 0.78; 0.78,0.71; 0.71; 0.69; 0.68; 0.68; 0.65; 0.66; 0.69; 0.68; 0.68,-13.935,3.584,0.0,0.016,0.004,0.0,0.007
4yhdG_7ahlE,001,44.0,6.0,0.778,0.695,0.859,0.782,0.003,0.003,0.02,003; 003; 005; 008; 008; 005; 009; 009; 001; 001,0.84; 0.84; 0.82; 0.81; 0.81; 0.80; 0.78; 0.78; 0.75; 0.74,0.69; 0.69; 0.68; 0.69; 0.68; 0.70; 0.69; 0.69; 0.65; 0.64,-6.254,4.079,0.1,0.01,-0.007,0.0,0.042
4yhdG_7ahlE,002,36.0,6.0,0.623,0.579,0.769,0.709,,,,,,,-8.371,5.356,0.1,0.091,0.004,,0.04
4yhdG_7ahlE,003,36.0,10.0,0.632,0.61,0.665,0.633,,,,,,,-8.63,2.925,0.0,0.019,-0.002,,0.01
4yhdG_7ahlE,004,34.0,9.0,0.493,0.464,0.635,0.602,,,,,,,-4.286,3.078,0.1,0.015,0.002,,0.022
4yhdG_7ahlE,005,32.0,6.0,0.447,0.395,0.405,0.37,,,,,,,-9.095,3.475,0.0,-0.021,0.008,,0.023
4yhdG_7ahlE,006,31.0,7.0,0.517,0.49,0.529,0.502,,,,,,,-7.905,5.013,0.0,0.012,0.007,,0.01
4yhdG_7ahlE,007,26.0,7.0,0.31,0.303,0.547,0.514,,,,,,,-7.288,3.589,0.0,0.009,0.004,,0.026
4yhdG_7ahlE,008,24.0,3.0,0.421,0.377,0.609,0.476,,,,,,,-8.263,2.594,0.0,0.047,-0.002,,0.03
4yhdG_7ahlE,009,24.0,9.0,0.477,0.437,0.603,0.573,,,,,,,-7.585,4.321,0.1,0.018,0.002,,0.003
4yhdG_7ahlE,010,,,0.383,0.353,0.272,0.239,,,,,,,-3.813,3.252,0.0,0.016,0.002,,0.02
4yhdG_7ahlE,011,23.0,5.0,0.305,0.26,0.307,0.297,,,,,,,-1.118,2.319,0.4,0.008,-0.001,,0.034
4yhdG_7ahlE,012,20.0,1.0,0.264,0.262,0.264,0.256,,,,,,,-8.138,2.255,0.0,0.039,0.005,,0.029
4yhdG_7ahlE,013,20.0,2.0,0.49,0.457,0.528,0.496,,,,,,,-11.014,2.351,0.0,0.026,0.003,,0.02
4yhdG_7ahlE,014,20.0,4.0,0.495,0.461,0.782,0.737,,,,,,,-2.102,1.565,0.1,-0.099,-0.001,,0.045
4zrbH_4zrbC,Deep,,,0.91,0.985,0.908,0.988,0.557,0.563,0.534,,,,,,,,0.05,0.012,
4zrbH_4zrbC,000,226.0,72.0,0.638,0.657,0.565,0.566,0.221,0.22,0.219,001; 007; 007; 001; 008; 008; 004; 002; 002; 003,0.90; 0.90; 0.90; 0.90; 0.87; 0.87; 0.86; 0.86; 0.86; 0.86,0.87; 0.88; 0.88; 0.87; 0.86; 0.86; 0.85; 0.83; 0.83; 0.84,0.875,2.888,0.7,0.0,-0.018,0.0,0.0
4zrbH_4zrbC,001,161.0,96.0,0.676,0.666,0.764,0.74,0.237,0.235,0.234,002; 002; 005; 005; 004; 004; 001; 001; 008; 008,0.93; 0.93; 0.90; 0.90; 0.87; 0.87; 0.84; 0.84; 0.82; 0.82,0.90; 0.90; 0.87; 0.87; 0.85; 0.85; 0.86; 0.86; 0.84; 0.84,2.527,1.078,1.0,0.0,-0.005,0.0,0.0
4zrbH_4zrbC,002,121.0,70.0,0.531,0.521,0.548,0.539,0.222,0.216,0.219,003; 003; 004; 006; 006; 004; 002; 002; 007; 007,0.90; 0.90; 0.89; 0.89; 0.89; 0.89; 0.88; 0.88; 0.87; 0.87,0.88; 0.88; 0.88; 0.86; 0.86; 0.88; 0.85; 0.85; 0.86; 0.86,1.027,2.256,0.7,0.0,0.001,0.0,0.0
4zrbH_4zrbC,003,108.0,53.0,0.665,0.667,0.804,0.801,0.01,0.009,0.018,004; 004; 001; 001; 005; 005; 010; 002; 002; 010,0.90; 0.90; 0.88; 0.88; 0.86; 0.86; 0.82; 0.82; 0.82; 0.82,0.88; 0.88; 0.86; 0.86; 0.84; 0.84; 0.83; 0.82; 0.82; 0.83,2.445,2.206,0.8,0.0,0.054,0.0,0.0
4zrbH_4zrbC,004,107.0,70.0,0.803,0.804,0.836,0.835,0.115,0.111,0.104,001; 001; 002; 002; 009; 003; 003; 009; 004; 004,0.89; 0.89; 0.86; 0.86; 0.84; 0.84; 0.84; 0.83; 0.82; 0.82,0.87; 0.87; 0.83; 0.83; 0.85; 0.85; 0.85; 0.85; 0.83; 0.83,1.97,1.673,0.9,0.0,0.05,0.0,0.0
4zrbH_4zrbC,005,102.0,36.0,0.579,0.586,0.707,0.714,0.467,0.464,0.442,001; 003; 001; 003; 002; 008; 008; 002; 010; 010,0.89; 0.89; 0.89; 0.89; 0.88; 0.88; 0.88; 0.88; 0.87; 0.87,0.86; 0.88; 0.86; 0.88; 0.87; 0.87; 0.87; 0.87; 0.84; 0.84,1.978,1.214,1.0,0.0,-0.028,0.0,0.0
4zrbH_4zrbC,006,101.0,9.0,0.559,0.57,0.747,0.744,0.013,0.012,0.023,002; 004; 004; 002; 001; 003; 001; 003; 010; 010,0.88; 0.88; 0.88; 0.88; 0.87; 0.87; 0.87; 0.87; 0.86; 0.86,0.85; 0.85; 0.85; 0.85; 0.87; 0.86; 0.87; 0.86; 0.84; 0.84,3.056,1.293,1.0,0.0,-0.013,0.0,0.0
4zrbH_4zrbC,007,100.0,65.0,0.415,0.419,0.616,0.634,0.01,0.009,0.022,006; 005; 005; 006; 002; 002; 001; 001; 003; 003,0.88; 0.88; 0.88; 0.88; 0.87; 0.87; 0.86; 0.86; 0.83; 0.83,0.86; 0.87; 0.87; 0.86; 0.83; 0.83; 0.84; 0.84; 0.83; 0.83,0.586,2.559,0.6,0.0,0.049,0.0,0.0
4zrbH_4zrbC,008,99.0,55.0,0.704,0.724,0.696,0.714,0.044,0.048,0.046,003; 003; 002; 002; 010; 010; 001; 001; 005; 004,0.90; 0.90; 0.90; 0.90; 0.89; 0.89; 0.85; 0.85; 0.83; 0.83,0.89; 0.89; 0.87; 0.87; 0.90; 0.90; 0.87; 0.87; 0.85; 0.85,2.208,1.809,1.0,0.0,0.041,0.0,0.0
4zrbH_4zrbC,009,90.0,61.0,0.822,0.804,0.836,0.822,0.005,0.005,0.009,008; 008; 001; 007; 007; 001; 002; 002; 003; 003,0.87; 0.87; 0.85; 0.85; 0.85; 0.85; 0.84; 0.84; 0.68; 0.68,0.88; 0.88; 0.84; 0.85; 0.85; 0.84; 0.84; 0.84; 0.67; 0.67,2.516,1.721,0.9,0.0,0.05,0.0,0.0
4zrbH_4zrbC,010,82.0,47.0,0.74,0.748,0.794,0.787,0.052,0.056,0.054,004; 004; 006; 006; 003; 003; 001; 007; 001; 007,0.82; 0.82; 0.79; 0.79; 0.77; 0.77; 0.76; 0.76; 0.76; 0.76,0.84; 0.84; 0.79; 0.79; 0.79; 0.79; 0.78; 0.78; 0.78; 0.78,1.239,2.613,0.8,0.0,0.013,0.0,0.0
4zrbH_4zrbC,011,81.0,28.0,0.427,0.429,0.744,0.749,0.327,0.322,0.297,001; 003; 001; 003; 002; 002; 007; 004; 004; 007,0.90; 0.90; 0.90; 0.90; 0.89; 0.89; 0.87; 0.87; 0.87; 0.87,0.87; 0.87; 0.87; 0.87; 0.87; 0.87; 0.88; 0.85; 0.85; 0.88,1.453,1.487,0.8,0.0,0.043,0.0,0.0
4zrbH_4zrbC,012,81.0,46.0,0.453,0.431,0.46,0.431,0.089,0.084,0.08,002; 002; 006; 005; 006; 005; 004; 004; 001; 001,0.88; 0.88; 0.87; 0.87; 0.87; 0.87; 0.85; 0.85; 0.83; 0.83,0.87; 0.87; 0.87; 0.88; 0.87; 0.88; 0.85; 0.85; 0.85; 0.85,2.695,1.812,1.0,0.0,0.024,0.0,0.0
4zrbH_4zrbC,013,74.0,47.0,0.699,0.692,0.825,0.825,0.407,0.4,0.374,001; 001; 003; 003; 009; 006; 006; 009; 002; 005,0.94; 0.94; 0.91; 0.91; 0.89; 0.89; 0.89; 0.89; 0.87; 0.87,0.93; 0.93; 0.89; 0.89; 0.86; 0.87; 0.87; 0.86; 0.89; 0.85,1.681,2.936,0.7,0.0,0.022,0.0,0.0
4zrbH_4zrbC,014,73.0,17.0,0.579,0.581,0.475,0.484,0.019,0.018,0.018,002; 002; 005; 005; 007; 004; 007; 004; 001; 001,0.90; 0.90; 0.89; 0.89; 0.88; 0.88; 0.88; 0.88; 0.86; 0.86,0.87; 0.87; 0.87; 0.87; 0.87; 0.87; 0.87; 0.87; 0.86; 0.86,1.81,2.146,0.9,0.0,0.031,0.0,0.0
4zrbH_4zrbC,015,71.0,40.0,0.735,0.755,0.785,0.79,0.458,0.46,0.425,001; 001; 003; 002; 004; 003; 004; 002; 010; 006,0.90; 0.90; 0.87; 0.87; 0.87; 0.87; 0.87; 0.87; 0.86; 0.86,0.87; 0.87; 0.86; 0.86; 0.85; 0.86; 0.85; 0.86; 0.85; 0.85,2.756,1.415,1.0,0.0,0.003,0.0,0.0
4zrbH_4zrbC,016,71.0,31.0,0.614,0.623,0.726,0.741,0.024,0.024,0.036,003; 003; 006; 006; 001; 004; 001; 004; 002; 002,0.89; 0.89; 0.88; 0.88; 0.87; 0.87; 0.87; 0.87; 0.85; 0.85,0.88; 0.88; 0.84; 0.84; 0.87; 0.85; 0.87; 0.85; 0.83; 0.83,2.73,1.69,1.0,0.0,-0.03,0.0,0.0
4zrbH_4zrbC,017,70.0,41.0,0.854,0.858,0.879,0.858,0.016,0.015,0.014,003; 003; 008; 007; 007; 008; 001; 004; 001; 004,0.91; 0.91; 0.91; 0.91; 0.91; 0.91; 0.89; 0.89; 0.89; 0.89,0.89; 0.89; 0.88; 0.89; 0.89; 0.88; 0.88; 0.87; 0.88; 0.87,1.619,1.898,0.8,0.0,-0.017,0.0,0.0
4zrbH_4zrbC,018,68.0,45.0,0.793,0.767,0.803,0.784,0.015,0.015,0.019,006; 006; 005; 005; 007; 007; 001; 004; 001; 004,0.90; 0.90; 0.89; 0.89; 0.88; 0.88; 0.86; 0.86; 0.86; 0.86,0.88; 0.88; 0.87; 0.87; 0.88; 0.88; 0.84; 0.85; 0.84; 0.85,2.308,1.421,0.9,0.0,0.014,0.0,0.0
4zrbH_4zrbC,019,68.0,38.0,0.92,0.889,0.916,0.911,0.005,0.005,0.005,005; 005; 003; 003; 007; 007; 001; 009; 004; 001,0.90; 0.90; 0.87; 0.87; 0.87; 0.87; 0.86; 0.86; 0.86; 0.86,0.87; 0.87; 0.84; 0.84; 0.85; 0.85; 0.86; 0.86; 0.85; 0.86,0.244,1.655,0.6,0.0,0.053,0.0,0.0
4zrbH_4zrbC,020,68.0,37.0,0.806,0.772,0.857,0.839,0.243,0.237,0.239,001; 001; 003; 003; 002; 005; 002; 005; 004; 004,0.90; 0.90; 0.89; 0.89; 0.88; 0.88; 0.88; 0.88; 0.85; 0.85,0.87; 0.87; 0.88; 0.88; 0.88; 0.86; 0.88; 0.86; 0.84; 0.84,3.37,1.037,1.0,0.0,-0.033,0.0,0.0
4zrbH_4zrbC,021,68.0,27.0,0.634,0.65,0.834,0.821,,,,,,,-0.175,1.582,0.6,0.0,-0.062,,0.0
4zrbH_4zrbC,022,66.0,17.0,0.591,0.59,0.77,0.782,,,,,,,2.881,2.421,0.9,0.0,0.047,,0.0
4zrbH_4zrbC,023,66.0,21.0,0.668,0.68,0.801,0.804,,,,,,,1.045,0.949,0.8,0.0,0.022,,0.0
4zrbH_4zrbC,024,63.0,37.0,0.807,0.819,0.89,0.877,,,,,,,2.789,2.58,0.7,0.0,0.052,,0.0
4zrbH_4zrbC,025,62.0,14.0,0.411,0.381,0.441,0.42,,,,,,,2.156,1.382,1.0,0.0,0.053,,0.0
4zrbH_4zrbC,026,62.0,5.0,0.395,0.377,0.437,0.444,,,,,,,2.723,1.602,0.9,0.0,0.004,,0.0
4zrbH_4zrbC,027,62.0,49.0,0.73,0.724,0.85,0.837,,,,,,,1.494,1.865,0.8,0.0,0.047,,0.0
4zrbH_4zrbC,028,61.0,38.0,0.315,0.311,0.319,0.32,,,,,,,0.797,4.049,0.5,0.0,0.058,,0.0
4zrbH_4zrbC,029,61.0,21.0,0.441,0.459,0.437,0.442,,,,,,,2.677,1.018,1.0,0.0,0.064,,0.0
4zrbH_4zrbC,030,60.0,22.0,0.814,0.786,0.864,0.831,,,,,,,0.361,3.648,0.7,0.0,0.031,,0.0
4zrbH_4zrbC,031,59.0,14.0,0.785,0.779,0.784,0.78,,,,,,,3.276,1.544,0.9,0.0,0.02,,0.0
4zrbH_4zrbC,032,59.0,26.0,0.391,0.394,0.424,0.326,,,,,,,1.561,1.571,0.8,0.0,-0.046,,0.0
4zrbH_4zrbC,033,57.0,9.0,0.793,0.784,0.823,0.798,,,,,,,4.488,1.56,1.0,0.0,-0.06,,0.0
4zrbH_4zrbC,034,55.0,21.0,0.667,0.675,0.674,0.684,,,,,,,1.229,1.266,0.8,0.0,0.046,,0.0
4zrbH_4zrbC,035,53.0,21.0,0.496,0.502,0.664,0.675,,,,,,,1.956,1.996,0.9,0.0,-0.015,,0.0
4zrbH_4zrbC,036,53.0,16.0,0.674,0.687,0.692,0.705,,,,,,,3.843,1.491,1.0,0.0,-0.024,,0.0
4zrbH_4zrbC,037,53.0,29.0,0.357,0.368,0.563,0.542,,,,,,,1.292,1.004,0.9,0.0,-0.013,,0.0
4zrbH_4zrbC,038,52.0,35.0,0.462,0.474,0.719,0.726,,,,,,,1.825,1.837,0.8,0.0,0.053,,0.0
4zrbH_4zrbC,039,51.0,25.0,0.428,0.434,0.474,0.473,,,,,,,2.965,1.269,1.0,0.0,0.051,,0.0
4zrbH_4zrbC,040,50.0,21.0,0.298,0.28,0.312,0.319,,,,,,,2.215,1.083,1.0,0.0,0.045,,0.0
4zrbH_4zrbC,041,50.0,26.0,0.528,0.553,0.625,0.621,,,,,,,2.553,1.66,1.0,0.0,0.036,,0.0
4zrbH_4zrbC,042,50.0,25.0,0.633,0.638,0.74,0.734,,,,,,,3.682,2.574,0.9,0.0,0.064,,0.0
4zrbH_4zrbC,043,48.0,30.0,0.405,0.414,0.331,0.321,,,,,,,2.997,0.877,1.0,0.0,0.056,,0.0
4zrbH_4zrbC,044,48.0,15.0,0.477,0.479,0.732,0.752,,,,,,,2.514,1.822,0.9,0.0,0.056,,0.0
4zrbH_4zrbC,045,48.0,33.0,0.564,0.53,0.58,0.549,,,,,,,2.439,1.354,1.0,0.0,0.059,,0.0
4zrbH_4zrbC,046,47.0,33.0,0.354,0.34,0.395,0.371,,,,,,,0.966,3.835,0.8,0.0,0.057,,0.0
4zrbH_4zrbC,047,47.0,9.0,0.588,0.586,0.763,0.764,,,,,,,2.242,0.983,1.0,0.0,0.013,,0.0
4zrbH_4zrbC,048,47.0,11.0,0.484,0.487,0.591,0.596,,,,,,,1.249,2.124,0.8,0.0,0.042,,0.0
4zrbH_4zrbC,049,47.0,16.0,0.486,0.484,0.587,0.616,,,,,,,1.997,2.959,0.8,0.0,-0.026,,0.0
4zrbH_4zrbC,050,46.0,26.0,0.409,0.382,0.407,0.39,,,,,,,2.611,2.461,0.9,0.0,0.053,,0.0
4zrbH_4zrbC,051,45.0,25.0,0.501,0.527,0.872,0.868,,,,,,,1.086,2.5,0.8,0.0,0.061,,0.0
4zrbH_4zrbC,052,45.0,22.0,0.757,0.743,0.787,0.773,,,,,,,1.873,1.551,0.9,0.0,0.007,,0.0
4zrbH_4zrbC,053,44.0,11.0,0.782,0.77,0.657,0.67,,,,,,,4.169,1.06,1.0,0.0,0.018,,0.0
4zrbH_4zrbC,054,44.0,21.0,0.663,0.671,0.746,0.754,,,,,,,2.585,1.601,1.0,0.0,-0.06,,0.0
4zrbH_4zrbC,055,44.0,27.0,0.671,0.643,0.813,0.799,,,,,,,2.561,2.954,0.8,0.0,-0.036,,0.0
4zrbH_4zrbC,056,43.0,19.0,0.371,0.385,0.468,0.487,,,,,,,1.597,2.379,0.9,0.0,0.04,,0.0
4zrbH_4zrbC,057,42.0,36.0,0.921,0.917,0.921,0.896,,,,,,,1.697,1.407,0.9,0.0,-0.046,,0.0
4zrbH_4zrbC,058,42.0,21.0,0.594,0.604,0.773,0.782,,,,,,,2.794,1.121,1.0,0.0,0.0,,0.0
4zrbH_4zrbC,059,41.0,21.0,0.701,0.681,0.612,0.605,,,,,,,3.398,1.01,1.0,0.0,0.059,,0.0
4zrbH_4zrbC,060,41.0,20.0,0.455,0.465,0.489,0.497,,,,,,,0.981,1.786,0.8,0.0,0.053,,0.0
4zrbH_4zrbC,061,40.0,23.0,0.711,0.716,0.784,0.778,,,,,,,-0.673,3.469,0.5,0.0,0.054,,0.0
4zrbH_4zrbC,062,40.0,13.0,0.735,0.74,0.755,0.766,,,,,,,2.3,1.325,1.0,0.0,0.022,,0.0
4zrbH_4zrbC,063,40.0,17.0,0.473,0.48,0.557,0.567,,,,,,,2.145,1.258,0.9,0.0,0.038,,0.0
4zrbH_4zrbC,064,40.0,22.0,0.761,0.785,0.783,0.777,,,,,,,2.258,2.256,0.8,0.0,-0.054,,0.0
4zrbH_4zrbC,065,39.0,15.0,0.361,0.364,0.62,0.627,,,,,,,1.652,1.494,0.9,0.0,0.051,,0.0
4zrbH_4zrbC,066,39.0,8.0,0.666,0.685,0.719,0.737,,,,,,,-1.198,3.527,0.2,0.0,0.044,,0.0
4zrbH_4zrbC,067,38.0,15.0,0.497,0.5,0.743,0.757,,,,,,,1.071,2.496,0.7,0.0,0.059,,0.0
4zrbH_4zrbC,068,37.0,18.0,0.561,0.581,0.477,0.502,,,,,,,-0.239,3.701,0.5,0.0,0.036,,0.0
4zrbH_4zrbC,069,36.0,26.0,0.928,0.913,0.908,0.903,,,,,,,2.288,1.324,1.0,0.0,0.061,,0.0
4zrbH_4zrbC,070,35.0,19.0,0.372,0.385,0.238,0.245,,,,,,,1.878,1.995,0.9,0.0,0.041,,0.0
4zrbH_4zrbC,071,35.0,3.0,0.343,0.361,0.371,0.381,,,,,,,3.876,0.692,1.0,0.0,-0.017,,0.0
4zrbH_4zrbC,072,35.0,23.0,0.719,0.729,0.781,0.787,,,,,,,3.32,1.324,1.0,0.0,-0.023,,0.0
4zrbH_4zrbC,073,35.0,13.0,0.796,0.803,0.83,0.848,,,,,,,1.131,1.839,0.7,0.0,-0.018,,0.0
4zrbH_4zrbC,074,35.0,21.0,0.645,0.641,0.784,0.781,,,,,,,2.31,1.271,0.9,0.0,0.02,,0.0
4zrbH_4zrbC,075,34.0,18.0,0.37,0.337,0.373,0.366,,,,,,,-1.304,1.924,0.3,0.0,0.038,,0.0
4zrbH_4zrbC,076,34.0,1.0,0.433,0.446,0.345,0.355,,,,,,,3.71,1.331,1.0,0.0,0.007,,0.0
4zrbH_4zrbC,077,34.0,14.0,0.504,0.515,0.712,0.727,,,,,,,2.088,1.309,0.9,0.0,-0.004,,0.0
4zrbH_4zrbC,078,34.0,16.0,0.529,0.539,0.429,0.435,,,,,,,3.213,1.774,1.0,0.0,0.027,,0.0
4zrbH_4zrbC,079,34.0,12.0,0.787,0.775,0.816,0.802,,,,,,,1.52,1.676,0.8,0.0,-0.022,,0.0
4zrbH_4zrbC,080,34.0,15.0,0.454,0.473,0.508,0.517,,,,,,,-2.861,3.731,0.2,0.0,0.004,,0.0
4zrbH_4zrbC,081,33.0,23.0,0.946,0.915,0.94,0.908,,,,,,,3.025,1.238,1.0,0.0,0.062,,0.0
4zrbH_4zrbC,082,33.0,10.0,0.639,0.648,0.541,0.542,,,,,,,1.709,2.324,0.7,0.0,-0.047,,0.0
4zrbH_4zrbC,083,32.0,12.0,0.519,0.528,0.83,0.838,,,,,,,2.304,1.38,0.8,0.0,0.006,,0.0
4zrbH_4zrbC,084,31.0,17.0,0.667,0.668,0.376,0.389,,,,,,,2.9,1.635,1.0,0.0,0.047,,0.0
4zrbH_4zrbC,085,31.0,12.0,0.546,0.504,0.849,0.826,,,,,,,1.558,1.315,0.9,0.0,0.028,,0.0
4zrbH_4zrbC,086,30.0,18.0,0.277,0.309,0.452,0.414,,,,,,,2.403,1.172,0.9,0.0,0.032,,0.0
4zrbH_4zrbC,087,29.0,9.0,0.441,0.446,0.662,0.682,,,,,,,2.749,0.59,1.0,0.0,-0.026,,0.0
4zrbH_4zrbC,088,29.0,8.0,0.604,0.609,0.75,0.764,,,,,,,0.023,2.134,0.4,0.0,0.033,,0.0
4zrbH_4zrbC,089,28.0,18.0,0.795,0.759,0.833,0.796,,,,,,,2.665,1.079,1.0,0.0,0.031,,0.0
4zrbH_4zrbC,090,27.0,22.0,0.43,0.389,0.452,0.412,,,,,,,2.445,1.499,1.0,0.0,0.04,,0.0
4zrbH_4zrbC,091,27.0,15.0,0.578,0.574,0.619,0.642,,,,,,,0.779,1.445,0.5,0.0,-0.041,,0.0
4zrbH_4zrbC,092,27.0,19.0,0.36,0.369,0.364,0.372,,,,,,,1.976,1.265,0.9,0.0,0.063,,0.0
4zrbH_4zrbC,093,27.0,12.0,0.664,0.652,0.882,0.844,,,,,,,2.555,1.837,0.9,0.0,-0.062,,0.0
4zrbH_4zrbC,094,27.0,13.0,0.868,0.864,0.785,0.755,,,,,,,1.706,1.008,0.9,0.0,-0.057,,0.0
4zrbH_4zrbC,095,27.0,20.0,0.771,0.77,0.839,0.834,,,,,,,2.048,1.534,0.9,0.0,-0.055,,0.0
4zrbH_4zrbC,096,26.0,21.0,0.494,0.499,0.455,0.46,,,,,,,2.413,1.64,0.9,0.0,0.058,,0.0
4zrbH_4zrbC,097,25.0,18.0,0.689,0.701,0.801,0.811,,,,,,,2.719,2.213,0.9,0.0,-0.049,,0.0
4zrbH_4zrbC,098,24.0,10.0,0.463,0.471,0.268,0.275,,,,,,,2.036,0.755,1.0,0.0,0.021,,0.0
4zrbH_4zrbC,099,24.0,11.0,0.844,0.847,0.88,0.858,,,,,,,1.731,1.092,0.9,0.0,0.026,,0.0
5bmyA_5b3zA,Deep,,,0.942,0.885,0.936,0.887,0.152,0.159,0.179,,,,,,,,0.001,0.0,
5bmyA_5b3zA,000,329.0,80.0,0.257,0.255,0.261,0.255,0.018,0.019,0.017,001; 001; 007; 007; 008; 008; 004; 004; 002; 002,0.86; 0.86; 0.85; 0.85; 0.83; 0.83; 0.82; 0.82; 0.81; 0.81,0.82; 0.82; 0.82; 0.82; 0.79; 0.79; 0.78; 0.78; 0.78; 0.78,-1.457,8.918,0.3,0.027,0.007,0.0,-0.004
5bmyA_5b3zA,001,182.0,70.0,0.282,0.281,0.613,0.594,0.006,0.005,0.007,001; 001; 005; 007; 007; 005; 002; 002; 003; 003,0.87; 0.87; 0.84; 0.84; 0.84; 0.84; 0.82; 0.82; 0.81; 0.81,0.83; 0.83; 0.80; 0.80; 0.80; 0.80; 0.78; 0.78; 0.79; 0.79,-1.573,2.888,0.2,0.005,0.001,0.0,0.004
5bmyA_5b3zA,002,157.0,71.0,0.222,0.213,0.322,0.309,0.02,0.019,0.019,001; 001; 002; 002; 008; 008; 009; 009; 003; 003,0.92; 0.92; 0.91; 0.91; 0.90; 0.90; 0.88; 0.88; 0.85; 0.85,0.86; 0.86; 0.86; 0.86; 0.85; 0.84; 0.85; 0.85; 0.82; 0.82,0.268,7.454,0.4,0.001,-0.006,0.0,-0.011
5bmyA_5b3zA,003,157.0,112.0,0.872,0.827,0.806,0.785,0.013,0.014,0.011,001; 001; 009; 009; 002; 005; 005; 002; 006; 006,0.86; 0.86; 0.85; 0.84; 0.83; 0.83; 0.83; 0.83; 0.81; 0.81,0.82; 0.82; 0.81; 0.81; 0.80; 0.80; 0.80; 0.80; 0.78; 0.78,-3.694,4.479,0.1,-0.001,-0.002,0.0,-0.005
5bmyA_5b3zA,004,154.0,75.0,0.258,0.267,0.305,0.293,0.012,0.011,0.01,004; 004; 003; 003; 002; 002; 001; 001; 008; 008,0.85; 0.85; 0.84; 0.84; 0.83; 0.83; 0.82; 0.82; 0.81; 0.81,0.82; 0.82; 0.80; 0.80; 0.80; 0.80; 0.79; 0.79; 0.78; 0.78,-0.58,6.681,0.4,0.004,0.002,0.0,-0.003
5bmyA_5b3zA,005,151.0,20.0,0.214,0.246,0.259,0.25,0.056,0.066,0.055,001; 001; 003; 003; 002; 002; 005; 005; 004; 004,0.94; 0.94; 0.90; 0.90; 0.89; 0.89; 0.87; 0.87; 0.85; 0.85,0.89; 0.89; 0.86; 0.86; 0.85; 0.85; 0.82; 0.82; 0.82; 0.82,-6.23,3.694,0.1,0.002,0.003,0.0,-0.006
5bmyA_5b3zA,006,147.0,39.0,0.314,0.297,0.804,0.778,0.018,0.016,0.017,001; 001; 005; 005; 003; 002; 002; 003; 006; 006,0.87; 0.87; 0.86; 0.86; 0.83; 0.83; 0.83; 0.82; 0.79; 0.79,0.82; 0.82; 0.81; 0.81; 0.79; 0.80; 0.80; 0.79; 0.76; 0.76,0.254,5.713,0.5,0.001,-0.009,0.0,-0.004
5bmyA_5b3zA,007,144.0,96.0,0.852,0.814,0.816,0.833,0.015,0.014,0.038,002; 005; 005; 002; 003; 004; 007; 007; 004; 003,0.84; 0.84; 0.84; 0.84; 0.82; 0.82; 0.82; 0.82; 0.82; 0.82,0.80; 0.80; 0.79; 0.80; 0.78; 0.78; 0.80; 0.80; 0.78; 0.78,-4.169,8.561,0.2,-0.01,-0.009,0.0,0.002
5bmyA_5b3zA,008,139.0,15.0,0.258,0.26,0.836,0.805,0.012,0.012,0.023,009; 009; 010; 010; 003; 003; 002; 002; 001; 001,0.87; 0.87; 0.85; 0.85; 0.84; 0.84; 0.83; 0.83; 0.82; 0.82,0.83; 0.83; 0.81; 0.81; 0.80; 0.80; 0.79; 0.79; 0.78; 0.78,-1.592,2.986,0.3,0.017,-0.01,0.0,-0.008
5bmyA_5b3zA,009,137.0,52.0,0.286,0.271,0.584,0.575,0.008,0.007,0.011,002; 002; 001; 001; 008; 008; 003; 003; 004; 004,0.88; 0.88; 0.85; 0.85; 0.83; 0.83; 0.82; 0.82; 0.81; 0.81,0.84; 0.84; 0.82; 0.82; 0.79; 0.79; 0.79; 0.79; 0.78; 0.78,-3.876,4.624,0.1,-0.007,0.013,0.0,0.005
5bmyA_5b3zA,010,132.0,36.0,0.278,0.265,0.375,0.364,0.007,0.009,0.018,001; 001; 008; 008; 004; 004; 007; 007; 006; 006,0.94; 0.94; 0.86; 0.86; 0.85; 0.85; 0.83; 0.83; 0.82; 0.82,0.88; 0.88; 0.82; 0.82; 0.81; 0.81; 0.80; 0.80; 0.79; 0.79,-2.843,5.874,0.4,-0.004,-0.013,0.0,-0.002
5bmyA_5b3zA,011,120.0,41.0,0.273,0.27,0.629,0.616,0.014,0.012,0.014,001; 001; 003; 009; 009; 003; 004; 004; 005; 005,0.91; 0.91; 0.88; 0.88; 0.88; 0.87; 0.87; 0.87; 0.79; 0.79,0.86; 0.86; 0.83; 0.84; 0.84; 0.83; 0.84; 0.84; 0.76; 0.76,-3.672,3.464,0.3,-0.007,0.0,0.0,-0.004
5bmyA_5b3zA,012,115.0,43.0,0.266,0.273,0.342,0.338,0.011,0.012,0.018,001; 001; 003; 008; 008; 003; 002; 002; 009; 009,0.85; 0.85; 0.83; 0.83; 0.83; 0.83; 0.81; 0.81; 0.78; 0.78,0.82; 0.82; 0.80; 0.80; 0.80; 0.80; 0.78; 0.78; 0.76; 0.76,-4.373,3.494,0.0,0.012,-0.011,0.0,-0.005
5bmyA_5b3zA,013,108.0,39.0,0.259,0.25,0.823,0.784,0.009,0.008,0.012,001; 001; 002; 002; 006; 003; 003; 006; 004; 004,0.88; 0.88; 0.85; 0.85; 0.84; 0.84; 0.84; 0.84; 0.81; 0.81,0.83; 0.83; 0.81; 0.81; 0.81; 0.81; 0.81; 0.81; 0.78; 0.78,0.489,6.586,0.4,0.001,0.014,0.0,-0.001
5bmyA_5b3zA,014,107.0,43.0,0.302,0.291,0.507,0.492,0.004,0.004,0.008,008; 008; 009; 009; 001; 001; 010; 010; 007; 002,0.87; 0.87; 0.86; 0.86; 0.84; 0.84; 0.82; 0.82; 0.81; 0.81,0.82; 0.82; 0.83; 0.83; 0.79; 0.79; 0.79; 0.79; 0.79; 0.79,-2.206,9.25,0.1,-0.002,-0.009,0.0,-0.002
5bmyA_5b3zA,015,102.0,30.0,0.266,0.271,0.803,0.782,0.01,0.012,0.011,001; 001; 006; 006; 003; 002; 003; 002; 007; 007,0.93; 0.93; 0.90; 0.90; 0.89; 0.89; 0.89; 0.89; 0.86; 0.86,0.87; 0.87; 0.86; 0.86; 0.86; 0.85; 0.86; 0.85; 0.83; 0.83,-8.886,4.264,0.1,0.006,0.005,0.0,0.005
5bmyA_5b3zA,016,100.0,30.0,0.256,0.251,0.377,0.37,,,,,,,-3.353,6.814,0.3,0.025,0.013,,0.0
5bmyA_5b3zA,017,99.0,24.0,0.253,0.25,0.639,0.626,,,,,,,-7.383,5.686,0.1,0.011,0.015,,-0.004
5bmyA_5b3zA,018,96.0,48.0,0.278,0.261,0.84,0.81,,,,,,,-1.519,5.451,0.3,0.004,0.003,,-0.002
5bmyA_5b3zA,019,94.0,22.0,0.358,0.352,0.712,0.681,,,,,,,2.79,6.879,0.6,0.004,-0.001,,-0.004
5bmyA_5b3zA,020,90.0,38.0,0.221,0.21,0.213,0.206,,,,,,,-0.164,5.968,0.4,-0.002,-0.011,,0.01
5bmyA_5b3zA,021,90.0,31.0,0.245,0.234,0.497,0.48,,,,,,,-1.318,6.063,0.4,0.002,0.005,,0.003
5bmyA_5b3zA,022,89.0,16.0,0.279,0.28,0.244,0.245,,,,,,,-4.314,2.84,0.1,0.016,0.011,,-0.002
5bmyA_5b3zA,023,86.0,37.0,0.242,0.241,0.292,0.283,,,,,,,-1.914,3.345,0.4,0.009,0.005,,0.003
5bmyA_5b3zA,024,84.0,12.0,0.249,0.245,0.499,0.492,,,,,,,-1.207,6.691,0.4,-0.007,0.004,,0.001
5bmyA_5b3zA,025,84.0,27.0,0.516,0.514,0.881,0.845,,,,,,,-2.05,4.63,0.3,0.011,-0.015,,0.001
5bmyA_5b3zA,026,84.0,39.0,0.22,0.23,0.723,0.72,,,,,,,-2.204,3.941,0.3,-0.02,-0.005,,-0.006
5bmyA_5b3zA,027,82.0,36.0,0.313,0.297,0.361,0.341,,,,,,,-2.149,4.604,0.4,-0.0,0.001,,0.002
5bmyA_5b3zA,028,82.0,59.0,0.879,0.849,0.804,0.77,,,,,,,-3.046,7.379,0.3,-0.0,0.009,,0.009
5bmyA_5b3zA,029,78.0,26.0,0.357,0.345,0.825,0.799,,,,,,,-6.156,5.904,0.1,-0.005,-0.0,,-0.0
5bmyA_5b3zA,030,77.0,43.0,0.336,0.342,0.828,0.788,,,,,,,0.457,9.189,0.6,0.005,0.001,,-0.002
5bmyA_5b3zA,031,75.0,32.0,0.242,0.234,0.389,0.386,,,,,,,-2.793,5.539,0.3,-0.003,0.007,,0.005
5bmyA_5b3zA,032,73.0,29.0,0.272,0.235,0.376,0.359,,,,,,,-2.77,5.724,0.5,0.012,-0.015,,0.0
5bmyA_5b3zA,033,73.0,50.0,0.507,0.495,0.829,0.846,,,,,,,3.863,8.227,0.5,0.049,-0.011,,0.01
5bmyA_5b3zA,034,73.0,12.0,0.25,0.243,0.576,0.547,,,,,,,-6.703,3.493,0.0,0.013,0.012,,0.0
5bmyA_5b3zA,035,71.0,9.0,0.245,0.235,0.278,0.266,,,,,,,-0.012,5.283,0.4,0.024,0.015,,-0.007
5bmyA_5b3zA,036,71.0,34.0,0.19,0.182,0.252,0.243,,,,,,,2.627,8.67,0.6,0.001,0.014,,-0.001
5bmyA_5b3zA,037,71.0,6.0,0.286,0.28,0.407,0.375,,,,,,,2.247,4.847,0.7,0.002,0.005,,-0.005
5bmyA_5b3zA,038,70.0,8.0,0.266,0.25,0.869,0.836,,,,,,,-1.068,3.27,0.2,0.026,-0.012,,-0.008
5bmyA_5b3zA,039,67.0,44.0,0.203,0.215,0.832,0.806,,,,,,,3.347,11.669,0.5,0.004,-0.013,,-0.004
5bmyA_5b3zA,040,65.0,8.0,0.264,0.254,0.57,0.542,,,,,,,-2.76,4.878,0.1,0.017,-0.015,,0.002
5bmyA_5b3zA,041,63.0,20.0,0.291,0.286,0.499,0.487,,,,,,,-0.04,2.311,0.2,0.021,0.011,,0.004
5bmyA_5b3zA,042,63.0,34.0,0.83,0.815,0.808,0.822,,,,,,,-0.031,6.058,0.5,0.052,-0.008,,0.001
5bmyA_5b3zA,043,63.0,24.0,0.298,0.295,0.402,0.389,,,,,,,2.433,7.081,0.6,-0.003,-0.012,,-0.0
5bmyA_5b3zA,044,63.0,19.0,0.273,0.221,0.669,0.648,,,,,,,-3.329,2.194,0.1,-0.004,-0.001,,0.002
5bmyA_5b3zA,045,61.0,17.0,0.215,0.212,0.285,0.273,,,,,,,-5.622,6.446,0.1,0.002,0.003,,-0.002
5bmyA_5b3zA,046,61.0,16.0,0.266,0.262,0.304,0.287,,,,,,,-2.354,4.119,0.4,-0.001,-0.002,,-0.002
5bmyA_5b3zA,047,61.0,14.0,0.229,0.223,0.242,0.244,,,,,,,0.911,7.906,0.5,-0.003,-0.003,,0.0
5bmyA_5b3zA,048,61.0,19.0,0.288,0.289,0.325,0.322,,,,,,,0.736,4.996,0.5,-0.003,0.006,,-0.001
5bmyA_5b3zA,049,60.0,21.0,0.227,0.207,0.259,0.262,,,,,,,-1.256,5.121,0.4,-0.002,0.002,,0.002
5bmyA_5b3zA,050,58.0,21.0,0.247,0.238,0.253,0.247,,,,,,,-1.311,5.161,0.5,0.016,0.009,,-0.002
5bmyA_5b3zA,051,58.0,34.0,0.27,0.252,0.648,0.629,,,,,,,-4.834,3.895,0.1,-0.003,-0.007,,-0.003
5bmyA_5b3zA,052,57.0,20.0,0.268,0.263,0.222,0.265,,,,,,,-4.001,4.188,0.2,-0.007,-0.008,,-0.001
5bmyA_5b3zA,053,57.0,21.0,0.231,0.225,0.307,0.294,,,,,,,0.953,5.035,0.4,-0.042,0.002,,-0.003
5bmyA_5b3zA,054,56.0,17.0,0.52,0.507,0.888,0.854,,,,,,,-0.361,5.745,0.3,0.015,0.008,,0.001
5bmyA_5b3zA,055,56.0,19.0,0.309,0.299,0.787,0.761,,,,,,,-0.28,7.427,0.4,0.011,0.004,,0.002
5bmyA_5b3zA,056,53.0,30.0,0.358,0.347,0.628,0.601,,,,,,,-0.152,4.336,0.4,0.011,-0.006,,-0.0
5bmyA_5b3zA,057,50.0,31.0,0.814,0.781,0.775,0.745,,,,,,,-3.696,8.311,0.2,-0.012,-0.004,,0.005
5bmyA_5b3zA,058,50.0,20.0,0.357,0.333,0.728,0.704,,,,,,,-0.867,6.127,0.4,0.006,-0.007,,0.006
5bmyA_5b3zA,059,50.0,19.0,0.262,0.25,0.471,0.461,,,,,,,-3.001,4.19,0.3,0.004,0.002,,0.006
5bmyA_5b3zA,060,49.0,29.0,0.287,0.275,0.708,0.686,,,,,,,0.741,5.9,0.6,0.012,-0.012,,-0.003
5bmyA_5b3zA,061,49.0,11.0,0.24,0.237,0.457,0.44,,,,,,,-1.422,4.899,0.2,-0.002,0.004,,0.009
5bmyA_5b3zA,062,48.0,23.0,0.255,0.249,0.339,0.331,,,,,,,0.269,5.765,0.4,0.012,-0.007,,-0.002
5bmyA_5b3zA,063,48.0,27.0,0.241,0.261,0.351,0.343,,,,,,,-4.297,3.716,0.1,-0.022,-0.015,,-0.009
5bmyA_5b3zA,064,48.0,19.0,0.232,0.229,0.236,0.246,,,,,,,-4.332,3.595,0.0,-0.009,-0.007,,-0.005
5bmyA_5b3zA,065,48.0,7.0,0.272,0.266,0.226,0.228,,,,,,,-1.407,5.26,0.3,0.003,0.007,,-0.006
5bmyA_5b3zA,066,47.0,38.0,0.893,0.851,0.82,0.837,,,,,,,-6.621,4.936,0.1,-0.004,-0.002,,0.006
5bmyA_5b3zA,067,47.0,12.0,0.272,0.275,0.753,0.734,,,,,,,-3.396,4.21,0.2,0.005,0.012,,-0.0
5bmyA_5b3zA,068,46.0,11.0,0.218,0.241,0.236,0.239,,,,,,,-4.311,5.442,0.1,-0.005,0.013,,0.006
5bmyA_5b3zA,069,46.0,17.0,0.213,0.207,0.801,0.765,,,,,,,-3.126,5.713,0.2,-0.006,-0.005,,-0.011
5bmyA_5b3zA,070,45.0,21.0,0.86,0.82,0.807,0.826,,,,,,,-2.848,2.862,0.1,0.009,0.015,,0.0
5bmyA_5b3zA,071,45.0,13.0,0.273,0.27,0.769,0.747,,,,,,,0.569,6.646,0.6,0.0,0.008,,0.0
5bmyA_5b3zA,072,45.0,9.0,0.254,0.24,0.555,0.541,,,,,,,-6.195,3.02,0.1,0.003,0.009,,-0.003
5bmyA_5b3zA,073,44.0,15.0,0.217,0.212,0.228,0.217,,,,,,,0.672,8.292,0.4,-0.002,0.008,,0.012
5bmyA_5b3zA,074,44.0,20.0,0.228,0.242,0.39,0.379,,,,,,,-4.531,4.159,0.0,-0.005,-0.015,,-0.002
5bmyA_5b3zA,075,44.0,16.0,0.241,0.242,0.59,0.562,,,,,,,-2.505,5.243,0.2,0.006,0.0,,-0.002
5bmyA_5b3zA,076,43.0,9.0,0.237,0.243,0.354,0.357,,,,,,,-1.722,5.809,0.5,-0.008,0.005,,-0.002
5bmyA_5b3zA,077,42.0,14.0,0.223,0.219,0.34,0.329,,,,,,,-2.784,4.826,0.3,-0.01,-0.004,,-0.0
5bmyA_5b3zA,078,41.0,19.0,0.244,0.26,0.597,0.565,,,,,,,-1.251,6.443,0.4,0.004,-0.008,,0.003
5bmyA_5b3zA,079,41.0,8.0,0.317,0.295,0.544,0.536,,,,,,,-2.422,5.41,0.3,0.005,-0.014,,0.0
5bmyA_5b3zA,080,39.0,13.0,0.247,0.242,0.373,0.351,,,,,,,-0.637,3.692,0.5,-0.002,-0.005,,0.005
5bmyA_5b3zA,081,38.0,15.0,0.293,0.287,0.247,0.239,,,,,,,-5.344,5.893,0.1,-0.002,-0.01,,-0.012
5bmyA_5b3zA,082,38.0,18.0,0.303,0.298,0.496,0.483,,,,,,,-0.839,12.217,0.4,-0.013,-0.015,,-0.0
5bmyA_5b3zA,083,38.0,12.0,0.246,0.256,0.797,0.769,,,,,,,-1.745,2.831,0.5,-0.005,0.012,,0.0
5bmyA_5b3zA,084,38.0,12.0,0.254,0.236,0.293,0.281,,,,,,,-2.818,5.559,0.2,0.003,-0.014,,-0.007
5bmyA_5b3zA,085,37.0,24.0,0.274,0.25,0.436,0.41,,,,,,,-1.772,4.893,0.3,-0.034,-0.011,,0.038
5bmyA_5b3zA,086,37.0,21.0,0.232,0.222,0.284,0.276,,,,,,,0.321,5.078,0.4,0.002,0.013,,-0.006
5bmyA_5b3zA,087,36.0,5.0,0.249,0.275,0.228,0.227,,,,,,,-8.536,4.337,0.0,-0.0,0.013,,0.006
5bmyA_5b3zA,088,36.0,23.0,0.191,0.209,0.672,0.651,,,,,,,-4.214,4.329,0.2,0.01,0.006,,0.0
5bmyA_5b3zA,089,35.0,11.0,0.215,0.22,0.267,0.281,,,,,,,-8.34,4.621,0.1,-0.0,0.013,,-0.01
5bmyA_5b3zA,090,35.0,17.0,0.265,0.257,0.461,0.445,,,,,,,-1.853,4.33,0.3,0.001,-0.004,,0.003
5bmyA_5b3zA,091,33.0,24.0,0.568,0.546,0.841,0.853,,,,,,,-3.174,4.65,0.2,-0.002,0.007,,0.016
5bmyA_5b3zA,092,33.0,13.0,0.237,0.242,0.331,0.317,,,,,,,-2.268,4.704,0.2,0.009,-0.013,,-0.0
5bmyA_5b3zA,093,32.0,10.0,0.274,0.271,0.832,0.812,,,,,,,-3.729,2.845,0.2,-0.0,-0.015,,-0.004
5bmyA_5b3zA,094,31.0,11.0,0.254,0.256,0.333,0.33,,,,,,,0.278,4.287,0.6,0.001,0.007,,-0.001
5bmyA_5b3zA,095,30.0,12.0,0.216,0.211,0.79,0.761,,,,,,,-3.25,3.144,0.2,0.012,-0.01,,-0.007
5bmyA_5b3zA,096,29.0,10.0,0.314,0.304,0.835,0.8,,,,,,,-0.431,5.818,0.5,0.0,0.012,,0.006
5bmyA_5b3zA,097,29.0,13.0,0.289,0.281,0.772,0.749,,,,,,,-5.099,1.763,0.0,-0.005,-0.012,,0.0
5bmyA_5b3zA,098,27.0,15.0,0.825,0.801,0.8,0.77,,,,,,,-6.49,4.657,0.1,0.005,-0.005,,0.009
5bmyA_5b3zA,099,27.0,15.0,0.385,0.372,0.566,0.547,,,,,,,-7.179,4.741,0.1,0.004,-0.015,,-0.0
5c1vB_5c1vA,Deep,,,0.94,0.995,0.939,0.994,0.136,0.127,0.135,,,,,,,,0.02,0.003,
5c1vB_5c1vA,000,1559.0,419.0,0.475,0.466,0.57,0.568,0.338,0.318,0.296,001; 001; 002; 002; 006; 009; 006; 008; 009; 008,0.93; 0.93; 0.83; 0.83; 0.82; 0.82; 0.82; 0.82; 0.82; 0.82,0.97; 0.97; 0.87; 0.87; 0.86; 0.85; 0.86; 0.86; 0.85; 0.86,11.368,8.131,0.9,0.0,0.018,0.0,0.0
5c1vB_5c1vA,001,1219.0,420.0,0.479,0.466,0.771,0.769,0.084,0.104,0.073,008; 008; 009; 009; 001; 001; 004; 004; 002; 002,0.90; 0.90; 0.88; 0.88; 0.84; 0.84; 0.76; 0.76; 0.73; 0.73,0.95; 0.95; 0.94; 0.94; 0.89; 0.89; 0.80; 0.80; 0.77; 0.77,10.496,6.83,0.9,0.0,0.016,0.0,0.0
5c1vB_5c1vA,002,1077.0,694.0,0.885,0.909,0.934,0.989,0.022,0.022,0.026,002; 002; 003; 003; 001; 001; 006; 006; 004; 004,0.87; 0.87; 0.84; 0.84; 0.82; 0.82; 0.81; 0.81; 0.79; 0.79,0.92; 0.91; 0.89; 0.89; 0.86; 0.86; 0.84; 0.84; 0.83; 0.83,8.183,4.327,0.9,0.0,0.025,0.001,0.0
5c1vB_5c1vA,003,960.0,454.0,0.356,0.348,0.279,0.268,0.017,0.019,0.016,003; 003; 001; 009; 009; 001; 002; 002; 004; 004,0.85; 0.85; 0.83; 0.83; 0.83; 0.83; 0.82; 0.82; 0.75; 0.75,0.89; 0.89; 0.86; 0.86; 0.86; 0.86; 0.86; 0.86; 0.75; 0.75,9.402,4.683,1.0,0.0,0.017,0.001,0.0
5c1vB_5c1vA,004,893.0,275.0,0.277,0.279,0.777,0.779,0.113,0.107,0.1,008; 008; 001; 001; 006; 007; 006; 007; 002; 002,0.90; 0.90; 0.88; 0.88; 0.84; 0.84; 0.84; 0.84; 0.72; 0.72,0.95; 0.95; 0.93; 0.93; 0.87; 0.88; 0.87; 0.88; 0.73; 0.73,7.99,4.473,1.0,0.0,0.027,0.0,0.0
5c1vB_5c1vA,005,873.0,526.0,0.52,0.518,0.736,0.73,0.037,0.037,0.035,005; 005; 001; 004; 006; 001; 006; 004; 003; 003,0.85; 0.85; 0.83; 0.83; 0.83; 0.83; 0.83; 0.83; 0.78; 0.78,0.90; 0.90; 0.88; 0.87; 0.87; 0.88; 0.87; 0.87; 0.81; 0.81,9.044,4.338,1.0,0.0,0.013,0.001,0.0
5c1vB_5c1vA,006,860.0,415.0,0.444,0.432,0.741,0.771,0.029,0.029,0.03,002; 002; 004; 004; 001; 001; 006; 006; 003; 003,0.84; 0.84; 0.80; 0.80; 0.79; 0.79; 0.78; 0.78; 0.76; 0.76,0.87; 0.87; 0.84; 0.84; 0.83; 0.83; 0.81; 0.81; 0.77; 0.77,7.72,4.25,0.9,0.0,0.014,0.0,0.0
5c1vB_5c1vA,007,814.0,418.0,0.547,0.537,0.751,0.775,0.031,0.036,0.034,001; 002; 002; 001; 008; 008; 007; 007; 003; 003,0.84; 0.84; 0.84; 0.84; 0.83; 0.83; 0.65; 0.65; 0.64; 0.64,0.89; 0.89; 0.89; 0.89; 0.87; 0.87; 0.68; 0.68; 0.67; 0.67,11.136,3.53,1.0,0.0,0.024,0.0,0.0
5c1vB_5c1vA,008,758.0,378.0,0.257,0.25,0.705,0.705,0.325,0.301,0.28,001; 001; 009; 009; 005; 005; 007; 007; 006; 006,0.93; 0.92; 0.89; 0.89; 0.78; 0.78; 0.76; 0.76; 0.75; 0.75,0.96; 0.96; 0.92; 0.92; 0.81; 0.81; 0.81; 0.81; 0.79; 0.79,8.085,2.673,1.0,0.0,0.017,0.0,0.0
5c1vB_5c1vA,009,751.0,223.0,0.519,0.51,0.576,0.558,0.028,0.029,0.027,007; 007; 001; 008; 004; 008; 001; 004; 002; 002,0.86; 0.86; 0.83; 0.83; 0.83; 0.83; 0.83; 0.83; 0.73; 0.73,0.91; 0.91; 0.88; 0.86; 0.86; 0.86; 0.88; 0.86; 0.77; 0.77,8.963,4.875,1.0,0.0,0.016,0.0,0.0
5c1vB_5c1vA,010,707.0,281.0,0.501,0.491,0.492,0.479,0.069,0.062,0.06,001; 001; 006; 006; 008; 008; 003; 002; 003; 002,0.94; 0.94; 0.93; 0.93; 0.87; 0.87; 0.73; 0.73; 0.73; 0.73,0.99; 0.99; 0.98; 0.98; 0.93; 0.93; 0.72; 0.78; 0.72; 0.78,8.884,4.017,0.9,0.0,0.023,0.0,0.0
5c1vB_5c1vA,011,671.0,353.0,0.378,0.367,0.582,0.591,0.0,0.0,0.0,001; 001; 002; 002; 007; 007; 006; 006; 004; 004,0.71; 0.71; 0.60; 0.60; 0.59; 0.59; 0.45; 0.45; 0.40; 0.40,0.75; 0.75; 0.59; 0.59; 0.58; 0.58; 0.44; 0.44; 0.40; 0.40,10.525,4.122,1.0,0.0,0.025,0.0,0.0
5c1vB_5c1vA,012,576.0,331.0,0.895,0.935,0.93,0.977,0.018,0.018,0.017,007; 007; 010; 002; 002; 010; 006; 006; 001; 001,0.85; 0.85; 0.84; 0.84; 0.84; 0.83; 0.83; 0.83; 0.79; 0.79,0.90; 0.90; 0.87; 0.89; 0.89; 0.87; 0.87; 0.87; 0.83; 0.83,10.59,7.731,1.0,0.0,0.026,0.0,0.0
5c1vB_5c1vA,013,554.0,243.0,0.328,0.319,0.301,0.292,0.025,0.026,0.023,006; 006; 001; 001; 007; 003; 003; 007; 005; 005,0.84; 0.84; 0.83; 0.83; 0.81; 0.81; 0.81; 0.81; 0.65; 0.65,0.89; 0.89; 0.88; 0.88; 0.85; 0.86; 0.86; 0.85; 0.69; 0.69,12.354,7.559,1.0,0.0,0.025,0.0,0.0
5c1vB_5c1vA,014,553.0,241.0,0.488,0.486,0.799,0.81,0.023,0.022,0.022,004; 004; 002; 002; 005; 007; 005; 007; 001; 001,0.81; 0.81; 0.80; 0.80; 0.79; 0.78; 0.78; 0.78; 0.77; 0.77,0.84; 0.84; 0.81; 0.81; 0.82; 0.82; 0.82; 0.82; 0.81; 0.81,7.212,4.481,1.0,0.0,0.024,0.0,0.0
5c1vB_5c1vA,015,538.0,271.0,0.508,0.506,0.716,0.736,0.008,0.01,0.007,009; 009; 010; 010; 001; 001; 002; 002; 007; 007,0.84; 0.84; 0.82; 0.82; 0.81; 0.81; 0.77; 0.77; 0.74; 0.73,0.88; 0.88; 0.86; 0.86; 0.85; 0.85; 0.80; 0.80; 0.76; 0.76,10.971,3.451,1.0,0.0,0.011,0.0,0.0
5c1vB_5c1vA,016,505.0,233.0,0.363,0.372,0.443,0.446,0.134,0.144,0.119,001; 004; 004; 001; 005; 005; 010; 010; 007; 007,0.89; 0.89; 0.89; 0.89; 0.85; 0.85; 0.83; 0.83; 0.80; 0.79,0.95; 0.93; 0.93; 0.95; 0.88; 0.88; 0.87; 0.87; 0.83; 0.82,13.68,7.258,1.0,0.0,0.011,0.0,0.0
5c1vB_5c1vA,017,495.0,242.0,0.203,0.228,0.241,0.239,0.105,0.109,0.092,010; 006; 010; 006; 009; 009; 001; 001; 002; 002,0.92; 0.92; 0.92; 0.92; 0.91; 0.91; 0.91; 0.91; 0.68; 0.68,0.97; 0.97; 0.97; 0.97; 0.96; 0.97; 0.96; 0.96; 0.73; 0.73,7.499,5.834,1.0,0.0,0.025,0.0,0.0
5c1vB_5c1vA,018,466.0,237.0,0.48,0.482,0.8,0.833,,,,,,,9.429,4.328,0.9,0.0,0.026,,0.0
5c1vB_5c1vA,019,463.0,184.0,0.426,0.4,0.577,0.583,,,,,,,5.49,3.556,0.9,0.0,0.022,,0.0
5c1vB_5c1vA,020,428.0,14.0,0.387,0.381,0.553,0.54,,,,,,,1.447,2.69,0.6,0.0,0.02,,0.0
5c1vB_5c1vA,021,426.0,247.0,0.208,0.208,0.24,0.227,,,,,,,11.778,5.394,1.0,0.0,0.017,,0.0
5c1vB_5c1vA,022,411.0,219.0,0.344,0.334,0.523,0.53,,,,,,,10.785,6.824,0.9,0.0,0.025,,0.0
5c1vB_5c1vA,023,389.0,91.0,0.325,0.323,0.611,0.612,,,,,,,3.04,2.906,0.8,0.0,0.025,,0.0
5c1vB_5c1vA,024,363.0,186.0,0.455,0.445,0.579,0.588,,,,,,,14.128,5.911,1.0,0.0,0.027,,0.0
5c1vB_5c1vA,025,350.0,271.0,0.487,0.487,0.806,0.826,,,,,,,5.877,3.029,0.9,0.0,0.014,,0.0
5c1vB_5c1vA,026,344.0,184.0,0.387,0.403,0.671,0.714,,,,,,,9.501,3.438,1.0,0.0,0.026,,0.0
5c1vB_5c1vA,027,342.0,154.0,0.642,0.638,0.687,0.688,,,,,,,9.126,2.397,1.0,0.0,0.022,,0.0
5c1vB_5c1vA,028,333.0,245.0,0.803,0.819,0.921,0.975,,,,,,,8.473,4.7,1.0,0.0,0.01,,0.0
5c1vB_5c1vA,029,315.0,147.0,0.338,0.338,0.771,0.792,,,,,,,9.85,3.852,1.0,0.0,0.012,,0.0
5c1vB_5c1vA,030,313.0,70.0,0.261,0.265,0.724,0.743,,,,,,,7.192,2.641,1.0,0.0,0.019,,0.0
5c1vB_5c1vA,031,301.0,159.0,0.267,0.259,0.321,0.314,,,,,,,10.657,4.565,1.0,0.0,0.026,,0.0
5c1vB_5c1vA,032,284.0,174.0,0.755,0.766,0.781,0.813,,,,,,,9.417,3.478,1.0,0.0,0.023,,0.0
5c1vB_5c1vA,033,274.0,7.0,0.322,0.309,0.539,0.536,,,,,,,3.557,2.936,0.9,0.0,0.021,,0.0
5c1vB_5c1vA,034,266.0,143.0,0.337,0.326,0.28,0.273,,,,,,,7.822,3.665,1.0,0.0,0.024,,0.0
5c1vB_5c1vA,035,263.0,124.0,0.481,0.474,0.739,0.772,,,,,,,10.21,3.182,1.0,0.0,0.015,,0.0
5c1vB_5c1vA,036,259.0,125.0,0.298,0.293,0.282,0.308,,,,,,,10.223,5.832,1.0,0.0,0.018,,0.0
5c1vB_5c1vA,037,254.0,35.0,0.419,0.411,0.754,0.744,,,,,,,2.28,1.383,0.9,0.0,0.022,,0.0
5c1vB_5c1vA,038,253.0,136.0,0.311,0.312,0.33,0.337,,,,,,,11.843,6.483,1.0,0.0,0.02,,0.0
5c1vB_5c1vA,039,248.0,44.0,0.595,0.601,0.832,0.84,,,,,,,6.407,5.163,0.9,0.0,0.013,,0.0
5c1vB_5c1vA,040,245.0,24.0,0.352,0.365,0.699,0.704,,,,,,,6.169,3.146,1.0,0.0,0.014,,0.0
5c1vB_5c1vA,041,237.0,109.0,0.474,0.479,0.767,0.771,,,,,,,11.074,6.38,1.0,0.0,0.026,,0.0
5c1vB_5c1vA,042,225.0,112.0,0.614,0.609,0.747,0.763,,,,,,,7.766,4.238,1.0,0.0,0.025,,0.0
5c1vB_5c1vA,043,221.0,152.0,0.893,0.931,0.918,0.971,,,,,,,10.693,4.63,1.0,0.0,0.018,,0.0
5c1vB_5c1vA,044,216.0,46.0,0.249,0.255,0.283,0.27,,,,,,,5.03,4.431,0.8,0.0,0.022,,0.0
5c1vB_5c1vA,045,216.0,41.0,0.588,0.582,0.809,0.809,,,,,,,6.422,2.791,1.0,0.0,0.018,,0.0
5c1vB_5c1vA,046,206.0,54.0,0.326,0.321,0.736,0.75,,,,,,,6.747,3.24,1.0,0.0,0.011,,0.0
5c1vB_5c1vA,047,204.0,84.0,0.583,0.599,0.705,0.742,,,,,,,11.171,5.519,1.0,0.0,0.016,,0.0
5c1vB_5c1vA,048,197.0,121.0,0.776,0.781,0.936,0.977,,,,,,,9.533,3.581,1.0,0.0,-0.0,,0.0
5c1vB_5c1vA,049,196.0,17.0,0.298,0.293,0.634,0.639,,,,,,,2.85,3.022,0.9,0.0,0.02,,0.0
5c1vB_5c1vA,050,192.0,48.0,0.404,0.409,0.687,0.695,,,,,,,6.093,3.733,0.9,0.0,0.019,,0.0
5c1vB_5c1vA,051,185.0,93.0,0.246,0.248,0.282,0.292,,,,,,,10.137,4.914,1.0,0.0,0.027,,0.0
5c1vB_5c1vA,052,180.0,76.0,0.246,0.265,0.581,0.575,,,,,,,10.368,5.028,1.0,0.0,0.011,,0.0
5c1vB_5c1vA,053,173.0,111.0,0.475,0.467,0.647,0.667,,,,,,,7.873,3.481,1.0,0.0,0.019,,0.0
5c1vB_5c1vA,054,172.0,92.0,0.512,0.512,0.7,0.709,,,,,,,8.993,4.751,1.0,0.0,0.02,,0.0
5c1vB_5c1vA,055,169.0,134.0,0.671,0.633,0.938,0.977,,,,,,,7.894,5.05,0.9,0.0,0.027,,0.0
5c1vB_5c1vA,056,167.0,9.0,0.413,0.415,0.611,0.608,,,,,,,2.791,3.501,0.8,0.0,0.023,,0.0
5c1vB_5c1vA,057,163.0,43.0,0.322,0.322,0.317,0.322,,,,,,,8.601,4.06,1.0,0.0,0.017,,0.0
5c1vB_5c1vA,058,163.0,50.0,0.303,0.311,0.613,0.608,,,,,,,7.852,3.864,0.9,0.0,0.019,,0.0
5c1vB_5c1vA,059,161.0,7.0,0.28,0.28,0.308,0.32,,,,,,,1.924,1.837,0.9,0.0,0.021,,0.0
5c1vB_5c1vA,060,159.0,117.0,0.336,0.326,0.798,0.817,,,,,,,7.315,1.543,1.0,0.0,0.012,,0.0
5c1vB_5c1vA,061,151.0,66.0,0.284,0.282,0.476,0.479,,,,,,,7.959,3.675,1.0,0.0,0.017,,0.0
5c1vB_5c1vA,062,146.0,46.0,0.269,0.237,0.507,0.523,,,,,,,6.645,3.706,1.0,0.0,0.02,,0.0
5c1vB_5c1vA,063,145.0,60.0,0.455,0.454,0.361,0.355,,,,,,,7.493,3.453,1.0,0.0,0.015,,0.0
5c1vB_5c1vA,064,141.0,41.0,0.384,0.404,0.625,0.626,,,,,,,7.005,3.998,1.0,0.0,0.023,,0.0
5c1vB_5c1vA,065,134.0,76.0,0.348,0.343,0.709,0.732,,,,,,,9.078,5.041,1.0,0.0,0.019,,0.0
5c1vB_5c1vA,066,134.0,60.0,0.381,0.387,0.734,0.743,,,,,,,5.962,3.84,0.9,0.0,0.012,,0.0
5c1vB_5c1vA,067,133.0,57.0,0.441,0.432,0.59,0.59,,,,,,,9.65,5.824,1.0,0.0,0.027,,0.0
5c1vB_5c1vA,068,128.0,60.0,0.563,0.569,0.589,0.611,,,,,,,9.528,4.504,1.0,0.0,0.017,,0.0
5c1vB_5c1vA,069,128.0,98.0,0.572,0.57,0.819,0.819,,,,,,,7.974,3.894,1.0,0.0,0.012,,0.0
5c1vB_5c1vA,070,125.0,64.0,0.321,0.314,0.542,0.542,,,,,,,10.03,5.03,1.0,0.0,0.024,,0.0
5c1vB_5c1vA,071,124.0,35.0,0.632,0.618,0.913,0.938,,,,,,,4.954,2.723,1.0,0.0,0.019,,0.0
5c1vB_5c1vA,072,123.0,52.0,0.69,0.709,0.775,0.806,,,,,,,10.933,6.755,1.0,0.0,0.014,,0.0
5c1vB_5c1vA,073,121.0,27.0,0.195,0.199,0.344,0.335,,,,,,,6.178,5.611,1.0,0.0,0.021,,0.0
5c1vB_5c1vA,074,119.0,44.0,0.451,0.441,0.577,0.57,,,,,,,7.269,3.888,1.0,0.0,0.022,,0.0
5c1vB_5c1vA,075,115.0,51.0,0.429,0.427,0.533,0.524,,,,,,,6.868,4.701,0.9,0.0,0.02,,0.0
5c1vB_5c1vA,076,114.0,57.0,0.622,0.626,0.779,0.825,,,,,,,8.35,5.542,0.9,0.0,0.022,,0.0
5c1vB_5c1vA,077,110.0,49.0,0.485,0.502,0.325,0.314,,,,,,,6.183,3.121,1.0,0.0,0.025,,0.0
5c1vB_5c1vA,078,110.0,50.0,0.41,0.406,0.89,0.908,,,,,,,5.107,2.675,1.0,0.0,0.022,,0.0
5c1vB_5c1vA,079,105.0,53.0,0.253,0.25,0.741,0.754,,,,,,,8.469,3.118,1.0,0.0,0.016,,0.0
5c1vB_5c1vA,080,93.0,58.0,0.591,0.602,0.73,0.769,,,,,,,10.583,5.766,1.0,0.0,0.005,,0.0
5c1vB_5c1vA,081,90.0,55.0,0.299,0.298,0.737,0.775,,,,,,,7.391,3.438,1.0,0.0,0.019,,0.0
5c1vB_5c1vA,082,90.0,59.0,0.837,0.85,0.933,0.988,,,,,,,12.206,6.61,1.0,0.0,0.022,,0.0
5c1vB_5c1vA,083,87.0,44.0,0.242,0.245,0.32,0.347,,,,,,,9.032,5.899,0.9,0.0,0.012,,0.0
5c1vB_5c1vA,084,84.0,49.0,0.574,0.575,0.683,0.692,,,,,,,10.217,4.96,1.0,0.0,0.02,,0.0
5c1vB_5c1vA,085,80.0,52.0,0.86,0.885,0.896,0.937,,,,,,,5.036,4.253,0.9,0.0,0.021,,0.0
5c1vB_5c1vA,086,75.0,45.0,0.305,0.3,0.452,0.461,,,,,,,7.652,2.752,1.0,0.0,0.022,,0.0
5c1vB_5c1vA,087,73.0,12.0,0.58,0.582,0.646,0.656,,,,,,,7.288,2.815,1.0,0.0,0.018,,0.0
5c1vB_5c1vA,088,71.0,46.0,0.251,0.263,0.573,0.566,,,,,,,7.382,6.04,0.9,0.0,0.018,,0.0
5c1vB_5c1vA,089,71.0,51.0,0.234,0.238,0.371,0.364,,,,,,,7.879,4.739,1.0,0.0,0.017,,0.0
5c1vB_5c1vA,090,68.0,56.0,0.529,0.52,0.333,0.344,,,,,,,6.083,2.747,1.0,0.0,0.012,,0.0
5c1vB_5c1vA,091,65.0,34.0,0.31,0.306,0.714,0.724,,,,,,,6.428,3.67,1.0,0.0,0.02,,0.0
5c1vB_5c1vA,092,63.0,41.0,0.182,0.191,0.256,0.261,,,,,,,7.664,3.169,1.0,0.0,0.026,,0.0
5c1vB_5c1vA,093,61.0,28.0,0.402,0.417,0.31,0.314,,,,,,,9.908,5.773,1.0,0.0,0.024,,0.0
5c1vB_5c1vA,094,56.0,39.0,0.796,0.822,0.93,0.983,,,,,,,6.659,3.684,1.0,0.0,0.015,,0.0
5c1vB_5c1vA,095,56.0,27.0,0.386,0.378,0.404,0.411,,,,,,,8.665,5.35,0.9,0.0,0.025,,0.0
5c1vB_5c1vA,096,53.0,40.0,0.36,0.372,0.46,0.459,,,,,,,9.439,4.532,1.0,0.0,0.021,,0.0
5c1vB_5c1vA,097,51.0,43.0,0.679,0.678,0.807,0.81,,,,,,,6.387,2.395,1.0,0.0,0.018,,0.0
5c1vB_5c1vA,098,43.0,27.0,0.241,0.263,0.335,0.326,,,,,,,6.323,3.111,0.9,0.0,0.019,,0.0
5c1vB_5c1vA,099,35.0,19.0,0.879,0.917,0.933,0.98,,,,,,,10.823,6.488,0.9,0.0,0.027,,0.0
5c3iF_3kuyA,Deep,,,,,,,0.378,0.385,0.41,,,,,,,,,0.037,
5et5A_3ifaA,Deep,,,0.974,0.957,0.975,0.955,0.405,0.401,0.4,,,,,,,,-0.01,0.005,
5et5A_3ifaA,000,1660.0,584.0,0.207,0.226,0.425,0.394,0.029,0.028,0.027,001; 002; 005; 002; 001; 005; 006; 004; 004; 006,0.93; 0.93; 0.93; 0.93; 0.93; 0.93; 0.91; 0.91; 0.91; 0.91,0.83; 0.88; 0.90; 0.88; 0.83; 0.90; 0.87; 0.87; 0.87; 0.87,17.962,8.296,1.0,-0.006,-0.017,0.002,-0.018
5et5A_3ifaA,001,1216.0,412.0,0.268,0.275,0.76,0.673,0.053,0.052,0.053,001; 001; 003; 003; 005; 005; 004; 004; 009; 009,0.92; 0.92; 0.90; 0.90; 0.88; 0.88; 0.87; 0.87; 0.84; 0.84,0.82; 0.82; 0.86; 0.86; 0.81; 0.81; 0.81; 0.81; 0.79; 0.79,16.591,6.706,1.0,-0.014,-0.02,0.0,-0.027
5et5A_3ifaA,002,943.0,445.0,0.313,0.297,0.378,0.359,0.024,0.024,0.024,001; 001; 002; 002; 003; 003; 004; 004; 007; 007,0.93; 0.93; 0.91; 0.91; 0.88; 0.88; 0.83; 0.83; 0.82; 0.82,0.83; 0.83; 0.88; 0.88; 0.85; 0.85; 0.77; 0.77; 0.76; 0.76,16.783,9.174,1.0,-0.001,0.01,0.0,-0.002
5et5A_3ifaA,003,789.0,255.0,0.191,0.183,0.256,0.241,0.312,0.31,0.299,001; 001; 004; 004; 006; 006; 005; 005; 003; 003,0.92; 0.92; 0.90; 0.90; 0.80; 0.80; 0.78; 0.78; 0.64; 0.64,0.82; 0.82; 0.86; 0.86; 0.76; 0.76; 0.73; 0.73; 0.58; 0.58,16.248,7.194,1.0,-0.059,-0.018,0.0,-0.01
5et5A_3ifaA,004,678.0,278.0,0.288,0.243,0.4,0.364,0.045,0.044,0.036,004; 004; 003; 003; 005; 006; 006; 005; 001; 001,0.93; 0.93; 0.92; 0.92; 0.92; 0.92; 0.92; 0.92; 0.90; 0.90,0.90; 0.90; 0.89; 0.89; 0.88; 0.88; 0.88; 0.88; 0.80; 0.80,15.643,7.306,1.0,-0.017,-0.018,0.0,-0.017
5et5A_3ifaA,005,666.0,325.0,0.336,0.307,0.447,0.401,0.014,0.014,0.011,004; 006; 004; 006; 005; 005; 001; 001; 003; 003,0.93; 0.93; 0.93; 0.93; 0.91; 0.91; 0.80; 0.80; 0.72; 0.71,0.89; 0.90; 0.89; 0.90; 0.87; 0.87; 0.71; 0.71; 0.63; 0.63,15.006,7.76,1.0,0.001,-0.013,0.0,0.002
5et5A_3ifaA,006,656.0,323.0,0.307,0.28,0.542,0.49,0.008,0.008,0.007,006; 006; 002; 002; 001; 001; 003; 003; 004; 004,0.94; 0.94; 0.94; 0.94; 0.93; 0.93; 0.92; 0.92; 0.91; 0.91,0.90; 0.90; 0.91; 0.91; 0.83; 0.83; 0.89; 0.89; 0.86; 0.86,15.659,4.746,1.0,0.004,0.011,0.0,-0.008
5et5A_3ifaA,007,632.0,354.0,0.243,0.242,0.629,0.562,0.021,0.021,0.025,002; 002; 006; 006; 003; 003; 001; 004; 001; 004,0.89; 0.89; 0.88; 0.88; 0.87; 0.87; 0.86; 0.86; 0.86; 0.86,0.84; 0.84; 0.84; 0.84; 0.81; 0.81; 0.77; 0.78; 0.77; 0.78,16.852,8.188,1.0,-0.004,-0.021,0.0,-0.021
5et5A_3ifaA,008,629.0,82.0,0.23,0.221,0.317,0.294,0.026,0.026,0.03,004; 004; 007; 007; 006; 006; 001; 001; 002; 002,0.96; 0.96; 0.92; 0.92; 0.90; 0.90; 0.88; 0.88; 0.78; 0.78,0.92; 0.92; 0.87; 0.87; 0.86; 0.86; 0.78; 0.78; 0.69; 0.69,12.691,5.378,1.0,-0.027,-0.027,0.0,-0.006
5et5A_3ifaA,009,603.0,163.0,0.248,0.206,0.36,0.327,0.025,0.024,0.024,003; 003; 001; 005; 001; 005; 007; 007; 002; 002,0.94; 0.94; 0.92; 0.92; 0.92; 0.92; 0.91; 0.91; 0.85; 0.85,0.91; 0.91; 0.82; 0.89; 0.82; 0.89; 0.88; 0.88; 0.75; 0.75,15.755,9.512,1.0,-0.018,0.026,0.0,-0.004
5et5A_3ifaA,010,578.0,136.0,0.288,0.277,0.301,0.276,0.019,0.022,0.021,002; 002; 003; 003; 001; 001; 004; 004; 007; 007,0.93; 0.93; 0.92; 0.92; 0.87; 0.87; 0.81; 0.81; 0.76; 0.76,0.89; 0.89; 0.88; 0.88; 0.78; 0.78; 0.76; 0.76; 0.69; 0.69,16.724,9.567,1.0,-0.018,0.026,0.0,-0.016
5et5A_3ifaA,011,553.0,92.0,0.263,0.251,0.279,0.265,0.044,0.043,0.044,002; 002; 001; 001; 003; 003; 007; 007; 004; 004,0.94; 0.94; 0.92; 0.92; 0.86; 0.86; 0.80; 0.80; 0.77; 0.77,0.92; 0.92; 0.81; 0.81; 0.81; 0.81; 0.74; 0.74; 0.72; 0.72,15.137,7.266,0.9,0.001,-0.027,0.0,0.024
5et5A_3ifaA,012,533.0,281.0,0.26,0.211,0.294,0.282,0.026,0.025,0.028,004; 004; 007; 007; 001; 005; 001; 005; 003; 003,0.95; 0.94; 0.93; 0.93; 0.90; 0.90; 0.90; 0.90; 0.62; 0.62,0.91; 0.91; 0.88; 0.88; 0.80; 0.82; 0.80; 0.83; 0.54; 0.55,16.877,6.687,1.0,-0.04,-0.014,0.0,-0.009
5et5A_3ifaA,013,509.0,272.0,0.214,0.192,0.222,0.216,0.016,0.015,0.015,001; 007; 007; 003; 001; 003; 004; 004; 006; 006,0.92; 0.92; 0.92; 0.92; 0.92; 0.92; 0.91; 0.91; 0.90; 0.90,0.82; 0.90; 0.90; 0.87; 0.81; 0.87; 0.87; 0.87; 0.85; 0.85,12.209,6.505,0.9,-0.016,0.005,0.0,-0.005
5et5A_3ifaA,014,466.0,217.0,0.307,0.29,0.265,0.237,0.0,0.0,0.0,007; 007; 008; 008; 005; 005; 010; 010; 004; 009,0.91; 0.91; 0.89; 0.89; 0.86; 0.86; 0.84; 0.84; 0.83; 0.83,0.85; 0.85; 0.83; 0.83; 0.79; 0.79; 0.77; 0.77; 0.78; 0.77,13.991,8.651,1.0,-0.018,-0.004,0.0,-0.017
5et5A_3ifaA,015,452.0,119.0,0.345,0.309,0.696,0.613,0.046,0.048,0.046,005; 005; 004; 004; 001; 001; 002; 002; 003; 003,0.94; 0.94; 0.91; 0.91; 0.90; 0.90; 0.84; 0.84; 0.71; 0.71,0.91; 0.91; 0.84; 0.84; 0.80; 0.80; 0.75; 0.75; 0.64; 0.63,12.957,8.458,0.9,-0.019,0.026,0.0,-0.005
5et5A_3ifaA,016,420.0,167.0,0.242,0.224,0.344,0.31,0.039,0.038,0.031,005; 005; 004; 004; 006; 006; 007; 007; 001; 001,0.94; 0.94; 0.93; 0.93; 0.93; 0.93; 0.92; 0.92; 0.90; 0.90,0.91; 0.91; 0.90; 0.90; 0.89; 0.89; 0.88; 0.88; 0.80; 0.80,9.677,5.334,1.0,-0.025,-0.026,0.0,-0.01
5et5A_3ifaA,017,408.0,152.0,0.336,0.303,0.246,0.253,0.027,0.026,0.023,006; 006; 004; 004; 001; 001; 003; 003; 007; 007,0.93; 0.93; 0.91; 0.91; 0.90; 0.90; 0.89; 0.89; 0.80; 0.80,0.88; 0.88; 0.87; 0.87; 0.80; 0.80; 0.86; 0.86; 0.75; 0.75,12.605,5.639,1.0,-0.028,-0.019,0.0,-0.013
5et5A_3ifaA,018,392.0,30.0,0.255,0.201,0.519,0.484,0.035,0.034,0.036,004; 004; 009; 007; 009; 007; 005; 008; 008; 005,0.94; 0.94; 0.93; 0.93; 0.93; 0.93; 0.92; 0.92; 0.92; 0.92,0.91; 0.91; 0.90; 0.91; 0.90; 0.91; 0.88; 0.88; 0.88; 0.88,11.131,7.319,0.9,0.046,-0.023,0.0,-0.017
5et5A_3ifaA,019,356.0,157.0,0.288,0.255,0.396,0.366,0.012,0.012,0.013,003; 003; 001; 007; 007; 001; 005; 005; 004; 004,0.95; 0.95; 0.94; 0.94; 0.94; 0.94; 0.91; 0.91; 0.90; 0.90,0.93; 0.93; 0.84; 0.90; 0.90; 0.84; 0.86; 0.86; 0.87; 0.87,18.081,8.614,1.0,0.004,0.016,0.0,-0.029
5et5A_3ifaA,020,352.0,110.0,0.28,0.263,0.296,0.264,,,,,,,11.415,7.938,0.9,-0.008,-0.01,,-0.013
5et5A_3ifaA,021,326.0,29.0,0.258,0.243,0.669,0.603,,,,,,,15.591,9.05,1.0,-0.031,0.021,,-0.017
5et5A_3ifaA,022,324.0,124.0,0.393,0.359,0.453,0.405,,,,,,,16.59,9.011,1.0,-0.0,0.023,,-0.013
5et5A_3ifaA,023,317.0,34.0,0.23,0.242,0.255,0.251,,,,,,,11.696,6.902,1.0,-0.002,-0.023,,-0.015
5et5A_3ifaA,024,309.0,39.0,0.29,0.264,0.386,0.348,,,,,,,8.898,6.615,1.0,-0.012,-0.025,,-0.014
5et5A_3ifaA,025,307.0,76.0,0.233,0.23,0.291,0.28,,,,,,,13.217,7.551,1.0,-0.03,-0.007,,-0.046
5et5A_3ifaA,026,295.0,62.0,0.262,0.257,0.57,0.51,,,,,,,12.672,10.314,0.9,0.002,0.021,,-0.01
5et5A_3ifaA,027,287.0,43.0,0.235,0.211,0.26,0.244,,,,,,,12.63,6.819,0.9,-0.006,0.014,,-0.012
5et5A_3ifaA,028,284.0,154.0,0.268,0.251,0.305,0.282,,,,,,,15.27,11.272,0.9,-0.018,-0.002,,-0.021
5et5A_3ifaA,029,270.0,178.0,0.273,0.245,0.486,0.426,,,,,,,13.272,8.238,1.0,-0.008,-0.021,,-0.006
5et5A_3ifaA,030,264.0,78.0,0.277,0.263,0.329,0.287,,,,,,,16.263,9.816,0.9,-0.027,0.018,,-0.013
5et5A_3ifaA,031,263.0,124.0,0.223,0.201,0.235,0.226,,,,,,,14.476,7.533,1.0,0.003,0.018,,-0.012
5et5A_3ifaA,032,260.0,79.0,0.462,0.412,0.865,0.762,,,,,,,15.569,7.416,1.0,-0.034,0.014,,-0.003
5et5A_3ifaA,033,248.0,86.0,0.321,0.245,0.321,0.3,,,,,,,10.969,8.7,0.9,-0.004,0.018,,-0.013
5et5A_3ifaA,034,246.0,72.0,0.302,0.278,0.54,0.484,,,,,,,17.537,8.822,1.0,-0.007,0.016,,0.005
5et5A_3ifaA,035,241.0,56.0,0.354,0.329,0.822,0.743,,,,,,,13.715,9.486,0.8,0.011,-0.02,,-0.009
5et5A_3ifaA,036,238.0,142.0,0.34,0.305,0.465,0.414,,,,,,,17.682,9.759,0.9,-0.018,0.021,,-0.005
5et5A_3ifaA,037,236.0,85.0,0.313,0.288,0.297,0.283,,,,,,,16.361,10.228,0.9,-0.015,-0.013,,0.009
5et5A_3ifaA,038,232.0,89.0,0.288,0.287,0.281,0.288,,,,,,,13.603,7.082,0.9,-0.012,0.026,,-0.015
5et5A_3ifaA,039,232.0,29.0,0.273,0.269,0.303,0.3,,,,,,,14.087,7.898,1.0,-0.003,0.01,,-0.015
5et5A_3ifaA,040,230.0,110.0,0.303,0.277,0.281,0.259,,,,,,,20.338,8.533,1.0,0.006,0.02,,-0.002
5et5A_3ifaA,041,230.0,64.0,0.252,0.242,0.265,0.255,,,,,,,14.83,9.07,1.0,-0.015,0.023,,-0.014
5et5A_3ifaA,042,227.0,38.0,0.336,0.323,0.334,0.305,,,,,,,14.133,7.981,0.9,-0.009,0.027,,-0.011
5et5A_3ifaA,043,226.0,69.0,0.272,0.261,0.271,0.246,,,,,,,17.65,6.448,1.0,-0.012,0.027,,-0.018
5et5A_3ifaA,044,223.0,117.0,0.327,0.305,0.805,0.706,,,,,,,14.71,5.87,1.0,-0.001,0.026,,-0.008
5et5A_3ifaA,045,221.0,108.0,0.45,0.413,0.742,0.662,,,,,,,13.849,5.18,1.0,-0.0,0.026,,-0.01
5et5A_3ifaA,046,216.0,65.0,0.26,0.249,0.285,0.26,,,,,,,14.688,8.569,1.0,-0.028,-0.014,,0.001
5et5A_3ifaA,047,216.0,88.0,0.27,0.246,0.333,0.308,,,,,,,17.657,11.199,1.0,0.001,0.021,,-0.0
5et5A_3ifaA,048,202.0,44.0,0.274,0.241,0.307,0.273,,,,,,,10.384,8.237,0.9,0.015,-0.022,,-0.024
5et5A_3ifaA,049,192.0,17.0,0.299,0.238,0.314,0.269,,,,,,,9.103,6.093,0.8,-0.017,-0.022,,-0.044
5et5A_3ifaA,050,192.0,81.0,0.402,0.4,0.96,0.925,,,,,,,14.658,7.08,0.9,-0.01,-0.023,,-0.019
5et5A_3ifaA,051,189.0,76.0,0.236,0.216,0.28,0.267,,,,,,,11.592,6.671,0.9,-0.027,0.014,,-0.004
5et5A_3ifaA,052,188.0,68.0,0.364,0.332,0.378,0.343,,,,,,,14.233,8.105,1.0,-0.003,0.026,,-0.009
5et5A_3ifaA,053,188.0,63.0,0.251,0.255,0.31,0.285,,,,,,,8.594,5.482,0.9,-0.0,0.018,,-0.011
5et5A_3ifaA,054,186.0,33.0,0.303,0.3,0.323,0.303,,,,,,,10.322,6.282,0.9,0.003,-0.012,,-0.012
5et5A_3ifaA,055,182.0,32.0,0.289,0.27,0.521,0.483,,,,,,,12.782,7.788,1.0,-0.016,-0.003,,-0.014
5et5A_3ifaA,056,179.0,49.0,0.276,0.25,0.304,0.279,,,,,,,13.512,9.871,0.9,0.04,-0.022,,-0.017
5et5A_3ifaA,057,176.0,73.0,0.262,0.243,0.252,0.263,,,,,,,12.579,7.673,1.0,-0.003,-0.013,,-0.02
5et5A_3ifaA,058,176.0,62.0,0.226,0.219,0.257,0.225,,,,,,,13.42,6.77,1.0,-0.02,-0.018,,-0.056
5et5A_3ifaA,059,176.0,68.0,0.246,0.222,0.428,0.387,,,,,,,8.55,6.157,0.9,-0.003,-0.002,,-0.012
5et5A_3ifaA,060,172.0,66.0,0.303,0.284,0.273,0.29,,,,,,,15.967,9.414,1.0,-0.072,0.02,,-0.013
5et5A_3ifaA,061,172.0,105.0,0.359,0.326,0.761,0.669,,,,,,,14.738,9.372,0.9,-0.001,0.026,,-0.016
5et5A_3ifaA,062,171.0,35.0,0.249,0.243,0.432,0.415,,,,,,,11.498,7.371,1.0,0.004,-0.01,,-0.012
5et5A_3ifaA,063,169.0,26.0,0.247,0.248,0.247,0.221,,,,,,,12.434,8.728,0.9,-0.01,0.014,,-0.006
5et5A_3ifaA,064,169.0,38.0,0.252,0.239,0.317,0.285,,,,,,,12.422,9.789,0.9,-0.024,-0.004,,-0.014
5et5A_3ifaA,065,166.0,69.0,0.335,0.313,0.407,0.369,,,,,,,17.766,7.324,1.0,-0.007,0.022,,-0.008
5et5A_3ifaA,066,165.0,44.0,0.293,0.28,0.489,0.441,,,,,,,8.64,5.417,0.9,-0.007,0.024,,-0.017
5et5A_3ifaA,067,160.0,60.0,0.345,0.319,0.53,0.471,,,,,,,15.632,8.762,1.0,-0.003,0.023,,-0.003
5et5A_3ifaA,068,153.0,62.0,0.379,0.355,0.802,0.719,,,,,,,13.951,7.598,0.9,-0.019,-0.016,,-0.009
5et5A_3ifaA,069,146.0,78.0,0.23,0.227,0.257,0.252,,,,,,,13.909,9.3,0.9,0.061,-0.02,,-0.003
5et5A_3ifaA,070,141.0,65.0,0.262,0.247,0.255,0.264,,,,,,,15.166,7.839,1.0,-0.056,0.02,,0.012
5et5A_3ifaA,071,137.0,26.0,0.254,0.232,0.351,0.327,,,,,,,10.45,6.761,1.0,-0.001,-0.009,,-0.006
5et5A_3ifaA,072,136.0,57.0,0.265,0.243,0.298,0.292,,,,,,,16.012,9.82,1.0,-0.025,0.013,,-0.012
5et5A_3ifaA,073,135.0,60.0,0.392,0.361,0.498,0.448,,,,,,,13.76,6.759,1.0,-0.008,0.021,,-0.031
5et5A_3ifaA,074,131.0,61.0,0.938,0.906,0.966,0.937,,,,,,,14.234,9.329,0.9,-0.021,-0.023,,-0.004
5et5A_3ifaA,075,130.0,46.0,0.213,0.19,0.259,0.256,,,,,,,16.368,9.166,1.0,-0.003,-0.002,,-0.009
5et5A_3ifaA,076,127.0,45.0,0.297,0.282,0.23,0.225,,,,,,,17.208,9.88,1.0,-0.034,-0.014,,-0.015
5et5A_3ifaA,077,127.0,16.0,0.279,0.255,0.34,0.343,,,,,,,4.19,3.657,0.8,-0.008,0.021,,-0.012
5et5A_3ifaA,078,126.0,56.0,0.367,0.326,0.378,0.347,,,,,,,11.316,7.514,0.9,-0.013,0.02,,-0.022
5et5A_3ifaA,079,125.0,26.0,0.316,0.273,0.298,0.269,,,,,,,8.905,4.578,0.9,-0.004,0.01,,-0.007
5et5A_3ifaA,080,118.0,71.0,0.543,0.492,0.773,0.684,,,,,,,15.594,5.803,1.0,-0.032,0.019,,-0.013
5et5A_3ifaA,081,115.0,49.0,0.344,0.337,0.378,0.342,,,,,,,14.348,8.838,1.0,-0.03,0.01,,-0.016
5et5A_3ifaA,082,114.0,42.0,0.214,0.201,0.313,0.299,,,,,,,10.757,6.377,1.0,-0.032,-0.007,,-0.013
5et5A_3ifaA,083,112.0,40.0,0.261,0.242,0.285,0.26,,,,,,,12.522,7.931,1.0,0.005,0.004,,-0.004
5et5A_3ifaA,084,111.0,40.0,0.323,0.295,0.347,0.314,,,,,,,17.241,9.169,1.0,-0.003,0.027,,-0.012
5et5A_3ifaA,085,109.0,38.0,0.282,0.268,0.549,0.499,,,,,,,12.814,9.3,0.9,0.001,0.005,,-0.086
5et5A_3ifaA,086,108.0,48.0,0.235,0.239,0.301,0.28,,,,,,,12.017,6.673,1.0,-0.012,-0.017,,-0.013
5et5A_3ifaA,087,106.0,45.0,0.638,0.64,0.957,0.933,,,,,,,17.56,7.64,1.0,-0.008,0.009,,-0.011
5et5A_3ifaA,088,103.0,51.0,0.512,0.464,0.828,0.728,,,,,,,13.51,6.59,1.0,-0.003,0.02,,-0.019
5et5A_3ifaA,089,103.0,39.0,0.281,0.264,0.262,0.281,,,,,,,12.335,8.636,1.0,-0.028,-0.018,,-0.04
5et5A_3ifaA,090,103.0,21.0,0.209,0.209,0.242,0.238,,,,,,,13.397,9.394,1.0,-0.031,-0.012,,-0.013
5et5A_3ifaA,091,103.0,38.0,0.283,0.27,0.538,0.482,,,,,,,15.346,8.196,1.0,-0.015,0.024,,-0.071
5et5A_3ifaA,092,98.0,46.0,0.279,0.278,0.545,0.486,,,,,,,13.23,6.995,1.0,0.016,0.002,,0.017
5et5A_3ifaA,093,95.0,42.0,0.323,0.301,0.308,0.29,,,,,,,15.731,10.489,0.9,0.003,0.024,,-0.009
5et5A_3ifaA,094,89.0,41.0,0.336,0.311,0.3,0.222,,,,,,,14.293,6.019,1.0,0.009,0.019,,-0.004
5et5A_3ifaA,095,86.0,50.0,0.293,0.286,0.459,0.412,,,,,,,7.547,6.121,0.9,-0.048,-0.011,,-0.031
5et5A_3ifaA,096,78.0,44.0,0.287,0.273,0.338,0.328,,,,,,,10.47,5.725,1.0,-0.019,-0.024,,-0.013
5et5A_3ifaA,097,76.0,38.0,0.251,0.24,0.307,0.276,,,,,,,10.271,5.355,1.0,0.006,-0.005,,-0.011
5et5A_3ifaA,098,55.0,23.0,0.303,0.295,0.351,0.329,,,,,,,10.984,8.319,0.9,-0.047,-0.023,,-0.012
5et5A_3ifaA,099,55.0,32.0,0.21,0.232,0.265,0.286,,,,,,,12.573,5.049,1.0,-0.001,0.026,,-0.006
5f5rB_5f3kA,Deep,,,0.938,0.798,0.928,0.795,0.032,0.028,0.032,,,,,,,,-0.052,-0.021,
5f5rB_5f3kA,000,1176.0,604.0,0.571,0.614,0.74,0.734,0.0,0.0,0.0,001; 001; 004; 004; 003; 003; 009; 009; 002; 002,0.85; 0.85; 0.79; 0.79; 0.74; 0.74; 0.66; 0.66; 0.65; 0.65,0.76; 0.76; 0.75; 0.75; 0.73; 0.73; 0.66; 0.66; 0.74; 0.74,-14.677,9.622,0.0,0.09,-0.052,-0.016,0.03
5f5rB_5f3kA,001,1166.0,476.0,0.682,0.735,0.73,0.733,0.005,0.004,0.008,008; 003; 008; 003; 001; 001; 007; 007; 002; 002,0.73; 0.73; 0.73; 0.73; 0.70; 0.70; 0.69; 0.68; 0.59; 0.59,0.74; 0.72; 0.74; 0.72; 0.74; 0.74; 0.69; 0.69; 0.61; 0.61,-18.608,10.336,0.1,0.0,-0.051,0.0,0.011
5f5rB_5f3kA,002,1148.0,629.0,0.711,0.779,0.71,0.768,0.008,0.006,0.007,001; 001; 004; 004; 005; 005; 007; 007; 003; 003,0.87; 0.87; 0.74; 0.74; 0.71; 0.71; 0.69; 0.69; 0.66; 0.66,0.77; 0.77; 0.73; 0.73; 0.70; 0.70; 0.69; 0.69; 0.70; 0.70,-13.623,4.828,0.0,0.105,-0.052,0.0,0.004
5f5rB_5f3kA,003,998.0,717.0,0.646,0.659,0.677,0.729,0.063,0.056,0.054,001; 001; 003; 003; 004; 004; 006; 006; 005; 005,0.81; 0.81; 0.80; 0.80; 0.79; 0.79; 0.67; 0.67; 0.52; 0.52,0.78; 0.78; 0.77; 0.77; 0.77; 0.77; 0.71; 0.71; 0.58; 0.58,-15.625,7.436,0.0,0.012,-0.051,0.0,0.002
5f5rB_5f3kA,004,897.0,465.0,0.569,0.625,0.654,0.676,0.0,0.0,0.0,001; 001; 004; 004; 002; 007; 007; 002; 009; 009,0.82; 0.82; 0.81; 0.81; 0.67; 0.67; 0.67; 0.67; 0.45; 0.45,0.77; 0.77; 0.78; 0.78; 0.70; 0.67; 0.67; 0.70; 0.48; 0.48,-18.599,10.27,0.1,0.053,-0.051,0.0,-0.002
5f5rB_5f3kA,005,893.0,339.0,0.688,0.715,0.699,0.718,0.0,0.0,0.0,001; 001; 003; 003; 010; 010; 004; 004; 005; 005,0.78; 0.78; 0.77; 0.77; 0.76; 0.76; 0.75; 0.75; 0.58; 0.58,0.73; 0.73; 0.74; 0.74; 0.73; 0.73; 0.74; 0.74; 0.58; 0.58,-18.619,6.004,0.0,-0.003,0.024,0.0,0.039
5f5rB_5f3kA,006,852.0,437.0,0.7,0.69,0.765,0.732,0.012,0.008,0.014,001; 001; 004; 004; 002; 002; 008; 008; 003; 003,0.83; 0.83; 0.80; 0.80; 0.78; 0.78; 0.70; 0.70; 0.62; 0.62,0.74; 0.74; 0.75; 0.75; 0.74; 0.74; 0.76; 0.76; 0.60; 0.60,-18.247,8.183,0.0,-0.003,0.02,0.0,0.042
5f5rB_5f3kA,007,852.0,269.0,0.391,0.451,0.597,0.699,0.0,0.0,0.0,004; 004; 001; 001; 003; 003; 007; 007; 005; 005,0.77; 0.77; 0.75; 0.75; 0.74; 0.74; 0.68; 0.68; 0.61; 0.61,0.73; 0.73; 0.75; 0.75; 0.74; 0.74; 0.70; 0.70; 0.66; 0.66,-9.756,7.647,0.0,0.099,-0.051,0.0,-0.011
5f5rB_5f3kA,008,761.0,373.0,0.479,0.485,0.683,0.696,0.011,0.012,0.014,001; 001; 003; 003; 002; 002; 006; 006; 005; 005,0.82; 0.82; 0.78; 0.78; 0.71; 0.71; 0.65; 0.65; 0.63; 0.63,0.74; 0.74; 0.73; 0.73; 0.75; 0.75; 0.69; 0.69; 0.66; 0.66,-12.182,8.002,0.1,0.082,-0.051,0.0,0.017
5f5rB_5f3kA,009,673.0,404.0,0.651,0.734,0.68,0.754,0.0,0.008,0.0,001; 001; 007; 007; 004; 004; 009; 009; 002; 006,0.76; 0.76; 0.74; 0.74; 0.71; 0.71; 0.68; 0.68; 0.57; 0.57,0.74; 0.74; 0.74; 0.74; 0.69; 0.69; 0.67; 0.67; 0.62; 0.60,-14.771,6.924,0.0,0.012,-0.051,0.0,-0.02
5f5rB_5f3kA,010,673.0,405.0,0.615,0.686,0.726,0.713,0.005,0.004,0.009,001; 001; 003; 003; 004; 004; 002; 002; 009; 009,0.83; 0.83; 0.79; 0.79; 0.74; 0.74; 0.66; 0.66; 0.64; 0.64,0.75; 0.75; 0.76; 0.76; 0.74; 0.74; 0.66; 0.66; 0.69; 0.69,-14.166,5.561,0.0,-0.022,-0.051,0.0,-0.005
5f5rB_5f3kA,011,589.0,319.0,0.631,0.707,0.651,0.724,0.005,0.004,0.009,001; 001; 005; 005; 002; 002; 007; 007; 006; 006,0.81; 0.81; 0.76; 0.76; 0.75; 0.75; 0.65; 0.65; 0.63; 0.63,0.72; 0.72; 0.76; 0.76; 0.75; 0.75; 0.64; 0.64; 0.70; 0.70,-13.197,4.277,0.0,0.024,-0.051,0.0,-0.02
5f5rB_5f3kA,012,581.0,448.0,0.212,0.248,0.259,0.295,0.02,0.019,0.017,001; 001; 003; 003; 006; 006; 009; 009; 002; 002,0.87; 0.87; 0.71; 0.71; 0.66; 0.66; 0.62; 0.62; 0.55; 0.54,0.79; 0.79; 0.75; 0.75; 0.72; 0.72; 0.65; 0.65; 0.60; 0.58,-14.778,5.702,0.0,0.043,-0.051,0.0,0.001
5f5rB_5f3kA,013,567.0,335.0,0.72,0.712,0.743,0.724,0.026,0.023,0.022,001; 001; 002; 002; 004; 004; 003; 003; 009; 009,0.81; 0.81; 0.78; 0.78; 0.77; 0.77; 0.74; 0.74; 0.69; 0.69,0.75; 0.75; 0.77; 0.77; 0.74; 0.74; 0.74; 0.74; 0.71; 0.71,-12.616,4.114,0.0,-0.062,-0.04,0.0,0.042
5f5rB_5f3kA,014,550.0,295.0,0.632,0.627,0.664,0.721,0.046,0.041,0.039,001; 003; 001; 003; 004; 004; 010; 010; 008; 008,0.82; 0.82; 0.82; 0.82; 0.74; 0.74; 0.66; 0.66; 0.65; 0.65,0.75; 0.75; 0.75; 0.75; 0.74; 0.74; 0.68; 0.68; 0.68; 0.68,-9.286,6.651,0.1,-0.032,-0.051,0.0,0.007
5f5rB_5f3kA,015,524.0,272.0,0.708,0.707,0.754,0.748,0.006,0.004,0.005,001; 001; 004; 004; 005; 005; 010; 010; 002; 002,0.82; 0.82; 0.78; 0.78; 0.75; 0.75; 0.71; 0.71; 0.45; 0.45,0.73; 0.73; 0.77; 0.77; 0.75; 0.75; 0.73; 0.73; 0.42; 0.42,-16.523,9.175,0.0,0.125,-0.025,0.0,0.023
5f5rB_5f3kA,016,524.0,123.0,0.252,0.26,0.382,0.372,0.0,0.0,0.0,001; 001; 003; 002; 003; 002; 008; 008; 009; 009,0.81; 0.81; 0.78; 0.78; 0.78; 0.78; 0.77; 0.77; 0.70; 0.70,0.78; 0.78; 0.73; 0.76; 0.73; 0.76; 0.73; 0.73; 0.72; 0.72,-7.979,5.273,0.1,0.12,-0.052,0.0,0.016
5f5rB_5f3kA,017,511.0,121.0,0.519,0.549,0.686,0.683,0.0,0.0,0.009,007; 007; 002; 002; 001; 001; 006; 006; 003; 003,0.86; 0.86; 0.86; 0.86; 0.82; 0.82; 0.81; 0.81; 0.53; 0.53,0.77; 0.77; 0.74; 0.74; 0.77; 0.77; 0.77; 0.77; 0.55; 0.55,-16.366,8.849,0.0,0.058,-0.045,0.0,-0.018
5f5rB_5f3kA,018,494.0,337.0,0.529,0.595,0.553,0.617,0.0,0.0,0.008,001; 001; 005; 005; 004; 004; 002; 002; 008; 008,0.86; 0.86; 0.80; 0.80; 0.78; 0.78; 0.71; 0.71; 0.63; 0.63,0.76; 0.76; 0.76; 0.76; 0.76; 0.76; 0.73; 0.73; 0.68; 0.68,-11.258,8.399,0.0,-0.011,-0.052,0.0,-0.024
5f5rB_5f3kA,019,463.0,197.0,0.471,0.535,0.616,0.695,,,,,,,-9.204,6.268,0.1,0.136,-0.051,0.0,
5f5rB_5f3kA,020,447.0,96.0,0.44,0.557,0.564,0.598,,,,,,,-14.874,7.464,0.0,-0.022,-0.05,0.0,0.011
5f5rB_5f3kA,021,387.0,229.0,0.734,0.679,0.796,0.73,,,,,,,-14.0,9.456,0.1,0.138,-0.05,0.0,0.0
5f5rB_5f3kA,022,385.0,204.0,0.384,0.426,0.645,0.728,,,,,,,-11.909,6.78,0.0,0.01,-0.048,0.0,-0.002
5f5rB_5f3kA,023,372.0,224.0,0.6,0.66,0.627,0.663,,,,,,,-11.441,3.707,0.0,0.112,0.013,0.0,0.006
5f5rB_5f3kA,024,367.0,264.0,0.224,0.237,0.288,0.322,,,,,,,-19.426,8.498,0.0,0.008,0.041,0.0,0.003
5f5rB_5f3kA,025,365.0,209.0,0.638,0.742,0.732,0.735,,,,,,,-13.518,6.468,0.1,-0.009,-0.047,0.0,-0.006
5f5rB_5f3kA,026,355.0,235.0,0.322,0.346,0.327,0.325,,,,,,,-16.146,6.677,0.0,-0.013,-0.05,0.0,0.003
5f5rB_5f3kA,027,353.0,216.0,0.613,0.703,0.651,0.724,,,,,,,-14.935,5.373,0.0,0.067,-0.05,0.0,-0.009
5f5rB_5f3kA,028,345.0,130.0,0.616,0.633,0.638,0.688,,,,,,,-14.01,7.57,0.0,0.014,-0.003,0.0,-0.001
5f5rB_5f3kA,029,339.0,218.0,0.647,0.71,0.687,0.713,,,,,,,-13.594,4.635,0.0,0.088,0.001,0.0,-0.004
5f5rB_5f3kA,030,336.0,205.0,0.645,0.707,0.682,0.75,,,,,,,-17.635,7.709,0.0,0.016,-0.047,,0.011
5f5rB_5f3kA,031,330.0,52.0,0.549,0.572,0.725,0.678,,,,,,,-12.932,7.957,0.0,-0.023,-0.019,,0.028
5f5rB_5f3kA,032,314.0,187.0,0.298,0.303,0.462,0.498,,,,,,,-16.037,7.102,0.0,0.002,-0.051,,0.002
5f5rB_5f3kA,033,310.0,109.0,0.624,0.697,0.513,0.578,,,,,,,-11.341,3.949,0.0,-0.023,-0.044,,0.002
5f5rB_5f3kA,034,307.0,190.0,0.624,0.698,0.737,0.683,,,,,,,-12.326,6.864,0.0,0.151,-0.047,,0.035
5f5rB_5f3kA,035,305.0,200.0,0.607,0.621,0.643,0.713,,,,,,,-10.457,8.263,0.0,0.023,-0.051,,0.018
5f5rB_5f3kA,036,289.0,126.0,0.353,0.382,0.655,0.686,,,,,,,-14.351,5.346,0.0,0.035,-0.031,,0.003
5f5rB_5f3kA,037,287.0,161.0,0.497,0.555,0.656,0.736,,,,,,,-12.684,9.313,0.1,0.05,-0.051,,0.014
5f5rB_5f3kA,038,286.0,121.0,0.485,0.536,0.676,0.718,,,,,,,-13.986,5.458,0.0,-0.016,-0.051,,0.004
5f5rB_5f3kA,039,274.0,152.0,0.644,0.731,0.648,0.722,,,,,,,-12.733,5.337,0.0,0.006,-0.051,,0.0
5f5rB_5f3kA,040,258.0,158.0,0.599,0.683,0.732,0.749,,,,,,,-9.298,5.477,0.0,0.116,-0.051,,0.035
5f5rB_5f3kA,041,257.0,79.0,0.308,0.343,0.354,0.384,,,,,,,-15.933,4.181,0.0,0.03,-0.043,,-0.01
5f5rB_5f3kA,042,250.0,124.0,0.628,0.707,0.652,0.747,,,,,,,-12.361,6.011,0.0,0.002,-0.021,,0.023
5f5rB_5f3kA,043,244.0,133.0,0.572,0.634,0.773,0.736,,,,,,,-11.216,6.827,0.0,0.008,-0.034,,-0.006
5f5rB_5f3kA,044,243.0,126.0,0.558,0.589,0.653,0.719,,,,,,,-12.298,4.853,0.0,-0.016,-0.051,,-0.01
5f5rB_5f3kA,045,242.0,161.0,0.253,0.269,0.31,0.308,,,,,,,-12.804,4.638,0.0,0.013,-0.052,,0.01
5f5rB_5f3kA,046,241.0,136.0,0.665,0.744,0.781,0.736,,,,,,,-9.97,5.551,0.1,-0.024,-0.052,,-0.01
5f5rB_5f3kA,047,240.0,138.0,0.257,0.258,0.256,0.283,,,,,,,-14.935,7.564,0.0,0.008,0.025,,-0.0
5f5rB_5f3kA,048,240.0,180.0,0.263,0.241,0.232,0.282,,,,,,,-15.967,6.746,0.0,-0.023,0.001,,0.031
5f5rB_5f3kA,049,234.0,95.0,0.287,0.279,0.68,0.696,,,,,,,-14.965,6.485,0.0,-0.015,-0.043,,0.024
5f5rB_5f3kA,050,229.0,114.0,0.583,0.628,0.653,0.701,,,,,,,-10.686,5.696,0.0,0.018,-0.052,,0.022
5f5rB_5f3kA,051,226.0,160.0,0.557,0.624,0.687,0.669,,,,,,,-14.757,7.907,0.1,-0.027,-0.036,,-0.004
5f5rB_5f3kA,052,223.0,137.0,0.605,0.665,0.661,0.72,,,,,,,-13.775,6.053,0.0,0.01,-0.052,,0.007
5f5rB_5f3kA,053,221.0,104.0,0.688,0.749,0.689,0.794,,,,,,,-12.999,5.738,0.0,-0.029,0.0,,0.01
5f5rB_5f3kA,054,221.0,115.0,0.334,0.337,0.65,0.684,,,,,,,-12.126,5.577,0.0,-0.022,-0.049,,0.011
5f5rB_5f3kA,055,207.0,144.0,0.599,0.686,0.666,0.754,,,,,,,-11.288,5.304,0.1,-0.047,-0.036,,0.003
5f5rB_5f3kA,056,198.0,64.0,0.356,0.356,0.627,0.638,,,,,,,-12.932,5.059,0.0,-0.013,0.011,,-0.002
5f5rB_5f3kA,057,194.0,109.0,0.561,0.652,0.665,0.752,,,,,,,-12.555,7.083,0.0,-0.04,-0.052,,0.004
5f5rB_5f3kA,058,193.0,56.0,0.328,0.343,0.652,0.664,,,,,,,-13.572,5.662,0.0,0.007,-0.035,,0.005
5f5rB_5f3kA,059,190.0,128.0,0.77,0.766,0.734,0.808,,,,,,,-14.235,7.579,0.0,-0.011,-0.05,,0.023
5f5rB_5f3kA,060,188.0,67.0,0.232,0.266,0.722,0.731,,,,,,,-7.64,5.981,0.1,-0.001,-0.051,,-0.033
5f5rB_5f3kA,061,187.0,115.0,0.24,0.264,0.272,0.281,,,,,,,-14.933,9.637,0.1,-0.038,-0.028,,0.024
5f5rB_5f3kA,062,186.0,119.0,0.663,0.748,0.685,0.789,,,,,,,-11.029,7.468,0.1,0.039,-0.051,,-0.007
5f5rB_5f3kA,063,184.0,143.0,0.302,0.3,0.341,0.391,,,,,,,-16.892,6.119,0.0,-0.008,-0.051,,0.006
5f5rB_5f3kA,064,183.0,130.0,0.602,0.69,0.649,0.736,,,,,,,-10.23,4.233,0.0,-0.021,0.02,,0.014
5f5rB_5f3kA,065,172.0,67.0,0.571,0.657,0.615,0.629,,,,,,,-12.957,7.107,0.0,-0.018,0.023,,0.008
5f5rB_5f3kA,066,171.0,27.0,0.456,0.496,0.683,0.738,,,,,,,-1.479,3.722,0.3,-0.039,-0.051,,-0.012
5f5rB_5f3kA,067,167.0,87.0,0.614,0.671,0.75,0.752,,,,,,,-7.45,4.147,0.0,-0.038,-0.051,,0.012
5f5rB_5f3kA,068,159.0,70.0,0.516,0.534,0.682,0.724,,,,,,,-16.948,7.533,0.0,0.047,0.043,,-0.008
5f5rB_5f3kA,069,158.0,63.0,0.559,0.515,0.708,0.826,,,,,,,-13.174,9.639,0.1,0.033,-0.042,,0.013
5f5rB_5f3kA,070,149.0,80.0,0.32,0.348,0.356,0.404,,,,,,,-13.29,6.878,0.1,-0.016,0.01,,-0.036
5f5rB_5f3kA,071,147.0,108.0,0.337,0.355,0.477,0.544,,,,,,,-11.446,7.816,0.1,-0.012,-0.047,,0.0
5f5rB_5f3kA,072,135.0,88.0,0.733,0.658,0.828,0.742,,,,,,,-9.408,6.052,0.0,-0.025,-0.05,,0.032
5f5rB_5f3kA,073,134.0,71.0,0.595,0.659,0.676,0.748,,,,,,,-13.799,7.562,0.1,-0.033,-0.042,,0.006
5f5rB_5f3kA,074,130.0,50.0,0.4,0.426,0.618,0.706,,,,,,,-9.12,4.788,0.0,-0.04,-0.052,,0.001
5f5rB_5f3kA,075,130.0,70.0,0.637,0.706,0.658,0.717,,,,,,,-12.427,7.925,0.1,0.009,-0.051,,0.004
5f5rB_5f3kA,076,130.0,50.0,0.623,0.676,0.699,0.766,,,,,,,-18.207,7.641,0.0,-0.016,-0.046,,0.004
5f5rB_5f3kA,077,126.0,86.0,0.425,0.52,0.665,0.724,,,,,,,-13.397,5.646,0.0,-0.017,-0.047,,0.004
5f5rB_5f3kA,078,125.0,49.0,0.629,0.732,0.658,0.747,,,,,,,-10.688,4.958,0.0,0.005,-0.031,,0.009
5f5rB_5f3kA,079,122.0,64.0,0.586,0.634,0.626,0.63,,,,,,,-11.653,7.463,0.2,0.077,-0.049,,0.023
5f5rB_5f3kA,080,113.0,77.0,0.705,0.716,0.727,0.717,,,,,,,-12.598,7.958,0.1,-0.033,-0.041,,0.02
5f5rB_5f3kA,081,110.0,80.0,0.507,0.571,0.701,0.664,,,,,,,-10.242,4.618,0.0,0.008,-0.035,,0.014
5f5rB_5f3kA,082,109.0,62.0,0.622,0.673,0.349,0.393,,,,,,,-14.892,8.99,0.1,0.025,-0.01,,-0.0
5f5rB_5f3kA,083,108.0,50.0,0.493,0.525,0.603,0.649,,,,,,,-13.644,7.081,0.0,0.083,-0.045,,0.018
5f5rB_5f3kA,084,105.0,65.0,0.625,0.659,0.737,0.807,,,,,,,-11.259,3.938,0.0,-0.017,0.043,,0.025
5f5rB_5f3kA,085,103.0,46.0,0.482,0.497,0.611,0.635,,,,,,,-13.243,5.221,0.0,0.017,0.042,,0.012
5f5rB_5f3kA,086,101.0,49.0,0.632,0.674,0.698,0.794,,,,,,,-14.766,5.666,0.0,0.012,-0.052,,-0.003
5f5rB_5f3kA,087,98.0,28.0,0.272,0.263,0.629,0.638,,,,,,,-11.015,6.856,0.1,-0.036,0.049,,0.007
5f5rB_5f3kA,088,92.0,45.0,0.595,0.642,0.659,0.751,,,,,,,-12.825,3.945,0.0,-0.061,-0.052,,-0.009
5f5rB_5f3kA,089,88.0,75.0,0.792,0.751,0.863,0.789,,,,,,,-15.194,6.179,0.0,-0.024,0.015,,0.037
5f5rB_5f3kA,090,86.0,45.0,0.346,0.348,0.315,0.317,,,,,,,-13.578,6.797,0.0,-0.004,-0.049,,0.022
5f5rB_5f3kA,091,86.0,58.0,0.417,0.447,0.407,0.429,,,,,,,-10.461,3.354,0.0,-0.026,-0.046,,-0.001
5f5rB_5f3kA,092,84.0,36.0,0.439,0.434,0.269,0.253,,,,,,,-14.802,6.04,0.0,-0.038,0.021,,0.013
5f5rB_5f3kA,093,82.0,35.0,0.292,0.27,0.473,0.516,,,,,,,-13.864,10.593,0.0,-0.001,-0.04,,0.024
5f5rB_5f3kA,094,74.0,36.0,0.382,0.405,0.696,0.646,,,,,,,-12.723,5.523,0.0,-0.02,-0.052,,0.024
5f5rB_5f3kA,095,74.0,52.0,0.682,0.749,0.836,0.765,,,,,,,-12.525,4.772,0.0,0.057,-0.052,,0.023
5f5rB_5f3kA,096,68.0,34.0,0.703,0.727,0.726,0.736,,,,,,,-15.737,5.096,0.0,0.034,-0.037,,0.043
5f5rB_5f3kA,097,64.0,37.0,0.53,0.593,0.587,0.637,,,,,,,-11.86,4.859,0.0,-0.037,-0.052,,0.002
5f5rB_5f3kA,098,50.0,44.0,0.708,0.803,0.723,0.818,,,,,,,-12.345,3.289,0.0,-0.014,-0.051,,0.024
5f5rB_5f3kA,099,45.0,32.0,0.328,0.345,0.663,0.725,,,,,,,-18.444,7.006,0.0,0.07,-0.051,,0.018
5hk5H_4jphB,Deep,,,0.725,0.803,0.677,0.932,0.507,0.476,0.469,,,,,,,,0.052,0.0,
5hk5H_4jphB,000,223.0,42.0,0.364,0.358,0.353,0.353,0.2,0.192,0.192,001; 002; 002; 001; 009; 004; 009; 005; 004; 005,0.64; 0.64; 0.64; 0.64; 0.58; 0.58; 0.58; 0.57; 0.57; 0.57,0.61; 0.63; 0.63; 0.61; 0.61; 0.55; 0.61; 0.58; 0.55; 0.58,2.214,3.027,0.6,0.025,0.052,0.0,-0.009
5hk5H_4jphB,001,78.0,12.0,0.31,0.327,0.309,0.302,0.015,0.014,0.013,002; 002; 010; 010; 001; 001; 009; 009; 003; 003,0.63; 0.63; 0.61; 0.61; 0.58; 0.58; 0.57; 0.57; 0.52; 0.51,0.63; 0.63; 0.61; 0.61; 0.59; 0.59; 0.59; 0.59; 0.56; 0.56,-1.1,2.403,0.3,0.002,0.054,0.0,0.001
5hk5H_4jphB,002,78.0,6.0,0.318,0.338,0.526,0.517,0.0,0.0,0.0,002; 002; 010; 010; 001; 001; 009; 009; 003; 003,0.63; 0.63; 0.61; 0.61; 0.58; 0.58; 0.57; 0.57; 0.52; 0.51,0.63; 0.63; 0.61; 0.61; 0.59; 0.59; 0.59; 0.59; 0.56; 0.56,-0.766,1.466,0.2,0.002,0.051,0.0,-0.004
5hk5H_4jphB,003,75.0,1.0,0.229,0.229,0.32,0.253,0.0,0.0,0.0,002; 002; 001; 003; 001; 003; 010; 010; 005; 005,0.69; 0.69; 0.68; 0.68; 0.68; 0.68; 0.67; 0.67; 0.63; 0.63,0.77; 0.77; 0.77; 0.73; 0.77; 0.75; 0.67; 0.67; 0.69; 0.69,0.142,0.613,0.6,0.008,0.055,0.0,0.003
5hk5H_4jphB,004,69.0,11.0,0.224,0.245,0.245,0.253,0.0,0.0,0.0,001; 001; 004; 004; 005; 005; 007; 007; 006; 006,0.72; 0.72; 0.66; 0.66; 0.65; 0.65; 0.59; 0.59; 0.57; 0.57,0.78; 0.78; 0.77; 0.77; 0.73; 0.73; 0.67; 0.67; 0.66; 0.66,4.545,2.671,1.0,-0.036,0.049,0.0,-0.006
5hk5H_4jphB,005,66.0,5.0,0.196,0.209,0.208,0.23,0.0,0.0,0.0,008; 008; 003; 003; 001; 009; 009; 010; 001; 010,0.62; 0.62; 0.61; 0.61; 0.59; 0.59; 0.59; 0.59; 0.59; 0.59,0.69; 0.69; 0.70; 0.70; 0.71; 0.69; 0.69; 0.70; 0.71; 0.70,0.464,2.541,0.6,-0.01,0.03,0.0,-0.002
5hk5H_4jphB,006,65.0,22.0,0.278,0.294,0.37,0.41,0.201,0.183,0.238,002; 002; 003; 003; 010; 010; 009; 009; 006; 004,0.63; 0.63; 0.62; 0.62; 0.61; 0.61; 0.60; 0.60; 0.57; 0.57,0.63; 0.63; 0.64; 0.64; 0.61; 0.61; 0.62; 0.62; 0.57; 0.58,1.443,1.809,0.8,0.013,0.056,0.0,-0.003
5hk5H_4jphB,007,63.0,9.0,0.5,0.532,0.546,0.586,0.0,0.0,0.0,009; 009; 008; 008; 006; 006; 007; 007; 001; 001,0.69; 0.69; 0.66; 0.66; 0.65; 0.65; 0.61; 0.61; 0.60; 0.60,0.74; 0.74; 0.74; 0.74; 0.73; 0.73; 0.64; 0.64; 0.64; 0.64,3.9,1.451,1.0,0.031,0.055,0.0,-0.002
5hk5H_4jphB,008,58.0,7.0,0.344,0.391,0.312,0.301,0.0,0.0,0.0,008; 008; 006; 007; 007; 006; 001; 003; 003; 009,0.65; 0.65; 0.63; 0.63; 0.63; 0.63; 0.62; 0.62; 0.62; 0.61,0.74; 0.74; 0.72; 0.71; 0.71; 0.72; 0.72; 0.72; 0.72; 0.71,-3.505,1.361,0.0,0.034,0.063,0.0,0.0
5hk5H_4jphB,009,56.0,32.0,0.564,0.576,0.654,0.663,0.022,0.021,0.018,004; 004; 007; 007; 006; 006; 001; 001; 002; 002,0.69; 0.69; 0.65; 0.65; 0.62; 0.62; 0.60; 0.60; 0.59; 0.59,0.74; 0.74; 0.69; 0.69; 0.71; 0.71; 0.68; 0.68; 0.70; 0.70,1.059,2.876,0.5,0.108,0.053,0.0,0.011
5hk5H_4jphB,010,54.0,16.0,0.25,0.261,0.37,0.362,0.097,0.09,0.083,003; 003; 007; 007; 008; 002; 008; 002; 001; 001,0.68; 0.68; 0.65; 0.64; 0.63; 0.62; 0.62; 0.62; 0.58; 0.58,0.64; 0.64; 0.65; 0.65; 0.74; 0.66; 0.73; 0.66; 0.70; 0.70,3.629,1.359,1.0,0.011,0.032,0.0,-0.004
5hk5H_4jphB,011,48.0,9.0,0.342,0.38,0.526,0.584,0.0,0.0,0.0,005; 005; 002; 002; 001; 001; 007; 006; 006; 007,0.64; 0.64; 0.63; 0.63; 0.62; 0.62; 0.60; 0.60; 0.60; 0.60,0.71; 0.71; 0.70; 0.70; 0.71; 0.71; 0.72; 0.71; 0.71; 0.72,1.245,2.092,0.6,0.026,0.062,0.0,-0.006
5hk5H_4jphB,012,48.0,5.0,0.261,0.292,0.31,0.328,,,,004; 007; 006; 001; 002; 005; 009; 003; 008; 010,0.69; 0.65; 0.62; 0.60; 0.59; 0.59; 0.58; 0.56; 0.56; 0.56,0.74; 0.69; 0.71; 0.68; 0.70; 0.66; 0.67; 0.64; 0.66; 0.64,-1.331,1.698,0.4,0.011,0.055,0.0,0.004
5hk5H_4jphB,013,48.0,7.0,0.228,0.251,0.574,0.621,,,,004; 005; 008; 010; 001; 003; 007; 002; 006; 009,0.65; 0.64; 0.63; 0.63; 0.61; 0.61; 0.58; 0.55; 0.54; 0.52,0.71; 0.69; 0.63; 0.69; 0.71; 0.70; 0.64; 0.59; 0.57; 0.54,-4.725,0.603,0.0,-0.014,0.06,0.0,-0.004
5hk5H_4jphB,014,46.0,18.0,0.278,0.26,0.296,0.271,,,,005; 002; 001; 006; 007; 003; 009; 004; 010; 008,0.64; 0.63; 0.62; 0.60; 0.60; 0.59; 0.57; 0.55; 0.51; 0.48,0.71; 0.70; 0.71; 0.71; 0.72; 0.69; 0.63; 0.61; 0.58; 0.56,1.531,1.925,0.8,-0.038,0.04,0.0,-0.009
5hk5H_4jphB,015,46.0,4.0,0.266,0.248,0.303,0.311,,,,,,,2.17,1.704,0.9,-0.006,0.055,0.0,-0.002
5hk5H_4jphB,016,45.0,8.0,0.433,0.46,0.354,0.355,,,,,,,-0.459,1.441,0.4,0.008,0.063,,-0.013
5hk5H_4jphB,017,44.0,13.0,0.333,0.321,0.372,0.39,,,,,,,0.254,2.075,0.6,0.01,0.062,,-0.005
5hk5H_4jphB,018,41.0,21.0,0.628,0.63,0.579,0.604,,,,,,,0.54,2.242,0.4,0.071,0.058,,0.006
5hk5H_4jphB,019,40.0,7.0,0.277,0.297,0.291,0.322,,,,,,,2.375,1.389,0.9,0.001,0.03,,-0.001
5hk5H_4jphB,020,40.0,8.0,0.453,0.498,0.425,0.462,,,,,,,-2.336,1.492,0.1,0.056,0.074,,0.002
5hk5H_4jphB,021,39.0,15.0,0.215,0.217,0.201,0.202,,,,,,,2.571,1.325,1.0,-0.025,0.054,,0.001
5hk5H_4jphB,022,39.0,1.0,0.457,0.471,0.53,0.525,,,,,,,-3.099,1.176,0.0,-0.009,0.045,,0.002
5hk5H_4jphB,023,37.0,13.0,0.398,0.394,0.543,0.608,,,,,,,6.236,2.766,1.0,0.022,0.052,,-0.006
5hk5H_4jphB,024,37.0,4.0,0.322,0.337,0.349,0.358,,,,,,,-0.862,1.919,0.4,0.004,0.055,,-0.006
5hk5H_4jphB,025,37.0,1.0,0.378,0.387,0.656,0.612,,,,,,,0.091,0.397,0.7,-0.003,0.049,,-0.001
5hk5H_4jphB,026,36.0,8.0,0.273,0.285,0.582,0.669,,,,,,,1.538,2.614,0.7,-0.022,0.057,,-0.006
5hk5H_4jphB,027,36.0,10.0,0.28,0.299,0.354,0.356,,,,,,,2.724,2.685,0.8,-0.002,0.055,,-0.005
5hk5H_4jphB,028,36.0,3.0,0.246,0.264,0.281,0.274,,,,,,,4.086,1.314,1.0,-0.003,0.047,,0.002
5hk5H_4jphB,029,35.0,20.0,0.373,0.424,0.416,0.428,,,,,,,1.542,2.9,0.6,0.06,0.034,,-0.001
5hk5H_4jphB,030,35.0,1.0,0.35,0.303,0.273,0.247,,,,,,,0.431,0.828,0.5,-0.016,0.045,,0.005
5hk5H_4jphB,031,34.0,11.0,0.258,0.272,0.482,0.537,,,,,,,1.334,2.091,0.7,0.001,0.059,,-0.006
5hk5H_4jphB,032,34.0,5.0,0.422,0.463,0.38,0.398,,,,,,,0.405,1.319,0.6,0.007,0.061,,-0.004
5hk5H_4jphB,033,33.0,10.0,0.294,0.334,0.42,0.406,,,,,,,-0.902,2.499,0.3,0.009,0.055,,-0.001
5hk5H_4jphB,034,33.0,6.0,0.562,0.595,0.538,0.603,,,,,,,-3.588,0.961,0.0,0.008,0.06,,0.008
5hk5H_4jphB,035,33.0,4.0,0.414,0.453,0.466,0.526,,,,,,,3.004,1.314,1.0,-0.029,0.065,,-0.007
5hk5H_4jphB,036,33.0,11.0,0.255,0.288,0.273,0.267,,,,,,,0.987,2.529,0.6,0.033,0.053,,-0.004
5hk5H_4jphB,037,32.0,20.0,0.489,0.561,0.512,0.547,,,,,,,3.06,1.539,1.0,0.013,0.056,,0.004
5hk5H_4jphB,038,32.0,3.0,0.328,0.306,0.644,0.629,,,,,,,2.259,2.416,0.7,0.001,0.052,,0.004
5hk5H_4jphB,039,32.0,1.0,0.2,0.199,0.317,0.32,,,,,,,3.818,0.99,1.0,-0.007,0.056,,-0.006
5hk5H_4jphB,040,31.0,12.0,0.692,0.683,0.294,0.331,,,,,,,3.091,2.283,0.9,-0.06,0.039,,0.011
5hk5H_4jphB,041,31.0,4.0,0.242,0.271,0.231,0.261,,,,,,,-0.128,2.66,0.4,-0.032,0.049,,-0.008
5hk5H_4jphB,042,31.0,6.0,0.488,0.485,0.459,0.435,,,,,,,-1.349,1.005,0.1,-0.012,0.058,,-0.007
5hk5H_4jphB,043,31.0,15.0,0.477,0.521,0.439,0.504,,,,,,,2.599,2.296,0.9,-0.002,0.056,,0.006
5hk5H_4jphB,044,30.0,2.0,0.295,0.306,0.288,0.321,,,,,,,-0.293,1.349,0.5,-0.002,0.06,,0.002
5hk5H_4jphB,045,29.0,11.0,0.589,0.652,0.61,0.654,,,,,,,1.358,1.167,0.9,0.028,0.055,,0.01
5hk5H_4jphB,046,29.0,20.0,0.297,0.322,0.271,0.292,,,,,,,1.615,2.046,0.9,-0.002,0.056,,-0.021
5hk5H_4jphB,047,28.0,5.0,0.537,0.567,0.533,0.577,,,,,,,3.033,2.153,0.9,0.026,0.05,,-0.015
5hk5H_4jphB,048,28.0,4.0,0.321,0.315,0.415,0.432,,,,,,,2.0,1.641,0.8,-0.002,0.073,,0.002
5hk5H_4jphB,049,27.0,7.0,0.363,0.358,0.45,0.422,,,,,,,-1.361,1.395,0.1,0.029,0.053,,-0.003
5hk5H_4jphB,050,26.0,13.0,0.556,0.567,0.543,0.575,,,,,,,2.239,3.036,0.7,-0.026,0.054,,0.001
5hk5H_4jphB,051,,,0.244,0.239,0.338,0.363,,,,,,,1.649,1.107,1.0,0.008,0.054,,0.007
5hk5H_4jphB,052,26.0,1.0,0.594,0.63,0.584,0.617,,,,,,,5.63,2.174,1.0,0.003,0.053,,0.008
5hk5H_4jphB,053,25.0,11.0,0.367,0.404,0.427,0.485,,,,,,,1.906,1.392,0.9,0.018,0.047,,-0.004
5hk5H_4jphB,054,25.0,10.0,0.456,0.467,0.42,0.438,,,,,,,2.496,1.959,0.8,-0.0,0.056,,0.006
5hk5H_4jphB,055,25.0,14.0,0.23,0.257,0.342,0.368,,,,,,,1.319,1.232,1.0,0.019,0.057,,0.001
5hk5H_4jphB,056,25.0,1.0,0.453,0.489,0.575,0.61,,,,,,,1.137,1.551,0.7,0.026,0.061,,0.001
5hk5H_4jphB,057,24.0,2.0,0.273,0.276,0.553,0.621,,,,,,,-2.369,1.992,0.2,-0.01,0.032,,0.002
5hk5H_4jphB,058,24.0,9.0,0.449,0.474,0.409,0.433,,,,,,,0.482,2.835,0.7,-0.069,0.051,,-0.007
5hk5H_4jphB,059,24.0,11.0,0.226,0.225,0.359,0.401,,,,,,,4.539,1.521,1.0,-0.0,0.045,,-0.013
5hk5H_4jphB,060,24.0,1.0,0.297,0.289,0.309,0.315,,,,,,,3.89,2.214,1.0,-0.006,0.056,,0.01
5hk5H_4jphB,061,24.0,4.0,0.304,0.306,0.277,0.279,,,,,,,0.907,2.036,0.6,0.006,0.048,,-0.011
5hk5H_4jphB,062,23.0,6.0,0.218,0.235,0.283,0.303,,,,,,,-2.055,0.643,0.0,-0.034,0.05,,-0.006
5hk5H_4jphB,063,23.0,1.0,0.487,0.488,0.447,0.46,,,,,,,2.079,2.564,0.8,0.052,0.067,,0.005
5hk5H_4jphB,064,23.0,11.0,0.398,0.414,0.377,0.422,,,,,,,2.86,0.925,1.0,-0.026,0.048,,-0.008
5hk5H_4jphB,065,23.0,8.0,0.425,0.47,0.472,0.514,,,,,,,2.371,1.946,0.9,0.006,0.059,,-0.001
5hk5H_4jphB,066,23.0,8.0,0.277,0.285,0.434,0.414,,,,,,,3.926,2.14,0.9,-0.024,0.037,,-0.001
5hk5H_4jphB,067,23.0,6.0,0.294,0.307,0.289,0.28,,,,,,,-2.101,1.065,0.0,0.032,0.045,,-0.002
5hk5H_4jphB,068,22.0,1.0,0.568,0.529,0.469,0.465,,,,,,,1.499,1.801,0.8,-0.031,0.052,,0.016
5hk5H_4jphB,069,22.0,16.0,0.267,0.27,0.436,0.486,,,,,,,1.347,1.181,0.8,0.011,0.042,,-0.008
5hk5H_4jphB,070,22.0,5.0,0.235,0.245,0.266,0.305,,,,,,,1.949,1.106,0.9,0.002,0.058,,-0.004
5hk5H_4jphB,071,22.0,2.0,0.256,0.266,0.42,0.437,,,,,,,-0.312,2.429,0.6,0.005,0.028,,-0.003
5hk5H_4jphB,072,21.0,5.0,0.66,0.684,0.634,0.706,,,,,,,2.225,2.004,0.8,0.013,0.056,,0.012
5hk5H_4jphB,073,21.0,12.0,0.191,0.24,0.255,0.273,,,,,,,4.928,1.103,1.0,0.018,0.047,,-0.005
5hk5H_4jphB,074,21.0,4.0,0.409,0.456,0.466,0.518,,,,,,,1.065,1.088,0.9,-0.002,0.07,,-0.01
5hk5H_4jphB,075,21.0,4.0,0.312,0.322,0.27,0.258,,,,,,,-0.384,1.189,0.5,0.023,0.054,,-0.01
5hk5H_4jphB,076,,,0.274,0.291,0.228,0.224,,,,,,,-1.449,1.232,0.2,-0.004,0.03,,-0.005
5hk5H_4jphB,077,21.0,2.0,0.253,0.251,0.28,0.309,,,,,,,0.199,0.587,0.6,0.014,0.055,,-0.001
5hk5H_4jphB,078,21.0,1.0,0.26,0.276,0.314,0.298,,,,,,,-2.796,1.514,0.1,0.016,0.064,,-0.001
5hk5H_4jphB,079,21.0,1.0,0.28,0.303,0.285,0.319,,,,,,,1.889,2.391,0.8,-0.014,0.053,,-0.001
5hk5H_4jphB,080,20.0,6.0,0.261,0.252,0.248,0.253,,,,,,,1.192,0.589,1.0,-0.016,0.058,,0.002
5hk5H_4jphB,081,20.0,8.0,0.229,0.218,0.263,0.265,,,,,,,3.088,1.937,0.9,-0.033,0.055,,-0.01
5hk5H_4jphB,082,,,0.501,0.541,0.522,0.57,,,,,,,3.154,3.574,0.9,-0.013,0.055,,-0.005
5hk5H_4jphB,083,,,0.523,0.587,0.576,0.595,,,,,,,6.118,2.129,1.0,0.031,0.053,,-0.006
5hk5H_4jphB,084,,,0.595,0.597,0.624,0.664,,,,,,,-1.277,0.948,0.1,0.008,0.066,,0.009
5hk5H_4jphB,085,20.0,1.0,0.39,0.42,0.362,0.395,,,,,,,1.118,1.484,0.8,0.007,0.067,,-0.008
5hk5H_4jphB,086,20.0,3.0,0.584,0.642,0.589,0.641,,,,,,,-4.11,1.428,0.0,0.004,0.062,,0.008
5hk5H_4jphB,087,17.0,10.0,0.256,0.273,0.309,0.342,,,,,,,-1.007,0.51,0.0,0.028,0.052,,-0.008
5hk5H_4jphB,088,16.0,11.0,0.43,0.466,0.462,0.491,,,,,,,2.614,2.388,0.8,-0.011,0.065,,-0.008
5hk5H_4jphB,089,16.0,10.0,0.449,0.467,0.49,0.507,,,,,,,0.732,1.185,0.8,0.02,0.054,,-0.007
5hk5H_4jphB,090,16.0,4.0,0.242,0.258,0.274,0.306,,,,,,,0.484,2.872,0.4,0.018,0.039,,-0.004
5hk5H_4jphB,091,,,0.276,0.293,0.644,0.66,,,,,,,-0.513,2.148,0.5,0.006,0.038,,-0.002
5hk5H_4jphB,092,15.0,6.0,0.591,0.652,0.559,0.586,,,,,,,5.807,1.139,1.0,-0.061,0.045,,-0.004
5i2sA_5i2mA,Deep,,,0.418,0.564,0.529,0.431,0.085,0.065,0.071,,,,,,,,0.036,0.0,
5i2sA_5i2mA,000,17.0,9.0,0.254,0.21,0.308,0.4,0.066,0.05,0.056,001; 001; 002; 002; 007; 008; 008; 007; 006; 006,0.49; 0.49; 0.45; 0.45; 0.44; 0.44; 0.44; 0.44; 0.39; 0.39,0.49; 0.50; 0.41; 0.41; 0.44; 0.49; 0.48; 0.44; 0.45; 0.44,-5.089,4.406,0.3,0.046,0.032,0.0,0.039
5i2sA_5i2mA,001,16.0,6.0,0.205,0.197,0.318,0.406,,,,,,,-11.934,5.497,0.0,0.036,0.048,0.0,0.044
5i2sA_5i2mA,002,,,0.205,0.198,0.341,0.339,,,,,,,-11.399,3.482,0.0,0.048,0.033,,0.035
5i2sA_5i2mA,003,,,0.292,0.254,0.414,0.328,,,,,,,-15.643,4.242,0.0,0.026,0.042,,0.06
5i2sA_5i2mA,004,12.0,4.0,0.177,0.169,0.252,0.213,,,,,,,-6.039,3.022,0.0,0.003,0.021,,0.016
5i2sA_5i2mA,005,,,0.186,0.193,0.173,0.156,,,,,,,-6.215,7.319,0.2,0.048,0.048,,0.067
5jytA_2qkeE,Deep,,,0.746,0.469,0.754,0.445,0.394,0.47,0.254,,,,,,,,0.028,0.072,
5jytA_2qkeE,000,1583.0,595.0,0.481,0.697,0.432,0.69,0.384,0.511,0.253,008; 008; 001; 001; 005; 005; 002; 002; 003; 003,0.72; 0.72; 0.69; 0.69; 0.64; 0.64; 0.56; 0.55; 0.50; 0.50,0.46; 0.46; 0.45; 0.45; 0.41; 0.41; 0.35; 0.35; 0.31; 0.31,-3.397,4.667,0.2,-0.31,0.029,0.065,-0.163
5jytA_2qkeE,001,1187.0,634.0,0.474,0.732,0.46,0.57,0.133,0.06,0.083,005; 005; 003; 003; 001; 001; 008; 006; 004; 004,0.72; 0.72; 0.71; 0.71; 0.70; 0.70; 0.68; 0.68; 0.68; 0.68,0.43; 0.43; 0.45; 0.45; 0.45; 0.45; 0.45; 0.43; 0.42; 0.42,-0.606,3.139,0.3,-0.177,0.006,0.0,-0.144
5jytA_2qkeE,002,429.0,265.0,0.67,0.454,0.645,0.442,0.037,0.015,0.028,004; 004; 001; 001; 009; 009; 008; 008; 003; 003,0.71; 0.71; 0.70; 0.70; 0.69; 0.69; 0.68; 0.68; 0.67; 0.67,0.47; 0.47; 0.46; 0.46; 0.45; 0.45; 0.43; 0.43; 0.43; 0.43,-1.477,6.701,0.4,0.066,0.065,0.0,0.093
5jytA_2qkeE,003,378.0,234.0,0.47,0.718,0.471,0.685,0.103,0.045,0.062,005; 005; 001; 003; 001; 003; 002; 002; 008; 004,0.69; 0.69; 0.68; 0.67; 0.67; 0.67; 0.61; 0.61; 0.59; 0.59,0.43; 0.43; 0.44; 0.44; 0.44; 0.44; 0.39; 0.39; 0.36; 0.43,-2.053,3.344,0.2,-0.291,0.008,0.0,-0.168
5jytA_2qkeE,004,363.0,184.0,0.523,0.397,0.647,0.435,0.203,0.09,0.123,010; 010; 004; 004; 006; 003; 001; 006; 003; 001,0.74; 0.74; 0.61; 0.61; 0.59; 0.59; 0.59; 0.59; 0.59; 0.59,0.43; 0.43; 0.45; 0.45; 0.45; 0.43; 0.44; 0.45; 0.43; 0.44,1.968,3.149,0.7,0.075,-0.039,0.0,0.046
5jytA_2qkeE,005,343.0,189.0,0.47,0.729,0.485,0.575,0.0,0.014,0.0,001; 001; 008; 008; 002; 002; 003; 003; 005; 005,0.78; 0.78; 0.70; 0.70; 0.69; 0.69; 0.62; 0.62; 0.61; 0.61,0.47; 0.47; 0.43; 0.43; 0.41; 0.41; 0.37; 0.37; 0.43; 0.43,-2.819,4.878,0.2,-0.314,-0.014,0.0,-0.17
5jytA_2qkeE,006,287.0,150.0,0.456,0.662,0.416,0.735,0.126,0.086,0.08,009; 009; 002; 002; 001; 001; 004; 004; 005; 005,0.69; 0.69; 0.69; 0.69; 0.68; 0.68; 0.67; 0.67; 0.64; 0.64,0.45; 0.45; 0.46; 0.46; 0.45; 0.45; 0.43; 0.43; 0.40; 0.40,-3.131,4.227,0.2,-0.309,-0.004,0.0,-0.13
5jytA_2qkeE,007,278.0,164.0,0.46,0.663,0.469,0.621,0.094,0.049,0.073,001; 002; 004; 002; 001; 004; 007; 008; 007; 008,0.70; 0.70; 0.70; 0.70; 0.70; 0.70; 0.69; 0.69; 0.69; 0.69,0.46; 0.45; 0.45; 0.45; 0.46; 0.45; 0.44; 0.45; 0.44; 0.45,-4.64,2.891,0.0,-0.367,0.06,0.0,-0.161
5jytA_2qkeE,008,255.0,141.0,0.468,0.68,0.464,0.729,0.245,0.171,0.144,004; 004; 003; 003; 002; 002; 005; 005; 001; 001,0.74; 0.73; 0.72; 0.72; 0.71; 0.71; 0.68; 0.68; 0.67; 0.67,0.44; 0.44; 0.44; 0.44; 0.45; 0.45; 0.47; 0.47; 0.45; 0.45,-1.65,5.295,0.4,-0.371,-0.061,0.0,-0.148
5jytA_2qkeE,009,240.0,149.0,0.489,0.528,0.492,0.649,0.17,0.11,0.095,003; 003; 004; 004; 008; 008; 002; 002; 001; 001,0.74; 0.74; 0.71; 0.71; 0.70; 0.70; 0.61; 0.61; 0.60; 0.60,0.43; 0.43; 0.41; 0.41; 0.44; 0.44; 0.38; 0.38; 0.45; 0.45,-3.285,4.059,0.2,-0.156,0.037,0.0,-0.13
5jytA_2qkeE,010,238.0,126.0,0.648,0.44,0.66,0.439,0.043,0.021,0.024,003; 003; 001; 004; 001; 004; 005; 005; 007; 007,0.71; 0.71; 0.70; 0.70; 0.70; 0.70; 0.65; 0.65; 0.62; 0.62,0.46; 0.46; 0.45; 0.45; 0.45; 0.45; 0.43; 0.43; 0.45; 0.44,1.003,4.652,0.5,0.167,-0.022,0.0,0.095
5jytA_2qkeE,011,223.0,100.0,0.262,0.245,0.313,0.329,0.198,0.138,0.124,009; 009; 001; 001; 002; 002; 003; 003; 008; 008,0.71; 0.71; 0.69; 0.69; 0.68; 0.68; 0.68; 0.68; 0.66; 0.66,0.44; 0.44; 0.44; 0.44; 0.45; 0.45; 0.44; 0.44; 0.43; 0.43,2.134,5.102,0.7,0.06,0.065,0.0,-0.004
5jytA_2qkeE,012,192.0,25.0,0.458,0.623,0.468,0.828,0.117,0.064,0.085,004; 008; 004; 008; 009; 009; 010; 010; 001; 001,0.73; 0.73; 0.73; 0.73; 0.69; 0.69; 0.68; 0.68; 0.67; 0.67,0.47; 0.46; 0.47; 0.46; 0.43; 0.43; 0.43; 0.43; 0.46; 0.46,1.202,4.043,0.6,-0.453,0.023,0.0,-0.089
5jytA_2qkeE,013,189.0,98.0,0.606,0.432,0.671,0.427,0.13,0.066,0.078,004; 004; 002; 002; 001; 008; 008; 001; 003; 003,0.72; 0.71; 0.70; 0.70; 0.68; 0.68; 0.68; 0.68; 0.65; 0.65,0.42; 0.42; 0.44; 0.44; 0.43; 0.45; 0.45; 0.43; 0.42; 0.42,0.446,2.983,0.6,0.159,0.045,0.0,0.026
5jytA_2qkeE,014,176.0,68.0,0.613,0.45,0.671,0.443,0.171,0.105,0.085,002; 002; 004; 004; 003; 003; 001; 005; 001; 005,0.73; 0.73; 0.72; 0.72; 0.70; 0.70; 0.69; 0.69; 0.69; 0.69,0.45; 0.45; 0.44; 0.44; 0.43; 0.44; 0.44; 0.41; 0.44; 0.41,0.089,3.344,0.5,-0.145,0.014,0.0,0.064
5jytA_2qkeE,015,175.0,64.0,0.323,0.356,0.47,0.408,0.103,0.064,0.062,002; 002; 001; 001; 007; 007; 005; 008; 003; 003,0.71; 0.71; 0.68; 0.68; 0.63; 0.63; 0.59; 0.59; 0.59; 0.59,0.45; 0.45; 0.45; 0.45; 0.45; 0.45; 0.42; 0.37; 0.44; 0.43,2.542,3.777,0.6,0.095,-0.03,0.0,-0.015
5jytA_2qkeE,016,175.0,99.0,0.413,0.432,0.689,0.449,0.074,0.039,0.052,006; 006; 003; 003; 001; 001; 002; 002; 004; 004,0.69; 0.69; 0.68; 0.68; 0.67; 0.67; 0.66; 0.66; 0.65; 0.65,0.41; 0.41; 0.45; 0.45; 0.43; 0.43; 0.44; 0.44; 0.38; 0.38,-0.607,4.824,0.4,0.102,-0.019,0.0,0.053
5jytA_2qkeE,017,160.0,96.0,0.645,0.429,0.673,0.436,0.126,0.085,0.08,004; 004; 001; 003; 005; 001; 005; 003; 002; 002,0.71; 0.71; 0.69; 0.69; 0.69; 0.69; 0.69; 0.69; 0.64; 0.64,0.45; 0.45; 0.45; 0.46; 0.44; 0.45; 0.44; 0.46; 0.42; 0.42,4.723,4.018,0.8,0.303,-0.041,0.0,0.169
5jytA_2qkeE,018,152.0,96.0,0.438,0.408,0.69,0.446,0.252,0.154,0.14,004; 004; 001; 002; 003; 002; 001; 003; 009; 009,0.71; 0.70; 0.68; 0.68; 0.68; 0.68; 0.68; 0.67; 0.66; 0.66,0.43; 0.43; 0.45; 0.43; 0.44; 0.43; 0.45; 0.44; 0.45; 0.44,-1.638,4.218,0.5,-0.343,-0.055,0.0,0.022
5jytA_2qkeE,019,147.0,61.0,0.528,0.378,0.635,0.419,0.03,0.013,0.014,002; 002; 010; 010; 003; 001; 003; 001; 009; 009,0.72; 0.71; 0.70; 0.70; 0.68; 0.68; 0.68; 0.68; 0.66; 0.66,0.45; 0.45; 0.45; 0.45; 0.43; 0.44; 0.43; 0.44; 0.44; 0.44,1.284,3.548,0.6,-0.013,0.038,0.0,0.087
5jytA_2qkeE,020,147.0,55.0,0.447,0.434,0.389,0.496,0.029,0.012,0.015,001; 001; 003; 003; 002; 004; 004; 002; 009; 009,0.70; 0.70; 0.66; 0.66; 0.64; 0.64; 0.64; 0.64; 0.62; 0.62,0.46; 0.46; 0.45; 0.45; 0.47; 0.42; 0.42; 0.47; 0.43; 0.43,-0.589,2.921,0.5,-0.363,-0.0,0.0,-0.011
5jytA_2qkeE,021,147.0,89.0,0.475,0.494,0.517,0.488,0.0,0.0,0.022,005; 005; 004; 004; 001; 002; 003; 002; 001; 003,0.76; 0.76; 0.74; 0.74; 0.66; 0.66; 0.66; 0.66; 0.66; 0.66,0.40; 0.40; 0.41; 0.41; 0.44; 0.47; 0.46; 0.47; 0.44; 0.46,-1.505,2.555,0.1,0.122,0.017,0.0,0.001
5jytA_2qkeE,022,145.0,71.0,0.468,0.697,0.469,0.572,0.2,0.14,0.132,,,,-0.279,3.482,0.3,-0.233,0.023,0.0,-0.131
5jytA_2qkeE,023,142.0,45.0,0.355,0.313,0.372,0.325,0.068,0.027,0.032,,,,2.868,2.89,0.8,0.086,-0.01,0.0,0.014
5jytA_2qkeE,024,142.0,96.0,0.435,0.763,0.446,0.598,0.0,0.014,0.0,,,,-3.137,2.918,0.1,-0.042,-0.057,0.0,-0.078
5jytA_2qkeE,025,140.0,68.0,0.58,0.409,0.654,0.447,0.233,0.225,0.13,,,,2.883,3.206,0.8,0.093,0.054,0.0,0.201
5jytA_2qkeE,026,137.0,77.0,0.442,0.63,0.458,0.573,0.107,0.064,0.096,,,,-2.102,2.431,0.2,-0.264,0.024,0.0,-0.154
5jytA_2qkeE,027,134.0,60.0,0.679,0.431,0.683,0.409,0.292,0.252,0.175,,,,5.031,5.319,0.7,0.12,-0.026,0.0,0.152
5jytA_2qkeE,028,134.0,37.0,0.532,0.418,0.633,0.433,0.026,0.024,0.016,,,,1.916,3.966,0.6,0.211,-0.065,0.0,0.076
5jytA_2qkeE,029,130.0,79.0,0.473,0.654,0.51,0.463,0.364,0.287,0.199,,,,0.023,4.067,0.4,-0.116,0.048,0.0,-0.024
5jytA_2qkeE,030,128.0,39.0,0.382,0.413,0.416,0.404,,,,,,,0.709,2.048,0.6,-0.073,-0.061,,-0.003
5jytA_2qkeE,031,127.0,50.0,0.385,0.379,0.441,0.368,,,,,,,0.993,1.676,0.6,0.116,0.02,,-0.001
5jytA_2qkeE,032,127.0,62.0,0.421,0.664,0.419,0.772,,,,,,,-4.223,5.607,0.2,-0.2,0.038,,-0.148
5jytA_2qkeE,033,125.0,58.0,0.45,0.646,0.44,0.723,,,,,,,-2.655,4.023,0.3,-0.204,0.059,,-0.15
5jytA_2qkeE,034,121.0,55.0,0.453,0.716,0.457,0.712,,,,,,,-2.207,4.178,0.4,-0.352,0.064,,-0.173
5jytA_2qkeE,035,120.0,73.0,0.421,0.621,0.458,0.576,,,,,,,-2.878,2.994,0.1,-0.244,0.065,,-0.132
5jytA_2qkeE,036,120.0,63.0,0.437,0.603,0.456,0.484,,,,,,,-2.778,3.559,0.3,-0.309,-0.056,,-0.062
5jytA_2qkeE,037,116.0,35.0,0.638,0.468,0.53,0.467,,,,,,,-1.153,3.423,0.2,-0.179,0.055,,0.136
5jytA_2qkeE,038,115.0,39.0,0.524,0.437,0.514,0.442,,,,,,,1.334,4.303,0.6,-0.121,-0.003,,0.011
5jytA_2qkeE,039,115.0,61.0,0.449,0.624,0.459,0.729,,,,,,,-3.651,3.943,0.1,-0.378,0.011,,-0.141
5jytA_2qkeE,040,114.0,68.0,0.624,0.415,0.68,0.43,,,,,,,4.477,3.396,0.9,0.074,0.014,,0.171
5jytA_2qkeE,041,113.0,41.0,0.35,0.368,0.371,0.382,,,,,,,1.023,1.581,0.7,0.092,0.031,,-0.006
5jytA_2qkeE,042,113.0,62.0,0.444,0.713,0.406,0.702,,,,,,,-4.973,3.478,0.1,-0.174,0.027,,-0.143
5jytA_2qkeE,043,111.0,2.0,0.404,0.55,0.476,0.78,,,,,,,-2.95,3.751,0.1,-0.43,0.026,,-0.158
5jytA_2qkeE,044,108.0,61.0,0.451,0.426,0.499,0.417,,,,,,,4.217,5.642,0.7,0.08,-0.001,,0.07
5jytA_2qkeE,045,107.0,56.0,0.638,0.417,0.628,0.423,,,,,,,-2.722,7.048,0.4,0.144,-0.031,,0.062
5jytA_2qkeE,046,103.0,61.0,0.367,0.39,0.5,0.441,,,,,,,1.565,2.385,0.6,0.115,0.001,,0.002
5jytA_2qkeE,047,102.0,71.0,0.464,0.405,0.544,0.426,,,,,,,2.86,4.087,0.6,0.129,-0.038,,0.067
5jytA_2qkeE,048,102.0,54.0,0.627,0.411,0.648,0.424,,,,,,,1.425,3.38,0.7,0.25,-0.052,,0.152
5jytA_2qkeE,049,100.0,68.0,0.472,0.707,0.474,0.698,,,,,,,0.776,3.05,0.5,0.027,-0.022,,-0.169
5jytA_2qkeE,050,98.0,73.0,0.575,0.416,0.698,0.413,,,,,,,3.387,3.154,0.7,0.088,-0.037,,0.118
5jytA_2qkeE,051,97.0,53.0,0.646,0.444,0.653,0.44,,,,,,,-0.437,3.255,0.5,0.011,-0.019,,0.107
5jytA_2qkeE,052,96.0,48.0,0.47,0.793,0.475,0.596,,,,,,,-3.494,4.563,0.3,-0.402,0.058,,-0.155
5jytA_2qkeE,053,96.0,24.0,0.646,0.445,0.671,0.439,,,,,,,3.74,3.327,0.8,0.083,0.065,,0.134
5jytA_2qkeE,054,94.0,44.0,0.624,0.424,0.66,0.435,,,,,,,0.715,4.983,0.6,0.109,-0.007,,0.035
5jytA_2qkeE,055,93.0,46.0,0.535,0.372,0.417,0.397,,,,,,,3.02,4.303,0.9,0.116,-0.005,,0.207
5jytA_2qkeE,056,91.0,49.0,0.447,0.557,0.428,0.58,,,,,,,-4.978,3.808,0.2,-0.447,0.059,,-0.113
5jytA_2qkeE,057,91.0,57.0,0.523,0.435,0.691,0.442,,,,,,,3.614,4.751,0.7,-0.058,-0.04,,0.074
5jytA_2qkeE,058,88.0,47.0,0.608,0.443,0.623,0.444,,,,,,,4.058,2.752,1.0,0.002,-0.0,,0.008
5jytA_2qkeE,059,88.0,48.0,0.598,0.457,0.61,0.446,,,,,,,4.591,2.192,1.0,0.107,0.019,,-0.0
5jytA_2qkeE,060,86.0,47.0,0.468,0.724,0.465,0.734,,,,,,,0.639,4.445,0.6,-0.152,0.048,,-0.183
5jytA_2qkeE,061,85.0,61.0,0.43,0.61,0.515,0.422,,,,,,,-2.741,3.949,0.2,-0.316,0.05,,-0.026
5jytA_2qkeE,062,84.0,44.0,0.484,0.657,0.678,0.454,,,,,,,-1.26,4.791,0.4,-0.175,-0.018,,-0.117
5jytA_2qkeE,063,82.0,41.0,0.432,0.437,0.478,0.435,,,,,,,5.009,5.001,0.8,0.039,-0.065,,0.02
5jytA_2qkeE,064,82.0,61.0,0.465,0.558,0.433,0.442,,,,,,,-1.793,4.123,0.3,-0.025,0.01,,-0.013
5jytA_2qkeE,065,82.0,38.0,0.61,0.457,0.607,0.437,,,,,,,3.867,2.701,0.9,0.064,0.059,,0.005
5jytA_2qkeE,066,81.0,13.0,0.551,0.446,0.53,0.44,,,,,,,2.028,2.67,0.9,0.112,-0.017,,0.061
5jytA_2qkeE,067,81.0,51.0,0.471,0.719,0.45,0.777,,,,,,,-3.614,4.787,0.3,-0.293,0.045,,-0.169
5jytA_2qkeE,068,81.0,46.0,0.457,0.433,0.484,0.444,,,,,,,3.99,3.724,0.9,-0.121,-0.03,,0.002
5jytA_2qkeE,069,80.0,45.0,0.481,0.436,0.55,0.435,,,,,,,-0.791,3.834,0.3,-0.087,0.055,,-0.011
5jytA_2qkeE,070,77.0,56.0,0.366,0.417,0.423,0.369,,,,,,,-1.743,2.065,0.3,-0.05,0.011,,0.012
5jytA_2qkeE,071,71.0,17.0,0.393,0.536,0.405,0.568,,,,,,,-1.047,3.555,0.3,-0.168,0.065,,-0.01
5jytA_2qkeE,072,71.0,36.0,0.494,0.436,0.513,0.458,,,,,,,-1.329,3.211,0.2,-0.037,0.044,,0.005
5jytA_2qkeE,073,70.0,28.0,0.49,0.463,0.587,0.42,,,,,,,4.47,5.164,0.8,0.12,-0.044,,0.011
5jytA_2qkeE,074,70.0,23.0,0.514,0.354,0.456,0.452,,,,,,,4.489,4.101,0.8,-0.008,0.04,,0.093
5jytA_2qkeE,075,70.0,49.0,0.49,0.716,0.487,0.73,,,,,,,-2.676,4.059,0.2,-0.321,-0.039,,-0.204
5jytA_2qkeE,076,69.0,42.0,0.684,0.438,0.689,0.415,,,,,,,4.371,4.222,0.9,0.2,-0.065,,0.176
5jytA_2qkeE,077,68.0,32.0,0.462,0.409,0.446,0.406,,,,,,,3.829,4.096,0.8,0.148,-0.05,,0.042
5jytA_2qkeE,078,66.0,32.0,0.603,0.412,0.672,0.448,,,,,,,4.388,5.929,0.7,0.053,0.005,,0.174
5jytA_2qkeE,079,64.0,33.0,0.533,0.377,0.618,0.395,,,,,,,5.436,3.537,0.9,0.174,0.031,,0.113
5jytA_2qkeE,080,64.0,32.0,0.461,0.534,0.47,0.615,,,,,,,-1.97,6.438,0.3,-0.295,0.065,,-0.114
5jytA_2qkeE,081,64.0,51.0,0.641,0.458,0.666,0.458,,,,,,,0.712,2.302,0.6,-0.015,0.023,,0.025
5jytA_2qkeE,082,63.0,36.0,0.496,0.426,0.621,0.431,,,,,,,1.762,3.203,0.7,0.06,-0.003,,0.014
5jytA_2qkeE,083,62.0,26.0,0.538,0.382,0.351,0.358,,,,,,,0.436,3.432,0.4,0.047,-0.065,,0.066
5jytA_2qkeE,084,61.0,23.0,0.47,0.426,0.652,0.393,,,,,,,2.154,1.973,0.9,0.087,0.065,,0.038
5jytA_2qkeE,085,61.0,29.0,0.572,0.414,0.653,0.426,,,,,,,1.706,3.421,0.6,0.219,-0.063,,0.143
5jytA_2qkeE,086,61.0,34.0,0.553,0.435,0.643,0.42,,,,,,,-0.832,3.303,0.4,0.209,-0.024,,0.03
5jytA_2qkeE,087,60.0,34.0,0.461,0.414,0.463,0.478,,,,,,,4.27,5.455,0.8,0.04,-0.065,,0.024
5jytA_2qkeE,088,59.0,32.0,0.434,0.62,0.46,0.568,,,,,,,-4.546,4.53,0.1,-0.257,0.065,,-0.064
5jytA_2qkeE,089,58.0,20.0,0.517,0.409,0.544,0.407,,,,,,,4.21,4.436,0.9,0.246,-0.064,,0.144
5jytA_2qkeE,090,58.0,25.0,0.441,0.386,0.661,0.405,,,,,,,4.592,2.4,1.0,0.234,0.044,,0.048
5jytA_2qkeE,091,56.0,40.0,0.489,0.441,0.683,0.448,,,,,,,1.073,5.009,0.6,-0.163,-0.044,,0.048
5jytA_2qkeE,092,55.0,25.0,0.469,0.379,0.642,0.451,,,,,,,2.408,2.719,0.9,-0.074,-0.058,,0.014
5jytA_2qkeE,093,54.0,12.0,0.393,0.494,0.525,0.449,,,,,,,0.691,2.428,0.7,-0.183,-0.012,,0.024
5jytA_2qkeE,094,52.0,26.0,0.689,0.426,0.748,0.437,,,,,,,3.264,3.035,0.9,0.148,-0.062,,0.19
5jytA_2qkeE,095,45.0,31.0,0.597,0.441,0.675,0.432,,,,,,,1.249,3.27,0.7,-0.012,-0.042,,0.061
5jytA_2qkeE,096,44.0,23.0,0.44,0.305,0.4,0.361,,,,,,,0.973,3.161,0.6,0.061,-0.061,,0.107
5jytA_2qkeE,097,43.0,18.0,0.619,0.459,0.638,0.461,,,,,,,4.84,3.449,1.0,-0.031,-0.002,,0.074
5jytA_2qkeE,098,39.0,17.0,0.293,0.318,0.49,0.409,,,,,,,1.044,5.649,0.3,0.026,-0.043,,-0.003
5jytA_2qkeE,099,34.0,11.0,0.419,0.602,0.468,0.811,,,,,,,2.054,5.927,0.5,0.088,-0.055,,-0.116
5jztG_5jzhA,Deep,,,0.597,0.881,0.599,0.94,0.336,0.349,0.33,,,,,,,,-0.013,0.0,
5jztG_5jzhA,000,47.0,17.0,0.196,0.202,0.209,0.267,0.326,0.356,0.324,001; 001; 003; 003; 006; 004; 006; 004; 002; 002,0.52; 0.52; 0.45; 0.44; 0.42; 0.42; 0.41; 0.41; 0.40; 0.40,0.69; 0.69; 0.67; 0.67; 0.59; 0.54; 0.58; 0.52; 0.55; 0.54,39.175,10.89,1.0,-0.017,0.022,0.0,-0.01
5jztG_5jzhA,001,24.0,8.0,0.292,0.269,0.378,0.488,,,,,,,44.641,12.523,1.0,-0.092,0.022,0.0,-0.001
5jztG_5jzhA,002,23.0,6.0,0.193,0.183,0.315,0.336,,,,,,,58.657,2.913,1.0,0.005,0.023,0.0,-0.009
5jztG_5jzhA,003,21.0,11.0,0.175,0.176,0.192,0.227,,,,,,,22.587,8.67,1.0,-0.003,-0.0,,-0.008
5jztG_5jzhA,004,21.0,5.0,0.23,0.216,0.176,0.227,,,,,,,48.343,9.302,1.0,-0.014,0.022,,0.002
5jztG_5jzhA,005,20.0,12.0,0.313,0.426,0.581,0.618,,,,,,,16.574,11.433,1.0,-0.012,0.001,,-0.029
5jztG_5jzhA,006,15.0,7.0,0.297,0.367,0.504,0.753,,,,,,,21.591,6.927,1.0,-0.015,0.021,,-0.036
5jztG_5jzhA,007,,,0.304,0.38,0.417,0.536,,,,,,,51.779,6.62,1.0,0.01,0.021,,-0.062
5jztG_5jzhA,008,13.0,7.0,0.234,0.305,0.259,0.255,,,,,,,20.127,3.47,1.0,-0.015,0.02,,-0.008
5jztG_5jzhA,009,13.0,1.0,0.222,0.228,0.276,0.305,,,,,,,21.72,2.453,1.0,-0.006,0.022,,-0.011
5jztG_5jzhA,010,12.0,1.0,0.249,0.264,0.293,0.366,,,,,,,11.757,5.18,1.0,-0.02,0.023,,-0.018
5jztG_5jzhA,011,,,0.208,0.2,0.253,0.257,,,,,,,22.91,1.764,1.0,0.0,0.022,,-0.004
5jztG_5jzhA,012,12.0,6.0,0.197,0.216,0.336,0.437,,,,,,,5.988,6.023,0.9,-0.1,0.023,,-0.032
5jztG_5jzhA,013,12.0,1.0,0.268,0.386,0.236,0.349,,,,,,,37.675,14.432,1.0,-0.019,0.022,,-0.036
5jztG_5jzhA,014,11.0,2.0,0.197,0.209,0.192,0.188,,,,,,,20.991,1.308,1.0,-0.006,0.022,,-0.002
5jztG_5jzhA,015,11.0,8.0,0.183,0.198,0.545,0.558,,,,,,,26.739,1.27,1.0,0.009,0.022,,-0.001
5jztG_5jzhA,016,,,0.234,0.301,0.512,0.703,,,,,,,24.131,2.148,1.0,-0.024,0.022,,-0.02
5l35G_5l35D,Deep,,,0.844,0.83,0.867,0.842,0.324,0.313,0.324,,,,,,,,0.023,0.0,
5l35G_5l35D,000,17.0,2.0,0.191,0.174,0.335,0.329,0.31,0.297,0.309,005; 005; 001; 001; 004; 002; 004; 002; 003; 003,0.83; 0.83; 0.82; 0.82; 0.82; 0.81; 0.81; 0.80; 0.79; 0.79,0.82; 0.82; 0.82; 0.82; 0.81; 0.79; 0.81; 0.79; 0.76; 0.76,2.855,2.44,0.8,0.0,0.006,0.0,0.0
5l35G_5l35D,001,15.0,13.0,0.243,0.235,0.266,0.268,,,,,,,0.141,1.707,0.6,0.0,0.002,0.0,0.0
5l35G_5l35D,002,14.0,12.0,0.26,0.257,0.377,0.373,,,,,,,-0.552,2.134,0.3,0.0,0.011,,0.0
5l35G_5l35D,003,13.0,12.0,0.23,0.224,0.291,0.291,,,,,,,-1.323,3.155,0.2,0.0,0.005,,0.0
5l35G_5l35D,004,13.0,9.0,0.377,0.376,0.786,0.78,,,,,,,-0.737,2.919,0.3,0.0,0.011,,0.0
5l35G_5l35D,005,13.0,10.0,0.376,0.365,0.783,0.79,,,,,,,-1.853,2.481,0.3,0.0,0.018,,0.0
5l35G_5l35D,006,12.0,10.0,0.212,0.208,0.275,0.286,,,,,,,-1.677,3.474,0.2,0.0,-0.002,,0.0
5l35G_5l35D,007,12.0,11.0,0.281,0.269,0.795,0.796,,,,,,,-1.328,2.907,0.4,0.0,0.025,,0.0
5l35G_5l35D,008,12.0,7.0,0.292,0.299,0.392,0.4,,,,,,,0.38,2.64,0.5,0.0,0.009,,0.0
5l35G_5l35D,009,11.0,10.0,0.266,0.279,0.389,0.387,,,,,,,-0.683,2.232,0.4,0.0,0.023,,0.0
5l35G_5l35D,010,11.0,8.0,0.304,0.31,0.779,0.775,,,,,,,-3.335,2.058,0.0,0.0,0.006,,0.0
5l35G_5l35D,011,10.0,8.0,0.218,0.224,0.318,0.321,,,,,,,-0.787,1.895,0.4,0.0,0.002,,0.0
5l35G_5l35D,012,,,0.399,0.396,0.792,0.777,,,,,,,-4.221,3.585,0.2,0.0,0.025,,0.0
5lj3M_3tp2A,Deep,,,0.916,0.885,0.898,0.86,0.299,0.256,0.292,,,,,,,,0.068,0.0,
5lj3M_3tp2A,000,465.0,213.0,0.319,0.295,0.278,0.274,0.268,0.234,0.258,001; 001; 006; 006; 005; 005; 002; 002; 004; 004,0.80; 0.80; 0.75; 0.75; 0.71; 0.71; 0.69; 0.69; 0.67; 0.67,0.85; 0.85; 0.75; 0.75; 0.78; 0.78; 0.77; 0.77; 0.73; 0.73,29.117,9.903,1.0,,0.055,0.0,0.02
5lj3M_3tp2A,001,86.0,50.0,0.595,0.672,0.88,0.868,0.28,0.241,0.284,002; 002; 001; 001; 006; 006; 007; 003; 003; 007,0.79; 0.79; 0.76; 0.76; 0.73; 0.73; 0.71; 0.71; 0.71; 0.71,0.80; 0.80; 0.88; 0.88; 0.76; 0.76; 0.76; 0.72; 0.72; 0.76,28.801,13.448,1.0,,0.071,0.0,0.029
5lj3M_3tp2A,002,66.0,42.0,0.252,0.275,0.279,0.28,0.01,0.008,0.008,009; 009; 001; 002; 002; 001; 004; 004; 007; 003,0.34; 0.34; 0.33; 0.33; 0.33; 0.33; 0.28; 0.28; 0.27; 0.27,0.36; 0.35; 0.35; 0.34; 0.34; 0.35; 0.29; 0.29; 0.28; 0.30,28.766,12.343,1.0,,0.036,0.0,0.056
5lj3M_3tp2A,003,51.0,27.0,0.705,0.759,0.765,0.889,0.005,0.004,0.004,001; 001; 004; 004; 002; 002; 008; 008; 003; 003,0.71; 0.71; 0.70; 0.69; 0.68; 0.68; 0.58; 0.58; 0.50; 0.50,0.75; 0.75; 0.73; 0.73; 0.76; 0.76; 0.65; 0.65; 0.51; 0.50,24.044,7.23,1.0,,0.043,0.0,0.067
5lj3M_3tp2A,004,51.0,5.0,0.253,0.254,0.271,0.314,0.283,0.236,0.274,001; 001; 002; 002; 006; 006; 003; 003; 007; 007,0.83; 0.83; 0.80; 0.80; 0.76; 0.76; 0.70; 0.70; 0.69; 0.68,0.89; 0.89; 0.85; 0.85; 0.77; 0.77; 0.76; 0.76; 0.74; 0.74,24.273,11.225,1.0,,0.075,0.0,0.032
5lj3M_3tp2A,005,45.0,39.0,0.336,0.383,0.821,0.867,0.118,0.094,0.109,001; 001; 002; 002; 003; 003; 006; 006; 004; 004,0.85; 0.85; 0.82; 0.82; 0.74; 0.74; 0.73; 0.73; 0.70; 0.70,0.88; 0.89; 0.84; 0.84; 0.78; 0.78; 0.79; 0.79; 0.76; 0.76,19.513,6.171,1.0,,-0.007,0.0,-0.005
5lj3M_3tp2A,006,44.0,2.0,0.229,0.234,0.248,0.293,,,,,,,25.835,9.483,1.0,,0.076,0.0,0.136
5lj3M_3tp2A,007,44.0,3.0,0.238,0.25,0.244,0.265,,,,,,,33.318,2.219,1.0,,0.077,0.0,0.019
5lj3M_3tp2A,008,43.0,1.0,0.255,0.286,0.234,0.254,,,,,,,32.758,5.488,1.0,,0.059,0.0,0.076
5lj3M_3tp2A,009,42.0,20.0,0.391,0.454,0.367,0.406,,,,,,,11.94,4.081,1.0,,0.058,0.0,0.004
5lj3M_3tp2A,010,41.0,27.0,0.414,0.453,0.383,0.401,,,,,,,19.4,6.737,1.0,,0.025,0.0,0.03
5lj3M_3tp2A,011,40.0,22.0,0.643,0.731,0.868,0.852,,,,,,,27.478,9.339,1.0,,0.056,0.0,0.018
5lj3M_3tp2A,012,40.0,15.0,0.291,0.303,0.336,0.358,,,,,,,12.403,6.559,0.9,,0.073,0.0,0.01
5lj3M_3tp2A,013,38.0,10.0,0.394,0.383,0.357,0.411,,,,,,,17.781,9.854,1.0,,0.069,0.0,0.028
5lj3M_3tp2A,014,38.0,2.0,0.339,0.376,0.389,0.426,,,,,,,31.618,5.43,1.0,,0.063,0.0,-0.022
5lj3M_3tp2A,015,37.0,27.0,0.699,0.76,0.776,0.828,,,,,,,28.421,13.912,1.0,,0.031,0.0,0.018
5lj3M_3tp2A,016,37.0,11.0,0.252,0.262,0.304,0.333,,,,,,,29.585,5.869,1.0,,0.075,0.0,0.011
5lj3M_3tp2A,017,36.0,5.0,0.231,0.247,0.341,0.406,,,,,,,30.032,8.211,1.0,,0.075,0.0,0.059
5lj3M_3tp2A,018,35.0,8.0,0.323,0.351,0.275,0.329,,,,,,,34.472,2.131,1.0,,0.075,0.0,-0.002
5lj3M_3tp2A,019,33.0,20.0,0.326,0.373,0.499,0.541,,,,,,,28.566,12.853,1.0,,0.048,0.0,-0.144
5lj3M_3tp2A,020,33.0,4.0,0.287,0.329,0.321,0.38,,,,,,,36.929,2.543,1.0,,0.068,0.0,0.048
5lj3M_3tp2A,021,32.0,19.0,0.408,0.448,0.452,0.496,,,,,,,9.953,4.588,1.0,,0.075,0.0,-0.001
5lj3M_3tp2A,022,32.0,11.0,0.236,0.248,0.247,0.27,,,,,,,31.726,9.072,1.0,,0.044,0.0,0.069
5lj3M_3tp2A,023,32.0,4.0,0.255,0.266,0.244,0.258,,,,,,,35.125,4.111,1.0,,0.074,0.0,0.062
5lj3M_3tp2A,024,32.0,2.0,0.253,0.269,0.284,0.263,,,,,,,27.402,7.736,1.0,,0.05,0.0,0.067
5lj3M_3tp2A,025,31.0,15.0,0.43,0.478,0.437,0.498,,,,,,,12.371,2.748,1.0,,0.071,0.0,0.031
5lj3M_3tp2A,026,31.0,8.0,0.433,0.472,0.454,0.479,,,,,,,11.301,2.729,1.0,,0.074,0.0,0.031
5lj3M_3tp2A,027,30.0,18.0,0.352,0.369,0.435,0.493,,,,,,,11.096,2.65,1.0,,0.06,0.0,0.01
5lj3M_3tp2A,028,30.0,14.0,0.431,0.477,0.415,0.463,,,,,,,10.819,1.305,1.0,,0.066,0.0,0.01
5lj3M_3tp2A,029,30.0,5.0,0.291,0.322,0.289,0.335,,,,,,,20.598,9.3,1.0,,0.053,0.0,0.024
5lj3M_3tp2A,030,29.0,7.0,0.301,0.353,0.27,0.317,,,,,,,33.695,4.065,1.0,,0.073,,0.02
5lj3M_3tp2A,031,28.0,10.0,0.289,0.307,0.265,0.291,,,,,,,31.283,10.094,1.0,,0.024,,0.034
5lj3M_3tp2A,032,28.0,1.0,0.316,0.349,0.234,0.322,,,,,,,35.225,2.607,1.0,,0.068,,-0.062
5lj3M_3tp2A,033,27.0,11.0,0.3,0.342,0.298,0.325,,,,,,,27.174,11.269,1.0,,0.068,,-0.012
5lj3M_3tp2A,034,27.0,2.0,0.274,0.24,0.272,0.305,,,,,,,31.803,8.537,1.0,,0.05,,0.047
5lj3M_3tp2A,035,27.0,1.0,0.283,0.286,0.211,0.237,,,,,,,36.914,2.163,1.0,,0.077,,0.049
5lj3M_3tp2A,036,27.0,2.0,0.283,0.302,0.373,0.419,,,,,,,33.969,4.546,1.0,,0.059,,-0.009
5lj3M_3tp2A,037,27.0,7.0,0.291,0.327,0.316,0.361,,,,,,,29.113,8.839,1.0,,0.073,,-0.023
5lj3M_3tp2A,038,26.0,16.0,0.367,0.422,0.439,0.503,,,,,,,11.827,2.522,1.0,,0.05,,-0.017
5lj3M_3tp2A,039,26.0,16.0,0.296,0.327,0.378,0.423,,,,,,,23.146,10.149,1.0,,0.04,,-0.065
5lj3M_3tp2A,040,25.0,2.0,0.274,0.301,0.271,0.293,,,,,,,33.842,1.174,1.0,,0.074,,0.075
5lj3M_3tp2A,041,25.0,1.0,0.272,0.287,0.25,0.264,,,,,,,32.464,2.557,1.0,,0.072,,0.112
5lj3M_3tp2A,042,25.0,5.0,0.24,0.271,0.298,0.302,,,,,,,33.248,2.022,1.0,,0.034,,0.059
5lj3M_3tp2A,043,25.0,3.0,0.241,0.264,0.244,0.257,,,,,,,37.428,4.19,1.0,,0.066,,0.045
5lj3M_3tp2A,044,25.0,7.0,0.323,0.35,0.318,0.378,,,,,,,33.959,6.156,1.0,,0.053,,0.03
5lj3M_3tp2A,045,24.0,14.0,0.397,0.432,0.514,0.544,,,,,,,13.857,7.528,1.0,,0.069,,0.033
5lj3M_3tp2A,046,24.0,9.0,0.456,0.51,0.402,0.444,,,,,,,12.042,4.383,1.0,,0.067,,0.09
5lj3M_3tp2A,047,24.0,3.0,0.223,0.237,0.286,0.339,,,,,,,32.995,3.272,1.0,,0.076,,0.06
5lj3M_3tp2A,048,24.0,1.0,0.234,0.258,0.252,0.247,,,,,,,36.161,1.815,1.0,,0.078,,0.031
5lj3M_3tp2A,049,24.0,2.0,0.228,0.228,0.252,0.263,,,,,,,34.785,2.757,1.0,,0.07,,0.079
5lj3M_3tp2A,050,23.0,13.0,0.4,0.459,0.455,0.492,,,,,,,10.783,2.541,1.0,,0.073,,0.026
5lj3M_3tp2A,051,23.0,1.0,0.262,0.309,0.305,0.354,,,,,,,39.708,1.122,1.0,,0.054,,0.106
5lj3M_3tp2A,052,23.0,8.0,0.294,0.366,0.299,0.328,,,,,,,35.662,4.6,1.0,,0.071,,-0.009
5lj3M_3tp2A,053,23.0,8.0,0.212,0.269,0.272,0.307,,,,,,,32.716,10.384,1.0,,0.062,,0.045
5lj3M_3tp2A,054,23.0,8.0,0.258,0.288,0.3,0.322,,,,,,,27.346,9.268,1.0,,0.049,,0.015
5lj3M_3tp2A,055,23.0,5.0,0.217,0.241,0.266,0.268,,,,,,,39.324,3.751,1.0,,0.069,,0.084
5lj3M_3tp2A,056,23.0,9.0,0.289,0.317,0.525,0.601,,,,,,,32.557,5.364,1.0,,0.016,,0.038
5lj3M_3tp2A,057,22.0,3.0,0.246,0.231,0.268,0.275,,,,,,,34.97,3.569,1.0,,0.033,,0.044
5lj3M_3tp2A,058,22.0,2.0,0.248,0.241,0.297,0.349,,,,,,,31.208,5.767,1.0,,0.064,,0.032
5lj3M_3tp2A,059,22.0,8.0,0.271,0.307,0.266,0.309,,,,,,,33.257,6.016,1.0,,0.007,,0.017
5lj3M_3tp2A,060,22.0,2.0,0.319,0.33,0.298,0.337,,,,,,,32.215,2.797,1.0,,0.078,,-0.009
5lj3M_3tp2A,061,22.0,10.0,0.341,0.379,0.354,0.407,,,,,,,27.928,6.506,1.0,,0.035,,0.002
5lj3M_3tp2A,062,21.0,11.0,0.376,0.408,0.337,0.393,,,,,,,14.94,9.094,1.0,,0.078,,0.022
5lj3M_3tp2A,063,21.0,7.0,0.232,0.245,0.257,0.276,,,,,,,27.832,5.02,1.0,,0.075,,0.014
5lj3M_3tp2A,064,20.0,7.0,0.338,0.324,0.265,0.249,,,,,,,12.904,4.309,1.0,,0.074,,0.09
5lj3M_3tp2A,065,20.0,4.0,0.248,0.276,0.23,0.252,,,,,,,35.124,2.559,1.0,,0.076,,0.072
5lj3M_3tp2A,066,19.0,10.0,0.375,0.395,0.34,0.396,,,,,,,14.1,4.239,1.0,,0.078,,0.047
5lj3M_3tp2A,067,19.0,7.0,0.346,0.373,0.388,0.404,,,,,,,10.176,3.167,1.0,,0.078,,0.026
5lj3M_3tp2A,068,19.0,3.0,0.226,0.254,0.263,0.26,,,,,,,9.732,2.683,1.0,,0.072,,0.031
5lj3M_3tp2A,069,19.0,14.0,0.243,0.293,0.263,0.296,,,,,,,32.378,7.309,1.0,,0.021,,0.064
5lj3M_3tp2A,070,19.0,5.0,0.229,0.264,0.312,0.363,,,,,,,32.369,3.201,1.0,,0.064,,0.034
5lj3M_3tp2A,071,19.0,9.0,0.26,0.271,0.295,0.333,,,,,,,29.142,10.258,1.0,,-0.002,,0.032
5lj3M_3tp2A,072,19.0,12.0,0.444,0.479,0.574,0.634,,,,,,,27.261,9.353,1.0,,0.042,,0.006
5lj3M_3tp2A,073,19.0,1.0,0.259,0.302,0.252,0.28,,,,,,,26.502,2.788,1.0,,0.078,,0.072
5lj3M_3tp2A,074,18.0,12.0,0.418,0.472,0.466,0.505,,,,,,,10.657,3.651,1.0,,0.05,,0.015
5lj3M_3tp2A,075,18.0,3.0,0.301,0.375,0.379,0.436,,,,,,,35.562,2.954,1.0,,0.07,,-0.013
5lj3M_3tp2A,076,18.0,5.0,0.264,0.253,0.249,0.271,,,,,,,26.428,5.303,1.0,,0.076,,0.127
5lj3M_3tp2A,077,18.0,7.0,0.292,0.291,0.367,0.417,,,,,,,28.232,5.096,1.0,,0.077,,-0.031
5lj3M_3tp2A,078,17.0,3.0,0.296,0.32,0.282,0.321,,,,,,,32.113,13.182,1.0,,0.041,,0.07
5lj3M_3tp2A,079,17.0,2.0,0.252,0.256,0.287,0.29,,,,,,,27.975,8.996,1.0,,0.066,,0.056
5lj3M_3tp2A,080,17.0,1.0,0.346,0.348,0.393,0.439,,,,,,,30.923,7.765,1.0,,0.057,,-0.072
5lj3M_3tp2A,081,17.0,6.0,0.206,0.212,0.277,0.273,,,,,,,35.164,2.969,1.0,,-0.046,,0.044
5lj3M_3tp2A,082,17.0,4.0,0.291,0.315,0.276,0.289,,,,,,,38.19,4.056,1.0,,-0.06,,0.048
5lj3M_3tp2A,083,17.0,8.0,0.314,0.354,0.468,0.557,,,,,,,32.959,10.686,1.0,,0.014,,0.015
5lj3M_3tp2A,084,16.0,7.0,0.38,0.431,0.403,0.463,,,,,,,14.317,6.112,1.0,,0.071,,0.009
5lj3M_3tp2A,085,16.0,11.0,0.396,0.457,0.351,0.407,,,,,,,11.854,2.317,1.0,,0.067,,0.012
5lj3M_3tp2A,086,16.0,2.0,0.205,0.249,0.248,0.249,,,,,,,30.183,10.355,1.0,,0.072,,0.035
5lj3M_3tp2A,087,16.0,7.0,0.27,0.318,0.287,0.31,,,,,,,30.825,8.696,1.0,,-0.007,,0.024
5lj3M_3tp2A,088,15.0,6.0,0.35,0.347,0.348,0.34,,,,,,,32.312,7.106,1.0,,0.053,,-0.051
5lj3M_3tp2A,089,14.0,1.0,0.313,0.328,0.431,0.47,,,,,,,34.135,4.791,1.0,,0.057,,-0.046
5lj3M_3tp2A,090,14.0,3.0,0.352,0.369,0.399,0.457,,,,,,,35.531,3.184,1.0,,0.072,,-0.023
5lj3M_3tp2A,091,14.0,7.0,0.321,0.369,0.415,0.445,,,,,,,32.565,10.441,1.0,,0.04,,-0.055
5lj3M_3tp2A,092,13.0,9.0,0.43,0.467,0.424,0.471,,,,,,,11.787,2.995,1.0,,0.06,,-0.01
5lj3M_3tp2A,093,13.0,11.0,0.401,0.435,0.466,0.506,,,,,,,9.8,2.818,1.0,,0.067,,0.034
5lj3M_3tp2A,094,13.0,4.0,0.212,0.23,0.226,0.221,,,,,,,26.999,5.111,1.0,,0.045,,0.048
5lj3M_3tp2A,095,12.0,3.0,0.236,0.257,0.234,0.252,,,,,,,36.009,2.65,1.0,,0.077,,0.063
5lj3M_3tp2A,096,11.0,10.0,0.255,0.277,0.274,0.286,,,,,,,20.852,3.988,1.0,,0.029,,-0.108
5lj3M_3tp2A,097,11.0,5.0,0.335,0.352,0.72,0.797,,,,,,,19.176,5.07,1.0,,0.058,,0.026
5lj3M_3tp2A,098,11.0,5.0,0.302,0.327,0.325,0.378,,,,,,,35.524,3.667,1.0,,0.055,,0.035
5lj3M_3tp2A,099,10.0,6.0,0.254,0.286,0.318,0.344,,,,,,,28.981,1.529,1.0,,0.066,,-0.043
5ly6B_5aoeB,Deep,,,0.478,0.795,0.481,0.884,0.425,0.37,0.375,,,,,,,,0.043,0.0,
5ly6B_5aoeB,000,77.0,45.0,0.459,0.666,0.476,0.833,0.356,0.329,0.317,001; 007; 007; 001; 005; 004; 004; 005; 009; 009,0.47; 0.47; 0.47; 0.47; 0.46; 0.46; 0.46; 0.46; 0.45; 0.45,0.84; 0.70; 0.70; 0.84; 0.75; 0.71; 0.71; 0.74; 0.72; 0.72,81.06,28.075,1.0,-0.064,0.054,0.0,-0.016
5ly6B_5aoeB,001,46.0,12.0,0.213,0.226,0.26,0.294,0.0,0.0,0.0,001; 007; 007; 006; 010; 001; 006; 010; 002; 002,0.47; 0.47; 0.47; 0.47; 0.47; 0.47; 0.47; 0.47; 0.46; 0.46,0.79; 0.78; 0.78; 0.73; 0.71; 0.79; 0.73; 0.71; 0.76; 0.76,55.216,22.538,1.0,0.003,0.024,0.0,-0.027
5ly6B_5aoeB,002,35.0,10.0,0.175,0.19,0.214,0.179,0.005,0.003,0.007,008; 003; 004; 004; 003; 008; 001; 001; 002; 002,0.30; 0.30; 0.30; 0.30; 0.30; 0.29; 0.27; 0.27; 0.25; 0.25,0.41; 0.39; 0.42; 0.42; 0.39; 0.41; 0.39; 0.39; 0.26; 0.26,70.234,31.177,1.0,-0.016,0.054,0.0,-0.084
5ly6B_5aoeB,003,,,0.22,0.204,0.427,0.554,0.0,0.002,0.002,001; 006; 007; 006; 007; 001; 005; 003; 004; 005,0.46; 0.46; 0.46; 0.46; 0.46; 0.46; 0.45; 0.45; 0.45; 0.45,0.67; 0.67; 0.71; 0.67; 0.71; 0.67; 0.66; 0.66; 0.66; 0.66,77.041,8.101,1.0,-0.007,0.01,0.0,-0.0
5ly6B_5aoeB,004,25.0,7.0,0.163,0.224,0.386,0.428,,,,,,,91.064,7.108,1.0,0.002,0.018,0.0,-0.072
5ly6B_5aoeB,005,24.0,6.0,0.431,0.572,0.473,0.763,,,,,,,75.361,22.06,1.0,-0.096,0.03,0.0,-0.036
5ly6B_5aoeB,006,24.0,14.0,0.398,0.483,0.483,0.689,,,,,,,82.756,23.297,1.0,-0.025,0.036,0.0,-0.043
5ly6B_5aoeB,007,24.0,12.0,0.235,0.262,0.455,0.546,,,,,,,44.923,7.126,1.0,-0.026,-0.02,0.0,-0.026
5ly6B_5aoeB,008,23.0,17.0,0.263,0.242,0.283,0.343,,,,,,,53.286,8.168,1.0,-0.008,0.044,0.0,-0.018
5ly6B_5aoeB,009,23.0,6.0,0.249,0.334,0.498,0.59,,,,,,,47.797,9.788,1.0,-0.02,0.016,0.0,-0.029
5ly6B_5aoeB,010,22.0,13.0,0.24,0.205,0.485,0.615,,,,,,,38.591,6.496,1.0,-0.044,0.01,0.0,-0.045
5ly6B_5aoeB,011,22.0,10.0,0.18,0.202,0.174,0.179,,,,,,,47.851,21.028,1.0,-0.011,0.002,,0.002
5ly6B_5aoeB,012,21.0,4.0,0.167,0.241,0.202,0.245,,,,,,,75.703,10.289,1.0,-0.048,-0.041,,-0.024
5ly6B_5aoeB,013,21.0,1.0,0.17,0.235,0.192,0.195,,,,,,,92.572,3.797,1.0,-0.031,0.047,,-0.03
5ly6B_5aoeB,014,21.0,7.0,0.469,0.653,0.464,0.73,,,,,,,77.333,22.511,1.0,-0.092,0.018,,-0.024
5ly6B_5aoeB,015,21.0,10.0,0.154,0.212,0.205,0.21,,,,,,,64.972,13.528,1.0,-0.007,0.004,,-0.051
5ly6B_5aoeB,016,21.0,4.0,0.267,0.255,0.516,0.612,,,,,,,47.242,6.179,1.0,-0.024,-0.026,,-0.029
5ly6B_5aoeB,017,20.0,12.0,0.267,0.265,0.444,0.517,,,,,,,43.594,8.589,1.0,-0.003,-0.013,,-0.022
5ly6B_5aoeB,018,20.0,8.0,0.371,0.463,0.506,0.759,,,,,,,62.987,14.916,1.0,0.064,0.031,,-0.042
5ly6B_5aoeB,019,20.0,11.0,0.268,0.248,0.382,0.463,,,,,,,74.53,2.086,1.0,0.02,0.017,,-0.024
5ly6B_5aoeB,020,,,0.166,0.17,0.18,0.182,,,,,,,52.401,3.232,1.0,0.004,-0.016,,-0.017
5ly6B_5aoeB,021,20.0,2.0,0.207,0.216,0.216,0.239,,,,,,,37.489,15.752,1.0,-0.048,0.026,,-0.048
5ly6B_5aoeB,022,16.0,1.0,0.215,0.17,0.176,0.212,,,,,,,88.436,5.728,1.0,0.006,0.024,,-0.02
5ly6B_5aoeB,023,16.0,9.0,0.197,0.25,0.193,0.255,,,,,,,106.61,4.757,1.0,-0.004,0.009,,-0.033
5ly6B_5aoeB,024,16.0,4.0,0.251,0.256,0.47,0.629,,,,,,,126.179,11.12,1.0,-0.021,0.013,,-0.003
5ly6B_5aoeB,025,16.0,2.0,0.213,0.187,0.455,0.754,,,,,,,58.632,3.303,1.0,-0.017,0.024,,-0.007
5ly6B_5aoeB,026,16.0,7.0,0.181,0.228,0.38,0.365,,,,,,,116.353,15.08,1.0,-0.035,0.055,,-0.004
5ly6B_5aoeB,027,15.0,6.0,0.219,0.235,0.447,0.705,,,,,,,110.837,5.698,1.0,-0.024,0.018,,-0.017
5ly6B_5aoeB,028,,,0.2,0.179,0.237,0.192,,,,,,,101.275,16.31,1.0,0.012,0.034,,-0.005
5ly6B_5aoeB,029,15.0,4.0,0.297,0.322,0.512,0.668,,,,,,,55.731,8.785,1.0,0.002,0.051,,-0.038
5ly6B_5aoeB,030,14.0,5.0,0.314,0.421,0.504,0.625,,,,,,,60.265,8.553,1.0,-0.033,0.055,,-0.041
5ly6B_5aoeB,031,14.0,7.0,0.279,0.261,0.469,0.768,,,,,,,50.864,50.135,0.9,0.028,0.028,,-0.024
5ly6B_5aoeB,032,,,0.283,0.246,0.311,0.25,,,,,,,106.423,16.121,1.0,0.01,0.054,,-0.04
5ly6B_5aoeB,033,13.0,9.0,0.21,0.215,0.232,0.262,,,,,,,124.345,4.143,1.0,-0.015,0.018,,-0.004
5ly6B_5aoeB,034,13.0,7.0,0.226,0.248,0.216,0.193,,,,,,,98.25,5.51,1.0,0.022,0.026,,-0.012
5ly6B_5aoeB,035,,,0.288,0.39,0.468,0.587,,,,,,,33.971,16.773,1.0,-0.047,0.004,,-0.032
5ly6B_5aoeB,036,13.0,3.0,0.313,0.241,0.447,0.764,,,,,,,109.154,6.657,1.0,-0.061,0.041,,0.002
5ly6B_5aoeB,037,13.0,5.0,0.242,0.23,0.265,0.249,,,,,,,91.615,4.132,1.0,-0.021,0.022,,-0.004
5ly6B_5aoeB,038,13.0,3.0,0.312,0.295,0.447,0.658,,,,,,,120.489,18.95,1.0,-0.039,0.051,,-0.007
5ly6B_5aoeB,039,13.0,7.0,0.204,0.306,0.44,0.515,,,,,,,59.623,7.154,1.0,0.061,0.01,,-0.019
5ly6B_5aoeB,040,12.0,9.0,0.206,0.233,0.249,0.29,,,,,,,40.397,1.236,1.0,-0.049,-0.004,,-0.02
5ly6B_5aoeB,041,,,0.182,0.223,0.388,0.436,,,,,,,84.522,7.544,1.0,0.001,0.051,,-0.018
5ly6B_5aoeB,042,,,0.233,0.25,0.368,0.5,,,,,,,75.713,1.59,1.0,-0.027,0.012,,-0.023
5ly6B_5aoeB,043,,,0.305,0.241,0.46,0.674,,,,,,,109.888,6.211,1.0,-0.018,0.03,,-0.001
5ly6B_5aoeB,044,,,0.215,0.258,0.435,0.736,,,,,,,114.387,18.571,1.0,-0.007,0.025,,-0.021
5ly6B_5aoeB,045,12.0,4.0,0.204,0.198,0.213,0.214,,,,,,,116.493,15.375,1.0,0.044,0.019,,-0.016
5ly6B_5aoeB,046,,,0.168,0.198,0.473,0.537,,,,,,,113.31,13.803,1.0,0.01,0.025,,-0.02
5ly6B_5aoeB,047,12.0,4.0,0.454,0.55,0.459,0.754,,,,,,,88.384,8.021,1.0,0.026,0.007,,-0.042
5ly6B_5aoeB,048,12.0,6.0,0.281,0.186,0.266,0.186,,,,,,,124.169,15.971,1.0,-0.024,0.053,,0.004
5ly6B_5aoeB,049,11.0,6.0,0.216,0.207,0.454,0.45,,,,,,,109.094,4.13,1.0,0.022,0.044,,-0.004
5ly6B_5aoeB,050,11.0,1.0,0.226,0.223,0.259,0.299,,,,,,,116.475,8.711,1.0,0.008,0.028,,-0.008
5ly6B_5aoeB,051,,,0.229,0.228,0.221,0.193,,,,,,,119.2,9.362,1.0,0.003,0.015,,-0.012
5ly6B_5aoeB,052,11.0,5.0,0.238,0.252,0.235,0.283,,,,,,,121.009,7.276,1.0,0.004,0.03,,-0.005
5ly6B_5aoeB,053,11.0,1.0,0.206,0.227,0.178,0.201,,,,,,,121.744,2.408,1.0,0.012,0.05,,-0.026
5ly6B_5aoeB,054,,,0.238,0.208,0.21,0.247,,,,,,,115.645,5.994,1.0,0.027,0.052,,-0.002
5ly6B_5aoeB,055,11.0,6.0,0.209,0.183,0.224,0.237,,,,,,,113.833,12.94,1.0,0.012,0.051,,-0.004
5ly6B_5aoeB,056,11.0,6.0,0.2,0.217,0.23,0.227,,,,,,,101.476,4.41,1.0,-0.006,0.009,,-0.014
5tpnA_1g2cF,Deep,,,0.352,0.827,0.659,0.829,0.0,0.032,0.0,5tpnA; 5tpnA; 1g2cF; 1g2cF,0.58; 0.58; 0.07; 0.07,0.65; 0.65; 0.84; 0.84,,,,,-0.435,0.0,
5tpnA_1g2cF,000,24.0,4.0,0.26,0.709,0.316,0.81,,,,,,,-45.039,30.019,0.0,0.267,-0.434,0.0,0.176
5tpnA_1g2cF,001,13.0,1.0,0.204,0.841,0.201,0.749,,,,,,,-112.909,7.811,0.0,0.798,0.161,0.0,0.164
5tpnA_1g2cF,002,12.0,5.0,0.177,0.715,0.164,0.807,,,,,,,-3.886,3.683,0.0,0.675,-0.135,,
5tpnA_1g2cF,003,,,0.186,0.779,0.227,0.839,,,,,,,-97.001,11.166,0.0,0.241,0.191,,0.154
5wrgC_1wyyB,Deep,,,0.478,0.623,0.34,0.714,0.0,0.078,0.0,,,,,,,,0.404,0.0,
5wrgC_1wyyB,000,153.0,43.0,0.119,0.576,0.142,0.6,0.0,0.006,0.0,006; 006; 005; 005; 008; 008; 007; 007; 001; 003,0.30; 0.30; 0.25; 0.24; 0.23; 0.22; 0.21; 0.20; 0.18; 0.18,0.39; 0.38; 0.41; 0.41; 0.47; 0.49; 0.48; 0.44; 0.61; 0.61,-104.528,25.141,0.0,0.113,0.404,0.0,0.108
5wrgC_1wyyB,001,20.0,8.0,0.206,0.566,0.206,0.584,0.0,0.082,0.0,008; 008; 004; 004; 001; 007; 007; 005; 001; 005,0.24; 0.24; 0.23; 0.23; 0.22; 0.22; 0.22; 0.21; 0.21; 0.21,0.44; 0.43; 0.36; 0.36; 0.65; 0.36; 0.37; 0.42; 0.64; 0.42,-19.174,7.825,0.0,0.302,0.393,0.0,
5wrgC_1wyyB,002,,,0.149,0.516,0.219,0.558,,,,,,,-114.602,4.781,0.0,0.11,0.345,0.0,
5wrgC_1wyyB,003,14.0,4.0,0.172,0.528,0.161,0.604,,,,,,,-36.163,2.501,0.0,0.128,0.093,0.0,0.126
5wrgC_1wyyB,004,14.0,1.0,0.277,0.591,0.284,0.606,,,,,,,-84.362,35.837,0.0,0.157,0.403,0.0,
5wrgC_1wyyB,005,14.0,13.0,0.153,0.51,0.13,0.604,,,,,,,-46.168,0.997,0.0,0.086,0.095,0.0,0.092
5wrgC_1wyyB,006,13.0,1.0,0.197,0.521,0.328,0.601,,,,,,,-101.469,5.116,0.0,0.05,0.302,,
5wrgC_1wyyB,007,12.0,4.0,0.167,0.409,0.197,0.653,,,,,,,-117.327,2.492,0.0,0.16,0.313,,
5wrgC_1wyyB,008,12.0,1.0,0.148,0.551,0.221,0.615,,,,,,,-120.431,3.704,0.0,0.147,0.354,,
5wrgC_1wyyB,009,,,0.241,0.427,0.189,0.434,,,,,,,-118.696,2.2,0.0,0.113,0.358,,
5wrgC_1wyyB,010,,,0.227,0.503,0.283,0.527,,,,,,,-94.266,4.449,0.0,0.11,0.252,,
5wrgC_1wyyB,011,11.0,2.0,0.155,0.445,0.155,0.622,,,,,,,-118.08,2.992,0.0,0.107,0.289,,
5wrgC_1wyyB,012,11.0,3.0,0.217,0.528,0.196,0.6,,,,,,,-17.476,1.26,0.0,0.042,-0.174,,
5wrgC_1wyyB,013,11.0,5.0,0.133,0.555,0.158,0.625,,,,,,,-45.494,1.385,0.0,0.078,0.09,,0.126
5wrgC_1wyyB,014,11.0,2.0,0.169,0.532,0.175,0.596,,,,,,,-35.757,0.874,0.0,0.172,0.159,,0.119
5wrgC_1wyyB,015,11.0,1.0,0.18,0.507,0.182,0.601,,,,,,,-39.486,3.054,0.0,0.072,0.121,,0.119
5wrgC_1wyyB,016,11.0,1.0,0.135,0.501,0.172,0.593,,,,,,,-37.81,1.191,0.0,0.091,0.137,,0.114
5wrgC_1wyyB,017,11.0,1.0,0.199,0.52,0.199,0.632,,,,,,,-50.111,22.703,0.0,0.128,0.235,,0.093
5wrgC_1wyyB,018,,,0.217,0.519,0.18,0.618,,,,,,,-13.129,5.826,0.1,0.243,0.369,,
5wrgC_1wyyB,019,11.0,1.0,0.207,0.196,0.285,0.307,,,,,,,-47.798,40.445,0.0,0.132,0.411,,
5wrgC_1wyyB,020,11.0,1.0,0.177,0.411,0.174,0.562,,,,,,,-118.372,2.616,0.0,0.137,0.339,,
5wrgC_1wyyB,021,11.0,2.0,0.245,0.541,0.26,0.551,,,,,,,-94.194,3.527,0.0,0.135,0.309,,
5wrgC_1wyyB,022,,,0.197,0.497,0.294,0.542,,,,,,,-113.743,8.37,0.0,0.121,0.28,,
5wrgC_1wyyB,023,10.0,3.0,0.171,0.488,0.259,0.434,,,,,,,-117.846,6.794,0.0,0.142,0.291,,
5wrgC_1wyyB,024,10.0,6.0,0.185,0.482,0.221,0.6,,,,,,,-16.626,3.993,0.0,0.101,-0.254,,
5wrgC_1wyyB,025,10.0,1.0,0.125,0.527,0.149,0.615,,,,,,,-45.169,0.937,0.0,0.152,0.085,,0.11
5wrgC_1wyyB,026,10.0,4.0,0.141,0.39,0.14,0.614,,,,,,,-44.33,1.928,0.0,0.145,0.045,,0.12
5wrgC_1wyyB,027,10.0,9.0,0.134,0.425,0.14,0.619,,,,,,,-47.853,1.619,0.0,0.099,0.112,,0.118
5wrgC_1wyyB,028,10.0,3.0,0.185,0.477,0.211,0.582,,,,,,,-42.539,3.5,0.0,0.078,0.354,,0.101
5wrgC_1wyyB,029,10.0,1.0,0.164,0.386,0.197,0.606,,,,,,,-40.149,2.631,0.0,0.077,0.044,,0.091
5wrgC_1wyyB,030,10.0,1.0,0.214,0.476,0.198,0.598,,,,,,,-50.305,4.088,0.0,0.033,0.217,,0.099
5wrgC_1wyyB,031,10.0,1.0,0.152,0.494,0.177,0.605,,,,,,,-40.321,4.721,0.0,0.036,0.128,,0.118
5wrgC_1wyyB,032,10.0,1.0,0.192,0.534,0.154,0.572,,,,,,,-39.015,3.424,0.0,0.198,0.119,,0.11
5wrgC_1wyyB,033,10.0,4.0,0.167,0.53,0.254,0.488,,,,,,,-45.849,6.29,0.0,0.137,0.17,,0.095
5wrgC_1wyyB,034,10.0,2.0,0.233,0.442,0.202,0.588,,,,,,,-42.417,7.059,0.0,0.128,0.152,,0.132
6c6sD_2ougC,Deep,,,0.565,0.737,0.559,0.897,0.442,0.521,0.389,,,,,,,,0.122,-0.006,
6c6sD_2ougC,000,719.0,449.0,0.325,0.405,0.431,0.573,0.18,0.22,0.192,007; 007; 001; 001; 002; 002; 006; 006; 003; 003,0.57; 0.57; 0.56; 0.56; 0.55; 0.55; 0.54; 0.54; 0.53; 0.53,0.64; 0.64; 0.70; 0.70; 0.61; 0.61; 0.68; 0.67; 0.64; 0.64,3.481,2.901,0.9,,0.019,-0.004,0.012
6c6sD_2ougC,001,448.0,313.0,0.536,0.619,0.554,0.724,0.17,0.106,0.178,004; 005; 005; 004; 001; 003; 006; 001; 003; 002,0.56; 0.56; 0.56; 0.56; 0.55; 0.55; 0.55; 0.55; 0.55; 0.54,0.58; 0.60; 0.60; 0.58; 0.65; 0.73; 0.64; 0.65; 0.73; 0.66,4.461,4.257,0.8,,0.034,0.0,-0.015
6c6sD_2ougC,002,433.0,235.0,0.416,0.492,0.517,0.637,0.459,0.531,0.392,004; 004; 001; 001; 006; 003; 003; 006; 002; 002,0.57; 0.57; 0.56; 0.56; 0.55; 0.55; 0.55; 0.55; 0.54; 0.54,0.68; 0.68; 0.83; 0.83; 0.63; 0.63; 0.62; 0.63; 0.65; 0.65,1.269,3.026,0.6,,0.178,0.0,-0.023
6c6sD_2ougC,003,346.0,144.0,0.373,0.486,0.504,0.666,0.046,0.029,0.065,001; 002; 001; 002; 005; 005; 003; 006; 003; 006,0.56; 0.56; 0.56; 0.55; 0.54; 0.54; 0.53; 0.53; 0.53; 0.52,0.64; 0.62; 0.64; 0.61; 0.65; 0.65; 0.69; 0.67; 0.69; 0.67,1.507,3.72,0.6,,0.097,0.0,-0.057
6c6sD_2ougC,004,345.0,286.0,0.426,0.471,0.438,0.45,0.182,0.234,0.182,001; 005; 005; 001; 004; 004; 009; 002; 002; 009,0.57; 0.57; 0.57; 0.57; 0.56; 0.55; 0.54; 0.54; 0.54; 0.54,0.64; 0.63; 0.62; 0.65; 0.64; 0.65; 0.65; 0.62; 0.62; 0.64,4.664,2.334,0.9,,-0.015,-0.001,-0.131
6c6sD_2ougC,005,304.0,240.0,0.235,0.26,0.359,0.37,0.195,0.211,0.204,002; 002; 001; 003; 001; 003; 005; 005; 006; 006,0.57; 0.57; 0.56; 0.56; 0.56; 0.56; 0.55; 0.55; 0.53; 0.53,0.61; 0.61; 0.61; 0.63; 0.61; 0.63; 0.64; 0.64; 0.58; 0.58,6.774,4.624,0.9,,-0.108,0.0,-0.022
6c6sD_2ougC,006,282.0,144.0,0.195,0.247,0.213,0.259,0.476,0.476,0.404,001; 004; 004; 001; 008; 008; 006; 006; 003; 003,0.57; 0.57; 0.57; 0.56; 0.55; 0.55; 0.54; 0.54; 0.53; 0.53,0.62; 0.65; 0.65; 0.62; 0.62; 0.62; 0.63; 0.63; 0.66; 0.66,2.775,2.707,0.9,,-0.018,0.0,-0.0
6c6sD_2ougC,007,246.0,111.0,0.396,0.463,0.488,0.575,0.451,0.497,0.395,001; 001; 005; 005; 003; 004; 004; 003; 010; 010,0.58; 0.58; 0.55; 0.55; 0.54; 0.54; 0.54; 0.54; 0.54; 0.53,0.67; 0.67; 0.63; 0.64; 0.64; 0.62; 0.62; 0.64; 0.62; 0.62,3.661,1.947,1.0,,0.1,0.0,-0.278
6c6sD_2ougC,008,223.0,131.0,0.287,0.362,0.467,0.539,0.169,0.163,0.146,004; 004; 002; 002; 001; 001; 003; 003; 005; 005,0.57; 0.57; 0.56; 0.56; 0.55; 0.55; 0.54; 0.53; 0.50; 0.50,0.70; 0.70; 0.61; 0.61; 0.65; 0.65; 0.66; 0.66; 0.56; 0.56,5.118,2.914,0.9,,0.121,0.0,-0.012
6c6sD_2ougC,009,223.0,139.0,0.39,0.463,0.532,0.807,0.044,0.028,0.059,009; 009; 006; 006; 003; 003; 001; 001; 010; 002,0.55; 0.55; 0.54; 0.54; 0.52; 0.51; 0.50; 0.50; 0.48; 0.48,0.63; 0.63; 0.64; 0.65; 0.65; 0.65; 0.64; 0.64; 0.62; 0.58,3.758,3.249,0.8,,0.116,0.0,-0.068
6c6sD_2ougC,010,203.0,138.0,0.362,0.491,0.509,0.59,0.178,0.215,0.19,004; 004; 005; 005; 003; 003; 002; 002; 001; 001,0.58; 0.58; 0.57; 0.57; 0.54; 0.54; 0.53; 0.53; 0.51; 0.51,0.62; 0.62; 0.58; 0.58; 0.60; 0.60; 0.61; 0.61; 0.65; 0.65,6.0,4.207,1.0,,0.141,0.0,-0.03
6c6sD_2ougC,011,186.0,105.0,0.449,0.498,0.522,0.641,0.036,0.032,0.059,010; 010; 003; 003; 001; 001; 002; 002; 009; 009,0.54; 0.54; 0.54; 0.54; 0.52; 0.52; 0.50; 0.50; 0.45; 0.45,0.61; 0.61; 0.62; 0.62; 0.59; 0.59; 0.65; 0.65; 0.54; 0.55,2.45,2.207,0.9,,0.057,0.0,-0.016
6c6sD_2ougC,012,183.0,127.0,0.457,0.545,0.538,0.677,0.432,0.473,0.384,007; 002; 007; 002; 005; 005; 001; 001; 006; 006,0.57; 0.57; 0.57; 0.56; 0.56; 0.56; 0.55; 0.55; 0.54; 0.54,0.70; 0.66; 0.70; 0.66; 0.63; 0.63; 0.65; 0.65; 0.64; 0.64,3.567,2.638,0.9,,0.1,0.0,-0.142
6c6sD_2ougC,013,177.0,125.0,0.31,0.36,0.465,0.556,0.179,0.204,0.169,002; 002; 001; 007; 006; 005; 006; 007; 005; 003,0.57; 0.57; 0.55; 0.55; 0.55; 0.55; 0.55; 0.55; 0.55; 0.54,0.66; 0.65; 0.76; 0.61; 0.64; 0.65; 0.64; 0.61; 0.65; 0.71,1.549,3.042,0.8,,0.168,0.0,-0.085
6c6sD_2ougC,014,174.0,113.0,0.409,0.544,0.482,0.573,0.446,0.44,0.385,001; 001; 002; 002; 003; 003; 005; 005; 004; 004,0.58; 0.58; 0.57; 0.57; 0.56; 0.56; 0.52; 0.52; 0.46; 0.46,0.72; 0.72; 0.63; 0.63; 0.63; 0.63; 0.63; 0.63; 0.50; 0.50,4.693,3.632,0.9,,0.188,0.0,-0.235
6c6sD_2ougC,015,153.0,93.0,0.296,0.331,0.514,0.637,0.032,0.09,0.038,001; 006; 006; 004; 010; 001; 004; 010; 007; 005,0.55; 0.55; 0.55; 0.54; 0.54; 0.54; 0.54; 0.54; 0.53; 0.53,0.67; 0.66; 0.66; 0.61; 0.61; 0.65; 0.61; 0.61; 0.61; 0.63,4.744,3.477,1.0,,-0.131,0.0,-0.027
6c6sD_2ougC,016,150.0,108.0,0.423,0.564,0.476,0.539,0.179,0.337,0.17,004; 004; 001; 001; 006; 006; 005; 005; 008; 008,0.57; 0.57; 0.56; 0.56; 0.52; 0.52; 0.50; 0.50; 0.49; 0.49,0.63; 0.64; 0.67; 0.66; 0.56; 0.56; 0.71; 0.71; 0.61; 0.61,3.069,2.193,0.9,,0.093,0.0,-0.186
6c6sD_2ougC,017,147.0,108.0,0.28,0.381,0.429,0.495,0.221,0.207,0.202,003; 003; 005; 005; 002; 007; 007; 002; 001; 001,0.57; 0.57; 0.56; 0.56; 0.55; 0.55; 0.55; 0.55; 0.54; 0.54,0.66; 0.66; 0.74; 0.74; 0.65; 0.60; 0.60; 0.65; 0.70; 0.70,3.09,2.686,0.8,,0.087,0.0,-0.005
6c6sD_2ougC,018,143.0,112.0,0.221,0.269,0.535,0.549,0.021,0.013,0.063,002; 002; 004; 004; 001; 005; 001; 005; 007; 006,0.58; 0.58; 0.56; 0.56; 0.55; 0.55; 0.55; 0.55; 0.54; 0.54,0.66; 0.66; 0.65; 0.65; 0.63; 0.63; 0.63; 0.63; 0.74; 0.67,3.299,3.223,0.8,,0.15,0.0,-0.026
6c6sD_2ougC,019,140.0,89.0,0.553,0.63,0.581,0.636,,,,,,,3.484,4.101,0.7,,0.174,,-0.02
6c6sD_2ougC,020,139.0,53.0,0.461,0.589,0.53,0.723,,,,,,,3.545,2.352,1.0,,0.112,,-0.094
6c6sD_2ougC,021,131.0,91.0,0.459,0.602,0.451,0.553,,,,,,,4.172,3.562,1.0,,0.017,,-0.168
6c6sD_2ougC,022,130.0,107.0,0.216,0.233,0.226,0.279,,,,,,,2.447,2.626,0.9,,0.012,,0.018
6c6sD_2ougC,023,130.0,87.0,0.528,0.673,0.536,0.723,,,,,,,3.232,3.218,0.8,,0.159,,-0.041
6c6sD_2ougC,024,125.0,57.0,0.462,0.522,0.411,0.459,,,,,,,2.364,2.181,0.8,,0.16,,-0.17
6c6sD_2ougC,025,122.0,91.0,0.216,0.29,0.413,0.522,,,,,,,3.092,3.037,0.8,,0.162,,0.003
6c6sD_2ougC,026,121.0,71.0,0.354,0.44,0.289,0.339,,,,,,,3.776,3.406,0.9,,0.162,,-0.033
6c6sD_2ougC,027,121.0,44.0,0.337,0.407,0.525,0.716,,,,,,,1.044,2.719,0.5,,0.12,,-0.004
6c6sD_2ougC,028,115.0,98.0,0.576,0.762,0.583,0.734,,,,,,,3.792,3.962,0.9,,0.014,,-0.045
6c6sD_2ougC,029,110.0,86.0,0.378,0.466,0.416,0.475,,,,,,,5.306,4.82,0.9,,0.08,,0.012
6c6sD_2ougC,030,109.0,63.0,0.323,0.364,0.359,0.418,,,,,,,4.523,3.771,0.9,,0.088,,0.004
6c6sD_2ougC,031,106.0,74.0,0.188,0.226,0.314,0.352,,,,,,,3.706,2.93,0.8,,-0.108,,0.02
6c6sD_2ougC,032,104.0,75.0,0.359,0.441,0.519,0.61,,,,,,,4.157,2.936,1.0,,0.096,,-0.027
6c6sD_2ougC,033,102.0,78.0,0.448,0.524,0.46,0.519,,,,,,,2.904,3.792,0.8,,0.096,,-0.02
6c6sD_2ougC,034,102.0,64.0,0.379,0.464,0.558,0.701,,,,,,,2.951,2.781,0.9,,0.013,,-0.009
6c6sD_2ougC,035,99.0,56.0,0.213,0.313,0.218,0.302,,,,,,,2.854,3.192,0.9,,0.161,,0.003
6c6sD_2ougC,036,93.0,43.0,0.229,0.32,0.507,0.622,,,,,,,3.084,4.989,0.8,,0.116,,-0.16
6c6sD_2ougC,037,93.0,30.0,0.41,0.526,0.456,0.627,,,,,,,4.175,2.86,1.0,,0.118,,-0.009
6c6sD_2ougC,038,91.0,77.0,0.249,0.327,0.402,0.488,,,,,,,2.527,2.416,0.9,,0.092,,-0.004
6c6sD_2ougC,039,91.0,74.0,0.564,0.62,0.572,0.633,,,,,,,4.572,2.199,1.0,,0.073,,-0.028
6c6sD_2ougC,040,91.0,38.0,0.229,0.258,0.519,0.575,,,,,,,0.538,1.868,0.8,,0.046,,-0.007
6c6sD_2ougC,041,90.0,58.0,0.288,0.276,0.397,0.516,,,,,,,4.238,5.166,0.8,,0.109,,-0.023
6c6sD_2ougC,042,89.0,58.0,0.467,0.577,0.538,0.634,,,,,,,3.032,2.973,0.9,,0.09,,-0.168
6c6sD_2ougC,043,88.0,42.0,0.415,0.502,0.413,0.471,,,,,,,6.426,4.494,1.0,,0.14,,-0.173
6c6sD_2ougC,044,87.0,61.0,0.244,0.314,0.544,0.61,,,,,,,3.576,3.087,1.0,,0.168,,0.021
6c6sD_2ougC,045,86.0,54.0,0.574,0.672,0.579,0.635,,,,,,,3.783,3.687,0.9,,0.107,,-0.034
6c6sD_2ougC,046,86.0,35.0,0.218,0.256,0.288,0.343,,,,,,,-0.511,2.601,0.4,,-0.032,,0.004
6c6sD_2ougC,047,86.0,57.0,0.442,0.592,0.54,0.684,,,,,,,5.259,2.31,1.0,,-0.027,,-0.021
6c6sD_2ougC,048,85.0,68.0,0.403,0.481,0.523,0.573,,,,,,,4.52,2.841,0.9,,0.14,,-0.122
6c6sD_2ougC,049,83.0,69.0,0.486,0.533,0.491,0.542,,,,,,,4.125,2.745,1.0,,0.091,,-0.258
6c6sD_2ougC,050,82.0,62.0,0.438,0.458,0.446,0.457,,,,,,,2.006,4.072,0.7,,-0.056,,-0.32
6c6sD_2ougC,051,81.0,72.0,0.58,0.619,0.58,0.63,,,,,,,4.852,4.47,0.8,,-0.008,,-0.042
6c6sD_2ougC,052,80.0,69.0,0.441,0.486,0.495,0.479,,,,,,,5.128,2.877,1.0,,0.003,,-0.273
6c6sD_2ougC,053,79.0,55.0,0.556,0.636,0.577,0.626,,,,,,,4.609,4.544,0.8,,0.064,,-0.03
6c6sD_2ougC,054,78.0,44.0,0.392,0.553,0.563,0.65,,,,,,,3.715,2.575,1.0,,0.137,,-0.006
6c6sD_2ougC,055,77.0,71.0,0.339,0.392,0.379,0.413,,,,,,,3.733,2.933,0.9,,-0.179,,-0.015
6c6sD_2ougC,056,75.0,60.0,0.373,0.393,0.439,0.488,,,,,,,3.737,2.687,0.9,,0.181,,-0.05
6c6sD_2ougC,057,75.0,36.0,0.251,0.297,0.236,0.284,,,,,,,3.314,2.675,0.9,,0.183,,0.003
6c6sD_2ougC,058,75.0,47.0,0.421,0.586,0.547,0.619,,,,,,,2.465,2.217,0.9,,0.093,,-0.145
6c6sD_2ougC,059,73.0,46.0,0.285,0.317,0.206,0.314,,,,,,,3.356,2.786,0.9,,0.081,,0.01
6c6sD_2ougC,060,72.0,41.0,0.395,0.488,0.472,0.601,,,,,,,1.213,1.608,0.7,,0.056,,-0.093
6c6sD_2ougC,061,71.0,59.0,0.524,0.599,0.516,0.604,,,,,,,-0.029,2.651,0.7,,-0.059,,-0.016
6c6sD_2ougC,062,71.0,41.0,0.209,0.272,0.277,0.325,,,,,,,5.67,2.035,1.0,,0.104,,-0.001
6c6sD_2ougC,063,71.0,42.0,0.269,0.353,0.314,0.379,,,,,,,3.171,2.927,0.8,,0.167,,-0.066
6c6sD_2ougC,064,71.0,50.0,0.407,0.5,0.513,0.581,,,,,,,5.155,3.015,1.0,,-0.029,,-0.059
6c6sD_2ougC,065,69.0,40.0,0.387,0.544,0.461,0.494,,,,,,,3.713,2.562,1.0,,0.077,,-0.072
6c6sD_2ougC,066,68.0,52.0,0.408,0.499,0.516,0.569,,,,,,,2.339,1.788,0.9,,0.17,,-0.107
6c6sD_2ougC,067,68.0,35.0,0.541,0.68,0.55,0.648,,,,,,,0.783,3.337,0.6,,0.152,,-0.097
6c6sD_2ougC,068,67.0,41.0,0.56,0.818,0.551,0.872,,,,,,,2.589,3.409,0.8,,0.054,,-0.06
6c6sD_2ougC,069,66.0,58.0,0.376,0.535,0.535,0.752,,,,,,,1.95,3.388,0.7,,0.065,,-0.004
6c6sD_2ougC,070,65.0,47.0,0.376,0.403,0.513,0.588,,,,,,,3.599,4.178,0.8,,0.038,,-0.262
6c6sD_2ougC,071,64.0,63.0,0.45,0.509,0.521,0.56,,,,,,,6.273,2.72,1.0,,0.11,,-0.04
6c6sD_2ougC,072,64.0,33.0,0.256,0.367,0.316,0.401,,,,,,,4.21,2.396,1.0,,0.014,,-0.021
6c6sD_2ougC,073,61.0,39.0,0.249,0.279,0.481,0.577,,,,,,,1.028,3.004,0.6,,0.149,,-0.052
6c6sD_2ougC,074,61.0,48.0,0.476,0.563,0.478,0.578,,,,,,,5.5,3.961,0.9,,0.07,,-0.043
6c6sD_2ougC,075,58.0,46.0,0.335,0.385,0.374,0.42,,,,,,,6.54,4.026,1.0,,0.115,,-0.074
6c6sD_2ougC,076,57.0,41.0,0.445,0.586,0.527,0.611,,,,,,,3.509,3.95,0.8,,0.133,,-0.102
6c6sD_2ougC,077,56.0,20.0,0.369,0.483,0.351,0.415,,,,,,,3.194,2.121,1.0,,0.134,,-0.101
6c6sD_2ougC,078,55.0,48.0,0.413,0.486,0.52,0.623,,,,,,,3.755,3.888,0.9,,0.11,,0.005
6c6sD_2ougC,079,55.0,43.0,0.249,0.331,0.215,0.347,,,,,,,4.394,2.009,1.0,,0.146,,-0.015
6c6sD_2ougC,080,55.0,34.0,0.528,0.629,0.457,0.604,,,,,,,5.168,2.943,0.9,,0.185,,-0.229
6c6sD_2ougC,081,52.0,34.0,0.505,0.58,0.549,0.774,,,,,,,4.815,1.809,1.0,,0.062,,-0.1
6c6sD_2ougC,082,52.0,36.0,0.349,0.426,0.521,0.707,,,,,,,2.587,3.41,0.8,,0.027,,-0.022
6c6sD_2ougC,083,50.0,27.0,0.233,0.28,0.372,0.442,,,,,,,8.036,3.982,1.0,,0.157,,0.014
6c6sD_2ougC,084,49.0,45.0,0.517,0.507,0.516,0.531,,,,,,,5.503,4.69,0.9,,0.185,,-0.19
6c6sD_2ougC,085,49.0,41.0,0.449,0.519,0.507,0.723,,,,,,,5.197,3.902,0.9,,0.129,,-0.069
6c6sD_2ougC,086,48.0,21.0,0.438,0.528,0.427,0.522,,,,,,,7.646,2.901,1.0,,-0.122,,-0.036
6c6sD_2ougC,087,47.0,32.0,0.437,0.523,0.484,0.605,,,,,,,3.063,2.526,0.9,,0.12,,-0.166
6c6sD_2ougC,088,47.0,38.0,0.534,0.688,0.556,0.729,,,,,,,4.073,3.266,0.9,,0.121,,-0.055
6c6sD_2ougC,089,46.0,30.0,0.43,0.535,0.523,0.788,,,,,,,3.081,3.627,0.9,,0.038,,-0.228
6c6sD_2ougC,090,46.0,35.0,0.526,0.594,0.528,0.59,,,,,,,5.617,4.238,0.9,,0.171,,-0.346
6c6sD_2ougC,091,44.0,37.0,0.498,0.633,0.49,0.602,,,,,,,3.276,3.386,0.7,,0.063,,-0.231
6c6sD_2ougC,092,43.0,26.0,0.208,0.25,0.207,0.223,,,,,,,6.624,4.335,1.0,,0.086,,0.012
6c6sD_2ougC,093,40.0,35.0,0.558,0.675,0.583,0.634,,,,,,,5.844,2.958,1.0,,0.117,,0.013
6c6sD_2ougC,094,39.0,21.0,0.355,0.43,0.496,0.509,,,,,,,3.04,2.893,0.8,,0.042,,-0.024
6c6sD_2ougC,095,37.0,24.0,0.446,0.521,0.513,0.563,,,,,,,4.298,3.089,1.0,,0.185,,-0.276
6c6sD_2ougC,096,37.0,25.0,0.231,0.314,0.275,0.355,,,,,,,3.449,4.171,0.8,,0.103,,-0.012
6c6sD_2ougC,097,36.0,30.0,0.441,0.542,0.523,0.573,,,,,,,3.305,1.865,1.0,,0.172,,-0.222
6c6sD_2ougC,098,36.0,27.0,0.497,0.594,0.504,0.578,,,,,,,3.306,3.984,0.6,,0.176,,-0.289
6c6sD_2ougC,099,33.0,30.0,0.5,0.569,0.517,0.526,,,,,,,4.504,2.276,0.9,,0.116,,-0.298
7kdtB_6z4uA,Deep,,,0.422,0.247,0.401,0.277,0.0,0.0,0.014,6z4uA; 6z4uA; 7kdtB; 7kdtB,0.37; 0.37; 0.36; 0.36,0.23; 0.23; 0.17; 0.17,,,,,0.229,0.0,
7kdtB_6z4uA,000,13.0,4.0,0.406,0.267,0.442,0.226,,,,,,,0.974,6.191,0.3,-0.101,0.229,0.0,0.09
