pair_id,cluster,method,TM1_max,TM2_max,TM1_mean,TM2_mean,TMdiff_max,TMdiff_mean,n_models,n_toward_f1,n_toward_f2,vote_frac_f1,pref,TMdiff_centered,pref_centered,pair_median_used,t1_recall,t2_recall,metric_used,ddg_bias_mean,ddg_bias_std,ddg_sum_F1_mean,ddg_sum_F2_mean
1dzlA_5keqF,DeepMsa,AF2,0.9225,0.9157,0.9216,0.9032,0.0068,0.0184,2,2,0,1.0,Amb,0.0068,Amb,0.0272,,,,,,,
1dzlA_5keqF,ShallowMsa_000,AF2,0.9016,0.8729,0.9013,0.8728,0.0286,0.0285,2,2,0,1.0,Amb,0.0014,Amb,0.0272,,,,,,,
1dzlA_5keqF,ShallowMsa_001,AF2,0.8567,0.8294,0.8562,0.8288,0.0272,0.0274,2,2,0,1.0,Amb,0.0,Amb,0.0272,,,,,,,
1dzlA_5keqF,ShallowMsa_002,AF2,0.919,0.8785,0.9183,0.878,0.0406,0.0403,2,2,0,1.0,Amb,0.0134,Amb,0.0272,,,,,,,
1dzlA_5keqF,ShallowMsa_004,AF2,0.3543,0.3446,0.3097,0.3012,0.0097,0.0085,2,2,0,1.0,Amb,-0.0175,Amb,0.0272,,,,,,,
1dzlA_5keqF,ShallowMsa_005,AF2,0.7568,0.7321,0.7549,0.7297,0.0247,0.0252,2,2,0,1.0,Amb,-0.0025,Amb,0.0272,,,,,,,
1dzlA_5keqF,DeepMsa,AF3,0.9296,0.9245,0.929,0.9091,0.0051,0.0199,2,2,0,1.0,Amb,0.0051,Amb,0.0375,,,,,,,
1dzlA_5keqF,ShallowMsa_000,AF3,0.9104,0.8813,0.9102,0.8812,0.0291,0.0289,2,2,0,1.0,Amb,-0.0084,Amb,0.0375,,,,,,,
1dzlA_5keqF,ShallowMsa_001,AF3,0.9136,0.8713,0.9136,0.8711,0.0423,0.0425,2,2,0,1.0,Amb,0.0048,Amb,0.0375,,,,,,,
1dzlA_5keqF,ShallowMsa_002,AF3,0.9268,0.8883,0.9243,0.8866,0.0386,0.0377,2,2,0,1.0,Amb,0.0011,Amb,0.0375,,,,,,,
1dzlA_5keqF,ShallowMsa_004,AF3,0.5454,0.5246,0.5212,0.5021,0.0208,0.019,2,2,0,1.0,Amb,-0.0167,Amb,0.0375,,,,,,,
1dzlA_5keqF,ShallowMsa_005,AF3,0.875,0.8376,0.8368,0.8015,0.0375,0.0353,2,2,0,1.0,Amb,0.0,Amb,0.0375,,,,,,,
1dzlA_5keqF,ShallowMsa_000,ESM,0.401,0.3884,0.237,0.2278,0.0126,0.0092,20,15,5,0.75,Amb,0.0109,Amb,0.0016,,,,,,,
1dzlA_5keqF,ShallowMsa_001,ESM,0.2892,0.2848,0.2353,0.2297,0.0045,0.0056,20,16,4,0.8,Amb,0.0028,Amb,0.0016,,,,,,,
1dzlA_5keqF,ShallowMsa_002,ESM,0.3173,0.3251,0.2276,0.2286,-0.0078,-0.0009,20,8,12,0.4,Amb,-0.0095,Amb,0.0016,,,,,,,
1dzlA_5keqF,ShallowMsa_003,ESM,0.2055,0.2073,0.1723,0.1669,-0.0018,0.0054,10,8,2,0.8,Amb,-0.0034,Amb,0.0016,,,,,,,
1dzlA_5keqF,ShallowMsa_004,ESM,0.2061,0.2073,0.171,0.166,-0.0012,0.005,20,15,5,0.75,Amb,-0.0029,Amb,0.0016,,,,,,,
1dzlA_5keqF,ShallowMsa_005,ESM,0.2857,0.2716,0.2375,0.231,0.014,0.0066,20,13,7,0.65,Amb,0.0123,Amb,0.0016,,,,,,,
1dzlA_5keqF,DeepMsa,MSAT,0.148,0.1553,0.148,0.1553,-0.0073,-0.0073,1,0,1,0.0,Amb,-0.0073,Amb,0.0,0.148,0.1553,t_recall,,,,
1dzlA_5keqF,ShallowMsa_000,MSAT,0.0,0.0,0.0,0.0,0.0,0.0,1,0,0,0.0,Amb,0.0,Amb,0.0,0.0,0.0,t_recall,,,,
1dzlA_5keqF,ShallowMsa_001,MSAT,0.0,0.0,0.0,0.0,0.0,0.0,1,0,0,0.0,Amb,0.0,Amb,0.0,0.0,0.0,t_recall,,,,
1dzlA_5keqF,ShallowMsa_002,MSAT,0.0,0.0,0.0,0.0,0.0,0.0,1,0,0,0.0,Amb,0.0,Amb,0.0,0.0,0.0,t_recall,,,,
1dzlA_5keqF,ShallowMsa_004,MSAT,0.0,0.0,0.0,0.0,0.0,0.0,1,0,0,0.0,Amb,0.0,Amb,0.0,0.0,0.0,t_recall,,,,
1dzlA_5keqF,ShallowMsa_005,MSAT,0.0,0.0,0.0,0.0,0.0,0.0,1,0,0,0.0,Amb,0.0,Amb,0.0,0.0,0.0,t_recall,,,,
1dzlA_5keqF,DeepMsa,CCMpred,0.0,0.0,0.0,0.0,0.0,0.0,1,0,0,0.0,Amb,0.0,Amb,0.0,0.0,0.0,t_recall,,,,
1dzlA_5keqF,ShallowMsa_000,CCMpred,0.0,0.0,0.0,0.0,0.0,0.0,1,0,0,0.0,Amb,0.0,Amb,0.0,0.0,0.0,t_recall,,,,
1dzlA_5keqF,ShallowMsa_001,CCMpred,0.0,0.0,0.0,0.0,0.0,0.0,1,0,0,0.0,Amb,0.0,Amb,0.0,0.0,0.0,t_recall,,,,
1dzlA_5keqF,ShallowMsa_002,CCMpred,0.0,0.0,0.0,0.0,0.0,0.0,1,0,0,0.0,Amb,0.0,Amb,0.0,0.0,0.0,t_recall,,,,
1dzlA_5keqF,ShallowMsa_004,CCMpred,0.0,0.0,0.0,0.0,0.0,0.0,1,0,0,0.0,Amb,0.0,Amb,0.0,0.0,0.0,t_recall,,,,
1dzlA_5keqF,ShallowMsa_005,CCMpred,0.0,0.0,0.0,0.0,0.0,0.0,1,0,0,0.0,Amb,0.0,Amb,0.0,0.0,0.0,t_recall,,,,
1dzlA_5keqF,ShallowMsa_000,DDG,-87.0848,-62.9405,-87.0848,-62.9405,-24.1443,-24.1443,10,0,10,0.0,F2,-14.1925,F2,-9.9518,,,ddg_kcal_per_mol(delta=1.0),-24.1443,11.4019,87.0848,62.9405
1dzlA_5keqF,ShallowMsa_001,DDG,-57.7638,-46.4807,-57.7638,-46.4807,-11.2831,-11.2831,10,0,10,0.0,F2,-1.3313,F2,-9.9518,,,ddg_kcal_per_mol(delta=1.0),-11.2831,2.7891,57.7638,46.4807
1dzlA_5keqF,ShallowMsa_002,DDG,-43.3568,-34.1553,-43.3568,-34.1553,-9.2014,-9.2014,10,1,9,0.1,F2,0.7504,Amb,-9.9518,,,ddg_kcal_per_mol(delta=1.0),-9.2014,5.9225,43.3568,34.1553
1dzlA_5keqF,ShallowMsa_004,DDG,-33.4032,-24.9227,-33.4032,-24.9227,-8.4806,-8.4806,10,0,10,0.0,F2,1.4712,F1,-9.9518,,,ddg_kcal_per_mol(delta=1.0),-8.4806,5.5893,33.4032,24.9227
1dzlA_5keqF,ShallowMsa_005,DDG,-51.6453,-41.6935,-51.6453,-41.6935,-9.9518,-9.9518,10,0,10,0.0,F2,0.0,Amb,-9.9518,,,ddg_kcal_per_mol(delta=1.0),-9.9518,2.4956,51.6453,41.6935
1dzlA_5keqF,ShallowMsa_002,Boltz2,0.2279,0.2217,0.2279,0.2217,0.0062,0.0062,1,1,0,1.0,Amb,0.0062,Amb,0.0,,,,,,,
1eboE_5fhcJ,DeepMsa,AF2,0.8383,0.5885,0.5488,0.4176,0.2499,0.1311,2,1,1,0.5,F1,0.2499,F1,0.2421,,,,,,,
1eboE_5fhcJ,ShallowMsa_000,AF2,0.8408,0.5937,0.5482,0.422,0.2471,0.1262,2,1,1,0.5,F1,0.005,Amb,0.2421,,,,,,,
1eboE_5fhcJ,ShallowMsa_001,AF2,0.4676,0.2305,0.4417,0.2293,0.2371,0.2124,2,2,0,1.0,F1,-0.005,Amb,0.2421,,,,,,,
1eboE_5fhcJ,DeepMsa,AF3,0.7936,0.2731,0.5417,0.2578,0.5205,0.2839,2,2,0,1.0,F1,0.5205,F1,0.339,,,,,,,
1eboE_5fhcJ,ShallowMsa_000,AF3,0.7964,0.3416,0.5449,0.2923,0.4548,0.2526,2,1,1,0.5,F1,0.1158,F1,0.339,,,,,,,
1eboE_5fhcJ,ShallowMsa_001,AF3,0.462,0.2387,0.4245,0.232,0.2233,0.1926,2,2,0,1.0,F1,-0.1157,F2,0.339,,,,,,,
1eboE_5fhcJ,ShallowMsa_000,ESM,0.8799,0.3478,0.4931,0.254,0.5322,0.2391,20,14,6,0.7,F1,0.1233,F1,0.4089,,,,,,,
1eboE_5fhcJ,ShallowMsa_001,ESM,0.5378,0.2522,0.4386,0.2371,0.2856,0.2015,20,20,0,1.0,F1,-0.1233,F2,0.4089,,,,,,,
1eboE_5fhcJ,DeepMsa,MSAT,0.0,0.0,0.0,0.0,0.0,0.0,1,0,0,0.0,Amb,0.0,Amb,0.0,0.0,0.0,t_recall,,,,
1eboE_5fhcJ,ShallowMsa_000,MSAT,0.0,0.0,0.0,0.0,0.0,0.0,1,0,0,0.0,Amb,0.0,Amb,0.0,0.0,0.0,t_recall,,,,
1eboE_5fhcJ,ShallowMsa_001,MSAT,0.0,0.0,0.0,0.0,0.0,0.0,1,0,0,0.0,Amb,0.0,Amb,0.0,0.0,0.0,t_recall,,,,
1eboE_5fhcJ,DeepMsa,CCMpred,0.0,0.0,0.0,0.0,0.0,0.0,1,0,0,0.0,Amb,0.0,Amb,0.0,0.0,0.0,t_recall,,,,
1eboE_5fhcJ,ShallowMsa_000,CCMpred,0.0,0.0,0.0,0.0,0.0,0.0,1,0,0,0.0,Amb,0.0,Amb,0.0,0.0,0.0,t_recall,,,,
1eboE_5fhcJ,ShallowMsa_001,CCMpred,0.0,0.0,0.0,0.0,0.0,0.0,1,0,0,0.0,Amb,0.0,Amb,0.0,0.0,0.0,t_recall,,,,
1eboE_5fhcJ,ShallowMsa_000,DDG,-13.5485,-6.1529,-13.5485,-6.1529,-7.3956,-7.3956,10,1,9,0.1,F2,-1.875,F2,-5.5206,,,ddg_kcal_per_mol(delta=1.0),-7.3956,5.9058,13.5485,6.1529
1eboE_5fhcJ,ShallowMsa_001,DDG,-11.776,-8.1305,-11.776,-8.1305,-3.6455,-3.6455,10,3,7,0.3,F2,1.875,F1,-5.5206,,,ddg_kcal_per_mol(delta=1.0),-3.6455,4.4065,11.776,8.1305
1eboE_5fhcJ,ShallowMsa_000,Boltz2,0.2505,0.2489,0.2505,0.2489,0.0015,0.0015,1,1,0,1.0,Amb,0.0015,Amb,0.0,,,,,,,
1fzpD_2frhA,DeepMsa,AF2,0.6317,0.9108,0.5407,0.8148,-0.2791,-0.2741,2,0,2,0.0,F2,-0.2791,F2,-0.0701,,,,,,,
1fzpD_2frhA,ShallowMsa_000,AF2,0.2704,0.3689,0.2699,0.3659,-0.0985,-0.096,2,0,2,0.0,F2,-0.0284,Amb,-0.0701,,,,,,,
1fzpD_2frhA,ShallowMsa_001,AF2,0.2752,0.3838,0.2677,0.3829,-0.1087,-0.1152,2,0,2,0.0,F2,-0.0386,Amb,-0.0701,,,,,,,
1fzpD_2frhA,ShallowMsa_002,AF2,0.6292,0.9044,0.5412,0.8088,-0.2752,-0.2676,2,0,2,0.0,F2,-0.2051,F2,-0.0701,,,,,,,
1fzpD_2frhA,ShallowMsa_003,AF2,0.2803,0.3643,0.2801,0.3639,-0.084,-0.0838,2,0,2,0.0,F2,-0.0139,Amb,-0.0701,,,,,,,
1fzpD_2frhA,ShallowMsa_004,AF2,0.2216,0.2399,0.2049,0.2084,-0.0183,-0.0035,2,1,1,0.5,Amb,0.0518,F1,-0.0701,,,,,,,
1fzpD_2frhA,ShallowMsa_005,AF2,0.2854,0.3416,0.2849,0.3251,-0.0562,-0.0402,2,0,2,0.0,F2,0.0139,Amb,-0.0701,,,,,,,
1fzpD_2frhA,ShallowMsa_006,AF2,0.2528,0.3062,0.2515,0.3054,-0.0534,-0.0539,2,0,2,0.0,F2,0.0167,Amb,-0.0701,,,,,,,
1fzpD_2frhA,ShallowMsa_007,AF2,0.2023,0.24,0.199,0.24,-0.0377,-0.0409,2,0,2,0.0,Amb,0.0324,Amb,-0.0701,,,,,,,
1fzpD_2frhA,DeepMsa,AF3,0.6523,0.94,0.5492,0.8273,-0.2877,-0.2781,2,0,2,0.0,F2,-0.2877,F2,-0.0806,,,,,,,
1fzpD_2frhA,ShallowMsa_000,AF3,0.2794,0.3688,0.2684,0.3632,-0.0894,-0.0948,2,0,2,0.0,F2,-0.0088,Amb,-0.0806,,,,,,,
1fzpD_2frhA,ShallowMsa_001,AF3,0.273,0.3845,0.2726,0.3841,-0.1115,-0.1115,2,0,2,0.0,F2,-0.0309,Amb,-0.0806,,,,,,,
1fzpD_2frhA,ShallowMsa_002,AF3,0.6528,0.9393,0.5482,0.8194,-0.2865,-0.2712,2,0,2,0.0,F2,-0.2059,F2,-0.0806,,,,,,,
1fzpD_2frhA,ShallowMsa_003,AF3,0.2826,0.3821,0.2825,0.3818,-0.0996,-0.0993,2,0,2,0.0,F2,-0.019,Amb,-0.0806,,,,,,,
1fzpD_2frhA,ShallowMsa_004,AF3,0.2147,0.2865,0.2021,0.2478,-0.0718,-0.0457,2,0,2,0.0,F2,0.0088,Amb,-0.0806,,,,,,,
1fzpD_2frhA,ShallowMsa_005,AF3,0.312,0.2906,0.3084,0.2831,0.0214,0.0254,2,2,0,1.0,Amb,0.102,F1,-0.0806,,,,,,,
1fzpD_2frhA,ShallowMsa_006,AF3,0.2565,0.3053,0.2518,0.2907,-0.0489,-0.0389,2,0,2,0.0,Amb,0.0317,Amb,-0.0806,,,,,,,
1fzpD_2frhA,ShallowMsa_007,AF3,0.2747,0.2129,0.2664,0.2111,0.0617,0.0553,2,2,0,1.0,F1,0.1423,F1,-0.0806,,,,,,,
1fzpD_2frhA,ShallowMsa_000,ESM,0.4902,0.657,0.356,0.4791,-0.1668,-0.1231,20,2,18,0.1,F2,0.002,Amb,-0.1688,,,,,,,
1fzpD_2frhA,ShallowMsa_001,ESM,0.5667,0.773,0.4158,0.5526,-0.2063,-0.1367,20,2,18,0.1,F2,-0.0375,Amb,-0.1688,,,,,,,
1fzpD_2frhA,ShallowMsa_002,ESM,0.6193,0.8499,0.4192,0.6384,-0.2306,-0.2193,20,0,20,0.0,F2,-0.0618,F2,-0.1688,,,,,,,
1fzpD_2frhA,ShallowMsa_003,ESM,0.4074,0.548,0.3044,0.4473,-0.1406,-0.1429,20,0,20,0.0,F2,0.0282,Amb,-0.1688,,,,,,,
1fzpD_2frhA,ShallowMsa_004,ESM,0.5221,0.6929,0.2463,0.3062,-0.1708,-0.0599,20,0,20,0.0,F2,-0.002,Amb,-0.1688,,,,,,,
1fzpD_2frhA,ShallowMsa_005,ESM,0.3094,0.5402,0.238,0.3139,-0.2308,-0.0759,20,0,20,0.0,F2,-0.062,F2,-0.1688,,,,,,,
1fzpD_2frhA,ShallowMsa_006,ESM,0.4277,0.5309,0.2661,0.3453,-0.1032,-0.0792,20,3,17,0.15,F2,0.0656,F1,-0.1688,,,,,,,
1fzpD_2frhA,ShallowMsa_007,ESM,0.2556,0.3063,0.2209,0.2636,-0.0507,-0.0427,20,2,18,0.1,Amb,0.1181,F1,-0.1688,,,,,,,
1fzpD_2frhA,DeepMsa,MSAT,0.0435,0.4222,0.0435,0.4222,-0.3787,-0.3787,1,0,1,0.0,F2,-0.3787,F2,0.0,0.0435,0.4222,t_recall,,,,
1fzpD_2frhA,ShallowMsa_000,MSAT,0.0,0.0,0.0,0.0,0.0,0.0,1,0,0,0.0,Amb,0.0,Amb,0.0,0.0,0.0,t_recall,,,,
1fzpD_2frhA,ShallowMsa_001,MSAT,0.0,0.0,0.0,0.0,0.0,0.0,1,0,0,0.0,Amb,0.0,Amb,0.0,0.0,0.0,t_recall,,,,
1fzpD_2frhA,ShallowMsa_002,MSAT,0.0,0.1,0.0,0.1,-0.1,-0.1,1,0,1,0.0,F2,-0.1,F2,0.0,0.0,0.1,t_recall,,,,
1fzpD_2frhA,ShallowMsa_003,MSAT,0.0625,0.0833,0.0625,0.0833,-0.0208,-0.0208,1,0,1,0.0,Amb,-0.0208,Amb,0.0,0.0625,0.0833,t_recall,,,,
1fzpD_2frhA,ShallowMsa_004,MSAT,0.0,0.1667,0.0,0.1667,-0.1667,-0.1667,1,0,1,0.0,F2,-0.1667,F2,0.0,0.0,0.1667,t_recall,,,,
1fzpD_2frhA,ShallowMsa_005,MSAT,0.0,0.0,0.0,0.0,0.0,0.0,1,0,0,0.0,Amb,0.0,Amb,0.0,0.0,0.0,t_recall,,,,
1fzpD_2frhA,ShallowMsa_006,MSAT,0.0,0.0,0.0,0.0,0.0,0.0,1,0,0,0.0,Amb,0.0,Amb,0.0,0.0,0.0,t_recall,,,,
1fzpD_2frhA,ShallowMsa_007,MSAT,0.0,0.0,0.0,0.0,0.0,0.0,1,0,0,0.0,Amb,0.0,Amb,0.0,0.0,0.0,t_recall,,,,
1fzpD_2frhA,DeepMsa,CCMpred,0.0,0.0,0.0,0.0,0.0,0.0,1,0,0,0.0,Amb,0.0,Amb,0.0,0.0,0.0,t_recall,,,,
1fzpD_2frhA,ShallowMsa_000,CCMpred,0.0,0.0,0.0,0.0,0.0,0.0,1,0,0,0.0,Amb,0.0,Amb,0.0,0.0,0.0,t_recall,,,,
1fzpD_2frhA,ShallowMsa_001,CCMpred,0.0,0.0,0.0,0.0,0.0,0.0,1,0,0,0.0,Amb,0.0,Amb,0.0,0.0,0.0,t_recall,,,,
1fzpD_2frhA,ShallowMsa_002,CCMpred,0.0,0.0,0.0,0.0,0.0,0.0,1,0,0,0.0,Amb,0.0,Amb,0.0,0.0,0.0,t_recall,,,,
1fzpD_2frhA,ShallowMsa_003,CCMpred,0.0,0.0,0.0,0.0,0.0,0.0,1,0,0,0.0,Amb,0.0,Amb,0.0,0.0,0.0,t_recall,,,,
1fzpD_2frhA,ShallowMsa_004,CCMpred,0.0,0.0,0.0,0.0,0.0,0.0,1,0,0,0.0,Amb,0.0,Amb,0.0,0.0,0.0,t_recall,,,,
1fzpD_2frhA,ShallowMsa_005,CCMpred,0.0,0.0,0.0,0.0,0.0,0.0,1,0,0,0.0,Amb,0.0,Amb,0.0,0.0,0.0,t_recall,,,,
1fzpD_2frhA,ShallowMsa_006,CCMpred,0.0,0.0,0.0,0.0,0.0,0.0,1,0,0,0.0,Amb,0.0,Amb,0.0,0.0,0.0,t_recall,,,,
1fzpD_2frhA,ShallowMsa_007,CCMpred,0.0,0.0,0.0,0.0,0.0,0.0,1,0,0,0.0,Amb,0.0,Amb,0.0,0.0,0.0,t_recall,,,,
1fzpD_2frhA,ShallowMsa_000,DDG,-8.0199,-17.6703,-8.0199,-17.6703,9.6504,9.6504,10,10,0,1.0,F1,2.6183,F1,7.032,,,ddg_kcal_per_mol(delta=1.0),9.6504,3.8716,8.0199,17.6703
1fzpD_2frhA,ShallowMsa_001,DDG,-8.0408,-18.1839,-8.0408,-18.1839,10.1431,10.1431,10,10,0,1.0,F1,3.1111,F1,7.032,,,ddg_kcal_per_mol(delta=1.0),10.1431,5.6549,8.0408,18.1839
1fzpD_2frhA,ShallowMsa_002,DDG,-7.5672,-12.659,-7.5672,-12.659,5.0918,5.0918,10,8,2,0.8,F1,-1.9402,F2,7.032,,,ddg_kcal_per_mol(delta=1.0),5.0918,4.3828,7.5672,12.659
1fzpD_2frhA,ShallowMsa_003,DDG,-7.8948,-16.569,-7.8948,-16.569,8.6742,8.6742,10,10,0,1.0,F1,1.6422,F1,7.032,,,ddg_kcal_per_mol(delta=1.0),8.6742,3.6037,7.8948,16.569
1fzpD_2frhA,ShallowMsa_004,DDG,-4.3145,-11.2469,-4.3145,-11.2469,6.9324,6.9324,10,10,0,1.0,F1,-0.0996,Amb,7.032,,,ddg_kcal_per_mol(delta=1.0),6.9324,1.8827,4.3145,11.2469
1fzpD_2frhA,ShallowMsa_005,DDG,-4.8993,-11.4951,-4.8993,-11.4951,6.5957,6.5957,10,10,0,1.0,F1,-0.4364,Amb,7.032,,,ddg_kcal_per_mol(delta=1.0),6.5957,1.8131,4.8993,11.4951
1fzpD_2frhA,ShallowMsa_006,DDG,-5.1792,-12.311,-5.1792,-12.311,7.1317,7.1317,10,9,1,0.9,F1,0.0997,Amb,7.032,,,ddg_kcal_per_mol(delta=1.0),7.1317,4.1692,5.1792,12.311
1fzpD_2frhA,ShallowMsa_007,DDG,-3.3736,-9.3313,-3.3736,-9.3313,5.9577,5.9577,10,10,0,1.0,F1,-1.0743,F2,7.032,,,ddg_kcal_per_mol(delta=1.0),5.9577,2.659,3.3736,9.3313
1fzpD_2frhA,ShallowMsa_002,Boltz2,,0.5904,,0.5904,,,1,0,0,0.0,Amb,,Amb,0.0,,,,,,,
1iytA_2naoF,DeepMsa,AF2,0.2448,0.227,0.2448,0.227,0.0179,0.0179,2,2,0,1.0,Amb,0.0179,Amb,0.0,,,,,,,
1iytA_2naoF,ShallowMsa_000,AF2,0.2448,0.227,0.2448,0.227,0.0179,0.0179,2,2,0,1.0,Amb,0.0179,Amb,0.0,,,,,,,
1iytA_2naoF,DeepMsa,AF3,0.4799,0.2269,0.4799,0.2269,0.253,0.253,2,2,0,1.0,F1,0.253,F1,0.0,,,,,,,
1iytA_2naoF,ShallowMsa_000,AF3,0.4799,0.2269,0.4799,0.2269,0.253,0.253,2,2,0,1.0,F1,0.253,F1,0.0,,,,,,,
1iytA_2naoF,ShallowMsa_000,ESM,0.4261,0.2773,0.3041,0.1949,0.1488,0.1092,20,20,0,1.0,F1,0.1488,F1,0.0,,,,,,,
1iytA_2naoF,DeepMsa,MSAT,0.0141,0.0,0.0141,0.0,0.0141,0.0141,1,1,0,1.0,Amb,0.0141,Amb,0.0,0.0141,0.0,t_recall,,,,
1iytA_2naoF,ShallowMsa_000,MSAT,0.0141,0.0,0.0141,0.0,0.0141,0.0141,1,1,0,1.0,Amb,0.0141,Amb,0.0,0.0141,0.0,t_recall,,,,
1iytA_2naoF,DeepMsa,CCMpred,0.0,0.0,0.0,0.0,0.0,0.0,1,0,0,0.0,Amb,0.0,Amb,0.0,0.0,0.0,t_recall,,,,
1iytA_2naoF,ShallowMsa_000,CCMpred,0.0,0.0,0.0,0.0,0.0,0.0,1,0,0,0.0,Amb,0.0,Amb,0.0,0.0,0.0,t_recall,,,,
1iytA_2naoF,ShallowMsa_000,DDG,-0.9455,-0.7068,-0.9455,-0.7068,-0.2387,-0.2387,10,3,7,0.3,Amb,-0.2387,Amb,0.0,,,ddg_kcal_per_mol(delta=1.0),-0.2387,0.5687,0.9455,0.7068
1iytA_2naoF,ShallowMsa_000,Boltz2,0.1737,0.2095,0.1737,0.2095,-0.0357,-0.0357,1,0,1,0.0,Amb,-0.0357,Amb,0.0,,,,,,,
1jfkA_2nxqB,DeepMsa,AF2,0.4551,0.4725,0.4203,0.4658,-0.0174,-0.0455,2,0,2,0.0,Amb,-0.0174,Amb,-0.0479,,,,,,,
1jfkA_2nxqB,ShallowMsa_000,AF2,0.4124,0.4468,0.3897,0.4452,-0.0343,-0.0554,2,0,2,0.0,Amb,0.0136,Amb,-0.0479,,,,,,,
1jfkA_2nxqB,ShallowMsa_001,AF2,0.4207,0.4695,0.3147,0.4489,-0.0488,-0.1342,2,0,2,0.0,Amb,-0.0009,Amb,-0.0479,,,,,,,
1jfkA_2nxqB,ShallowMsa_002,AF2,0.3759,0.4238,0.3553,0.4218,-0.0479,-0.0664,2,0,2,0.0,Amb,0.0,Amb,-0.0479,,,,,,,
1jfkA_2nxqB,ShallowMsa_003,AF2,0.3843,0.4658,0.3843,0.4658,-0.0815,-0.0815,2,0,2,0.0,F2,-0.0336,Amb,-0.0479,,,,,,,
1jfkA_2nxqB,ShallowMsa_004,AF2,0.406,0.441,0.3603,0.4317,-0.0351,-0.0713,2,0,2,0.0,Amb,0.0128,Amb,-0.0479,,,,,,,
1jfkA_2nxqB,ShallowMsa_005,AF2,0.4236,0.4128,0.3833,0.376,0.0108,0.0074,2,1,1,0.5,Amb,0.0587,F1,-0.0479,,,,,,,
1jfkA_2nxqB,ShallowMsa_006,AF2,0.4511,0.473,0.4185,0.4663,-0.0219,-0.0478,2,0,2,0.0,Amb,0.026,Amb,-0.0479,,,,,,,
1jfkA_2nxqB,ShallowMsa_007,AF2,0.3953,0.5159,0.3139,0.4759,-0.1206,-0.162,2,0,2,0.0,F2,-0.0727,F2,-0.0479,,,,,,,
1jfkA_2nxqB,ShallowMsa_008,AF2,0.4202,0.4438,0.3196,0.3915,-0.0236,-0.0718,2,0,2,0.0,Amb,0.0243,Amb,-0.0479,,,,,,,
1jfkA_2nxqB,ShallowMsa_009,AF2,0.3759,0.4461,0.3548,0.4233,-0.0702,-0.0685,2,0,2,0.0,F2,-0.0223,Amb,-0.0479,,,,,,,
1jfkA_2nxqB,ShallowMsa_010,AF2,0.4079,0.4384,0.365,0.4075,-0.0305,-0.0425,2,0,2,0.0,Amb,0.0174,Amb,-0.0479,,,,,,,
1jfkA_2nxqB,ShallowMsa_011,AF2,0.3109,0.4019,0.2627,0.3871,-0.091,-0.1244,2,0,2,0.0,F2,-0.0431,Amb,-0.0479,,,,,,,
1jfkA_2nxqB,ShallowMsa_012,AF2,0.4647,0.5436,0.4266,0.4993,-0.0789,-0.0726,2,0,2,0.0,F2,-0.031,Amb,-0.0479,,,,,,,
1jfkA_2nxqB,ShallowMsa_013,AF2,0.4248,0.4557,0.3756,0.3971,-0.0309,-0.0215,2,0,2,0.0,Amb,0.017,Amb,-0.0479,,,,,,,
1jfkA_2nxqB,ShallowMsa_014,AF2,0.3527,0.4431,0.351,0.4077,-0.0904,-0.0567,2,0,2,0.0,F2,-0.0425,Amb,-0.0479,,,,,,,
1jfkA_2nxqB,ShallowMsa_015,AF2,0.4163,0.4723,0.3835,0.4655,-0.056,-0.082,2,0,2,0.0,F2,-0.0081,Amb,-0.0479,,,,,,,
1jfkA_2nxqB,ShallowMsa_016,AF2,0.4441,0.473,0.4142,0.4615,-0.0289,-0.0474,2,0,2,0.0,Amb,0.019,Amb,-0.0479,,,,,,,
1jfkA_2nxqB,ShallowMsa_017,AF2,0.4298,0.4571,0.371,0.4407,-0.0273,-0.0696,2,0,2,0.0,Amb,0.0206,Amb,-0.0479,,,,,,,
1jfkA_2nxqB,ShallowMsa_018,AF2,0.4545,0.4487,0.4189,0.4443,0.0059,-0.0255,2,1,1,0.5,Amb,0.0538,F1,-0.0479,,,,,,,
1jfkA_2nxqB,ShallowMsa_019,AF2,0.3675,0.5481,0.2966,0.5285,-0.1806,-0.2319,2,0,2,0.0,F2,-0.1327,F2,-0.0479,,,,,,,
1jfkA_2nxqB,ShallowMsa_020,AF2,0.3381,0.4235,0.3199,0.4094,-0.0854,-0.0894,2,0,2,0.0,F2,-0.0375,Amb,-0.0479,,,,,,,
1jfkA_2nxqB,DeepMsa,AF3,0.4465,0.4648,0.4162,0.4608,-0.0184,-0.0447,2,0,2,0.0,Amb,-0.0184,Amb,-0.0854,,,,,,,
1jfkA_2nxqB,ShallowMsa_000,AF3,0.4266,0.4731,0.3952,0.4673,-0.0465,-0.0721,2,0,2,0.0,Amb,0.0389,Amb,-0.0854,,,,,,,
1jfkA_2nxqB,ShallowMsa_001,AF3,0.4368,0.6058,0.3171,0.5287,-0.169,-0.2116,2,0,2,0.0,F2,-0.0836,F2,-0.0854,,,,,,,
1jfkA_2nxqB,ShallowMsa_002,AF3,0.4182,0.4297,0.3859,0.426,-0.0115,-0.04,2,0,2,0.0,Amb,0.0739,F1,-0.0854,,,,,,,
1jfkA_2nxqB,ShallowMsa_003,AF3,0.385,0.4704,0.385,0.4704,-0.0854,-0.0854,2,0,2,0.0,F2,0.0,Amb,-0.0854,,,,,,,
1jfkA_2nxqB,ShallowMsa_004,AF3,0.4003,0.451,0.3136,0.4386,-0.0507,-0.125,2,0,2,0.0,F2,0.0347,Amb,-0.0854,,,,,,,
1jfkA_2nxqB,ShallowMsa_005,AF3,0.4312,0.3859,0.3989,0.3752,0.0453,0.0237,2,1,1,0.5,Amb,0.1307,F1,-0.0854,,,,,,,
1jfkA_2nxqB,ShallowMsa_006,AF3,0.4494,0.464,0.4186,0.4598,-0.0146,-0.0412,2,0,2,0.0,Amb,0.0708,F1,-0.0854,,,,,,,
1jfkA_2nxqB,ShallowMsa_007,AF3,0.3793,0.563,0.2999,0.5272,-0.1838,-0.2274,2,0,2,0.0,F2,-0.0984,F2,-0.0854,,,,,,,
1jfkA_2nxqB,ShallowMsa_008,AF3,0.3936,0.7294,0.3365,0.5891,-0.3358,-0.2526,2,0,2,0.0,F2,-0.2504,F2,-0.0854,,,,,,,
1jfkA_2nxqB,ShallowMsa_009,AF3,0.3813,0.6496,0.3665,0.5386,-0.2683,-0.1721,2,0,2,0.0,F2,-0.1829,F2,-0.0854,,,,,,,
1jfkA_2nxqB,ShallowMsa_010,AF3,0.3993,0.5813,0.3322,0.5015,-0.1821,-0.1693,2,0,2,0.0,F2,-0.0967,F2,-0.0854,,,,,,,
1jfkA_2nxqB,ShallowMsa_011,AF3,0.3867,0.6454,0.3822,0.5278,-0.2587,-0.1456,2,0,2,0.0,F2,-0.1733,F2,-0.0854,,,,,,,
1jfkA_2nxqB,ShallowMsa_012,AF3,0.4304,0.5455,0.4043,0.5035,-0.115,-0.0993,2,0,2,0.0,F2,-0.0296,Amb,-0.0854,,,,,,,
1jfkA_2nxqB,ShallowMsa_013,AF3,0.4153,0.4577,0.3845,0.4339,-0.0424,-0.0494,2,0,2,0.0,Amb,0.043,Amb,-0.0854,,,,,,,
1jfkA_2nxqB,ShallowMsa_014,AF3,0.3483,0.6566,0.3182,0.5107,-0.3083,-0.1925,2,0,2,0.0,F2,-0.2229,F2,-0.0854,,,,,,,
1jfkA_2nxqB,ShallowMsa_015,AF3,0.4349,0.4758,0.3983,0.4696,-0.0409,-0.0713,2,0,2,0.0,Amb,0.0445,Amb,-0.0854,,,,,,,
1jfkA_2nxqB,ShallowMsa_016,AF3,0.4434,0.4676,0.414,0.4597,-0.0242,-0.0457,2,0,2,0.0,Amb,0.0612,F1,-0.0854,,,,,,,
1jfkA_2nxqB,ShallowMsa_017,AF3,0.4313,0.4396,0.3898,0.4222,-0.0083,-0.0325,2,0,2,0.0,Amb,0.0771,F1,-0.0854,,,,,,,
1jfkA_2nxqB,ShallowMsa_018,AF3,0.4165,0.4651,0.392,0.4526,-0.0486,-0.0606,2,0,2,0.0,Amb,0.0368,Amb,-0.0854,,,,,,,
1jfkA_2nxqB,ShallowMsa_019,AF3,0.3693,0.5848,0.3056,0.5725,-0.2155,-0.2669,2,0,2,0.0,F2,-0.1301,F2,-0.0854,,,,,,,
1jfkA_2nxqB,ShallowMsa_020,AF3,0.3017,0.4181,0.2938,0.4024,-0.1164,-0.1085,2,0,2,0.0,F2,-0.031,Amb,-0.0854,,,,,,,
1jfkA_2nxqB,ShallowMsa_000,ESM,0.464,0.8227,0.3762,0.5818,-0.3586,-0.2056,20,2,18,0.1,F2,-0.105,F2,-0.2536,,,,,,,
1jfkA_2nxqB,ShallowMsa_001,ESM,0.4492,0.8767,0.4,0.5342,-0.4275,-0.1342,20,0,20,0.0,F2,-0.1739,F2,-0.2536,,,,,,,
1jfkA_2nxqB,ShallowMsa_002,ESM,0.473,0.7378,0.3599,0.4906,-0.2648,-0.1306,20,2,18,0.1,F2,-0.0112,Amb,-0.2536,,,,,,,
1jfkA_2nxqB,ShallowMsa_003,ESM,0.5125,0.9205,0.4176,0.6081,-0.408,-0.1906,20,2,18,0.1,F2,-0.1544,F2,-0.2536,,,,,,,
1jfkA_2nxqB,ShallowMsa_004,ESM,0.5097,0.6482,0.361,0.4837,-0.1385,-0.1227,20,4,16,0.2,F2,0.1151,F1,-0.2536,,,,,,,
1jfkA_2nxqB,ShallowMsa_005,ESM,0.5161,0.8175,0.4144,0.5157,-0.3015,-0.1013,20,4,16,0.2,F2,-0.0479,Amb,-0.2536,,,,,,,
1jfkA_2nxqB,ShallowMsa_006,ESM,0.4764,0.848,0.4102,0.5549,-0.3715,-0.1447,20,4,16,0.2,F2,-0.1179,F2,-0.2536,,,,,,,
1jfkA_2nxqB,ShallowMsa_007,ESM,0.4504,0.7064,0.3768,0.4828,-0.256,-0.106,20,3,17,0.15,F2,-0.0024,Amb,-0.2536,,,,,,,
1jfkA_2nxqB,ShallowMsa_008,ESM,0.4524,0.7198,0.3805,0.4955,-0.2674,-0.115,20,1,19,0.05,F2,-0.0138,Amb,-0.2536,,,,,,,
1jfkA_2nxqB,ShallowMsa_009,ESM,0.4665,0.8314,0.4044,0.5334,-0.3649,-0.129,20,2,18,0.1,F2,-0.1113,F2,-0.2536,,,,,,,
1jfkA_2nxqB,ShallowMsa_010,ESM,0.4645,0.718,0.3968,0.5947,-0.2536,-0.1978,20,2,18,0.1,F2,0.0,Amb,-0.2536,,,,,,,
1jfkA_2nxqB,ShallowMsa_011,ESM,0.4269,0.5424,0.3613,0.4585,-0.1156,-0.0973,20,0,20,0.0,F2,0.138,F1,-0.2536,,,,,,,
1jfkA_2nxqB,ShallowMsa_012,ESM,0.4476,0.6375,0.3731,0.4966,-0.1899,-0.1235,20,4,16,0.2,F2,0.0637,F1,-0.2536,,,,,,,
1jfkA_2nxqB,ShallowMsa_013,ESM,0.4511,0.6541,0.4119,0.4666,-0.203,-0.0547,20,6,14,0.3,F2,0.0506,F1,-0.2536,,,,,,,
1jfkA_2nxqB,ShallowMsa_014,ESM,0.4963,0.7589,0.413,0.5456,-0.2625,-0.1326,20,4,16,0.2,F2,-0.0089,Amb,-0.2536,,,,,,,
1jfkA_2nxqB,ShallowMsa_015,ESM,0.4757,0.6868,0.4199,0.4843,-0.2111,-0.0645,20,2,18,0.1,F2,0.0425,Amb,-0.2536,,,,,,,
1jfkA_2nxqB,ShallowMsa_016,ESM,0.4552,0.7078,0.3772,0.5484,-0.2526,-0.1712,20,0,20,0.0,F2,0.001,Amb,-0.2536,,,,,,,
1jfkA_2nxqB,ShallowMsa_017,ESM,0.4721,0.6008,0.404,0.4519,-0.1287,-0.0479,20,2,18,0.1,Amb,0.1249,F1,-0.2536,,,,,,,
1jfkA_2nxqB,ShallowMsa_018,ESM,0.448,0.6595,0.4078,0.4653,-0.2115,-0.0575,20,6,14,0.3,F2,0.0421,Amb,-0.2536,,,,,,,
1jfkA_2nxqB,ShallowMsa_019,ESM,0.4776,0.6151,0.4115,0.499,-0.1375,-0.0875,20,2,18,0.1,F2,0.1161,F1,-0.2536,,,,,,,
1jfkA_2nxqB,ShallowMsa_020,ESM,0.4765,0.6171,0.3703,0.466,-0.1406,-0.0957,20,2,18,0.1,F2,0.113,F1,-0.2536,,,,,,,
1jfkA_2nxqB,DeepMsa,MSAT,0.4505,0.7391,0.4505,0.7391,-0.2886,-0.2886,1,0,1,0.0,F2,-0.2886,F2,-0.1935,0.4505,0.7391,t_recall,,,,
1jfkA_2nxqB,ShallowMsa_000,MSAT,0.1573,0.087,0.1573,0.087,0.0703,0.0703,1,1,0,1.0,F1,0.2638,F1,-0.1935,0.1573,0.087,t_recall,,,,
1jfkA_2nxqB,ShallowMsa_001,MSAT,0.0674,0.2609,0.0674,0.2609,-0.1935,-0.1935,1,0,1,0.0,F2,0.0,Amb,-0.1935,0.0674,0.2609,t_recall,,,,
1jfkA_2nxqB,ShallowMsa_002,MSAT,0.0674,0.2174,0.0674,0.2174,-0.15,-0.15,1,0,1,0.0,F2,0.0435,Amb,-0.1935,0.0674,0.2174,t_recall,,,,
1jfkA_2nxqB,ShallowMsa_003,MSAT,0.4396,0.6957,0.4396,0.6957,-0.2561,-0.2561,1,0,1,0.0,F2,-0.0626,F2,-0.1935,0.4396,0.6957,t_recall,,,,
1jfkA_2nxqB,ShallowMsa_004,MSAT,0.046,0.2609,0.046,0.2609,-0.2149,-0.2149,1,0,1,0.0,F2,-0.0214,Amb,-0.1935,0.046,0.2609,t_recall,,,,
1jfkA_2nxqB,ShallowMsa_005,MSAT,0.0787,0.2609,0.0787,0.2609,-0.1822,-0.1822,1,0,1,0.0,F2,0.0113,Amb,-0.1935,0.0787,0.2609,t_recall,,,,
1jfkA_2nxqB,ShallowMsa_006,MSAT,0.4286,0.7391,0.4286,0.7391,-0.3105,-0.3105,1,0,1,0.0,F2,-0.117,F2,-0.1935,0.4286,0.7391,t_recall,,,,
1jfkA_2nxqB,ShallowMsa_007,MSAT,0.1034,0.0435,0.1034,0.0435,0.0599,0.0599,1,1,0,1.0,F1,0.2534,F1,-0.1935,0.1034,0.0435,t_recall,,,,
1jfkA_2nxqB,ShallowMsa_008,MSAT,0.0674,0.2174,0.0674,0.2174,-0.15,-0.15,1,0,1,0.0,F2,0.0435,Amb,-0.1935,0.0674,0.2174,t_recall,,,,
1jfkA_2nxqB,ShallowMsa_009,MSAT,0.0337,0.2609,0.0337,0.2609,-0.2272,-0.2272,1,0,1,0.0,F2,-0.0337,Amb,-0.1935,0.0337,0.2609,t_recall,,,,
1jfkA_2nxqB,ShallowMsa_010,MSAT,0.0449,0.2174,0.0449,0.2174,-0.1725,-0.1725,1,0,1,0.0,F2,0.021,Amb,-0.1935,0.0449,0.2174,t_recall,,,,
1jfkA_2nxqB,ShallowMsa_011,MSAT,0.0562,0.2174,0.0562,0.2174,-0.1612,-0.1612,1,0,1,0.0,F2,0.0323,Amb,-0.1935,0.0562,0.2174,t_recall,,,,
1jfkA_2nxqB,ShallowMsa_012,MSAT,0.0795,0.0435,0.0795,0.0435,0.036,0.036,1,1,0,1.0,Amb,0.2295,F1,-0.1935,0.0795,0.0435,t_recall,,,,
1jfkA_2nxqB,ShallowMsa_013,MSAT,0.3034,0.6957,0.3034,0.6957,-0.3923,-0.3923,1,0,1,0.0,F2,-0.1988,F2,-0.1935,0.3034,0.6957,t_recall,,,,
1jfkA_2nxqB,ShallowMsa_014,MSAT,0.0562,0.2174,0.0562,0.2174,-0.1612,-0.1612,1,0,1,0.0,F2,0.0323,Amb,-0.1935,0.0562,0.2174,t_recall,,,,
1jfkA_2nxqB,ShallowMsa_015,MSAT,0.0805,0.087,0.0805,0.087,-0.0065,-0.0065,1,0,1,0.0,Amb,0.187,F1,-0.1935,0.0805,0.087,t_recall,,,,
1jfkA_2nxqB,ShallowMsa_016,MSAT,0.2418,0.6522,0.2418,0.6522,-0.4104,-0.4104,1,0,1,0.0,F2,-0.2169,F2,-0.1935,0.2418,0.6522,t_recall,,,,
1jfkA_2nxqB,ShallowMsa_017,MSAT,0.0345,0.2609,0.0345,0.2609,-0.2264,-0.2264,1,0,1,0.0,F2,-0.0329,Amb,-0.1935,0.0345,0.2609,t_recall,,,,
1jfkA_2nxqB,ShallowMsa_018,MSAT,0.0337,0.2609,0.0337,0.2609,-0.2272,-0.2272,1,0,1,0.0,F2,-0.0337,Amb,-0.1935,0.0337,0.2609,t_recall,,,,
1jfkA_2nxqB,ShallowMsa_019,MSAT,0.3333,0.6957,0.3333,0.6957,-0.3624,-0.3624,1,0,1,0.0,F2,-0.1689,F2,-0.1935,0.3333,0.6957,t_recall,,,,
1jfkA_2nxqB,ShallowMsa_020,MSAT,0.4561,0.6522,0.4561,0.6522,-0.1961,-0.1961,1,0,1,0.0,F2,-0.0026,Amb,-0.1935,0.4561,0.6522,t_recall,,,,
1jfkA_2nxqB,DeepMsa,CCMpred,0.1648,0.3043,0.1648,0.3043,-0.1395,-0.1395,1,0,1,0.0,F2,-0.1395,F2,0.0,0.1648,0.3043,t_recall,,,,
1jfkA_2nxqB,ShallowMsa_000,CCMpred,0.1319,0.2174,0.1319,0.2174,-0.0855,-0.0855,1,0,1,0.0,F2,-0.0855,F2,0.0,0.1319,0.2174,t_recall,,,,
1jfkA_2nxqB,ShallowMsa_001,CCMpred,0.0659,0.0435,0.0659,0.0435,0.0224,0.0224,1,1,0,1.0,Amb,0.0224,Amb,0.0,0.0659,0.0435,t_recall,,,,
1jfkA_2nxqB,ShallowMsa_002,CCMpred,0.0549,0.087,0.0549,0.087,-0.0321,-0.0321,1,0,1,0.0,Amb,-0.0321,Amb,0.0,0.0549,0.087,t_recall,,,,
1jfkA_2nxqB,ShallowMsa_003,CCMpred,0.022,0.0,0.022,0.0,0.022,0.022,1,1,0,1.0,Amb,0.022,Amb,0.0,0.022,0.0,t_recall,,,,
1jfkA_2nxqB,ShallowMsa_004,CCMpred,0.011,0.0,0.011,0.0,0.011,0.011,1,1,0,1.0,Amb,0.011,Amb,0.0,0.011,0.0,t_recall,,,,
1jfkA_2nxqB,ShallowMsa_005,CCMpred,0.011,0.0435,0.011,0.0435,-0.0325,-0.0325,1,0,1,0.0,Amb,-0.0325,Amb,0.0,0.011,0.0435,t_recall,,,,
1jfkA_2nxqB,ShallowMsa_006,CCMpred,0.0,0.0,0.0,0.0,0.0,0.0,1,0,0,0.0,Amb,0.0,Amb,0.0,0.0,0.0,t_recall,,,,
1jfkA_2nxqB,ShallowMsa_007,CCMpred,0.011,0.0,0.011,0.0,0.011,0.011,1,1,0,1.0,Amb,0.011,Amb,0.0,0.011,0.0,t_recall,,,,
1jfkA_2nxqB,ShallowMsa_008,CCMpred,0.0,0.0,0.0,0.0,0.0,0.0,1,0,0,0.0,Amb,0.0,Amb,0.0,0.0,0.0,t_recall,,,,
1jfkA_2nxqB,ShallowMsa_009,CCMpred,0.011,0.0,0.011,0.0,0.011,0.011,1,1,0,1.0,Amb,0.011,Amb,0.0,0.011,0.0,t_recall,,,,
1jfkA_2nxqB,ShallowMsa_010,CCMpred,0.0,0.0,0.0,0.0,0.0,0.0,1,0,0,0.0,Amb,0.0,Amb,0.0,0.0,0.0,t_recall,,,,
1jfkA_2nxqB,ShallowMsa_011,CCMpred,0.0,0.0,0.0,0.0,0.0,0.0,1,0,0,0.0,Amb,0.0,Amb,0.0,0.0,0.0,t_recall,,,,
1jfkA_2nxqB,ShallowMsa_012,CCMpred,0.0,0.0,0.0,0.0,0.0,0.0,1,0,0,0.0,Amb,0.0,Amb,0.0,0.0,0.0,t_recall,,,,
1jfkA_2nxqB,ShallowMsa_013,CCMpred,0.011,0.0,0.011,0.0,0.011,0.011,1,1,0,1.0,Amb,0.011,Amb,0.0,0.011,0.0,t_recall,,,,
1jfkA_2nxqB,ShallowMsa_014,CCMpred,0.011,0.0,0.011,0.0,0.011,0.011,1,1,0,1.0,Amb,0.011,Amb,0.0,0.011,0.0,t_recall,,,,
1jfkA_2nxqB,ShallowMsa_015,CCMpred,0.0,0.0,0.0,0.0,0.0,0.0,1,0,0,0.0,Amb,0.0,Amb,0.0,0.0,0.0,t_recall,,,,
1jfkA_2nxqB,ShallowMsa_016,CCMpred,0.0,0.0,0.0,0.0,0.0,0.0,1,0,0,0.0,Amb,0.0,Amb,0.0,0.0,0.0,t_recall,,,,
1jfkA_2nxqB,ShallowMsa_017,CCMpred,0.0,0.0,0.0,0.0,0.0,0.0,1,0,0,0.0,Amb,0.0,Amb,0.0,0.0,0.0,t_recall,,,,
1jfkA_2nxqB,ShallowMsa_018,CCMpred,0.0,0.0,0.0,0.0,0.0,0.0,1,0,0,0.0,Amb,0.0,Amb,0.0,0.0,0.0,t_recall,,,,
1jfkA_2nxqB,ShallowMsa_019,CCMpred,0.0,0.0,0.0,0.0,0.0,0.0,1,0,0,0.0,Amb,0.0,Amb,0.0,0.0,0.0,t_recall,,,,
1jfkA_2nxqB,ShallowMsa_020,CCMpred,0.0,0.0,0.0,0.0,0.0,0.0,1,0,0,0.0,Amb,0.0,Amb,0.0,0.0,0.0,t_recall,,,,
1jfkA_2nxqB,ShallowMsa_000,DDG,-14.0055,-6.4809,-14.0055,-6.4809,-7.5246,-7.5246,10,1,9,0.1,F2,-1.3677,F2,-6.1569,,,ddg_kcal_per_mol(delta=1.0),-7.5246,5.7838,14.0055,6.4809
1jfkA_2nxqB,ShallowMsa_001,DDG,-15.946,-7.9915,-15.946,-7.9915,-7.9545,-7.9545,10,0,10,0.0,F2,-1.7976,F2,-6.1569,,,ddg_kcal_per_mol(delta=1.0),-7.9545,2.9891,15.946,7.9915
1jfkA_2nxqB,ShallowMsa_002,DDG,-15.1042,-9.2388,-15.1042,-9.2388,-5.8654,-5.8654,10,1,9,0.1,F2,0.2915,Amb,-6.1569,,,ddg_kcal_per_mol(delta=1.0),-5.8654,4.9688,15.1042,9.2388
1jfkA_2nxqB,ShallowMsa_003,DDG,-14.9683,-6.9919,-14.9683,-6.9919,-7.9765,-7.9765,10,1,9,0.1,F2,-1.8196,F2,-6.1569,,,ddg_kcal_per_mol(delta=1.0),-7.9765,4.877,14.9683,6.9919
1jfkA_2nxqB,ShallowMsa_004,DDG,-14.9491,-9.4407,-14.9491,-9.4407,-5.5083,-5.5083,10,3,7,0.3,F2,0.6486,Amb,-6.1569,,,ddg_kcal_per_mol(delta=1.0),-5.5083,5.4006,14.9491,9.4407
1jfkA_2nxqB,ShallowMsa_005,DDG,-16.5862,-8.137,-16.5862,-8.137,-8.4492,-8.4492,10,1,9,0.1,F2,-2.2923,F2,-6.1569,,,ddg_kcal_per_mol(delta=1.0),-8.4492,5.2859,16.5862,8.137
1jfkA_2nxqB,ShallowMsa_006,DDG,-14.7033,-6.7691,-14.7033,-6.7691,-7.9342,-7.9342,10,2,8,0.2,F2,-1.7773,F2,-6.1569,,,ddg_kcal_per_mol(delta=1.0),-7.9342,6.8832,14.7033,6.7691
1jfkA_2nxqB,ShallowMsa_007,DDG,-11.1764,-9.4556,-11.1764,-9.4556,-1.7208,-1.7208,10,3,7,0.3,F2,4.4361,F1,-6.1569,,,ddg_kcal_per_mol(delta=1.0),-1.7208,3.9085,11.1764,9.4556
1jfkA_2nxqB,ShallowMsa_008,DDG,-15.6423,-9.155,-15.6423,-9.155,-6.4873,-6.4873,10,1,9,0.1,F2,-0.3304,Amb,-6.1569,,,ddg_kcal_per_mol(delta=1.0),-6.4873,5.203,15.6423,9.155
1jfkA_2nxqB,ShallowMsa_009,DDG,-14.3393,-9.6166,-14.3393,-9.6166,-4.7228,-4.7228,10,2,8,0.2,F2,1.4341,F1,-6.1569,,,ddg_kcal_per_mol(delta=1.0),-4.7228,4.6207,14.3393,9.6166
1jfkA_2nxqB,ShallowMsa_010,DDG,-15.1667,-8.1979,-15.1667,-8.1979,-6.9688,-6.9688,10,1,9,0.1,F2,-0.8119,Amb,-6.1569,,,ddg_kcal_per_mol(delta=1.0),-6.9688,4.3382,15.1667,8.1979
1jfkA_2nxqB,ShallowMsa_011,DDG,-15.9276,-10.7595,-15.9276,-10.7595,-5.1681,-5.1681,10,2,8,0.2,F2,0.9888,Amb,-6.1569,,,ddg_kcal_per_mol(delta=1.0),-5.1681,4.6352,15.9276,10.7595
1jfkA_2nxqB,ShallowMsa_012,DDG,-16.104,-9.0476,-16.104,-9.0476,-7.0564,-7.0564,10,1,9,0.1,F2,-0.8995,Amb,-6.1569,,,ddg_kcal_per_mol(delta=1.0),-7.0564,5.8497,16.104,9.0476
1jfkA_2nxqB,ShallowMsa_013,DDG,-14.5235,-9.409,-14.5235,-9.409,-5.1145,-5.1145,10,1,9,0.1,F2,1.0424,F1,-6.1569,,,ddg_kcal_per_mol(delta=1.0),-5.1145,3.8365,14.5235,9.409
1jfkA_2nxqB,ShallowMsa_014,DDG,-18.9725,-8.883,-18.9725,-8.883,-10.0895,-10.0895,10,2,8,0.2,F2,-3.9326,F2,-6.1569,,,ddg_kcal_per_mol(delta=1.0),-10.0895,7.3187,18.9725,8.883
1jfkA_2nxqB,ShallowMsa_015,DDG,-14.8876,-8.7307,-14.8876,-8.7307,-6.1569,-6.1569,10,0,10,0.0,F2,0.0,Amb,-6.1569,,,ddg_kcal_per_mol(delta=1.0),-6.1569,3.9461,14.8876,8.7307
1jfkA_2nxqB,ShallowMsa_016,DDG,-11.7371,-6.5133,-11.7371,-6.5133,-5.2238,-5.2238,10,4,6,0.4,F2,0.9331,Amb,-6.1569,,,ddg_kcal_per_mol(delta=1.0),-5.2238,5.539,11.7371,6.5133
1jfkA_2nxqB,ShallowMsa_017,DDG,-11.7949,-7.7596,-11.7949,-7.7596,-4.0354,-4.0354,10,2,8,0.2,F2,2.1215,F1,-6.1569,,,ddg_kcal_per_mol(delta=1.0),-4.0354,4.1312,11.7949,7.7596
1jfkA_2nxqB,ShallowMsa_018,DDG,-14.9647,-8.7447,-14.9647,-8.7447,-6.22,-6.22,10,3,7,0.3,F2,-0.0631,Amb,-6.1569,,,ddg_kcal_per_mol(delta=1.0),-6.22,6.5696,14.9647,8.7447
1jfkA_2nxqB,ShallowMsa_019,DDG,-14.7369,-9.1774,-14.7369,-9.1774,-5.5594,-5.5594,10,2,8,0.2,F2,0.5975,Amb,-6.1569,,,ddg_kcal_per_mol(delta=1.0),-5.5594,5.0082,14.7369,9.1774
1jfkA_2nxqB,ShallowMsa_020,DDG,-13.313,-8.6966,-13.313,-8.6966,-4.6164,-4.6164,10,2,8,0.2,F2,1.5405,F1,-6.1569,,,ddg_kcal_per_mol(delta=1.0),-4.6164,4.1667,13.313,8.6966
1jfkA_2nxqB,ShallowMsa_000,Boltz2,0.4669,0.2377,0.4669,0.2377,0.2293,0.2293,1,1,0,1.0,F1,0.0302,Amb,0.1991,,,,,,,
1jfkA_2nxqB,ShallowMsa_001,Boltz2,0.4354,0.2348,0.4354,0.2348,0.2006,0.2006,1,1,0,1.0,F1,0.0015,Amb,0.1991,,,,,,,
1jfkA_2nxqB,ShallowMsa_002,Boltz2,0.4296,0.2361,0.4296,0.2361,0.1935,0.1935,1,1,0,1.0,F1,-0.0056,Amb,0.1991,,,,,,,
1jfkA_2nxqB,ShallowMsa_003,Boltz2,0.4172,0.23,0.4172,0.23,0.1872,0.1872,1,1,0,1.0,F1,-0.0119,Amb,0.1991,,,,,,,
1jfkA_2nxqB,ShallowMsa_004,Boltz2,0.4467,0.2347,0.4467,0.2347,0.212,0.212,1,1,0,1.0,F1,0.0129,Amb,0.1991,,,,,,,
1jfkA_2nxqB,ShallowMsa_005,Boltz2,0.4535,0.2335,0.4535,0.2335,0.22,0.22,1,1,0,1.0,F1,0.0209,Amb,0.1991,,,,,,,
1jfkA_2nxqB,ShallowMsa_006,Boltz2,0.465,0.2589,0.465,0.2589,0.2061,0.2061,1,1,0,1.0,F1,0.007,Amb,0.1991,,,,,,,
1jfkA_2nxqB,ShallowMsa_008,Boltz2,0.4339,0.2405,0.4339,0.2405,0.1935,0.1935,1,1,0,1.0,F1,-0.0056,Amb,0.1991,,,,,,,
1jfkA_2nxqB,ShallowMsa_009,Boltz2,0.4385,0.2409,0.4385,0.2409,0.1976,0.1976,1,1,0,1.0,F1,-0.0015,Amb,0.1991,,,,,,,
1jfkA_2nxqB,ShallowMsa_010,Boltz2,0.4856,0.2385,0.4856,0.2385,0.2472,0.2472,1,1,0,1.0,F1,0.0481,Amb,0.1991,,,,,,,
1jfkA_2nxqB,ShallowMsa_011,Boltz2,0.4897,0.3813,0.4897,0.3813,0.1084,0.1084,1,1,0,1.0,F1,-0.0907,F2,0.1991,,,,,,,
1jfkA_2nxqB,ShallowMsa_013,Boltz2,0.4583,0.2335,0.4583,0.2335,0.2248,0.2248,1,1,0,1.0,F1,0.0257,Amb,0.1991,,,,,,,
1jfkA_2nxqB,ShallowMsa_014,Boltz2,0.5103,0.3723,0.5103,0.3723,0.138,0.138,1,1,0,1.0,F1,-0.0611,F2,0.1991,,,,,,,
1jfkA_2nxqB,ShallowMsa_016,Boltz2,0.4211,0.3339,0.4211,0.3339,0.0872,0.0872,1,1,0,1.0,F1,-0.1119,F2,0.1991,,,,,,,
1jfkA_2nxqB,ShallowMsa_017,Boltz2,0.4073,0.3562,0.4073,0.3562,0.0511,0.0511,1,1,0,1.0,F1,-0.148,F2,0.1991,,,,,,,
1jfkA_2nxqB,ShallowMsa_019,Boltz2,0.4702,0.23,0.4702,0.23,0.2402,0.2402,1,1,0,1.0,F1,0.0411,Amb,0.1991,,,,,,,
1kctA_3t1pA,DeepMsa,AF2,0.9393,0.8275,0.9347,0.8264,0.1118,0.1083,2,2,0,1.0,F1,0.1118,F1,0.1118,,,,,,,
1kctA_3t1pA,ShallowMsa_000,AF2,0.9393,0.8275,0.9347,0.8264,0.1118,0.1083,2,2,0,1.0,F1,0.0,Amb,0.1118,,,,,,,
1kctA_3t1pA,ShallowMsa_001,AF2,0.9393,0.8275,0.9347,0.8264,0.1118,0.1083,2,2,0,1.0,F1,0.0,Amb,0.1118,,,,,,,
1kctA_3t1pA,ShallowMsa_002,AF2,0.9393,0.8275,0.9347,0.8264,0.1118,0.1083,2,2,0,1.0,F1,0.0,Amb,0.1118,,,,,,,
1kctA_3t1pA,ShallowMsa_003,AF2,0.9393,0.8275,0.9347,0.8264,0.1118,0.1083,2,2,0,1.0,F1,0.0,Amb,0.1118,,,,,,,
1kctA_3t1pA,ShallowMsa_004,AF2,0.9393,0.8275,0.9347,0.8264,0.1118,0.1083,2,2,0,1.0,F1,0.0,Amb,0.1118,,,,,,,
1kctA_3t1pA,ShallowMsa_005,AF2,0.9393,0.8275,0.9347,0.8264,0.1118,0.1083,2,2,0,1.0,F1,0.0,Amb,0.1118,,,,,,,
1kctA_3t1pA,ShallowMsa_006,AF2,0.9393,0.8275,0.9347,0.8264,0.1118,0.1083,2,2,0,1.0,F1,0.0,Amb,0.1118,,,,,,,
1kctA_3t1pA,ShallowMsa_007,AF2,0.9393,0.8275,0.9347,0.8264,0.1118,0.1083,2,2,0,1.0,F1,0.0,Amb,0.1118,,,,,,,
1kctA_3t1pA,ShallowMsa_008,AF2,0.9398,0.8248,0.9347,0.8242,0.1151,0.1105,2,2,0,1.0,F1,0.0033,Amb,0.1118,,,,,,,
1kctA_3t1pA,ShallowMsa_009,AF2,0.9393,0.8275,0.9347,0.8264,0.1118,0.1083,2,2,0,1.0,F1,0.0,Amb,0.1118,,,,,,,
1kctA_3t1pA,ShallowMsa_010,AF2,0.9393,0.8275,0.9347,0.8264,0.1118,0.1083,2,2,0,1.0,F1,0.0,Amb,0.1118,,,,,,,
1kctA_3t1pA,ShallowMsa_011,AF2,0.9393,0.8275,0.9347,0.8264,0.1118,0.1083,2,2,0,1.0,F1,0.0,Amb,0.1118,,,,,,,
1kctA_3t1pA,ShallowMsa_012,AF2,0.9393,0.8275,0.9347,0.8264,0.1118,0.1083,2,2,0,1.0,F1,0.0,Amb,0.1118,,,,,,,
1kctA_3t1pA,ShallowMsa_013,AF2,0.9393,0.8275,0.9347,0.8264,0.1118,0.1083,2,2,0,1.0,F1,0.0,Amb,0.1118,,,,,,,
1kctA_3t1pA,ShallowMsa_014,AF2,0.9393,0.8275,0.9347,0.8264,0.1118,0.1083,2,2,0,1.0,F1,0.0,Amb,0.1118,,,,,,,
1kctA_3t1pA,ShallowMsa_015,AF2,0.9393,0.8275,0.9347,0.8264,0.1118,0.1083,2,2,0,1.0,F1,0.0,Amb,0.1118,,,,,,,
1kctA_3t1pA,ShallowMsa_016,AF2,0.9393,0.8275,0.9347,0.8264,0.1118,0.1083,2,2,0,1.0,F1,0.0,Amb,0.1118,,,,,,,
1kctA_3t1pA,ShallowMsa_017,AF2,0.9393,0.8275,0.9347,0.8264,0.1118,0.1083,2,2,0,1.0,F1,0.0,Amb,0.1118,,,,,,,
1kctA_3t1pA,ShallowMsa_018,AF2,0.9393,0.8275,0.9347,0.8264,0.1118,0.1083,2,2,0,1.0,F1,0.0,Amb,0.1118,,,,,,,
1kctA_3t1pA,ShallowMsa_019,AF2,0.9393,0.8275,0.9347,0.8264,0.1118,0.1083,2,2,0,1.0,F1,0.0,Amb,0.1118,,,,,,,
1kctA_3t1pA,DeepMsa,AF3,0.9389,0.8372,0.9347,0.8349,0.1017,0.0998,2,2,0,1.0,F1,0.1017,F1,0.1017,,,,,,,
1kctA_3t1pA,ShallowMsa_000,AF3,0.9389,0.8372,0.9347,0.8349,0.1017,0.0998,2,2,0,1.0,F1,0.0,Amb,0.1017,,,,,,,
1kctA_3t1pA,ShallowMsa_001,AF3,0.9389,0.8372,0.9347,0.8349,0.1017,0.0998,2,2,0,1.0,F1,0.0,Amb,0.1017,,,,,,,
1kctA_3t1pA,ShallowMsa_002,AF3,0.9389,0.8372,0.9347,0.8349,0.1017,0.0998,2,2,0,1.0,F1,0.0,Amb,0.1017,,,,,,,
1kctA_3t1pA,ShallowMsa_003,AF3,0.9389,0.8372,0.9347,0.8349,0.1017,0.0998,2,2,0,1.0,F1,0.0,Amb,0.1017,,,,,,,
1kctA_3t1pA,ShallowMsa_004,AF3,0.9389,0.8372,0.9347,0.8349,0.1017,0.0998,2,2,0,1.0,F1,0.0,Amb,0.1017,,,,,,,
1kctA_3t1pA,ShallowMsa_005,AF3,0.9389,0.8372,0.9347,0.8349,0.1017,0.0998,2,2,0,1.0,F1,0.0,Amb,0.1017,,,,,,,
1kctA_3t1pA,ShallowMsa_006,AF3,0.9389,0.8372,0.9347,0.8349,0.1017,0.0998,2,2,0,1.0,F1,0.0,Amb,0.1017,,,,,,,
1kctA_3t1pA,ShallowMsa_007,AF3,0.9389,0.8372,0.9347,0.8349,0.1017,0.0998,2,2,0,1.0,F1,0.0,Amb,0.1017,,,,,,,
1kctA_3t1pA,ShallowMsa_008,AF3,0.9408,0.8292,0.9363,0.8277,0.1116,0.1085,2,2,0,1.0,F1,0.0099,Amb,0.1017,,,,,,,
1kctA_3t1pA,ShallowMsa_009,AF3,0.9389,0.8372,0.9347,0.8349,0.1017,0.0998,2,2,0,1.0,F1,0.0,Amb,0.1017,,,,,,,
1kctA_3t1pA,ShallowMsa_010,AF3,0.9389,0.8372,0.9347,0.8349,0.1017,0.0998,2,2,0,1.0,F1,0.0,Amb,0.1017,,,,,,,
1kctA_3t1pA,ShallowMsa_011,AF3,0.9389,0.8372,0.9347,0.8349,0.1017,0.0998,2,2,0,1.0,F1,0.0,Amb,0.1017,,,,,,,
1kctA_3t1pA,ShallowMsa_012,AF3,0.9389,0.8372,0.9347,0.8349,0.1017,0.0998,2,2,0,1.0,F1,0.0,Amb,0.1017,,,,,,,
1kctA_3t1pA,ShallowMsa_013,AF3,0.9389,0.8372,0.9347,0.8349,0.1017,0.0998,2,2,0,1.0,F1,0.0,Amb,0.1017,,,,,,,
1kctA_3t1pA,ShallowMsa_014,AF3,0.9389,0.8372,0.9347,0.8349,0.1017,0.0998,2,2,0,1.0,F1,0.0,Amb,0.1017,,,,,,,
1kctA_3t1pA,ShallowMsa_015,AF3,0.9389,0.8372,0.9347,0.8349,0.1017,0.0998,2,2,0,1.0,F1,0.0,Amb,0.1017,,,,,,,
1kctA_3t1pA,ShallowMsa_016,AF3,0.9389,0.8372,0.9347,0.8349,0.1017,0.0998,2,2,0,1.0,F1,0.0,Amb,0.1017,,,,,,,
1kctA_3t1pA,ShallowMsa_017,AF3,0.9389,0.8372,0.9347,0.8349,0.1017,0.0998,2,2,0,1.0,F1,0.0,Amb,0.1017,,,,,,,
1kctA_3t1pA,ShallowMsa_018,AF3,0.9389,0.8372,0.9347,0.8349,0.1017,0.0998,2,2,0,1.0,F1,0.0,Amb,0.1017,,,,,,,
1kctA_3t1pA,ShallowMsa_019,AF3,0.9389,0.8372,0.9347,0.8349,0.1017,0.0998,2,2,0,1.0,F1,0.0,Amb,0.1017,,,,,,,
1kctA_3t1pA,ShallowMsa_000,ESM,0.8937,0.8063,0.6921,0.6233,0.0873,0.0688,20,18,2,0.9,F1,0.0079,Amb,0.0794,,,,,,,
1kctA_3t1pA,ShallowMsa_001,ESM,0.8838,0.8173,0.7007,0.6349,0.0665,0.0658,20,18,2,0.9,F1,-0.0129,Amb,0.0794,,,,,,,
1kctA_3t1pA,ShallowMsa_002,ESM,0.8991,0.813,0.6745,0.6389,0.0862,0.0355,20,14,6,0.7,Amb,0.0068,Amb,0.0794,,,,,,,
1kctA_3t1pA,ShallowMsa_003,ESM,0.8674,0.8152,0.6669,0.6361,0.0522,0.0308,20,14,6,0.7,Amb,-0.0272,Amb,0.0794,,,,,,,
1kctA_3t1pA,ShallowMsa_004,ESM,0.912,0.8325,0.6585,0.5901,0.0795,0.0684,20,16,4,0.8,F1,0.0001,Amb,0.0794,,,,,,,
1kctA_3t1pA,ShallowMsa_005,ESM,0.9057,0.8168,0.6398,0.5687,0.0888,0.071,20,18,2,0.9,F1,0.0095,Amb,0.0794,,,,,,,
1kctA_3t1pA,ShallowMsa_006,ESM,0.8879,0.8075,0.6778,0.627,0.0804,0.0508,20,14,6,0.7,F1,0.001,Amb,0.0794,,,,,,,
1kctA_3t1pA,ShallowMsa_007,ESM,0.9098,0.8256,0.6457,0.5926,0.0842,0.0531,20,16,4,0.8,F1,0.0048,Amb,0.0794,,,,,,,
1kctA_3t1pA,ShallowMsa_008,ESM,0.9394,0.8518,0.6846,0.6114,0.0876,0.0733,20,18,2,0.9,F1,0.0082,Amb,0.0794,,,,,,,
1kctA_3t1pA,ShallowMsa_009,ESM,0.8555,0.8043,0.6626,0.6213,0.0512,0.0413,20,14,6,0.7,Amb,-0.0282,Amb,0.0794,,,,,,,
1kctA_3t1pA,ShallowMsa_010,ESM,0.8927,0.805,0.7038,0.6489,0.0878,0.0548,20,18,2,0.9,F1,0.0084,Amb,0.0794,,,,,,,
1kctA_3t1pA,ShallowMsa_011,ESM,0.8728,0.8159,0.6946,0.6468,0.057,0.0479,20,18,2,0.9,Amb,-0.0224,Amb,0.0794,,,,,,,
1kctA_3t1pA,ShallowMsa_012,ESM,0.8945,0.8135,0.6887,0.6189,0.081,0.0698,20,16,4,0.8,F1,0.0016,Amb,0.0794,,,,,,,
1kctA_3t1pA,ShallowMsa_013,ESM,0.8915,0.819,0.6705,0.6111,0.0725,0.0594,20,16,4,0.8,F1,-0.0069,Amb,0.0794,,,,,,,
1kctA_3t1pA,ShallowMsa_014,ESM,0.9098,0.8337,0.6797,0.6092,0.0762,0.0704,20,18,2,0.9,F1,-0.0032,Amb,0.0794,,,,,,,
1kctA_3t1pA,ShallowMsa_015,ESM,0.8823,0.8117,0.6711,0.6099,0.0706,0.0612,20,16,4,0.8,F1,-0.0088,Amb,0.0794,,,,,,,
1kctA_3t1pA,ShallowMsa_016,ESM,0.8926,0.8134,0.6632,0.6124,0.0792,0.0508,20,16,4,0.8,F1,-0.0001,Amb,0.0794,,,,,,,
1kctA_3t1pA,ShallowMsa_017,ESM,0.8898,0.8171,0.6765,0.6158,0.0727,0.0608,20,16,4,0.8,F1,-0.0067,Amb,0.0794,,,,,,,
1kctA_3t1pA,ShallowMsa_018,ESM,0.8783,0.7997,0.706,0.6524,0.0786,0.0536,20,16,4,0.8,F1,-0.0008,Amb,0.0794,,,,,,,
1kctA_3t1pA,ShallowMsa_019,ESM,0.8976,0.8071,0.6898,0.6185,0.0904,0.0713,20,18,2,0.9,F1,0.011,Amb,0.0794,,,,,,,
1kctA_3t1pA,DeepMsa,MSAT,0.2843,0.3216,0.2843,0.3216,-0.0373,-0.0373,1,0,1,0.0,Amb,-0.0373,Amb,0.0009,0.2843,0.3216,t_recall,,,,
1kctA_3t1pA,ShallowMsa_000,MSAT,0.0206,0.0161,0.0206,0.0161,0.0045,0.0045,1,1,0,1.0,Amb,0.0036,Amb,0.0009,0.0206,0.0161,t_recall,,,,
1kctA_3t1pA,ShallowMsa_001,MSAT,0.1626,0.1703,0.1626,0.1703,-0.0077,-0.0077,1,0,1,0.0,Amb,-0.0086,Amb,0.0009,0.1626,0.1703,t_recall,,,,
1kctA_3t1pA,ShallowMsa_002,MSAT,0.0066,0.0045,0.0066,0.0045,0.0021,0.0021,1,1,0,1.0,Amb,0.0012,Amb,0.0009,0.0066,0.0045,t_recall,,,,
1kctA_3t1pA,ShallowMsa_003,MSAT,0.0302,0.0341,0.0302,0.0341,-0.0039,-0.0039,1,0,1,0.0,Amb,-0.0048,Amb,0.0009,0.0302,0.0341,t_recall,,,,
1kctA_3t1pA,ShallowMsa_004,MSAT,0.0716,0.0629,0.0716,0.0629,0.0087,0.0087,1,1,0,1.0,Amb,0.0078,Amb,0.0009,0.0716,0.0629,t_recall,,,,
1kctA_3t1pA,ShallowMsa_005,MSAT,0.0013,0.0015,0.0013,0.0015,-0.0002,-0.0002,1,0,1,0.0,Amb,-0.0011,Amb,0.0009,0.0013,0.0015,t_recall,,,,
1kctA_3t1pA,ShallowMsa_006,MSAT,0.0376,0.0338,0.0376,0.0338,0.0038,0.0038,1,1,0,1.0,Amb,0.0029,Amb,0.0009,0.0376,0.0338,t_recall,,,,
1kctA_3t1pA,ShallowMsa_007,MSAT,0.1049,0.1067,0.1049,0.1067,-0.0018,-0.0018,1,0,1,0.0,Amb,-0.0027,Amb,0.0009,0.1049,0.1067,t_recall,,,,
1kctA_3t1pA,ShallowMsa_008,MSAT,0.0774,0.0863,0.0774,0.0863,-0.0089,-0.0089,1,0,1,0.0,Amb,-0.0098,Amb,0.0009,0.0774,0.0863,t_recall,,,,
1kctA_3t1pA,ShallowMsa_009,MSAT,0.1798,0.1933,0.1798,0.1933,-0.0135,-0.0135,1,0,1,0.0,Amb,-0.0144,Amb,0.0009,0.1798,0.1933,t_recall,,,,
1kctA_3t1pA,ShallowMsa_010,MSAT,0.0093,0.0074,0.0093,0.0074,0.0019,0.0019,1,1,0,1.0,Amb,0.001,Amb,0.0009,0.0093,0.0074,t_recall,,,,
1kctA_3t1pA,ShallowMsa_011,MSAT,0.1178,0.1199,0.1178,0.1199,-0.0021,-0.0021,1,0,1,0.0,Amb,-0.003,Amb,0.0009,0.1178,0.1199,t_recall,,,,
1kctA_3t1pA,ShallowMsa_012,MSAT,0.0206,0.0132,0.0206,0.0132,0.0074,0.0074,1,1,0,1.0,Amb,0.0065,Amb,0.0009,0.0206,0.0132,t_recall,,,,
1kctA_3t1pA,ShallowMsa_013,MSAT,0.0094,0.0076,0.0094,0.0076,0.0018,0.0018,1,1,0,1.0,Amb,0.0009,Amb,0.0009,0.0094,0.0076,t_recall,,,,
1kctA_3t1pA,ShallowMsa_014,MSAT,0.0295,0.0264,0.0295,0.0264,0.0031,0.0031,1,1,0,1.0,Amb,0.0022,Amb,0.0009,0.0295,0.0264,t_recall,,,,
1kctA_3t1pA,ShallowMsa_015,MSAT,0.1123,0.1018,0.1123,0.1018,0.0105,0.0105,1,1,0,1.0,Amb,0.0096,Amb,0.0009,0.1123,0.1018,t_recall,,,,
1kctA_3t1pA,ShallowMsa_016,MSAT,0.1294,0.133,0.1294,0.133,-0.0036,-0.0036,1,0,1,0.0,Amb,-0.0045,Amb,0.0009,0.1294,0.133,t_recall,,,,
1kctA_3t1pA,ShallowMsa_017,MSAT,0.0,0.0,0.0,0.0,0.0,0.0,1,0,0,0.0,Amb,-0.0009,Amb,0.0009,0.0,0.0,t_recall,,,,
1kctA_3t1pA,ShallowMsa_018,MSAT,0.0015,0.0015,0.0015,0.0015,0.0,0.0,1,0,0,0.0,Amb,-0.0009,Amb,0.0009,0.0015,0.0015,t_recall,,,,
1kctA_3t1pA,ShallowMsa_019,MSAT,0.1377,0.1272,0.1377,0.1272,0.0105,0.0105,1,1,0,1.0,Amb,0.0096,Amb,0.0009,0.1377,0.1272,t_recall,,,,
1kctA_3t1pA,DeepMsa,CCMpred,0.1472,0.1608,0.1472,0.1608,-0.0136,-0.0136,1,0,1,0.0,Amb,-0.0136,Amb,0.0,0.1472,0.1608,t_recall,,,,
1kctA_3t1pA,ShallowMsa_000,CCMpred,0.0508,0.0614,0.0508,0.0614,-0.0106,-0.0106,1,0,1,0.0,Amb,-0.0106,Amb,0.0,0.0508,0.0614,t_recall,,,,
1kctA_3t1pA,ShallowMsa_001,CCMpred,0.0025,0.0015,0.0025,0.0015,0.001,0.001,1,1,0,1.0,Amb,0.001,Amb,0.0,0.0025,0.0015,t_recall,,,,
1kctA_3t1pA,ShallowMsa_002,CCMpred,0.0,0.0015,0.0,0.0015,-0.0015,-0.0015,1,0,1,0.0,Amb,-0.0015,Amb,0.0,0.0,0.0015,t_recall,,,,
1kctA_3t1pA,ShallowMsa_003,CCMpred,0.0013,0.0015,0.0013,0.0015,-0.0002,-0.0002,1,0,1,0.0,Amb,-0.0002,Amb,0.0,0.0013,0.0015,t_recall,,,,
1kctA_3t1pA,ShallowMsa_004,CCMpred,0.0,0.0,0.0,0.0,0.0,0.0,1,0,0,0.0,Amb,0.0,Amb,0.0,0.0,0.0,t_recall,,,,
1kctA_3t1pA,ShallowMsa_005,CCMpred,0.0,0.0,0.0,0.0,0.0,0.0,1,0,0,0.0,Amb,0.0,Amb,0.0,0.0,0.0,t_recall,,,,
1kctA_3t1pA,ShallowMsa_006,CCMpred,0.0,0.0,0.0,0.0,0.0,0.0,1,0,0,0.0,Amb,0.0,Amb,0.0,0.0,0.0,t_recall,,,,
1kctA_3t1pA,ShallowMsa_007,CCMpred,0.0,0.0,0.0,0.0,0.0,0.0,1,0,0,0.0,Amb,0.0,Amb,0.0,0.0,0.0,t_recall,,,,
1kctA_3t1pA,ShallowMsa_008,CCMpred,0.0,0.0,0.0,0.0,0.0,0.0,1,0,0,0.0,Amb,0.0,Amb,0.0,0.0,0.0,t_recall,,,,
1kctA_3t1pA,ShallowMsa_009,CCMpred,0.0,0.0,0.0,0.0,0.0,0.0,1,0,0,0.0,Amb,0.0,Amb,0.0,0.0,0.0,t_recall,,,,
1kctA_3t1pA,ShallowMsa_010,CCMpred,0.0,0.0,0.0,0.0,0.0,0.0,1,0,0,0.0,Amb,0.0,Amb,0.0,0.0,0.0,t_recall,,,,
1kctA_3t1pA,ShallowMsa_011,CCMpred,0.0,0.0,0.0,0.0,0.0,0.0,1,0,0,0.0,Amb,0.0,Amb,0.0,0.0,0.0,t_recall,,,,
1kctA_3t1pA,ShallowMsa_012,CCMpred,0.0,0.0,0.0,0.0,0.0,0.0,1,0,0,0.0,Amb,0.0,Amb,0.0,0.0,0.0,t_recall,,,,
1kctA_3t1pA,ShallowMsa_013,CCMpred,0.0,0.0,0.0,0.0,0.0,0.0,1,0,0,0.0,Amb,0.0,Amb,0.0,0.0,0.0,t_recall,,,,
1kctA_3t1pA,ShallowMsa_014,CCMpred,0.0,0.0,0.0,0.0,0.0,0.0,1,0,0,0.0,Amb,0.0,Amb,0.0,0.0,0.0,t_recall,,,,
1kctA_3t1pA,ShallowMsa_015,CCMpred,0.0,0.0,0.0,0.0,0.0,0.0,1,0,0,0.0,Amb,0.0,Amb,0.0,0.0,0.0,t_recall,,,,
1kctA_3t1pA,ShallowMsa_016,CCMpred,0.0,0.0,0.0,0.0,0.0,0.0,1,0,0,0.0,Amb,0.0,Amb,0.0,0.0,0.0,t_recall,,,,
1kctA_3t1pA,ShallowMsa_017,CCMpred,0.0,0.0,0.0,0.0,0.0,0.0,1,0,0,0.0,Amb,0.0,Amb,0.0,0.0,0.0,t_recall,,,,
1kctA_3t1pA,ShallowMsa_018,CCMpred,0.0,0.0,0.0,0.0,0.0,0.0,1,0,0,0.0,Amb,0.0,Amb,0.0,0.0,0.0,t_recall,,,,
1kctA_3t1pA,ShallowMsa_019,CCMpred,0.0,0.0,0.0,0.0,0.0,0.0,1,0,0,0.0,Amb,0.0,Amb,0.0,0.0,0.0,t_recall,,,,
1kctA_3t1pA,ShallowMsa_000,DDG,-41.2331,-81.4687,-41.2331,-81.4687,40.2356,40.2356,10,10,0,1.0,F1,-0.6043,Amb,40.8398,,,ddg_kcal_per_mol(delta=1.0),40.2356,19.9023,41.2331,81.4687
1kctA_3t1pA,ShallowMsa_001,DDG,-43.8785,-88.1285,-43.8785,-88.1285,44.25,44.25,10,10,0,1.0,F1,3.4102,F1,40.8398,,,ddg_kcal_per_mol(delta=1.0),44.25,17.501,43.8785,88.1285
1kctA_3t1pA,ShallowMsa_002,DDG,-43.0383,-84.8156,-43.0383,-84.8156,41.7773,41.7773,10,10,0,1.0,F1,0.9374,Amb,40.8398,,,ddg_kcal_per_mol(delta=1.0),41.7773,15.7105,43.0383,84.8156
1kctA_3t1pA,ShallowMsa_003,DDG,-43.8963,-85.1746,-43.8963,-85.1746,41.2783,41.2783,10,10,0,1.0,F1,0.4385,Amb,40.8398,,,ddg_kcal_per_mol(delta=1.0),41.2783,16.242,43.8963,85.1746
1kctA_3t1pA,ShallowMsa_004,DDG,-30.3319,-60.2297,-30.3319,-60.2297,29.8978,29.8978,10,10,0,1.0,F1,-10.942,F2,40.8398,,,ddg_kcal_per_mol(delta=1.0),29.8978,14.7028,30.3319,60.2297
1kctA_3t1pA,ShallowMsa_005,DDG,-39.0243,-78.3792,-39.0243,-78.3792,39.3548,39.3548,10,10,0,1.0,F1,-1.4851,F2,40.8398,,,ddg_kcal_per_mol(delta=1.0),39.3548,17.8851,39.0243,78.3792
1kctA_3t1pA,ShallowMsa_006,DDG,-42.7094,-83.5858,-42.7094,-83.5858,40.8764,40.8764,10,10,0,1.0,F1,0.0365,Amb,40.8398,,,ddg_kcal_per_mol(delta=1.0),40.8764,15.5444,42.7094,83.5858
1kctA_3t1pA,ShallowMsa_007,DDG,-32.9744,-66.5166,-32.9744,-66.5166,33.5422,33.5422,10,10,0,1.0,F1,-7.2976,F2,40.8398,,,ddg_kcal_per_mol(delta=1.0),33.5422,16.3901,32.9744,66.5166
1kctA_3t1pA,ShallowMsa_008,DDG,-35.0911,-69.7042,-35.0911,-69.7042,34.6131,34.6131,10,10,0,1.0,F1,-6.2267,F2,40.8398,,,ddg_kcal_per_mol(delta=1.0),34.6131,17.3798,35.0911,69.7042
1kctA_3t1pA,ShallowMsa_009,DDG,-39.3476,-78.3719,-39.3476,-78.3719,39.0243,39.0243,10,10,0,1.0,F1,-1.8156,F2,40.8398,,,ddg_kcal_per_mol(delta=1.0),39.0243,18.4952,39.3476,78.3719
1kctA_3t1pA,ShallowMsa_010,DDG,-44.1158,-88.4829,-44.1158,-88.4829,44.3672,44.3672,10,10,0,1.0,F1,3.5273,F1,40.8398,,,ddg_kcal_per_mol(delta=1.0),44.3672,13.5597,44.1158,88.4829
1kctA_3t1pA,ShallowMsa_011,DDG,-43.3267,-86.1742,-43.3267,-86.1742,42.8475,42.8475,10,10,0,1.0,F1,2.0076,F1,40.8398,,,ddg_kcal_per_mol(delta=1.0),42.8475,18.7854,43.3267,86.1742
1kctA_3t1pA,ShallowMsa_012,DDG,-41.0146,-83.1485,-41.0146,-83.1485,42.1339,42.1339,10,10,0,1.0,F1,1.294,F1,40.8398,,,ddg_kcal_per_mol(delta=1.0),42.1339,16.5095,41.0146,83.1485
1kctA_3t1pA,ShallowMsa_013,DDG,-40.7037,-78.5181,-40.7037,-78.5181,37.8144,37.8144,10,10,0,1.0,F1,-3.0254,F2,40.8398,,,ddg_kcal_per_mol(delta=1.0),37.8144,14.2854,40.7037,78.5181
1kctA_3t1pA,ShallowMsa_014,DDG,-38.0229,-79.9335,-38.0229,-79.9335,41.9106,41.9106,10,10,0,1.0,F1,1.0708,F1,40.8398,,,ddg_kcal_per_mol(delta=1.0),41.9106,17.2703,38.0229,79.9335
1kctA_3t1pA,ShallowMsa_015,DDG,-41.7185,-82.628,-41.7185,-82.628,40.9095,40.9095,10,10,0,1.0,F1,0.0697,Amb,40.8398,,,ddg_kcal_per_mol(delta=1.0),40.9095,15.4184,41.7185,82.628
1kctA_3t1pA,ShallowMsa_016,DDG,-43.4477,-83.9725,-43.4477,-83.9725,40.5248,40.5248,10,10,0,1.0,F1,-0.315,Amb,40.8398,,,ddg_kcal_per_mol(delta=1.0),40.5248,15.7461,43.4477,83.9725
1kctA_3t1pA,ShallowMsa_017,DDG,-41.9548,-82.7581,-41.9548,-82.7581,40.8033,40.8033,10,10,0,1.0,F1,-0.0365,Amb,40.8398,,,ddg_kcal_per_mol(delta=1.0),40.8033,14.8952,41.9548,82.7581
1kctA_3t1pA,ShallowMsa_018,DDG,-45.0805,-91.072,-45.0805,-91.072,45.9915,45.9915,10,10,0,1.0,F1,5.1517,F1,40.8398,,,ddg_kcal_per_mol(delta=1.0),45.9915,14.3841,45.0805,91.072
1kctA_3t1pA,ShallowMsa_019,DDG,-42.9997,-80.7792,-42.9997,-80.7792,37.7794,37.7794,10,10,0,1.0,F1,-3.0604,F2,40.8398,,,ddg_kcal_per_mol(delta=1.0),37.7794,19.0043,42.9997,80.7792
1kctA_3t1pA,ShallowMsa_000,Boltz2,0.8293,0.8128,0.8293,0.8128,0.0165,0.0165,1,1,0,1.0,Amb,-0.0042,Amb,0.0207,,,,,,,
1kctA_3t1pA,ShallowMsa_001,Boltz2,0.4172,0.4865,0.4172,0.4865,-0.0693,-0.0693,1,0,1,0.0,F2,-0.09,F2,0.0207,,,,,,,
1kctA_3t1pA,ShallowMsa_002,Boltz2,0.2729,0.2606,0.2729,0.2606,0.0123,0.0123,1,1,0,1.0,Amb,-0.0084,Amb,0.0207,,,,,,,
1kctA_3t1pA,ShallowMsa_003,Boltz2,0.3371,0.3248,0.3371,0.3248,0.0123,0.0123,1,1,0,1.0,Amb,-0.0084,Amb,0.0207,,,,,,,
1kctA_3t1pA,ShallowMsa_004,Boltz2,0.3433,0.3088,0.3433,0.3088,0.0345,0.0345,1,1,0,1.0,Amb,0.0139,Amb,0.0207,,,,,,,
1kctA_3t1pA,ShallowMsa_005,Boltz2,0.4922,0.4115,0.4922,0.4115,0.0807,0.0807,1,1,0,1.0,F1,0.06,F1,0.0207,,,,,,,
1kctA_3t1pA,ShallowMsa_006,Boltz2,0.2853,0.2587,0.2853,0.2587,0.0266,0.0266,1,1,0,1.0,Amb,0.0059,Amb,0.0207,,,,,,,
1kctA_3t1pA,ShallowMsa_007,Boltz2,0.303,0.2967,0.303,0.2967,0.0063,0.0063,1,1,0,1.0,Amb,-0.0144,Amb,0.0207,,,,,,,
1kctA_3t1pA,ShallowMsa_008,Boltz2,0.7092,0.6412,0.7092,0.6412,0.0681,0.0681,1,1,0,1.0,F1,0.0474,Amb,0.0207,,,,,,,
1kctA_3t1pA,ShallowMsa_009,Boltz2,0.2958,0.2816,0.2958,0.2816,0.0142,0.0142,1,1,0,1.0,Amb,-0.0065,Amb,0.0207,,,,,,,
1kctA_3t1pA,ShallowMsa_010,Boltz2,0.335,0.2946,0.335,0.2946,0.0404,0.0404,1,1,0,1.0,Amb,0.0197,Amb,0.0207,,,,,,,
1kctA_3t1pA,ShallowMsa_011,Boltz2,0.3651,0.3588,0.3651,0.3588,0.0063,0.0063,1,1,0,1.0,Amb,-0.0144,Amb,0.0207,,,,,,,
1kctA_3t1pA,ShallowMsa_012,Boltz2,0.3102,0.2513,0.3102,0.2513,0.0589,0.0589,1,1,0,1.0,F1,0.0382,Amb,0.0207,,,,,,,
1kctA_3t1pA,ShallowMsa_013,Boltz2,0.3083,0.2834,0.3083,0.2834,0.0248,0.0248,1,1,0,1.0,Amb,0.0041,Amb,0.0207,,,,,,,
1kctA_3t1pA,ShallowMsa_014,Boltz2,0.4199,0.3627,0.4199,0.3627,0.0572,0.0572,1,1,0,1.0,F1,0.0365,Amb,0.0207,,,,,,,
1kctA_3t1pA,ShallowMsa_015,Boltz2,0.3413,0.2931,0.3413,0.2931,0.0482,0.0482,1,1,0,1.0,Amb,0.0275,Amb,0.0207,,,,,,,
1kctA_3t1pA,ShallowMsa_016,Boltz2,0.2764,0.3009,0.2764,0.3009,-0.0245,-0.0245,1,0,1,0.0,Amb,-0.0452,Amb,0.0207,,,,,,,
1kctA_3t1pA,ShallowMsa_017,Boltz2,0.4543,0.5057,0.4543,0.5057,-0.0514,-0.0514,1,0,1,0.0,F2,-0.0721,F2,0.0207,,,,,,,
1kctA_3t1pA,ShallowMsa_018,Boltz2,0.3618,0.2944,0.3618,0.2944,0.0675,0.0675,1,1,0,1.0,F1,0.0469,Amb,0.0207,,,,,,,
1kctA_3t1pA,ShallowMsa_019,Boltz2,0.2783,0.2678,0.2783,0.2678,0.0105,0.0105,1,1,0,1.0,Amb,-0.0102,Amb,0.0207,,,,,,,
1miqB_1qs8B,DeepMsa,AF2,0.9381,0.9687,0.8691,0.944,-0.0305,-0.0749,2,1,1,0.5,Amb,-0.0305,Amb,-0.0305,,,,,,,
1miqB_1qs8B,ShallowMsa_000,AF2,0.9528,0.9708,0.8766,0.9466,-0.0181,-0.07,2,1,1,0.5,Amb,0.0124,Amb,-0.0305,,,,,,,
1miqB_1qs8B,ShallowMsa_001,AF2,0.9381,0.9687,0.8691,0.944,-0.0305,-0.0749,2,1,1,0.5,Amb,0.0,Amb,-0.0305,,,,,,,
1miqB_1qs8B,ShallowMsa_002,AF2,0.9381,0.9687,0.8691,0.944,-0.0305,-0.0749,2,1,1,0.5,Amb,0.0,Amb,-0.0305,,,,,,,
1miqB_1qs8B,ShallowMsa_003,AF2,0.9381,0.9687,0.8691,0.944,-0.0305,-0.0749,2,1,1,0.5,Amb,0.0,Amb,-0.0305,,,,,,,
1miqB_1qs8B,ShallowMsa_004,AF2,0.9381,0.9687,0.8691,0.944,-0.0305,-0.0749,2,1,1,0.5,Amb,0.0,Amb,-0.0305,,,,,,,
1miqB_1qs8B,ShallowMsa_005,AF2,0.9381,0.9687,0.8691,0.944,-0.0305,-0.0749,2,1,1,0.5,Amb,0.0,Amb,-0.0305,,,,,,,
1miqB_1qs8B,ShallowMsa_006,AF2,0.9381,0.9687,0.8691,0.944,-0.0305,-0.0749,2,1,1,0.5,Amb,0.0,Amb,-0.0305,,,,,,,
1miqB_1qs8B,ShallowMsa_007,AF2,0.9381,0.9687,0.8691,0.944,-0.0305,-0.0749,2,1,1,0.5,Amb,0.0,Amb,-0.0305,,,,,,,
1miqB_1qs8B,ShallowMsa_008,AF2,0.9381,0.9687,0.8691,0.944,-0.0305,-0.0749,2,1,1,0.5,Amb,0.0,Amb,-0.0305,,,,,,,
1miqB_1qs8B,ShallowMsa_009,AF2,0.9381,0.9687,0.8691,0.944,-0.0305,-0.0749,2,1,1,0.5,Amb,0.0,Amb,-0.0305,,,,,,,
1miqB_1qs8B,ShallowMsa_010,AF2,0.9381,0.9687,0.8691,0.944,-0.0305,-0.0749,2,1,1,0.5,Amb,0.0,Amb,-0.0305,,,,,,,
1miqB_1qs8B,ShallowMsa_011,AF2,0.9381,0.9687,0.8691,0.944,-0.0305,-0.0749,2,1,1,0.5,Amb,0.0,Amb,-0.0305,,,,,,,
1miqB_1qs8B,ShallowMsa_012,AF2,0.9381,0.9687,0.8691,0.944,-0.0305,-0.0749,2,1,1,0.5,Amb,0.0,Amb,-0.0305,,,,,,,
1miqB_1qs8B,ShallowMsa_013,AF2,0.9381,0.9687,0.8691,0.944,-0.0305,-0.0749,2,1,1,0.5,Amb,0.0,Amb,-0.0305,,,,,,,
1miqB_1qs8B,ShallowMsa_014,AF2,0.9381,0.9687,0.8691,0.944,-0.0305,-0.0749,2,1,1,0.5,Amb,0.0,Amb,-0.0305,,,,,,,
1miqB_1qs8B,DeepMsa,AF3,0.9059,0.9759,0.842,0.9675,-0.07,-0.1255,2,0,2,0.0,F2,-0.07,F2,-0.07,,,,,,,
1miqB_1qs8B,ShallowMsa_000,AF3,0.9326,0.976,0.8555,0.9632,-0.0434,-0.1077,2,0,2,0.0,Amb,0.0266,Amb,-0.07,,,,,,,
1miqB_1qs8B,ShallowMsa_001,AF3,0.9059,0.9759,0.842,0.9675,-0.07,-0.1255,2,0,2,0.0,F2,0.0,Amb,-0.07,,,,,,,
1miqB_1qs8B,ShallowMsa_002,AF3,0.9059,0.9759,0.842,0.9675,-0.07,-0.1255,2,0,2,0.0,F2,0.0,Amb,-0.07,,,,,,,
1miqB_1qs8B,ShallowMsa_003,AF3,0.9059,0.9759,0.8421,0.9675,-0.0699,-0.1254,2,0,2,0.0,F2,0.0001,Amb,-0.07,,,,,,,
1miqB_1qs8B,ShallowMsa_004,AF3,0.9059,0.9759,0.842,0.9675,-0.07,-0.1255,2,0,2,0.0,F2,0.0,Amb,-0.07,,,,,,,
1miqB_1qs8B,ShallowMsa_005,AF3,0.9059,0.9759,0.842,0.9675,-0.07,-0.1255,2,0,2,0.0,F2,0.0,Amb,-0.07,,,,,,,
1miqB_1qs8B,ShallowMsa_006,AF3,0.9059,0.9759,0.842,0.9675,-0.07,-0.1255,2,0,2,0.0,F2,0.0,Amb,-0.07,,,,,,,
1miqB_1qs8B,ShallowMsa_007,AF3,0.9059,0.9759,0.842,0.9675,-0.07,-0.1255,2,0,2,0.0,F2,0.0,Amb,-0.07,,,,,,,
1miqB_1qs8B,ShallowMsa_008,AF3,0.9059,0.9759,0.842,0.9675,-0.07,-0.1255,2,0,2,0.0,F2,0.0,Amb,-0.07,,,,,,,
1miqB_1qs8B,ShallowMsa_009,AF3,0.9059,0.9759,0.842,0.9675,-0.07,-0.1255,2,0,2,0.0,F2,0.0,Amb,-0.07,,,,,,,
1miqB_1qs8B,ShallowMsa_010,AF3,0.9059,0.9759,0.842,0.9675,-0.07,-0.1255,2,0,2,0.0,F2,0.0,Amb,-0.07,,,,,,,
1miqB_1qs8B,ShallowMsa_011,AF3,0.9059,0.9759,0.842,0.9675,-0.07,-0.1255,2,0,2,0.0,F2,0.0,Amb,-0.07,,,,,,,
1miqB_1qs8B,ShallowMsa_012,AF3,0.9059,0.9759,0.842,0.9675,-0.07,-0.1255,2,0,2,0.0,F2,0.0,Amb,-0.07,,,,,,,
1miqB_1qs8B,ShallowMsa_013,AF3,0.9062,0.9759,0.8422,0.9674,-0.0697,-0.1253,2,0,2,0.0,F2,0.0003,Amb,-0.07,,,,,,,
1miqB_1qs8B,ShallowMsa_014,AF3,0.9059,0.9759,0.842,0.9675,-0.07,-0.1255,2,0,2,0.0,F2,0.0,Amb,-0.07,,,,,,,
1miqB_1qs8B,ShallowMsa_000,ESM,0.8944,0.9692,0.5883,0.6797,-0.0748,-0.0914,20,0,20,0.0,F2,0.0515,F1,-0.1263,,,,,,,
1miqB_1qs8B,ShallowMsa_001,ESM,0.767,0.9228,0.6026,0.713,-0.1559,-0.1104,20,0,20,0.0,F2,-0.0296,Amb,-0.1263,,,,,,,
1miqB_1qs8B,ShallowMsa_002,ESM,0.7685,0.8947,0.549,0.6405,-0.1263,-0.0916,20,0,20,0.0,F2,0.0,Amb,-0.1263,,,,,,,
1miqB_1qs8B,ShallowMsa_003,ESM,0.8708,0.9583,0.5945,0.7035,-0.0875,-0.109,20,0,20,0.0,F2,0.0388,Amb,-0.1263,,,,,,,
1miqB_1qs8B,ShallowMsa_004,ESM,0.7718,0.8922,0.6129,0.7227,-0.1204,-0.1098,20,0,20,0.0,F2,0.0059,Amb,-0.1263,,,,,,,
1miqB_1qs8B,ShallowMsa_005,ESM,0.882,0.9741,0.6231,0.7334,-0.0921,-0.1103,20,0,20,0.0,F2,0.0342,Amb,-0.1263,,,,,,,
1miqB_1qs8B,ShallowMsa_006,ESM,0.7511,0.9037,0.6001,0.7187,-0.1525,-0.1186,20,0,20,0.0,F2,-0.0262,Amb,-0.1263,,,,,,,
1miqB_1qs8B,ShallowMsa_007,ESM,0.8793,0.9722,0.6164,0.714,-0.093,-0.0976,20,0,20,0.0,F2,0.0333,Amb,-0.1263,,,,,,,
1miqB_1qs8B,ShallowMsa_008,ESM,0.7664,0.8986,0.6181,0.7328,-0.1322,-0.1147,20,0,20,0.0,F2,-0.0059,Amb,-0.1263,,,,,,,
1miqB_1qs8B,ShallowMsa_009,ESM,0.7828,0.9118,0.5913,0.6934,-0.129,-0.1021,20,0,20,0.0,F2,-0.0027,Amb,-0.1263,,,,,,,
1miqB_1qs8B,ShallowMsa_010,ESM,0.7773,0.9312,0.6055,0.7136,-0.1539,-0.1081,20,0,20,0.0,F2,-0.0276,Amb,-0.1263,,,,,,,
1miqB_1qs8B,ShallowMsa_011,ESM,0.7601,0.904,0.5852,0.6947,-0.1438,-0.1096,20,0,20,0.0,F2,-0.0175,Amb,-0.1263,,,,,,,
1miqB_1qs8B,ShallowMsa_012,ESM,0.777,0.9287,0.6027,0.715,-0.1517,-0.1123,20,0,20,0.0,F2,-0.0254,Amb,-0.1263,,,,,,,
1miqB_1qs8B,ShallowMsa_013,ESM,0.7966,0.9082,0.626,0.7343,-0.1116,-0.1083,20,0,20,0.0,F2,0.0147,Amb,-0.1263,,,,,,,
1miqB_1qs8B,ShallowMsa_014,ESM,0.8836,0.9602,0.5739,0.6679,-0.0766,-0.094,20,0,20,0.0,F2,0.0497,Amb,-0.1263,,,,,,,
1miqB_1qs8B,DeepMsa,MSAT,0.2652,0.2836,0.2652,0.2836,-0.0184,-0.0184,1,0,1,0.0,Amb,-0.0184,Amb,-0.0014,0.2652,0.2836,t_recall,,,,
1miqB_1qs8B,ShallowMsa_000,MSAT,0.2558,0.271,0.2558,0.271,-0.0152,-0.0152,1,0,1,0.0,Amb,-0.0138,Amb,-0.0014,0.2558,0.271,t_recall,,,,
1miqB_1qs8B,ShallowMsa_001,MSAT,0.003,0.0064,0.003,0.0064,-0.0034,-0.0034,1,0,1,0.0,Amb,-0.002,Amb,-0.0014,0.003,0.0064,t_recall,,,,
1miqB_1qs8B,ShallowMsa_002,MSAT,0.0229,0.0189,0.0229,0.0189,0.004,0.004,1,1,0,1.0,Amb,0.0054,Amb,-0.0014,0.0229,0.0189,t_recall,,,,
1miqB_1qs8B,ShallowMsa_003,MSAT,0.1702,0.1811,0.1702,0.1811,-0.0109,-0.0109,1,0,1,0.0,Amb,-0.0095,Amb,-0.0014,0.1702,0.1811,t_recall,,,,
1miqB_1qs8B,ShallowMsa_004,MSAT,0.0092,0.01,0.0092,0.01,-0.0008,-0.0008,1,0,1,0.0,Amb,0.0006,Amb,-0.0014,0.0092,0.01,t_recall,,,,
1miqB_1qs8B,ShallowMsa_005,MSAT,0.2757,0.3049,0.2757,0.3049,-0.0292,-0.0292,1,0,1,0.0,Amb,-0.0278,Amb,-0.0014,0.2757,0.3049,t_recall,,,,
1miqB_1qs8B,ShallowMsa_006,MSAT,0.0067,0.0072,0.0067,0.0072,-0.0005,-0.0005,1,0,1,0.0,Amb,0.0009,Amb,-0.0014,0.0067,0.0072,t_recall,,,,
1miqB_1qs8B,ShallowMsa_007,MSAT,0.2044,0.2171,0.2044,0.2171,-0.0127,-0.0127,1,0,1,0.0,Amb,-0.0113,Amb,-0.0014,0.2044,0.2171,t_recall,,,,
1miqB_1qs8B,ShallowMsa_008,MSAT,0.014,0.0113,0.014,0.0113,0.0027,0.0027,1,1,0,1.0,Amb,0.0041,Amb,-0.0014,0.014,0.0113,t_recall,,,,
1miqB_1qs8B,ShallowMsa_009,MSAT,0.0064,0.0055,0.0064,0.0055,0.0009,0.0009,1,1,0,1.0,Amb,0.0023,Amb,-0.0014,0.0064,0.0055,t_recall,,,,
1miqB_1qs8B,ShallowMsa_010,MSAT,0.018,0.0196,0.018,0.0196,-0.0016,-0.0016,1,0,1,0.0,Amb,-0.0002,Amb,-0.0014,0.018,0.0196,t_recall,,,,
1miqB_1qs8B,ShallowMsa_011,MSAT,0.01,0.0107,0.01,0.0107,-0.0007,-0.0007,1,0,1,0.0,Amb,0.0007,Amb,-0.0014,0.01,0.0107,t_recall,,,,
1miqB_1qs8B,ShallowMsa_012,MSAT,0.0116,0.0107,0.0116,0.0107,0.0009,0.0009,1,1,0,1.0,Amb,0.0023,Amb,-0.0014,0.0116,0.0107,t_recall,,,,
1miqB_1qs8B,ShallowMsa_013,MSAT,0.0177,0.0191,0.0177,0.0191,-0.0014,-0.0014,1,0,1,0.0,Amb,0.0,Amb,-0.0014,0.0177,0.0191,t_recall,,,,
1miqB_1qs8B,ShallowMsa_014,MSAT,0.0867,0.0916,0.0867,0.0916,-0.0049,-0.0049,1,0,1,0.0,Amb,-0.0035,Amb,-0.0014,0.0867,0.0916,t_recall,,,,
1miqB_1qs8B,DeepMsa,CCMpred,0.0678,0.0816,0.0678,0.0816,-0.0138,-0.0138,1,0,1,0.0,Amb,-0.0138,Amb,0.0,0.0678,0.0816,t_recall,,,,
1miqB_1qs8B,ShallowMsa_000,CCMpred,0.0058,0.0075,0.0058,0.0075,-0.0017,-0.0017,1,0,1,0.0,Amb,-0.0017,Amb,0.0,0.0058,0.0075,t_recall,,,,
1miqB_1qs8B,ShallowMsa_001,CCMpred,0.0058,0.0063,0.0058,0.0063,-0.0005,-0.0005,1,0,1,0.0,Amb,-0.0005,Amb,0.0,0.0058,0.0063,t_recall,,,,
1miqB_1qs8B,ShallowMsa_002,CCMpred,0.0,0.0,0.0,0.0,0.0,0.0,1,0,0,0.0,Amb,0.0,Amb,0.0,0.0,0.0,t_recall,,,,
1miqB_1qs8B,ShallowMsa_003,CCMpred,0.0012,0.0013,0.0012,0.0013,-0.0001,-0.0001,1,0,1,0.0,Amb,-0.0001,Amb,0.0,0.0012,0.0013,t_recall,,,,
1miqB_1qs8B,ShallowMsa_004,CCMpred,0.0,0.0,0.0,0.0,0.0,0.0,1,0,0,0.0,Amb,0.0,Amb,0.0,0.0,0.0,t_recall,,,,
1miqB_1qs8B,ShallowMsa_005,CCMpred,0.0,0.0,0.0,0.0,0.0,0.0,1,0,0,0.0,Amb,0.0,Amb,0.0,0.0,0.0,t_recall,,,,
1miqB_1qs8B,ShallowMsa_006,CCMpred,0.0,0.0,0.0,0.0,0.0,0.0,1,0,0,0.0,Amb,0.0,Amb,0.0,0.0,0.0,t_recall,,,,
1miqB_1qs8B,ShallowMsa_007,CCMpred,0.0,0.0,0.0,0.0,0.0,0.0,1,0,0,0.0,Amb,0.0,Amb,0.0,0.0,0.0,t_recall,,,,
1miqB_1qs8B,ShallowMsa_008,CCMpred,0.0,0.0,0.0,0.0,0.0,0.0,1,0,0,0.0,Amb,0.0,Amb,0.0,0.0,0.0,t_recall,,,,
1miqB_1qs8B,ShallowMsa_009,CCMpred,0.0,0.0,0.0,0.0,0.0,0.0,1,0,0,0.0,Amb,0.0,Amb,0.0,0.0,0.0,t_recall,,,,
1miqB_1qs8B,ShallowMsa_010,CCMpred,0.0,0.0,0.0,0.0,0.0,0.0,1,0,0,0.0,Amb,0.0,Amb,0.0,0.0,0.0,t_recall,,,,
1miqB_1qs8B,ShallowMsa_011,CCMpred,0.0,0.0,0.0,0.0,0.0,0.0,1,0,0,0.0,Amb,0.0,Amb,0.0,0.0,0.0,t_recall,,,,
1miqB_1qs8B,ShallowMsa_012,CCMpred,0.0,0.0,0.0,0.0,0.0,0.0,1,0,0,0.0,Amb,0.0,Amb,0.0,0.0,0.0,t_recall,,,,
1miqB_1qs8B,ShallowMsa_013,CCMpred,0.0,0.0,0.0,0.0,0.0,0.0,1,0,0,0.0,Amb,0.0,Amb,0.0,0.0,0.0,t_recall,,,,
1miqB_1qs8B,ShallowMsa_014,CCMpred,0.0,0.0,0.0,0.0,0.0,0.0,1,0,0,0.0,Amb,0.0,Amb,0.0,0.0,0.0,t_recall,,,,
1miqB_1qs8B,ShallowMsa_000,DDG,-142.9733,-159.4236,-142.9733,-159.4236,16.4503,16.4503,10,8,2,0.8,F1,-8.5499,F2,25.0002,,,ddg_kcal_per_mol(delta=1.0),16.4503,20.3434,142.9733,159.4236
1miqB_1qs8B,ShallowMsa_001,DDG,-158.2043,-176.376,-158.2043,-176.376,18.1717,18.1717,10,9,1,0.9,F1,-6.8285,F2,25.0002,,,ddg_kcal_per_mol(delta=1.0),18.1717,16.4434,158.2043,176.376
1miqB_1qs8B,ShallowMsa_002,DDG,-133.9934,-159.0709,-133.9934,-159.0709,25.0775,25.0775,10,8,2,0.8,F1,0.0773,Amb,25.0002,,,ddg_kcal_per_mol(delta=1.0),25.0775,22.7387,133.9934,159.0709
1miqB_1qs8B,ShallowMsa_003,DDG,-154.9251,-173.5098,-154.9251,-173.5098,18.5847,18.5847,10,9,1,0.9,F1,-6.4155,F2,25.0002,,,ddg_kcal_per_mol(delta=1.0),18.5847,12.9213,154.9251,173.5098
1miqB_1qs8B,ShallowMsa_004,DDG,-156.4199,-180.9876,-156.4199,-180.9876,24.5677,24.5677,10,9,1,0.9,F1,-0.4325,Amb,25.0002,,,ddg_kcal_per_mol(delta=1.0),24.5677,15.9021,156.4199,180.9876
1miqB_1qs8B,ShallowMsa_005,DDG,-149.0676,-174.0677,-149.0676,-174.0677,25.0002,25.0002,10,9,1,0.9,F1,0.0,Amb,25.0002,,,ddg_kcal_per_mol(delta=1.0),25.0002,20.2498,149.0676,174.0677
1miqB_1qs8B,ShallowMsa_006,DDG,-158.871,-195.5858,-158.871,-195.5858,36.7147,36.7147,10,9,1,0.9,F1,11.7145,F1,25.0002,,,ddg_kcal_per_mol(delta=1.0),36.7147,17.3143,158.871,195.5858
1miqB_1qs8B,ShallowMsa_007,DDG,-136.0066,-160.1895,-136.0066,-160.1895,24.183,24.183,10,8,2,0.8,F1,-0.8172,Amb,25.0002,,,ddg_kcal_per_mol(delta=1.0),24.183,22.917,136.0066,160.1895
1miqB_1qs8B,ShallowMsa_008,DDG,-164.6345,-191.1278,-164.6345,-191.1278,26.4933,26.4933,10,10,0,1.0,F1,1.4931,F1,25.0002,,,ddg_kcal_per_mol(delta=1.0),26.4933,13.917,164.6345,191.1278
1miqB_1qs8B,ShallowMsa_009,DDG,-149.6255,-175.7257,-149.6255,-175.7257,26.1002,26.1002,10,9,1,0.9,F1,1.1,F1,25.0002,,,ddg_kcal_per_mol(delta=1.0),26.1002,17.2716,149.6255,175.7257
1miqB_1qs8B,ShallowMsa_010,DDG,-148.721,-171.9226,-148.721,-171.9226,23.2016,23.2016,10,10,0,1.0,F1,-1.7986,F2,25.0002,,,ddg_kcal_per_mol(delta=1.0),23.2016,17.7225,148.721,171.9226
1miqB_1qs8B,ShallowMsa_011,DDG,-141.2594,-172.6305,-141.2594,-172.6305,31.371,31.371,10,8,2,0.8,F1,6.3708,F1,25.0002,,,ddg_kcal_per_mol(delta=1.0),31.371,22.801,141.2594,172.6305
1miqB_1qs8B,ShallowMsa_012,DDG,-149.2441,-180.1319,-149.2441,-180.1319,30.8878,30.8878,10,9,1,0.9,F1,5.8876,F1,25.0002,,,ddg_kcal_per_mol(delta=1.0),30.8878,24.6453,149.2441,180.1319
1miqB_1qs8B,ShallowMsa_013,DDG,-159.1707,-187.5211,-159.1707,-187.5211,28.3504,28.3504,10,9,1,0.9,F1,3.3502,F1,25.0002,,,ddg_kcal_per_mol(delta=1.0),28.3504,20.7112,159.1707,187.5211
1miqB_1qs8B,ShallowMsa_014,DDG,-130.9815,-155.0617,-130.9815,-155.0617,24.0802,24.0802,10,8,2,0.8,F1,-0.92,Amb,25.0002,,,ddg_kcal_per_mol(delta=1.0),24.0802,19.0517,130.9815,155.0617
1miqB_1qs8B,ShallowMsa_000,Boltz2,0.7445,0.8153,0.7445,0.8153,-0.0708,-0.0708,1,0,1,0.0,F2,-0.0301,Amb,-0.0407,,,,,,,
1miqB_1qs8B,ShallowMsa_001,Boltz2,0.7367,0.8025,0.7367,0.8025,-0.0658,-0.0658,1,0,1,0.0,F2,-0.0251,Amb,-0.0407,,,,,,,
1miqB_1qs8B,ShallowMsa_003,Boltz2,0.7652,0.8058,0.7652,0.8058,-0.0407,-0.0407,1,0,1,0.0,Amb,0.0,Amb,-0.0407,,,,,,,
1miqB_1qs8B,ShallowMsa_004,Boltz2,0.6147,0.6572,0.6147,0.6572,-0.0426,-0.0426,1,0,1,0.0,Amb,-0.0019,Amb,-0.0407,,,,,,,
1miqB_1qs8B,ShallowMsa_005,Boltz2,0.7727,0.7848,0.7727,0.7848,-0.012,-0.012,1,0,1,0.0,Amb,0.0287,Amb,-0.0407,,,,,,,
1miqB_1qs8B,ShallowMsa_007,Boltz2,0.7077,0.7327,0.7077,0.7327,-0.025,-0.025,1,0,1,0.0,Amb,0.0157,Amb,-0.0407,,,,,,,
1miqB_1qs8B,ShallowMsa_010,Boltz2,0.7899,0.8075,0.7899,0.8075,-0.0176,-0.0176,1,0,1,0.0,Amb,0.0231,Amb,-0.0407,,,,,,,
1mnmD_1mnmC,DeepMsa,AF2,0.7181,0.7525,0.7181,0.7525,-0.0343,-0.0343,2,0,2,0.0,Amb,-0.0343,Amb,-0.0127,,,,,,,
1mnmD_1mnmC,ShallowMsa_000,AF2,0.7078,0.7431,0.7078,0.7431,-0.0353,-0.0353,2,0,2,0.0,Amb,-0.0226,Amb,-0.0127,,,,,,,
1mnmD_1mnmC,ShallowMsa_001,AF2,0.7156,0.7495,0.7156,0.7495,-0.0339,-0.0339,2,0,2,0.0,Amb,-0.0212,Amb,-0.0127,,,,,,,
1mnmD_1mnmC,ShallowMsa_002,AF2,0.697,0.7308,0.697,0.7308,-0.0338,-0.0338,2,0,2,0.0,Amb,-0.0211,Amb,-0.0127,,,,,,,
1mnmD_1mnmC,ShallowMsa_003,AF2,0.6685,0.6679,0.6685,0.6679,0.0006,0.0006,2,2,0,1.0,Amb,0.0133,Amb,-0.0127,,,,,,,
1mnmD_1mnmC,ShallowMsa_004,AF2,0.6424,0.6706,0.6424,0.6706,-0.0282,-0.0282,2,0,2,0.0,Amb,-0.0155,Amb,-0.0127,,,,,,,
1mnmD_1mnmC,ShallowMsa_005,AF2,0.6205,0.638,0.6205,0.638,-0.0175,-0.0175,2,0,2,0.0,Amb,-0.0048,Amb,-0.0127,,,,,,,
1mnmD_1mnmC,ShallowMsa_006,AF2,0.6687,0.6944,0.6687,0.6944,-0.0257,-0.0257,2,0,2,0.0,Amb,-0.013,Amb,-0.0127,,,,,,,
1mnmD_1mnmC,ShallowMsa_007,AF2,0.6477,0.6733,0.6477,0.6733,-0.0256,-0.0256,2,0,2,0.0,Amb,-0.0129,Amb,-0.0127,,,,,,,
1mnmD_1mnmC,ShallowMsa_008,AF2,0.5811,0.58,0.5811,0.58,0.0011,0.0011,2,2,0,1.0,Amb,0.0138,Amb,-0.0127,,,,,,,
1mnmD_1mnmC,ShallowMsa_009,AF2,0.7019,0.7294,0.7019,0.7294,-0.0275,-0.0275,2,0,2,0.0,Amb,-0.0148,Amb,-0.0127,,,,,,,
1mnmD_1mnmC,ShallowMsa_010,AF2,0.2873,0.2819,0.2873,0.2819,0.0054,0.0054,2,2,0,1.0,Amb,0.0181,Amb,-0.0127,,,,,,,
1mnmD_1mnmC,ShallowMsa_011,AF2,0.6895,0.7049,0.6895,0.7049,-0.0154,-0.0154,2,0,2,0.0,Amb,-0.0027,Amb,-0.0127,,,,,,,
1mnmD_1mnmC,ShallowMsa_012,AF2,0.3016,0.2966,0.3016,0.2966,0.005,0.005,2,2,0,1.0,Amb,0.0177,Amb,-0.0127,,,,,,,
1mnmD_1mnmC,ShallowMsa_013,AF2,0.6536,0.6381,0.6536,0.6381,0.0155,0.0155,2,2,0,1.0,Amb,0.0282,Amb,-0.0127,,,,,,,
1mnmD_1mnmC,ShallowMsa_014,AF2,0.5483,0.5246,0.5483,0.5246,0.0237,0.0237,2,2,0,1.0,Amb,0.0364,Amb,-0.0127,,,,,,,
1mnmD_1mnmC,ShallowMsa_015,AF2,0.7245,0.7056,0.7245,0.7056,0.0189,0.0189,2,2,0,1.0,Amb,0.0316,Amb,-0.0127,,,,,,,
1mnmD_1mnmC,ShallowMsa_016,AF2,0.5151,0.5251,0.5151,0.5251,-0.01,-0.01,2,0,2,0.0,Amb,0.0027,Amb,-0.0127,,,,,,,
1mnmD_1mnmC,ShallowMsa_017,AF2,0.6014,0.6219,0.6014,0.6219,-0.0205,-0.0205,2,0,2,0.0,Amb,-0.0078,Amb,-0.0127,,,,,,,
1mnmD_1mnmC,ShallowMsa_018,AF2,0.6736,0.6666,0.6736,0.6666,0.0069,0.0069,2,2,0,1.0,Amb,0.0196,Amb,-0.0127,,,,,,,
1mnmD_1mnmC,ShallowMsa_019,AF2,0.5945,0.595,0.5945,0.595,-0.0005,-0.0005,2,0,2,0.0,Amb,0.0122,Amb,-0.0127,,,,,,,
1mnmD_1mnmC,DeepMsa,AF3,0.7091,0.7168,0.7088,0.7166,-0.0077,-0.0077,2,0,2,0.0,Amb,-0.0077,Amb,-0.0038,,,,,,,
1mnmD_1mnmC,ShallowMsa_000,AF3,0.7143,0.7163,0.7143,0.7163,-0.0019,-0.0019,2,0,2,0.0,Amb,0.0019,Amb,-0.0038,,,,,,,
1mnmD_1mnmC,ShallowMsa_001,AF3,0.717,0.7272,0.717,0.7272,-0.0102,-0.0102,2,0,2,0.0,Amb,-0.0064,Amb,-0.0038,,,,,,,
1mnmD_1mnmC,ShallowMsa_002,AF3,0.671,0.6832,0.671,0.6832,-0.0121,-0.0121,2,0,2,0.0,Amb,-0.0083,Amb,-0.0038,,,,,,,
1mnmD_1mnmC,ShallowMsa_003,AF3,0.6654,0.6438,0.6653,0.6437,0.0216,0.0216,2,2,0,1.0,Amb,0.0254,Amb,-0.0038,,,,,,,
1mnmD_1mnmC,ShallowMsa_004,AF3,0.6405,0.6498,0.6405,0.6498,-0.0093,-0.0093,2,0,2,0.0,Amb,-0.0055,Amb,-0.0038,,,,,,,
1mnmD_1mnmC,ShallowMsa_005,AF3,0.5113,0.5235,0.5113,0.5235,-0.0122,-0.0122,2,0,2,0.0,Amb,-0.0084,Amb,-0.0038,,,,,,,
1mnmD_1mnmC,ShallowMsa_006,AF3,0.6399,0.6439,0.6399,0.6439,-0.004,-0.004,2,0,2,0.0,Amb,-0.0002,Amb,-0.0038,,,,,,,
1mnmD_1mnmC,ShallowMsa_007,AF3,0.622,0.6589,0.622,0.6589,-0.037,-0.037,2,0,2,0.0,Amb,-0.0332,Amb,-0.0038,,,,,,,
1mnmD_1mnmC,ShallowMsa_008,AF3,0.5785,0.5744,0.5785,0.5744,0.0041,0.0041,2,2,0,1.0,Amb,0.0079,Amb,-0.0038,,,,,,,
1mnmD_1mnmC,ShallowMsa_009,AF3,0.6999,0.7035,0.6999,0.7035,-0.0036,-0.0036,2,0,2,0.0,Amb,0.0002,Amb,-0.0038,,,,,,,
1mnmD_1mnmC,ShallowMsa_010,AF3,0.452,0.3884,0.452,0.3884,0.0636,0.0636,2,2,0,1.0,F1,0.0674,F1,-0.0038,,,,,,,
1mnmD_1mnmC,ShallowMsa_011,AF3,0.66,0.6718,0.6598,0.6715,-0.0119,-0.0116,2,0,2,0.0,Amb,-0.0081,Amb,-0.0038,,,,,,,
1mnmD_1mnmC,ShallowMsa_012,AF3,0.2591,0.2825,0.2591,0.2825,-0.0235,-0.0235,2,0,2,0.0,Amb,-0.0197,Amb,-0.0038,,,,,,,
1mnmD_1mnmC,ShallowMsa_013,AF3,0.6483,0.6384,0.6483,0.6384,0.01,0.01,2,2,0,1.0,Amb,0.0138,Amb,-0.0038,,,,,,,
1mnmD_1mnmC,ShallowMsa_014,AF3,0.5244,0.5239,0.5239,0.5234,0.0005,0.0005,2,2,0,1.0,Amb,0.0043,Amb,-0.0038,,,,,,,
1mnmD_1mnmC,ShallowMsa_015,AF3,0.6674,0.6679,0.6674,0.6679,-0.0005,-0.0005,2,0,2,0.0,Amb,0.0033,Amb,-0.0038,,,,,,,
1mnmD_1mnmC,ShallowMsa_016,AF3,0.5304,0.551,0.5304,0.551,-0.0206,-0.0206,2,0,2,0.0,Amb,-0.0168,Amb,-0.0038,,,,,,,
1mnmD_1mnmC,ShallowMsa_017,AF3,0.4856,0.5013,0.4856,0.5013,-0.0156,-0.0156,2,0,2,0.0,Amb,-0.0118,Amb,-0.0038,,,,,,,
1mnmD_1mnmC,ShallowMsa_018,AF3,0.6916,0.6496,0.689,0.6495,0.042,0.0395,2,2,0,1.0,Amb,0.0458,Amb,-0.0038,,,,,,,
1mnmD_1mnmC,ShallowMsa_019,AF3,0.5629,0.5515,0.5627,0.5513,0.0115,0.0114,2,2,0,1.0,Amb,0.0153,Amb,-0.0038,,,,,,,
1mnmD_1mnmC,ShallowMsa_000,ESM,0.7017,0.7124,0.5789,0.5933,-0.0107,-0.0144,20,3,17,0.15,Amb,0.0125,Amb,-0.0232,,,,,,,
1mnmD_1mnmC,ShallowMsa_001,ESM,0.7102,0.7342,0.5514,0.5602,-0.024,-0.0088,20,4,16,0.2,Amb,-0.0008,Amb,-0.0232,,,,,,,
1mnmD_1mnmC,ShallowMsa_002,ESM,0.7018,0.7067,0.5281,0.5373,-0.0049,-0.0092,20,2,18,0.1,Amb,0.0183,Amb,-0.0232,,,,,,,
1mnmD_1mnmC,ShallowMsa_003,ESM,0.6701,0.7013,0.5419,0.5529,-0.0312,-0.011,20,4,16,0.2,Amb,-0.008,Amb,-0.0232,,,,,,,
1mnmD_1mnmC,ShallowMsa_004,ESM,0.6425,0.6804,0.5848,0.6145,-0.0379,-0.0296,20,0,20,0.0,Amb,-0.0147,Amb,-0.0232,,,,,,,
1mnmD_1mnmC,ShallowMsa_005,ESM,0.6863,0.704,0.574,0.5935,-0.0177,-0.0195,20,2,18,0.1,Amb,0.0055,Amb,-0.0232,,,,,,,
1mnmD_1mnmC,ShallowMsa_006,ESM,0.668,0.6828,0.595,0.609,-0.0148,-0.014,20,0,20,0.0,Amb,0.0084,Amb,-0.0232,,,,,,,
1mnmD_1mnmC,ShallowMsa_007,ESM,0.6773,0.715,0.579,0.5972,-0.0376,-0.0182,20,3,17,0.15,Amb,-0.0144,Amb,-0.0232,,,,,,,
1mnmD_1mnmC,ShallowMsa_008,ESM,0.6263,0.6506,0.581,0.6027,-0.0243,-0.0217,20,0,20,0.0,Amb,-0.0011,Amb,-0.0232,,,,,,,
1mnmD_1mnmC,ShallowMsa_009,ESM,0.7267,0.7595,0.5478,0.5641,-0.0328,-0.0164,20,4,16,0.2,Amb,-0.0096,Amb,-0.0232,,,,,,,
1mnmD_1mnmC,ShallowMsa_010,ESM,0.6318,0.6541,0.5705,0.5946,-0.0224,-0.0241,20,0,20,0.0,Amb,0.0008,Amb,-0.0232,,,,,,,
1mnmD_1mnmC,ShallowMsa_011,ESM,0.7066,0.7591,0.543,0.5609,-0.0524,-0.0178,20,0,20,0.0,Amb,-0.0292,Amb,-0.0232,,,,,,,
1mnmD_1mnmC,ShallowMsa_012,ESM,0.6324,0.6574,0.5607,0.5765,-0.025,-0.0157,20,2,18,0.1,Amb,-0.0018,Amb,-0.0232,,,,,,,
1mnmD_1mnmC,ShallowMsa_013,ESM,0.6958,0.741,0.5792,0.6002,-0.0451,-0.0211,20,0,20,0.0,Amb,-0.0219,Amb,-0.0232,,,,,,,
1mnmD_1mnmC,ShallowMsa_014,ESM,0.7084,0.6831,0.563,0.5721,0.0252,-0.0091,20,4,16,0.2,Amb,0.0484,Amb,-0.0232,,,,,,,
1mnmD_1mnmC,ShallowMsa_015,ESM,0.6987,0.7172,0.6107,0.616,-0.0185,-0.0054,20,6,14,0.3,Amb,0.0047,Amb,-0.0232,,,,,,,
1mnmD_1mnmC,ShallowMsa_016,ESM,0.6464,0.6478,0.5685,0.5871,-0.0014,-0.0186,20,2,18,0.1,Amb,0.0218,Amb,-0.0232,,,,,,,
1mnmD_1mnmC,ShallowMsa_017,ESM,0.6347,0.6549,0.6077,0.6311,-0.0201,-0.0234,20,0,20,0.0,Amb,0.0031,Amb,-0.0232,,,,,,,
1mnmD_1mnmC,ShallowMsa_018,ESM,0.6281,0.6524,0.5491,0.5733,-0.0243,-0.0242,20,0,20,0.0,Amb,-0.0011,Amb,-0.0232,,,,,,,
1mnmD_1mnmC,ShallowMsa_019,ESM,0.6749,0.6851,0.6053,0.6261,-0.0101,-0.0208,20,0,20,0.0,Amb,0.0131,Amb,-0.0232,,,,,,,
1mnmD_1mnmC,DeepMsa,MSAT,0.4,0.4167,0.4,0.4167,-0.0167,-0.0167,1,0,1,0.0,Amb,-0.0167,Amb,0.0,0.4,0.4167,t_recall,,,,
1mnmD_1mnmC,ShallowMsa_000,MSAT,0.4,0.4167,0.4,0.4167,-0.0167,-0.0167,1,0,1,0.0,Amb,-0.0167,Amb,0.0,0.4,0.4167,t_recall,,,,
1mnmD_1mnmC,ShallowMsa_001,MSAT,0.3714,0.3889,0.3714,0.3889,-0.0175,-0.0175,1,0,1,0.0,Amb,-0.0175,Amb,0.0,0.3714,0.3889,t_recall,,,,
1mnmD_1mnmC,ShallowMsa_002,MSAT,0.0294,0.0286,0.0294,0.0286,0.0008,0.0008,1,1,0,1.0,Amb,0.0008,Amb,0.0,0.0294,0.0286,t_recall,,,,
1mnmD_1mnmC,ShallowMsa_003,MSAT,0.0,0.0,0.0,0.0,0.0,0.0,1,0,0,0.0,Amb,0.0,Amb,0.0,0.0,0.0,t_recall,,,,
1mnmD_1mnmC,ShallowMsa_004,MSAT,0.0857,0.0833,0.0857,0.0833,0.0024,0.0024,1,1,0,1.0,Amb,0.0024,Amb,0.0,0.0857,0.0833,t_recall,,,,
1mnmD_1mnmC,ShallowMsa_005,MSAT,0.4286,0.4444,0.4286,0.4444,-0.0158,-0.0158,1,0,1,0.0,Amb,-0.0158,Amb,0.0,0.4286,0.4444,t_recall,,,,
1mnmD_1mnmC,ShallowMsa_006,MSAT,0.4571,0.4722,0.4571,0.4722,-0.0151,-0.0151,1,0,1,0.0,Amb,-0.0151,Amb,0.0,0.4571,0.4722,t_recall,,,,
1mnmD_1mnmC,ShallowMsa_007,MSAT,0.0,0.0,0.0,0.0,0.0,0.0,1,0,0,0.0,Amb,0.0,Amb,0.0,0.0,0.0,t_recall,,,,
1mnmD_1mnmC,ShallowMsa_008,MSAT,0.0,0.0,0.0,0.0,0.0,0.0,1,0,0,0.0,Amb,0.0,Amb,0.0,0.0,0.0,t_recall,,,,
1mnmD_1mnmC,ShallowMsa_009,MSAT,0.0,0.0,0.0,0.0,0.0,0.0,1,0,0,0.0,Amb,0.0,Amb,0.0,0.0,0.0,t_recall,,,,
1mnmD_1mnmC,ShallowMsa_010,MSAT,0.0857,0.0556,0.0857,0.0556,0.0301,0.0301,1,1,0,1.0,Amb,0.0301,Amb,0.0,0.0857,0.0556,t_recall,,,,
1mnmD_1mnmC,ShallowMsa_011,MSAT,0.4,0.4167,0.4,0.4167,-0.0167,-0.0167,1,0,1,0.0,Amb,-0.0167,Amb,0.0,0.4,0.4167,t_recall,,,,
1mnmD_1mnmC,ShallowMsa_012,MSAT,0.0,0.0,0.0,0.0,0.0,0.0,1,0,0,0.0,Amb,0.0,Amb,0.0,0.0,0.0,t_recall,,,,
1mnmD_1mnmC,ShallowMsa_013,MSAT,0.0455,0.0476,0.0455,0.0476,-0.0021,-0.0021,1,0,1,0.0,Amb,-0.0021,Amb,0.0,0.0455,0.0476,t_recall,,,,
1mnmD_1mnmC,ShallowMsa_014,MSAT,0.0,0.0,0.0,0.0,0.0,0.0,1,0,0,0.0,Amb,0.0,Amb,0.0,0.0,0.0,t_recall,,,,
1mnmD_1mnmC,ShallowMsa_015,MSAT,0.04,0.0417,0.04,0.0417,-0.0017,-0.0017,1,0,1,0.0,Amb,-0.0017,Amb,0.0,0.04,0.0417,t_recall,,,,
1mnmD_1mnmC,ShallowMsa_016,MSAT,0.0,0.0,0.0,0.0,0.0,0.0,1,0,0,0.0,Amb,0.0,Amb,0.0,0.0,0.0,t_recall,,,,
1mnmD_1mnmC,ShallowMsa_017,MSAT,0.0,0.0,0.0,0.0,0.0,0.0,1,0,0,0.0,Amb,0.0,Amb,0.0,0.0,0.0,t_recall,,,,
1mnmD_1mnmC,ShallowMsa_018,MSAT,0.2727,0.2353,0.2727,0.2353,0.0374,0.0374,1,1,0,1.0,Amb,0.0374,Amb,0.0,0.2727,0.2353,t_recall,,,,
1mnmD_1mnmC,ShallowMsa_019,MSAT,0.0435,0.0455,0.0435,0.0455,-0.002,-0.002,1,0,1,0.0,Amb,-0.002,Amb,0.0,0.0435,0.0455,t_recall,,,,
1mnmD_1mnmC,DeepMsa,CCMpred,0.3143,0.3333,0.3143,0.3333,-0.019,-0.019,1,0,1,0.0,Amb,-0.019,Amb,0.0,0.3143,0.3333,t_recall,,,,
1mnmD_1mnmC,ShallowMsa_000,CCMpred,0.0286,0.0278,0.0286,0.0278,0.0008,0.0008,1,1,0,1.0,Amb,0.0008,Amb,0.0,0.0286,0.0278,t_recall,,,,
1mnmD_1mnmC,ShallowMsa_001,CCMpred,0.0,0.0,0.0,0.0,0.0,0.0,1,0,0,0.0,Amb,0.0,Amb,0.0,0.0,0.0,t_recall,,,,
1mnmD_1mnmC,ShallowMsa_002,CCMpred,0.0,0.0,0.0,0.0,0.0,0.0,1,0,0,0.0,Amb,0.0,Amb,0.0,0.0,0.0,t_recall,,,,
1mnmD_1mnmC,ShallowMsa_003,CCMpred,0.0286,0.0278,0.0286,0.0278,0.0008,0.0008,1,1,0,1.0,Amb,0.0008,Amb,0.0,0.0286,0.0278,t_recall,,,,
1mnmD_1mnmC,ShallowMsa_004,CCMpred,0.0,0.0,0.0,0.0,0.0,0.0,1,0,0,0.0,Amb,0.0,Amb,0.0,0.0,0.0,t_recall,,,,
1mnmD_1mnmC,ShallowMsa_005,CCMpred,0.0,0.0,0.0,0.0,0.0,0.0,1,0,0,0.0,Amb,0.0,Amb,0.0,0.0,0.0,t_recall,,,,
1mnmD_1mnmC,ShallowMsa_006,CCMpred,0.0286,0.0278,0.0286,0.0278,0.0008,0.0008,1,1,0,1.0,Amb,0.0008,Amb,0.0,0.0286,0.0278,t_recall,,,,
1mnmD_1mnmC,ShallowMsa_007,CCMpred,0.0,0.0,0.0,0.0,0.0,0.0,1,0,0,0.0,Amb,0.0,Amb,0.0,0.0,0.0,t_recall,,,,
1mnmD_1mnmC,ShallowMsa_008,CCMpred,0.0,0.0,0.0,0.0,0.0,0.0,1,0,0,0.0,Amb,0.0,Amb,0.0,0.0,0.0,t_recall,,,,
1mnmD_1mnmC,ShallowMsa_009,CCMpred,0.0,0.0,0.0,0.0,0.0,0.0,1,0,0,0.0,Amb,0.0,Amb,0.0,0.0,0.0,t_recall,,,,
1mnmD_1mnmC,ShallowMsa_010,CCMpred,0.0,0.0,0.0,0.0,0.0,0.0,1,0,0,0.0,Amb,0.0,Amb,0.0,0.0,0.0,t_recall,,,,
1mnmD_1mnmC,ShallowMsa_011,CCMpred,0.0,0.0,0.0,0.0,0.0,0.0,1,0,0,0.0,Amb,0.0,Amb,0.0,0.0,0.0,t_recall,,,,
1mnmD_1mnmC,ShallowMsa_012,CCMpred,0.0,0.0,0.0,0.0,0.0,0.0,1,0,0,0.0,Amb,0.0,Amb,0.0,0.0,0.0,t_recall,,,,
1mnmD_1mnmC,ShallowMsa_013,CCMpred,0.0,0.0,0.0,0.0,0.0,0.0,1,0,0,0.0,Amb,0.0,Amb,0.0,0.0,0.0,t_recall,,,,
1mnmD_1mnmC,ShallowMsa_014,CCMpred,0.0,0.0,0.0,0.0,0.0,0.0,1,0,0,0.0,Amb,0.0,Amb,0.0,0.0,0.0,t_recall,,,,
1mnmD_1mnmC,ShallowMsa_015,CCMpred,0.0,0.0,0.0,0.0,0.0,0.0,1,0,0,0.0,Amb,0.0,Amb,0.0,0.0,0.0,t_recall,,,,
1mnmD_1mnmC,ShallowMsa_016,CCMpred,0.0,0.0,0.0,0.0,0.0,0.0,1,0,0,0.0,Amb,0.0,Amb,0.0,0.0,0.0,t_recall,,,,
1mnmD_1mnmC,ShallowMsa_017,CCMpred,0.0,0.0,0.0,0.0,0.0,0.0,1,0,0,0.0,Amb,0.0,Amb,0.0,0.0,0.0,t_recall,,,,
1mnmD_1mnmC,ShallowMsa_018,CCMpred,0.0,0.0,0.0,0.0,0.0,0.0,1,0,0,0.0,Amb,0.0,Amb,0.0,0.0,0.0,t_recall,,,,
1mnmD_1mnmC,ShallowMsa_019,CCMpred,0.0,0.0,0.0,0.0,0.0,0.0,1,0,0,0.0,Amb,0.0,Amb,0.0,0.0,0.0,t_recall,,,,
1mnmD_1mnmC,ShallowMsa_000,DDG,-15.5037,-11.1015,-15.5037,-11.1015,-4.4022,-4.4022,10,0,10,0.0,F2,-0.3952,Amb,-4.007,,,ddg_kcal_per_mol(delta=1.0),-4.4022,2.0157,15.5037,11.1015
1mnmD_1mnmC,ShallowMsa_001,DDG,-14.3404,-10.8875,-14.3404,-10.8875,-3.4529,-3.4529,10,0,10,0.0,F2,0.5541,Amb,-4.007,,,ddg_kcal_per_mol(delta=1.0),-3.4529,2.0865,14.3404,10.8875
1mnmD_1mnmC,ShallowMsa_002,DDG,-16.6115,-12.3525,-16.6115,-12.3525,-4.259,-4.259,10,0,10,0.0,F2,-0.252,Amb,-4.007,,,ddg_kcal_per_mol(delta=1.0),-4.259,2.1065,16.6115,12.3525
1mnmD_1mnmC,ShallowMsa_003,DDG,-17.2983,-13.3998,-17.2983,-13.3998,-3.8985,-3.8985,10,0,10,0.0,F2,0.1085,Amb,-4.007,,,ddg_kcal_per_mol(delta=1.0),-3.8985,1.8882,17.2983,13.3998
1mnmD_1mnmC,ShallowMsa_004,DDG,-17.9898,-14.2024,-17.9898,-14.2024,-3.7875,-3.7875,10,0,10,0.0,F2,0.2195,Amb,-4.007,,,ddg_kcal_per_mol(delta=1.0),-3.7875,1.5986,17.9898,14.2024
1mnmD_1mnmC,ShallowMsa_005,DDG,-17.393,-13.7571,-17.393,-13.7571,-3.6359,-3.6359,10,0,10,0.0,F2,0.3711,Amb,-4.007,,,ddg_kcal_per_mol(delta=1.0),-3.6359,1.5185,17.393,13.7571
1mnmD_1mnmC,ShallowMsa_006,DDG,-17.2905,-12.6312,-17.2905,-12.6312,-4.6593,-4.6593,10,0,10,0.0,F2,-0.6523,Amb,-4.007,,,ddg_kcal_per_mol(delta=1.0),-4.6593,1.9979,17.2905,12.6312
1mnmD_1mnmC,ShallowMsa_007,DDG,-16.5269,-11.3468,-16.5269,-11.3468,-5.1801,-5.1801,10,0,10,0.0,F2,-1.1731,F2,-4.007,,,ddg_kcal_per_mol(delta=1.0),-5.1801,1.9568,16.5269,11.3468
1mnmD_1mnmC,ShallowMsa_008,DDG,-16.3616,-12.5157,-16.3616,-12.5157,-3.8459,-3.8459,10,0,10,0.0,F2,0.1611,Amb,-4.007,,,ddg_kcal_per_mol(delta=1.0),-3.8459,1.5907,16.3616,12.5157
1mnmD_1mnmC,ShallowMsa_009,DDG,-15.6053,-11.1561,-15.6053,-11.1561,-4.4492,-4.4492,10,0,10,0.0,F2,-0.4422,Amb,-4.007,,,ddg_kcal_per_mol(delta=1.0),-4.4492,1.7991,15.6053,11.1561
1mnmD_1mnmC,ShallowMsa_010,DDG,-17.3347,-12.5556,-17.3347,-12.5556,-4.7791,-4.7791,10,0,10,0.0,F2,-0.7721,Amb,-4.007,,,ddg_kcal_per_mol(delta=1.0),-4.7791,1.8059,17.3347,12.5556
1mnmD_1mnmC,ShallowMsa_011,DDG,-15.8811,-11.2398,-15.8811,-11.2398,-4.6413,-4.6413,10,0,10,0.0,F2,-0.6343,Amb,-4.007,,,ddg_kcal_per_mol(delta=1.0),-4.6413,1.906,15.8811,11.2398
1mnmD_1mnmC,ShallowMsa_012,DDG,-14.2174,-11.2015,-14.2174,-11.2015,-3.0158,-3.0158,10,1,9,0.1,F2,0.9912,Amb,-4.007,,,ddg_kcal_per_mol(delta=1.0),-3.0158,1.9715,14.2174,11.2015
1mnmD_1mnmC,ShallowMsa_013,DDG,-14.7297,-11.6036,-14.7297,-11.6036,-3.1261,-3.1261,10,1,9,0.1,F2,0.8809,Amb,-4.007,,,ddg_kcal_per_mol(delta=1.0),-3.1261,2.1906,14.7297,11.6036
1mnmD_1mnmC,ShallowMsa_014,DDG,-17.4744,-13.2434,-17.4744,-13.2434,-4.2309,-4.2309,10,0,10,0.0,F2,-0.2239,Amb,-4.007,,,ddg_kcal_per_mol(delta=1.0),-4.2309,1.7906,17.4744,13.2434
1mnmD_1mnmC,ShallowMsa_015,DDG,-15.2545,-11.723,-15.2545,-11.723,-3.5315,-3.5315,10,1,9,0.1,F2,0.4755,Amb,-4.007,,,ddg_kcal_per_mol(delta=1.0),-3.5315,1.8103,15.2545,11.723
1mnmD_1mnmC,ShallowMsa_016,DDG,-15.6459,-12.4114,-15.6459,-12.4114,-3.2345,-3.2345,10,0,10,0.0,F2,0.7725,Amb,-4.007,,,ddg_kcal_per_mol(delta=1.0),-3.2345,1.2249,15.6459,12.4114
1mnmD_1mnmC,ShallowMsa_017,DDG,-16.4821,-13.2851,-16.4821,-13.2851,-3.197,-3.197,10,1,9,0.1,F2,0.81,Amb,-4.007,,,ddg_kcal_per_mol(delta=1.0),-3.197,1.7307,16.4821,13.2851
1mnmD_1mnmC,ShallowMsa_018,DDG,-17.7706,-13.655,-17.7706,-13.655,-4.1156,-4.1156,10,0,10,0.0,F2,-0.1086,Amb,-4.007,,,ddg_kcal_per_mol(delta=1.0),-4.1156,1.6085,17.7706,13.655
1mnmD_1mnmC,ShallowMsa_019,DDG,-17.0546,-12.4988,-17.0546,-12.4988,-4.5559,-4.5559,10,0,10,0.0,F2,-0.5489,Amb,-4.007,,,ddg_kcal_per_mol(delta=1.0),-4.5559,1.3483,17.0546,12.4988
1mnmD_1mnmC,ShallowMsa_000,Boltz2,,,,,,,1,0,0,0.0,Amb,,Amb,0.0,,,,,,,
1mnmD_1mnmC,ShallowMsa_001,Boltz2,,,,,,,1,0,0,0.0,Amb,,Amb,0.0,,,,,,,
1mnmD_1mnmC,ShallowMsa_002,Boltz2,,,,,,,1,0,0,0.0,Amb,,Amb,0.0,,,,,,,
1mnmD_1mnmC,ShallowMsa_003,Boltz2,,,,,,,1,0,0,0.0,Amb,,Amb,0.0,,,,,,,
1mnmD_1mnmC,ShallowMsa_004,Boltz2,,,,,,,1,0,0,0.0,Amb,,Amb,0.0,,,,,,,
1mnmD_1mnmC,ShallowMsa_005,Boltz2,,,,,,,1,0,0,0.0,Amb,,Amb,0.0,,,,,,,
1mnmD_1mnmC,ShallowMsa_006,Boltz2,,,,,,,1,0,0,0.0,Amb,,Amb,0.0,,,,,,,
1mnmD_1mnmC,ShallowMsa_007,Boltz2,,,,,,,1,0,0,0.0,Amb,,Amb,0.0,,,,,,,
1mnmD_1mnmC,ShallowMsa_008,Boltz2,,,,,,,1,0,0,0.0,Amb,,Amb,0.0,,,,,,,
1mnmD_1mnmC,ShallowMsa_009,Boltz2,,,,,,,1,0,0,0.0,Amb,,Amb,0.0,,,,,,,
1mnmD_1mnmC,ShallowMsa_010,Boltz2,,,,,,,1,0,0,0.0,Amb,,Amb,0.0,,,,,,,
1mnmD_1mnmC,ShallowMsa_011,Boltz2,,,,,,,1,0,0,0.0,Amb,,Amb,0.0,,,,,,,
1mnmD_1mnmC,ShallowMsa_012,Boltz2,,,,,,,1,0,0,0.0,Amb,,Amb,0.0,,,,,,,
1mnmD_1mnmC,ShallowMsa_013,Boltz2,,,,,,,1,0,0,0.0,Amb,,Amb,0.0,,,,,,,
1mnmD_1mnmC,ShallowMsa_017,Boltz2,,,,,,,1,0,0,0.0,Amb,,Amb,0.0,,,,,,,
1mnmD_1mnmC,ShallowMsa_018,Boltz2,,,,,,,1,0,0,0.0,Amb,,Amb,0.0,,,,,,,
1mnmD_1mnmC,ShallowMsa_019,Boltz2,,,,,,,1,0,0,0.0,Amb,,Amb,0.0,,,,,,,
1nocA_1qomB,DeepMsa,AF2,0.8759,0.9295,0.8721,0.8866,-0.0536,-0.0146,2,1,1,0.5,F2,-0.0536,F2,0.0183,,,,,,,
1nocA_1qomB,ShallowMsa_000,AF2,0.7674,0.7506,0.7673,0.7491,0.0168,0.0181,2,2,0,1.0,Amb,-0.0015,Amb,0.0183,,,,,,,
1nocA_1qomB,ShallowMsa_001,AF2,0.8026,0.8018,0.7971,0.7914,0.0008,0.0057,2,2,0,1.0,Amb,-0.0175,Amb,0.0183,,,,,,,
1nocA_1qomB,ShallowMsa_002,AF2,0.8714,0.8927,0.8707,0.8664,-0.0213,0.0043,2,1,1,0.5,Amb,-0.0396,Amb,0.0183,,,,,,,
1nocA_1qomB,ShallowMsa_003,AF2,0.8438,0.8414,0.8438,0.84,0.0024,0.0038,2,2,0,1.0,Amb,-0.0159,Amb,0.0183,,,,,,,
1nocA_1qomB,ShallowMsa_004,AF2,0.8019,0.7975,0.8016,0.7961,0.0045,0.0055,2,2,0,1.0,Amb,-0.0138,Amb,0.0183,,,,,,,
1nocA_1qomB,ShallowMsa_005,AF2,0.8579,0.8338,0.8542,0.8301,0.0241,0.0242,2,2,0,1.0,Amb,0.0058,Amb,0.0183,,,,,,,
1nocA_1qomB,ShallowMsa_006,AF2,0.8417,0.8234,0.8408,0.8231,0.0183,0.0177,2,2,0,1.0,Amb,0.0,Amb,0.0183,,,,,,,
1nocA_1qomB,ShallowMsa_007,AF2,0.7727,0.7486,0.7706,0.7475,0.0241,0.0231,2,2,0,1.0,Amb,0.0058,Amb,0.0183,,,,,,,
1nocA_1qomB,ShallowMsa_008,AF2,0.7596,0.7385,0.7576,0.7374,0.0211,0.0202,2,2,0,1.0,Amb,0.0028,Amb,0.0183,,,,,,,
1nocA_1qomB,ShallowMsa_009,AF2,0.8086,0.8104,0.8079,0.8102,-0.0019,-0.0023,2,0,2,0.0,Amb,-0.0202,Amb,0.0183,,,,,,,
1nocA_1qomB,ShallowMsa_010,AF2,0.7698,0.7407,0.768,0.7379,0.0291,0.0301,2,2,0,1.0,Amb,0.0108,Amb,0.0183,,,,,,,
1nocA_1qomB,ShallowMsa_011,AF2,0.858,0.8382,0.8575,0.8371,0.0198,0.0204,2,2,0,1.0,Amb,0.0015,Amb,0.0183,,,,,,,
1nocA_1qomB,ShallowMsa_012,AF2,0.7962,0.7925,0.7922,0.7862,0.0037,0.006,2,2,0,1.0,Amb,-0.0146,Amb,0.0183,,,,,,,
1nocA_1qomB,ShallowMsa_013,AF2,0.7776,0.7752,0.7682,0.7643,0.0024,0.0038,2,2,0,1.0,Amb,-0.0159,Amb,0.0183,,,,,,,
1nocA_1qomB,ShallowMsa_014,AF2,0.8189,0.7907,0.8126,0.7899,0.0281,0.0227,2,2,0,1.0,Amb,0.0098,Amb,0.0183,,,,,,,
1nocA_1qomB,ShallowMsa_015,AF2,0.7591,0.7434,0.7583,0.7405,0.0156,0.0178,2,2,0,1.0,Amb,-0.0027,Amb,0.0183,,,,,,,
1nocA_1qomB,ShallowMsa_016,AF2,0.8295,0.805,0.8292,0.8048,0.0245,0.0243,2,2,0,1.0,Amb,0.0062,Amb,0.0183,,,,,,,
1nocA_1qomB,ShallowMsa_017,AF2,0.7922,0.7677,0.7817,0.7599,0.0245,0.0218,2,2,0,1.0,Amb,0.0062,Amb,0.0183,,,,,,,
1nocA_1qomB,ShallowMsa_018,AF2,0.8385,0.7984,0.8353,0.7972,0.0401,0.0381,2,2,0,1.0,Amb,0.0218,Amb,0.0183,,,,,,,
1nocA_1qomB,DeepMsa,AF3,0.8767,0.9314,0.8749,0.9044,-0.0547,-0.0295,2,0,2,0.0,F2,-0.0547,F2,-0.003,,,,,,,
1nocA_1qomB,ShallowMsa_000,AF3,0.771,0.7876,0.7704,0.7714,-0.0165,-0.0009,2,1,1,0.5,Amb,-0.0135,Amb,-0.003,,,,,,,
1nocA_1qomB,ShallowMsa_001,AF3,0.7873,0.7986,0.7759,0.7681,-0.0113,0.0077,2,1,1,0.5,Amb,-0.0083,Amb,-0.003,,,,,,,
1nocA_1qomB,ShallowMsa_002,AF3,0.8773,0.9309,0.8754,0.8877,-0.0536,-0.0122,2,1,1,0.5,F2,-0.0506,F2,-0.003,,,,,,,
1nocA_1qomB,ShallowMsa_003,AF3,0.8533,0.8477,0.8523,0.846,0.0055,0.0063,2,2,0,1.0,Amb,0.0085,Amb,-0.003,,,,,,,
1nocA_1qomB,ShallowMsa_004,AF3,0.7949,0.8082,0.7945,0.8071,-0.0132,-0.0126,2,0,2,0.0,Amb,-0.0102,Amb,-0.003,,,,,,,
1nocA_1qomB,ShallowMsa_005,AF3,0.8559,0.8662,0.8548,0.8645,-0.0103,-0.0097,2,0,2,0.0,Amb,-0.0073,Amb,-0.003,,,,,,,
1nocA_1qomB,ShallowMsa_006,AF3,0.8426,0.8245,0.8415,0.8234,0.0181,0.0181,2,2,0,1.0,Amb,0.0211,Amb,-0.003,,,,,,,
1nocA_1qomB,ShallowMsa_007,AF3,0.7429,0.7435,0.7425,0.7434,-0.0006,-0.0009,2,0,2,0.0,Amb,0.0024,Amb,-0.003,,,,,,,
1nocA_1qomB,ShallowMsa_008,AF3,0.755,0.7673,0.748,0.7615,-0.0123,-0.0135,2,0,2,0.0,Amb,-0.0093,Amb,-0.003,,,,,,,
1nocA_1qomB,ShallowMsa_009,AF3,0.801,0.8159,0.8009,0.8159,-0.0149,-0.015,2,0,2,0.0,Amb,-0.0119,Amb,-0.003,,,,,,,
1nocA_1qomB,ShallowMsa_010,AF3,0.7829,0.7435,0.7769,0.7405,0.0394,0.0364,2,2,0,1.0,Amb,0.0424,Amb,-0.003,,,,,,,
1nocA_1qomB,ShallowMsa_011,AF3,0.8749,0.8583,0.8514,0.8506,0.0167,0.0008,2,1,1,0.5,Amb,0.0197,Amb,-0.003,,,,,,,
1nocA_1qomB,ShallowMsa_012,AF3,0.7909,0.7951,0.7904,0.7928,-0.0042,-0.0024,2,0,2,0.0,Amb,-0.0012,Amb,-0.003,,,,,,,
1nocA_1qomB,ShallowMsa_013,AF3,0.763,0.7661,0.7584,0.7638,-0.003,-0.0055,2,0,2,0.0,Amb,0.0,Amb,-0.003,,,,,,,
1nocA_1qomB,ShallowMsa_014,AF3,0.8116,0.7956,0.8079,0.792,0.0159,0.0159,2,2,0,1.0,Amb,0.0189,Amb,-0.003,,,,,,,
1nocA_1qomB,ShallowMsa_015,AF3,0.7683,0.7557,0.7644,0.7481,0.0127,0.0163,2,2,0,1.0,Amb,0.0157,Amb,-0.003,,,,,,,
1nocA_1qomB,ShallowMsa_016,AF3,0.7797,0.7697,0.7766,0.7648,0.01,0.0119,2,2,0,1.0,Amb,0.013,Amb,-0.003,,,,,,,
1nocA_1qomB,ShallowMsa_017,AF3,0.7887,0.8024,0.7717,0.7649,-0.0138,0.0068,2,1,1,0.5,Amb,-0.0108,Amb,-0.003,,,,,,,
1nocA_1qomB,ShallowMsa_018,AF3,0.8342,0.8277,0.8313,0.8178,0.0065,0.0134,2,2,0,1.0,Amb,0.0095,Amb,-0.003,,,,,,,
1nocA_1qomB,ShallowMsa_000,ESM,0.3004,0.3005,0.2478,0.244,-0.0002,0.0038,20,12,8,0.6,Amb,-0.0025,Amb,0.0023,,,,,,,
1nocA_1qomB,ShallowMsa_001,ESM,0.3669,0.3571,0.2568,0.2498,0.0099,0.007,20,18,2,0.9,Amb,0.0076,Amb,0.0023,,,,,,,
1nocA_1qomB,ShallowMsa_002,ESM,0.322,0.2989,0.2358,0.2284,0.023,0.0074,20,15,5,0.75,Amb,0.0207,Amb,0.0023,,,,,,,
1nocA_1qomB,ShallowMsa_003,ESM,0.4004,0.3577,0.2587,0.2486,0.0427,0.01,20,15,5,0.75,Amb,0.0404,Amb,0.0023,,,,,,,
1nocA_1qomB,ShallowMsa_004,ESM,0.3329,0.3154,0.247,0.2374,0.0175,0.0096,20,13,7,0.65,Amb,0.0152,Amb,0.0023,,,,,,,
1nocA_1qomB,ShallowMsa_005,ESM,0.308,0.2954,0.2402,0.2421,0.0126,-0.002,20,10,10,0.5,Amb,0.0103,Amb,0.0023,,,,,,,
1nocA_1qomB,ShallowMsa_006,ESM,0.3555,0.3532,0.249,0.2331,0.0023,0.0159,20,17,3,0.85,Amb,0.0,Amb,0.0023,,,,,,,
1nocA_1qomB,ShallowMsa_007,ESM,0.3092,0.3189,0.2397,0.2313,-0.0097,0.0084,20,12,8,0.6,Amb,-0.012,Amb,0.0023,,,,,,,
1nocA_1qomB,ShallowMsa_008,ESM,0.299,0.3253,0.2433,0.2397,-0.0263,0.0036,20,12,8,0.6,Amb,-0.0286,Amb,0.0023,,,,,,,
1nocA_1qomB,ShallowMsa_009,ESM,0.3025,0.3211,0.2546,0.2547,-0.0186,-0.0001,20,12,8,0.6,Amb,-0.0209,Amb,0.0023,,,,,,,
1nocA_1qomB,ShallowMsa_010,ESM,0.3142,0.3021,0.233,0.2203,0.0121,0.0128,20,14,6,0.7,Amb,0.0098,Amb,0.0023,,,,,,,
1nocA_1qomB,ShallowMsa_011,ESM,0.322,0.3113,0.2359,0.2305,0.0107,0.0055,20,14,6,0.7,Amb,0.0084,Amb,0.0023,,,,,,,
1nocA_1qomB,ShallowMsa_012,ESM,0.3142,0.3349,0.2512,0.244,-0.0207,0.0071,20,13,7,0.65,Amb,-0.023,Amb,0.0023,,,,,,,
1nocA_1qomB,ShallowMsa_013,ESM,0.416,0.3968,0.2556,0.2459,0.0192,0.0097,20,16,4,0.8,Amb,0.0169,Amb,0.0023,,,,,,,
1nocA_1qomB,ShallowMsa_014,ESM,0.3415,0.3693,0.2585,0.254,-0.0278,0.0046,20,12,8,0.6,Amb,-0.0301,Amb,0.0023,,,,,,,
1nocA_1qomB,ShallowMsa_015,ESM,0.3147,0.3339,0.2518,0.2502,-0.0193,0.0016,20,9,11,0.45,Amb,-0.0216,Amb,0.0023,,,,,,,
1nocA_1qomB,ShallowMsa_016,ESM,0.2999,0.3099,0.2553,0.2443,-0.01,0.011,20,17,3,0.85,Amb,-0.0123,Amb,0.0023,,,,,,,
1nocA_1qomB,ShallowMsa_017,ESM,0.3342,0.3391,0.2549,0.2554,-0.0049,-0.0005,20,9,11,0.45,Amb,-0.0072,Amb,0.0023,,,,,,,
1nocA_1qomB,ShallowMsa_018,ESM,0.3137,0.3015,0.2583,0.2455,0.0122,0.0128,20,15,5,0.75,Amb,0.0099,Amb,0.0023,,,,,,,
1nocA_1qomB,DeepMsa,MSAT,0.1962,0.2096,0.1962,0.2096,-0.0134,-0.0134,1,0,1,0.0,Amb,-0.0134,Amb,0.0006,0.1962,0.2096,t_recall,,,,
1nocA_1qomB,ShallowMsa_000,MSAT,0.0223,0.0173,0.0223,0.0173,0.005,0.005,1,1,0,1.0,Amb,0.0044,Amb,0.0006,0.0223,0.0173,t_recall,,,,
1nocA_1qomB,ShallowMsa_001,MSAT,0.0283,0.0207,0.0283,0.0207,0.0076,0.0076,1,1,0,1.0,Amb,0.007,Amb,0.0006,0.0283,0.0207,t_recall,,,,
1nocA_1qomB,ShallowMsa_002,MSAT,0.0021,0.0018,0.0021,0.0018,0.0003,0.0003,1,1,0,1.0,Amb,-0.0003,Amb,0.0006,0.0021,0.0018,t_recall,,,,
1nocA_1qomB,ShallowMsa_003,MSAT,0.0021,0.0053,0.0021,0.0053,-0.0032,-0.0032,1,0,1,0.0,Amb,-0.0038,Amb,0.0006,0.0021,0.0053,t_recall,,,,
1nocA_1qomB,ShallowMsa_004,MSAT,0.0066,0.0056,0.0066,0.0056,0.001,0.001,1,1,0,1.0,Amb,0.0004,Amb,0.0006,0.0066,0.0056,t_recall,,,,
1nocA_1qomB,ShallowMsa_005,MSAT,0.0108,0.0093,0.0108,0.0093,0.0015,0.0015,1,1,0,1.0,Amb,0.0009,Amb,0.0006,0.0108,0.0093,t_recall,,,,
1nocA_1qomB,ShallowMsa_006,MSAT,0.0,0.0,0.0,0.0,0.0,0.0,1,0,0,0.0,Amb,-0.0006,Amb,0.0006,0.0,0.0,t_recall,,,,
1nocA_1qomB,ShallowMsa_007,MSAT,0.004,0.0035,0.004,0.0035,0.0005,0.0005,1,1,0,1.0,Amb,-0.0001,Amb,0.0006,0.004,0.0035,t_recall,,,,
1nocA_1qomB,ShallowMsa_008,MSAT,0.0081,0.0069,0.0081,0.0069,0.0012,0.0012,1,1,0,1.0,Amb,0.0006,Amb,0.0006,0.0081,0.0069,t_recall,,,,
1nocA_1qomB,ShallowMsa_009,MSAT,0.0021,0.0053,0.0021,0.0053,-0.0032,-0.0032,1,0,1,0.0,Amb,-0.0038,Amb,0.0006,0.0021,0.0053,t_recall,,,,
1nocA_1qomB,ShallowMsa_010,MSAT,0.0165,0.0142,0.0165,0.0142,0.0023,0.0023,1,1,0,1.0,Amb,0.0017,Amb,0.0006,0.0165,0.0142,t_recall,,,,
1nocA_1qomB,ShallowMsa_011,MSAT,0.0069,0.0098,0.0069,0.0098,-0.0029,-0.0029,1,0,1,0.0,Amb,-0.0035,Amb,0.0006,0.0069,0.0098,t_recall,,,,
1nocA_1qomB,ShallowMsa_012,MSAT,0.0146,0.0071,0.0146,0.0071,0.0075,0.0075,1,1,0,1.0,Amb,0.0069,Amb,0.0006,0.0146,0.0071,t_recall,,,,
1nocA_1qomB,ShallowMsa_013,MSAT,0.0064,0.0055,0.0064,0.0055,0.0009,0.0009,1,1,0,1.0,Amb,0.0003,Amb,0.0006,0.0064,0.0055,t_recall,,,,
1nocA_1qomB,ShallowMsa_014,MSAT,0.0043,0.0037,0.0043,0.0037,0.0006,0.0006,1,1,0,1.0,Amb,0.0,Amb,0.0006,0.0043,0.0037,t_recall,,,,
1nocA_1qomB,ShallowMsa_015,MSAT,0.0104,0.0141,0.0104,0.0141,-0.0037,-0.0037,1,0,1,0.0,Amb,-0.0043,Amb,0.0006,0.0104,0.0141,t_recall,,,,
1nocA_1qomB,ShallowMsa_016,MSAT,0.0062,0.0125,0.0062,0.0125,-0.0063,-0.0063,1,0,1,0.0,Amb,-0.0069,Amb,0.0006,0.0062,0.0125,t_recall,,,,
1nocA_1qomB,ShallowMsa_017,MSAT,0.0041,0.0053,0.0041,0.0053,-0.0012,-0.0012,1,0,1,0.0,Amb,-0.0018,Amb,0.0006,0.0041,0.0053,t_recall,,,,
1nocA_1qomB,ShallowMsa_018,MSAT,0.0182,0.0138,0.0182,0.0138,0.0044,0.0044,1,1,0,1.0,Amb,0.0038,Amb,0.0006,0.0182,0.0138,t_recall,,,,
1nocA_1qomB,DeepMsa,CCMpred,0.0172,0.0141,0.0172,0.0141,0.0031,0.0031,1,1,0,1.0,Amb,0.0031,Amb,0.0,0.0172,0.0141,t_recall,,,,
1nocA_1qomB,ShallowMsa_000,CCMpred,0.0,0.0,0.0,0.0,0.0,0.0,1,0,0,0.0,Amb,0.0,Amb,0.0,0.0,0.0,t_recall,,,,
1nocA_1qomB,ShallowMsa_001,CCMpred,0.0,0.0,0.0,0.0,0.0,0.0,1,0,0,0.0,Amb,0.0,Amb,0.0,0.0,0.0,t_recall,,,,
1nocA_1qomB,ShallowMsa_002,CCMpred,0.0,0.0,0.0,0.0,0.0,0.0,1,0,0,0.0,Amb,0.0,Amb,0.0,0.0,0.0,t_recall,,,,
1nocA_1qomB,ShallowMsa_003,CCMpred,0.0,0.0,0.0,0.0,0.0,0.0,1,0,0,0.0,Amb,0.0,Amb,0.0,0.0,0.0,t_recall,,,,
1nocA_1qomB,ShallowMsa_004,CCMpred,0.0,0.0,0.0,0.0,0.0,0.0,1,0,0,0.0,Amb,0.0,Amb,0.0,0.0,0.0,t_recall,,,,
1nocA_1qomB,ShallowMsa_005,CCMpred,0.0,0.0,0.0,0.0,0.0,0.0,1,0,0,0.0,Amb,0.0,Amb,0.0,0.0,0.0,t_recall,,,,
1nocA_1qomB,ShallowMsa_006,CCMpred,0.0,0.0,0.0,0.0,0.0,0.0,1,0,0,0.0,Amb,0.0,Amb,0.0,0.0,0.0,t_recall,,,,
1nocA_1qomB,ShallowMsa_007,CCMpred,0.0,0.0,0.0,0.0,0.0,0.0,1,0,0,0.0,Amb,0.0,Amb,0.0,0.0,0.0,t_recall,,,,
1nocA_1qomB,ShallowMsa_008,CCMpred,0.0,0.0,0.0,0.0,0.0,0.0,1,0,0,0.0,Amb,0.0,Amb,0.0,0.0,0.0,t_recall,,,,
1nocA_1qomB,ShallowMsa_009,CCMpred,0.0,0.0,0.0,0.0,0.0,0.0,1,0,0,0.0,Amb,0.0,Amb,0.0,0.0,0.0,t_recall,,,,
1nocA_1qomB,ShallowMsa_010,CCMpred,0.0,0.0,0.0,0.0,0.0,0.0,1,0,0,0.0,Amb,0.0,Amb,0.0,0.0,0.0,t_recall,,,,
1nocA_1qomB,ShallowMsa_011,CCMpred,0.0,0.0,0.0,0.0,0.0,0.0,1,0,0,0.0,Amb,0.0,Amb,0.0,0.0,0.0,t_recall,,,,
1nocA_1qomB,ShallowMsa_012,CCMpred,0.0,0.0,0.0,0.0,0.0,0.0,1,0,0,0.0,Amb,0.0,Amb,0.0,0.0,0.0,t_recall,,,,
1nocA_1qomB,ShallowMsa_013,CCMpred,0.0,0.0,0.0,0.0,0.0,0.0,1,0,0,0.0,Amb,0.0,Amb,0.0,0.0,0.0,t_recall,,,,
1nocA_1qomB,ShallowMsa_014,CCMpred,0.0,0.0,0.0,0.0,0.0,0.0,1,0,0,0.0,Amb,0.0,Amb,0.0,0.0,0.0,t_recall,,,,
1nocA_1qomB,ShallowMsa_015,CCMpred,0.0,0.0,0.0,0.0,0.0,0.0,1,0,0,0.0,Amb,0.0,Amb,0.0,0.0,0.0,t_recall,,,,
1nocA_1qomB,ShallowMsa_016,CCMpred,0.0,0.0,0.0,0.0,0.0,0.0,1,0,0,0.0,Amb,0.0,Amb,0.0,0.0,0.0,t_recall,,,,
1nocA_1qomB,ShallowMsa_017,CCMpred,0.0,0.0,0.0,0.0,0.0,0.0,1,0,0,0.0,Amb,0.0,Amb,0.0,0.0,0.0,t_recall,,,,
1nocA_1qomB,ShallowMsa_018,CCMpred,0.0,0.0,0.0,0.0,0.0,0.0,1,0,0,0.0,Amb,0.0,Amb,0.0,0.0,0.0,t_recall,,,,
1nocA_1qomB,ShallowMsa_000,DDG,-73.9359,-71.2513,-73.9359,-71.2513,-2.6845,-2.6845,10,2,8,0.2,F2,-1.4408,F2,-1.2437,,,ddg_kcal_per_mol(delta=1.0),-2.6845,11.4274,73.9359,71.2513
1nocA_1qomB,ShallowMsa_001,DDG,-80.6594,-80.9543,-80.6594,-80.9543,0.2949,0.2949,10,3,7,0.3,Amb,1.5386,F1,-1.2437,,,ddg_kcal_per_mol(delta=1.0),0.2949,9.0263,80.6594,80.9543
1nocA_1qomB,ShallowMsa_002,DDG,-72.0613,-71.4583,-72.0613,-71.4583,-0.603,-0.603,10,5,5,0.5,Amb,0.6407,Amb,-1.2437,,,ddg_kcal_per_mol(delta=1.0),-0.603,6.2729,72.0613,71.4583
1nocA_1qomB,ShallowMsa_003,DDG,-89.0473,-87.2938,-89.0473,-87.2938,-1.7535,-1.7535,10,4,6,0.4,F2,-0.5098,Amb,-1.2437,,,ddg_kcal_per_mol(delta=1.0),-1.7535,7.2667,89.0473,87.2938
1nocA_1qomB,ShallowMsa_004,DDG,-82.512,-80.1334,-82.512,-80.1334,-2.3787,-2.3787,10,3,7,0.3,F2,-1.135,F2,-1.2437,,,ddg_kcal_per_mol(delta=1.0),-2.3787,7.2529,82.512,80.1334
1nocA_1qomB,ShallowMsa_005,DDG,-86.4932,-83.7987,-86.4932,-83.7987,-2.6945,-2.6945,10,3,7,0.3,F2,-1.4508,F2,-1.2437,,,ddg_kcal_per_mol(delta=1.0),-2.6945,7.3162,86.4932,83.7987
1nocA_1qomB,ShallowMsa_006,DDG,-26.3483,-24.5577,-26.3483,-24.5577,-1.7906,-1.7906,10,1,9,0.1,F2,-0.5469,Amb,-1.2437,,,ddg_kcal_per_mol(delta=1.0),-1.7906,1.8056,26.3483,24.5577
1nocA_1qomB,ShallowMsa_007,DDG,-46.2938,-44.0056,-46.2938,-44.0056,-2.2882,-2.2882,10,1,9,0.1,F2,-1.0445,F2,-1.2437,,,ddg_kcal_per_mol(delta=1.0),-2.2882,3.4107,46.2938,44.0056
1nocA_1qomB,ShallowMsa_008,DDG,-64.2207,-63.7846,-64.2207,-63.7846,-0.436,-0.436,10,6,4,0.6,Amb,0.8077,Amb,-1.2437,,,ddg_kcal_per_mol(delta=1.0),-0.436,3.9444,64.2207,63.7846
1nocA_1qomB,ShallowMsa_009,DDG,-82.2781,-80.7891,-82.2781,-80.7891,-1.489,-1.489,10,4,6,0.4,F2,-0.2453,Amb,-1.2437,,,ddg_kcal_per_mol(delta=1.0),-1.489,8.8917,82.2781,80.7891
1nocA_1qomB,ShallowMsa_010,DDG,-84.4964,-85.2205,-84.4964,-85.2205,0.7241,0.7241,10,3,7,0.3,Amb,1.9678,F1,-1.2437,,,ddg_kcal_per_mol(delta=1.0),0.7241,7.0528,84.4964,85.2205
1nocA_1qomB,ShallowMsa_011,DDG,-36.2349,-37.8713,-36.2349,-37.8713,1.6364,1.6364,10,4,6,0.4,F1,2.8801,F1,-1.2437,,,ddg_kcal_per_mol(delta=1.0),1.6364,7.2335,36.2349,37.8713
1nocA_1qomB,ShallowMsa_012,DDG,-80.2737,-79.2793,-80.2737,-79.2793,-0.9944,-0.9944,10,5,5,0.5,Amb,0.2493,Amb,-1.2437,,,ddg_kcal_per_mol(delta=1.0),-0.9944,6.8055,80.2737,79.2793
1nocA_1qomB,ShallowMsa_013,DDG,-86.7684,-81.9853,-86.7684,-81.9853,-4.7831,-4.7831,10,2,8,0.2,F2,-3.5394,F2,-1.2437,,,ddg_kcal_per_mol(delta=1.0),-4.7831,5.4567,86.7684,81.9853
1nocA_1qomB,ShallowMsa_014,DDG,-85.3146,-81.8768,-85.3146,-81.8768,-3.4378,-3.4378,10,2,8,0.2,F2,-2.1941,F2,-1.2437,,,ddg_kcal_per_mol(delta=1.0),-3.4378,7.5486,85.3146,81.8768
1nocA_1qomB,ShallowMsa_015,DDG,-87.4562,-87.9966,-87.4562,-87.9966,0.5404,0.5404,10,5,5,0.5,Amb,1.7841,F1,-1.2437,,,ddg_kcal_per_mol(delta=1.0),0.5404,5.9063,87.4562,87.9966
1nocA_1qomB,ShallowMsa_016,DDG,-78.9288,-77.685,-78.9288,-77.685,-1.2437,-1.2437,10,3,7,0.3,F2,0.0,Amb,-1.2437,,,ddg_kcal_per_mol(delta=1.0),-1.2437,5.6019,78.9288,77.685
1nocA_1qomB,ShallowMsa_017,DDG,-74.3631,-74.5556,-74.3631,-74.5556,0.1925,0.1925,10,4,6,0.4,Amb,1.4362,F1,-1.2437,,,ddg_kcal_per_mol(delta=1.0),0.1925,6.3369,74.3631,74.5556
1nocA_1qomB,ShallowMsa_018,DDG,-67.8353,-69.3991,-67.8353,-69.3991,1.5638,1.5638,10,5,5,0.5,F1,2.8075,F1,-1.2437,,,ddg_kcal_per_mol(delta=1.0),1.5638,6.6347,67.8353,69.3991
1nocA_1qomB,ShallowMsa_000,Boltz2,0.6375,0.7345,0.6375,0.7345,-0.097,-0.097,1,0,1,0.0,F2,0.0101,Amb,-0.1071,,,,,,,
1nocA_1qomB,ShallowMsa_001,Boltz2,0.758,0.8466,0.758,0.8466,-0.0886,-0.0886,1,0,1,0.0,F2,0.0185,Amb,-0.1071,,,,,,,
1nocA_1qomB,ShallowMsa_006,Boltz2,0.6878,0.8019,0.6878,0.8019,-0.1141,-0.1141,1,0,1,0.0,F2,-0.007,Amb,-0.1071,,,,,,,
1nocA_1qomB,ShallowMsa_007,Boltz2,0.781,0.9083,0.781,0.9083,-0.1273,-0.1273,1,0,1,0.0,F2,-0.0202,Amb,-0.1071,,,,,,,
1nocA_1qomB,ShallowMsa_008,Boltz2,0.6935,0.8,0.6935,0.8,-0.1065,-0.1065,1,0,1,0.0,F2,0.0006,Amb,-0.1071,,,,,,,
1nocA_1qomB,ShallowMsa_010,Boltz2,0.4864,0.5451,0.4864,0.5451,-0.0587,-0.0587,1,0,1,0.0,F2,0.0484,Amb,-0.1071,,,,,,,
1nocA_1qomB,ShallowMsa_011,Boltz2,0.7568,0.8929,0.7568,0.8929,-0.1362,-0.1362,1,0,1,0.0,F2,-0.0291,Amb,-0.1071,,,,,,,
1nocA_1qomB,ShallowMsa_018,Boltz2,0.6419,0.7495,0.6419,0.7495,-0.1076,-0.1076,1,0,1,0.0,F2,-0.0005,Amb,-0.1071,,,,,,,
1nqjB_1nqdA,DeepMsa,AF2,0.8548,0.9761,0.849,0.971,-0.1213,-0.1221,2,0,2,0.0,F2,-0.1213,F2,-0.071,,,,,,,
1nqjB_1nqdA,ShallowMsa_000,AF2,0.6601,0.7421,0.649,0.7312,-0.082,-0.0822,2,0,2,0.0,F2,-0.011,Amb,-0.071,,,,,,,
1nqjB_1nqdA,ShallowMsa_001,AF2,0.6579,0.684,0.6328,0.6626,-0.0261,-0.0299,2,0,2,0.0,Amb,0.0449,Amb,-0.071,,,,,,,
1nqjB_1nqdA,ShallowMsa_002,AF2,0.8602,0.9806,0.8573,0.9782,-0.1204,-0.1209,2,0,2,0.0,F2,-0.0494,Amb,-0.071,,,,,,,
1nqjB_1nqdA,ShallowMsa_003,AF2,0.6191,0.7062,0.5988,0.6849,-0.0871,-0.0861,2,0,2,0.0,F2,-0.0161,Amb,-0.071,,,,,,,
1nqjB_1nqdA,ShallowMsa_004,AF2,0.7166,0.796,0.704,0.7893,-0.0794,-0.0853,2,0,2,0.0,F2,-0.0084,Amb,-0.071,,,,,,,
1nqjB_1nqdA,ShallowMsa_005,AF2,0.7308,0.8017,0.7204,0.7806,-0.071,-0.0602,2,0,2,0.0,F2,0.0,Amb,-0.071,,,,,,,
1nqjB_1nqdA,ShallowMsa_006,AF2,0.3352,0.3775,0.3324,0.362,-0.0423,-0.0296,2,0,2,0.0,Amb,0.0287,Amb,-0.071,,,,,,,
1nqjB_1nqdA,ShallowMsa_007,AF2,0.7463,0.8531,0.7455,0.8488,-0.1068,-0.1033,2,0,2,0.0,F2,-0.0358,Amb,-0.071,,,,,,,
1nqjB_1nqdA,ShallowMsa_008,AF2,0.8222,0.8904,0.8007,0.8446,-0.0682,-0.0439,2,0,2,0.0,F2,0.0028,Amb,-0.071,,,,,,,
1nqjB_1nqdA,ShallowMsa_009,AF2,0.2833,0.3508,0.2833,0.3508,-0.0675,-0.0675,2,0,2,0.0,F2,0.0035,Amb,-0.071,,,,,,,
1nqjB_1nqdA,ShallowMsa_010,AF2,0.8101,0.9084,0.7901,0.8856,-0.0983,-0.0955,2,0,2,0.0,F2,-0.0273,Amb,-0.071,,,,,,,
1nqjB_1nqdA,ShallowMsa_011,AF2,0.5194,0.5507,0.5129,0.5452,-0.0314,-0.0323,2,0,2,0.0,Amb,0.0396,Amb,-0.071,,,,,,,
1nqjB_1nqdA,ShallowMsa_012,AF2,0.7196,0.8196,0.6596,0.7558,-0.1,-0.0962,2,0,2,0.0,F2,-0.029,Amb,-0.071,,,,,,,
1nqjB_1nqdA,ShallowMsa_013,AF2,0.3174,0.3795,0.3174,0.3795,-0.0622,-0.0622,2,0,2,0.0,F2,0.0088,Amb,-0.071,,,,,,,
1nqjB_1nqdA,ShallowMsa_014,AF2,0.3961,0.3805,0.3583,0.3646,0.0156,-0.0063,2,1,1,0.5,Amb,0.0866,F1,-0.071,,,,,,,
1nqjB_1nqdA,DeepMsa,AF3,0.8536,0.9762,0.8486,0.9716,-0.1226,-0.1231,2,0,2,0.0,F2,-0.1226,F2,-0.0831,,,,,,,
1nqjB_1nqdA,ShallowMsa_000,AF3,0.6428,0.726,0.6387,0.7218,-0.0831,-0.0831,2,0,2,0.0,F2,0.0,Amb,-0.0831,,,,,,,
1nqjB_1nqdA,ShallowMsa_001,AF3,0.6791,0.755,0.6498,0.722,-0.0759,-0.0722,2,0,2,0.0,F2,0.0072,Amb,-0.0831,,,,,,,
1nqjB_1nqdA,ShallowMsa_002,AF3,0.8562,0.9764,0.8551,0.9748,-0.1202,-0.1197,2,0,2,0.0,F2,-0.0371,Amb,-0.0831,,,,,,,
1nqjB_1nqdA,ShallowMsa_003,AF3,0.6132,0.7133,0.6054,0.6986,-0.1001,-0.0933,2,0,2,0.0,F2,-0.017,Amb,-0.0831,,,,,,,
1nqjB_1nqdA,ShallowMsa_004,AF3,0.7359,0.8194,0.7131,0.7997,-0.0836,-0.0867,2,0,2,0.0,F2,-0.0005,Amb,-0.0831,,,,,,,
1nqjB_1nqdA,ShallowMsa_005,AF3,0.7464,0.8328,0.7357,0.7884,-0.0864,-0.0527,2,0,2,0.0,F2,-0.0033,Amb,-0.0831,,,,,,,
1nqjB_1nqdA,ShallowMsa_006,AF3,0.3372,0.3383,0.3359,0.3337,-0.0011,0.0023,2,1,1,0.5,Amb,0.082,F1,-0.0831,,,,,,,
1nqjB_1nqdA,ShallowMsa_007,AF3,0.752,0.8565,0.7413,0.8423,-0.1045,-0.1009,2,0,2,0.0,F2,-0.0214,Amb,-0.0831,,,,,,,
1nqjB_1nqdA,ShallowMsa_008,AF3,0.8223,0.8871,0.7986,0.8471,-0.0647,-0.0485,2,0,2,0.0,F2,0.0184,Amb,-0.0831,,,,,,,
1nqjB_1nqdA,ShallowMsa_009,AF3,0.2882,0.3612,0.2882,0.3612,-0.073,-0.073,2,0,2,0.0,F2,0.0101,Amb,-0.0831,,,,,,,
1nqjB_1nqdA,ShallowMsa_010,AF3,0.8148,0.9121,0.7935,0.8893,-0.0973,-0.0957,2,0,2,0.0,F2,-0.0142,Amb,-0.0831,,,,,,,
1nqjB_1nqdA,ShallowMsa_011,AF3,0.6366,0.668,0.6306,0.6609,-0.0314,-0.0303,2,0,2,0.0,Amb,0.0517,F1,-0.0831,,,,,,,
1nqjB_1nqdA,ShallowMsa_012,AF3,0.6331,0.7286,0.6313,0.7225,-0.0955,-0.0912,2,0,2,0.0,F2,-0.0124,Amb,-0.0831,,,,,,,
1nqjB_1nqdA,ShallowMsa_013,AF3,0.3365,0.3937,0.3365,0.3937,-0.0572,-0.0572,2,0,2,0.0,F2,0.0259,Amb,-0.0831,,,,,,,
1nqjB_1nqdA,ShallowMsa_014,AF3,0.4103,0.4405,0.3757,0.4014,-0.0302,-0.0257,2,0,2,0.0,Amb,0.0529,F1,-0.0831,,,,,,,
1nqjB_1nqdA,ShallowMsa_000,ESM,0.7629,0.8809,0.6464,0.7167,-0.118,-0.0704,20,0,20,0.0,F2,-0.0246,Amb,-0.0934,,,,,,,
1nqjB_1nqdA,ShallowMsa_001,ESM,0.7832,0.8689,0.6295,0.7073,-0.0857,-0.0778,20,0,20,0.0,F2,0.0077,Amb,-0.0934,,,,,,,
1nqjB_1nqdA,ShallowMsa_002,ESM,0.8529,0.9743,0.7425,0.8334,-0.1214,-0.0908,20,0,20,0.0,F2,-0.028,Amb,-0.0934,,,,,,,
1nqjB_1nqdA,ShallowMsa_003,ESM,0.7953,0.9162,0.621,0.6957,-0.1209,-0.0747,20,0,20,0.0,F2,-0.0275,Amb,-0.0934,,,,,,,
1nqjB_1nqdA,ShallowMsa_004,ESM,0.7992,0.9001,0.6447,0.731,-0.1009,-0.0862,20,0,20,0.0,F2,-0.0075,Amb,-0.0934,,,,,,,
1nqjB_1nqdA,ShallowMsa_005,ESM,0.8099,0.9097,0.6674,0.7376,-0.0998,-0.0702,20,0,20,0.0,F2,-0.0064,Amb,-0.0934,,,,,,,
1nqjB_1nqdA,ShallowMsa_006,ESM,0.7754,0.8189,0.614,0.6512,-0.0435,-0.0372,20,0,20,0.0,Amb,0.0499,Amb,-0.0934,,,,,,,
1nqjB_1nqdA,ShallowMsa_007,ESM,0.7938,0.8942,0.6219,0.6993,-0.1003,-0.0774,20,0,20,0.0,F2,-0.0069,Amb,-0.0934,,,,,,,
1nqjB_1nqdA,ShallowMsa_008,ESM,0.7835,0.8639,0.6756,0.72,-0.0804,-0.0444,20,0,20,0.0,Amb,0.013,Amb,-0.0934,,,,,,,
1nqjB_1nqdA,ShallowMsa_009,ESM,0.7639,0.8444,0.56,0.6394,-0.0805,-0.0795,20,0,20,0.0,F2,0.0129,Amb,-0.0934,,,,,,,
1nqjB_1nqdA,ShallowMsa_010,ESM,0.7978,0.8829,0.7376,0.8217,-0.0851,-0.0841,20,0,20,0.0,F2,0.0083,Amb,-0.0934,,,,,,,
1nqjB_1nqdA,ShallowMsa_011,ESM,0.7613,0.8454,0.7175,0.7684,-0.0841,-0.0509,20,0,20,0.0,F2,0.0093,Amb,-0.0934,,,,,,,
1nqjB_1nqdA,ShallowMsa_012,ESM,0.7625,0.839,0.6884,0.7654,-0.0766,-0.077,20,0,20,0.0,F2,0.0168,Amb,-0.0934,,,,,,,
1nqjB_1nqdA,ShallowMsa_013,ESM,0.7586,0.852,0.5491,0.6293,-0.0934,-0.0802,20,0,20,0.0,F2,0.0,Amb,-0.0934,,,,,,,
1nqjB_1nqdA,ShallowMsa_014,ESM,0.7638,0.8618,0.701,0.7667,-0.098,-0.0658,20,0,20,0.0,F2,-0.0046,Amb,-0.0934,,,,,,,
1nqjB_1nqdA,DeepMsa,MSAT,0.2,0.4382,0.2,0.4382,-0.2382,-0.2382,1,0,1,0.0,F2,-0.2382,F2,0.0008,0.2,0.4382,t_recall,,,,
1nqjB_1nqdA,ShallowMsa_000,MSAT,0.0105,0.0097,0.0105,0.0097,0.0008,0.0008,1,1,0,1.0,Amb,0.0,Amb,0.0008,0.0105,0.0097,t_recall,,,,
1nqjB_1nqdA,ShallowMsa_001,MSAT,0.0216,0.0121,0.0216,0.0121,0.0095,0.0095,1,1,0,1.0,Amb,0.0087,Amb,0.0008,0.0216,0.0121,t_recall,,,,
1nqjB_1nqdA,ShallowMsa_002,MSAT,0.1077,0.2438,0.1077,0.2438,-0.1361,-0.1361,1,0,1,0.0,F2,-0.1369,F2,0.0008,0.1077,0.2438,t_recall,,,,
1nqjB_1nqdA,ShallowMsa_003,MSAT,0.1272,0.0208,0.1272,0.0208,0.1064,0.1064,1,1,0,1.0,F1,0.1056,F1,0.0008,0.1272,0.0208,t_recall,,,,
1nqjB_1nqdA,ShallowMsa_004,MSAT,0.0216,0.0243,0.0216,0.0243,-0.0027,-0.0027,1,0,1,0.0,Amb,-0.0035,Amb,0.0008,0.0216,0.0243,t_recall,,,,
1nqjB_1nqdA,ShallowMsa_005,MSAT,0.0,0.0,0.0,0.0,0.0,0.0,1,0,0,0.0,Amb,-0.0008,Amb,0.0008,0.0,0.0,t_recall,,,,
1nqjB_1nqdA,ShallowMsa_006,MSAT,0.0213,0.058,0.0213,0.058,-0.0367,-0.0367,1,0,1,0.0,Amb,-0.0375,Amb,0.0008,0.0213,0.058,t_recall,,,,
1nqjB_1nqdA,ShallowMsa_007,MSAT,0.0885,0.0324,0.0885,0.0324,0.0561,0.0561,1,1,0,1.0,F1,0.0553,F1,0.0008,0.0885,0.0324,t_recall,,,,
1nqjB_1nqdA,ShallowMsa_008,MSAT,0.0051,0.0093,0.0051,0.0093,-0.0042,-0.0042,1,0,1,0.0,Amb,-0.005,Amb,0.0008,0.0051,0.0093,t_recall,,,,
1nqjB_1nqdA,ShallowMsa_009,MSAT,0.0435,0.0175,0.0435,0.0175,0.026,0.026,1,1,0,1.0,Amb,0.0252,Amb,0.0008,0.0435,0.0175,t_recall,,,,
1nqjB_1nqdA,ShallowMsa_010,MSAT,0.0043,0.0,0.0043,0.0,0.0043,0.0043,1,1,0,1.0,Amb,0.0035,Amb,0.0008,0.0043,0.0,t_recall,,,,
1nqjB_1nqdA,ShallowMsa_011,MSAT,0.0055,0.0147,0.0055,0.0147,-0.0092,-0.0092,1,0,1,0.0,Amb,-0.01,Amb,0.0008,0.0055,0.0147,t_recall,,,,
1nqjB_1nqdA,ShallowMsa_012,MSAT,0.0227,0.0086,0.0227,0.0086,0.0141,0.0141,1,1,0,1.0,Amb,0.0133,Amb,0.0008,0.0227,0.0086,t_recall,,,,
1nqjB_1nqdA,ShallowMsa_013,MSAT,0.0,0.0,0.0,0.0,0.0,0.0,1,0,0,0.0,Amb,-0.0008,Amb,0.0008,0.0,0.0,t_recall,,,,
1nqjB_1nqdA,ShallowMsa_014,MSAT,0.0045,0.0,0.0045,0.0,0.0045,0.0045,1,1,0,1.0,Amb,0.0037,Amb,0.0008,0.0045,0.0,t_recall,,,,
1nqjB_1nqdA,DeepMsa,CCMpred,0.0154,0.0283,0.0154,0.0283,-0.0129,-0.0129,1,0,1,0.0,Amb,-0.0129,Amb,0.0,0.0154,0.0283,t_recall,,,,
1nqjB_1nqdA,ShallowMsa_000,CCMpred,0.0,0.0,0.0,0.0,0.0,0.0,1,0,0,0.0,Amb,0.0,Amb,0.0,0.0,0.0,t_recall,,,,
1nqjB_1nqdA,ShallowMsa_001,CCMpred,0.0,0.0,0.0,0.0,0.0,0.0,1,0,0,0.0,Amb,0.0,Amb,0.0,0.0,0.0,t_recall,,,,
1nqjB_1nqdA,ShallowMsa_002,CCMpred,0.0,0.0,0.0,0.0,0.0,0.0,1,0,0,0.0,Amb,0.0,Amb,0.0,0.0,0.0,t_recall,,,,
1nqjB_1nqdA,ShallowMsa_003,CCMpred,0.0,0.0,0.0,0.0,0.0,0.0,1,0,0,0.0,Amb,0.0,Amb,0.0,0.0,0.0,t_recall,,,,
1nqjB_1nqdA,ShallowMsa_004,CCMpred,0.0,0.0,0.0,0.0,0.0,0.0,1,0,0,0.0,Amb,0.0,Amb,0.0,0.0,0.0,t_recall,,,,
1nqjB_1nqdA,ShallowMsa_005,CCMpred,0.0,0.0,0.0,0.0,0.0,0.0,1,0,0,0.0,Amb,0.0,Amb,0.0,0.0,0.0,t_recall,,,,
1nqjB_1nqdA,ShallowMsa_006,CCMpred,0.0,0.0,0.0,0.0,0.0,0.0,1,0,0,0.0,Amb,0.0,Amb,0.0,0.0,0.0,t_recall,,,,
1nqjB_1nqdA,ShallowMsa_007,CCMpred,0.0,0.0,0.0,0.0,0.0,0.0,1,0,0,0.0,Amb,0.0,Amb,0.0,0.0,0.0,t_recall,,,,
1nqjB_1nqdA,ShallowMsa_008,CCMpred,0.0,0.0,0.0,0.0,0.0,0.0,1,0,0,0.0,Amb,0.0,Amb,0.0,0.0,0.0,t_recall,,,,
1nqjB_1nqdA,ShallowMsa_009,CCMpred,0.0,0.0,0.0,0.0,0.0,0.0,1,0,0,0.0,Amb,0.0,Amb,0.0,0.0,0.0,t_recall,,,,
1nqjB_1nqdA,ShallowMsa_010,CCMpred,0.0,0.0,0.0,0.0,0.0,0.0,1,0,0,0.0,Amb,0.0,Amb,0.0,0.0,0.0,t_recall,,,,
1nqjB_1nqdA,ShallowMsa_011,CCMpred,0.0,0.0,0.0,0.0,0.0,0.0,1,0,0,0.0,Amb,0.0,Amb,0.0,0.0,0.0,t_recall,,,,
1nqjB_1nqdA,ShallowMsa_012,CCMpred,0.0,0.0,0.0,0.0,0.0,0.0,1,0,0,0.0,Amb,0.0,Amb,0.0,0.0,0.0,t_recall,,,,
1nqjB_1nqdA,ShallowMsa_013,CCMpred,0.0,0.0,0.0,0.0,0.0,0.0,1,0,0,0.0,Amb,0.0,Amb,0.0,0.0,0.0,t_recall,,,,
1nqjB_1nqdA,ShallowMsa_014,CCMpred,0.0,0.0,0.0,0.0,0.0,0.0,1,0,0,0.0,Amb,0.0,Amb,0.0,0.0,0.0,t_recall,,,,
1nqjB_1nqdA,ShallowMsa_000,DDG,-41.5345,-39.8318,-41.5345,-39.8318,-1.7027,-1.7027,10,2,8,0.2,F2,-1.5581,F2,-0.1446,,,ddg_kcal_per_mol(delta=1.0),-1.7027,1.3843,41.5345,39.8318
1nqjB_1nqdA,ShallowMsa_001,DDG,-38.8781,-39.1571,-38.8781,-39.1571,0.279,0.279,10,6,4,0.6,Amb,0.4236,Amb,-0.1446,,,ddg_kcal_per_mol(delta=1.0),0.279,2.1707,38.8781,39.1571
1nqjB_1nqdA,ShallowMsa_002,DDG,-38.7018,-38.8745,-38.7018,-38.8745,0.1728,0.1728,10,4,6,0.4,Amb,0.3174,Amb,-0.1446,,,ddg_kcal_per_mol(delta=1.0),0.1728,2.4495,38.7018,38.8745
1nqjB_1nqdA,ShallowMsa_003,DDG,-38.7166,-37.3711,-38.7166,-37.3711,-1.3455,-1.3455,10,3,7,0.3,F2,-1.2009,F2,-0.1446,,,ddg_kcal_per_mol(delta=1.0),-1.3455,2.2423,38.7166,37.3711
1nqjB_1nqdA,ShallowMsa_004,DDG,-39.7572,-40.2095,-39.7572,-40.2095,0.4524,0.4524,10,6,4,0.6,Amb,0.597,Amb,-0.1446,,,ddg_kcal_per_mol(delta=1.0),0.4524,2.7666,39.7572,40.2095
1nqjB_1nqdA,ShallowMsa_005,DDG,-34.9131,-35.5101,-34.9131,-35.5101,0.597,0.597,10,5,5,0.5,Amb,0.7416,Amb,-0.1446,,,ddg_kcal_per_mol(delta=1.0),0.597,1.8466,34.9131,35.5101
1nqjB_1nqdA,ShallowMsa_006,DDG,-40.9782,-39.9547,-40.9782,-39.9547,-1.0235,-1.0235,10,4,6,0.4,F2,-0.8789,Amb,-0.1446,,,ddg_kcal_per_mol(delta=1.0),-1.0235,2.386,40.9782,39.9547
1nqjB_1nqdA,ShallowMsa_007,DDG,-40.2194,-39.8777,-40.2194,-39.8777,-0.3417,-0.3417,10,5,5,0.5,Amb,-0.1971,Amb,-0.1446,,,ddg_kcal_per_mol(delta=1.0),-0.3417,1.743,40.2194,39.8777
1nqjB_1nqdA,ShallowMsa_008,DDG,-44.8963,-44.7517,-44.8963,-44.7517,-0.1446,-0.1446,10,4,6,0.4,Amb,0.0,Amb,-0.1446,,,ddg_kcal_per_mol(delta=1.0),-0.1446,1.9872,44.8963,44.7517
1nqjB_1nqdA,ShallowMsa_009,DDG,-36.1705,-36.3334,-36.1705,-36.3334,0.1629,0.1629,10,6,4,0.6,Amb,0.3075,Amb,-0.1446,,,ddg_kcal_per_mol(delta=1.0),0.1629,2.3559,36.1705,36.3334
1nqjB_1nqdA,ShallowMsa_010,DDG,-45.3529,-45.9895,-45.3529,-45.9895,0.6366,0.6366,10,7,3,0.7,Amb,0.7812,Amb,-0.1446,,,ddg_kcal_per_mol(delta=1.0),0.6366,2.0776,45.3529,45.9895
1nqjB_1nqdA,ShallowMsa_011,DDG,-46.2588,-46.256,-46.2588,-46.256,-0.0028,-0.0028,10,5,5,0.5,Amb,0.1418,Amb,-0.1446,,,ddg_kcal_per_mol(delta=1.0),-0.0028,1.9411,46.2588,46.256
1nqjB_1nqdA,ShallowMsa_012,DDG,-46.7226,-46.3204,-46.7226,-46.3204,-0.4022,-0.4022,10,3,7,0.3,Amb,-0.2576,Amb,-0.1446,,,ddg_kcal_per_mol(delta=1.0),-0.4022,2.3986,46.7226,46.3204
1nqjB_1nqdA,ShallowMsa_013,DDG,-34.857,-33.8731,-34.857,-33.8731,-0.9839,-0.9839,10,4,6,0.4,Amb,-0.8393,Amb,-0.1446,,,ddg_kcal_per_mol(delta=1.0),-0.9839,2.6837,34.857,33.8731
1nqjB_1nqdA,ShallowMsa_014,DDG,-48.9172,-47.4999,-48.9172,-47.4999,-1.4173,-1.4173,10,2,8,0.2,F2,-1.2727,F2,-0.1446,,,ddg_kcal_per_mol(delta=1.0),-1.4173,2.0124,48.9172,47.4999
1nqjB_1nqdA,ShallowMsa_000,Boltz2,0.7456,0.7877,0.7456,0.7877,-0.0421,-0.0421,1,0,1,0.0,Amb,-0.0028,Amb,-0.0393,,,,,,,
1nqjB_1nqdA,ShallowMsa_001,Boltz2,0.731,0.7645,0.731,0.7645,-0.0335,-0.0335,1,0,1,0.0,Amb,0.0058,Amb,-0.0393,,,,,,,
1nqjB_1nqdA,ShallowMsa_002,Boltz2,0.7855,0.874,0.7855,0.874,-0.0885,-0.0885,1,0,1,0.0,F2,-0.0492,Amb,-0.0393,,,,,,,
1nqjB_1nqdA,ShallowMsa_003,Boltz2,0.768,0.8073,0.768,0.8073,-0.0393,-0.0393,1,0,1,0.0,Amb,0.0,Amb,-0.0393,,,,,,,
1nqjB_1nqdA,ShallowMsa_007,Boltz2,0.7326,0.769,0.7326,0.769,-0.0364,-0.0364,1,0,1,0.0,Amb,0.0029,Amb,-0.0393,,,,,,,
1nqjB_1nqdA,ShallowMsa_010,Boltz2,0.7594,0.8135,0.7594,0.8135,-0.0541,-0.0541,1,0,1,0.0,F2,-0.0148,Amb,-0.0393,,,,,,,
1nqjB_1nqdA,ShallowMsa_012,Boltz2,0.7142,0.725,0.7142,0.725,-0.0108,-0.0108,1,0,1,0.0,Amb,0.0285,Amb,-0.0393,,,,,,,
1nrjB_2gedB,DeepMsa,AF2,0.9547,0.6082,0.8029,0.6036,0.3465,0.1994,2,2,0,1.0,F1,0.3465,F1,0.2202,,,,,,,
1nrjB_2gedB,ShallowMsa_000,AF2,0.8367,0.5763,0.6958,0.5504,0.2604,0.1454,2,2,0,1.0,F1,0.0402,Amb,0.2202,,,,,,,
1nrjB_2gedB,ShallowMsa_001,AF2,0.7854,0.5664,0.6862,0.5551,0.2191,0.131,2,2,0,1.0,F1,-0.0011,Amb,0.2202,,,,,,,
1nrjB_2gedB,ShallowMsa_002,AF2,0.4051,0.3717,0.3992,0.3584,0.0335,0.0408,2,2,0,1.0,Amb,-0.1867,F2,0.2202,,,,,,,
1nrjB_2gedB,ShallowMsa_003,AF2,0.9584,0.6038,0.8076,0.6014,0.3546,0.2062,2,2,0,1.0,F1,0.1344,F1,0.2202,,,,,,,
1nrjB_2gedB,ShallowMsa_004,AF2,0.7989,0.5724,0.6665,0.5587,0.2265,0.1078,2,1,1,0.5,F1,0.0063,Amb,0.2202,,,,,,,
1nrjB_2gedB,ShallowMsa_005,AF2,0.8376,0.5926,0.6503,0.5085,0.245,0.1417,2,2,0,1.0,F1,0.0248,Amb,0.2202,,,,,,,
1nrjB_2gedB,ShallowMsa_006,AF2,0.812,0.5872,0.6585,0.5258,0.2247,0.1327,2,2,0,1.0,F1,0.0045,Amb,0.2202,,,,,,,
1nrjB_2gedB,ShallowMsa_007,AF2,0.7385,0.5563,0.6545,0.5541,0.1822,0.1004,2,2,0,1.0,F1,-0.038,Amb,0.2202,,,,,,,
1nrjB_2gedB,ShallowMsa_008,AF2,0.7865,0.5661,0.6292,0.5267,0.2203,0.1025,2,1,1,0.5,F1,0.0001,Amb,0.2202,,,,,,,
1nrjB_2gedB,ShallowMsa_009,AF2,0.7804,0.5555,0.6754,0.5448,0.2248,0.1307,2,2,0,1.0,F1,0.0046,Amb,0.2202,,,,,,,
1nrjB_2gedB,ShallowMsa_010,AF2,0.8402,0.5702,0.6779,0.5002,0.27,0.1777,2,2,0,1.0,F1,0.0498,Amb,0.2202,,,,,,,
1nrjB_2gedB,ShallowMsa_011,AF2,0.7991,0.5791,0.6914,0.5786,0.2201,0.1128,2,2,0,1.0,F1,-0.0001,Amb,0.2202,,,,,,,
1nrjB_2gedB,ShallowMsa_012,AF2,0.4809,0.387,0.4638,0.3803,0.0939,0.0835,2,2,0,1.0,F1,-0.1263,F2,0.2202,,,,,,,
1nrjB_2gedB,ShallowMsa_013,AF2,0.7941,0.525,0.6421,0.4647,0.2691,0.1774,2,2,0,1.0,F1,0.0489,Amb,0.2202,,,,,,,
1nrjB_2gedB,ShallowMsa_014,AF2,0.7131,0.5488,0.5747,0.4918,0.1643,0.0829,2,2,0,1.0,F1,-0.0559,F2,0.2202,,,,,,,
1nrjB_2gedB,ShallowMsa_015,AF2,0.5333,0.5004,0.5171,0.4924,0.033,0.0248,2,2,0,1.0,Amb,-0.1872,F2,0.2202,,,,,,,
1nrjB_2gedB,ShallowMsa_016,AF2,0.6318,0.6235,0.6313,0.5989,0.0083,0.0324,2,2,0,1.0,Amb,-0.2119,F2,0.2202,,,,,,,
1nrjB_2gedB,ShallowMsa_017,AF2,0.7525,0.561,0.6447,0.5526,0.1915,0.0921,2,1,1,0.5,F1,-0.0287,Amb,0.2202,,,,,,,
1nrjB_2gedB,DeepMsa,AF3,0.9545,0.6225,0.7993,0.6172,0.332,0.1821,2,2,0,1.0,F1,0.332,F1,0.2127,,,,,,,
1nrjB_2gedB,ShallowMsa_000,AF3,0.8355,0.5753,0.6983,0.5636,0.2602,0.1347,2,2,0,1.0,F1,0.0475,Amb,0.2127,,,,,,,
1nrjB_2gedB,ShallowMsa_001,AF3,0.8096,0.5765,0.7023,0.5645,0.2331,0.1379,2,2,0,1.0,F1,0.0204,Amb,0.2127,,,,,,,
1nrjB_2gedB,ShallowMsa_002,AF3,0.4339,0.3772,0.4123,0.3721,0.0567,0.0402,2,2,0,1.0,F1,-0.156,F2,0.2127,,,,,,,
1nrjB_2gedB,ShallowMsa_003,AF3,0.9576,0.6121,0.8045,0.6083,0.3455,0.1962,2,2,0,1.0,F1,0.1328,F1,0.2127,,,,,,,
1nrjB_2gedB,ShallowMsa_004,AF3,0.7852,0.5626,0.6668,0.5509,0.2227,0.1159,2,2,0,1.0,F1,0.0101,Amb,0.2127,,,,,,,
1nrjB_2gedB,ShallowMsa_005,AF3,0.7765,0.588,0.6279,0.5071,0.1885,0.1208,2,2,0,1.0,F1,-0.0242,Amb,0.2127,,,,,,,
1nrjB_2gedB,ShallowMsa_006,AF3,0.8359,0.5961,0.7216,0.5872,0.2398,0.1344,2,2,0,1.0,F1,0.0272,Amb,0.2127,,,,,,,
1nrjB_2gedB,ShallowMsa_007,AF3,0.6611,0.5611,0.6154,0.5575,0.1,0.0579,2,2,0,1.0,F1,-0.1127,F2,0.2127,,,,,,,
1nrjB_2gedB,ShallowMsa_008,AF3,0.7904,0.5586,0.6455,0.5281,0.2318,0.1174,2,2,0,1.0,F1,0.0192,Amb,0.2127,,,,,,,
1nrjB_2gedB,ShallowMsa_009,AF3,0.8069,0.5838,0.7007,0.5729,0.223,0.1278,2,2,0,1.0,F1,0.0103,Amb,0.2127,,,,,,,
1nrjB_2gedB,ShallowMsa_010,AF3,0.7731,0.5705,0.6586,0.5513,0.2026,0.1072,2,2,0,1.0,F1,-0.0101,Amb,0.2127,,,,,,,
1nrjB_2gedB,ShallowMsa_011,AF3,0.7991,0.5623,0.6883,0.5555,0.2369,0.1328,2,2,0,1.0,F1,0.0242,Amb,0.2127,,,,,,,
1nrjB_2gedB,ShallowMsa_012,AF3,0.4921,0.4134,0.47,0.3995,0.0787,0.0705,2,2,0,1.0,F1,-0.134,F2,0.2127,,,,,,,
1nrjB_2gedB,ShallowMsa_013,AF3,0.7988,0.5355,0.6528,0.4668,0.2633,0.186,2,2,0,1.0,F1,0.0506,F1,0.2127,,,,,,,
1nrjB_2gedB,ShallowMsa_014,AF3,0.6846,0.5378,0.6173,0.5321,0.1468,0.0852,2,2,0,1.0,F1,-0.0658,F2,0.2127,,,,,,,
1nrjB_2gedB,ShallowMsa_015,AF3,0.514,0.4933,0.5076,0.491,0.0207,0.0166,2,2,0,1.0,Amb,-0.192,F2,0.2127,,,,,,,
1nrjB_2gedB,ShallowMsa_016,AF3,0.6569,0.6328,0.651,0.618,0.0241,0.0331,2,2,0,1.0,Amb,-0.1885,F2,0.2127,,,,,,,
1nrjB_2gedB,ShallowMsa_017,AF3,0.761,0.5673,0.6413,0.5616,0.1937,0.0797,2,1,1,0.5,F1,-0.0189,Amb,0.2127,,,,,,,
1nrjB_2gedB,ShallowMsa_000,ESM,0.8508,0.5723,0.6735,0.5051,0.2784,0.1684,20,16,4,0.8,F1,0.0295,Amb,0.2489,,,,,,,
1nrjB_2gedB,ShallowMsa_001,ESM,0.8652,0.5806,0.6461,0.4789,0.2846,0.1673,20,18,2,0.9,F1,0.0357,Amb,0.2489,,,,,,,
1nrjB_2gedB,ShallowMsa_002,ESM,0.4669,0.4566,0.3851,0.343,0.0103,0.0421,20,18,2,0.9,Amb,-0.2386,F2,0.2489,,,,,,,
1nrjB_2gedB,ShallowMsa_003,ESM,0.9515,0.6234,0.6965,0.5274,0.3281,0.169,20,18,2,0.9,F1,0.0792,F1,0.2489,,,,,,,
1nrjB_2gedB,ShallowMsa_004,ESM,0.8432,0.5873,0.5987,0.4652,0.2559,0.1335,20,16,4,0.8,F1,0.007,Amb,0.2489,,,,,,,
1nrjB_2gedB,ShallowMsa_005,ESM,0.8732,0.598,0.6728,0.5317,0.2752,0.1411,20,16,4,0.8,F1,0.0263,Amb,0.2489,,,,,,,
1nrjB_2gedB,ShallowMsa_006,ESM,0.8615,0.5938,0.7062,0.5445,0.2678,0.1618,20,20,0,1.0,F1,0.0189,Amb,0.2489,,,,,,,
1nrjB_2gedB,ShallowMsa_007,ESM,0.8683,0.667,0.616,0.4952,0.2013,0.1208,20,12,8,0.6,F1,-0.0476,Amb,0.2489,,,,,,,
1nrjB_2gedB,ShallowMsa_008,ESM,0.8395,0.6395,0.6971,0.5574,0.2,0.1398,20,18,2,0.9,F1,-0.0489,Amb,0.2489,,,,,,,
1nrjB_2gedB,ShallowMsa_009,ESM,0.8497,0.5671,0.7029,0.5214,0.2826,0.1816,20,20,0,1.0,F1,0.0337,Amb,0.2489,,,,,,,
1nrjB_2gedB,ShallowMsa_010,ESM,0.8589,0.5685,0.6055,0.4512,0.2904,0.1543,20,20,0,1.0,F1,0.0415,Amb,0.2489,,,,,,,
1nrjB_2gedB,ShallowMsa_011,ESM,0.8521,0.5807,0.7206,0.5378,0.2715,0.1828,20,16,4,0.8,F1,0.0226,Amb,0.2489,,,,,,,
1nrjB_2gedB,ShallowMsa_012,ESM,0.5513,0.5192,0.4207,0.3783,0.0322,0.0423,20,14,6,0.7,Amb,-0.2167,F2,0.2489,,,,,,,
1nrjB_2gedB,ShallowMsa_013,ESM,0.8218,0.5798,0.6171,0.4884,0.2419,0.1287,20,18,2,0.9,F1,-0.007,Amb,0.2489,,,,,,,
1nrjB_2gedB,ShallowMsa_014,ESM,0.8494,0.6241,0.7019,0.5162,0.2253,0.1857,20,18,2,0.9,F1,-0.0236,Amb,0.2489,,,,,,,
1nrjB_2gedB,ShallowMsa_015,ESM,0.5829,0.5257,0.4748,0.4286,0.0572,0.0462,20,18,2,0.9,Amb,-0.1917,F2,0.2489,,,,,,,
1nrjB_2gedB,ShallowMsa_016,ESM,0.8631,0.8211,0.6946,0.6059,0.042,0.0887,20,16,4,0.8,F1,-0.2069,F2,0.2489,,,,,,,
1nrjB_2gedB,ShallowMsa_017,ESM,0.8882,0.6612,0.7166,0.5836,0.227,0.133,20,14,6,0.7,F1,-0.0219,Amb,0.2489,,,,,,,
1nrjB_2gedB,DeepMsa,MSAT,0.0095,0.0,0.0095,0.0,0.0095,0.0095,1,1,0,1.0,Amb,0.0095,Amb,0.0,0.0095,0.0,t_recall,,,,
1nrjB_2gedB,ShallowMsa_000,MSAT,0.0045,0.0044,0.0045,0.0044,0.0001,0.0001,1,1,0,1.0,Amb,0.0001,Amb,0.0,0.0045,0.0044,t_recall,,,,
1nrjB_2gedB,ShallowMsa_001,MSAT,0.0,0.0,0.0,0.0,0.0,0.0,1,0,0,0.0,Amb,0.0,Amb,0.0,0.0,0.0,t_recall,,,,
1nrjB_2gedB,ShallowMsa_002,MSAT,0.0078,0.0238,0.0078,0.0238,-0.016,-0.016,1,0,1,0.0,Amb,-0.016,Amb,0.0,0.0078,0.0238,t_recall,,,,
1nrjB_2gedB,ShallowMsa_003,MSAT,0.0085,0.0216,0.0085,0.0216,-0.0131,-0.0131,1,0,1,0.0,Amb,-0.0131,Amb,0.0,0.0085,0.0216,t_recall,,,,
1nrjB_2gedB,ShallowMsa_004,MSAT,0.0093,0.0088,0.0093,0.0088,0.0005,0.0005,1,1,0,1.0,Amb,0.0005,Amb,0.0,0.0093,0.0088,t_recall,,,,
1nrjB_2gedB,ShallowMsa_005,MSAT,0.0044,0.0,0.0044,0.0,0.0044,0.0044,1,1,0,1.0,Amb,0.0044,Amb,0.0,0.0044,0.0,t_recall,,,,
1nrjB_2gedB,ShallowMsa_006,MSAT,0.0,0.0,0.0,0.0,0.0,0.0,1,0,0,0.0,Amb,0.0,Amb,0.0,0.0,0.0,t_recall,,,,
1nrjB_2gedB,ShallowMsa_007,MSAT,0.0043,0.0088,0.0043,0.0088,-0.0045,-0.0045,1,0,1,0.0,Amb,-0.0045,Amb,0.0,0.0043,0.0088,t_recall,,,,
1nrjB_2gedB,ShallowMsa_008,MSAT,0.0,0.0,0.0,0.0,0.0,0.0,1,0,0,0.0,Amb,0.0,Amb,0.0,0.0,0.0,t_recall,,,,
1nrjB_2gedB,ShallowMsa_009,MSAT,0.0147,0.0199,0.0147,0.0199,-0.0052,-0.0052,1,0,1,0.0,Amb,-0.0052,Amb,0.0,0.0147,0.0199,t_recall,,,,
1nrjB_2gedB,ShallowMsa_010,MSAT,0.0,0.0,0.0,0.0,0.0,0.0,1,0,0,0.0,Amb,0.0,Amb,0.0,0.0,0.0,t_recall,,,,
1nrjB_2gedB,ShallowMsa_011,MSAT,0.0,0.0,0.0,0.0,0.0,0.0,1,0,0,0.0,Amb,0.0,Amb,0.0,0.0,0.0,t_recall,,,,
1nrjB_2gedB,ShallowMsa_012,MSAT,0.0086,0.0118,0.0086,0.0118,-0.0032,-0.0032,1,0,1,0.0,Amb,-0.0032,Amb,0.0,0.0086,0.0118,t_recall,,,,
1nrjB_2gedB,ShallowMsa_013,MSAT,0.0093,0.0045,0.0093,0.0045,0.0048,0.0048,1,1,0,1.0,Amb,0.0048,Amb,0.0,0.0093,0.0045,t_recall,,,,
1nrjB_2gedB,ShallowMsa_014,MSAT,0.0,0.0,0.0,0.0,0.0,0.0,1,0,0,0.0,Amb,0.0,Amb,0.0,0.0,0.0,t_recall,,,,
1nrjB_2gedB,ShallowMsa_015,MSAT,0.0,0.0115,0.0,0.0115,-0.0115,-0.0115,1,0,1,0.0,Amb,-0.0115,Amb,0.0,0.0,0.0115,t_recall,,,,
1nrjB_2gedB,ShallowMsa_016,MSAT,0.0053,0.0043,0.0053,0.0043,0.001,0.001,1,1,0,1.0,Amb,0.001,Amb,0.0,0.0053,0.0043,t_recall,,,,
1nrjB_2gedB,ShallowMsa_017,MSAT,0.0,0.0,0.0,0.0,0.0,0.0,1,0,0,0.0,Amb,0.0,Amb,0.0,0.0,0.0,t_recall,,,,
1nrjB_2gedB,DeepMsa,CCMpred,0.0032,0.0043,0.0032,0.0043,-0.0011,-0.0011,1,0,1,0.0,Amb,-0.0011,Amb,0.0,0.0032,0.0043,t_recall,,,,
1nrjB_2gedB,ShallowMsa_000,CCMpred,0.0,0.0,0.0,0.0,0.0,0.0,1,0,0,0.0,Amb,0.0,Amb,0.0,0.0,0.0,t_recall,,,,
1nrjB_2gedB,ShallowMsa_001,CCMpred,0.0,0.0,0.0,0.0,0.0,0.0,1,0,0,0.0,Amb,0.0,Amb,0.0,0.0,0.0,t_recall,,,,
1nrjB_2gedB,ShallowMsa_002,CCMpred,0.0,0.0,0.0,0.0,0.0,0.0,1,0,0,0.0,Amb,0.0,Amb,0.0,0.0,0.0,t_recall,,,,
1nrjB_2gedB,ShallowMsa_003,CCMpred,0.0,0.0,0.0,0.0,0.0,0.0,1,0,0,0.0,Amb,0.0,Amb,0.0,0.0,0.0,t_recall,,,,
1nrjB_2gedB,ShallowMsa_004,CCMpred,0.0,0.0,0.0,0.0,0.0,0.0,1,0,0,0.0,Amb,0.0,Amb,0.0,0.0,0.0,t_recall,,,,
1nrjB_2gedB,ShallowMsa_005,CCMpred,0.0,0.0,0.0,0.0,0.0,0.0,1,0,0,0.0,Amb,0.0,Amb,0.0,0.0,0.0,t_recall,,,,
1nrjB_2gedB,ShallowMsa_006,CCMpred,0.0,0.0,0.0,0.0,0.0,0.0,1,0,0,0.0,Amb,0.0,Amb,0.0,0.0,0.0,t_recall,,,,
1nrjB_2gedB,ShallowMsa_007,CCMpred,0.0,0.0,0.0,0.0,0.0,0.0,1,0,0,0.0,Amb,0.0,Amb,0.0,0.0,0.0,t_recall,,,,
1nrjB_2gedB,ShallowMsa_008,CCMpred,0.0,0.0,0.0,0.0,0.0,0.0,1,0,0,0.0,Amb,0.0,Amb,0.0,0.0,0.0,t_recall,,,,
1nrjB_2gedB,ShallowMsa_009,CCMpred,0.0,0.0,0.0,0.0,0.0,0.0,1,0,0,0.0,Amb,0.0,Amb,0.0,0.0,0.0,t_recall,,,,
1nrjB_2gedB,ShallowMsa_010,CCMpred,0.0,0.0,0.0,0.0,0.0,0.0,1,0,0,0.0,Amb,0.0,Amb,0.0,0.0,0.0,t_recall,,,,
1nrjB_2gedB,ShallowMsa_011,CCMpred,0.0,0.0,0.0,0.0,0.0,0.0,1,0,0,0.0,Amb,0.0,Amb,0.0,0.0,0.0,t_recall,,,,
1nrjB_2gedB,ShallowMsa_012,CCMpred,0.0,0.0,0.0,0.0,0.0,0.0,1,0,0,0.0,Amb,0.0,Amb,0.0,0.0,0.0,t_recall,,,,
1nrjB_2gedB,ShallowMsa_013,CCMpred,0.0,0.0,0.0,0.0,0.0,0.0,1,0,0,0.0,Amb,0.0,Amb,0.0,0.0,0.0,t_recall,,,,
1nrjB_2gedB,ShallowMsa_014,CCMpred,0.0,0.0,0.0,0.0,0.0,0.0,1,0,0,0.0,Amb,0.0,Amb,0.0,0.0,0.0,t_recall,,,,
1nrjB_2gedB,ShallowMsa_015,CCMpred,0.0,0.0,0.0,0.0,0.0,0.0,1,0,0,0.0,Amb,0.0,Amb,0.0,0.0,0.0,t_recall,,,,
1nrjB_2gedB,ShallowMsa_016,CCMpred,0.0,0.0,0.0,0.0,0.0,0.0,1,0,0,0.0,Amb,0.0,Amb,0.0,0.0,0.0,t_recall,,,,
1nrjB_2gedB,ShallowMsa_017,CCMpred,0.0,0.0,0.0,0.0,0.0,0.0,1,0,0,0.0,Amb,0.0,Amb,0.0,0.0,0.0,t_recall,,,,
1nrjB_2gedB,ShallowMsa_000,DDG,-52.7712,-37.629,-52.7712,-37.629,-15.1423,-15.1423,10,0,10,0.0,F2,-1.596,F2,-13.5464,,,ddg_kcal_per_mol(delta=1.0),-15.1423,7.6151,52.7712,37.629
1nrjB_2gedB,ShallowMsa_001,DDG,-49.3517,-36.9432,-49.3517,-36.9432,-12.4084,-12.4084,10,0,10,0.0,F2,1.138,F1,-13.5464,,,ddg_kcal_per_mol(delta=1.0),-12.4084,6.46,49.3517,36.9432
1nrjB_2gedB,ShallowMsa_002,DDG,-39.6193,-34.1874,-39.6193,-34.1874,-5.4319,-5.4319,10,1,9,0.1,F2,8.1145,F1,-13.5464,,,ddg_kcal_per_mol(delta=1.0),-5.4319,6.106,39.6193,34.1874
1nrjB_2gedB,ShallowMsa_003,DDG,-47.9274,-32.9963,-47.9274,-32.9963,-14.9311,-14.9311,10,0,10,0.0,F2,-1.3848,F2,-13.5464,,,ddg_kcal_per_mol(delta=1.0),-14.9311,12.0264,47.9274,32.9963
1nrjB_2gedB,ShallowMsa_004,DDG,-47.0448,-33.8993,-47.0448,-33.8993,-13.1455,-13.1455,10,0,10,0.0,F2,0.4009,Amb,-13.5464,,,ddg_kcal_per_mol(delta=1.0),-13.1455,6.627,47.0448,33.8993
1nrjB_2gedB,ShallowMsa_005,DDG,-52.2245,-37.9218,-52.2245,-37.9218,-14.3026,-14.3026,10,0,10,0.0,F2,-0.7562,Amb,-13.5464,,,ddg_kcal_per_mol(delta=1.0),-14.3026,8.2505,52.2245,37.9218
1nrjB_2gedB,ShallowMsa_006,DDG,-48.9452,-34.1211,-48.9452,-34.1211,-14.8241,-14.8241,10,0,10,0.0,F2,-1.2777,F2,-13.5464,,,ddg_kcal_per_mol(delta=1.0),-14.8241,6.2799,48.9452,34.1211
1nrjB_2gedB,ShallowMsa_007,DDG,-47.6765,-34.9293,-47.6765,-34.9293,-12.7472,-12.7472,10,0,10,0.0,F2,0.7992,Amb,-13.5464,,,ddg_kcal_per_mol(delta=1.0),-12.7472,6.7524,47.6765,34.9293
1nrjB_2gedB,ShallowMsa_008,DDG,-54.9748,-41.0276,-54.9748,-41.0276,-13.9472,-13.9472,10,0,10,0.0,F2,-0.4009,Amb,-13.5464,,,ddg_kcal_per_mol(delta=1.0),-13.9472,7.3553,54.9748,41.0276
1nrjB_2gedB,ShallowMsa_009,DDG,-50.4654,-37.8059,-50.4654,-37.8059,-12.6595,-12.6595,10,0,10,0.0,F2,0.8869,Amb,-13.5464,,,ddg_kcal_per_mol(delta=1.0),-12.6595,6.7844,50.4654,37.8059
1nrjB_2gedB,ShallowMsa_010,DDG,-46.6327,-35.0315,-46.6327,-35.0315,-11.6013,-11.6013,10,1,9,0.1,F2,1.9451,F1,-13.5464,,,ddg_kcal_per_mol(delta=1.0),-11.6013,6.6833,46.6327,35.0315
1nrjB_2gedB,ShallowMsa_011,DDG,-54.0232,-38.3163,-54.0232,-38.3163,-15.7069,-15.7069,10,0,10,0.0,F2,-2.1605,F2,-13.5464,,,ddg_kcal_per_mol(delta=1.0),-15.7069,9.0349,54.0232,38.3163
1nrjB_2gedB,ShallowMsa_012,DDG,-37.4374,-32.6793,-37.4374,-32.6793,-4.7582,-4.7582,10,2,8,0.2,F2,8.7881,F1,-13.5464,,,ddg_kcal_per_mol(delta=1.0),-4.7582,6.1436,37.4374,32.6793
1nrjB_2gedB,ShallowMsa_013,DDG,-46.6957,-33.9214,-46.6957,-33.9214,-12.7743,-12.7743,10,0,10,0.0,F2,0.7721,Amb,-13.5464,,,ddg_kcal_per_mol(delta=1.0),-12.7743,8.3626,46.6957,33.9214
1nrjB_2gedB,ShallowMsa_014,DDG,-55.7203,-38.3451,-55.7203,-38.3451,-17.3752,-17.3752,10,0,10,0.0,F2,-3.8288,F2,-13.5464,,,ddg_kcal_per_mol(delta=1.0),-17.3752,7.6056,55.7203,38.3451
1nrjB_2gedB,ShallowMsa_015,DDG,-42.3348,-36.0707,-42.3348,-36.0707,-6.2641,-6.2641,10,0,10,0.0,F2,7.2823,F1,-13.5464,,,ddg_kcal_per_mol(delta=1.0),-6.2641,3.0008,42.3348,36.0707
1nrjB_2gedB,ShallowMsa_016,DDG,-46.3792,-31.0618,-46.3792,-31.0618,-15.3174,-15.3174,10,1,9,0.1,F2,-1.771,F2,-13.5464,,,ddg_kcal_per_mol(delta=1.0),-15.3174,11.042,46.3792,31.0618
1nrjB_2gedB,ShallowMsa_017,DDG,-53.7355,-37.6927,-53.7355,-37.6927,-16.0428,-16.0428,10,0,10,0.0,F2,-2.4964,F2,-13.5464,,,ddg_kcal_per_mol(delta=1.0),-16.0428,10.1682,53.7355,37.6927
1nrjB_2gedB,ShallowMsa_004,Boltz2,0.2488,0.462,0.2488,0.462,-0.2133,-0.2133,1,0,1,0.0,F2,-0.0406,Amb,-0.1727,,,,,,,
1nrjB_2gedB,ShallowMsa_016,Boltz2,0.2802,0.4123,0.2802,0.4123,-0.1321,-0.1321,1,0,1,0.0,F2,0.0406,Amb,-0.1727,,,,,,,
1qb3A_3qy2A,DeepMsa,AF2,0.7342,0.916,0.7342,0.9112,-0.1818,-0.1771,2,0,2,0.0,F2,-0.1818,F2,-0.1522,,,,,,,
1qb3A_3qy2A,ShallowMsa_000,AF2,0.447,0.599,0.4464,0.5955,-0.152,-0.1491,2,0,2,0.0,F2,0.0002,Amb,-0.1522,,,,,,,
1qb3A_3qy2A,ShallowMsa_001,AF2,0.4257,0.5759,0.4248,0.5749,-0.1501,-0.1501,2,0,2,0.0,F2,0.002,Amb,-0.1522,,,,,,,
1qb3A_3qy2A,ShallowMsa_002,AF2,0.4254,0.5785,0.4253,0.5733,-0.1531,-0.148,2,0,2,0.0,F2,-0.001,Amb,-0.1522,,,,,,,
1qb3A_3qy2A,ShallowMsa_003,AF2,0.7307,0.9169,0.7306,0.9106,-0.1862,-0.18,2,0,2,0.0,F2,-0.034,Amb,-0.1522,,,,,,,
1qb3A_3qy2A,ShallowMsa_004,AF2,0.515,0.6733,0.5136,0.671,-0.1584,-0.1573,2,0,2,0.0,F2,-0.0063,Amb,-0.1522,,,,,,,
1qb3A_3qy2A,ShallowMsa_005,AF2,0.6882,0.8646,0.6826,0.8516,-0.1764,-0.169,2,0,2,0.0,F2,-0.0242,Amb,-0.1522,,,,,,,
1qb3A_3qy2A,ShallowMsa_006,AF2,0.4598,0.6108,0.4591,0.6079,-0.151,-0.1488,2,0,2,0.0,F2,0.0012,Amb,-0.1522,,,,,,,
1qb3A_3qy2A,ShallowMsa_007,AF2,0.513,0.6593,0.5094,0.6582,-0.1463,-0.1488,2,0,2,0.0,F2,0.0058,Amb,-0.1522,,,,,,,
1qb3A_3qy2A,ShallowMsa_008,AF2,0.4474,0.5915,0.4465,0.591,-0.1441,-0.1444,2,0,2,0.0,F2,0.0081,Amb,-0.1522,,,,,,,
1qb3A_3qy2A,ShallowMsa_009,AF2,0.4514,0.6051,0.4501,0.6027,-0.1537,-0.1526,2,0,2,0.0,F2,-0.0015,Amb,-0.1522,,,,,,,
1qb3A_3qy2A,ShallowMsa_010,AF2,0.6072,0.769,0.6063,0.7681,-0.1618,-0.1618,2,0,2,0.0,F2,-0.0096,Amb,-0.1522,,,,,,,
1qb3A_3qy2A,ShallowMsa_011,AF2,0.4965,0.6381,0.4952,0.6334,-0.1417,-0.1382,2,0,2,0.0,F2,0.0105,Amb,-0.1522,,,,,,,
1qb3A_3qy2A,ShallowMsa_012,AF2,0.4645,0.6119,0.4627,0.6116,-0.1473,-0.149,2,0,2,0.0,F2,0.0049,Amb,-0.1522,,,,,,,
1qb3A_3qy2A,ShallowMsa_013,AF2,0.4495,0.6012,0.4479,0.5993,-0.1517,-0.1515,2,0,2,0.0,F2,0.0005,Amb,-0.1522,,,,,,,
1qb3A_3qy2A,ShallowMsa_014,AF2,0.552,0.711,0.5235,0.6743,-0.159,-0.1508,2,0,2,0.0,F2,-0.0068,Amb,-0.1522,,,,,,,
1qb3A_3qy2A,ShallowMsa_015,AF2,0.4588,0.6111,0.4586,0.6087,-0.1523,-0.1501,2,0,2,0.0,F2,-0.0001,Amb,-0.1522,,,,,,,
1qb3A_3qy2A,ShallowMsa_016,AF2,0.4551,0.6001,0.4316,0.5694,-0.145,-0.1378,2,0,2,0.0,F2,0.0072,Amb,-0.1522,,,,,,,
1qb3A_3qy2A,ShallowMsa_017,AF2,0.5079,0.6635,0.5026,0.6551,-0.1555,-0.1525,2,0,2,0.0,F2,-0.0033,Amb,-0.1522,,,,,,,
1qb3A_3qy2A,ShallowMsa_018,AF2,0.512,0.6726,0.5113,0.6724,-0.1606,-0.1611,2,0,2,0.0,F2,-0.0084,Amb,-0.1522,,,,,,,
1qb3A_3qy2A,ShallowMsa_019,AF2,0.4535,0.6044,0.4525,0.6031,-0.151,-0.1506,2,0,2,0.0,F2,0.0012,Amb,-0.1522,,,,,,,
1qb3A_3qy2A,DeepMsa,AF3,0.74,0.918,0.7331,0.9064,-0.178,-0.1732,2,0,2,0.0,F2,-0.178,F2,-0.1516,,,,,,,
1qb3A_3qy2A,ShallowMsa_000,AF3,0.4455,0.5953,0.445,0.5944,-0.1498,-0.1494,2,0,2,0.0,F2,0.0018,Amb,-0.1516,,,,,,,
1qb3A_3qy2A,ShallowMsa_001,AF3,0.4267,0.5766,0.4262,0.5763,-0.1499,-0.1501,2,0,2,0.0,F2,0.0017,Amb,-0.1516,,,,,,,
1qb3A_3qy2A,ShallowMsa_002,AF3,0.4251,0.5751,0.4251,0.5737,-0.15,-0.1487,2,0,2,0.0,F2,0.0016,Amb,-0.1516,,,,,,,
1qb3A_3qy2A,ShallowMsa_003,AF3,0.7396,0.9149,0.7328,0.904,-0.1753,-0.1713,2,0,2,0.0,F2,-0.0237,Amb,-0.1516,,,,,,,
1qb3A_3qy2A,ShallowMsa_004,AF3,0.5084,0.665,0.5057,0.6617,-0.1565,-0.156,2,0,2,0.0,F2,-0.0049,Amb,-0.1516,,,,,,,
1qb3A_3qy2A,ShallowMsa_005,AF3,0.692,0.8641,0.6907,0.8582,-0.1722,-0.1675,2,0,2,0.0,F2,-0.0206,Amb,-0.1516,,,,,,,
1qb3A_3qy2A,ShallowMsa_006,AF3,0.4562,0.6032,0.4557,0.6026,-0.1471,-0.1469,2,0,2,0.0,F2,0.0045,Amb,-0.1516,,,,,,,
1qb3A_3qy2A,ShallowMsa_007,AF3,0.5017,0.6514,0.4993,0.6503,-0.1497,-0.1511,2,0,2,0.0,F2,0.0019,Amb,-0.1516,,,,,,,
1qb3A_3qy2A,ShallowMsa_008,AF3,0.4449,0.5923,0.4445,0.5908,-0.1475,-0.1463,2,0,2,0.0,F2,0.0041,Amb,-0.1516,,,,,,,
1qb3A_3qy2A,ShallowMsa_009,AF3,0.4493,0.6006,0.4445,0.5945,-0.1513,-0.15,2,0,2,0.0,F2,0.0003,Amb,-0.1516,,,,,,,
1qb3A_3qy2A,ShallowMsa_010,AF3,0.6107,0.767,0.6071,0.7614,-0.1563,-0.1543,2,0,2,0.0,F2,-0.0047,Amb,-0.1516,,,,,,,
1qb3A_3qy2A,ShallowMsa_011,AF3,0.4927,0.6492,0.4808,0.6343,-0.1565,-0.1535,2,0,2,0.0,F2,-0.0049,Amb,-0.1516,,,,,,,
1qb3A_3qy2A,ShallowMsa_012,AF3,0.469,0.6266,0.4687,0.6248,-0.1576,-0.1561,2,0,2,0.0,F2,-0.006,Amb,-0.1516,,,,,,,
1qb3A_3qy2A,ShallowMsa_013,AF3,0.451,0.6027,0.4498,0.6012,-0.1518,-0.1515,2,0,2,0.0,F2,-0.0002,Amb,-0.1516,,,,,,,
1qb3A_3qy2A,ShallowMsa_014,AF3,0.4954,0.6445,0.4936,0.6415,-0.149,-0.1478,2,0,2,0.0,F2,0.0026,Amb,-0.1516,,,,,,,
1qb3A_3qy2A,ShallowMsa_015,AF3,0.4584,0.6098,0.4572,0.6081,-0.1514,-0.1508,2,0,2,0.0,F2,0.0002,Amb,-0.1516,,,,,,,
1qb3A_3qy2A,ShallowMsa_016,AF3,0.4525,0.5974,0.451,0.597,-0.1448,-0.146,2,0,2,0.0,F2,0.0068,Amb,-0.1516,,,,,,,
1qb3A_3qy2A,ShallowMsa_017,AF3,0.5055,0.6596,0.4994,0.6516,-0.1541,-0.1522,2,0,2,0.0,F2,-0.0025,Amb,-0.1516,,,,,,,
1qb3A_3qy2A,ShallowMsa_018,AF3,0.4998,0.6526,0.4993,0.6511,-0.1528,-0.1518,2,0,2,0.0,F2,-0.0012,Amb,-0.1516,,,,,,,
1qb3A_3qy2A,ShallowMsa_019,AF3,0.4467,0.5984,0.4463,0.5972,-0.1517,-0.1509,2,0,2,0.0,F2,-0.0001,Amb,-0.1516,,,,,,,
1qb3A_3qy2A,ShallowMsa_000,ESM,0.4557,0.5924,0.3142,0.375,-0.1367,-0.0608,20,1,19,0.05,F2,0.0044,Amb,-0.1411,,,,,,,
1qb3A_3qy2A,ShallowMsa_001,ESM,0.438,0.5757,0.2904,0.3374,-0.1377,-0.0469,20,6,14,0.3,Amb,0.0034,Amb,-0.1411,,,,,,,
1qb3A_3qy2A,ShallowMsa_002,ESM,0.5562,0.7012,0.3557,0.4592,-0.145,-0.1035,20,0,20,0.0,F2,-0.0039,Amb,-0.1411,,,,,,,
1qb3A_3qy2A,ShallowMsa_003,ESM,0.6961,0.8655,0.4071,0.5011,-0.1694,-0.094,20,0,20,0.0,F2,-0.0283,Amb,-0.1411,,,,,,,
1qb3A_3qy2A,ShallowMsa_004,ESM,0.5057,0.6556,0.3357,0.4176,-0.1499,-0.0819,20,2,18,0.1,F2,-0.0088,Amb,-0.1411,,,,,,,
1qb3A_3qy2A,ShallowMsa_005,ESM,0.5233,0.673,0.3136,0.3822,-0.1497,-0.0686,20,0,20,0.0,F2,-0.0086,Amb,-0.1411,,,,,,,
1qb3A_3qy2A,ShallowMsa_006,ESM,0.4942,0.6501,0.3387,0.436,-0.1559,-0.0973,20,0,20,0.0,F2,-0.0149,Amb,-0.1411,,,,,,,
1qb3A_3qy2A,ShallowMsa_007,ESM,0.4549,0.5963,0.3123,0.4045,-0.1414,-0.0922,20,0,20,0.0,F2,-0.0003,Amb,-0.1411,,,,,,,
1qb3A_3qy2A,ShallowMsa_008,ESM,0.4332,0.5813,0.3301,0.4139,-0.1482,-0.0838,20,2,18,0.1,F2,-0.0071,Amb,-0.1411,,,,,,,
1qb3A_3qy2A,ShallowMsa_009,ESM,0.4326,0.5725,0.2867,0.3539,-0.1399,-0.0672,20,2,18,0.1,F2,0.0012,Amb,-0.1411,,,,,,,
1qb3A_3qy2A,ShallowMsa_010,ESM,0.5565,0.7114,0.419,0.53,-0.155,-0.111,20,0,20,0.0,F2,-0.0139,Amb,-0.1411,,,,,,,
1qb3A_3qy2A,ShallowMsa_011,ESM,0.4514,0.5884,0.324,0.3984,-0.1371,-0.0744,20,0,20,0.0,F2,0.004,Amb,-0.1411,,,,,,,
1qb3A_3qy2A,ShallowMsa_012,ESM,0.3902,0.5113,0.3123,0.3848,-0.1211,-0.0725,20,3,17,0.15,F2,0.02,Amb,-0.1411,,,,,,,
1qb3A_3qy2A,ShallowMsa_013,ESM,0.481,0.6059,0.3347,0.4207,-0.1249,-0.086,20,0,20,0.0,F2,0.0162,Amb,-0.1411,,,,,,,
1qb3A_3qy2A,ShallowMsa_014,ESM,0.4276,0.5388,0.2939,0.3729,-0.1112,-0.079,20,1,19,0.05,F2,0.0299,Amb,-0.1411,,,,,,,
1qb3A_3qy2A,ShallowMsa_015,ESM,0.5129,0.6712,0.3689,0.4574,-0.1583,-0.0885,20,3,17,0.15,F2,-0.0172,Amb,-0.1411,,,,,,,
1qb3A_3qy2A,ShallowMsa_016,ESM,0.4676,0.6035,0.3393,0.422,-0.1359,-0.0827,20,0,20,0.0,F2,0.0052,Amb,-0.1411,,,,,,,
1qb3A_3qy2A,ShallowMsa_017,ESM,0.5263,0.6853,0.3568,0.4517,-0.159,-0.095,20,0,20,0.0,F2,-0.0179,Amb,-0.1411,,,,,,,
1qb3A_3qy2A,ShallowMsa_018,ESM,0.4737,0.6143,0.311,0.3722,-0.1407,-0.0613,20,4,16,0.2,F2,0.0004,Amb,-0.1411,,,,,,,
1qb3A_3qy2A,ShallowMsa_019,ESM,0.4513,0.5814,0.356,0.4629,-0.1301,-0.1069,20,1,19,0.05,F2,0.011,Amb,-0.1411,,,,,,,
1qb3A_3qy2A,DeepMsa,MSAT,0.0,0.007,0.0,0.007,-0.007,-0.007,1,0,1,0.0,Amb,-0.007,Amb,0.0,0.0,0.007,t_recall,,,,
1qb3A_3qy2A,ShallowMsa_000,MSAT,0.0172,0.0179,0.0172,0.0179,-0.0007,-0.0007,1,0,1,0.0,Amb,-0.0007,Amb,0.0,0.0172,0.0179,t_recall,,,,
1qb3A_3qy2A,ShallowMsa_001,MSAT,0.0,0.0,0.0,0.0,0.0,0.0,1,0,0,0.0,Amb,0.0,Amb,0.0,0.0,0.0,t_recall,,,,
1qb3A_3qy2A,ShallowMsa_002,MSAT,0.0,0.0,0.0,0.0,0.0,0.0,1,0,0,0.0,Amb,0.0,Amb,0.0,0.0,0.0,t_recall,,,,
1qb3A_3qy2A,ShallowMsa_003,MSAT,0.0,0.0,0.0,0.0,0.0,0.0,1,0,0,0.0,Amb,0.0,Amb,0.0,0.0,0.0,t_recall,,,,
1qb3A_3qy2A,ShallowMsa_004,MSAT,0.013,0.012,0.013,0.012,0.001,0.001,1,1,0,1.0,Amb,0.001,Amb,0.0,0.013,0.012,t_recall,,,,
1qb3A_3qy2A,ShallowMsa_005,MSAT,0.0,0.0,0.0,0.0,0.0,0.0,1,0,0,0.0,Amb,0.0,Amb,0.0,0.0,0.0,t_recall,,,,
1qb3A_3qy2A,ShallowMsa_006,MSAT,0.013,0.0119,0.013,0.0119,0.0011,0.0011,1,1,0,1.0,Amb,0.0011,Amb,0.0,0.013,0.0119,t_recall,,,,
1qb3A_3qy2A,ShallowMsa_007,MSAT,0.0,0.0,0.0,0.0,0.0,0.0,1,0,0,0.0,Amb,0.0,Amb,0.0,0.0,0.0,t_recall,,,,
1qb3A_3qy2A,ShallowMsa_008,MSAT,0.0,0.0,0.0,0.0,0.0,0.0,1,0,0,0.0,Amb,0.0,Amb,0.0,0.0,0.0,t_recall,,,,
1qb3A_3qy2A,ShallowMsa_009,MSAT,0.0,0.0,0.0,0.0,0.0,0.0,1,0,0,0.0,Amb,0.0,Amb,0.0,0.0,0.0,t_recall,,,,
1qb3A_3qy2A,ShallowMsa_010,MSAT,0.0,0.0,0.0,0.0,0.0,0.0,1,0,0,0.0,Amb,0.0,Amb,0.0,0.0,0.0,t_recall,,,,
1qb3A_3qy2A,ShallowMsa_011,MSAT,0.0,0.0,0.0,0.0,0.0,0.0,1,0,0,0.0,Amb,0.0,Amb,0.0,0.0,0.0,t_recall,,,,
1qb3A_3qy2A,ShallowMsa_012,MSAT,0.026,0.0241,0.026,0.0241,0.0019,0.0019,1,1,0,1.0,Amb,0.0019,Amb,0.0,0.026,0.0241,t_recall,,,,
1qb3A_3qy2A,ShallowMsa_013,MSAT,0.0,0.0,0.0,0.0,0.0,0.0,1,0,0,0.0,Amb,0.0,Amb,0.0,0.0,0.0,t_recall,,,,
1qb3A_3qy2A,ShallowMsa_014,MSAT,0.0,0.0,0.0,0.0,0.0,0.0,1,0,0,0.0,Amb,0.0,Amb,0.0,0.0,0.0,t_recall,,,,
1qb3A_3qy2A,ShallowMsa_015,MSAT,0.0139,0.0141,0.0139,0.0141,-0.0002,-0.0002,1,0,1,0.0,Amb,-0.0002,Amb,0.0,0.0139,0.0141,t_recall,,,,
1qb3A_3qy2A,ShallowMsa_016,MSAT,0.0,0.0,0.0,0.0,0.0,0.0,1,0,0,0.0,Amb,0.0,Amb,0.0,0.0,0.0,t_recall,,,,
1qb3A_3qy2A,ShallowMsa_017,MSAT,0.0,0.0,0.0,0.0,0.0,0.0,1,0,0,0.0,Amb,0.0,Amb,0.0,0.0,0.0,t_recall,,,,
1qb3A_3qy2A,ShallowMsa_018,MSAT,0.0152,0.0161,0.0152,0.0161,-0.0009,-0.0009,1,0,1,0.0,Amb,-0.0009,Amb,0.0,0.0152,0.0161,t_recall,,,,
1qb3A_3qy2A,ShallowMsa_019,MSAT,0.013,0.0128,0.013,0.0128,0.0002,0.0002,1,1,0,1.0,Amb,0.0002,Amb,0.0,0.013,0.0128,t_recall,,,,
1qb3A_3qy2A,DeepMsa,CCMpred,0.013,0.007,0.013,0.007,0.006,0.006,1,1,0,1.0,Amb,0.006,Amb,0.0,0.013,0.007,t_recall,,,,
1qb3A_3qy2A,ShallowMsa_000,CCMpred,0.0,0.0,0.0,0.0,0.0,0.0,1,0,0,0.0,Amb,0.0,Amb,0.0,0.0,0.0,t_recall,,,,
1qb3A_3qy2A,ShallowMsa_001,CCMpred,0.0,0.0,0.0,0.0,0.0,0.0,1,0,0,0.0,Amb,0.0,Amb,0.0,0.0,0.0,t_recall,,,,
1qb3A_3qy2A,ShallowMsa_002,CCMpred,0.0,0.0,0.0,0.0,0.0,0.0,1,0,0,0.0,Amb,0.0,Amb,0.0,0.0,0.0,t_recall,,,,
1qb3A_3qy2A,ShallowMsa_003,CCMpred,0.0,0.0,0.0,0.0,0.0,0.0,1,0,0,0.0,Amb,0.0,Amb,0.0,0.0,0.0,t_recall,,,,
1qb3A_3qy2A,ShallowMsa_004,CCMpred,0.0,0.0,0.0,0.0,0.0,0.0,1,0,0,0.0,Amb,0.0,Amb,0.0,0.0,0.0,t_recall,,,,
1qb3A_3qy2A,ShallowMsa_005,CCMpred,0.0,0.0,0.0,0.0,0.0,0.0,1,0,0,0.0,Amb,0.0,Amb,0.0,0.0,0.0,t_recall,,,,
1qb3A_3qy2A,ShallowMsa_006,CCMpred,0.0,0.0,0.0,0.0,0.0,0.0,1,0,0,0.0,Amb,0.0,Amb,0.0,0.0,0.0,t_recall,,,,
1qb3A_3qy2A,ShallowMsa_007,CCMpred,0.0,0.0,0.0,0.0,0.0,0.0,1,0,0,0.0,Amb,0.0,Amb,0.0,0.0,0.0,t_recall,,,,
1qb3A_3qy2A,ShallowMsa_008,CCMpred,0.0,0.0,0.0,0.0,0.0,0.0,1,0,0,0.0,Amb,0.0,Amb,0.0,0.0,0.0,t_recall,,,,
1qb3A_3qy2A,ShallowMsa_009,CCMpred,0.0,0.0,0.0,0.0,0.0,0.0,1,0,0,0.0,Amb,0.0,Amb,0.0,0.0,0.0,t_recall,,,,
1qb3A_3qy2A,ShallowMsa_010,CCMpred,0.0,0.0,0.0,0.0,0.0,0.0,1,0,0,0.0,Amb,0.0,Amb,0.0,0.0,0.0,t_recall,,,,
1qb3A_3qy2A,ShallowMsa_011,CCMpred,0.0,0.0,0.0,0.0,0.0,0.0,1,0,0,0.0,Amb,0.0,Amb,0.0,0.0,0.0,t_recall,,,,
1qb3A_3qy2A,ShallowMsa_012,CCMpred,0.0,0.0,0.0,0.0,0.0,0.0,1,0,0,0.0,Amb,0.0,Amb,0.0,0.0,0.0,t_recall,,,,
1qb3A_3qy2A,ShallowMsa_013,CCMpred,0.0,0.0,0.0,0.0,0.0,0.0,1,0,0,0.0,Amb,0.0,Amb,0.0,0.0,0.0,t_recall,,,,
1qb3A_3qy2A,ShallowMsa_014,CCMpred,0.0,0.0,0.0,0.0,0.0,0.0,1,0,0,0.0,Amb,0.0,Amb,0.0,0.0,0.0,t_recall,,,,
1qb3A_3qy2A,ShallowMsa_015,CCMpred,0.0,0.0,0.0,0.0,0.0,0.0,1,0,0,0.0,Amb,0.0,Amb,0.0,0.0,0.0,t_recall,,,,
1qb3A_3qy2A,ShallowMsa_016,CCMpred,0.0,0.0,0.0,0.0,0.0,0.0,1,0,0,0.0,Amb,0.0,Amb,0.0,0.0,0.0,t_recall,,,,
1qb3A_3qy2A,ShallowMsa_017,CCMpred,0.0,0.0,0.0,0.0,0.0,0.0,1,0,0,0.0,Amb,0.0,Amb,0.0,0.0,0.0,t_recall,,,,
1qb3A_3qy2A,ShallowMsa_018,CCMpred,0.0,0.0,0.0,0.0,0.0,0.0,1,0,0,0.0,Amb,0.0,Amb,0.0,0.0,0.0,t_recall,,,,
1qb3A_3qy2A,ShallowMsa_019,CCMpred,0.0,0.0,0.0,0.0,0.0,0.0,1,0,0,0.0,Amb,0.0,Amb,0.0,0.0,0.0,t_recall,,,,
1qb3A_3qy2A,ShallowMsa_000,DDG,-22.6688,-27.2745,-22.6688,-27.2745,4.6057,4.6057,10,9,1,0.9,F1,1.4207,F1,3.185,,,ddg_kcal_per_mol(delta=1.0),4.6057,3.3176,22.6688,27.2745
1qb3A_3qy2A,ShallowMsa_001,DDG,-22.6225,-26.0514,-22.6225,-26.0514,3.4289,3.4289,10,9,1,0.9,F1,0.2439,Amb,3.185,,,ddg_kcal_per_mol(delta=1.0),3.4289,3.114,22.6225,26.0514
1qb3A_3qy2A,ShallowMsa_002,DDG,-22.547,-25.005,-22.547,-25.005,2.458,2.458,10,8,2,0.8,F1,-0.727,Amb,3.185,,,ddg_kcal_per_mol(delta=1.0),2.458,2.953,22.547,25.005
1qb3A_3qy2A,ShallowMsa_003,DDG,-9.4848,-11.7434,-9.4848,-11.7434,2.2586,2.2586,10,9,1,0.9,F1,-0.9264,Amb,3.185,,,ddg_kcal_per_mol(delta=1.0),2.2586,2.0301,9.4848,11.7434
1qb3A_3qy2A,ShallowMsa_004,DDG,-24.2845,-26.9099,-24.2845,-26.9099,2.6254,2.6254,10,8,2,0.8,F1,-0.5596,Amb,3.185,,,ddg_kcal_per_mol(delta=1.0),2.6254,2.4157,24.2845,26.9099
1qb3A_3qy2A,ShallowMsa_005,DDG,-12.0025,-16.4873,-12.0025,-16.4873,4.4848,4.4848,10,10,0,1.0,F1,1.2998,F1,3.185,,,ddg_kcal_per_mol(delta=1.0),4.4848,3.7226,12.0025,16.4873
1qb3A_3qy2A,ShallowMsa_006,DDG,-18.1622,-20.477,-18.1622,-20.477,2.3148,2.3148,10,7,3,0.7,F1,-0.8702,Amb,3.185,,,ddg_kcal_per_mol(delta=1.0),2.3148,2.8418,18.1622,20.477
1qb3A_3qy2A,ShallowMsa_007,DDG,-23.8394,-27.1102,-23.8394,-27.1102,3.2708,3.2708,10,10,0,1.0,F1,0.0858,Amb,3.185,,,ddg_kcal_per_mol(delta=1.0),3.2708,2.6215,23.8394,27.1102
1qb3A_3qy2A,ShallowMsa_008,DDG,-14.9699,-16.3848,-14.9699,-16.3848,1.4149,1.4149,10,7,3,0.7,F1,-1.7701,F2,3.185,,,ddg_kcal_per_mol(delta=1.0),1.4149,3.9716,14.9699,16.3848
1qb3A_3qy2A,ShallowMsa_009,DDG,-19.1578,-22.5554,-19.1578,-22.5554,3.3976,3.3976,10,10,0,1.0,F1,0.2126,Amb,3.185,,,ddg_kcal_per_mol(delta=1.0),3.3976,1.6631,19.1578,22.5554
1qb3A_3qy2A,ShallowMsa_010,DDG,-13.9749,-16.3953,-13.9749,-16.3953,2.4204,2.4204,10,8,2,0.8,F1,-0.7646,Amb,3.185,,,ddg_kcal_per_mol(delta=1.0),2.4204,2.4646,13.9749,16.3953
1qb3A_3qy2A,ShallowMsa_011,DDG,-23.7028,-23.9923,-23.7028,-23.9923,0.2895,0.2895,10,6,4,0.6,Amb,-2.8955,F2,3.185,,,ddg_kcal_per_mol(delta=1.0),0.2895,2.27,23.7028,23.9923
1qb3A_3qy2A,ShallowMsa_012,DDG,-28.2117,-33.9084,-28.2117,-33.9084,5.6967,5.6967,10,10,0,1.0,F1,2.5117,F1,3.185,,,ddg_kcal_per_mol(delta=1.0),5.6967,3.2051,28.2117,33.9084
1qb3A_3qy2A,ShallowMsa_013,DDG,-18.9474,-20.5331,-18.9474,-20.5331,1.5857,1.5857,10,9,1,0.9,F1,-1.5993,F2,3.185,,,ddg_kcal_per_mol(delta=1.0),1.5857,2.7108,18.9474,20.5331
1qb3A_3qy2A,ShallowMsa_014,DDG,-20.1166,-23.2233,-20.1166,-23.2233,3.1068,3.1068,10,8,2,0.8,F1,-0.0782,Amb,3.185,,,ddg_kcal_per_mol(delta=1.0),3.1068,3.07,20.1166,23.2233
1qb3A_3qy2A,ShallowMsa_015,DDG,-23.6878,-27.8676,-23.6878,-27.8676,4.1798,4.1798,10,9,1,0.9,F1,0.9948,Amb,3.185,,,ddg_kcal_per_mol(delta=1.0),4.1798,3.1444,23.6878,27.8676
1qb3A_3qy2A,ShallowMsa_016,DDG,-28.0052,-31.3544,-28.0052,-31.3544,3.3492,3.3492,10,7,3,0.7,F1,0.1642,Amb,3.185,,,ddg_kcal_per_mol(delta=1.0),3.3492,3.7767,28.0052,31.3544
1qb3A_3qy2A,ShallowMsa_017,DDG,-24.1306,-28.1333,-24.1306,-28.1333,4.0028,4.0028,10,10,0,1.0,F1,0.8178,Amb,3.185,,,ddg_kcal_per_mol(delta=1.0),4.0028,2.6572,24.1306,28.1333
1qb3A_3qy2A,ShallowMsa_018,DDG,-22.5023,-25.1142,-22.5023,-25.1142,2.6119,2.6119,10,8,2,0.8,F1,-0.5731,Amb,3.185,,,ddg_kcal_per_mol(delta=1.0),2.6119,2.9063,22.5023,25.1142
1qb3A_3qy2A,ShallowMsa_019,DDG,-29.1463,-32.4095,-29.1463,-32.4095,3.2632,3.2632,10,9,1,0.9,F1,0.0782,Amb,3.185,,,ddg_kcal_per_mol(delta=1.0),3.2632,2.7235,29.1463,32.4095
1qb3A_3qy2A,ShallowMsa_003,Boltz2,0.6375,0.7433,0.6375,0.7433,-0.1057,-0.1057,1,0,1,0.0,F2,-0.0122,Amb,-0.0935,,,,,,,
1qb3A_3qy2A,ShallowMsa_004,Boltz2,0.5437,0.6373,0.5437,0.6373,-0.0935,-0.0935,1,0,1,0.0,F2,0.0,Amb,-0.0935,,,,,,,
1qb3A_3qy2A,ShallowMsa_010,Boltz2,0.5502,0.6404,0.5502,0.6404,-0.0902,-0.0902,1,0,1,0.0,F2,0.0033,Amb,-0.0935,,,,,,,
1qlnA_1h38D,DeepMsa,AF2,0.8273,0.9428,0.7749,0.8419,-0.1155,-0.067,2,1,1,0.5,F2,-0.1155,F2,-0.1155,,,,,,,
1qlnA_1h38D,ShallowMsa_001,AF2,0.8273,0.9428,0.7749,0.8419,-0.1155,-0.067,2,1,1,0.5,F2,0.0,Amb,-0.1155,,,,,,,
1qlnA_1h38D,ShallowMsa_002,AF2,0.8464,0.9353,0.784,0.8347,-0.0889,-0.0507,2,1,1,0.5,F2,0.0266,Amb,-0.1155,,,,,,,
1qlnA_1h38D,ShallowMsa_003,AF2,0.8273,0.9428,0.7749,0.8419,-0.1155,-0.067,2,1,1,0.5,F2,0.0,Amb,-0.1155,,,,,,,
1qlnA_1h38D,ShallowMsa_004,AF2,0.8273,0.9428,0.7749,0.8419,-0.1155,-0.067,2,1,1,0.5,F2,0.0,Amb,-0.1155,,,,,,,
1qlnA_1h38D,ShallowMsa_005,AF2,0.8273,0.9428,0.7749,0.8419,-0.1155,-0.067,2,1,1,0.5,F2,0.0,Amb,-0.1155,,,,,,,
1qlnA_1h38D,ShallowMsa_006,AF2,0.8273,0.9428,0.7749,0.8419,-0.1155,-0.067,2,1,1,0.5,F2,0.0,Amb,-0.1155,,,,,,,
1qlnA_1h38D,ShallowMsa_007,AF2,0.8273,0.9428,0.7749,0.8419,-0.1155,-0.067,2,1,1,0.5,F2,0.0,Amb,-0.1155,,,,,,,
1qlnA_1h38D,ShallowMsa_008,AF2,0.8273,0.9428,0.7749,0.8419,-0.1155,-0.067,2,1,1,0.5,F2,0.0,Amb,-0.1155,,,,,,,
1qlnA_1h38D,ShallowMsa_009,AF2,0.8273,0.9428,0.7749,0.8419,-0.1155,-0.067,2,1,1,0.5,F2,0.0,Amb,-0.1155,,,,,,,
1qlnA_1h38D,ShallowMsa_010,AF2,0.8273,0.9428,0.7749,0.8419,-0.1155,-0.067,2,1,1,0.5,F2,0.0,Amb,-0.1155,,,,,,,
1qlnA_1h38D,DeepMsa,AF3,0.9029,0.9453,0.8148,0.8389,-0.0424,-0.024,2,1,1,0.5,Amb,-0.0424,Amb,-0.0433,,,,,,,
1qlnA_1h38D,ShallowMsa_001,AF3,0.9018,0.9453,0.8143,0.8394,-0.0434,-0.025,2,1,1,0.5,Amb,-0.0001,Amb,-0.0433,,,,,,,
1qlnA_1h38D,ShallowMsa_002,AF3,0.8895,0.9457,0.8088,0.8411,-0.0562,-0.0323,2,1,1,0.5,F2,-0.0129,Amb,-0.0433,,,,,,,
1qlnA_1h38D,ShallowMsa_003,AF3,0.902,0.9453,0.8144,0.839,-0.0432,-0.0246,2,1,1,0.5,Amb,0.0001,Amb,-0.0433,,,,,,,
1qlnA_1h38D,ShallowMsa_004,AF3,0.9019,0.9452,0.8144,0.839,-0.0433,-0.0246,2,1,1,0.5,Amb,0.0,Amb,-0.0433,,,,,,,
1qlnA_1h38D,ShallowMsa_005,AF3,0.9018,0.9454,0.8143,0.8394,-0.0436,-0.0251,2,1,1,0.5,Amb,-0.0003,Amb,-0.0433,,,,,,,
1qlnA_1h38D,ShallowMsa_006,AF3,0.9019,0.9453,0.8144,0.839,-0.0433,-0.0246,2,1,1,0.5,Amb,0.0,Amb,-0.0433,,,,,,,
1qlnA_1h38D,ShallowMsa_007,AF3,0.9019,0.9453,0.8144,0.839,-0.0433,-0.0246,2,1,1,0.5,Amb,0.0,Amb,-0.0433,,,,,,,
1qlnA_1h38D,ShallowMsa_008,AF3,0.9029,0.9455,0.8149,0.839,-0.0426,-0.0241,2,1,1,0.5,Amb,0.0007,Amb,-0.0433,,,,,,,
1qlnA_1h38D,ShallowMsa_009,AF3,0.9029,0.9453,0.8148,0.8389,-0.0424,-0.024,2,1,1,0.5,Amb,0.0009,Amb,-0.0433,,,,,,,
1qlnA_1h38D,ShallowMsa_010,AF3,0.9019,0.9452,0.8144,0.839,-0.0433,-0.0246,2,1,1,0.5,Amb,0.0,Amb,-0.0433,,,,,,,
1qlnA_1h38D,ShallowMsa_000,ESM,0.7744,0.8563,0.573,0.5681,-0.0819,0.0049,10,7,3,0.7,Amb,-0.031,Amb,-0.0509,,,,,,,
1qlnA_1h38D,ShallowMsa_001,ESM,0.7817,0.8553,0.5942,0.6095,-0.0736,-0.0153,20,10,10,0.5,Amb,-0.0227,Amb,-0.0509,,,,,,,
1qlnA_1h38D,ShallowMsa_002,ESM,0.8276,0.836,0.5751,0.5829,-0.0084,-0.0077,20,12,8,0.6,Amb,0.0425,Amb,-0.0509,,,,,,,
1qlnA_1h38D,ShallowMsa_003,ESM,0.7805,0.8373,0.5756,0.589,-0.0568,-0.0134,20,14,6,0.7,Amb,-0.0059,Amb,-0.0509,,,,,,,
1qlnA_1h38D,ShallowMsa_004,ESM,0.7938,0.8724,0.5765,0.5953,-0.0786,-0.0188,20,13,7,0.65,Amb,-0.0277,Amb,-0.0509,,,,,,,
1qlnA_1h38D,ShallowMsa_005,ESM,0.7102,0.6391,0.5911,0.5514,0.071,0.0397,20,20,0,1.0,Amb,0.1219,F1,-0.0509,,,,,,,
1qlnA_1h38D,ShallowMsa_006,ESM,0.7796,0.8305,0.6087,0.6358,-0.0509,-0.0272,20,8,12,0.4,Amb,0.0,Amb,-0.0509,,,,,,,
1qlnA_1h38D,ShallowMsa_007,ESM,0.7414,0.642,0.6369,0.5815,0.0995,0.0554,20,18,2,0.9,F1,0.1504,F1,-0.0509,,,,,,,
1qlnA_1h38D,ShallowMsa_008,ESM,0.7642,0.804,0.5756,0.584,-0.0397,-0.0084,20,12,8,0.6,Amb,0.0112,Amb,-0.0509,,,,,,,
1qlnA_1h38D,ShallowMsa_009,ESM,0.7703,0.8475,0.5295,0.5379,-0.0772,-0.0084,20,15,5,0.75,Amb,-0.0263,Amb,-0.0509,,,,,,,
1qlnA_1h38D,ShallowMsa_010,ESM,0.7568,0.6862,0.5042,0.483,0.0706,0.0212,20,16,4,0.8,Amb,0.1215,F1,-0.0509,,,,,,,
1qlnA_1h38D,DeepMsa,MSAT,0.0077,0.0088,0.0077,0.0088,-0.0011,-0.0011,1,0,1,0.0,Amb,-0.0011,Amb,-0.0006,0.0077,0.0088,t_recall,,,,
1qlnA_1h38D,ShallowMsa_001,MSAT,0.0025,0.0028,0.0025,0.0028,-0.0003,-0.0003,1,0,1,0.0,Amb,0.0003,Amb,-0.0006,0.0025,0.0028,t_recall,,,,
1qlnA_1h38D,ShallowMsa_002,MSAT,0.0077,0.008,0.0077,0.008,-0.0003,-0.0003,1,0,1,0.0,Amb,0.0003,Amb,-0.0006,0.0077,0.008,t_recall,,,,
1qlnA_1h38D,ShallowMsa_003,MSAT,0.0072,0.0134,0.0072,0.0134,-0.0062,-0.0062,1,0,1,0.0,Amb,-0.0055,Amb,-0.0006,0.0072,0.0134,t_recall,,,,
1qlnA_1h38D,ShallowMsa_004,MSAT,0.0063,0.0097,0.0063,0.0097,-0.0034,-0.0034,1,0,1,0.0,Amb,-0.0027,Amb,-0.0006,0.0063,0.0097,t_recall,,,,
1qlnA_1h38D,ShallowMsa_005,MSAT,0.0081,0.0108,0.0081,0.0108,-0.0027,-0.0027,1,0,1,0.0,Amb,-0.0021,Amb,-0.0006,0.0081,0.0108,t_recall,,,,
1qlnA_1h38D,ShallowMsa_006,MSAT,0.023,0.0221,0.023,0.0221,0.0009,0.0009,1,1,0,1.0,Amb,0.0015,Amb,-0.0006,0.023,0.0221,t_recall,,,,
1qlnA_1h38D,ShallowMsa_007,MSAT,0.0152,0.0163,0.0152,0.0163,-0.0011,-0.0011,1,0,1,0.0,Amb,-0.0005,Amb,-0.0006,0.0152,0.0163,t_recall,,,,
1qlnA_1h38D,ShallowMsa_008,MSAT,0.0017,0.002,0.0017,0.002,-0.0003,-0.0003,1,0,1,0.0,Amb,0.0003,Amb,-0.0006,0.0017,0.002,t_recall,,,,
1qlnA_1h38D,ShallowMsa_009,MSAT,0.0095,0.0056,0.0095,0.0056,0.0039,0.0039,1,1,0,1.0,Amb,0.0046,Amb,-0.0006,0.0095,0.0056,t_recall,,,,
1qlnA_1h38D,ShallowMsa_010,MSAT,0.0,0.001,0.0,0.001,-0.001,-0.001,1,0,1,0.0,Amb,-0.0004,Amb,-0.0006,0.0,0.001,t_recall,,,,
1qlnA_1h38D,DeepMsa,CCMpred,0.0007,0.0008,0.0007,0.0008,-0.0001,-0.0001,1,0,1,0.0,Amb,-0.0001,Amb,0.0,0.0007,0.0008,t_recall,,,,
1qlnA_1h38D,ShallowMsa_001,CCMpred,0.0,0.0,0.0,0.0,0.0,0.0,1,0,0,0.0,Amb,0.0,Amb,0.0,0.0,0.0,t_recall,,,,
1qlnA_1h38D,ShallowMsa_002,CCMpred,0.0,0.0,0.0,0.0,0.0,0.0,1,0,0,0.0,Amb,0.0,Amb,0.0,0.0,0.0,t_recall,,,,
1qlnA_1h38D,ShallowMsa_003,CCMpred,0.0,0.0,0.0,0.0,0.0,0.0,1,0,0,0.0,Amb,0.0,Amb,0.0,0.0,0.0,t_recall,,,,
1qlnA_1h38D,ShallowMsa_004,CCMpred,0.0,0.0,0.0,0.0,0.0,0.0,1,0,0,0.0,Amb,0.0,Amb,0.0,0.0,0.0,t_recall,,,,
1qlnA_1h38D,ShallowMsa_005,CCMpred,0.0,0.0,0.0,0.0,0.0,0.0,1,0,0,0.0,Amb,0.0,Amb,0.0,0.0,0.0,t_recall,,,,
1qlnA_1h38D,ShallowMsa_006,CCMpred,0.0,0.0,0.0,0.0,0.0,0.0,1,0,0,0.0,Amb,0.0,Amb,0.0,0.0,0.0,t_recall,,,,
1qlnA_1h38D,ShallowMsa_007,CCMpred,0.0,0.0,0.0,0.0,0.0,0.0,1,0,0,0.0,Amb,0.0,Amb,0.0,0.0,0.0,t_recall,,,,
1qlnA_1h38D,ShallowMsa_008,CCMpred,0.0,0.0,0.0,0.0,0.0,0.0,1,0,0,0.0,Amb,0.0,Amb,0.0,0.0,0.0,t_recall,,,,
1qlnA_1h38D,ShallowMsa_009,CCMpred,0.0,0.0,0.0,0.0,0.0,0.0,1,0,0,0.0,Amb,0.0,Amb,0.0,0.0,0.0,t_recall,,,,
1qlnA_1h38D,ShallowMsa_010,CCMpred,0.0,0.0,0.0,0.0,0.0,0.0,1,0,0,0.0,Amb,0.0,Amb,0.0,0.0,0.0,t_recall,,,,
1qlnA_1h38D,ShallowMsa_001,DDG,-248.4633,-210.4125,-248.4633,-210.4125,-38.0508,-38.0508,10,2,8,0.2,F2,-6.2529,F2,-31.798,,,ddg_kcal_per_mol(delta=1.0),-38.0508,21.9703,248.4633,210.4125
1qlnA_1h38D,ShallowMsa_002,DDG,-223.6428,-187.28,-223.6428,-187.28,-36.3628,-36.3628,10,0,10,0.0,F2,-4.5648,F2,-31.798,,,ddg_kcal_per_mol(delta=1.0),-36.3628,19.4002,223.6428,187.28
1qlnA_1h38D,ShallowMsa_003,DDG,-256.9372,-219.5285,-256.9372,-219.5285,-37.4087,-37.4087,10,2,8,0.2,F2,-5.6108,F2,-31.798,,,ddg_kcal_per_mol(delta=1.0),-37.4087,26.378,256.9372,219.5285
1qlnA_1h38D,ShallowMsa_004,DDG,-247.0914,-210.0732,-247.0914,-210.0732,-37.0182,-37.0182,10,2,8,0.2,F2,-5.2203,F2,-31.798,,,ddg_kcal_per_mol(delta=1.0),-37.0182,24.3658,247.0914,210.0732
1qlnA_1h38D,ShallowMsa_005,DDG,-228.6016,-210.3051,-228.6016,-210.3051,-18.2965,-18.2965,10,3,7,0.3,F2,13.5014,F1,-31.798,,,ddg_kcal_per_mol(delta=1.0),-18.2965,20.9906,228.6016,210.3051
1qlnA_1h38D,ShallowMsa_006,DDG,-282.0822,-248.0021,-282.0822,-248.0021,-34.08,-34.08,10,2,8,0.2,F2,-2.282,F2,-31.798,,,ddg_kcal_per_mol(delta=1.0),-34.08,27.4828,282.0822,248.0021
1qlnA_1h38D,ShallowMsa_007,DDG,-256.2047,-234.6399,-256.2047,-234.6399,-21.5649,-21.5649,10,3,7,0.3,F2,10.233,F1,-31.798,,,ddg_kcal_per_mol(delta=1.0),-21.5649,23.8729,256.2047,234.6399
1qlnA_1h38D,ShallowMsa_008,DDG,-250.5086,-220.9927,-250.5086,-220.9927,-29.5159,-29.5159,10,3,7,0.3,F2,2.2821,F1,-31.798,,,ddg_kcal_per_mol(delta=1.0),-29.5159,29.4589,250.5086,220.9927
1qlnA_1h38D,ShallowMsa_009,DDG,-213.9514,-187.9811,-213.9514,-187.9811,-25.9703,-25.9703,10,2,8,0.2,F2,5.8276,F1,-31.798,,,ddg_kcal_per_mol(delta=1.0),-25.9703,22.1816,213.9514,187.9811
1qlnA_1h38D,ShallowMsa_010,DDG,-203.1372,-185.3442,-203.1372,-185.3442,-17.793,-17.793,10,5,5,0.5,F2,14.005,F1,-31.798,,,ddg_kcal_per_mol(delta=1.0),-17.793,32.5973,203.1372,185.3442
1qlnA_1h38D,ShallowMsa_002,Boltz2,0.2887,0.2407,0.2887,0.2407,0.0479,0.0479,1,1,0,1.0,Amb,0.0089,Amb,0.039,,,,,,,
1qlnA_1h38D,ShallowMsa_009,Boltz2,0.3379,0.3078,0.3379,0.3078,0.0301,0.0301,1,1,0,1.0,Amb,-0.0089,Amb,0.039,,,,,,,
1rk4B_1k0nA,DeepMsa,AF2,0.8229,0.965,0.8156,0.9214,-0.1421,-0.1058,2,0,2,0.0,F2,-0.1421,F2,-0.0254,,,,,,,
1rk4B_1k0nA,ShallowMsa_000,AF2,0.8207,0.8719,0.8114,0.8673,-0.0512,-0.0559,2,0,2,0.0,F2,-0.0258,Amb,-0.0254,,,,,,,
1rk4B_1k0nA,ShallowMsa_001,AF2,0.7725,0.9112,0.7723,0.8488,-0.1387,-0.0765,2,0,2,0.0,F2,-0.1133,F2,-0.0254,,,,,,,
1rk4B_1k0nA,ShallowMsa_002,AF2,0.8186,0.8703,0.811,0.8663,-0.0517,-0.0553,2,0,2,0.0,F2,-0.0263,Amb,-0.0254,,,,,,,
1rk4B_1k0nA,ShallowMsa_003,AF2,0.6887,0.7722,0.6875,0.7461,-0.0835,-0.0586,2,0,2,0.0,F2,-0.0581,F2,-0.0254,,,,,,,
1rk4B_1k0nA,ShallowMsa_004,AF2,0.678,0.6871,0.672,0.6678,-0.0092,0.0042,2,1,1,0.5,Amb,0.0162,Amb,-0.0254,,,,,,,
1rk4B_1k0nA,ShallowMsa_005,AF2,0.8223,0.8751,0.8146,0.8706,-0.0528,-0.056,2,0,2,0.0,F2,-0.0274,Amb,-0.0254,,,,,,,
1rk4B_1k0nA,ShallowMsa_006,AF2,0.6276,0.6424,0.6259,0.6221,-0.0148,0.0039,2,1,1,0.5,Amb,0.0106,Amb,-0.0254,,,,,,,
1rk4B_1k0nA,ShallowMsa_007,AF2,0.7173,0.7533,0.7119,0.7461,-0.036,-0.0342,2,0,2,0.0,Amb,-0.0106,Amb,-0.0254,,,,,,,
1rk4B_1k0nA,ShallowMsa_008,AF2,0.6036,0.6403,0.6014,0.6389,-0.0368,-0.0374,2,0,2,0.0,Amb,-0.0114,Amb,-0.0254,,,,,,,
1rk4B_1k0nA,ShallowMsa_009,AF2,0.6902,0.6575,0.6842,0.6504,0.0327,0.0338,2,2,0,1.0,Amb,0.0581,F1,-0.0254,,,,,,,
1rk4B_1k0nA,ShallowMsa_010,AF2,0.4916,0.4309,0.4828,0.4307,0.0607,0.0521,2,2,0,1.0,F1,0.0861,F1,-0.0254,,,,,,,
1rk4B_1k0nA,ShallowMsa_011,AF2,0.671,0.6669,0.6556,0.6358,0.0042,0.0198,2,2,0,1.0,Amb,0.0296,Amb,-0.0254,,,,,,,
1rk4B_1k0nA,ShallowMsa_012,AF2,0.806,0.817,0.798,0.8153,-0.0109,-0.0174,2,0,2,0.0,Amb,0.0145,Amb,-0.0254,,,,,,,
1rk4B_1k0nA,ShallowMsa_013,AF2,0.7026,0.7578,0.7006,0.7546,-0.0553,-0.054,2,0,2,0.0,F2,-0.0299,Amb,-0.0254,,,,,,,
1rk4B_1k0nA,ShallowMsa_014,AF2,0.7054,0.7175,0.7037,0.7162,-0.0121,-0.0125,2,0,2,0.0,Amb,0.0133,Amb,-0.0254,,,,,,,
1rk4B_1k0nA,ShallowMsa_015,AF2,0.7373,0.7253,0.7293,0.7232,0.012,0.0061,2,1,1,0.5,Amb,0.0374,Amb,-0.0254,,,,,,,
1rk4B_1k0nA,DeepMsa,AF3,0.8244,0.9777,0.819,0.9239,-0.1532,-0.105,2,0,2,0.0,F2,-0.1532,F2,-0.0151,,,,,,,
1rk4B_1k0nA,ShallowMsa_000,AF3,0.824,0.8397,0.8159,0.8376,-0.0158,-0.0216,2,0,2,0.0,Amb,-0.0008,Amb,-0.0151,,,,,,,
1rk4B_1k0nA,ShallowMsa_001,AF3,0.8196,0.9778,0.8145,0.9144,-0.1582,-0.1,2,0,2,0.0,F2,-0.1431,F2,-0.0151,,,,,,,
1rk4B_1k0nA,ShallowMsa_002,AF3,0.8232,0.8738,0.8143,0.8669,-0.0506,-0.0526,2,0,2,0.0,F2,-0.0355,Amb,-0.0151,,,,,,,
1rk4B_1k0nA,ShallowMsa_003,AF3,0.7032,0.7354,0.6953,0.7299,-0.0322,-0.0346,2,0,2,0.0,Amb,-0.0171,Amb,-0.0151,,,,,,,
1rk4B_1k0nA,ShallowMsa_004,AF3,0.6898,0.6906,0.6734,0.6772,-0.0008,-0.0038,2,0,2,0.0,Amb,0.0143,Amb,-0.0151,,,,,,,
1rk4B_1k0nA,ShallowMsa_005,AF3,0.8297,0.8443,0.822,0.8412,-0.0146,-0.0192,2,0,2,0.0,Amb,0.0005,Amb,-0.0151,,,,,,,
1rk4B_1k0nA,ShallowMsa_006,AF3,0.6355,0.6114,0.6326,0.6026,0.0241,0.0301,2,2,0,1.0,Amb,0.0392,Amb,-0.0151,,,,,,,
1rk4B_1k0nA,ShallowMsa_007,AF3,0.7034,0.73,0.7031,0.7299,-0.0267,-0.0268,2,0,2,0.0,Amb,-0.0117,Amb,-0.0151,,,,,,,
1rk4B_1k0nA,ShallowMsa_008,AF3,0.6145,0.63,0.6138,0.6265,-0.0155,-0.0127,2,0,2,0.0,Amb,-0.0004,Amb,-0.0151,,,,,,,
1rk4B_1k0nA,ShallowMsa_009,AF3,0.8187,0.7885,0.8118,0.7876,0.0302,0.0242,2,2,0,1.0,Amb,0.0452,Amb,-0.0151,,,,,,,
1rk4B_1k0nA,ShallowMsa_010,AF3,0.494,0.4304,0.4853,0.4253,0.0636,0.06,2,2,0,1.0,F1,0.0786,F1,-0.0151,,,,,,,
1rk4B_1k0nA,ShallowMsa_011,AF3,0.8185,0.7903,0.7384,0.7319,0.0282,0.0064,2,1,1,0.5,Amb,0.0432,Amb,-0.0151,,,,,,,
1rk4B_1k0nA,ShallowMsa_012,AF3,0.8233,0.8616,0.645,0.6889,-0.0384,-0.0438,2,0,2,0.0,Amb,-0.0233,Amb,-0.0151,,,,,,,
1rk4B_1k0nA,ShallowMsa_013,AF3,0.6965,0.7587,0.6951,0.7558,-0.0623,-0.0607,2,0,2,0.0,F2,-0.0473,Amb,-0.0151,,,,,,,
1rk4B_1k0nA,ShallowMsa_014,AF3,0.6679,0.6656,0.6673,0.6637,0.0023,0.0036,2,2,0,1.0,Amb,0.0174,Amb,-0.0151,,,,,,,
1rk4B_1k0nA,ShallowMsa_015,AF3,0.6767,0.6254,0.6746,0.613,0.0514,0.0616,2,2,0,1.0,F1,0.0665,F1,-0.0151,,,,,,,
1rk4B_1k0nA,ShallowMsa_000,ESM,0.8162,0.8599,0.6146,0.6993,-0.0437,-0.0847,20,4,16,0.2,F2,0.0662,F1,-0.1099,,,,,,,
1rk4B_1k0nA,ShallowMsa_001,ESM,0.8165,0.8969,0.6643,0.7434,-0.0804,-0.0791,20,4,16,0.2,F2,0.0295,Amb,-0.1099,,,,,,,
1rk4B_1k0nA,ShallowMsa_002,ESM,0.8035,0.9319,0.5826,0.6767,-0.1283,-0.0941,20,2,18,0.1,F2,-0.0184,Amb,-0.1099,,,,,,,
1rk4B_1k0nA,ShallowMsa_003,ESM,0.7327,0.841,0.5651,0.6163,-0.1083,-0.0512,20,6,14,0.3,F2,0.0016,Amb,-0.1099,,,,,,,
1rk4B_1k0nA,ShallowMsa_004,ESM,0.7286,0.8284,0.5399,0.6184,-0.0998,-0.0785,20,4,16,0.2,F2,0.0101,Amb,-0.1099,,,,,,,
1rk4B_1k0nA,ShallowMsa_005,ESM,0.814,0.9252,0.5785,0.6563,-0.1112,-0.0778,20,4,16,0.2,F2,-0.0013,Amb,-0.1099,,,,,,,
1rk4B_1k0nA,ShallowMsa_006,ESM,0.7416,0.8671,0.6189,0.7065,-0.1255,-0.0876,20,4,16,0.2,F2,-0.0156,Amb,-0.1099,,,,,,,
1rk4B_1k0nA,ShallowMsa_007,ESM,0.729,0.8575,0.5023,0.6034,-0.1286,-0.1011,20,0,20,0.0,F2,-0.0187,Amb,-0.1099,,,,,,,
1rk4B_1k0nA,ShallowMsa_008,ESM,0.748,0.8583,0.5354,0.6108,-0.1103,-0.0754,20,4,16,0.2,F2,-0.0004,Amb,-0.1099,,,,,,,
1rk4B_1k0nA,ShallowMsa_009,ESM,0.8056,0.9444,0.5882,0.6384,-0.1388,-0.0502,20,6,14,0.3,F2,-0.029,Amb,-0.1099,,,,,,,
1rk4B_1k0nA,ShallowMsa_010,ESM,0.7527,0.8622,0.5965,0.6763,-0.1094,-0.0798,20,4,16,0.2,F2,0.0005,Amb,-0.1099,,,,,,,
1rk4B_1k0nA,ShallowMsa_011,ESM,0.8102,0.8434,0.5719,0.6155,-0.0332,-0.0436,20,8,12,0.4,Amb,0.0766,F1,-0.1099,,,,,,,
1rk4B_1k0nA,ShallowMsa_012,ESM,0.8089,0.8704,0.5583,0.635,-0.0615,-0.0767,20,6,14,0.3,F2,0.0484,Amb,-0.1099,,,,,,,
1rk4B_1k0nA,ShallowMsa_013,ESM,0.7333,0.858,0.5619,0.6289,-0.1247,-0.067,20,6,14,0.3,F2,-0.0149,Amb,-0.1099,,,,,,,
1rk4B_1k0nA,ShallowMsa_014,ESM,0.7532,0.851,0.6347,0.721,-0.0977,-0.0863,20,2,18,0.1,F2,0.0122,Amb,-0.1099,,,,,,,
1rk4B_1k0nA,ShallowMsa_015,ESM,0.7416,0.8545,0.5529,0.6069,-0.1129,-0.054,20,8,12,0.4,F2,-0.003,Amb,-0.1099,,,,,,,
1rk4B_1k0nA,DeepMsa,MSAT,0.1415,0.2194,0.1415,0.2194,-0.0779,-0.0779,1,0,1,0.0,F2,-0.0779,F2,0.0,0.1415,0.2194,t_recall,,,,
1rk4B_1k0nA,ShallowMsa_000,MSAT,0.0109,0.004,0.0109,0.004,0.0069,0.0069,1,1,0,1.0,Amb,0.0069,Amb,0.0,0.0109,0.004,t_recall,,,,
1rk4B_1k0nA,ShallowMsa_001,MSAT,0.0,0.0,0.0,0.0,0.0,0.0,1,0,0,0.0,Amb,0.0,Amb,0.0,0.0,0.0,t_recall,,,,
1rk4B_1k0nA,ShallowMsa_002,MSAT,0.0053,0.0039,0.0053,0.0039,0.0014,0.0014,1,1,0,1.0,Amb,0.0014,Amb,0.0,0.0053,0.0039,t_recall,,,,
1rk4B_1k0nA,ShallowMsa_003,MSAT,0.0,0.0042,0.0,0.0042,-0.0042,-0.0042,1,0,1,0.0,Amb,-0.0042,Amb,0.0,0.0,0.0042,t_recall,,,,
1rk4B_1k0nA,ShallowMsa_004,MSAT,0.0,0.0,0.0,0.0,0.0,0.0,1,0,0,0.0,Amb,0.0,Amb,0.0,0.0,0.0,t_recall,,,,
1rk4B_1k0nA,ShallowMsa_005,MSAT,0.0053,0.0,0.0053,0.0,0.0053,0.0053,1,1,0,1.0,Amb,0.0053,Amb,0.0,0.0053,0.0,t_recall,,,,
1rk4B_1k0nA,ShallowMsa_006,MSAT,0.012,0.0085,0.012,0.0085,0.0035,0.0035,1,1,0,1.0,Amb,0.0035,Amb,0.0,0.012,0.0085,t_recall,,,,
1rk4B_1k0nA,ShallowMsa_007,MSAT,0.0,0.0,0.0,0.0,0.0,0.0,1,0,0,0.0,Amb,0.0,Amb,0.0,0.0,0.0,t_recall,,,,
1rk4B_1k0nA,ShallowMsa_008,MSAT,0.0058,0.0043,0.0058,0.0043,0.0015,0.0015,1,1,0,1.0,Amb,0.0015,Amb,0.0,0.0058,0.0043,t_recall,,,,
1rk4B_1k0nA,ShallowMsa_009,MSAT,0.0,0.0,0.0,0.0,0.0,0.0,1,0,0,0.0,Amb,0.0,Amb,0.0,0.0,0.0,t_recall,,,,
1rk4B_1k0nA,ShallowMsa_010,MSAT,0.0165,0.0,0.0165,0.0,0.0165,0.0165,1,1,0,1.0,Amb,0.0165,Amb,0.0,0.0165,0.0,t_recall,,,,
1rk4B_1k0nA,ShallowMsa_011,MSAT,0.0,0.0,0.0,0.0,0.0,0.0,1,0,0,0.0,Amb,0.0,Amb,0.0,0.0,0.0,t_recall,,,,
1rk4B_1k0nA,ShallowMsa_012,MSAT,0.0,0.0,0.0,0.0,0.0,0.0,1,0,0,0.0,Amb,0.0,Amb,0.0,0.0,0.0,t_recall,,,,
1rk4B_1k0nA,ShallowMsa_013,MSAT,0.0,0.0,0.0,0.0,0.0,0.0,1,0,0,0.0,Amb,0.0,Amb,0.0,0.0,0.0,t_recall,,,,
1rk4B_1k0nA,ShallowMsa_014,MSAT,0.0115,0.0083,0.0115,0.0083,0.0032,0.0032,1,1,0,1.0,Amb,0.0032,Amb,0.0,0.0115,0.0083,t_recall,,,,
1rk4B_1k0nA,ShallowMsa_015,MSAT,0.0,0.0,0.0,0.0,0.0,0.0,1,0,0,0.0,Amb,0.0,Amb,0.0,0.0,0.0,t_recall,,,,
1rk4B_1k0nA,DeepMsa,CCMpred,0.0,0.0,0.0,0.0,0.0,0.0,1,0,0,0.0,Amb,0.0,Amb,0.0,0.0,0.0,t_recall,,,,
1rk4B_1k0nA,ShallowMsa_000,CCMpred,0.0,0.0,0.0,0.0,0.0,0.0,1,0,0,0.0,Amb,0.0,Amb,0.0,0.0,0.0,t_recall,,,,
1rk4B_1k0nA,ShallowMsa_001,CCMpred,0.0,0.0,0.0,0.0,0.0,0.0,1,0,0,0.0,Amb,0.0,Amb,0.0,0.0,0.0,t_recall,,,,
1rk4B_1k0nA,ShallowMsa_002,CCMpred,0.0,0.0,0.0,0.0,0.0,0.0,1,0,0,0.0,Amb,0.0,Amb,0.0,0.0,0.0,t_recall,,,,
1rk4B_1k0nA,ShallowMsa_003,CCMpred,0.0,0.0,0.0,0.0,0.0,0.0,1,0,0,0.0,Amb,0.0,Amb,0.0,0.0,0.0,t_recall,,,,
1rk4B_1k0nA,ShallowMsa_004,CCMpred,0.0,0.0,0.0,0.0,0.0,0.0,1,0,0,0.0,Amb,0.0,Amb,0.0,0.0,0.0,t_recall,,,,
1rk4B_1k0nA,ShallowMsa_005,CCMpred,0.0,0.0,0.0,0.0,0.0,0.0,1,0,0,0.0,Amb,0.0,Amb,0.0,0.0,0.0,t_recall,,,,
1rk4B_1k0nA,ShallowMsa_006,CCMpred,0.0,0.0,0.0,0.0,0.0,0.0,1,0,0,0.0,Amb,0.0,Amb,0.0,0.0,0.0,t_recall,,,,
1rk4B_1k0nA,ShallowMsa_007,CCMpred,0.0,0.0,0.0,0.0,0.0,0.0,1,0,0,0.0,Amb,0.0,Amb,0.0,0.0,0.0,t_recall,,,,
1rk4B_1k0nA,ShallowMsa_008,CCMpred,0.0,0.0,0.0,0.0,0.0,0.0,1,0,0,0.0,Amb,0.0,Amb,0.0,0.0,0.0,t_recall,,,,
1rk4B_1k0nA,ShallowMsa_009,CCMpred,0.0,0.0,0.0,0.0,0.0,0.0,1,0,0,0.0,Amb,0.0,Amb,0.0,0.0,0.0,t_recall,,,,
1rk4B_1k0nA,ShallowMsa_010,CCMpred,0.0,0.0,0.0,0.0,0.0,0.0,1,0,0,0.0,Amb,0.0,Amb,0.0,0.0,0.0,t_recall,,,,
1rk4B_1k0nA,ShallowMsa_011,CCMpred,0.0,0.0,0.0,0.0,0.0,0.0,1,0,0,0.0,Amb,0.0,Amb,0.0,0.0,0.0,t_recall,,,,
1rk4B_1k0nA,ShallowMsa_012,CCMpred,0.0,0.0,0.0,0.0,0.0,0.0,1,0,0,0.0,Amb,0.0,Amb,0.0,0.0,0.0,t_recall,,,,
1rk4B_1k0nA,ShallowMsa_013,CCMpred,0.0,0.0,0.0,0.0,0.0,0.0,1,0,0,0.0,Amb,0.0,Amb,0.0,0.0,0.0,t_recall,,,,
1rk4B_1k0nA,ShallowMsa_014,CCMpred,0.0,0.0,0.0,0.0,0.0,0.0,1,0,0,0.0,Amb,0.0,Amb,0.0,0.0,0.0,t_recall,,,,
1rk4B_1k0nA,ShallowMsa_015,CCMpred,0.0,0.0,0.0,0.0,0.0,0.0,1,0,0,0.0,Amb,0.0,Amb,0.0,0.0,0.0,t_recall,,,,
1rk4B_1k0nA,ShallowMsa_000,DDG,-59.3815,-63.4062,-59.3815,-63.4062,4.0246,4.0246,10,10,0,1.0,F1,2.1752,F1,1.8495,,,ddg_kcal_per_mol(delta=1.0),4.0246,3.6049,59.3815,63.4062
1rk4B_1k0nA,ShallowMsa_001,DDG,-32.5384,-36.2742,-32.5384,-36.2742,3.7357,3.7357,10,6,4,0.6,F1,1.8862,F1,1.8495,,,ddg_kcal_per_mol(delta=1.0),3.7357,7.0,32.5384,36.2742
1rk4B_1k0nA,ShallowMsa_002,DDG,-44.4433,-49.1522,-44.4433,-49.1522,4.7088,4.7088,10,9,1,0.9,F1,2.8594,F1,1.8495,,,ddg_kcal_per_mol(delta=1.0),4.7088,4.1096,44.4433,49.1522
1rk4B_1k0nA,ShallowMsa_003,DDG,-57.0285,-58.2224,-57.0285,-58.2224,1.1939,1.1939,10,5,5,0.5,F1,-0.6556,Amb,1.8495,,,ddg_kcal_per_mol(delta=1.0),1.1939,3.6334,57.0285,58.2224
1rk4B_1k0nA,ShallowMsa_004,DDG,-58.0535,-62.0813,-58.0535,-62.0813,4.0278,4.0278,10,6,4,0.6,F1,2.1784,F1,1.8495,,,ddg_kcal_per_mol(delta=1.0),4.0278,7.0313,58.0535,62.0813
1rk4B_1k0nA,ShallowMsa_005,DDG,-42.3984,-44.0736,-42.3984,-44.0736,1.6752,1.6752,10,7,3,0.7,F1,-0.1743,Amb,1.8495,,,ddg_kcal_per_mol(delta=1.0),1.6752,2.79,42.3984,44.0736
1rk4B_1k0nA,ShallowMsa_006,DDG,-71.0862,-72.011,-71.0862,-72.011,0.9248,0.9248,10,6,4,0.6,Amb,-0.9247,Amb,1.8495,,,ddg_kcal_per_mol(delta=1.0),0.9248,4.7442,71.0862,72.011
1rk4B_1k0nA,ShallowMsa_007,DDG,-55.0818,-55.7485,-55.0818,-55.7485,0.6667,0.6667,10,4,6,0.4,Amb,-1.1827,F2,1.8495,,,ddg_kcal_per_mol(delta=1.0),0.6667,5.5797,55.0818,55.7485
1rk4B_1k0nA,ShallowMsa_008,DDG,-55.6045,-58.133,-55.6045,-58.133,2.5285,2.5285,10,6,4,0.6,F1,0.6791,Amb,1.8495,,,ddg_kcal_per_mol(delta=1.0),2.5285,5.4725,55.6045,58.133
1rk4B_1k0nA,ShallowMsa_009,DDG,-23.6101,-27.4731,-23.6101,-27.4731,3.863,3.863,10,9,1,0.9,F1,2.0135,F1,1.8495,,,ddg_kcal_per_mol(delta=1.0),3.863,2.5231,23.6101,27.4731
1rk4B_1k0nA,ShallowMsa_010,DDG,-60.1487,-62.0594,-60.1487,-62.0594,1.9107,1.9107,10,6,4,0.6,F1,0.0613,Amb,1.8495,,,ddg_kcal_per_mol(delta=1.0),1.9107,5.3372,60.1487,62.0594
1rk4B_1k0nA,ShallowMsa_011,DDG,-41.3896,-45.3046,-41.3896,-45.3046,3.915,3.915,10,8,2,0.8,F1,2.0655,F1,1.8495,,,ddg_kcal_per_mol(delta=1.0),3.915,3.4509,41.3896,45.3046
1rk4B_1k0nA,ShallowMsa_012,DDG,-31.6503,-31.3611,-31.6503,-31.3611,-0.2892,-0.2892,10,4,6,0.4,Amb,-2.1387,F2,1.8495,,,ddg_kcal_per_mol(delta=1.0),-0.2892,3.0075,31.6503,31.3611
1rk4B_1k0nA,ShallowMsa_013,DDG,-57.0748,-56.9348,-57.0748,-56.9348,-0.14,-0.14,10,2,8,0.2,Amb,-1.9895,F2,1.8495,,,ddg_kcal_per_mol(delta=1.0),-0.14,6.4829,57.0748,56.9348
1rk4B_1k0nA,ShallowMsa_014,DDG,-69.4078,-70.7205,-69.4078,-70.7205,1.3127,1.3127,10,5,5,0.5,F1,-0.5368,Amb,1.8495,,,ddg_kcal_per_mol(delta=1.0),1.3127,6.6234,69.4078,70.7205
1rk4B_1k0nA,ShallowMsa_015,DDG,-48.697,-50.4852,-48.697,-50.4852,1.7882,1.7882,10,6,4,0.6,F1,-0.0613,Amb,1.8495,,,ddg_kcal_per_mol(delta=1.0),1.7882,4.9675,48.697,50.4852
1rk4B_1k0nA,ShallowMsa_000,Boltz2,0.4015,0.3942,0.4015,0.3942,0.0074,0.0074,1,1,0,1.0,Amb,0.0236,Amb,-0.0162,,,,,,,
1rk4B_1k0nA,ShallowMsa_001,Boltz2,0.4633,0.4794,0.4633,0.4794,-0.0162,-0.0162,1,0,1,0.0,Amb,0.0,Amb,-0.0162,,,,,,,
1rk4B_1k0nA,ShallowMsa_002,Boltz2,0.5569,0.6137,0.5569,0.6137,-0.0568,-0.0568,1,0,1,0.0,F2,-0.0406,Amb,-0.0162,,,,,,,
1rk4B_1k0nA,ShallowMsa_003,Boltz2,0.3993,0.3834,0.3993,0.3834,0.0159,0.0159,1,1,0,1.0,Amb,0.0321,Amb,-0.0162,,,,,,,
1rk4B_1k0nA,ShallowMsa_004,Boltz2,0.3358,0.3805,0.3358,0.3805,-0.0447,-0.0447,1,0,1,0.0,Amb,-0.0285,Amb,-0.0162,,,,,,,
1rk4B_1k0nA,ShallowMsa_005,Boltz2,0.4771,0.4758,0.4771,0.4758,0.0013,0.0013,1,1,0,1.0,Amb,0.0175,Amb,-0.0162,,,,,,,
1rk4B_1k0nA,ShallowMsa_006,Boltz2,0.4155,0.3941,0.4155,0.3941,0.0214,0.0214,1,1,0,1.0,Amb,0.0376,Amb,-0.0162,,,,,,,
1rk4B_1k0nA,ShallowMsa_009,Boltz2,0.306,0.315,0.306,0.315,-0.009,-0.009,1,0,1,0.0,Amb,0.0072,Amb,-0.0162,,,,,,,
1rk4B_1k0nA,ShallowMsa_010,Boltz2,0.3628,0.4381,0.3628,0.4381,-0.0753,-0.0753,1,0,1,0.0,F2,-0.0591,F2,-0.0162,,,,,,,
1rk4B_1k0nA,ShallowMsa_011,Boltz2,0.2793,0.4073,0.2793,0.4073,-0.128,-0.128,1,0,1,0.0,F2,-0.1118,F2,-0.0162,,,,,,,
1rk4B_1k0nA,ShallowMsa_012,Boltz2,0.3714,0.3845,0.3714,0.3845,-0.0131,-0.0131,1,0,1,0.0,Amb,0.0031,Amb,-0.0162,,,,,,,
1rk4B_1k0nA,ShallowMsa_014,Boltz2,0.3283,0.4697,0.3283,0.4697,-0.1414,-0.1414,1,0,1,0.0,F2,-0.1252,F2,-0.0162,,,,,,,
1rk4B_1k0nA,ShallowMsa_015,Boltz2,0.543,0.5871,0.543,0.5871,-0.0441,-0.0441,1,0,1,0.0,Amb,-0.0279,Amb,-0.0162,,,,,,,
1svfC_4wsgC,DeepMsa,AF2,0.8956,0.6418,0.8352,0.3782,0.2538,0.457,2,2,0,1.0,F1,0.2538,F1,0.0,,,,,,,
1svfC_4wsgC,ShallowMsa_000,AF2,0.9607,0.7043,0.7872,0.41,0.2564,0.3772,2,1,1,0.5,F1,0.2564,F1,0.0,,,,,,,
1svfC_4wsgC,DeepMsa,AF3,0.7982,0.471,0.787,0.293,0.3272,0.4939,2,2,0,1.0,F1,0.3272,F1,0.0,,,,,,,
1svfC_4wsgC,ShallowMsa_000,AF3,0.8027,0.5252,0.7958,0.3201,0.2775,0.4757,2,2,0,1.0,F1,0.2775,F1,0.0,,,,,,,
1svfC_4wsgC,ShallowMsa_000,ESM,0.705,0.58,0.5093,0.3554,0.125,0.1539,20,13,7,0.65,F1,0.125,F1,0.0,,,,,,,
1svfC_4wsgC,DeepMsa,MSAT,0.0,0.1153,0.0,0.1153,-0.1153,-0.1153,1,0,1,0.0,F2,-0.1153,F2,0.0,0.0,0.1153,t_recall,,,,
1svfC_4wsgC,ShallowMsa_000,MSAT,0.0,0.1398,0.0,0.1398,-0.1398,-0.1398,1,0,1,0.0,F2,-0.1398,F2,0.0,0.0,0.1398,t_recall,,,,
1svfC_4wsgC,DeepMsa,CCMpred,0.0,0.0,0.0,0.0,0.0,0.0,1,0,0,0.0,Amb,0.0,Amb,0.0,0.0,0.0,t_recall,,,,
1svfC_4wsgC,ShallowMsa_000,CCMpred,0.0,0.0,0.0,0.0,0.0,0.0,1,0,0,0.0,Amb,0.0,Amb,0.0,0.0,0.0,t_recall,,,,
1svfC_4wsgC,ShallowMsa_000,DDG,-1.6022,-92.1883,-1.6022,-92.1883,90.5861,90.5861,10,9,1,0.9,F1,90.5861,F1,0.0,,,ddg_kcal_per_mol(delta=1.0),90.5861,56.471,1.6022,92.1883
1svfC_4wsgC,ShallowMsa_000,Boltz2,0.1041,0.2237,0.1041,0.2237,-0.1197,-0.1197,1,0,1,0.0,F2,-0.1197,F2,0.0,,,,,,,
1wp8C_5ejbC,DeepMsa,AF2,0.6865,0.6749,0.5852,0.3855,0.0116,0.1997,2,1,1,0.5,Amb,0.0116,Amb,0.0,,,,,,,
1wp8C_5ejbC,ShallowMsa_000,AF2,0.6895,0.6825,0.6003,0.3897,0.007,0.2106,2,1,1,0.5,Amb,0.007,Amb,0.0,,,,,,,
1wp8C_5ejbC,DeepMsa,AF3,0.6198,0.5988,0.5785,0.3419,0.0209,0.2366,2,1,1,0.5,Amb,0.0209,Amb,0.0,,,,,,,
1wp8C_5ejbC,ShallowMsa_000,AF3,0.6222,0.5998,0.5777,0.3423,0.0224,0.2354,2,1,1,0.5,Amb,0.0224,Amb,0.0,,,,,,,
1wp8C_5ejbC,ShallowMsa_000,ESM,0.635,0.6309,0.5035,0.3593,0.0041,0.1442,20,12,8,0.6,F1,0.0041,Amb,0.0,,,,,,,
1wp8C_5ejbC,DeepMsa,MSAT,0.25,0.1265,0.25,0.1265,0.1235,0.1235,1,1,0,1.0,F1,0.1235,F1,0.0,0.25,0.1265,t_recall,,,,
1wp8C_5ejbC,ShallowMsa_000,MSAT,0.3214,0.132,0.3214,0.132,0.1894,0.1894,1,1,0,1.0,F1,0.1894,F1,0.0,0.3214,0.132,t_recall,,,,
1wp8C_5ejbC,DeepMsa,CCMpred,0.0,0.0,0.0,0.0,0.0,0.0,1,0,0,0.0,Amb,0.0,Amb,0.0,0.0,0.0,t_recall,,,,
1wp8C_5ejbC,ShallowMsa_000,CCMpred,0.0,0.0,0.0,0.0,0.0,0.0,1,0,0,0.0,Amb,0.0,Amb,0.0,0.0,0.0,t_recall,,,,
1wp8C_5ejbC,ShallowMsa_000,DDG,-5.8207,-83.5187,-5.8207,-83.5187,77.698,77.698,10,9,1,0.9,F1,77.698,F1,0.0,,,ddg_kcal_per_mol(delta=1.0),77.698,45.6409,5.8207,83.5187
1wp8C_5ejbC,ShallowMsa_000,Boltz2,0.1259,0.2323,0.1259,0.2323,-0.1064,-0.1064,1,0,1,0.0,F2,-0.1064,F2,0.0,,,,,,,
1x0gD_1x0gA,DeepMsa,AF2,0.5694,0.9085,0.5658,0.9,-0.3391,-0.3342,2,0,2,0.0,F2,-0.3391,F2,-0.2904,,,,,,,
1x0gD_1x0gA,ShallowMsa_000,AF2,0.5644,0.8921,0.562,0.884,-0.3277,-0.322,2,0,2,0.0,F2,-0.0373,Amb,-0.2904,,,,,,,
1x0gD_1x0gA,ShallowMsa_001,AF2,0.4955,0.7939,0.4955,0.7902,-0.2983,-0.2947,2,0,2,0.0,F2,-0.0079,Amb,-0.2904,,,,,,,
1x0gD_1x0gA,ShallowMsa_002,AF2,0.3957,0.6178,0.3917,0.5816,-0.2222,-0.19,2,0,2,0.0,F2,0.0682,F1,-0.2904,,,,,,,
1x0gD_1x0gA,ShallowMsa_003,AF2,0.5623,0.9031,0.5618,0.8931,-0.3408,-0.3313,2,0,2,0.0,F2,-0.0504,F2,-0.2904,,,,,,,
1x0gD_1x0gA,ShallowMsa_004,AF2,0.561,0.8934,0.5544,0.8665,-0.3324,-0.3121,2,0,2,0.0,F2,-0.042,Amb,-0.2904,,,,,,,
1x0gD_1x0gA,ShallowMsa_005,AF2,0.5517,0.8779,0.5421,0.8165,-0.3262,-0.2744,2,0,2,0.0,F2,-0.0358,Amb,-0.2904,,,,,,,
1x0gD_1x0gA,ShallowMsa_006,AF2,0.5276,0.8535,0.524,0.791,-0.326,-0.267,2,0,2,0.0,F2,-0.0356,Amb,-0.2904,,,,,,,
1x0gD_1x0gA,ShallowMsa_007,AF2,0.5477,0.8751,0.5432,0.8359,-0.3275,-0.2927,2,0,2,0.0,F2,-0.0371,Amb,-0.2904,,,,,,,
1x0gD_1x0gA,ShallowMsa_008,AF2,0.5521,0.7239,0.5514,0.7188,-0.1718,-0.1675,2,0,2,0.0,F2,0.1186,F1,-0.2904,,,,,,,
1x0gD_1x0gA,ShallowMsa_009,AF2,0.4843,0.7126,0.4762,0.7022,-0.2283,-0.226,2,0,2,0.0,F2,0.0621,F1,-0.2904,,,,,,,
1x0gD_1x0gA,ShallowMsa_010,AF2,0.5757,0.7802,0.5452,0.7652,-0.2045,-0.22,2,0,2,0.0,F2,0.0859,F1,-0.2904,,,,,,,
1x0gD_1x0gA,ShallowMsa_011,AF2,0.5335,0.6488,0.5102,0.6275,-0.1153,-0.1172,2,0,2,0.0,F2,0.1751,F1,-0.2904,,,,,,,
1x0gD_1x0gA,ShallowMsa_012,AF2,0.5594,0.7467,0.5549,0.745,-0.1873,-0.1901,2,0,2,0.0,F2,0.1031,F1,-0.2904,,,,,,,
1x0gD_1x0gA,ShallowMsa_013,AF2,0.3745,0.5208,0.3627,0.5191,-0.1463,-0.1565,2,0,2,0.0,F2,0.1441,F1,-0.2904,,,,,,,
1x0gD_1x0gA,ShallowMsa_014,AF2,0.5511,0.7635,0.5511,0.7574,-0.2124,-0.2063,2,0,2,0.0,F2,0.078,F1,-0.2904,,,,,,,
1x0gD_1x0gA,ShallowMsa_015,AF2,0.5403,0.8185,0.532,0.781,-0.2782,-0.249,2,0,2,0.0,F2,0.0122,Amb,-0.2904,,,,,,,
1x0gD_1x0gA,ShallowMsa_016,AF2,0.4012,0.6927,0.3938,0.6681,-0.2915,-0.2743,2,0,2,0.0,F2,-0.0011,Amb,-0.2904,,,,,,,
1x0gD_1x0gA,ShallowMsa_017,AF2,0.555,0.7123,0.5349,0.7113,-0.1572,-0.1764,2,0,2,0.0,F2,0.1332,F1,-0.2904,,,,,,,
1x0gD_1x0gA,ShallowMsa_018,AF2,0.566,0.8812,0.5543,0.842,-0.3152,-0.2877,2,0,2,0.0,F2,-0.0248,Amb,-0.2904,,,,,,,
1x0gD_1x0gA,ShallowMsa_019,AF2,0.5606,0.8689,0.5564,0.8584,-0.3083,-0.3021,2,0,2,0.0,F2,-0.0179,Amb,-0.2904,,,,,,,
1x0gD_1x0gA,ShallowMsa_020,AF2,0.5236,0.8139,0.5196,0.8088,-0.2904,-0.2892,2,0,2,0.0,F2,0.0,Amb,-0.2904,,,,,,,
1x0gD_1x0gA,DeepMsa,AF3,0.5655,0.9115,0.5652,0.8501,-0.346,-0.2849,2,0,2,0.0,F2,-0.346,F2,-0.2704,,,,,,,
1x0gD_1x0gA,ShallowMsa_000,AF3,0.567,0.7887,0.5665,0.7816,-0.2217,-0.2151,2,0,2,0.0,F2,0.0487,Amb,-0.2704,,,,,,,
1x0gD_1x0gA,ShallowMsa_001,AF3,0.5113,0.7132,0.5094,0.711,-0.2019,-0.2016,2,0,2,0.0,F2,0.0685,F1,-0.2704,,,,,,,
1x0gD_1x0gA,ShallowMsa_002,AF3,0.4337,0.6298,0.4158,0.6279,-0.1961,-0.2121,2,0,2,0.0,F2,0.0743,F1,-0.2704,,,,,,,
1x0gD_1x0gA,ShallowMsa_003,AF3,0.561,0.9056,0.5586,0.8385,-0.3446,-0.2799,2,0,2,0.0,F2,-0.0742,F2,-0.2704,,,,,,,
1x0gD_1x0gA,ShallowMsa_004,AF3,0.556,0.8853,0.5532,0.8158,-0.3293,-0.2627,2,0,2,0.0,F2,-0.0589,F2,-0.2704,,,,,,,
1x0gD_1x0gA,ShallowMsa_005,AF3,0.5519,0.9052,0.5518,0.8384,-0.3532,-0.2866,2,0,2,0.0,F2,-0.0828,F2,-0.2704,,,,,,,
1x0gD_1x0gA,ShallowMsa_006,AF3,0.5474,0.883,0.5443,0.83,-0.3356,-0.2857,2,0,2,0.0,F2,-0.0652,F2,-0.2704,,,,,,,
1x0gD_1x0gA,ShallowMsa_007,AF3,0.5578,0.871,0.551,0.8141,-0.3131,-0.2631,2,0,2,0.0,F2,-0.0427,Amb,-0.2704,,,,,,,
1x0gD_1x0gA,ShallowMsa_008,AF3,0.5569,0.7424,0.5503,0.7398,-0.1854,-0.1895,2,0,2,0.0,F2,0.085,F1,-0.2704,,,,,,,
1x0gD_1x0gA,ShallowMsa_009,AF3,0.4781,0.7485,0.469,0.7467,-0.2704,-0.2777,2,0,2,0.0,F2,0.0,Amb,-0.2704,,,,,,,
1x0gD_1x0gA,ShallowMsa_010,AF3,0.5644,0.6697,0.5259,0.6543,-0.1054,-0.1284,2,0,2,0.0,F2,0.165,F1,-0.2704,,,,,,,
1x0gD_1x0gA,ShallowMsa_011,AF3,0.5493,0.684,0.5306,0.6458,-0.1347,-0.1152,2,0,2,0.0,F2,0.1357,F1,-0.2704,,,,,,,
1x0gD_1x0gA,ShallowMsa_012,AF3,0.5612,0.8388,0.5485,0.7963,-0.2775,-0.2478,2,0,2,0.0,F2,-0.0071,Amb,-0.2704,,,,,,,
1x0gD_1x0gA,ShallowMsa_013,AF3,0.364,0.5296,0.3446,0.5064,-0.1656,-0.1618,2,0,2,0.0,F2,0.1048,F1,-0.2704,,,,,,,
1x0gD_1x0gA,ShallowMsa_014,AF3,0.5465,0.7481,0.5351,0.7354,-0.2016,-0.2003,2,0,2,0.0,F2,0.0688,F1,-0.2704,,,,,,,
1x0gD_1x0gA,ShallowMsa_015,AF3,0.5483,0.7557,0.5455,0.7525,-0.2074,-0.207,2,0,2,0.0,F2,0.063,F1,-0.2704,,,,,,,
1x0gD_1x0gA,ShallowMsa_016,AF3,0.4058,0.7182,0.3869,0.6749,-0.3124,-0.288,2,0,2,0.0,F2,-0.042,Amb,-0.2704,,,,,,,
1x0gD_1x0gA,ShallowMsa_017,AF3,0.5597,0.7673,0.5506,0.7564,-0.2076,-0.2058,2,0,2,0.0,F2,0.0628,F1,-0.2704,,,,,,,
1x0gD_1x0gA,ShallowMsa_018,AF3,0.567,0.8897,0.5657,0.8475,-0.3227,-0.2819,2,0,2,0.0,F2,-0.0523,F2,-0.2704,,,,,,,
1x0gD_1x0gA,ShallowMsa_019,AF3,0.5664,0.885,0.5652,0.819,-0.3186,-0.2538,2,0,2,0.0,F2,-0.0482,Amb,-0.2704,,,,,,,
1x0gD_1x0gA,ShallowMsa_020,AF3,0.5339,0.8109,0.5294,0.7697,-0.2769,-0.2404,2,0,2,0.0,F2,-0.0065,Amb,-0.2704,,,,,,,
1x0gD_1x0gA,ShallowMsa_000,ESM,0.5749,0.9113,0.4336,0.6399,-0.3364,-0.2063,20,0,20,0.0,F2,-0.0358,Amb,-0.3006,,,,,,,
1x0gD_1x0gA,ShallowMsa_001,ESM,0.5444,0.8476,0.4413,0.6315,-0.3032,-0.1902,20,0,20,0.0,F2,-0.0026,Amb,-0.3006,,,,,,,
1x0gD_1x0gA,ShallowMsa_002,ESM,0.5381,0.8116,0.4242,0.6167,-0.2735,-0.1925,20,0,20,0.0,F2,0.0271,Amb,-0.3006,,,,,,,
1x0gD_1x0gA,ShallowMsa_003,ESM,0.5745,0.9188,0.414,0.6264,-0.3443,-0.2124,20,0,20,0.0,F2,-0.0437,Amb,-0.3006,,,,,,,
1x0gD_1x0gA,ShallowMsa_004,ESM,0.5423,0.8392,0.4248,0.6097,-0.2968,-0.1849,20,0,20,0.0,F2,0.0038,Amb,-0.3006,,,,,,,
1x0gD_1x0gA,ShallowMsa_005,ESM,0.5561,0.8499,0.4061,0.6023,-0.2938,-0.1962,20,0,20,0.0,F2,0.0068,Amb,-0.3006,,,,,,,
1x0gD_1x0gA,ShallowMsa_006,ESM,0.5462,0.887,0.4128,0.5938,-0.3408,-0.1811,20,0,20,0.0,F2,-0.0402,Amb,-0.3006,,,,,,,
1x0gD_1x0gA,ShallowMsa_007,ESM,0.5431,0.8437,0.4211,0.6199,-0.3006,-0.1988,20,0,20,0.0,F2,0.0,Amb,-0.3006,,,,,,,
1x0gD_1x0gA,ShallowMsa_008,ESM,0.5531,0.8296,0.429,0.6264,-0.2765,-0.1974,20,0,20,0.0,F2,0.0241,Amb,-0.3006,,,,,,,
1x0gD_1x0gA,ShallowMsa_009,ESM,0.5176,0.8347,0.412,0.582,-0.317,-0.17,20,0,20,0.0,F2,-0.0164,Amb,-0.3006,,,,,,,
1x0gD_1x0gA,ShallowMsa_010,ESM,0.5141,0.834,0.3998,0.5651,-0.3199,-0.1653,20,2,18,0.1,F2,-0.0193,Amb,-0.3006,,,,,,,
1x0gD_1x0gA,ShallowMsa_011,ESM,0.539,0.7395,0.486,0.6417,-0.2005,-0.1557,20,2,18,0.1,F2,0.1001,F1,-0.3006,,,,,,,
1x0gD_1x0gA,ShallowMsa_012,ESM,0.5302,0.8676,0.4293,0.6229,-0.3374,-0.1936,20,0,20,0.0,F2,-0.0368,Amb,-0.3006,,,,,,,
1x0gD_1x0gA,ShallowMsa_013,ESM,0.5483,0.7287,0.4108,0.5842,-0.1805,-0.1733,20,0,20,0.0,F2,0.1201,F1,-0.3006,,,,,,,
1x0gD_1x0gA,ShallowMsa_014,ESM,0.5468,0.8311,0.4089,0.5922,-0.2843,-0.1833,20,0,20,0.0,F2,0.0163,Amb,-0.3006,,,,,,,
1x0gD_1x0gA,ShallowMsa_015,ESM,0.5391,0.8652,0.5023,0.7204,-0.3261,-0.2181,20,0,20,0.0,F2,-0.0255,Amb,-0.3006,,,,,,,
1x0gD_1x0gA,ShallowMsa_016,ESM,0.5276,0.8283,0.4235,0.625,-0.3007,-0.2015,20,0,20,0.0,F2,-0.0001,Amb,-0.3006,,,,,,,
1x0gD_1x0gA,ShallowMsa_017,ESM,0.5514,0.7477,0.4532,0.6075,-0.1963,-0.1542,20,0,20,0.0,F2,0.1043,F1,-0.3006,,,,,,,
1x0gD_1x0gA,ShallowMsa_018,ESM,0.5471,0.8459,0.4765,0.6882,-0.2988,-0.2116,20,2,18,0.1,F2,0.0018,Amb,-0.3006,,,,,,,
1x0gD_1x0gA,ShallowMsa_019,ESM,0.5499,0.8434,0.4447,0.622,-0.2934,-0.1773,20,2,18,0.1,F2,0.0072,Amb,-0.3006,,,,,,,
1x0gD_1x0gA,ShallowMsa_020,ESM,0.5333,0.8752,0.4463,0.6701,-0.342,-0.2238,20,0,20,0.0,F2,-0.0414,Amb,-0.3006,,,,,,,
1x0gD_1x0gA,DeepMsa,MSAT,0.5254,0.4171,0.5254,0.4171,0.1083,0.1083,1,1,0,1.0,F1,0.1083,F1,0.1155,0.5254,0.4171,t_recall,,,,
1x0gD_1x0gA,ShallowMsa_000,MSAT,0.5254,0.4171,0.5254,0.4171,0.1083,0.1083,1,1,0,1.0,F1,-0.0072,Amb,0.1155,0.5254,0.4171,t_recall,,,,
1x0gD_1x0gA,ShallowMsa_001,MSAT,0.5263,0.4127,0.5263,0.4127,0.1136,0.1136,1,1,0,1.0,F1,-0.0019,Amb,0.1155,0.5263,0.4127,t_recall,,,,
1x0gD_1x0gA,ShallowMsa_002,MSAT,0.5614,0.4171,0.5614,0.4171,0.1443,0.1443,1,1,0,1.0,F1,0.0288,Amb,0.1155,0.5614,0.4171,t_recall,,,,
1x0gD_1x0gA,ShallowMsa_003,MSAT,0.4912,0.3757,0.4912,0.3757,0.1155,0.1155,1,1,0,1.0,F1,0.0,Amb,0.1155,0.4912,0.3757,t_recall,,,,
1x0gD_1x0gA,ShallowMsa_004,MSAT,0.5789,0.3904,0.5789,0.3904,0.1885,0.1885,1,1,0,1.0,F1,0.073,F1,0.1155,0.5789,0.3904,t_recall,,,,
1x0gD_1x0gA,ShallowMsa_005,MSAT,0.4561,0.3155,0.4561,0.3155,0.1406,0.1406,1,1,0,1.0,F1,0.0251,Amb,0.1155,0.4561,0.3155,t_recall,,,,
1x0gD_1x0gA,ShallowMsa_006,MSAT,0.5263,0.3386,0.5263,0.3386,0.1877,0.1877,1,1,0,1.0,F1,0.0722,F1,0.1155,0.5263,0.3386,t_recall,,,,
1x0gD_1x0gA,ShallowMsa_007,MSAT,0.5439,0.3529,0.5439,0.3529,0.191,0.191,1,1,0,1.0,F1,0.0755,F1,0.1155,0.5439,0.3529,t_recall,,,,
1x0gD_1x0gA,ShallowMsa_008,MSAT,0.2281,0.1872,0.2281,0.1872,0.0409,0.0409,1,1,0,1.0,Amb,-0.0746,F2,0.1155,0.2281,0.1872,t_recall,,,,
1x0gD_1x0gA,ShallowMsa_009,MSAT,0.2632,0.1978,0.2632,0.1978,0.0654,0.0654,1,1,0,1.0,F1,-0.0501,F2,0.1155,0.2632,0.1978,t_recall,,,,
1x0gD_1x0gA,ShallowMsa_010,MSAT,0.5088,0.3209,0.5088,0.3209,0.1879,0.1879,1,1,0,1.0,F1,0.0724,F1,0.1155,0.5088,0.3209,t_recall,,,,
1x0gD_1x0gA,ShallowMsa_011,MSAT,0.4727,0.3699,0.4727,0.3699,0.1028,0.1028,1,1,0,1.0,F1,-0.0127,Amb,0.1155,0.4727,0.3699,t_recall,,,,
1x0gD_1x0gA,ShallowMsa_012,MSAT,0.5088,0.3797,0.5088,0.3797,0.1291,0.1291,1,1,0,1.0,F1,0.0136,Amb,0.1155,0.5088,0.3797,t_recall,,,,
1x0gD_1x0gA,ShallowMsa_013,MSAT,0.5273,0.4521,0.5273,0.4521,0.0752,0.0752,1,1,0,1.0,F1,-0.0403,Amb,0.1155,0.5273,0.4521,t_recall,,,,
1x0gD_1x0gA,ShallowMsa_014,MSAT,0.4561,0.3651,0.4561,0.3651,0.091,0.091,1,1,0,1.0,F1,-0.0245,Amb,0.1155,0.4561,0.3651,t_recall,,,,
1x0gD_1x0gA,ShallowMsa_015,MSAT,0.4912,0.3968,0.4912,0.3968,0.0944,0.0944,1,1,0,1.0,F1,-0.0211,Amb,0.1155,0.4912,0.3968,t_recall,,,,
1x0gD_1x0gA,ShallowMsa_016,MSAT,0.4912,0.4011,0.4912,0.4011,0.0901,0.0901,1,1,0,1.0,F1,-0.0254,Amb,0.1155,0.4912,0.4011,t_recall,,,,
1x0gD_1x0gA,ShallowMsa_017,MSAT,0.5263,0.4379,0.5263,0.4379,0.0884,0.0884,1,1,0,1.0,F1,-0.0271,Amb,0.1155,0.5263,0.4379,t_recall,,,,
1x0gD_1x0gA,ShallowMsa_018,MSAT,0.5439,0.385,0.5439,0.385,0.1589,0.1589,1,1,0,1.0,F1,0.0434,Amb,0.1155,0.5439,0.385,t_recall,,,,
1x0gD_1x0gA,ShallowMsa_019,MSAT,0.5088,0.3316,0.5088,0.3316,0.1772,0.1772,1,1,0,1.0,F1,0.0617,F1,0.1155,0.5088,0.3316,t_recall,,,,
1x0gD_1x0gA,ShallowMsa_020,MSAT,0.4912,0.3529,0.4912,0.3529,0.1383,0.1383,1,1,0,1.0,F1,0.0228,Amb,0.1155,0.4912,0.3529,t_recall,,,,
1x0gD_1x0gA,DeepMsa,CCMpred,0.3051,0.2698,0.3051,0.2698,0.0353,0.0353,1,1,0,1.0,Amb,0.0353,Amb,0.0,0.3051,0.2698,t_recall,,,,
1x0gD_1x0gA,ShallowMsa_000,CCMpred,0.1864,0.1746,0.1864,0.1746,0.0118,0.0118,1,1,0,1.0,Amb,0.0118,Amb,0.0,0.1864,0.1746,t_recall,,,,
1x0gD_1x0gA,ShallowMsa_001,CCMpred,0.0847,0.0688,0.0847,0.0688,0.0159,0.0159,1,1,0,1.0,Amb,0.0159,Amb,0.0,0.0847,0.0688,t_recall,,,,
1x0gD_1x0gA,ShallowMsa_002,CCMpred,0.0,0.0,0.0,0.0,0.0,0.0,1,0,0,0.0,Amb,0.0,Amb,0.0,0.0,0.0,t_recall,,,,
1x0gD_1x0gA,ShallowMsa_003,CCMpred,0.0,0.0053,0.0,0.0053,-0.0053,-0.0053,1,0,1,0.0,Amb,-0.0053,Amb,0.0,0.0,0.0053,t_recall,,,,
1x0gD_1x0gA,ShallowMsa_004,CCMpred,0.0169,0.0106,0.0169,0.0106,0.0063,0.0063,1,1,0,1.0,Amb,0.0063,Amb,0.0,0.0169,0.0106,t_recall,,,,
1x0gD_1x0gA,ShallowMsa_005,CCMpred,0.0169,0.0265,0.0169,0.0265,-0.0096,-0.0096,1,0,1,0.0,Amb,-0.0096,Amb,0.0,0.0169,0.0265,t_recall,,,,
1x0gD_1x0gA,ShallowMsa_006,CCMpred,0.0169,0.0159,0.0169,0.0159,0.001,0.001,1,1,0,1.0,Amb,0.001,Amb,0.0,0.0169,0.0159,t_recall,,,,
1x0gD_1x0gA,ShallowMsa_007,CCMpred,0.0,0.0053,0.0,0.0053,-0.0053,-0.0053,1,0,1,0.0,Amb,-0.0053,Amb,0.0,0.0,0.0053,t_recall,,,,
1x0gD_1x0gA,ShallowMsa_008,CCMpred,0.0,0.0,0.0,0.0,0.0,0.0,1,0,0,0.0,Amb,0.0,Amb,0.0,0.0,0.0,t_recall,,,,
1x0gD_1x0gA,ShallowMsa_009,CCMpred,0.0,0.0053,0.0,0.0053,-0.0053,-0.0053,1,0,1,0.0,Amb,-0.0053,Amb,0.0,0.0,0.0053,t_recall,,,,
1x0gD_1x0gA,ShallowMsa_010,CCMpred,0.0,0.0,0.0,0.0,0.0,0.0,1,0,0,0.0,Amb,0.0,Amb,0.0,0.0,0.0,t_recall,,,,
1x0gD_1x0gA,ShallowMsa_011,CCMpred,0.0,0.0,0.0,0.0,0.0,0.0,1,0,0,0.0,Amb,0.0,Amb,0.0,0.0,0.0,t_recall,,,,
1x0gD_1x0gA,ShallowMsa_012,CCMpred,0.0,0.0053,0.0,0.0053,-0.0053,-0.0053,1,0,1,0.0,Amb,-0.0053,Amb,0.0,0.0,0.0053,t_recall,,,,
1x0gD_1x0gA,ShallowMsa_013,CCMpred,0.0,0.0,0.0,0.0,0.0,0.0,1,0,0,0.0,Amb,0.0,Amb,0.0,0.0,0.0,t_recall,,,,
1x0gD_1x0gA,ShallowMsa_014,CCMpred,0.0,0.0,0.0,0.0,0.0,0.0,1,0,0,0.0,Amb,0.0,Amb,0.0,0.0,0.0,t_recall,,,,
1x0gD_1x0gA,ShallowMsa_015,CCMpred,0.0,0.0,0.0,0.0,0.0,0.0,1,0,0,0.0,Amb,0.0,Amb,0.0,0.0,0.0,t_recall,,,,
1x0gD_1x0gA,ShallowMsa_016,CCMpred,0.0,0.0,0.0,0.0,0.0,0.0,1,0,0,0.0,Amb,0.0,Amb,0.0,0.0,0.0,t_recall,,,,
1x0gD_1x0gA,ShallowMsa_017,CCMpred,0.0,0.0,0.0,0.0,0.0,0.0,1,0,0,0.0,Amb,0.0,Amb,0.0,0.0,0.0,t_recall,,,,
1x0gD_1x0gA,ShallowMsa_018,CCMpred,0.0,0.0,0.0,0.0,0.0,0.0,1,0,0,0.0,Amb,0.0,Amb,0.0,0.0,0.0,t_recall,,,,
1x0gD_1x0gA,ShallowMsa_019,CCMpred,0.0,0.0,0.0,0.0,0.0,0.0,1,0,0,0.0,Amb,0.0,Amb,0.0,0.0,0.0,t_recall,,,,
1x0gD_1x0gA,ShallowMsa_020,CCMpred,0.0,0.0,0.0,0.0,0.0,0.0,1,0,0,0.0,Amb,0.0,Amb,0.0,0.0,0.0,t_recall,,,,
1x0gD_1x0gA,ShallowMsa_000,DDG,-14.8786,-30.8677,-14.8786,-30.8677,15.9892,15.9892,10,9,1,0.9,F1,0.5931,Amb,15.3961,,,ddg_kcal_per_mol(delta=1.0),15.9892,9.036,14.8786,30.8677
1x0gD_1x0gA,ShallowMsa_001,DDG,-15.6238,-30.3695,-15.6238,-30.3695,14.7458,14.7458,10,10,0,1.0,F1,-0.6503,Amb,15.3961,,,ddg_kcal_per_mol(delta=1.0),14.7458,4.4837,15.6238,30.3695
1x0gD_1x0gA,ShallowMsa_002,DDG,-14.4854,-32.3599,-14.4854,-32.3599,17.8745,17.8745,10,10,0,1.0,F1,2.4784,F1,15.3961,,,ddg_kcal_per_mol(delta=1.0),17.8745,5.2326,14.4854,32.3599
1x0gD_1x0gA,ShallowMsa_003,DDG,-11.5765,-23.524,-11.5765,-23.524,11.9475,11.9475,10,9,1,0.9,F1,-3.4486,F2,15.3961,,,ddg_kcal_per_mol(delta=1.0),11.9475,6.6569,11.5765,23.524
1x0gD_1x0gA,ShallowMsa_004,DDG,-15.0397,-30.9353,-15.0397,-30.9353,15.8956,15.8956,10,10,0,1.0,F1,0.4995,Amb,15.3961,,,ddg_kcal_per_mol(delta=1.0),15.8956,5.931,15.0397,30.9353
1x0gD_1x0gA,ShallowMsa_005,DDG,-13.4201,-28.0287,-13.4201,-28.0287,14.6085,14.6085,10,10,0,1.0,F1,-0.7876,Amb,15.3961,,,ddg_kcal_per_mol(delta=1.0),14.6085,7.3324,13.4201,28.0287
1x0gD_1x0gA,ShallowMsa_006,DDG,-14.398,-29.794,-14.398,-29.794,15.3961,15.3961,10,10,0,1.0,F1,0.0,Amb,15.3961,,,ddg_kcal_per_mol(delta=1.0),15.3961,6.5854,14.398,29.794
1x0gD_1x0gA,ShallowMsa_007,DDG,-14.537,-29.6446,-14.537,-29.6446,15.1075,15.1075,10,10,0,1.0,F1,-0.2886,Amb,15.3961,,,ddg_kcal_per_mol(delta=1.0),15.1075,5.589,14.537,29.6446
1x0gD_1x0gA,ShallowMsa_008,DDG,-15.0754,-30.9866,-15.0754,-30.9866,15.9112,15.9112,10,10,0,1.0,F1,0.5151,Amb,15.3961,,,ddg_kcal_per_mol(delta=1.0),15.9112,5.6799,15.0754,30.9866
1x0gD_1x0gA,ShallowMsa_009,DDG,-14.0275,-30.2515,-14.0275,-30.2515,16.224,16.224,10,10,0,1.0,F1,0.8279,Amb,15.3961,,,ddg_kcal_per_mol(delta=1.0),16.224,6.0653,14.0275,30.2515
1x0gD_1x0gA,ShallowMsa_010,DDG,-14.4034,-29.7755,-14.4034,-29.7755,15.3721,15.3721,10,10,0,1.0,F1,-0.024,Amb,15.3961,,,ddg_kcal_per_mol(delta=1.0),15.3721,6.6934,14.4034,29.7755
1x0gD_1x0gA,ShallowMsa_011,DDG,-17.5521,-34.4641,-17.5521,-34.4641,16.912,16.912,10,10,0,1.0,F1,1.5159,F1,15.3961,,,ddg_kcal_per_mol(delta=1.0),16.912,3.7509,17.5521,34.4641
1x0gD_1x0gA,ShallowMsa_012,DDG,-14.3294,-28.779,-14.3294,-28.779,14.4496,14.4496,10,10,0,1.0,F1,-0.9465,Amb,15.3961,,,ddg_kcal_per_mol(delta=1.0),14.4496,5.6375,14.3294,28.779
1x0gD_1x0gA,ShallowMsa_013,DDG,-14.0578,-29.1325,-14.0578,-29.1325,15.0748,15.0748,10,10,0,1.0,F1,-0.3213,Amb,15.3961,,,ddg_kcal_per_mol(delta=1.0),15.0748,7.4626,14.0578,29.1325
1x0gD_1x0gA,ShallowMsa_014,DDG,-14.0305,-27.7628,-14.0305,-27.7628,13.7323,13.7323,10,10,0,1.0,F1,-1.6638,F2,15.3961,,,ddg_kcal_per_mol(delta=1.0),13.7323,4.5374,14.0305,27.7628
1x0gD_1x0gA,ShallowMsa_015,DDG,-17.5536,-34.6922,-17.5536,-34.6922,17.1386,17.1386,10,10,0,1.0,F1,1.7425,F1,15.3961,,,ddg_kcal_per_mol(delta=1.0),17.1386,4.15,17.5536,34.6922
1x0gD_1x0gA,ShallowMsa_016,DDG,-15.5073,-32.6674,-15.5073,-32.6674,17.1601,17.1601,10,10,0,1.0,F1,1.764,F1,15.3961,,,ddg_kcal_per_mol(delta=1.0),17.1601,4.9538,15.5073,32.6674
1x0gD_1x0gA,ShallowMsa_017,DDG,-15.3965,-33.8743,-15.3965,-33.8743,18.4778,18.4778,10,10,0,1.0,F1,3.0817,F1,15.3961,,,ddg_kcal_per_mol(delta=1.0),18.4778,6.9274,15.3965,33.8743
1x0gD_1x0gA,ShallowMsa_018,DDG,-15.6923,-32.662,-15.6923,-32.662,16.9696,16.9696,10,10,0,1.0,F1,1.5735,F1,15.3961,,,ddg_kcal_per_mol(delta=1.0),16.9696,4.8103,15.6923,32.662
1x0gD_1x0gA,ShallowMsa_019,DDG,-13.9114,-28.5444,-13.9114,-28.5444,14.633,14.633,10,10,0,1.0,F1,-0.7631,Amb,15.3961,,,ddg_kcal_per_mol(delta=1.0),14.633,5.7792,13.9114,28.5444
1x0gD_1x0gA,ShallowMsa_020,DDG,-15.2176,-30.031,-15.2176,-30.031,14.8135,14.8135,10,10,0,1.0,F1,-0.5826,Amb,15.3961,,,ddg_kcal_per_mol(delta=1.0),14.8135,5.2171,15.2176,30.031
1x0gD_1x0gA,ShallowMsa_000,Boltz2,0.6181,0.6181,0.6181,0.6181,0.0,0.0,1,0,0,0.0,Amb,0.0,Amb,0.0,,,,,,,
1x0gD_1x0gA,ShallowMsa_001,Boltz2,0.5153,0.5153,0.5153,0.5153,0.0,0.0,1,0,0,0.0,Amb,0.0,Amb,0.0,,,,,,,
1x0gD_1x0gA,ShallowMsa_002,Boltz2,0.3367,0.3367,0.3367,0.3367,0.0,0.0,1,0,0,0.0,Amb,0.0,Amb,0.0,,,,,,,
1x0gD_1x0gA,ShallowMsa_003,Boltz2,0.7404,0.7404,0.7404,0.7404,0.0,0.0,1,0,0,0.0,Amb,0.0,Amb,0.0,,,,,,,
1x0gD_1x0gA,ShallowMsa_004,Boltz2,0.5331,0.5331,0.5331,0.5331,0.0,0.0,1,0,0,0.0,Amb,0.0,Amb,0.0,,,,,,,
1x0gD_1x0gA,ShallowMsa_005,Boltz2,0.2935,0.2935,0.2935,0.2935,0.0,0.0,1,0,0,0.0,Amb,0.0,Amb,0.0,,,,,,,
1x0gD_1x0gA,ShallowMsa_006,Boltz2,0.6952,0.6952,0.6952,0.6952,0.0,0.0,1,0,0,0.0,Amb,0.0,Amb,0.0,,,,,,,
1x0gD_1x0gA,ShallowMsa_007,Boltz2,0.3424,0.3424,0.3424,0.3424,0.0,0.0,1,0,0,0.0,Amb,0.0,Amb,0.0,,,,,,,
1x0gD_1x0gA,ShallowMsa_008,Boltz2,0.7273,0.7273,0.7273,0.7273,0.0,0.0,1,0,0,0.0,Amb,0.0,Amb,0.0,,,,,,,
1x0gD_1x0gA,ShallowMsa_009,Boltz2,0.2921,0.2921,0.2921,0.2921,0.0,0.0,1,0,0,0.0,Amb,0.0,Amb,0.0,,,,,,,
1x0gD_1x0gA,ShallowMsa_010,Boltz2,0.5778,0.5778,0.5778,0.5778,0.0,0.0,1,0,0,0.0,Amb,0.0,Amb,0.0,,,,,,,
1x0gD_1x0gA,ShallowMsa_012,Boltz2,0.6851,0.6851,0.6851,0.6851,0.0,0.0,1,0,0,0.0,Amb,0.0,Amb,0.0,,,,,,,
1x0gD_1x0gA,ShallowMsa_013,Boltz2,0.6791,0.6791,0.6791,0.6791,0.0,0.0,1,0,0,0.0,Amb,0.0,Amb,0.0,,,,,,,
1x0gD_1x0gA,ShallowMsa_014,Boltz2,0.3405,0.3405,0.3405,0.3405,0.0,0.0,1,0,0,0.0,Amb,0.0,Amb,0.0,,,,,,,
1x0gD_1x0gA,ShallowMsa_015,Boltz2,0.6179,0.6179,0.6179,0.6179,0.0,0.0,1,0,0,0.0,Amb,0.0,Amb,0.0,,,,,,,
1x0gD_1x0gA,ShallowMsa_016,Boltz2,0.4814,0.4814,0.4814,0.4814,0.0,0.0,1,0,0,0.0,Amb,0.0,Amb,0.0,,,,,,,
1x0gD_1x0gA,ShallowMsa_017,Boltz2,0.5987,0.5987,0.5987,0.5987,0.0,0.0,1,0,0,0.0,Amb,0.0,Amb,0.0,,,,,,,
1x0gD_1x0gA,ShallowMsa_018,Boltz2,0.6223,0.6223,0.6223,0.6223,0.0,0.0,1,0,0,0.0,Amb,0.0,Amb,0.0,,,,,,,
1x0gD_1x0gA,ShallowMsa_019,Boltz2,0.5707,0.5707,0.5707,0.5707,0.0,0.0,1,0,0,0.0,Amb,0.0,Amb,0.0,,,,,,,
1x0gD_1x0gA,ShallowMsa_020,Boltz2,0.4763,0.4763,0.4763,0.4763,0.0,0.0,1,0,0,0.0,Amb,0.0,Amb,0.0,,,,,,,
1xezA_3o44A,DeepMsa,AF2,0.6368,0.6777,0.6323,0.663,-0.0408,-0.0307,2,0,2,0.0,Amb,-0.0408,Amb,0.0,,,,,,,
1xezA_3o44A,ShallowMsa_000,AF2,0.6317,0.8665,0.6282,0.8347,-0.2348,-0.2065,2,0,2,0.0,F2,-0.2348,F2,0.0,,,,,,,
1xezA_3o44A,DeepMsa,AF3,0.6193,0.8772,0.6178,0.8757,-0.2579,-0.2579,2,0,2,0.0,F2,-0.2579,F2,0.0,,,,,,,
1xezA_3o44A,ShallowMsa_000,AF3,0.6217,0.8732,0.619,0.8726,-0.2515,-0.2536,2,0,2,0.0,F2,-0.2515,F2,0.0,,,,,,,
1xezA_3o44A,ShallowMsa_000,ESM,0.5499,0.6692,0.3805,0.4062,-0.1194,-0.0257,10,3,7,0.3,Amb,-0.1194,F2,0.0,,,,,,,
1xezA_3o44A,DeepMsa,MSAT,0.0998,0.108,0.0998,0.108,-0.0082,-0.0082,1,0,1,0.0,Amb,-0.0082,Amb,0.0,0.0998,0.108,t_recall,,,,
1xezA_3o44A,ShallowMsa_000,MSAT,0.1176,0.1163,0.1176,0.1163,0.0013,0.0013,1,1,0,1.0,Amb,0.0013,Amb,0.0,0.1176,0.1163,t_recall,,,,
1xezA_3o44A,DeepMsa,CCMpred,0.0,0.0,0.0,0.0,0.0,0.0,1,0,0,0.0,Amb,0.0,Amb,0.0,0.0,0.0,t_recall,,,,
1xezA_3o44A,ShallowMsa_000,CCMpred,0.0,0.0,0.0,0.0,0.0,0.0,1,0,0,0.0,Amb,0.0,Amb,0.0,0.0,0.0,t_recall,,,,
1xezA_3o44A,ShallowMsa_000,DDG,-135.0251,-107.9606,-135.0251,-107.9606,-27.0645,-27.0645,10,2,8,0.2,F2,-27.0645,F2,0.0,,,ddg_kcal_per_mol(delta=1.0),-27.0645,24.8982,135.0251,107.9606
1xezA_3o44A,ShallowMsa_000,Boltz2,0.2417,0.2559,0.2417,0.2559,-0.0143,-0.0143,1,0,1,0.0,Amb,-0.0143,Amb,0.0,,,,,,,
1xjuB_1xjtA,DeepMsa,AF2,0.7832,0.9757,0.7766,0.862,-0.1925,-0.0854,2,1,1,0.5,F2,-0.1925,F2,0.0069,,,,,,,
1xjuB_1xjtA,ShallowMsa_000,AF2,0.5407,0.5503,0.5374,0.5362,-0.0096,0.0011,2,1,1,0.5,Amb,-0.0164,Amb,0.0069,,,,,,,
1xjuB_1xjtA,ShallowMsa_001,AF2,0.6431,0.5982,0.6424,0.5938,0.0449,0.0486,2,2,0,1.0,Amb,0.0381,Amb,0.0069,,,,,,,
1xjuB_1xjtA,ShallowMsa_002,AF2,0.6898,0.6813,0.6884,0.6495,0.0085,0.0389,2,2,0,1.0,Amb,0.0017,Amb,0.0069,,,,,,,
1xjuB_1xjtA,ShallowMsa_003,AF2,0.5285,0.5454,0.5167,0.5358,-0.0169,-0.0191,2,0,2,0.0,Amb,-0.0238,Amb,0.0069,,,,,,,
1xjuB_1xjtA,ShallowMsa_004,AF2,0.6345,0.5673,0.6109,0.5597,0.0672,0.0512,2,2,0,1.0,F1,0.0603,F1,0.0069,,,,,,,
1xjuB_1xjtA,ShallowMsa_005,AF2,0.6878,0.6372,0.6693,0.6225,0.0505,0.0468,2,2,0,1.0,F1,0.0437,Amb,0.0069,,,,,,,
1xjuB_1xjtA,ShallowMsa_006,AF2,0.4009,0.3956,0.3836,0.3765,0.0052,0.0071,2,2,0,1.0,Amb,-0.0017,Amb,0.0069,,,,,,,
1xjuB_1xjtA,ShallowMsa_007,AF2,0.2678,0.3122,0.2613,0.3075,-0.0444,-0.0462,2,0,2,0.0,Amb,-0.0513,F2,0.0069,,,,,,,
1xjuB_1xjtA,ShallowMsa_008,AF2,0.6089,0.5568,0.5873,0.5407,0.0521,0.0466,2,2,0,1.0,F1,0.0452,Amb,0.0069,,,,,,,
1xjuB_1xjtA,ShallowMsa_009,AF2,0.6052,0.5497,0.5976,0.5469,0.0554,0.0508,2,2,0,1.0,F1,0.0485,Amb,0.0069,,,,,,,
1xjuB_1xjtA,ShallowMsa_010,AF2,0.7232,0.6985,0.6925,0.6688,0.0247,0.0237,2,2,0,1.0,Amb,0.0178,Amb,0.0069,,,,,,,
1xjuB_1xjtA,ShallowMsa_011,AF2,0.3991,0.4012,0.3984,0.3945,-0.0021,0.0039,2,1,1,0.5,Amb,-0.0089,Amb,0.0069,,,,,,,
1xjuB_1xjtA,ShallowMsa_012,AF2,0.7541,0.7554,0.7391,0.7551,-0.0013,-0.016,2,0,2,0.0,Amb,-0.0082,Amb,0.0069,,,,,,,
1xjuB_1xjtA,ShallowMsa_013,AF2,0.6165,0.5793,0.6098,0.5693,0.0372,0.0406,2,2,0,1.0,Amb,0.0303,Amb,0.0069,,,,,,,
1xjuB_1xjtA,ShallowMsa_014,AF2,0.6281,0.6681,0.6091,0.6409,-0.04,-0.0318,2,0,2,0.0,Amb,-0.0469,Amb,0.0069,,,,,,,
1xjuB_1xjtA,ShallowMsa_015,AF2,0.5987,0.5983,0.5915,0.5959,0.0003,-0.0043,2,1,1,0.5,Amb,-0.0066,Amb,0.0069,,,,,,,
1xjuB_1xjtA,ShallowMsa_016,AF2,0.7975,0.9676,0.7773,0.8933,-0.1701,-0.1159,2,0,2,0.0,F2,-0.1769,F2,0.0069,,,,,,,
1xjuB_1xjtA,ShallowMsa_017,AF2,0.6016,0.5432,0.5869,0.5243,0.0585,0.0627,2,2,0,1.0,F1,0.0517,F1,0.0069,,,,,,,
1xjuB_1xjtA,DeepMsa,AF3,0.8156,0.9702,0.7905,0.8861,-0.1546,-0.0957,2,1,1,0.5,F2,-0.1546,F2,0.0044,,,,,,,
1xjuB_1xjtA,ShallowMsa_000,AF3,0.5595,0.5679,0.5273,0.5614,-0.0084,-0.0341,2,1,1,0.5,Amb,-0.0129,Amb,0.0044,,,,,,,
1xjuB_1xjtA,ShallowMsa_001,AF3,0.6316,0.6328,0.6272,0.6295,-0.0012,-0.0023,2,1,1,0.5,Amb,-0.0056,Amb,0.0044,,,,,,,
1xjuB_1xjtA,ShallowMsa_002,AF3,0.6787,0.6833,0.5706,0.6053,-0.0046,-0.0348,2,0,2,0.0,Amb,-0.009,Amb,0.0044,,,,,,,
1xjuB_1xjtA,ShallowMsa_003,AF3,0.5239,0.6036,0.523,0.5931,-0.0797,-0.0701,2,0,2,0.0,F2,-0.0841,F2,0.0044,,,,,,,
1xjuB_1xjtA,ShallowMsa_004,AF3,0.5878,0.5589,0.5763,0.5571,0.0289,0.0192,2,2,0,1.0,Amb,0.0244,Amb,0.0044,,,,,,,
1xjuB_1xjtA,ShallowMsa_005,AF3,0.7063,0.6601,0.6791,0.6445,0.0462,0.0346,2,2,0,1.0,Amb,0.0417,Amb,0.0044,,,,,,,
1xjuB_1xjtA,ShallowMsa_006,AF3,0.5809,0.5639,0.5676,0.549,0.017,0.0186,2,1,1,0.5,Amb,0.0126,Amb,0.0044,,,,,,,
1xjuB_1xjtA,ShallowMsa_007,AF3,0.2663,0.3227,0.2626,0.3165,-0.0564,-0.0539,2,0,2,0.0,F2,-0.0609,F2,0.0044,,,,,,,
1xjuB_1xjtA,ShallowMsa_008,AF3,0.6149,0.5234,0.6002,0.5197,0.0915,0.0805,2,2,0,1.0,F1,0.0871,F1,0.0044,,,,,,,
1xjuB_1xjtA,ShallowMsa_009,AF3,0.6266,0.5453,0.6101,0.5336,0.0813,0.0765,2,2,0,1.0,F1,0.0769,F1,0.0044,,,,,,,
1xjuB_1xjtA,ShallowMsa_010,AF3,0.7265,0.6865,0.6998,0.6692,0.0399,0.0306,2,2,0,1.0,Amb,0.0354,Amb,0.0044,,,,,,,
1xjuB_1xjtA,ShallowMsa_011,AF3,0.4971,0.4932,0.4426,0.4575,0.0039,-0.0149,2,1,1,0.5,Amb,-0.0006,Amb,0.0044,,,,,,,
1xjuB_1xjtA,ShallowMsa_012,AF3,0.7572,0.7583,0.7405,0.7567,-0.0011,-0.0163,2,0,2,0.0,Amb,-0.0056,Amb,0.0044,,,,,,,
1xjuB_1xjtA,ShallowMsa_013,AF3,0.5934,0.5853,0.581,0.5773,0.0081,0.0037,2,1,1,0.5,Amb,0.0036,Amb,0.0044,,,,,,,
1xjuB_1xjtA,ShallowMsa_014,AF3,0.6212,0.6316,0.6042,0.6149,-0.0104,-0.0107,2,0,2,0.0,Amb,-0.0148,Amb,0.0044,,,,,,,
1xjuB_1xjtA,ShallowMsa_015,AF3,0.6116,0.6066,0.5992,0.603,0.005,-0.0038,2,1,1,0.5,Amb,0.0006,Amb,0.0044,,,,,,,
1xjuB_1xjtA,ShallowMsa_016,AF3,0.8281,0.9811,0.7959,0.8792,-0.1531,-0.0833,2,1,1,0.5,F2,-0.1576,F2,0.0044,,,,,,,
1xjuB_1xjtA,ShallowMsa_017,AF3,0.5832,0.525,0.5722,0.5065,0.0582,0.0656,2,2,0,1.0,F1,0.0537,F1,0.0044,,,,,,,
1xjuB_1xjtA,ShallowMsa_000,ESM,0.6704,0.7421,0.5546,0.6026,-0.0717,-0.048,20,4,16,0.2,Amb,0.0067,Amb,-0.0784,,,,,,,
1xjuB_1xjtA,ShallowMsa_001,ESM,0.6797,0.7302,0.5556,0.6069,-0.0505,-0.0512,20,2,18,0.1,F2,0.0278,Amb,-0.0784,,,,,,,
1xjuB_1xjtA,ShallowMsa_002,ESM,0.7668,0.9278,0.6535,0.724,-0.1609,-0.0705,20,6,14,0.3,F2,-0.0825,F2,-0.0784,,,,,,,
1xjuB_1xjtA,ShallowMsa_003,ESM,0.7321,0.8494,0.5236,0.6179,-0.1173,-0.0943,20,0,20,0.0,F2,-0.0389,Amb,-0.0784,,,,,,,
1xjuB_1xjtA,ShallowMsa_004,ESM,0.6896,0.8372,0.5952,0.6852,-0.1475,-0.09,20,2,18,0.1,F2,-0.0691,F2,-0.0784,,,,,,,
1xjuB_1xjtA,ShallowMsa_005,ESM,0.777,0.9185,0.666,0.76,-0.1415,-0.094,20,8,12,0.4,F2,-0.0631,F2,-0.0784,,,,,,,
1xjuB_1xjtA,ShallowMsa_006,ESM,0.7554,0.8404,0.5643,0.6379,-0.085,-0.0736,20,4,16,0.2,F2,-0.0067,Amb,-0.0784,,,,,,,
1xjuB_1xjtA,ShallowMsa_007,ESM,0.6598,0.7258,0.4961,0.561,-0.066,-0.065,20,2,18,0.1,F2,0.0123,Amb,-0.0784,,,,,,,
1xjuB_1xjtA,ShallowMsa_008,ESM,0.6729,0.8204,0.626,0.7236,-0.1474,-0.0976,20,2,18,0.1,F2,-0.0691,F2,-0.0784,,,,,,,
1xjuB_1xjtA,ShallowMsa_009,ESM,0.68,0.8079,0.6354,0.7332,-0.1279,-0.0978,20,0,20,0.0,F2,-0.0496,Amb,-0.0784,,,,,,,
1xjuB_1xjtA,ShallowMsa_010,ESM,0.7311,0.8569,0.627,0.676,-0.1258,-0.049,20,10,10,0.5,Amb,-0.0474,Amb,-0.0784,,,,,,,
1xjuB_1xjtA,ShallowMsa_011,ESM,0.6414,0.6911,0.4343,0.4915,-0.0497,-0.0572,20,4,16,0.2,F2,0.0287,Amb,-0.0784,,,,,,,
1xjuB_1xjtA,ShallowMsa_012,ESM,0.7633,0.8893,0.6454,0.7216,-0.126,-0.0762,20,2,18,0.1,F2,-0.0476,Amb,-0.0784,,,,,,,
1xjuB_1xjtA,ShallowMsa_013,ESM,0.6661,0.7268,0.6445,0.7032,-0.0606,-0.0586,20,0,20,0.0,F2,0.0178,Amb,-0.0784,,,,,,,
1xjuB_1xjtA,ShallowMsa_014,ESM,0.6741,0.7251,0.5824,0.6467,-0.051,-0.0643,20,0,20,0.0,F2,0.0274,Amb,-0.0784,,,,,,,
1xjuB_1xjtA,ShallowMsa_015,ESM,0.6767,0.7189,0.5838,0.6351,-0.0422,-0.0513,20,2,18,0.1,F2,0.0362,Amb,-0.0784,,,,,,,
1xjuB_1xjtA,ShallowMsa_016,ESM,0.7983,0.857,0.6487,0.6957,-0.0586,-0.047,20,6,14,0.3,Amb,0.0198,Amb,-0.0784,,,,,,,
1xjuB_1xjtA,ShallowMsa_017,ESM,0.6637,0.712,0.6351,0.6821,-0.0483,-0.0471,20,2,18,0.1,Amb,0.0301,Amb,-0.0784,,,,,,,
1xjuB_1xjtA,DeepMsa,MSAT,0.4372,0.0391,0.4372,0.0391,0.3981,0.3981,1,1,0,1.0,F1,0.3981,F1,0.0,0.4372,0.0391,t_recall,,,,
1xjuB_1xjtA,ShallowMsa_000,MSAT,0.0325,0.0,0.0325,0.0,0.0325,0.0325,1,1,0,1.0,Amb,0.0325,Amb,0.0,0.0325,0.0,t_recall,,,,
1xjuB_1xjtA,ShallowMsa_001,MSAT,0.0,0.0323,0.0,0.0323,-0.0323,-0.0323,1,0,1,0.0,Amb,-0.0323,Amb,0.0,0.0,0.0323,t_recall,,,,
1xjuB_1xjtA,ShallowMsa_002,MSAT,0.0226,0.0,0.0226,0.0,0.0226,0.0226,1,1,0,1.0,Amb,0.0226,Amb,0.0,0.0226,0.0,t_recall,,,,
1xjuB_1xjtA,ShallowMsa_003,MSAT,0.0,0.0166,0.0,0.0166,-0.0166,-0.0166,1,0,1,0.0,Amb,-0.0166,Amb,0.0,0.0,0.0166,t_recall,,,,
1xjuB_1xjtA,ShallowMsa_004,MSAT,0.0147,0.0,0.0147,0.0,0.0147,0.0147,1,1,0,1.0,Amb,0.0147,Amb,0.0,0.0147,0.0,t_recall,,,,
1xjuB_1xjtA,ShallowMsa_005,MSAT,0.0,0.0,0.0,0.0,0.0,0.0,1,0,0,0.0,Amb,0.0,Amb,0.0,0.0,0.0,t_recall,,,,
1xjuB_1xjtA,ShallowMsa_006,MSAT,0.0242,0.0221,0.0242,0.0221,0.0021,0.0021,1,1,0,1.0,Amb,0.0021,Amb,0.0,0.0242,0.0221,t_recall,,,,
1xjuB_1xjtA,ShallowMsa_007,MSAT,0.0,0.0,0.0,0.0,0.0,0.0,1,0,0,0.0,Amb,0.0,Amb,0.0,0.0,0.0,t_recall,,,,
1xjuB_1xjtA,ShallowMsa_008,MSAT,0.0,0.0,0.0,0.0,0.0,0.0,1,0,0,0.0,Amb,0.0,Amb,0.0,0.0,0.0,t_recall,,,,
1xjuB_1xjtA,ShallowMsa_009,MSAT,0.0,0.011,0.0,0.011,-0.011,-0.011,1,0,1,0.0,Amb,-0.011,Amb,0.0,0.0,0.011,t_recall,,,,
1xjuB_1xjtA,ShallowMsa_010,MSAT,0.007,0.0055,0.007,0.0055,0.0015,0.0015,1,1,0,1.0,Amb,0.0015,Amb,0.0,0.007,0.0055,t_recall,,,,
1xjuB_1xjtA,ShallowMsa_011,MSAT,0.0,0.0055,0.0,0.0055,-0.0055,-0.0055,1,0,1,0.0,Amb,-0.0055,Amb,0.0,0.0,0.0055,t_recall,,,,
1xjuB_1xjtA,ShallowMsa_012,MSAT,0.007,0.0164,0.007,0.0164,-0.0094,-0.0094,1,0,1,0.0,Amb,-0.0094,Amb,0.0,0.007,0.0164,t_recall,,,,
1xjuB_1xjtA,ShallowMsa_013,MSAT,0.0301,0.0167,0.0301,0.0167,0.0134,0.0134,1,1,0,1.0,Amb,0.0134,Amb,0.0,0.0301,0.0167,t_recall,,,,
1xjuB_1xjtA,ShallowMsa_014,MSAT,0.0597,0.011,0.0597,0.011,0.0487,0.0487,1,1,0,1.0,Amb,0.0487,Amb,0.0,0.0597,0.011,t_recall,,,,
1xjuB_1xjtA,ShallowMsa_015,MSAT,0.0086,0.0116,0.0086,0.0116,-0.003,-0.003,1,0,1,0.0,Amb,-0.003,Amb,0.0,0.0086,0.0116,t_recall,,,,
1xjuB_1xjtA,ShallowMsa_016,MSAT,0.2663,0.0043,0.2663,0.0043,0.262,0.262,1,1,0,1.0,F1,0.262,F1,0.0,0.2663,0.0043,t_recall,,,,
1xjuB_1xjtA,ShallowMsa_017,MSAT,0.0,0.0,0.0,0.0,0.0,0.0,1,0,0,0.0,Amb,0.0,Amb,0.0,0.0,0.0,t_recall,,,,
1xjuB_1xjtA,DeepMsa,CCMpred,0.0704,0.013,0.0704,0.013,0.0574,0.0574,1,1,0,1.0,F1,0.0574,F1,0.0,0.0704,0.013,t_recall,,,,
1xjuB_1xjtA,ShallowMsa_000,CCMpred,0.0,0.0,0.0,0.0,0.0,0.0,1,0,0,0.0,Amb,0.0,Amb,0.0,0.0,0.0,t_recall,,,,
1xjuB_1xjtA,ShallowMsa_001,CCMpred,0.0,0.0,0.0,0.0,0.0,0.0,1,0,0,0.0,Amb,0.0,Amb,0.0,0.0,0.0,t_recall,,,,
1xjuB_1xjtA,ShallowMsa_002,CCMpred,0.0,0.0,0.0,0.0,0.0,0.0,1,0,0,0.0,Amb,0.0,Amb,0.0,0.0,0.0,t_recall,,,,
1xjuB_1xjtA,ShallowMsa_003,CCMpred,0.0,0.0,0.0,0.0,0.0,0.0,1,0,0,0.0,Amb,0.0,Amb,0.0,0.0,0.0,t_recall,,,,
1xjuB_1xjtA,ShallowMsa_004,CCMpred,0.0,0.0,0.0,0.0,0.0,0.0,1,0,0,0.0,Amb,0.0,Amb,0.0,0.0,0.0,t_recall,,,,
1xjuB_1xjtA,ShallowMsa_005,CCMpred,0.0,0.0,0.0,0.0,0.0,0.0,1,0,0,0.0,Amb,0.0,Amb,0.0,0.0,0.0,t_recall,,,,
1xjuB_1xjtA,ShallowMsa_006,CCMpred,0.0,0.0,0.0,0.0,0.0,0.0,1,0,0,0.0,Amb,0.0,Amb,0.0,0.0,0.0,t_recall,,,,
1xjuB_1xjtA,ShallowMsa_007,CCMpred,0.0,0.0,0.0,0.0,0.0,0.0,1,0,0,0.0,Amb,0.0,Amb,0.0,0.0,0.0,t_recall,,,,
1xjuB_1xjtA,ShallowMsa_008,CCMpred,0.0,0.0,0.0,0.0,0.0,0.0,1,0,0,0.0,Amb,0.0,Amb,0.0,0.0,0.0,t_recall,,,,
1xjuB_1xjtA,ShallowMsa_009,CCMpred,0.0,0.0,0.0,0.0,0.0,0.0,1,0,0,0.0,Amb,0.0,Amb,0.0,0.0,0.0,t_recall,,,,
1xjuB_1xjtA,ShallowMsa_010,CCMpred,0.0,0.0,0.0,0.0,0.0,0.0,1,0,0,0.0,Amb,0.0,Amb,0.0,0.0,0.0,t_recall,,,,
1xjuB_1xjtA,ShallowMsa_011,CCMpred,0.0,0.0,0.0,0.0,0.0,0.0,1,0,0,0.0,Amb,0.0,Amb,0.0,0.0,0.0,t_recall,,,,
1xjuB_1xjtA,ShallowMsa_012,CCMpred,0.0,0.0,0.0,0.0,0.0,0.0,1,0,0,0.0,Amb,0.0,Amb,0.0,0.0,0.0,t_recall,,,,
1xjuB_1xjtA,ShallowMsa_013,CCMpred,0.0,0.0,0.0,0.0,0.0,0.0,1,0,0,0.0,Amb,0.0,Amb,0.0,0.0,0.0,t_recall,,,,
1xjuB_1xjtA,ShallowMsa_014,CCMpred,0.0,0.0,0.0,0.0,0.0,0.0,1,0,0,0.0,Amb,0.0,Amb,0.0,0.0,0.0,t_recall,,,,
1xjuB_1xjtA,ShallowMsa_015,CCMpred,0.0,0.0,0.0,0.0,0.0,0.0,1,0,0,0.0,Amb,0.0,Amb,0.0,0.0,0.0,t_recall,,,,
1xjuB_1xjtA,ShallowMsa_016,CCMpred,0.0,0.0,0.0,0.0,0.0,0.0,1,0,0,0.0,Amb,0.0,Amb,0.0,0.0,0.0,t_recall,,,,
1xjuB_1xjtA,ShallowMsa_017,CCMpred,0.0,0.0,0.0,0.0,0.0,0.0,1,0,0,0.0,Amb,0.0,Amb,0.0,0.0,0.0,t_recall,,,,
1xjuB_1xjtA,ShallowMsa_000,DDG,-47.8466,-50.4028,-47.8466,-50.4028,2.5562,2.5562,10,8,2,0.8,F1,-1.645,F2,4.2012,,,ddg_kcal_per_mol(delta=1.0),2.5562,3.4639,47.8466,50.4028
1xjuB_1xjtA,ShallowMsa_001,DDG,-50.8912,-56.509,-50.8912,-56.509,5.6178,5.6178,10,8,2,0.8,F1,1.4166,F1,4.2012,,,ddg_kcal_per_mol(delta=1.0),5.6178,7.7636,50.8912,56.509
1xjuB_1xjtA,ShallowMsa_002,DDG,-32.335,-37.0463,-32.335,-37.0463,4.7113,4.7113,10,9,1,0.9,F1,0.5101,Amb,4.2012,,,ddg_kcal_per_mol(delta=1.0),4.7113,3.8102,32.335,37.0463
1xjuB_1xjtA,ShallowMsa_003,DDG,-41.4742,-46.2467,-41.4742,-46.2467,4.7726,4.7726,10,8,2,0.8,F1,0.5714,Amb,4.2012,,,ddg_kcal_per_mol(delta=1.0),4.7726,4.6854,41.4742,46.2467
1xjuB_1xjtA,ShallowMsa_004,DDG,-49.7953,-52.5552,-49.7953,-52.5552,2.76,2.76,10,8,2,0.8,F1,-1.4412,F2,4.2012,,,ddg_kcal_per_mol(delta=1.0),2.76,4.2347,49.7953,52.5552
1xjuB_1xjtA,ShallowMsa_005,DDG,-25.4673,-27.4346,-25.4673,-27.4346,1.9673,1.9673,10,10,0,1.0,F1,-2.2339,F2,4.2012,,,ddg_kcal_per_mol(delta=1.0),1.9673,1.7926,25.4673,27.4346
1xjuB_1xjtA,ShallowMsa_006,DDG,-43.6481,-47.0626,-43.6481,-47.0626,3.4144,3.4144,10,7,3,0.7,F1,-0.7868,Amb,4.2012,,,ddg_kcal_per_mol(delta=1.0),3.4144,4.8501,43.6481,47.0626
1xjuB_1xjtA,ShallowMsa_007,DDG,-43.9255,-48.8303,-43.9255,-48.8303,4.9048,4.9048,10,9,1,0.9,F1,0.7036,Amb,4.2012,,,ddg_kcal_per_mol(delta=1.0),4.9048,4.263,43.9255,48.8303
1xjuB_1xjtA,ShallowMsa_008,DDG,-43.7812,-47.4723,-43.7812,-47.4723,3.6911,3.6911,10,7,3,0.7,F1,-0.5101,Amb,4.2012,,,ddg_kcal_per_mol(delta=1.0),3.6911,4.6307,43.7812,47.4723
1xjuB_1xjtA,ShallowMsa_009,DDG,-47.3891,-48.6448,-47.3891,-48.6448,1.2558,1.2558,10,6,4,0.6,F1,-2.9454,F2,4.2012,,,ddg_kcal_per_mol(delta=1.0),1.2558,4.4404,47.3891,48.6448
1xjuB_1xjtA,ShallowMsa_010,DDG,-40.0848,-46.7558,-40.0848,-46.7558,6.671,6.671,10,9,1,0.9,F1,2.4698,F1,4.2012,,,ddg_kcal_per_mol(delta=1.0),6.671,4.7363,40.0848,46.7558
1xjuB_1xjtA,ShallowMsa_011,DDG,-41.1171,-48.1722,-41.1171,-48.1722,7.0552,7.0552,10,8,2,0.8,F1,2.854,F1,4.2012,,,ddg_kcal_per_mol(delta=1.0),7.0552,6.5844,41.1171,48.1722
1xjuB_1xjtA,ShallowMsa_012,DDG,-41.7055,-47.4485,-41.7055,-47.4485,5.743,5.743,10,10,0,1.0,F1,1.5418,F1,4.2012,,,ddg_kcal_per_mol(delta=1.0),5.743,3.2236,41.7055,47.4485
1xjuB_1xjtA,ShallowMsa_013,DDG,-56.2802,-60.9987,-56.2802,-60.9987,4.7185,4.7185,10,8,2,0.8,F1,0.5173,Amb,4.2012,,,ddg_kcal_per_mol(delta=1.0),4.7185,5.9429,56.2802,60.9987
1xjuB_1xjtA,ShallowMsa_014,DDG,-51.033,-57.051,-51.033,-57.051,6.018,6.018,10,10,0,1.0,F1,1.8168,F1,4.2012,,,ddg_kcal_per_mol(delta=1.0),6.018,3.1512,51.033,57.051
1xjuB_1xjtA,ShallowMsa_015,DDG,-55.7065,-58.0188,-55.7065,-58.0188,2.3122,2.3122,10,6,4,0.6,F1,-1.889,F2,4.2012,,,ddg_kcal_per_mol(delta=1.0),2.3122,6.4188,55.7065,58.0188
1xjuB_1xjtA,ShallowMsa_016,DDG,-41.4603,-43.5665,-41.4603,-43.5665,2.1062,2.1062,10,5,5,0.5,F1,-2.095,F2,4.2012,,,ddg_kcal_per_mol(delta=1.0),2.1062,6.4295,41.4603,43.5665
1xjuB_1xjtA,ShallowMsa_017,DDG,-61.7839,-59.3472,-61.7839,-59.3472,-2.4367,-2.4367,10,0,10,0.0,F2,-6.6379,F2,4.2012,,,ddg_kcal_per_mol(delta=1.0),-2.4367,1.6064,61.7839,59.3472
1xjuB_1xjtA,ShallowMsa_001,Boltz2,0.271,0.3456,0.271,0.3456,-0.0746,-0.0746,1,0,1,0.0,F2,-0.0711,F2,-0.0035,,,,,,,
1xjuB_1xjtA,ShallowMsa_002,Boltz2,0.2926,0.2685,0.2926,0.2685,0.024,0.024,1,1,0,1.0,Amb,0.0275,Amb,-0.0035,,,,,,,
1xjuB_1xjtA,ShallowMsa_006,Boltz2,0.2951,0.2647,0.2951,0.2647,0.0304,0.0304,1,1,0,1.0,Amb,0.0339,Amb,-0.0035,,,,,,,
1xjuB_1xjtA,ShallowMsa_010,Boltz2,0.427,0.4406,0.427,0.4406,-0.0136,-0.0136,1,0,1,0.0,Amb,-0.0101,Amb,-0.0035,,,,,,,
1xjuB_1xjtA,ShallowMsa_015,Boltz2,0.3639,0.3573,0.3639,0.3573,0.0066,0.0066,1,1,0,1.0,Amb,0.0101,Amb,-0.0035,,,,,,,
1xjuB_1xjtA,ShallowMsa_016,Boltz2,0.7069,0.726,0.7069,0.726,-0.0191,-0.0191,1,0,1,0.0,Amb,-0.0156,Amb,-0.0035,,,,,,,
1xtgB_3j97M,DeepMsa,AF2,0.3524,0.4805,0.3468,0.4561,-0.1281,-0.1093,2,0,2,0.0,F2,-0.1281,F2,-0.0756,,,,,,,
1xtgB_3j97M,ShallowMsa_000,AF2,0.3544,0.4306,0.3544,0.4306,-0.0762,-0.0762,2,0,2,0.0,F2,-0.0006,Amb,-0.0756,,,,,,,
1xtgB_3j97M,ShallowMsa_001,AF2,0.3573,0.4638,0.3521,0.4427,-0.1064,-0.0906,2,0,2,0.0,F2,-0.0308,Amb,-0.0756,,,,,,,
1xtgB_3j97M,ShallowMsa_002,AF2,0.3446,0.4279,0.3414,0.4088,-0.0833,-0.0673,2,0,2,0.0,F2,-0.0077,Amb,-0.0756,,,,,,,
1xtgB_3j97M,ShallowMsa_003,AF2,0.3536,0.4237,0.3535,0.4236,-0.0702,-0.0701,2,0,2,0.0,F2,0.0054,Amb,-0.0756,,,,,,,
1xtgB_3j97M,ShallowMsa_004,AF2,0.3522,0.4243,0.3522,0.4243,-0.0721,-0.0721,2,0,2,0.0,F2,0.0035,Amb,-0.0756,,,,,,,
1xtgB_3j97M,ShallowMsa_005,AF2,0.3508,0.4271,0.3508,0.4271,-0.0762,-0.0762,2,0,2,0.0,F2,-0.0006,Amb,-0.0756,,,,,,,
1xtgB_3j97M,ShallowMsa_006,AF2,0.3444,0.3704,0.3439,0.3701,-0.026,-0.0261,2,0,2,0.0,Amb,0.0496,Amb,-0.0756,,,,,,,
1xtgB_3j97M,ShallowMsa_007,AF2,0.3498,0.4248,0.3494,0.4244,-0.075,-0.075,2,0,2,0.0,F2,0.0006,Amb,-0.0756,,,,,,,
1xtgB_3j97M,ShallowMsa_008,AF2,0.3487,0.427,0.3486,0.4269,-0.0784,-0.0783,2,0,2,0.0,F2,-0.0028,Amb,-0.0756,,,,,,,
1xtgB_3j97M,ShallowMsa_009,AF2,0.3449,0.3883,0.3443,0.3874,-0.0434,-0.0431,2,0,2,0.0,Amb,0.0322,Amb,-0.0756,,,,,,,
1xtgB_3j97M,ShallowMsa_010,AF2,0.3367,0.3825,0.3348,0.3698,-0.0458,-0.035,2,0,2,0.0,Amb,0.0298,Amb,-0.0756,,,,,,,
1xtgB_3j97M,ShallowMsa_011,AF2,0.3535,0.4255,0.3515,0.4159,-0.072,-0.0643,2,0,2,0.0,F2,0.0036,Amb,-0.0756,,,,,,,
1xtgB_3j97M,ShallowMsa_012,AF2,0.3376,0.4016,0.3345,0.3702,-0.064,-0.0357,2,0,2,0.0,F2,0.0116,Amb,-0.0756,,,,,,,
1xtgB_3j97M,ShallowMsa_013,AF2,0.3507,0.4811,0.3494,0.4568,-0.1304,-0.1074,2,0,2,0.0,F2,-0.0548,F2,-0.0756,,,,,,,
1xtgB_3j97M,ShallowMsa_014,AF2,0.3542,0.4304,0.3542,0.4304,-0.0762,-0.0762,2,0,2,0.0,F2,-0.0006,Amb,-0.0756,,,,,,,
1xtgB_3j97M,ShallowMsa_015,AF2,0.3476,0.4269,0.3471,0.4267,-0.0793,-0.0796,2,0,2,0.0,F2,-0.0037,Amb,-0.0756,,,,,,,
1xtgB_3j97M,ShallowMsa_016,AF2,0.3525,0.4312,0.3501,0.4292,-0.0787,-0.0792,2,0,2,0.0,F2,-0.0031,Amb,-0.0756,,,,,,,
1xtgB_3j97M,ShallowMsa_017,AF2,0.35,0.4236,0.3497,0.4227,-0.0737,-0.073,2,0,2,0.0,F2,0.0019,Amb,-0.0756,,,,,,,
1xtgB_3j97M,ShallowMsa_018,AF2,0.3459,0.4164,0.3459,0.4164,-0.0705,-0.0705,2,0,2,0.0,F2,0.0051,Amb,-0.0756,,,,,,,
1xtgB_3j97M,ShallowMsa_019,AF2,0.3435,0.4233,0.3434,0.4233,-0.0798,-0.0799,2,0,2,0.0,F2,-0.0042,Amb,-0.0756,,,,,,,
1xtgB_3j97M,DeepMsa,AF3,0.3455,0.4706,0.3434,0.4508,-0.1251,-0.1074,2,0,2,0.0,F2,-0.1251,F2,-0.0799,,,,,,,
1xtgB_3j97M,ShallowMsa_000,AF3,0.3429,0.4279,0.3429,0.4279,-0.0851,-0.085,2,0,2,0.0,F2,-0.0052,Amb,-0.0799,,,,,,,
1xtgB_3j97M,ShallowMsa_001,AF3,0.3546,0.4758,0.3485,0.4494,-0.1212,-0.1009,2,0,2,0.0,F2,-0.0413,Amb,-0.0799,,,,,,,
1xtgB_3j97M,ShallowMsa_002,AF3,0.336,0.4178,0.3356,0.406,-0.0819,-0.0704,2,0,2,0.0,F2,-0.002,Amb,-0.0799,,,,,,,
1xtgB_3j97M,ShallowMsa_003,AF3,0.3481,0.4279,0.3479,0.4276,-0.0798,-0.0797,2,0,2,0.0,F2,0.0001,Amb,-0.0799,,,,,,,
1xtgB_3j97M,ShallowMsa_004,AF3,0.3424,0.4224,0.3424,0.4224,-0.08,-0.08,2,0,2,0.0,F2,-0.0001,Amb,-0.0799,,,,,,,
1xtgB_3j97M,ShallowMsa_005,AF3,0.343,0.4236,0.343,0.4236,-0.0805,-0.0805,2,0,2,0.0,F2,-0.0006,Amb,-0.0799,,,,,,,
1xtgB_3j97M,ShallowMsa_006,AF3,0.3386,0.3727,0.3374,0.3707,-0.0341,-0.0333,2,0,2,0.0,Amb,0.0458,Amb,-0.0799,,,,,,,
1xtgB_3j97M,ShallowMsa_007,AF3,0.3455,0.4254,0.3454,0.4253,-0.0799,-0.08,2,0,2,0.0,F2,0.0,Amb,-0.0799,,,,,,,
1xtgB_3j97M,ShallowMsa_008,AF3,0.3389,0.4191,0.3388,0.4181,-0.0802,-0.0793,2,0,2,0.0,F2,-0.0003,Amb,-0.0799,,,,,,,
1xtgB_3j97M,ShallowMsa_009,AF3,0.3326,0.368,0.3304,0.3659,-0.0354,-0.0355,2,0,2,0.0,Amb,0.0445,Amb,-0.0799,,,,,,,
1xtgB_3j97M,ShallowMsa_010,AF3,0.3378,0.376,0.3315,0.3596,-0.0383,-0.0281,2,0,2,0.0,Amb,0.0416,Amb,-0.0799,,,,,,,
1xtgB_3j97M,ShallowMsa_011,AF3,0.3492,0.4267,0.3453,0.4121,-0.0775,-0.0668,2,0,2,0.0,F2,0.0024,Amb,-0.0799,,,,,,,
1xtgB_3j97M,ShallowMsa_012,AF3,0.3375,0.387,0.3318,0.3652,-0.0495,-0.0333,2,0,2,0.0,Amb,0.0304,Amb,-0.0799,,,,,,,
1xtgB_3j97M,ShallowMsa_013,AF3,0.3443,0.4549,0.34,0.4442,-0.1106,-0.1042,2,0,2,0.0,F2,-0.0307,Amb,-0.0799,,,,,,,
1xtgB_3j97M,ShallowMsa_014,AF3,0.3412,0.4277,0.3412,0.4276,-0.0864,-0.0864,2,0,2,0.0,F2,-0.0065,Amb,-0.0799,,,,,,,
1xtgB_3j97M,ShallowMsa_015,AF3,0.3512,0.429,0.347,0.4274,-0.0779,-0.0804,2,0,2,0.0,F2,0.002,Amb,-0.0799,,,,,,,
1xtgB_3j97M,ShallowMsa_016,AF3,0.3419,0.4242,0.3399,0.4239,-0.0822,-0.084,2,0,2,0.0,F2,-0.0023,Amb,-0.0799,,,,,,,
1xtgB_3j97M,ShallowMsa_017,AF3,0.3468,0.4268,0.3457,0.4247,-0.0801,-0.079,2,0,2,0.0,F2,-0.0002,Amb,-0.0799,,,,,,,
1xtgB_3j97M,ShallowMsa_018,AF3,0.3463,0.4187,0.3463,0.4187,-0.0724,-0.0724,2,0,2,0.0,F2,0.0075,Amb,-0.0799,,,,,,,
1xtgB_3j97M,ShallowMsa_019,AF3,0.339,0.4162,0.3389,0.4159,-0.0772,-0.077,2,0,2,0.0,F2,0.0027,Amb,-0.0799,,,,,,,
1xtgB_3j97M,ShallowMsa_000,ESM,0.3641,0.4788,0.3404,0.4569,-0.1147,-0.1165,20,0,20,0.0,F2,0.0095,Amb,-0.1242,,,,,,,
1xtgB_3j97M,ShallowMsa_001,ESM,0.3649,0.4893,0.3435,0.4534,-0.1244,-0.1099,20,0,20,0.0,F2,-0.0002,Amb,-0.1242,,,,,,,
1xtgB_3j97M,ShallowMsa_002,ESM,0.3611,0.4946,0.3426,0.4437,-0.1335,-0.1011,20,0,20,0.0,F2,-0.0093,Amb,-0.1242,,,,,,,
1xtgB_3j97M,ShallowMsa_003,ESM,0.3632,0.5112,0.34,0.4608,-0.148,-0.1208,20,0,20,0.0,F2,-0.0238,Amb,-0.1242,,,,,,,
1xtgB_3j97M,ShallowMsa_004,ESM,0.3541,0.4889,0.3389,0.4439,-0.1348,-0.1051,20,2,18,0.1,F2,-0.0106,Amb,-0.1242,,,,,,,
1xtgB_3j97M,ShallowMsa_005,ESM,0.3623,0.4858,0.3428,0.4533,-0.1235,-0.1104,20,0,20,0.0,F2,0.0007,Amb,-0.1242,,,,,,,
1xtgB_3j97M,ShallowMsa_006,ESM,0.3468,0.4876,0.3389,0.4359,-0.1407,-0.097,20,0,20,0.0,F2,-0.0165,Amb,-0.1242,,,,,,,
1xtgB_3j97M,ShallowMsa_007,ESM,0.357,0.481,0.3422,0.4521,-0.124,-0.1098,20,0,20,0.0,F2,0.0002,Amb,-0.1242,,,,,,,
1xtgB_3j97M,ShallowMsa_008,ESM,0.4062,0.6114,0.3488,0.4662,-0.2052,-0.1174,20,0,20,0.0,F2,-0.081,F2,-0.1242,,,,,,,
1xtgB_3j97M,ShallowMsa_009,ESM,0.3466,0.4646,0.3405,0.4414,-0.118,-0.1009,20,0,20,0.0,F2,0.0062,Amb,-0.1242,,,,,,,
1xtgB_3j97M,ShallowMsa_010,ESM,0.3425,0.4737,0.3373,0.445,-0.1312,-0.1077,20,0,20,0.0,F2,-0.007,Amb,-0.1242,,,,,,,
1xtgB_3j97M,ShallowMsa_011,ESM,0.3466,0.4798,0.3397,0.4512,-0.1332,-0.1115,20,0,20,0.0,F2,-0.009,Amb,-0.1242,,,,,,,
1xtgB_3j97M,ShallowMsa_012,ESM,0.342,0.4513,0.3371,0.4158,-0.1093,-0.0787,20,0,20,0.0,F2,0.0149,Amb,-0.1242,,,,,,,
1xtgB_3j97M,ShallowMsa_013,ESM,0.3547,0.5006,0.3414,0.4536,-0.1459,-0.1122,20,0,20,0.0,F2,-0.0217,Amb,-0.1242,,,,,,,
1xtgB_3j97M,ShallowMsa_014,ESM,0.3668,0.4826,0.3467,0.4574,-0.1158,-0.1107,20,0,20,0.0,F2,0.0084,Amb,-0.1242,,,,,,,
1xtgB_3j97M,ShallowMsa_015,ESM,0.3648,0.4874,0.3421,0.4625,-0.1225,-0.1204,20,0,20,0.0,F2,0.0017,Amb,-0.1242,,,,,,,
1xtgB_3j97M,ShallowMsa_016,ESM,0.354,0.4687,0.3379,0.4308,-0.1147,-0.0929,20,0,20,0.0,F2,0.0095,Amb,-0.1242,,,,,,,
1xtgB_3j97M,ShallowMsa_017,ESM,0.3588,0.4835,0.3429,0.446,-0.1247,-0.103,20,0,20,0.0,F2,-0.0005,Amb,-0.1242,,,,,,,
1xtgB_3j97M,ShallowMsa_018,ESM,0.346,0.4689,0.3385,0.4017,-0.1229,-0.0633,20,6,14,0.3,F2,0.0013,Amb,-0.1242,,,,,,,
1xtgB_3j97M,ShallowMsa_019,ESM,0.392,0.4591,0.3442,0.4399,-0.0671,-0.0958,20,0,20,0.0,F2,0.0571,F1,-0.1242,,,,,,,
1xtgB_3j97M,DeepMsa,MSAT,0.0,0.7391,0.0,0.7391,-0.7391,-0.7391,1,0,1,0.0,F2,-0.7391,F2,0.0,0.0,0.7391,t_recall,,,,
1xtgB_3j97M,ShallowMsa_001,MSAT,0.0,0.0,0.0,0.0,0.0,0.0,1,0,0,0.0,Amb,0.0,Amb,0.0,0.0,0.0,t_recall,,,,
1xtgB_3j97M,ShallowMsa_013,MSAT,0.0,0.0,0.0,0.0,0.0,0.0,1,0,0,0.0,Amb,0.0,Amb,0.0,0.0,0.0,t_recall,,,,
1xtgB_3j97M,DeepMsa,CCMpred,0.0,0.0,0.0,0.0,0.0,0.0,1,0,0,0.0,Amb,0.0,Amb,0.0,0.0,0.0,t_recall,,,,
1xtgB_3j97M,ShallowMsa_000,CCMpred,0.0,0.0,0.0,0.0,0.0,0.0,1,0,0,0.0,Amb,0.0,Amb,0.0,0.0,0.0,t_recall,,,,
1xtgB_3j97M,ShallowMsa_001,CCMpred,0.0,0.0,0.0,0.0,0.0,0.0,1,0,0,0.0,Amb,0.0,Amb,0.0,0.0,0.0,t_recall,,,,
1xtgB_3j97M,ShallowMsa_002,CCMpred,0.0,0.0,0.0,0.0,0.0,0.0,1,0,0,0.0,Amb,0.0,Amb,0.0,0.0,0.0,t_recall,,,,
1xtgB_3j97M,ShallowMsa_003,CCMpred,0.0,0.0,0.0,0.0,0.0,0.0,1,0,0,0.0,Amb,0.0,Amb,0.0,0.0,0.0,t_recall,,,,
1xtgB_3j97M,ShallowMsa_004,CCMpred,0.0,0.0,0.0,0.0,0.0,0.0,1,0,0,0.0,Amb,0.0,Amb,0.0,0.0,0.0,t_recall,,,,
1xtgB_3j97M,ShallowMsa_005,CCMpred,0.0,0.0,0.0,0.0,0.0,0.0,1,0,0,0.0,Amb,0.0,Amb,0.0,0.0,0.0,t_recall,,,,
1xtgB_3j97M,ShallowMsa_006,CCMpred,0.0,0.0,0.0,0.0,0.0,0.0,1,0,0,0.0,Amb,0.0,Amb,0.0,0.0,0.0,t_recall,,,,
1xtgB_3j97M,ShallowMsa_007,CCMpred,0.0,0.0,0.0,0.0,0.0,0.0,1,0,0,0.0,Amb,0.0,Amb,0.0,0.0,0.0,t_recall,,,,
1xtgB_3j97M,ShallowMsa_008,CCMpred,0.0,0.0,0.0,0.0,0.0,0.0,1,0,0,0.0,Amb,0.0,Amb,0.0,0.0,0.0,t_recall,,,,
1xtgB_3j97M,ShallowMsa_009,CCMpred,0.0,0.0,0.0,0.0,0.0,0.0,1,0,0,0.0,Amb,0.0,Amb,0.0,0.0,0.0,t_recall,,,,
1xtgB_3j97M,ShallowMsa_010,CCMpred,0.0,0.0,0.0,0.0,0.0,0.0,1,0,0,0.0,Amb,0.0,Amb,0.0,0.0,0.0,t_recall,,,,
1xtgB_3j97M,ShallowMsa_011,CCMpred,0.0,0.0,0.0,0.0,0.0,0.0,1,0,0,0.0,Amb,0.0,Amb,0.0,0.0,0.0,t_recall,,,,
1xtgB_3j97M,ShallowMsa_012,CCMpred,0.0,0.0,0.0,0.0,0.0,0.0,1,0,0,0.0,Amb,0.0,Amb,0.0,0.0,0.0,t_recall,,,,
1xtgB_3j97M,ShallowMsa_013,CCMpred,0.0,0.0,0.0,0.0,0.0,0.0,1,0,0,0.0,Amb,0.0,Amb,0.0,0.0,0.0,t_recall,,,,
1xtgB_3j97M,ShallowMsa_014,CCMpred,0.0,0.0,0.0,0.0,0.0,0.0,1,0,0,0.0,Amb,0.0,Amb,0.0,0.0,0.0,t_recall,,,,
1xtgB_3j97M,ShallowMsa_015,CCMpred,0.0,0.0,0.0,0.0,0.0,0.0,1,0,0,0.0,Amb,0.0,Amb,0.0,0.0,0.0,t_recall,,,,
1xtgB_3j97M,ShallowMsa_016,CCMpred,0.0,0.0,0.0,0.0,0.0,0.0,1,0,0,0.0,Amb,0.0,Amb,0.0,0.0,0.0,t_recall,,,,
1xtgB_3j97M,ShallowMsa_017,CCMpred,0.0,0.0,0.0,0.0,0.0,0.0,1,0,0,0.0,Amb,0.0,Amb,0.0,0.0,0.0,t_recall,,,,
1xtgB_3j97M,ShallowMsa_018,CCMpred,0.0,0.0,0.0,0.0,0.0,0.0,1,0,0,0.0,Amb,0.0,Amb,0.0,0.0,0.0,t_recall,,,,
1xtgB_3j97M,ShallowMsa_019,CCMpred,0.0,0.0,0.0,0.0,0.0,0.0,1,0,0,0.0,Amb,0.0,Amb,0.0,0.0,0.0,t_recall,,,,
1xtgB_3j97M,ShallowMsa_000,DDG,-1.3168,-5.8485,-1.3168,-5.8485,4.5317,4.5317,10,10,0,1.0,F1,-0.4248,Amb,4.9565,,,ddg_kcal_per_mol(delta=1.0),4.5317,3.349,1.3168,5.8485
1xtgB_3j97M,ShallowMsa_001,DDG,-1.7379,-7.2643,-1.7379,-7.2643,5.5263,5.5263,10,10,0,1.0,F1,0.5698,Amb,4.9565,,,ddg_kcal_per_mol(delta=1.0),5.5263,2.6549,1.7379,7.2643
1xtgB_3j97M,ShallowMsa_002,DDG,-1.9009,-8.4661,-1.9009,-8.4661,6.5652,6.5652,10,10,0,1.0,F1,1.6087,F1,4.9565,,,ddg_kcal_per_mol(delta=1.0),6.5652,2.1063,1.9009,8.4661
1xtgB_3j97M,ShallowMsa_003,DDG,-1.7635,-7.8575,-1.7635,-7.8575,6.0939,6.0939,10,10,0,1.0,F1,1.1374,F1,4.9565,,,ddg_kcal_per_mol(delta=1.0),6.0939,2.468,1.7635,7.8575
1xtgB_3j97M,ShallowMsa_004,DDG,-1.855,-7.9638,-1.855,-7.9638,6.1088,6.1088,10,9,1,0.9,F1,1.1523,F1,4.9565,,,ddg_kcal_per_mol(delta=1.0),6.1088,3.3616,1.855,7.9638
1xtgB_3j97M,ShallowMsa_005,DDG,-1.4363,-5.5238,-1.4363,-5.5238,4.0875,4.0875,10,10,0,1.0,F1,-0.869,Amb,4.9565,,,ddg_kcal_per_mol(delta=1.0),4.0875,2.5338,1.4363,5.5238
1xtgB_3j97M,ShallowMsa_006,DDG,-2.3615,-6.2138,-2.3615,-6.2138,3.8523,3.8523,10,10,0,1.0,F1,-1.1042,F2,4.9565,,,ddg_kcal_per_mol(delta=1.0),3.8523,2.1427,2.3615,6.2138
1xtgB_3j97M,ShallowMsa_007,DDG,-1.5488,-8.1861,-1.5488,-8.1861,6.6372,6.6372,10,10,0,1.0,F1,1.6807,F1,4.9565,,,ddg_kcal_per_mol(delta=1.0),6.6372,2.4646,1.5488,8.1861
1xtgB_3j97M,ShallowMsa_008,DDG,-1.6722,-7.2328,-1.6722,-7.2328,5.5606,5.5606,10,9,1,0.9,F1,0.6041,Amb,4.9565,,,ddg_kcal_per_mol(delta=1.0),5.5606,3.0193,1.6722,7.2328
1xtgB_3j97M,ShallowMsa_009,DDG,-2.5249,-7.2228,-2.5249,-7.2228,4.6979,4.6979,10,9,1,0.9,F1,-0.2586,Amb,4.9565,,,ddg_kcal_per_mol(delta=1.0),4.6979,2.8917,2.5249,7.2228
1xtgB_3j97M,ShallowMsa_010,DDG,-1.3648,-5.2339,-1.3648,-5.2339,3.8691,3.8691,10,10,0,1.0,F1,-1.0874,F2,4.9565,,,ddg_kcal_per_mol(delta=1.0),3.8691,1.5343,1.3648,5.2339
1xtgB_3j97M,ShallowMsa_011,DDG,-1.9681,-7.0359,-1.9681,-7.0359,5.0678,5.0678,10,10,0,1.0,F1,0.1113,Amb,4.9565,,,ddg_kcal_per_mol(delta=1.0),5.0678,2.7757,1.9681,7.0359
1xtgB_3j97M,ShallowMsa_012,DDG,-2.6276,-5.3896,-2.6276,-5.3896,2.762,2.762,10,10,0,1.0,F1,-2.1945,F2,4.9565,,,ddg_kcal_per_mol(delta=1.0),2.762,0.964,2.6276,5.3896
1xtgB_3j97M,ShallowMsa_013,DDG,-1.1513,-5.7191,-1.1513,-5.7191,4.5678,4.5678,10,9,1,0.9,F1,-0.3887,Amb,4.9565,,,ddg_kcal_per_mol(delta=1.0),4.5678,2.4831,1.1513,5.7191
1xtgB_3j97M,ShallowMsa_014,DDG,-1.2567,-6.1892,-1.2567,-6.1892,4.9325,4.9325,10,9,1,0.9,F1,-0.024,Amb,4.9565,,,ddg_kcal_per_mol(delta=1.0),4.9325,2.1415,1.2567,6.1892
1xtgB_3j97M,ShallowMsa_015,DDG,-1.7299,-8.2439,-1.7299,-8.2439,6.514,6.514,10,10,0,1.0,F1,1.5575,F1,4.9565,,,ddg_kcal_per_mol(delta=1.0),6.514,3.4528,1.7299,8.2439
1xtgB_3j97M,ShallowMsa_016,DDG,-1.7363,-6.7168,-1.7363,-6.7168,4.9805,4.9805,10,10,0,1.0,F1,0.024,Amb,4.9565,,,ddg_kcal_per_mol(delta=1.0),4.9805,2.7548,1.7363,6.7168
1xtgB_3j97M,ShallowMsa_017,DDG,-1.61,-8.5476,-1.61,-8.5476,6.9377,6.9377,10,10,0,1.0,F1,1.9812,F1,4.9565,,,ddg_kcal_per_mol(delta=1.0),6.9377,3.936,1.61,8.5476
1xtgB_3j97M,ShallowMsa_018,DDG,-1.5358,-4.5071,-1.5358,-4.5071,2.9713,2.9713,10,10,0,1.0,F1,-1.9852,F2,4.9565,,,ddg_kcal_per_mol(delta=1.0),2.9713,1.3646,1.5358,4.5071
1xtgB_3j97M,ShallowMsa_019,DDG,-1.1856,-4.4476,-1.1856,-4.4476,3.262,3.262,10,10,0,1.0,F1,-1.6945,F2,4.9565,,,ddg_kcal_per_mol(delta=1.0),3.262,2.9952,1.1856,4.4476
1xtgB_3j97M,ShallowMsa_000,Boltz2,0.2109,0.3313,0.2109,0.3313,-0.1204,-0.1204,1,0,1,0.0,F2,-0.0367,Amb,-0.0837,,,,,,,
1xtgB_3j97M,ShallowMsa_001,Boltz2,0.2158,0.2873,0.2158,0.2873,-0.0715,-0.0715,1,0,1,0.0,F2,0.0122,Amb,-0.0837,,,,,,,
1xtgB_3j97M,ShallowMsa_002,Boltz2,0.3437,0.2607,0.3437,0.2607,0.083,0.083,1,1,0,1.0,F1,0.1667,F1,-0.0837,,,,,,,
1xtgB_3j97M,ShallowMsa_003,Boltz2,0.2187,0.3091,0.2187,0.3091,-0.0904,-0.0904,1,0,1,0.0,F2,-0.0067,Amb,-0.0837,,,,,,,
1xtgB_3j97M,ShallowMsa_004,Boltz2,0.2166,0.291,0.2166,0.291,-0.0745,-0.0745,1,0,1,0.0,F2,0.0092,Amb,-0.0837,,,,,,,
1xtgB_3j97M,ShallowMsa_005,Boltz2,0.2167,0.3238,0.2167,0.3238,-0.107,-0.107,1,0,1,0.0,F2,-0.0233,Amb,-0.0837,,,,,,,
1xtgB_3j97M,ShallowMsa_007,Boltz2,0.2147,0.3309,0.2147,0.3309,-0.1162,-0.1162,1,0,1,0.0,F2,-0.0325,Amb,-0.0837,,,,,,,
1xtgB_3j97M,ShallowMsa_008,Boltz2,0.2069,0.3151,0.2069,0.3151,-0.1082,-0.1082,1,0,1,0.0,F2,-0.0246,Amb,-0.0837,,,,,,,
1xtgB_3j97M,ShallowMsa_010,Boltz2,0.2164,0.2911,0.2164,0.2911,-0.0747,-0.0747,1,0,1,0.0,F2,0.0089,Amb,-0.0837,,,,,,,
1xtgB_3j97M,ShallowMsa_011,Boltz2,0.2153,0.3209,0.2153,0.3209,-0.1056,-0.1056,1,0,1,0.0,F2,-0.0219,Amb,-0.0837,,,,,,,
1xtgB_3j97M,ShallowMsa_013,Boltz2,0.2071,0.3242,0.2071,0.3242,-0.1171,-0.1171,1,0,1,0.0,F2,-0.0334,Amb,-0.0837,,,,,,,
1xtgB_3j97M,ShallowMsa_014,Boltz2,0.3383,0.3081,0.3383,0.3081,0.0302,0.0302,1,1,0,1.0,Amb,0.1139,F1,-0.0837,,,,,,,
1xtgB_3j97M,ShallowMsa_015,Boltz2,0.2162,0.3549,0.2162,0.3549,-0.1387,-0.1387,1,0,1,0.0,F2,-0.055,F2,-0.0837,,,,,,,
1xtgB_3j97M,ShallowMsa_016,Boltz2,0.2167,0.2936,0.2167,0.2936,-0.0769,-0.0769,1,0,1,0.0,F2,0.0068,Amb,-0.0837,,,,,,,
1xtgB_3j97M,ShallowMsa_017,Boltz2,0.3458,0.2556,0.3458,0.2556,0.0902,0.0902,1,1,0,1.0,F1,0.1739,F1,-0.0837,,,,,,,
1xtgB_3j97M,ShallowMsa_019,Boltz2,0.2168,0.2874,0.2168,0.2874,-0.0706,-0.0706,1,0,1,0.0,F2,0.0131,Amb,-0.0837,,,,,,,
1zk9A_3jv6A,DeepMsa,AF2,0.4888,0.9836,0.4887,0.9832,-0.4948,-0.4946,2,0,2,0.0,F2,-0.4948,F2,-0.4743,,,,,,,
1zk9A_3jv6A,ShallowMsa_000,AF2,0.4881,0.972,0.4879,0.9711,-0.4839,-0.4831,2,0,2,0.0,F2,-0.0096,Amb,-0.4743,,,,,,,
1zk9A_3jv6A,ShallowMsa_001,AF2,0.4881,0.9802,0.4877,0.9799,-0.4922,-0.4922,2,0,2,0.0,F2,-0.0179,Amb,-0.4743,,,,,,,
1zk9A_3jv6A,ShallowMsa_002,AF2,0.4914,0.9755,0.4909,0.9743,-0.484,-0.4834,2,0,2,0.0,F2,-0.0096,Amb,-0.4743,,,,,,,
1zk9A_3jv6A,ShallowMsa_003,AF2,0.4882,0.9718,0.4637,0.9372,-0.4836,-0.4735,2,0,2,0.0,F2,-0.0092,Amb,-0.4743,,,,,,,
1zk9A_3jv6A,ShallowMsa_004,AF2,0.4439,0.9103,0.4357,0.8935,-0.4664,-0.4579,2,0,2,0.0,F2,0.008,Amb,-0.4743,,,,,,,
1zk9A_3jv6A,ShallowMsa_005,AF2,0.378,0.7705,0.3774,0.7685,-0.3925,-0.3912,2,0,2,0.0,F2,0.0818,F1,-0.4743,,,,,,,
1zk9A_3jv6A,ShallowMsa_006,AF2,0.4884,0.9767,0.4659,0.9472,-0.4883,-0.4812,2,0,2,0.0,F2,-0.014,Amb,-0.4743,,,,,,,
1zk9A_3jv6A,ShallowMsa_007,AF2,0.511,0.9733,0.4998,0.9673,-0.4623,-0.4675,2,0,2,0.0,F2,0.0121,Amb,-0.4743,,,,,,,
1zk9A_3jv6A,ShallowMsa_008,AF2,0.4911,0.9818,0.475,0.9586,-0.4908,-0.4837,2,0,2,0.0,F2,-0.0165,Amb,-0.4743,,,,,,,
1zk9A_3jv6A,ShallowMsa_009,AF2,0.4075,0.7991,0.4035,0.7977,-0.3916,-0.3942,2,0,2,0.0,F2,0.0827,F1,-0.4743,,,,,,,
1zk9A_3jv6A,ShallowMsa_010,AF2,0.4179,0.8248,0.4092,0.8166,-0.4069,-0.4074,2,0,2,0.0,F2,0.0675,F1,-0.4743,,,,,,,
1zk9A_3jv6A,ShallowMsa_011,AF2,0.4873,0.9717,0.4872,0.9711,-0.4844,-0.4839,2,0,2,0.0,F2,-0.0101,Amb,-0.4743,,,,,,,
1zk9A_3jv6A,ShallowMsa_012,AF2,0.4717,0.9476,0.4642,0.9354,-0.4758,-0.4713,2,0,2,0.0,F2,-0.0015,Amb,-0.4743,,,,,,,
1zk9A_3jv6A,ShallowMsa_013,AF2,0.3258,0.6615,0.3153,0.6426,-0.3357,-0.3273,2,0,2,0.0,F2,0.1386,F1,-0.4743,,,,,,,
1zk9A_3jv6A,ShallowMsa_014,AF2,0.3484,0.7122,0.345,0.712,-0.3637,-0.367,2,0,2,0.0,F2,0.1106,F1,-0.4743,,,,,,,
1zk9A_3jv6A,ShallowMsa_015,AF2,0.516,0.9825,0.5023,0.9758,-0.4665,-0.4734,2,0,2,0.0,F2,0.0078,Amb,-0.4743,,,,,,,
1zk9A_3jv6A,ShallowMsa_016,AF2,0.4873,0.9708,0.4871,0.9708,-0.4835,-0.4837,2,0,2,0.0,F2,-0.0091,Amb,-0.4743,,,,,,,
1zk9A_3jv6A,ShallowMsa_017,AF2,0.4872,0.9601,0.4861,0.9585,-0.4729,-0.4724,2,0,2,0.0,F2,0.0015,Amb,-0.4743,,,,,,,
1zk9A_3jv6A,ShallowMsa_018,AF2,0.4863,0.9516,0.4863,0.9507,-0.4653,-0.4645,2,0,2,0.0,F2,0.0091,Amb,-0.4743,,,,,,,
1zk9A_3jv6A,ShallowMsa_019,AF2,0.486,0.9816,0.4859,0.9808,-0.4956,-0.495,2,0,2,0.0,F2,-0.0212,Amb,-0.4743,,,,,,,
1zk9A_3jv6A,DeepMsa,AF3,0.4904,0.984,0.4903,0.9836,-0.4935,-0.4932,2,0,2,0.0,F2,-0.4935,F2,-0.4712,,,,,,,
1zk9A_3jv6A,ShallowMsa_000,AF3,0.4918,0.9745,0.4901,0.973,-0.4827,-0.4829,2,0,2,0.0,F2,-0.0115,Amb,-0.4712,,,,,,,
1zk9A_3jv6A,ShallowMsa_001,AF3,0.4998,0.9793,0.4953,0.9758,-0.4795,-0.4804,2,0,2,0.0,F2,-0.0083,Amb,-0.4712,,,,,,,
1zk9A_3jv6A,ShallowMsa_002,AF3,0.4994,0.9693,0.4948,0.9658,-0.4699,-0.471,2,0,2,0.0,F2,0.0013,Amb,-0.4712,,,,,,,
1zk9A_3jv6A,ShallowMsa_003,AF3,0.4975,0.9669,0.497,0.965,-0.4693,-0.468,2,0,2,0.0,F2,0.0019,Amb,-0.4712,,,,,,,
1zk9A_3jv6A,ShallowMsa_004,AF3,0.4421,0.924,0.4418,0.9191,-0.4819,-0.4774,2,0,2,0.0,F2,-0.0107,Amb,-0.4712,,,,,,,
1zk9A_3jv6A,ShallowMsa_005,AF3,0.385,0.784,0.3777,0.7815,-0.3989,-0.4038,2,0,2,0.0,F2,0.0723,F1,-0.4712,,,,,,,
1zk9A_3jv6A,ShallowMsa_006,AF3,0.4577,0.936,0.4512,0.9263,-0.4782,-0.4751,2,0,2,0.0,F2,-0.007,Amb,-0.4712,,,,,,,
1zk9A_3jv6A,ShallowMsa_007,AF3,0.4987,0.968,0.4937,0.9649,-0.4692,-0.4711,2,0,2,0.0,F2,0.002,Amb,-0.4712,,,,,,,
1zk9A_3jv6A,ShallowMsa_008,AF3,0.4986,0.979,0.4948,0.9747,-0.4803,-0.4799,2,0,2,0.0,F2,-0.0091,Amb,-0.4712,,,,,,,
1zk9A_3jv6A,ShallowMsa_009,AF3,0.4583,0.935,0.4469,0.9177,-0.4767,-0.4708,2,0,2,0.0,F2,-0.0055,Amb,-0.4712,,,,,,,
1zk9A_3jv6A,ShallowMsa_010,AF3,0.4167,0.8206,0.4146,0.8205,-0.4039,-0.4059,2,0,2,0.0,F2,0.0673,F1,-0.4712,,,,,,,
1zk9A_3jv6A,ShallowMsa_011,AF3,0.5325,0.9778,0.5102,0.9699,-0.4452,-0.4596,2,0,2,0.0,F2,0.026,Amb,-0.4712,,,,,,,
1zk9A_3jv6A,ShallowMsa_012,AF3,0.4975,0.9718,0.4911,0.9578,-0.4744,-0.4667,2,0,2,0.0,F2,-0.0032,Amb,-0.4712,,,,,,,
1zk9A_3jv6A,ShallowMsa_013,AF3,0.3795,0.7429,0.3722,0.7332,-0.3634,-0.361,2,0,2,0.0,F2,0.1078,F1,-0.4712,,,,,,,
1zk9A_3jv6A,ShallowMsa_014,AF3,0.3542,0.7184,0.3513,0.7179,-0.3642,-0.3666,2,0,2,0.0,F2,0.107,F1,-0.4712,,,,,,,
1zk9A_3jv6A,ShallowMsa_015,AF3,0.4986,0.9701,0.4983,0.9701,-0.4715,-0.4718,2,0,2,0.0,F2,-0.0003,Amb,-0.4712,,,,,,,
1zk9A_3jv6A,ShallowMsa_016,AF3,0.4929,0.9711,0.4911,0.969,-0.4782,-0.478,2,0,2,0.0,F2,-0.007,Amb,-0.4712,,,,,,,
1zk9A_3jv6A,ShallowMsa_017,AF3,0.4957,0.9666,0.4957,0.9642,-0.4709,-0.4685,2,0,2,0.0,F2,0.0003,Amb,-0.4712,,,,,,,
1zk9A_3jv6A,ShallowMsa_018,AF3,0.5018,0.9492,0.4934,0.9473,-0.4474,-0.4539,2,0,2,0.0,F2,0.0238,Amb,-0.4712,,,,,,,
1zk9A_3jv6A,ShallowMsa_019,AF3,0.4891,0.9857,0.4888,0.9855,-0.4965,-0.4967,2,0,2,0.0,F2,-0.0253,Amb,-0.4712,,,,,,,
1zk9A_3jv6A,ShallowMsa_000,ESM,0.4817,0.9561,0.3766,0.6285,-0.4743,-0.252,20,0,20,0.0,F2,-0.0165,Amb,-0.4578,,,,,,,
1zk9A_3jv6A,ShallowMsa_001,ESM,0.4899,0.9669,0.39,0.6828,-0.477,-0.2928,20,2,18,0.1,F2,-0.0192,Amb,-0.4578,,,,,,,
1zk9A_3jv6A,ShallowMsa_002,ESM,0.4855,0.9536,0.4235,0.7381,-0.4681,-0.3147,20,0,20,0.0,F2,-0.0103,Amb,-0.4578,,,,,,,
1zk9A_3jv6A,ShallowMsa_003,ESM,0.4814,0.9546,0.3832,0.5702,-0.4731,-0.187,20,0,20,0.0,F2,-0.0153,Amb,-0.4578,,,,,,,
1zk9A_3jv6A,ShallowMsa_004,ESM,0.5088,0.9626,0.3982,0.6888,-0.4538,-0.2906,20,0,20,0.0,F2,0.004,Amb,-0.4578,,,,,,,
1zk9A_3jv6A,ShallowMsa_005,ESM,0.4512,0.8882,0.3935,0.6819,-0.4369,-0.2884,20,0,20,0.0,F2,0.0209,Amb,-0.4578,,,,,,,
1zk9A_3jv6A,ShallowMsa_006,ESM,0.4898,0.9786,0.3976,0.6648,-0.4888,-0.2672,20,0,20,0.0,F2,-0.031,Amb,-0.4578,,,,,,,
1zk9A_3jv6A,ShallowMsa_007,ESM,0.4874,0.9545,0.4472,0.7808,-0.4671,-0.3336,20,0,20,0.0,F2,-0.0093,Amb,-0.4578,,,,,,,
1zk9A_3jv6A,ShallowMsa_008,ESM,0.5305,0.9645,0.3964,0.6942,-0.434,-0.2978,20,4,16,0.2,F2,0.0238,Amb,-0.4578,,,,,,,
1zk9A_3jv6A,ShallowMsa_009,ESM,0.4865,0.9548,0.3972,0.7292,-0.4683,-0.3319,20,0,20,0.0,F2,-0.0105,Amb,-0.4578,,,,,,,
1zk9A_3jv6A,ShallowMsa_010,ESM,0.4532,0.8808,0.4084,0.7193,-0.4276,-0.311,20,0,20,0.0,F2,0.0302,Amb,-0.4578,,,,,,,
1zk9A_3jv6A,ShallowMsa_011,ESM,0.5237,0.9492,0.3898,0.6674,-0.4255,-0.2776,20,0,20,0.0,F2,0.0323,Amb,-0.4578,,,,,,,
1zk9A_3jv6A,ShallowMsa_012,ESM,0.4749,0.9386,0.3773,0.6144,-0.4637,-0.237,20,0,20,0.0,F2,-0.0059,Amb,-0.4578,,,,,,,
1zk9A_3jv6A,ShallowMsa_013,ESM,0.4499,0.8796,0.4058,0.7132,-0.4297,-0.3073,20,0,20,0.0,F2,0.0281,Amb,-0.4578,,,,,,,
1zk9A_3jv6A,ShallowMsa_014,ESM,0.4536,0.8755,0.4304,0.8038,-0.4219,-0.3735,20,0,20,0.0,F2,0.0359,Amb,-0.4578,,,,,,,
1zk9A_3jv6A,ShallowMsa_015,ESM,0.5095,0.966,0.4655,0.8639,-0.4565,-0.3983,20,0,20,0.0,F2,0.0013,Amb,-0.4578,,,,,,,
1zk9A_3jv6A,ShallowMsa_016,ESM,0.478,0.905,0.4185,0.7463,-0.427,-0.3279,20,0,20,0.0,F2,0.0308,Amb,-0.4578,,,,,,,
1zk9A_3jv6A,ShallowMsa_017,ESM,0.4891,0.9416,0.4238,0.6477,-0.4524,-0.2239,20,0,20,0.0,F2,0.0054,Amb,-0.4578,,,,,,,
1zk9A_3jv6A,ShallowMsa_018,ESM,0.4978,0.9601,0.402,0.64,-0.4623,-0.238,20,0,20,0.0,F2,-0.0045,Amb,-0.4578,,,,,,,
1zk9A_3jv6A,ShallowMsa_019,ESM,0.5035,0.9627,0.438,0.7989,-0.4592,-0.3608,20,0,20,0.0,F2,-0.0014,Amb,-0.4578,,,,,,,
1zk9A_3jv6A,DeepMsa,MSAT,0.4444,0.395,0.4444,0.395,0.0494,0.0494,1,1,0,1.0,Amb,0.0494,Amb,0.0015,0.4444,0.395,t_recall,,,,
1zk9A_3jv6A,ShallowMsa_000,MSAT,0.0111,0.0134,0.0111,0.0134,-0.0023,-0.0023,1,0,1,0.0,Amb,-0.0038,Amb,0.0015,0.0111,0.0134,t_recall,,,,
1zk9A_3jv6A,ShallowMsa_001,MSAT,0.0,0.0045,0.0,0.0045,-0.0045,-0.0045,1,0,1,0.0,Amb,-0.006,Amb,0.0015,0.0,0.0045,t_recall,,,,
1zk9A_3jv6A,ShallowMsa_002,MSAT,0.0,0.0046,0.0,0.0046,-0.0046,-0.0046,1,0,1,0.0,Amb,-0.0061,Amb,0.0015,0.0,0.0046,t_recall,,,,
1zk9A_3jv6A,ShallowMsa_003,MSAT,0.0,0.0046,0.0,0.0046,-0.0046,-0.0046,1,0,1,0.0,Amb,-0.0061,Amb,0.0015,0.0,0.0046,t_recall,,,,
1zk9A_3jv6A,ShallowMsa_004,MSAT,0.0,0.0,0.0,0.0,0.0,0.0,1,0,0,0.0,Amb,-0.0015,Amb,0.0015,0.0,0.0,t_recall,,,,
1zk9A_3jv6A,ShallowMsa_005,MSAT,0.039,0.0754,0.039,0.0754,-0.0364,-0.0364,1,0,1,0.0,Amb,-0.0379,Amb,0.0015,0.039,0.0754,t_recall,,,,
1zk9A_3jv6A,ShallowMsa_006,MSAT,0.1919,0.0966,0.1919,0.0966,0.0953,0.0953,1,1,0,1.0,F1,0.0938,F1,0.0015,0.1919,0.0966,t_recall,,,,
1zk9A_3jv6A,ShallowMsa_007,MSAT,0.0233,0.0046,0.0233,0.0046,0.0187,0.0187,1,1,0,1.0,Amb,0.0172,Amb,0.0015,0.0233,0.0046,t_recall,,,,
1zk9A_3jv6A,ShallowMsa_008,MSAT,0.0556,0.0223,0.0556,0.0223,0.0333,0.0333,1,1,0,1.0,Amb,0.0318,Amb,0.0015,0.0556,0.0223,t_recall,,,,
1zk9A_3jv6A,ShallowMsa_009,MSAT,0.0137,0.0052,0.0137,0.0052,0.0085,0.0085,1,1,0,1.0,Amb,0.007,Amb,0.0015,0.0137,0.0052,t_recall,,,,
1zk9A_3jv6A,ShallowMsa_010,MSAT,0.013,0.01,0.013,0.01,0.003,0.003,1,1,0,1.0,Amb,0.0015,Amb,0.0015,0.013,0.01,t_recall,,,,
1zk9A_3jv6A,ShallowMsa_011,MSAT,0.0,0.0,0.0,0.0,0.0,0.0,1,0,0,0.0,Amb,-0.0015,Amb,0.0015,0.0,0.0,t_recall,,,,
1zk9A_3jv6A,ShallowMsa_012,MSAT,0.0111,0.0045,0.0111,0.0045,0.0066,0.0066,1,1,0,1.0,Amb,0.0051,Amb,0.0015,0.0111,0.0045,t_recall,,,,
1zk9A_3jv6A,ShallowMsa_013,MSAT,0.0,0.0,0.0,0.0,0.0,0.0,1,0,0,0.0,Amb,-0.0015,Amb,0.0015,0.0,0.0,t_recall,,,,
1zk9A_3jv6A,ShallowMsa_014,MSAT,0.061,0.0294,0.061,0.0294,0.0316,0.0316,1,1,0,1.0,Amb,0.0301,Amb,0.0015,0.061,0.0294,t_recall,,,,
1zk9A_3jv6A,ShallowMsa_015,MSAT,0.0,0.0,0.0,0.0,0.0,0.0,1,0,0,0.0,Amb,-0.0015,Amb,0.0015,0.0,0.0,t_recall,,,,
1zk9A_3jv6A,ShallowMsa_016,MSAT,0.0,0.0093,0.0,0.0093,-0.0093,-0.0093,1,0,1,0.0,Amb,-0.0108,Amb,0.0015,0.0,0.0093,t_recall,,,,
1zk9A_3jv6A,ShallowMsa_017,MSAT,0.0116,0.0046,0.0116,0.0046,0.007,0.007,1,1,0,1.0,Amb,0.0055,Amb,0.0015,0.0116,0.0046,t_recall,,,,
1zk9A_3jv6A,ShallowMsa_018,MSAT,0.0116,0.0,0.0116,0.0,0.0116,0.0116,1,1,0,1.0,Amb,0.0101,Amb,0.0015,0.0116,0.0,t_recall,,,,
1zk9A_3jv6A,ShallowMsa_019,MSAT,0.0222,0.0179,0.0222,0.0179,0.0043,0.0043,1,1,0,1.0,Amb,0.0028,Amb,0.0015,0.0222,0.0179,t_recall,,,,
1zk9A_3jv6A,DeepMsa,CCMpred,0.0303,0.0252,0.0303,0.0252,0.0051,0.0051,1,1,0,1.0,Amb,0.0051,Amb,0.0,0.0303,0.0252,t_recall,,,,
1zk9A_3jv6A,ShallowMsa_000,CCMpred,0.0,0.0,0.0,0.0,0.0,0.0,1,0,0,0.0,Amb,0.0,Amb,0.0,0.0,0.0,t_recall,,,,
1zk9A_3jv6A,ShallowMsa_001,CCMpred,0.0,0.0,0.0,0.0,0.0,0.0,1,0,0,0.0,Amb,0.0,Amb,0.0,0.0,0.0,t_recall,,,,
1zk9A_3jv6A,ShallowMsa_002,CCMpred,0.0,0.0,0.0,0.0,0.0,0.0,1,0,0,0.0,Amb,0.0,Amb,0.0,0.0,0.0,t_recall,,,,
1zk9A_3jv6A,ShallowMsa_003,CCMpred,0.0,0.0,0.0,0.0,0.0,0.0,1,0,0,0.0,Amb,0.0,Amb,0.0,0.0,0.0,t_recall,,,,
1zk9A_3jv6A,ShallowMsa_004,CCMpred,0.0,0.0,0.0,0.0,0.0,0.0,1,0,0,0.0,Amb,0.0,Amb,0.0,0.0,0.0,t_recall,,,,
1zk9A_3jv6A,ShallowMsa_005,CCMpred,0.0,0.0,0.0,0.0,0.0,0.0,1,0,0,0.0,Amb,0.0,Amb,0.0,0.0,0.0,t_recall,,,,
1zk9A_3jv6A,ShallowMsa_006,CCMpred,0.0,0.0,0.0,0.0,0.0,0.0,1,0,0,0.0,Amb,0.0,Amb,0.0,0.0,0.0,t_recall,,,,
1zk9A_3jv6A,ShallowMsa_007,CCMpred,0.0,0.0,0.0,0.0,0.0,0.0,1,0,0,0.0,Amb,0.0,Amb,0.0,0.0,0.0,t_recall,,,,
1zk9A_3jv6A,ShallowMsa_008,CCMpred,0.0,0.0,0.0,0.0,0.0,0.0,1,0,0,0.0,Amb,0.0,Amb,0.0,0.0,0.0,t_recall,,,,
1zk9A_3jv6A,ShallowMsa_009,CCMpred,0.0,0.0,0.0,0.0,0.0,0.0,1,0,0,0.0,Amb,0.0,Amb,0.0,0.0,0.0,t_recall,,,,
1zk9A_3jv6A,ShallowMsa_010,CCMpred,0.0,0.0,0.0,0.0,0.0,0.0,1,0,0,0.0,Amb,0.0,Amb,0.0,0.0,0.0,t_recall,,,,
1zk9A_3jv6A,ShallowMsa_011,CCMpred,0.0,0.0,0.0,0.0,0.0,0.0,1,0,0,0.0,Amb,0.0,Amb,0.0,0.0,0.0,t_recall,,,,
1zk9A_3jv6A,ShallowMsa_012,CCMpred,0.0,0.0,0.0,0.0,0.0,0.0,1,0,0,0.0,Amb,0.0,Amb,0.0,0.0,0.0,t_recall,,,,
1zk9A_3jv6A,ShallowMsa_013,CCMpred,0.0,0.0,0.0,0.0,0.0,0.0,1,0,0,0.0,Amb,0.0,Amb,0.0,0.0,0.0,t_recall,,,,
1zk9A_3jv6A,ShallowMsa_014,CCMpred,0.0,0.0,0.0,0.0,0.0,0.0,1,0,0,0.0,Amb,0.0,Amb,0.0,0.0,0.0,t_recall,,,,
1zk9A_3jv6A,ShallowMsa_015,CCMpred,0.0,0.0,0.0,0.0,0.0,0.0,1,0,0,0.0,Amb,0.0,Amb,0.0,0.0,0.0,t_recall,,,,
1zk9A_3jv6A,ShallowMsa_016,CCMpred,0.0,0.0,0.0,0.0,0.0,0.0,1,0,0,0.0,Amb,0.0,Amb,0.0,0.0,0.0,t_recall,,,,
1zk9A_3jv6A,ShallowMsa_017,CCMpred,0.0,0.0,0.0,0.0,0.0,0.0,1,0,0,0.0,Amb,0.0,Amb,0.0,0.0,0.0,t_recall,,,,
1zk9A_3jv6A,ShallowMsa_018,CCMpred,0.0,0.0,0.0,0.0,0.0,0.0,1,0,0,0.0,Amb,0.0,Amb,0.0,0.0,0.0,t_recall,,,,
1zk9A_3jv6A,ShallowMsa_019,CCMpred,0.0,0.0,0.0,0.0,0.0,0.0,1,0,0,0.0,Amb,0.0,Amb,0.0,0.0,0.0,t_recall,,,,
1zk9A_3jv6A,ShallowMsa_000,DDG,-15.6468,-33.7641,-15.6468,-33.7641,18.1173,18.1173,10,10,0,1.0,F1,3.5313,F1,14.586,,,ddg_kcal_per_mol(delta=1.0),18.1173,7.1516,15.6468,33.7641
1zk9A_3jv6A,ShallowMsa_001,DDG,-13.2876,-27.6618,-13.2876,-27.6618,14.3743,14.3743,10,9,1,0.9,F1,-0.2117,Amb,14.586,,,ddg_kcal_per_mol(delta=1.0),14.3743,6.252,13.2876,27.6618
1zk9A_3jv6A,ShallowMsa_002,DDG,-15.5146,-28.8546,-15.5146,-28.8546,13.3399,13.3399,10,10,0,1.0,F1,-1.2461,F2,14.586,,,ddg_kcal_per_mol(delta=1.0),13.3399,5.661,15.5146,28.8546
1zk9A_3jv6A,ShallowMsa_003,DDG,-11.1624,-24.7825,-11.1624,-24.7825,13.6201,13.6201,10,10,0,1.0,F1,-0.9658,Amb,14.586,,,ddg_kcal_per_mol(delta=1.0),13.6201,5.3531,11.1624,24.7825
1zk9A_3jv6A,ShallowMsa_004,DDG,-14.6495,-28.9774,-14.6495,-28.9774,14.3279,14.3279,10,10,0,1.0,F1,-0.2581,Amb,14.586,,,ddg_kcal_per_mol(delta=1.0),14.3279,6.5225,14.6495,28.9774
1zk9A_3jv6A,ShallowMsa_005,DDG,-16.6593,-35.8343,-16.6593,-35.8343,19.175,19.175,10,10,0,1.0,F1,4.5891,F1,14.586,,,ddg_kcal_per_mol(delta=1.0),19.175,7.1228,16.6593,35.8343
1zk9A_3jv6A,ShallowMsa_006,DDG,-7.5842,-16.5286,-7.5842,-16.5286,8.9444,8.9444,10,8,2,0.8,F1,-5.6416,F2,14.586,,,ddg_kcal_per_mol(delta=1.0),8.9444,7.6645,7.5842,16.5286
1zk9A_3jv6A,ShallowMsa_007,DDG,-14.9054,-29.703,-14.9054,-29.703,14.7976,14.7976,10,10,0,1.0,F1,0.2116,Amb,14.586,,,ddg_kcal_per_mol(delta=1.0),14.7976,4.0276,14.9054,29.703
1zk9A_3jv6A,ShallowMsa_008,DDG,-10.9643,-19.5855,-10.9643,-19.5855,8.6212,8.6212,10,10,0,1.0,F1,-5.9648,F2,14.586,,,ddg_kcal_per_mol(delta=1.0),8.6212,4.8903,10.9643,19.5855
1zk9A_3jv6A,ShallowMsa_009,DDG,-11.3504,-24.5422,-11.3504,-24.5422,13.1918,13.1918,10,10,0,1.0,F1,-1.3941,F2,14.586,,,ddg_kcal_per_mol(delta=1.0),13.1918,2.2424,11.3504,24.5422
1zk9A_3jv6A,ShallowMsa_010,DDG,-16.2106,-38.14,-16.2106,-38.14,21.9294,21.9294,10,10,0,1.0,F1,7.3435,F1,14.586,,,ddg_kcal_per_mol(delta=1.0),21.9294,7.8992,16.2106,38.14
1zk9A_3jv6A,ShallowMsa_011,DDG,-17.297,-33.7341,-17.297,-33.7341,16.4371,16.4371,10,10,0,1.0,F1,1.8512,F1,14.586,,,ddg_kcal_per_mol(delta=1.0),16.4371,7.2662,17.297,33.7341
1zk9A_3jv6A,ShallowMsa_012,DDG,-13.9618,-30.1417,-13.9618,-30.1417,16.1799,16.1799,10,10,0,1.0,F1,1.5939,F1,14.586,,,ddg_kcal_per_mol(delta=1.0),16.1799,6.8526,13.9618,30.1417
1zk9A_3jv6A,ShallowMsa_013,DDG,-15.8425,-38.1242,-15.8425,-38.1242,22.2817,22.2817,10,10,0,1.0,F1,7.6958,F1,14.586,,,ddg_kcal_per_mol(delta=1.0),22.2817,7.0727,15.8425,38.1242
1zk9A_3jv6A,ShallowMsa_014,DDG,-18.6954,-40.7088,-18.6954,-40.7088,22.0134,22.0134,10,10,0,1.0,F1,7.4275,F1,14.586,,,ddg_kcal_per_mol(delta=1.0),22.0134,1.7334,18.6954,40.7088
1zk9A_3jv6A,ShallowMsa_015,DDG,-13.4492,-26.7931,-13.4492,-26.7931,13.3439,13.3439,10,10,0,1.0,F1,-1.2421,F2,14.586,,,ddg_kcal_per_mol(delta=1.0),13.3439,2.3949,13.4492,26.7931
1zk9A_3jv6A,ShallowMsa_016,DDG,-17.6816,-36.6436,-17.6816,-36.6436,18.962,18.962,10,10,0,1.0,F1,4.376,F1,14.586,,,ddg_kcal_per_mol(delta=1.0),18.962,7.5379,17.6816,36.6436
1zk9A_3jv6A,ShallowMsa_017,DDG,-12.1748,-23.3235,-12.1748,-23.3235,11.1487,11.1487,10,10,0,1.0,F1,-3.4373,F2,14.586,,,ddg_kcal_per_mol(delta=1.0),11.1487,4.2785,12.1748,23.3235
1zk9A_3jv6A,ShallowMsa_018,DDG,-13.8551,-26.1132,-13.8551,-26.1132,12.2581,12.2581,10,10,0,1.0,F1,-2.3278,F2,14.586,,,ddg_kcal_per_mol(delta=1.0),12.2581,4.5102,13.8551,26.1132
1zk9A_3jv6A,ShallowMsa_019,DDG,-15.2453,-30.2932,-15.2453,-30.2932,15.0479,15.0479,10,10,0,1.0,F1,0.4619,Amb,14.586,,,ddg_kcal_per_mol(delta=1.0),15.0479,4.4598,15.2453,30.2932
1zk9A_3jv6A,ShallowMsa_000,Boltz2,0.471,0.7884,0.471,0.7884,-0.3175,-0.3175,1,0,1,0.0,F2,-0.0061,Amb,-0.3114,,,,,,,
1zk9A_3jv6A,ShallowMsa_002,Boltz2,0.3254,0.5454,0.3254,0.5454,-0.22,-0.22,1,0,1,0.0,F2,0.0914,F1,-0.3114,,,,,,,
1zk9A_3jv6A,ShallowMsa_003,Boltz2,0.3959,0.7448,0.3959,0.7448,-0.3489,-0.3489,1,0,1,0.0,F2,-0.0375,Amb,-0.3114,,,,,,,
1zk9A_3jv6A,ShallowMsa_004,Boltz2,0.4261,0.6854,0.4261,0.6854,-0.2592,-0.2592,1,0,1,0.0,F2,0.0522,F1,-0.3114,,,,,,,
1zk9A_3jv6A,ShallowMsa_006,Boltz2,0.4599,0.8312,0.4599,0.8312,-0.3713,-0.3713,1,0,1,0.0,F2,-0.06,F2,-0.3114,,,,,,,
1zk9A_3jv6A,ShallowMsa_007,Boltz2,0.404,0.7092,0.404,0.7092,-0.3052,-0.3052,1,0,1,0.0,F2,0.0061,Amb,-0.3114,,,,,,,
1zk9A_3jv6A,ShallowMsa_012,Boltz2,0.3612,0.6563,0.3612,0.6563,-0.2951,-0.2951,1,0,1,0.0,F2,0.0163,Amb,-0.3114,,,,,,,
1zk9A_3jv6A,ShallowMsa_016,Boltz2,0.5081,0.8652,0.5081,0.8652,-0.3571,-0.3571,1,0,1,0.0,F2,-0.0457,Amb,-0.3114,,,,,,,
2bzyB_2lqwA,DeepMsa,AF2,0.711,0.3923,0.7037,0.2931,0.3187,0.4106,2,2,0,1.0,F1,0.3187,F1,0.3611,,,,,,,
2bzyB_2lqwA,ShallowMsa_000,AF2,0.7116,0.3355,0.7028,0.2649,0.3761,0.4379,2,2,0,1.0,F1,0.015,Amb,0.3611,,,,,,,
2bzyB_2lqwA,ShallowMsa_001,AF2,0.6475,0.2351,0.6259,0.1873,0.4123,0.4387,2,2,0,1.0,F1,0.0512,F1,0.3611,,,,,,,
2bzyB_2lqwA,ShallowMsa_002,AF2,0.6322,0.3325,0.4157,0.2062,0.2997,0.2095,2,2,0,1.0,F1,-0.0614,F2,0.3611,,,,,,,
2bzyB_2lqwA,ShallowMsa_003,AF2,0.6388,0.2927,0.4719,0.1985,0.3461,0.2734,2,2,0,1.0,F1,-0.015,Amb,0.3611,,,,,,,
2bzyB_2lqwA,DeepMsa,AF3,0.7416,0.3794,0.722,0.287,0.3621,0.4349,2,2,0,1.0,F1,0.3621,F1,0.3422,,,,,,,
2bzyB_2lqwA,ShallowMsa_000,AF3,0.7107,0.3821,0.7061,0.2889,0.3286,0.4173,2,2,0,1.0,F1,-0.0136,Amb,0.3422,,,,,,,
2bzyB_2lqwA,ShallowMsa_001,AF3,0.6823,0.2674,0.6458,0.2186,0.4149,0.4272,2,2,0,1.0,F1,0.0727,F1,0.3422,,,,,,,
2bzyB_2lqwA,ShallowMsa_002,AF3,0.6334,0.3323,0.4383,0.2157,0.3011,0.2225,2,2,0,1.0,F1,-0.0411,Amb,0.3422,,,,,,,
2bzyB_2lqwA,ShallowMsa_003,AF3,0.6463,0.2904,0.4544,0.2035,0.3558,0.251,2,2,0,1.0,F1,0.0136,Amb,0.3422,,,,,,,
2bzyB_2lqwA,ShallowMsa_000,ESM,0.7134,0.3844,0.666,0.3012,0.329,0.3648,20,20,0,1.0,F1,-0.0079,Amb,0.3369,,,,,,,
2bzyB_2lqwA,ShallowMsa_001,ESM,0.6572,0.3073,0.5568,0.2556,0.3499,0.3012,20,18,2,0.9,F1,0.013,Amb,0.3369,,,,,,,
2bzyB_2lqwA,ShallowMsa_002,ESM,0.685,0.3557,0.6181,0.2766,0.3293,0.3415,20,20,0,1.0,F1,-0.0076,Amb,0.3369,,,,,,,
2bzyB_2lqwA,ShallowMsa_003,ESM,0.6534,0.3089,0.4969,0.2646,0.3445,0.2323,20,14,6,0.7,F1,0.0076,Amb,0.3369,,,,,,,
2bzyB_2lqwA,DeepMsa,MSAT,0.4815,0.2383,0.4815,0.2383,0.2432,0.2432,1,1,0,1.0,F1,0.2432,F1,0.0,0.4815,0.2383,t_recall,,,,
2bzyB_2lqwA,ShallowMsa_000,MSAT,0.463,0.2217,0.463,0.2217,0.2413,0.2413,1,1,0,1.0,F1,0.2413,F1,0.0,0.463,0.2217,t_recall,,,,
2bzyB_2lqwA,DeepMsa,CCMpred,0.0,0.005,0.0,0.005,-0.005,-0.005,1,0,1,0.0,Amb,-0.005,Amb,0.0,0.0,0.005,t_recall,,,,
2bzyB_2lqwA,ShallowMsa_000,CCMpred,0.0,0.0,0.0,0.0,0.0,0.0,1,0,0,0.0,Amb,0.0,Amb,0.0,0.0,0.0,t_recall,,,,
2bzyB_2lqwA,ShallowMsa_001,CCMpred,0.0,0.0017,0.0,0.0017,-0.0017,-0.0017,1,0,1,0.0,Amb,-0.0017,Amb,0.0,0.0,0.0017,t_recall,,,,
2bzyB_2lqwA,ShallowMsa_002,CCMpred,0.0,0.0,0.0,0.0,0.0,0.0,1,0,0,0.0,Amb,0.0,Amb,0.0,0.0,0.0,t_recall,,,,
2bzyB_2lqwA,ShallowMsa_003,CCMpred,0.0,0.0,0.0,0.0,0.0,0.0,1,0,0,0.0,Amb,0.0,Amb,0.0,0.0,0.0,t_recall,,,,
2bzyB_2lqwA,ShallowMsa_000,DDG,-6.7881,-36.0623,-6.7881,-36.0623,29.2742,29.2742,10,9,1,0.9,F1,-1.0692,F2,30.3434,,,ddg_kcal_per_mol(delta=1.0),29.2742,15.2259,6.7881,36.0623
2bzyB_2lqwA,ShallowMsa_001,DDG,-4.7538,-38.2644,-4.7538,-38.2644,33.5106,33.5106,10,10,0,1.0,F1,3.1672,F1,30.3434,,,ddg_kcal_per_mol(delta=1.0),33.5106,11.7619,4.7538,38.2644
2bzyB_2lqwA,ShallowMsa_002,DDG,-4.902,-33.326,-4.902,-33.326,28.424,28.424,10,10,0,1.0,F1,-1.9194,F2,30.3434,,,ddg_kcal_per_mol(delta=1.0),28.424,12.8341,4.902,33.326
2bzyB_2lqwA,ShallowMsa_003,DDG,-0.7422,-32.1547,-0.7422,-32.1547,31.4125,31.4125,10,10,0,1.0,F1,1.0692,F1,30.3434,,,ddg_kcal_per_mol(delta=1.0),31.4125,11.4905,0.7422,32.1547
2bzyB_2lqwA,ShallowMsa_000,Boltz2,0.1528,0.3074,0.1528,0.3074,-0.1546,-0.1546,1,0,1,0.0,F2,-0.0084,Amb,-0.1462,,,,,,,
2bzyB_2lqwA,ShallowMsa_001,Boltz2,0.1515,0.2575,0.1515,0.2575,-0.106,-0.106,1,0,1,0.0,F2,0.0402,Amb,-0.1462,,,,,,,
2bzyB_2lqwA,ShallowMsa_002,Boltz2,0.1491,0.2953,0.1491,0.2953,-0.1462,-0.1462,1,0,1,0.0,F2,0.0,Amb,-0.1462,,,,,,,
2c1vB_2c1uC,DeepMsa,AF2,0.9879,0.8712,0.9744,0.8657,0.1167,0.1087,2,2,0,1.0,F1,0.1167,F1,0.0814,,,,,,,
2c1vB_2c1uC,ShallowMsa_000,AF2,0.989,0.8721,0.9765,0.8681,0.117,0.1084,2,2,0,1.0,F1,0.0357,Amb,0.0814,,,,,,,
2c1vB_2c1uC,ShallowMsa_001,AF2,0.8009,0.7295,0.7975,0.7187,0.0713,0.0788,2,2,0,1.0,F1,-0.0101,Amb,0.0814,,,,,,,
2c1vB_2c1uC,ShallowMsa_002,AF2,0.9182,0.8275,0.9058,0.82,0.0908,0.0859,2,2,0,1.0,F1,0.0095,Amb,0.0814,,,,,,,
2c1vB_2c1uC,ShallowMsa_003,AF2,0.7995,0.7112,0.7923,0.7096,0.0883,0.0827,2,2,0,1.0,F1,0.0069,Amb,0.0814,,,,,,,
2c1vB_2c1uC,ShallowMsa_004,AF2,0.7905,0.7044,0.783,0.7015,0.0861,0.0815,2,2,0,1.0,F1,0.0047,Amb,0.0814,,,,,,,
2c1vB_2c1uC,ShallowMsa_005,AF2,0.7947,0.7167,0.785,0.7135,0.0779,0.0716,2,2,0,1.0,F1,-0.0035,Amb,0.0814,,,,,,,
2c1vB_2c1uC,ShallowMsa_006,AF2,0.9393,0.8389,0.9329,0.8354,0.1004,0.0975,2,2,0,1.0,F1,0.019,Amb,0.0814,,,,,,,
2c1vB_2c1uC,ShallowMsa_007,AF2,0.8206,0.7259,0.8145,0.7256,0.0947,0.0889,2,2,0,1.0,F1,0.0134,Amb,0.0814,,,,,,,
2c1vB_2c1uC,ShallowMsa_008,AF2,0.8639,0.7791,0.8597,0.7788,0.0848,0.0809,2,2,0,1.0,F1,0.0034,Amb,0.0814,,,,,,,
2c1vB_2c1uC,ShallowMsa_009,AF2,0.983,0.8741,0.9732,0.8704,0.1088,0.1028,2,2,0,1.0,F1,0.0274,Amb,0.0814,,,,,,,
2c1vB_2c1uC,ShallowMsa_010,AF2,0.7026,0.6408,0.6947,0.639,0.0618,0.0557,2,2,0,1.0,F1,-0.0196,Amb,0.0814,,,,,,,
2c1vB_2c1uC,ShallowMsa_011,AF2,0.7686,0.6956,0.7565,0.692,0.0731,0.0646,2,2,0,1.0,F1,-0.0083,Amb,0.0814,,,,,,,
2c1vB_2c1uC,ShallowMsa_012,AF2,0.8311,0.7784,0.8231,0.774,0.0527,0.0491,2,2,0,1.0,F1,-0.0287,Amb,0.0814,,,,,,,
2c1vB_2c1uC,ShallowMsa_013,AF2,0.7491,0.6717,0.7271,0.6587,0.0774,0.0684,2,2,0,1.0,F1,-0.004,Amb,0.0814,,,,,,,
2c1vB_2c1uC,ShallowMsa_014,AF2,0.8269,0.7515,0.8221,0.7462,0.0754,0.0758,2,2,0,1.0,F1,-0.006,Amb,0.0814,,,,,,,
2c1vB_2c1uC,ShallowMsa_015,AF2,0.8106,0.7142,0.8022,0.7141,0.0964,0.0881,2,2,0,1.0,F1,0.015,Amb,0.0814,,,,,,,
2c1vB_2c1uC,ShallowMsa_016,AF2,0.778,0.7141,0.7754,0.7132,0.0639,0.0622,2,2,0,1.0,F1,-0.0175,Amb,0.0814,,,,,,,
2c1vB_2c1uC,ShallowMsa_017,AF2,0.814,0.7468,0.8094,0.7455,0.0672,0.064,2,2,0,1.0,F1,-0.0142,Amb,0.0814,,,,,,,
2c1vB_2c1uC,DeepMsa,AF3,0.9942,0.8722,0.9831,0.8702,0.1221,0.1129,2,2,0,1.0,F1,0.1221,F1,0.0823,,,,,,,
2c1vB_2c1uC,ShallowMsa_000,AF3,0.9942,0.8719,0.9834,0.8705,0.1223,0.1129,2,2,0,1.0,F1,0.0401,Amb,0.0823,,,,,,,
2c1vB_2c1uC,ShallowMsa_001,AF3,0.8098,0.7259,0.804,0.7199,0.0839,0.0841,2,2,0,1.0,F1,0.0016,Amb,0.0823,,,,,,,
2c1vB_2c1uC,ShallowMsa_002,AF3,0.9186,0.8282,0.9091,0.8219,0.0904,0.0871,2,2,0,1.0,F1,0.0081,Amb,0.0823,,,,,,,
2c1vB_2c1uC,ShallowMsa_003,AF3,0.476,0.4155,0.4641,0.4148,0.0605,0.0493,2,2,0,1.0,F1,-0.0218,Amb,0.0823,,,,,,,
2c1vB_2c1uC,ShallowMsa_004,AF3,0.7919,0.7058,0.7838,0.7056,0.0862,0.0782,2,2,0,1.0,F1,0.0039,Amb,0.0823,,,,,,,
2c1vB_2c1uC,ShallowMsa_005,AF3,0.7927,0.7194,0.7841,0.7133,0.0734,0.0708,2,2,0,1.0,F1,-0.0088,Amb,0.0823,,,,,,,
2c1vB_2c1uC,ShallowMsa_006,AF3,0.9433,0.8359,0.9362,0.8343,0.1074,0.1019,2,2,0,1.0,F1,0.0251,Amb,0.0823,,,,,,,
2c1vB_2c1uC,ShallowMsa_007,AF3,0.8175,0.724,0.8121,0.7237,0.0935,0.0884,2,2,0,1.0,F1,0.0112,Amb,0.0823,,,,,,,
2c1vB_2c1uC,ShallowMsa_008,AF3,0.8633,0.7827,0.8606,0.7812,0.0806,0.0794,2,2,0,1.0,F1,-0.0016,Amb,0.0823,,,,,,,
2c1vB_2c1uC,ShallowMsa_009,AF3,0.9935,0.8736,0.9839,0.8719,0.1199,0.1121,2,2,0,1.0,F1,0.0377,Amb,0.0823,,,,,,,
2c1vB_2c1uC,ShallowMsa_010,AF3,0.7066,0.6391,0.6993,0.6347,0.0675,0.0646,2,2,0,1.0,F1,-0.0147,Amb,0.0823,,,,,,,
2c1vB_2c1uC,ShallowMsa_011,AF3,0.79,0.7115,0.7789,0.7061,0.0785,0.0728,2,2,0,1.0,F1,-0.0038,Amb,0.0823,,,,,,,
2c1vB_2c1uC,ShallowMsa_012,AF3,0.84,0.7866,0.8318,0.7815,0.0534,0.0502,2,2,0,1.0,F1,-0.0289,Amb,0.0823,,,,,,,
2c1vB_2c1uC,ShallowMsa_013,AF3,0.7301,0.6675,0.7267,0.6559,0.0626,0.0708,2,2,0,1.0,F1,-0.0197,Amb,0.0823,,,,,,,
2c1vB_2c1uC,ShallowMsa_014,AF3,0.8455,0.7589,0.8371,0.7569,0.0866,0.0802,2,2,0,1.0,F1,0.0043,Amb,0.0823,,,,,,,
2c1vB_2c1uC,ShallowMsa_015,AF3,0.8312,0.7278,0.8199,0.7258,0.1034,0.0941,2,2,0,1.0,F1,0.0212,Amb,0.0823,,,,,,,
2c1vB_2c1uC,ShallowMsa_016,AF3,0.7905,0.7214,0.7717,0.7125,0.0691,0.0592,2,2,0,1.0,F1,-0.0132,Amb,0.0823,,,,,,,
2c1vB_2c1uC,ShallowMsa_017,AF3,0.8198,0.7538,0.8164,0.7492,0.066,0.0672,2,2,0,1.0,F1,-0.0163,Amb,0.0823,,,,,,,
2c1vB_2c1uC,ShallowMsa_000,ESM,0.954,0.8601,0.6558,0.5998,0.0939,0.056,20,18,2,0.9,F1,0.0089,Amb,0.085,,,,,,,
2c1vB_2c1uC,ShallowMsa_001,ESM,0.8545,0.7689,0.6301,0.5768,0.0856,0.0532,20,19,1,0.95,F1,0.0006,Amb,0.085,,,,,,,
2c1vB_2c1uC,ShallowMsa_002,ESM,0.9159,0.8236,0.6335,0.5783,0.0922,0.0552,20,20,0,1.0,F1,0.0072,Amb,0.085,,,,,,,
2c1vB_2c1uC,ShallowMsa_003,ESM,0.8278,0.7474,0.6116,0.5523,0.0804,0.0593,20,20,0,1.0,F1,-0.0046,Amb,0.085,,,,,,,
2c1vB_2c1uC,ShallowMsa_004,ESM,0.8433,0.7407,0.6281,0.5626,0.1027,0.0655,20,20,0,1.0,F1,0.0177,Amb,0.085,,,,,,,
2c1vB_2c1uC,ShallowMsa_005,ESM,0.8592,0.7915,0.6509,0.5866,0.0676,0.0643,20,20,0,1.0,F1,-0.0174,Amb,0.085,,,,,,,
2c1vB_2c1uC,ShallowMsa_006,ESM,0.9349,0.826,0.6331,0.5699,0.1089,0.0632,20,20,0,1.0,F1,0.0239,Amb,0.085,,,,,,,
2c1vB_2c1uC,ShallowMsa_007,ESM,0.8347,0.7548,0.613,0.5597,0.08,0.0533,20,20,0,1.0,F1,-0.005,Amb,0.085,,,,,,,
2c1vB_2c1uC,ShallowMsa_008,ESM,0.8986,0.8086,0.6498,0.5856,0.09,0.0642,20,20,0,1.0,F1,0.005,Amb,0.085,,,,,,,
2c1vB_2c1uC,ShallowMsa_009,ESM,0.9625,0.8604,0.6005,0.5505,0.1021,0.0499,20,20,0,1.0,Amb,0.0171,Amb,0.085,,,,,,,
2c1vB_2c1uC,ShallowMsa_010,ESM,0.7928,0.7151,0.6178,0.5515,0.0776,0.0663,20,20,0,1.0,F1,-0.0074,Amb,0.085,,,,,,,
2c1vB_2c1uC,ShallowMsa_011,ESM,0.8312,0.7536,0.6673,0.6057,0.0776,0.0616,20,20,0,1.0,F1,-0.0074,Amb,0.085,,,,,,,
2c1vB_2c1uC,ShallowMsa_012,ESM,0.8471,0.7772,0.6398,0.5785,0.0699,0.0613,20,20,0,1.0,F1,-0.0151,Amb,0.085,,,,,,,
2c1vB_2c1uC,ShallowMsa_013,ESM,0.845,0.7668,0.6411,0.5817,0.0782,0.0593,20,20,0,1.0,F1,-0.0068,Amb,0.085,,,,,,,
2c1vB_2c1uC,ShallowMsa_014,ESM,0.8351,0.7614,0.6233,0.5688,0.0737,0.0545,20,20,0,1.0,F1,-0.0113,Amb,0.085,,,,,,,
2c1vB_2c1uC,ShallowMsa_015,ESM,0.8145,0.7249,0.5705,0.5198,0.0896,0.0507,20,18,2,0.9,F1,0.0046,Amb,0.085,,,,,,,
2c1vB_2c1uC,ShallowMsa_016,ESM,0.8408,0.7563,0.627,0.5712,0.0844,0.0558,20,20,0,1.0,F1,-0.0006,Amb,0.085,,,,,,,
2c1vB_2c1uC,ShallowMsa_017,ESM,0.8643,0.7784,0.6288,0.57,0.0859,0.0588,20,20,0,1.0,F1,0.0009,Amb,0.085,,,,,,,
2c1vB_2c1uC,DeepMsa,MSAT,0.2153,0.2018,0.2153,0.2018,0.0135,0.0135,1,1,0,1.0,Amb,0.0135,Amb,0.0037,0.2153,0.2018,t_recall,,,,
2c1vB_2c1uC,ShallowMsa_000,MSAT,0.199,0.1743,0.199,0.1743,0.0247,0.0247,1,1,0,1.0,Amb,0.021,Amb,0.0037,0.199,0.1743,t_recall,,,,
2c1vB_2c1uC,ShallowMsa_001,MSAT,0.0123,0.0138,0.0123,0.0138,-0.0015,-0.0015,1,0,1,0.0,Amb,-0.0052,Amb,0.0037,0.0123,0.0138,t_recall,,,,
2c1vB_2c1uC,ShallowMsa_002,MSAT,0.0658,0.0574,0.0658,0.0574,0.0084,0.0084,1,1,0,1.0,Amb,0.0047,Amb,0.0037,0.0658,0.0574,t_recall,,,,
2c1vB_2c1uC,ShallowMsa_003,MSAT,0.0095,0.0086,0.0095,0.0086,0.0009,0.0009,1,1,0,1.0,Amb,-0.0028,Amb,0.0037,0.0095,0.0086,t_recall,,,,
2c1vB_2c1uC,ShallowMsa_004,MSAT,0.0042,0.0048,0.0042,0.0048,-0.0006,-0.0006,1,0,1,0.0,Amb,-0.0043,Amb,0.0037,0.0042,0.0048,t_recall,,,,
2c1vB_2c1uC,ShallowMsa_005,MSAT,0.006,0.0046,0.006,0.0046,0.0014,0.0014,1,1,0,1.0,Amb,-0.0023,Amb,0.0037,0.006,0.0046,t_recall,,,,
2c1vB_2c1uC,ShallowMsa_006,MSAT,0.0138,0.0078,0.0138,0.0078,0.006,0.006,1,1,0,1.0,Amb,0.0023,Amb,0.0037,0.0138,0.0078,t_recall,,,,
2c1vB_2c1uC,ShallowMsa_007,MSAT,0.0302,0.0121,0.0302,0.0121,0.0181,0.0181,1,1,0,1.0,Amb,0.0144,Amb,0.0037,0.0302,0.0121,t_recall,,,,
2c1vB_2c1uC,ShallowMsa_008,MSAT,0.0175,0.0176,0.0175,0.0176,-0.0001,-0.0001,1,0,1,0.0,Amb,-0.0038,Amb,0.0037,0.0175,0.0176,t_recall,,,,
2c1vB_2c1uC,ShallowMsa_009,MSAT,0.1746,0.1523,0.1746,0.1523,0.0223,0.0223,1,1,0,1.0,Amb,0.0186,Amb,0.0037,0.1746,0.1523,t_recall,,,,
2c1vB_2c1uC,ShallowMsa_010,MSAT,0.0163,0.0023,0.0163,0.0023,0.014,0.014,1,1,0,1.0,Amb,0.0103,Amb,0.0037,0.0163,0.0023,t_recall,,,,
2c1vB_2c1uC,ShallowMsa_011,MSAT,0.0052,0.0059,0.0052,0.0059,-0.0007,-0.0007,1,0,1,0.0,Amb,-0.0044,Amb,0.0037,0.0052,0.0059,t_recall,,,,
2c1vB_2c1uC,ShallowMsa_012,MSAT,0.007,0.0078,0.007,0.0078,-0.0008,-0.0008,1,0,1,0.0,Amb,-0.0045,Amb,0.0037,0.007,0.0078,t_recall,,,,
2c1vB_2c1uC,ShallowMsa_013,MSAT,0.0078,0.0022,0.0078,0.0022,0.0056,0.0056,1,1,0,1.0,Amb,0.0019,Amb,0.0037,0.0078,0.0022,t_recall,,,,
2c1vB_2c1uC,ShallowMsa_014,MSAT,0.0533,0.0566,0.0533,0.0566,-0.0033,-0.0033,1,0,1,0.0,Amb,-0.007,Amb,0.0037,0.0533,0.0566,t_recall,,,,
2c1vB_2c1uC,ShallowMsa_015,MSAT,0.0041,0.0023,0.0041,0.0023,0.0018,0.0018,1,1,0,1.0,Amb,-0.0019,Amb,0.0037,0.0041,0.0023,t_recall,,,,
2c1vB_2c1uC,ShallowMsa_016,MSAT,0.0231,0.0163,0.0231,0.0163,0.0068,0.0068,1,1,0,1.0,Amb,0.0031,Amb,0.0037,0.0231,0.0163,t_recall,,,,
2c1vB_2c1uC,ShallowMsa_017,MSAT,0.0083,0.0024,0.0083,0.0024,0.0059,0.0059,1,1,0,1.0,Amb,0.0022,Amb,0.0037,0.0083,0.0024,t_recall,,,,
2c1vB_2c1uC,DeepMsa,CCMpred,0.1974,0.167,0.1974,0.167,0.0304,0.0304,1,1,0,1.0,Amb,0.0304,Amb,-0.0001,0.1974,0.167,t_recall,,,,
2c1vB_2c1uC,ShallowMsa_000,CCMpred,0.031,0.0275,0.031,0.0275,0.0035,0.0035,1,1,0,1.0,Amb,0.0036,Amb,-0.0001,0.031,0.0275,t_recall,,,,
2c1vB_2c1uC,ShallowMsa_001,CCMpred,0.0408,0.0385,0.0408,0.0385,0.0023,0.0023,1,1,0,1.0,Amb,0.0024,Amb,-0.0001,0.0408,0.0385,t_recall,,,,
2c1vB_2c1uC,ShallowMsa_002,CCMpred,0.0147,0.0128,0.0147,0.0128,0.0019,0.0019,1,1,0,1.0,Amb,0.002,Amb,-0.0001,0.0147,0.0128,t_recall,,,,
2c1vB_2c1uC,ShallowMsa_003,CCMpred,0.0245,0.0239,0.0245,0.0239,0.0006,0.0006,1,1,0,1.0,Amb,0.0007,Amb,-0.0001,0.0245,0.0239,t_recall,,,,
2c1vB_2c1uC,ShallowMsa_004,CCMpred,0.0033,0.0037,0.0033,0.0037,-0.0004,-0.0004,1,0,1,0.0,Amb,-0.0003,Amb,-0.0001,0.0033,0.0037,t_recall,,,,
2c1vB_2c1uC,ShallowMsa_005,CCMpred,0.0049,0.0055,0.0049,0.0055,-0.0006,-0.0006,1,0,1,0.0,Amb,-0.0005,Amb,-0.0001,0.0049,0.0055,t_recall,,,,
2c1vB_2c1uC,ShallowMsa_006,CCMpred,0.0033,0.0037,0.0033,0.0037,-0.0004,-0.0004,1,0,1,0.0,Amb,-0.0003,Amb,-0.0001,0.0033,0.0037,t_recall,,,,
2c1vB_2c1uC,ShallowMsa_007,CCMpred,0.0049,0.0055,0.0049,0.0055,-0.0006,-0.0006,1,0,1,0.0,Amb,-0.0005,Amb,-0.0001,0.0049,0.0055,t_recall,,,,
2c1vB_2c1uC,ShallowMsa_008,CCMpred,0.0,0.0,0.0,0.0,0.0,0.0,1,0,0,0.0,Amb,0.0001,Amb,-0.0001,0.0,0.0,t_recall,,,,
2c1vB_2c1uC,ShallowMsa_009,CCMpred,0.0,0.0,0.0,0.0,0.0,0.0,1,0,0,0.0,Amb,0.0001,Amb,-0.0001,0.0,0.0,t_recall,,,,
2c1vB_2c1uC,ShallowMsa_010,CCMpred,0.0065,0.0073,0.0065,0.0073,-0.0008,-0.0008,1,0,1,0.0,Amb,-0.0007,Amb,-0.0001,0.0065,0.0073,t_recall,,,,
2c1vB_2c1uC,ShallowMsa_011,CCMpred,0.0,0.0,0.0,0.0,0.0,0.0,1,0,0,0.0,Amb,0.0001,Amb,-0.0001,0.0,0.0,t_recall,,,,
2c1vB_2c1uC,ShallowMsa_012,CCMpred,0.0082,0.0092,0.0082,0.0092,-0.001,-0.001,1,0,1,0.0,Amb,-0.0009,Amb,-0.0001,0.0082,0.0092,t_recall,,,,
2c1vB_2c1uC,ShallowMsa_013,CCMpred,0.0016,0.0018,0.0016,0.0018,-0.0002,-0.0002,1,0,1,0.0,Amb,-0.0001,Amb,-0.0001,0.0016,0.0018,t_recall,,,,
2c1vB_2c1uC,ShallowMsa_014,CCMpred,0.0016,0.0018,0.0016,0.0018,-0.0002,-0.0002,1,0,1,0.0,Amb,-0.0001,Amb,-0.0001,0.0016,0.0018,t_recall,,,,
2c1vB_2c1uC,ShallowMsa_015,CCMpred,0.0,0.0,0.0,0.0,0.0,0.0,1,0,0,0.0,Amb,0.0001,Amb,-0.0001,0.0,0.0,t_recall,,,,
2c1vB_2c1uC,ShallowMsa_016,CCMpred,0.0016,0.0018,0.0016,0.0018,-0.0002,-0.0002,1,0,1,0.0,Amb,-0.0001,Amb,-0.0001,0.0016,0.0018,t_recall,,,,
2c1vB_2c1uC,ShallowMsa_017,CCMpred,0.0,0.0,0.0,0.0,0.0,0.0,1,0,0,0.0,Amb,0.0001,Amb,-0.0001,0.0,0.0,t_recall,,,,
2c1vB_2c1uC,ShallowMsa_000,DDG,-111.7151,-108.7879,-111.7151,-108.7879,-2.9272,-2.9272,10,3,7,0.3,F2,-0.1124,Amb,-2.8148,,,ddg_kcal_per_mol(delta=1.0),-2.9272,5.1377,111.7151,108.7879
2c1vB_2c1uC,ShallowMsa_001,DDG,-123.7382,-119.0016,-123.7382,-119.0016,-4.7366,-4.7366,10,2,8,0.2,F2,-1.9218,F2,-2.8148,,,ddg_kcal_per_mol(delta=1.0),-4.7366,4.5216,123.7382,119.0016
2c1vB_2c1uC,ShallowMsa_002,DDG,-100.1859,-96.9815,-100.1859,-96.9815,-3.2044,-3.2044,10,3,7,0.3,F2,-0.3896,Amb,-2.8148,,,ddg_kcal_per_mol(delta=1.0),-3.2044,6.623,100.1859,96.9815
2c1vB_2c1uC,ShallowMsa_003,DDG,-123.8241,-124.1306,-123.8241,-124.1306,0.3065,0.3065,10,6,4,0.6,Amb,3.1213,F1,-2.8148,,,ddg_kcal_per_mol(delta=1.0),0.3065,7.4307,123.8241,124.1306
2c1vB_2c1uC,ShallowMsa_004,DDG,-92.9359,-95.0485,-92.9359,-95.0485,2.1125,2.1125,10,6,4,0.6,F1,4.9273,F1,-2.8148,,,ddg_kcal_per_mol(delta=1.0),2.1125,5.7349,92.9359,95.0485
2c1vB_2c1uC,ShallowMsa_005,DDG,-123.1472,-118.8091,-123.1472,-118.8091,-4.3381,-4.3381,10,1,9,0.1,F2,-1.5233,F2,-2.8148,,,ddg_kcal_per_mol(delta=1.0),-4.3381,4.9281,123.1472,118.8091
2c1vB_2c1uC,ShallowMsa_006,DDG,-85.8472,-82.0481,-85.8472,-82.0481,-3.7991,-3.7991,10,2,8,0.2,F2,-0.9843,Amb,-2.8148,,,ddg_kcal_per_mol(delta=1.0),-3.7991,6.0024,85.8472,82.0481
2c1vB_2c1uC,ShallowMsa_007,DDG,-116.703,-115.81,-116.703,-115.81,-0.893,-0.893,10,4,6,0.4,Amb,1.9218,F1,-2.8148,,,ddg_kcal_per_mol(delta=1.0),-0.893,5.7115,116.703,115.81
2c1vB_2c1uC,ShallowMsa_008,DDG,-109.2684,-105.4681,-109.2684,-105.4681,-3.8003,-3.8003,10,3,7,0.3,F2,-0.9855,Amb,-2.8148,,,ddg_kcal_per_mol(delta=1.0),-3.8003,6.7528,109.2684,105.4681
2c1vB_2c1uC,ShallowMsa_009,DDG,-84.0224,-80.9492,-84.0224,-80.9492,-3.0731,-3.0731,10,2,8,0.2,F2,-0.2583,Amb,-2.8148,,,ddg_kcal_per_mol(delta=1.0),-3.0731,5.3168,84.0224,80.9492
2c1vB_2c1uC,ShallowMsa_010,DDG,-134.5177,-133.2739,-134.5177,-133.2739,-1.2438,-1.2438,10,5,5,0.5,F2,1.571,F1,-2.8148,,,ddg_kcal_per_mol(delta=1.0),-1.2438,6.0871,134.5177,133.2739
2c1vB_2c1uC,ShallowMsa_011,DDG,-138.7782,-136.0182,-138.7782,-136.0182,-2.76,-2.76,10,3,7,0.3,F2,0.0548,Amb,-2.8148,,,ddg_kcal_per_mol(delta=1.0),-2.76,4.259,138.7782,136.0182
2c1vB_2c1uC,ShallowMsa_012,DDG,-128.2994,-127.5268,-128.2994,-127.5268,-0.7726,-0.7726,10,6,4,0.6,Amb,2.0422,F1,-2.8148,,,ddg_kcal_per_mol(delta=1.0),-0.7726,6.855,128.2994,127.5268
2c1vB_2c1uC,ShallowMsa_013,DDG,-133.7825,-130.9504,-133.7825,-130.9504,-2.8321,-2.8321,10,3,7,0.3,F2,-0.0173,Amb,-2.8148,,,ddg_kcal_per_mol(delta=1.0),-2.8321,6.5709,133.7825,130.9504
2c1vB_2c1uC,ShallowMsa_014,DDG,-121.7378,-118.9403,-121.7378,-118.9403,-2.7975,-2.7975,10,3,7,0.3,F2,0.0173,Amb,-2.8148,,,ddg_kcal_per_mol(delta=1.0),-2.7975,8.9774,121.7378,118.9403
2c1vB_2c1uC,ShallowMsa_015,DDG,-116.4847,-115.3216,-116.4847,-115.3216,-1.1631,-1.1631,10,3,7,0.3,F2,1.6517,F1,-2.8148,,,ddg_kcal_per_mol(delta=1.0),-1.1631,6.3069,116.4847,115.3216
2c1vB_2c1uC,ShallowMsa_016,DDG,-127.0621,-123.2099,-127.0621,-123.2099,-3.8522,-3.8522,10,2,8,0.2,F2,-1.0374,F2,-2.8148,,,ddg_kcal_per_mol(delta=1.0),-3.8522,5.331,127.0621,123.2099
2c1vB_2c1uC,ShallowMsa_017,DDG,-116.4322,-116.8103,-116.4322,-116.8103,0.378,0.378,10,6,4,0.6,Amb,3.1928,F1,-2.8148,,,ddg_kcal_per_mol(delta=1.0),0.378,5.2609,116.4322,116.8103
2c1vB_2c1uC,ShallowMsa_000,Boltz2,0.3339,0.3361,0.3339,0.3361,-0.0022,-0.0022,1,0,1,0.0,Amb,-0.0045,Amb,0.0023,,,,,,,
2c1vB_2c1uC,ShallowMsa_001,Boltz2,0.4593,0.4187,0.4593,0.4187,0.0406,0.0406,1,1,0,1.0,Amb,0.0383,Amb,0.0023,,,,,,,
2c1vB_2c1uC,ShallowMsa_002,Boltz2,0.306,0.3038,0.306,0.3038,0.0023,0.0023,1,1,0,1.0,Amb,0.0,Amb,0.0023,,,,,,,
2c1vB_2c1uC,ShallowMsa_004,Boltz2,0.4084,0.3918,0.4084,0.3918,0.0165,0.0165,1,1,0,1.0,Amb,0.0142,Amb,0.0023,,,,,,,
2c1vB_2c1uC,ShallowMsa_005,Boltz2,0.6943,0.6727,0.6943,0.6727,0.0216,0.0216,1,1,0,1.0,Amb,0.0193,Amb,0.0023,,,,,,,
2c1vB_2c1uC,ShallowMsa_006,Boltz2,0.2735,0.2856,0.2735,0.2856,-0.0121,-0.0121,1,0,1,0.0,Amb,-0.0144,Amb,0.0023,,,,,,,
2c1vB_2c1uC,ShallowMsa_007,Boltz2,0.6058,0.591,0.6058,0.591,0.0148,0.0148,1,1,0,1.0,Amb,0.0125,Amb,0.0023,,,,,,,
2c1vB_2c1uC,ShallowMsa_008,Boltz2,0.318,0.3227,0.318,0.3227,-0.0048,-0.0048,1,0,1,0.0,Amb,-0.0071,Amb,0.0023,,,,,,,
2c1vB_2c1uC,ShallowMsa_009,Boltz2,0.3001,0.3018,0.3001,0.3018,-0.0016,-0.0016,1,0,1,0.0,Amb,-0.0039,Amb,0.0023,,,,,,,
2c1vB_2c1uC,ShallowMsa_010,Boltz2,0.3291,0.3277,0.3291,0.3277,0.0014,0.0014,1,1,0,1.0,Amb,-0.0009,Amb,0.0023,,,,,,,
2c1vB_2c1uC,ShallowMsa_011,Boltz2,0.3098,0.3,0.3098,0.3,0.0098,0.0098,1,1,0,1.0,Amb,0.0075,Amb,0.0023,,,,,,,
2c1vB_2c1uC,ShallowMsa_012,Boltz2,0.4954,0.492,0.4954,0.492,0.0034,0.0034,1,1,0,1.0,Amb,0.0011,Amb,0.0023,,,,,,,
2c1vB_2c1uC,ShallowMsa_013,Boltz2,0.3511,0.3644,0.3511,0.3644,-0.0133,-0.0133,1,0,1,0.0,Amb,-0.0156,Amb,0.0023,,,,,,,
2grmB_2axzA,DeepMsa,AF2,0.8975,0.8906,0.8775,0.8815,0.0069,-0.004,2,1,1,0.5,Amb,0.0069,Amb,0.0,,,,,,,
2grmB_2axzA,DeepMsa,AF3,0.9218,0.9231,0.9208,0.9089,-0.0012,0.0119,2,1,1,0.5,Amb,-0.0012,Amb,0.0,,,,,,,
2grmB_2axzA,DeepMsa,ESM,0.9031,0.9006,0.8618,0.8702,0.0026,-0.0084,4,2,2,0.5,Amb,0.0026,Amb,0.0,,,,,,,
2grmB_2axzA,DeepMsa,MSAT,0.1308,0.0037,0.1308,0.0037,0.1271,0.1271,1,1,0,1.0,F1,0.1271,F1,0.0,0.1308,0.0037,t_recall,,,,
2grmB_2axzA,DeepMsa,CCMpred,0.0,0.0,0.0,0.0,0.0,0.0,1,0,0,0.0,Amb,0.0,Amb,0.0,0.0,0.0,t_recall,,,,
2h44A_1rkpA,DeepMsa,AF2,0.9392,0.9569,0.9165,0.9558,-0.0177,-0.0392,2,0,2,0.0,Amb,-0.0177,Amb,-0.0177,,,,,,,
2h44A_1rkpA,ShallowMsa_000,AF2,0.9392,0.9569,0.9165,0.9558,-0.0177,-0.0392,2,0,2,0.0,Amb,0.0,Amb,-0.0177,,,,,,,
2h44A_1rkpA,ShallowMsa_001,AF2,0.9406,0.9573,0.9178,0.9561,-0.0167,-0.0383,2,0,2,0.0,Amb,0.001,Amb,-0.0177,,,,,,,
2h44A_1rkpA,ShallowMsa_002,AF2,0.9392,0.9569,0.9165,0.9558,-0.0177,-0.0392,2,0,2,0.0,Amb,0.0,Amb,-0.0177,,,,,,,
2h44A_1rkpA,ShallowMsa_003,AF2,0.9392,0.9569,0.9165,0.9558,-0.0177,-0.0392,2,0,2,0.0,Amb,0.0,Amb,-0.0177,,,,,,,
2h44A_1rkpA,ShallowMsa_004,AF2,0.9392,0.9569,0.9165,0.9558,-0.0177,-0.0392,2,0,2,0.0,Amb,0.0,Amb,-0.0177,,,,,,,
2h44A_1rkpA,ShallowMsa_005,AF2,0.9392,0.9569,0.9165,0.9558,-0.0177,-0.0392,2,0,2,0.0,Amb,0.0,Amb,-0.0177,,,,,,,
2h44A_1rkpA,ShallowMsa_006,AF2,0.9392,0.9569,0.9165,0.9558,-0.0177,-0.0392,2,0,2,0.0,Amb,0.0,Amb,-0.0177,,,,,,,
2h44A_1rkpA,ShallowMsa_007,AF2,0.9392,0.9569,0.9165,0.9558,-0.0177,-0.0392,2,0,2,0.0,Amb,0.0,Amb,-0.0177,,,,,,,
2h44A_1rkpA,ShallowMsa_008,AF2,0.9392,0.9569,0.9165,0.9558,-0.0177,-0.0392,2,0,2,0.0,Amb,0.0,Amb,-0.0177,,,,,,,
2h44A_1rkpA,ShallowMsa_009,AF2,0.9392,0.9569,0.9165,0.9558,-0.0177,-0.0392,2,0,2,0.0,Amb,0.0,Amb,-0.0177,,,,,,,
2h44A_1rkpA,ShallowMsa_010,AF2,0.9392,0.9569,0.9165,0.9558,-0.0177,-0.0392,2,0,2,0.0,Amb,0.0,Amb,-0.0177,,,,,,,
2h44A_1rkpA,ShallowMsa_011,AF2,0.9392,0.9569,0.9165,0.9558,-0.0177,-0.0392,2,0,2,0.0,Amb,0.0,Amb,-0.0177,,,,,,,
2h44A_1rkpA,ShallowMsa_012,AF2,0.9392,0.9569,0.9165,0.9558,-0.0177,-0.0392,2,0,2,0.0,Amb,0.0,Amb,-0.0177,,,,,,,
2h44A_1rkpA,ShallowMsa_013,AF2,0.9392,0.9569,0.9165,0.9558,-0.0177,-0.0392,2,0,2,0.0,Amb,0.0,Amb,-0.0177,,,,,,,
2h44A_1rkpA,ShallowMsa_014,AF2,0.9392,0.9569,0.9165,0.9558,-0.0177,-0.0392,2,0,2,0.0,Amb,0.0,Amb,-0.0177,,,,,,,
2h44A_1rkpA,ShallowMsa_015,AF2,0.9392,0.9569,0.9165,0.9558,-0.0177,-0.0392,2,0,2,0.0,Amb,0.0,Amb,-0.0177,,,,,,,
2h44A_1rkpA,ShallowMsa_016,AF2,0.9392,0.9569,0.9165,0.9558,-0.0177,-0.0392,2,0,2,0.0,Amb,0.0,Amb,-0.0177,,,,,,,
2h44A_1rkpA,ShallowMsa_017,AF2,0.9392,0.9569,0.9165,0.9558,-0.0177,-0.0392,2,0,2,0.0,Amb,0.0,Amb,-0.0177,,,,,,,
2h44A_1rkpA,ShallowMsa_018,AF2,0.9392,0.9569,0.9165,0.9558,-0.0177,-0.0392,2,0,2,0.0,Amb,0.0,Amb,-0.0177,,,,,,,
2h44A_1rkpA,ShallowMsa_019,AF2,0.9392,0.9569,0.9165,0.9558,-0.0177,-0.0392,2,0,2,0.0,Amb,0.0,Amb,-0.0177,,,,,,,
2h44A_1rkpA,DeepMsa,AF3,0.9384,0.9563,0.9149,0.9532,-0.0179,-0.0382,2,0,2,0.0,Amb,-0.0179,Amb,-0.0179,,,,,,,
2h44A_1rkpA,ShallowMsa_000,AF3,0.9384,0.9563,0.9149,0.9532,-0.0179,-0.0382,2,0,2,0.0,Amb,0.0,Amb,-0.0179,,,,,,,
2h44A_1rkpA,ShallowMsa_001,AF3,0.9385,0.9568,0.915,0.9533,-0.0183,-0.0383,2,0,2,0.0,Amb,-0.0004,Amb,-0.0179,,,,,,,
2h44A_1rkpA,ShallowMsa_002,AF3,0.9384,0.9563,0.9149,0.9532,-0.0179,-0.0382,2,0,2,0.0,Amb,0.0,Amb,-0.0179,,,,,,,
2h44A_1rkpA,ShallowMsa_003,AF3,0.9384,0.9563,0.9149,0.9532,-0.0179,-0.0382,2,0,2,0.0,Amb,0.0,Amb,-0.0179,,,,,,,
2h44A_1rkpA,ShallowMsa_004,AF3,0.9384,0.9563,0.9149,0.9532,-0.0179,-0.0382,2,0,2,0.0,Amb,0.0,Amb,-0.0179,,,,,,,
2h44A_1rkpA,ShallowMsa_005,AF3,0.9384,0.9563,0.9149,0.9532,-0.0179,-0.0382,2,0,2,0.0,Amb,0.0,Amb,-0.0179,,,,,,,
2h44A_1rkpA,ShallowMsa_006,AF3,0.9384,0.9563,0.9149,0.9532,-0.0179,-0.0382,2,0,2,0.0,Amb,0.0,Amb,-0.0179,,,,,,,
2h44A_1rkpA,ShallowMsa_007,AF3,0.9384,0.9563,0.9149,0.9532,-0.0179,-0.0382,2,0,2,0.0,Amb,0.0,Amb,-0.0179,,,,,,,
2h44A_1rkpA,ShallowMsa_008,AF3,0.9384,0.9563,0.9149,0.9532,-0.0179,-0.0382,2,0,2,0.0,Amb,0.0,Amb,-0.0179,,,,,,,
2h44A_1rkpA,ShallowMsa_009,AF3,0.9384,0.9563,0.9149,0.9532,-0.0179,-0.0382,2,0,2,0.0,Amb,0.0,Amb,-0.0179,,,,,,,
2h44A_1rkpA,ShallowMsa_010,AF3,0.9384,0.9563,0.9149,0.9532,-0.0179,-0.0382,2,0,2,0.0,Amb,0.0,Amb,-0.0179,,,,,,,
2h44A_1rkpA,ShallowMsa_011,AF3,0.9384,0.9563,0.9149,0.9532,-0.0179,-0.0382,2,0,2,0.0,Amb,0.0,Amb,-0.0179,,,,,,,
2h44A_1rkpA,ShallowMsa_012,AF3,0.9384,0.9563,0.9149,0.9532,-0.0179,-0.0382,2,0,2,0.0,Amb,0.0,Amb,-0.0179,,,,,,,
2h44A_1rkpA,ShallowMsa_013,AF3,0.9384,0.9563,0.9149,0.9532,-0.0179,-0.0383,2,0,2,0.0,Amb,0.0,Amb,-0.0179,,,,,,,
2h44A_1rkpA,ShallowMsa_014,AF3,0.9384,0.9563,0.9149,0.9532,-0.0179,-0.0383,2,0,2,0.0,Amb,0.0,Amb,-0.0179,,,,,,,
2h44A_1rkpA,ShallowMsa_015,AF3,0.9384,0.9563,0.9149,0.9532,-0.0179,-0.0383,2,0,2,0.0,Amb,0.0,Amb,-0.0179,,,,,,,
2h44A_1rkpA,ShallowMsa_016,AF3,0.9384,0.9563,0.9149,0.9532,-0.0179,-0.0382,2,0,2,0.0,Amb,0.0,Amb,-0.0179,,,,,,,
2h44A_1rkpA,ShallowMsa_017,AF3,0.9384,0.9563,0.9149,0.9532,-0.0179,-0.0382,2,0,2,0.0,Amb,0.0,Amb,-0.0179,,,,,,,
2h44A_1rkpA,ShallowMsa_018,AF3,0.9384,0.9563,0.9149,0.9532,-0.0179,-0.0382,2,0,2,0.0,Amb,0.0,Amb,-0.0179,,,,,,,
2h44A_1rkpA,ShallowMsa_019,AF3,0.9384,0.9563,0.9149,0.9532,-0.0179,-0.0382,2,0,2,0.0,Amb,0.0,Amb,-0.0179,,,,,,,
2h44A_1rkpA,ShallowMsa_000,ESM,0.8526,0.8765,0.6571,0.6788,-0.0239,-0.0216,20,2,18,0.1,Amb,-0.0049,Amb,-0.019,,,,,,,
2h44A_1rkpA,ShallowMsa_001,ESM,0.9393,0.9556,0.6771,0.6954,-0.0163,-0.0183,20,2,18,0.1,Amb,0.0027,Amb,-0.019,,,,,,,
2h44A_1rkpA,ShallowMsa_002,ESM,0.8385,0.8681,0.6584,0.683,-0.0295,-0.0246,20,2,18,0.1,Amb,-0.0105,Amb,-0.019,,,,,,,
2h44A_1rkpA,ShallowMsa_003,ESM,0.8793,0.9002,0.6619,0.6799,-0.0209,-0.018,20,2,18,0.1,Amb,-0.0019,Amb,-0.019,,,,,,,
2h44A_1rkpA,ShallowMsa_004,ESM,0.9156,0.9299,0.6312,0.6457,-0.0143,-0.0145,20,4,16,0.2,Amb,0.0047,Amb,-0.019,,,,,,,
2h44A_1rkpA,ShallowMsa_005,ESM,0.8845,0.9004,0.6039,0.6223,-0.0159,-0.0184,20,2,18,0.1,Amb,0.0031,Amb,-0.019,,,,,,,
2h44A_1rkpA,ShallowMsa_006,ESM,0.8778,0.8942,0.6229,0.6387,-0.0165,-0.0158,20,2,18,0.1,Amb,0.0025,Amb,-0.019,,,,,,,
2h44A_1rkpA,ShallowMsa_007,ESM,0.8601,0.8761,0.6603,0.6806,-0.016,-0.0204,20,0,20,0.0,Amb,0.003,Amb,-0.019,,,,,,,
2h44A_1rkpA,ShallowMsa_008,ESM,0.8846,0.9021,0.6383,0.6566,-0.0176,-0.0183,20,4,16,0.2,Amb,0.0014,Amb,-0.019,,,,,,,
2h44A_1rkpA,ShallowMsa_009,ESM,0.8759,0.8968,0.6345,0.6525,-0.0209,-0.0179,20,4,16,0.2,Amb,-0.0019,Amb,-0.019,,,,,,,
2h44A_1rkpA,ShallowMsa_010,ESM,0.8215,0.8618,0.5592,0.5747,-0.0403,-0.0155,20,6,14,0.3,Amb,-0.0214,Amb,-0.019,,,,,,,
2h44A_1rkpA,ShallowMsa_011,ESM,0.8444,0.8657,0.603,0.6221,-0.0213,-0.0191,20,4,16,0.2,Amb,-0.0023,Amb,-0.019,,,,,,,
2h44A_1rkpA,ShallowMsa_012,ESM,0.8572,0.877,0.6357,0.6542,-0.0199,-0.0185,20,2,18,0.1,Amb,-0.0009,Amb,-0.019,,,,,,,
2h44A_1rkpA,ShallowMsa_013,ESM,0.8639,0.8783,0.6121,0.6313,-0.0145,-0.0192,20,2,18,0.1,Amb,0.0045,Amb,-0.019,,,,,,,
2h44A_1rkpA,ShallowMsa_014,ESM,0.9154,0.9312,0.6655,0.6726,-0.0158,-0.0071,20,4,16,0.2,Amb,0.0032,Amb,-0.019,,,,,,,
2h44A_1rkpA,ShallowMsa_015,ESM,0.8454,0.8783,0.6621,0.677,-0.0328,-0.0149,20,6,14,0.3,Amb,-0.0139,Amb,-0.019,,,,,,,
2h44A_1rkpA,ShallowMsa_016,ESM,0.8667,0.8813,0.651,0.6711,-0.0146,-0.02,20,2,18,0.1,Amb,0.0044,Amb,-0.019,,,,,,,
2h44A_1rkpA,ShallowMsa_017,ESM,0.8663,0.8843,0.6836,0.7089,-0.018,-0.0253,20,2,18,0.1,Amb,0.001,Amb,-0.019,,,,,,,
2h44A_1rkpA,ShallowMsa_018,ESM,0.9013,0.9219,0.6436,0.664,-0.0207,-0.0204,20,4,16,0.2,Amb,-0.0017,Amb,-0.019,,,,,,,
2h44A_1rkpA,ShallowMsa_019,ESM,0.8626,0.883,0.6388,0.6581,-0.0204,-0.0193,20,4,16,0.2,Amb,-0.0014,Amb,-0.019,,,,,,,
2h44A_1rkpA,DeepMsa,MSAT,0.4213,0.4404,0.4213,0.4404,-0.0191,-0.0191,1,0,1,0.0,Amb,-0.0191,Amb,-0.0008,0.4213,0.4404,t_recall,,,,
2h44A_1rkpA,ShallowMsa_000,MSAT,0.0057,0.0125,0.0057,0.0125,-0.0068,-0.0068,1,0,1,0.0,Amb,-0.0059,Amb,-0.0008,0.0057,0.0125,t_recall,,,,
2h44A_1rkpA,ShallowMsa_001,MSAT,0.1646,0.1658,0.1646,0.1658,-0.0012,-0.0012,1,0,1,0.0,Amb,-0.0003,Amb,-0.0008,0.1646,0.1658,t_recall,,,,
2h44A_1rkpA,ShallowMsa_002,MSAT,0.0,0.0,0.0,0.0,0.0,0.0,1,0,0,0.0,Amb,0.0008,Amb,-0.0008,0.0,0.0,t_recall,,,,
2h44A_1rkpA,ShallowMsa_003,MSAT,0.0026,0.0028,0.0026,0.0028,-0.0002,-0.0002,1,0,1,0.0,Amb,0.0006,Amb,-0.0008,0.0026,0.0028,t_recall,,,,
2h44A_1rkpA,ShallowMsa_004,MSAT,0.0319,0.0288,0.0319,0.0288,0.0031,0.0031,1,1,0,1.0,Amb,0.0039,Amb,-0.0008,0.0319,0.0288,t_recall,,,,
2h44A_1rkpA,ShallowMsa_005,MSAT,0.0789,0.0872,0.0789,0.0872,-0.0083,-0.0083,1,0,1,0.0,Amb,-0.0075,Amb,-0.0008,0.0789,0.0872,t_recall,,,,
2h44A_1rkpA,ShallowMsa_006,MSAT,0.0056,0.009,0.0056,0.009,-0.0034,-0.0034,1,0,1,0.0,Amb,-0.0025,Amb,-0.0008,0.0056,0.009,t_recall,,,,
2h44A_1rkpA,ShallowMsa_007,MSAT,0.0082,0.0118,0.0082,0.0118,-0.0036,-0.0036,1,0,1,0.0,Amb,-0.0027,Amb,-0.0008,0.0082,0.0118,t_recall,,,,
2h44A_1rkpA,ShallowMsa_008,MSAT,0.0225,0.0241,0.0225,0.0241,-0.0016,-0.0016,1,0,1,0.0,Amb,-0.0008,Amb,-0.0008,0.0225,0.0241,t_recall,,,,
2h44A_1rkpA,ShallowMsa_009,MSAT,0.0087,0.0063,0.0087,0.0063,0.0024,0.0024,1,1,0,1.0,Amb,0.0032,Amb,-0.0008,0.0087,0.0063,t_recall,,,,
2h44A_1rkpA,ShallowMsa_010,MSAT,0.0,0.0,0.0,0.0,0.0,0.0,1,0,0,0.0,Amb,0.0008,Amb,-0.0008,0.0,0.0,t_recall,,,,
2h44A_1rkpA,ShallowMsa_011,MSAT,0.0057,0.0062,0.0057,0.0062,-0.0005,-0.0005,1,0,1,0.0,Amb,0.0003,Amb,-0.0008,0.0057,0.0062,t_recall,,,,
2h44A_1rkpA,ShallowMsa_012,MSAT,0.0056,0.0089,0.0056,0.0089,-0.0033,-0.0033,1,0,1,0.0,Amb,-0.0024,Amb,-0.0008,0.0056,0.0089,t_recall,,,,
2h44A_1rkpA,ShallowMsa_013,MSAT,0.0716,0.0814,0.0716,0.0814,-0.0098,-0.0098,1,0,1,0.0,Amb,-0.0089,Amb,-0.0008,0.0716,0.0814,t_recall,,,,
2h44A_1rkpA,ShallowMsa_014,MSAT,0.0073,0.0078,0.0073,0.0078,-0.0005,-0.0005,1,0,1,0.0,Amb,0.0003,Amb,-0.0008,0.0073,0.0078,t_recall,,,,
2h44A_1rkpA,ShallowMsa_015,MSAT,0.0028,0.0029,0.0028,0.0029,-0.0001,-0.0001,1,0,1,0.0,Amb,0.0007,Amb,-0.0008,0.0028,0.0029,t_recall,,,,
2h44A_1rkpA,ShallowMsa_016,MSAT,0.0084,0.015,0.0084,0.015,-0.0066,-0.0066,1,0,1,0.0,Amb,-0.0057,Amb,-0.0008,0.0084,0.015,t_recall,,,,
2h44A_1rkpA,ShallowMsa_017,MSAT,0.0,0.0,0.0,0.0,0.0,0.0,1,0,0,0.0,Amb,0.0008,Amb,-0.0008,0.0,0.0,t_recall,,,,
2h44A_1rkpA,ShallowMsa_018,MSAT,0.0077,0.0082,0.0077,0.0082,-0.0005,-0.0005,1,0,1,0.0,Amb,0.0003,Amb,-0.0008,0.0077,0.0082,t_recall,,,,
2h44A_1rkpA,ShallowMsa_019,MSAT,0.0028,0.006,0.0028,0.006,-0.0032,-0.0032,1,0,1,0.0,Amb,-0.0024,Amb,-0.0008,0.0028,0.006,t_recall,,,,
2h44A_1rkpA,DeepMsa,CCMpred,0.0823,0.0933,0.0823,0.0933,-0.011,-0.011,1,0,1,0.0,Amb,-0.011,Amb,0.0,0.0823,0.0933,t_recall,,,,
2h44A_1rkpA,ShallowMsa_000,CCMpred,0.0073,0.0078,0.0073,0.0078,-0.0005,-0.0005,1,0,1,0.0,Amb,-0.0005,Amb,0.0,0.0073,0.0078,t_recall,,,,
2h44A_1rkpA,ShallowMsa_001,CCMpred,0.0,0.0,0.0,0.0,0.0,0.0,1,0,0,0.0,Amb,0.0,Amb,0.0,0.0,0.0,t_recall,,,,
2h44A_1rkpA,ShallowMsa_002,CCMpred,0.0,0.0,0.0,0.0,0.0,0.0,1,0,0,0.0,Amb,0.0,Amb,0.0,0.0,0.0,t_recall,,,,
2h44A_1rkpA,ShallowMsa_003,CCMpred,0.0,0.0,0.0,0.0,0.0,0.0,1,0,0,0.0,Amb,0.0,Amb,0.0,0.0,0.0,t_recall,,,,
2h44A_1rkpA,ShallowMsa_004,CCMpred,0.0,0.0,0.0,0.0,0.0,0.0,1,0,0,0.0,Amb,0.0,Amb,0.0,0.0,0.0,t_recall,,,,
2h44A_1rkpA,ShallowMsa_005,CCMpred,0.0,0.0,0.0,0.0,0.0,0.0,1,0,0,0.0,Amb,0.0,Amb,0.0,0.0,0.0,t_recall,,,,
2h44A_1rkpA,ShallowMsa_006,CCMpred,0.0024,0.0,0.0024,0.0,0.0024,0.0024,1,1,0,1.0,Amb,0.0024,Amb,0.0,0.0024,0.0,t_recall,,,,
2h44A_1rkpA,ShallowMsa_007,CCMpred,0.0,0.0,0.0,0.0,0.0,0.0,1,0,0,0.0,Amb,0.0,Amb,0.0,0.0,0.0,t_recall,,,,
2h44A_1rkpA,ShallowMsa_008,CCMpred,0.0,0.0,0.0,0.0,0.0,0.0,1,0,0,0.0,Amb,0.0,Amb,0.0,0.0,0.0,t_recall,,,,
2h44A_1rkpA,ShallowMsa_009,CCMpred,0.0,0.0,0.0,0.0,0.0,0.0,1,0,0,0.0,Amb,0.0,Amb,0.0,0.0,0.0,t_recall,,,,
2h44A_1rkpA,ShallowMsa_010,CCMpred,0.0,0.0,0.0,0.0,0.0,0.0,1,0,0,0.0,Amb,0.0,Amb,0.0,0.0,0.0,t_recall,,,,
2h44A_1rkpA,ShallowMsa_011,CCMpred,0.0,0.0,0.0,0.0,0.0,0.0,1,0,0,0.0,Amb,0.0,Amb,0.0,0.0,0.0,t_recall,,,,
2h44A_1rkpA,ShallowMsa_012,CCMpred,0.0,0.0,0.0,0.0,0.0,0.0,1,0,0,0.0,Amb,0.0,Amb,0.0,0.0,0.0,t_recall,,,,
2h44A_1rkpA,ShallowMsa_013,CCMpred,0.0,0.0,0.0,0.0,0.0,0.0,1,0,0,0.0,Amb,0.0,Amb,0.0,0.0,0.0,t_recall,,,,
2h44A_1rkpA,ShallowMsa_014,CCMpred,0.0,0.0,0.0,0.0,0.0,0.0,1,0,0,0.0,Amb,0.0,Amb,0.0,0.0,0.0,t_recall,,,,
2h44A_1rkpA,ShallowMsa_015,CCMpred,0.0,0.0,0.0,0.0,0.0,0.0,1,0,0,0.0,Amb,0.0,Amb,0.0,0.0,0.0,t_recall,,,,
2h44A_1rkpA,ShallowMsa_016,CCMpred,0.0,0.0,0.0,0.0,0.0,0.0,1,0,0,0.0,Amb,0.0,Amb,0.0,0.0,0.0,t_recall,,,,
2h44A_1rkpA,ShallowMsa_017,CCMpred,0.0,0.0,0.0,0.0,0.0,0.0,1,0,0,0.0,Amb,0.0,Amb,0.0,0.0,0.0,t_recall,,,,
2h44A_1rkpA,ShallowMsa_018,CCMpred,0.0,0.0,0.0,0.0,0.0,0.0,1,0,0,0.0,Amb,0.0,Amb,0.0,0.0,0.0,t_recall,,,,
2h44A_1rkpA,ShallowMsa_019,CCMpred,0.0,0.0,0.0,0.0,0.0,0.0,1,0,0,0.0,Amb,0.0,Amb,0.0,0.0,0.0,t_recall,,,,
2h44A_1rkpA,ShallowMsa_000,DDG,-109.9724,-101.5145,-109.9724,-101.5145,-8.4579,-8.4579,10,0,10,0.0,F2,-0.0683,Amb,-8.3896,,,ddg_kcal_per_mol(delta=1.0),-8.4579,4.8643,109.9724,101.5145
2h44A_1rkpA,ShallowMsa_001,DDG,-89.6114,-81.4906,-89.6114,-81.4906,-8.1208,-8.1208,10,2,8,0.2,F2,0.2689,Amb,-8.3896,,,ddg_kcal_per_mol(delta=1.0),-8.1208,5.8809,89.6114,81.4906
2h44A_1rkpA,ShallowMsa_002,DDG,-118.2282,-110.6209,-118.2282,-110.6209,-7.6072,-7.6072,10,1,9,0.1,F2,0.7824,Amb,-8.3896,,,ddg_kcal_per_mol(delta=1.0),-7.6072,5.2086,118.2282,110.6209
2h44A_1rkpA,ShallowMsa_003,DDG,-95.3019,-87.3075,-95.3019,-87.3075,-7.9944,-7.9944,10,1,9,0.1,F2,0.3952,Amb,-8.3896,,,ddg_kcal_per_mol(delta=1.0),-7.9944,5.2656,95.3019,87.3075
2h44A_1rkpA,ShallowMsa_004,DDG,-78.4069,-70.0855,-78.4069,-70.0855,-8.3214,-8.3214,10,0,10,0.0,F2,0.0682,Amb,-8.3896,,,ddg_kcal_per_mol(delta=1.0),-8.3214,6.0426,78.4069,70.0855
2h44A_1rkpA,ShallowMsa_005,DDG,-105.6797,-98.541,-105.6797,-98.541,-7.1388,-7.1388,10,0,10,0.0,F2,1.2508,F1,-8.3896,,,ddg_kcal_per_mol(delta=1.0),-7.1388,4.0598,105.6797,98.541
2h44A_1rkpA,ShallowMsa_006,DDG,-107.6458,-99.4692,-107.6458,-99.4692,-8.1767,-8.1767,10,1,9,0.1,F2,0.2129,Amb,-8.3896,,,ddg_kcal_per_mol(delta=1.0),-8.1767,6.501,107.6458,99.4692
2h44A_1rkpA,ShallowMsa_007,DDG,-111.3232,-102.6466,-111.3232,-102.6466,-8.6767,-8.6767,10,2,8,0.2,F2,-0.2871,Amb,-8.3896,,,ddg_kcal_per_mol(delta=1.0),-8.6767,7.2406,111.3232,102.6466
2h44A_1rkpA,ShallowMsa_008,DDG,-95.1929,-85.4974,-95.1929,-85.4974,-9.6955,-9.6955,10,0,10,0.0,F2,-1.3058,F2,-8.3896,,,ddg_kcal_per_mol(delta=1.0),-9.6955,3.9591,95.1929,85.4974
2h44A_1rkpA,ShallowMsa_009,DDG,-92.9469,-84.2963,-92.9469,-84.2963,-8.6506,-8.6506,10,1,9,0.1,F2,-0.261,Amb,-8.3896,,,ddg_kcal_per_mol(delta=1.0),-8.6506,4.9985,92.9469,84.2963
2h44A_1rkpA,ShallowMsa_010,DDG,-102.2266,-96.2345,-102.2266,-96.2345,-5.9922,-5.9922,10,1,9,0.1,F2,2.3974,F1,-8.3896,,,ddg_kcal_per_mol(delta=1.0),-5.9922,3.611,102.2266,96.2345
2h44A_1rkpA,ShallowMsa_011,DDG,-93.9277,-88.4506,-93.9277,-88.4506,-5.4771,-5.4771,10,2,8,0.2,F2,2.9125,F1,-8.3896,,,ddg_kcal_per_mol(delta=1.0),-5.4771,4.223,93.9277,88.4506
2h44A_1rkpA,ShallowMsa_012,DDG,-100.4387,-92.4834,-100.4387,-92.4834,-7.9553,-7.9553,10,2,8,0.2,F2,0.4343,Amb,-8.3896,,,ddg_kcal_per_mol(delta=1.0),-7.9553,5.9494,100.4387,92.4834
2h44A_1rkpA,ShallowMsa_013,DDG,-109.7028,-102.8194,-109.7028,-102.8194,-6.8834,-6.8834,10,1,9,0.1,F2,1.5062,F1,-8.3896,,,ddg_kcal_per_mol(delta=1.0),-6.8834,5.2073,109.7028,102.8194
2h44A_1rkpA,ShallowMsa_014,DDG,-87.6469,-78.8661,-87.6469,-78.8661,-8.7808,-8.7808,10,1,9,0.1,F2,-0.3911,Amb,-8.3896,,,ddg_kcal_per_mol(delta=1.0),-8.7808,5.1106,87.6469,78.8661
2h44A_1rkpA,ShallowMsa_015,DDG,-108.0711,-99.2286,-108.0711,-99.2286,-8.8425,-8.8425,10,0,10,0.0,F2,-0.4528,Amb,-8.3896,,,ddg_kcal_per_mol(delta=1.0),-8.8425,4.4306,108.0711,99.2286
2h44A_1rkpA,ShallowMsa_016,DDG,-118.7212,-109.5939,-118.7212,-109.5939,-9.1273,-9.1273,10,0,10,0.0,F2,-0.7377,Amb,-8.3896,,,ddg_kcal_per_mol(delta=1.0),-9.1273,4.8957,118.7212,109.5939
2h44A_1rkpA,ShallowMsa_017,DDG,-113.2588,-102.5342,-113.2588,-102.5342,-10.7247,-10.7247,10,0,10,0.0,F2,-2.3351,F2,-8.3896,,,ddg_kcal_per_mol(delta=1.0),-10.7247,4.3476,113.2588,102.5342
2h44A_1rkpA,ShallowMsa_018,DDG,-101.6388,-92.2547,-101.6388,-92.2547,-9.3841,-9.3841,10,0,10,0.0,F2,-0.9945,Amb,-8.3896,,,ddg_kcal_per_mol(delta=1.0),-9.3841,4.1082,101.6388,92.2547
2h44A_1rkpA,ShallowMsa_019,DDG,-111.1077,-100.9383,-111.1077,-100.9383,-10.1694,-10.1694,10,1,9,0.1,F2,-1.7797,F2,-8.3896,,,ddg_kcal_per_mol(delta=1.0),-10.1694,6.4423,111.1077,100.9383
2h44A_1rkpA,ShallowMsa_000,Boltz2,0.8686,0.8285,0.8686,0.8285,0.0401,0.0401,1,1,0,1.0,Amb,0.0352,Amb,0.0049,,,,,,,
2h44A_1rkpA,ShallowMsa_001,Boltz2,0.5268,0.5426,0.5268,0.5426,-0.0158,-0.0158,1,0,1,0.0,Amb,-0.0207,Amb,0.0049,,,,,,,
2h44A_1rkpA,ShallowMsa_003,Boltz2,0.8279,0.8531,0.8279,0.8531,-0.0251,-0.0251,1,0,1,0.0,Amb,-0.03,Amb,0.0049,,,,,,,
2h44A_1rkpA,ShallowMsa_004,Boltz2,0.8718,0.8815,0.8718,0.8815,-0.0097,-0.0097,1,0,1,0.0,Amb,-0.0146,Amb,0.0049,,,,,,,
2h44A_1rkpA,ShallowMsa_005,Boltz2,0.3619,0.3614,0.3619,0.3614,0.0005,0.0005,1,1,0,1.0,Amb,-0.0044,Amb,0.0049,,,,,,,
2h44A_1rkpA,ShallowMsa_006,Boltz2,0.8701,0.8626,0.8701,0.8626,0.0075,0.0075,1,1,0,1.0,Amb,0.0026,Amb,0.0049,,,,,,,
2h44A_1rkpA,ShallowMsa_007,Boltz2,0.6513,0.6484,0.6513,0.6484,0.0029,0.0029,1,1,0,1.0,Amb,-0.002,Amb,0.0049,,,,,,,
2h44A_1rkpA,ShallowMsa_008,Boltz2,0.842,0.8559,0.842,0.8559,-0.0139,-0.0139,1,0,1,0.0,Amb,-0.0188,Amb,0.0049,,,,,,,
2h44A_1rkpA,ShallowMsa_009,Boltz2,0.7933,0.7864,0.7933,0.7864,0.0069,0.0069,1,1,0,1.0,Amb,0.002,Amb,0.0049,,,,,,,
2h44A_1rkpA,ShallowMsa_011,Boltz2,0.4127,0.4348,0.4127,0.4348,-0.0221,-0.0221,1,0,1,0.0,Amb,-0.027,Amb,0.0049,,,,,,,
2h44A_1rkpA,ShallowMsa_012,Boltz2,0.8901,0.8736,0.8901,0.8736,0.0165,0.0165,1,1,0,1.0,Amb,0.0116,Amb,0.0049,,,,,,,
2h44A_1rkpA,ShallowMsa_014,Boltz2,0.6625,0.6489,0.6625,0.6489,0.0136,0.0136,1,1,0,1.0,Amb,0.0087,Amb,0.0049,,,,,,,
2h44A_1rkpA,ShallowMsa_015,Boltz2,0.849,0.8336,0.849,0.8336,0.0154,0.0154,1,1,0,1.0,Amb,0.0105,Amb,0.0049,,,,,,,
2h44A_1rkpA,ShallowMsa_017,Boltz2,0.5668,0.5532,0.5668,0.5532,0.0136,0.0136,1,1,0,1.0,Amb,0.0087,Amb,0.0049,,,,,,,
2jmrA_4j3oF,DeepMsa,AF2,0.8513,0.8458,0.8029,0.8437,0.0055,-0.0408,2,1,1,0.5,Amb,0.0055,Amb,-0.0778,,,,,,,
2jmrA_4j3oF,ShallowMsa_000,AF2,0.5967,0.7081,0.5955,0.7076,-0.1115,-0.1121,2,0,2,0.0,F2,-0.0337,Amb,-0.0778,,,,,,,
2jmrA_4j3oF,ShallowMsa_001,AF2,0.6424,0.7247,0.6025,0.6812,-0.0823,-0.0787,2,0,2,0.0,F2,-0.0045,Amb,-0.0778,,,,,,,
2jmrA_4j3oF,ShallowMsa_002,AF2,0.6914,0.7604,0.6914,0.7604,-0.0689,-0.0689,2,0,2,0.0,F2,0.0089,Amb,-0.0778,,,,,,,
2jmrA_4j3oF,ShallowMsa_003,AF2,0.6578,0.7357,0.6578,0.7357,-0.0779,-0.0779,2,0,2,0.0,F2,-0.0001,Amb,-0.0778,,,,,,,
2jmrA_4j3oF,ShallowMsa_004,AF2,0.8488,0.8412,0.8014,0.8392,0.0075,-0.0379,2,1,1,0.5,Amb,0.0853,F1,-0.0778,,,,,,,
2jmrA_4j3oF,ShallowMsa_005,AF2,0.7156,0.7933,0.7156,0.7933,-0.0777,-0.0777,2,0,2,0.0,F2,0.0001,Amb,-0.0778,,,,,,,
2jmrA_4j3oF,ShallowMsa_006,AF2,0.6488,0.7289,0.6488,0.7289,-0.0801,-0.0801,2,0,2,0.0,F2,-0.0023,Amb,-0.0778,,,,,,,
2jmrA_4j3oF,ShallowMsa_007,AF2,0.6814,0.777,0.6814,0.777,-0.0956,-0.0956,2,0,2,0.0,F2,-0.0178,Amb,-0.0778,,,,,,,
2jmrA_4j3oF,ShallowMsa_008,AF2,0.6862,0.7685,0.6706,0.7675,-0.0822,-0.0969,2,0,2,0.0,F2,-0.0044,Amb,-0.0778,,,,,,,
2jmrA_4j3oF,ShallowMsa_009,AF2,0.6844,0.7589,0.678,0.7567,-0.0745,-0.0787,2,0,2,0.0,F2,0.0033,Amb,-0.0778,,,,,,,
2jmrA_4j3oF,ShallowMsa_010,AF2,0.6264,0.6831,0.6264,0.6831,-0.0567,-0.0567,2,0,2,0.0,F2,0.0211,Amb,-0.0778,,,,,,,
2jmrA_4j3oF,ShallowMsa_011,AF2,0.7044,0.7788,0.7044,0.7788,-0.0744,-0.0744,2,0,2,0.0,F2,0.0034,Amb,-0.0778,,,,,,,
2jmrA_4j3oF,ShallowMsa_012,AF2,0.5976,0.6565,0.5976,0.6565,-0.0589,-0.0589,2,0,2,0.0,F2,0.0189,Amb,-0.0778,,,,,,,
2jmrA_4j3oF,ShallowMsa_013,AF2,0.6612,0.7225,0.6612,0.7225,-0.0613,-0.0613,2,0,2,0.0,F2,0.0165,Amb,-0.0778,,,,,,,
2jmrA_4j3oF,ShallowMsa_014,AF2,0.7494,0.8339,0.7494,0.8339,-0.0845,-0.0845,2,0,2,0.0,F2,-0.0067,Amb,-0.0778,,,,,,,
2jmrA_4j3oF,ShallowMsa_015,AF2,0.5721,0.6521,0.5721,0.6521,-0.08,-0.08,2,0,2,0.0,F2,-0.0022,Amb,-0.0778,,,,,,,
2jmrA_4j3oF,ShallowMsa_016,AF2,0.6417,0.7443,0.6409,0.7439,-0.1025,-0.103,2,0,2,0.0,F2,-0.0247,Amb,-0.0778,,,,,,,
2jmrA_4j3oF,ShallowMsa_017,AF2,0.6613,0.7624,0.6613,0.7614,-0.101,-0.1001,2,0,2,0.0,F2,-0.0232,Amb,-0.0778,,,,,,,
2jmrA_4j3oF,ShallowMsa_018,AF2,0.6747,0.731,0.6747,0.731,-0.0563,-0.0563,2,0,2,0.0,F2,0.0215,Amb,-0.0778,,,,,,,
2jmrA_4j3oF,ShallowMsa_019,AF2,0.6127,0.6749,0.5584,0.5999,-0.0621,-0.0415,2,0,2,0.0,F2,0.0157,Amb,-0.0778,,,,,,,
2jmrA_4j3oF,DeepMsa,AF3,0.8492,0.8467,0.797,0.8388,0.0025,-0.0418,2,1,1,0.5,Amb,0.0025,Amb,-0.0769,,,,,,,
2jmrA_4j3oF,ShallowMsa_000,AF3,0.6412,0.762,0.6372,0.7595,-0.1208,-0.1223,2,0,2,0.0,F2,-0.0439,Amb,-0.0769,,,,,,,
2jmrA_4j3oF,ShallowMsa_001,AF3,0.631,0.6921,0.6251,0.6892,-0.0612,-0.0641,2,0,2,0.0,F2,0.0157,Amb,-0.0769,,,,,,,
2jmrA_4j3oF,ShallowMsa_002,AF3,0.6921,0.7646,0.6921,0.7642,-0.0724,-0.0721,2,0,2,0.0,F2,0.0045,Amb,-0.0769,,,,,,,
2jmrA_4j3oF,ShallowMsa_003,AF3,0.6562,0.7586,0.6562,0.7585,-0.1024,-0.1023,2,0,2,0.0,F2,-0.0255,Amb,-0.0769,,,,,,,
2jmrA_4j3oF,ShallowMsa_004,AF3,0.8478,0.8334,0.7971,0.8321,0.0144,-0.035,2,1,1,0.5,Amb,0.0913,F1,-0.0769,,,,,,,
2jmrA_4j3oF,ShallowMsa_005,AF3,0.7174,0.7912,0.7173,0.791,-0.0738,-0.0738,2,0,2,0.0,F2,0.0031,Amb,-0.0769,,,,,,,
2jmrA_4j3oF,ShallowMsa_006,AF3,0.6431,0.731,0.6431,0.731,-0.0879,-0.0879,2,0,2,0.0,F2,-0.011,Amb,-0.0769,,,,,,,
2jmrA_4j3oF,ShallowMsa_007,AF3,0.6818,0.7367,0.6818,0.7367,-0.0549,-0.0549,2,0,2,0.0,F2,0.022,Amb,-0.0769,,,,,,,
2jmrA_4j3oF,ShallowMsa_008,AF3,0.6765,0.7565,0.6667,0.7545,-0.08,-0.0878,2,0,2,0.0,F2,-0.0031,Amb,-0.0769,,,,,,,
2jmrA_4j3oF,ShallowMsa_009,AF3,0.6819,0.7668,0.6806,0.7642,-0.0849,-0.0836,2,0,2,0.0,F2,-0.008,Amb,-0.0769,,,,,,,
2jmrA_4j3oF,ShallowMsa_010,AF3,0.6316,0.6983,0.6316,0.6983,-0.0667,-0.0667,2,0,2,0.0,F2,0.0102,Amb,-0.0769,,,,,,,
2jmrA_4j3oF,ShallowMsa_011,AF3,0.7124,0.7927,0.7124,0.7927,-0.0803,-0.0803,2,0,2,0.0,F2,-0.0034,Amb,-0.0769,,,,,,,
2jmrA_4j3oF,ShallowMsa_012,AF3,0.6344,0.7283,0.6344,0.7283,-0.094,-0.094,2,0,2,0.0,F2,-0.0171,Amb,-0.0769,,,,,,,
2jmrA_4j3oF,ShallowMsa_013,AF3,0.6588,0.7089,0.6588,0.7089,-0.05,-0.05,2,0,2,0.0,F2,0.0269,Amb,-0.0769,,,,,,,
2jmrA_4j3oF,ShallowMsa_014,AF3,0.7426,0.8337,0.7426,0.8337,-0.0911,-0.0911,2,0,2,0.0,F2,-0.0142,Amb,-0.0769,,,,,,,
2jmrA_4j3oF,ShallowMsa_015,AF3,0.5654,0.6383,0.5648,0.6377,-0.0729,-0.0728,2,0,2,0.0,F2,0.004,Amb,-0.0769,,,,,,,
2jmrA_4j3oF,ShallowMsa_016,AF3,0.6762,0.7664,0.6762,0.7662,-0.0902,-0.0901,2,0,2,0.0,F2,-0.0133,Amb,-0.0769,,,,,,,
2jmrA_4j3oF,ShallowMsa_017,AF3,0.653,0.7504,0.6524,0.7501,-0.0974,-0.0977,2,0,2,0.0,F2,-0.0205,Amb,-0.0769,,,,,,,
2jmrA_4j3oF,ShallowMsa_018,AF3,0.6816,0.7321,0.6816,0.7321,-0.0505,-0.0505,2,0,2,0.0,F2,0.0264,Amb,-0.0769,,,,,,,
2jmrA_4j3oF,ShallowMsa_019,AF3,0.6001,0.6575,0.564,0.605,-0.0573,-0.0409,2,0,2,0.0,F2,0.0196,Amb,-0.0769,,,,,,,
2jmrA_4j3oF,ShallowMsa_000,ESM,0.717,0.7821,0.5397,0.6019,-0.065,-0.0622,20,2,18,0.1,F2,0.0199,Amb,-0.0849,,,,,,,
2jmrA_4j3oF,ShallowMsa_001,ESM,0.6774,0.7573,0.5423,0.6014,-0.0799,-0.059,20,0,20,0.0,F2,0.005,Amb,-0.0849,,,,,,,
2jmrA_4j3oF,ShallowMsa_002,ESM,0.725,0.7878,0.5981,0.6638,-0.0628,-0.0657,20,0,20,0.0,F2,0.0222,Amb,-0.0849,,,,,,,
2jmrA_4j3oF,ShallowMsa_003,ESM,0.7082,0.7959,0.6002,0.6764,-0.0876,-0.0762,20,0,20,0.0,F2,-0.0026,Amb,-0.0849,,,,,,,
2jmrA_4j3oF,ShallowMsa_004,ESM,0.8379,0.8406,0.5503,0.6123,-0.0028,-0.062,20,2,18,0.1,F2,0.0822,F1,-0.0849,,,,,,,
2jmrA_4j3oF,ShallowMsa_005,ESM,0.7163,0.7954,0.6346,0.7064,-0.0791,-0.0718,20,0,20,0.0,F2,0.0058,Amb,-0.0849,,,,,,,
2jmrA_4j3oF,ShallowMsa_006,ESM,0.6943,0.7958,0.5764,0.6505,-0.1015,-0.0741,20,0,20,0.0,F2,-0.0166,Amb,-0.0849,,,,,,,
2jmrA_4j3oF,ShallowMsa_007,ESM,0.7062,0.8228,0.5823,0.6522,-0.1165,-0.0699,20,2,18,0.1,F2,-0.0316,Amb,-0.0849,,,,,,,
2jmrA_4j3oF,ShallowMsa_008,ESM,0.7118,0.7896,0.6191,0.6905,-0.0778,-0.0714,20,0,20,0.0,F2,0.0072,Amb,-0.0849,,,,,,,
2jmrA_4j3oF,ShallowMsa_009,ESM,0.705,0.7884,0.6154,0.6868,-0.0835,-0.0714,20,0,20,0.0,F2,0.0014,Amb,-0.0849,,,,,,,
2jmrA_4j3oF,ShallowMsa_010,ESM,0.6837,0.7852,0.6321,0.7073,-0.1015,-0.0752,20,0,20,0.0,F2,-0.0166,Amb,-0.0849,,,,,,,
2jmrA_4j3oF,ShallowMsa_011,ESM,0.7057,0.7984,0.546,0.611,-0.0927,-0.065,20,0,20,0.0,F2,-0.0078,Amb,-0.0849,,,,,,,
2jmrA_4j3oF,ShallowMsa_012,ESM,0.6766,0.7559,0.5636,0.6305,-0.0793,-0.0669,20,0,20,0.0,F2,0.0057,Amb,-0.0849,,,,,,,
2jmrA_4j3oF,ShallowMsa_013,ESM,0.707,0.7895,0.596,0.6651,-0.0826,-0.0691,20,0,20,0.0,F2,0.0023,Amb,-0.0849,,,,,,,
2jmrA_4j3oF,ShallowMsa_014,ESM,0.7398,0.848,0.586,0.6642,-0.1082,-0.0782,20,2,18,0.1,F2,-0.0233,Amb,-0.0849,,,,,,,
2jmrA_4j3oF,ShallowMsa_015,ESM,0.6929,0.7768,0.5463,0.6189,-0.0839,-0.0726,20,0,20,0.0,F2,0.001,Amb,-0.0849,,,,,,,
2jmrA_4j3oF,ShallowMsa_016,ESM,0.6987,0.7857,0.629,0.7025,-0.087,-0.0735,20,0,20,0.0,F2,-0.002,Amb,-0.0849,,,,,,,
2jmrA_4j3oF,ShallowMsa_017,ESM,0.6953,0.7978,0.6163,0.6941,-0.1025,-0.0778,20,0,20,0.0,F2,-0.0175,Amb,-0.0849,,,,,,,
2jmrA_4j3oF,ShallowMsa_018,ESM,0.6869,0.7729,0.5749,0.6297,-0.086,-0.0547,20,0,20,0.0,F2,-0.001,Amb,-0.0849,,,,,,,
2jmrA_4j3oF,ShallowMsa_019,ESM,0.6972,0.8018,0.6169,0.6912,-0.1046,-0.0743,20,0,20,0.0,F2,-0.0197,Amb,-0.0849,,,,,,,
2jmrA_4j3oF,DeepMsa,MSAT,0.3139,0.4012,0.3139,0.4012,-0.0873,-0.0873,1,0,1,0.0,F2,-0.0873,F2,-0.0158,0.3139,0.4012,t_recall,,,,
2jmrA_4j3oF,ShallowMsa_000,MSAT,0.0061,0.0195,0.0061,0.0195,-0.0134,-0.0134,1,0,1,0.0,Amb,0.0024,Amb,-0.0158,0.0061,0.0195,t_recall,,,,
2jmrA_4j3oF,ShallowMsa_001,MSAT,0.1794,0.21,0.1794,0.21,-0.0306,-0.0306,1,0,1,0.0,Amb,-0.0147,Amb,-0.0158,0.1794,0.21,t_recall,,,,
2jmrA_4j3oF,ShallowMsa_002,MSAT,0.0951,0.1039,0.0951,0.1039,-0.0088,-0.0088,1,0,1,0.0,Amb,0.007,Amb,-0.0158,0.0951,0.1039,t_recall,,,,
2jmrA_4j3oF,ShallowMsa_003,MSAT,0.1672,0.2,0.1672,0.2,-0.0328,-0.0328,1,0,1,0.0,Amb,-0.017,Amb,-0.0158,0.1672,0.2,t_recall,,,,
2jmrA_4j3oF,ShallowMsa_004,MSAT,0.3161,0.3981,0.3161,0.3981,-0.082,-0.082,1,0,1,0.0,F2,-0.0662,F2,-0.0158,0.3161,0.3981,t_recall,,,,
2jmrA_4j3oF,ShallowMsa_005,MSAT,0.0,0.0,0.0,0.0,0.0,0.0,1,0,0,0.0,Amb,0.0158,Amb,-0.0158,0.0,0.0,t_recall,,,,
2jmrA_4j3oF,ShallowMsa_006,MSAT,0.0951,0.1169,0.0951,0.1169,-0.0218,-0.0218,1,0,1,0.0,Amb,-0.006,Amb,-0.0158,0.0951,0.1169,t_recall,,,,
2jmrA_4j3oF,ShallowMsa_007,MSAT,0.0032,0.0034,0.0032,0.0034,-0.0002,-0.0002,1,0,1,0.0,Amb,0.0157,Amb,-0.0158,0.0032,0.0034,t_recall,,,,
2jmrA_4j3oF,ShallowMsa_008,MSAT,0.1354,0.1265,0.1354,0.1265,0.0089,0.0089,1,1,0,1.0,Amb,0.0248,Amb,-0.0158,0.1354,0.1265,t_recall,,,,
2jmrA_4j3oF,ShallowMsa_009,MSAT,0.0303,0.0641,0.0303,0.0641,-0.0338,-0.0338,1,0,1,0.0,Amb,-0.0179,Amb,-0.0158,0.0303,0.0641,t_recall,,,,
2jmrA_4j3oF,ShallowMsa_010,MSAT,0.0064,0.0137,0.0064,0.0137,-0.0073,-0.0073,1,0,1,0.0,Amb,0.0085,Amb,-0.0158,0.0064,0.0137,t_recall,,,,
2jmrA_4j3oF,ShallowMsa_011,MSAT,0.0394,0.0577,0.0394,0.0577,-0.0183,-0.0183,1,0,1,0.0,Amb,-0.0025,Amb,-0.0158,0.0394,0.0577,t_recall,,,,
2jmrA_4j3oF,ShallowMsa_012,MSAT,0.0034,0.0,0.0034,0.0,0.0034,0.0034,1,1,0,1.0,Amb,0.0192,Amb,-0.0158,0.0034,0.0,t_recall,,,,
2jmrA_4j3oF,ShallowMsa_013,MSAT,0.0062,0.0164,0.0062,0.0164,-0.0102,-0.0102,1,0,1,0.0,Amb,0.0056,Amb,-0.0158,0.0062,0.0164,t_recall,,,,
2jmrA_4j3oF,ShallowMsa_014,MSAT,0.1147,0.1379,0.1147,0.1379,-0.0232,-0.0232,1,0,1,0.0,Amb,-0.0073,Amb,-0.0158,0.1147,0.1379,t_recall,,,,
2jmrA_4j3oF,ShallowMsa_015,MSAT,0.0133,0.0141,0.0133,0.0141,-0.0008,-0.0008,1,0,1,0.0,Amb,0.015,Amb,-0.0158,0.0133,0.0141,t_recall,,,,
2jmrA_4j3oF,ShallowMsa_016,MSAT,0.0123,0.0325,0.0123,0.0325,-0.0202,-0.0202,1,0,1,0.0,Amb,-0.0043,Amb,-0.0158,0.0123,0.0325,t_recall,,,,
2jmrA_4j3oF,ShallowMsa_017,MSAT,0.1765,0.2132,0.1765,0.2132,-0.0367,-0.0367,1,0,1,0.0,Amb,-0.0209,Amb,-0.0158,0.1765,0.2132,t_recall,,,,
2jmrA_4j3oF,ShallowMsa_018,MSAT,0.0032,0.0134,0.0032,0.0134,-0.0102,-0.0102,1,0,1,0.0,Amb,0.0056,Amb,-0.0158,0.0032,0.0134,t_recall,,,,
2jmrA_4j3oF,ShallowMsa_019,MSAT,0.1529,0.1912,0.1529,0.1912,-0.0383,-0.0383,1,0,1,0.0,Amb,-0.0225,Amb,-0.0158,0.1529,0.1912,t_recall,,,,
2jmrA_4j3oF,DeepMsa,CCMpred,0.0605,0.071,0.0605,0.071,-0.0105,-0.0105,1,0,1,0.0,Amb,-0.0105,Amb,0.0,0.0605,0.071,t_recall,,,,
2jmrA_4j3oF,ShallowMsa_000,CCMpred,0.0,0.0,0.0,0.0,0.0,0.0,1,0,0,0.0,Amb,0.0,Amb,0.0,0.0,0.0,t_recall,,,,
2jmrA_4j3oF,ShallowMsa_001,CCMpred,0.0,0.0,0.0,0.0,0.0,0.0,1,0,0,0.0,Amb,0.0,Amb,0.0,0.0,0.0,t_recall,,,,
2jmrA_4j3oF,ShallowMsa_002,CCMpred,0.0,0.0,0.0,0.0,0.0,0.0,1,0,0,0.0,Amb,0.0,Amb,0.0,0.0,0.0,t_recall,,,,
2jmrA_4j3oF,ShallowMsa_003,CCMpred,0.0,0.0,0.0,0.0,0.0,0.0,1,0,0,0.0,Amb,0.0,Amb,0.0,0.0,0.0,t_recall,,,,
2jmrA_4j3oF,ShallowMsa_004,CCMpred,0.0,0.0,0.0,0.0,0.0,0.0,1,0,0,0.0,Amb,0.0,Amb,0.0,0.0,0.0,t_recall,,,,
2jmrA_4j3oF,ShallowMsa_005,CCMpred,0.0,0.0,0.0,0.0,0.0,0.0,1,0,0,0.0,Amb,0.0,Amb,0.0,0.0,0.0,t_recall,,,,
2jmrA_4j3oF,ShallowMsa_006,CCMpred,0.0,0.0,0.0,0.0,0.0,0.0,1,0,0,0.0,Amb,0.0,Amb,0.0,0.0,0.0,t_recall,,,,
2jmrA_4j3oF,ShallowMsa_007,CCMpred,0.0,0.0,0.0,0.0,0.0,0.0,1,0,0,0.0,Amb,0.0,Amb,0.0,0.0,0.0,t_recall,,,,
2jmrA_4j3oF,ShallowMsa_008,CCMpred,0.0,0.0,0.0,0.0,0.0,0.0,1,0,0,0.0,Amb,0.0,Amb,0.0,0.0,0.0,t_recall,,,,
2jmrA_4j3oF,ShallowMsa_009,CCMpred,0.0,0.0,0.0,0.0,0.0,0.0,1,0,0,0.0,Amb,0.0,Amb,0.0,0.0,0.0,t_recall,,,,
2jmrA_4j3oF,ShallowMsa_010,CCMpred,0.0,0.0,0.0,0.0,0.0,0.0,1,0,0,0.0,Amb,0.0,Amb,0.0,0.0,0.0,t_recall,,,,
2jmrA_4j3oF,ShallowMsa_011,CCMpred,0.0,0.0,0.0,0.0,0.0,0.0,1,0,0,0.0,Amb,0.0,Amb,0.0,0.0,0.0,t_recall,,,,
2jmrA_4j3oF,ShallowMsa_012,CCMpred,0.0,0.0,0.0,0.0,0.0,0.0,1,0,0,0.0,Amb,0.0,Amb,0.0,0.0,0.0,t_recall,,,,
2jmrA_4j3oF,ShallowMsa_013,CCMpred,0.0,0.0,0.0,0.0,0.0,0.0,1,0,0,0.0,Amb,0.0,Amb,0.0,0.0,0.0,t_recall,,,,
2jmrA_4j3oF,ShallowMsa_014,CCMpred,0.0,0.0,0.0,0.0,0.0,0.0,1,0,0,0.0,Amb,0.0,Amb,0.0,0.0,0.0,t_recall,,,,
2jmrA_4j3oF,ShallowMsa_015,CCMpred,0.0,0.0,0.0,0.0,0.0,0.0,1,0,0,0.0,Amb,0.0,Amb,0.0,0.0,0.0,t_recall,,,,
2jmrA_4j3oF,ShallowMsa_016,CCMpred,0.0,0.0,0.0,0.0,0.0,0.0,1,0,0,0.0,Amb,0.0,Amb,0.0,0.0,0.0,t_recall,,,,
2jmrA_4j3oF,ShallowMsa_017,CCMpred,0.0,0.0,0.0,0.0,0.0,0.0,1,0,0,0.0,Amb,0.0,Amb,0.0,0.0,0.0,t_recall,,,,
2jmrA_4j3oF,ShallowMsa_018,CCMpred,0.0,0.0,0.0,0.0,0.0,0.0,1,0,0,0.0,Amb,0.0,Amb,0.0,0.0,0.0,t_recall,,,,
2jmrA_4j3oF,ShallowMsa_019,CCMpred,0.0,0.0,0.0,0.0,0.0,0.0,1,0,0,0.0,Amb,0.0,Amb,0.0,0.0,0.0,t_recall,,,,
2jmrA_4j3oF,ShallowMsa_000,DDG,-27.9505,-29.9552,-27.9505,-29.9552,2.0046,2.0046,10,9,1,0.9,F1,0.3035,Amb,1.701,,,ddg_kcal_per_mol(delta=1.0),2.0046,2.2471,27.9505,29.9552
2jmrA_4j3oF,ShallowMsa_001,DDG,-31.5113,-33.9811,-31.5113,-33.9811,2.4698,2.4698,10,9,1,0.9,F1,0.7688,Amb,1.701,,,ddg_kcal_per_mol(delta=1.0),2.4698,2.3967,31.5113,33.9811
2jmrA_4j3oF,ShallowMsa_002,DDG,-29.2309,-29.0819,-29.2309,-29.0819,-0.1491,-0.1491,10,5,5,0.5,Amb,-1.8501,F2,1.701,,,ddg_kcal_per_mol(delta=1.0),-0.1491,3.9161,29.2309,29.0819
2jmrA_4j3oF,ShallowMsa_003,DDG,-29.7978,-32.1011,-29.7978,-32.1011,2.3032,2.3032,10,7,3,0.7,F1,0.6021,Amb,1.701,,,ddg_kcal_per_mol(delta=1.0),2.3032,3.09,29.7978,32.1011
2jmrA_4j3oF,ShallowMsa_004,DDG,-25.7939,-27.0579,-25.7939,-27.0579,1.264,1.264,10,6,4,0.6,F1,-0.437,Amb,1.701,,,ddg_kcal_per_mol(delta=1.0),1.264,2.9125,25.7939,27.0579
2jmrA_4j3oF,ShallowMsa_005,DDG,-29.5099,-32.6487,-29.5099,-32.6487,3.1388,3.1388,10,7,3,0.7,F1,1.4377,F1,1.701,,,ddg_kcal_per_mol(delta=1.0),3.1388,4.5646,29.5099,32.6487
2jmrA_4j3oF,ShallowMsa_006,DDG,-28.2336,-30.1452,-28.2336,-30.1452,1.9115,1.9115,10,7,3,0.7,F1,0.2105,Amb,1.701,,,ddg_kcal_per_mol(delta=1.0),1.9115,2.4486,28.2336,30.1452
2jmrA_4j3oF,ShallowMsa_007,DDG,-28.8943,-27.8892,-28.8943,-27.8892,-1.0051,-1.0051,10,4,6,0.4,F2,-2.7062,F2,1.701,,,ddg_kcal_per_mol(delta=1.0),-1.0051,3.1416,28.8943,27.8892
2jmrA_4j3oF,ShallowMsa_008,DDG,-27.3807,-29.4118,-27.3807,-29.4118,2.0311,2.0311,10,8,2,0.8,F1,0.33,Amb,1.701,,,ddg_kcal_per_mol(delta=1.0),2.0311,2.2575,27.3807,29.4118
2jmrA_4j3oF,ShallowMsa_009,DDG,-28.6732,-29.9108,-28.6732,-29.9108,1.2377,1.2377,10,8,2,0.8,F1,-0.4633,Amb,1.701,,,ddg_kcal_per_mol(delta=1.0),1.2377,2.9097,28.6732,29.9108
2jmrA_4j3oF,ShallowMsa_010,DDG,-33.1534,-33.8329,-33.1534,-33.8329,0.6796,0.6796,10,5,5,0.5,Amb,-1.0214,F2,1.701,,,ddg_kcal_per_mol(delta=1.0),0.6796,1.9897,33.1534,33.8329
2jmrA_4j3oF,ShallowMsa_011,DDG,-24.1036,-25.5942,-24.1036,-25.5942,1.4906,1.4906,10,8,2,0.8,F1,-0.2105,Amb,1.701,,,ddg_kcal_per_mol(delta=1.0),1.4906,1.9234,24.1036,25.5942
2jmrA_4j3oF,ShallowMsa_012,DDG,-31.4893,-33.9972,-31.4893,-33.9972,2.5079,2.5079,10,7,3,0.7,F1,0.8068,Amb,1.701,,,ddg_kcal_per_mol(delta=1.0),2.5079,2.7158,31.4893,33.9972
2jmrA_4j3oF,ShallowMsa_013,DDG,-31.1157,-31.589,-31.1157,-31.589,0.4733,0.4733,10,5,5,0.5,Amb,-1.2277,F2,1.701,,,ddg_kcal_per_mol(delta=1.0),0.4733,1.3092,31.1157,31.589
2jmrA_4j3oF,ShallowMsa_014,DDG,-22.933,-23.9445,-22.933,-23.9445,1.0115,1.0115,10,6,4,0.6,F1,-0.6895,Amb,1.701,,,ddg_kcal_per_mol(delta=1.0),1.0115,4.2182,22.933,23.9445
2jmrA_4j3oF,ShallowMsa_015,DDG,-28.2549,-31.5441,-28.2549,-31.5441,3.2892,3.2892,10,10,0,1.0,F1,1.5882,F1,1.701,,,ddg_kcal_per_mol(delta=1.0),3.2892,1.6556,28.2549,31.5441
2jmrA_4j3oF,ShallowMsa_016,DDG,-29.1427,-31.318,-29.1427,-31.318,2.1753,2.1753,10,8,2,0.8,F1,0.4743,Amb,1.701,,,ddg_kcal_per_mol(delta=1.0),2.1753,3.065,29.1427,31.318
2jmrA_4j3oF,ShallowMsa_017,DDG,-33.7842,-34.7236,-33.7842,-34.7236,0.9394,0.9394,10,7,3,0.7,Amb,-0.7616,Amb,1.701,,,ddg_kcal_per_mol(delta=1.0),0.9394,3.0756,33.7842,34.7236
2jmrA_4j3oF,ShallowMsa_018,DDG,-28.221,-28.8807,-28.221,-28.8807,0.6596,0.6596,10,6,4,0.6,Amb,-1.0414,F2,1.701,,,ddg_kcal_per_mol(delta=1.0),0.6596,2.7753,28.221,28.8807
2jmrA_4j3oF,ShallowMsa_019,DDG,-32.927,-36.2442,-32.927,-36.2442,3.3172,3.3172,10,10,0,1.0,F1,1.6162,F1,1.701,,,ddg_kcal_per_mol(delta=1.0),3.3172,1.8304,32.927,36.2442
2jmrA_4j3oF,ShallowMsa_004,Boltz2,0.689,0.5969,0.689,0.5969,0.0921,0.0921,1,1,0,1.0,F1,0.0921,F1,0.0,,,,,,,
2k42A_1ceeB,DeepMsa,AF2,0.7925,0.4777,0.6111,0.3827,0.3148,0.2284,2,1,1,0.5,F1,0.3148,F1,0.2784,,,,,,,
2k42A_1ceeB,ShallowMsa_000,AF2,0.4152,0.4459,0.4102,0.4169,-0.0307,-0.0068,2,1,1,0.5,Amb,-0.3091,F2,0.2784,,,,,,,
2k42A_1ceeB,ShallowMsa_001,AF2,0.7784,0.3981,0.55,0.345,0.3803,0.205,2,1,1,0.5,F1,0.1019,F1,0.2784,,,,,,,
2k42A_1ceeB,ShallowMsa_002,AF2,0.3903,0.307,0.389,0.303,0.0833,0.0859,2,2,0,1.0,F1,-0.1951,F2,0.2784,,,,,,,
2k42A_1ceeB,ShallowMsa_003,AF2,0.8181,0.3507,0.6219,0.3266,0.4674,0.2953,2,2,0,1.0,F1,0.189,F1,0.2784,,,,,,,
2k42A_1ceeB,ShallowMsa_004,AF2,0.4582,0.3078,0.3637,0.3015,0.1504,0.0623,2,1,1,0.5,F1,-0.128,F2,0.2784,,,,,,,
2k42A_1ceeB,ShallowMsa_005,AF2,0.5291,0.3442,0.4327,0.3369,0.1849,0.0957,2,2,0,1.0,F1,-0.0935,F2,0.2784,,,,,,,
2k42A_1ceeB,ShallowMsa_006,AF2,0.7942,0.3141,0.6537,0.3052,0.4801,0.3485,2,2,0,1.0,F1,0.2017,F1,0.2784,,,,,,,
2k42A_1ceeB,ShallowMsa_007,AF2,0.3739,0.3934,0.3671,0.3678,-0.0195,-0.0007,2,1,1,0.5,Amb,-0.2979,F2,0.2784,,,,,,,
2k42A_1ceeB,ShallowMsa_008,AF2,0.7655,0.2859,0.5886,0.2696,0.4796,0.319,2,2,0,1.0,F1,0.2012,F1,0.2784,,,,,,,
2k42A_1ceeB,ShallowMsa_009,AF2,0.3585,0.291,0.3393,0.2889,0.0675,0.0504,2,2,0,1.0,F1,-0.2109,F2,0.2784,,,,,,,
2k42A_1ceeB,ShallowMsa_010,AF2,0.7885,0.3125,0.63,0.3054,0.476,0.3247,2,2,0,1.0,F1,0.1976,F1,0.2784,,,,,,,
2k42A_1ceeB,ShallowMsa_011,AF2,0.7509,0.3183,0.5749,0.3027,0.4326,0.2722,2,2,0,1.0,F1,0.1542,F1,0.2784,,,,,,,
2k42A_1ceeB,ShallowMsa_012,AF2,0.6402,0.3562,0.4908,0.3321,0.284,0.1588,2,1,1,0.5,F1,0.0056,Amb,0.2784,,,,,,,
2k42A_1ceeB,ShallowMsa_013,AF2,0.411,0.2917,0.3897,0.265,0.1193,0.1247,2,2,0,1.0,F1,-0.1591,F2,0.2784,,,,,,,
2k42A_1ceeB,ShallowMsa_014,AF2,0.529,0.2965,0.5259,0.2962,0.2324,0.2297,2,2,0,1.0,F1,-0.046,Amb,0.2784,,,,,,,
2k42A_1ceeB,ShallowMsa_015,AF2,0.7603,0.3412,0.5981,0.3128,0.4191,0.2853,2,2,0,1.0,F1,0.1407,F1,0.2784,,,,,,,
2k42A_1ceeB,ShallowMsa_016,AF2,0.8028,0.2852,0.6065,0.2838,0.5176,0.3228,2,2,0,1.0,F1,0.2392,F1,0.2784,,,,,,,
2k42A_1ceeB,ShallowMsa_017,AF2,0.6018,0.329,0.4808,0.3276,0.2728,0.1533,2,2,0,1.0,F1,-0.0056,Amb,0.2784,,,,,,,
2k42A_1ceeB,ShallowMsa_018,AF2,0.7537,0.3684,0.5813,0.3356,0.3853,0.2457,2,2,0,1.0,F1,0.1069,F1,0.2784,,,,,,,
2k42A_1ceeB,ShallowMsa_019,AF2,0.3393,0.3964,0.317,0.3827,-0.057,-0.0657,2,0,2,0.0,F2,-0.3354,F2,0.2784,,,,,,,
2k42A_1ceeB,DeepMsa,AF3,0.8189,0.462,0.6219,0.3743,0.3569,0.2476,2,1,1,0.5,F1,0.3569,F1,0.2944,,,,,,,
2k42A_1ceeB,ShallowMsa_000,AF3,0.3582,0.2402,0.3541,0.2397,0.118,0.1145,2,2,0,1.0,F1,-0.1764,F2,0.2944,,,,,,,
2k42A_1ceeB,ShallowMsa_001,AF3,0.8097,0.3494,0.6073,0.3265,0.4603,0.2808,2,2,0,1.0,F1,0.1658,F1,0.2944,,,,,,,
2k42A_1ceeB,ShallowMsa_002,AF3,0.37,0.3324,0.3657,0.2923,0.0375,0.0735,2,2,0,1.0,Amb,-0.257,F2,0.2944,,,,,,,
2k42A_1ceeB,ShallowMsa_003,AF3,0.8187,0.3176,0.6066,0.3036,0.5011,0.303,2,2,0,1.0,F1,0.2067,F1,0.2944,,,,,,,
2k42A_1ceeB,ShallowMsa_004,AF3,0.4578,0.3613,0.3499,0.3531,0.0965,-0.0032,2,1,1,0.5,F1,-0.1979,F2,0.2944,,,,,,,
2k42A_1ceeB,ShallowMsa_005,AF3,0.5679,0.3092,0.4551,0.2858,0.2587,0.1693,2,2,0,1.0,F1,-0.0358,Amb,0.2944,,,,,,,
2k42A_1ceeB,ShallowMsa_006,AF3,0.8047,0.2881,0.5432,0.2825,0.5167,0.2608,2,2,0,1.0,F1,0.2223,F1,0.2944,,,,,,,
2k42A_1ceeB,ShallowMsa_007,AF3,0.4045,0.3592,0.3991,0.3393,0.0453,0.0598,2,2,0,1.0,Amb,-0.2491,F2,0.2944,,,,,,,
2k42A_1ceeB,ShallowMsa_008,AF3,0.8122,0.2801,0.6331,0.279,0.532,0.3541,2,2,0,1.0,F1,0.2376,F1,0.2944,,,,,,,
2k42A_1ceeB,ShallowMsa_009,AF3,0.3998,0.2764,0.3716,0.2619,0.1234,0.1097,2,2,0,1.0,F1,-0.171,F2,0.2944,,,,,,,
2k42A_1ceeB,ShallowMsa_010,AF3,0.8281,0.3151,0.592,0.3117,0.513,0.2803,2,2,0,1.0,F1,0.2186,F1,0.2944,,,,,,,
2k42A_1ceeB,ShallowMsa_011,AF3,0.766,0.3049,0.6028,0.2899,0.461,0.3129,2,2,0,1.0,F1,0.1666,F1,0.2944,,,,,,,
2k42A_1ceeB,ShallowMsa_012,AF3,0.6302,0.4453,0.5011,0.3813,0.1848,0.1198,2,1,1,0.5,F1,-0.1096,F2,0.2944,,,,,,,
2k42A_1ceeB,ShallowMsa_013,AF3,0.4412,0.3188,0.3975,0.2751,0.1224,0.1224,2,2,0,1.0,F1,-0.172,F2,0.2944,,,,,,,
2k42A_1ceeB,ShallowMsa_014,AF3,0.501,0.2885,0.4339,0.2825,0.2125,0.1513,2,2,0,1.0,F1,-0.0819,F2,0.2944,,,,,,,
2k42A_1ceeB,ShallowMsa_015,AF3,0.7781,0.3132,0.6069,0.2873,0.4649,0.3196,2,2,0,1.0,F1,0.1704,F1,0.2944,,,,,,,
2k42A_1ceeB,ShallowMsa_016,AF3,0.747,0.2906,0.5774,0.2885,0.4564,0.2889,2,2,0,1.0,F1,0.1619,F1,0.2944,,,,,,,
2k42A_1ceeB,ShallowMsa_017,AF3,0.6453,0.3151,0.5023,0.3147,0.3302,0.1876,2,2,0,1.0,F1,0.0358,Amb,0.2944,,,,,,,
2k42A_1ceeB,ShallowMsa_018,AF3,0.7759,0.2809,0.5583,0.2735,0.495,0.2847,2,2,0,1.0,F1,0.2006,F1,0.2944,,,,,,,
2k42A_1ceeB,ShallowMsa_019,AF3,0.3581,0.3744,0.3471,0.3636,-0.0163,-0.0165,2,1,1,0.5,Amb,-0.3107,F2,0.2944,,,,,,,
2k42A_1ceeB,ShallowMsa_000,ESM,0.5365,0.3934,0.3774,0.2869,0.1431,0.0905,20,18,2,0.9,F1,-0.1674,F2,0.3105,,,,,,,
2k42A_1ceeB,ShallowMsa_001,ESM,0.7629,0.2995,0.3547,0.2458,0.4634,0.1089,20,11,9,0.55,F1,0.1528,F1,0.3105,,,,,,,
2k42A_1ceeB,ShallowMsa_002,ESM,0.4134,0.4766,0.3187,0.3493,-0.0632,-0.0306,20,12,8,0.6,Amb,-0.3738,F2,0.3105,,,,,,,
2k42A_1ceeB,ShallowMsa_003,ESM,0.7827,0.3366,0.3925,0.2664,0.4461,0.1261,20,14,6,0.7,F1,0.1356,F1,0.3105,,,,,,,
2k42A_1ceeB,ShallowMsa_004,ESM,0.4771,0.4355,0.3173,0.3169,0.0416,0.0003,20,10,10,0.5,Amb,-0.269,F2,0.3105,,,,,,,
2k42A_1ceeB,ShallowMsa_005,ESM,0.4132,0.3772,0.3104,0.3223,0.036,-0.0119,20,8,12,0.4,Amb,-0.2746,F2,0.3105,,,,,,,
2k42A_1ceeB,ShallowMsa_006,ESM,0.7602,0.3337,0.4028,0.2831,0.4265,0.1197,20,11,9,0.55,F1,0.1159,F1,0.3105,,,,,,,
2k42A_1ceeB,ShallowMsa_007,ESM,0.4795,0.3381,0.3093,0.2649,0.1414,0.0444,20,14,6,0.7,Amb,-0.1691,F2,0.3105,,,,,,,
2k42A_1ceeB,ShallowMsa_008,ESM,0.7545,0.3099,0.4516,0.265,0.4446,0.1866,20,16,4,0.8,F1,0.1341,F1,0.3105,,,,,,,
2k42A_1ceeB,ShallowMsa_009,ESM,0.4908,0.3747,0.3016,0.261,0.116,0.0406,20,12,8,0.6,Amb,-0.1946,F2,0.3105,,,,,,,
2k42A_1ceeB,ShallowMsa_010,ESM,0.749,0.3353,0.437,0.2703,0.4137,0.1667,20,12,8,0.6,F1,0.1032,F1,0.3105,,,,,,,
2k42A_1ceeB,ShallowMsa_011,ESM,0.663,0.3398,0.4161,0.2669,0.3232,0.1492,20,16,4,0.8,F1,0.0126,Amb,0.3105,,,,,,,
2k42A_1ceeB,ShallowMsa_012,ESM,0.6965,0.396,0.4341,0.2985,0.3005,0.1355,20,16,4,0.8,F1,-0.0101,Amb,0.3105,,,,,,,
2k42A_1ceeB,ShallowMsa_013,ESM,0.4,0.3033,0.2148,0.2223,0.0966,-0.0075,20,6,14,0.3,Amb,-0.2139,F2,0.3105,,,,,,,
2k42A_1ceeB,ShallowMsa_014,ESM,0.7852,0.3508,0.465,0.2685,0.4344,0.1965,20,16,4,0.8,F1,0.1239,F1,0.3105,,,,,,,
2k42A_1ceeB,ShallowMsa_015,ESM,0.7157,0.3461,0.4613,0.2963,0.3696,0.165,20,16,4,0.8,F1,0.059,F1,0.3105,,,,,,,
2k42A_1ceeB,ShallowMsa_016,ESM,0.7337,0.2974,0.4093,0.2634,0.4363,0.1459,20,14,6,0.7,F1,0.1258,F1,0.3105,,,,,,,
2k42A_1ceeB,ShallowMsa_017,ESM,0.4404,0.3848,0.3334,0.3121,0.0556,0.0213,20,12,8,0.6,Amb,-0.255,F2,0.3105,,,,,,,
2k42A_1ceeB,ShallowMsa_018,ESM,0.647,0.3265,0.4364,0.2674,0.3206,0.169,20,18,2,0.9,F1,0.0101,Amb,0.3105,,,,,,,
2k42A_1ceeB,ShallowMsa_019,ESM,0.4655,0.4132,0.3158,0.3007,0.0523,0.0151,20,11,9,0.55,Amb,-0.2582,F2,0.3105,,,,,,,
2k42A_1ceeB,DeepMsa,MSAT,0.0182,0.0357,0.0182,0.0357,-0.0175,-0.0175,1,0,1,0.0,Amb,-0.0175,Amb,-0.0135,0.0182,0.0357,t_recall,,,,
2k42A_1ceeB,ShallowMsa_000,MSAT,0.0204,0.0714,0.0204,0.0714,-0.051,-0.051,1,0,1,0.0,F2,-0.0375,Amb,-0.0135,0.0204,0.0714,t_recall,,,,
2k42A_1ceeB,ShallowMsa_001,MSAT,0.02,0.0714,0.02,0.0714,-0.0514,-0.0514,1,0,1,0.0,F2,-0.0379,Amb,-0.0135,0.02,0.0714,t_recall,,,,
2k42A_1ceeB,ShallowMsa_002,MSAT,0.0,0.0357,0.0,0.0357,-0.0357,-0.0357,1,0,1,0.0,Amb,-0.0222,Amb,-0.0135,0.0,0.0357,t_recall,,,,
2k42A_1ceeB,ShallowMsa_003,MSAT,0.02,0.0357,0.02,0.0357,-0.0157,-0.0157,1,0,1,0.0,Amb,-0.0022,Amb,-0.0135,0.02,0.0357,t_recall,,,,
2k42A_1ceeB,ShallowMsa_004,MSAT,0.0,0.0,0.0,0.0,0.0,0.0,1,0,0,0.0,Amb,0.0135,Amb,-0.0135,0.0,0.0,t_recall,,,,
2k42A_1ceeB,ShallowMsa_005,MSAT,0.027,0.0357,0.027,0.0357,-0.0087,-0.0087,1,0,1,0.0,Amb,0.0048,Amb,-0.0135,0.027,0.0357,t_recall,,,,
2k42A_1ceeB,ShallowMsa_006,MSAT,0.02,0.0357,0.02,0.0357,-0.0157,-0.0157,1,0,1,0.0,Amb,-0.0022,Amb,-0.0135,0.02,0.0357,t_recall,,,,
2k42A_1ceeB,ShallowMsa_007,MSAT,0.0,0.0,0.0,0.0,0.0,0.0,1,0,0,0.0,Amb,0.0135,Amb,-0.0135,0.0,0.0,t_recall,,,,
2k42A_1ceeB,ShallowMsa_008,MSAT,0.02,0.0357,0.02,0.0357,-0.0157,-0.0157,1,0,1,0.0,Amb,-0.0022,Amb,-0.0135,0.02,0.0357,t_recall,,,,
2k42A_1ceeB,ShallowMsa_009,MSAT,0.0,0.0,0.0,0.0,0.0,0.0,1,0,0,0.0,Amb,0.0135,Amb,-0.0135,0.0,0.0,t_recall,,,,
2k42A_1ceeB,ShallowMsa_010,MSAT,0.02,0.0,0.02,0.0,0.02,0.02,1,1,0,1.0,Amb,0.0335,Amb,-0.0135,0.02,0.0,t_recall,,,,
2k42A_1ceeB,ShallowMsa_011,MSAT,0.0408,0.1071,0.0408,0.1071,-0.0663,-0.0663,1,0,1,0.0,F2,-0.0528,F2,-0.0135,0.0408,0.1071,t_recall,,,,
2k42A_1ceeB,ShallowMsa_012,MSAT,0.0,0.0,0.0,0.0,0.0,0.0,1,0,0,0.0,Amb,0.0135,Amb,-0.0135,0.0,0.0,t_recall,,,,
2k42A_1ceeB,ShallowMsa_013,MSAT,0.0,0.0,0.0,0.0,0.0,0.0,1,0,0,0.0,Amb,0.0135,Amb,-0.0135,0.0,0.0,t_recall,,,,
2k42A_1ceeB,ShallowMsa_014,MSAT,0.0,0.0,0.0,0.0,0.0,0.0,1,0,0,0.0,Amb,0.0135,Amb,-0.0135,0.0,0.0,t_recall,,,,
2k42A_1ceeB,ShallowMsa_015,MSAT,0.0435,0.0714,0.0435,0.0714,-0.0279,-0.0279,1,0,1,0.0,Amb,-0.0144,Amb,-0.0135,0.0435,0.0714,t_recall,,,,
2k42A_1ceeB,ShallowMsa_016,MSAT,0.0682,0.1071,0.0682,0.1071,-0.0389,-0.0389,1,0,1,0.0,Amb,-0.0254,Amb,-0.0135,0.0682,0.1071,t_recall,,,,
2k42A_1ceeB,ShallowMsa_017,MSAT,0.0,0.0,0.0,0.0,0.0,0.0,1,0,0,0.0,Amb,0.0135,Amb,-0.0135,0.0,0.0,t_recall,,,,
2k42A_1ceeB,ShallowMsa_018,MSAT,0.0476,0.0714,0.0476,0.0714,-0.0238,-0.0238,1,0,1,0.0,Amb,-0.0103,Amb,-0.0135,0.0476,0.0714,t_recall,,,,
2k42A_1ceeB,ShallowMsa_019,MSAT,0.0244,0.0357,0.0244,0.0357,-0.0113,-0.0113,1,0,1,0.0,Amb,0.0022,Amb,-0.0135,0.0244,0.0357,t_recall,,,,
2k42A_1ceeB,DeepMsa,CCMpred,0.0,0.0,0.0,0.0,0.0,0.0,1,0,0,0.0,Amb,0.0,Amb,0.0,0.0,0.0,t_recall,,,,
2k42A_1ceeB,ShallowMsa_000,CCMpred,0.0,0.0,0.0,0.0,0.0,0.0,1,0,0,0.0,Amb,0.0,Amb,0.0,0.0,0.0,t_recall,,,,
2k42A_1ceeB,ShallowMsa_001,CCMpred,0.0,0.0,0.0,0.0,0.0,0.0,1,0,0,0.0,Amb,0.0,Amb,0.0,0.0,0.0,t_recall,,,,
2k42A_1ceeB,ShallowMsa_002,CCMpred,0.0,0.0,0.0,0.0,0.0,0.0,1,0,0,0.0,Amb,0.0,Amb,0.0,0.0,0.0,t_recall,,,,
2k42A_1ceeB,ShallowMsa_003,CCMpred,0.0,0.0,0.0,0.0,0.0,0.0,1,0,0,0.0,Amb,0.0,Amb,0.0,0.0,0.0,t_recall,,,,
2k42A_1ceeB,ShallowMsa_004,CCMpred,0.0,0.0,0.0,0.0,0.0,0.0,1,0,0,0.0,Amb,0.0,Amb,0.0,0.0,0.0,t_recall,,,,
2k42A_1ceeB,ShallowMsa_005,CCMpred,0.0,0.0,0.0,0.0,0.0,0.0,1,0,0,0.0,Amb,0.0,Amb,0.0,0.0,0.0,t_recall,,,,
2k42A_1ceeB,ShallowMsa_006,CCMpred,0.0,0.0,0.0,0.0,0.0,0.0,1,0,0,0.0,Amb,0.0,Amb,0.0,0.0,0.0,t_recall,,,,
2k42A_1ceeB,ShallowMsa_007,CCMpred,0.0,0.0,0.0,0.0,0.0,0.0,1,0,0,0.0,Amb,0.0,Amb,0.0,0.0,0.0,t_recall,,,,
2k42A_1ceeB,ShallowMsa_008,CCMpred,0.0,0.0,0.0,0.0,0.0,0.0,1,0,0,0.0,Amb,0.0,Amb,0.0,0.0,0.0,t_recall,,,,
2k42A_1ceeB,ShallowMsa_009,CCMpred,0.0,0.0,0.0,0.0,0.0,0.0,1,0,0,0.0,Amb,0.0,Amb,0.0,0.0,0.0,t_recall,,,,
2k42A_1ceeB,ShallowMsa_010,CCMpred,0.0,0.0,0.0,0.0,0.0,0.0,1,0,0,0.0,Amb,0.0,Amb,0.0,0.0,0.0,t_recall,,,,
2k42A_1ceeB,ShallowMsa_011,CCMpred,0.0,0.0,0.0,0.0,0.0,0.0,1,0,0,0.0,Amb,0.0,Amb,0.0,0.0,0.0,t_recall,,,,
2k42A_1ceeB,ShallowMsa_012,CCMpred,0.0,0.0,0.0,0.0,0.0,0.0,1,0,0,0.0,Amb,0.0,Amb,0.0,0.0,0.0,t_recall,,,,
2k42A_1ceeB,ShallowMsa_013,CCMpred,0.0,0.0,0.0,0.0,0.0,0.0,1,0,0,0.0,Amb,0.0,Amb,0.0,0.0,0.0,t_recall,,,,
2k42A_1ceeB,ShallowMsa_014,CCMpred,0.0,0.0,0.0,0.0,0.0,0.0,1,0,0,0.0,Amb,0.0,Amb,0.0,0.0,0.0,t_recall,,,,
2k42A_1ceeB,ShallowMsa_015,CCMpred,0.0,0.0,0.0,0.0,0.0,0.0,1,0,0,0.0,Amb,0.0,Amb,0.0,0.0,0.0,t_recall,,,,
2k42A_1ceeB,ShallowMsa_016,CCMpred,0.0,0.0,0.0,0.0,0.0,0.0,1,0,0,0.0,Amb,0.0,Amb,0.0,0.0,0.0,t_recall,,,,
2k42A_1ceeB,ShallowMsa_017,CCMpred,0.0,0.0,0.0,0.0,0.0,0.0,1,0,0,0.0,Amb,0.0,Amb,0.0,0.0,0.0,t_recall,,,,
2k42A_1ceeB,ShallowMsa_018,CCMpred,0.0,0.0,0.0,0.0,0.0,0.0,1,0,0,0.0,Amb,0.0,Amb,0.0,0.0,0.0,t_recall,,,,
2k42A_1ceeB,ShallowMsa_019,CCMpred,0.0,0.0,0.0,0.0,0.0,0.0,1,0,0,0.0,Amb,0.0,Amb,0.0,0.0,0.0,t_recall,,,,
2k42A_1ceeB,ShallowMsa_000,DDG,-16.8455,-4.5336,-16.8455,-4.5336,-12.3119,-12.3119,10,0,10,0.0,F2,-2.4187,F2,-9.8932,,,ddg_kcal_per_mol(delta=1.0),-12.3119,5.6032,16.8455,4.5336
2k42A_1ceeB,ShallowMsa_001,DDG,-12.5126,-4.348,-12.5126,-4.348,-8.1645,-8.1645,10,0,10,0.0,F2,1.7287,F1,-9.8932,,,ddg_kcal_per_mol(delta=1.0),-8.1645,5.4015,12.5126,4.348
2k42A_1ceeB,ShallowMsa_002,DDG,-17.7915,-4.5565,-17.7915,-4.5565,-13.2349,-13.2349,10,0,10,0.0,F2,-3.3417,F2,-9.8932,,,ddg_kcal_per_mol(delta=1.0),-13.2349,3.8303,17.7915,4.5565
2k42A_1ceeB,ShallowMsa_003,DDG,-13.5466,-3.9599,-13.5466,-3.9599,-9.5867,-9.5867,10,0,10,0.0,F2,0.3064,Amb,-9.8932,,,ddg_kcal_per_mol(delta=1.0),-9.5867,4.5642,13.5466,3.9599
2k42A_1ceeB,ShallowMsa_004,DDG,-17.0019,-4.9316,-17.0019,-4.9316,-12.0703,-12.0703,10,0,10,0.0,F2,-2.1771,F2,-9.8932,,,ddg_kcal_per_mol(delta=1.0),-12.0703,4.741,17.0019,4.9316
2k42A_1ceeB,ShallowMsa_005,DDG,-15.7749,-4.4342,-15.7749,-4.4342,-11.3407,-11.3407,10,0,10,0.0,F2,-1.4475,F2,-9.8932,,,ddg_kcal_per_mol(delta=1.0),-11.3407,3.1911,15.7749,4.4342
2k42A_1ceeB,ShallowMsa_006,DDG,-12.969,-3.5767,-12.969,-3.5767,-9.3922,-9.3922,10,1,9,0.1,F2,0.5009,Amb,-9.8932,,,ddg_kcal_per_mol(delta=1.0),-9.3922,4.8218,12.969,3.5767
2k42A_1ceeB,ShallowMsa_007,DDG,-16.4533,-3.9878,-16.4533,-3.9878,-12.4655,-12.4655,10,0,10,0.0,F2,-2.5724,F2,-9.8932,,,ddg_kcal_per_mol(delta=1.0),-12.4655,4.6951,16.4533,3.9878
2k42A_1ceeB,ShallowMsa_008,DDG,-12.4759,-4.107,-12.4759,-4.107,-8.3689,-8.3689,10,0,10,0.0,F2,1.5243,F1,-9.8932,,,ddg_kcal_per_mol(delta=1.0),-8.3689,4.7736,12.4759,4.107
2k42A_1ceeB,ShallowMsa_009,DDG,-14.7429,-4.2241,-14.7429,-4.2241,-10.5188,-10.5188,10,0,10,0.0,F2,-0.6257,Amb,-9.8932,,,ddg_kcal_per_mol(delta=1.0),-10.5188,4.9629,14.7429,4.2241
2k42A_1ceeB,ShallowMsa_010,DDG,-9.2571,-3.0129,-9.2571,-3.0129,-6.2442,-6.2442,10,1,9,0.1,F2,3.649,F1,-9.8932,,,ddg_kcal_per_mol(delta=1.0),-6.2442,4.6334,9.2571,3.0129
2k42A_1ceeB,ShallowMsa_011,DDG,-11.2943,-2.7837,-11.2943,-2.7837,-8.5106,-8.5106,10,0,10,0.0,F2,1.3826,F1,-9.8932,,,ddg_kcal_per_mol(delta=1.0),-8.5106,3.3583,11.2943,2.7837
2k42A_1ceeB,ShallowMsa_012,DDG,-14.0707,-3.6135,-14.0707,-3.6135,-10.4572,-10.4572,10,0,10,0.0,F2,-0.564,Amb,-9.8932,,,ddg_kcal_per_mol(delta=1.0),-10.4572,5.9482,14.0707,3.6135
2k42A_1ceeB,ShallowMsa_013,DDG,-13.885,-5.905,-13.885,-5.905,-7.9801,-7.9801,10,0,10,0.0,F2,1.9131,F1,-9.8932,,,ddg_kcal_per_mol(delta=1.0),-7.9801,3.0746,13.885,5.905
2k42A_1ceeB,ShallowMsa_014,DDG,-3.0913,-1.7227,-3.0913,-1.7227,-1.3686,-1.3686,10,1,9,0.1,F2,8.5245,F1,-9.8932,,,ddg_kcal_per_mol(delta=1.0),-1.3686,1.5751,3.0913,1.7227
2k42A_1ceeB,ShallowMsa_015,DDG,-9.8453,-2.4488,-9.8453,-2.4488,-7.3964,-7.3964,10,0,10,0.0,F2,2.4968,F1,-9.8932,,,ddg_kcal_per_mol(delta=1.0),-7.3964,2.9994,9.8453,2.4488
2k42A_1ceeB,ShallowMsa_016,DDG,-11.2446,-3.875,-11.2446,-3.875,-7.3696,-7.3696,10,0,10,0.0,F2,2.5236,F1,-9.8932,,,ddg_kcal_per_mol(delta=1.0),-7.3696,4.3841,11.2446,3.875
2k42A_1ceeB,ShallowMsa_017,DDG,-15.2958,-4.3971,-15.2958,-4.3971,-10.8987,-10.8987,10,0,10,0.0,F2,-1.0055,F2,-9.8932,,,ddg_kcal_per_mol(delta=1.0),-10.8987,3.4036,15.2958,4.3971
2k42A_1ceeB,ShallowMsa_018,DDG,-14.0832,-3.8835,-14.0832,-3.8835,-10.1996,-10.1996,10,0,10,0.0,F2,-0.3064,Amb,-9.8932,,,ddg_kcal_per_mol(delta=1.0),-10.1996,4.9305,14.0832,3.8835
2k42A_1ceeB,ShallowMsa_019,DDG,-17.5963,-3.7812,-17.5963,-3.7812,-13.8152,-13.8152,10,0,10,0.0,F2,-3.9221,F2,-9.8932,,,ddg_kcal_per_mol(delta=1.0),-13.8152,5.8673,17.5963,3.7812
2k42A_1ceeB,ShallowMsa_000,Boltz2,0.3724,0.33,0.3724,0.33,0.0424,0.0424,1,1,0,1.0,Amb,-0.202,F2,0.2444,,,,,,,
2k42A_1ceeB,ShallowMsa_001,Boltz2,0.4704,0.3542,0.4704,0.3542,0.1161,0.1161,1,1,0,1.0,F1,-0.1283,F2,0.2444,,,,,,,
2k42A_1ceeB,ShallowMsa_003,Boltz2,0.6849,0.3636,0.6849,0.3636,0.3213,0.3213,1,1,0,1.0,F1,0.0769,F1,0.2444,,,,,,,
2k42A_1ceeB,ShallowMsa_006,Boltz2,0.6318,0.3449,0.6318,0.3449,0.2869,0.2869,1,1,0,1.0,F1,0.0425,Amb,0.2444,,,,,,,
2k42A_1ceeB,ShallowMsa_008,Boltz2,0.6872,0.3952,0.6872,0.3952,0.292,0.292,1,1,0,1.0,F1,0.0476,Amb,0.2444,,,,,,,
2k42A_1ceeB,ShallowMsa_010,Boltz2,0.7099,0.3387,0.7099,0.3387,0.3712,0.3712,1,1,0,1.0,F1,0.1268,F1,0.2444,,,,,,,
2k42A_1ceeB,ShallowMsa_011,Boltz2,0.4501,0.3248,0.4501,0.3248,0.1253,0.1253,1,1,0,1.0,F1,-0.1191,F2,0.2444,,,,,,,
2k42A_1ceeB,ShallowMsa_014,Boltz2,0.6673,0.3236,0.6673,0.3236,0.3438,0.3438,1,1,0,1.0,F1,0.0994,F1,0.2444,,,,,,,
2k42A_1ceeB,ShallowMsa_015,Boltz2,0.576,0.3741,0.576,0.3741,0.2018,0.2018,1,1,0,1.0,F1,-0.0426,Amb,0.2444,,,,,,,
2k42A_1ceeB,ShallowMsa_016,Boltz2,0.6,0.4194,0.6,0.4194,0.1805,0.1805,1,1,0,1.0,F1,-0.0639,F2,0.2444,,,,,,,
2k42A_1ceeB,ShallowMsa_018,Boltz2,0.6427,0.3556,0.6427,0.3556,0.2871,0.2871,1,1,0,1.0,F1,0.0428,Amb,0.2444,,,,,,,
2k42A_1ceeB,ShallowMsa_019,Boltz2,0.3963,0.3293,0.3963,0.3293,0.067,0.067,1,1,0,1.0,F1,-0.1774,F2,0.2444,,,,,,,
2kb8A_6vw2A,DeepMsa,AF2,0.539,0.1965,0.4556,0.1781,0.3425,0.2775,2,2,0,1.0,F1,0.3425,F1,0.2687,,,,,,,
2kb8A_6vw2A,ShallowMsa_000,AF2,0.3809,0.1818,0.3809,0.1818,0.1991,0.1991,2,2,0,1.0,F1,-0.0696,F2,0.2687,,,,,,,
2kb8A_6vw2A,ShallowMsa_001,AF2,0.5096,0.1712,0.3911,0.16,0.3384,0.2311,2,2,0,1.0,F1,0.0696,F1,0.2687,,,,,,,
2kb8A_6vw2A,DeepMsa,AF3,0.5971,0.1503,0.4097,0.1451,0.4468,0.2646,2,2,0,1.0,F1,0.4468,F1,0.25,,,,,,,
2kb8A_6vw2A,ShallowMsa_000,AF3,0.2433,0.1595,0.2433,0.1595,0.0837,0.0837,2,2,0,1.0,F1,-0.1663,F2,0.25,,,,,,,
2kb8A_6vw2A,ShallowMsa_001,AF3,0.5677,0.1513,0.3897,0.143,0.4164,0.2468,2,2,0,1.0,F1,0.1663,F1,0.25,,,,,,,
2kb8A_6vw2A,ShallowMsa_000,ESM,0.5407,0.1926,0.3703,0.1519,0.348,0.2184,20,20,0,1.0,F1,0.0268,Amb,0.3212,,,,,,,
2kb8A_6vw2A,ShallowMsa_001,ESM,0.4818,0.1874,0.4142,0.1527,0.2944,0.2616,20,20,0,1.0,F1,-0.0268,Amb,0.3212,,,,,,,
2kb8A_6vw2A,DeepMsa,MSAT,0.0139,0.0,0.0139,0.0,0.0139,0.0139,1,1,0,1.0,Amb,0.0139,Amb,0.0,0.0139,0.0,t_recall,,,,
2kb8A_6vw2A,ShallowMsa_000,MSAT,0.0,0.0,0.0,0.0,0.0,0.0,1,0,0,0.0,Amb,0.0,Amb,0.0,0.0,0.0,t_recall,,,,
2kb8A_6vw2A,ShallowMsa_001,MSAT,0.0,0.0,0.0,0.0,0.0,0.0,1,0,0,0.0,Amb,0.0,Amb,0.0,0.0,0.0,t_recall,,,,
2kb8A_6vw2A,DeepMsa,CCMpred,0.0,0.0,0.0,0.0,0.0,0.0,1,0,0,0.0,Amb,0.0,Amb,0.0,0.0,0.0,t_recall,,,,
2kb8A_6vw2A,ShallowMsa_000,CCMpred,0.0,0.0,0.0,0.0,0.0,0.0,1,0,0,0.0,Amb,0.0,Amb,0.0,0.0,0.0,t_recall,,,,
2kb8A_6vw2A,ShallowMsa_001,CCMpred,0.0,0.0,0.0,0.0,0.0,0.0,1,0,0,0.0,Amb,0.0,Amb,0.0,0.0,0.0,t_recall,,,,
2kb8A_6vw2A,ShallowMsa_000,DDG,-1.7271,-2.8769,-1.7271,-2.8769,1.1498,1.1498,10,8,2,0.8,F1,0.1987,Amb,0.9511,,,ddg_kcal_per_mol(delta=1.0),1.1498,1.1542,1.7271,2.8769
2kb8A_6vw2A,ShallowMsa_001,DDG,-1.383,-2.1355,-1.383,-2.1355,0.7524,0.7524,10,8,2,0.8,Amb,-0.1987,Amb,0.9511,,,ddg_kcal_per_mol(delta=1.0),0.7524,0.5226,1.383,2.1355
2kb8A_6vw2A,ShallowMsa_000,Boltz2,0.4009,0.1553,0.4009,0.1553,0.2456,0.2456,1,1,0,1.0,F1,-0.0134,Amb,0.259,,,,,,,
2kb8A_6vw2A,ShallowMsa_001,Boltz2,0.4605,0.1881,0.4605,0.1881,0.2724,0.2724,1,1,0,1.0,F1,0.0134,Amb,0.259,,,,,,,
2kkwA_2n0aD,DeepMsa,AF2,0.3639,0.1583,0.3639,0.1583,0.2056,0.2056,2,2,0,1.0,F1,0.2056,F1,0.1184,,,,,,,
2kkwA_2n0aD,ShallowMsa_000,AF2,0.3322,0.2138,0.3322,0.2138,0.1184,0.1184,2,2,0,1.0,F1,0.0,Amb,0.1184,,,,,,,
2kkwA_2n0aD,ShallowMsa_001,AF2,0.3506,0.2063,0.3506,0.2063,0.1443,0.1443,2,2,0,1.0,F1,0.0259,Amb,0.1184,,,,,,,
2kkwA_2n0aD,ShallowMsa_002,AF2,0.3244,0.2307,0.3244,0.2307,0.0937,0.0937,2,2,0,1.0,F1,-0.0247,Amb,0.1184,,,,,,,
2kkwA_2n0aD,DeepMsa,AF3,0.3134,0.1804,0.3134,0.1804,0.133,0.133,2,2,0,1.0,F1,0.133,F1,0.1291,,,,,,,
2kkwA_2n0aD,ShallowMsa_000,AF3,0.2829,0.1537,0.2829,0.1537,0.1291,0.1291,2,2,0,1.0,F1,0.0,Amb,0.1291,,,,,,,
2kkwA_2n0aD,ShallowMsa_001,AF3,0.3343,0.1946,0.3342,0.1946,0.1397,0.1396,2,2,0,1.0,F1,0.0106,Amb,0.1291,,,,,,,
2kkwA_2n0aD,ShallowMsa_002,AF3,0.3121,0.2368,0.312,0.2309,0.0753,0.0811,2,2,0,1.0,F1,-0.0538,F2,0.1291,,,,,,,
2kkwA_2n0aD,ShallowMsa_000,ESM,0.2978,0.2333,0.229,0.1714,0.0645,0.0576,20,20,0,1.0,F1,-0.0214,Amb,0.0859,,,,,,,
2kkwA_2n0aD,ShallowMsa_001,ESM,0.3114,0.2223,0.2597,0.1657,0.0891,0.094,20,20,0,1.0,F1,0.0032,Amb,0.0859,,,,,,,
2kkwA_2n0aD,ShallowMsa_002,ESM,0.2625,0.1766,0.2304,0.1574,0.0859,0.073,20,20,0,1.0,F1,0.0,Amb,0.0859,,,,,,,
2kkwA_2n0aD,DeepMsa,MSAT,0.0,0.0,0.0,0.0,0.0,0.0,1,0,0,0.0,Amb,0.0,Amb,0.0,0.0,0.0,t_recall,,,,
2kkwA_2n0aD,ShallowMsa_000,MSAT,0.0,0.0,0.0,0.0,0.0,0.0,1,0,0,0.0,Amb,0.0,Amb,0.0,0.0,0.0,t_recall,,,,
2kkwA_2n0aD,ShallowMsa_001,MSAT,0.0,0.0,0.0,0.0,0.0,0.0,1,0,0,0.0,Amb,0.0,Amb,0.0,0.0,0.0,t_recall,,,,
2kkwA_2n0aD,ShallowMsa_002,MSAT,0.0,0.0,0.0,0.0,0.0,0.0,1,0,0,0.0,Amb,0.0,Amb,0.0,0.0,0.0,t_recall,,,,
2kkwA_2n0aD,DeepMsa,CCMpred,0.0,0.0,0.0,0.0,0.0,0.0,1,0,0,0.0,Amb,0.0,Amb,0.0,0.0,0.0,t_recall,,,,
2kkwA_2n0aD,ShallowMsa_000,CCMpred,0.0,0.0,0.0,0.0,0.0,0.0,1,0,0,0.0,Amb,0.0,Amb,0.0,0.0,0.0,t_recall,,,,
2kkwA_2n0aD,ShallowMsa_001,CCMpred,0.0,0.0,0.0,0.0,0.0,0.0,1,0,0,0.0,Amb,0.0,Amb,0.0,0.0,0.0,t_recall,,,,
2kkwA_2n0aD,ShallowMsa_002,CCMpred,0.0,0.0,0.0,0.0,0.0,0.0,1,0,0,0.0,Amb,0.0,Amb,0.0,0.0,0.0,t_recall,,,,
2kkwA_2n0aD,ShallowMsa_000,DDG,-3.8432,-6.0745,-3.8432,-6.0745,2.2313,2.2313,10,8,2,0.8,F1,-0.7147,Amb,2.946,,,ddg_kcal_per_mol(delta=1.0),2.2313,3.0181,3.8432,6.0745
2kkwA_2n0aD,ShallowMsa_001,DDG,-4.8353,-7.7813,-4.8353,-7.7813,2.946,2.946,10,9,1,0.9,F1,0.0,Amb,2.946,,,ddg_kcal_per_mol(delta=1.0),2.946,2.501,4.8353,7.7813
2kkwA_2n0aD,ShallowMsa_002,DDG,-2.7015,-6.2107,-2.7015,-6.2107,3.5092,3.5092,10,10,0,1.0,F1,0.5632,Amb,2.946,,,ddg_kcal_per_mol(delta=1.0),3.5092,0.8789,2.7015,6.2107
2kkwA_2n0aD,ShallowMsa_000,Boltz2,0.1914,0.1764,0.1914,0.1764,0.015,0.015,1,1,0,1.0,Amb,0.015,Amb,0.0,,,,,,,
2kkwA_2n0aD,ShallowMsa_001,Boltz2,0.1983,0.2133,0.1983,0.2133,-0.015,-0.015,1,0,1,0.0,Amb,-0.015,Amb,0.0,,,,,,,
2lelA_2k0qA,DeepMsa,AF2,0.5964,0.725,0.5964,0.725,-0.1286,-0.1286,2,0,2,0.0,F2,-0.1286,F2,0.0,,,,,,,
2lelA_2k0qA,ShallowMsa_000,AF2,0.5964,0.725,0.5964,0.725,-0.1286,-0.1286,2,0,2,0.0,F2,-0.1286,F2,0.0,,,,,,,
2lelA_2k0qA,DeepMsa,AF3,0.7048,0.6349,0.7047,0.6349,0.0699,0.0699,2,2,0,1.0,F1,0.0699,F1,0.0,,,,,,,
2lelA_2k0qA,ShallowMsa_000,AF3,0.7047,0.6349,0.7047,0.6349,0.0697,0.0697,2,2,0,1.0,F1,0.0697,F1,0.0,,,,,,,
2lelA_2k0qA,ShallowMsa_000,ESM,0.5922,0.7555,0.4304,0.5,-0.1633,-0.0696,20,4,16,0.2,F2,-0.1633,F2,0.0,,,,,,,
2lelA_2k0qA,DeepMsa,MSAT,0.2957,0.3136,0.2957,0.3136,-0.0179,-0.0179,1,0,1,0.0,Amb,-0.0179,Amb,0.0,0.2957,0.3136,t_recall,,,,
2lelA_2k0qA,ShallowMsa_000,MSAT,0.2957,0.3136,0.2957,0.3136,-0.0179,-0.0179,1,0,1,0.0,Amb,-0.0179,Amb,0.0,0.2957,0.3136,t_recall,,,,
2lelA_2k0qA,DeepMsa,CCMpred,0.0348,0.0085,0.0348,0.0085,0.0263,0.0263,1,1,0,1.0,Amb,0.0263,Amb,0.0,0.0348,0.0085,t_recall,,,,
2lelA_2k0qA,ShallowMsa_000,CCMpred,0.0348,0.0085,0.0348,0.0085,0.0263,0.0263,1,1,0,1.0,Amb,0.0263,Amb,0.0,0.0348,0.0085,t_recall,,,,
2lelA_2k0qA,ShallowMsa_000,DDG,-6.8207,-11.8701,-6.8207,-11.8701,5.0493,5.0493,10,9,1,0.9,F1,5.0493,F1,0.0,,,ddg_kcal_per_mol(delta=1.0),5.0493,2.9332,6.8207,11.8701
2lelA_2k0qA,ShallowMsa_000,Boltz2,0.5431,0.7307,0.5431,0.7307,-0.1876,-0.1876,1,0,1,0.0,F2,-0.1876,F2,0.0,,,,,,,
2lepA_4hddA,DeepMsa,AF2,0.762,0.5168,0.7445,0.4827,0.2452,0.2618,2,2,0,1.0,F1,0.2452,F1,0.2064,,,,,,,
2lepA_4hddA,ShallowMsa_000,AF2,0.756,0.4509,0.737,0.4438,0.3051,0.2931,2,2,0,1.0,F1,0.0986,F1,0.2064,,,,,,,
2lepA_4hddA,ShallowMsa_001,AF2,0.6082,0.4013,0.5911,0.3906,0.2069,0.2005,2,2,0,1.0,F1,0.0005,Amb,0.2064,,,,,,,
2lepA_4hddA,ShallowMsa_002,AF2,0.6002,0.3942,0.5641,0.3649,0.206,0.1992,2,2,0,1.0,F1,-0.0005,Amb,0.2064,,,,,,,
2lepA_4hddA,ShallowMsa_003,AF2,0.4011,0.4557,0.3813,0.4407,-0.0546,-0.0594,2,0,2,0.0,F2,-0.2611,F2,0.2064,,,,,,,
2lepA_4hddA,ShallowMsa_004,AF2,0.6623,0.431,0.6524,0.4298,0.2312,0.2226,2,2,0,1.0,F1,0.0247,Amb,0.2064,,,,,,,
2lepA_4hddA,ShallowMsa_005,AF2,0.461,0.372,0.4549,0.3272,0.0891,0.1278,2,2,0,1.0,F1,-0.1173,F2,0.2064,,,,,,,
2lepA_4hddA,ShallowMsa_006,AF2,0.362,0.4238,0.3576,0.3897,-0.0618,-0.0321,2,0,2,0.0,F2,-0.2682,F2,0.2064,,,,,,,
2lepA_4hddA,ShallowMsa_007,AF2,0.6067,0.3937,0.5867,0.3887,0.2129,0.198,2,2,0,1.0,F1,0.0065,Amb,0.2064,,,,,,,
2lepA_4hddA,ShallowMsa_008,AF2,0.5346,0.3636,0.5231,0.3544,0.171,0.1687,2,2,0,1.0,F1,-0.0354,Amb,0.2064,,,,,,,
2lepA_4hddA,ShallowMsa_009,AF2,0.7628,0.5187,0.7389,0.485,0.244,0.2539,2,2,0,1.0,F1,0.0376,Amb,0.2064,,,,,,,
2lepA_4hddA,ShallowMsa_010,AF2,0.4774,0.3523,0.4131,0.3339,0.1251,0.0792,2,2,0,1.0,F1,-0.0814,F2,0.2064,,,,,,,
2lepA_4hddA,ShallowMsa_011,AF2,0.7044,0.3978,0.6598,0.392,0.3067,0.2678,2,2,0,1.0,F1,0.1002,F1,0.2064,,,,,,,
2lepA_4hddA,ShallowMsa_012,AF2,0.3564,0.4097,0.3558,0.4066,-0.0533,-0.0509,2,0,2,0.0,F2,-0.2597,F2,0.2064,,,,,,,
2lepA_4hddA,ShallowMsa_013,AF2,0.7363,0.4215,0.7166,0.4158,0.3147,0.3009,2,2,0,1.0,F1,0.1082,F1,0.2064,,,,,,,
2lepA_4hddA,ShallowMsa_014,AF2,0.3092,0.3196,0.3002,0.3182,-0.0105,-0.018,2,0,2,0.0,Amb,-0.217,F2,0.2064,,,,,,,
2lepA_4hddA,ShallowMsa_015,AF2,0.7512,0.4507,0.7277,0.4502,0.3004,0.2776,2,2,0,1.0,F1,0.094,F1,0.2064,,,,,,,
2lepA_4hddA,ShallowMsa_016,AF2,0.3325,0.338,0.327,0.3094,-0.0055,0.0176,2,1,1,0.5,Amb,-0.2119,F2,0.2064,,,,,,,
2lepA_4hddA,ShallowMsa_017,AF2,0.5626,0.393,0.5608,0.3893,0.1696,0.1716,2,2,0,1.0,F1,-0.0368,Amb,0.2064,,,,,,,
2lepA_4hddA,ShallowMsa_018,AF2,0.6162,0.4057,0.6006,0.4037,0.2105,0.1969,2,2,0,1.0,F1,0.004,Amb,0.2064,,,,,,,
2lepA_4hddA,ShallowMsa_019,AF2,0.7472,0.4487,0.7339,0.4486,0.2985,0.2853,2,2,0,1.0,F1,0.092,F1,0.2064,,,,,,,
2lepA_4hddA,DeepMsa,AF3,0.7566,0.5115,0.7431,0.481,0.2452,0.2621,2,2,0,1.0,F1,0.2452,F1,0.2288,,,,,,,
2lepA_4hddA,ShallowMsa_000,AF3,0.7448,0.4563,0.7056,0.4343,0.2884,0.2713,2,2,0,1.0,F1,0.0595,F1,0.2288,,,,,,,
2lepA_4hddA,ShallowMsa_001,AF3,0.6769,0.4118,0.6377,0.3888,0.2652,0.2489,2,2,0,1.0,F1,0.0363,Amb,0.2288,,,,,,,
2lepA_4hddA,ShallowMsa_002,AF3,0.5441,0.3576,0.5298,0.346,0.1866,0.1837,2,2,0,1.0,F1,-0.0423,Amb,0.2288,,,,,,,
2lepA_4hddA,ShallowMsa_003,AF3,0.6309,0.3757,0.59,0.366,0.2552,0.224,2,2,0,1.0,F1,0.0263,Amb,0.2288,,,,,,,
2lepA_4hddA,ShallowMsa_004,AF3,0.7105,0.4428,0.6796,0.4413,0.2678,0.2383,2,2,0,1.0,F1,0.0389,Amb,0.2288,,,,,,,
2lepA_4hddA,ShallowMsa_005,AF3,0.633,0.428,0.539,0.3593,0.205,0.1797,2,2,0,1.0,F1,-0.0239,Amb,0.2288,,,,,,,
2lepA_4hddA,ShallowMsa_006,AF3,0.3568,0.3362,0.351,0.3235,0.0206,0.0276,2,2,0,1.0,Amb,-0.2082,F2,0.2288,,,,,,,
2lepA_4hddA,ShallowMsa_007,AF3,0.5875,0.3603,0.5585,0.3551,0.2272,0.2034,2,2,0,1.0,F1,-0.0016,Amb,0.2288,,,,,,,
2lepA_4hddA,ShallowMsa_008,AF3,0.5313,0.3792,0.4634,0.3763,0.1521,0.0871,2,2,0,1.0,F1,-0.0767,F2,0.2288,,,,,,,
2lepA_4hddA,ShallowMsa_009,AF3,0.7606,0.5216,0.7397,0.4878,0.239,0.2519,2,2,0,1.0,F1,0.0101,Amb,0.2288,,,,,,,
2lepA_4hddA,ShallowMsa_010,AF3,0.4713,0.3119,0.3845,0.3077,0.1595,0.0769,2,1,1,0.5,F1,-0.0693,F2,0.2288,,,,,,,
2lepA_4hddA,ShallowMsa_011,AF3,0.7034,0.4169,0.594,0.3809,0.2865,0.2131,2,2,0,1.0,F1,0.0576,F1,0.2288,,,,,,,
2lepA_4hddA,ShallowMsa_012,AF3,0.5533,0.3273,0.4906,0.3184,0.226,0.1722,2,2,0,1.0,F1,-0.0028,Amb,0.2288,,,,,,,
2lepA_4hddA,ShallowMsa_013,AF3,0.7015,0.4178,0.6812,0.4152,0.2837,0.266,2,2,0,1.0,F1,0.0549,F1,0.2288,,,,,,,
2lepA_4hddA,ShallowMsa_014,AF3,0.4999,0.448,0.434,0.3746,0.0518,0.0594,2,1,1,0.5,F1,-0.177,F2,0.2288,,,,,,,
2lepA_4hddA,ShallowMsa_015,AF3,0.749,0.4553,0.7265,0.4499,0.2936,0.2766,2,2,0,1.0,F1,0.0648,F1,0.2288,,,,,,,
2lepA_4hddA,ShallowMsa_016,AF3,0.4152,0.4305,0.3338,0.3446,-0.0154,-0.0108,2,0,2,0.0,Amb,-0.2442,F2,0.2288,,,,,,,
2lepA_4hddA,ShallowMsa_017,AF3,0.6198,0.3893,0.6012,0.3314,0.2305,0.2698,2,2,0,1.0,F1,0.0017,Amb,0.2288,,,,,,,
2lepA_4hddA,ShallowMsa_018,AF3,0.6242,0.4021,0.6037,0.3773,0.2222,0.2264,2,2,0,1.0,F1,-0.0066,Amb,0.2288,,,,,,,
2lepA_4hddA,ShallowMsa_019,AF3,0.7388,0.4537,0.7233,0.4496,0.2851,0.2736,2,2,0,1.0,F1,0.0563,F1,0.2288,,,,,,,
2lepA_4hddA,ShallowMsa_000,ESM,0.7251,0.4845,0.5636,0.4158,0.2405,0.1478,20,16,4,0.8,F1,-0.0235,Amb,0.264,,,,,,,
2lepA_4hddA,ShallowMsa_001,ESM,0.7674,0.4989,0.5279,0.398,0.2685,0.1299,20,18,2,0.9,F1,0.0045,Amb,0.264,,,,,,,
2lepA_4hddA,ShallowMsa_002,ESM,0.7963,0.5056,0.6176,0.4002,0.2907,0.2174,20,16,4,0.8,F1,0.0267,Amb,0.264,,,,,,,
2lepA_4hddA,ShallowMsa_003,ESM,0.782,0.474,0.6259,0.4118,0.3081,0.2141,20,16,4,0.8,F1,0.0441,Amb,0.264,,,,,,,
2lepA_4hddA,ShallowMsa_004,ESM,0.7593,0.4678,0.5684,0.3822,0.2915,0.1863,20,18,2,0.9,F1,0.0275,Amb,0.264,,,,,,,
2lepA_4hddA,ShallowMsa_005,ESM,0.7533,0.5044,0.5801,0.4114,0.2489,0.1688,20,18,2,0.9,F1,-0.0151,Amb,0.264,,,,,,,
2lepA_4hddA,ShallowMsa_006,ESM,0.7514,0.4997,0.573,0.3862,0.2518,0.1868,20,15,5,0.75,F1,-0.0122,Amb,0.264,,,,,,,
2lepA_4hddA,ShallowMsa_007,ESM,0.7337,0.4986,0.6392,0.4087,0.2352,0.2305,20,20,0,1.0,F1,-0.0288,Amb,0.264,,,,,,,
2lepA_4hddA,ShallowMsa_008,ESM,0.747,0.4756,0.5148,0.3938,0.2714,0.121,20,12,8,0.6,F1,0.0074,Amb,0.264,,,,,,,
2lepA_4hddA,ShallowMsa_009,ESM,0.7532,0.4818,0.6375,0.4146,0.2714,0.2229,20,20,0,1.0,F1,0.0074,Amb,0.264,,,,,,,
2lepA_4hddA,ShallowMsa_010,ESM,0.7593,0.4765,0.5756,0.3841,0.2829,0.1914,20,15,5,0.75,F1,0.0189,Amb,0.264,,,,,,,
2lepA_4hddA,ShallowMsa_011,ESM,0.7365,0.5029,0.6508,0.4364,0.2336,0.2144,20,20,0,1.0,F1,-0.0304,Amb,0.264,,,,,,,
2lepA_4hddA,ShallowMsa_012,ESM,0.7537,0.499,0.6017,0.4305,0.2547,0.1713,20,18,2,0.9,F1,-0.0093,Amb,0.264,,,,,,,
2lepA_4hddA,ShallowMsa_013,ESM,0.7629,0.473,0.6072,0.4082,0.2899,0.1989,20,18,2,0.9,F1,0.0259,Amb,0.264,,,,,,,
2lepA_4hddA,ShallowMsa_014,ESM,0.7626,0.5149,0.6466,0.4403,0.2477,0.2063,20,18,2,0.9,F1,-0.0163,Amb,0.264,,,,,,,
2lepA_4hddA,ShallowMsa_015,ESM,0.7592,0.5017,0.64,0.424,0.2574,0.216,20,20,0,1.0,F1,-0.0066,Amb,0.264,,,,,,,
2lepA_4hddA,ShallowMsa_016,ESM,0.7545,0.495,0.6391,0.424,0.2595,0.2151,20,18,2,0.9,F1,-0.0045,Amb,0.264,,,,,,,
2lepA_4hddA,ShallowMsa_017,ESM,0.7769,0.4744,0.6502,0.4297,0.3025,0.2206,20,16,4,0.8,F1,0.0385,Amb,0.264,,,,,,,
2lepA_4hddA,ShallowMsa_018,ESM,0.7682,0.4895,0.6815,0.4222,0.2786,0.2593,20,20,0,1.0,F1,0.0146,Amb,0.264,,,,,,,
2lepA_4hddA,ShallowMsa_019,ESM,0.7473,0.5066,0.6312,0.4432,0.2407,0.188,20,16,4,0.8,F1,-0.0233,Amb,0.264,,,,,,,
2lepA_4hddA,DeepMsa,MSAT,0.1429,0.0,0.1429,0.0,0.1429,0.1429,1,1,0,1.0,F1,0.1429,F1,0.2423,0.1429,0.0,t_recall,,,,
2lepA_4hddA,ShallowMsa_000,MSAT,0.4742,0.0,0.4742,0.0,0.4742,0.4742,1,1,0,1.0,F1,0.2319,F1,0.2423,0.4742,0.0,t_recall,,,,
2lepA_4hddA,ShallowMsa_001,MSAT,0.4536,0.0,0.4536,0.0,0.4536,0.4536,1,1,0,1.0,F1,0.2113,F1,0.2423,0.4536,0.0,t_recall,,,,
2lepA_4hddA,ShallowMsa_002,MSAT,0.2371,0.0,0.2371,0.0,0.2371,0.2371,1,1,0,1.0,F1,-0.0052,Amb,0.2423,0.2371,0.0,t_recall,,,,
2lepA_4hddA,ShallowMsa_003,MSAT,0.299,0.0,0.299,0.0,0.299,0.299,1,1,0,1.0,F1,0.0567,F1,0.2423,0.299,0.0,t_recall,,,,
2lepA_4hddA,ShallowMsa_004,MSAT,0.2577,0.0,0.2577,0.0,0.2577,0.2577,1,1,0,1.0,F1,0.0154,Amb,0.2423,0.2577,0.0,t_recall,,,,
2lepA_4hddA,ShallowMsa_005,MSAT,0.2474,0.0,0.2474,0.0,0.2474,0.2474,1,1,0,1.0,F1,0.0051,Amb,0.2423,0.2474,0.0,t_recall,,,,
2lepA_4hddA,ShallowMsa_006,MSAT,0.2268,0.0,0.2268,0.0,0.2268,0.2268,1,1,0,1.0,F1,-0.0155,Amb,0.2423,0.2268,0.0,t_recall,,,,
2lepA_4hddA,ShallowMsa_007,MSAT,0.1546,0.0,0.1546,0.0,0.1546,0.1546,1,1,0,1.0,F1,-0.0877,F2,0.2423,0.1546,0.0,t_recall,,,,
2lepA_4hddA,ShallowMsa_008,MSAT,0.0435,0.2,0.0435,0.2,-0.1565,-0.1565,1,0,1,0.0,F2,-0.3988,F2,0.2423,0.0435,0.2,t_recall,,,,
2lepA_4hddA,ShallowMsa_009,MSAT,0.102,0.0,0.102,0.0,0.102,0.102,1,1,0,1.0,F1,-0.1403,F2,0.2423,0.102,0.0,t_recall,,,,
2lepA_4hddA,ShallowMsa_010,MSAT,0.3711,0.0,0.3711,0.0,0.3711,0.3711,1,1,0,1.0,F1,0.1288,F1,0.2423,0.3711,0.0,t_recall,,,,
2lepA_4hddA,ShallowMsa_011,MSAT,0.2604,0.0,0.2604,0.0,0.2604,0.2604,1,1,0,1.0,F1,0.0181,Amb,0.2423,0.2604,0.0,t_recall,,,,
2lepA_4hddA,ShallowMsa_012,MSAT,0.3814,0.0,0.3814,0.0,0.3814,0.3814,1,1,0,1.0,F1,0.1391,F1,0.2423,0.3814,0.0,t_recall,,,,
2lepA_4hddA,ShallowMsa_013,MSAT,0.2887,0.0,0.2887,0.0,0.2887,0.2887,1,1,0,1.0,F1,0.0464,Amb,0.2423,0.2887,0.0,t_recall,,,,
2lepA_4hddA,ShallowMsa_014,MSAT,0.0625,0.0,0.0625,0.0,0.0625,0.0625,1,1,0,1.0,F1,-0.1798,F2,0.2423,0.0625,0.0,t_recall,,,,
2lepA_4hddA,ShallowMsa_015,MSAT,0.0833,0.0,0.0833,0.0,0.0833,0.0833,1,1,0,1.0,F1,-0.159,F2,0.2423,0.0833,0.0,t_recall,,,,
2lepA_4hddA,ShallowMsa_016,MSAT,0.2165,0.0,0.2165,0.0,0.2165,0.2165,1,1,0,1.0,F1,-0.0258,Amb,0.2423,0.2165,0.0,t_recall,,,,
2lepA_4hddA,ShallowMsa_017,MSAT,0.3299,0.0,0.3299,0.0,0.3299,0.3299,1,1,0,1.0,F1,0.0877,F1,0.2423,0.3299,0.0,t_recall,,,,
2lepA_4hddA,ShallowMsa_018,MSAT,0.1959,0.0,0.1959,0.0,0.1959,0.1959,1,1,0,1.0,F1,-0.0464,Amb,0.2423,0.1959,0.0,t_recall,,,,
2lepA_4hddA,ShallowMsa_019,MSAT,0.0938,0.0,0.0938,0.0,0.0938,0.0938,1,1,0,1.0,F1,-0.1485,F2,0.2423,0.0938,0.0,t_recall,,,,
2lepA_4hddA,DeepMsa,CCMpred,0.1078,0.0,0.1078,0.0,0.1078,0.1078,1,1,0,1.0,F1,0.1078,F1,0.0,0.1078,0.0,t_recall,,,,
2lepA_4hddA,ShallowMsa_000,CCMpred,0.0098,0.0,0.0098,0.0,0.0098,0.0098,1,1,0,1.0,Amb,0.0098,Amb,0.0,0.0098,0.0,t_recall,,,,
2lepA_4hddA,ShallowMsa_001,CCMpred,0.0,0.0,0.0,0.0,0.0,0.0,1,0,0,0.0,Amb,0.0,Amb,0.0,0.0,0.0,t_recall,,,,
2lepA_4hddA,ShallowMsa_002,CCMpred,0.0,0.0,0.0,0.0,0.0,0.0,1,0,0,0.0,Amb,0.0,Amb,0.0,0.0,0.0,t_recall,,,,
2lepA_4hddA,ShallowMsa_003,CCMpred,0.0,0.0,0.0,0.0,0.0,0.0,1,0,0,0.0,Amb,0.0,Amb,0.0,0.0,0.0,t_recall,,,,
2lepA_4hddA,ShallowMsa_004,CCMpred,0.0,0.0,0.0,0.0,0.0,0.0,1,0,0,0.0,Amb,0.0,Amb,0.0,0.0,0.0,t_recall,,,,
2lepA_4hddA,ShallowMsa_005,CCMpred,0.0,0.0,0.0,0.0,0.0,0.0,1,0,0,0.0,Amb,0.0,Amb,0.0,0.0,0.0,t_recall,,,,
2lepA_4hddA,ShallowMsa_006,CCMpred,0.0,0.0,0.0,0.0,0.0,0.0,1,0,0,0.0,Amb,0.0,Amb,0.0,0.0,0.0,t_recall,,,,
2lepA_4hddA,ShallowMsa_007,CCMpred,0.0,0.0,0.0,0.0,0.0,0.0,1,0,0,0.0,Amb,0.0,Amb,0.0,0.0,0.0,t_recall,,,,
2lepA_4hddA,ShallowMsa_008,CCMpred,0.0,0.0,0.0,0.0,0.0,0.0,1,0,0,0.0,Amb,0.0,Amb,0.0,0.0,0.0,t_recall,,,,
2lepA_4hddA,ShallowMsa_009,CCMpred,0.0,0.0,0.0,0.0,0.0,0.0,1,0,0,0.0,Amb,0.0,Amb,0.0,0.0,0.0,t_recall,,,,
2lepA_4hddA,ShallowMsa_010,CCMpred,0.0,0.0,0.0,0.0,0.0,0.0,1,0,0,0.0,Amb,0.0,Amb,0.0,0.0,0.0,t_recall,,,,
2lepA_4hddA,ShallowMsa_011,CCMpred,0.0,0.0,0.0,0.0,0.0,0.0,1,0,0,0.0,Amb,0.0,Amb,0.0,0.0,0.0,t_recall,,,,
2lepA_4hddA,ShallowMsa_012,CCMpred,0.0,0.0,0.0,0.0,0.0,0.0,1,0,0,0.0,Amb,0.0,Amb,0.0,0.0,0.0,t_recall,,,,
2lepA_4hddA,ShallowMsa_013,CCMpred,0.0,0.0,0.0,0.0,0.0,0.0,1,0,0,0.0,Amb,0.0,Amb,0.0,0.0,0.0,t_recall,,,,
2lepA_4hddA,ShallowMsa_014,CCMpred,0.0,0.0,0.0,0.0,0.0,0.0,1,0,0,0.0,Amb,0.0,Amb,0.0,0.0,0.0,t_recall,,,,
2lepA_4hddA,ShallowMsa_015,CCMpred,0.0,0.0,0.0,0.0,0.0,0.0,1,0,0,0.0,Amb,0.0,Amb,0.0,0.0,0.0,t_recall,,,,
2lepA_4hddA,ShallowMsa_016,CCMpred,0.0,0.0,0.0,0.0,0.0,0.0,1,0,0,0.0,Amb,0.0,Amb,0.0,0.0,0.0,t_recall,,,,
2lepA_4hddA,ShallowMsa_017,CCMpred,0.0,0.0,0.0,0.0,0.0,0.0,1,0,0,0.0,Amb,0.0,Amb,0.0,0.0,0.0,t_recall,,,,
2lepA_4hddA,ShallowMsa_018,CCMpred,0.0,0.0,0.0,0.0,0.0,0.0,1,0,0,0.0,Amb,0.0,Amb,0.0,0.0,0.0,t_recall,,,,
2lepA_4hddA,ShallowMsa_019,CCMpred,0.0,0.0,0.0,0.0,0.0,0.0,1,0,0,0.0,Amb,0.0,Amb,0.0,0.0,0.0,t_recall,,,,
2lepA_4hddA,ShallowMsa_000,DDG,-9.3732,-13.8133,-9.3732,-13.8133,4.4401,4.4401,10,10,0,1.0,F1,-0.0331,Amb,4.4732,,,ddg_kcal_per_mol(delta=1.0),4.4401,2.5477,9.3732,13.8133
2lepA_4hddA,ShallowMsa_001,DDG,-7.1355,-10.0619,-7.1355,-10.0619,2.9264,2.9264,10,8,2,0.8,F1,-1.5468,F2,4.4732,,,ddg_kcal_per_mol(delta=1.0),2.9264,2.7568,7.1355,10.0619
2lepA_4hddA,ShallowMsa_002,DDG,-8.2039,-12.7295,-8.2039,-12.7295,4.5257,4.5257,10,10,0,1.0,F1,0.0525,Amb,4.4732,,,ddg_kcal_per_mol(delta=1.0),4.5257,1.8674,8.2039,12.7295
2lepA_4hddA,ShallowMsa_003,DDG,-7.2056,-12.5039,-7.2056,-12.5039,5.2983,5.2983,10,10,0,1.0,F1,0.8251,Amb,4.4732,,,ddg_kcal_per_mol(delta=1.0),5.2983,2.4362,7.2056,12.5039
2lepA_4hddA,ShallowMsa_004,DDG,-6.1908,-12.2937,-6.1908,-12.2937,6.1029,6.1029,10,10,0,1.0,F1,1.6297,F1,4.4732,,,ddg_kcal_per_mol(delta=1.0),6.1029,2.1439,6.1908,12.2937
2lepA_4hddA,ShallowMsa_005,DDG,-8.3743,-14.7966,-8.3743,-14.7966,6.4222,6.4222,10,10,0,1.0,F1,1.949,F1,4.4732,,,ddg_kcal_per_mol(delta=1.0),6.4222,2.1584,8.3743,14.7966
2lepA_4hddA,ShallowMsa_006,DDG,-6.2252,-11.5104,-6.2252,-11.5104,5.2852,5.2852,10,10,0,1.0,F1,0.812,Amb,4.4732,,,ddg_kcal_per_mol(delta=1.0),5.2852,1.308,6.2252,11.5104
2lepA_4hddA,ShallowMsa_007,DDG,-8.9098,-10.1855,-8.9098,-10.1855,1.2757,1.2757,10,7,3,0.7,F1,-3.1975,F2,4.4732,,,ddg_kcal_per_mol(delta=1.0),1.2757,2.3043,8.9098,10.1855
2lepA_4hddA,ShallowMsa_008,DDG,-6.3095,-11.2627,-6.3095,-11.2627,4.9533,4.9533,10,9,1,0.9,F1,0.4801,Amb,4.4732,,,ddg_kcal_per_mol(delta=1.0),4.9533,2.4639,6.3095,11.2627
2lepA_4hddA,ShallowMsa_009,DDG,-6.766,-7.8908,-6.766,-7.8908,1.1248,1.1248,10,7,3,0.7,F1,-3.3484,F2,4.4732,,,ddg_kcal_per_mol(delta=1.0),1.1248,1.9492,6.766,7.8908
2lepA_4hddA,ShallowMsa_010,DDG,-6.8001,-11.289,-6.8001,-11.289,4.4889,4.4889,10,10,0,1.0,F1,0.0157,Amb,4.4732,,,ddg_kcal_per_mol(delta=1.0),4.4889,1.5963,6.8001,11.289
2lepA_4hddA,ShallowMsa_011,DDG,-8.0083,-9.5948,-8.0083,-9.5948,1.5864,1.5864,10,8,2,0.8,F1,-2.8868,F2,4.4732,,,ddg_kcal_per_mol(delta=1.0),1.5864,1.8448,8.0083,9.5948
2lepA_4hddA,ShallowMsa_012,DDG,-9.3249,-15.3006,-9.3249,-15.3006,5.9757,5.9757,10,10,0,1.0,F1,1.5025,F1,4.4732,,,ddg_kcal_per_mol(delta=1.0),5.9757,2.1685,9.3249,15.3006
2lepA_4hddA,ShallowMsa_013,DDG,-7.128,-11.5855,-7.128,-11.5855,4.4575,4.4575,10,10,0,1.0,F1,-0.0157,Amb,4.4732,,,ddg_kcal_per_mol(delta=1.0),4.4575,1.4142,7.128,11.5855
2lepA_4hddA,ShallowMsa_014,DDG,-8.5385,-11.683,-8.5385,-11.683,3.1445,3.1445,10,10,0,1.0,F1,-1.3287,F2,4.4732,,,ddg_kcal_per_mol(delta=1.0),3.1445,1.3388,8.5385,11.683
2lepA_4hddA,ShallowMsa_015,DDG,-7.7068,-8.6368,-7.7068,-8.6368,0.93,0.93,10,7,3,0.7,Amb,-3.5432,F2,4.4732,,,ddg_kcal_per_mol(delta=1.0),0.93,1.6687,7.7068,8.6368
2lepA_4hddA,ShallowMsa_016,DDG,-7.7296,-12.8952,-7.7296,-12.8952,5.1656,5.1656,10,10,0,1.0,F1,0.6924,Amb,4.4732,,,ddg_kcal_per_mol(delta=1.0),5.1656,1.4717,7.7296,12.8952
2lepA_4hddA,ShallowMsa_017,DDG,-8.0768,-14.1187,-8.0768,-14.1187,6.0419,6.0419,10,10,0,1.0,F1,1.5687,F1,4.4732,,,ddg_kcal_per_mol(delta=1.0),6.0419,1.5893,8.0768,14.1187
2lepA_4hddA,ShallowMsa_018,DDG,-8.314,-11.8097,-8.314,-11.8097,3.4956,3.4956,10,9,1,0.9,F1,-0.9776,Amb,4.4732,,,ddg_kcal_per_mol(delta=1.0),3.4956,1.6439,8.314,11.8097
2lepA_4hddA,ShallowMsa_019,DDG,-7.4297,-8.1975,-7.4297,-8.1975,0.7678,0.7678,10,8,2,0.8,Amb,-3.7054,F2,4.4732,,,ddg_kcal_per_mol(delta=1.0),0.7678,1.2799,7.4297,8.1975
2lepA_4hddA,ShallowMsa_000,Boltz2,0.7436,0.4754,0.7436,0.4754,0.2681,0.2681,1,1,0,1.0,F1,-0.0052,Amb,0.2733,,,,,,,
2lepA_4hddA,ShallowMsa_001,Boltz2,0.7642,0.4411,0.7642,0.4411,0.3231,0.3231,1,1,0,1.0,F1,0.0498,Amb,0.2733,,,,,,,
2lepA_4hddA,ShallowMsa_002,Boltz2,0.7361,0.4517,0.7361,0.4517,0.2844,0.2844,1,1,0,1.0,F1,0.0111,Amb,0.2733,,,,,,,
2lepA_4hddA,ShallowMsa_003,Boltz2,0.7429,0.4561,0.7429,0.4561,0.2868,0.2868,1,1,0,1.0,F1,0.0135,Amb,0.2733,,,,,,,
2lepA_4hddA,ShallowMsa_004,Boltz2,0.7349,0.4788,0.7349,0.4788,0.2561,0.2561,1,1,0,1.0,F1,-0.0172,Amb,0.2733,,,,,,,
2lepA_4hddA,ShallowMsa_005,Boltz2,0.7339,0.4438,0.7339,0.4438,0.2901,0.2901,1,1,0,1.0,F1,0.0168,Amb,0.2733,,,,,,,
2lepA_4hddA,ShallowMsa_006,Boltz2,0.7455,0.4528,0.7455,0.4528,0.2927,0.2927,1,1,0,1.0,F1,0.0194,Amb,0.2733,,,,,,,
2lepA_4hddA,ShallowMsa_007,Boltz2,0.7077,0.4727,0.7077,0.4727,0.2349,0.2349,1,1,0,1.0,F1,-0.0384,Amb,0.2733,,,,,,,
2lepA_4hddA,ShallowMsa_008,Boltz2,0.7443,0.4674,0.7443,0.4674,0.2769,0.2769,1,1,0,1.0,F1,0.0036,Amb,0.2733,,,,,,,
2lepA_4hddA,ShallowMsa_009,Boltz2,0.7453,0.4897,0.7453,0.4897,0.2556,0.2556,1,1,0,1.0,F1,-0.0177,Amb,0.2733,,,,,,,
2lepA_4hddA,ShallowMsa_010,Boltz2,0.7511,0.4685,0.7511,0.4685,0.2825,0.2825,1,1,0,1.0,F1,0.0092,Amb,0.2733,,,,,,,
2lepA_4hddA,ShallowMsa_011,Boltz2,0.7087,0.4548,0.7087,0.4548,0.2539,0.2539,1,1,0,1.0,F1,-0.0194,Amb,0.2733,,,,,,,
2lepA_4hddA,ShallowMsa_012,Boltz2,0.7392,0.4641,0.7392,0.4641,0.2751,0.2751,1,1,0,1.0,F1,0.0018,Amb,0.2733,,,,,,,
2lepA_4hddA,ShallowMsa_013,Boltz2,0.753,0.4449,0.753,0.4449,0.3081,0.3081,1,1,0,1.0,F1,0.0348,Amb,0.2733,,,,,,,
2lepA_4hddA,ShallowMsa_014,Boltz2,0.7179,0.4464,0.7179,0.4464,0.2715,0.2715,1,1,0,1.0,F1,-0.0018,Amb,0.2733,,,,,,,
2lepA_4hddA,ShallowMsa_015,Boltz2,0.6991,0.4525,0.6991,0.4525,0.2466,0.2466,1,1,0,1.0,F1,-0.0267,Amb,0.2733,,,,,,,
2lepA_4hddA,ShallowMsa_016,Boltz2,0.7177,0.4524,0.7177,0.4524,0.2653,0.2653,1,1,0,1.0,F1,-0.008,Amb,0.2733,,,,,,,
2lepA_4hddA,ShallowMsa_017,Boltz2,0.7574,0.4458,0.7574,0.4458,0.3116,0.3116,1,1,0,1.0,F1,0.0383,Amb,0.2733,,,,,,,
2lepA_4hddA,ShallowMsa_018,Boltz2,0.5755,0.415,0.5755,0.415,0.1605,0.1605,1,1,0,1.0,F1,-0.1128,F2,0.2733,,,,,,,
2lepA_4hddA,ShallowMsa_019,Boltz2,0.6907,0.4885,0.6907,0.4885,0.2022,0.2022,1,1,0,1.0,F1,-0.0711,F2,0.2733,,,,,,,
2lv1A_6lniA,DeepMsa,AF2,0.5931,0.275,0.4774,0.2688,0.3181,0.2087,2,2,0,1.0,F1,0.3181,F1,0.1004,,,,,,,
2lv1A_6lniA,ShallowMsa_000,AF2,0.3618,0.2614,0.3583,0.2541,0.1004,0.1041,2,2,0,1.0,F1,0.0,Amb,0.1004,,,,,,,
2lv1A_6lniA,ShallowMsa_001,AF2,0.6073,0.3346,0.4837,0.3019,0.2727,0.1817,2,2,0,1.0,F1,0.1723,F1,0.1004,,,,,,,
2lv1A_6lniA,ShallowMsa_002,AF2,0.2508,0.264,0.235,0.2353,-0.0133,-0.0003,2,1,1,0.5,Amb,-0.1137,F2,0.1004,,,,,,,
2lv1A_6lniA,DeepMsa,AF3,0.5954,0.2775,0.4644,0.2678,0.3179,0.1966,2,2,0,1.0,F1,0.3179,F1,0.1113,,,,,,,
2lv1A_6lniA,ShallowMsa_000,AF3,0.3545,0.253,0.3499,0.246,0.1015,0.1038,2,2,0,1.0,F1,-0.0098,Amb,0.1113,,,,,,,
2lv1A_6lniA,ShallowMsa_001,AF3,0.5968,0.2818,0.4713,0.2691,0.3151,0.2022,2,2,0,1.0,F1,0.2038,F1,0.1113,,,,,,,
2lv1A_6lniA,ShallowMsa_002,AF3,0.3328,0.2215,0.292,0.2083,0.1113,0.0837,2,2,0,1.0,F1,0.0,Amb,0.1113,,,,,,,
2lv1A_6lniA,ShallowMsa_000,ESM,0.5203,0.3083,0.381,0.2614,0.212,0.1196,20,17,3,0.85,F1,-0.0596,F2,0.2716,,,,,,,
2lv1A_6lniA,ShallowMsa_001,ESM,0.5945,0.3229,0.342,0.2553,0.2716,0.0868,20,16,4,0.8,F1,0.0,Amb,0.2716,,,,,,,
2lv1A_6lniA,ShallowMsa_002,ESM,0.5671,0.2848,0.3815,0.2644,0.2823,0.1171,20,12,8,0.6,F1,0.0107,Amb,0.2716,,,,,,,
2lv1A_6lniA,DeepMsa,MSAT,0.075,0.5,0.075,0.5,-0.425,-0.425,1,0,1,0.0,F2,-0.425,F2,0.0,0.075,0.5,t_recall,,,,
2lv1A_6lniA,ShallowMsa_000,MSAT,0.0088,0.0,0.0088,0.0,0.0088,0.0088,1,1,0,1.0,Amb,0.0088,Amb,0.0,0.0088,0.0,t_recall,,,,
2lv1A_6lniA,ShallowMsa_001,MSAT,0.05,0.25,0.05,0.25,-0.2,-0.2,1,0,1,0.0,F2,-0.2,F2,0.0,0.05,0.25,t_recall,,,,
2lv1A_6lniA,ShallowMsa_002,MSAT,0.0,0.0,0.0,0.0,0.0,0.0,1,0,0,0.0,Amb,0.0,Amb,0.0,0.0,0.0,t_recall,,,,
2lv1A_6lniA,DeepMsa,CCMpred,0.0,0.0,0.0,0.0,0.0,0.0,1,0,0,0.0,Amb,0.0,Amb,0.0,0.0,0.0,t_recall,,,,
2lv1A_6lniA,ShallowMsa_000,CCMpred,0.0,0.0,0.0,0.0,0.0,0.0,1,0,0,0.0,Amb,0.0,Amb,0.0,0.0,0.0,t_recall,,,,
2lv1A_6lniA,ShallowMsa_001,CCMpred,0.0,0.0,0.0,0.0,0.0,0.0,1,0,0,0.0,Amb,0.0,Amb,0.0,0.0,0.0,t_recall,,,,
2lv1A_6lniA,ShallowMsa_002,CCMpred,0.0,0.0,0.0,0.0,0.0,0.0,1,0,0,0.0,Amb,0.0,Amb,0.0,0.0,0.0,t_recall,,,,
2lv1A_6lniA,ShallowMsa_000,DDG,-16.8592,-5.0344,-16.8592,-5.0344,-11.8248,-11.8248,10,0,10,0.0,F2,0.0,Amb,-11.8248,,,ddg_kcal_per_mol(delta=1.0),-11.8248,5.615,16.8592,5.0344
2lv1A_6lniA,ShallowMsa_001,DDG,-16.8361,-3.8591,-16.8361,-3.8591,-12.977,-12.977,10,0,10,0.0,F2,-1.1522,F2,-11.8248,,,ddg_kcal_per_mol(delta=1.0),-12.977,9.2694,16.8361,3.8591
2lv1A_6lniA,ShallowMsa_002,DDG,-13.2955,-5.9582,-13.2955,-5.9582,-7.3373,-7.3373,10,0,10,0.0,F2,4.4875,F1,-11.8248,,,ddg_kcal_per_mol(delta=1.0),-7.3373,2.9081,13.2955,5.9582
2lv1A_6lniA,ShallowMsa_001,Boltz2,0.6281,0.1634,0.6281,0.1634,0.4647,0.4647,1,1,0,1.0,F1,0.4647,F1,0.0,,,,,,,
2mwfA_2nntA,DeepMsa,AF2,0.594,0.1967,0.5336,0.1958,0.3974,0.3378,2,2,0,1.0,F1,0.3974,F1,0.3674,,,,,,,
2mwfA_2nntA,ShallowMsa_000,AF2,0.5957,0.2188,0.5316,0.1975,0.3769,0.3341,2,2,0,1.0,F1,0.0095,Amb,0.3674,,,,,,,
2mwfA_2nntA,ShallowMsa_001,AF2,0.5803,0.2129,0.4557,0.2097,0.3674,0.246,2,2,0,1.0,F1,0.0,Amb,0.3674,,,,,,,
2mwfA_2nntA,ShallowMsa_002,AF2,0.5806,0.2188,0.5229,0.2068,0.3618,0.3161,2,2,0,1.0,F1,-0.0056,Amb,0.3674,,,,,,,
2mwfA_2nntA,ShallowMsa_003,AF2,0.6121,0.2182,0.5515,0.208,0.394,0.3435,2,2,0,1.0,F1,0.0266,Amb,0.3674,,,,,,,
2mwfA_2nntA,ShallowMsa_004,AF2,0.4796,0.221,0.4719,0.2181,0.2586,0.2539,2,2,0,1.0,F1,-0.1088,F2,0.3674,,,,,,,
2mwfA_2nntA,ShallowMsa_005,AF2,0.5719,0.2157,0.514,0.2107,0.3562,0.3033,2,2,0,1.0,F1,-0.0112,Amb,0.3674,,,,,,,
2mwfA_2nntA,ShallowMsa_006,AF2,0.5859,0.2046,0.5326,0.2023,0.3813,0.3303,2,2,0,1.0,F1,0.0139,Amb,0.3674,,,,,,,
2mwfA_2nntA,ShallowMsa_007,AF2,0.5802,0.2077,0.5196,0.2071,0.3726,0.3125,2,2,0,1.0,F1,0.0052,Amb,0.3674,,,,,,,
2mwfA_2nntA,ShallowMsa_008,AF2,0.5831,0.2142,0.5167,0.2044,0.3689,0.3123,2,2,0,1.0,F1,0.0015,Amb,0.3674,,,,,,,
2mwfA_2nntA,ShallowMsa_009,AF2,0.5722,0.2185,0.5168,0.1959,0.3537,0.3209,2,2,0,1.0,F1,-0.0137,Amb,0.3674,,,,,,,
2mwfA_2nntA,ShallowMsa_010,AF2,0.5753,0.2081,0.5124,0.2064,0.3672,0.3061,2,2,0,1.0,F1,-0.0002,Amb,0.3674,,,,,,,
2mwfA_2nntA,ShallowMsa_011,AF2,0.5712,0.207,0.508,0.1982,0.3642,0.3098,2,2,0,1.0,F1,-0.0032,Amb,0.3674,,,,,,,
2mwfA_2nntA,ShallowMsa_012,AF2,0.5737,0.2251,0.5015,0.2145,0.3485,0.287,2,2,0,1.0,F1,-0.0189,Amb,0.3674,,,,,,,
2mwfA_2nntA,ShallowMsa_013,AF2,0.5265,0.2138,0.4979,0.2063,0.3127,0.2915,2,2,0,1.0,F1,-0.0547,F2,0.3674,,,,,,,
2mwfA_2nntA,ShallowMsa_014,AF2,0.5891,0.2189,0.5316,0.2112,0.3702,0.3205,2,2,0,1.0,F1,0.0028,Amb,0.3674,,,,,,,
2mwfA_2nntA,ShallowMsa_015,AF2,0.5793,0.2102,0.5124,0.1959,0.369,0.3164,2,2,0,1.0,F1,0.0016,Amb,0.3674,,,,,,,
2mwfA_2nntA,ShallowMsa_016,AF2,0.5872,0.2361,0.527,0.2116,0.351,0.3154,2,2,0,1.0,F1,-0.0164,Amb,0.3674,,,,,,,
2mwfA_2nntA,ShallowMsa_017,AF2,0.5905,0.2003,0.5239,0.1983,0.3902,0.3256,2,2,0,1.0,F1,0.0228,Amb,0.3674,,,,,,,
2mwfA_2nntA,ShallowMsa_018,AF2,0.5976,0.2163,0.5384,0.2085,0.3813,0.3299,2,2,0,1.0,F1,0.0139,Amb,0.3674,,,,,,,
2mwfA_2nntA,ShallowMsa_019,AF2,0.5966,0.1901,0.5063,0.1864,0.4064,0.3199,2,2,0,1.0,F1,0.039,Amb,0.3674,,,,,,,
2mwfA_2nntA,ShallowMsa_020,AF2,0.5491,0.2136,0.4708,0.1972,0.3356,0.2736,2,2,0,1.0,F1,-0.0318,Amb,0.3674,,,,,,,
2mwfA_2nntA,DeepMsa,AF3,0.5361,0.2094,0.4917,0.2077,0.3267,0.284,2,2,0,1.0,F1,0.3267,F1,0.3226,,,,,,,
2mwfA_2nntA,ShallowMsa_000,AF3,0.5355,0.2053,0.4834,0.2037,0.3303,0.2797,2,2,0,1.0,F1,0.0077,Amb,0.3226,,,,,,,
2mwfA_2nntA,ShallowMsa_001,AF3,0.5041,0.2102,0.3477,0.1886,0.294,0.1591,2,2,0,1.0,F1,-0.0286,Amb,0.3226,,,,,,,
2mwfA_2nntA,ShallowMsa_002,AF3,0.5384,0.2082,0.4849,0.1926,0.3303,0.2923,2,2,0,1.0,F1,0.0077,Amb,0.3226,,,,,,,
2mwfA_2nntA,ShallowMsa_003,AF3,0.5415,0.2141,0.4919,0.2085,0.3274,0.2834,2,2,0,1.0,F1,0.0048,Amb,0.3226,,,,,,,
2mwfA_2nntA,ShallowMsa_004,AF3,0.4433,0.2046,0.4363,0.2028,0.2387,0.2335,2,2,0,1.0,F1,-0.0839,F2,0.3226,,,,,,,
2mwfA_2nntA,ShallowMsa_005,AF3,0.5261,0.2264,0.4302,0.2121,0.2997,0.2181,2,2,0,1.0,F1,-0.0229,Amb,0.3226,,,,,,,
2mwfA_2nntA,ShallowMsa_006,AF3,0.5641,0.2275,0.4914,0.2139,0.3366,0.2774,2,2,0,1.0,F1,0.014,Amb,0.3226,,,,,,,
2mwfA_2nntA,ShallowMsa_007,AF3,0.5351,0.2016,0.4868,0.193,0.3335,0.2938,2,2,0,1.0,F1,0.0109,Amb,0.3226,,,,,,,
2mwfA_2nntA,ShallowMsa_008,AF3,0.533,0.2292,0.4847,0.2054,0.3039,0.2793,2,2,0,1.0,F1,-0.0187,Amb,0.3226,,,,,,,
2mwfA_2nntA,ShallowMsa_009,AF3,0.5221,0.2223,0.4785,0.203,0.2998,0.2755,2,2,0,1.0,F1,-0.0228,Amb,0.3226,,,,,,,
2mwfA_2nntA,ShallowMsa_010,AF3,0.534,0.2114,0.4829,0.1919,0.3226,0.291,2,2,0,1.0,F1,0.0,Amb,0.3226,,,,,,,
2mwfA_2nntA,ShallowMsa_011,AF3,0.5328,0.2142,0.4199,0.1992,0.3186,0.2208,2,2,0,1.0,F1,-0.004,Amb,0.3226,,,,,,,
2mwfA_2nntA,ShallowMsa_012,AF3,0.5394,0.23,0.457,0.2281,0.3094,0.2289,2,2,0,1.0,F1,-0.0132,Amb,0.3226,,,,,,,
2mwfA_2nntA,ShallowMsa_013,AF3,0.501,0.2171,0.4078,0.214,0.2839,0.1938,2,2,0,1.0,F1,-0.0387,Amb,0.3226,,,,,,,
2mwfA_2nntA,ShallowMsa_014,AF3,0.5342,0.2082,0.4849,0.2052,0.326,0.2796,2,2,0,1.0,F1,0.0034,Amb,0.3226,,,,,,,
2mwfA_2nntA,ShallowMsa_015,AF3,0.5432,0.2062,0.4867,0.1942,0.337,0.2925,2,2,0,1.0,F1,0.0144,Amb,0.3226,,,,,,,
2mwfA_2nntA,ShallowMsa_016,AF3,0.5405,0.2527,0.4916,0.2203,0.2878,0.2713,2,2,0,1.0,F1,-0.0348,Amb,0.3226,,,,,,,
2mwfA_2nntA,ShallowMsa_017,AF3,0.5374,0.2038,0.4842,0.1929,0.3336,0.2913,2,2,0,1.0,F1,0.011,Amb,0.3226,,,,,,,
2mwfA_2nntA,ShallowMsa_018,AF3,0.5431,0.2095,0.4894,0.2055,0.3336,0.2838,2,2,0,1.0,F1,0.011,Amb,0.3226,,,,,,,
2mwfA_2nntA,ShallowMsa_019,AF3,0.556,0.2117,0.5039,0.2117,0.3443,0.2923,2,2,0,1.0,F1,0.0217,Amb,0.3226,,,,,,,
2mwfA_2nntA,ShallowMsa_020,AF3,0.5156,0.2068,0.4199,0.194,0.3088,0.2259,2,2,0,1.0,F1,-0.0138,Amb,0.3226,,,,,,,
2mwfA_2nntA,ShallowMsa_000,ESM,0.5706,0.2537,0.4884,0.2127,0.3169,0.2757,20,20,0,1.0,F1,-0.0183,Amb,0.3352,,,,,,,
2mwfA_2nntA,ShallowMsa_001,ESM,0.5771,0.2445,0.4737,0.203,0.3326,0.2707,20,20,0,1.0,F1,-0.0026,Amb,0.3352,,,,,,,
2mwfA_2nntA,ShallowMsa_002,ESM,0.5754,0.2314,0.4776,0.21,0.344,0.2676,20,20,0,1.0,F1,0.0088,Amb,0.3352,,,,,,,
2mwfA_2nntA,ShallowMsa_003,ESM,0.5763,0.2498,0.488,0.2068,0.3265,0.2812,20,20,0,1.0,F1,-0.0087,Amb,0.3352,,,,,,,
2mwfA_2nntA,ShallowMsa_004,ESM,0.5621,0.2613,0.4805,0.2094,0.3009,0.2711,20,20,0,1.0,F1,-0.0343,Amb,0.3352,,,,,,,
2mwfA_2nntA,ShallowMsa_005,ESM,0.5557,0.2463,0.4859,0.2046,0.3094,0.2813,20,20,0,1.0,F1,-0.0258,Amb,0.3352,,,,,,,
2mwfA_2nntA,ShallowMsa_006,ESM,0.5728,0.2239,0.4816,0.1985,0.3489,0.2831,20,20,0,1.0,F1,0.0137,Amb,0.3352,,,,,,,
2mwfA_2nntA,ShallowMsa_007,ESM,0.5845,0.236,0.4809,0.2044,0.3485,0.2765,20,20,0,1.0,F1,0.0133,Amb,0.3352,,,,,,,
2mwfA_2nntA,ShallowMsa_008,ESM,0.5868,0.2438,0.4868,0.2013,0.343,0.2856,20,20,0,1.0,F1,0.0078,Amb,0.3352,,,,,,,
2mwfA_2nntA,ShallowMsa_009,ESM,0.5189,0.2534,0.464,0.2143,0.2655,0.2497,20,20,0,1.0,F1,-0.0697,F2,0.3352,,,,,,,
2mwfA_2nntA,ShallowMsa_010,ESM,0.5559,0.2391,0.4929,0.2026,0.3168,0.2903,20,20,0,1.0,F1,-0.0184,Amb,0.3352,,,,,,,
2mwfA_2nntA,ShallowMsa_011,ESM,0.5309,0.2355,0.4724,0.2017,0.2955,0.2707,20,20,0,1.0,F1,-0.0397,Amb,0.3352,,,,,,,
2mwfA_2nntA,ShallowMsa_012,ESM,0.6039,0.2303,0.4598,0.201,0.3736,0.2588,20,20,0,1.0,F1,0.0384,Amb,0.3352,,,,,,,
2mwfA_2nntA,ShallowMsa_013,ESM,0.5713,0.2361,0.4779,0.2121,0.3352,0.2658,20,20,0,1.0,F1,0.0,Amb,0.3352,,,,,,,
2mwfA_2nntA,ShallowMsa_014,ESM,0.5964,0.2505,0.4904,0.2066,0.3459,0.2838,20,20,0,1.0,F1,0.0107,Amb,0.3352,,,,,,,
2mwfA_2nntA,ShallowMsa_015,ESM,0.5553,0.2413,0.498,0.2051,0.314,0.293,20,20,0,1.0,F1,-0.0212,Amb,0.3352,,,,,,,
2mwfA_2nntA,ShallowMsa_016,ESM,0.5803,0.2259,0.4755,0.2012,0.3544,0.2743,20,20,0,1.0,F1,0.0192,Amb,0.3352,,,,,,,
2mwfA_2nntA,ShallowMsa_017,ESM,0.581,0.2142,0.4875,0.1991,0.3668,0.2884,20,20,0,1.0,F1,0.0316,Amb,0.3352,,,,,,,
2mwfA_2nntA,ShallowMsa_018,ESM,0.5754,0.2251,0.4917,0.2105,0.3503,0.2811,20,20,0,1.0,F1,0.0151,Amb,0.3352,,,,,,,
2mwfA_2nntA,ShallowMsa_019,ESM,0.5863,0.2432,0.4657,0.2099,0.3432,0.2557,20,20,0,1.0,F1,0.008,Amb,0.3352,,,,,,,
2mwfA_2nntA,ShallowMsa_020,ESM,0.5478,0.2263,0.4788,0.1992,0.3215,0.2796,20,20,0,1.0,F1,-0.0137,Amb,0.3352,,,,,,,
2mwfA_2nntA,DeepMsa,MSAT,0.0,0.0,0.0,0.0,0.0,0.0,1,0,0,0.0,Amb,0.0,Amb,0.0,0.0,0.0,t_recall,,,,
2mwfA_2nntA,ShallowMsa_000,MSAT,0.0,0.0,0.0,0.0,0.0,0.0,1,0,0,0.0,Amb,0.0,Amb,0.0,0.0,0.0,t_recall,,,,
2mwfA_2nntA,ShallowMsa_001,MSAT,0.0455,0.0667,0.0455,0.0667,-0.0212,-0.0212,1,0,1,0.0,Amb,-0.0212,Amb,0.0,0.0455,0.0667,t_recall,,,,
2mwfA_2nntA,ShallowMsa_002,MSAT,0.0,0.0667,0.0,0.0667,-0.0667,-0.0667,1,0,1,0.0,F2,-0.0667,F2,0.0,0.0,0.0667,t_recall,,,,
2mwfA_2nntA,ShallowMsa_003,MSAT,0.0217,0.0,0.0217,0.0,0.0217,0.0217,1,1,0,1.0,Amb,0.0217,Amb,0.0,0.0217,0.0,t_recall,,,,
2mwfA_2nntA,ShallowMsa_004,MSAT,0.0,0.0,0.0,0.0,0.0,0.0,1,0,0,0.0,Amb,0.0,Amb,0.0,0.0,0.0,t_recall,,,,
2mwfA_2nntA,ShallowMsa_005,MSAT,0.0,0.0667,0.0,0.0667,-0.0667,-0.0667,1,0,1,0.0,F2,-0.0667,F2,0.0,0.0,0.0667,t_recall,,,,
2mwfA_2nntA,ShallowMsa_006,MSAT,0.0,0.0,0.0,0.0,0.0,0.0,1,0,0,0.0,Amb,0.0,Amb,0.0,0.0,0.0,t_recall,,,,
2mwfA_2nntA,ShallowMsa_007,MSAT,0.0,0.0,0.0,0.0,0.0,0.0,1,0,0,0.0,Amb,0.0,Amb,0.0,0.0,0.0,t_recall,,,,
2mwfA_2nntA,ShallowMsa_008,MSAT,0.0,0.0,0.0,0.0,0.0,0.0,1,0,0,0.0,Amb,0.0,Amb,0.0,0.0,0.0,t_recall,,,,
2mwfA_2nntA,ShallowMsa_009,MSAT,0.0,0.0667,0.0,0.0667,-0.0667,-0.0667,1,0,1,0.0,F2,-0.0667,F2,0.0,0.0,0.0667,t_recall,,,,
2mwfA_2nntA,ShallowMsa_010,MSAT,0.0,0.0667,0.0,0.0667,-0.0667,-0.0667,1,0,1,0.0,F2,-0.0667,F2,0.0,0.0,0.0667,t_recall,,,,
2mwfA_2nntA,ShallowMsa_011,MSAT,0.0,0.0,0.0,0.0,0.0,0.0,1,0,0,0.0,Amb,0.0,Amb,0.0,0.0,0.0,t_recall,,,,
2mwfA_2nntA,ShallowMsa_012,MSAT,0.0,0.0667,0.0,0.0667,-0.0667,-0.0667,1,0,1,0.0,F2,-0.0667,F2,0.0,0.0,0.0667,t_recall,,,,
2mwfA_2nntA,ShallowMsa_013,MSAT,0.0,0.0,0.0,0.0,0.0,0.0,1,0,0,0.0,Amb,0.0,Amb,0.0,0.0,0.0,t_recall,,,,
2mwfA_2nntA,ShallowMsa_014,MSAT,0.0,0.0,0.0,0.0,0.0,0.0,1,0,0,0.0,Amb,0.0,Amb,0.0,0.0,0.0,t_recall,,,,
2mwfA_2nntA,ShallowMsa_015,MSAT,0.0,0.0,0.0,0.0,0.0,0.0,1,0,0,0.0,Amb,0.0,Amb,0.0,0.0,0.0,t_recall,,,,
2mwfA_2nntA,ShallowMsa_016,MSAT,0.0,0.0667,0.0,0.0667,-0.0667,-0.0667,1,0,1,0.0,F2,-0.0667,F2,0.0,0.0,0.0667,t_recall,,,,
2mwfA_2nntA,ShallowMsa_017,MSAT,0.0,0.0,0.0,0.0,0.0,0.0,1,0,0,0.0,Amb,0.0,Amb,0.0,0.0,0.0,t_recall,,,,
2mwfA_2nntA,ShallowMsa_018,MSAT,0.0,0.0667,0.0,0.0667,-0.0667,-0.0667,1,0,1,0.0,F2,-0.0667,F2,0.0,0.0,0.0667,t_recall,,,,
2mwfA_2nntA,ShallowMsa_019,MSAT,0.0,0.0,0.0,0.0,0.0,0.0,1,0,0,0.0,Amb,0.0,Amb,0.0,0.0,0.0,t_recall,,,,
2mwfA_2nntA,ShallowMsa_020,MSAT,0.027,0.0,0.027,0.0,0.027,0.027,1,1,0,1.0,Amb,0.027,Amb,0.0,0.027,0.0,t_recall,,,,
2mwfA_2nntA,DeepMsa,CCMpred,0.3509,0.1333,0.3509,0.1333,0.2176,0.2176,1,1,0,1.0,F1,0.2176,F1,0.0526,0.3509,0.1333,t_recall,,,,
2mwfA_2nntA,ShallowMsa_000,CCMpred,0.2807,0.0667,0.2807,0.0667,0.214,0.214,1,1,0,1.0,F1,0.1614,F1,0.0526,0.2807,0.0667,t_recall,,,,
2mwfA_2nntA,ShallowMsa_001,CCMpred,0.1053,0.0667,0.1053,0.0667,0.0386,0.0386,1,1,0,1.0,Amb,-0.014,Amb,0.0526,0.1053,0.0667,t_recall,,,,
2mwfA_2nntA,ShallowMsa_002,CCMpred,0.1754,0.0667,0.1754,0.0667,0.1087,0.1087,1,1,0,1.0,F1,0.0561,F1,0.0526,0.1754,0.0667,t_recall,,,,
2mwfA_2nntA,ShallowMsa_003,CCMpred,0.1053,0.0,0.1053,0.0,0.1053,0.1053,1,1,0,1.0,F1,0.0527,F1,0.0526,0.1053,0.0,t_recall,,,,
2mwfA_2nntA,ShallowMsa_004,CCMpred,0.0526,0.0,0.0526,0.0,0.0526,0.0526,1,1,0,1.0,F1,0.0,Amb,0.0526,0.0526,0.0,t_recall,,,,
2mwfA_2nntA,ShallowMsa_005,CCMpred,0.1579,0.0667,0.1579,0.0667,0.0912,0.0912,1,1,0,1.0,F1,0.0386,Amb,0.0526,0.1579,0.0667,t_recall,,,,
2mwfA_2nntA,ShallowMsa_006,CCMpred,0.0702,0.0,0.0702,0.0,0.0702,0.0702,1,1,0,1.0,F1,0.0176,Amb,0.0526,0.0702,0.0,t_recall,,,,
2mwfA_2nntA,ShallowMsa_007,CCMpred,0.1053,0.0,0.1053,0.0,0.1053,0.1053,1,1,0,1.0,F1,0.0527,F1,0.0526,0.1053,0.0,t_recall,,,,
2mwfA_2nntA,ShallowMsa_008,CCMpred,0.1228,0.0667,0.1228,0.0667,0.0561,0.0561,1,1,0,1.0,F1,0.0035,Amb,0.0526,0.1228,0.0667,t_recall,,,,
2mwfA_2nntA,ShallowMsa_009,CCMpred,0.1053,0.0,0.1053,0.0,0.1053,0.1053,1,1,0,1.0,F1,0.0527,F1,0.0526,0.1053,0.0,t_recall,,,,
2mwfA_2nntA,ShallowMsa_010,CCMpred,0.0526,0.0,0.0526,0.0,0.0526,0.0526,1,1,0,1.0,F1,0.0,Amb,0.0526,0.0526,0.0,t_recall,,,,
2mwfA_2nntA,ShallowMsa_011,CCMpred,0.0877,0.0667,0.0877,0.0667,0.021,0.021,1,1,0,1.0,Amb,-0.0316,Amb,0.0526,0.0877,0.0667,t_recall,,,,
2mwfA_2nntA,ShallowMsa_012,CCMpred,0.0702,0.0667,0.0702,0.0667,0.0035,0.0035,1,1,0,1.0,Amb,-0.0491,Amb,0.0526,0.0702,0.0667,t_recall,,,,
2mwfA_2nntA,ShallowMsa_013,CCMpred,0.0702,0.0,0.0702,0.0,0.0702,0.0702,1,1,0,1.0,F1,0.0176,Amb,0.0526,0.0702,0.0,t_recall,,,,
2mwfA_2nntA,ShallowMsa_014,CCMpred,0.0526,0.0,0.0526,0.0,0.0526,0.0526,1,1,0,1.0,F1,0.0,Amb,0.0526,0.0526,0.0,t_recall,,,,
2mwfA_2nntA,ShallowMsa_015,CCMpred,0.0877,0.0,0.0877,0.0,0.0877,0.0877,1,1,0,1.0,F1,0.0351,Amb,0.0526,0.0877,0.0,t_recall,,,,
2mwfA_2nntA,ShallowMsa_016,CCMpred,0.0351,0.0,0.0351,0.0,0.0351,0.0351,1,1,0,1.0,Amb,-0.0175,Amb,0.0526,0.0351,0.0,t_recall,,,,
2mwfA_2nntA,ShallowMsa_017,CCMpred,0.0175,0.0,0.0175,0.0,0.0175,0.0175,1,1,0,1.0,Amb,-0.0351,Amb,0.0526,0.0175,0.0,t_recall,,,,
2mwfA_2nntA,ShallowMsa_018,CCMpred,0.0526,0.0,0.0526,0.0,0.0526,0.0526,1,1,0,1.0,F1,0.0,Amb,0.0526,0.0526,0.0,t_recall,,,,
2mwfA_2nntA,ShallowMsa_019,CCMpred,0.0175,0.0,0.0175,0.0,0.0175,0.0175,1,1,0,1.0,Amb,-0.0351,Amb,0.0526,0.0175,0.0,t_recall,,,,
2mwfA_2nntA,ShallowMsa_020,CCMpred,0.0351,0.0,0.0351,0.0,0.0351,0.0351,1,1,0,1.0,Amb,-0.0175,Amb,0.0526,0.0351,0.0,t_recall,,,,
2mwfA_2nntA,ShallowMsa_000,DDG,-5.0734,-4.4766,-5.0734,-4.4766,-0.5968,-0.5968,10,4,6,0.4,Amb,-0.48,Amb,-0.1168,,,ddg_kcal_per_mol(delta=1.0),-0.5968,1.7301,5.0734,4.4766
2mwfA_2nntA,ShallowMsa_001,DDG,-4.3659,-4.6356,-4.3659,-4.6356,0.2697,0.2697,10,7,3,0.7,Amb,0.3865,Amb,-0.1168,,,ddg_kcal_per_mol(delta=1.0),0.2697,1.7765,4.3659,4.6356
2mwfA_2nntA,ShallowMsa_002,DDG,-5.1113,-5.4175,-5.1113,-5.4175,0.3061,0.3061,10,6,4,0.6,Amb,0.4229,Amb,-0.1168,,,ddg_kcal_per_mol(delta=1.0),0.3061,2.5986,5.1113,5.4175
2mwfA_2nntA,ShallowMsa_003,DDG,-3.9265,-4.056,-3.9265,-4.056,0.1295,0.1295,10,6,4,0.6,Amb,0.2463,Amb,-0.1168,,,ddg_kcal_per_mol(delta=1.0),0.1295,1.8818,3.9265,4.056
2mwfA_2nntA,ShallowMsa_004,DDG,-4.4317,-4.3208,-4.4317,-4.3208,-0.1109,-0.1109,10,5,5,0.5,Amb,0.0059,Amb,-0.1168,,,ddg_kcal_per_mol(delta=1.0),-0.1109,2.6026,4.4317,4.3208
2mwfA_2nntA,ShallowMsa_005,DDG,-5.0061,-4.6071,-5.0061,-4.6071,-0.399,-0.399,10,5,5,0.5,Amb,-0.2822,Amb,-0.1168,,,ddg_kcal_per_mol(delta=1.0),-0.399,2.0329,5.0061,4.6071
2mwfA_2nntA,ShallowMsa_006,DDG,-4.278,-4.9192,-4.278,-4.9192,0.6412,0.6412,10,6,4,0.6,Amb,0.758,Amb,-0.1168,,,ddg_kcal_per_mol(delta=1.0),0.6412,1.8066,4.278,4.9192
2mwfA_2nntA,ShallowMsa_007,DDG,-5.6805,-5.1028,-5.6805,-5.1028,-0.5776,-0.5776,10,5,5,0.5,Amb,-0.4608,Amb,-0.1168,,,ddg_kcal_per_mol(delta=1.0),-0.5776,2.5914,5.6805,5.1028
2mwfA_2nntA,ShallowMsa_008,DDG,-4.7062,-5.3565,-4.7062,-5.3565,0.6503,0.6503,10,7,3,0.7,Amb,0.7671,Amb,-0.1168,,,ddg_kcal_per_mol(delta=1.0),0.6503,2.623,4.7062,5.3565
2mwfA_2nntA,ShallowMsa_009,DDG,-5.3826,-5.1475,-5.3826,-5.1475,-0.2351,-0.2351,10,6,4,0.6,Amb,-0.1183,Amb,-0.1168,,,ddg_kcal_per_mol(delta=1.0),-0.2351,3.1697,5.3826,5.1475
2mwfA_2nntA,ShallowMsa_010,DDG,-4.6055,-4.796,-4.6055,-4.796,0.1905,0.1905,10,6,4,0.6,Amb,0.3073,Amb,-0.1168,,,ddg_kcal_per_mol(delta=1.0),0.1905,1.8909,4.6055,4.796
2mwfA_2nntA,ShallowMsa_011,DDG,-4.6521,-4.9062,-4.6521,-4.9062,0.2542,0.2542,10,5,5,0.5,Amb,0.371,Amb,-0.1168,,,ddg_kcal_per_mol(delta=1.0),0.2542,2.8669,4.6521,4.9062
2mwfA_2nntA,ShallowMsa_012,DDG,-4.6979,-5.0405,-4.6979,-5.0405,0.3425,0.3425,10,6,4,0.6,Amb,0.4593,Amb,-0.1168,,,ddg_kcal_per_mol(delta=1.0),0.3425,3.2536,4.6979,5.0405
2mwfA_2nntA,ShallowMsa_013,DDG,-5.4982,-5.3814,-5.4982,-5.3814,-0.1168,-0.1168,10,6,4,0.6,Amb,0.0,Amb,-0.1168,,,ddg_kcal_per_mol(delta=1.0),-0.1168,2.2816,5.4982,5.3814
2mwfA_2nntA,ShallowMsa_014,DDG,-4.709,-4.6645,-4.709,-4.6645,-0.0445,-0.0445,10,4,6,0.4,Amb,0.0723,Amb,-0.1168,,,ddg_kcal_per_mol(delta=1.0),-0.0445,1.9121,4.709,4.6645
2mwfA_2nntA,ShallowMsa_015,DDG,-6.0764,-5.4831,-6.0764,-5.4831,-0.5933,-0.5933,10,4,6,0.4,Amb,-0.4765,Amb,-0.1168,,,ddg_kcal_per_mol(delta=1.0),-0.5933,1.9341,6.0764,5.4831
2mwfA_2nntA,ShallowMsa_016,DDG,-5.2362,-4.8156,-5.2362,-4.8156,-0.4206,-0.4206,10,5,5,0.5,Amb,-0.3038,Amb,-0.1168,,,ddg_kcal_per_mol(delta=1.0),-0.4206,2.4602,5.2362,4.8156
2mwfA_2nntA,ShallowMsa_017,DDG,-5.2761,-4.865,-5.2761,-4.865,-0.4111,-0.4111,10,3,7,0.3,Amb,-0.2943,Amb,-0.1168,,,ddg_kcal_per_mol(delta=1.0),-0.4111,1.2872,5.2761,4.865
2mwfA_2nntA,ShallowMsa_018,DDG,-4.9129,-4.5837,-4.9129,-4.5837,-0.3292,-0.3292,10,4,6,0.4,Amb,-0.2124,Amb,-0.1168,,,ddg_kcal_per_mol(delta=1.0),-0.3292,1.9768,4.9129,4.5837
2mwfA_2nntA,ShallowMsa_019,DDG,-5.8336,-5.0156,-5.8336,-5.0156,-0.818,-0.818,10,5,5,0.5,Amb,-0.7012,Amb,-0.1168,,,ddg_kcal_per_mol(delta=1.0),-0.818,2.766,5.8336,5.0156
2mwfA_2nntA,ShallowMsa_020,DDG,-5.1456,-4.9861,-5.1456,-4.9861,-0.1595,-0.1595,10,4,6,0.4,Amb,-0.0427,Amb,-0.1168,,,ddg_kcal_per_mol(delta=1.0),-0.1595,2.2705,5.1456,4.9861
2mwfA_2nntA,ShallowMsa_000,Boltz2,0.4763,0.2349,0.4763,0.2349,0.2414,0.2414,1,1,0,1.0,F1,-0.0276,Amb,0.269,,,,,,,
2mwfA_2nntA,ShallowMsa_001,Boltz2,0.4916,0.1943,0.4916,0.1943,0.2974,0.2974,1,1,0,1.0,F1,0.0284,Amb,0.269,,,,,,,
2mwfA_2nntA,ShallowMsa_002,Boltz2,0.4987,0.1987,0.4987,0.1987,0.3,0.3,1,1,0,1.0,F1,0.031,Amb,0.269,,,,,,,
2mwfA_2nntA,ShallowMsa_003,Boltz2,0.5037,0.1898,0.5037,0.1898,0.3139,0.3139,1,1,0,1.0,F1,0.0449,Amb,0.269,,,,,,,
2mwfA_2nntA,ShallowMsa_004,Boltz2,0.5124,0.2434,0.5124,0.2434,0.269,0.269,1,1,0,1.0,F1,0.0,Amb,0.269,,,,,,,
2mwfA_2nntA,ShallowMsa_005,Boltz2,0.4852,0.2302,0.4852,0.2302,0.2549,0.2549,1,1,0,1.0,F1,-0.0141,Amb,0.269,,,,,,,
2mwfA_2nntA,ShallowMsa_006,Boltz2,0.4714,0.2392,0.4714,0.2392,0.2322,0.2322,1,1,0,1.0,F1,-0.0368,Amb,0.269,,,,,,,
2mwfA_2nntA,ShallowMsa_007,Boltz2,0.4479,0.2303,0.4479,0.2303,0.2176,0.2176,1,1,0,1.0,F1,-0.0514,F2,0.269,,,,,,,
2mwfA_2nntA,ShallowMsa_008,Boltz2,0.4951,0.1881,0.4951,0.1881,0.307,0.307,1,1,0,1.0,F1,0.038,Amb,0.269,,,,,,,
2mwfA_2nntA,ShallowMsa_009,Boltz2,0.472,0.209,0.472,0.209,0.263,0.263,1,1,0,1.0,F1,-0.006,Amb,0.269,,,,,,,
2mwfA_2nntA,ShallowMsa_010,Boltz2,0.4777,0.1902,0.4777,0.1902,0.2875,0.2875,1,1,0,1.0,F1,0.0185,Amb,0.269,,,,,,,
2mwfA_2nntA,ShallowMsa_011,Boltz2,0.499,0.2496,0.499,0.2496,0.2494,0.2494,1,1,0,1.0,F1,-0.0196,Amb,0.269,,,,,,,
2mwfA_2nntA,ShallowMsa_012,Boltz2,0.4786,0.1913,0.4786,0.1913,0.2873,0.2873,1,1,0,1.0,F1,0.0183,Amb,0.269,,,,,,,
2mwfA_2nntA,ShallowMsa_013,Boltz2,0.4993,0.2134,0.4993,0.2134,0.2859,0.2859,1,1,0,1.0,F1,0.0169,Amb,0.269,,,,,,,
2mwfA_2nntA,ShallowMsa_014,Boltz2,0.4782,0.2017,0.4782,0.2017,0.2764,0.2764,1,1,0,1.0,F1,0.0074,Amb,0.269,,,,,,,
2mwfA_2nntA,ShallowMsa_015,Boltz2,0.5037,0.1857,0.5037,0.1857,0.318,0.318,1,1,0,1.0,F1,0.049,Amb,0.269,,,,,,,
2mwfA_2nntA,ShallowMsa_016,Boltz2,0.4566,0.1968,0.4566,0.1968,0.2598,0.2598,1,1,0,1.0,F1,-0.0092,Amb,0.269,,,,,,,
2mwfA_2nntA,ShallowMsa_017,Boltz2,0.4917,0.2029,0.4917,0.2029,0.2888,0.2888,1,1,0,1.0,F1,0.0198,Amb,0.269,,,,,,,
2mwfA_2nntA,ShallowMsa_018,Boltz2,0.5059,0.256,0.5059,0.256,0.2499,0.2499,1,1,0,1.0,F1,-0.0191,Amb,0.269,,,,,,,
2mwfA_2nntA,ShallowMsa_019,Boltz2,0.4688,0.2319,0.4688,0.2319,0.2369,0.2369,1,1,0,1.0,F1,-0.0321,Amb,0.269,,,,,,,
2mwfA_2nntA,ShallowMsa_020,Boltz2,0.4609,0.1951,0.4609,0.1951,0.2658,0.2658,1,1,0,1.0,F1,-0.0032,Amb,0.269,,,,,,,
2n54B_2hdmA,DeepMsa,AF2,0.3357,0.7695,0.3341,0.7291,-0.4337,-0.395,2,0,2,0.0,F2,-0.4337,F2,-0.3239,,,,,,,
2n54B_2hdmA,ShallowMsa_000,AF2,0.3367,0.6542,0.3347,0.6527,-0.3175,-0.318,2,0,2,0.0,F2,0.0064,Amb,-0.3239,,,,,,,
2n54B_2hdmA,ShallowMsa_001,AF2,0.3329,0.7029,0.3305,0.6816,-0.37,-0.3511,2,0,2,0.0,F2,-0.0461,Amb,-0.3239,,,,,,,
2n54B_2hdmA,ShallowMsa_002,AF2,0.3371,0.6708,0.3344,0.6697,-0.3338,-0.3354,2,0,2,0.0,F2,-0.0099,Amb,-0.3239,,,,,,,
2n54B_2hdmA,ShallowMsa_003,AF2,0.3475,0.5938,0.344,0.5678,-0.2462,-0.2238,2,0,2,0.0,F2,0.0777,F1,-0.3239,,,,,,,
2n54B_2hdmA,ShallowMsa_004,AF2,0.3379,0.6965,0.3354,0.6807,-0.3586,-0.3454,2,0,2,0.0,F2,-0.0347,Amb,-0.3239,,,,,,,
2n54B_2hdmA,ShallowMsa_005,AF2,0.3248,0.7212,0.3103,0.682,-0.3964,-0.3717,2,0,2,0.0,F2,-0.0725,F2,-0.3239,,,,,,,
2n54B_2hdmA,ShallowMsa_006,AF2,0.3333,0.7015,0.3274,0.6845,-0.3682,-0.3571,2,0,2,0.0,F2,-0.0443,Amb,-0.3239,,,,,,,
2n54B_2hdmA,ShallowMsa_007,AF2,0.2987,0.5468,0.298,0.5455,-0.2481,-0.2475,2,0,2,0.0,F2,0.0758,F1,-0.3239,,,,,,,
2n54B_2hdmA,ShallowMsa_008,AF2,0.3329,0.68,0.3319,0.6624,-0.3471,-0.3304,2,0,2,0.0,F2,-0.0232,Amb,-0.3239,,,,,,,
2n54B_2hdmA,ShallowMsa_009,AF2,0.3339,0.6901,0.3299,0.675,-0.3563,-0.3452,2,0,2,0.0,F2,-0.0324,Amb,-0.3239,,,,,,,
2n54B_2hdmA,ShallowMsa_010,AF2,0.3456,0.6526,0.3428,0.635,-0.307,-0.2922,2,0,2,0.0,F2,0.0169,Amb,-0.3239,,,,,,,
2n54B_2hdmA,ShallowMsa_011,AF2,0.3335,0.7054,0.3298,0.6914,-0.3719,-0.3617,2,0,2,0.0,F2,-0.048,Amb,-0.3239,,,,,,,
2n54B_2hdmA,ShallowMsa_012,AF2,0.3415,0.6092,0.3379,0.6057,-0.2677,-0.2678,2,0,2,0.0,F2,0.0562,F1,-0.3239,,,,,,,
2n54B_2hdmA,ShallowMsa_013,AF2,0.3258,0.7106,0.3244,0.6717,-0.3848,-0.3473,2,0,2,0.0,F2,-0.0609,F2,-0.3239,,,,,,,
2n54B_2hdmA,ShallowMsa_014,AF2,0.3386,0.6625,0.3198,0.643,-0.3239,-0.3232,2,0,2,0.0,F2,0.0,Amb,-0.3239,,,,,,,
2n54B_2hdmA,ShallowMsa_015,AF2,0.3329,0.5802,0.319,0.5594,-0.2473,-0.2404,2,0,2,0.0,F2,0.0766,F1,-0.3239,,,,,,,
2n54B_2hdmA,ShallowMsa_016,AF2,0.3392,0.6566,0.3386,0.6489,-0.3174,-0.3103,2,0,2,0.0,F2,0.0065,Amb,-0.3239,,,,,,,
2n54B_2hdmA,ShallowMsa_017,AF2,0.3408,0.6429,0.3336,0.5816,-0.3021,-0.2481,2,0,2,0.0,F2,0.0218,Amb,-0.3239,,,,,,,
2n54B_2hdmA,ShallowMsa_018,AF2,0.2966,0.57,0.2828,0.4622,-0.2735,-0.1795,2,0,2,0.0,F2,0.0504,F1,-0.3239,,,,,,,
2n54B_2hdmA,ShallowMsa_019,AF2,0.3428,0.585,0.3311,0.5566,-0.2422,-0.2254,2,0,2,0.0,F2,0.0817,F1,-0.3239,,,,,,,
2n54B_2hdmA,ShallowMsa_020,AF2,0.3323,0.7189,0.3293,0.6989,-0.3866,-0.3696,2,0,2,0.0,F2,-0.0627,F2,-0.3239,,,,,,,
2n54B_2hdmA,DeepMsa,AF3,0.3317,0.7822,0.3283,0.7301,-0.4504,-0.4018,2,0,2,0.0,F2,-0.4504,F2,-0.3323,,,,,,,
2n54B_2hdmA,ShallowMsa_000,AF3,0.3375,0.7081,0.3329,0.696,-0.3706,-0.3631,2,0,2,0.0,F2,-0.0383,Amb,-0.3323,,,,,,,
2n54B_2hdmA,ShallowMsa_001,AF3,0.326,0.7095,0.3174,0.7055,-0.3835,-0.3881,2,0,2,0.0,F2,-0.0512,F2,-0.3323,,,,,,,
2n54B_2hdmA,ShallowMsa_002,AF3,0.3152,0.6809,0.3122,0.6555,-0.3657,-0.3433,2,0,2,0.0,F2,-0.0334,Amb,-0.3323,,,,,,,
2n54B_2hdmA,ShallowMsa_003,AF3,0.3584,0.472,0.3432,0.4225,-0.1136,-0.0793,2,0,2,0.0,F2,0.2187,F1,-0.3323,,,,,,,
2n54B_2hdmA,ShallowMsa_004,AF3,0.3277,0.6751,0.3266,0.6662,-0.3474,-0.3396,2,0,2,0.0,F2,-0.0151,Amb,-0.3323,,,,,,,
2n54B_2hdmA,ShallowMsa_005,AF3,0.3222,0.7339,0.3163,0.6622,-0.4116,-0.3459,2,0,2,0.0,F2,-0.0793,F2,-0.3323,,,,,,,
2n54B_2hdmA,ShallowMsa_006,AF3,0.3416,0.6938,0.3365,0.6895,-0.3522,-0.353,2,0,2,0.0,F2,-0.0199,Amb,-0.3323,,,,,,,
2n54B_2hdmA,ShallowMsa_007,AF3,0.3302,0.5704,0.3267,0.559,-0.2402,-0.2323,2,0,2,0.0,F2,0.0921,F1,-0.3323,,,,,,,
2n54B_2hdmA,ShallowMsa_008,AF3,0.3314,0.6637,0.3289,0.6619,-0.3323,-0.333,2,0,2,0.0,F2,0.0,Amb,-0.3323,,,,,,,
2n54B_2hdmA,ShallowMsa_009,AF3,0.3255,0.6853,0.318,0.6694,-0.3598,-0.3515,2,0,2,0.0,F2,-0.0275,Amb,-0.3323,,,,,,,
2n54B_2hdmA,ShallowMsa_010,AF3,0.3753,0.6072,0.3576,0.5897,-0.2319,-0.2321,2,0,2,0.0,F2,0.1004,F1,-0.3323,,,,,,,
2n54B_2hdmA,ShallowMsa_011,AF3,0.3332,0.6944,0.3317,0.694,-0.3611,-0.3623,2,0,2,0.0,F2,-0.0288,Amb,-0.3323,,,,,,,
2n54B_2hdmA,ShallowMsa_012,AF3,0.3695,0.5674,0.3382,0.566,-0.1979,-0.2277,2,0,2,0.0,F2,0.1344,F1,-0.3323,,,,,,,
2n54B_2hdmA,ShallowMsa_013,AF3,0.3455,0.7248,0.3435,0.686,-0.3793,-0.3426,2,0,2,0.0,F2,-0.047,Amb,-0.3323,,,,,,,
2n54B_2hdmA,ShallowMsa_014,AF3,0.333,0.6335,0.3192,0.6236,-0.3006,-0.3044,2,0,2,0.0,F2,0.0317,Amb,-0.3323,,,,,,,
2n54B_2hdmA,ShallowMsa_015,AF3,0.3058,0.5655,0.3043,0.5564,-0.2597,-0.2521,2,0,2,0.0,F2,0.0726,F1,-0.3323,,,,,,,
2n54B_2hdmA,ShallowMsa_016,AF3,0.349,0.623,0.3465,0.605,-0.2739,-0.2585,2,0,2,0.0,F2,0.0584,F1,-0.3323,,,,,,,
2n54B_2hdmA,ShallowMsa_017,AF3,0.338,0.5664,0.3178,0.5384,-0.2284,-0.2206,2,0,2,0.0,F2,0.1039,F1,-0.3323,,,,,,,
2n54B_2hdmA,ShallowMsa_018,AF3,0.3054,0.5822,0.2753,0.438,-0.2768,-0.1627,2,0,2,0.0,F2,0.0555,F1,-0.3323,,,,,,,
2n54B_2hdmA,ShallowMsa_019,AF3,0.3388,0.5963,0.3293,0.5665,-0.2575,-0.2373,2,0,2,0.0,F2,0.0748,F1,-0.3323,,,,,,,
2n54B_2hdmA,ShallowMsa_020,AF3,0.3219,0.6976,0.3197,0.6811,-0.3757,-0.3614,2,0,2,0.0,F2,-0.0434,Amb,-0.3323,,,,,,,
2n54B_2hdmA,ShallowMsa_000,ESM,0.3328,0.7365,0.3082,0.608,-0.4038,-0.2997,20,0,20,0.0,F2,-0.0214,Amb,-0.3824,,,,,,,
2n54B_2hdmA,ShallowMsa_001,ESM,0.33,0.7,0.2878,0.5624,-0.37,-0.2746,20,2,18,0.1,F2,0.0124,Amb,-0.3824,,,,,,,
2n54B_2hdmA,ShallowMsa_002,ESM,0.3516,0.702,0.3105,0.5902,-0.3504,-0.2797,20,0,20,0.0,F2,0.032,Amb,-0.3824,,,,,,,
2n54B_2hdmA,ShallowMsa_003,ESM,0.3419,0.7141,0.2989,0.6126,-0.3722,-0.3136,20,0,20,0.0,F2,0.0102,Amb,-0.3824,,,,,,,
2n54B_2hdmA,ShallowMsa_004,ESM,0.3445,0.7326,0.3152,0.6433,-0.3881,-0.3281,20,0,20,0.0,F2,-0.0057,Amb,-0.3824,,,,,,,
2n54B_2hdmA,ShallowMsa_005,ESM,0.3333,0.7133,0.2899,0.5819,-0.38,-0.292,20,0,20,0.0,F2,0.0024,Amb,-0.3824,,,,,,,
2n54B_2hdmA,ShallowMsa_006,ESM,0.334,0.7508,0.308,0.6357,-0.4169,-0.3277,20,0,20,0.0,F2,-0.0345,Amb,-0.3824,,,,,,,
2n54B_2hdmA,ShallowMsa_007,ESM,0.3411,0.7133,0.2906,0.5943,-0.3722,-0.3037,20,0,20,0.0,F2,0.0102,Amb,-0.3824,,,,,,,
2n54B_2hdmA,ShallowMsa_008,ESM,0.3384,0.7447,0.2893,0.5956,-0.4063,-0.3063,20,0,20,0.0,F2,-0.0239,Amb,-0.3824,,,,,,,
2n54B_2hdmA,ShallowMsa_009,ESM,0.3339,0.7323,0.3016,0.6081,-0.3984,-0.3064,20,0,20,0.0,F2,-0.016,Amb,-0.3824,,,,,,,
2n54B_2hdmA,ShallowMsa_010,ESM,0.3528,0.699,0.3121,0.6343,-0.3462,-0.3222,20,0,20,0.0,F2,0.0362,Amb,-0.3824,,,,,,,
2n54B_2hdmA,ShallowMsa_011,ESM,0.3393,0.73,0.3145,0.6167,-0.3906,-0.3022,20,2,18,0.1,F2,-0.0082,Amb,-0.3824,,,,,,,
2n54B_2hdmA,ShallowMsa_012,ESM,0.3323,0.7045,0.3028,0.608,-0.3722,-0.3053,20,0,20,0.0,F2,0.0102,Amb,-0.3824,,,,,,,
2n54B_2hdmA,ShallowMsa_013,ESM,0.3366,0.7348,0.2863,0.5807,-0.3982,-0.2944,20,0,20,0.0,F2,-0.0158,Amb,-0.3824,,,,,,,
2n54B_2hdmA,ShallowMsa_014,ESM,0.3439,0.7461,0.3218,0.6421,-0.4022,-0.3203,20,0,20,0.0,F2,-0.0198,Amb,-0.3824,,,,,,,
2n54B_2hdmA,ShallowMsa_015,ESM,0.3473,0.7188,0.322,0.6591,-0.3715,-0.3371,20,0,20,0.0,F2,0.0109,Amb,-0.3824,,,,,,,
2n54B_2hdmA,ShallowMsa_016,ESM,0.3367,0.7191,0.3227,0.6729,-0.3824,-0.3502,20,0,20,0.0,F2,0.0,Amb,-0.3824,,,,,,,
2n54B_2hdmA,ShallowMsa_017,ESM,0.3381,0.7242,0.3214,0.663,-0.3861,-0.3416,20,0,20,0.0,F2,-0.0037,Amb,-0.3824,,,,,,,
2n54B_2hdmA,ShallowMsa_018,ESM,0.3389,0.6851,0.3026,0.5856,-0.3462,-0.2831,20,2,18,0.1,F2,0.0362,Amb,-0.3824,,,,,,,
2n54B_2hdmA,ShallowMsa_019,ESM,0.3374,0.7204,0.3111,0.6355,-0.383,-0.3244,20,0,20,0.0,F2,-0.0006,Amb,-0.3824,,,,,,,
2n54B_2hdmA,ShallowMsa_020,ESM,0.337,0.7149,0.3149,0.645,-0.3778,-0.3301,20,0,20,0.0,F2,0.0046,Amb,-0.3824,,,,,,,
2n54B_2hdmA,DeepMsa,MSAT,0.0532,0.1266,0.0532,0.1266,-0.0734,-0.0734,1,0,1,0.0,F2,-0.0734,F2,0.0,0.0532,0.1266,t_recall,,,,
2n54B_2hdmA,ShallowMsa_000,MSAT,0.2021,0.4545,0.2021,0.4545,-0.2524,-0.2524,1,0,1,0.0,F2,-0.2524,F2,0.0,0.2021,0.4545,t_recall,,,,
2n54B_2hdmA,ShallowMsa_001,MSAT,0.1809,0.4026,0.1809,0.4026,-0.2217,-0.2217,1,0,1,0.0,F2,-0.2217,F2,0.0,0.1809,0.4026,t_recall,,,,
2n54B_2hdmA,ShallowMsa_002,MSAT,0.0,0.0,0.0,0.0,0.0,0.0,1,0,0,0.0,Amb,0.0,Amb,0.0,0.0,0.0,t_recall,,,,
2n54B_2hdmA,ShallowMsa_003,MSAT,0.0,0.0,0.0,0.0,0.0,0.0,1,0,0,0.0,Amb,0.0,Amb,0.0,0.0,0.0,t_recall,,,,
2n54B_2hdmA,ShallowMsa_004,MSAT,0.0106,0.04,0.0106,0.04,-0.0294,-0.0294,1,0,1,0.0,Amb,-0.0294,Amb,0.0,0.0106,0.04,t_recall,,,,
2n54B_2hdmA,ShallowMsa_005,MSAT,0.1702,0.1429,0.1702,0.1429,0.0273,0.0273,1,1,0,1.0,Amb,0.0273,Amb,0.0,0.1702,0.1429,t_recall,,,,
2n54B_2hdmA,ShallowMsa_006,MSAT,0.1489,0.1299,0.1489,0.1299,0.019,0.019,1,1,0,1.0,Amb,0.019,Amb,0.0,0.1489,0.1299,t_recall,,,,
2n54B_2hdmA,ShallowMsa_007,MSAT,0.117,0.0779,0.117,0.0779,0.0391,0.0391,1,1,0,1.0,Amb,0.0391,Amb,0.0,0.117,0.0779,t_recall,,,,
2n54B_2hdmA,ShallowMsa_008,MSAT,0.1489,0.1429,0.1489,0.1429,0.006,0.006,1,1,0,1.0,Amb,0.006,Amb,0.0,0.1489,0.1429,t_recall,,,,
2n54B_2hdmA,ShallowMsa_009,MSAT,0.1915,0.3377,0.1915,0.3377,-0.1462,-0.1462,1,0,1,0.0,F2,-0.1462,F2,0.0,0.1915,0.3377,t_recall,,,,
2n54B_2hdmA,ShallowMsa_010,MSAT,0.1383,0.2987,0.1383,0.2987,-0.1604,-0.1604,1,0,1,0.0,F2,-0.1604,F2,0.0,0.1383,0.2987,t_recall,,,,
2n54B_2hdmA,ShallowMsa_011,MSAT,0.1596,0.3377,0.1596,0.3377,-0.1781,-0.1781,1,0,1,0.0,F2,-0.1781,F2,0.0,0.1596,0.3377,t_recall,,,,
2n54B_2hdmA,ShallowMsa_012,MSAT,0.0106,0.039,0.0106,0.039,-0.0284,-0.0284,1,0,1,0.0,Amb,-0.0284,Amb,0.0,0.0106,0.039,t_recall,,,,
2n54B_2hdmA,ShallowMsa_013,MSAT,0.0106,0.0127,0.0106,0.0127,-0.0021,-0.0021,1,0,1,0.0,Amb,-0.0021,Amb,0.0,0.0106,0.0127,t_recall,,,,
2n54B_2hdmA,ShallowMsa_014,MSAT,0.1277,0.2468,0.1277,0.2468,-0.1191,-0.1191,1,0,1,0.0,F2,-0.1191,F2,0.0,0.1277,0.2468,t_recall,,,,
2n54B_2hdmA,ShallowMsa_015,MSAT,0.0745,0.039,0.0745,0.039,0.0355,0.0355,1,1,0,1.0,Amb,0.0355,Amb,0.0,0.0745,0.039,t_recall,,,,
2n54B_2hdmA,ShallowMsa_016,MSAT,0.1489,0.1039,0.1489,0.1039,0.045,0.045,1,1,0,1.0,Amb,0.045,Amb,0.0,0.1489,0.1039,t_recall,,,,
2n54B_2hdmA,ShallowMsa_017,MSAT,0.1809,0.1688,0.1809,0.1688,0.0121,0.0121,1,1,0,1.0,Amb,0.0121,Amb,0.0,0.1809,0.1688,t_recall,,,,
2n54B_2hdmA,ShallowMsa_018,MSAT,0.1702,0.1429,0.1702,0.1429,0.0273,0.0273,1,1,0,1.0,Amb,0.0273,Amb,0.0,0.1702,0.1429,t_recall,,,,
2n54B_2hdmA,ShallowMsa_019,MSAT,0.0745,0.026,0.0745,0.026,0.0485,0.0485,1,1,0,1.0,Amb,0.0485,Amb,0.0,0.0745,0.026,t_recall,,,,
2n54B_2hdmA,ShallowMsa_020,MSAT,0.2128,0.1688,0.2128,0.1688,0.044,0.044,1,1,0,1.0,Amb,0.044,Amb,0.0,0.2128,0.1688,t_recall,,,,
2n54B_2hdmA,DeepMsa,CCMpred,0.0745,0.2278,0.0745,0.2278,-0.1533,-0.1533,1,0,1,0.0,F2,-0.1533,F2,0.0,0.0745,0.2278,t_recall,,,,
2n54B_2hdmA,ShallowMsa_000,CCMpred,0.0,0.0127,0.0,0.0127,-0.0127,-0.0127,1,0,1,0.0,Amb,-0.0127,Amb,0.0,0.0,0.0127,t_recall,,,,
2n54B_2hdmA,ShallowMsa_001,CCMpred,0.0,0.0,0.0,0.0,0.0,0.0,1,0,0,0.0,Amb,0.0,Amb,0.0,0.0,0.0,t_recall,,,,
2n54B_2hdmA,ShallowMsa_002,CCMpred,0.0,0.0,0.0,0.0,0.0,0.0,1,0,0,0.0,Amb,0.0,Amb,0.0,0.0,0.0,t_recall,,,,
2n54B_2hdmA,ShallowMsa_003,CCMpred,0.0,0.0,0.0,0.0,0.0,0.0,1,0,0,0.0,Amb,0.0,Amb,0.0,0.0,0.0,t_recall,,,,
2n54B_2hdmA,ShallowMsa_004,CCMpred,0.0,0.0,0.0,0.0,0.0,0.0,1,0,0,0.0,Amb,0.0,Amb,0.0,0.0,0.0,t_recall,,,,
2n54B_2hdmA,ShallowMsa_005,CCMpred,0.0,0.0,0.0,0.0,0.0,0.0,1,0,0,0.0,Amb,0.0,Amb,0.0,0.0,0.0,t_recall,,,,
2n54B_2hdmA,ShallowMsa_006,CCMpred,0.0,0.0,0.0,0.0,0.0,0.0,1,0,0,0.0,Amb,0.0,Amb,0.0,0.0,0.0,t_recall,,,,
2n54B_2hdmA,ShallowMsa_007,CCMpred,0.0,0.0,0.0,0.0,0.0,0.0,1,0,0,0.0,Amb,0.0,Amb,0.0,0.0,0.0,t_recall,,,,
2n54B_2hdmA,ShallowMsa_008,CCMpred,0.0,0.0,0.0,0.0,0.0,0.0,1,0,0,0.0,Amb,0.0,Amb,0.0,0.0,0.0,t_recall,,,,
2n54B_2hdmA,ShallowMsa_009,CCMpred,0.0,0.0,0.0,0.0,0.0,0.0,1,0,0,0.0,Amb,0.0,Amb,0.0,0.0,0.0,t_recall,,,,
2n54B_2hdmA,ShallowMsa_010,CCMpred,0.0,0.0,0.0,0.0,0.0,0.0,1,0,0,0.0,Amb,0.0,Amb,0.0,0.0,0.0,t_recall,,,,
2n54B_2hdmA,ShallowMsa_011,CCMpred,0.0,0.0,0.0,0.0,0.0,0.0,1,0,0,0.0,Amb,0.0,Amb,0.0,0.0,0.0,t_recall,,,,
2n54B_2hdmA,ShallowMsa_012,CCMpred,0.0,0.0,0.0,0.0,0.0,0.0,1,0,0,0.0,Amb,0.0,Amb,0.0,0.0,0.0,t_recall,,,,
2n54B_2hdmA,ShallowMsa_013,CCMpred,0.0,0.0,0.0,0.0,0.0,0.0,1,0,0,0.0,Amb,0.0,Amb,0.0,0.0,0.0,t_recall,,,,
2n54B_2hdmA,ShallowMsa_014,CCMpred,0.0,0.0127,0.0,0.0127,-0.0127,-0.0127,1,0,1,0.0,Amb,-0.0127,Amb,0.0,0.0,0.0127,t_recall,,,,
2n54B_2hdmA,ShallowMsa_015,CCMpred,0.0,0.0,0.0,0.0,0.0,0.0,1,0,0,0.0,Amb,0.0,Amb,0.0,0.0,0.0,t_recall,,,,
2n54B_2hdmA,ShallowMsa_016,CCMpred,0.0,0.0,0.0,0.0,0.0,0.0,1,0,0,0.0,Amb,0.0,Amb,0.0,0.0,0.0,t_recall,,,,
2n54B_2hdmA,ShallowMsa_017,CCMpred,0.0,0.0,0.0,0.0,0.0,0.0,1,0,0,0.0,Amb,0.0,Amb,0.0,0.0,0.0,t_recall,,,,
2n54B_2hdmA,ShallowMsa_018,CCMpred,0.0,0.0,0.0,0.0,0.0,0.0,1,0,0,0.0,Amb,0.0,Amb,0.0,0.0,0.0,t_recall,,,,
2n54B_2hdmA,ShallowMsa_019,CCMpred,0.0,0.0,0.0,0.0,0.0,0.0,1,0,0,0.0,Amb,0.0,Amb,0.0,0.0,0.0,t_recall,,,,
2n54B_2hdmA,ShallowMsa_020,CCMpred,0.0,0.0,0.0,0.0,0.0,0.0,1,0,0,0.0,Amb,0.0,Amb,0.0,0.0,0.0,t_recall,,,,
2n54B_2hdmA,ShallowMsa_000,DDG,-8.8029,-9.8472,-8.8029,-9.8472,1.0443,1.0443,10,5,5,0.5,F1,-0.8205,Amb,1.8648,,,ddg_kcal_per_mol(delta=1.0),1.0443,3.4276,8.8029,9.8472
2n54B_2hdmA,ShallowMsa_001,DDG,-8.1657,-9.7695,-8.1657,-9.7695,1.6037,1.6037,10,7,3,0.7,F1,-0.2611,Amb,1.8648,,,ddg_kcal_per_mol(delta=1.0),1.6037,1.9913,8.1657,9.7695
2n54B_2hdmA,ShallowMsa_002,DDG,-9.1483,-11.7881,-9.1483,-11.7881,2.6398,2.6398,10,9,1,0.9,F1,0.775,Amb,1.8648,,,ddg_kcal_per_mol(delta=1.0),2.6398,2.1186,9.1483,11.7881
2n54B_2hdmA,ShallowMsa_003,DDG,-10.4393,-12.5574,-10.4393,-12.5574,2.1181,2.1181,10,9,1,0.9,F1,0.2533,Amb,1.8648,,,ddg_kcal_per_mol(delta=1.0),2.1181,2.2754,10.4393,12.5574
2n54B_2hdmA,ShallowMsa_004,DDG,-9.8889,-11.3216,-9.8889,-11.3216,1.4327,1.4327,10,6,4,0.6,F1,-0.4321,Amb,1.8648,,,ddg_kcal_per_mol(delta=1.0),1.4327,3.6705,9.8889,11.3216
2n54B_2hdmA,ShallowMsa_005,DDG,-8.7381,-11.4662,-8.7381,-11.4662,2.7281,2.7281,10,10,0,1.0,F1,0.8633,Amb,1.8648,,,ddg_kcal_per_mol(delta=1.0),2.7281,1.4469,8.7381,11.4662
2n54B_2hdmA,ShallowMsa_006,DDG,-9.8542,-11.3685,-9.8542,-11.3685,1.5143,1.5143,10,6,4,0.6,F1,-0.3505,Amb,1.8648,,,ddg_kcal_per_mol(delta=1.0),1.5143,3.0532,9.8542,11.3685
2n54B_2hdmA,ShallowMsa_007,DDG,-8.7312,-11.3053,-8.7312,-11.3053,2.5741,2.5741,10,7,3,0.7,F1,0.7093,Amb,1.8648,,,ddg_kcal_per_mol(delta=1.0),2.5741,3.2754,8.7312,11.3053
2n54B_2hdmA,ShallowMsa_008,DDG,-10.1042,-10.0788,-10.1042,-10.0788,-0.0254,-0.0254,10,5,5,0.5,Amb,-1.8902,F2,1.8648,,,ddg_kcal_per_mol(delta=1.0),-0.0254,1.8214,10.1042,10.0788
2n54B_2hdmA,ShallowMsa_009,DDG,-10.2624,-11.4932,-10.2624,-11.4932,1.2308,1.2308,10,6,4,0.6,F1,-0.634,Amb,1.8648,,,ddg_kcal_per_mol(delta=1.0),1.2308,3.6804,10.2624,11.4932
2n54B_2hdmA,ShallowMsa_010,DDG,-8.3247,-12.8567,-8.3247,-12.8567,4.532,4.532,10,9,1,0.9,F1,2.6672,F1,1.8648,,,ddg_kcal_per_mol(delta=1.0),4.532,2.4823,8.3247,12.8567
2n54B_2hdmA,ShallowMsa_011,DDG,-9.4969,-10.9916,-9.4969,-10.9916,1.4947,1.4947,10,7,3,0.7,F1,-0.3701,Amb,1.8648,,,ddg_kcal_per_mol(delta=1.0),1.4947,2.1307,9.4969,10.9916
2n54B_2hdmA,ShallowMsa_012,DDG,-10.3155,-12.9292,-10.3155,-12.9292,2.6137,2.6137,10,8,2,0.8,F1,0.7489,Amb,1.8648,,,ddg_kcal_per_mol(delta=1.0),2.6137,2.2027,10.3155,12.9292
2n54B_2hdmA,ShallowMsa_013,DDG,-6.5622,-8.427,-6.5622,-8.427,1.8648,1.8648,10,7,3,0.7,F1,0.0,Amb,1.8648,,,ddg_kcal_per_mol(delta=1.0),1.8648,2.6062,6.5622,8.427
2n54B_2hdmA,ShallowMsa_014,DDG,-10.8321,-12.0423,-10.8321,-12.0423,1.2102,1.2102,10,7,3,0.7,F1,-0.6546,Amb,1.8648,,,ddg_kcal_per_mol(delta=1.0),1.2102,1.9457,10.8321,12.0423
2n54B_2hdmA,ShallowMsa_015,DDG,-9.9907,-12.7545,-9.9907,-12.7545,2.7639,2.7639,10,6,4,0.6,F1,0.8991,Amb,1.8648,,,ddg_kcal_per_mol(delta=1.0),2.7639,3.8593,9.9907,12.7545
2n54B_2hdmA,ShallowMsa_016,DDG,-10.6572,-12.8685,-10.6572,-12.8685,2.2113,2.2113,10,7,3,0.7,F1,0.3465,Amb,1.8648,,,ddg_kcal_per_mol(delta=1.0),2.2113,3.2753,10.6572,12.8685
2n54B_2hdmA,ShallowMsa_017,DDG,-11.9881,-12.6488,-11.9881,-12.6488,0.6607,0.6607,10,5,5,0.5,Amb,-1.2041,F2,1.8648,,,ddg_kcal_per_mol(delta=1.0),0.6607,2.7487,11.9881,12.6488
2n54B_2hdmA,ShallowMsa_018,DDG,-10.1755,-13.1809,-10.1755,-13.1809,3.0054,3.0054,10,9,1,0.9,F1,1.1406,F1,1.8648,,,ddg_kcal_per_mol(delta=1.0),3.0054,3.3308,10.1755,13.1809
2n54B_2hdmA,ShallowMsa_019,DDG,-10.7899,-12.9338,-10.7899,-12.9338,2.1439,2.1439,10,9,1,0.9,F1,0.2791,Amb,1.8648,,,ddg_kcal_per_mol(delta=1.0),2.1439,2.1248,10.7899,12.9338
2n54B_2hdmA,ShallowMsa_020,DDG,-10.1111,-10.2507,-10.1111,-10.2507,0.1397,0.1397,10,6,4,0.6,Amb,-1.7251,F2,1.8648,,,ddg_kcal_per_mol(delta=1.0),0.1397,1.6558,10.1111,10.2507
2n54B_2hdmA,ShallowMsa_000,Boltz2,0.3558,0.7018,0.3558,0.7018,-0.346,-0.346,1,0,1,0.0,F2,-0.0453,Amb,-0.3007,,,,,,,
2n54B_2hdmA,ShallowMsa_001,Boltz2,0.3556,0.6942,0.3556,0.6942,-0.3386,-0.3386,1,0,1,0.0,F2,-0.0379,Amb,-0.3007,,,,,,,
2n54B_2hdmA,ShallowMsa_002,Boltz2,0.2708,0.3071,0.2708,0.3071,-0.0364,-0.0364,1,0,1,0.0,Amb,0.2643,F1,-0.3007,,,,,,,
2n54B_2hdmA,ShallowMsa_004,Boltz2,0.3505,0.6814,0.3505,0.6814,-0.3308,-0.3308,1,0,1,0.0,F2,-0.0301,Amb,-0.3007,,,,,,,
2n54B_2hdmA,ShallowMsa_005,Boltz2,0.366,0.6996,0.366,0.6996,-0.3337,-0.3337,1,0,1,0.0,F2,-0.033,Amb,-0.3007,,,,,,,
2n54B_2hdmA,ShallowMsa_006,Boltz2,0.2639,0.3819,0.2639,0.3819,-0.118,-0.118,1,0,1,0.0,F2,0.1827,F1,-0.3007,,,,,,,
2n54B_2hdmA,ShallowMsa_007,Boltz2,0.3191,0.5496,0.3191,0.5496,-0.2305,-0.2305,1,0,1,0.0,F2,0.0702,F1,-0.3007,,,,,,,
2n54B_2hdmA,ShallowMsa_008,Boltz2,0.3548,0.6335,0.3548,0.6335,-0.2786,-0.2786,1,0,1,0.0,F2,0.0221,Amb,-0.3007,,,,,,,
2n54B_2hdmA,ShallowMsa_010,Boltz2,0.3475,0.6317,0.3475,0.6317,-0.2841,-0.2841,1,0,1,0.0,F2,0.0166,Amb,-0.3007,,,,,,,
2n54B_2hdmA,ShallowMsa_011,Boltz2,0.3388,0.6485,0.3388,0.6485,-0.3097,-0.3097,1,0,1,0.0,F2,-0.009,Amb,-0.3007,,,,,,,
2n54B_2hdmA,ShallowMsa_012,Boltz2,0.3283,0.6062,0.3283,0.6062,-0.2779,-0.2779,1,0,1,0.0,F2,0.0228,Amb,-0.3007,,,,,,,
2n54B_2hdmA,ShallowMsa_013,Boltz2,0.3257,0.6265,0.3257,0.6265,-0.3007,-0.3007,1,0,1,0.0,F2,0.0,Amb,-0.3007,,,,,,,
2n54B_2hdmA,ShallowMsa_015,Boltz2,0.3598,0.6771,0.3598,0.6771,-0.3173,-0.3173,1,0,1,0.0,F2,-0.0166,Amb,-0.3007,,,,,,,
2n54B_2hdmA,ShallowMsa_016,Boltz2,0.2486,0.3703,0.2486,0.3703,-0.1217,-0.1217,1,0,1,0.0,F2,0.179,F1,-0.3007,,,,,,,
2n54B_2hdmA,ShallowMsa_018,Boltz2,0.3556,0.684,0.3556,0.684,-0.3284,-0.3284,1,0,1,0.0,F2,-0.0277,Amb,-0.3007,,,,,,,
2n54B_2hdmA,ShallowMsa_019,Boltz2,0.3458,0.6797,0.3458,0.6797,-0.3339,-0.3339,1,0,1,0.0,F2,-0.0332,Amb,-0.3007,,,,,,,
2n54B_2hdmA,ShallowMsa_020,Boltz2,0.3468,0.4819,0.3468,0.4819,-0.1352,-0.1352,1,0,1,0.0,F2,0.1655,F1,-0.3007,,,,,,,
2namA_1uxmK,DeepMsa,AF2,0.1712,0.9888,0.1711,0.9885,-0.8176,-0.8175,2,0,2,0.0,F2,-0.8176,F2,-0.7242,,,,,,,
2namA_1uxmK,ShallowMsa_000,AF2,0.1721,0.9794,0.1687,0.9792,-0.8072,-0.8105,2,0,2,0.0,F2,-0.083,F2,-0.7242,,,,,,,
2namA_1uxmK,ShallowMsa_001,AF2,0.1596,0.9884,0.1595,0.988,-0.8288,-0.8284,2,0,2,0.0,F2,-0.1046,F2,-0.7242,,,,,,,
2namA_1uxmK,ShallowMsa_002,AF2,0.1623,0.8538,0.1623,0.8538,-0.6915,-0.6915,2,0,2,0.0,F2,0.0327,Amb,-0.7242,,,,,,,
2namA_1uxmK,ShallowMsa_003,AF2,0.1672,0.391,0.1672,0.391,-0.2239,-0.2239,2,0,2,0.0,F2,0.5003,F1,-0.7242,,,,,,,
2namA_1uxmK,ShallowMsa_004,AF2,0.1857,0.9011,0.1801,0.8977,-0.7154,-0.7176,2,0,2,0.0,F2,0.0088,Amb,-0.7242,,,,,,,
2namA_1uxmK,ShallowMsa_005,AF2,0.1783,0.816,0.1773,0.8104,-0.6377,-0.6331,2,0,2,0.0,F2,0.0865,F1,-0.7242,,,,,,,
2namA_1uxmK,ShallowMsa_006,AF2,0.1757,0.8999,0.1741,0.8956,-0.7242,-0.7215,2,0,2,0.0,F2,0.0,Amb,-0.7242,,,,,,,
2namA_1uxmK,ShallowMsa_007,AF2,0.1797,0.8138,0.166,0.7634,-0.6342,-0.5974,2,0,2,0.0,F2,0.09,F1,-0.7242,,,,,,,
2namA_1uxmK,ShallowMsa_008,AF2,0.1745,0.9882,0.1695,0.9879,-0.8137,-0.8184,2,0,2,0.0,F2,-0.0895,F2,-0.7242,,,,,,,
2namA_1uxmK,ShallowMsa_009,AF2,0.1507,0.8069,0.1495,0.7912,-0.6562,-0.6416,2,0,2,0.0,F2,0.068,F1,-0.7242,,,,,,,
2namA_1uxmK,ShallowMsa_010,AF2,0.1728,0.7906,0.1702,0.7897,-0.6178,-0.6195,2,0,2,0.0,F2,0.1064,F1,-0.7242,,,,,,,
2namA_1uxmK,ShallowMsa_011,AF2,0.1819,0.91,0.1778,0.9084,-0.7281,-0.7306,2,0,2,0.0,F2,-0.0039,Amb,-0.7242,,,,,,,
2namA_1uxmK,ShallowMsa_012,AF2,0.1586,0.8302,0.1586,0.8302,-0.6716,-0.6716,2,0,2,0.0,F2,0.0526,F1,-0.7242,,,,,,,
2namA_1uxmK,ShallowMsa_013,AF2,0.1866,0.9713,0.181,0.9704,-0.7847,-0.7894,2,0,2,0.0,F2,-0.0605,F2,-0.7242,,,,,,,
2namA_1uxmK,ShallowMsa_014,AF2,0.1885,0.9109,0.1885,0.9109,-0.7223,-0.7223,2,0,2,0.0,F2,0.0019,Amb,-0.7242,,,,,,,
2namA_1uxmK,ShallowMsa_015,AF2,0.1713,0.7975,0.1713,0.7975,-0.6262,-0.6262,2,0,2,0.0,F2,0.098,F1,-0.7242,,,,,,,
2namA_1uxmK,ShallowMsa_016,AF2,0.186,0.953,0.1842,0.951,-0.767,-0.7668,2,0,2,0.0,F2,-0.0428,Amb,-0.7242,,,,,,,
2namA_1uxmK,ShallowMsa_017,AF2,0.1833,0.96,0.1833,0.96,-0.7767,-0.7767,2,0,2,0.0,F2,-0.0525,F2,-0.7242,,,,,,,
2namA_1uxmK,ShallowMsa_018,AF2,0.1707,0.9875,0.1682,0.9872,-0.8168,-0.819,2,0,2,0.0,F2,-0.0926,F2,-0.7242,,,,,,,
2namA_1uxmK,ShallowMsa_019,AF2,0.1816,0.9742,0.1812,0.9741,-0.7925,-0.7929,2,0,2,0.0,F2,-0.0683,F2,-0.7242,,,,,,,
2namA_1uxmK,ShallowMsa_020,AF2,0.1809,0.9512,0.1808,0.9511,-0.7703,-0.7703,2,0,2,0.0,F2,-0.0461,Amb,-0.7242,,,,,,,
2namA_1uxmK,DeepMsa,AF3,0.1758,0.989,0.1677,0.9887,-0.8132,-0.821,2,0,2,0.0,F2,-0.8132,F2,-0.733,,,,,,,
2namA_1uxmK,ShallowMsa_000,AF3,0.1776,0.9812,0.1768,0.9812,-0.8036,-0.8044,2,0,2,0.0,F2,-0.0706,F2,-0.733,,,,,,,
2namA_1uxmK,ShallowMsa_001,AF3,0.1668,0.9891,0.1668,0.989,-0.8223,-0.8222,2,0,2,0.0,F2,-0.0893,F2,-0.733,,,,,,,
2namA_1uxmK,ShallowMsa_002,AF3,0.1655,0.8534,0.1655,0.8534,-0.6878,-0.6878,2,0,2,0.0,F2,0.0452,Amb,-0.733,,,,,,,
2namA_1uxmK,ShallowMsa_003,AF3,0.1857,0.3758,0.1857,0.3758,-0.1901,-0.1901,2,0,2,0.0,F2,0.5429,F1,-0.733,,,,,,,
2namA_1uxmK,ShallowMsa_004,AF3,0.1808,0.9031,0.1801,0.9005,-0.7223,-0.7204,2,0,2,0.0,F2,0.0107,Amb,-0.733,,,,,,,
2namA_1uxmK,ShallowMsa_005,AF3,0.1808,0.8168,0.1688,0.8142,-0.6361,-0.6454,2,0,2,0.0,F2,0.0969,F1,-0.733,,,,,,,
2namA_1uxmK,ShallowMsa_006,AF3,0.1864,0.9018,0.1855,0.8984,-0.7155,-0.7129,2,0,2,0.0,F2,0.0175,Amb,-0.733,,,,,,,
2namA_1uxmK,ShallowMsa_007,AF3,0.1715,0.7099,0.1686,0.7098,-0.5384,-0.5412,2,0,2,0.0,F2,0.1946,F1,-0.733,,,,,,,
2namA_1uxmK,ShallowMsa_008,AF3,0.1673,0.9887,0.1672,0.9886,-0.8214,-0.8215,2,0,2,0.0,F2,-0.0884,F2,-0.733,,,,,,,
2namA_1uxmK,ShallowMsa_009,AF3,0.1602,0.8257,0.1595,0.8105,-0.6654,-0.651,2,0,2,0.0,F2,0.0676,F1,-0.733,,,,,,,
2namA_1uxmK,ShallowMsa_010,AF3,0.1699,0.785,0.1677,0.7849,-0.6151,-0.6172,2,0,2,0.0,F2,0.1179,F1,-0.733,,,,,,,
2namA_1uxmK,ShallowMsa_011,AF3,0.1798,0.9143,0.1796,0.9133,-0.7345,-0.7337,2,0,2,0.0,F2,-0.0015,Amb,-0.733,,,,,,,
2namA_1uxmK,ShallowMsa_012,AF3,0.1591,0.814,0.1591,0.814,-0.6549,-0.6549,2,0,2,0.0,F2,0.0781,F1,-0.733,,,,,,,
2namA_1uxmK,ShallowMsa_013,AF3,0.1748,0.9733,0.1747,0.97,-0.7985,-0.7953,2,0,2,0.0,F2,-0.0655,F2,-0.733,,,,,,,
2namA_1uxmK,ShallowMsa_014,AF3,0.1754,0.9084,0.1754,0.9084,-0.733,-0.733,2,0,2,0.0,F2,0.0,Amb,-0.733,,,,,,,
2namA_1uxmK,ShallowMsa_015,AF3,0.1748,0.7917,0.1748,0.7917,-0.617,-0.617,2,0,2,0.0,F2,0.116,F1,-0.733,,,,,,,
2namA_1uxmK,ShallowMsa_016,AF3,0.193,0.9606,0.1876,0.9561,-0.7676,-0.7685,2,0,2,0.0,F2,-0.0346,Amb,-0.733,,,,,,,
2namA_1uxmK,ShallowMsa_017,AF3,0.1799,0.9617,0.1799,0.9617,-0.7818,-0.7818,2,0,2,0.0,F2,-0.0488,Amb,-0.733,,,,,,,
2namA_1uxmK,ShallowMsa_018,AF3,0.1682,0.9886,0.1675,0.9886,-0.8204,-0.821,2,0,2,0.0,F2,-0.0874,F2,-0.733,,,,,,,
2namA_1uxmK,ShallowMsa_019,AF3,0.1823,0.9757,0.1822,0.9756,-0.7934,-0.7934,2,0,2,0.0,F2,-0.0604,F2,-0.733,,,,,,,
2namA_1uxmK,ShallowMsa_020,AF3,0.1839,0.9537,0.1811,0.9533,-0.7697,-0.7722,2,0,2,0.0,F2,-0.0367,Amb,-0.733,,,,,,,
2namA_1uxmK,ShallowMsa_000,ESM,0.1958,0.975,0.1673,0.6623,-0.7791,-0.495,20,0,20,0.0,F2,-0.0655,F2,-0.7136,,,,,,,
2namA_1uxmK,ShallowMsa_001,ESM,0.1809,0.983,0.1581,0.6635,-0.8021,-0.5054,20,0,20,0.0,F2,-0.0885,F2,-0.7136,,,,,,,
2namA_1uxmK,ShallowMsa_002,ESM,0.1752,0.8586,0.1577,0.6891,-0.6834,-0.5314,20,0,20,0.0,F2,0.0302,Amb,-0.7136,,,,,,,
2namA_1uxmK,ShallowMsa_003,ESM,0.2034,0.8546,0.1581,0.6499,-0.6512,-0.4918,20,0,20,0.0,F2,0.0624,F1,-0.7136,,,,,,,
2namA_1uxmK,ShallowMsa_004,ESM,0.195,0.8549,0.1636,0.6419,-0.6599,-0.4783,20,0,20,0.0,F2,0.0537,F1,-0.7136,,,,,,,
2namA_1uxmK,ShallowMsa_005,ESM,0.1879,0.9015,0.1638,0.6185,-0.7136,-0.4547,20,0,20,0.0,F2,0.0,Amb,-0.7136,,,,,,,
2namA_1uxmK,ShallowMsa_006,ESM,0.1827,0.8971,0.1589,0.6149,-0.7145,-0.456,20,0,20,0.0,F2,-0.0009,Amb,-0.7136,,,,,,,
2namA_1uxmK,ShallowMsa_007,ESM,0.1884,0.8298,0.1587,0.6042,-0.6413,-0.4455,20,0,20,0.0,F2,0.0723,F1,-0.7136,,,,,,,
2namA_1uxmK,ShallowMsa_008,ESM,0.2294,0.9874,0.1635,0.5878,-0.758,-0.4243,20,1,19,0.05,F2,-0.0444,Amb,-0.7136,,,,,,,
2namA_1uxmK,ShallowMsa_009,ESM,0.1836,0.8829,0.1588,0.7109,-0.6992,-0.5521,20,0,20,0.0,F2,0.0144,Amb,-0.7136,,,,,,,
2namA_1uxmK,ShallowMsa_010,ESM,0.1767,0.8451,0.1625,0.6875,-0.6683,-0.525,20,0,20,0.0,F2,0.0453,Amb,-0.7136,,,,,,,
2namA_1uxmK,ShallowMsa_011,ESM,0.1858,0.8917,0.1654,0.6882,-0.7059,-0.5228,20,0,20,0.0,F2,0.0077,Amb,-0.7136,,,,,,,
2namA_1uxmK,ShallowMsa_012,ESM,0.1813,0.8826,0.1623,0.6495,-0.7013,-0.4871,20,0,20,0.0,F2,0.0123,Amb,-0.7136,,,,,,,
2namA_1uxmK,ShallowMsa_013,ESM,0.2131,0.963,0.1656,0.6476,-0.7499,-0.482,20,0,20,0.0,F2,-0.0363,Amb,-0.7136,,,,,,,
2namA_1uxmK,ShallowMsa_014,ESM,0.1874,0.8989,0.1651,0.7128,-0.7115,-0.5476,20,0,20,0.0,F2,0.0021,Amb,-0.7136,,,,,,,
2namA_1uxmK,ShallowMsa_015,ESM,0.1789,0.858,0.1598,0.6345,-0.6791,-0.4747,20,0,20,0.0,F2,0.0345,Amb,-0.7136,,,,,,,
2namA_1uxmK,ShallowMsa_016,ESM,0.1914,0.9368,0.1689,0.6522,-0.7454,-0.4833,20,0,20,0.0,F2,-0.0318,Amb,-0.7136,,,,,,,
2namA_1uxmK,ShallowMsa_017,ESM,0.1902,0.9197,0.1643,0.6651,-0.7295,-0.5008,20,0,20,0.0,F2,-0.0159,Amb,-0.7136,,,,,,,
2namA_1uxmK,ShallowMsa_018,ESM,0.1848,0.9873,0.1548,0.5959,-0.8025,-0.4411,20,0,20,0.0,F2,-0.0889,F2,-0.7136,,,,,,,
2namA_1uxmK,ShallowMsa_019,ESM,0.1838,0.9631,0.1651,0.6709,-0.7793,-0.5058,20,0,20,0.0,F2,-0.0657,F2,-0.7136,,,,,,,
2namA_1uxmK,ShallowMsa_020,ESM,0.2096,0.9413,0.1632,0.6522,-0.7317,-0.4889,20,0,20,0.0,F2,-0.0181,Amb,-0.7136,,,,,,,
2namA_1uxmK,DeepMsa,MSAT,0.0517,0.3578,0.0517,0.3578,-0.3061,-0.3061,1,0,1,0.0,F2,-0.3061,F2,-0.0146,0.0517,0.3578,t_recall,,,,
2namA_1uxmK,ShallowMsa_000,MSAT,0.0517,0.36,0.0517,0.36,-0.3083,-0.3083,1,0,1,0.0,F2,-0.2937,F2,-0.0146,0.0517,0.36,t_recall,,,,
2namA_1uxmK,ShallowMsa_001,MSAT,0.0345,0.3133,0.0345,0.3133,-0.2788,-0.2788,1,0,1,0.0,F2,-0.2642,F2,-0.0146,0.0345,0.3133,t_recall,,,,
2namA_1uxmK,ShallowMsa_002,MSAT,0.1277,0.0027,0.1277,0.0027,0.125,0.125,1,1,0,1.0,F1,0.1396,F1,-0.0146,0.1277,0.0027,t_recall,,,,
2namA_1uxmK,ShallowMsa_003,MSAT,0.0769,0.2625,0.0769,0.2625,-0.1856,-0.1856,1,0,1,0.0,F2,-0.171,F2,-0.0146,0.0769,0.2625,t_recall,,,,
2namA_1uxmK,ShallowMsa_004,MSAT,0.0816,0.0962,0.0816,0.0962,-0.0146,-0.0146,1,0,1,0.0,Amb,0.0,Amb,-0.0146,0.0816,0.0962,t_recall,,,,
2namA_1uxmK,ShallowMsa_005,MSAT,0.0,0.0337,0.0,0.0337,-0.0337,-0.0337,1,0,1,0.0,Amb,-0.0191,Amb,-0.0146,0.0,0.0337,t_recall,,,,
2namA_1uxmK,ShallowMsa_006,MSAT,0.0577,0.0278,0.0577,0.0278,0.0299,0.0299,1,1,0,1.0,Amb,0.0445,Amb,-0.0146,0.0577,0.0278,t_recall,,,,
2namA_1uxmK,ShallowMsa_007,MSAT,0.1154,0.0025,0.1154,0.0025,0.1129,0.1129,1,1,0,1.0,F1,0.1275,F1,-0.0146,0.1154,0.0025,t_recall,,,,
2namA_1uxmK,ShallowMsa_008,MSAT,0.0862,0.2867,0.0862,0.2867,-0.2005,-0.2005,1,0,1,0.0,F2,-0.1859,F2,-0.0146,0.0862,0.2867,t_recall,,,,
2namA_1uxmK,ShallowMsa_009,MSAT,0.0816,0.0357,0.0816,0.0357,0.0459,0.0459,1,1,0,1.0,Amb,0.0605,F1,-0.0146,0.0816,0.0357,t_recall,,,,
2namA_1uxmK,ShallowMsa_010,MSAT,0.0385,0.1613,0.0385,0.1613,-0.1228,-0.1228,1,0,1,0.0,F2,-0.1082,F2,-0.0146,0.0385,0.1613,t_recall,,,,
2namA_1uxmK,ShallowMsa_011,MSAT,0.0577,0.0337,0.0577,0.0337,0.024,0.024,1,1,0,1.0,Amb,0.0386,Amb,-0.0146,0.0577,0.0337,t_recall,,,,
2namA_1uxmK,ShallowMsa_012,MSAT,0.0652,0.0415,0.0652,0.0415,0.0237,0.0237,1,1,0,1.0,Amb,0.0383,Amb,-0.0146,0.0652,0.0415,t_recall,,,,
2namA_1uxmK,ShallowMsa_013,MSAT,0.0175,0.0136,0.0175,0.0136,0.0039,0.0039,1,1,0,1.0,Amb,0.0185,Amb,-0.0146,0.0175,0.0136,t_recall,,,,
2namA_1uxmK,ShallowMsa_014,MSAT,0.0345,0.3817,0.0345,0.3817,-0.3472,-0.3472,1,0,1,0.0,F2,-0.3326,F2,-0.0146,0.0345,0.3817,t_recall,,,,
2namA_1uxmK,ShallowMsa_015,MSAT,0.0556,0.0201,0.0556,0.0201,0.0355,0.0355,1,1,0,1.0,Amb,0.0501,F1,-0.0146,0.0556,0.0201,t_recall,,,,
2namA_1uxmK,ShallowMsa_016,MSAT,0.0526,0.3213,0.0526,0.3213,-0.2687,-0.2687,1,0,1,0.0,F2,-0.2541,F2,-0.0146,0.0526,0.3213,t_recall,,,,
2namA_1uxmK,ShallowMsa_017,MSAT,0.0357,0.0094,0.0357,0.0094,0.0263,0.0263,1,1,0,1.0,Amb,0.0409,Amb,-0.0146,0.0357,0.0094,t_recall,,,,
2namA_1uxmK,ShallowMsa_018,MSAT,0.0517,0.1911,0.0517,0.1911,-0.1394,-0.1394,1,0,1,0.0,F2,-0.1248,F2,-0.0146,0.0517,0.1911,t_recall,,,,
2namA_1uxmK,ShallowMsa_019,MSAT,0.0351,0.2674,0.0351,0.2674,-0.2323,-0.2323,1,0,1,0.0,F2,-0.2177,F2,-0.0146,0.0351,0.2674,t_recall,,,,
2namA_1uxmK,ShallowMsa_020,MSAT,0.0357,0.0414,0.0357,0.0414,-0.0057,-0.0057,1,0,1,0.0,Amb,0.0089,Amb,-0.0146,0.0357,0.0414,t_recall,,,,
2namA_1uxmK,DeepMsa,CCMpred,0.0345,0.2511,0.0345,0.2511,-0.2166,-0.2166,1,0,1,0.0,F2,-0.2166,F2,-0.0006,0.0345,0.2511,t_recall,,,,
2namA_1uxmK,ShallowMsa_000,CCMpred,0.0172,0.1356,0.0172,0.1356,-0.1184,-0.1184,1,0,1,0.0,F2,-0.1178,F2,-0.0006,0.0172,0.1356,t_recall,,,,
2namA_1uxmK,ShallowMsa_001,CCMpred,0.0172,0.04,0.0172,0.04,-0.0228,-0.0228,1,0,1,0.0,Amb,-0.0222,Amb,-0.0006,0.0172,0.04,t_recall,,,,
2namA_1uxmK,ShallowMsa_002,CCMpred,0.0,0.0222,0.0,0.0222,-0.0222,-0.0222,1,0,1,0.0,Amb,-0.0216,Amb,-0.0006,0.0,0.0222,t_recall,,,,
2namA_1uxmK,ShallowMsa_003,CCMpred,0.0172,0.0178,0.0172,0.0178,-0.0006,-0.0006,1,0,1,0.0,Amb,0.0,Amb,-0.0006,0.0172,0.0178,t_recall,,,,
2namA_1uxmK,ShallowMsa_004,CCMpred,0.0172,0.0156,0.0172,0.0156,0.0016,0.0016,1,1,0,1.0,Amb,0.0022,Amb,-0.0006,0.0172,0.0156,t_recall,,,,
2namA_1uxmK,ShallowMsa_005,CCMpred,0.0172,0.0289,0.0172,0.0289,-0.0117,-0.0117,1,0,1,0.0,Amb,-0.0111,Amb,-0.0006,0.0172,0.0289,t_recall,,,,
2namA_1uxmK,ShallowMsa_006,CCMpred,0.0,0.0044,0.0,0.0044,-0.0044,-0.0044,1,0,1,0.0,Amb,-0.0038,Amb,-0.0006,0.0,0.0044,t_recall,,,,
2namA_1uxmK,ShallowMsa_007,CCMpred,0.0,0.0,0.0,0.0,0.0,0.0,1,0,0,0.0,Amb,0.0006,Amb,-0.0006,0.0,0.0,t_recall,,,,
2namA_1uxmK,ShallowMsa_008,CCMpred,0.0,0.0,0.0,0.0,0.0,0.0,1,0,0,0.0,Amb,0.0006,Amb,-0.0006,0.0,0.0,t_recall,,,,
2namA_1uxmK,ShallowMsa_009,CCMpred,0.0172,0.0044,0.0172,0.0044,0.0128,0.0128,1,1,0,1.0,Amb,0.0134,Amb,-0.0006,0.0172,0.0044,t_recall,,,,
2namA_1uxmK,ShallowMsa_010,CCMpred,0.0172,0.0044,0.0172,0.0044,0.0128,0.0128,1,1,0,1.0,Amb,0.0134,Amb,-0.0006,0.0172,0.0044,t_recall,,,,
2namA_1uxmK,ShallowMsa_011,CCMpred,0.0,0.0089,0.0,0.0089,-0.0089,-0.0089,1,0,1,0.0,Amb,-0.0083,Amb,-0.0006,0.0,0.0089,t_recall,,,,
2namA_1uxmK,ShallowMsa_012,CCMpred,0.0,0.0022,0.0,0.0022,-0.0022,-0.0022,1,0,1,0.0,Amb,-0.0016,Amb,-0.0006,0.0,0.0022,t_recall,,,,
2namA_1uxmK,ShallowMsa_013,CCMpred,0.0,0.0022,0.0,0.0022,-0.0022,-0.0022,1,0,1,0.0,Amb,-0.0016,Amb,-0.0006,0.0,0.0022,t_recall,,,,
2namA_1uxmK,ShallowMsa_014,CCMpred,0.0,0.0022,0.0,0.0022,-0.0022,-0.0022,1,0,1,0.0,Amb,-0.0016,Amb,-0.0006,0.0,0.0022,t_recall,,,,
2namA_1uxmK,ShallowMsa_015,CCMpred,0.0,0.0022,0.0,0.0022,-0.0022,-0.0022,1,0,1,0.0,Amb,-0.0016,Amb,-0.0006,0.0,0.0022,t_recall,,,,
2namA_1uxmK,ShallowMsa_016,CCMpred,0.0,0.0,0.0,0.0,0.0,0.0,1,0,0,0.0,Amb,0.0006,Amb,-0.0006,0.0,0.0,t_recall,,,,
2namA_1uxmK,ShallowMsa_017,CCMpred,0.0,0.0,0.0,0.0,0.0,0.0,1,0,0,0.0,Amb,0.0006,Amb,-0.0006,0.0,0.0,t_recall,,,,
2namA_1uxmK,ShallowMsa_018,CCMpred,0.0,0.0,0.0,0.0,0.0,0.0,1,0,0,0.0,Amb,0.0006,Amb,-0.0006,0.0,0.0,t_recall,,,,
2namA_1uxmK,ShallowMsa_019,CCMpred,0.0,0.0,0.0,0.0,0.0,0.0,1,0,0,0.0,Amb,0.0006,Amb,-0.0006,0.0,0.0,t_recall,,,,
2namA_1uxmK,ShallowMsa_020,CCMpred,0.0,0.0,0.0,0.0,0.0,0.0,1,0,0,0.0,Amb,0.0006,Amb,-0.0006,0.0,0.0,t_recall,,,,
2namA_1uxmK,ShallowMsa_000,DDG,-8.1162,-51.7535,-8.1162,-51.7535,43.6373,43.6373,10,10,0,1.0,F1,-1.6183,F2,45.2556,,,ddg_kcal_per_mol(delta=1.0),43.6373,19.4477,8.1162,51.7535
2namA_1uxmK,ShallowMsa_001,DDG,-8.4641,-51.8891,-8.4641,-51.8891,43.425,43.425,10,9,1,0.9,F1,-1.8306,F2,45.2556,,,ddg_kcal_per_mol(delta=1.0),43.425,21.5857,8.4641,51.8891
2namA_1uxmK,ShallowMsa_002,DDG,-8.2567,-57.2309,-8.2567,-57.2309,48.9742,48.9742,10,10,0,1.0,F1,3.7186,F1,45.2556,,,ddg_kcal_per_mol(delta=1.0),48.9742,13.8697,8.2567,57.2309
2namA_1uxmK,ShallowMsa_003,DDG,-8.8945,-57.8643,-8.8945,-57.8643,48.9698,48.9698,10,9,1,0.9,F1,3.7142,F1,45.2556,,,ddg_kcal_per_mol(delta=1.0),48.9698,18.7959,8.8945,57.8643
2namA_1uxmK,ShallowMsa_004,DDG,-10.0431,-57.5497,-10.0431,-57.5497,47.5065,47.5065,10,10,0,1.0,F1,2.2509,F1,45.2556,,,ddg_kcal_per_mol(delta=1.0),47.5065,15.6114,10.0431,57.5497
2namA_1uxmK,ShallowMsa_005,DDG,-7.9914,-53.1687,-7.9914,-53.1687,45.1773,45.1773,10,10,0,1.0,F1,-0.0783,Amb,45.2556,,,ddg_kcal_per_mol(delta=1.0),45.1773,16.8154,7.9914,53.1687
2namA_1uxmK,ShallowMsa_006,DDG,-8.8179,-55.909,-8.8179,-55.909,47.091,47.091,10,10,0,1.0,F1,1.8354,F1,45.2556,,,ddg_kcal_per_mol(delta=1.0),47.091,12.744,8.8179,55.909
2namA_1uxmK,ShallowMsa_007,DDG,-9.0954,-58.5247,-9.0954,-58.5247,49.4293,49.4293,10,10,0,1.0,F1,4.1737,F1,45.2556,,,ddg_kcal_per_mol(delta=1.0),49.4293,17.1728,9.0954,58.5247
2namA_1uxmK,ShallowMsa_008,DDG,-7.4589,-46.1088,-7.4589,-46.1088,38.6499,38.6499,10,9,1,0.9,F1,-6.6057,F2,45.2556,,,ddg_kcal_per_mol(delta=1.0),38.6499,18.9003,7.4589,46.1088
2namA_1uxmK,ShallowMsa_009,DDG,-9.0248,-60.3819,-9.0248,-60.3819,51.3572,51.3572,10,10,0,1.0,F1,6.1016,F1,45.2556,,,ddg_kcal_per_mol(delta=1.0),51.3572,16.1455,9.0248,60.3819
2namA_1uxmK,ShallowMsa_010,DDG,-10.3655,-57.0949,-10.3655,-57.0949,46.7293,46.7293,10,10,0,1.0,F1,1.4737,F1,45.2556,,,ddg_kcal_per_mol(delta=1.0),46.7293,14.3428,10.3655,57.0949
2namA_1uxmK,ShallowMsa_011,DDG,-9.5962,-57.1984,-9.5962,-57.1984,47.6022,47.6022,10,10,0,1.0,F1,2.3466,F1,45.2556,,,ddg_kcal_per_mol(delta=1.0),47.6022,15.2629,9.5962,57.1984
2namA_1uxmK,ShallowMsa_012,DDG,-9.7558,-54.4482,-9.7558,-54.4482,44.6924,44.6924,10,10,0,1.0,F1,-0.5632,Amb,45.2556,,,ddg_kcal_per_mol(delta=1.0),44.6924,12.4717,9.7558,54.4482
2namA_1uxmK,ShallowMsa_013,DDG,-8.265,-56.8905,-8.265,-56.8905,48.6255,48.6255,10,10,0,1.0,F1,3.3699,F1,45.2556,,,ddg_kcal_per_mol(delta=1.0),48.6255,18.0869,8.265,56.8905
2namA_1uxmK,ShallowMsa_014,DDG,-9.5186,-51.959,-9.5186,-51.959,42.4404,42.4404,10,10,0,1.0,F1,-2.8152,F2,45.2556,,,ddg_kcal_per_mol(delta=1.0),42.4404,17.4143,9.5186,51.959
2namA_1uxmK,ShallowMsa_015,DDG,-8.7538,-61.3071,-8.7538,-61.3071,52.5532,52.5532,10,10,0,1.0,F1,7.2976,F1,45.2556,,,ddg_kcal_per_mol(delta=1.0),52.5532,10.0919,8.7538,61.3071
2namA_1uxmK,ShallowMsa_016,DDG,-7.6657,-45.6342,-7.6657,-45.6342,37.9685,37.9685,10,10,0,1.0,F1,-7.2871,F2,45.2556,,,ddg_kcal_per_mol(delta=1.0),37.9685,18.131,7.6657,45.6342
2namA_1uxmK,ShallowMsa_017,DDG,-8.0478,-53.3034,-8.0478,-53.3034,45.2556,45.2556,10,10,0,1.0,F1,0.0,Amb,45.2556,,,ddg_kcal_per_mol(delta=1.0),45.2556,9.6855,8.0478,53.3034
2namA_1uxmK,ShallowMsa_018,DDG,-7.0144,-38.5897,-7.0144,-38.5897,31.5753,31.5753,10,9,1,0.9,F1,-13.6803,F2,45.2556,,,ddg_kcal_per_mol(delta=1.0),31.5753,19.4716,7.0144,38.5897
2namA_1uxmK,ShallowMsa_019,DDG,-7.9003,-46.6277,-7.9003,-46.6277,38.7274,38.7274,10,10,0,1.0,F1,-6.5282,F2,45.2556,,,ddg_kcal_per_mol(delta=1.0),38.7274,20.2766,7.9003,46.6277
2namA_1uxmK,ShallowMsa_020,DDG,-7.6829,-52.3789,-7.6829,-52.3789,44.6961,44.6961,10,10,0,1.0,F1,-0.5595,Amb,45.2556,,,ddg_kcal_per_mol(delta=1.0),44.6961,19.3641,7.6829,52.3789
2namA_1uxmK,ShallowMsa_000,Boltz2,0.1602,0.8987,0.1602,0.8987,-0.7385,-0.7385,1,0,1,0.0,F2,-0.1894,F2,-0.5491,,,,,,,
2namA_1uxmK,ShallowMsa_001,Boltz2,0.1845,0.8899,0.1845,0.8899,-0.7054,-0.7054,1,0,1,0.0,F2,-0.1563,F2,-0.5491,,,,,,,
2namA_1uxmK,ShallowMsa_002,Boltz2,0.197,0.7322,0.197,0.7322,-0.5351,-0.5351,1,0,1,0.0,F2,0.014,Amb,-0.5491,,,,,,,
2namA_1uxmK,ShallowMsa_003,Boltz2,0.165,0.7672,0.165,0.7672,-0.6022,-0.6022,1,0,1,0.0,F2,-0.0531,F2,-0.5491,,,,,,,
2namA_1uxmK,ShallowMsa_004,Boltz2,0.1962,0.7107,0.1962,0.7107,-0.5145,-0.5145,1,0,1,0.0,F2,0.0346,Amb,-0.5491,,,,,,,
2namA_1uxmK,ShallowMsa_005,Boltz2,0.1822,0.7406,0.1822,0.7406,-0.5584,-0.5584,1,0,1,0.0,F2,-0.0093,Amb,-0.5491,,,,,,,
2namA_1uxmK,ShallowMsa_006,Boltz2,0.1511,0.7063,0.1511,0.7063,-0.5552,-0.5552,1,0,1,0.0,F2,-0.0061,Amb,-0.5491,,,,,,,
2namA_1uxmK,ShallowMsa_007,Boltz2,0.2102,0.5833,0.2102,0.5833,-0.373,-0.373,1,0,1,0.0,F2,0.1761,F1,-0.5491,,,,,,,
2namA_1uxmK,ShallowMsa_008,Boltz2,0.1719,0.9719,0.1719,0.9719,-0.8,-0.8,1,0,1,0.0,F2,-0.2509,F2,-0.5491,,,,,,,
2namA_1uxmK,ShallowMsa_009,Boltz2,0.1616,0.668,0.1616,0.668,-0.5064,-0.5064,1,0,1,0.0,F2,0.0427,Amb,-0.5491,,,,,,,
2namA_1uxmK,ShallowMsa_010,Boltz2,0.1868,0.6666,0.1868,0.6666,-0.4798,-0.4798,1,0,1,0.0,F2,0.0693,F1,-0.5491,,,,,,,
2namA_1uxmK,ShallowMsa_011,Boltz2,0.1771,0.7536,0.1771,0.7536,-0.5765,-0.5765,1,0,1,0.0,F2,-0.0274,Amb,-0.5491,,,,,,,
2namA_1uxmK,ShallowMsa_012,Boltz2,0.1662,0.7153,0.1662,0.7153,-0.5491,-0.5491,1,0,1,0.0,F2,0.0,Amb,-0.5491,,,,,,,
2namA_1uxmK,ShallowMsa_013,Boltz2,0.1572,0.7436,0.1572,0.7436,-0.5865,-0.5865,1,0,1,0.0,F2,-0.0374,Amb,-0.5491,,,,,,,
2namA_1uxmK,ShallowMsa_014,Boltz2,0.1786,0.6933,0.1786,0.6933,-0.5146,-0.5146,1,0,1,0.0,F2,0.0345,Amb,-0.5491,,,,,,,
2namA_1uxmK,ShallowMsa_015,Boltz2,0.1892,0.5546,0.1892,0.5546,-0.3653,-0.3653,1,0,1,0.0,F2,0.1838,F1,-0.5491,,,,,,,
2namA_1uxmK,ShallowMsa_016,Boltz2,0.1793,0.6277,0.1793,0.6277,-0.4484,-0.4484,1,0,1,0.0,F2,0.1007,F1,-0.5491,,,,,,,
2namA_1uxmK,ShallowMsa_017,Boltz2,0.1667,0.6859,0.1667,0.6859,-0.5192,-0.5192,1,0,1,0.0,F2,0.0299,Amb,-0.5491,,,,,,,
2namA_1uxmK,ShallowMsa_018,Boltz2,0.1702,0.6799,0.1702,0.6799,-0.5097,-0.5097,1,0,1,0.0,F2,0.0394,Amb,-0.5491,,,,,,,
2namA_1uxmK,ShallowMsa_019,Boltz2,0.1584,0.8323,0.1584,0.8323,-0.6738,-0.6738,1,0,1,0.0,F2,-0.1247,F2,-0.5491,,,,,,,
2namA_1uxmK,ShallowMsa_020,Boltz2,0.177,0.8072,0.177,0.8072,-0.6302,-0.6302,1,0,1,0.0,F2,-0.0811,F2,-0.5491,,,,,,,
2p3vD_2p3vA,DeepMsa,AF2,0.9398,0.9753,0.9398,0.9753,-0.0355,-0.0355,2,0,2,0.0,Amb,-0.0355,Amb,-0.0008,,,,,,,
2p3vD_2p3vA,ShallowMsa_000,AF2,0.9387,0.9745,0.9387,0.9745,-0.0358,-0.0358,2,0,2,0.0,Amb,-0.035,Amb,-0.0008,,,,,,,
2p3vD_2p3vA,ShallowMsa_001,AF2,0.8578,0.8484,0.8578,0.8484,0.0093,0.0093,2,2,0,1.0,Amb,0.0101,Amb,-0.0008,,,,,,,
2p3vD_2p3vA,ShallowMsa_002,AF2,0.8674,0.8504,0.8674,0.8504,0.017,0.017,2,2,0,1.0,Amb,0.0178,Amb,-0.0008,,,,,,,
2p3vD_2p3vA,ShallowMsa_003,AF2,0.8904,0.9256,0.8904,0.9256,-0.0352,-0.0352,2,0,2,0.0,Amb,-0.0344,Amb,-0.0008,,,,,,,
2p3vD_2p3vA,ShallowMsa_004,AF2,0.8559,0.8479,0.8559,0.8479,0.0081,0.0081,2,2,0,1.0,Amb,0.0089,Amb,-0.0008,,,,,,,
2p3vD_2p3vA,ShallowMsa_005,AF2,0.8443,0.8451,0.8443,0.8451,-0.0008,-0.0008,2,0,2,0.0,Amb,0.0,Amb,-0.0008,,,,,,,
2p3vD_2p3vA,ShallowMsa_006,AF2,0.9393,0.9729,0.9393,0.9729,-0.0336,-0.0336,2,0,2,0.0,Amb,-0.0328,Amb,-0.0008,,,,,,,
2p3vD_2p3vA,ShallowMsa_007,AF2,0.8244,0.8008,0.8244,0.8008,0.0236,0.0236,2,2,0,1.0,Amb,0.0244,Amb,-0.0008,,,,,,,
2p3vD_2p3vA,ShallowMsa_008,AF2,0.8414,0.8588,0.8414,0.8588,-0.0174,-0.0174,2,0,2,0.0,Amb,-0.0166,Amb,-0.0008,,,,,,,
2p3vD_2p3vA,ShallowMsa_009,AF2,0.7112,0.7026,0.7112,0.7026,0.0086,0.0086,2,2,0,1.0,Amb,0.0094,Amb,-0.0008,,,,,,,
2p3vD_2p3vA,ShallowMsa_010,AF2,0.8322,0.8128,0.8322,0.8128,0.0194,0.0194,2,2,0,1.0,Amb,0.0202,Amb,-0.0008,,,,,,,
2p3vD_2p3vA,ShallowMsa_011,AF2,0.888,0.9176,0.888,0.9176,-0.0296,-0.0296,2,0,2,0.0,Amb,-0.0288,Amb,-0.0008,,,,,,,
2p3vD_2p3vA,ShallowMsa_012,AF2,0.8885,0.8849,0.8885,0.8849,0.0036,0.0036,2,2,0,1.0,Amb,0.0044,Amb,-0.0008,,,,,,,
2p3vD_2p3vA,ShallowMsa_013,AF2,0.8988,0.9239,0.8988,0.9239,-0.0251,-0.0251,2,0,2,0.0,Amb,-0.0243,Amb,-0.0008,,,,,,,
2p3vD_2p3vA,ShallowMsa_014,AF2,0.81,0.7919,0.81,0.7919,0.0181,0.0181,2,2,0,1.0,Amb,0.0189,Amb,-0.0008,,,,,,,
2p3vD_2p3vA,ShallowMsa_015,AF2,0.7601,0.7859,0.7601,0.7859,-0.0258,-0.0258,2,0,2,0.0,Amb,-0.025,Amb,-0.0008,,,,,,,
2p3vD_2p3vA,ShallowMsa_016,AF2,0.891,0.9199,0.891,0.9199,-0.029,-0.029,2,0,2,0.0,Amb,-0.0282,Amb,-0.0008,,,,,,,
2p3vD_2p3vA,ShallowMsa_017,AF2,0.8941,0.8777,0.8941,0.8777,0.0164,0.0164,2,2,0,1.0,Amb,0.0172,Amb,-0.0008,,,,,,,
2p3vD_2p3vA,ShallowMsa_018,AF2,0.7592,0.793,0.7592,0.793,-0.0337,-0.0337,2,0,2,0.0,Amb,-0.0329,Amb,-0.0008,,,,,,,
2p3vD_2p3vA,DeepMsa,AF3,0.9602,0.9387,0.9602,0.9387,0.0216,0.0216,2,2,0,1.0,Amb,0.0216,Amb,-0.0033,,,,,,,
2p3vD_2p3vA,ShallowMsa_000,AF3,0.9608,0.9394,0.9607,0.9394,0.0214,0.0214,2,2,0,1.0,Amb,0.0247,Amb,-0.0033,,,,,,,
2p3vD_2p3vA,ShallowMsa_001,AF3,0.8583,0.8616,0.8583,0.8616,-0.0033,-0.0033,2,0,2,0.0,Amb,0.0,Amb,-0.0033,,,,,,,
2p3vD_2p3vA,ShallowMsa_002,AF3,0.8682,0.8504,0.8682,0.8504,0.0178,0.0178,2,2,0,1.0,Amb,0.0211,Amb,-0.0033,,,,,,,
2p3vD_2p3vA,ShallowMsa_003,AF3,0.8943,0.925,0.8943,0.925,-0.0307,-0.0307,2,0,2,0.0,Amb,-0.0274,Amb,-0.0033,,,,,,,
2p3vD_2p3vA,ShallowMsa_004,AF3,0.8555,0.8456,0.8555,0.8456,0.0099,0.0099,2,2,0,1.0,Amb,0.0132,Amb,-0.0033,,,,,,,
2p3vD_2p3vA,ShallowMsa_005,AF3,0.8426,0.844,0.8426,0.844,-0.0014,-0.0014,2,0,2,0.0,Amb,0.0019,Amb,-0.0033,,,,,,,
2p3vD_2p3vA,ShallowMsa_006,AF3,0.9389,0.9728,0.9389,0.9728,-0.0339,-0.0339,2,0,2,0.0,Amb,-0.0306,Amb,-0.0033,,,,,,,
2p3vD_2p3vA,ShallowMsa_007,AF3,0.7932,0.8263,0.7931,0.826,-0.033,-0.0329,2,0,2,0.0,Amb,-0.0297,Amb,-0.0033,,,,,,,
2p3vD_2p3vA,ShallowMsa_008,AF3,0.8281,0.847,0.8281,0.847,-0.0189,-0.019,2,0,2,0.0,Amb,-0.0156,Amb,-0.0033,,,,,,,
2p3vD_2p3vA,ShallowMsa_009,AF3,0.7344,0.7315,0.7321,0.7293,0.0029,0.0028,2,2,0,1.0,Amb,0.0062,Amb,-0.0033,,,,,,,
2p3vD_2p3vA,ShallowMsa_010,AF3,0.7895,0.8123,0.7893,0.8121,-0.0228,-0.0228,2,0,2,0.0,Amb,-0.0195,Amb,-0.0033,,,,,,,
2p3vD_2p3vA,ShallowMsa_011,AF3,0.8834,0.9122,0.8834,0.9122,-0.0288,-0.0288,2,0,2,0.0,Amb,-0.0255,Amb,-0.0033,,,,,,,
2p3vD_2p3vA,ShallowMsa_012,AF3,0.8933,0.8932,0.8933,0.8932,0.0001,0.0001,2,2,0,1.0,Amb,0.0034,Amb,-0.0033,,,,,,,
2p3vD_2p3vA,ShallowMsa_013,AF3,0.9049,0.9376,0.9049,0.9376,-0.0327,-0.0327,2,0,2,0.0,Amb,-0.0294,Amb,-0.0033,,,,,,,
2p3vD_2p3vA,ShallowMsa_014,AF3,0.8049,0.7826,0.8046,0.7823,0.0223,0.0223,2,2,0,1.0,Amb,0.0256,Amb,-0.0033,,,,,,,
2p3vD_2p3vA,ShallowMsa_015,AF3,0.7606,0.7905,0.7606,0.7904,-0.0298,-0.0298,2,0,2,0.0,Amb,-0.0265,Amb,-0.0033,,,,,,,
2p3vD_2p3vA,ShallowMsa_016,AF3,0.895,0.9243,0.895,0.9243,-0.0293,-0.0293,2,0,2,0.0,Amb,-0.026,Amb,-0.0033,,,,,,,
2p3vD_2p3vA,ShallowMsa_017,AF3,0.8875,0.8713,0.8875,0.8712,0.0162,0.0162,2,2,0,1.0,Amb,0.0195,Amb,-0.0033,,,,,,,
2p3vD_2p3vA,ShallowMsa_018,AF3,0.8019,0.7922,0.8019,0.7922,0.0097,0.0097,2,2,0,1.0,Amb,0.013,Amb,-0.0033,,,,,,,
2p3vD_2p3vA,ShallowMsa_000,ESM,0.9658,0.9416,0.728,0.7111,0.0242,0.017,20,18,2,0.9,Amb,0.0012,Amb,0.023,,,,,,,
2p3vD_2p3vA,ShallowMsa_001,ESM,0.9142,0.8956,0.7412,0.7245,0.0186,0.0167,20,20,0,1.0,Amb,-0.0044,Amb,0.023,,,,,,,
2p3vD_2p3vA,ShallowMsa_002,ESM,0.8997,0.872,0.7115,0.7049,0.0277,0.0067,20,12,8,0.6,Amb,0.0047,Amb,0.023,,,,,,,
2p3vD_2p3vA,ShallowMsa_003,ESM,0.9101,0.8856,0.7125,0.7009,0.0245,0.0116,20,12,8,0.6,Amb,0.0015,Amb,0.023,,,,,,,
2p3vD_2p3vA,ShallowMsa_004,ESM,0.8882,0.8678,0.7024,0.6923,0.0204,0.01,20,18,2,0.9,Amb,-0.0026,Amb,0.023,,,,,,,
2p3vD_2p3vA,ShallowMsa_005,ESM,0.9306,0.9067,0.7725,0.7585,0.024,0.0141,20,18,2,0.9,Amb,0.001,Amb,0.023,,,,,,,
2p3vD_2p3vA,ShallowMsa_006,ESM,0.9653,0.942,0.7501,0.7329,0.0233,0.0171,20,20,0,1.0,Amb,0.0003,Amb,0.023,,,,,,,
2p3vD_2p3vA,ShallowMsa_007,ESM,0.889,0.8797,0.7309,0.7214,0.0093,0.0095,20,16,4,0.8,Amb,-0.0137,Amb,0.023,,,,,,,
2p3vD_2p3vA,ShallowMsa_008,ESM,0.8918,0.8861,0.7314,0.7215,0.0057,0.0098,20,16,4,0.8,Amb,-0.0173,Amb,0.023,,,,,,,
2p3vD_2p3vA,ShallowMsa_009,ESM,0.8897,0.8811,0.7535,0.7439,0.0086,0.0096,20,14,6,0.7,Amb,-0.0144,Amb,0.023,,,,,,,
2p3vD_2p3vA,ShallowMsa_010,ESM,0.9079,0.8802,0.7676,0.753,0.0277,0.0147,20,18,2,0.9,Amb,0.0047,Amb,0.023,,,,,,,
2p3vD_2p3vA,ShallowMsa_011,ESM,0.9241,0.9011,0.7778,0.7623,0.023,0.0156,20,18,2,0.9,Amb,0.0,Amb,0.023,,,,,,,
2p3vD_2p3vA,ShallowMsa_012,ESM,0.922,0.8988,0.7154,0.6983,0.0232,0.0171,20,20,0,1.0,Amb,0.0002,Amb,0.023,,,,,,,
2p3vD_2p3vA,ShallowMsa_013,ESM,0.9203,0.9096,0.7427,0.7289,0.0107,0.0137,20,18,2,0.9,Amb,-0.0123,Amb,0.023,,,,,,,
2p3vD_2p3vA,ShallowMsa_014,ESM,0.9254,0.9039,0.7602,0.7457,0.0215,0.0145,20,18,2,0.9,Amb,-0.0015,Amb,0.023,,,,,,,
2p3vD_2p3vA,ShallowMsa_015,ESM,0.8762,0.8974,0.7668,0.7576,-0.0212,0.0092,20,16,4,0.8,Amb,-0.0442,Amb,0.023,,,,,,,
2p3vD_2p3vA,ShallowMsa_016,ESM,0.9206,0.8966,0.7012,0.684,0.0239,0.0171,20,18,2,0.9,Amb,0.0009,Amb,0.023,,,,,,,
2p3vD_2p3vA,ShallowMsa_017,ESM,0.9327,0.9182,0.7971,0.7769,0.0145,0.0202,20,20,0,1.0,Amb,-0.0085,Amb,0.023,,,,,,,
2p3vD_2p3vA,ShallowMsa_018,ESM,0.9239,0.8972,0.7282,0.7081,0.0268,0.02,20,20,0,1.0,Amb,0.0038,Amb,0.023,,,,,,,
2p3vD_2p3vA,DeepMsa,MSAT,0.4128,0.4265,0.4128,0.4265,-0.0137,-0.0137,1,0,1,0.0,Amb,-0.0137,Amb,-0.0027,0.4128,0.4265,t_recall,,,,
2p3vD_2p3vA,ShallowMsa_000,MSAT,0.4034,0.421,0.4034,0.421,-0.0176,-0.0176,1,0,1,0.0,Amb,-0.0149,Amb,-0.0027,0.4034,0.421,t_recall,,,,
2p3vD_2p3vA,ShallowMsa_001,MSAT,0.397,0.4011,0.397,0.4011,-0.0041,-0.0041,1,0,1,0.0,Amb,-0.0014,Amb,-0.0027,0.397,0.4011,t_recall,,,,
2p3vD_2p3vA,ShallowMsa_002,MSAT,0.0765,0.0746,0.0765,0.0746,0.0019,0.0019,1,1,0,1.0,Amb,0.0046,Amb,-0.0027,0.0765,0.0746,t_recall,,,,
2p3vD_2p3vA,ShallowMsa_003,MSAT,0.0477,0.0484,0.0477,0.0484,-0.0007,-0.0007,1,0,1,0.0,Amb,0.002,Amb,-0.0027,0.0477,0.0484,t_recall,,,,
2p3vD_2p3vA,ShallowMsa_004,MSAT,0.3811,0.3911,0.3811,0.3911,-0.01,-0.01,1,0,1,0.0,Amb,-0.0073,Amb,-0.0027,0.3811,0.3911,t_recall,,,,
2p3vD_2p3vA,ShallowMsa_005,MSAT,0.1208,0.1347,0.1208,0.1347,-0.0139,-0.0139,1,0,1,0.0,Amb,-0.0112,Amb,-0.0027,0.1208,0.1347,t_recall,,,,
2p3vD_2p3vA,ShallowMsa_006,MSAT,0.4334,0.4338,0.4334,0.4338,-0.0004,-0.0004,1,0,1,0.0,Amb,0.0023,Amb,-0.0027,0.4334,0.4338,t_recall,,,,
2p3vD_2p3vA,ShallowMsa_007,MSAT,0.052,0.047,0.052,0.047,0.005,0.005,1,1,0,1.0,Amb,0.0077,Amb,-0.0027,0.052,0.047,t_recall,,,,
2p3vD_2p3vA,ShallowMsa_008,MSAT,0.0746,0.0709,0.0746,0.0709,0.0037,0.0037,1,1,0,1.0,Amb,0.0064,Amb,-0.0027,0.0746,0.0709,t_recall,,,,
2p3vD_2p3vA,ShallowMsa_009,MSAT,0.4114,0.4171,0.4114,0.4171,-0.0057,-0.0057,1,0,1,0.0,Amb,-0.003,Amb,-0.0027,0.4114,0.4171,t_recall,,,,
2p3vD_2p3vA,ShallowMsa_010,MSAT,0.1124,0.121,0.1124,0.121,-0.0086,-0.0086,1,0,1,0.0,Amb,-0.0059,Amb,-0.0027,0.1124,0.121,t_recall,,,,
2p3vD_2p3vA,ShallowMsa_011,MSAT,0.1304,0.1331,0.1304,0.1331,-0.0027,-0.0027,1,0,1,0.0,Amb,0.0,Amb,-0.0027,0.1304,0.1331,t_recall,,,,
2p3vD_2p3vA,ShallowMsa_012,MSAT,0.383,0.3875,0.383,0.3875,-0.0045,-0.0045,1,0,1,0.0,Amb,-0.0018,Amb,-0.0027,0.383,0.3875,t_recall,,,,
2p3vD_2p3vA,ShallowMsa_013,MSAT,0.0584,0.0664,0.0584,0.0664,-0.008,-0.008,1,0,1,0.0,Amb,-0.0053,Amb,-0.0027,0.0584,0.0664,t_recall,,,,
2p3vD_2p3vA,ShallowMsa_014,MSAT,0.0981,0.0923,0.0981,0.0923,0.0058,0.0058,1,1,0,1.0,Amb,0.0085,Amb,-0.0027,0.0981,0.0923,t_recall,,,,
2p3vD_2p3vA,ShallowMsa_015,MSAT,0.1061,0.1227,0.1061,0.1227,-0.0166,-0.0166,1,0,1,0.0,Amb,-0.0139,Amb,-0.0027,0.1061,0.1227,t_recall,,,,
2p3vD_2p3vA,ShallowMsa_016,MSAT,0.0945,0.0906,0.0945,0.0906,0.0039,0.0039,1,1,0,1.0,Amb,0.0066,Amb,-0.0027,0.0945,0.0906,t_recall,,,,
2p3vD_2p3vA,ShallowMsa_017,MSAT,0.0832,0.0739,0.0832,0.0739,0.0093,0.0093,1,1,0,1.0,Amb,0.012,Amb,-0.0027,0.0832,0.0739,t_recall,,,,
2p3vD_2p3vA,ShallowMsa_018,MSAT,0.434,0.4299,0.434,0.4299,0.0041,0.0041,1,1,0,1.0,Amb,0.0068,Amb,-0.0027,0.434,0.4299,t_recall,,,,
2p3vD_2p3vA,DeepMsa,CCMpred,0.257,0.2555,0.257,0.2555,0.0015,0.0015,1,1,0,1.0,Amb,0.0015,Amb,0.0,0.257,0.2555,t_recall,,,,
2p3vD_2p3vA,ShallowMsa_000,CCMpred,0.0281,0.0276,0.0281,0.0276,0.0005,0.0005,1,1,0,1.0,Amb,0.0005,Amb,0.0,0.0281,0.0276,t_recall,,,,
2p3vD_2p3vA,ShallowMsa_001,CCMpred,0.0075,0.0074,0.0075,0.0074,0.0001,0.0001,1,1,0,1.0,Amb,0.0001,Amb,0.0,0.0075,0.0074,t_recall,,,,
2p3vD_2p3vA,ShallowMsa_002,CCMpred,0.0056,0.0055,0.0056,0.0055,0.0001,0.0001,1,1,0,1.0,Amb,0.0001,Amb,0.0,0.0056,0.0055,t_recall,,,,
2p3vD_2p3vA,ShallowMsa_003,CCMpred,0.0038,0.0037,0.0038,0.0037,0.0001,0.0001,1,1,0,1.0,Amb,0.0001,Amb,0.0,0.0038,0.0037,t_recall,,,,
2p3vD_2p3vA,ShallowMsa_004,CCMpred,0.0019,0.0018,0.0019,0.0018,0.0001,0.0001,1,1,0,1.0,Amb,0.0001,Amb,0.0,0.0019,0.0018,t_recall,,,,
2p3vD_2p3vA,ShallowMsa_005,CCMpred,0.0,0.0,0.0,0.0,0.0,0.0,1,0,0,0.0,Amb,0.0,Amb,0.0,0.0,0.0,t_recall,,,,
2p3vD_2p3vA,ShallowMsa_006,CCMpred,0.0,0.0,0.0,0.0,0.0,0.0,1,0,0,0.0,Amb,0.0,Amb,0.0,0.0,0.0,t_recall,,,,
2p3vD_2p3vA,ShallowMsa_007,CCMpred,0.0,0.0,0.0,0.0,0.0,0.0,1,0,0,0.0,Amb,0.0,Amb,0.0,0.0,0.0,t_recall,,,,
2p3vD_2p3vA,ShallowMsa_008,CCMpred,0.0,0.0,0.0,0.0,0.0,0.0,1,0,0,0.0,Amb,0.0,Amb,0.0,0.0,0.0,t_recall,,,,
2p3vD_2p3vA,ShallowMsa_009,CCMpred,0.0,0.0,0.0,0.0,0.0,0.0,1,0,0,0.0,Amb,0.0,Amb,0.0,0.0,0.0,t_recall,,,,
2p3vD_2p3vA,ShallowMsa_010,CCMpred,0.0,0.0,0.0,0.0,0.0,0.0,1,0,0,0.0,Amb,0.0,Amb,0.0,0.0,0.0,t_recall,,,,
2p3vD_2p3vA,ShallowMsa_011,CCMpred,0.0,0.0,0.0,0.0,0.0,0.0,1,0,0,0.0,Amb,0.0,Amb,0.0,0.0,0.0,t_recall,,,,
2p3vD_2p3vA,ShallowMsa_012,CCMpred,0.0,0.0,0.0,0.0,0.0,0.0,1,0,0,0.0,Amb,0.0,Amb,0.0,0.0,0.0,t_recall,,,,
2p3vD_2p3vA,ShallowMsa_013,CCMpred,0.0,0.0,0.0,0.0,0.0,0.0,1,0,0,0.0,Amb,0.0,Amb,0.0,0.0,0.0,t_recall,,,,
2p3vD_2p3vA,ShallowMsa_014,CCMpred,0.0,0.0,0.0,0.0,0.0,0.0,1,0,0,0.0,Amb,0.0,Amb,0.0,0.0,0.0,t_recall,,,,
2p3vD_2p3vA,ShallowMsa_015,CCMpred,0.0,0.0,0.0,0.0,0.0,0.0,1,0,0,0.0,Amb,0.0,Amb,0.0,0.0,0.0,t_recall,,,,
2p3vD_2p3vA,ShallowMsa_016,CCMpred,0.0,0.0,0.0,0.0,0.0,0.0,1,0,0,0.0,Amb,0.0,Amb,0.0,0.0,0.0,t_recall,,,,
2p3vD_2p3vA,ShallowMsa_017,CCMpred,0.0,0.0,0.0,0.0,0.0,0.0,1,0,0,0.0,Amb,0.0,Amb,0.0,0.0,0.0,t_recall,,,,
2p3vD_2p3vA,ShallowMsa_018,CCMpred,0.0,0.0,0.0,0.0,0.0,0.0,1,0,0,0.0,Amb,0.0,Amb,0.0,0.0,0.0,t_recall,,,,
2p3vD_2p3vA,ShallowMsa_000,DDG,-88.1332,-86.6851,-88.1332,-86.6851,-1.4481,-1.4481,10,3,7,0.3,F2,-0.7191,Amb,-0.729,,,ddg_kcal_per_mol(delta=1.0),-1.4481,3.1044,88.1332,86.6851
2p3vD_2p3vA,ShallowMsa_001,DDG,-102.2501,-101.3946,-102.2501,-101.3946,-0.8555,-0.8555,10,6,4,0.6,Amb,-0.1265,Amb,-0.729,,,ddg_kcal_per_mol(delta=1.0),-0.8555,3.2769,102.2501,101.3946
2p3vD_2p3vA,ShallowMsa_002,DDG,-99.3605,-97.9122,-99.3605,-97.9122,-1.4483,-1.4483,10,4,6,0.4,F2,-0.7193,Amb,-0.729,,,ddg_kcal_per_mol(delta=1.0),-1.4483,2.7951,99.3605,97.9122
2p3vD_2p3vA,ShallowMsa_003,DDG,-100.4235,-100.3242,-100.4235,-100.3242,-0.0993,-0.0993,10,6,4,0.6,Amb,0.6297,Amb,-0.729,,,ddg_kcal_per_mol(delta=1.0),-0.0993,4.5219,100.4235,100.3242
2p3vD_2p3vA,ShallowMsa_004,DDG,-92.2723,-90.7247,-92.2723,-90.7247,-1.5476,-1.5476,10,3,7,0.3,F2,-0.8186,Amb,-0.729,,,ddg_kcal_per_mol(delta=1.0),-1.5476,4.0599,92.2723,90.7247
2p3vD_2p3vA,ShallowMsa_005,DDG,-101.8186,-101.9563,-101.8186,-101.9563,0.1377,0.1377,10,6,4,0.6,Amb,0.8667,Amb,-0.729,,,ddg_kcal_per_mol(delta=1.0),0.1377,2.1472,101.8186,101.9563
2p3vD_2p3vA,ShallowMsa_006,DDG,-88.1682,-87.4393,-88.1682,-87.4393,-0.729,-0.729,10,6,4,0.6,Amb,0.0,Amb,-0.729,,,ddg_kcal_per_mol(delta=1.0),-0.729,3.6089,88.1682,87.4393
2p3vD_2p3vA,ShallowMsa_007,DDG,-96.6948,-93.9642,-96.6948,-93.9642,-2.7306,-2.7306,10,1,9,0.1,F2,-2.0016,F2,-0.729,,,ddg_kcal_per_mol(delta=1.0),-2.7306,3.1026,96.6948,93.9642
2p3vD_2p3vA,ShallowMsa_008,DDG,-97.8617,-97.6289,-97.8617,-97.6289,-0.2328,-0.2328,10,5,5,0.5,Amb,0.4962,Amb,-0.729,,,ddg_kcal_per_mol(delta=1.0),-0.2328,1.4913,97.8617,97.6289
2p3vD_2p3vA,ShallowMsa_009,DDG,-110.143,-107.8168,-110.143,-107.8168,-2.3262,-2.3262,10,3,7,0.3,F2,-1.5972,F2,-0.729,,,ddg_kcal_per_mol(delta=1.0),-2.3262,2.7038,110.143,107.8168
2p3vD_2p3vA,ShallowMsa_010,DDG,-100.2994,-100.7484,-100.2994,-100.7484,0.449,0.449,10,6,4,0.6,Amb,1.178,F1,-0.729,,,ddg_kcal_per_mol(delta=1.0),0.449,2.4958,100.2994,100.7484
2p3vD_2p3vA,ShallowMsa_011,DDG,-100.2383,-99.2699,-100.2383,-99.2699,-0.9684,-0.9684,10,5,5,0.5,Amb,-0.2394,Amb,-0.729,,,ddg_kcal_per_mol(delta=1.0),-0.9684,1.9954,100.2383,99.2699
2p3vD_2p3vA,ShallowMsa_012,DDG,-86.8475,-87.3818,-86.8475,-87.3818,0.5343,0.5343,10,7,3,0.7,Amb,1.2633,F1,-0.729,,,ddg_kcal_per_mol(delta=1.0),0.5343,2.1245,86.8475,87.3818
2p3vD_2p3vA,ShallowMsa_013,DDG,-80.2523,-81.0991,-80.2523,-81.0991,0.8468,0.8468,10,6,4,0.6,Amb,1.5758,F1,-0.729,,,ddg_kcal_per_mol(delta=1.0),0.8468,3.0937,80.2523,81.0991
2p3vD_2p3vA,ShallowMsa_014,DDG,-93.833,-94.3523,-93.833,-94.3523,0.5193,0.5193,10,6,4,0.6,Amb,1.2483,F1,-0.729,,,ddg_kcal_per_mol(delta=1.0),0.5193,2.4127,93.833,94.3523
2p3vD_2p3vA,ShallowMsa_015,DDG,-109.7348,-107.5038,-109.7348,-107.5038,-2.231,-2.231,10,3,7,0.3,F2,-1.502,F2,-0.729,,,ddg_kcal_per_mol(delta=1.0),-2.231,3.3959,109.7348,107.5038
2p3vD_2p3vA,ShallowMsa_016,DDG,-83.0014,-83.0384,-83.0014,-83.0384,0.037,0.037,10,5,5,0.5,Amb,0.766,Amb,-0.729,,,ddg_kcal_per_mol(delta=1.0),0.037,2.5439,83.0014,83.0384
2p3vD_2p3vA,ShallowMsa_017,DDG,-98.7428,-99.3345,-98.7428,-99.3345,0.5918,0.5918,10,7,3,0.7,Amb,1.3208,F1,-0.729,,,ddg_kcal_per_mol(delta=1.0),0.5918,3.9794,98.7428,99.3345
2p3vD_2p3vA,ShallowMsa_018,DDG,-99.7717,-99.0258,-99.7717,-99.0258,-0.7459,-0.7459,10,5,5,0.5,Amb,-0.0169,Amb,-0.729,,,ddg_kcal_per_mol(delta=1.0),-0.7459,3.3305,99.7717,99.0258
2p3vD_2p3vA,ShallowMsa_000,Boltz2,0.5596,0.5596,0.5596,0.5596,0.0,0.0,1,0,0,0.0,Amb,0.0,Amb,0.0,,,,,,,
2p3vD_2p3vA,ShallowMsa_001,Boltz2,0.6595,0.6595,0.6595,0.6595,0.0,0.0,1,0,0,0.0,Amb,0.0,Amb,0.0,,,,,,,
2p3vD_2p3vA,ShallowMsa_002,Boltz2,0.8874,0.8874,0.8874,0.8874,0.0,0.0,1,0,0,0.0,Amb,0.0,Amb,0.0,,,,,,,
2p3vD_2p3vA,ShallowMsa_003,Boltz2,0.6754,0.6754,0.6754,0.6754,0.0,0.0,1,0,0,0.0,Amb,0.0,Amb,0.0,,,,,,,
2p3vD_2p3vA,ShallowMsa_004,Boltz2,0.3177,0.3177,0.3177,0.3177,0.0,0.0,1,0,0,0.0,Amb,0.0,Amb,0.0,,,,,,,
2p3vD_2p3vA,ShallowMsa_005,Boltz2,0.5239,0.5239,0.5239,0.5239,0.0,0.0,1,0,0,0.0,Amb,0.0,Amb,0.0,,,,,,,
2p3vD_2p3vA,ShallowMsa_006,Boltz2,0.53,0.53,0.53,0.53,0.0,0.0,1,0,0,0.0,Amb,0.0,Amb,0.0,,,,,,,
2p3vD_2p3vA,ShallowMsa_008,Boltz2,0.2941,0.2941,0.2941,0.2941,0.0,0.0,1,0,0,0.0,Amb,0.0,Amb,0.0,,,,,,,
2p3vD_2p3vA,ShallowMsa_009,Boltz2,0.4086,0.4086,0.4086,0.4086,0.0,0.0,1,0,0,0.0,Amb,0.0,Amb,0.0,,,,,,,
2p3vD_2p3vA,ShallowMsa_010,Boltz2,0.8997,0.8997,0.8997,0.8997,0.0,0.0,1,0,0,0.0,Amb,0.0,Amb,0.0,,,,,,,
2p3vD_2p3vA,ShallowMsa_011,Boltz2,0.585,0.585,0.585,0.585,0.0,0.0,1,0,0,0.0,Amb,0.0,Amb,0.0,,,,,,,
2p3vD_2p3vA,ShallowMsa_012,Boltz2,0.4224,0.4224,0.4224,0.4224,0.0,0.0,1,0,0,0.0,Amb,0.0,Amb,0.0,,,,,,,
2p3vD_2p3vA,ShallowMsa_013,Boltz2,0.5429,0.5429,0.5429,0.5429,0.0,0.0,1,0,0,0.0,Amb,0.0,Amb,0.0,,,,,,,
2p3vD_2p3vA,ShallowMsa_014,Boltz2,0.6282,0.6282,0.6282,0.6282,0.0,0.0,1,0,0,0.0,Amb,0.0,Amb,0.0,,,,,,,
2p3vD_2p3vA,ShallowMsa_016,Boltz2,0.4942,0.4942,0.4942,0.4942,0.0,0.0,1,0,0,0.0,Amb,0.0,Amb,0.0,,,,,,,
2p3vD_2p3vA,ShallowMsa_017,Boltz2,0.7628,0.7628,0.7628,0.7628,0.0,0.0,1,0,0,0.0,Amb,0.0,Amb,0.0,,,,,,,
2p3vD_2p3vA,ShallowMsa_018,Boltz2,0.7203,0.7203,0.7203,0.7203,0.0,0.0,1,0,0,0.0,Amb,0.0,Amb,0.0,,,,,,,
2pbkB_3njqA,DeepMsa,AF2,0.9782,0.8585,0.881,0.8562,0.1196,0.0248,2,1,1,0.5,F1,0.1196,F1,0.0,,,,,,,
2pbkB_3njqA,ShallowMsa_000,AF2,0.9809,0.8586,0.883,0.8574,0.1223,0.0256,2,1,1,0.5,F1,0.1223,F1,0.0,,,,,,,
2pbkB_3njqA,DeepMsa,AF3,0.9837,0.8731,0.8923,0.867,0.1106,0.0253,2,1,1,0.5,F1,0.1106,F1,0.0,,,,,,,
2pbkB_3njqA,ShallowMsa_000,AF3,0.9837,0.8624,0.8895,0.8617,0.1213,0.0279,2,1,1,0.5,F1,0.1213,F1,0.0,,,,,,,
2pbkB_3njqA,ShallowMsa_000,ESM,0.8469,0.91,0.7424,0.7449,-0.0631,-0.0024,20,12,8,0.6,Amb,-0.0631,F2,0.0,,,,,,,
2pbkB_3njqA,DeepMsa,MSAT,0.0382,0.019,0.0382,0.019,0.0192,0.0192,1,1,0,1.0,Amb,0.0192,Amb,0.0,0.0382,0.019,t_recall,,,,
2pbkB_3njqA,ShallowMsa_000,MSAT,0.0334,0.0163,0.0334,0.0163,0.0171,0.0171,1,1,0,1.0,Amb,0.0171,Amb,0.0,0.0334,0.0163,t_recall,,,,
2pbkB_3njqA,DeepMsa,CCMpred,0.0,0.0,0.0,0.0,0.0,0.0,1,0,0,0.0,Amb,0.0,Amb,0.0,0.0,0.0,t_recall,,,,
2pbkB_3njqA,ShallowMsa_000,CCMpred,0.0,0.0,0.0,0.0,0.0,0.0,1,0,0,0.0,Amb,0.0,Amb,0.0,0.0,0.0,t_recall,,,,
2pbkB_3njqA,ShallowMsa_000,DDG,-81.5063,-78.2405,-81.5063,-78.2405,-3.2658,-3.2658,10,3,7,0.3,F2,-3.2658,F2,0.0,,,ddg_kcal_per_mol(delta=1.0),-3.2658,9.3568,81.5063,78.2405
2pbkB_3njqA,ShallowMsa_000,Boltz2,0.284,0.2682,0.284,0.2682,0.0158,0.0158,1,1,0,1.0,Amb,0.0158,Amb,0.0,,,,,,,
2qqjA_4qdsA,DeepMsa,AF2,0.9854,0.8874,0.7589,0.8867,0.098,-0.1278,2,1,1,0.5,F1,0.098,F1,-0.176,,,,,,,
2qqjA_4qdsA,ShallowMsa_000,AF2,0.8772,0.8931,0.69,0.8663,-0.0159,-0.1763,2,0,2,0.0,Amb,0.1601,F1,-0.176,,,,,,,
2qqjA_4qdsA,ShallowMsa_001,AF2,0.5644,0.8087,0.5335,0.8044,-0.2443,-0.2708,2,0,2,0.0,F2,-0.0683,F2,-0.176,,,,,,,
2qqjA_4qdsA,ShallowMsa_002,AF2,0.6304,0.8282,0.5643,0.8196,-0.1978,-0.2553,2,0,2,0.0,F2,-0.0218,Amb,-0.176,,,,,,,
2qqjA_4qdsA,ShallowMsa_003,AF2,0.5336,0.8856,0.5316,0.8758,-0.352,-0.3443,2,0,2,0.0,F2,-0.1759,F2,-0.176,,,,,,,
2qqjA_4qdsA,ShallowMsa_004,AF2,0.5561,0.8119,0.5294,0.8086,-0.2558,-0.2792,2,0,2,0.0,F2,-0.0798,F2,-0.176,,,,,,,
2qqjA_4qdsA,ShallowMsa_005,AF2,0.6127,0.8224,0.5526,0.8139,-0.2097,-0.2613,2,0,2,0.0,F2,-0.0337,Amb,-0.176,,,,,,,
2qqjA_4qdsA,ShallowMsa_006,AF2,0.5755,0.707,0.4907,0.69,-0.1316,-0.1993,2,0,2,0.0,F2,0.0444,Amb,-0.176,,,,,,,
2qqjA_4qdsA,ShallowMsa_007,AF2,0.5526,0.8062,0.4873,0.7586,-0.2536,-0.2713,2,0,2,0.0,F2,-0.0776,F2,-0.176,,,,,,,
2qqjA_4qdsA,ShallowMsa_008,AF2,0.6963,0.8102,0.5905,0.8013,-0.1139,-0.2108,2,0,2,0.0,F2,0.0621,F1,-0.176,,,,,,,
2qqjA_4qdsA,ShallowMsa_009,AF2,0.8629,0.7715,0.67,0.7591,0.0914,-0.0891,2,1,1,0.5,F1,0.2674,F1,-0.176,,,,,,,
2qqjA_4qdsA,ShallowMsa_010,AF2,0.5196,0.7709,0.4849,0.765,-0.2512,-0.2801,2,0,2,0.0,F2,-0.0751,F2,-0.176,,,,,,,
2qqjA_4qdsA,ShallowMsa_011,AF2,0.657,0.8129,0.5708,0.8003,-0.1558,-0.2294,2,0,2,0.0,F2,0.0202,Amb,-0.176,,,,,,,
2qqjA_4qdsA,ShallowMsa_012,AF2,0.714,0.8075,0.6043,0.7917,-0.0935,-0.1874,2,0,2,0.0,F2,0.0825,F1,-0.176,,,,,,,
2qqjA_4qdsA,ShallowMsa_013,AF2,0.9755,0.8887,0.7579,0.8792,0.0868,-0.1214,2,1,1,0.5,F1,0.2628,F1,-0.176,,,,,,,
2qqjA_4qdsA,ShallowMsa_014,AF2,0.6269,0.7743,0.546,0.7698,-0.1474,-0.2238,2,0,2,0.0,F2,0.0286,Amb,-0.176,,,,,,,
2qqjA_4qdsA,ShallowMsa_015,AF2,0.4957,0.7218,0.3475,0.4747,-0.2261,-0.1271,2,0,2,0.0,F2,-0.0501,F2,-0.176,,,,,,,
2qqjA_4qdsA,ShallowMsa_016,AF2,0.4329,0.6292,0.4186,0.6234,-0.1963,-0.2047,2,0,2,0.0,F2,-0.0203,Amb,-0.176,,,,,,,
2qqjA_4qdsA,ShallowMsa_017,AF2,0.6907,0.8382,0.595,0.8107,-0.1475,-0.2157,2,0,2,0.0,F2,0.0285,Amb,-0.176,,,,,,,
2qqjA_4qdsA,DeepMsa,AF3,0.9844,0.8843,0.7627,0.8838,0.1002,-0.1211,2,1,1,0.5,F1,0.1002,F1,-0.224,,,,,,,
2qqjA_4qdsA,ShallowMsa_000,AF3,0.8623,0.8581,0.6859,0.8529,0.0042,-0.1671,2,1,1,0.5,Amb,0.2283,F1,-0.224,,,,,,,
2qqjA_4qdsA,ShallowMsa_001,AF3,0.5474,0.8088,0.5228,0.8037,-0.2614,-0.2809,2,0,2,0.0,F2,-0.0374,Amb,-0.224,,,,,,,
2qqjA_4qdsA,ShallowMsa_002,AF3,0.6637,0.8313,0.5775,0.8066,-0.1675,-0.2291,2,0,2,0.0,F2,0.0565,F1,-0.224,,,,,,,
2qqjA_4qdsA,ShallowMsa_003,AF3,0.5305,0.9722,0.5294,0.9196,-0.4416,-0.3902,2,0,2,0.0,F2,-0.2175,F2,-0.224,,,,,,,
2qqjA_4qdsA,ShallowMsa_004,AF3,0.7438,0.851,0.6231,0.829,-0.1072,-0.2059,2,0,2,0.0,F2,0.1168,F1,-0.224,,,,,,,
2qqjA_4qdsA,ShallowMsa_005,AF3,0.5361,0.836,0.5151,0.8175,-0.2999,-0.3024,2,0,2,0.0,F2,-0.0759,F2,-0.224,,,,,,,
2qqjA_4qdsA,ShallowMsa_006,AF3,0.5011,0.7342,0.4656,0.7289,-0.2331,-0.2633,2,0,2,0.0,F2,-0.0091,Amb,-0.224,,,,,,,
2qqjA_4qdsA,ShallowMsa_007,AF3,0.5496,0.8065,0.4865,0.7593,-0.2569,-0.2728,2,0,2,0.0,F2,-0.0329,Amb,-0.224,,,,,,,
2qqjA_4qdsA,ShallowMsa_008,AF3,0.7996,0.8062,0.6364,0.7919,-0.0066,-0.1555,2,0,2,0.0,Amb,0.2175,F1,-0.224,,,,,,,
2qqjA_4qdsA,ShallowMsa_009,AF3,0.8298,0.7736,0.6534,0.7631,0.0563,-0.1097,2,1,1,0.5,F1,0.2803,F1,-0.224,,,,,,,
2qqjA_4qdsA,ShallowMsa_010,AF3,0.4983,0.7818,0.4781,0.7549,-0.2836,-0.2767,2,0,2,0.0,F2,-0.0596,F2,-0.224,,,,,,,
2qqjA_4qdsA,ShallowMsa_011,AF3,0.5201,0.82,0.4954,0.8102,-0.3,-0.3148,2,0,2,0.0,F2,-0.0759,F2,-0.224,,,,,,,
2qqjA_4qdsA,ShallowMsa_012,AF3,0.5446,0.8132,0.5144,0.7915,-0.2686,-0.277,2,0,2,0.0,F2,-0.0446,Amb,-0.224,,,,,,,
2qqjA_4qdsA,ShallowMsa_013,AF3,0.9883,0.8836,0.7547,0.8769,0.1047,-0.1222,2,1,1,0.5,F1,0.3287,F1,-0.224,,,,,,,
2qqjA_4qdsA,ShallowMsa_014,AF3,0.48,0.7403,0.457,0.7263,-0.2603,-0.2693,2,0,2,0.0,F2,-0.0362,Amb,-0.224,,,,,,,
2qqjA_4qdsA,ShallowMsa_015,AF3,0.4658,0.6809,0.4014,0.6231,-0.215,-0.2217,2,0,2,0.0,F2,0.0091,Amb,-0.224,,,,,,,
2qqjA_4qdsA,ShallowMsa_016,AF3,0.4924,0.6763,0.453,0.66,-0.1839,-0.2069,2,0,2,0.0,F2,0.0401,Amb,-0.224,,,,,,,
2qqjA_4qdsA,ShallowMsa_017,AF3,0.7899,0.7972,0.6314,0.7936,-0.0073,-0.1622,2,0,2,0.0,Amb,0.2167,F1,-0.224,,,,,,,
2qqjA_4qdsA,ShallowMsa_000,ESM,0.5877,0.8613,0.4828,0.7533,-0.2737,-0.2705,20,0,20,0.0,F2,-0.0458,Amb,-0.2279,,,,,,,
2qqjA_4qdsA,ShallowMsa_001,ESM,0.6577,0.8308,0.49,0.7568,-0.1731,-0.2667,20,0,20,0.0,F2,0.0548,F1,-0.2279,,,,,,,
2qqjA_4qdsA,ShallowMsa_002,ESM,0.6133,0.8322,0.4661,0.7082,-0.2188,-0.2421,20,0,20,0.0,F2,0.0091,Amb,-0.2279,,,,,,,
2qqjA_4qdsA,ShallowMsa_003,ESM,0.6021,0.8653,0.4887,0.7699,-0.2632,-0.2812,20,0,20,0.0,F2,-0.0353,Amb,-0.2279,,,,,,,
2qqjA_4qdsA,ShallowMsa_004,ESM,0.7154,0.8342,0.4753,0.7172,-0.1187,-0.242,20,0,20,0.0,F2,0.1092,F1,-0.2279,,,,,,,
2qqjA_4qdsA,ShallowMsa_005,ESM,0.6703,0.8188,0.4736,0.7125,-0.1485,-0.2389,20,0,20,0.0,F2,0.0794,F1,-0.2279,,,,,,,
2qqjA_4qdsA,ShallowMsa_006,ESM,0.6079,0.8447,0.4811,0.7631,-0.2368,-0.282,20,0,20,0.0,F2,-0.0089,Amb,-0.2279,,,,,,,
2qqjA_4qdsA,ShallowMsa_007,ESM,0.6152,0.8373,0.4717,0.7349,-0.2221,-0.2633,20,0,20,0.0,F2,0.0058,Amb,-0.2279,,,,,,,
2qqjA_4qdsA,ShallowMsa_008,ESM,0.7102,0.8269,0.486,0.7268,-0.1167,-0.2408,20,0,20,0.0,F2,0.1112,F1,-0.2279,,,,,,,
2qqjA_4qdsA,ShallowMsa_009,ESM,0.5674,0.8299,0.444,0.7131,-0.2625,-0.2691,20,0,20,0.0,F2,-0.0346,Amb,-0.2279,,,,,,,
2qqjA_4qdsA,ShallowMsa_010,ESM,0.5453,0.7901,0.4767,0.7494,-0.2449,-0.2727,20,0,20,0.0,F2,-0.017,Amb,-0.2279,,,,,,,
2qqjA_4qdsA,ShallowMsa_011,ESM,0.5419,0.8104,0.4536,0.7482,-0.2685,-0.2945,20,0,20,0.0,F2,-0.0406,Amb,-0.2279,,,,,,,
2qqjA_4qdsA,ShallowMsa_012,ESM,0.5662,0.8298,0.4577,0.7448,-0.2636,-0.2872,20,0,20,0.0,F2,-0.0357,Amb,-0.2279,,,,,,,
2qqjA_4qdsA,ShallowMsa_013,ESM,0.9717,0.8949,0.5559,0.7562,0.0769,-0.2002,20,4,16,0.2,F2,0.3048,F1,-0.2279,,,,,,,
2qqjA_4qdsA,ShallowMsa_014,ESM,0.5894,0.8232,0.4712,0.7356,-0.2338,-0.2644,20,0,20,0.0,F2,-0.0059,Amb,-0.2279,,,,,,,
2qqjA_4qdsA,ShallowMsa_015,ESM,0.5401,0.8078,0.436,0.7104,-0.2677,-0.2745,20,0,20,0.0,F2,-0.0398,Amb,-0.2279,,,,,,,
2qqjA_4qdsA,ShallowMsa_016,ESM,0.7555,0.8344,0.5002,0.7405,-0.0789,-0.2403,20,0,20,0.0,F2,0.149,F1,-0.2279,,,,,,,
2qqjA_4qdsA,ShallowMsa_017,ESM,0.574,0.7951,0.4706,0.7272,-0.2211,-0.2566,20,0,20,0.0,F2,0.0068,Amb,-0.2279,,,,,,,
2qqjA_4qdsA,DeepMsa,MSAT,0.0151,0.0213,0.0151,0.0213,-0.0062,-0.0062,1,0,1,0.0,Amb,-0.0062,Amb,-0.0008,0.0151,0.0213,t_recall,,,,
2qqjA_4qdsA,ShallowMsa_000,MSAT,0.0063,0.0047,0.0063,0.0047,0.0016,0.0016,1,1,0,1.0,Amb,0.0024,Amb,-0.0008,0.0063,0.0047,t_recall,,,,
2qqjA_4qdsA,ShallowMsa_001,MSAT,0.0054,0.0072,0.0054,0.0072,-0.0018,-0.0018,1,0,1,0.0,Amb,-0.0009,Amb,-0.0008,0.0054,0.0072,t_recall,,,,
2qqjA_4qdsA,ShallowMsa_002,MSAT,0.0223,0.0147,0.0223,0.0147,0.0076,0.0076,1,1,0,1.0,Amb,0.0084,Amb,-0.0008,0.0223,0.0147,t_recall,,,,
2qqjA_4qdsA,ShallowMsa_003,MSAT,0.007,0.0095,0.007,0.0095,-0.0025,-0.0025,1,0,1,0.0,Amb,-0.0016,Amb,-0.0008,0.007,0.0095,t_recall,,,,
2qqjA_4qdsA,ShallowMsa_004,MSAT,0.0108,0.0094,0.0108,0.0094,0.0014,0.0014,1,1,0,1.0,Amb,0.0022,Amb,-0.0008,0.0108,0.0094,t_recall,,,,
2qqjA_4qdsA,ShallowMsa_005,MSAT,0.1328,0.2429,0.1328,0.2429,-0.1101,-0.1101,1,0,1,0.0,F2,-0.1092,F2,-0.0008,0.1328,0.2429,t_recall,,,,
2qqjA_4qdsA,ShallowMsa_006,MSAT,0.0026,0.0047,0.0026,0.0047,-0.0021,-0.0021,1,0,1,0.0,Amb,-0.0012,Amb,-0.0008,0.0026,0.0047,t_recall,,,,
2qqjA_4qdsA,ShallowMsa_007,MSAT,0.0054,0.0,0.0054,0.0,0.0054,0.0054,1,1,0,1.0,Amb,0.0063,Amb,-0.0008,0.0054,0.0,t_recall,,,,
2qqjA_4qdsA,ShallowMsa_008,MSAT,0.0086,0.0128,0.0086,0.0128,-0.0042,-0.0042,1,0,1,0.0,Amb,-0.0033,Amb,-0.0008,0.0086,0.0128,t_recall,,,,
2qqjA_4qdsA,ShallowMsa_009,MSAT,0.0081,0.0122,0.0081,0.0122,-0.0041,-0.0041,1,0,1,0.0,Amb,-0.0033,Amb,-0.0008,0.0081,0.0122,t_recall,,,,
2qqjA_4qdsA,ShallowMsa_010,MSAT,0.0777,0.1008,0.0777,0.1008,-0.0231,-0.0231,1,0,1,0.0,Amb,-0.0222,Amb,-0.0008,0.0777,0.1008,t_recall,,,,
2qqjA_4qdsA,ShallowMsa_011,MSAT,0.011,0.0095,0.011,0.0095,0.0015,0.0015,1,1,0,1.0,Amb,0.0024,Amb,-0.0008,0.011,0.0095,t_recall,,,,
2qqjA_4qdsA,ShallowMsa_012,MSAT,0.0434,0.0788,0.0434,0.0788,-0.0354,-0.0354,1,0,1,0.0,Amb,-0.0346,Amb,-0.0008,0.0434,0.0788,t_recall,,,,
2qqjA_4qdsA,ShallowMsa_013,MSAT,0.0024,0.0023,0.0024,0.0023,0.0001,0.0001,1,1,0,1.0,Amb,0.0009,Amb,-0.0008,0.0024,0.0023,t_recall,,,,
2qqjA_4qdsA,ShallowMsa_014,MSAT,0.0228,0.015,0.0228,0.015,0.0078,0.0078,1,1,0,1.0,Amb,0.0086,Amb,-0.0008,0.0228,0.015,t_recall,,,,
2qqjA_4qdsA,ShallowMsa_015,MSAT,0.0566,0.0971,0.0566,0.0971,-0.0405,-0.0405,1,0,1,0.0,Amb,-0.0397,Amb,-0.0008,0.0566,0.0971,t_recall,,,,
2qqjA_4qdsA,ShallowMsa_016,MSAT,0.0135,0.0071,0.0135,0.0071,0.0064,0.0064,1,1,0,1.0,Amb,0.0073,Amb,-0.0008,0.0135,0.0071,t_recall,,,,
2qqjA_4qdsA,ShallowMsa_017,MSAT,0.0053,0.0049,0.0053,0.0049,0.0004,0.0004,1,1,0,1.0,Amb,0.0013,Amb,-0.0008,0.0053,0.0049,t_recall,,,,
2qqjA_4qdsA,DeepMsa,CCMpred,0.0789,0.1432,0.0789,0.1432,-0.0643,-0.0643,1,0,1,0.0,F2,-0.0643,F2,0.0,0.0789,0.1432,t_recall,,,,
2qqjA_4qdsA,ShallowMsa_000,CCMpred,0.0093,0.0188,0.0093,0.0188,-0.0095,-0.0095,1,0,1,0.0,Amb,-0.0095,Amb,0.0,0.0093,0.0188,t_recall,,,,
2qqjA_4qdsA,ShallowMsa_001,CCMpred,0.0046,0.0094,0.0046,0.0094,-0.0048,-0.0048,1,0,1,0.0,Amb,-0.0048,Amb,0.0,0.0046,0.0094,t_recall,,,,
2qqjA_4qdsA,ShallowMsa_002,CCMpred,0.0058,0.0117,0.0058,0.0117,-0.0059,-0.0059,1,0,1,0.0,Amb,-0.0059,Amb,0.0,0.0058,0.0117,t_recall,,,,
2qqjA_4qdsA,ShallowMsa_003,CCMpred,0.0,0.0,0.0,0.0,0.0,0.0,1,0,0,0.0,Amb,0.0,Amb,0.0,0.0,0.0,t_recall,,,,
2qqjA_4qdsA,ShallowMsa_004,CCMpred,0.0012,0.0023,0.0012,0.0023,-0.0011,-0.0011,1,0,1,0.0,Amb,-0.0011,Amb,0.0,0.0012,0.0023,t_recall,,,,
2qqjA_4qdsA,ShallowMsa_005,CCMpred,0.0,0.0,0.0,0.0,0.0,0.0,1,0,0,0.0,Amb,0.0,Amb,0.0,0.0,0.0,t_recall,,,,
2qqjA_4qdsA,ShallowMsa_006,CCMpred,0.0,0.0,0.0,0.0,0.0,0.0,1,0,0,0.0,Amb,0.0,Amb,0.0,0.0,0.0,t_recall,,,,
2qqjA_4qdsA,ShallowMsa_007,CCMpred,0.0,0.0,0.0,0.0,0.0,0.0,1,0,0,0.0,Amb,0.0,Amb,0.0,0.0,0.0,t_recall,,,,
2qqjA_4qdsA,ShallowMsa_008,CCMpred,0.0012,0.0023,0.0012,0.0023,-0.0011,-0.0011,1,0,1,0.0,Amb,-0.0011,Amb,0.0,0.0012,0.0023,t_recall,,,,
2qqjA_4qdsA,ShallowMsa_009,CCMpred,0.0,0.0,0.0,0.0,0.0,0.0,1,0,0,0.0,Amb,0.0,Amb,0.0,0.0,0.0,t_recall,,,,
2qqjA_4qdsA,ShallowMsa_010,CCMpred,0.0,0.0,0.0,0.0,0.0,0.0,1,0,0,0.0,Amb,0.0,Amb,0.0,0.0,0.0,t_recall,,,,
2qqjA_4qdsA,ShallowMsa_011,CCMpred,0.0012,0.0023,0.0012,0.0023,-0.0011,-0.0011,1,0,1,0.0,Amb,-0.0011,Amb,0.0,0.0012,0.0023,t_recall,,,,
2qqjA_4qdsA,ShallowMsa_012,CCMpred,0.0,0.0,0.0,0.0,0.0,0.0,1,0,0,0.0,Amb,0.0,Amb,0.0,0.0,0.0,t_recall,,,,
2qqjA_4qdsA,ShallowMsa_013,CCMpred,0.0,0.0,0.0,0.0,0.0,0.0,1,0,0,0.0,Amb,0.0,Amb,0.0,0.0,0.0,t_recall,,,,
2qqjA_4qdsA,ShallowMsa_014,CCMpred,0.0,0.0,0.0,0.0,0.0,0.0,1,0,0,0.0,Amb,0.0,Amb,0.0,0.0,0.0,t_recall,,,,
2qqjA_4qdsA,ShallowMsa_015,CCMpred,0.0,0.0,0.0,0.0,0.0,0.0,1,0,0,0.0,Amb,0.0,Amb,0.0,0.0,0.0,t_recall,,,,
2qqjA_4qdsA,ShallowMsa_016,CCMpred,0.0,0.0,0.0,0.0,0.0,0.0,1,0,0,0.0,Amb,0.0,Amb,0.0,0.0,0.0,t_recall,,,,
2qqjA_4qdsA,ShallowMsa_017,CCMpred,0.0,0.0,0.0,0.0,0.0,0.0,1,0,0,0.0,Amb,0.0,Amb,0.0,0.0,0.0,t_recall,,,,
2qqjA_4qdsA,ShallowMsa_000,DDG,-136.3661,-68.3304,-136.3661,-68.3304,-68.0357,-68.0357,10,0,10,0.0,F2,-4.9655,F2,-63.0702,,,ddg_kcal_per_mol(delta=1.0),-68.0357,33.8529,136.3661,68.3304
2qqjA_4qdsA,ShallowMsa_001,DDG,-126.55,-64.8647,-126.55,-64.8647,-61.6853,-61.6853,10,0,10,0.0,F2,1.3849,F1,-63.0702,,,ddg_kcal_per_mol(delta=1.0),-61.6853,30.615,126.55,64.8647
2qqjA_4qdsA,ShallowMsa_002,DDG,-148.0035,-75.6159,-148.0035,-75.6159,-72.3876,-72.3876,10,0,10,0.0,F2,-9.3174,F2,-63.0702,,,ddg_kcal_per_mol(delta=1.0),-72.3876,35.9588,148.0035,75.6159
2qqjA_4qdsA,ShallowMsa_003,DDG,-117.4812,-57.616,-117.4812,-57.616,-59.8652,-59.8652,10,0,10,0.0,F2,3.205,F1,-63.0702,,,ddg_kcal_per_mol(delta=1.0),-59.8652,38.2372,117.4812,57.616
2qqjA_4qdsA,ShallowMsa_004,DDG,-137.6326,-70.9674,-137.6326,-70.9674,-66.6652,-66.6652,10,0,10,0.0,F2,-3.595,F2,-63.0702,,,ddg_kcal_per_mol(delta=1.0),-66.6652,34.7987,137.6326,70.9674
2qqjA_4qdsA,ShallowMsa_005,DDG,-132.2606,-63.2276,-132.2606,-63.2276,-69.0331,-69.0331,10,0,10,0.0,F2,-5.9629,F2,-63.0702,,,ddg_kcal_per_mol(delta=1.0),-69.0331,34.5237,132.2606,63.2276
2qqjA_4qdsA,ShallowMsa_006,DDG,-107.8351,-56.2228,-107.8351,-56.2228,-51.6123,-51.6123,10,1,9,0.1,F2,11.4579,F1,-63.0702,,,ddg_kcal_per_mol(delta=1.0),-51.6123,38.6468,107.8351,56.2228
2qqjA_4qdsA,ShallowMsa_007,DDG,-122.9553,-64.1736,-122.9553,-64.1736,-58.7816,-58.7816,10,0,10,0.0,F2,4.2886,F1,-63.0702,,,ddg_kcal_per_mol(delta=1.0),-58.7816,30.2414,122.9553,64.1736
2qqjA_4qdsA,ShallowMsa_008,DDG,-131.4677,-66.8204,-131.4677,-66.8204,-64.6473,-64.6473,10,0,10,0.0,F2,-1.5771,F2,-63.0702,,,ddg_kcal_per_mol(delta=1.0),-64.6473,27.9404,131.4677,66.8204
2qqjA_4qdsA,ShallowMsa_009,DDG,-128.4581,-73.7847,-128.4581,-73.7847,-54.6734,-54.6734,10,0,10,0.0,F2,8.3968,F1,-63.0702,,,ddg_kcal_per_mol(delta=1.0),-54.6734,34.8357,128.4581,73.7847
2qqjA_4qdsA,ShallowMsa_010,DDG,-129.5324,-65.0093,-129.5324,-65.0093,-64.5232,-64.5232,10,0,10,0.0,F2,-1.453,F2,-63.0702,,,ddg_kcal_per_mol(delta=1.0),-64.5232,33.589,129.5324,65.0093
2qqjA_4qdsA,ShallowMsa_011,DDG,-133.7408,-69.2858,-133.7408,-69.2858,-64.4551,-64.4551,10,0,10,0.0,F2,-1.3849,F2,-63.0702,,,ddg_kcal_per_mol(delta=1.0),-64.4551,33.8487,133.7408,69.2858
2qqjA_4qdsA,ShallowMsa_012,DDG,-124.4401,-71.4535,-124.4401,-71.4535,-52.9867,-52.9867,10,0,10,0.0,F2,10.0835,F1,-63.0702,,,ddg_kcal_per_mol(delta=1.0),-52.9867,33.4349,124.4401,71.4535
2qqjA_4qdsA,ShallowMsa_013,DDG,-117.7457,-60.2853,-117.7457,-60.2853,-57.4605,-57.4605,10,0,10,0.0,F2,5.6097,F1,-63.0702,,,ddg_kcal_per_mol(delta=1.0),-57.4605,33.5416,117.7457,60.2853
2qqjA_4qdsA,ShallowMsa_014,DDG,-124.4273,-69.4536,-124.4273,-69.4536,-54.9737,-54.9737,10,0,10,0.0,F2,8.0965,F1,-63.0702,,,ddg_kcal_per_mol(delta=1.0),-54.9737,37.3131,124.4273,69.4536
2qqjA_4qdsA,ShallowMsa_015,DDG,-92.9622,-68.9735,-92.9622,-68.9735,-23.9887,-23.9887,10,1,9,0.1,F2,39.0815,F1,-63.0702,,,ddg_kcal_per_mol(delta=1.0),-23.9887,26.4627,92.9622,68.9735
2qqjA_4qdsA,ShallowMsa_016,DDG,-140.6478,-71.3914,-140.6478,-71.3914,-69.2564,-69.2564,10,0,10,0.0,F2,-6.1862,F2,-63.0702,,,ddg_kcal_per_mol(delta=1.0),-69.2564,37.0814,140.6478,71.3914
2qqjA_4qdsA,ShallowMsa_017,DDG,-136.8006,-70.0103,-136.8006,-70.0103,-66.7903,-66.7903,10,1,9,0.1,F2,-3.7201,F2,-63.0702,,,ddg_kcal_per_mol(delta=1.0),-66.7903,33.1076,136.8006,70.0103
2qqjA_4qdsA,ShallowMsa_000,Boltz2,0.4632,0.4454,0.4632,0.4454,0.0179,0.0179,1,1,0,1.0,Amb,-0.0078,Amb,0.0257,,,,,,,
2qqjA_4qdsA,ShallowMsa_001,Boltz2,0.3099,0.2761,0.3099,0.2761,0.0337,0.0337,1,1,0,1.0,Amb,0.008,Amb,0.0257,,,,,,,
2qqjA_4qdsA,ShallowMsa_002,Boltz2,0.4732,0.439,0.4732,0.439,0.0343,0.0343,1,1,0,1.0,Amb,0.0086,Amb,0.0257,,,,,,,
2qqjA_4qdsA,ShallowMsa_003,Boltz2,0.5388,0.475,0.5388,0.475,0.0639,0.0639,1,1,0,1.0,F1,0.0382,Amb,0.0257,,,,,,,
2qqjA_4qdsA,ShallowMsa_004,Boltz2,0.4261,0.4296,0.4261,0.4296,-0.0034,-0.0034,1,0,1,0.0,Amb,-0.0291,Amb,0.0257,,,,,,,
2qqjA_4qdsA,ShallowMsa_005,Boltz2,0.4388,0.4358,0.4388,0.4358,0.003,0.003,1,1,0,1.0,Amb,-0.0227,Amb,0.0257,,,,,,,
2qqjA_4qdsA,ShallowMsa_007,Boltz2,0.4499,0.3418,0.4499,0.3418,0.1081,0.1081,1,1,0,1.0,F1,0.0824,F1,0.0257,,,,,,,
2qqjA_4qdsA,ShallowMsa_008,Boltz2,0.4385,0.4388,0.4385,0.4388,-0.0003,-0.0003,1,0,1,0.0,Amb,-0.026,Amb,0.0257,,,,,,,
2qqjA_4qdsA,ShallowMsa_009,Boltz2,0.4394,0.4322,0.4394,0.4322,0.0072,0.0072,1,1,0,1.0,Amb,-0.0185,Amb,0.0257,,,,,,,
2qqjA_4qdsA,ShallowMsa_010,Boltz2,0.4829,0.4378,0.4829,0.4378,0.045,0.045,1,1,0,1.0,Amb,0.0193,Amb,0.0257,,,,,,,
2qqjA_4qdsA,ShallowMsa_011,Boltz2,0.4625,0.4487,0.4625,0.4487,0.0137,0.0137,1,1,0,1.0,Amb,-0.012,Amb,0.0257,,,,,,,
2qqjA_4qdsA,ShallowMsa_013,Boltz2,0.5335,0.4598,0.5335,0.4598,0.0737,0.0737,1,1,0,1.0,F1,0.048,Amb,0.0257,,,,,,,
2qqjA_4qdsA,ShallowMsa_014,Boltz2,0.4937,0.4635,0.4937,0.4635,0.0302,0.0302,1,1,0,1.0,Amb,0.0045,Amb,0.0257,,,,,,,
2qqjA_4qdsA,ShallowMsa_016,Boltz2,0.4578,0.4321,0.4578,0.4321,0.0257,0.0257,1,1,0,1.0,Amb,0.0,Amb,0.0257,,,,,,,
2qqjA_4qdsA,ShallowMsa_017,Boltz2,0.4798,0.4714,0.4798,0.4714,0.0083,0.0083,1,1,0,1.0,Amb,-0.0174,Amb,0.0257,,,,,,,
2uy7D_5fluE,DeepMsa,AF2,0.748,0.9262,0.7477,0.9119,-0.1781,-0.1642,2,0,2,0.0,F2,-0.1781,F2,-0.0981,,,,,,,
2uy7D_5fluE,ShallowMsa_000,AF2,0.5448,0.6339,0.5426,0.6166,-0.0891,-0.0741,2,0,2,0.0,F2,0.009,Amb,-0.0981,,,,,,,
2uy7D_5fluE,ShallowMsa_001,AF2,0.7324,0.864,0.7299,0.8602,-0.1316,-0.1303,2,0,2,0.0,F2,-0.0335,Amb,-0.0981,,,,,,,
2uy7D_5fluE,ShallowMsa_002,AF2,0.6145,0.6732,0.6134,0.6541,-0.0588,-0.0407,2,0,2,0.0,F2,0.0393,Amb,-0.0981,,,,,,,
2uy7D_5fluE,ShallowMsa_003,AF2,0.584,0.6929,0.5835,0.6893,-0.1089,-0.1058,2,0,2,0.0,F2,-0.0108,Amb,-0.0981,,,,,,,
2uy7D_5fluE,ShallowMsa_004,AF2,0.4808,0.5064,0.4782,0.5057,-0.0256,-0.0275,2,0,2,0.0,Amb,0.0725,F1,-0.0981,,,,,,,
2uy7D_5fluE,ShallowMsa_005,AF2,0.7223,0.8515,0.7201,0.8464,-0.1292,-0.1262,2,0,2,0.0,F2,-0.0311,Amb,-0.0981,,,,,,,
2uy7D_5fluE,ShallowMsa_006,AF2,0.7489,0.9298,0.7467,0.9147,-0.181,-0.168,2,0,2,0.0,F2,-0.0829,F2,-0.0981,,,,,,,
2uy7D_5fluE,ShallowMsa_007,AF2,0.7017,0.8073,0.6593,0.7775,-0.1056,-0.1182,2,0,2,0.0,F2,-0.0075,Amb,-0.0981,,,,,,,
2uy7D_5fluE,ShallowMsa_008,AF2,0.6985,0.7966,0.669,0.7623,-0.0981,-0.0932,2,0,2,0.0,F2,0.0,Amb,-0.0981,,,,,,,
2uy7D_5fluE,ShallowMsa_009,AF2,0.6069,0.7058,0.6063,0.7027,-0.0989,-0.0964,2,0,2,0.0,F2,-0.0008,Amb,-0.0981,,,,,,,
2uy7D_5fluE,ShallowMsa_010,AF2,0.6809,0.7772,0.6755,0.7756,-0.0963,-0.1001,2,0,2,0.0,F2,0.0018,Amb,-0.0981,,,,,,,
2uy7D_5fluE,ShallowMsa_011,AF2,0.5213,0.6167,0.5116,0.6086,-0.0954,-0.0971,2,0,2,0.0,F2,0.0027,Amb,-0.0981,,,,,,,
2uy7D_5fluE,ShallowMsa_012,AF2,0.6075,0.6773,0.6002,0.6586,-0.0698,-0.0583,2,0,2,0.0,F2,0.0283,Amb,-0.0981,,,,,,,
2uy7D_5fluE,ShallowMsa_013,AF2,0.7163,0.7644,0.7014,0.7622,-0.0481,-0.0608,2,0,2,0.0,Amb,0.05,F1,-0.0981,,,,,,,
2uy7D_5fluE,ShallowMsa_014,AF2,0.6693,0.771,0.6674,0.7681,-0.1017,-0.1006,2,0,2,0.0,F2,-0.0036,Amb,-0.0981,,,,,,,
2uy7D_5fluE,ShallowMsa_015,AF2,0.6647,0.6759,0.637,0.6551,-0.0112,-0.0181,2,0,2,0.0,Amb,0.0869,F1,-0.0981,,,,,,,
2uy7D_5fluE,ShallowMsa_016,AF2,0.6856,0.8107,0.6765,0.7843,-0.1251,-0.1078,2,0,2,0.0,F2,-0.027,Amb,-0.0981,,,,,,,
2uy7D_5fluE,ShallowMsa_017,AF2,0.6352,0.7552,0.6348,0.7495,-0.12,-0.1147,2,0,2,0.0,F2,-0.0219,Amb,-0.0981,,,,,,,
2uy7D_5fluE,ShallowMsa_018,AF2,0.6034,0.6299,0.5998,0.6288,-0.0265,-0.029,2,0,2,0.0,Amb,0.0716,F1,-0.0981,,,,,,,
2uy7D_5fluE,ShallowMsa_019,AF2,0.5953,0.6503,0.5821,0.6312,-0.0549,-0.0491,2,0,2,0.0,F2,0.0432,Amb,-0.0981,,,,,,,
2uy7D_5fluE,ShallowMsa_020,AF2,0.6152,0.7528,0.6134,0.7499,-0.1376,-0.1365,2,0,2,0.0,F2,-0.0395,Amb,-0.0981,,,,,,,
2uy7D_5fluE,DeepMsa,AF3,0.7458,0.9151,0.7445,0.9035,-0.1693,-0.159,2,0,2,0.0,F2,-0.1693,F2,-0.0983,,,,,,,
2uy7D_5fluE,ShallowMsa_000,AF3,0.5537,0.6473,0.5517,0.6454,-0.0936,-0.0937,2,0,2,0.0,F2,0.0047,Amb,-0.0983,,,,,,,
2uy7D_5fluE,ShallowMsa_001,AF3,0.7394,0.8617,0.7345,0.855,-0.1223,-0.1205,2,0,2,0.0,F2,-0.024,Amb,-0.0983,,,,,,,
2uy7D_5fluE,ShallowMsa_002,AF3,0.6032,0.6852,0.5779,0.6508,-0.0821,-0.0729,2,0,2,0.0,F2,0.0162,Amb,-0.0983,,,,,,,
2uy7D_5fluE,ShallowMsa_003,AF3,0.6086,0.7327,0.6067,0.7283,-0.1241,-0.1216,2,0,2,0.0,F2,-0.0258,Amb,-0.0983,,,,,,,
2uy7D_5fluE,ShallowMsa_004,AF3,0.4419,0.519,0.4397,0.5071,-0.0772,-0.0674,2,0,2,0.0,F2,0.0211,Amb,-0.0983,,,,,,,
2uy7D_5fluE,ShallowMsa_005,AF3,0.7159,0.8384,0.7139,0.83,-0.1225,-0.1161,2,0,2,0.0,F2,-0.0242,Amb,-0.0983,,,,,,,
2uy7D_5fluE,ShallowMsa_006,AF3,0.7448,0.9049,0.7446,0.8973,-0.1601,-0.1528,2,0,2,0.0,F2,-0.0618,F2,-0.0983,,,,,,,
2uy7D_5fluE,ShallowMsa_007,AF3,0.6999,0.8131,0.6656,0.7742,-0.1132,-0.1085,2,0,2,0.0,F2,-0.0149,Amb,-0.0983,,,,,,,
2uy7D_5fluE,ShallowMsa_008,AF3,0.7123,0.8007,0.6601,0.7573,-0.0884,-0.0972,2,0,2,0.0,F2,0.0099,Amb,-0.0983,,,,,,,
2uy7D_5fluE,ShallowMsa_009,AF3,0.6096,0.7116,0.5999,0.7048,-0.102,-0.1048,2,0,2,0.0,F2,-0.0037,Amb,-0.0983,,,,,,,
2uy7D_5fluE,ShallowMsa_010,AF3,0.7123,0.7877,0.7014,0.7787,-0.0754,-0.0773,2,0,2,0.0,F2,0.0229,Amb,-0.0983,,,,,,,
2uy7D_5fluE,ShallowMsa_011,AF3,0.4857,0.6147,0.4847,0.6126,-0.129,-0.1278,2,0,2,0.0,F2,-0.0307,Amb,-0.0983,,,,,,,
2uy7D_5fluE,ShallowMsa_012,AF3,0.5856,0.6695,0.5812,0.6379,-0.0839,-0.0567,2,0,2,0.0,F2,0.0144,Amb,-0.0983,,,,,,,
2uy7D_5fluE,ShallowMsa_013,AF3,0.6968,0.773,0.6949,0.7684,-0.0761,-0.0734,2,0,2,0.0,F2,0.0222,Amb,-0.0983,,,,,,,
2uy7D_5fluE,ShallowMsa_014,AF3,0.6621,0.7605,0.6597,0.7556,-0.0983,-0.0958,2,0,2,0.0,F2,0.0,Amb,-0.0983,,,,,,,
2uy7D_5fluE,ShallowMsa_015,AF3,0.6768,0.7071,0.6754,0.7045,-0.0303,-0.0291,2,0,2,0.0,Amb,0.068,F1,-0.0983,,,,,,,
2uy7D_5fluE,ShallowMsa_016,AF3,0.6896,0.8157,0.6888,0.8117,-0.1261,-0.1228,2,0,2,0.0,F2,-0.0278,Amb,-0.0983,,,,,,,
2uy7D_5fluE,ShallowMsa_017,AF3,0.6435,0.7483,0.6425,0.748,-0.1048,-0.1055,2,0,2,0.0,F2,-0.0065,Amb,-0.0983,,,,,,,
2uy7D_5fluE,ShallowMsa_018,AF3,0.6117,0.6142,0.6011,0.6105,-0.0024,-0.0095,2,0,2,0.0,Amb,0.0959,F1,-0.0983,,,,,,,
2uy7D_5fluE,ShallowMsa_019,AF3,0.5843,0.6575,0.5817,0.6206,-0.0733,-0.0389,2,1,1,0.5,F2,0.025,Amb,-0.0983,,,,,,,
2uy7D_5fluE,ShallowMsa_020,AF3,0.6216,0.7711,0.6216,0.7702,-0.1495,-0.1485,2,0,2,0.0,F2,-0.0512,F2,-0.0983,,,,,,,
2uy7D_5fluE,ShallowMsa_000,ESM,0.7197,0.7555,0.5834,0.6136,-0.0358,-0.0302,20,2,18,0.1,Amb,0.0079,Amb,-0.0437,,,,,,,
2uy7D_5fluE,ShallowMsa_001,ESM,0.7277,0.7784,0.5982,0.6311,-0.0508,-0.0328,20,4,16,0.2,Amb,-0.0071,Amb,-0.0437,,,,,,,
2uy7D_5fluE,ShallowMsa_002,ESM,0.7241,0.749,0.6054,0.6213,-0.0249,-0.0159,20,8,12,0.4,Amb,0.0188,Amb,-0.0437,,,,,,,
2uy7D_5fluE,ShallowMsa_003,ESM,0.7113,0.7663,0.6833,0.7337,-0.055,-0.0505,20,0,20,0.0,F2,-0.0113,Amb,-0.0437,,,,,,,
2uy7D_5fluE,ShallowMsa_004,ESM,0.7055,0.7657,0.5625,0.591,-0.0602,-0.0286,20,4,16,0.2,Amb,-0.0165,Amb,-0.0437,,,,,,,
2uy7D_5fluE,ShallowMsa_005,ESM,0.7482,0.7852,0.6211,0.6518,-0.0369,-0.0307,20,2,18,0.1,Amb,0.0068,Amb,-0.0437,,,,,,,
2uy7D_5fluE,ShallowMsa_006,ESM,0.7714,0.8319,0.6253,0.6597,-0.0605,-0.0343,20,4,16,0.2,Amb,-0.0168,Amb,-0.0437,,,,,,,
2uy7D_5fluE,ShallowMsa_007,ESM,0.7066,0.7659,0.675,0.7211,-0.0593,-0.0461,20,2,18,0.1,Amb,-0.0156,Amb,-0.0437,,,,,,,
2uy7D_5fluE,ShallowMsa_008,ESM,0.6891,0.7316,0.5994,0.6334,-0.0426,-0.034,20,2,18,0.1,Amb,0.0011,Amb,-0.0437,,,,,,,
2uy7D_5fluE,ShallowMsa_009,ESM,0.7162,0.7599,0.5593,0.602,-0.0437,-0.0428,20,2,18,0.1,Amb,0.0,Amb,-0.0437,,,,,,,
2uy7D_5fluE,ShallowMsa_010,ESM,0.6923,0.745,0.5482,0.5731,-0.0527,-0.0249,20,4,16,0.2,Amb,-0.009,Amb,-0.0437,,,,,,,
2uy7D_5fluE,ShallowMsa_011,ESM,0.7396,0.7553,0.5771,0.6038,-0.0158,-0.0267,20,2,18,0.1,Amb,0.0279,Amb,-0.0437,,,,,,,
2uy7D_5fluE,ShallowMsa_012,ESM,0.7031,0.74,0.6352,0.6654,-0.037,-0.0302,20,2,18,0.1,Amb,0.0067,Amb,-0.0437,,,,,,,
2uy7D_5fluE,ShallowMsa_013,ESM,0.7046,0.7209,0.6317,0.6489,-0.0163,-0.0172,20,5,15,0.25,Amb,0.0274,Amb,-0.0437,,,,,,,
2uy7D_5fluE,ShallowMsa_014,ESM,0.7214,0.754,0.619,0.6483,-0.0327,-0.0293,20,4,16,0.2,Amb,0.011,Amb,-0.0437,,,,,,,
2uy7D_5fluE,ShallowMsa_015,ESM,0.7073,0.7191,0.5366,0.5498,-0.0118,-0.0132,20,6,14,0.3,Amb,0.0319,Amb,-0.0437,,,,,,,
2uy7D_5fluE,ShallowMsa_016,ESM,0.715,0.7641,0.5086,0.5318,-0.0491,-0.0232,20,6,14,0.3,Amb,-0.0054,Amb,-0.0437,,,,,,,
2uy7D_5fluE,ShallowMsa_017,ESM,0.7156,0.7497,0.6757,0.7065,-0.0341,-0.0308,20,4,16,0.2,Amb,0.0096,Amb,-0.0437,,,,,,,
2uy7D_5fluE,ShallowMsa_018,ESM,0.6908,0.7494,0.5896,0.6319,-0.0586,-0.0423,20,4,16,0.2,Amb,-0.0149,Amb,-0.0437,,,,,,,
2uy7D_5fluE,ShallowMsa_019,ESM,0.6904,0.7347,0.6362,0.6782,-0.0443,-0.0419,20,0,20,0.0,Amb,-0.0006,Amb,-0.0437,,,,,,,
2uy7D_5fluE,ShallowMsa_020,ESM,0.6917,0.736,0.6733,0.709,-0.0443,-0.0357,20,1,19,0.05,Amb,-0.0006,Amb,-0.0437,,,,,,,
2uy7D_5fluE,DeepMsa,MSAT,0.2967,0.3109,0.2967,0.3109,-0.0142,-0.0142,1,0,1,0.0,Amb,-0.0142,Amb,0.0,0.2967,0.3109,t_recall,,,,
2uy7D_5fluE,ShallowMsa_000,MSAT,0.004,0.0078,0.004,0.0078,-0.0038,-0.0038,1,0,1,0.0,Amb,-0.0038,Amb,0.0,0.004,0.0078,t_recall,,,,
2uy7D_5fluE,ShallowMsa_001,MSAT,0.0075,0.011,0.0075,0.011,-0.0035,-0.0035,1,0,1,0.0,Amb,-0.0035,Amb,0.0,0.0075,0.011,t_recall,,,,
2uy7D_5fluE,ShallowMsa_002,MSAT,0.0,0.0,0.0,0.0,0.0,0.0,1,0,0,0.0,Amb,0.0,Amb,0.0,0.0,0.0,t_recall,,,,
2uy7D_5fluE,ShallowMsa_003,MSAT,0.0,0.0,0.0,0.0,0.0,0.0,1,0,0,0.0,Amb,0.0,Amb,0.0,0.0,0.0,t_recall,,,,
2uy7D_5fluE,ShallowMsa_004,MSAT,0.0,0.0,0.0,0.0,0.0,0.0,1,0,0,0.0,Amb,0.0,Amb,0.0,0.0,0.0,t_recall,,,,
2uy7D_5fluE,ShallowMsa_005,MSAT,0.0,0.0,0.0,0.0,0.0,0.0,1,0,0,0.0,Amb,0.0,Amb,0.0,0.0,0.0,t_recall,,,,
2uy7D_5fluE,ShallowMsa_006,MSAT,0.0867,0.0865,0.0867,0.0865,0.0002,0.0002,1,1,0,1.0,Amb,0.0002,Amb,0.0,0.0867,0.0865,t_recall,,,,
2uy7D_5fluE,ShallowMsa_007,MSAT,0.0175,0.0214,0.0175,0.0214,-0.0039,-0.0039,1,0,1,0.0,Amb,-0.0039,Amb,0.0,0.0175,0.0214,t_recall,,,,
2uy7D_5fluE,ShallowMsa_008,MSAT,0.0172,0.0175,0.0172,0.0175,-0.0003,-0.0003,1,0,1,0.0,Amb,-0.0003,Amb,0.0,0.0172,0.0175,t_recall,,,,
2uy7D_5fluE,ShallowMsa_009,MSAT,0.0039,0.0077,0.0039,0.0077,-0.0038,-0.0038,1,0,1,0.0,Amb,-0.0038,Amb,0.0,0.0039,0.0077,t_recall,,,,
2uy7D_5fluE,ShallowMsa_010,MSAT,0.0119,0.0078,0.0119,0.0078,0.0041,0.0041,1,1,0,1.0,Amb,0.0041,Amb,0.0,0.0119,0.0078,t_recall,,,,
2uy7D_5fluE,ShallowMsa_011,MSAT,0.0079,0.0118,0.0079,0.0118,-0.0039,-0.0039,1,0,1,0.0,Amb,-0.0039,Amb,0.0,0.0079,0.0118,t_recall,,,,
2uy7D_5fluE,ShallowMsa_012,MSAT,0.0078,0.0115,0.0078,0.0115,-0.0037,-0.0037,1,0,1,0.0,Amb,-0.0037,Amb,0.0,0.0078,0.0115,t_recall,,,,
2uy7D_5fluE,ShallowMsa_013,MSAT,0.0115,0.0113,0.0115,0.0113,0.0002,0.0002,1,1,0,1.0,Amb,0.0002,Amb,0.0,0.0115,0.0113,t_recall,,,,
2uy7D_5fluE,ShallowMsa_014,MSAT,0.0,0.0,0.0,0.0,0.0,0.0,1,0,0,0.0,Amb,0.0,Amb,0.0,0.0,0.0,t_recall,,,,
2uy7D_5fluE,ShallowMsa_015,MSAT,0.0088,0.0042,0.0088,0.0042,0.0046,0.0046,1,1,0,1.0,Amb,0.0046,Amb,0.0,0.0088,0.0042,t_recall,,,,
2uy7D_5fluE,ShallowMsa_016,MSAT,0.0041,0.0041,0.0041,0.0041,0.0,0.0,1,0,0,0.0,Amb,0.0,Amb,0.0,0.0041,0.0041,t_recall,,,,
2uy7D_5fluE,ShallowMsa_017,MSAT,0.0039,0.0038,0.0039,0.0038,0.0001,0.0001,1,1,0,1.0,Amb,0.0001,Amb,0.0,0.0039,0.0038,t_recall,,,,
2uy7D_5fluE,ShallowMsa_018,MSAT,0.0,0.0,0.0,0.0,0.0,0.0,1,0,0,0.0,Amb,0.0,Amb,0.0,0.0,0.0,t_recall,,,,
2uy7D_5fluE,ShallowMsa_019,MSAT,0.0,0.0,0.0,0.0,0.0,0.0,1,0,0,0.0,Amb,0.0,Amb,0.0,0.0,0.0,t_recall,,,,
2uy7D_5fluE,ShallowMsa_020,MSAT,0.0,0.0,0.0,0.0,0.0,0.0,1,0,0,0.0,Amb,0.0,Amb,0.0,0.0,0.0,t_recall,,,,
2uy7D_5fluE,DeepMsa,CCMpred,0.0267,0.0288,0.0267,0.0288,-0.0021,-0.0021,1,0,1,0.0,Amb,-0.0021,Amb,0.0,0.0267,0.0288,t_recall,,,,
2uy7D_5fluE,ShallowMsa_000,CCMpred,0.0,0.0,0.0,0.0,0.0,0.0,1,0,0,0.0,Amb,0.0,Amb,0.0,0.0,0.0,t_recall,,,,
2uy7D_5fluE,ShallowMsa_001,CCMpred,0.0,0.0,0.0,0.0,0.0,0.0,1,0,0,0.0,Amb,0.0,Amb,0.0,0.0,0.0,t_recall,,,,
2uy7D_5fluE,ShallowMsa_002,CCMpred,0.0,0.0,0.0,0.0,0.0,0.0,1,0,0,0.0,Amb,0.0,Amb,0.0,0.0,0.0,t_recall,,,,
2uy7D_5fluE,ShallowMsa_003,CCMpred,0.0,0.0,0.0,0.0,0.0,0.0,1,0,0,0.0,Amb,0.0,Amb,0.0,0.0,0.0,t_recall,,,,
2uy7D_5fluE,ShallowMsa_004,CCMpred,0.0,0.0,0.0,0.0,0.0,0.0,1,0,0,0.0,Amb,0.0,Amb,0.0,0.0,0.0,t_recall,,,,
2uy7D_5fluE,ShallowMsa_005,CCMpred,0.0,0.0,0.0,0.0,0.0,0.0,1,0,0,0.0,Amb,0.0,Amb,0.0,0.0,0.0,t_recall,,,,
2uy7D_5fluE,ShallowMsa_006,CCMpred,0.0,0.0,0.0,0.0,0.0,0.0,1,0,0,0.0,Amb,0.0,Amb,0.0,0.0,0.0,t_recall,,,,
2uy7D_5fluE,ShallowMsa_007,CCMpred,0.0,0.0,0.0,0.0,0.0,0.0,1,0,0,0.0,Amb,0.0,Amb,0.0,0.0,0.0,t_recall,,,,
2uy7D_5fluE,ShallowMsa_008,CCMpred,0.0,0.0,0.0,0.0,0.0,0.0,1,0,0,0.0,Amb,0.0,Amb,0.0,0.0,0.0,t_recall,,,,
2uy7D_5fluE,ShallowMsa_009,CCMpred,0.0,0.0,0.0,0.0,0.0,0.0,1,0,0,0.0,Amb,0.0,Amb,0.0,0.0,0.0,t_recall,,,,
2uy7D_5fluE,ShallowMsa_010,CCMpred,0.0,0.0,0.0,0.0,0.0,0.0,1,0,0,0.0,Amb,0.0,Amb,0.0,0.0,0.0,t_recall,,,,
2uy7D_5fluE,ShallowMsa_011,CCMpred,0.0,0.0,0.0,0.0,0.0,0.0,1,0,0,0.0,Amb,0.0,Amb,0.0,0.0,0.0,t_recall,,,,
2uy7D_5fluE,ShallowMsa_012,CCMpred,0.0,0.0,0.0,0.0,0.0,0.0,1,0,0,0.0,Amb,0.0,Amb,0.0,0.0,0.0,t_recall,,,,
2uy7D_5fluE,ShallowMsa_013,CCMpred,0.0,0.0,0.0,0.0,0.0,0.0,1,0,0,0.0,Amb,0.0,Amb,0.0,0.0,0.0,t_recall,,,,
2uy7D_5fluE,ShallowMsa_014,CCMpred,0.0,0.0,0.0,0.0,0.0,0.0,1,0,0,0.0,Amb,0.0,Amb,0.0,0.0,0.0,t_recall,,,,
2uy7D_5fluE,ShallowMsa_015,CCMpred,0.0,0.0,0.0,0.0,0.0,0.0,1,0,0,0.0,Amb,0.0,Amb,0.0,0.0,0.0,t_recall,,,,
2uy7D_5fluE,ShallowMsa_016,CCMpred,0.0,0.0,0.0,0.0,0.0,0.0,1,0,0,0.0,Amb,0.0,Amb,0.0,0.0,0.0,t_recall,,,,
2uy7D_5fluE,ShallowMsa_017,CCMpred,0.0,0.0,0.0,0.0,0.0,0.0,1,0,0,0.0,Amb,0.0,Amb,0.0,0.0,0.0,t_recall,,,,
2uy7D_5fluE,ShallowMsa_018,CCMpred,0.0,0.0,0.0,0.0,0.0,0.0,1,0,0,0.0,Amb,0.0,Amb,0.0,0.0,0.0,t_recall,,,,
2uy7D_5fluE,ShallowMsa_019,CCMpred,0.0,0.0,0.0,0.0,0.0,0.0,1,0,0,0.0,Amb,0.0,Amb,0.0,0.0,0.0,t_recall,,,,
2uy7D_5fluE,ShallowMsa_020,CCMpred,0.0,0.0,0.0,0.0,0.0,0.0,1,0,0,0.0,Amb,0.0,Amb,0.0,0.0,0.0,t_recall,,,,
2uy7D_5fluE,ShallowMsa_000,DDG,-34.6689,-37.6504,-34.6689,-37.6504,2.9815,2.9815,10,8,2,0.8,F1,0.0,Amb,2.9815,,,ddg_kcal_per_mol(delta=1.0),2.9815,3.5028,34.6689,37.6504
2uy7D_5fluE,ShallowMsa_001,DDG,-33.8613,-36.9483,-33.8613,-36.9483,3.087,3.087,10,10,0,1.0,F1,0.1055,Amb,2.9815,,,ddg_kcal_per_mol(delta=1.0),3.087,1.1737,33.8613,36.9483
2uy7D_5fluE,ShallowMsa_002,DDG,-36.7838,-39.0974,-36.7838,-39.0974,2.3136,2.3136,10,8,2,0.8,F1,-0.6679,Amb,2.9815,,,ddg_kcal_per_mol(delta=1.0),2.3136,3.0358,36.7838,39.0974
2uy7D_5fluE,ShallowMsa_003,DDG,-40.9146,-43.8609,-40.9146,-43.8609,2.9463,2.9463,10,6,4,0.6,F1,-0.0352,Amb,2.9815,,,ddg_kcal_per_mol(delta=1.0),2.9463,3.7963,40.9146,43.8609
2uy7D_5fluE,ShallowMsa_004,DDG,-35.3556,-37.9494,-35.3556,-37.9494,2.5938,2.5938,10,7,3,0.7,F1,-0.3877,Amb,2.9815,,,ddg_kcal_per_mol(delta=1.0),2.5938,2.5087,35.3556,37.9494
2uy7D_5fluE,ShallowMsa_005,DDG,-24.6358,-26.9975,-24.6358,-26.9975,2.3617,2.3617,10,7,3,0.7,F1,-0.6198,Amb,2.9815,,,ddg_kcal_per_mol(delta=1.0),2.3617,3.1326,24.6358,26.9975
2uy7D_5fluE,ShallowMsa_006,DDG,-29.8845,-31.4508,-29.8845,-31.4508,1.5663,1.5663,10,8,2,0.8,F1,-1.4152,F2,2.9815,,,ddg_kcal_per_mol(delta=1.0),1.5663,2.4859,29.8845,31.4508
2uy7D_5fluE,ShallowMsa_007,DDG,-42.1776,-45.0945,-42.1776,-45.0945,2.9169,2.9169,10,8,2,0.8,F1,-0.0646,Amb,2.9815,,,ddg_kcal_per_mol(delta=1.0),2.9169,2.8179,42.1776,45.0945
2uy7D_5fluE,ShallowMsa_008,DDG,-36.1419,-40.1636,-36.1419,-40.1636,4.0217,4.0217,10,10,0,1.0,F1,1.0402,F1,2.9815,,,ddg_kcal_per_mol(delta=1.0),4.0217,2.1543,36.1419,40.1636
2uy7D_5fluE,ShallowMsa_009,DDG,-30.9411,-35.5636,-30.9411,-35.5636,4.6224,4.6224,10,10,0,1.0,F1,1.6409,F1,2.9815,,,ddg_kcal_per_mol(delta=1.0),4.6224,2.3933,30.9411,35.5636
2uy7D_5fluE,ShallowMsa_010,DDG,-34.8001,-38.7383,-34.8001,-38.7383,3.9383,3.9383,10,9,1,0.9,F1,0.9568,Amb,2.9815,,,ddg_kcal_per_mol(delta=1.0),3.9383,3.2602,34.8001,38.7383
2uy7D_5fluE,ShallowMsa_011,DDG,-35.3673,-38.8902,-35.3673,-38.8902,3.5228,3.5228,10,9,1,0.9,F1,0.5413,Amb,2.9815,,,ddg_kcal_per_mol(delta=1.0),3.5228,3.2709,35.3673,38.8902
2uy7D_5fluE,ShallowMsa_012,DDG,-37.6749,-40.7114,-37.6749,-40.7114,3.0366,3.0366,10,10,0,1.0,F1,0.0551,Amb,2.9815,,,ddg_kcal_per_mol(delta=1.0),3.0366,1.311,37.6749,40.7114
2uy7D_5fluE,ShallowMsa_013,DDG,-41.9484,-44.801,-41.9484,-44.801,2.8526,2.8526,10,9,1,0.9,F1,-0.1289,Amb,2.9815,,,ddg_kcal_per_mol(delta=1.0),2.8526,2.921,41.9484,44.801
2uy7D_5fluE,ShallowMsa_014,DDG,-36.1314,-37.971,-36.1314,-37.971,1.8396,1.8396,10,8,2,0.8,F1,-1.1419,F2,2.9815,,,ddg_kcal_per_mol(delta=1.0),1.8396,2.5743,36.1314,37.971
2uy7D_5fluE,ShallowMsa_015,DDG,-32.1044,-36.0089,-32.1044,-36.0089,3.9045,3.9045,10,7,3,0.7,F1,0.923,Amb,2.9815,,,ddg_kcal_per_mol(delta=1.0),3.9045,3.9297,32.1044,36.0089
2uy7D_5fluE,ShallowMsa_016,DDG,-28.351,-33.0586,-28.351,-33.0586,4.7076,4.7076,10,10,0,1.0,F1,1.7261,F1,2.9815,,,ddg_kcal_per_mol(delta=1.0),4.7076,1.9155,28.351,33.0586
2uy7D_5fluE,ShallowMsa_017,DDG,-40.4247,-43.3167,-40.4247,-43.3167,2.8919,2.8919,10,7,3,0.7,F1,-0.0896,Amb,2.9815,,,ddg_kcal_per_mol(delta=1.0),2.8919,3.7674,40.4247,43.3167
2uy7D_5fluE,ShallowMsa_018,DDG,-35.7705,-37.4375,-35.7705,-37.4375,1.667,1.667,10,6,4,0.6,F1,-1.3145,F2,2.9815,,,ddg_kcal_per_mol(delta=1.0),1.667,3.3889,35.7705,37.4375
2uy7D_5fluE,ShallowMsa_019,DDG,-38.2799,-42.8113,-38.2799,-42.8113,4.5314,4.5314,10,9,1,0.9,F1,1.5499,F1,2.9815,,,ddg_kcal_per_mol(delta=1.0),4.5314,3.0565,38.2799,42.8113
2uy7D_5fluE,ShallowMsa_020,DDG,-39.6778,-43.7418,-39.6778,-43.7418,4.064,4.064,10,9,1,0.9,F1,1.0825,F1,2.9815,,,ddg_kcal_per_mol(delta=1.0),4.064,2.1705,39.6778,43.7418
2uy7D_5fluE,ShallowMsa_000,Boltz2,0.3583,0.4905,0.3583,0.4905,-0.1322,-0.1322,1,0,1,0.0,F2,0.0133,Amb,-0.1455,,,,,,,
2uy7D_5fluE,ShallowMsa_001,Boltz2,0.3627,0.552,0.3627,0.552,-0.1893,-0.1893,1,0,1,0.0,F2,-0.0438,Amb,-0.1455,,,,,,,
2uy7D_5fluE,ShallowMsa_002,Boltz2,0.4079,0.6621,0.4079,0.6621,-0.2543,-0.2543,1,0,1,0.0,F2,-0.1088,F2,-0.1455,,,,,,,
2uy7D_5fluE,ShallowMsa_003,Boltz2,0.2897,0.4359,0.2897,0.4359,-0.1462,-0.1462,1,0,1,0.0,F2,-0.0007,Amb,-0.1455,,,,,,,
2uy7D_5fluE,ShallowMsa_004,Boltz2,0.3225,0.4493,0.3225,0.4493,-0.1268,-0.1268,1,0,1,0.0,F2,0.0187,Amb,-0.1455,,,,,,,
2uy7D_5fluE,ShallowMsa_005,Boltz2,0.4488,0.4318,0.4488,0.4318,0.0171,0.0171,1,1,0,1.0,Amb,0.1626,F1,-0.1455,,,,,,,
2uy7D_5fluE,ShallowMsa_006,Boltz2,0.2962,0.4417,0.2962,0.4417,-0.1455,-0.1455,1,0,1,0.0,F2,0.0,Amb,-0.1455,,,,,,,
2uy7D_5fluE,ShallowMsa_007,Boltz2,0.3288,0.5223,0.3288,0.5223,-0.1935,-0.1935,1,0,1,0.0,F2,-0.048,Amb,-0.1455,,,,,,,
2uy7D_5fluE,ShallowMsa_008,Boltz2,0.4139,0.5833,0.4139,0.5833,-0.1694,-0.1694,1,0,1,0.0,F2,-0.0239,Amb,-0.1455,,,,,,,
2uy7D_5fluE,ShallowMsa_009,Boltz2,0.328,0.4765,0.328,0.4765,-0.1485,-0.1485,1,0,1,0.0,F2,-0.003,Amb,-0.1455,,,,,,,
2uy7D_5fluE,ShallowMsa_010,Boltz2,0.4075,0.4691,0.4075,0.4691,-0.0616,-0.0616,1,0,1,0.0,F2,0.0839,F1,-0.1455,,,,,,,
2uy7D_5fluE,ShallowMsa_011,Boltz2,0.2694,0.4897,0.2694,0.4897,-0.2204,-0.2204,1,0,1,0.0,F2,-0.0749,F2,-0.1455,,,,,,,
2uy7D_5fluE,ShallowMsa_012,Boltz2,0.4026,0.5074,0.4026,0.5074,-0.1049,-0.1049,1,0,1,0.0,F2,0.0406,Amb,-0.1455,,,,,,,
2uy7D_5fluE,ShallowMsa_013,Boltz2,0.3104,0.5156,0.3104,0.5156,-0.2052,-0.2052,1,0,1,0.0,F2,-0.0597,F2,-0.1455,,,,,,,
2uy7D_5fluE,ShallowMsa_014,Boltz2,0.4104,0.472,0.4104,0.472,-0.0616,-0.0616,1,0,1,0.0,F2,0.0839,F1,-0.1455,,,,,,,
2uy7D_5fluE,ShallowMsa_015,Boltz2,0.2846,0.3702,0.2846,0.3702,-0.0856,-0.0856,1,0,1,0.0,F2,0.0599,F1,-0.1455,,,,,,,
2uy7D_5fluE,ShallowMsa_016,Boltz2,0.3428,0.4053,0.3428,0.4053,-0.0625,-0.0625,1,0,1,0.0,F2,0.083,F1,-0.1455,,,,,,,
2uy7D_5fluE,ShallowMsa_017,Boltz2,0.3467,0.4746,0.3467,0.4746,-0.1279,-0.1279,1,0,1,0.0,F2,0.0176,Amb,-0.1455,,,,,,,
2uy7D_5fluE,ShallowMsa_018,Boltz2,0.3086,0.441,0.3086,0.441,-0.1323,-0.1323,1,0,1,0.0,F2,0.0132,Amb,-0.1455,,,,,,,
2uy7D_5fluE,ShallowMsa_019,Boltz2,0.4159,0.619,0.4159,0.619,-0.2031,-0.2031,1,0,1,0.0,F2,-0.0576,F2,-0.1455,,,,,,,
2uy7D_5fluE,ShallowMsa_020,Boltz2,0.3118,0.5688,0.3118,0.5688,-0.257,-0.257,1,0,1,0.0,F2,-0.1115,F2,-0.1455,,,,,,,
2vfxL_3gmhL,DeepMsa,AF2,0.9394,0.7114,0.914,0.7075,0.2281,0.2065,2,2,0,1.0,F1,0.2281,F1,0.1734,,,,,,,
2vfxL_3gmhL,ShallowMsa_000,AF2,0.8905,0.6923,0.8847,0.6919,0.1982,0.1927,2,2,0,1.0,F1,0.0248,Amb,0.1734,,,,,,,
2vfxL_3gmhL,ShallowMsa_001,AF2,0.8997,0.7054,0.8851,0.7044,0.1942,0.1808,2,2,0,1.0,F1,0.0209,Amb,0.1734,,,,,,,
2vfxL_3gmhL,ShallowMsa_002,AF2,0.8693,0.6929,0.8639,0.6921,0.1764,0.1717,2,2,0,1.0,F1,0.003,Amb,0.1734,,,,,,,
2vfxL_3gmhL,ShallowMsa_003,AF2,0.5524,0.5553,0.546,0.5465,-0.003,-0.0005,2,1,1,0.5,Amb,-0.1764,F2,0.1734,,,,,,,
2vfxL_3gmhL,ShallowMsa_004,AF2,0.8206,0.703,0.7779,0.6977,0.1177,0.0803,2,2,0,1.0,F1,-0.0557,F2,0.1734,,,,,,,
2vfxL_3gmhL,ShallowMsa_005,AF2,0.5293,0.5447,0.5247,0.5392,-0.0154,-0.0146,2,0,2,0.0,Amb,-0.1888,F2,0.1734,,,,,,,
2vfxL_3gmhL,ShallowMsa_006,AF2,0.8743,0.7033,0.8679,0.7017,0.171,0.1662,2,2,0,1.0,F1,-0.0023,Amb,0.1734,,,,,,,
2vfxL_3gmhL,ShallowMsa_007,AF2,0.88,0.7043,0.8779,0.7012,0.1757,0.1767,2,2,0,1.0,F1,0.0023,Amb,0.1734,,,,,,,
2vfxL_3gmhL,ShallowMsa_008,AF2,0.8722,0.7019,0.8451,0.6997,0.1703,0.1454,2,2,0,1.0,F1,-0.003,Amb,0.1734,,,,,,,
2vfxL_3gmhL,ShallowMsa_009,AF2,0.9405,0.7132,0.9128,0.7101,0.2273,0.2027,2,2,0,1.0,F1,0.0539,F1,0.1734,,,,,,,
2vfxL_3gmhL,ShallowMsa_010,AF2,0.8745,0.8216,0.7675,0.7559,0.0529,0.0116,2,1,1,0.5,F1,-0.1205,F2,0.1734,,,,,,,
2vfxL_3gmhL,ShallowMsa_011,AF2,0.8933,0.7046,0.885,0.7045,0.1888,0.1805,2,2,0,1.0,F1,0.0154,Amb,0.1734,,,,,,,
2vfxL_3gmhL,ShallowMsa_012,AF2,0.5316,0.5981,0.4246,0.4721,-0.0665,-0.0474,2,0,2,0.0,F2,-0.2399,F2,0.1734,,,,,,,
2vfxL_3gmhL,ShallowMsa_013,AF2,0.9339,0.7046,0.9077,0.7032,0.2293,0.2044,2,2,0,1.0,F1,0.0559,F1,0.1734,,,,,,,
2vfxL_3gmhL,ShallowMsa_014,AF2,0.7407,0.7527,0.7136,0.7081,-0.012,0.0055,2,1,1,0.5,Amb,-0.1854,F2,0.1734,,,,,,,
2vfxL_3gmhL,ShallowMsa_015,AF2,0.8715,0.689,0.8713,0.6889,0.1825,0.1824,2,2,0,1.0,F1,0.0091,Amb,0.1734,,,,,,,
2vfxL_3gmhL,ShallowMsa_016,AF2,0.812,0.6874,0.8007,0.6687,0.1246,0.132,2,2,0,1.0,F1,-0.0488,Amb,0.1734,,,,,,,
2vfxL_3gmhL,ShallowMsa_017,AF2,0.8746,0.7057,0.8686,0.7057,0.1689,0.1629,2,2,0,1.0,F1,-0.0045,Amb,0.1734,,,,,,,
2vfxL_3gmhL,ShallowMsa_018,AF2,0.9085,0.7131,0.885,0.7063,0.1954,0.1787,2,2,0,1.0,F1,0.022,Amb,0.1734,,,,,,,
2vfxL_3gmhL,ShallowMsa_019,AF2,0.8813,0.7011,0.8679,0.6995,0.1802,0.1684,2,2,0,1.0,F1,0.0068,Amb,0.1734,,,,,,,
2vfxL_3gmhL,DeepMsa,AF3,0.9189,0.6895,0.889,0.6837,0.2294,0.2053,2,2,0,1.0,F1,0.2294,F1,0.177,,,,,,,
2vfxL_3gmhL,ShallowMsa_000,AF3,0.8926,0.6912,0.8865,0.6883,0.2014,0.1982,2,2,0,1.0,F1,0.0244,Amb,0.177,,,,,,,
2vfxL_3gmhL,ShallowMsa_001,AF3,0.9129,0.8409,0.8015,0.7714,0.072,0.0301,2,1,1,0.5,F1,-0.105,F2,0.177,,,,,,,
2vfxL_3gmhL,ShallowMsa_002,AF3,0.8523,0.6839,0.8484,0.6765,0.1684,0.1719,2,2,0,1.0,F1,-0.0086,Amb,0.177,,,,,,,
2vfxL_3gmhL,ShallowMsa_003,AF3,0.5556,0.5526,0.5199,0.5054,0.003,0.0145,2,2,0,1.0,Amb,-0.174,F2,0.177,,,,,,,
2vfxL_3gmhL,ShallowMsa_004,AF3,0.8627,0.6868,0.8562,0.6853,0.1758,0.1709,2,2,0,1.0,F1,-0.0012,Amb,0.177,,,,,,,
2vfxL_3gmhL,ShallowMsa_005,AF3,0.5022,0.5025,0.5008,0.4978,-0.0003,0.003,2,1,1,0.5,Amb,-0.1773,F2,0.177,,,,,,,
2vfxL_3gmhL,ShallowMsa_006,AF3,0.8751,0.6969,0.8655,0.6929,0.1782,0.1727,2,2,0,1.0,F1,0.0012,Amb,0.177,,,,,,,
2vfxL_3gmhL,ShallowMsa_007,AF3,0.8868,0.7016,0.8827,0.6999,0.1851,0.1828,2,2,0,1.0,F1,0.0081,Amb,0.177,,,,,,,
2vfxL_3gmhL,ShallowMsa_008,AF3,0.9115,0.7079,0.8961,0.7043,0.2035,0.1918,2,2,0,1.0,F1,0.0265,Amb,0.177,,,,,,,
2vfxL_3gmhL,ShallowMsa_009,AF3,0.9436,0.7064,0.8949,0.6889,0.2372,0.206,2,2,0,1.0,F1,0.0602,F1,0.177,,,,,,,
2vfxL_3gmhL,ShallowMsa_010,AF3,0.9238,0.6922,0.9023,0.6865,0.2316,0.2158,2,2,0,1.0,F1,0.0546,F1,0.177,,,,,,,
2vfxL_3gmhL,ShallowMsa_011,AF3,0.8927,0.697,0.8811,0.694,0.1957,0.187,2,2,0,1.0,F1,0.0187,Amb,0.177,,,,,,,
2vfxL_3gmhL,ShallowMsa_012,AF3,0.5568,0.6693,0.5201,0.58,-0.1126,-0.0599,2,0,2,0.0,F2,-0.2896,F2,0.177,,,,,,,
2vfxL_3gmhL,ShallowMsa_013,AF3,0.9378,0.7055,0.9022,0.6981,0.2323,0.204,2,2,0,1.0,F1,0.0553,F1,0.177,,,,,,,
2vfxL_3gmhL,ShallowMsa_014,AF3,0.931,0.8009,0.7961,0.7527,0.1302,0.0434,2,1,1,0.5,F1,-0.0468,Amb,0.177,,,,,,,
2vfxL_3gmhL,ShallowMsa_015,AF3,0.8779,0.6974,0.8741,0.6917,0.1805,0.1825,2,2,0,1.0,F1,0.0035,Amb,0.177,,,,,,,
2vfxL_3gmhL,ShallowMsa_016,AF3,0.8157,0.767,0.7384,0.7234,0.0487,0.0149,2,1,1,0.5,Amb,-0.1283,F2,0.177,,,,,,,
2vfxL_3gmhL,ShallowMsa_017,AF3,0.8761,0.7011,0.875,0.6975,0.175,0.1775,2,2,0,1.0,F1,-0.002,Amb,0.177,,,,,,,
2vfxL_3gmhL,ShallowMsa_018,AF3,0.9164,0.7111,0.877,0.694,0.2052,0.183,2,2,0,1.0,F1,0.0282,Amb,0.177,,,,,,,
2vfxL_3gmhL,ShallowMsa_019,AF3,0.8749,0.7022,0.8612,0.7004,0.1726,0.1609,2,2,0,1.0,F1,-0.0044,Amb,0.177,,,,,,,
2vfxL_3gmhL,ShallowMsa_000,ESM,0.9249,0.7076,0.639,0.5423,0.2173,0.0967,20,14,6,0.7,F1,0.0333,Amb,0.184,,,,,,,
2vfxL_3gmhL,ShallowMsa_001,ESM,0.8914,0.7084,0.6311,0.5402,0.183,0.0909,20,13,7,0.65,F1,-0.001,Amb,0.184,,,,,,,
2vfxL_3gmhL,ShallowMsa_002,ESM,0.8971,0.7208,0.6717,0.5566,0.1763,0.1151,20,16,4,0.8,F1,-0.0076,Amb,0.184,,,,,,,
2vfxL_3gmhL,ShallowMsa_003,ESM,0.8359,0.6916,0.6471,0.6164,0.1443,0.0307,20,12,8,0.6,Amb,-0.0396,Amb,0.184,,,,,,,
2vfxL_3gmhL,ShallowMsa_004,ESM,0.8773,0.7084,0.6782,0.5625,0.1689,0.1156,20,16,4,0.8,F1,-0.0151,Amb,0.184,,,,,,,
2vfxL_3gmhL,ShallowMsa_005,ESM,0.8426,0.6794,0.5798,0.5187,0.1632,0.0611,20,14,6,0.7,F1,-0.0207,Amb,0.184,,,,,,,
2vfxL_3gmhL,ShallowMsa_006,ESM,0.8879,0.7083,0.5963,0.5012,0.1796,0.0951,20,16,4,0.8,F1,-0.0043,Amb,0.184,,,,,,,
2vfxL_3gmhL,ShallowMsa_007,ESM,0.9068,0.7373,0.7342,0.6143,0.1695,0.1199,20,16,4,0.8,F1,-0.0144,Amb,0.184,,,,,,,
2vfxL_3gmhL,ShallowMsa_008,ESM,0.8924,0.7013,0.6708,0.5534,0.1911,0.1174,20,18,2,0.9,F1,0.0071,Amb,0.184,,,,,,,
2vfxL_3gmhL,ShallowMsa_009,ESM,0.9222,0.7075,0.6736,0.5668,0.2148,0.1068,20,14,6,0.7,F1,0.0308,Amb,0.184,,,,,,,
2vfxL_3gmhL,ShallowMsa_010,ESM,0.8899,0.705,0.6204,0.5123,0.1849,0.1081,20,16,4,0.8,F1,0.001,Amb,0.184,,,,,,,
2vfxL_3gmhL,ShallowMsa_011,ESM,0.8947,0.7076,0.5866,0.5135,0.1871,0.0731,20,14,6,0.7,F1,0.0031,Amb,0.184,,,,,,,
2vfxL_3gmhL,ShallowMsa_012,ESM,0.7138,0.6882,0.5795,0.5686,0.0257,0.0109,20,14,6,0.7,Amb,-0.1583,F2,0.184,,,,,,,
2vfxL_3gmhL,ShallowMsa_013,ESM,0.9203,0.7136,0.6352,0.554,0.2067,0.0812,20,14,6,0.7,F1,0.0227,Amb,0.184,,,,,,,
2vfxL_3gmhL,ShallowMsa_014,ESM,0.9381,0.7065,0.4948,0.4186,0.2316,0.0762,20,13,7,0.65,F1,0.0476,Amb,0.184,,,,,,,
2vfxL_3gmhL,ShallowMsa_015,ESM,0.902,0.7348,0.7638,0.6239,0.1672,0.1399,20,20,0,1.0,F1,-0.0168,Amb,0.184,,,,,,,
2vfxL_3gmhL,ShallowMsa_016,ESM,0.8234,0.7381,0.6751,0.6131,0.0853,0.062,20,16,4,0.8,F1,-0.0987,F2,0.184,,,,,,,
2vfxL_3gmhL,ShallowMsa_017,ESM,0.9066,0.7054,0.6565,0.5323,0.2012,0.1242,20,18,2,0.9,F1,0.0172,Amb,0.184,,,,,,,
2vfxL_3gmhL,ShallowMsa_018,ESM,0.895,0.7052,0.6686,0.5434,0.1898,0.1252,20,16,4,0.8,F1,0.0058,Amb,0.184,,,,,,,
2vfxL_3gmhL,ShallowMsa_019,ESM,0.9018,0.7007,0.734,0.6185,0.2011,0.1155,20,16,4,0.8,F1,0.0171,Amb,0.184,,,,,,,
2vfxL_3gmhL,DeepMsa,MSAT,0.3355,0.2323,0.3355,0.2323,0.1032,0.1032,1,1,0,1.0,F1,0.1032,F1,0.0,0.3355,0.2323,t_recall,,,,
2vfxL_3gmhL,ShallowMsa_000,MSAT,0.0882,0.0707,0.0882,0.0707,0.0175,0.0175,1,1,0,1.0,Amb,0.0175,Amb,0.0,0.0882,0.0707,t_recall,,,,
2vfxL_3gmhL,ShallowMsa_001,MSAT,0.0,0.0,0.0,0.0,0.0,0.0,1,0,0,0.0,Amb,0.0,Amb,0.0,0.0,0.0,t_recall,,,,
2vfxL_3gmhL,ShallowMsa_002,MSAT,0.053,0.0539,0.053,0.0539,-0.0009,-0.0009,1,0,1,0.0,Amb,-0.0009,Amb,0.0,0.053,0.0539,t_recall,,,,
2vfxL_3gmhL,ShallowMsa_003,MSAT,0.3284,0.2844,0.3284,0.2844,0.044,0.044,1,1,0,1.0,Amb,0.044,Amb,0.0,0.3284,0.2844,t_recall,,,,
2vfxL_3gmhL,ShallowMsa_004,MSAT,0.0,0.0,0.0,0.0,0.0,0.0,1,0,0,0.0,Amb,0.0,Amb,0.0,0.0,0.0,t_recall,,,,
2vfxL_3gmhL,ShallowMsa_005,MSAT,0.0,0.0,0.0,0.0,0.0,0.0,1,0,0,0.0,Amb,0.0,Amb,0.0,0.0,0.0,t_recall,,,,
2vfxL_3gmhL,ShallowMsa_006,MSAT,0.0695,0.064,0.0695,0.064,0.0055,0.0055,1,1,0,1.0,Amb,0.0055,Amb,0.0,0.0695,0.064,t_recall,,,,
2vfxL_3gmhL,ShallowMsa_007,MSAT,0.0099,0.0101,0.0099,0.0101,-0.0002,-0.0002,1,0,1,0.0,Amb,-0.0002,Amb,0.0,0.0099,0.0101,t_recall,,,,
2vfxL_3gmhL,ShallowMsa_008,MSAT,0.0563,0.0539,0.0563,0.0539,0.0024,0.0024,1,1,0,1.0,Amb,0.0024,Amb,0.0,0.0563,0.0539,t_recall,,,,
2vfxL_3gmhL,ShallowMsa_009,MSAT,0.1564,0.1279,0.1564,0.1279,0.0285,0.0285,1,1,0,1.0,Amb,0.0285,Amb,0.0,0.1564,0.1279,t_recall,,,,
2vfxL_3gmhL,ShallowMsa_010,MSAT,0.0195,0.0202,0.0195,0.0202,-0.0007,-0.0007,1,0,1,0.0,Amb,-0.0007,Amb,0.0,0.0195,0.0202,t_recall,,,,
2vfxL_3gmhL,ShallowMsa_011,MSAT,0.0,0.0,0.0,0.0,0.0,0.0,1,0,0,0.0,Amb,0.0,Amb,0.0,0.0,0.0,t_recall,,,,
2vfxL_3gmhL,ShallowMsa_012,MSAT,0.0,0.0,0.0,0.0,0.0,0.0,1,0,0,0.0,Amb,0.0,Amb,0.0,0.0,0.0,t_recall,,,,
2vfxL_3gmhL,ShallowMsa_013,MSAT,0.0358,0.037,0.0358,0.037,-0.0012,-0.0012,1,0,1,0.0,Amb,-0.0012,Amb,0.0,0.0358,0.037,t_recall,,,,
2vfxL_3gmhL,ShallowMsa_014,MSAT,0.0065,0.0067,0.0065,0.0067,-0.0002,-0.0002,1,0,1,0.0,Amb,-0.0002,Amb,0.0,0.0065,0.0067,t_recall,,,,
2vfxL_3gmhL,ShallowMsa_015,MSAT,0.0521,0.037,0.0521,0.037,0.0151,0.0151,1,1,0,1.0,Amb,0.0151,Amb,0.0,0.0521,0.037,t_recall,,,,
2vfxL_3gmhL,ShallowMsa_016,MSAT,0.0941,0.085,0.0941,0.085,0.0091,0.0091,1,1,0,1.0,Amb,0.0091,Amb,0.0,0.0941,0.085,t_recall,,,,
2vfxL_3gmhL,ShallowMsa_017,MSAT,0.0364,0.037,0.0364,0.037,-0.0006,-0.0006,1,0,1,0.0,Amb,-0.0006,Amb,0.0,0.0364,0.037,t_recall,,,,
2vfxL_3gmhL,ShallowMsa_018,MSAT,0.0619,0.0507,0.0619,0.0507,0.0112,0.0112,1,1,0,1.0,Amb,0.0112,Amb,0.0,0.0619,0.0507,t_recall,,,,
2vfxL_3gmhL,ShallowMsa_019,MSAT,0.0695,0.0606,0.0695,0.0606,0.0089,0.0089,1,1,0,1.0,Amb,0.0089,Amb,0.0,0.0695,0.0606,t_recall,,,,
2vfxL_3gmhL,DeepMsa,CCMpred,0.0,0.0,0.0,0.0,0.0,0.0,1,0,0,0.0,Amb,0.0,Amb,0.0,0.0,0.0,t_recall,,,,
2vfxL_3gmhL,ShallowMsa_000,CCMpred,0.0,0.0,0.0,0.0,0.0,0.0,1,0,0,0.0,Amb,0.0,Amb,0.0,0.0,0.0,t_recall,,,,
2vfxL_3gmhL,ShallowMsa_001,CCMpred,0.0,0.0,0.0,0.0,0.0,0.0,1,0,0,0.0,Amb,0.0,Amb,0.0,0.0,0.0,t_recall,,,,
2vfxL_3gmhL,ShallowMsa_002,CCMpred,0.0,0.0,0.0,0.0,0.0,0.0,1,0,0,0.0,Amb,0.0,Amb,0.0,0.0,0.0,t_recall,,,,
2vfxL_3gmhL,ShallowMsa_003,CCMpred,0.0,0.0,0.0,0.0,0.0,0.0,1,0,0,0.0,Amb,0.0,Amb,0.0,0.0,0.0,t_recall,,,,
2vfxL_3gmhL,ShallowMsa_004,CCMpred,0.0,0.0,0.0,0.0,0.0,0.0,1,0,0,0.0,Amb,0.0,Amb,0.0,0.0,0.0,t_recall,,,,
2vfxL_3gmhL,ShallowMsa_005,CCMpred,0.0,0.0,0.0,0.0,0.0,0.0,1,0,0,0.0,Amb,0.0,Amb,0.0,0.0,0.0,t_recall,,,,
2vfxL_3gmhL,ShallowMsa_006,CCMpred,0.0,0.0,0.0,0.0,0.0,0.0,1,0,0,0.0,Amb,0.0,Amb,0.0,0.0,0.0,t_recall,,,,
2vfxL_3gmhL,ShallowMsa_007,CCMpred,0.0,0.0,0.0,0.0,0.0,0.0,1,0,0,0.0,Amb,0.0,Amb,0.0,0.0,0.0,t_recall,,,,
2vfxL_3gmhL,ShallowMsa_008,CCMpred,0.0,0.0,0.0,0.0,0.0,0.0,1,0,0,0.0,Amb,0.0,Amb,0.0,0.0,0.0,t_recall,,,,
2vfxL_3gmhL,ShallowMsa_009,CCMpred,0.0,0.0,0.0,0.0,0.0,0.0,1,0,0,0.0,Amb,0.0,Amb,0.0,0.0,0.0,t_recall,,,,
2vfxL_3gmhL,ShallowMsa_010,CCMpred,0.0,0.0,0.0,0.0,0.0,0.0,1,0,0,0.0,Amb,0.0,Amb,0.0,0.0,0.0,t_recall,,,,
2vfxL_3gmhL,ShallowMsa_011,CCMpred,0.0,0.0,0.0,0.0,0.0,0.0,1,0,0,0.0,Amb,0.0,Amb,0.0,0.0,0.0,t_recall,,,,
2vfxL_3gmhL,ShallowMsa_012,CCMpred,0.0,0.0,0.0,0.0,0.0,0.0,1,0,0,0.0,Amb,0.0,Amb,0.0,0.0,0.0,t_recall,,,,
2vfxL_3gmhL,ShallowMsa_013,CCMpred,0.0,0.0,0.0,0.0,0.0,0.0,1,0,0,0.0,Amb,0.0,Amb,0.0,0.0,0.0,t_recall,,,,
2vfxL_3gmhL,ShallowMsa_014,CCMpred,0.0,0.0,0.0,0.0,0.0,0.0,1,0,0,0.0,Amb,0.0,Amb,0.0,0.0,0.0,t_recall,,,,
2vfxL_3gmhL,ShallowMsa_015,CCMpred,0.0,0.0,0.0,0.0,0.0,0.0,1,0,0,0.0,Amb,0.0,Amb,0.0,0.0,0.0,t_recall,,,,
2vfxL_3gmhL,ShallowMsa_016,CCMpred,0.0,0.0,0.0,0.0,0.0,0.0,1,0,0,0.0,Amb,0.0,Amb,0.0,0.0,0.0,t_recall,,,,
2vfxL_3gmhL,ShallowMsa_017,CCMpred,0.0,0.0,0.0,0.0,0.0,0.0,1,0,0,0.0,Amb,0.0,Amb,0.0,0.0,0.0,t_recall,,,,
2vfxL_3gmhL,ShallowMsa_018,CCMpred,0.0,0.0,0.0,0.0,0.0,0.0,1,0,0,0.0,Amb,0.0,Amb,0.0,0.0,0.0,t_recall,,,,
2vfxL_3gmhL,ShallowMsa_019,CCMpred,0.0,0.0,0.0,0.0,0.0,0.0,1,0,0,0.0,Amb,0.0,Amb,0.0,0.0,0.0,t_recall,,,,
2vfxL_3gmhL,ShallowMsa_000,DDG,-49.307,-38.0307,-49.307,-38.0307,-11.2764,-11.2764,10,0,10,0.0,F2,0.74,Amb,-12.0164,,,ddg_kcal_per_mol(delta=1.0),-11.2764,4.9267,49.307,38.0307
2vfxL_3gmhL,ShallowMsa_001,DDG,-39.7574,-27.1788,-39.7574,-27.1788,-12.5786,-12.5786,10,0,10,0.0,F2,-0.5622,Amb,-12.0164,,,ddg_kcal_per_mol(delta=1.0),-12.5786,3.2373,39.7574,27.1788
2vfxL_3gmhL,ShallowMsa_002,DDG,-39.4603,-25.6727,-39.4603,-25.6727,-13.7876,-13.7876,10,0,10,0.0,F2,-1.7712,F2,-12.0164,,,ddg_kcal_per_mol(delta=1.0),-13.7876,4.2206,39.4603,25.6727
2vfxL_3gmhL,ShallowMsa_003,DDG,-61.2041,-44.1243,-61.2041,-44.1243,-17.0798,-17.0798,10,0,10,0.0,F2,-5.0634,F2,-12.0164,,,ddg_kcal_per_mol(delta=1.0),-17.0798,4.0146,61.2041,44.1243
2vfxL_3gmhL,ShallowMsa_004,DDG,-34.8759,-23.4315,-34.8759,-23.4315,-11.4444,-11.4444,10,0,10,0.0,F2,0.572,Amb,-12.0164,,,ddg_kcal_per_mol(delta=1.0),-11.4444,4.798,34.8759,23.4315
2vfxL_3gmhL,ShallowMsa_005,DDG,-45.0959,-32.2783,-45.0959,-32.2783,-12.8176,-12.8176,10,0,10,0.0,F2,-0.8012,Amb,-12.0164,,,ddg_kcal_per_mol(delta=1.0),-12.8176,6.8028,45.0959,32.2783
2vfxL_3gmhL,ShallowMsa_006,DDG,-34.4164,-23.4719,-34.4164,-23.4719,-10.9446,-10.9446,10,0,10,0.0,F2,1.0718,F1,-12.0164,,,ddg_kcal_per_mol(delta=1.0),-10.9446,4.962,34.4164,23.4719
2vfxL_3gmhL,ShallowMsa_007,DDG,-39.1384,-26.9196,-39.1384,-26.9196,-12.2188,-12.2188,10,0,10,0.0,F2,-0.2024,Amb,-12.0164,,,ddg_kcal_per_mol(delta=1.0),-12.2188,4.1268,39.1384,26.9196
2vfxL_3gmhL,ShallowMsa_008,DDG,-40.5077,-27.9364,-40.5077,-27.9364,-12.5713,-12.5713,10,0,10,0.0,F2,-0.5549,Amb,-12.0164,,,ddg_kcal_per_mol(delta=1.0),-12.5713,4.7812,40.5077,27.9364
2vfxL_3gmhL,ShallowMsa_009,DDG,-45.4578,-33.3226,-45.4578,-33.3226,-12.1352,-12.1352,10,0,10,0.0,F2,-0.1188,Amb,-12.0164,,,ddg_kcal_per_mol(delta=1.0),-12.1352,5.4702,45.4578,33.3226
2vfxL_3gmhL,ShallowMsa_010,DDG,-35.8845,-25.4054,-35.8845,-25.4054,-10.4791,-10.4791,10,0,10,0.0,F2,1.5373,F1,-12.0164,,,ddg_kcal_per_mol(delta=1.0),-10.4791,5.3398,35.8845,25.4054
2vfxL_3gmhL,ShallowMsa_011,DDG,-32.1722,-22.0408,-32.1722,-22.0408,-10.1315,-10.1315,10,0,10,0.0,F2,1.8849,F1,-12.0164,,,ddg_kcal_per_mol(delta=1.0),-10.1315,4.0683,32.1722,22.0408
2vfxL_3gmhL,ShallowMsa_012,DDG,-51.8273,-39.9297,-51.8273,-39.9297,-11.8976,-11.8976,10,0,10,0.0,F2,0.1188,Amb,-12.0164,,,ddg_kcal_per_mol(delta=1.0),-11.8976,4.6675,51.8273,39.9297
2vfxL_3gmhL,ShallowMsa_013,DDG,-32.0295,-22.5884,-32.0295,-22.5884,-9.4411,-9.4411,10,0,10,0.0,F2,2.5753,F1,-12.0164,,,ddg_kcal_per_mol(delta=1.0),-9.4411,6.181,32.0295,22.5884
2vfxL_3gmhL,ShallowMsa_014,DDG,-21.2321,-14.7069,-21.2321,-14.7069,-6.5252,-6.5252,10,1,9,0.1,F2,5.4912,F1,-12.0164,,,ddg_kcal_per_mol(delta=1.0),-6.5252,5.2164,21.2321,14.7069
2vfxL_3gmhL,ShallowMsa_015,DDG,-42.3618,-27.2226,-42.3618,-27.2226,-15.1392,-15.1392,10,0,10,0.0,F2,-3.1228,F2,-12.0164,,,ddg_kcal_per_mol(delta=1.0),-15.1392,4.1214,42.3618,27.2226
2vfxL_3gmhL,ShallowMsa_016,DDG,-55.7984,-40.3851,-55.7984,-40.3851,-15.4133,-15.4133,10,0,10,0.0,F2,-3.3969,F2,-12.0164,,,ddg_kcal_per_mol(delta=1.0),-15.4133,4.6909,55.7984,40.3851
2vfxL_3gmhL,ShallowMsa_017,DDG,-28.7906,-17.0324,-28.7906,-17.0324,-11.7582,-11.7582,10,0,10,0.0,F2,0.2582,Amb,-12.0164,,,ddg_kcal_per_mol(delta=1.0),-11.7582,5.372,28.7906,17.0324
2vfxL_3gmhL,ShallowMsa_018,DDG,-35.4737,-25.1616,-35.4737,-25.1616,-10.3121,-10.3121,10,0,10,0.0,F2,1.7043,F1,-12.0164,,,ddg_kcal_per_mol(delta=1.0),-10.3121,4.6621,35.4737,25.1616
2vfxL_3gmhL,ShallowMsa_019,DDG,-41.1275,-26.5692,-41.1275,-26.5692,-14.5583,-14.5583,10,0,10,0.0,F2,-2.5419,F2,-12.0164,,,ddg_kcal_per_mol(delta=1.0),-14.5583,3.9832,41.1275,26.5692
2vfxL_3gmhL,ShallowMsa_000,Boltz2,0.6549,0.6517,0.6549,0.6517,0.0032,0.0032,1,1,0,1.0,Amb,0.0023,Amb,0.0009,,,,,,,
2vfxL_3gmhL,ShallowMsa_001,Boltz2,0.372,0.3687,0.372,0.3687,0.0033,0.0033,1,1,0,1.0,Amb,0.0024,Amb,0.0009,,,,,,,
2vfxL_3gmhL,ShallowMsa_002,Boltz2,0.4046,0.4022,0.4046,0.4022,0.0025,0.0025,1,1,0,1.0,Amb,0.0016,Amb,0.0009,,,,,,,
2vfxL_3gmhL,ShallowMsa_003,Boltz2,0.6369,0.6376,0.6369,0.6376,-0.0007,-0.0007,1,0,1,0.0,Amb,-0.0016,Amb,0.0009,,,,,,,
2vfxL_3gmhL,ShallowMsa_004,Boltz2,0.6095,0.6074,0.6095,0.6074,0.0021,0.0021,1,1,0,1.0,Amb,0.0012,Amb,0.0009,,,,,,,
2vfxL_3gmhL,ShallowMsa_006,Boltz2,0.3479,0.3396,0.3479,0.3396,0.0083,0.0083,1,1,0,1.0,Amb,0.0074,Amb,0.0009,,,,,,,
2vfxL_3gmhL,ShallowMsa_008,Boltz2,0.5344,0.542,0.5344,0.542,-0.0076,-0.0076,1,0,1,0.0,Amb,-0.0085,Amb,0.0009,,,,,,,
2vfxL_3gmhL,ShallowMsa_009,Boltz2,0.3169,0.3283,0.3169,0.3283,-0.0114,-0.0114,1,0,1,0.0,Amb,-0.0123,Amb,0.0009,,,,,,,
2vfxL_3gmhL,ShallowMsa_010,Boltz2,0.2523,0.2593,0.2523,0.2593,-0.007,-0.007,1,0,1,0.0,Amb,-0.0079,Amb,0.0009,,,,,,,
2vfxL_3gmhL,ShallowMsa_011,Boltz2,0.544,0.539,0.544,0.539,0.005,0.005,1,1,0,1.0,Amb,0.0041,Amb,0.0009,,,,,,,
2vfxL_3gmhL,ShallowMsa_013,Boltz2,0.4918,0.4874,0.4918,0.4874,0.0044,0.0044,1,1,0,1.0,Amb,0.0035,Amb,0.0009,,,,,,,
2vfxL_3gmhL,ShallowMsa_014,Boltz2,0.299,0.3053,0.299,0.3053,-0.0063,-0.0063,1,0,1,0.0,Amb,-0.0072,Amb,0.0009,,,,,,,
2vfxL_3gmhL,ShallowMsa_015,Boltz2,0.3753,0.3793,0.3753,0.3793,-0.004,-0.004,1,0,1,0.0,Amb,-0.0049,Amb,0.0009,,,,,,,
2vfxL_3gmhL,ShallowMsa_017,Boltz2,0.5893,0.5839,0.5893,0.5839,0.0055,0.0055,1,1,0,1.0,Amb,0.0046,Amb,0.0009,,,,,,,
2vfxL_3gmhL,ShallowMsa_018,Boltz2,0.2665,0.2956,0.2665,0.2956,-0.0291,-0.0291,1,0,1,0.0,Amb,-0.03,Amb,0.0009,,,,,,,
2vfxL_3gmhL,ShallowMsa_019,Boltz2,0.5803,0.5805,0.5803,0.5805,-0.0003,-0.0003,1,0,1,0.0,Amb,-0.0012,Amb,0.0009,,,,,,,
2wcdX_4phqA,DeepMsa,AF2,0.5402,0.8877,0.539,0.8849,-0.3474,-0.3458,2,0,2,0.0,F2,-0.3474,F2,0.0,,,,,,,
2wcdX_4phqA,ShallowMsa_000,AF2,0.5371,0.8905,0.5364,0.8846,-0.3533,-0.3482,2,0,2,0.0,F2,-0.3533,F2,0.0,,,,,,,
2wcdX_4phqA,DeepMsa,AF3,0.5208,0.939,0.5181,0.9343,-0.4182,-0.4161,2,0,2,0.0,F2,-0.4182,F2,0.0,,,,,,,
2wcdX_4phqA,ShallowMsa_000,AF3,0.5207,0.9311,0.5203,0.9241,-0.4103,-0.4039,2,0,2,0.0,F2,-0.4103,F2,0.0,,,,,,,
2wcdX_4phqA,ShallowMsa_000,ESM,0.5948,0.8246,0.473,0.5705,-0.2298,-0.0975,20,2,18,0.1,F2,-0.2298,F2,0.0,,,,,,,
2wcdX_4phqA,DeepMsa,MSAT,0.2222,0.1506,0.2222,0.1506,0.0716,0.0716,1,1,0,1.0,F1,0.0716,F1,0.0,0.2222,0.1506,t_recall,,,,
2wcdX_4phqA,ShallowMsa_000,MSAT,0.1919,0.1186,0.1919,0.1186,0.0733,0.0733,1,1,0,1.0,F1,0.0733,F1,0.0,0.1919,0.1186,t_recall,,,,
2wcdX_4phqA,DeepMsa,CCMpred,0.0,0.0,0.0,0.0,0.0,0.0,1,0,0,0.0,Amb,0.0,Amb,0.0,0.0,0.0,t_recall,,,,
2wcdX_4phqA,ShallowMsa_000,CCMpred,0.0,0.0,0.0,0.0,0.0,0.0,1,0,0,0.0,Amb,0.0,Amb,0.0,0.0,0.0,t_recall,,,,
2wcdX_4phqA,ShallowMsa_000,DDG,-46.8263,-64.8939,-46.8263,-64.8939,18.0675,18.0675,10,9,1,0.9,F1,18.0675,F1,0.0,,,ddg_kcal_per_mol(delta=1.0),18.0675,11.4725,46.8263,64.8939
2wcdX_4phqA,ShallowMsa_000,Boltz2,0.7593,0.5154,0.7593,0.5154,0.2439,0.2439,1,1,0,1.0,F1,0.2439,F1,0.0,,,,,,,
2z9oB_1repC,DeepMsa,AF2,0.627,0.8884,0.5585,0.7606,-0.2614,-0.2021,2,0,2,0.0,F2,-0.2614,F2,-0.0717,,,,,,,
2z9oB_1repC,ShallowMsa_000,AF2,0.3848,0.395,0.3642,0.3856,-0.0102,-0.0214,2,0,2,0.0,Amb,0.0615,F1,-0.0717,,,,,,,
2z9oB_1repC,ShallowMsa_001,AF2,0.5481,0.6643,0.5324,0.6583,-0.1162,-0.1259,2,0,2,0.0,F2,-0.0445,Amb,-0.0717,,,,,,,
2z9oB_1repC,ShallowMsa_002,AF2,0.6203,0.8274,0.5594,0.7175,-0.207,-0.1581,2,0,2,0.0,F2,-0.1353,F2,-0.0717,,,,,,,
2z9oB_1repC,ShallowMsa_003,AF2,0.4256,0.4171,0.4225,0.4138,0.0085,0.0088,2,2,0,1.0,Amb,0.0802,F1,-0.0717,,,,,,,
2z9oB_1repC,ShallowMsa_004,AF2,0.3772,0.4166,0.3702,0.4059,-0.0394,-0.0357,2,0,2,0.0,Amb,0.0323,Amb,-0.0717,,,,,,,
2z9oB_1repC,ShallowMsa_005,AF2,0.4679,0.4728,0.4387,0.458,-0.0049,-0.0193,2,0,2,0.0,Amb,0.0668,F1,-0.0717,,,,,,,
2z9oB_1repC,ShallowMsa_006,AF2,0.4918,0.639,0.4836,0.5919,-0.1472,-0.1083,2,0,2,0.0,F2,-0.0755,F2,-0.0717,,,,,,,
2z9oB_1repC,ShallowMsa_007,AF2,0.5507,0.6978,0.5368,0.6738,-0.1471,-0.137,2,0,2,0.0,F2,-0.0754,F2,-0.0717,,,,,,,
2z9oB_1repC,ShallowMsa_008,AF2,0.5724,0.7296,0.5661,0.7274,-0.1572,-0.1613,2,0,2,0.0,F2,-0.0855,F2,-0.0717,,,,,,,
2z9oB_1repC,ShallowMsa_009,AF2,0.5688,0.6294,0.5455,0.5928,-0.0606,-0.0473,2,0,2,0.0,F2,0.0111,Amb,-0.0717,,,,,,,
2z9oB_1repC,ShallowMsa_010,AF2,0.508,0.6165,0.4736,0.5786,-0.1085,-0.105,2,0,2,0.0,F2,-0.0368,Amb,-0.0717,,,,,,,
2z9oB_1repC,ShallowMsa_011,AF2,0.3679,0.3979,0.3657,0.392,-0.03,-0.0263,2,0,2,0.0,Amb,0.0417,Amb,-0.0717,,,,,,,
2z9oB_1repC,ShallowMsa_012,AF2,0.4933,0.5761,0.4869,0.5333,-0.0828,-0.0465,2,0,2,0.0,F2,-0.0111,Amb,-0.0717,,,,,,,
2z9oB_1repC,ShallowMsa_013,AF2,0.4417,0.4726,0.4241,0.4458,-0.0309,-0.0217,2,0,2,0.0,Amb,0.0408,Amb,-0.0717,,,,,,,
2z9oB_1repC,ShallowMsa_014,AF2,0.4687,0.5939,0.4427,0.5341,-0.1253,-0.0914,2,0,2,0.0,F2,-0.0536,F2,-0.0717,,,,,,,
2z9oB_1repC,ShallowMsa_015,AF2,0.5176,0.5687,0.4794,0.5488,-0.0511,-0.0695,2,0,2,0.0,F2,0.0206,Amb,-0.0717,,,,,,,
2z9oB_1repC,DeepMsa,AF3,0.6243,0.9752,0.6037,0.9321,-0.3508,-0.3284,2,0,2,0.0,F2,-0.3508,F2,-0.0888,,,,,,,
2z9oB_1repC,ShallowMsa_000,AF3,0.3708,0.3999,0.369,0.3883,-0.0291,-0.0192,2,0,2,0.0,Amb,0.0597,F1,-0.0888,,,,,,,
2z9oB_1repC,ShallowMsa_001,AF3,0.5462,0.643,0.4827,0.5263,-0.0968,-0.0436,2,1,1,0.5,F2,-0.008,Amb,-0.0888,,,,,,,
2z9oB_1repC,ShallowMsa_002,AF3,0.664,0.9165,0.6334,0.7898,-0.2525,-0.1564,2,1,1,0.5,F2,-0.1637,F2,-0.0888,,,,,,,
2z9oB_1repC,ShallowMsa_003,AF3,0.4247,0.4159,0.4205,0.4156,0.0087,0.0049,2,2,0,1.0,Amb,0.0975,F1,-0.0888,,,,,,,
2z9oB_1repC,ShallowMsa_004,AF3,0.3887,0.4738,0.3787,0.4523,-0.085,-0.0736,2,0,2,0.0,F2,0.0038,Amb,-0.0888,,,,,,,
2z9oB_1repC,ShallowMsa_005,AF3,0.5378,0.6303,0.532,0.629,-0.0925,-0.0969,2,0,2,0.0,F2,-0.0037,Amb,-0.0888,,,,,,,
2z9oB_1repC,ShallowMsa_006,AF3,0.4559,0.5257,0.4421,0.4931,-0.0697,-0.051,2,0,2,0.0,F2,0.0191,Amb,-0.0888,,,,,,,
2z9oB_1repC,ShallowMsa_007,AF3,0.5456,0.7622,0.5304,0.7464,-0.2166,-0.2159,2,0,2,0.0,F2,-0.1278,F2,-0.0888,,,,,,,
2z9oB_1repC,ShallowMsa_008,AF3,0.5642,0.7122,0.5552,0.6962,-0.148,-0.141,2,0,2,0.0,F2,-0.0592,F2,-0.0888,,,,,,,
2z9oB_1repC,ShallowMsa_009,AF3,0.5817,0.6711,0.579,0.6434,-0.0894,-0.0644,2,0,2,0.0,F2,-0.0006,Amb,-0.0888,,,,,,,
2z9oB_1repC,ShallowMsa_010,AF3,0.4381,0.5263,0.4324,0.5162,-0.0882,-0.0838,2,0,2,0.0,F2,0.0006,Amb,-0.0888,,,,,,,
2z9oB_1repC,ShallowMsa_011,AF3,0.3481,0.3765,0.3476,0.3759,-0.0284,-0.0282,2,0,2,0.0,Amb,0.0604,F1,-0.0888,,,,,,,
2z9oB_1repC,ShallowMsa_012,AF3,0.5081,0.6391,0.469,0.5889,-0.1309,-0.1199,2,0,2,0.0,F2,-0.0421,Amb,-0.0888,,,,,,,
2z9oB_1repC,ShallowMsa_013,AF3,0.4478,0.4764,0.4279,0.4477,-0.0285,-0.0198,2,0,2,0.0,Amb,0.0603,F1,-0.0888,,,,,,,
2z9oB_1repC,ShallowMsa_014,AF3,0.4224,0.4577,0.4169,0.4519,-0.0353,-0.035,2,0,2,0.0,Amb,0.0535,F1,-0.0888,,,,,,,
2z9oB_1repC,ShallowMsa_015,AF3,0.4892,0.5854,0.4841,0.5836,-0.0962,-0.0995,2,0,2,0.0,F2,-0.0074,Amb,-0.0888,,,,,,,
2z9oB_1repC,ShallowMsa_000,ESM,0.5437,0.8488,0.396,0.4513,-0.3051,-0.0553,20,0,20,0.0,F2,-0.0323,Amb,-0.2728,,,,,,,
2z9oB_1repC,ShallowMsa_001,ESM,0.5876,0.8736,0.5341,0.7326,-0.2861,-0.1985,20,0,20,0.0,F2,-0.0133,Amb,-0.2728,,,,,,,
2z9oB_1repC,ShallowMsa_002,ESM,0.6769,0.8757,0.5316,0.6516,-0.1988,-0.12,20,0,20,0.0,F2,0.074,F1,-0.2728,,,,,,,
2z9oB_1repC,ShallowMsa_003,ESM,0.5881,0.9251,0.5572,0.7727,-0.337,-0.2155,20,0,20,0.0,F2,-0.0642,F2,-0.2728,,,,,,,
2z9oB_1repC,ShallowMsa_004,ESM,0.5913,0.8604,0.5648,0.7675,-0.2691,-0.2027,20,0,20,0.0,F2,0.0037,Amb,-0.2728,,,,,,,
2z9oB_1repC,ShallowMsa_005,ESM,0.6063,0.8257,0.5121,0.6605,-0.2194,-0.1484,20,2,18,0.1,F2,0.0534,F1,-0.2728,,,,,,,
2z9oB_1repC,ShallowMsa_006,ESM,0.5892,0.8726,0.5571,0.7963,-0.2835,-0.2393,20,0,20,0.0,F2,-0.0107,Amb,-0.2728,,,,,,,
2z9oB_1repC,ShallowMsa_007,ESM,0.5853,0.8618,0.5298,0.7516,-0.2765,-0.2217,20,0,20,0.0,F2,-0.0037,Amb,-0.2728,,,,,,,
2z9oB_1repC,ShallowMsa_008,ESM,0.6036,0.8964,0.5592,0.7713,-0.2928,-0.2122,20,0,20,0.0,F2,-0.02,Amb,-0.2728,,,,,,,
2z9oB_1repC,ShallowMsa_009,ESM,0.6029,0.859,0.5499,0.7449,-0.2561,-0.195,20,0,20,0.0,F2,0.0167,Amb,-0.2728,,,,,,,
2z9oB_1repC,ShallowMsa_010,ESM,0.5779,0.8615,0.5522,0.7561,-0.2837,-0.204,20,0,20,0.0,F2,-0.0109,Amb,-0.2728,,,,,,,
2z9oB_1repC,ShallowMsa_011,ESM,0.5446,0.8667,0.4222,0.4874,-0.3221,-0.0652,20,0,20,0.0,F2,-0.0493,Amb,-0.2728,,,,,,,
2z9oB_1repC,ShallowMsa_012,ESM,0.59,0.8239,0.5441,0.7208,-0.2338,-0.1767,20,0,20,0.0,F2,0.039,Amb,-0.2728,,,,,,,
2z9oB_1repC,ShallowMsa_013,ESM,0.4835,0.5112,0.4118,0.4411,-0.0276,-0.0292,20,0,20,0.0,Amb,0.2452,F1,-0.2728,,,,,,,
2z9oB_1repC,ShallowMsa_014,ESM,0.6036,0.8724,0.5564,0.7651,-0.2689,-0.2087,20,0,20,0.0,F2,0.0039,Amb,-0.2728,,,,,,,
2z9oB_1repC,ShallowMsa_015,ESM,0.6001,0.8607,0.5565,0.7606,-0.2606,-0.2041,20,0,20,0.0,F2,0.0122,Amb,-0.2728,,,,,,,
2z9oB_1repC,DeepMsa,MSAT,0.021,0.0166,0.021,0.0166,0.0044,0.0044,1,1,0,1.0,Amb,0.0044,Amb,0.0075,0.021,0.0166,t_recall,,,,
2z9oB_1repC,ShallowMsa_000,MSAT,0.0444,0.0349,0.0444,0.0349,0.0095,0.0095,1,1,0,1.0,Amb,0.002,Amb,0.0075,0.0444,0.0349,t_recall,,,,
2z9oB_1repC,ShallowMsa_001,MSAT,0.0,0.0,0.0,0.0,0.0,0.0,1,0,0,0.0,Amb,-0.0075,Amb,0.0075,0.0,0.0,t_recall,,,,
2z9oB_1repC,ShallowMsa_002,MSAT,0.0,0.0,0.0,0.0,0.0,0.0,1,0,0,0.0,Amb,-0.0075,Amb,0.0075,0.0,0.0,t_recall,,,,
2z9oB_1repC,ShallowMsa_003,MSAT,0.0192,0.0149,0.0192,0.0149,0.0043,0.0043,1,1,0,1.0,Amb,-0.0032,Amb,0.0075,0.0192,0.0149,t_recall,,,,
2z9oB_1repC,ShallowMsa_004,MSAT,0.0193,0.0192,0.0193,0.0192,0.0001,0.0001,1,1,0,1.0,Amb,-0.0074,Amb,0.0075,0.0193,0.0192,t_recall,,,,
2z9oB_1repC,ShallowMsa_005,MSAT,0.0429,0.0227,0.0429,0.0227,0.0202,0.0202,1,1,0,1.0,Amb,0.0127,Amb,0.0075,0.0429,0.0227,t_recall,,,,
2z9oB_1repC,ShallowMsa_006,MSAT,0.0287,0.0115,0.0287,0.0115,0.0172,0.0172,1,1,0,1.0,Amb,0.0097,Amb,0.0075,0.0287,0.0115,t_recall,,,,
2z9oB_1repC,ShallowMsa_007,MSAT,0.0242,0.0152,0.0242,0.0152,0.009,0.009,1,1,0,1.0,Amb,0.0015,Amb,0.0075,0.0242,0.0152,t_recall,,,,
2z9oB_1repC,ShallowMsa_008,MSAT,0.0333,0.0189,0.0333,0.0189,0.0144,0.0144,1,1,0,1.0,Amb,0.0069,Amb,0.0075,0.0333,0.0189,t_recall,,,,
2z9oB_1repC,ShallowMsa_009,MSAT,0.0286,0.0227,0.0286,0.0227,0.0059,0.0059,1,1,0,1.0,Amb,-0.0016,Amb,0.0075,0.0286,0.0227,t_recall,,,,
2z9oB_1repC,ShallowMsa_010,MSAT,0.0143,0.0152,0.0143,0.0152,-0.0009,-0.0009,1,0,1,0.0,Amb,-0.0084,Amb,0.0075,0.0143,0.0152,t_recall,,,,
2z9oB_1repC,ShallowMsa_011,MSAT,0.0137,0.0056,0.0137,0.0056,0.0081,0.0081,1,1,0,1.0,Amb,0.0006,Amb,0.0075,0.0137,0.0056,t_recall,,,,
2z9oB_1repC,ShallowMsa_012,MSAT,0.0048,0.0077,0.0048,0.0077,-0.0029,-0.0029,1,0,1,0.0,Amb,-0.0104,Amb,0.0075,0.0048,0.0077,t_recall,,,,
2z9oB_1repC,ShallowMsa_013,MSAT,0.0444,0.0357,0.0444,0.0357,0.0087,0.0087,1,1,0,1.0,Amb,0.0012,Amb,0.0075,0.0444,0.0357,t_recall,,,,
2z9oB_1repC,ShallowMsa_014,MSAT,0.0287,0.0115,0.0287,0.0115,0.0172,0.0172,1,1,0,1.0,Amb,0.0097,Amb,0.0075,0.0287,0.0115,t_recall,,,,
2z9oB_1repC,ShallowMsa_015,MSAT,0.0345,0.0276,0.0345,0.0276,0.0069,0.0069,1,1,0,1.0,Amb,-0.0006,Amb,0.0075,0.0345,0.0276,t_recall,,,,
2z9oB_1repC,DeepMsa,CCMpred,0.028,0.0209,0.028,0.0209,0.0071,0.0071,1,1,0,1.0,Amb,0.0071,Amb,0.0,0.028,0.0209,t_recall,,,,
2z9oB_1repC,ShallowMsa_000,CCMpred,0.0,0.0,0.0,0.0,0.0,0.0,1,0,0,0.0,Amb,0.0,Amb,0.0,0.0,0.0,t_recall,,,,
2z9oB_1repC,ShallowMsa_001,CCMpred,0.0,0.0,0.0,0.0,0.0,0.0,1,0,0,0.0,Amb,0.0,Amb,0.0,0.0,0.0,t_recall,,,,
2z9oB_1repC,ShallowMsa_002,CCMpred,0.0,0.0,0.0,0.0,0.0,0.0,1,0,0,0.0,Amb,0.0,Amb,0.0,0.0,0.0,t_recall,,,,
2z9oB_1repC,ShallowMsa_003,CCMpred,0.0,0.0,0.0,0.0,0.0,0.0,1,0,0,0.0,Amb,0.0,Amb,0.0,0.0,0.0,t_recall,,,,
2z9oB_1repC,ShallowMsa_004,CCMpred,0.0,0.0,0.0,0.0,0.0,0.0,1,0,0,0.0,Amb,0.0,Amb,0.0,0.0,0.0,t_recall,,,,
2z9oB_1repC,ShallowMsa_005,CCMpred,0.0,0.0,0.0,0.0,0.0,0.0,1,0,0,0.0,Amb,0.0,Amb,0.0,0.0,0.0,t_recall,,,,
2z9oB_1repC,ShallowMsa_006,CCMpred,0.0,0.0,0.0,0.0,0.0,0.0,1,0,0,0.0,Amb,0.0,Amb,0.0,0.0,0.0,t_recall,,,,
2z9oB_1repC,ShallowMsa_007,CCMpred,0.0,0.0,0.0,0.0,0.0,0.0,1,0,0,0.0,Amb,0.0,Amb,0.0,0.0,0.0,t_recall,,,,
2z9oB_1repC,ShallowMsa_008,CCMpred,0.0,0.0,0.0,0.0,0.0,0.0,1,0,0,0.0,Amb,0.0,Amb,0.0,0.0,0.0,t_recall,,,,
2z9oB_1repC,ShallowMsa_009,CCMpred,0.0,0.0,0.0,0.0,0.0,0.0,1,0,0,0.0,Amb,0.0,Amb,0.0,0.0,0.0,t_recall,,,,
2z9oB_1repC,ShallowMsa_010,CCMpred,0.0,0.0,0.0,0.0,0.0,0.0,1,0,0,0.0,Amb,0.0,Amb,0.0,0.0,0.0,t_recall,,,,
2z9oB_1repC,ShallowMsa_011,CCMpred,0.0,0.0,0.0,0.0,0.0,0.0,1,0,0,0.0,Amb,0.0,Amb,0.0,0.0,0.0,t_recall,,,,
2z9oB_1repC,ShallowMsa_012,CCMpred,0.0,0.0,0.0,0.0,0.0,0.0,1,0,0,0.0,Amb,0.0,Amb,0.0,0.0,0.0,t_recall,,,,
2z9oB_1repC,ShallowMsa_013,CCMpred,0.0,0.0,0.0,0.0,0.0,0.0,1,0,0,0.0,Amb,0.0,Amb,0.0,0.0,0.0,t_recall,,,,
2z9oB_1repC,ShallowMsa_014,CCMpred,0.0,0.0,0.0,0.0,0.0,0.0,1,0,0,0.0,Amb,0.0,Amb,0.0,0.0,0.0,t_recall,,,,
2z9oB_1repC,ShallowMsa_015,CCMpred,0.0,0.0,0.0,0.0,0.0,0.0,1,0,0,0.0,Amb,0.0,Amb,0.0,0.0,0.0,t_recall,,,,
2z9oB_1repC,ShallowMsa_000,DDG,-29.8064,-38.5781,-29.8064,-38.5781,8.7717,8.7717,10,10,0,1.0,F1,-6.3868,F2,15.1585,,,ddg_kcal_per_mol(delta=1.0),8.7717,4.8697,29.8064,38.5781
2z9oB_1repC,ShallowMsa_001,DDG,-48.7911,-64.1705,-48.7911,-64.1705,15.3794,15.3794,10,10,0,1.0,F1,0.2209,Amb,15.1585,,,ddg_kcal_per_mol(delta=1.0),15.3794,4.8942,48.7911,64.1705
2z9oB_1repC,ShallowMsa_002,DDG,-34.7585,-45.3542,-34.7585,-45.3542,10.5957,10.5957,10,10,0,1.0,F1,-4.5628,F2,15.1585,,,ddg_kcal_per_mol(delta=1.0),10.5957,7.0594,34.7585,45.3542
2z9oB_1repC,ShallowMsa_003,DDG,-56.6514,-71.7637,-56.6514,-71.7637,15.1123,15.1123,10,10,0,1.0,F1,-0.0462,Amb,15.1585,,,ddg_kcal_per_mol(delta=1.0),15.1123,6.3823,56.6514,71.7637
2z9oB_1repC,ShallowMsa_004,DDG,-52.0147,-68.6365,-52.0147,-68.6365,16.6219,16.6219,10,10,0,1.0,F1,1.4634,F1,15.1585,,,ddg_kcal_per_mol(delta=1.0),16.6219,4.2375,52.0147,68.6365
2z9oB_1repC,ShallowMsa_005,DDG,-48.5804,-62.7162,-48.5804,-62.7162,14.1357,14.1357,10,10,0,1.0,F1,-1.0228,F2,15.1585,,,ddg_kcal_per_mol(delta=1.0),14.1357,7.2131,48.5804,62.7162
2z9oB_1repC,ShallowMsa_006,DDG,-51.6071,-66.0195,-51.6071,-66.0195,14.4125,14.4125,10,10,0,1.0,F1,-0.746,Amb,15.1585,,,ddg_kcal_per_mol(delta=1.0),14.4125,4.7195,51.6071,66.0195
2z9oB_1repC,ShallowMsa_007,DDG,-49.9355,-65.1402,-49.9355,-65.1402,15.2047,15.2047,10,10,0,1.0,F1,0.0462,Amb,15.1585,,,ddg_kcal_per_mol(delta=1.0),15.2047,4.8496,49.9355,65.1402
2z9oB_1repC,ShallowMsa_008,DDG,-49.738,-64.6639,-49.738,-64.6639,14.9259,14.9259,10,10,0,1.0,F1,-0.2326,Amb,15.1585,,,ddg_kcal_per_mol(delta=1.0),14.9259,3.4146,49.738,64.6639
2z9oB_1repC,ShallowMsa_009,DDG,-57.1891,-74.0015,-57.1891,-74.0015,16.8124,16.8124,10,10,0,1.0,F1,1.6539,F1,15.1585,,,ddg_kcal_per_mol(delta=1.0),16.8124,4.2559,57.1891,74.0015
2z9oB_1repC,ShallowMsa_010,DDG,-53.8316,-69.6941,-53.8316,-69.6941,15.8625,15.8625,10,10,0,1.0,F1,0.704,Amb,15.1585,,,ddg_kcal_per_mol(delta=1.0),15.8625,4.2865,53.8316,69.6941
2z9oB_1repC,ShallowMsa_011,DDG,-34.1215,-42.4352,-34.1215,-42.4352,8.3137,8.3137,10,9,1,0.9,F1,-6.8448,F2,15.1585,,,ddg_kcal_per_mol(delta=1.0),8.3137,4.5772,34.1215,42.4352
2z9oB_1repC,ShallowMsa_012,DDG,-55.4427,-73.2646,-55.4427,-73.2646,17.8219,17.8219,10,10,0,1.0,F1,2.6634,F1,15.1585,,,ddg_kcal_per_mol(delta=1.0),17.8219,4.7587,55.4427,73.2646
2z9oB_1repC,ShallowMsa_013,DDG,-36.9335,-46.6434,-36.9335,-46.6434,9.7099,9.7099,10,10,0,1.0,F1,-5.4486,F2,15.1585,,,ddg_kcal_per_mol(delta=1.0),9.7099,2.6007,36.9335,46.6434
2z9oB_1repC,ShallowMsa_014,DDG,-51.3208,-68.8267,-51.3208,-68.8267,17.506,17.506,10,10,0,1.0,F1,2.3475,F1,15.1585,,,ddg_kcal_per_mol(delta=1.0),17.506,2.4853,51.3208,68.8267
2z9oB_1repC,ShallowMsa_015,DDG,-54.9507,-71.6558,-54.9507,-71.6558,16.705,16.705,10,10,0,1.0,F1,1.5465,F1,15.1585,,,ddg_kcal_per_mol(delta=1.0),16.705,3.3499,54.9507,71.6558
2z9oB_1repC,ShallowMsa_001,Boltz2,,,,,,,1,0,0,0.0,Amb,,Amb,0.0,,,,,,,
2z9oB_1repC,ShallowMsa_002,Boltz2,,,,,,,1,0,0,0.0,Amb,,Amb,0.0,,,,,,,
2z9oB_1repC,ShallowMsa_003,Boltz2,,,,,,,1,0,0,0.0,Amb,,Amb,0.0,,,,,,,
2z9oB_1repC,ShallowMsa_004,Boltz2,,,,,,,1,0,0,0.0,Amb,,Amb,0.0,,,,,,,
2z9oB_1repC,ShallowMsa_006,Boltz2,,,,,,,1,0,0,0.0,Amb,,Amb,0.0,,,,,,,
2z9oB_1repC,ShallowMsa_007,Boltz2,,,,,,,1,0,0,0.0,Amb,,Amb,0.0,,,,,,,
2z9oB_1repC,ShallowMsa_008,Boltz2,,,,,,,1,0,0,0.0,Amb,,Amb,0.0,,,,,,,
2z9oB_1repC,ShallowMsa_009,Boltz2,,,,,,,1,0,0,0.0,Amb,,Amb,0.0,,,,,,,
2z9oB_1repC,ShallowMsa_010,Boltz2,,,,,,,1,0,0,0.0,Amb,,Amb,0.0,,,,,,,
2z9oB_1repC,ShallowMsa_012,Boltz2,,,,,,,1,0,0,0.0,Amb,,Amb,0.0,,,,,,,
2z9oB_1repC,ShallowMsa_014,Boltz2,,,,,,,1,0,0,0.0,Amb,,Amb,0.0,,,,,,,
2z9oB_1repC,ShallowMsa_015,Boltz2,,,,,,,1,0,0,0.0,Amb,,Amb,0.0,,,,,,,
3g0hA_3ewsB,DeepMsa,AF2,0.9062,0.8984,0.7845,0.796,0.0079,-0.0116,2,1,1,0.5,Amb,0.0079,Amb,0.0079,,,,,,,
3g0hA_3ewsB,ShallowMsa_000,AF2,0.9062,0.8984,0.7845,0.796,0.0079,-0.0116,2,1,1,0.5,Amb,0.0,Amb,0.0079,,,,,,,
3g0hA_3ewsB,ShallowMsa_001,AF2,0.9062,0.8984,0.7845,0.796,0.0079,-0.0116,2,1,1,0.5,Amb,0.0,Amb,0.0079,,,,,,,
3g0hA_3ewsB,ShallowMsa_002,AF2,0.9062,0.8984,0.7845,0.796,0.0079,-0.0116,2,1,1,0.5,Amb,0.0,Amb,0.0079,,,,,,,
3g0hA_3ewsB,ShallowMsa_003,AF2,0.9062,0.8984,0.7845,0.796,0.0079,-0.0116,2,1,1,0.5,Amb,0.0,Amb,0.0079,,,,,,,
3g0hA_3ewsB,ShallowMsa_004,AF2,0.9062,0.8984,0.7845,0.796,0.0079,-0.0116,2,1,1,0.5,Amb,0.0,Amb,0.0079,,,,,,,
3g0hA_3ewsB,ShallowMsa_005,AF2,0.9062,0.8984,0.7845,0.796,0.0079,-0.0116,2,1,1,0.5,Amb,0.0,Amb,0.0079,,,,,,,
3g0hA_3ewsB,ShallowMsa_006,AF2,0.9062,0.8984,0.7845,0.796,0.0079,-0.0116,2,1,1,0.5,Amb,0.0,Amb,0.0079,,,,,,,
3g0hA_3ewsB,ShallowMsa_007,AF2,0.9062,0.8984,0.7845,0.796,0.0079,-0.0116,2,1,1,0.5,Amb,0.0,Amb,0.0079,,,,,,,
3g0hA_3ewsB,ShallowMsa_008,AF2,0.9062,0.8984,0.7845,0.796,0.0079,-0.0116,2,1,1,0.5,Amb,0.0,Amb,0.0079,,,,,,,
3g0hA_3ewsB,ShallowMsa_009,AF2,0.9062,0.8984,0.7845,0.796,0.0079,-0.0116,2,1,1,0.5,Amb,0.0,Amb,0.0079,,,,,,,
3g0hA_3ewsB,ShallowMsa_010,AF2,0.9062,0.8984,0.7845,0.796,0.0079,-0.0116,2,1,1,0.5,Amb,0.0,Amb,0.0079,,,,,,,
3g0hA_3ewsB,ShallowMsa_011,AF2,0.9062,0.8984,0.7845,0.796,0.0079,-0.0116,2,1,1,0.5,Amb,0.0,Amb,0.0079,,,,,,,
3g0hA_3ewsB,ShallowMsa_012,AF2,0.8968,0.704,0.8821,0.7003,0.1928,0.1818,2,2,0,1.0,F1,0.1849,F1,0.0079,,,,,,,
3g0hA_3ewsB,ShallowMsa_013,AF2,0.9062,0.8984,0.7845,0.796,0.0079,-0.0116,2,1,1,0.5,Amb,0.0,Amb,0.0079,,,,,,,
3g0hA_3ewsB,ShallowMsa_014,AF2,0.9062,0.8984,0.7845,0.796,0.0079,-0.0116,2,1,1,0.5,Amb,0.0,Amb,0.0079,,,,,,,
3g0hA_3ewsB,ShallowMsa_015,AF2,0.9062,0.8984,0.7845,0.796,0.0079,-0.0116,2,1,1,0.5,Amb,0.0,Amb,0.0079,,,,,,,
3g0hA_3ewsB,ShallowMsa_016,AF2,0.9062,0.8984,0.7845,0.796,0.0079,-0.0116,2,1,1,0.5,Amb,0.0,Amb,0.0079,,,,,,,
3g0hA_3ewsB,ShallowMsa_017,AF2,0.9062,0.8984,0.7845,0.796,0.0079,-0.0116,2,1,1,0.5,Amb,0.0,Amb,0.0079,,,,,,,
3g0hA_3ewsB,DeepMsa,AF3,0.9014,0.7124,0.8915,0.7104,0.189,0.1811,2,2,0,1.0,F1,0.189,F1,0.189,,,,,,,
3g0hA_3ewsB,ShallowMsa_000,AF3,0.9014,0.7124,0.8914,0.7105,0.1889,0.181,2,2,0,1.0,F1,-0.0001,Amb,0.189,,,,,,,
3g0hA_3ewsB,ShallowMsa_001,AF3,0.9014,0.7123,0.8915,0.7104,0.189,0.1811,2,2,0,1.0,F1,0.0,Amb,0.189,,,,,,,
3g0hA_3ewsB,ShallowMsa_002,AF3,0.9014,0.7124,0.8914,0.7105,0.1889,0.181,2,2,0,1.0,F1,-0.0001,Amb,0.189,,,,,,,
3g0hA_3ewsB,ShallowMsa_003,AF3,0.9014,0.7124,0.8915,0.7104,0.189,0.1811,2,2,0,1.0,F1,0.0,Amb,0.189,,,,,,,
3g0hA_3ewsB,ShallowMsa_004,AF3,0.9014,0.7123,0.8915,0.7104,0.1891,0.1811,2,2,0,1.0,F1,0.0001,Amb,0.189,,,,,,,
3g0hA_3ewsB,ShallowMsa_005,AF3,0.9014,0.7123,0.8915,0.7104,0.1891,0.1811,2,2,0,1.0,F1,0.0001,Amb,0.189,,,,,,,
3g0hA_3ewsB,ShallowMsa_006,AF3,0.9014,0.7124,0.8914,0.7105,0.1889,0.181,2,2,0,1.0,F1,-0.0001,Amb,0.189,,,,,,,
3g0hA_3ewsB,ShallowMsa_007,AF3,0.9014,0.7123,0.8915,0.7104,0.1891,0.1811,2,2,0,1.0,F1,0.0001,Amb,0.189,,,,,,,
3g0hA_3ewsB,ShallowMsa_008,AF3,0.9014,0.7124,0.8914,0.7105,0.1889,0.181,2,2,0,1.0,F1,-0.0001,Amb,0.189,,,,,,,
3g0hA_3ewsB,ShallowMsa_009,AF3,0.9014,0.7123,0.8915,0.7104,0.1891,0.1811,2,2,0,1.0,F1,0.0001,Amb,0.189,,,,,,,
3g0hA_3ewsB,ShallowMsa_010,AF3,0.9014,0.7124,0.8914,0.7105,0.1889,0.181,2,2,0,1.0,F1,-0.0001,Amb,0.189,,,,,,,
3g0hA_3ewsB,ShallowMsa_011,AF3,0.9014,0.7124,0.8914,0.7105,0.1889,0.181,2,2,0,1.0,F1,-0.0001,Amb,0.189,,,,,,,
3g0hA_3ewsB,ShallowMsa_012,AF3,0.9021,0.7082,0.8942,0.7074,0.1939,0.1868,2,2,0,1.0,F1,0.0049,Amb,0.189,,,,,,,
3g0hA_3ewsB,ShallowMsa_013,AF3,0.9014,0.7123,0.8915,0.7104,0.1891,0.1811,2,2,0,1.0,F1,0.0001,Amb,0.189,,,,,,,
3g0hA_3ewsB,ShallowMsa_014,AF3,0.9014,0.7124,0.8914,0.7105,0.1889,0.181,2,2,0,1.0,F1,-0.0001,Amb,0.189,,,,,,,
3g0hA_3ewsB,ShallowMsa_015,AF3,0.9014,0.7124,0.8915,0.7104,0.189,0.1811,2,2,0,1.0,F1,0.0,Amb,0.189,,,,,,,
3g0hA_3ewsB,ShallowMsa_016,AF3,0.9014,0.7123,0.8915,0.7104,0.1891,0.1811,2,2,0,1.0,F1,0.0001,Amb,0.189,,,,,,,
3g0hA_3ewsB,ShallowMsa_017,AF3,0.9014,0.7123,0.8915,0.7104,0.1891,0.1811,2,2,0,1.0,F1,0.0001,Amb,0.189,,,,,,,
3g0hA_3ewsB,ShallowMsa_000,ESM,0.8072,0.6936,0.6331,0.5575,0.1136,0.0756,20,20,0,1.0,F1,-0.0322,Amb,0.1458,,,,,,,
3g0hA_3ewsB,ShallowMsa_001,ESM,0.816,0.6667,0.6347,0.5432,0.1492,0.0915,20,18,2,0.9,F1,0.0034,Amb,0.1458,,,,,,,
3g0hA_3ewsB,ShallowMsa_002,ESM,0.8729,0.7029,0.6253,0.5358,0.17,0.0895,20,18,2,0.9,F1,0.0242,Amb,0.1458,,,,,,,
3g0hA_3ewsB,ShallowMsa_003,ESM,0.8176,0.7001,0.6377,0.5537,0.1174,0.084,20,14,6,0.7,F1,-0.0284,Amb,0.1458,,,,,,,
3g0hA_3ewsB,ShallowMsa_004,ESM,0.8393,0.7164,0.6342,0.5623,0.1229,0.0719,20,14,6,0.7,F1,-0.0229,Amb,0.1458,,,,,,,
3g0hA_3ewsB,ShallowMsa_005,ESM,0.8395,0.6942,0.6566,0.5645,0.1453,0.0921,20,16,4,0.8,F1,-0.0005,Amb,0.1458,,,,,,,
3g0hA_3ewsB,ShallowMsa_006,ESM,0.8215,0.688,0.6366,0.5553,0.1335,0.0813,20,14,6,0.7,F1,-0.0123,Amb,0.1458,,,,,,,
3g0hA_3ewsB,ShallowMsa_007,ESM,0.8635,0.7047,0.617,0.5405,0.1588,0.0765,20,18,2,0.9,F1,0.013,Amb,0.1458,,,,,,,
3g0hA_3ewsB,ShallowMsa_008,ESM,0.8317,0.6688,0.6369,0.549,0.1628,0.0879,20,14,6,0.7,F1,0.017,Amb,0.1458,,,,,,,
3g0hA_3ewsB,ShallowMsa_009,ESM,0.8729,0.6676,0.6564,0.5575,0.2054,0.099,20,20,0,1.0,F1,0.0596,F1,0.1458,,,,,,,
3g0hA_3ewsB,ShallowMsa_010,ESM,0.8178,0.6853,0.6421,0.5655,0.1325,0.0766,20,16,4,0.8,F1,-0.0133,Amb,0.1458,,,,,,,
3g0hA_3ewsB,ShallowMsa_011,ESM,0.8065,0.6603,0.6737,0.572,0.1463,0.1016,20,18,2,0.9,F1,0.0005,Amb,0.1458,,,,,,,
3g0hA_3ewsB,ShallowMsa_012,ESM,0.8734,0.7158,0.6601,0.5656,0.1576,0.0945,20,16,4,0.8,F1,0.0118,Amb,0.1458,,,,,,,
3g0hA_3ewsB,ShallowMsa_013,ESM,0.8289,0.7096,0.6759,0.5789,0.1193,0.097,20,16,4,0.8,F1,-0.0265,Amb,0.1458,,,,,,,
3g0hA_3ewsB,ShallowMsa_014,ESM,0.8259,0.6844,0.6624,0.5722,0.1416,0.0902,20,18,2,0.9,F1,-0.0042,Amb,0.1458,,,,,,,
3g0hA_3ewsB,ShallowMsa_015,ESM,0.9163,0.7001,0.6325,0.5425,0.2161,0.0901,20,16,4,0.8,F1,0.0703,F1,0.1458,,,,,,,
3g0hA_3ewsB,ShallowMsa_016,ESM,0.8246,0.6818,0.6349,0.5506,0.1428,0.0843,20,20,0,1.0,F1,-0.003,Amb,0.1458,,,,,,,
3g0hA_3ewsB,ShallowMsa_017,ESM,0.8509,0.6819,0.6525,0.5749,0.169,0.0776,20,18,2,0.9,F1,0.0232,Amb,0.1458,,,,,,,
3g0hA_3ewsB,DeepMsa,MSAT,0.0319,0.0338,0.0319,0.0338,-0.0019,-0.0019,1,0,1,0.0,Amb,-0.0019,Amb,0.0029,0.0319,0.0338,t_recall,,,,
3g0hA_3ewsB,ShallowMsa_000,MSAT,0.0066,0.0035,0.0066,0.0035,0.0031,0.0031,1,1,0,1.0,Amb,0.0001,Amb,0.0029,0.0066,0.0035,t_recall,,,,
3g0hA_3ewsB,ShallowMsa_001,MSAT,0.0131,0.0103,0.0131,0.0103,0.0028,0.0028,1,1,0,1.0,Amb,-0.0001,Amb,0.0029,0.0131,0.0103,t_recall,,,,
3g0hA_3ewsB,ShallowMsa_002,MSAT,0.0259,0.0268,0.0259,0.0268,-0.0009,-0.0009,1,0,1,0.0,Amb,-0.0039,Amb,0.0029,0.0259,0.0268,t_recall,,,,
3g0hA_3ewsB,ShallowMsa_003,MSAT,0.0098,0.0087,0.0098,0.0087,0.0011,0.0011,1,1,0,1.0,Amb,-0.0018,Amb,0.0029,0.0098,0.0087,t_recall,,,,
3g0hA_3ewsB,ShallowMsa_004,MSAT,0.0124,0.0053,0.0124,0.0053,0.0071,0.0071,1,1,0,1.0,Amb,0.0042,Amb,0.0029,0.0124,0.0053,t_recall,,,,
3g0hA_3ewsB,ShallowMsa_005,MSAT,0.0156,0.0104,0.0156,0.0104,0.0052,0.0052,1,1,0,1.0,Amb,0.0022,Amb,0.0029,0.0156,0.0104,t_recall,,,,
3g0hA_3ewsB,ShallowMsa_006,MSAT,0.0158,0.0172,0.0158,0.0172,-0.0014,-0.0014,1,0,1,0.0,Amb,-0.0043,Amb,0.0029,0.0158,0.0172,t_recall,,,,
3g0hA_3ewsB,ShallowMsa_007,MSAT,0.021,0.0167,0.021,0.0167,0.0043,0.0043,1,1,0,1.0,Amb,0.0014,Amb,0.0029,0.021,0.0167,t_recall,,,,
3g0hA_3ewsB,ShallowMsa_008,MSAT,0.0115,0.0094,0.0115,0.0094,0.0021,0.0021,1,1,0,1.0,Amb,-0.0009,Amb,0.0029,0.0115,0.0094,t_recall,,,,
3g0hA_3ewsB,ShallowMsa_009,MSAT,0.0175,0.0139,0.0175,0.0139,0.0036,0.0036,1,1,0,1.0,Amb,0.0006,Amb,0.0029,0.0175,0.0139,t_recall,,,,
3g0hA_3ewsB,ShallowMsa_010,MSAT,0.0141,0.0106,0.0141,0.0106,0.0035,0.0035,1,1,0,1.0,Amb,0.0006,Amb,0.0029,0.0141,0.0106,t_recall,,,,
3g0hA_3ewsB,ShallowMsa_011,MSAT,0.0155,0.0053,0.0155,0.0053,0.0102,0.0102,1,1,0,1.0,Amb,0.0073,Amb,0.0029,0.0155,0.0053,t_recall,,,,
3g0hA_3ewsB,ShallowMsa_012,MSAT,0.0186,0.0206,0.0186,0.0206,-0.002,-0.002,1,0,1,0.0,Amb,-0.0049,Amb,0.0029,0.0186,0.0206,t_recall,,,,
3g0hA_3ewsB,ShallowMsa_013,MSAT,0.0105,0.0105,0.0105,0.0105,0.0,0.0,1,0,0,0.0,Amb,-0.0029,Amb,0.0029,0.0105,0.0105,t_recall,,,,
3g0hA_3ewsB,ShallowMsa_014,MSAT,0.0199,0.0168,0.0199,0.0168,0.0031,0.0031,1,1,0,1.0,Amb,0.0001,Amb,0.0029,0.0199,0.0168,t_recall,,,,
3g0hA_3ewsB,ShallowMsa_015,MSAT,0.0327,0.0312,0.0327,0.0312,0.0015,0.0015,1,1,0,1.0,Amb,-0.0014,Amb,0.0029,0.0327,0.0312,t_recall,,,,
3g0hA_3ewsB,ShallowMsa_016,MSAT,0.0106,0.007,0.0106,0.007,0.0036,0.0036,1,1,0,1.0,Amb,0.0006,Amb,0.0029,0.0106,0.007,t_recall,,,,
3g0hA_3ewsB,ShallowMsa_017,MSAT,0.0272,0.0279,0.0272,0.0279,-0.0007,-0.0007,1,0,1,0.0,Amb,-0.0037,Amb,0.0029,0.0272,0.0279,t_recall,,,,
3g0hA_3ewsB,DeepMsa,CCMpred,0.1596,0.1755,0.1596,0.1755,-0.0159,-0.0159,1,0,1,0.0,Amb,-0.0159,Amb,0.0,0.1596,0.1755,t_recall,,,,
3g0hA_3ewsB,ShallowMsa_000,CCMpred,0.0106,0.01,0.0106,0.01,0.0006,0.0006,1,1,0,1.0,Amb,0.0006,Amb,0.0,0.0106,0.01,t_recall,,,,
3g0hA_3ewsB,ShallowMsa_001,CCMpred,0.0133,0.0157,0.0133,0.0157,-0.0024,-0.0024,1,0,1,0.0,Amb,-0.0024,Amb,0.0,0.0133,0.0157,t_recall,,,,
3g0hA_3ewsB,ShallowMsa_002,CCMpred,0.0,0.0,0.0,0.0,0.0,0.0,1,0,0,0.0,Amb,0.0,Amb,0.0,0.0,0.0,t_recall,,,,
3g0hA_3ewsB,ShallowMsa_003,CCMpred,0.0106,0.0114,0.0106,0.0114,-0.0008,-0.0008,1,0,1,0.0,Amb,-0.0008,Amb,0.0,0.0106,0.0114,t_recall,,,,
3g0hA_3ewsB,ShallowMsa_004,CCMpred,0.0027,0.0029,0.0027,0.0029,-0.0002,-0.0002,1,0,1,0.0,Amb,-0.0002,Amb,0.0,0.0027,0.0029,t_recall,,,,
3g0hA_3ewsB,ShallowMsa_005,CCMpred,0.0027,0.0029,0.0027,0.0029,-0.0002,-0.0002,1,0,1,0.0,Amb,-0.0002,Amb,0.0,0.0027,0.0029,t_recall,,,,
3g0hA_3ewsB,ShallowMsa_006,CCMpred,0.0066,0.0057,0.0066,0.0057,0.0009,0.0009,1,1,0,1.0,Amb,0.0009,Amb,0.0,0.0066,0.0057,t_recall,,,,
3g0hA_3ewsB,ShallowMsa_007,CCMpred,0.0,0.0,0.0,0.0,0.0,0.0,1,0,0,0.0,Amb,0.0,Amb,0.0,0.0,0.0,t_recall,,,,
3g0hA_3ewsB,ShallowMsa_008,CCMpred,0.0,0.0,0.0,0.0,0.0,0.0,1,0,0,0.0,Amb,0.0,Amb,0.0,0.0,0.0,t_recall,,,,
3g0hA_3ewsB,ShallowMsa_009,CCMpred,0.004,0.0029,0.004,0.0029,0.0011,0.0011,1,1,0,1.0,Amb,0.0011,Amb,0.0,0.004,0.0029,t_recall,,,,
3g0hA_3ewsB,ShallowMsa_010,CCMpred,0.0,0.0,0.0,0.0,0.0,0.0,1,0,0,0.0,Amb,0.0,Amb,0.0,0.0,0.0,t_recall,,,,
3g0hA_3ewsB,ShallowMsa_011,CCMpred,0.0,0.0,0.0,0.0,0.0,0.0,1,0,0,0.0,Amb,0.0,Amb,0.0,0.0,0.0,t_recall,,,,
3g0hA_3ewsB,ShallowMsa_012,CCMpred,0.0,0.0,0.0,0.0,0.0,0.0,1,0,0,0.0,Amb,0.0,Amb,0.0,0.0,0.0,t_recall,,,,
3g0hA_3ewsB,ShallowMsa_013,CCMpred,0.0,0.0,0.0,0.0,0.0,0.0,1,0,0,0.0,Amb,0.0,Amb,0.0,0.0,0.0,t_recall,,,,
3g0hA_3ewsB,ShallowMsa_014,CCMpred,0.0,0.0,0.0,0.0,0.0,0.0,1,0,0,0.0,Amb,0.0,Amb,0.0,0.0,0.0,t_recall,,,,
3g0hA_3ewsB,ShallowMsa_015,CCMpred,0.0,0.0,0.0,0.0,0.0,0.0,1,0,0,0.0,Amb,0.0,Amb,0.0,0.0,0.0,t_recall,,,,
3g0hA_3ewsB,ShallowMsa_016,CCMpred,0.0,0.0,0.0,0.0,0.0,0.0,1,0,0,0.0,Amb,0.0,Amb,0.0,0.0,0.0,t_recall,,,,
3g0hA_3ewsB,ShallowMsa_017,CCMpred,0.0,0.0,0.0,0.0,0.0,0.0,1,0,0,0.0,Amb,0.0,Amb,0.0,0.0,0.0,t_recall,,,,
3g0hA_3ewsB,ShallowMsa_000,DDG,-125.8959,-105.2897,-125.8959,-105.2897,-20.6062,-20.6062,10,0,10,0.0,F2,0.1694,Amb,-20.7756,,,ddg_kcal_per_mol(delta=1.0),-20.6062,9.3711,125.8959,105.2897
3g0hA_3ewsB,ShallowMsa_001,DDG,-119.5426,-100.179,-119.5426,-100.179,-19.3636,-19.3636,10,0,10,0.0,F2,1.412,F1,-20.7756,,,ddg_kcal_per_mol(delta=1.0),-19.3636,7.5271,119.5426,100.179
3g0hA_3ewsB,ShallowMsa_002,DDG,-99.9698,-84.093,-99.9698,-84.093,-15.8768,-15.8768,10,1,9,0.1,F2,4.8988,F1,-20.7756,,,ddg_kcal_per_mol(delta=1.0),-15.8768,8.9093,99.9698,84.093
3g0hA_3ewsB,ShallowMsa_003,DDG,-123.2868,-105.559,-123.2868,-105.559,-17.7278,-17.7278,10,0,10,0.0,F2,3.0478,F1,-20.7756,,,ddg_kcal_per_mol(delta=1.0),-17.7278,7.5464,123.2868,105.559
3g0hA_3ewsB,ShallowMsa_004,DDG,-117.7523,-96.0414,-117.7523,-96.0414,-21.7109,-21.7109,10,0,10,0.0,F2,-0.9353,Amb,-20.7756,,,ddg_kcal_per_mol(delta=1.0),-21.7109,12.9091,117.7523,96.0414
3g0hA_3ewsB,ShallowMsa_005,DDG,-120.9302,-98.6596,-120.9302,-98.6596,-22.2707,-22.2707,10,0,10,0.0,F2,-1.4951,F2,-20.7756,,,ddg_kcal_per_mol(delta=1.0),-22.2707,13.4418,120.9302,98.6596
3g0hA_3ewsB,ShallowMsa_006,DDG,-112.2007,-94.1525,-112.2007,-94.1525,-18.0482,-18.0482,10,1,9,0.1,F2,2.7274,F1,-20.7756,,,ddg_kcal_per_mol(delta=1.0),-18.0482,11.8718,112.2007,94.1525
3g0hA_3ewsB,ShallowMsa_007,DDG,-93.3856,-80.9238,-93.3856,-80.9238,-12.4618,-12.4618,10,0,10,0.0,F2,8.3138,F1,-20.7756,,,ddg_kcal_per_mol(delta=1.0),-12.4618,9.8342,93.3856,80.9238
3g0hA_3ewsB,ShallowMsa_008,DDG,-128.6863,-105.8129,-128.6863,-105.8129,-22.8735,-22.8735,10,0,10,0.0,F2,-2.0979,F2,-20.7756,,,ddg_kcal_per_mol(delta=1.0),-22.8735,10.1859,128.6863,105.8129
3g0hA_3ewsB,ShallowMsa_009,DDG,-123.6989,-100.6712,-123.6989,-100.6712,-23.0276,-23.0276,10,0,10,0.0,F2,-2.252,F2,-20.7756,,,ddg_kcal_per_mol(delta=1.0),-23.0276,8.35,123.6989,100.6712
3g0hA_3ewsB,ShallowMsa_010,DDG,-113.1714,-98.7726,-113.1714,-98.7726,-14.3987,-14.3987,10,0,10,0.0,F2,6.3769,F1,-20.7756,,,ddg_kcal_per_mol(delta=1.0),-14.3987,9.4217,113.1714,98.7726
3g0hA_3ewsB,ShallowMsa_011,DDG,-134.7985,-111.4948,-134.7985,-111.4948,-23.3037,-23.3037,10,0,10,0.0,F2,-2.5281,F2,-20.7756,,,ddg_kcal_per_mol(delta=1.0),-23.3037,9.2468,134.7985,111.4948
3g0hA_3ewsB,ShallowMsa_012,DDG,-92.8437,-79.1074,-92.8437,-79.1074,-13.7363,-13.7363,10,0,10,0.0,F2,7.0393,F1,-20.7756,,,ddg_kcal_per_mol(delta=1.0),-13.7363,11.4068,92.8437,79.1074
3g0hA_3ewsB,ShallowMsa_013,DDG,-131.4966,-110.1908,-131.4966,-110.1908,-21.3058,-21.3058,10,0,10,0.0,F2,-0.5302,Amb,-20.7756,,,ddg_kcal_per_mol(delta=1.0),-21.3058,7.5075,131.4966,110.1908
3g0hA_3ewsB,ShallowMsa_014,DDG,-131.9594,-111.0145,-131.9594,-111.0145,-20.945,-20.945,10,0,10,0.0,F2,-0.1694,Amb,-20.7756,,,ddg_kcal_per_mol(delta=1.0),-20.945,11.3927,131.9594,111.0145
3g0hA_3ewsB,ShallowMsa_015,DDG,-108.5017,-92.2916,-108.5017,-92.2916,-16.2101,-16.2101,10,0,10,0.0,F2,4.5655,F1,-20.7756,,,ddg_kcal_per_mol(delta=1.0),-16.2101,8.1538,108.5017,92.2916
3g0hA_3ewsB,ShallowMsa_016,DDG,-124.9668,-102.7315,-124.9668,-102.7315,-22.2353,-22.2353,10,0,10,0.0,F2,-1.4597,F2,-20.7756,,,ddg_kcal_per_mol(delta=1.0),-22.2353,9.0607,124.9668,102.7315
3g0hA_3ewsB,ShallowMsa_017,DDG,-122.9394,-98.8128,-122.9394,-98.8128,-24.1266,-24.1266,10,0,10,0.0,F2,-3.351,F2,-20.7756,,,ddg_kcal_per_mol(delta=1.0),-24.1266,11.3346,122.9394,98.8128
3g0hA_3ewsB,ShallowMsa_000,Boltz2,0.6255,0.5712,0.6255,0.5712,0.0544,0.0544,1,1,0,1.0,F1,0.0412,Amb,0.0132,,,,,,,
3g0hA_3ewsB,ShallowMsa_001,Boltz2,0.4997,0.5241,0.4997,0.5241,-0.0244,-0.0244,1,0,1,0.0,Amb,-0.0376,Amb,0.0132,,,,,,,
3g0hA_3ewsB,ShallowMsa_002,Boltz2,0.5633,0.5894,0.5633,0.5894,-0.0261,-0.0261,1,0,1,0.0,Amb,-0.0393,Amb,0.0132,,,,,,,
3g0hA_3ewsB,ShallowMsa_003,Boltz2,0.4926,0.5292,0.4926,0.5292,-0.0366,-0.0366,1,0,1,0.0,Amb,-0.0498,Amb,0.0132,,,,,,,
3g0hA_3ewsB,ShallowMsa_004,Boltz2,0.6479,0.6151,0.6479,0.6151,0.0328,0.0328,1,1,0,1.0,Amb,0.0196,Amb,0.0132,,,,,,,
3g0hA_3ewsB,ShallowMsa_005,Boltz2,0.5222,0.5091,0.5222,0.5091,0.0131,0.0131,1,1,0,1.0,Amb,-0.0001,Amb,0.0132,,,,,,,
3g0hA_3ewsB,ShallowMsa_006,Boltz2,0.5412,0.541,0.5412,0.541,0.0002,0.0002,1,1,0,1.0,Amb,-0.013,Amb,0.0132,,,,,,,
3g0hA_3ewsB,ShallowMsa_007,Boltz2,0.7763,0.6389,0.7763,0.6389,0.1373,0.1373,1,1,0,1.0,F1,0.1241,F1,0.0132,,,,,,,
3g0hA_3ewsB,ShallowMsa_008,Boltz2,0.4878,0.5011,0.4878,0.5011,-0.0133,-0.0133,1,0,1,0.0,Amb,-0.0265,Amb,0.0132,,,,,,,
3g0hA_3ewsB,ShallowMsa_009,Boltz2,0.6421,0.5804,0.6421,0.5804,0.0617,0.0617,1,1,0,1.0,F1,0.0485,Amb,0.0132,,,,,,,
3g0hA_3ewsB,ShallowMsa_010,Boltz2,0.6198,0.5523,0.6198,0.5523,0.0675,0.0675,1,1,0,1.0,F1,0.0543,F1,0.0132,,,,,,,
3g0hA_3ewsB,ShallowMsa_012,Boltz2,0.796,0.6724,0.796,0.6724,0.1235,0.1235,1,1,0,1.0,F1,0.1103,F1,0.0132,,,,,,,
3g0hA_3ewsB,ShallowMsa_013,Boltz2,0.4875,0.4742,0.4875,0.4742,0.0133,0.0133,1,1,0,1.0,Amb,0.0001,Amb,0.0132,,,,,,,
3g0hA_3ewsB,ShallowMsa_014,Boltz2,0.6933,0.5835,0.6933,0.5835,0.1098,0.1098,1,1,0,1.0,F1,0.0966,F1,0.0132,,,,,,,
3g0hA_3ewsB,ShallowMsa_015,Boltz2,0.5546,0.5776,0.5546,0.5776,-0.0231,-0.0231,1,0,1,0.0,Amb,-0.0363,Amb,0.0132,,,,,,,
3g0hA_3ewsB,ShallowMsa_017,Boltz2,0.5496,0.5804,0.5496,0.5804,-0.0307,-0.0307,1,0,1,0.0,Amb,-0.0439,Amb,0.0132,,,,,,,
3hdfA_3hdeA,DeepMsa,AF2,0.7954,0.9792,0.7913,0.8803,-0.1838,-0.089,2,1,1,0.5,F2,-0.1838,F2,0.0014,,,,,,,
3hdfA_3hdeA,ShallowMsa_000,AF2,0.5894,0.5356,0.542,0.5301,0.0538,0.0119,2,1,1,0.5,F1,0.0524,F1,0.0014,,,,,,,
3hdfA_3hdeA,ShallowMsa_001,AF2,0.7977,0.983,0.7885,0.882,-0.1853,-0.0935,2,1,1,0.5,F2,-0.1867,F2,0.0014,,,,,,,
3hdfA_3hdeA,ShallowMsa_002,AF2,0.5223,0.5236,0.5223,0.5236,-0.0013,-0.0013,2,0,2,0.0,Amb,-0.0027,Amb,0.0014,,,,,,,
3hdfA_3hdeA,ShallowMsa_003,AF2,0.6901,0.7062,0.6901,0.7062,-0.0161,-0.0161,2,0,2,0.0,Amb,-0.0175,Amb,0.0014,,,,,,,
3hdfA_3hdeA,ShallowMsa_004,AF2,0.5532,0.5678,0.5532,0.5678,-0.0146,-0.0146,2,0,2,0.0,Amb,-0.016,Amb,0.0014,,,,,,,
3hdfA_3hdeA,ShallowMsa_005,AF2,0.7938,0.7599,0.7938,0.7599,0.0339,0.0339,2,2,0,1.0,Amb,0.0325,Amb,0.0014,,,,,,,
3hdfA_3hdeA,ShallowMsa_006,AF2,0.764,0.7541,0.764,0.7541,0.0099,0.0099,2,2,0,1.0,Amb,0.0085,Amb,0.0014,,,,,,,
3hdfA_3hdeA,ShallowMsa_007,AF2,0.6283,0.5893,0.6283,0.5893,0.039,0.039,2,2,0,1.0,Amb,0.0376,Amb,0.0014,,,,,,,
3hdfA_3hdeA,ShallowMsa_008,AF2,0.4933,0.5584,0.457,0.4971,-0.0651,-0.0401,2,0,2,0.0,F2,-0.0665,F2,0.0014,,,,,,,
3hdfA_3hdeA,ShallowMsa_009,AF2,0.645,0.5884,0.6302,0.5856,0.0566,0.0446,2,2,0,1.0,F1,0.0552,F1,0.0014,,,,,,,
3hdfA_3hdeA,ShallowMsa_010,AF2,0.5264,0.552,0.5231,0.5511,-0.0256,-0.028,2,0,2,0.0,Amb,-0.027,Amb,0.0014,,,,,,,
3hdfA_3hdeA,ShallowMsa_011,AF2,0.8278,0.7164,0.8278,0.7164,0.1115,0.1115,2,2,0,1.0,F1,0.1101,F1,0.0014,,,,,,,
3hdfA_3hdeA,ShallowMsa_012,AF2,0.6602,0.6855,0.657,0.6803,-0.0253,-0.0233,2,0,2,0.0,Amb,-0.0267,Amb,0.0014,,,,,,,
3hdfA_3hdeA,ShallowMsa_013,AF2,0.6159,0.6495,0.6091,0.6357,-0.0336,-0.0266,2,0,2,0.0,Amb,-0.035,Amb,0.0014,,,,,,,
3hdfA_3hdeA,ShallowMsa_014,AF2,0.6271,0.5984,0.6115,0.5861,0.0287,0.0255,2,2,0,1.0,Amb,0.0273,Amb,0.0014,,,,,,,
3hdfA_3hdeA,ShallowMsa_015,AF2,0.5401,0.5779,0.5342,0.5713,-0.0379,-0.0371,2,0,2,0.0,Amb,-0.0393,Amb,0.0014,,,,,,,
3hdfA_3hdeA,ShallowMsa_016,AF2,0.5732,0.5399,0.5619,0.5359,0.0333,0.026,2,2,0,1.0,Amb,0.0319,Amb,0.0014,,,,,,,
3hdfA_3hdeA,ShallowMsa_017,AF2,0.6717,0.6562,0.6717,0.6562,0.0156,0.0156,2,2,0,1.0,Amb,0.0142,Amb,0.0014,,,,,,,
3hdfA_3hdeA,ShallowMsa_018,AF2,0.6003,0.6299,0.5931,0.6286,-0.0296,-0.0356,2,0,2,0.0,Amb,-0.031,Amb,0.0014,,,,,,,
3hdfA_3hdeA,ShallowMsa_019,AF2,0.5734,0.572,0.5564,0.5552,0.0014,0.0012,2,2,0,1.0,Amb,0.0,Amb,0.0014,,,,,,,
3hdfA_3hdeA,ShallowMsa_020,AF2,0.559,0.5568,0.5476,0.549,0.0022,-0.0015,2,1,1,0.5,Amb,0.0008,Amb,0.0014,,,,,,,
3hdfA_3hdeA,DeepMsa,AF3,0.8035,0.976,0.7601,0.8626,-0.1725,-0.1025,2,0,2,0.0,F2,-0.1725,F2,-0.0227,,,,,,,
3hdfA_3hdeA,ShallowMsa_000,AF3,0.594,0.5185,0.5932,0.5157,0.0756,0.0775,2,2,0,1.0,F1,0.0983,F1,-0.0227,,,,,,,
3hdfA_3hdeA,ShallowMsa_001,AF3,0.7986,0.9804,0.7521,0.8619,-0.1818,-0.1098,2,0,2,0.0,F2,-0.1591,F2,-0.0227,,,,,,,
3hdfA_3hdeA,ShallowMsa_002,AF3,0.5489,0.6014,0.5489,0.6014,-0.0525,-0.0525,2,0,2,0.0,F2,-0.0298,Amb,-0.0227,,,,,,,
3hdfA_3hdeA,ShallowMsa_003,AF3,0.6616,0.6927,0.6616,0.6927,-0.031,-0.031,2,0,2,0.0,Amb,-0.0083,Amb,-0.0227,,,,,,,
3hdfA_3hdeA,ShallowMsa_004,AF3,0.5609,0.6,0.5609,0.6,-0.0391,-0.0391,2,0,2,0.0,Amb,-0.0164,Amb,-0.0227,,,,,,,
3hdfA_3hdeA,ShallowMsa_005,AF3,0.7162,0.7253,0.7162,0.7253,-0.0091,-0.0091,2,0,2,0.0,Amb,0.0136,Amb,-0.0227,,,,,,,
3hdfA_3hdeA,ShallowMsa_006,AF3,0.7026,0.724,0.7026,0.724,-0.0214,-0.0214,2,0,2,0.0,Amb,0.0013,Amb,-0.0227,,,,,,,
3hdfA_3hdeA,ShallowMsa_007,AF3,0.6521,0.5874,0.6521,0.5874,0.0647,0.0647,2,2,0,1.0,F1,0.0874,F1,-0.0227,,,,,,,
3hdfA_3hdeA,ShallowMsa_008,AF3,0.4863,0.5427,0.4801,0.5396,-0.0565,-0.0596,2,0,2,0.0,F2,-0.0338,Amb,-0.0227,,,,,,,
3hdfA_3hdeA,ShallowMsa_009,AF3,0.6385,0.5975,0.6367,0.5915,0.0409,0.0452,2,2,0,1.0,Amb,0.0636,F1,-0.0227,,,,,,,
3hdfA_3hdeA,ShallowMsa_010,AF3,0.605,0.6277,0.6032,0.6265,-0.0227,-0.0233,2,0,2,0.0,Amb,0.0,Amb,-0.0227,,,,,,,
3hdfA_3hdeA,ShallowMsa_011,AF3,0.7201,0.7232,0.7201,0.7232,-0.0031,-0.0031,2,0,2,0.0,Amb,0.0196,Amb,-0.0227,,,,,,,
3hdfA_3hdeA,ShallowMsa_012,AF3,0.6506,0.6876,0.6465,0.6824,-0.037,-0.0359,2,0,2,0.0,Amb,-0.0143,Amb,-0.0227,,,,,,,
3hdfA_3hdeA,ShallowMsa_013,AF3,0.5956,0.6457,0.5955,0.6403,-0.0501,-0.0448,2,0,2,0.0,F2,-0.0274,Amb,-0.0227,,,,,,,
3hdfA_3hdeA,ShallowMsa_014,AF3,0.5854,0.604,0.5559,0.5643,-0.0186,-0.0085,2,1,1,0.5,Amb,0.0041,Amb,-0.0227,,,,,,,
3hdfA_3hdeA,ShallowMsa_015,AF3,0.6324,0.6128,0.5742,0.563,0.0196,0.0112,2,2,0,1.0,Amb,0.0423,Amb,-0.0227,,,,,,,
3hdfA_3hdeA,ShallowMsa_016,AF3,0.5761,0.5795,0.5606,0.558,-0.0034,0.0026,2,1,1,0.5,Amb,0.0193,Amb,-0.0227,,,,,,,
3hdfA_3hdeA,ShallowMsa_017,AF3,0.643,0.6735,0.643,0.6735,-0.0304,-0.0304,2,0,2,0.0,Amb,-0.0077,Amb,-0.0227,,,,,,,
3hdfA_3hdeA,ShallowMsa_018,AF3,0.6067,0.6424,0.6017,0.6399,-0.0357,-0.0382,2,0,2,0.0,Amb,-0.013,Amb,-0.0227,,,,,,,
3hdfA_3hdeA,ShallowMsa_019,AF3,0.5264,0.5339,0.4946,0.482,-0.0075,0.0126,2,1,1,0.5,Amb,0.0152,Amb,-0.0227,,,,,,,
3hdfA_3hdeA,ShallowMsa_020,AF3,0.623,0.6759,0.6171,0.6691,-0.0529,-0.0521,2,0,2,0.0,F2,-0.0302,Amb,-0.0227,,,,,,,
3hdfA_3hdeA,ShallowMsa_000,ESM,0.7614,0.8453,0.591,0.6385,-0.0839,-0.0475,20,6,14,0.3,Amb,-0.0158,Amb,-0.0681,,,,,,,
3hdfA_3hdeA,ShallowMsa_001,ESM,0.76,0.7977,0.5766,0.6156,-0.0377,-0.039,20,2,18,0.1,Amb,0.0304,Amb,-0.0681,,,,,,,
3hdfA_3hdeA,ShallowMsa_002,ESM,0.7257,0.8271,0.5808,0.6361,-0.1014,-0.0552,20,2,18,0.1,F2,-0.0333,Amb,-0.0681,,,,,,,
3hdfA_3hdeA,ShallowMsa_003,ESM,0.7419,0.836,0.5839,0.6244,-0.0941,-0.0406,20,4,16,0.2,Amb,-0.026,Amb,-0.0681,,,,,,,
3hdfA_3hdeA,ShallowMsa_004,ESM,0.7173,0.8546,0.6042,0.6442,-0.1373,-0.0399,20,4,16,0.2,Amb,-0.0692,F2,-0.0681,,,,,,,
3hdfA_3hdeA,ShallowMsa_005,ESM,0.7729,0.8552,0.6212,0.653,-0.0823,-0.0318,20,10,10,0.5,Amb,-0.0142,Amb,-0.0681,,,,,,,
3hdfA_3hdeA,ShallowMsa_006,ESM,0.743,0.8086,0.5725,0.5991,-0.0656,-0.0266,20,4,16,0.2,Amb,0.0025,Amb,-0.0681,,,,,,,
3hdfA_3hdeA,ShallowMsa_007,ESM,0.771,0.8063,0.587,0.6146,-0.0354,-0.0276,20,6,14,0.3,Amb,0.0327,Amb,-0.0681,,,,,,,
3hdfA_3hdeA,ShallowMsa_008,ESM,0.7481,0.8765,0.5986,0.6426,-0.1284,-0.044,20,6,14,0.3,Amb,-0.0603,F2,-0.0681,,,,,,,
3hdfA_3hdeA,ShallowMsa_009,ESM,0.7339,0.8033,0.5492,0.5915,-0.0694,-0.0423,20,2,18,0.1,Amb,-0.0013,Amb,-0.0681,,,,,,,
3hdfA_3hdeA,ShallowMsa_010,ESM,0.7717,0.8082,0.5754,0.6102,-0.0365,-0.0348,20,4,16,0.2,Amb,0.0316,Amb,-0.0681,,,,,,,
3hdfA_3hdeA,ShallowMsa_011,ESM,0.7474,0.8035,0.5738,0.6011,-0.0561,-0.0273,20,6,14,0.3,Amb,0.012,Amb,-0.0681,,,,,,,
3hdfA_3hdeA,ShallowMsa_012,ESM,0.737,0.8127,0.6055,0.6254,-0.0757,-0.0199,20,6,14,0.3,Amb,-0.0076,Amb,-0.0681,,,,,,,
3hdfA_3hdeA,ShallowMsa_013,ESM,0.7473,0.7983,0.617,0.6204,-0.051,-0.0034,20,10,10,0.5,Amb,0.0171,Amb,-0.0681,,,,,,,
3hdfA_3hdeA,ShallowMsa_014,ESM,0.7467,0.8139,0.5672,0.5857,-0.0672,-0.0184,20,6,14,0.3,Amb,0.0009,Amb,-0.0681,,,,,,,
3hdfA_3hdeA,ShallowMsa_015,ESM,0.7263,0.8078,0.6144,0.6448,-0.0816,-0.0304,20,4,16,0.2,Amb,-0.0135,Amb,-0.0681,,,,,,,
3hdfA_3hdeA,ShallowMsa_016,ESM,0.7572,0.8068,0.5926,0.6336,-0.0496,-0.041,20,2,18,0.1,Amb,0.0185,Amb,-0.0681,,,,,,,
3hdfA_3hdeA,ShallowMsa_017,ESM,0.7369,0.8081,0.6105,0.6308,-0.0712,-0.0203,20,6,14,0.3,Amb,-0.0031,Amb,-0.0681,,,,,,,
3hdfA_3hdeA,ShallowMsa_018,ESM,0.7385,0.8066,0.5881,0.5967,-0.0681,-0.0086,20,8,12,0.4,Amb,0.0,Amb,-0.0681,,,,,,,
3hdfA_3hdeA,ShallowMsa_019,ESM,0.7451,0.7779,0.5919,0.5957,-0.0328,-0.0038,20,10,10,0.5,Amb,0.0353,Amb,-0.0681,,,,,,,
3hdfA_3hdeA,ShallowMsa_020,ESM,0.7527,0.7986,0.6271,0.6272,-0.0459,-0.0001,20,8,12,0.4,Amb,0.0222,Amb,-0.0681,,,,,,,
3hdfA_3hdeA,DeepMsa,MSAT,0.5116,0.4512,0.5116,0.4512,0.0604,0.0604,1,1,0,1.0,F1,0.0604,F1,0.0089,0.5116,0.4512,t_recall,,,,
3hdfA_3hdeA,ShallowMsa_000,MSAT,0.0247,0.0066,0.0247,0.0066,0.0181,0.0181,1,1,0,1.0,Amb,0.0092,Amb,0.0089,0.0247,0.0066,t_recall,,,,
3hdfA_3hdeA,ShallowMsa_001,MSAT,0.4264,0.3674,0.4264,0.3674,0.059,0.059,1,1,0,1.0,F1,0.0501,F1,0.0089,0.4264,0.3674,t_recall,,,,
3hdfA_3hdeA,ShallowMsa_002,MSAT,0.0366,0.0258,0.0366,0.0258,0.0108,0.0108,1,1,0,1.0,Amb,0.0019,Amb,0.0089,0.0366,0.0258,t_recall,,,,
3hdfA_3hdeA,ShallowMsa_003,MSAT,0.0353,0.0186,0.0353,0.0186,0.0167,0.0167,1,1,0,1.0,Amb,0.0078,Amb,0.0089,0.0353,0.0186,t_recall,,,,
3hdfA_3hdeA,ShallowMsa_004,MSAT,0.0494,0.0395,0.0494,0.0395,0.0099,0.0099,1,1,0,1.0,Amb,0.001,Amb,0.0089,0.0494,0.0395,t_recall,,,,
3hdfA_3hdeA,ShallowMsa_005,MSAT,0.0494,0.0197,0.0494,0.0197,0.0297,0.0297,1,1,0,1.0,Amb,0.0208,Amb,0.0089,0.0494,0.0197,t_recall,,,,
3hdfA_3hdeA,ShallowMsa_006,MSAT,0.0122,0.0194,0.0122,0.0194,-0.0072,-0.0072,1,0,1,0.0,Amb,-0.0161,Amb,0.0089,0.0122,0.0194,t_recall,,,,
3hdfA_3hdeA,ShallowMsa_007,MSAT,0.0123,0.0263,0.0123,0.0263,-0.014,-0.014,1,0,1,0.0,Amb,-0.0229,Amb,0.0089,0.0123,0.0263,t_recall,,,,
3hdfA_3hdeA,ShallowMsa_008,MSAT,0.0244,0.0387,0.0244,0.0387,-0.0143,-0.0143,1,0,1,0.0,Amb,-0.0232,Amb,0.0089,0.0244,0.0387,t_recall,,,,
3hdfA_3hdeA,ShallowMsa_009,MSAT,0.0235,0.0124,0.0235,0.0124,0.0111,0.0111,1,1,0,1.0,Amb,0.0022,Amb,0.0089,0.0235,0.0124,t_recall,,,,
3hdfA_3hdeA,ShallowMsa_010,MSAT,0.037,0.0263,0.037,0.0263,0.0107,0.0107,1,1,0,1.0,Amb,0.0018,Amb,0.0089,0.037,0.0263,t_recall,,,,
3hdfA_3hdeA,ShallowMsa_011,MSAT,0.025,0.0267,0.025,0.0267,-0.0017,-0.0017,1,0,1,0.0,Amb,-0.0106,Amb,0.0089,0.025,0.0267,t_recall,,,,
3hdfA_3hdeA,ShallowMsa_012,MSAT,0.0235,0.0185,0.0235,0.0185,0.005,0.005,1,1,0,1.0,Amb,-0.0039,Amb,0.0089,0.0235,0.0185,t_recall,,,,
3hdfA_3hdeA,ShallowMsa_013,MSAT,0.0247,0.0329,0.0247,0.0329,-0.0082,-0.0082,1,0,1,0.0,Amb,-0.0171,Amb,0.0089,0.0247,0.0329,t_recall,,,,
3hdfA_3hdeA,ShallowMsa_014,MSAT,0.025,0.02,0.025,0.02,0.005,0.005,1,1,0,1.0,Amb,-0.0039,Amb,0.0089,0.025,0.02,t_recall,,,,
3hdfA_3hdeA,ShallowMsa_015,MSAT,0.0471,0.0124,0.0471,0.0124,0.0347,0.0347,1,1,0,1.0,Amb,0.0258,Amb,0.0089,0.0471,0.0124,t_recall,,,,
3hdfA_3hdeA,ShallowMsa_016,MSAT,0.0235,0.0062,0.0235,0.0062,0.0173,0.0173,1,1,0,1.0,Amb,0.0084,Amb,0.0089,0.0235,0.0062,t_recall,,,,
3hdfA_3hdeA,ShallowMsa_017,MSAT,0.0235,0.0435,0.0235,0.0435,-0.02,-0.02,1,0,1,0.0,Amb,-0.0289,Amb,0.0089,0.0235,0.0435,t_recall,,,,
3hdfA_3hdeA,ShallowMsa_018,MSAT,0.037,0.0461,0.037,0.0461,-0.0091,-0.0091,1,0,1,0.0,Amb,-0.018,Amb,0.0089,0.037,0.0461,t_recall,,,,
3hdfA_3hdeA,ShallowMsa_019,MSAT,0.0706,0.0617,0.0706,0.0617,0.0089,0.0089,1,1,0,1.0,Amb,0.0,Amb,0.0089,0.0706,0.0617,t_recall,,,,
3hdfA_3hdeA,ShallowMsa_020,MSAT,0.0588,0.0559,0.0588,0.0559,0.0029,0.0029,1,1,0,1.0,Amb,-0.006,Amb,0.0089,0.0588,0.0559,t_recall,,,,
3hdfA_3hdeA,DeepMsa,CCMpred,0.3876,0.3163,0.3876,0.3163,0.0713,0.0713,1,1,0,1.0,F1,0.0713,F1,0.0031,0.3876,0.3163,t_recall,,,,
3hdfA_3hdeA,ShallowMsa_000,CCMpred,0.2868,0.2465,0.2868,0.2465,0.0403,0.0403,1,1,0,1.0,Amb,0.0372,Amb,0.0031,0.2868,0.2465,t_recall,,,,
3hdfA_3hdeA,ShallowMsa_001,CCMpred,0.0,0.0,0.0,0.0,0.0,0.0,1,0,0,0.0,Amb,-0.0031,Amb,0.0031,0.0,0.0,t_recall,,,,
3hdfA_3hdeA,ShallowMsa_002,CCMpred,0.0388,0.0372,0.0388,0.0372,0.0016,0.0016,1,1,0,1.0,Amb,-0.0015,Amb,0.0031,0.0388,0.0372,t_recall,,,,
3hdfA_3hdeA,ShallowMsa_003,CCMpred,0.0543,0.0465,0.0543,0.0465,0.0078,0.0078,1,1,0,1.0,Amb,0.0047,Amb,0.0031,0.0543,0.0465,t_recall,,,,
3hdfA_3hdeA,ShallowMsa_004,CCMpred,0.0465,0.0326,0.0465,0.0326,0.0139,0.0139,1,1,0,1.0,Amb,0.0108,Amb,0.0031,0.0465,0.0326,t_recall,,,,
3hdfA_3hdeA,ShallowMsa_005,CCMpred,0.0078,0.0047,0.0078,0.0047,0.0031,0.0031,1,1,0,1.0,Amb,0.0,Amb,0.0031,0.0078,0.0047,t_recall,,,,
3hdfA_3hdeA,ShallowMsa_006,CCMpred,0.0233,0.014,0.0233,0.014,0.0093,0.0093,1,1,0,1.0,Amb,0.0062,Amb,0.0031,0.0233,0.014,t_recall,,,,
3hdfA_3hdeA,ShallowMsa_007,CCMpred,0.0155,0.014,0.0155,0.014,0.0015,0.0015,1,1,0,1.0,Amb,-0.0016,Amb,0.0031,0.0155,0.014,t_recall,,,,
3hdfA_3hdeA,ShallowMsa_008,CCMpred,0.0155,0.0093,0.0155,0.0093,0.0062,0.0062,1,1,0,1.0,Amb,0.0031,Amb,0.0031,0.0155,0.0093,t_recall,,,,
3hdfA_3hdeA,ShallowMsa_009,CCMpred,0.0078,0.0047,0.0078,0.0047,0.0031,0.0031,1,1,0,1.0,Amb,0.0,Amb,0.0031,0.0078,0.0047,t_recall,,,,
3hdfA_3hdeA,ShallowMsa_010,CCMpred,0.0155,0.014,0.0155,0.014,0.0015,0.0015,1,1,0,1.0,Amb,-0.0016,Amb,0.0031,0.0155,0.014,t_recall,,,,
3hdfA_3hdeA,ShallowMsa_011,CCMpred,0.0233,0.0186,0.0233,0.0186,0.0047,0.0047,1,1,0,1.0,Amb,0.0016,Amb,0.0031,0.0233,0.0186,t_recall,,,,
3hdfA_3hdeA,ShallowMsa_012,CCMpred,0.0078,0.0093,0.0078,0.0093,-0.0015,-0.0015,1,0,1,0.0,Amb,-0.0046,Amb,0.0031,0.0078,0.0093,t_recall,,,,
3hdfA_3hdeA,ShallowMsa_013,CCMpred,0.0,0.0047,0.0,0.0047,-0.0047,-0.0047,1,0,1,0.0,Amb,-0.0078,Amb,0.0031,0.0,0.0047,t_recall,,,,
3hdfA_3hdeA,ShallowMsa_014,CCMpred,0.0078,0.0047,0.0078,0.0047,0.0031,0.0031,1,1,0,1.0,Amb,0.0,Amb,0.0031,0.0078,0.0047,t_recall,,,,
3hdfA_3hdeA,ShallowMsa_015,CCMpred,0.0,0.0047,0.0,0.0047,-0.0047,-0.0047,1,0,1,0.0,Amb,-0.0078,Amb,0.0031,0.0,0.0047,t_recall,,,,
3hdfA_3hdeA,ShallowMsa_016,CCMpred,0.0078,0.0047,0.0078,0.0047,0.0031,0.0031,1,1,0,1.0,Amb,0.0,Amb,0.0031,0.0078,0.0047,t_recall,,,,
3hdfA_3hdeA,ShallowMsa_017,CCMpred,0.0,0.0,0.0,0.0,0.0,0.0,1,0,0,0.0,Amb,-0.0031,Amb,0.0031,0.0,0.0,t_recall,,,,
3hdfA_3hdeA,ShallowMsa_018,CCMpred,0.0,0.0,0.0,0.0,0.0,0.0,1,0,0,0.0,Amb,-0.0031,Amb,0.0031,0.0,0.0,t_recall,,,,
3hdfA_3hdeA,ShallowMsa_019,CCMpred,0.0,0.0,0.0,0.0,0.0,0.0,1,0,0,0.0,Amb,-0.0031,Amb,0.0031,0.0,0.0,t_recall,,,,
3hdfA_3hdeA,ShallowMsa_020,CCMpred,0.0078,0.0047,0.0078,0.0047,0.0031,0.0031,1,1,0,1.0,Amb,0.0,Amb,0.0031,0.0078,0.0047,t_recall,,,,
3hdfA_3hdeA,ShallowMsa_000,DDG,-44.4458,-58.0668,-44.4458,-58.0668,13.6211,13.6211,10,9,1,0.9,F1,4.9074,F1,8.7137,,,ddg_kcal_per_mol(delta=1.0),13.6211,9.3214,44.4458,58.0668
3hdfA_3hdeA,ShallowMsa_001,DDG,-37.3558,-46.4234,-37.3558,-46.4234,9.0676,9.0676,10,7,3,0.7,F1,0.3539,Amb,8.7137,,,ddg_kcal_per_mol(delta=1.0),9.0676,9.572,37.3558,46.4234
3hdfA_3hdeA,ShallowMsa_002,DDG,-47.5973,-57.2185,-47.5973,-57.2185,9.6213,9.6213,10,7,3,0.7,F1,0.9076,Amb,8.7137,,,ddg_kcal_per_mol(delta=1.0),9.6213,11.2499,47.5973,57.2185
3hdfA_3hdeA,ShallowMsa_003,DDG,-43.7967,-57.7989,-43.7967,-57.7989,14.0022,14.0022,10,7,3,0.7,F1,5.2885,F1,8.7137,,,ddg_kcal_per_mol(delta=1.0),14.0022,11.7132,43.7967,57.7989
3hdfA_3hdeA,ShallowMsa_004,DDG,-47.1567,-57.4776,-47.1567,-57.4776,10.3209,10.3209,10,8,2,0.8,F1,1.6072,F1,8.7137,,,ddg_kcal_per_mol(delta=1.0),10.3209,10.1663,47.1567,57.4776
3hdfA_3hdeA,ShallowMsa_005,DDG,-42.215,-57.2792,-42.215,-57.2792,15.0642,15.0642,10,9,1,0.9,F1,6.3505,F1,8.7137,,,ddg_kcal_per_mol(delta=1.0),15.0642,9.0709,42.215,57.2792
3hdfA_3hdeA,ShallowMsa_006,DDG,-42.687,-52.7245,-42.687,-52.7245,10.0375,10.0375,10,7,3,0.7,F1,1.3238,F1,8.7137,,,ddg_kcal_per_mol(delta=1.0),10.0375,11.8201,42.687,52.7245
3hdfA_3hdeA,ShallowMsa_007,DDG,-41.9635,-50.2867,-41.9635,-50.2867,8.3232,8.3232,10,8,2,0.8,F1,-0.3905,Amb,8.7137,,,ddg_kcal_per_mol(delta=1.0),8.3232,10.8662,41.9635,50.2867
3hdfA_3hdeA,ShallowMsa_008,DDG,-47.1216,-59.5443,-47.1216,-59.5443,12.4227,12.4227,10,6,4,0.6,F1,3.709,F1,8.7137,,,ddg_kcal_per_mol(delta=1.0),12.4227,13.3135,47.1216,59.5443
3hdfA_3hdeA,ShallowMsa_009,DDG,-40.9226,-49.6363,-40.9226,-49.6363,8.7137,8.7137,10,6,4,0.6,F1,0.0,Amb,8.7137,,,ddg_kcal_per_mol(delta=1.0),8.7137,11.315,40.9226,49.6363
3hdfA_3hdeA,ShallowMsa_010,DDG,-45.3472,-50.7711,-45.3472,-50.7711,5.4239,5.4239,10,7,3,0.7,F1,-3.2898,F2,8.7137,,,ddg_kcal_per_mol(delta=1.0),5.4239,7.8747,45.3472,50.7711
3hdfA_3hdeA,ShallowMsa_011,DDG,-45.3615,-52.0357,-45.3615,-52.0357,6.6743,6.6743,10,7,3,0.7,F1,-2.0394,F2,8.7137,,,ddg_kcal_per_mol(delta=1.0),6.6743,9.9819,45.3615,52.0357
3hdfA_3hdeA,ShallowMsa_012,DDG,-47.5121,-52.9393,-47.5121,-52.9393,5.4272,5.4272,10,6,4,0.6,F1,-3.2865,F2,8.7137,,,ddg_kcal_per_mol(delta=1.0),5.4272,9.3434,47.5121,52.9393
3hdfA_3hdeA,ShallowMsa_013,DDG,-46.5913,-51.8131,-46.5913,-51.8131,5.2218,5.2218,10,7,3,0.7,F1,-3.4919,F2,8.7137,,,ddg_kcal_per_mol(delta=1.0),5.2218,7.2975,46.5913,51.8131
3hdfA_3hdeA,ShallowMsa_014,DDG,-46.0893,-54.7231,-46.0893,-54.7231,8.6338,8.6338,10,6,4,0.6,F1,-0.0799,Amb,8.7137,,,ddg_kcal_per_mol(delta=1.0),8.6338,11.0122,46.0893,54.7231
3hdfA_3hdeA,ShallowMsa_015,DDG,-51.7841,-61.1984,-51.7841,-61.1984,9.4144,9.4144,10,8,2,0.8,F1,0.7007,Amb,8.7137,,,ddg_kcal_per_mol(delta=1.0),9.4144,12.0512,51.7841,61.1984
3hdfA_3hdeA,ShallowMsa_016,DDG,-49.8232,-58.5618,-49.8232,-58.5618,8.7386,8.7386,10,6,4,0.6,F1,0.0249,Amb,8.7137,,,ddg_kcal_per_mol(delta=1.0),8.7386,12.0823,49.8232,58.5618
3hdfA_3hdeA,ShallowMsa_017,DDG,-50.2038,-55.0508,-50.2038,-55.0508,4.8469,4.8469,10,6,4,0.6,F1,-3.8668,F2,8.7137,,,ddg_kcal_per_mol(delta=1.0),4.8469,10.0469,50.2038,55.0508
3hdfA_3hdeA,ShallowMsa_018,DDG,-44.857,-46.6038,-44.857,-46.6038,1.7469,1.7469,10,5,5,0.5,F1,-6.9668,F2,8.7137,,,ddg_kcal_per_mol(delta=1.0),1.7469,6.7438,44.857,46.6038
3hdfA_3hdeA,ShallowMsa_019,DDG,-48.7369,-55.2473,-48.7369,-55.2473,6.5104,6.5104,10,6,4,0.6,F1,-2.2033,F2,8.7137,,,ddg_kcal_per_mol(delta=1.0),6.5104,9.7588,48.7369,55.2473
3hdfA_3hdeA,ShallowMsa_020,DDG,-47.711,-55.3159,-47.711,-55.3159,7.6049,7.6049,10,7,3,0.7,F1,-1.1088,F2,8.7137,,,ddg_kcal_per_mol(delta=1.0),7.6049,11.0012,47.711,55.3159
3hdfA_3hdeA,ShallowMsa_000,Boltz2,0.5378,0.5882,0.5378,0.5882,-0.0504,-0.0504,1,0,1,0.0,F2,0.0159,Amb,-0.0663,,,,,,,
3hdfA_3hdeA,ShallowMsa_001,Boltz2,0.5244,0.6238,0.5244,0.6238,-0.0995,-0.0995,1,0,1,0.0,F2,-0.0333,Amb,-0.0663,,,,,,,
3hdfA_3hdeA,ShallowMsa_002,Boltz2,0.4134,0.4594,0.4134,0.4594,-0.046,-0.046,1,0,1,0.0,Amb,0.0203,Amb,-0.0663,,,,,,,
3hdfA_3hdeA,ShallowMsa_003,Boltz2,0.2929,0.3265,0.2929,0.3265,-0.0335,-0.0335,1,0,1,0.0,Amb,0.0328,Amb,-0.0663,,,,,,,
3hdfA_3hdeA,ShallowMsa_004,Boltz2,0.5235,0.5784,0.5235,0.5784,-0.0548,-0.0548,1,0,1,0.0,F2,0.0115,Amb,-0.0663,,,,,,,
3hdfA_3hdeA,ShallowMsa_005,Boltz2,0.5662,0.5603,0.5662,0.5603,0.0059,0.0059,1,1,0,1.0,Amb,0.0722,F1,-0.0663,,,,,,,
3hdfA_3hdeA,ShallowMsa_006,Boltz2,0.3385,0.4201,0.3385,0.4201,-0.0815,-0.0815,1,0,1,0.0,F2,-0.0152,Amb,-0.0663,,,,,,,
3hdfA_3hdeA,ShallowMsa_007,Boltz2,0.5319,0.6546,0.5319,0.6546,-0.1227,-0.1227,1,0,1,0.0,F2,-0.0565,F2,-0.0663,,,,,,,
3hdfA_3hdeA,ShallowMsa_008,Boltz2,0.4352,0.571,0.4352,0.571,-0.1358,-0.1358,1,0,1,0.0,F2,-0.0696,F2,-0.0663,,,,,,,
3hdfA_3hdeA,ShallowMsa_010,Boltz2,0.5478,0.6536,0.5478,0.6536,-0.1059,-0.1059,1,0,1,0.0,F2,-0.0396,Amb,-0.0663,,,,,,,
3hdfA_3hdeA,ShallowMsa_011,Boltz2,0.5313,0.5739,0.5313,0.5739,-0.0426,-0.0426,1,0,1,0.0,Amb,0.0237,Amb,-0.0663,,,,,,,
3hdfA_3hdeA,ShallowMsa_014,Boltz2,0.502,0.531,0.502,0.531,-0.029,-0.029,1,0,1,0.0,Amb,0.0373,Amb,-0.0663,,,,,,,
3hdfA_3hdeA,ShallowMsa_015,Boltz2,0.4097,0.4878,0.4097,0.4878,-0.0782,-0.0782,1,0,1,0.0,F2,-0.012,Amb,-0.0663,,,,,,,
3hdfA_3hdeA,ShallowMsa_016,Boltz2,0.3652,0.4429,0.3652,0.4429,-0.0777,-0.0777,1,0,1,0.0,F2,-0.0115,Amb,-0.0663,,,,,,,
3hdfA_3hdeA,ShallowMsa_017,Boltz2,0.3505,0.4045,0.3505,0.4045,-0.0541,-0.0541,1,0,1,0.0,F2,0.0122,Amb,-0.0663,,,,,,,
3hdfA_3hdeA,ShallowMsa_019,Boltz2,0.2565,0.3348,0.2565,0.3348,-0.0782,-0.0782,1,0,1,0.0,F2,-0.012,Amb,-0.0663,,,,,,,
3j7vG_3j7wB,DeepMsa,AF2,0.8,0.7872,0.7996,0.7798,0.0129,0.0197,2,2,0,1.0,Amb,0.0129,Amb,0.0633,,,,,,,
3j7vG_3j7wB,ShallowMsa_000,AF2,0.6738,0.6104,0.6691,0.6104,0.0633,0.0587,2,2,0,1.0,F1,0.0,Amb,0.0633,,,,,,,
3j7vG_3j7wB,ShallowMsa_001,AF2,0.3438,0.2407,0.3436,0.2402,0.103,0.1034,2,2,0,1.0,F1,0.0397,Amb,0.0633,,,,,,,
3j7vG_3j7wB,ShallowMsa_002,AF2,0.5711,0.5084,0.5711,0.5075,0.0627,0.0636,2,2,0,1.0,F1,-0.0006,Amb,0.0633,,,,,,,
3j7vG_3j7wB,ShallowMsa_003,AF2,0.5715,0.5095,0.5713,0.5082,0.062,0.063,2,2,0,1.0,F1,-0.0013,Amb,0.0633,,,,,,,
3j7vG_3j7wB,ShallowMsa_004,AF2,0.812,0.6945,0.8117,0.6942,0.1175,0.1175,2,2,0,1.0,F1,0.0542,F1,0.0633,,,,,,,
3j7vG_3j7wB,DeepMsa,AF3,0.8032,0.7904,0.8014,0.7836,0.0128,0.0178,2,2,0,1.0,Amb,0.0128,Amb,0.0899,,,,,,,
3j7vG_3j7wB,ShallowMsa_000,AF3,0.6677,0.6215,0.6635,0.6209,0.0462,0.0425,2,2,0,1.0,Amb,-0.0437,Amb,0.0899,,,,,,,
3j7vG_3j7wB,ShallowMsa_001,AF3,0.3583,0.2316,0.3475,0.2209,0.1267,0.1266,2,2,0,1.0,F1,0.0368,Amb,0.0899,,,,,,,
3j7vG_3j7wB,ShallowMsa_002,AF3,0.5846,0.4947,0.5833,0.4924,0.0899,0.0909,2,2,0,1.0,F1,0.0,Amb,0.0899,,,,,,,
3j7vG_3j7wB,ShallowMsa_003,AF3,0.5843,0.4968,0.5838,0.4925,0.0875,0.0913,2,2,0,1.0,F1,-0.0024,Amb,0.0899,,,,,,,
3j7vG_3j7wB,ShallowMsa_004,AF3,0.8092,0.711,0.8079,0.7085,0.0983,0.0994,2,2,0,1.0,F1,0.0084,Amb,0.0899,,,,,,,
3j7vG_3j7wB,ShallowMsa_000,ESM,0.7546,0.6972,0.6599,0.6102,0.0574,0.0497,20,18,2,0.9,Amb,0.0316,Amb,0.0258,,,,,,,
3j7vG_3j7wB,ShallowMsa_001,ESM,0.4092,0.4474,0.2972,0.278,-0.0382,0.0192,20,13,7,0.65,Amb,-0.064,F2,0.0258,,,,,,,
3j7vG_3j7wB,ShallowMsa_002,ESM,0.548,0.5234,0.4276,0.4036,0.0246,0.0241,20,18,2,0.9,Amb,-0.0012,Amb,0.0258,,,,,,,
3j7vG_3j7wB,ShallowMsa_003,ESM,0.548,0.5234,0.4276,0.4036,0.0246,0.0241,20,18,2,0.9,Amb,-0.0012,Amb,0.0258,,,,,,,
3j7vG_3j7wB,ShallowMsa_004,ESM,0.7765,0.7496,0.6648,0.6203,0.027,0.0445,20,18,2,0.9,Amb,0.0012,Amb,0.0258,,,,,,,
3j7vG_3j7wB,ShallowMsa_005,ESM,0.7209,0.6874,0.6799,0.6492,0.0336,0.0308,10,8,2,0.8,Amb,0.0078,Amb,0.0258,,,,,,,
3j7vG_3j7wB,DeepMsa,MSAT,0.1984,0.203,0.1984,0.203,-0.0046,-0.0046,1,0,1,0.0,Amb,-0.0046,Amb,0.0,0.1984,0.203,t_recall,,,,
3j7vG_3j7wB,ShallowMsa_000,MSAT,0.0329,0.0241,0.0329,0.0241,0.0088,0.0088,1,1,0,1.0,Amb,0.0088,Amb,0.0,0.0329,0.0241,t_recall,,,,
3j7vG_3j7wB,ShallowMsa_001,MSAT,0.0,0.0,0.0,0.0,0.0,0.0,1,0,0,0.0,Amb,0.0,Amb,0.0,0.0,0.0,t_recall,,,,
3j7vG_3j7wB,ShallowMsa_002,MSAT,0.0385,0.0238,0.0385,0.0238,0.0147,0.0147,1,1,0,1.0,Amb,0.0147,Amb,0.0,0.0385,0.0238,t_recall,,,,
3j7vG_3j7wB,ShallowMsa_003,MSAT,0.003,0.006,0.003,0.006,-0.003,-0.003,1,0,1,0.0,Amb,-0.003,Amb,0.0,0.003,0.006,t_recall,,,,
3j7vG_3j7wB,ShallowMsa_004,MSAT,0.0031,0.0032,0.0031,0.0032,-0.0001,-0.0001,1,0,1,0.0,Amb,-0.0001,Amb,0.0,0.0031,0.0032,t_recall,,,,
3j7vG_3j7wB,DeepMsa,CCMpred,0.0,0.0,0.0,0.0,0.0,0.0,1,0,0,0.0,Amb,0.0,Amb,0.0,0.0,0.0,t_recall,,,,
3j7vG_3j7wB,ShallowMsa_000,CCMpred,0.0,0.0,0.0,0.0,0.0,0.0,1,0,0,0.0,Amb,0.0,Amb,0.0,0.0,0.0,t_recall,,,,
3j7vG_3j7wB,ShallowMsa_001,CCMpred,0.0,0.0,0.0,0.0,0.0,0.0,1,0,0,0.0,Amb,0.0,Amb,0.0,0.0,0.0,t_recall,,,,
3j7vG_3j7wB,ShallowMsa_002,CCMpred,0.0,0.0,0.0,0.0,0.0,0.0,1,0,0,0.0,Amb,0.0,Amb,0.0,0.0,0.0,t_recall,,,,
3j7vG_3j7wB,ShallowMsa_003,CCMpred,0.0,0.0,0.0,0.0,0.0,0.0,1,0,0,0.0,Amb,0.0,Amb,0.0,0.0,0.0,t_recall,,,,
3j7vG_3j7wB,ShallowMsa_004,CCMpred,0.0,0.0,0.0,0.0,0.0,0.0,1,0,0,0.0,Amb,0.0,Amb,0.0,0.0,0.0,t_recall,,,,
3j7vG_3j7wB,ShallowMsa_000,DDG,-31.3502,-42.4325,-31.3502,-42.4325,11.0823,11.0823,10,10,0,1.0,F1,4.8029,F1,6.2794,,,ddg_kcal_per_mol(delta=1.0),11.0823,4.7973,31.3502,42.4325
3j7vG_3j7wB,ShallowMsa_001,DDG,-12.7795,-16.8219,-12.7795,-16.8219,4.0424,4.0424,10,9,1,0.9,F1,-2.237,F2,6.2794,,,ddg_kcal_per_mol(delta=1.0),4.0424,3.1546,12.7795,16.8219
3j7vG_3j7wB,ShallowMsa_002,DDG,-19.746,-26.0254,-19.746,-26.0254,6.2794,6.2794,10,10,0,1.0,F1,0.0,Amb,6.2794,,,ddg_kcal_per_mol(delta=1.0),6.2794,1.9721,19.746,26.0254
3j7vG_3j7wB,ShallowMsa_003,DDG,-17.7119,-23.4747,-17.7119,-23.4747,5.7628,5.7628,10,9,1,0.9,F1,-0.5166,Amb,6.2794,,,ddg_kcal_per_mol(delta=1.0),5.7628,4.7853,17.7119,23.4747
3j7vG_3j7wB,ShallowMsa_004,DDG,-33.669,-42.5607,-33.669,-42.5607,8.8917,8.8917,10,10,0,1.0,F1,2.6123,F1,6.2794,,,ddg_kcal_per_mol(delta=1.0),8.8917,4.0885,33.669,42.5607
3j7vG_3j7wB,ShallowMsa_000,Boltz2,0.2119,0.2209,0.2119,0.2209,-0.0089,-0.0089,1,0,1,0.0,Amb,0.0113,Amb,-0.0202,,,,,,,
3j7vG_3j7wB,ShallowMsa_002,Boltz2,0.2157,0.2679,0.2157,0.2679,-0.0522,-0.0522,1,0,1,0.0,F2,-0.032,Amb,-0.0202,,,,,,,
3j7vG_3j7wB,ShallowMsa_003,Boltz2,0.2413,0.2614,0.2413,0.2614,-0.0202,-0.0202,1,0,1,0.0,Amb,0.0,Amb,-0.0202,,,,,,,
3kdsG_2ce7C,DeepMsa,AF2,0.8014,0.7171,0.6961,0.6589,0.0843,0.0372,2,1,1,0.5,F1,0.0843,F1,0.1171,,,,,,,
3kdsG_2ce7C,ShallowMsa_000,AF2,0.8029,0.7195,0.6959,0.6602,0.0834,0.0357,2,1,1,0.5,F1,-0.0337,Amb,0.1171,,,,,,,
3kdsG_2ce7C,ShallowMsa_001,AF2,0.7943,0.7256,0.68,0.6598,0.0687,0.0202,2,1,1,0.5,F1,-0.0484,Amb,0.1171,,,,,,,
3kdsG_2ce7C,ShallowMsa_002,AF2,0.6408,0.491,0.5417,0.4627,0.1498,0.079,2,2,0,1.0,F1,0.0327,Amb,0.1171,,,,,,,
3kdsG_2ce7C,ShallowMsa_003,AF2,0.778,0.5971,0.676,0.5679,0.1808,0.108,2,2,0,1.0,F1,0.0637,F1,0.1171,,,,,,,
3kdsG_2ce7C,ShallowMsa_004,AF2,0.8126,0.8494,0.6819,0.7222,-0.0368,-0.0403,2,1,1,0.5,Amb,-0.1539,F2,0.1171,,,,,,,
3kdsG_2ce7C,ShallowMsa_005,AF2,0.5226,0.545,0.4984,0.5141,-0.0224,-0.0157,2,0,2,0.0,Amb,-0.1395,F2,0.1171,,,,,,,
3kdsG_2ce7C,ShallowMsa_006,AF2,0.5361,0.7573,0.5261,0.7201,-0.2212,-0.194,2,0,2,0.0,F2,-0.3383,F2,0.1171,,,,,,,
3kdsG_2ce7C,ShallowMsa_007,AF2,0.5191,0.7061,0.5093,0.5957,-0.187,-0.0865,2,1,1,0.5,F2,-0.3041,F2,0.1171,,,,,,,
3kdsG_2ce7C,ShallowMsa_008,AF2,0.7914,0.6159,0.6832,0.6075,0.1755,0.0757,2,1,1,0.5,F1,0.0584,F1,0.1171,,,,,,,
3kdsG_2ce7C,ShallowMsa_009,AF2,0.752,0.5936,0.6322,0.5632,0.1584,0.0691,2,1,1,0.5,F1,0.0413,Amb,0.1171,,,,,,,
3kdsG_2ce7C,ShallowMsa_010,AF2,0.7115,0.5944,0.6294,0.5868,0.1171,0.0426,2,1,1,0.5,F1,0.0,Amb,0.1171,,,,,,,
3kdsG_2ce7C,ShallowMsa_011,AF2,0.5825,0.4415,0.4969,0.4277,0.1411,0.0693,2,1,1,0.5,F1,0.024,Amb,0.1171,,,,,,,
3kdsG_2ce7C,ShallowMsa_012,AF2,0.7972,0.654,0.7006,0.6271,0.1431,0.0735,2,1,1,0.5,F1,0.026,Amb,0.1171,,,,,,,
3kdsG_2ce7C,ShallowMsa_013,AF2,0.5126,0.6195,0.506,0.5614,-0.1068,-0.0554,2,1,1,0.5,F2,-0.2239,F2,0.1171,,,,,,,
3kdsG_2ce7C,ShallowMsa_014,AF2,0.8783,0.6019,0.7119,0.596,0.2764,0.1159,2,1,1,0.5,F1,0.1593,F1,0.1171,,,,,,,
3kdsG_2ce7C,ShallowMsa_015,AF2,0.5391,0.5432,0.5353,0.5431,-0.0042,-0.0077,2,0,2,0.0,Amb,-0.1213,F2,0.1171,,,,,,,
3kdsG_2ce7C,ShallowMsa_016,AF2,0.7764,0.6786,0.6709,0.635,0.0978,0.036,2,1,1,0.5,F1,-0.0193,Amb,0.1171,,,,,,,
3kdsG_2ce7C,ShallowMsa_017,AF2,0.7737,0.641,0.6649,0.6145,0.1328,0.0504,2,1,1,0.5,F1,0.0157,Amb,0.1171,,,,,,,
3kdsG_2ce7C,ShallowMsa_018,AF2,0.778,0.5895,0.6711,0.5765,0.1885,0.0946,2,2,0,1.0,F1,0.0714,F1,0.1171,,,,,,,
3kdsG_2ce7C,DeepMsa,AF3,0.8187,0.6827,0.7008,0.6399,0.1359,0.0609,2,1,1,0.5,F1,0.1359,F1,0.11,,,,,,,
3kdsG_2ce7C,ShallowMsa_000,AF3,0.8128,0.6873,0.698,0.6427,0.1255,0.0553,2,1,1,0.5,F1,0.0155,Amb,0.11,,,,,,,
3kdsG_2ce7C,ShallowMsa_001,AF3,0.8054,0.6787,0.6886,0.6342,0.1267,0.0544,2,1,1,0.5,F1,0.0167,Amb,0.11,,,,,,,
3kdsG_2ce7C,ShallowMsa_002,AF3,0.6828,0.6953,0.5749,0.5862,-0.0125,-0.0113,2,1,1,0.5,Amb,-0.1225,F2,0.11,,,,,,,
3kdsG_2ce7C,ShallowMsa_003,AF3,0.8495,0.6988,0.7,0.6358,0.1507,0.0642,2,1,1,0.5,F1,0.0407,Amb,0.11,,,,,,,
3kdsG_2ce7C,ShallowMsa_004,AF3,0.8406,0.7305,0.7011,0.659,0.1102,0.0421,2,1,1,0.5,F1,0.0002,Amb,0.11,,,,,,,
3kdsG_2ce7C,ShallowMsa_005,AF3,0.525,0.5329,0.5163,0.5239,-0.008,-0.0076,2,0,2,0.0,Amb,-0.118,F2,0.11,,,,,,,
3kdsG_2ce7C,ShallowMsa_006,AF3,0.5212,0.7523,0.5178,0.7259,-0.231,-0.2081,2,0,2,0.0,F2,-0.341,F2,0.11,,,,,,,
3kdsG_2ce7C,ShallowMsa_007,AF3,0.5523,0.6317,0.5254,0.5767,-0.0794,-0.0513,2,1,1,0.5,F2,-0.1894,F2,0.11,,,,,,,
3kdsG_2ce7C,ShallowMsa_008,AF3,0.7904,0.6019,0.666,0.5739,0.1885,0.0921,2,1,1,0.5,F1,0.0785,F1,0.11,,,,,,,
3kdsG_2ce7C,ShallowMsa_009,AF3,0.6973,0.6161,0.5974,0.5726,0.0812,0.0248,2,1,1,0.5,F1,-0.0288,Amb,0.11,,,,,,,
3kdsG_2ce7C,ShallowMsa_010,AF3,0.7985,0.6411,0.6742,0.5998,0.1574,0.0745,2,1,1,0.5,F1,0.0474,Amb,0.11,,,,,,,
3kdsG_2ce7C,ShallowMsa_011,AF3,0.5994,0.4721,0.5133,0.4561,0.1272,0.0572,2,1,1,0.5,F1,0.0172,Amb,0.11,,,,,,,
3kdsG_2ce7C,ShallowMsa_012,AF3,0.802,0.692,0.6919,0.6459,0.11,0.046,2,1,1,0.5,F1,0.0,Amb,0.11,,,,,,,
3kdsG_2ce7C,ShallowMsa_013,AF3,0.6605,0.4722,0.6544,0.4664,0.1883,0.188,2,2,0,1.0,F1,0.0783,F1,0.11,,,,,,,
3kdsG_2ce7C,ShallowMsa_014,AF3,0.8503,0.6787,0.7216,0.631,0.1716,0.0906,2,1,1,0.5,F1,0.0616,F1,0.11,,,,,,,
3kdsG_2ce7C,ShallowMsa_015,AF3,0.5329,0.5437,0.5303,0.5435,-0.0108,-0.0132,2,0,2,0.0,Amb,-0.1208,F2,0.11,,,,,,,
3kdsG_2ce7C,ShallowMsa_016,AF3,0.7576,0.661,0.6614,0.6269,0.0966,0.0346,2,1,1,0.5,F1,-0.0134,Amb,0.11,,,,,,,
3kdsG_2ce7C,ShallowMsa_017,AF3,0.745,0.7391,0.6454,0.6675,0.0059,-0.0222,2,1,1,0.5,Amb,-0.1041,F2,0.11,,,,,,,
3kdsG_2ce7C,ShallowMsa_018,AF3,0.7575,0.6971,0.6548,0.6436,0.0604,0.0112,2,1,1,0.5,F1,-0.0496,Amb,0.11,,,,,,,
3kdsG_2ce7C,ShallowMsa_000,ESM,0.8044,0.6744,0.5603,0.5198,0.1301,0.0405,20,10,10,0.5,Amb,0.014,Amb,0.1161,,,,,,,
3kdsG_2ce7C,ShallowMsa_001,ESM,0.7722,0.6131,0.5831,0.5198,0.1592,0.0633,20,10,10,0.5,F1,0.0431,Amb,0.1161,,,,,,,
3kdsG_2ce7C,ShallowMsa_002,ESM,0.7924,0.738,0.5717,0.4984,0.0544,0.0733,20,14,6,0.7,F1,-0.0617,F2,0.1161,,,,,,,
3kdsG_2ce7C,ShallowMsa_003,ESM,0.7874,0.6762,0.5538,0.5175,0.1112,0.0364,20,12,8,0.6,Amb,-0.0049,Amb,0.1161,,,,,,,
3kdsG_2ce7C,ShallowMsa_004,ESM,0.8106,0.6945,0.5658,0.5283,0.1161,0.0375,20,12,8,0.6,Amb,0.0,Amb,0.1161,,,,,,,
3kdsG_2ce7C,ShallowMsa_005,ESM,0.5692,0.5669,0.4791,0.4967,0.0023,-0.0176,20,4,16,0.2,Amb,-0.1138,F2,0.1161,,,,,,,
3kdsG_2ce7C,ShallowMsa_006,ESM,0.6136,0.6537,0.5273,0.5331,-0.0401,-0.0057,20,8,12,0.4,Amb,-0.1562,F2,0.1161,,,,,,,
3kdsG_2ce7C,ShallowMsa_007,ESM,0.6372,0.8019,0.489,0.5258,-0.1647,-0.0368,20,8,12,0.4,Amb,-0.2808,F2,0.1161,,,,,,,
3kdsG_2ce7C,ShallowMsa_008,ESM,0.8395,0.5973,0.5801,0.4975,0.2422,0.0825,20,14,6,0.7,F1,0.1261,F1,0.1161,,,,,,,
3kdsG_2ce7C,ShallowMsa_009,ESM,0.761,0.8195,0.5693,0.5258,-0.0585,0.0435,20,10,10,0.5,Amb,-0.1746,F2,0.1161,,,,,,,
3kdsG_2ce7C,ShallowMsa_010,ESM,0.7897,0.8151,0.5569,0.5443,-0.0254,0.0126,20,8,12,0.4,Amb,-0.1415,F2,0.1161,,,,,,,
3kdsG_2ce7C,ShallowMsa_011,ESM,0.8037,0.6119,0.5452,0.4789,0.1917,0.0663,20,10,10,0.5,F1,0.0756,F1,0.1161,,,,,,,
3kdsG_2ce7C,ShallowMsa_012,ESM,0.8236,0.5964,0.552,0.486,0.2272,0.066,20,10,10,0.5,F1,0.1111,F1,0.1161,,,,,,,
3kdsG_2ce7C,ShallowMsa_013,ESM,0.8838,0.7537,0.5289,0.5315,0.1302,-0.0027,20,8,12,0.4,Amb,0.0141,Amb,0.1161,,,,,,,
3kdsG_2ce7C,ShallowMsa_014,ESM,0.8066,0.8442,0.5186,0.4957,-0.0375,0.0229,20,8,12,0.4,Amb,-0.1536,F2,0.1161,,,,,,,
3kdsG_2ce7C,ShallowMsa_015,ESM,0.5233,0.5578,0.4404,0.448,-0.0345,-0.0076,20,8,12,0.4,Amb,-0.1506,F2,0.1161,,,,,,,
3kdsG_2ce7C,ShallowMsa_016,ESM,0.8399,0.6482,0.5596,0.5025,0.1917,0.0572,20,12,8,0.6,F1,0.0756,F1,0.1161,,,,,,,
3kdsG_2ce7C,ShallowMsa_017,ESM,0.8066,0.5951,0.5516,0.4897,0.2115,0.0619,20,12,8,0.6,F1,0.0954,F1,0.1161,,,,,,,
3kdsG_2ce7C,ShallowMsa_018,ESM,0.7748,0.6029,0.5669,0.5065,0.1719,0.0605,20,12,8,0.6,F1,0.0558,F1,0.1161,,,,,,,
3kdsG_2ce7C,DeepMsa,MSAT,0.3798,0.0241,0.3798,0.0241,0.3557,0.3557,1,1,0,1.0,F1,0.3557,F1,0.0488,0.3798,0.0241,t_recall,,,,
3kdsG_2ce7C,ShallowMsa_000,MSAT,0.0211,0.0123,0.0211,0.0123,0.0088,0.0088,1,1,0,1.0,Amb,-0.04,Amb,0.0488,0.0211,0.0123,t_recall,,,,
3kdsG_2ce7C,ShallowMsa_001,MSAT,0.0836,0.0348,0.0836,0.0348,0.0488,0.0488,1,1,0,1.0,Amb,0.0,Amb,0.0488,0.0836,0.0348,t_recall,,,,
3kdsG_2ce7C,ShallowMsa_002,MSAT,0.0283,0.0078,0.0283,0.0078,0.0205,0.0205,1,1,0,1.0,Amb,-0.0283,Amb,0.0488,0.0283,0.0078,t_recall,,,,
3kdsG_2ce7C,ShallowMsa_003,MSAT,0.0703,0.0657,0.0703,0.0657,0.0046,0.0046,1,1,0,1.0,Amb,-0.0442,Amb,0.0488,0.0703,0.0657,t_recall,,,,
3kdsG_2ce7C,ShallowMsa_004,MSAT,0.0821,0.0272,0.0821,0.0272,0.0549,0.0549,1,1,0,1.0,F1,0.0061,Amb,0.0488,0.0821,0.0272,t_recall,,,,
3kdsG_2ce7C,ShallowMsa_005,MSAT,0.0983,0.0323,0.0983,0.0323,0.066,0.066,1,1,0,1.0,F1,0.0172,Amb,0.0488,0.0983,0.0323,t_recall,,,,
3kdsG_2ce7C,ShallowMsa_006,MSAT,0.0691,0.0163,0.0691,0.0163,0.0528,0.0528,1,1,0,1.0,F1,0.004,Amb,0.0488,0.0691,0.0163,t_recall,,,,
3kdsG_2ce7C,ShallowMsa_007,MSAT,0.0433,0.016,0.0433,0.016,0.0273,0.0273,1,1,0,1.0,Amb,-0.0215,Amb,0.0488,0.0433,0.016,t_recall,,,,
3kdsG_2ce7C,ShallowMsa_008,MSAT,0.2478,0.0303,0.2478,0.0303,0.2175,0.2175,1,1,0,1.0,F1,0.1687,F1,0.0488,0.2478,0.0303,t_recall,,,,
3kdsG_2ce7C,ShallowMsa_009,MSAT,0.0127,0.0183,0.0127,0.0183,-0.0056,-0.0056,1,0,1,0.0,Amb,-0.0544,F2,0.0488,0.0127,0.0183,t_recall,,,,
3kdsG_2ce7C,ShallowMsa_010,MSAT,0.0745,0.0252,0.0745,0.0252,0.0493,0.0493,1,1,0,1.0,Amb,0.0005,Amb,0.0488,0.0745,0.0252,t_recall,,,,
3kdsG_2ce7C,ShallowMsa_011,MSAT,0.0025,0.0099,0.0025,0.0099,-0.0074,-0.0074,1,0,1,0.0,Amb,-0.0562,F2,0.0488,0.0025,0.0099,t_recall,,,,
3kdsG_2ce7C,ShallowMsa_012,MSAT,0.0733,0.0318,0.0733,0.0318,0.0415,0.0415,1,1,0,1.0,Amb,-0.0073,Amb,0.0488,0.0733,0.0318,t_recall,,,,
3kdsG_2ce7C,ShallowMsa_013,MSAT,0.0267,0.0218,0.0267,0.0218,0.0049,0.0049,1,1,0,1.0,Amb,-0.0439,Amb,0.0488,0.0267,0.0218,t_recall,,,,
3kdsG_2ce7C,ShallowMsa_014,MSAT,0.0501,0.0182,0.0501,0.0182,0.0319,0.0319,1,1,0,1.0,Amb,-0.0169,Amb,0.0488,0.0501,0.0182,t_recall,,,,
3kdsG_2ce7C,ShallowMsa_015,MSAT,0.0885,0.0347,0.0885,0.0347,0.0538,0.0538,1,1,0,1.0,F1,0.005,Amb,0.0488,0.0885,0.0347,t_recall,,,,
3kdsG_2ce7C,ShallowMsa_016,MSAT,0.2628,0.0242,0.2628,0.0242,0.2386,0.2386,1,1,0,1.0,F1,0.1898,F1,0.0488,0.2628,0.0242,t_recall,,,,
3kdsG_2ce7C,ShallowMsa_017,MSAT,0.1711,0.0275,0.1711,0.0275,0.1436,0.1436,1,1,0,1.0,F1,0.0948,F1,0.0488,0.1711,0.0275,t_recall,,,,
3kdsG_2ce7C,ShallowMsa_018,MSAT,0.3959,0.0258,0.3959,0.0258,0.3701,0.3701,1,1,0,1.0,F1,0.3213,F1,0.0488,0.3959,0.0258,t_recall,,,,
3kdsG_2ce7C,DeepMsa,CCMpred,0.0161,0.2127,0.0161,0.2127,-0.1966,-0.1966,1,0,1,0.0,F2,-0.1966,F2,0.0,0.0161,0.2127,t_recall,,,,
3kdsG_2ce7C,ShallowMsa_000,CCMpred,0.0015,0.1071,0.0015,0.1071,-0.1056,-0.1056,1,0,1,0.0,F2,-0.1056,F2,0.0,0.0015,0.1071,t_recall,,,,
3kdsG_2ce7C,ShallowMsa_001,CCMpred,0.0015,0.0694,0.0015,0.0694,-0.0679,-0.0679,1,0,1,0.0,F2,-0.0679,F2,0.0,0.0015,0.0694,t_recall,,,,
3kdsG_2ce7C,ShallowMsa_002,CCMpred,0.0,0.0075,0.0,0.0075,-0.0075,-0.0075,1,0,1,0.0,Amb,-0.0075,Amb,0.0,0.0,0.0075,t_recall,,,,
3kdsG_2ce7C,ShallowMsa_003,CCMpred,0.0,0.0045,0.0,0.0045,-0.0045,-0.0045,1,0,1,0.0,Amb,-0.0045,Amb,0.0,0.0,0.0045,t_recall,,,,
3kdsG_2ce7C,ShallowMsa_004,CCMpred,0.0,0.003,0.0,0.003,-0.003,-0.003,1,0,1,0.0,Amb,-0.003,Amb,0.0,0.0,0.003,t_recall,,,,
3kdsG_2ce7C,ShallowMsa_005,CCMpred,0.0,0.0015,0.0,0.0015,-0.0015,-0.0015,1,0,1,0.0,Amb,-0.0015,Amb,0.0,0.0,0.0015,t_recall,,,,
3kdsG_2ce7C,ShallowMsa_006,CCMpred,0.0,0.0,0.0,0.0,0.0,0.0,1,0,0,0.0,Amb,0.0,Amb,0.0,0.0,0.0,t_recall,,,,
3kdsG_2ce7C,ShallowMsa_007,CCMpred,0.0,0.0015,0.0,0.0015,-0.0015,-0.0015,1,0,1,0.0,Amb,-0.0015,Amb,0.0,0.0,0.0015,t_recall,,,,
3kdsG_2ce7C,ShallowMsa_008,CCMpred,0.0,0.0,0.0,0.0,0.0,0.0,1,0,0,0.0,Amb,0.0,Amb,0.0,0.0,0.0,t_recall,,,,
3kdsG_2ce7C,ShallowMsa_009,CCMpred,0.0,0.0,0.0,0.0,0.0,0.0,1,0,0,0.0,Amb,0.0,Amb,0.0,0.0,0.0,t_recall,,,,
3kdsG_2ce7C,ShallowMsa_010,CCMpred,0.0,0.0,0.0,0.0,0.0,0.0,1,0,0,0.0,Amb,0.0,Amb,0.0,0.0,0.0,t_recall,,,,
3kdsG_2ce7C,ShallowMsa_011,CCMpred,0.0,0.0,0.0,0.0,0.0,0.0,1,0,0,0.0,Amb,0.0,Amb,0.0,0.0,0.0,t_recall,,,,
3kdsG_2ce7C,ShallowMsa_012,CCMpred,0.0,0.0,0.0,0.0,0.0,0.0,1,0,0,0.0,Amb,0.0,Amb,0.0,0.0,0.0,t_recall,,,,
3kdsG_2ce7C,ShallowMsa_013,CCMpred,0.0,0.0,0.0,0.0,0.0,0.0,1,0,0,0.0,Amb,0.0,Amb,0.0,0.0,0.0,t_recall,,,,
3kdsG_2ce7C,ShallowMsa_014,CCMpred,0.0,0.0,0.0,0.0,0.0,0.0,1,0,0,0.0,Amb,0.0,Amb,0.0,0.0,0.0,t_recall,,,,
3kdsG_2ce7C,ShallowMsa_015,CCMpred,0.0,0.0,0.0,0.0,0.0,0.0,1,0,0,0.0,Amb,0.0,Amb,0.0,0.0,0.0,t_recall,,,,
3kdsG_2ce7C,ShallowMsa_016,CCMpred,0.0,0.0,0.0,0.0,0.0,0.0,1,0,0,0.0,Amb,0.0,Amb,0.0,0.0,0.0,t_recall,,,,
3kdsG_2ce7C,ShallowMsa_017,CCMpred,0.0,0.0,0.0,0.0,0.0,0.0,1,0,0,0.0,Amb,0.0,Amb,0.0,0.0,0.0,t_recall,,,,
3kdsG_2ce7C,ShallowMsa_018,CCMpred,0.0,0.0,0.0,0.0,0.0,0.0,1,0,0,0.0,Amb,0.0,Amb,0.0,0.0,0.0,t_recall,,,,
3kdsG_2ce7C,ShallowMsa_000,DDG,-123.5474,-137.5919,-123.5474,-137.5919,14.0446,14.0446,10,10,0,1.0,F1,0.6609,Amb,13.3837,,,ddg_kcal_per_mol(delta=1.0),14.0446,7.282,123.5474,137.5919
3kdsG_2ce7C,ShallowMsa_001,DDG,-129.8404,-145.8779,-129.8404,-145.8779,16.0375,16.0375,10,10,0,1.0,F1,2.6538,F1,13.3837,,,ddg_kcal_per_mol(delta=1.0),16.0375,4.3565,129.8404,145.8779
3kdsG_2ce7C,ShallowMsa_002,DDG,-121.7202,-135.1039,-121.7202,-135.1039,13.3837,13.3837,10,10,0,1.0,F1,0.0,Amb,13.3837,,,ddg_kcal_per_mol(delta=1.0),13.3837,7.4038,121.7202,135.1039
3kdsG_2ce7C,ShallowMsa_003,DDG,-122.3667,-135.3313,-122.3667,-135.3313,12.9646,12.9646,10,10,0,1.0,F1,-0.4191,Amb,13.3837,,,ddg_kcal_per_mol(delta=1.0),12.9646,4.6232,122.3667,135.3313
3kdsG_2ce7C,ShallowMsa_004,DDG,-120.3271,-133.5469,-120.3271,-133.5469,13.2198,13.2198,10,10,0,1.0,F1,-0.1639,Amb,13.3837,,,ddg_kcal_per_mol(delta=1.0),13.2198,6.3494,120.3271,133.5469
3kdsG_2ce7C,ShallowMsa_005,DDG,-96.6174,-106.9316,-96.6174,-106.9316,10.3142,10.3142,10,10,0,1.0,F1,-3.0695,F2,13.3837,,,ddg_kcal_per_mol(delta=1.0),10.3142,5.4835,96.6174,106.9316
3kdsG_2ce7C,ShallowMsa_006,DDG,-141.5587,-158.5283,-141.5587,-158.5283,16.9695,16.9695,10,10,0,1.0,F1,3.5858,F1,13.3837,,,ddg_kcal_per_mol(delta=1.0),16.9695,7.0043,141.5587,158.5283
3kdsG_2ce7C,ShallowMsa_007,DDG,-118.5059,-129.461,-118.5059,-129.461,10.9551,10.9551,10,10,0,1.0,F1,-2.4286,F2,13.3837,,,ddg_kcal_per_mol(delta=1.0),10.9551,3.362,118.5059,129.461
3kdsG_2ce7C,ShallowMsa_008,DDG,-126.1898,-142.1652,-126.1898,-142.1652,15.9753,15.9753,10,10,0,1.0,F1,2.5916,F1,13.3837,,,ddg_kcal_per_mol(delta=1.0),15.9753,6.691,126.1898,142.1652
3kdsG_2ce7C,ShallowMsa_009,DDG,-126.3189,-142.1344,-126.3189,-142.1344,15.8155,15.8155,10,10,0,1.0,F1,2.4318,F1,13.3837,,,ddg_kcal_per_mol(delta=1.0),15.8155,5.3706,126.3189,142.1344
3kdsG_2ce7C,ShallowMsa_010,DDG,-119.1723,-134.2134,-119.1723,-134.2134,15.0411,15.0411,10,10,0,1.0,F1,1.6574,F1,13.3837,,,ddg_kcal_per_mol(delta=1.0),15.0411,5.9629,119.1723,134.2134
3kdsG_2ce7C,ShallowMsa_011,DDG,-101.2117,-114.744,-101.2117,-114.744,13.5324,13.5324,10,10,0,1.0,F1,0.1487,Amb,13.3837,,,ddg_kcal_per_mol(delta=1.0),13.5324,6.7973,101.2117,114.744
3kdsG_2ce7C,ShallowMsa_012,DDG,-97.2251,-108.0204,-97.2251,-108.0204,10.7953,10.7953,10,10,0,1.0,F1,-2.5884,F2,13.3837,,,ddg_kcal_per_mol(delta=1.0),10.7953,6.2573,97.2251,108.0204
3kdsG_2ce7C,ShallowMsa_013,DDG,-122.4664,-138.6475,-122.4664,-138.6475,16.1811,16.1811,10,10,0,1.0,F1,2.7974,F1,13.3837,,,ddg_kcal_per_mol(delta=1.0),16.1811,6.4184,122.4664,138.6475
3kdsG_2ce7C,ShallowMsa_014,DDG,-94.1931,-105.9738,-94.1931,-105.9738,11.7807,11.7807,10,10,0,1.0,F1,-1.603,F2,13.3837,,,ddg_kcal_per_mol(delta=1.0),11.7807,6.3269,94.1931,105.9738
3kdsG_2ce7C,ShallowMsa_015,DDG,-80.9092,-90.3009,-80.9092,-90.3009,9.3917,9.3917,10,10,0,1.0,F1,-3.992,F2,13.3837,,,ddg_kcal_per_mol(delta=1.0),9.3917,3.6096,80.9092,90.3009
3kdsG_2ce7C,ShallowMsa_016,DDG,-95.2306,-107.5839,-95.2306,-107.5839,12.3533,12.3533,10,10,0,1.0,F1,-1.0304,F2,13.3837,,,ddg_kcal_per_mol(delta=1.0),12.3533,6.1338,95.2306,107.5839
3kdsG_2ce7C,ShallowMsa_017,DDG,-90.1851,-101.8274,-90.1851,-101.8274,11.6423,11.6423,10,10,0,1.0,F1,-1.7414,F2,13.3837,,,ddg_kcal_per_mol(delta=1.0),11.6423,5.845,90.1851,101.8274
3kdsG_2ce7C,ShallowMsa_018,DDG,-112.0925,-126.5151,-112.0925,-126.5151,14.4226,14.4226,10,10,0,1.0,F1,1.0389,F1,13.3837,,,ddg_kcal_per_mol(delta=1.0),14.4226,4.0583,112.0925,126.5151
3kdsG_2ce7C,ShallowMsa_000,Boltz2,0.4133,0.43,0.4133,0.43,-0.0167,-0.0167,1,0,1,0.0,Amb,-0.0055,Amb,-0.0112,,,,,,,
3kdsG_2ce7C,ShallowMsa_001,Boltz2,0.464,0.5033,0.464,0.5033,-0.0393,-0.0393,1,0,1,0.0,Amb,-0.0281,Amb,-0.0112,,,,,,,
3kdsG_2ce7C,ShallowMsa_002,Boltz2,0.4237,0.4556,0.4237,0.4556,-0.0319,-0.0319,1,0,1,0.0,Amb,-0.0207,Amb,-0.0112,,,,,,,
3kdsG_2ce7C,ShallowMsa_003,Boltz2,0.4436,0.4516,0.4436,0.4516,-0.008,-0.008,1,0,1,0.0,Amb,0.0032,Amb,-0.0112,,,,,,,
3kdsG_2ce7C,ShallowMsa_004,Boltz2,0.5104,0.5485,0.5104,0.5485,-0.038,-0.038,1,0,1,0.0,Amb,-0.0268,Amb,-0.0112,,,,,,,
3kdsG_2ce7C,ShallowMsa_006,Boltz2,0.4653,0.4973,0.4653,0.4973,-0.032,-0.032,1,0,1,0.0,Amb,-0.0208,Amb,-0.0112,,,,,,,
3kdsG_2ce7C,ShallowMsa_007,Boltz2,0.4969,0.5018,0.4969,0.5018,-0.0049,-0.0049,1,0,1,0.0,Amb,0.0063,Amb,-0.0112,,,,,,,
3kdsG_2ce7C,ShallowMsa_008,Boltz2,0.4509,0.4382,0.4509,0.4382,0.0127,0.0127,1,1,0,1.0,Amb,0.0239,Amb,-0.0112,,,,,,,
3kdsG_2ce7C,ShallowMsa_009,Boltz2,0.4025,0.407,0.4025,0.407,-0.0045,-0.0045,1,0,1,0.0,Amb,0.0067,Amb,-0.0112,,,,,,,
3kdsG_2ce7C,ShallowMsa_010,Boltz2,0.3788,0.4003,0.3788,0.4003,-0.0216,-0.0216,1,0,1,0.0,Amb,-0.0104,Amb,-0.0112,,,,,,,
3kdsG_2ce7C,ShallowMsa_011,Boltz2,0.4306,0.4378,0.4306,0.4378,-0.0072,-0.0072,1,0,1,0.0,Amb,0.004,Amb,-0.0112,,,,,,,
3kdsG_2ce7C,ShallowMsa_012,Boltz2,0.362,0.4261,0.362,0.4261,-0.0641,-0.0641,1,0,1,0.0,F2,-0.0529,F2,-0.0112,,,,,,,
3kdsG_2ce7C,ShallowMsa_013,Boltz2,0.4083,0.3888,0.4083,0.3888,0.0195,0.0195,1,1,0,1.0,Amb,0.0307,Amb,-0.0112,,,,,,,
3kdsG_2ce7C,ShallowMsa_014,Boltz2,0.3914,0.3602,0.3914,0.3602,0.0312,0.0312,1,1,0,1.0,Amb,0.0424,Amb,-0.0112,,,,,,,
3kdsG_2ce7C,ShallowMsa_016,Boltz2,0.3892,0.399,0.3892,0.399,-0.0098,-0.0098,1,0,1,0.0,Amb,0.0014,Amb,-0.0112,,,,,,,
3kdsG_2ce7C,ShallowMsa_017,Boltz2,0.3898,0.401,0.3898,0.401,-0.0112,-0.0112,1,0,1,0.0,Amb,0.0,Amb,-0.0112,,,,,,,
3kdsG_2ce7C,ShallowMsa_018,Boltz2,0.4439,0.4811,0.4439,0.4811,-0.0372,-0.0372,1,0,1,0.0,Amb,-0.026,Amb,-0.0112,,,,,,,
3l5nB_2a73B,DeepMsa,AF2,0.5589,0.6019,0.5078,0.5951,-0.043,-0.0873,2,0,2,0.0,Amb,-0.043,Amb,-0.043,,,,,,,
3l5nB_2a73B,ShallowMsa_000,AF2,0.5589,0.6019,0.5078,0.5951,-0.043,-0.0873,2,0,2,0.0,Amb,0.0,Amb,-0.043,,,,,,,
3l5nB_2a73B,ShallowMsa_001,AF2,0.5589,0.6019,0.5078,0.5951,-0.043,-0.0873,2,0,2,0.0,Amb,0.0,Amb,-0.043,,,,,,,
3l5nB_2a73B,ShallowMsa_002,AF2,0.5589,0.6019,0.5078,0.5951,-0.043,-0.0873,2,0,2,0.0,Amb,0.0,Amb,-0.043,,,,,,,
3l5nB_2a73B,ShallowMsa_003,AF2,0.5589,0.6019,0.5078,0.5951,-0.043,-0.0873,2,0,2,0.0,Amb,0.0,Amb,-0.043,,,,,,,
3l5nB_2a73B,ShallowMsa_004,AF2,0.5589,0.6019,0.5078,0.5951,-0.043,-0.0873,2,0,2,0.0,Amb,0.0,Amb,-0.043,,,,,,,
3l5nB_2a73B,ShallowMsa_005,AF2,0.4765,0.6739,0.4757,0.6504,-0.1974,-0.1747,2,0,2,0.0,F2,-0.1544,F2,-0.043,,,,,,,
3l5nB_2a73B,ShallowMsa_006,AF2,0.5589,0.6019,0.5078,0.5951,-0.043,-0.0873,2,0,2,0.0,Amb,0.0,Amb,-0.043,,,,,,,
3l5nB_2a73B,ShallowMsa_007,AF2,0.5589,0.6019,0.5078,0.5951,-0.043,-0.0873,2,0,2,0.0,Amb,0.0,Amb,-0.043,,,,,,,
3l5nB_2a73B,ShallowMsa_008,AF2,0.5589,0.6019,0.5078,0.5951,-0.043,-0.0873,2,0,2,0.0,Amb,0.0,Amb,-0.043,,,,,,,
3l5nB_2a73B,ShallowMsa_009,AF2,0.5589,0.6019,0.5078,0.5951,-0.043,-0.0873,2,0,2,0.0,Amb,0.0,Amb,-0.043,,,,,,,
3l5nB_2a73B,ShallowMsa_010,AF2,0.5589,0.6019,0.5078,0.5951,-0.043,-0.0873,2,0,2,0.0,Amb,0.0,Amb,-0.043,,,,,,,
3l5nB_2a73B,ShallowMsa_011,AF2,0.5589,0.6019,0.5078,0.5951,-0.043,-0.0873,2,0,2,0.0,Amb,0.0,Amb,-0.043,,,,,,,
3l5nB_2a73B,ShallowMsa_012,AF2,0.5589,0.6019,0.5078,0.5951,-0.043,-0.0873,2,0,2,0.0,Amb,0.0,Amb,-0.043,,,,,,,
3l5nB_2a73B,ShallowMsa_013,AF2,0.5589,0.6019,0.5078,0.5951,-0.043,-0.0873,2,0,2,0.0,Amb,0.0,Amb,-0.043,,,,,,,
3l5nB_2a73B,DeepMsa,AF3,0.5499,0.7037,0.4974,0.6478,-0.1538,-0.1504,2,0,2,0.0,F2,-0.1538,F2,-0.1538,,,,,,,
3l5nB_2a73B,ShallowMsa_000,AF3,0.5499,0.7043,0.4973,0.6481,-0.1544,-0.1508,2,0,2,0.0,F2,-0.0006,Amb,-0.1538,,,,,,,
3l5nB_2a73B,ShallowMsa_001,AF3,0.5499,0.7037,0.4974,0.6478,-0.1538,-0.1504,2,0,2,0.0,F2,0.0,Amb,-0.1538,,,,,,,
3l5nB_2a73B,ShallowMsa_002,AF3,0.5499,0.7037,0.4974,0.6478,-0.1538,-0.1504,2,0,2,0.0,F2,0.0,Amb,-0.1538,,,,,,,
3l5nB_2a73B,ShallowMsa_003,AF3,0.5499,0.7037,0.4974,0.6478,-0.1538,-0.1504,2,0,2,0.0,F2,0.0,Amb,-0.1538,,,,,,,
3l5nB_2a73B,ShallowMsa_004,AF3,0.5501,0.7037,0.4975,0.648,-0.1536,-0.1505,2,0,2,0.0,F2,0.0002,Amb,-0.1538,,,,,,,
3l5nB_2a73B,ShallowMsa_005,AF3,0.4579,0.6883,0.4571,0.6584,-0.2304,-0.2013,2,0,2,0.0,F2,-0.0766,F2,-0.1538,,,,,,,
3l5nB_2a73B,ShallowMsa_006,AF3,0.5499,0.7037,0.4974,0.6478,-0.1538,-0.1504,2,0,2,0.0,F2,0.0,Amb,-0.1538,,,,,,,
3l5nB_2a73B,ShallowMsa_007,AF3,0.5499,0.7037,0.4974,0.6478,-0.1538,-0.1504,2,0,2,0.0,F2,0.0,Amb,-0.1538,,,,,,,
3l5nB_2a73B,ShallowMsa_008,AF3,0.5501,0.7043,0.4974,0.6483,-0.1542,-0.1509,2,0,2,0.0,F2,-0.0004,Amb,-0.1538,,,,,,,
3l5nB_2a73B,ShallowMsa_009,AF3,0.5499,0.7037,0.4974,0.6478,-0.1538,-0.1504,2,0,2,0.0,F2,0.0,Amb,-0.1538,,,,,,,
3l5nB_2a73B,ShallowMsa_010,AF3,0.5499,0.7037,0.4974,0.6478,-0.1538,-0.1504,2,0,2,0.0,F2,0.0,Amb,-0.1538,,,,,,,
3l5nB_2a73B,ShallowMsa_011,AF3,0.5499,0.7037,0.4974,0.6478,-0.1538,-0.1504,2,0,2,0.0,F2,0.0,Amb,-0.1538,,,,,,,
3l5nB_2a73B,ShallowMsa_012,AF3,0.5499,0.7037,0.4974,0.6478,-0.1538,-0.1504,2,0,2,0.0,F2,0.0,Amb,-0.1538,,,,,,,
3l5nB_2a73B,ShallowMsa_013,AF3,0.5499,0.7037,0.4974,0.6478,-0.1538,-0.1504,2,0,2,0.0,F2,0.0,Amb,-0.1538,,,,,,,
3l5nB_2a73B,ShallowMsa_000,ESM,0.3796,0.6632,0.2823,0.4782,-0.2836,-0.1959,20,0,20,0.0,F2,0.0182,Amb,-0.3018,,,,,,,
3l5nB_2a73B,ShallowMsa_001,ESM,0.4117,0.7633,0.3167,0.4578,-0.3516,-0.1411,13,2,11,0.154,F2,-0.0498,Amb,-0.3018,,,,,,,
3l5nB_2a73B,ShallowMsa_002,ESM,0.3958,0.6964,0.3152,0.5472,-0.3005,-0.232,10,1,9,0.1,F2,0.0013,Amb,-0.3018,,,,,,,
3l5nB_2a73B,ShallowMsa_003,ESM,0.4144,0.6849,0.3038,0.4772,-0.2705,-0.1734,10,2,8,0.2,F2,0.0313,Amb,-0.3018,,,,,,,
3l5nB_2a73B,ShallowMsa_004,ESM,0.4106,0.7295,0.3048,0.5053,-0.3189,-0.2005,10,2,8,0.2,F2,-0.0171,Amb,-0.3018,,,,,,,
3l5nB_2a73B,ShallowMsa_005,ESM,0.4039,0.707,0.2973,0.5109,-0.3031,-0.2135,10,1,9,0.1,F2,-0.0013,Amb,-0.3018,,,,,,,
3l5nB_2a73B,ShallowMsa_006,ESM,0.3878,0.708,0.2829,0.5115,-0.3201,-0.2286,10,0,10,0.0,F2,-0.0183,Amb,-0.3018,,,,,,,
3l5nB_2a73B,ShallowMsa_007,ESM,0.4393,0.6981,0.3115,0.507,-0.2588,-0.1955,10,2,8,0.2,F2,0.043,Amb,-0.3018,,,,,,,
3l5nB_2a73B,ShallowMsa_008,ESM,0.3996,0.7409,0.3238,0.5766,-0.3412,-0.2527,10,1,9,0.1,F2,-0.0394,Amb,-0.3018,,,,,,,
3l5nB_2a73B,ShallowMsa_009,ESM,0.3661,0.7414,0.293,0.5238,-0.3753,-0.2308,10,2,8,0.2,F2,-0.0735,F2,-0.3018,,,,,,,
3l5nB_2a73B,ShallowMsa_010,ESM,0.4074,0.688,0.3062,0.4935,-0.2807,-0.1873,10,1,9,0.1,F2,0.0211,Amb,-0.3018,,,,,,,
3l5nB_2a73B,ShallowMsa_011,ESM,0.4125,0.6923,0.294,0.4527,-0.2799,-0.1587,10,2,8,0.2,F2,0.0219,Amb,-0.3018,,,,,,,
3l5nB_2a73B,ShallowMsa_012,ESM,0.3909,0.7032,0.3151,0.534,-0.3123,-0.2189,10,0,10,0.0,F2,-0.0105,Amb,-0.3018,,,,,,,
3l5nB_2a73B,ShallowMsa_013,ESM,0.4298,0.7273,0.304,0.4574,-0.2975,-0.1534,10,2,8,0.2,F2,0.0043,Amb,-0.3018,,,,,,,
3l5nB_2a73B,DeepMsa,MSAT,0.1002,0.1035,0.1002,0.1035,-0.0033,-0.0033,1,0,1,0.0,Amb,-0.0033,Amb,0.0002,0.1002,0.1035,t_recall,,,,
3l5nB_2a73B,ShallowMsa_000,MSAT,0.0121,0.015,0.0121,0.015,-0.0029,-0.0029,1,0,1,0.0,Amb,-0.003,Amb,0.0002,0.0121,0.015,t_recall,,,,
3l5nB_2a73B,ShallowMsa_001,MSAT,0.0,0.0,0.0,0.0,0.0,0.0,1,0,0,0.0,Amb,-0.0002,Amb,0.0002,0.0,0.0,t_recall,,,,
3l5nB_2a73B,ShallowMsa_002,MSAT,0.0041,0.0037,0.0041,0.0037,0.0004,0.0004,1,1,0,1.0,Amb,0.0003,Amb,0.0002,0.0041,0.0037,t_recall,,,,
3l5nB_2a73B,ShallowMsa_003,MSAT,0.0007,0.0006,0.0007,0.0006,0.0001,0.0001,1,1,0,1.0,Amb,-0.0001,Amb,0.0002,0.0007,0.0006,t_recall,,,,
3l5nB_2a73B,ShallowMsa_004,MSAT,0.0,0.0,0.0,0.0,0.0,0.0,1,0,0,0.0,Amb,-0.0002,Amb,0.0002,0.0,0.0,t_recall,,,,
3l5nB_2a73B,ShallowMsa_005,MSAT,0.0171,0.0193,0.0171,0.0193,-0.0022,-0.0022,1,0,1,0.0,Amb,-0.0024,Amb,0.0002,0.0171,0.0193,t_recall,,,,
3l5nB_2a73B,ShallowMsa_006,MSAT,0.0044,0.004,0.0044,0.004,0.0004,0.0004,1,1,0,1.0,Amb,0.0003,Amb,0.0002,0.0044,0.004,t_recall,,,,
3l5nB_2a73B,ShallowMsa_007,MSAT,0.0055,0.0049,0.0055,0.0049,0.0006,0.0006,1,1,0,1.0,Amb,0.0004,Amb,0.0002,0.0055,0.0049,t_recall,,,,
3l5nB_2a73B,ShallowMsa_008,MSAT,0.0092,0.0076,0.0092,0.0076,0.0016,0.0016,1,1,0,1.0,Amb,0.0015,Amb,0.0002,0.0092,0.0076,t_recall,,,,
3l5nB_2a73B,ShallowMsa_009,MSAT,0.0007,0.0006,0.0007,0.0006,0.0001,0.0001,1,1,0,1.0,Amb,-0.0001,Amb,0.0002,0.0007,0.0006,t_recall,,,,
3l5nB_2a73B,ShallowMsa_010,MSAT,0.0014,0.0012,0.0014,0.0012,0.0002,0.0002,1,1,0,1.0,Amb,0.0,Amb,0.0002,0.0014,0.0012,t_recall,,,,
3l5nB_2a73B,ShallowMsa_011,MSAT,0.0042,0.0018,0.0042,0.0018,0.0024,0.0024,1,1,0,1.0,Amb,0.0022,Amb,0.0002,0.0042,0.0018,t_recall,,,,
3l5nB_2a73B,ShallowMsa_012,MSAT,0.0027,0.0016,0.0027,0.0016,0.0011,0.0011,1,1,0,1.0,Amb,0.001,Amb,0.0002,0.0027,0.0016,t_recall,,,,
3l5nB_2a73B,ShallowMsa_013,MSAT,0.0021,0.0037,0.0021,0.0037,-0.0016,-0.0016,1,0,1,0.0,Amb,-0.0018,Amb,0.0002,0.0021,0.0037,t_recall,,,,
3l5nB_2a73B,DeepMsa,CCMpred,0.0,0.0,0.0,0.0,0.0,0.0,1,0,0,0.0,Amb,0.0,Amb,0.0,0.0,0.0,t_recall,,,,
3l5nB_2a73B,ShallowMsa_000,CCMpred,0.0,0.0,0.0,0.0,0.0,0.0,1,0,0,0.0,Amb,0.0,Amb,0.0,0.0,0.0,t_recall,,,,
3l5nB_2a73B,ShallowMsa_001,CCMpred,0.0,0.0,0.0,0.0,0.0,0.0,1,0,0,0.0,Amb,0.0,Amb,0.0,0.0,0.0,t_recall,,,,
3l5nB_2a73B,ShallowMsa_002,CCMpred,0.0,0.0,0.0,0.0,0.0,0.0,1,0,0,0.0,Amb,0.0,Amb,0.0,0.0,0.0,t_recall,,,,
3l5nB_2a73B,ShallowMsa_003,CCMpred,0.0,0.0,0.0,0.0,0.0,0.0,1,0,0,0.0,Amb,0.0,Amb,0.0,0.0,0.0,t_recall,,,,
3l5nB_2a73B,ShallowMsa_004,CCMpred,0.0,0.0,0.0,0.0,0.0,0.0,1,0,0,0.0,Amb,0.0,Amb,0.0,0.0,0.0,t_recall,,,,
3l5nB_2a73B,ShallowMsa_005,CCMpred,0.0,0.0,0.0,0.0,0.0,0.0,1,0,0,0.0,Amb,0.0,Amb,0.0,0.0,0.0,t_recall,,,,
3l5nB_2a73B,ShallowMsa_006,CCMpred,0.0,0.0,0.0,0.0,0.0,0.0,1,0,0,0.0,Amb,0.0,Amb,0.0,0.0,0.0,t_recall,,,,
3l5nB_2a73B,ShallowMsa_007,CCMpred,0.0,0.0,0.0,0.0,0.0,0.0,1,0,0,0.0,Amb,0.0,Amb,0.0,0.0,0.0,t_recall,,,,
3l5nB_2a73B,ShallowMsa_008,CCMpred,0.0,0.0,0.0,0.0,0.0,0.0,1,0,0,0.0,Amb,0.0,Amb,0.0,0.0,0.0,t_recall,,,,
3l5nB_2a73B,ShallowMsa_009,CCMpred,0.0,0.0,0.0,0.0,0.0,0.0,1,0,0,0.0,Amb,0.0,Amb,0.0,0.0,0.0,t_recall,,,,
3l5nB_2a73B,ShallowMsa_010,CCMpred,0.0,0.0,0.0,0.0,0.0,0.0,1,0,0,0.0,Amb,0.0,Amb,0.0,0.0,0.0,t_recall,,,,
3l5nB_2a73B,ShallowMsa_011,CCMpred,0.0,0.0,0.0,0.0,0.0,0.0,1,0,0,0.0,Amb,0.0,Amb,0.0,0.0,0.0,t_recall,,,,
3l5nB_2a73B,ShallowMsa_012,CCMpred,0.0,0.0,0.0,0.0,0.0,0.0,1,0,0,0.0,Amb,0.0,Amb,0.0,0.0,0.0,t_recall,,,,
3l5nB_2a73B,ShallowMsa_013,CCMpred,0.0,0.0,0.0,0.0,0.0,0.0,1,0,0,0.0,Amb,0.0,Amb,0.0,0.0,0.0,t_recall,,,,
3l5nB_2a73B,ShallowMsa_000,DDG,-151.1005,-233.3596,-151.1005,-233.3596,82.2591,82.2591,10,10,0,1.0,F1,4.3214,F1,77.9377,,,ddg_kcal_per_mol(delta=1.0),82.2591,33.4089,151.1005,233.3596
3l5nB_2a73B,ShallowMsa_001,DDG,-104.422,-162.8937,-104.422,-162.8937,58.4718,58.4718,10,10,0,1.0,F1,-19.4659,F2,77.9377,,,ddg_kcal_per_mol(delta=1.0),58.4718,18.9019,104.422,162.8937
3l5nB_2a73B,ShallowMsa_002,DDG,-161.0346,-244.913,-161.0346,-244.913,83.8783,83.8783,10,10,0,1.0,F1,5.9406,F1,77.9377,,,ddg_kcal_per_mol(delta=1.0),83.8783,35.879,161.0346,244.913
3l5nB_2a73B,ShallowMsa_003,DDG,-167.3421,-242.6642,-167.3421,-242.6642,75.3221,75.3221,10,10,0,1.0,F1,-2.6156,F2,77.9377,,,ddg_kcal_per_mol(delta=1.0),75.3221,28.197,167.3421,242.6642
3l5nB_2a73B,ShallowMsa_004,DDG,-115.5802,-182.3597,-115.5802,-182.3597,66.7795,66.7795,10,10,0,1.0,F1,-11.1582,F2,77.9377,,,ddg_kcal_per_mol(delta=1.0),66.7795,28.8786,115.5802,182.3597
3l5nB_2a73B,ShallowMsa_005,DDG,-111.4578,-172.9425,-111.4578,-172.9425,61.4846,61.4846,10,9,1,0.9,F1,-16.4531,F2,77.9377,,,ddg_kcal_per_mol(delta=1.0),61.4846,41.0919,111.4578,172.9425
3l5nB_2a73B,ShallowMsa_006,DDG,-168.0094,-252.7326,-168.0094,-252.7326,84.7232,84.7232,10,10,0,1.0,F1,6.7855,F1,77.9377,,,ddg_kcal_per_mol(delta=1.0),84.7232,34.1793,168.0094,252.7326
3l5nB_2a73B,ShallowMsa_007,DDG,-145.3228,-227.9686,-145.3228,-227.9686,82.6458,82.6458,10,10,0,1.0,F1,4.7081,F1,77.9377,,,ddg_kcal_per_mol(delta=1.0),82.6458,35.6808,145.3228,227.9686
3l5nB_2a73B,ShallowMsa_008,DDG,-190.1204,-281.8716,-190.1204,-281.8716,91.7512,91.7512,10,10,0,1.0,F1,13.8135,F1,77.9377,,,ddg_kcal_per_mol(delta=1.0),91.7512,30.7384,190.1204,281.8716
3l5nB_2a73B,ShallowMsa_009,DDG,-153.6489,-235.5825,-153.6489,-235.5825,81.9335,81.9335,10,10,0,1.0,F1,3.9958,F1,77.9377,,,ddg_kcal_per_mol(delta=1.0),81.9335,28.5155,153.6489,235.5825
3l5nB_2a73B,ShallowMsa_010,DDG,-120.2048,-187.2816,-120.2048,-187.2816,67.0768,67.0768,10,10,0,1.0,F1,-10.8609,F2,77.9377,,,ddg_kcal_per_mol(delta=1.0),67.0768,27.1551,120.2048,187.2816
3l5nB_2a73B,ShallowMsa_011,DDG,-110.0454,-167.1486,-110.0454,-167.1486,57.1031,57.1031,10,10,0,1.0,F1,-20.8346,F2,77.9377,,,ddg_kcal_per_mol(delta=1.0),57.1031,29.9412,110.0454,167.1486
3l5nB_2a73B,ShallowMsa_012,DDG,-155.4321,-235.9855,-155.4321,-235.9855,80.5534,80.5534,10,10,0,1.0,F1,2.6157,F1,77.9377,,,ddg_kcal_per_mol(delta=1.0),80.5534,34.5266,155.4321,235.9855
3l5nB_2a73B,ShallowMsa_013,DDG,-113.8294,-182.0674,-113.8294,-182.0674,68.238,68.238,10,10,0,1.0,F1,-9.6997,F2,77.9377,,,ddg_kcal_per_mol(delta=1.0),68.238,29.1567,113.8294,182.0674
3l5nB_2a73B,ShallowMsa_001,Boltz2,0.2545,0.2448,0.2545,0.2448,0.0097,0.0097,1,1,0,1.0,Amb,0.0124,Amb,-0.0027,,,,,,,
3l5nB_2a73B,ShallowMsa_002,Boltz2,0.1908,0.1953,0.1908,0.1953,-0.0045,-0.0045,1,0,1,0.0,Amb,-0.0017,Amb,-0.0027,,,,,,,
3l5nB_2a73B,ShallowMsa_003,Boltz2,0.2534,0.2485,0.2534,0.2485,0.0049,0.0049,1,1,0,1.0,Amb,0.0076,Amb,-0.0027,,,,,,,
3l5nB_2a73B,ShallowMsa_004,Boltz2,0.2377,0.2277,0.2377,0.2277,0.01,0.01,1,1,0,1.0,Amb,0.0128,Amb,-0.0027,,,,,,,
3l5nB_2a73B,ShallowMsa_005,Boltz2,0.211,0.2163,0.211,0.2163,-0.0053,-0.0053,1,0,1,0.0,Amb,-0.0026,Amb,-0.0027,,,,,,,
3l5nB_2a73B,ShallowMsa_007,Boltz2,0.2391,0.2237,0.2391,0.2237,0.0154,0.0154,1,1,0,1.0,Amb,0.0181,Amb,-0.0027,,,,,,,
3l5nB_2a73B,ShallowMsa_008,Boltz2,0.2051,0.2088,0.2051,0.2088,-0.0037,-0.0037,1,0,1,0.0,Amb,-0.001,Amb,-0.0027,,,,,,,
3l5nB_2a73B,ShallowMsa_009,Boltz2,0.1962,0.2148,0.1962,0.2148,-0.0186,-0.0186,1,0,1,0.0,Amb,-0.0158,Amb,-0.0027,,,,,,,
3l5nB_2a73B,ShallowMsa_010,Boltz2,0.2158,0.2176,0.2158,0.2176,-0.0018,-0.0018,1,0,1,0.0,Amb,0.0009,Amb,-0.0027,,,,,,,
3l5nB_2a73B,ShallowMsa_011,Boltz2,0.1967,0.1975,0.1967,0.1975,-0.0008,-0.0008,1,0,1,0.0,Amb,0.0019,Amb,-0.0027,,,,,,,
3l5nB_2a73B,ShallowMsa_012,Boltz2,0.1904,0.1948,0.1904,0.1948,-0.0043,-0.0043,1,0,1,0.0,Amb,-0.0016,Amb,-0.0027,,,,,,,
3l5nB_2a73B,ShallowMsa_013,Boltz2,0.209,0.2129,0.209,0.2129,-0.004,-0.004,1,0,1,0.0,Amb,-0.0013,Amb,-0.0027,,,,,,,
3l9qB_4rr2D,DeepMsa,AF2,0.8785,0.6107,0.8749,0.4961,0.2678,0.3788,2,2,0,1.0,F1,0.2678,F1,0.478,,,,,,,
3l9qB_4rr2D,ShallowMsa_000,AF2,0.8781,0.3809,0.8749,0.3808,0.4973,0.4941,2,2,0,1.0,F1,0.0193,Amb,0.478,,,,,,,
3l9qB_4rr2D,ShallowMsa_001,AF2,0.8788,0.3799,0.8741,0.3783,0.4989,0.4958,2,2,0,1.0,F1,0.0209,Amb,0.478,,,,,,,
3l9qB_4rr2D,ShallowMsa_002,AF2,0.8625,0.3758,0.862,0.3746,0.4867,0.4874,2,2,0,1.0,F1,0.0087,Amb,0.478,,,,,,,
3l9qB_4rr2D,ShallowMsa_003,AF2,0.854,0.3761,0.8519,0.3749,0.478,0.477,2,2,0,1.0,F1,-0.0,Amb,0.478,,,,,,,
3l9qB_4rr2D,ShallowMsa_004,AF2,0.859,0.3801,0.8579,0.3794,0.4789,0.4785,2,2,0,1.0,F1,0.0009,Amb,0.478,,,,,,,
3l9qB_4rr2D,ShallowMsa_005,AF2,0.8753,0.3751,0.873,0.3751,0.5002,0.4979,2,2,0,1.0,F1,0.0222,Amb,0.478,,,,,,,
3l9qB_4rr2D,ShallowMsa_006,AF2,0.8143,0.3543,0.8116,0.3532,0.4599,0.4584,2,2,0,1.0,F1,-0.0181,Amb,0.478,,,,,,,
3l9qB_4rr2D,ShallowMsa_007,AF2,0.5892,0.2606,0.5882,0.2601,0.3286,0.3282,2,2,0,1.0,F1,-0.1494,F2,0.478,,,,,,,
3l9qB_4rr2D,ShallowMsa_008,AF2,0.8382,0.3601,0.8298,0.3564,0.4781,0.4734,2,2,0,1.0,F1,0.0001,Amb,0.478,,,,,,,
3l9qB_4rr2D,ShallowMsa_009,AF2,0.8568,0.6093,0.8503,0.4932,0.2476,0.3571,2,2,0,1.0,F1,-0.2304,F2,0.478,,,,,,,
3l9qB_4rr2D,ShallowMsa_010,AF2,0.8145,0.3612,0.8041,0.3589,0.4532,0.4452,2,2,0,1.0,F1,-0.0248,Amb,0.478,,,,,,,
3l9qB_4rr2D,ShallowMsa_011,AF2,0.793,0.3537,0.7886,0.3528,0.4392,0.4358,2,2,0,1.0,F1,-0.0388,Amb,0.478,,,,,,,
3l9qB_4rr2D,ShallowMsa_012,AF2,0.8777,0.3803,0.7384,0.3237,0.4974,0.4147,2,2,0,1.0,F1,0.0194,Amb,0.478,,,,,,,
3l9qB_4rr2D,ShallowMsa_013,AF2,0.8689,0.4695,0.7318,0.3675,0.3995,0.3643,2,2,0,1.0,F1,-0.0785,F2,0.478,,,,,,,
3l9qB_4rr2D,DeepMsa,AF3,0.8725,0.576,0.7366,0.4219,0.2965,0.3148,2,2,0,1.0,F1,0.2965,F1,0.456,,,,,,,
3l9qB_4rr2D,ShallowMsa_000,AF3,0.8744,0.3817,0.7384,0.3246,0.4928,0.4138,2,2,0,1.0,F1,0.0368,Amb,0.456,,,,,,,
3l9qB_4rr2D,ShallowMsa_001,AF3,0.601,0.2691,0.5958,0.2677,0.3319,0.3281,2,2,0,1.0,F1,-0.1241,F2,0.456,,,,,,,
3l9qB_4rr2D,ShallowMsa_002,AF3,0.8618,0.3761,0.7221,0.3197,0.4857,0.4023,2,2,0,1.0,F1,0.0297,Amb,0.456,,,,,,,
3l9qB_4rr2D,ShallowMsa_003,AF3,0.853,0.3767,0.8522,0.3763,0.4763,0.476,2,2,0,1.0,F1,0.0203,Amb,0.456,,,,,,,
3l9qB_4rr2D,ShallowMsa_004,AF3,0.8648,0.3805,0.862,0.3803,0.4843,0.4817,2,2,0,1.0,F1,0.0283,Amb,0.456,,,,,,,
3l9qB_4rr2D,ShallowMsa_005,AF3,0.8708,0.375,0.7353,0.32,0.4957,0.4153,2,2,0,1.0,F1,0.0397,Amb,0.456,,,,,,,
3l9qB_4rr2D,ShallowMsa_006,AF3,0.8125,0.3564,0.8079,0.356,0.456,0.4519,2,2,0,1.0,F1,0.0,Amb,0.456,,,,,,,
3l9qB_4rr2D,ShallowMsa_007,AF3,0.5872,0.2633,0.5869,0.2628,0.3239,0.324,2,2,0,1.0,F1,-0.1321,F2,0.456,,,,,,,
3l9qB_4rr2D,ShallowMsa_008,AF3,0.8132,0.3572,0.685,0.3058,0.4559,0.3793,2,2,0,1.0,F1,-0.0,Amb,0.456,,,,,,,
3l9qB_4rr2D,ShallowMsa_009,AF3,0.8836,0.583,0.8759,0.4815,0.3006,0.3944,2,2,0,1.0,F1,-0.1554,F2,0.456,,,,,,,
3l9qB_4rr2D,ShallowMsa_010,AF3,0.5298,0.2479,0.5268,0.2479,0.2819,0.279,2,2,0,1.0,F1,-0.1741,F2,0.456,,,,,,,
3l9qB_4rr2D,ShallowMsa_011,AF3,0.795,0.3553,0.7923,0.3534,0.4396,0.4389,2,2,0,1.0,F1,-0.0164,Amb,0.456,,,,,,,
3l9qB_4rr2D,ShallowMsa_012,AF3,0.8755,0.3818,0.741,0.3252,0.4937,0.4158,2,2,0,1.0,F1,0.0378,Amb,0.456,,,,,,,
3l9qB_4rr2D,ShallowMsa_013,AF3,0.8697,0.4775,0.7306,0.3726,0.3923,0.358,2,2,0,1.0,F1,-0.0637,F2,0.456,,,,,,,
3l9qB_4rr2D,ShallowMsa_000,ESM,0.8557,0.6006,0.7037,0.4262,0.2551,0.2776,20,20,0,1.0,F1,0.0047,Amb,0.2504,,,,,,,
3l9qB_4rr2D,ShallowMsa_001,ESM,0.8742,0.583,0.6775,0.4336,0.2912,0.2439,20,16,4,0.8,F1,0.0408,Amb,0.2504,,,,,,,
3l9qB_4rr2D,ShallowMsa_002,ESM,0.8371,0.5692,0.7033,0.441,0.2679,0.2622,20,18,2,0.9,F1,0.0175,Amb,0.2504,,,,,,,
3l9qB_4rr2D,ShallowMsa_003,ESM,0.832,0.6097,0.6009,0.4218,0.2223,0.1791,20,16,4,0.8,F1,-0.0281,Amb,0.2504,,,,,,,
3l9qB_4rr2D,ShallowMsa_004,ESM,0.8455,0.5785,0.6552,0.4103,0.267,0.2448,20,20,0,1.0,F1,0.0166,Amb,0.2504,,,,,,,
3l9qB_4rr2D,ShallowMsa_005,ESM,0.8507,0.5892,0.6663,0.4794,0.2616,0.1869,20,14,6,0.7,F1,0.0112,Amb,0.2504,,,,,,,
3l9qB_4rr2D,ShallowMsa_006,ESM,0.8404,0.5166,0.6805,0.4385,0.3238,0.2421,20,18,2,0.9,F1,0.0734,F1,0.2504,,,,,,,
3l9qB_4rr2D,ShallowMsa_007,ESM,0.832,0.6345,0.7156,0.4349,0.1975,0.2807,20,20,0,1.0,F1,-0.0529,F2,0.2504,,,,,,,
3l9qB_4rr2D,ShallowMsa_008,ESM,0.8527,0.607,0.668,0.4156,0.2457,0.2524,20,20,0,1.0,F1,-0.0047,Amb,0.2504,,,,,,,
3l9qB_4rr2D,ShallowMsa_009,ESM,0.8768,0.5715,0.6516,0.3974,0.3053,0.2542,20,20,0,1.0,F1,0.0549,F1,0.2504,,,,,,,
3l9qB_4rr2D,ShallowMsa_010,ESM,0.8521,0.6682,0.6302,0.4602,0.184,0.1699,20,14,6,0.7,F1,-0.0664,F2,0.2504,,,,,,,
3l9qB_4rr2D,ShallowMsa_011,ESM,0.8496,0.6111,0.7012,0.4624,0.2386,0.2388,20,20,0,1.0,F1,-0.0118,Amb,0.2504,,,,,,,
3l9qB_4rr2D,ShallowMsa_012,ESM,0.8583,0.6573,0.7002,0.443,0.2009,0.2573,20,20,0,1.0,F1,-0.0495,Amb,0.2504,,,,,,,
3l9qB_4rr2D,ShallowMsa_013,ESM,0.8671,0.6548,0.649,0.4303,0.2123,0.2188,20,20,0,1.0,F1,-0.0381,Amb,0.2504,,,,,,,
3l9qB_4rr2D,DeepMsa,MSAT,0.3224,0.3548,0.3224,0.3548,-0.0324,-0.0324,1,0,1,0.0,Amb,-0.0324,Amb,-0.023,0.3224,0.3548,t_recall,,,,
3l9qB_4rr2D,ShallowMsa_009,MSAT,0.0328,0.082,0.0328,0.082,-0.0492,-0.0492,1,0,1,0.0,Amb,-0.0262,Amb,-0.023,0.0328,0.082,t_recall,,,,
3l9qB_4rr2D,ShallowMsa_013,MSAT,0.0349,0.0317,0.0349,0.0317,0.0032,0.0032,1,1,0,1.0,Amb,0.0262,Amb,-0.023,0.0349,0.0317,t_recall,,,,
3l9qB_4rr2D,DeepMsa,CCMpred,0.0109,0.0044,0.0109,0.0044,0.0065,0.0065,1,1,0,1.0,Amb,0.0065,Amb,0.0,0.0109,0.0044,t_recall,,,,
3l9qB_4rr2D,ShallowMsa_000,CCMpred,0.0,0.0,0.0,0.0,0.0,0.0,1,0,0,0.0,Amb,0.0,Amb,0.0,0.0,0.0,t_recall,,,,
3l9qB_4rr2D,ShallowMsa_001,CCMpred,0.0,0.0,0.0,0.0,0.0,0.0,1,0,0,0.0,Amb,0.0,Amb,0.0,0.0,0.0,t_recall,,,,
3l9qB_4rr2D,ShallowMsa_002,CCMpred,0.0,0.0,0.0,0.0,0.0,0.0,1,0,0,0.0,Amb,0.0,Amb,0.0,0.0,0.0,t_recall,,,,
3l9qB_4rr2D,ShallowMsa_003,CCMpred,0.0,0.0,0.0,0.0,0.0,0.0,1,0,0,0.0,Amb,0.0,Amb,0.0,0.0,0.0,t_recall,,,,
3l9qB_4rr2D,ShallowMsa_004,CCMpred,0.0,0.0,0.0,0.0,0.0,0.0,1,0,0,0.0,Amb,0.0,Amb,0.0,0.0,0.0,t_recall,,,,
3l9qB_4rr2D,ShallowMsa_005,CCMpred,0.0,0.0,0.0,0.0,0.0,0.0,1,0,0,0.0,Amb,0.0,Amb,0.0,0.0,0.0,t_recall,,,,
3l9qB_4rr2D,ShallowMsa_006,CCMpred,0.0,0.0,0.0,0.0,0.0,0.0,1,0,0,0.0,Amb,0.0,Amb,0.0,0.0,0.0,t_recall,,,,
3l9qB_4rr2D,ShallowMsa_007,CCMpred,0.0,0.0,0.0,0.0,0.0,0.0,1,0,0,0.0,Amb,0.0,Amb,0.0,0.0,0.0,t_recall,,,,
3l9qB_4rr2D,ShallowMsa_008,CCMpred,0.0,0.0,0.0,0.0,0.0,0.0,1,0,0,0.0,Amb,0.0,Amb,0.0,0.0,0.0,t_recall,,,,
3l9qB_4rr2D,ShallowMsa_009,CCMpred,0.0,0.0,0.0,0.0,0.0,0.0,1,0,0,0.0,Amb,0.0,Amb,0.0,0.0,0.0,t_recall,,,,
3l9qB_4rr2D,ShallowMsa_010,CCMpred,0.0,0.0,0.0,0.0,0.0,0.0,1,0,0,0.0,Amb,0.0,Amb,0.0,0.0,0.0,t_recall,,,,
3l9qB_4rr2D,ShallowMsa_011,CCMpred,0.0,0.0,0.0,0.0,0.0,0.0,1,0,0,0.0,Amb,0.0,Amb,0.0,0.0,0.0,t_recall,,,,
3l9qB_4rr2D,ShallowMsa_012,CCMpred,0.0,0.0,0.0,0.0,0.0,0.0,1,0,0,0.0,Amb,0.0,Amb,0.0,0.0,0.0,t_recall,,,,
3l9qB_4rr2D,ShallowMsa_013,CCMpred,0.0,0.0,0.0,0.0,0.0,0.0,1,0,0,0.0,Amb,0.0,Amb,0.0,0.0,0.0,t_recall,,,,
3l9qB_4rr2D,ShallowMsa_000,DDG,-38.1384,-96.7403,-38.1384,-96.7403,58.6019,58.6019,10,10,0,1.0,F1,9.7619,F1,48.84,,,ddg_kcal_per_mol(delta=1.0),58.6019,25.4063,38.1384,96.7403
3l9qB_4rr2D,ShallowMsa_001,DDG,-45.6397,-105.1324,-45.6397,-105.1324,59.4927,59.4927,10,10,0,1.0,F1,10.6527,F1,48.84,,,ddg_kcal_per_mol(delta=1.0),59.4927,30.2742,45.6397,105.1324
3l9qB_4rr2D,ShallowMsa_002,DDG,-42.0637,-100.7175,-42.0637,-100.7175,58.6539,58.6539,10,10,0,1.0,F1,9.8139,F1,48.84,,,ddg_kcal_per_mol(delta=1.0),58.6539,33.0771,42.0637,100.7175
3l9qB_4rr2D,ShallowMsa_003,DDG,-32.1629,-77.2836,-32.1629,-77.2836,45.1207,45.1207,10,9,1,0.9,F1,-3.7193,F2,48.84,,,ddg_kcal_per_mol(delta=1.0),45.1207,25.9894,32.1629,77.2836
3l9qB_4rr2D,ShallowMsa_004,DDG,-31.3334,-76.4686,-31.3334,-76.4686,45.1352,45.1352,10,10,0,1.0,F1,-3.7048,F2,48.84,,,ddg_kcal_per_mol(delta=1.0),45.1352,22.4445,31.3334,76.4686
3l9qB_4rr2D,ShallowMsa_005,DDG,-36.3663,-91.5453,-36.3663,-91.5453,55.179,55.179,10,10,0,1.0,F1,6.3391,F1,48.84,,,ddg_kcal_per_mol(delta=1.0),55.179,28.5526,36.3663,91.5453
3l9qB_4rr2D,ShallowMsa_006,DDG,-40.4686,-97.5057,-40.4686,-97.5057,57.0372,57.0372,10,10,0,1.0,F1,8.1972,F1,48.84,,,ddg_kcal_per_mol(delta=1.0),57.0372,26.5498,40.4686,97.5057
3l9qB_4rr2D,ShallowMsa_007,DDG,-40.6445,-101.1445,-40.6445,-101.1445,60.5,60.5,10,9,1,0.9,F1,11.66,F1,48.84,,,ddg_kcal_per_mol(delta=1.0),60.5,32.4962,40.6445,101.1445
3l9qB_4rr2D,ShallowMsa_008,DDG,-37.8617,-86.0911,-37.8617,-86.0911,48.2294,48.2294,10,8,2,0.8,F1,-0.6106,Amb,48.84,,,ddg_kcal_per_mol(delta=1.0),48.2294,28.0333,37.8617,86.0911
3l9qB_4rr2D,ShallowMsa_009,DDG,-24.6455,-56.8679,-24.6455,-56.8679,32.2224,32.2224,10,9,1,0.9,F1,-16.6176,F2,48.84,,,ddg_kcal_per_mol(delta=1.0),32.2224,20.2632,24.6455,56.8679
3l9qB_4rr2D,ShallowMsa_010,DDG,-31.2605,-75.359,-31.2605,-75.359,44.0985,44.0985,10,10,0,1.0,F1,-4.7415,F2,48.84,,,ddg_kcal_per_mol(delta=1.0),44.0985,24.0216,31.2605,75.359
3l9qB_4rr2D,ShallowMsa_011,DDG,-37.1267,-86.5772,-37.1267,-86.5772,49.4505,49.4505,10,10,0,1.0,F1,0.6105,Amb,48.84,,,ddg_kcal_per_mol(delta=1.0),49.4505,21.6319,37.1267,86.5772
3l9qB_4rr2D,ShallowMsa_012,DDG,-29.0702,-63.9196,-29.0702,-63.9196,34.8494,34.8494,10,10,0,1.0,F1,-13.9905,F2,48.84,,,ddg_kcal_per_mol(delta=1.0),34.8494,17.2567,29.0702,63.9196
3l9qB_4rr2D,ShallowMsa_013,DDG,-33.4679,-68.6634,-33.4679,-68.6634,35.1954,35.1954,10,9,1,0.9,F1,-13.6446,F2,48.84,,,ddg_kcal_per_mol(delta=1.0),35.1954,19.0841,33.4679,68.6634
3l9qB_4rr2D,ShallowMsa_000,Boltz2,0.1718,0.2323,0.1718,0.2323,-0.0605,-0.0605,1,0,1,0.0,F2,0.0,Amb,-0.0605,,,,,,,
3l9qB_4rr2D,ShallowMsa_001,Boltz2,0.2182,0.2877,0.2182,0.2877,-0.0695,-0.0695,1,0,1,0.0,F2,-0.009,Amb,-0.0605,,,,,,,
3l9qB_4rr2D,ShallowMsa_002,Boltz2,0.1913,0.2571,0.1913,0.2571,-0.0658,-0.0658,1,0,1,0.0,F2,-0.0053,Amb,-0.0605,,,,,,,
3l9qB_4rr2D,ShallowMsa_003,Boltz2,0.1885,0.2323,0.1885,0.2323,-0.0438,-0.0438,1,0,1,0.0,Amb,0.0167,Amb,-0.0605,,,,,,,
3l9qB_4rr2D,ShallowMsa_004,Boltz2,0.1868,0.2769,0.1868,0.2769,-0.09,-0.09,1,0,1,0.0,F2,-0.0295,Amb,-0.0605,,,,,,,
3l9qB_4rr2D,ShallowMsa_005,Boltz2,0.2013,0.2713,0.2013,0.2713,-0.07,-0.07,1,0,1,0.0,F2,-0.0095,Amb,-0.0605,,,,,,,
3l9qB_4rr2D,ShallowMsa_006,Boltz2,0.2103,0.2465,0.2103,0.2465,-0.0362,-0.0362,1,0,1,0.0,Amb,0.0243,Amb,-0.0605,,,,,,,
3l9qB_4rr2D,ShallowMsa_007,Boltz2,0.174,0.2332,0.174,0.2332,-0.0592,-0.0592,1,0,1,0.0,F2,0.0013,Amb,-0.0605,,,,,,,
3l9qB_4rr2D,ShallowMsa_008,Boltz2,0.1795,0.242,0.1795,0.242,-0.0625,-0.0625,1,0,1,0.0,F2,-0.002,Amb,-0.0605,,,,,,,
3l9qB_4rr2D,ShallowMsa_009,Boltz2,0.1878,0.2338,0.1878,0.2338,-0.046,-0.046,1,0,1,0.0,Amb,0.0145,Amb,-0.0605,,,,,,,
3l9qB_4rr2D,ShallowMsa_010,Boltz2,0.2067,0.2287,0.2067,0.2287,-0.022,-0.022,1,0,1,0.0,Amb,0.0385,Amb,-0.0605,,,,,,,
3l9qB_4rr2D,ShallowMsa_011,Boltz2,0.205,0.2489,0.205,0.2489,-0.0439,-0.0439,1,0,1,0.0,Amb,0.0166,Amb,-0.0605,,,,,,,
3l9qB_4rr2D,ShallowMsa_012,Boltz2,0.1713,0.2543,0.1713,0.2543,-0.0829,-0.0829,1,0,1,0.0,F2,-0.0224,Amb,-0.0605,,,,,,,
3lowA_3m1bF,DeepMsa,AF2,0.5633,0.967,0.5602,0.9669,-0.4038,-0.4067,2,0,2,0.0,F2,-0.4038,F2,-0.3724,,,,,,,
3lowA_3m1bF,ShallowMsa_000,AF2,0.4868,0.8214,0.4756,0.8145,-0.3346,-0.3389,2,0,2,0.0,F2,0.0378,Amb,-0.3724,,,,,,,
3lowA_3m1bF,ShallowMsa_001,AF2,0.5108,0.8551,0.5108,0.8551,-0.3443,-0.3443,2,0,2,0.0,F2,0.0281,Amb,-0.3724,,,,,,,
3lowA_3m1bF,ShallowMsa_002,AF2,0.5304,0.9325,0.5304,0.9325,-0.4021,-0.4021,2,0,2,0.0,F2,-0.0297,Amb,-0.3724,,,,,,,
3lowA_3m1bF,ShallowMsa_003,AF2,0.4707,0.8189,0.4707,0.8189,-0.3482,-0.3482,2,0,2,0.0,F2,0.0242,Amb,-0.3724,,,,,,,
3lowA_3m1bF,ShallowMsa_004,AF2,0.4545,0.668,0.4545,0.668,-0.2135,-0.2135,2,0,2,0.0,F2,0.1589,F1,-0.3724,,,,,,,
3lowA_3m1bF,ShallowMsa_005,AF2,0.4797,0.8304,0.4797,0.8304,-0.3507,-0.3507,2,0,2,0.0,F2,0.0217,Amb,-0.3724,,,,,,,
3lowA_3m1bF,ShallowMsa_006,AF2,0.3995,0.7723,0.3995,0.7723,-0.3728,-0.3728,2,0,2,0.0,F2,-0.0004,Amb,-0.3724,,,,,,,
3lowA_3m1bF,ShallowMsa_007,AF2,0.4033,0.719,0.3983,0.7089,-0.3157,-0.3106,2,0,2,0.0,F2,0.0567,F1,-0.3724,,,,,,,
3lowA_3m1bF,ShallowMsa_008,AF2,0.4377,0.7583,0.4377,0.7583,-0.3206,-0.3206,2,0,2,0.0,F2,0.0518,F1,-0.3724,,,,,,,
3lowA_3m1bF,ShallowMsa_009,AF2,0.5601,0.9695,0.5568,0.9688,-0.4094,-0.412,2,0,2,0.0,F2,-0.037,Amb,-0.3724,,,,,,,
3lowA_3m1bF,ShallowMsa_010,AF2,0.4207,0.7941,0.4207,0.7941,-0.3733,-0.3733,2,0,2,0.0,F2,-0.0009,Amb,-0.3724,,,,,,,
3lowA_3m1bF,ShallowMsa_011,AF2,0.5206,0.9343,0.5206,0.9343,-0.4136,-0.4136,2,0,2,0.0,F2,-0.0412,Amb,-0.3724,,,,,,,
3lowA_3m1bF,ShallowMsa_012,AF2,0.3907,0.7156,0.3875,0.7098,-0.325,-0.3224,2,0,2,0.0,F2,0.0474,Amb,-0.3724,,,,,,,
3lowA_3m1bF,ShallowMsa_013,AF2,0.5682,0.9493,0.5577,0.9466,-0.3811,-0.3889,2,0,2,0.0,F2,-0.0087,Amb,-0.3724,,,,,,,
3lowA_3m1bF,ShallowMsa_014,AF2,0.5423,0.9189,0.5423,0.9189,-0.3766,-0.3766,2,0,2,0.0,F2,-0.0042,Amb,-0.3724,,,,,,,
3lowA_3m1bF,ShallowMsa_015,AF2,0.5655,0.9655,0.5606,0.9648,-0.3999,-0.4043,2,0,2,0.0,F2,-0.0275,Amb,-0.3724,,,,,,,
3lowA_3m1bF,ShallowMsa_016,AF2,0.394,0.7659,0.394,0.7659,-0.372,-0.372,2,0,2,0.0,F2,0.0004,Amb,-0.3724,,,,,,,
3lowA_3m1bF,ShallowMsa_017,AF2,0.5165,0.9041,0.5065,0.8968,-0.3876,-0.3903,2,0,2,0.0,F2,-0.0152,Amb,-0.3724,,,,,,,
3lowA_3m1bF,ShallowMsa_018,AF2,0.4511,0.8264,0.4465,0.8263,-0.3752,-0.3799,2,0,2,0.0,F2,-0.0028,Amb,-0.3724,,,,,,,
3lowA_3m1bF,ShallowMsa_019,AF2,0.4825,0.8221,0.4822,0.8218,-0.3396,-0.3395,2,0,2,0.0,F2,0.0328,Amb,-0.3724,,,,,,,
3lowA_3m1bF,DeepMsa,AF3,0.5666,0.9573,0.5613,0.9568,-0.3907,-0.3955,2,0,2,0.0,F2,-0.3907,F2,-0.3638,,,,,,,
3lowA_3m1bF,ShallowMsa_000,AF3,0.5082,0.8334,0.4638,0.795,-0.3253,-0.3311,2,0,2,0.0,F2,0.0385,Amb,-0.3638,,,,,,,
3lowA_3m1bF,ShallowMsa_001,AF3,0.5365,0.8895,0.5365,0.8895,-0.353,-0.353,2,0,2,0.0,F2,0.0108,Amb,-0.3638,,,,,,,
3lowA_3m1bF,ShallowMsa_002,AF3,0.5391,0.9266,0.5391,0.9266,-0.3875,-0.3875,2,0,2,0.0,F2,-0.0237,Amb,-0.3638,,,,,,,
3lowA_3m1bF,ShallowMsa_003,AF3,0.4478,0.8005,0.4478,0.8005,-0.3528,-0.3528,2,0,2,0.0,F2,0.011,Amb,-0.3638,,,,,,,
3lowA_3m1bF,ShallowMsa_004,AF3,0.4759,0.7457,0.4759,0.7456,-0.2698,-0.2697,2,0,2,0.0,F2,0.094,F1,-0.3638,,,,,,,
3lowA_3m1bF,ShallowMsa_005,AF3,0.4265,0.7687,0.4265,0.7687,-0.3422,-0.3422,2,0,2,0.0,F2,0.0216,Amb,-0.3638,,,,,,,
3lowA_3m1bF,ShallowMsa_006,AF3,0.406,0.7742,0.406,0.7742,-0.3682,-0.3682,2,0,2,0.0,F2,-0.0045,Amb,-0.3638,,,,,,,
3lowA_3m1bF,ShallowMsa_007,AF3,0.3703,0.6824,0.3588,0.6756,-0.3121,-0.3169,2,0,2,0.0,F2,0.0517,F1,-0.3638,,,,,,,
3lowA_3m1bF,ShallowMsa_008,AF3,0.4321,0.7993,0.4321,0.7993,-0.3673,-0.3673,2,0,2,0.0,F2,-0.0035,Amb,-0.3638,,,,,,,
3lowA_3m1bF,ShallowMsa_009,AF3,0.5649,0.9545,0.5604,0.9545,-0.3896,-0.3941,2,0,2,0.0,F2,-0.0258,Amb,-0.3638,,,,,,,
3lowA_3m1bF,ShallowMsa_010,AF3,0.4382,0.8296,0.4381,0.8296,-0.3914,-0.3914,2,0,2,0.0,F2,-0.0277,Amb,-0.3638,,,,,,,
3lowA_3m1bF,ShallowMsa_011,AF3,0.527,0.9342,0.527,0.9342,-0.4072,-0.4072,2,0,2,0.0,F2,-0.0434,Amb,-0.3638,,,,,,,
3lowA_3m1bF,ShallowMsa_012,AF3,0.3522,0.6599,0.3503,0.6515,-0.3077,-0.3012,2,0,2,0.0,F2,0.0561,F1,-0.3638,,,,,,,
3lowA_3m1bF,ShallowMsa_013,AF3,0.5692,0.9483,0.5586,0.9441,-0.3792,-0.3855,2,0,2,0.0,F2,-0.0154,Amb,-0.3638,,,,,,,
3lowA_3m1bF,ShallowMsa_014,AF3,0.5377,0.9151,0.5377,0.9151,-0.3774,-0.3774,2,0,2,0.0,F2,-0.0136,Amb,-0.3638,,,,,,,
3lowA_3m1bF,ShallowMsa_015,AF3,0.5656,0.9567,0.5606,0.9547,-0.3911,-0.3941,2,0,2,0.0,F2,-0.0273,Amb,-0.3638,,,,,,,
3lowA_3m1bF,ShallowMsa_016,AF3,0.3997,0.76,0.3997,0.76,-0.3602,-0.3602,2,0,2,0.0,F2,0.0035,Amb,-0.3638,,,,,,,
3lowA_3m1bF,ShallowMsa_017,AF3,0.5073,0.9037,0.5009,0.8936,-0.3965,-0.3928,2,0,2,0.0,F2,-0.0328,Amb,-0.3638,,,,,,,
3lowA_3m1bF,ShallowMsa_018,AF3,0.4327,0.7879,0.4308,0.7803,-0.3552,-0.3495,2,0,2,0.0,F2,0.0086,Amb,-0.3638,,,,,,,
3lowA_3m1bF,ShallowMsa_019,AF3,0.4814,0.8148,0.4804,0.8128,-0.3334,-0.3324,2,0,2,0.0,F2,0.0304,Amb,-0.3638,,,,,,,
3lowA_3m1bF,ShallowMsa_000,ESM,0.5106,0.846,0.4117,0.6433,-0.3354,-0.2316,20,2,18,0.1,F2,0.0112,Amb,-0.3466,,,,,,,
3lowA_3m1bF,ShallowMsa_001,ESM,0.4986,0.8238,0.4203,0.6346,-0.3252,-0.2143,20,0,20,0.0,F2,0.0214,Amb,-0.3466,,,,,,,
3lowA_3m1bF,ShallowMsa_002,ESM,0.5482,0.895,0.4098,0.6358,-0.3468,-0.226,20,2,18,0.1,F2,-0.0002,Amb,-0.3466,,,,,,,
3lowA_3m1bF,ShallowMsa_003,ESM,0.4755,0.8202,0.3914,0.6041,-0.3447,-0.2127,20,2,18,0.1,F2,0.0019,Amb,-0.3466,,,,,,,
3lowA_3m1bF,ShallowMsa_004,ESM,0.5268,0.8489,0.4236,0.6604,-0.3221,-0.2368,20,2,18,0.1,F2,0.0245,Amb,-0.3466,,,,,,,
3lowA_3m1bF,ShallowMsa_005,ESM,0.5409,0.9005,0.4447,0.698,-0.3596,-0.2533,20,0,20,0.0,F2,-0.013,Amb,-0.3466,,,,,,,
3lowA_3m1bF,ShallowMsa_006,ESM,0.4869,0.8333,0.399,0.6598,-0.3464,-0.2608,20,0,20,0.0,F2,0.0002,Amb,-0.3466,,,,,,,
3lowA_3m1bF,ShallowMsa_007,ESM,0.4941,0.8178,0.436,0.6924,-0.3237,-0.2564,20,0,20,0.0,F2,0.0229,Amb,-0.3466,,,,,,,
3lowA_3m1bF,ShallowMsa_008,ESM,0.5174,0.8845,0.4274,0.6577,-0.3671,-0.2304,20,2,18,0.1,F2,-0.0205,Amb,-0.3466,,,,,,,
3lowA_3m1bF,ShallowMsa_009,ESM,0.5654,0.9666,0.4091,0.653,-0.4012,-0.2439,20,0,20,0.0,F2,-0.0546,F2,-0.3466,,,,,,,
3lowA_3m1bF,ShallowMsa_010,ESM,0.5145,0.8436,0.4518,0.7121,-0.3291,-0.2603,20,0,20,0.0,F2,0.0175,Amb,-0.3466,,,,,,,
3lowA_3m1bF,ShallowMsa_011,ESM,0.5284,0.8791,0.4295,0.6662,-0.3507,-0.2367,20,2,18,0.1,F2,-0.0041,Amb,-0.3466,,,,,,,
3lowA_3m1bF,ShallowMsa_012,ESM,0.4904,0.8119,0.4257,0.6319,-0.3215,-0.2062,20,2,18,0.1,F2,0.0251,Amb,-0.3466,,,,,,,
3lowA_3m1bF,ShallowMsa_013,ESM,0.5518,0.9321,0.4652,0.7532,-0.3803,-0.288,20,0,20,0.0,F2,-0.0337,Amb,-0.3466,,,,,,,
3lowA_3m1bF,ShallowMsa_014,ESM,0.5483,0.9007,0.4333,0.6898,-0.3525,-0.2565,20,0,20,0.0,F2,-0.0059,Amb,-0.3466,,,,,,,
3lowA_3m1bF,ShallowMsa_015,ESM,0.5246,0.8718,0.4136,0.6064,-0.3472,-0.1928,20,1,19,0.05,F2,-0.0006,Amb,-0.3466,,,,,,,
3lowA_3m1bF,ShallowMsa_016,ESM,0.4968,0.8784,0.4314,0.6597,-0.3815,-0.2283,20,0,20,0.0,F2,-0.0349,Amb,-0.3466,,,,,,,
3lowA_3m1bF,ShallowMsa_017,ESM,0.4952,0.8451,0.431,0.7059,-0.3499,-0.2749,20,0,20,0.0,F2,-0.0033,Amb,-0.3466,,,,,,,
3lowA_3m1bF,ShallowMsa_018,ESM,0.4852,0.8172,0.4194,0.6586,-0.332,-0.2393,20,0,20,0.0,F2,0.0146,Amb,-0.3466,,,,,,,
3lowA_3m1bF,ShallowMsa_019,ESM,0.4965,0.7997,0.4299,0.7048,-0.3031,-0.2749,20,0,20,0.0,F2,0.0435,Amb,-0.3466,,,,,,,
3lowA_3m1bF,DeepMsa,MSAT,0.325,0.3456,0.325,0.3456,-0.0206,-0.0206,1,0,1,0.0,Amb,-0.0206,Amb,-0.0164,0.325,0.3456,t_recall,,,,
3lowA_3m1bF,ShallowMsa_000,MSAT,0.1125,0.1023,0.1125,0.1023,0.0102,0.0102,1,1,0,1.0,Amb,0.0267,Amb,-0.0164,0.1125,0.1023,t_recall,,,,
3lowA_3m1bF,ShallowMsa_001,MSAT,0.025,0.0142,0.025,0.0142,0.0108,0.0108,1,1,0,1.0,Amb,0.0272,Amb,-0.0164,0.025,0.0142,t_recall,,,,
3lowA_3m1bF,ShallowMsa_002,MSAT,0.0128,0.0329,0.0128,0.0329,-0.0201,-0.0201,1,0,1,0.0,Amb,-0.0037,Amb,-0.0164,0.0128,0.0329,t_recall,,,,
3lowA_3m1bF,ShallowMsa_003,MSAT,0.025,0.0186,0.025,0.0186,0.0064,0.0064,1,1,0,1.0,Amb,0.0228,Amb,-0.0164,0.025,0.0186,t_recall,,,,
3lowA_3m1bF,ShallowMsa_004,MSAT,0.075,0.1488,0.075,0.1488,-0.0738,-0.0738,1,0,1,0.0,F2,-0.0574,F2,-0.0164,0.075,0.1488,t_recall,,,,
3lowA_3m1bF,ShallowMsa_005,MSAT,0.0125,0.033,0.0125,0.033,-0.0205,-0.0205,1,0,1,0.0,Amb,-0.0041,Amb,-0.0164,0.0125,0.033,t_recall,,,,
3lowA_3m1bF,ShallowMsa_006,MSAT,0.1,0.1274,0.1,0.1274,-0.0274,-0.0274,1,0,1,0.0,Amb,-0.011,Amb,-0.0164,0.1,0.1274,t_recall,,,,
3lowA_3m1bF,ShallowMsa_007,MSAT,0.0,0.0,0.0,0.0,0.0,0.0,1,0,0,0.0,Amb,0.0164,Amb,-0.0164,0.0,0.0,t_recall,,,,
3lowA_3m1bF,ShallowMsa_008,MSAT,0.0,0.0,0.0,0.0,0.0,0.0,1,0,0,0.0,Amb,0.0164,Amb,-0.0164,0.0,0.0,t_recall,,,,
3lowA_3m1bF,ShallowMsa_009,MSAT,0.2125,0.2857,0.2125,0.2857,-0.0732,-0.0732,1,0,1,0.0,F2,-0.0568,F2,-0.0164,0.2125,0.2857,t_recall,,,,
3lowA_3m1bF,ShallowMsa_010,MSAT,0.0125,0.0279,0.0125,0.0279,-0.0154,-0.0154,1,0,1,0.0,Amb,0.001,Amb,-0.0164,0.0125,0.0279,t_recall,,,,
3lowA_3m1bF,ShallowMsa_011,MSAT,0.0,0.0,0.0,0.0,0.0,0.0,1,0,0,0.0,Amb,0.0164,Amb,-0.0164,0.0,0.0,t_recall,,,,
3lowA_3m1bF,ShallowMsa_012,MSAT,0.0,0.019,0.0,0.019,-0.019,-0.019,1,0,1,0.0,Amb,-0.0026,Amb,-0.0164,0.0,0.019,t_recall,,,,
3lowA_3m1bF,ShallowMsa_013,MSAT,0.125,0.1435,0.125,0.1435,-0.0185,-0.0185,1,0,1,0.0,Amb,-0.002,Amb,-0.0164,0.125,0.1435,t_recall,,,,
3lowA_3m1bF,ShallowMsa_014,MSAT,0.025,0.0425,0.025,0.0425,-0.0175,-0.0175,1,0,1,0.0,Amb,-0.0011,Amb,-0.0164,0.025,0.0425,t_recall,,,,
3lowA_3m1bF,ShallowMsa_015,MSAT,0.025,0.0276,0.025,0.0276,-0.0026,-0.0026,1,0,1,0.0,Amb,0.0138,Amb,-0.0164,0.025,0.0276,t_recall,,,,
3lowA_3m1bF,ShallowMsa_016,MSAT,0.0125,0.0233,0.0125,0.0233,-0.0108,-0.0108,1,0,1,0.0,Amb,0.0056,Amb,-0.0164,0.0125,0.0233,t_recall,,,,
3lowA_3m1bF,ShallowMsa_017,MSAT,0.0875,0.1628,0.0875,0.1628,-0.0753,-0.0753,1,0,1,0.0,F2,-0.0589,F2,-0.0164,0.0875,0.1628,t_recall,,,,
3lowA_3m1bF,ShallowMsa_018,MSAT,0.039,0.0913,0.039,0.0913,-0.0523,-0.0523,1,0,1,0.0,F2,-0.0358,Amb,-0.0164,0.039,0.0913,t_recall,,,,
3lowA_3m1bF,ShallowMsa_019,MSAT,0.1528,0.155,0.1528,0.155,-0.0022,-0.0022,1,0,1,0.0,Amb,0.0142,Amb,-0.0164,0.1528,0.155,t_recall,,,,
3lowA_3m1bF,DeepMsa,CCMpred,0.05,0.0645,0.05,0.0645,-0.0145,-0.0145,1,0,1,0.0,Amb,-0.0145,Amb,0.0,0.05,0.0645,t_recall,,,,
3lowA_3m1bF,ShallowMsa_000,CCMpred,0.0,0.0,0.0,0.0,0.0,0.0,1,0,0,0.0,Amb,0.0,Amb,0.0,0.0,0.0,t_recall,,,,
3lowA_3m1bF,ShallowMsa_001,CCMpred,0.0,0.0,0.0,0.0,0.0,0.0,1,0,0,0.0,Amb,0.0,Amb,0.0,0.0,0.0,t_recall,,,,
3lowA_3m1bF,ShallowMsa_002,CCMpred,0.0,0.0,0.0,0.0,0.0,0.0,1,0,0,0.0,Amb,0.0,Amb,0.0,0.0,0.0,t_recall,,,,
3lowA_3m1bF,ShallowMsa_003,CCMpred,0.0,0.0,0.0,0.0,0.0,0.0,1,0,0,0.0,Amb,0.0,Amb,0.0,0.0,0.0,t_recall,,,,
3lowA_3m1bF,ShallowMsa_004,CCMpred,0.0,0.0,0.0,0.0,0.0,0.0,1,0,0,0.0,Amb,0.0,Amb,0.0,0.0,0.0,t_recall,,,,
3lowA_3m1bF,ShallowMsa_005,CCMpred,0.0,0.0,0.0,0.0,0.0,0.0,1,0,0,0.0,Amb,0.0,Amb,0.0,0.0,0.0,t_recall,,,,
3lowA_3m1bF,ShallowMsa_006,CCMpred,0.0,0.0,0.0,0.0,0.0,0.0,1,0,0,0.0,Amb,0.0,Amb,0.0,0.0,0.0,t_recall,,,,
3lowA_3m1bF,ShallowMsa_007,CCMpred,0.0,0.0,0.0,0.0,0.0,0.0,1,0,0,0.0,Amb,0.0,Amb,0.0,0.0,0.0,t_recall,,,,
3lowA_3m1bF,ShallowMsa_008,CCMpred,0.0125,0.0046,0.0125,0.0046,0.0079,0.0079,1,1,0,1.0,Amb,0.0079,Amb,0.0,0.0125,0.0046,t_recall,,,,
3lowA_3m1bF,ShallowMsa_009,CCMpred,0.0,0.0,0.0,0.0,0.0,0.0,1,0,0,0.0,Amb,0.0,Amb,0.0,0.0,0.0,t_recall,,,,
3lowA_3m1bF,ShallowMsa_010,CCMpred,0.0,0.0,0.0,0.0,0.0,0.0,1,0,0,0.0,Amb,0.0,Amb,0.0,0.0,0.0,t_recall,,,,
3lowA_3m1bF,ShallowMsa_011,CCMpred,0.0,0.0,0.0,0.0,0.0,0.0,1,0,0,0.0,Amb,0.0,Amb,0.0,0.0,0.0,t_recall,,,,
3lowA_3m1bF,ShallowMsa_012,CCMpred,0.0,0.0,0.0,0.0,0.0,0.0,1,0,0,0.0,Amb,0.0,Amb,0.0,0.0,0.0,t_recall,,,,
3lowA_3m1bF,ShallowMsa_013,CCMpred,0.0,0.0,0.0,0.0,0.0,0.0,1,0,0,0.0,Amb,0.0,Amb,0.0,0.0,0.0,t_recall,,,,
3lowA_3m1bF,ShallowMsa_014,CCMpred,0.0,0.0,0.0,0.0,0.0,0.0,1,0,0,0.0,Amb,0.0,Amb,0.0,0.0,0.0,t_recall,,,,
3lowA_3m1bF,ShallowMsa_015,CCMpred,0.0,0.0,0.0,0.0,0.0,0.0,1,0,0,0.0,Amb,0.0,Amb,0.0,0.0,0.0,t_recall,,,,
3lowA_3m1bF,ShallowMsa_016,CCMpred,0.0,0.0,0.0,0.0,0.0,0.0,1,0,0,0.0,Amb,0.0,Amb,0.0,0.0,0.0,t_recall,,,,
3lowA_3m1bF,ShallowMsa_017,CCMpred,0.0,0.0,0.0,0.0,0.0,0.0,1,0,0,0.0,Amb,0.0,Amb,0.0,0.0,0.0,t_recall,,,,
3lowA_3m1bF,ShallowMsa_018,CCMpred,0.0,0.0,0.0,0.0,0.0,0.0,1,0,0,0.0,Amb,0.0,Amb,0.0,0.0,0.0,t_recall,,,,
3lowA_3m1bF,ShallowMsa_019,CCMpred,0.0,0.0,0.0,0.0,0.0,0.0,1,0,0,0.0,Amb,0.0,Amb,0.0,0.0,0.0,t_recall,,,,
3lowA_3m1bF,ShallowMsa_000,DDG,-13.5203,-21.0431,-13.5203,-21.0431,7.5228,7.5228,10,10,0,1.0,F1,-0.5848,Amb,8.1076,,,ddg_kcal_per_mol(delta=1.0),7.5228,3.4855,13.5203,21.0431
3lowA_3m1bF,ShallowMsa_001,DDG,-13.7714,-22.1426,-13.7714,-22.1426,8.3712,8.3712,10,10,0,1.0,F1,0.2636,Amb,8.1076,,,ddg_kcal_per_mol(delta=1.0),8.3712,3.6153,13.7714,22.1426
3lowA_3m1bF,ShallowMsa_002,DDG,-12.1992,-19.6159,-12.1992,-19.6159,7.4167,7.4167,10,10,0,1.0,F1,-0.6909,Amb,8.1076,,,ddg_kcal_per_mol(delta=1.0),7.4167,4.7578,12.1992,19.6159
3lowA_3m1bF,ShallowMsa_003,DDG,-12.7092,-20.0809,-12.7092,-20.0809,7.3718,7.3718,10,10,0,1.0,F1,-0.7358,Amb,8.1076,,,ddg_kcal_per_mol(delta=1.0),7.3718,2.751,12.7092,20.0809
3lowA_3m1bF,ShallowMsa_004,DDG,-15.1181,-24.6572,-15.1181,-24.6572,9.5392,9.5392,10,10,0,1.0,F1,1.4315,F1,8.1076,,,ddg_kcal_per_mol(delta=1.0),9.5392,2.8471,15.1181,24.6572
3lowA_3m1bF,ShallowMsa_005,DDG,-13.7405,-21.75,-13.7405,-21.75,8.0095,8.0095,10,10,0,1.0,F1,-0.0982,Amb,8.1076,,,ddg_kcal_per_mol(delta=1.0),8.0095,2.2514,13.7405,21.75
3lowA_3m1bF,ShallowMsa_006,DDG,-16.4699,-22.6676,-16.4699,-22.6676,6.1977,6.1977,10,10,0,1.0,F1,-1.9099,F2,8.1076,,,ddg_kcal_per_mol(delta=1.0),6.1977,2.5726,16.4699,22.6676
3lowA_3m1bF,ShallowMsa_007,DDG,-16.6679,-24.6205,-16.6679,-24.6205,7.9526,7.9526,10,10,0,1.0,F1,-0.155,Amb,8.1076,,,ddg_kcal_per_mol(delta=1.0),7.9526,2.4275,16.6679,24.6205
3lowA_3m1bF,ShallowMsa_008,DDG,-13.324,-21.5299,-13.324,-21.5299,8.2058,8.2058,10,10,0,1.0,F1,0.0982,Amb,8.1076,,,ddg_kcal_per_mol(delta=1.0),8.2058,2.8343,13.324,21.5299
3lowA_3m1bF,ShallowMsa_009,DDG,-10.6064,-19.4093,-10.6064,-19.4093,8.8029,8.8029,10,9,1,0.9,F1,0.6952,Amb,8.1076,,,ddg_kcal_per_mol(delta=1.0),8.8029,6.0302,10.6064,19.4093
3lowA_3m1bF,ShallowMsa_010,DDG,-16.4355,-25.5864,-16.4355,-25.5864,9.151,9.151,10,10,0,1.0,F1,1.0434,F1,8.1076,,,ddg_kcal_per_mol(delta=1.0),9.151,4.5397,16.4355,25.5864
3lowA_3m1bF,ShallowMsa_011,DDG,-12.5347,-22.5431,-12.5347,-22.5431,10.0084,10.0084,10,10,0,1.0,F1,1.9008,F1,8.1076,,,ddg_kcal_per_mol(delta=1.0),10.0084,2.7513,12.5347,22.5431
3lowA_3m1bF,ShallowMsa_012,DDG,-14.2625,-22.7029,-14.2625,-22.7029,8.4405,8.4405,10,10,0,1.0,F1,0.3329,Amb,8.1076,,,ddg_kcal_per_mol(delta=1.0),8.4405,4.2609,14.2625,22.7029
3lowA_3m1bF,ShallowMsa_013,DDG,-12.079,-19.5569,-12.079,-19.5569,7.4779,7.4779,10,10,0,1.0,F1,-0.6297,Amb,8.1076,,,ddg_kcal_per_mol(delta=1.0),7.4779,4.0523,12.079,19.5569
3lowA_3m1bF,ShallowMsa_014,DDG,-12.8961,-19.781,-12.8961,-19.781,6.8849,6.8849,10,10,0,1.0,F1,-1.2227,F2,8.1076,,,ddg_kcal_per_mol(delta=1.0),6.8849,3.2736,12.8961,19.781
3lowA_3m1bF,ShallowMsa_015,DDG,-12.9667,-19.2254,-12.9667,-19.2254,6.2587,6.2587,10,10,0,1.0,F1,-1.8489,F2,8.1076,,,ddg_kcal_per_mol(delta=1.0),6.2587,3.0871,12.9667,19.2254
3lowA_3m1bF,ShallowMsa_016,DDG,-14.3122,-22.6724,-14.3122,-22.6724,8.3602,8.3602,10,10,0,1.0,F1,0.2526,Amb,8.1076,,,ddg_kcal_per_mol(delta=1.0),8.3602,1.7522,14.3122,22.6724
3lowA_3m1bF,ShallowMsa_017,DDG,-17.1542,-27.4197,-17.1542,-27.4197,10.2655,10.2655,10,10,0,1.0,F1,2.1578,F1,8.1076,,,ddg_kcal_per_mol(delta=1.0),10.2655,2.376,17.1542,27.4197
3lowA_3m1bF,ShallowMsa_018,DDG,-15.3011,-22.69,-15.3011,-22.69,7.3889,7.3889,10,10,0,1.0,F1,-0.7188,Amb,8.1076,,,ddg_kcal_per_mol(delta=1.0),7.3889,2.4229,15.3011,22.69
3lowA_3m1bF,ShallowMsa_019,DDG,-16.7217,-26.3559,-16.7217,-26.3559,9.6341,9.6341,10,10,0,1.0,F1,1.5265,F1,8.1076,,,ddg_kcal_per_mol(delta=1.0),9.6341,2.4089,16.7217,26.3559
3lowA_3m1bF,ShallowMsa_000,Boltz2,0.4919,0.8545,0.4919,0.8545,-0.3626,-0.3626,1,0,1,0.0,F2,-0.08,F2,-0.2826,,,,,,,
3lowA_3m1bF,ShallowMsa_001,Boltz2,0.4899,0.8206,0.4899,0.8206,-0.3307,-0.3307,1,0,1,0.0,F2,-0.0481,Amb,-0.2826,,,,,,,
3lowA_3m1bF,ShallowMsa_002,Boltz2,0.5416,0.7498,0.5416,0.7498,-0.2082,-0.2082,1,0,1,0.0,F2,0.0744,F1,-0.2826,,,,,,,
3lowA_3m1bF,ShallowMsa_003,Boltz2,0.5186,0.7914,0.5186,0.7914,-0.2728,-0.2728,1,0,1,0.0,F2,0.0098,Amb,-0.2826,,,,,,,
3lowA_3m1bF,ShallowMsa_004,Boltz2,0.5414,0.7998,0.5414,0.7998,-0.2584,-0.2584,1,0,1,0.0,F2,0.0242,Amb,-0.2826,,,,,,,
3lowA_3m1bF,ShallowMsa_005,Boltz2,0.4963,0.7823,0.4963,0.7823,-0.286,-0.286,1,0,1,0.0,F2,-0.0034,Amb,-0.2826,,,,,,,
3lowA_3m1bF,ShallowMsa_006,Boltz2,0.4938,0.8088,0.4938,0.8088,-0.315,-0.315,1,0,1,0.0,F2,-0.0324,Amb,-0.2826,,,,,,,
3lowA_3m1bF,ShallowMsa_007,Boltz2,0.4978,0.7948,0.4978,0.7948,-0.297,-0.297,1,0,1,0.0,F2,-0.0144,Amb,-0.2826,,,,,,,
3lowA_3m1bF,ShallowMsa_008,Boltz2,0.4939,0.7983,0.4939,0.7983,-0.3044,-0.3044,1,0,1,0.0,F2,-0.0218,Amb,-0.2826,,,,,,,
3lowA_3m1bF,ShallowMsa_009,Boltz2,0.5588,0.7901,0.5588,0.7901,-0.2313,-0.2313,1,0,1,0.0,F2,0.0513,F1,-0.2826,,,,,,,
3lowA_3m1bF,ShallowMsa_010,Boltz2,0.5002,0.8158,0.5002,0.8158,-0.3156,-0.3156,1,0,1,0.0,F2,-0.033,Amb,-0.2826,,,,,,,
3lowA_3m1bF,ShallowMsa_011,Boltz2,0.5304,0.8095,0.5304,0.8095,-0.2791,-0.2791,1,0,1,0.0,F2,0.0035,Amb,-0.2826,,,,,,,
3lowA_3m1bF,ShallowMsa_012,Boltz2,0.4787,0.8235,0.4787,0.8235,-0.3448,-0.3448,1,0,1,0.0,F2,-0.0622,F2,-0.2826,,,,,,,
3lowA_3m1bF,ShallowMsa_013,Boltz2,0.5465,0.7899,0.5465,0.7899,-0.2434,-0.2434,1,0,1,0.0,F2,0.0392,Amb,-0.2826,,,,,,,
3lowA_3m1bF,ShallowMsa_014,Boltz2,0.534,0.8061,0.534,0.8061,-0.2721,-0.2721,1,0,1,0.0,F2,0.0105,Amb,-0.2826,,,,,,,
3lowA_3m1bF,ShallowMsa_015,Boltz2,0.5447,0.8098,0.5447,0.8098,-0.2651,-0.2651,1,0,1,0.0,F2,0.0175,Amb,-0.2826,,,,,,,
3lowA_3m1bF,ShallowMsa_016,Boltz2,0.5157,0.7857,0.5157,0.7857,-0.27,-0.27,1,0,1,0.0,F2,0.0126,Amb,-0.2826,,,,,,,
3lowA_3m1bF,ShallowMsa_017,Boltz2,0.5064,0.7857,0.5064,0.7857,-0.2792,-0.2792,1,0,1,0.0,F2,0.0034,Amb,-0.2826,,,,,,,
3lowA_3m1bF,ShallowMsa_018,Boltz2,0.4866,0.8056,0.4866,0.8056,-0.319,-0.319,1,0,1,0.0,F2,-0.0364,Amb,-0.2826,,,,,,,
3lowA_3m1bF,ShallowMsa_019,Boltz2,0.4981,0.7985,0.4981,0.7985,-0.3004,-0.3004,1,0,1,0.0,F2,-0.0178,Amb,-0.2826,,,,,,,
3lqcA_1xntA,DeepMsa,AF2,0.7797,0.8845,0.7776,0.8834,-0.1049,-0.1058,2,0,2,0.0,F2,-0.1049,F2,-0.1001,,,,,,,
3lqcA_1xntA,ShallowMsa_000,AF2,0.7411,0.7543,0.7411,0.7543,-0.0132,-0.0132,2,0,2,0.0,Amb,0.0869,F1,-0.1001,,,,,,,
3lqcA_1xntA,ShallowMsa_001,AF2,0.6305,0.7315,0.59,0.6882,-0.101,-0.0982,2,0,2,0.0,F2,-0.0009,Amb,-0.1001,,,,,,,
3lqcA_1xntA,ShallowMsa_002,AF2,0.6802,0.6279,0.6772,0.6273,0.0522,0.0499,2,2,0,1.0,F1,0.1523,F1,-0.1001,,,,,,,
3lqcA_1xntA,ShallowMsa_003,AF2,0.6301,0.7301,0.5898,0.6859,-0.1001,-0.0961,2,0,2,0.0,F2,0.0,Amb,-0.1001,,,,,,,
3lqcA_1xntA,ShallowMsa_004,AF2,0.6802,0.6273,0.6773,0.6269,0.0529,0.0504,2,2,0,1.0,F1,0.153,F1,-0.1001,,,,,,,
3lqcA_1xntA,ShallowMsa_005,AF2,0.7355,0.7982,0.7336,0.7973,-0.0627,-0.0638,2,0,2,0.0,F2,0.0374,Amb,-0.1001,,,,,,,
3lqcA_1xntA,ShallowMsa_006,AF2,0.6884,0.8235,0.6826,0.8211,-0.1351,-0.1385,2,0,2,0.0,F2,-0.035,Amb,-0.1001,,,,,,,
3lqcA_1xntA,ShallowMsa_007,AF2,0.418,0.5639,0.4177,0.5637,-0.1459,-0.146,2,0,2,0.0,F2,-0.0458,Amb,-0.1001,,,,,,,
3lqcA_1xntA,ShallowMsa_008,AF2,0.7485,0.8489,0.7462,0.8445,-0.1003,-0.0983,2,0,2,0.0,F2,-0.0002,Amb,-0.1001,,,,,,,
3lqcA_1xntA,ShallowMsa_009,AF2,0.7497,0.8481,0.7436,0.8461,-0.0984,-0.1025,2,0,2,0.0,F2,0.0017,Amb,-0.1001,,,,,,,
3lqcA_1xntA,ShallowMsa_010,AF2,0.7577,0.8655,0.7565,0.8632,-0.1078,-0.1067,2,0,2,0.0,F2,-0.0077,Amb,-0.1001,,,,,,,
3lqcA_1xntA,DeepMsa,AF3,0.7814,0.8876,0.7724,0.8872,-0.1062,-0.1148,2,0,2,0.0,F2,-0.1062,F2,-0.1034,,,,,,,
3lqcA_1xntA,ShallowMsa_000,AF3,0.7727,0.7118,0.7727,0.7118,0.0609,0.0609,2,2,0,1.0,F1,0.1643,F1,-0.1034,,,,,,,
3lqcA_1xntA,ShallowMsa_001,AF3,0.6477,0.787,0.6471,0.7811,-0.1393,-0.134,2,0,2,0.0,F2,-0.0359,Amb,-0.1034,,,,,,,
3lqcA_1xntA,ShallowMsa_002,AF3,0.6755,0.6285,0.6732,0.6284,0.047,0.0448,2,2,0,1.0,Amb,0.1504,F1,-0.1034,,,,,,,
3lqcA_1xntA,ShallowMsa_003,AF3,0.6474,0.788,0.6474,0.7825,-0.1406,-0.1351,2,0,2,0.0,F2,-0.0372,Amb,-0.1034,,,,,,,
3lqcA_1xntA,ShallowMsa_004,AF3,0.6755,0.6287,0.6732,0.6285,0.0468,0.0446,2,2,0,1.0,Amb,0.1502,F1,-0.1034,,,,,,,
3lqcA_1xntA,ShallowMsa_005,AF3,0.7316,0.7918,0.7292,0.7913,-0.0602,-0.0621,2,0,2,0.0,F2,0.0432,Amb,-0.1034,,,,,,,
3lqcA_1xntA,ShallowMsa_006,AF3,0.6193,0.7596,0.6177,0.756,-0.1403,-0.1383,2,0,2,0.0,F2,-0.0369,Amb,-0.1034,,,,,,,
3lqcA_1xntA,ShallowMsa_007,AF3,0.3833,0.5285,0.3831,0.5256,-0.1453,-0.1425,2,0,2,0.0,F2,-0.0419,Amb,-0.1034,,,,,,,
3lqcA_1xntA,ShallowMsa_008,AF3,0.7442,0.8553,0.7421,0.8497,-0.111,-0.1076,2,0,2,0.0,F2,-0.0076,Amb,-0.1034,,,,,,,
3lqcA_1xntA,ShallowMsa_009,AF3,0.7603,0.8568,0.7512,0.8474,-0.0965,-0.0962,2,0,2,0.0,F2,0.0069,Amb,-0.1034,,,,,,,
3lqcA_1xntA,ShallowMsa_010,AF3,0.7558,0.8592,0.7534,0.8577,-0.1034,-0.1043,2,0,2,0.0,F2,0.0,Amb,-0.1034,,,,,,,
3lqcA_1xntA,ShallowMsa_000,ESM,0.7413,0.8347,0.5504,0.6074,-0.0934,-0.057,20,3,17,0.15,F2,0.0147,Amb,-0.1081,,,,,,,
3lqcA_1xntA,ShallowMsa_001,ESM,0.7443,0.8645,0.7052,0.8068,-0.1201,-0.1016,20,0,20,0.0,F2,-0.012,Amb,-0.1081,,,,,,,
3lqcA_1xntA,ShallowMsa_002,ESM,0.7198,0.7033,0.5213,0.5089,0.0166,0.0124,20,15,5,0.75,Amb,0.1247,F1,-0.1081,,,,,,,
3lqcA_1xntA,ShallowMsa_003,ESM,0.7443,0.8645,0.7052,0.8068,-0.1201,-0.1016,20,0,20,0.0,F2,-0.012,Amb,-0.1081,,,,,,,
3lqcA_1xntA,ShallowMsa_004,ESM,0.7198,0.7033,0.5213,0.5089,0.0166,0.0124,20,15,5,0.75,Amb,0.1247,F1,-0.1081,,,,,,,
3lqcA_1xntA,ShallowMsa_005,ESM,0.75,0.8566,0.6633,0.7396,-0.1065,-0.0763,20,4,16,0.2,F2,0.0016,Amb,-0.1081,,,,,,,
3lqcA_1xntA,ShallowMsa_006,ESM,0.7634,0.8793,0.7262,0.8304,-0.1159,-0.1042,20,0,20,0.0,F2,-0.0078,Amb,-0.1081,,,,,,,
3lqcA_1xntA,ShallowMsa_007,ESM,0.7444,0.8031,0.4529,0.5272,-0.0587,-0.0742,20,2,18,0.1,F2,0.0494,Amb,-0.1081,,,,,,,
3lqcA_1xntA,ShallowMsa_008,ESM,0.7624,0.8744,0.6406,0.763,-0.112,-0.1224,20,0,20,0.0,F2,-0.0039,Amb,-0.1081,,,,,,,
3lqcA_1xntA,ShallowMsa_009,ESM,0.7595,0.8648,0.6434,0.7387,-0.1053,-0.0953,20,2,18,0.1,F2,0.0028,Amb,-0.1081,,,,,,,
3lqcA_1xntA,ShallowMsa_010,ESM,0.7363,0.8627,0.5724,0.6567,-0.1264,-0.0843,20,4,16,0.2,F2,-0.0183,Amb,-0.1081,,,,,,,
3lqcA_1xntA,ShallowMsa_011,ESM,0.7633,0.8791,0.7262,0.8307,-0.1158,-0.1045,10,0,10,0.0,F2,-0.0077,Amb,-0.1081,,,,,,,
3lqcA_1xntA,ShallowMsa_012,ESM,0.7685,0.8673,0.6951,0.7757,-0.0988,-0.0805,10,1,9,0.1,F2,0.0093,Amb,-0.1081,,,,,,,
3lqcA_1xntA,ShallowMsa_013,ESM,0.7513,0.8612,0.5848,0.6699,-0.1098,-0.0851,10,1,9,0.1,F2,-0.0016,Amb,-0.1081,,,,,,,
3lqcA_1xntA,ShallowMsa_014,ESM,0.7595,0.8648,0.6429,0.738,-0.1053,-0.0951,10,1,9,0.1,F2,0.0028,Amb,-0.1081,,,,,,,
3lqcA_1xntA,ShallowMsa_015,ESM,0.7362,0.8627,0.5726,0.6566,-0.1265,-0.084,10,2,8,0.2,F2,-0.0184,Amb,-0.1081,,,,,,,
3lqcA_1xntA,DeepMsa,MSAT,0.1095,0.1262,0.1095,0.1262,-0.0167,-0.0167,1,0,1,0.0,Amb,-0.0167,Amb,0.0,0.1095,0.1262,t_recall,,,,
3lqcA_1xntA,ShallowMsa_000,MSAT,0.0125,0.0159,0.0125,0.0159,-0.0034,-0.0034,1,0,1,0.0,Amb,-0.0034,Amb,0.0,0.0125,0.0159,t_recall,,,,
3lqcA_1xntA,ShallowMsa_001,MSAT,0.0,0.0,0.0,0.0,0.0,0.0,1,0,0,0.0,Amb,0.0,Amb,0.0,0.0,0.0,t_recall,,,,
3lqcA_1xntA,ShallowMsa_002,MSAT,0.0,0.0,0.0,0.0,0.0,0.0,1,0,0,0.0,Amb,0.0,Amb,0.0,0.0,0.0,t_recall,,,,
3lqcA_1xntA,ShallowMsa_003,MSAT,0.1003,0.0806,0.1003,0.0806,0.0197,0.0197,1,1,0,1.0,Amb,0.0197,Amb,0.0,0.1003,0.0806,t_recall,,,,
3lqcA_1xntA,ShallowMsa_004,MSAT,0.0,0.0,0.0,0.0,0.0,0.0,1,0,0,0.0,Amb,0.0,Amb,0.0,0.0,0.0,t_recall,,,,
3lqcA_1xntA,ShallowMsa_005,MSAT,0.003,0.0051,0.003,0.0051,-0.0021,-0.0021,1,0,1,0.0,Amb,-0.0021,Amb,0.0,0.003,0.0051,t_recall,,,,
3lqcA_1xntA,ShallowMsa_006,MSAT,0.0,0.0,0.0,0.0,0.0,0.0,1,0,0,0.0,Amb,0.0,Amb,0.0,0.0,0.0,t_recall,,,,
3lqcA_1xntA,ShallowMsa_007,MSAT,0.0031,0.0,0.0031,0.0,0.0031,0.0031,1,1,0,1.0,Amb,0.0031,Amb,0.0,0.0031,0.0,t_recall,,,,
3lqcA_1xntA,ShallowMsa_008,MSAT,0.0,0.0,0.0,0.0,0.0,0.0,1,0,0,0.0,Amb,0.0,Amb,0.0,0.0,0.0,t_recall,,,,
3lqcA_1xntA,ShallowMsa_009,MSAT,0.0031,0.0026,0.0031,0.0026,0.0005,0.0005,1,1,0,1.0,Amb,0.0005,Amb,0.0,0.0031,0.0026,t_recall,,,,
3lqcA_1xntA,ShallowMsa_010,MSAT,0.0308,0.0439,0.0308,0.0439,-0.0131,-0.0131,1,0,1,0.0,Amb,-0.0131,Amb,0.0,0.0308,0.0439,t_recall,,,,
3lqcA_1xntA,DeepMsa,CCMpred,0.0,0.0025,0.0,0.0025,-0.0025,-0.0025,1,0,1,0.0,Amb,-0.0025,Amb,0.0,0.0,0.0025,t_recall,,,,
3lqcA_1xntA,ShallowMsa_000,CCMpred,0.0,0.0,0.0,0.0,0.0,0.0,1,0,0,0.0,Amb,0.0,Amb,0.0,0.0,0.0,t_recall,,,,
3lqcA_1xntA,ShallowMsa_001,CCMpred,0.0,0.0,0.0,0.0,0.0,0.0,1,0,0,0.0,Amb,0.0,Amb,0.0,0.0,0.0,t_recall,,,,
3lqcA_1xntA,ShallowMsa_002,CCMpred,0.0,0.0,0.0,0.0,0.0,0.0,1,0,0,0.0,Amb,0.0,Amb,0.0,0.0,0.0,t_recall,,,,
3lqcA_1xntA,ShallowMsa_003,CCMpred,0.0,0.0,0.0,0.0,0.0,0.0,1,0,0,0.0,Amb,0.0,Amb,0.0,0.0,0.0,t_recall,,,,
3lqcA_1xntA,ShallowMsa_004,CCMpred,0.0,0.0,0.0,0.0,0.0,0.0,1,0,0,0.0,Amb,0.0,Amb,0.0,0.0,0.0,t_recall,,,,
3lqcA_1xntA,ShallowMsa_005,CCMpred,0.0,0.0,0.0,0.0,0.0,0.0,1,0,0,0.0,Amb,0.0,Amb,0.0,0.0,0.0,t_recall,,,,
3lqcA_1xntA,ShallowMsa_006,CCMpred,0.0,0.0,0.0,0.0,0.0,0.0,1,0,0,0.0,Amb,0.0,Amb,0.0,0.0,0.0,t_recall,,,,
3lqcA_1xntA,ShallowMsa_007,CCMpred,0.0,0.0,0.0,0.0,0.0,0.0,1,0,0,0.0,Amb,0.0,Amb,0.0,0.0,0.0,t_recall,,,,
3lqcA_1xntA,ShallowMsa_008,CCMpred,0.0,0.0,0.0,0.0,0.0,0.0,1,0,0,0.0,Amb,0.0,Amb,0.0,0.0,0.0,t_recall,,,,
3lqcA_1xntA,ShallowMsa_009,CCMpred,0.0,0.0,0.0,0.0,0.0,0.0,1,0,0,0.0,Amb,0.0,Amb,0.0,0.0,0.0,t_recall,,,,
3lqcA_1xntA,ShallowMsa_010,CCMpred,0.0,0.0,0.0,0.0,0.0,0.0,1,0,0,0.0,Amb,0.0,Amb,0.0,0.0,0.0,t_recall,,,,
3lqcA_1xntA,ShallowMsa_000,DDG,-39.2531,-25.4596,-39.2531,-25.4596,-13.7935,-13.7935,10,0,10,0.0,F2,-0.3405,Amb,-13.453,,,ddg_kcal_per_mol(delta=1.0),-13.7935,5.4665,39.2531,25.4596
3lqcA_1xntA,ShallowMsa_001,DDG,-49.8656,-29.213,-49.8656,-29.213,-20.6527,-20.6527,10,0,10,0.0,F2,-7.1997,F2,-13.453,,,ddg_kcal_per_mol(delta=1.0),-20.6527,2.3998,49.8656,29.213
3lqcA_1xntA,ShallowMsa_002,DDG,-21.4665,-13.4169,-21.4665,-13.4169,-8.0496,-8.0496,10,1,9,0.1,F2,5.4034,F1,-13.453,,,ddg_kcal_per_mol(delta=1.0),-8.0496,5.2167,21.4665,13.4169
3lqcA_1xntA,ShallowMsa_003,DDG,-48.1118,-31.763,-48.1118,-31.763,-16.3488,-16.3488,10,0,10,0.0,F2,-2.8958,F2,-13.453,,,ddg_kcal_per_mol(delta=1.0),-16.3488,5.5954,48.1118,31.763
3lqcA_1xntA,ShallowMsa_004,DDG,-35.1532,-21.7002,-35.1532,-21.7002,-13.453,-13.453,10,0,10,0.0,F2,0.0,Amb,-13.453,,,ddg_kcal_per_mol(delta=1.0),-13.453,4.9351,35.1532,21.7002
3lqcA_1xntA,ShallowMsa_005,DDG,-28.32,-16.1806,-28.32,-16.1806,-12.1393,-12.1393,10,1,9,0.1,F2,1.3137,F1,-13.453,,,ddg_kcal_per_mol(delta=1.0),-12.1393,5.4143,28.32,16.1806
3lqcA_1xntA,ShallowMsa_006,DDG,-26.6102,-13.8714,-26.6102,-13.8714,-12.7388,-12.7388,10,0,10,0.0,F2,0.7142,Amb,-13.453,,,ddg_kcal_per_mol(delta=1.0),-12.7388,4.0031,26.6102,13.8714
3lqcA_1xntA,ShallowMsa_007,DDG,-33.9677,-21.8188,-33.9677,-21.8188,-12.1489,-12.1489,10,0,10,0.0,F2,1.3041,F1,-13.453,,,ddg_kcal_per_mol(delta=1.0),-12.1489,5.048,33.9677,21.8188
3lqcA_1xntA,ShallowMsa_008,DDG,-41.9517,-24.7254,-41.9517,-24.7254,-17.2262,-17.2262,10,0,10,0.0,F2,-3.7732,F2,-13.453,,,ddg_kcal_per_mol(delta=1.0),-17.2262,5.4802,41.9517,24.7254
3lqcA_1xntA,ShallowMsa_009,DDG,-31.0484,-18.3929,-31.0484,-18.3929,-12.6556,-12.6556,10,0,10,0.0,F2,0.7974,Amb,-13.453,,,ddg_kcal_per_mol(delta=1.0),-12.6556,3.603,31.0484,18.3929
3lqcA_1xntA,ShallowMsa_010,DDG,-39.5844,-23.0373,-39.5844,-23.0373,-16.5472,-16.5472,10,0,10,0.0,F2,-3.0942,F2,-13.453,,,ddg_kcal_per_mol(delta=1.0),-16.5472,6.6955,39.5844,23.0373
3lqcA_1xntA,ShallowMsa_001,Boltz2,0.5378,0.6319,0.5378,0.6319,-0.0941,-0.0941,1,0,1,0.0,F2,-0.047,Amb,-0.0471,,,,,,,
3lqcA_1xntA,ShallowMsa_003,Boltz2,0.683,0.7301,0.683,0.7301,-0.0471,-0.0471,1,0,1,0.0,Amb,0.0,Amb,-0.0471,,,,,,,
3lqcA_1xntA,ShallowMsa_004,Boltz2,0.4723,0.543,0.4723,0.543,-0.0707,-0.0707,1,0,1,0.0,F2,-0.0236,Amb,-0.0471,,,,,,,
3lqcA_1xntA,ShallowMsa_005,Boltz2,0.4127,0.4523,0.4127,0.4523,-0.0396,-0.0396,1,0,1,0.0,Amb,0.0075,Amb,-0.0471,,,,,,,
3lqcA_1xntA,ShallowMsa_006,Boltz2,0.3803,0.3529,0.3803,0.3529,0.0274,0.0274,1,1,0,1.0,Amb,0.0745,F1,-0.0471,,,,,,,
3lqcA_1xntA,ShallowMsa_007,Boltz2,0.4822,0.584,0.4822,0.584,-0.1018,-0.1018,1,0,1,0.0,F2,-0.0547,F2,-0.0471,,,,,,,
3lqcA_1xntA,ShallowMsa_008,Boltz2,0.5599,0.6564,0.5599,0.6564,-0.0965,-0.0965,1,0,1,0.0,F2,-0.0494,Amb,-0.0471,,,,,,,
3lqcA_1xntA,ShallowMsa_009,Boltz2,0.3805,0.3712,0.3805,0.3712,0.0093,0.0093,1,1,0,1.0,Amb,0.0564,F1,-0.0471,,,,,,,
3lqcA_1xntA,ShallowMsa_010,Boltz2,0.6239,0.6034,0.6239,0.6034,0.0205,0.0205,1,1,0,1.0,Amb,0.0676,F1,-0.0471,,,,,,,
3m7pA_3ejhA,DeepMsa,AF2,0.3788,0.9258,0.285,0.8787,-0.547,-0.5937,2,0,2,0.0,F2,-0.547,F2,-0.1651,,,,,,,
3m7pA_3ejhA,ShallowMsa_000,AF2,0.2783,0.3747,0.2086,0.3185,-0.0964,-0.1099,2,0,2,0.0,F2,0.0687,F1,-0.1651,,,,,,,
3m7pA_3ejhA,ShallowMsa_001,AF2,0.3752,0.7628,0.2647,0.6473,-0.3876,-0.3826,2,0,2,0.0,F2,-0.2225,F2,-0.1651,,,,,,,
3m7pA_3ejhA,ShallowMsa_002,AF2,0.3074,0.4893,0.2452,0.4772,-0.1819,-0.2319,2,0,2,0.0,F2,-0.0168,Amb,-0.1651,,,,,,,
3m7pA_3ejhA,ShallowMsa_003,AF2,0.1625,0.3276,0.1379,0.2899,-0.1651,-0.152,2,0,2,0.0,F2,0.0,Amb,-0.1651,,,,,,,
3m7pA_3ejhA,ShallowMsa_004,AF2,0.2548,0.3156,0.1922,0.2887,-0.0608,-0.0965,2,0,2,0.0,F2,0.1043,F1,-0.1651,,,,,,,
3m7pA_3ejhA,ShallowMsa_005,AF2,0.2719,0.2792,0.2064,0.2508,-0.0073,-0.0444,2,0,2,0.0,Amb,0.1578,F1,-0.1651,,,,,,,
3m7pA_3ejhA,ShallowMsa_006,AF2,0.3391,0.5135,0.2448,0.5063,-0.1744,-0.2615,2,0,2,0.0,F2,-0.0093,Amb,-0.1651,,,,,,,
3m7pA_3ejhA,DeepMsa,AF3,0.3787,0.7878,0.2661,0.6602,-0.4091,-0.3941,2,0,2,0.0,F2,-0.4091,F2,-0.1714,,,,,,,
3m7pA_3ejhA,ShallowMsa_000,AF3,0.3064,0.3412,0.2234,0.305,-0.0348,-0.0816,2,0,2,0.0,Amb,0.1366,F1,-0.1714,,,,,,,
3m7pA_3ejhA,ShallowMsa_001,AF3,0.3744,0.5484,0.2706,0.5402,-0.174,-0.2696,2,0,2,0.0,F2,-0.0026,Amb,-0.1714,,,,,,,
3m7pA_3ejhA,ShallowMsa_002,AF3,0.2489,0.6303,0.1956,0.5966,-0.3815,-0.401,2,0,2,0.0,F2,-0.2101,F2,-0.1714,,,,,,,
3m7pA_3ejhA,ShallowMsa_003,AF3,0.1753,0.3467,0.161,0.3214,-0.1714,-0.1604,2,0,2,0.0,F2,0.0,Amb,-0.1714,,,,,,,
3m7pA_3ejhA,ShallowMsa_004,AF3,0.2158,0.4699,0.1756,0.4024,-0.2541,-0.2269,2,0,2,0.0,F2,-0.0827,F2,-0.1714,,,,,,,
3m7pA_3ejhA,ShallowMsa_005,AF3,0.1999,0.3291,0.1805,0.2979,-0.1291,-0.1174,2,0,2,0.0,F2,0.0423,Amb,-0.1714,,,,,,,
3m7pA_3ejhA,ShallowMsa_006,AF3,0.3801,0.5017,0.2645,0.4907,-0.1216,-0.2262,2,0,2,0.0,F2,0.0498,Amb,-0.1714,,,,,,,
3m7pA_3ejhA,ShallowMsa_000,ESM,0.298,0.6343,0.2476,0.442,-0.3363,-0.1944,20,0,20,0.0,F2,0.0,Amb,-0.3363,,,,,,,
3m7pA_3ejhA,ShallowMsa_001,ESM,0.4001,0.853,0.269,0.5742,-0.4529,-0.3052,20,0,20,0.0,F2,-0.1166,F2,-0.3363,,,,,,,
3m7pA_3ejhA,ShallowMsa_002,ESM,0.326,0.8811,0.2579,0.4688,-0.5551,-0.2109,20,0,20,0.0,F2,-0.2188,F2,-0.3363,,,,,,,
3m7pA_3ejhA,ShallowMsa_003,ESM,0.317,0.5013,0.2387,0.3256,-0.1844,-0.0869,20,4,16,0.2,F2,0.1519,F1,-0.3363,,,,,,,
3m7pA_3ejhA,ShallowMsa_004,ESM,0.2827,0.4704,0.2407,0.3431,-0.1877,-0.1024,20,0,20,0.0,F2,0.1486,F1,-0.3363,,,,,,,
3m7pA_3ejhA,ShallowMsa_005,ESM,0.2776,0.4628,0.2319,0.3139,-0.1852,-0.082,20,2,18,0.1,F2,0.1511,F1,-0.3363,,,,,,,
3m7pA_3ejhA,ShallowMsa_006,ESM,0.3679,0.7571,0.264,0.4964,-0.3891,-0.2324,20,2,18,0.1,F2,-0.0528,F2,-0.3363,,,,,,,
3m7pA_3ejhA,DeepMsa,MSAT,0.0745,0.0414,0.0745,0.0414,0.0331,0.0331,1,1,0,1.0,Amb,0.0331,Amb,0.0631,0.0745,0.0414,t_recall,,,,
3m7pA_3ejhA,ShallowMsa_001,MSAT,0.096,0.0062,0.096,0.0062,0.0898,0.0898,1,1,0,1.0,F1,0.0267,Amb,0.0631,0.096,0.0062,t_recall,,,,
3m7pA_3ejhA,ShallowMsa_002,MSAT,0.0631,0.0,0.0631,0.0,0.0631,0.0631,1,1,0,1.0,F1,0.0,Amb,0.0631,0.0631,0.0,t_recall,,,,
3m7pA_3ejhA,ShallowMsa_006,MSAT,0.0113,0.0,0.0113,0.0,0.0113,0.0113,1,1,0,1.0,Amb,-0.0518,F2,0.0631,0.0113,0.0,t_recall,,,,
3m7pA_3ejhA,DeepMsa,CCMpred,0.0,0.0,0.0,0.0,0.0,0.0,1,0,0,0.0,Amb,0.0,Amb,0.0,0.0,0.0,t_recall,,,,
3m7pA_3ejhA,ShallowMsa_000,CCMpred,0.0,0.0,0.0,0.0,0.0,0.0,1,0,0,0.0,Amb,0.0,Amb,0.0,0.0,0.0,t_recall,,,,
3m7pA_3ejhA,ShallowMsa_001,CCMpred,0.0,0.0,0.0,0.0,0.0,0.0,1,0,0,0.0,Amb,0.0,Amb,0.0,0.0,0.0,t_recall,,,,
3m7pA_3ejhA,ShallowMsa_002,CCMpred,0.0,0.0,0.0,0.0,0.0,0.0,1,0,0,0.0,Amb,0.0,Amb,0.0,0.0,0.0,t_recall,,,,
3m7pA_3ejhA,ShallowMsa_003,CCMpred,0.0,0.0,0.0,0.0,0.0,0.0,1,0,0,0.0,Amb,0.0,Amb,0.0,0.0,0.0,t_recall,,,,
3m7pA_3ejhA,ShallowMsa_004,CCMpred,0.0,0.0,0.0,0.0,0.0,0.0,1,0,0,0.0,Amb,0.0,Amb,0.0,0.0,0.0,t_recall,,,,
3m7pA_3ejhA,ShallowMsa_005,CCMpred,0.0,0.0,0.0,0.0,0.0,0.0,1,0,0,0.0,Amb,0.0,Amb,0.0,0.0,0.0,t_recall,,,,
3m7pA_3ejhA,ShallowMsa_006,CCMpred,0.0,0.0,0.0,0.0,0.0,0.0,1,0,0,0.0,Amb,0.0,Amb,0.0,0.0,0.0,t_recall,,,,
3m7pA_3ejhA,ShallowMsa_000,DDG,-95.4997,-17.5046,-95.4997,-17.5046,-77.9951,-77.9951,10,0,10,0.0,F2,0.0,Amb,-77.9951,,,ddg_kcal_per_mol(delta=1.0),-77.9951,37.6859,95.4997,17.5046
3m7pA_3ejhA,ShallowMsa_001,DDG,-81.3045,-21.0793,-81.3045,-21.0793,-60.2253,-60.2253,10,0,10,0.0,F2,17.7698,F1,-77.9951,,,ddg_kcal_per_mol(delta=1.0),-60.2253,34.9969,81.3045,21.0793
3m7pA_3ejhA,ShallowMsa_002,DDG,-90.1482,-19.5961,-90.1482,-19.5961,-70.5521,-70.5521,10,0,10,0.0,F2,7.443,F1,-77.9951,,,ddg_kcal_per_mol(delta=1.0),-70.5521,32.6476,90.1482,19.5961
3m7pA_3ejhA,ShallowMsa_003,DDG,-89.4819,-4.3052,-89.4819,-4.3052,-85.1767,-85.1767,10,0,10,0.0,F2,-7.1816,F2,-77.9951,,,ddg_kcal_per_mol(delta=1.0),-85.1767,33.1456,89.4819,4.3052
3m7pA_3ejhA,ShallowMsa_004,DDG,-90.5558,-2.4228,-90.5558,-2.4228,-88.1331,-88.1331,10,0,10,0.0,F2,-10.138,F2,-77.9951,,,ddg_kcal_per_mol(delta=1.0),-88.1331,25.5158,90.5558,2.4228
3m7pA_3ejhA,ShallowMsa_005,DDG,-87.6334,-3.7396,-87.6334,-3.7396,-83.8937,-83.8937,10,0,10,0.0,F2,-5.8986,F2,-77.9951,,,ddg_kcal_per_mol(delta=1.0),-83.8937,31.7294,87.6334,3.7396
3m7pA_3ejhA,ShallowMsa_006,DDG,-70.4431,-16.7038,-70.4431,-16.7038,-53.7393,-53.7393,10,0,10,0.0,F2,24.2558,F1,-77.9951,,,ddg_kcal_per_mol(delta=1.0),-53.7393,38.288,70.4431,16.7038
3meeA_4b3oB,DeepMsa,AF2,0.6211,0.4851,0.5152,0.4417,0.136,0.0735,2,2,0,1.0,F1,0.136,F1,0.136,,,,,,,
3meeA_4b3oB,ShallowMsa_000,AF2,0.4685,0.4873,0.4635,0.4614,-0.0188,0.0021,2,1,1,0.5,Amb,-0.1548,F2,0.136,,,,,,,
3meeA_4b3oB,ShallowMsa_001,AF2,0.7966,0.4417,0.6193,0.4221,0.3549,0.1973,2,2,0,1.0,F1,0.2189,F1,0.136,,,,,,,
3meeA_4b3oB,ShallowMsa_002,AF2,0.6211,0.4851,0.5152,0.4417,0.136,0.0735,2,2,0,1.0,F1,0.0,Amb,0.136,,,,,,,
3meeA_4b3oB,ShallowMsa_003,AF2,0.6211,0.4851,0.5152,0.4417,0.136,0.0735,2,2,0,1.0,F1,0.0,Amb,0.136,,,,,,,
3meeA_4b3oB,ShallowMsa_004,AF2,0.6211,0.4851,0.5152,0.4417,0.136,0.0735,2,2,0,1.0,F1,0.0,Amb,0.136,,,,,,,
3meeA_4b3oB,ShallowMsa_005,AF2,0.6211,0.4851,0.5152,0.4417,0.136,0.0735,2,2,0,1.0,F1,0.0,Amb,0.136,,,,,,,
3meeA_4b3oB,ShallowMsa_006,AF2,0.6211,0.4851,0.5152,0.4417,0.136,0.0735,2,2,0,1.0,F1,0.0,Amb,0.136,,,,,,,
3meeA_4b3oB,ShallowMsa_007,AF2,0.6211,0.4851,0.5152,0.4417,0.136,0.0735,2,2,0,1.0,F1,0.0,Amb,0.136,,,,,,,
3meeA_4b3oB,ShallowMsa_008,AF2,0.6211,0.4851,0.5152,0.4417,0.136,0.0735,2,2,0,1.0,F1,0.0,Amb,0.136,,,,,,,
3meeA_4b3oB,ShallowMsa_009,AF2,0.6211,0.4851,0.5152,0.4417,0.136,0.0735,2,2,0,1.0,F1,0.0,Amb,0.136,,,,,,,
3meeA_4b3oB,DeepMsa,AF3,0.8234,0.4609,0.7417,0.4515,0.3626,0.2902,2,2,0,1.0,F1,0.3626,F1,0.3626,,,,,,,
3meeA_4b3oB,ShallowMsa_000,AF3,0.6959,0.4842,0.6597,0.4674,0.2117,0.1923,2,2,0,1.0,F1,-0.1509,F2,0.3626,,,,,,,
3meeA_4b3oB,ShallowMsa_001,AF3,0.806,0.459,0.7186,0.4471,0.347,0.2715,2,2,0,1.0,F1,-0.0156,Amb,0.3626,,,,,,,
3meeA_4b3oB,ShallowMsa_002,AF3,0.8234,0.4609,0.7421,0.4516,0.3626,0.2905,2,2,0,1.0,F1,0.0,Amb,0.3626,,,,,,,
3meeA_4b3oB,ShallowMsa_003,AF3,0.8234,0.4609,0.7421,0.4516,0.3626,0.2905,2,2,0,1.0,F1,0.0,Amb,0.3626,,,,,,,
3meeA_4b3oB,ShallowMsa_004,AF3,0.8234,0.4609,0.7421,0.4516,0.3626,0.2905,2,2,0,1.0,F1,0.0,Amb,0.3626,,,,,,,
3meeA_4b3oB,ShallowMsa_005,AF3,0.8234,0.4609,0.7421,0.4516,0.3626,0.2905,2,2,0,1.0,F1,0.0,Amb,0.3626,,,,,,,
3meeA_4b3oB,ShallowMsa_006,AF3,0.8234,0.4609,0.7421,0.4516,0.3626,0.2905,2,2,0,1.0,F1,0.0,Amb,0.3626,,,,,,,
3meeA_4b3oB,ShallowMsa_007,AF3,0.8234,0.4609,0.7421,0.4516,0.3626,0.2905,2,2,0,1.0,F1,0.0,Amb,0.3626,,,,,,,
3meeA_4b3oB,ShallowMsa_008,AF3,0.8234,0.4609,0.7417,0.4515,0.3626,0.2902,2,2,0,1.0,F1,0.0,Amb,0.3626,,,,,,,
3meeA_4b3oB,ShallowMsa_009,AF3,0.8234,0.4609,0.7421,0.4516,0.3626,0.2905,2,2,0,1.0,F1,0.0,Amb,0.3626,,,,,,,
3meeA_4b3oB,ShallowMsa_000,ESM,0.7035,0.5093,0.3762,0.3612,0.1942,0.015,20,6,14,0.3,Amb,-0.0023,Amb,0.1965,,,,,,,
3meeA_4b3oB,ShallowMsa_001,ESM,0.7628,0.517,0.4569,0.3907,0.2458,0.0662,20,14,6,0.7,F1,0.0493,Amb,0.1965,,,,,,,
3meeA_4b3oB,ShallowMsa_002,ESM,0.7075,0.4642,0.4329,0.3945,0.2432,0.0384,20,12,8,0.6,Amb,0.0467,Amb,0.1965,,,,,,,
3meeA_4b3oB,ShallowMsa_003,ESM,0.4169,0.4436,0.3127,0.359,-0.0267,-0.0462,20,0,20,0.0,Amb,-0.2232,F2,0.1965,,,,,,,
3meeA_4b3oB,ShallowMsa_004,ESM,0.7001,0.5134,0.5103,0.4297,0.1868,0.0806,20,14,6,0.7,F1,-0.0097,Amb,0.1965,,,,,,,
3meeA_4b3oB,ShallowMsa_005,ESM,0.7029,0.5156,0.4385,0.3893,0.1872,0.0492,20,12,8,0.6,Amb,-0.0093,Amb,0.1965,,,,,,,
3meeA_4b3oB,ShallowMsa_006,ESM,0.5626,0.448,0.4017,0.3715,0.1146,0.0302,20,14,6,0.7,Amb,-0.0819,F2,0.1965,,,,,,,
3meeA_4b3oB,ShallowMsa_007,ESM,0.7101,0.4996,0.4897,0.4125,0.2104,0.0773,20,12,8,0.6,F1,0.0139,Amb,0.1965,,,,,,,
3meeA_4b3oB,ShallowMsa_008,ESM,0.7121,0.5133,0.4885,0.4014,0.1988,0.0871,20,14,6,0.7,F1,0.0023,Amb,0.1965,,,,,,,
3meeA_4b3oB,ShallowMsa_009,ESM,0.7881,0.4917,0.461,0.3848,0.2964,0.0762,20,12,8,0.6,F1,0.0999,F1,0.1965,,,,,,,
3meeA_4b3oB,DeepMsa,MSAT,0.2093,0.1768,0.2093,0.1768,0.0325,0.0325,1,1,0,1.0,Amb,0.0325,Amb,-0.0012,0.2093,0.1768,t_recall,,,,
3meeA_4b3oB,ShallowMsa_000,MSAT,0.003,0.0034,0.003,0.0034,-0.0004,-0.0004,1,0,1,0.0,Amb,0.0008,Amb,-0.0012,0.003,0.0034,t_recall,,,,
3meeA_4b3oB,ShallowMsa_001,MSAT,0.062,0.0892,0.062,0.0892,-0.0272,-0.0272,1,0,1,0.0,Amb,-0.026,Amb,-0.0012,0.062,0.0892,t_recall,,,,
3meeA_4b3oB,ShallowMsa_002,MSAT,0.0,0.0017,0.0,0.0017,-0.0017,-0.0017,1,0,1,0.0,Amb,-0.0005,Amb,-0.0012,0.0,0.0017,t_recall,,,,
3meeA_4b3oB,ShallowMsa_003,MSAT,0.0,0.0,0.0,0.0,0.0,0.0,1,0,0,0.0,Amb,0.0012,Amb,-0.0012,0.0,0.0,t_recall,,,,
3meeA_4b3oB,ShallowMsa_004,MSAT,0.0081,0.0084,0.0081,0.0084,-0.0003,-0.0003,1,0,1,0.0,Amb,0.0009,Amb,-0.0012,0.0081,0.0084,t_recall,,,,
3meeA_4b3oB,ShallowMsa_005,MSAT,0.0813,0.1077,0.0813,0.1077,-0.0264,-0.0264,1,0,1,0.0,Amb,-0.0252,Amb,-0.0012,0.0813,0.1077,t_recall,,,,
3meeA_4b3oB,ShallowMsa_006,MSAT,0.0023,0.0034,0.0023,0.0034,-0.0011,-0.0011,1,0,1,0.0,Amb,0.0001,Amb,-0.0012,0.0023,0.0034,t_recall,,,,
3meeA_4b3oB,ShallowMsa_007,MSAT,0.0021,0.0,0.0021,0.0,0.0021,0.0021,1,1,0,1.0,Amb,0.0033,Amb,-0.0012,0.0021,0.0,t_recall,,,,
3meeA_4b3oB,ShallowMsa_008,MSAT,0.0457,0.064,0.0457,0.064,-0.0183,-0.0183,1,0,1,0.0,Amb,-0.0171,Amb,-0.0012,0.0457,0.064,t_recall,,,,
3meeA_4b3oB,ShallowMsa_009,MSAT,0.0071,0.0084,0.0071,0.0084,-0.0013,-0.0013,1,0,1,0.0,Amb,-0.0001,Amb,-0.0012,0.0071,0.0084,t_recall,,,,
3meeA_4b3oB,DeepMsa,CCMpred,0.0,0.0,0.0,0.0,0.0,0.0,1,0,0,0.0,Amb,0.0,Amb,0.0,0.0,0.0,t_recall,,,,
3meeA_4b3oB,ShallowMsa_000,CCMpred,0.0,0.0,0.0,0.0,0.0,0.0,1,0,0,0.0,Amb,0.0,Amb,0.0,0.0,0.0,t_recall,,,,
3meeA_4b3oB,ShallowMsa_001,CCMpred,0.0,0.0,0.0,0.0,0.0,0.0,1,0,0,0.0,Amb,0.0,Amb,0.0,0.0,0.0,t_recall,,,,
3meeA_4b3oB,ShallowMsa_002,CCMpred,0.0,0.0,0.0,0.0,0.0,0.0,1,0,0,0.0,Amb,0.0,Amb,0.0,0.0,0.0,t_recall,,,,
3meeA_4b3oB,ShallowMsa_003,CCMpred,0.0,0.0,0.0,0.0,0.0,0.0,1,0,0,0.0,Amb,0.0,Amb,0.0,0.0,0.0,t_recall,,,,
3meeA_4b3oB,ShallowMsa_004,CCMpred,0.0,0.0,0.0,0.0,0.0,0.0,1,0,0,0.0,Amb,0.0,Amb,0.0,0.0,0.0,t_recall,,,,
3meeA_4b3oB,ShallowMsa_005,CCMpred,0.0,0.0,0.0,0.0,0.0,0.0,1,0,0,0.0,Amb,0.0,Amb,0.0,0.0,0.0,t_recall,,,,
3meeA_4b3oB,ShallowMsa_006,CCMpred,0.0,0.0,0.0,0.0,0.0,0.0,1,0,0,0.0,Amb,0.0,Amb,0.0,0.0,0.0,t_recall,,,,
3meeA_4b3oB,ShallowMsa_007,CCMpred,0.0,0.0,0.0,0.0,0.0,0.0,1,0,0,0.0,Amb,0.0,Amb,0.0,0.0,0.0,t_recall,,,,
3meeA_4b3oB,ShallowMsa_008,CCMpred,0.0,0.0,0.0,0.0,0.0,0.0,1,0,0,0.0,Amb,0.0,Amb,0.0,0.0,0.0,t_recall,,,,
3meeA_4b3oB,ShallowMsa_009,CCMpred,0.0,0.0,0.0,0.0,0.0,0.0,1,0,0,0.0,Amb,0.0,Amb,0.0,0.0,0.0,t_recall,,,,
3meeA_4b3oB,ShallowMsa_000,DDG,-43.2641,-30.593,-43.2641,-30.593,-12.671,-12.671,10,0,10,0.0,F2,29.3006,F1,-41.9716,,,ddg_kcal_per_mol(delta=1.0),-12.671,7.5371,43.2641,30.593
3meeA_4b3oB,ShallowMsa_001,DDG,-78.6522,-53.3065,-78.6522,-53.3065,-25.3457,-25.3457,10,0,10,0.0,F2,16.6259,F1,-41.9716,,,ddg_kcal_per_mol(delta=1.0),-25.3457,14.7304,78.6522,53.3065
3meeA_4b3oB,ShallowMsa_002,DDG,-159.8733,-110.8215,-159.8733,-110.8215,-49.0517,-49.0517,10,0,10,0.0,F2,-7.0801,F2,-41.9716,,,ddg_kcal_per_mol(delta=1.0),-49.0517,25.2271,159.8733,110.8215
3meeA_4b3oB,ShallowMsa_003,DDG,-100.1218,-74.5843,-100.1218,-74.5843,-25.5375,-25.5375,10,0,10,0.0,F2,16.4341,F1,-41.9716,,,ddg_kcal_per_mol(delta=1.0),-25.5375,7.7113,100.1218,74.5843
3meeA_4b3oB,ShallowMsa_004,DDG,-135.9196,-82.0276,-135.9196,-82.0276,-53.892,-53.892,10,0,10,0.0,F2,-11.9204,F2,-41.9716,,,ddg_kcal_per_mol(delta=1.0),-53.892,44.6269,135.9196,82.0276
3meeA_4b3oB,ShallowMsa_005,DDG,-79.0683,-53.2882,-79.0683,-53.2882,-25.7801,-25.7801,10,0,10,0.0,F2,16.1915,F1,-41.9716,,,ddg_kcal_per_mol(delta=1.0),-25.7801,12.876,79.0683,53.2882
3meeA_4b3oB,ShallowMsa_006,DDG,-143.1355,-102.4645,-143.1355,-102.4645,-40.671,-40.671,10,0,10,0.0,F2,1.3006,F1,-41.9716,,,ddg_kcal_per_mol(delta=1.0),-40.671,21.3016,143.1355,102.4645
3meeA_4b3oB,ShallowMsa_007,DDG,-123.799,-75.6553,-123.799,-75.6553,-48.1437,-48.1437,10,0,10,0.0,F2,-6.1721,F2,-41.9716,,,ddg_kcal_per_mol(delta=1.0),-48.1437,33.1665,123.799,75.6553
3meeA_4b3oB,ShallowMsa_008,DDG,-107.3039,-64.0317,-107.3039,-64.0317,-43.2722,-43.2722,10,0,10,0.0,F2,-1.3006,F2,-41.9716,,,ddg_kcal_per_mol(delta=1.0),-43.2722,26.9538,107.3039,64.0317
3meeA_4b3oB,ShallowMsa_009,DDG,-126.2612,-77.7719,-126.2612,-77.7719,-48.4893,-48.4893,10,0,10,0.0,F2,-6.5177,F2,-41.9716,,,ddg_kcal_per_mol(delta=1.0),-48.4893,34.4335,126.2612,77.7719
3meeA_4b3oB,ShallowMsa_000,Boltz2,0.4892,0.4894,0.4892,0.4894,-0.0002,-0.0002,1,0,1,0.0,Amb,-0.0123,Amb,0.0121,,,,,,,
3meeA_4b3oB,ShallowMsa_001,Boltz2,0.435,0.418,0.435,0.418,0.017,0.017,1,1,0,1.0,Amb,0.0049,Amb,0.0121,,,,,,,
3meeA_4b3oB,ShallowMsa_004,Boltz2,0.4352,0.4208,0.4352,0.4208,0.0145,0.0145,1,1,0,1.0,Amb,0.0024,Amb,0.0121,,,,,,,
3meeA_4b3oB,ShallowMsa_005,Boltz2,0.2442,0.2498,0.2442,0.2498,-0.0056,-0.0056,1,0,1,0.0,Amb,-0.0177,Amb,0.0121,,,,,,,
3meeA_4b3oB,ShallowMsa_007,Boltz2,0.4431,0.4269,0.4431,0.4269,0.0162,0.0162,1,1,0,1.0,Amb,0.0041,Amb,0.0121,,,,,,,
3meeA_4b3oB,ShallowMsa_008,Boltz2,0.4135,0.4037,0.4135,0.4037,0.0097,0.0097,1,1,0,1.0,Amb,-0.0024,Amb,0.0121,,,,,,,
3mkoA_5ineA,DeepMsa,AF2,0.4987,0.5102,0.3988,0.3246,-0.0115,0.0742,2,1,1,0.5,Amb,-0.0115,Amb,0.0,,,,,,,
3mkoA_5ineA,ShallowMsa_000,AF2,0.4797,0.6101,0.394,0.378,-0.1303,0.0161,2,1,1,0.5,F2,-0.1303,F2,0.0,,,,,,,
3mkoA_5ineA,DeepMsa,AF3,0.4917,0.4505,0.4575,0.2929,0.0412,0.1646,2,1,1,0.5,Amb,0.0412,Amb,0.0,,,,,,,
3mkoA_5ineA,ShallowMsa_000,AF3,0.5029,0.4478,0.4677,0.2905,0.0551,0.1772,2,1,1,0.5,F1,0.0551,F1,0.0,,,,,,,
3mkoA_5ineA,ShallowMsa_000,ESM,0.5384,0.306,0.398,0.2177,0.2324,0.1803,20,20,0,1.0,F1,0.2324,F1,0.0,,,,,,,
3mkoA_5ineA,DeepMsa,MSAT,0.0,0.0268,0.0,0.0268,-0.0268,-0.0268,1,0,1,0.0,Amb,-0.0268,Amb,0.0,0.0,0.0268,t_recall,,,,
3mkoA_5ineA,ShallowMsa_000,MSAT,0.0,0.0201,0.0,0.0201,-0.0201,-0.0201,1,0,1,0.0,Amb,-0.0201,Amb,0.0,0.0,0.0201,t_recall,,,,
3mkoA_5ineA,DeepMsa,CCMpred,0.0,0.0,0.0,0.0,0.0,0.0,1,0,0,0.0,Amb,0.0,Amb,0.0,0.0,0.0,t_recall,,,,
3mkoA_5ineA,ShallowMsa_000,CCMpred,0.0,0.0,0.0,0.0,0.0,0.0,1,0,0,0.0,Amb,0.0,Amb,0.0,0.0,0.0,t_recall,,,,
3mkoA_5ineA,ShallowMsa_000,DDG,-4.4572,-59.3351,-4.4572,-59.3351,54.8779,54.8779,10,10,0,1.0,F1,54.8779,F1,0.0,,,ddg_kcal_per_mol(delta=1.0),54.8779,41.634,4.4572,59.3351
3mkoA_5ineA,ShallowMsa_000,Boltz2,0.1334,0.9025,0.1334,0.9025,-0.7691,-0.7691,1,0,1,0.0,F2,-0.7691,F2,0.0,,,,,,,
3r9jC_2kxoA,DeepMsa,AF2,0.7038,0.3922,0.6317,0.3806,0.3116,0.2511,2,2,0,1.0,F1,0.3116,F1,0.0554,,,,,,,
3r9jC_2kxoA,ShallowMsa_000,AF2,0.6013,0.4038,0.5472,0.3901,0.1975,0.1571,2,2,0,1.0,F1,0.1421,F1,0.0554,,,,,,,
3r9jC_2kxoA,ShallowMsa_001,AF2,0.4592,0.3474,0.4494,0.343,0.1118,0.1064,2,2,0,1.0,F1,0.0564,F1,0.0554,,,,,,,
3r9jC_2kxoA,ShallowMsa_002,AF2,0.4216,0.7367,0.4106,0.4965,-0.3152,-0.0859,2,1,1,0.5,F2,-0.3706,F2,0.0554,,,,,,,
3r9jC_2kxoA,ShallowMsa_003,AF2,0.5799,0.4009,0.4675,0.3748,0.179,0.0927,2,2,0,1.0,F1,0.1236,F1,0.0554,,,,,,,
3r9jC_2kxoA,ShallowMsa_004,AF2,0.3655,0.3411,0.3321,0.3133,0.0243,0.0188,2,2,0,1.0,Amb,-0.0311,Amb,0.0554,,,,,,,
3r9jC_2kxoA,ShallowMsa_005,AF2,0.4663,0.3678,0.4652,0.358,0.0985,0.1072,2,2,0,1.0,F1,0.0431,Amb,0.0554,,,,,,,
3r9jC_2kxoA,ShallowMsa_006,AF2,0.3622,0.3113,0.3538,0.2838,0.0509,0.07,2,2,0,1.0,F1,-0.0045,Amb,0.0554,,,,,,,
3r9jC_2kxoA,ShallowMsa_007,AF2,0.6339,0.3856,0.4821,0.3291,0.2483,0.153,2,2,0,1.0,F1,0.1929,F1,0.0554,,,,,,,
3r9jC_2kxoA,ShallowMsa_008,AF2,0.4566,0.359,0.3961,0.3094,0.0977,0.0867,2,2,0,1.0,F1,0.0423,Amb,0.0554,,,,,,,
3r9jC_2kxoA,ShallowMsa_009,AF2,0.4363,0.6528,0.4335,0.6434,-0.2165,-0.2099,2,0,2,0.0,F2,-0.2719,F2,0.0554,,,,,,,
3r9jC_2kxoA,ShallowMsa_010,AF2,0.4566,0.3921,0.4323,0.3652,0.0645,0.0671,2,2,0,1.0,F1,0.0091,Amb,0.0554,,,,,,,
3r9jC_2kxoA,ShallowMsa_011,AF2,0.4327,0.3954,0.3765,0.3541,0.0373,0.0224,2,2,0,1.0,Amb,-0.0181,Amb,0.0554,,,,,,,
3r9jC_2kxoA,ShallowMsa_012,AF2,0.5674,0.3863,0.4718,0.3423,0.1811,0.1295,2,2,0,1.0,F1,0.1257,F1,0.0554,,,,,,,
3r9jC_2kxoA,ShallowMsa_013,AF2,0.4715,0.4763,0.4673,0.4185,-0.0049,0.0488,2,1,1,0.5,Amb,-0.0603,F2,0.0554,,,,,,,
3r9jC_2kxoA,ShallowMsa_014,AF2,0.5539,0.4664,0.5102,0.4397,0.0874,0.0705,2,2,0,1.0,F1,0.032,Amb,0.0554,,,,,,,
3r9jC_2kxoA,ShallowMsa_015,AF2,0.4261,0.3819,0.3485,0.3075,0.0442,0.041,2,2,0,1.0,Amb,-0.0112,Amb,0.0554,,,,,,,
3r9jC_2kxoA,ShallowMsa_016,AF2,0.3652,0.5815,0.358,0.5684,-0.2164,-0.2104,2,0,2,0.0,F2,-0.2718,F2,0.0554,,,,,,,
3r9jC_2kxoA,ShallowMsa_017,AF2,0.5045,0.4476,0.5008,0.4221,0.057,0.0787,2,2,0,1.0,F1,0.0016,Amb,0.0554,,,,,,,
3r9jC_2kxoA,ShallowMsa_018,AF2,0.4378,0.384,0.3768,0.3096,0.0538,0.0672,2,2,0,1.0,F1,-0.0016,Amb,0.0554,,,,,,,
3r9jC_2kxoA,ShallowMsa_019,AF2,0.4582,0.5708,0.4344,0.4159,-0.1127,0.0185,2,1,1,0.5,F2,-0.1681,F2,0.0554,,,,,,,
3r9jC_2kxoA,DeepMsa,AF3,0.5396,0.5651,0.4911,0.4767,-0.0255,0.0144,2,1,1,0.5,Amb,-0.0255,Amb,0.0562,,,,,,,
3r9jC_2kxoA,ShallowMsa_000,AF3,0.5488,0.5393,0.4628,0.4664,0.0095,-0.0036,2,1,1,0.5,Amb,-0.0467,Amb,0.0562,,,,,,,
3r9jC_2kxoA,ShallowMsa_001,AF3,0.4427,0.3697,0.425,0.3355,0.073,0.0894,2,2,0,1.0,F1,0.0168,Amb,0.0562,,,,,,,
3r9jC_2kxoA,ShallowMsa_002,AF3,0.4507,0.6774,0.409,0.5177,-0.2267,-0.1088,2,1,1,0.5,F2,-0.283,F2,0.0562,,,,,,,
3r9jC_2kxoA,ShallowMsa_003,AF3,0.4414,0.398,0.4008,0.3936,0.0434,0.0072,2,1,1,0.5,Amb,-0.0128,Amb,0.0562,,,,,,,
3r9jC_2kxoA,ShallowMsa_004,AF3,0.3554,0.2734,0.3227,0.2728,0.082,0.0499,2,2,0,1.0,F1,0.0258,Amb,0.0562,,,,,,,
3r9jC_2kxoA,ShallowMsa_005,AF3,0.4487,0.3553,0.427,0.3466,0.0933,0.0804,2,2,0,1.0,F1,0.037,Amb,0.0562,,,,,,,
3r9jC_2kxoA,ShallowMsa_006,AF3,0.3546,0.2551,0.3253,0.238,0.0995,0.0873,2,2,0,1.0,F1,0.0433,Amb,0.0562,,,,,,,
3r9jC_2kxoA,ShallowMsa_007,AF3,0.5443,0.3598,0.4328,0.3075,0.1845,0.1253,2,2,0,1.0,F1,0.1283,F1,0.0562,,,,,,,
3r9jC_2kxoA,ShallowMsa_008,AF3,0.4629,0.3385,0.4029,0.2992,0.1244,0.1037,2,2,0,1.0,F1,0.0682,F1,0.0562,,,,,,,
3r9jC_2kxoA,ShallowMsa_009,AF3,0.4332,0.5836,0.4172,0.5739,-0.1504,-0.1567,2,0,2,0.0,F2,-0.2067,F2,0.0562,,,,,,,
3r9jC_2kxoA,ShallowMsa_010,AF3,0.4385,0.4271,0.4347,0.3973,0.0114,0.0374,2,2,0,1.0,Amb,-0.0448,Amb,0.0562,,,,,,,
3r9jC_2kxoA,ShallowMsa_011,AF3,0.3952,0.3991,0.3737,0.3454,-0.004,0.0283,2,1,1,0.5,Amb,-0.0602,F2,0.0562,,,,,,,
3r9jC_2kxoA,ShallowMsa_012,AF3,0.5106,0.3685,0.4749,0.3508,0.1421,0.1241,2,2,0,1.0,F1,0.0859,F1,0.0562,,,,,,,
3r9jC_2kxoA,ShallowMsa_013,AF3,0.4942,0.3443,0.4491,0.3388,0.15,0.1103,2,2,0,1.0,F1,0.0938,F1,0.0562,,,,,,,
3r9jC_2kxoA,ShallowMsa_014,AF3,0.5302,0.5348,0.492,0.461,-0.0046,0.0311,2,1,1,0.5,Amb,-0.0608,F2,0.0562,,,,,,,
3r9jC_2kxoA,ShallowMsa_015,AF3,0.3861,0.3291,0.372,0.3156,0.0569,0.0564,2,2,0,1.0,F1,0.0007,Amb,0.0562,,,,,,,
3r9jC_2kxoA,ShallowMsa_016,AF3,0.4268,0.4865,0.408,0.4417,-0.0598,-0.0337,2,1,1,0.5,F2,-0.116,F2,0.0562,,,,,,,
3r9jC_2kxoA,ShallowMsa_017,AF3,0.509,0.3765,0.5013,0.3602,0.1325,0.1411,2,2,0,1.0,F1,0.0763,F1,0.0562,,,,,,,
3r9jC_2kxoA,ShallowMsa_018,AF3,0.3979,0.3423,0.3553,0.3081,0.0556,0.0471,2,2,0,1.0,F1,-0.0006,Amb,0.0562,,,,,,,
3r9jC_2kxoA,ShallowMsa_019,AF3,0.4794,0.5241,0.4316,0.429,-0.0447,0.0026,2,1,1,0.5,Amb,-0.1009,F2,0.0562,,,,,,,
3r9jC_2kxoA,ShallowMsa_000,ESM,0.6319,0.4712,0.4926,0.3524,0.1607,0.1401,20,20,0,1.0,F1,0.0096,Amb,0.1512,,,,,,,
3r9jC_2kxoA,ShallowMsa_001,ESM,0.5996,0.4058,0.4863,0.3474,0.1939,0.139,20,18,2,0.9,F1,0.0427,Amb,0.1512,,,,,,,
3r9jC_2kxoA,ShallowMsa_002,ESM,0.6097,0.5801,0.5076,0.3711,0.0295,0.1365,20,18,2,0.9,F1,-0.1217,F2,0.1512,,,,,,,
3r9jC_2kxoA,ShallowMsa_003,ESM,0.6381,0.4012,0.4882,0.3591,0.2369,0.1291,20,20,0,1.0,F1,0.0857,F1,0.1512,,,,,,,
3r9jC_2kxoA,ShallowMsa_004,ESM,0.6135,0.5526,0.4858,0.3884,0.0609,0.0974,20,16,4,0.8,F1,-0.0902,F2,0.1512,,,,,,,
3r9jC_2kxoA,ShallowMsa_005,ESM,0.6393,0.3657,0.5027,0.3374,0.2736,0.1653,20,20,0,1.0,F1,0.1225,F1,0.1512,,,,,,,
3r9jC_2kxoA,ShallowMsa_006,ESM,0.6417,0.3607,0.483,0.316,0.281,0.167,20,20,0,1.0,F1,0.1299,F1,0.1512,,,,,,,
3r9jC_2kxoA,ShallowMsa_007,ESM,0.595,0.4919,0.4652,0.3517,0.1031,0.1135,20,20,0,1.0,F1,-0.0481,Amb,0.1512,,,,,,,
3r9jC_2kxoA,ShallowMsa_008,ESM,0.6695,0.3614,0.5013,0.3217,0.3081,0.1796,20,20,0,1.0,F1,0.1569,F1,0.1512,,,,,,,
3r9jC_2kxoA,ShallowMsa_009,ESM,0.6197,0.5412,0.4781,0.3853,0.0785,0.0928,20,14,6,0.7,F1,-0.0727,F2,0.1512,,,,,,,
3r9jC_2kxoA,ShallowMsa_010,ESM,0.5862,0.4835,0.4997,0.3661,0.1027,0.1336,20,18,2,0.9,F1,-0.0485,Amb,0.1512,,,,,,,
3r9jC_2kxoA,ShallowMsa_011,ESM,0.6136,0.4735,0.44,0.3488,0.1401,0.0911,20,16,4,0.8,F1,-0.0111,Amb,0.1512,,,,,,,
3r9jC_2kxoA,ShallowMsa_012,ESM,0.5552,0.5745,0.4954,0.4252,-0.0193,0.0701,20,12,8,0.6,F1,-0.1705,F2,0.1512,,,,,,,
3r9jC_2kxoA,ShallowMsa_013,ESM,0.5664,0.5052,0.4671,0.358,0.0613,0.1091,20,20,0,1.0,F1,-0.0899,F2,0.1512,,,,,,,
3r9jC_2kxoA,ShallowMsa_014,ESM,0.6807,0.5391,0.5133,0.3646,0.1416,0.1487,20,18,2,0.9,F1,-0.0096,Amb,0.1512,,,,,,,
3r9jC_2kxoA,ShallowMsa_015,ESM,0.6518,0.3876,0.4896,0.3353,0.2641,0.1543,20,18,2,0.9,F1,0.1129,F1,0.1512,,,,,,,
3r9jC_2kxoA,ShallowMsa_016,ESM,0.6282,0.4297,0.5084,0.3539,0.1985,0.1545,20,20,0,1.0,F1,0.0474,Amb,0.1512,,,,,,,
3r9jC_2kxoA,ShallowMsa_017,ESM,0.6573,0.5524,0.4444,0.3556,0.1049,0.0889,20,16,4,0.8,F1,-0.0463,Amb,0.1512,,,,,,,
3r9jC_2kxoA,ShallowMsa_018,ESM,0.5872,0.3458,0.4494,0.2906,0.2414,0.1589,20,20,0,1.0,F1,0.0902,F1,0.1512,,,,,,,
3r9jC_2kxoA,ShallowMsa_019,ESM,0.6662,0.4873,0.531,0.3737,0.1789,0.1573,20,18,2,0.9,F1,0.0277,Amb,0.1512,,,,,,,
3r9jC_2kxoA,DeepMsa,MSAT,0.3846,0.1463,0.3846,0.1463,0.2383,0.2383,1,1,0,1.0,F1,0.2383,F1,0.0,0.3846,0.1463,t_recall,,,,
3r9jC_2kxoA,ShallowMsa_000,MSAT,0.0,0.25,0.0,0.25,-0.25,-0.25,1,0,1,0.0,F2,-0.25,F2,0.0,0.0,0.25,t_recall,,,,
3r9jC_2kxoA,ShallowMsa_001,MSAT,0.0,0.0,0.0,0.0,0.0,0.0,1,0,0,0.0,Amb,0.0,Amb,0.0,0.0,0.0,t_recall,,,,
3r9jC_2kxoA,ShallowMsa_002,MSAT,0.3462,0.122,0.3462,0.122,0.2242,0.2242,1,1,0,1.0,F1,0.2242,F1,0.0,0.3462,0.122,t_recall,,,,
3r9jC_2kxoA,ShallowMsa_003,MSAT,0.0,0.0,0.0,0.0,0.0,0.0,1,0,0,0.0,Amb,0.0,Amb,0.0,0.0,0.0,t_recall,,,,
3r9jC_2kxoA,ShallowMsa_004,MSAT,0.0,0.0,0.0,0.0,0.0,0.0,1,0,0,0.0,Amb,0.0,Amb,0.0,0.0,0.0,t_recall,,,,
3r9jC_2kxoA,ShallowMsa_005,MSAT,0.0,0.0,0.0,0.0,0.0,0.0,1,0,0,0.0,Amb,0.0,Amb,0.0,0.0,0.0,t_recall,,,,
3r9jC_2kxoA,ShallowMsa_006,MSAT,0.0,0.0,0.0,0.0,0.0,0.0,1,0,0,0.0,Amb,0.0,Amb,0.0,0.0,0.0,t_recall,,,,
3r9jC_2kxoA,ShallowMsa_007,MSAT,0.0,0.0,0.0,0.0,0.0,0.0,1,0,0,0.0,Amb,0.0,Amb,0.0,0.0,0.0,t_recall,,,,
3r9jC_2kxoA,ShallowMsa_008,MSAT,0.0,0.0,0.0,0.0,0.0,0.0,1,0,0,0.0,Amb,0.0,Amb,0.0,0.0,0.0,t_recall,,,,
3r9jC_2kxoA,ShallowMsa_009,MSAT,0.0,0.25,0.0,0.25,-0.25,-0.25,1,0,1,0.0,F2,-0.25,F2,0.0,0.0,0.25,t_recall,,,,
3r9jC_2kxoA,ShallowMsa_010,MSAT,0.0,0.0,0.0,0.0,0.0,0.0,1,0,0,0.0,Amb,0.0,Amb,0.0,0.0,0.0,t_recall,,,,
3r9jC_2kxoA,ShallowMsa_011,MSAT,0.0,0.0,0.0,0.0,0.0,0.0,1,0,0,0.0,Amb,0.0,Amb,0.0,0.0,0.0,t_recall,,,,
3r9jC_2kxoA,ShallowMsa_012,MSAT,0.0,0.25,0.0,0.25,-0.25,-0.25,1,0,1,0.0,F2,-0.25,F2,0.0,0.0,0.25,t_recall,,,,
3r9jC_2kxoA,ShallowMsa_013,MSAT,0.0,0.5,0.0,0.5,-0.5,-0.5,1,0,1,0.0,F2,-0.5,F2,0.0,0.0,0.5,t_recall,,,,
3r9jC_2kxoA,ShallowMsa_014,MSAT,0.0,0.25,0.0,0.25,-0.25,-0.25,1,0,1,0.0,F2,-0.25,F2,0.0,0.0,0.25,t_recall,,,,
3r9jC_2kxoA,ShallowMsa_015,MSAT,0.0,0.25,0.0,0.25,-0.25,-0.25,1,0,1,0.0,F2,-0.25,F2,0.0,0.0,0.25,t_recall,,,,
3r9jC_2kxoA,ShallowMsa_016,MSAT,0.0,0.0,0.0,0.0,0.0,0.0,1,0,0,0.0,Amb,0.0,Amb,0.0,0.0,0.0,t_recall,,,,
3r9jC_2kxoA,ShallowMsa_017,MSAT,0.0,0.0,0.0,0.0,0.0,0.0,1,0,0,0.0,Amb,0.0,Amb,0.0,0.0,0.0,t_recall,,,,
3r9jC_2kxoA,ShallowMsa_018,MSAT,0.0,0.0,0.0,0.0,0.0,0.0,1,0,0,0.0,Amb,0.0,Amb,0.0,0.0,0.0,t_recall,,,,
3r9jC_2kxoA,ShallowMsa_019,MSAT,0.0,0.0,0.0,0.0,0.0,0.0,1,0,0,0.0,Amb,0.0,Amb,0.0,0.0,0.0,t_recall,,,,
3r9jC_2kxoA,DeepMsa,CCMpred,0.0,0.0244,0.0,0.0244,-0.0244,-0.0244,1,0,1,0.0,Amb,-0.0244,Amb,0.0,0.0,0.0244,t_recall,,,,
3r9jC_2kxoA,ShallowMsa_000,CCMpred,0.0,0.0122,0.0,0.0122,-0.0122,-0.0122,1,0,1,0.0,Amb,-0.0122,Amb,0.0,0.0,0.0122,t_recall,,,,
3r9jC_2kxoA,ShallowMsa_001,CCMpred,0.0,0.0,0.0,0.0,0.0,0.0,1,0,0,0.0,Amb,0.0,Amb,0.0,0.0,0.0,t_recall,,,,
3r9jC_2kxoA,ShallowMsa_002,CCMpred,0.0,0.0,0.0,0.0,0.0,0.0,1,0,0,0.0,Amb,0.0,Amb,0.0,0.0,0.0,t_recall,,,,
3r9jC_2kxoA,ShallowMsa_003,CCMpred,0.0,0.0,0.0,0.0,0.0,0.0,1,0,0,0.0,Amb,0.0,Amb,0.0,0.0,0.0,t_recall,,,,
3r9jC_2kxoA,ShallowMsa_004,CCMpred,0.0,0.0,0.0,0.0,0.0,0.0,1,0,0,0.0,Amb,0.0,Amb,0.0,0.0,0.0,t_recall,,,,
3r9jC_2kxoA,ShallowMsa_005,CCMpred,0.0,0.0,0.0,0.0,0.0,0.0,1,0,0,0.0,Amb,0.0,Amb,0.0,0.0,0.0,t_recall,,,,
3r9jC_2kxoA,ShallowMsa_006,CCMpred,0.0,0.0,0.0,0.0,0.0,0.0,1,0,0,0.0,Amb,0.0,Amb,0.0,0.0,0.0,t_recall,,,,
3r9jC_2kxoA,ShallowMsa_007,CCMpred,0.0,0.0,0.0,0.0,0.0,0.0,1,0,0,0.0,Amb,0.0,Amb,0.0,0.0,0.0,t_recall,,,,
3r9jC_2kxoA,ShallowMsa_008,CCMpred,0.0,0.0,0.0,0.0,0.0,0.0,1,0,0,0.0,Amb,0.0,Amb,0.0,0.0,0.0,t_recall,,,,
3r9jC_2kxoA,ShallowMsa_009,CCMpred,0.0,0.0,0.0,0.0,0.0,0.0,1,0,0,0.0,Amb,0.0,Amb,0.0,0.0,0.0,t_recall,,,,
3r9jC_2kxoA,ShallowMsa_010,CCMpred,0.0,0.0,0.0,0.0,0.0,0.0,1,0,0,0.0,Amb,0.0,Amb,0.0,0.0,0.0,t_recall,,,,
3r9jC_2kxoA,ShallowMsa_011,CCMpred,0.0,0.0,0.0,0.0,0.0,0.0,1,0,0,0.0,Amb,0.0,Amb,0.0,0.0,0.0,t_recall,,,,
3r9jC_2kxoA,ShallowMsa_012,CCMpred,0.0,0.0,0.0,0.0,0.0,0.0,1,0,0,0.0,Amb,0.0,Amb,0.0,0.0,0.0,t_recall,,,,
3r9jC_2kxoA,ShallowMsa_013,CCMpred,0.0,0.0,0.0,0.0,0.0,0.0,1,0,0,0.0,Amb,0.0,Amb,0.0,0.0,0.0,t_recall,,,,
3r9jC_2kxoA,ShallowMsa_014,CCMpred,0.0,0.0,0.0,0.0,0.0,0.0,1,0,0,0.0,Amb,0.0,Amb,0.0,0.0,0.0,t_recall,,,,
3r9jC_2kxoA,ShallowMsa_015,CCMpred,0.0,0.0,0.0,0.0,0.0,0.0,1,0,0,0.0,Amb,0.0,Amb,0.0,0.0,0.0,t_recall,,,,
3r9jC_2kxoA,ShallowMsa_016,CCMpred,0.0,0.0,0.0,0.0,0.0,0.0,1,0,0,0.0,Amb,0.0,Amb,0.0,0.0,0.0,t_recall,,,,
3r9jC_2kxoA,ShallowMsa_017,CCMpred,0.0,0.0,0.0,0.0,0.0,0.0,1,0,0,0.0,Amb,0.0,Amb,0.0,0.0,0.0,t_recall,,,,
3r9jC_2kxoA,ShallowMsa_018,CCMpred,0.0,0.0,0.0,0.0,0.0,0.0,1,0,0,0.0,Amb,0.0,Amb,0.0,0.0,0.0,t_recall,,,,
3r9jC_2kxoA,ShallowMsa_019,CCMpred,0.0,0.0,0.0,0.0,0.0,0.0,1,0,0,0.0,Amb,0.0,Amb,0.0,0.0,0.0,t_recall,,,,
3r9jC_2kxoA,ShallowMsa_000,DDG,-4.7912,-5.2401,-4.7912,-5.2401,0.4489,0.4489,10,5,5,0.5,Amb,-0.1802,Amb,0.6291,,,ddg_kcal_per_mol(delta=1.0),0.4489,2.1386,4.7912,5.2401
3r9jC_2kxoA,ShallowMsa_001,DDG,-5.9062,-7.4714,-5.9062,-7.4714,1.5652,1.5652,10,7,3,0.7,F1,0.9361,Amb,0.6291,,,ddg_kcal_per_mol(delta=1.0),1.5652,2.321,5.9062,7.4714
3r9jC_2kxoA,ShallowMsa_002,DDG,-3.7079,-3.807,-3.7079,-3.807,0.0991,0.0991,10,6,4,0.6,Amb,-0.53,Amb,0.6291,,,ddg_kcal_per_mol(delta=1.0),0.0991,2.118,3.7079,3.807
3r9jC_2kxoA,ShallowMsa_003,DDG,-3.1339,-3.8425,-3.1339,-3.8425,0.7087,0.7087,10,6,4,0.6,Amb,0.0796,Amb,0.6291,,,ddg_kcal_per_mol(delta=1.0),0.7087,1.7744,3.1339,3.8425
3r9jC_2kxoA,ShallowMsa_004,DDG,-3.9368,-5.2795,-3.9368,-5.2795,1.3427,1.3427,10,7,3,0.7,F1,0.7136,Amb,0.6291,,,ddg_kcal_per_mol(delta=1.0),1.3427,2.1654,3.9368,5.2795
3r9jC_2kxoA,ShallowMsa_005,DDG,-5.0982,-7.2221,-5.0982,-7.2221,2.1239,2.1239,10,8,2,0.8,F1,1.4948,F1,0.6291,,,ddg_kcal_per_mol(delta=1.0),2.1239,2.376,5.0982,7.2221
3r9jC_2kxoA,ShallowMsa_006,DDG,-5.3168,-5.8376,-5.3168,-5.8376,0.5208,0.5208,10,6,4,0.6,Amb,-0.1083,Amb,0.6291,,,ddg_kcal_per_mol(delta=1.0),0.5208,1.8761,5.3168,5.8376
3r9jC_2kxoA,ShallowMsa_007,DDG,-3.9789,-4.9705,-3.9789,-4.9705,0.9916,0.9916,10,5,5,0.5,Amb,0.3625,Amb,0.6291,,,ddg_kcal_per_mol(delta=1.0),0.9916,2.5274,3.9789,4.9705
3r9jC_2kxoA,ShallowMsa_008,DDG,-4.622,-6.3917,-4.622,-6.3917,1.7697,1.7697,10,8,2,0.8,F1,1.1406,F1,0.6291,,,ddg_kcal_per_mol(delta=1.0),1.7697,1.8422,4.622,6.3917
3r9jC_2kxoA,ShallowMsa_009,DDG,-4.2601,-4.1538,-4.2601,-4.1538,-0.1063,-0.1063,10,4,6,0.4,Amb,-0.7354,Amb,0.6291,,,ddg_kcal_per_mol(delta=1.0),-0.1063,2.0679,4.2601,4.1538
3r9jC_2kxoA,ShallowMsa_010,DDG,-5.4425,-7.7697,-5.4425,-7.7697,2.3272,2.3272,10,9,1,0.9,F1,1.6981,F1,0.6291,,,ddg_kcal_per_mol(delta=1.0),2.3272,2.292,5.4425,7.7697
3r9jC_2kxoA,ShallowMsa_011,DDG,-4.3369,-3.9214,-4.3369,-3.9214,-0.4155,-0.4155,10,3,7,0.3,Amb,-1.0446,F2,0.6291,,,ddg_kcal_per_mol(delta=1.0),-0.4155,0.914,4.3369,3.9214
3r9jC_2kxoA,ShallowMsa_012,DDG,-5.0236,-5.5731,-5.0236,-5.5731,0.5495,0.5495,10,6,4,0.6,Amb,-0.0796,Amb,0.6291,,,ddg_kcal_per_mol(delta=1.0),0.5495,2.7756,5.0236,5.5731
3r9jC_2kxoA,ShallowMsa_013,DDG,-4.7707,-5.7223,-4.7707,-5.7223,0.9515,0.9515,10,7,3,0.7,Amb,0.3224,Amb,0.6291,,,ddg_kcal_per_mol(delta=1.0),0.9515,2.0056,4.7707,5.7223
3r9jC_2kxoA,ShallowMsa_014,DDG,-4.1073,-3.263,-4.1073,-3.263,-0.8443,-0.8443,10,3,7,0.3,Amb,-1.4734,F2,0.6291,,,ddg_kcal_per_mol(delta=1.0),-0.8443,1.6404,4.1073,3.263
3r9jC_2kxoA,ShallowMsa_015,DDG,-4.6491,-5.8377,-4.6491,-5.8377,1.1886,1.1886,10,8,2,0.8,F1,0.5595,Amb,0.6291,,,ddg_kcal_per_mol(delta=1.0),1.1886,1.9074,4.6491,5.8377
3r9jC_2kxoA,ShallowMsa_016,DDG,-4.8039,-4.3581,-4.8039,-4.3581,-0.4459,-0.4459,10,5,5,0.5,Amb,-1.075,F2,0.6291,,,ddg_kcal_per_mol(delta=1.0),-0.4459,1.5948,4.8039,4.3581
3r9jC_2kxoA,ShallowMsa_017,DDG,-4.4168,-4.2192,-4.4168,-4.2192,-0.1977,-0.1977,10,3,7,0.3,Amb,-0.8268,Amb,0.6291,,,ddg_kcal_per_mol(delta=1.0),-0.1977,1.542,4.4168,4.2192
3r9jC_2kxoA,ShallowMsa_018,DDG,-4.7436,-6.2115,-4.7436,-6.2115,1.4678,1.4678,10,7,3,0.7,F1,0.8387,Amb,0.6291,,,ddg_kcal_per_mol(delta=1.0),1.4678,1.7652,4.7436,6.2115
3r9jC_2kxoA,ShallowMsa_019,DDG,-5.4729,-5.3496,-5.4729,-5.3496,-0.1233,-0.1233,10,5,5,0.5,Amb,-0.7524,Amb,0.6291,,,ddg_kcal_per_mol(delta=1.0),-0.1233,0.8818,5.4729,5.3496
3r9jC_2kxoA,ShallowMsa_000,Boltz2,0.3488,0.4548,0.3488,0.4548,-0.106,-0.106,1,0,1,0.0,F2,-0.0362,Amb,-0.0698,,,,,,,
3r9jC_2kxoA,ShallowMsa_001,Boltz2,0.3866,0.3537,0.3866,0.3537,0.0329,0.0329,1,1,0,1.0,Amb,0.1027,F1,-0.0698,,,,,,,
3r9jC_2kxoA,ShallowMsa_002,Boltz2,0.3467,0.501,0.3467,0.501,-0.1544,-0.1544,1,0,1,0.0,F2,-0.0846,F2,-0.0698,,,,,,,
3r9jC_2kxoA,ShallowMsa_003,Boltz2,0.3616,0.4326,0.3616,0.4326,-0.0709,-0.0709,1,0,1,0.0,F2,-0.0011,Amb,-0.0698,,,,,,,
3r9jC_2kxoA,ShallowMsa_004,Boltz2,0.3957,0.3757,0.3957,0.3757,0.02,0.02,1,1,0,1.0,Amb,0.0898,F1,-0.0698,,,,,,,
3r9jC_2kxoA,ShallowMsa_005,Boltz2,0.3642,0.4265,0.3642,0.4265,-0.0622,-0.0622,1,0,1,0.0,F2,0.0076,Amb,-0.0698,,,,,,,
3r9jC_2kxoA,ShallowMsa_006,Boltz2,0.4216,0.5035,0.4216,0.5035,-0.0819,-0.0819,1,0,1,0.0,F2,-0.0121,Amb,-0.0698,,,,,,,
3r9jC_2kxoA,ShallowMsa_007,Boltz2,0.3598,0.4678,0.3598,0.4678,-0.108,-0.108,1,0,1,0.0,F2,-0.0382,Amb,-0.0698,,,,,,,
3r9jC_2kxoA,ShallowMsa_008,Boltz2,0.3684,0.4249,0.3684,0.4249,-0.0565,-0.0565,1,0,1,0.0,F2,0.0133,Amb,-0.0698,,,,,,,
3r9jC_2kxoA,ShallowMsa_009,Boltz2,0.3981,0.3742,0.3981,0.3742,0.0239,0.0239,1,1,0,1.0,Amb,0.0938,F1,-0.0698,,,,,,,
3r9jC_2kxoA,ShallowMsa_010,Boltz2,0.424,0.3675,0.424,0.3675,0.0565,0.0565,1,1,0,1.0,F1,0.1263,F1,-0.0698,,,,,,,
3r9jC_2kxoA,ShallowMsa_012,Boltz2,0.3684,0.471,0.3684,0.471,-0.1025,-0.1025,1,0,1,0.0,F2,-0.0326,Amb,-0.0698,,,,,,,
3r9jC_2kxoA,ShallowMsa_013,Boltz2,0.3518,0.4206,0.3518,0.4206,-0.0688,-0.0688,1,0,1,0.0,F2,0.001,Amb,-0.0698,,,,,,,
3r9jC_2kxoA,ShallowMsa_014,Boltz2,0.3602,0.4092,0.3602,0.4092,-0.049,-0.049,1,0,1,0.0,Amb,0.0208,Amb,-0.0698,,,,,,,
3r9jC_2kxoA,ShallowMsa_015,Boltz2,0.3748,0.4801,0.3748,0.4801,-0.1053,-0.1053,1,0,1,0.0,F2,-0.0355,Amb,-0.0698,,,,,,,
3r9jC_2kxoA,ShallowMsa_016,Boltz2,0.3626,0.42,0.3626,0.42,-0.0573,-0.0573,1,0,1,0.0,F2,0.0125,Amb,-0.0698,,,,,,,
3r9jC_2kxoA,ShallowMsa_017,Boltz2,0.3327,0.4182,0.3327,0.4182,-0.0855,-0.0855,1,0,1,0.0,F2,-0.0157,Amb,-0.0698,,,,,,,
3r9jC_2kxoA,ShallowMsa_019,Boltz2,0.3567,0.4668,0.3567,0.4668,-0.1101,-0.1101,1,0,1,0.0,F2,-0.0403,Amb,-0.0698,,,,,,,
3t5oA_4a5wB,DeepMsa,AF2,0.602,0.5955,0.588,0.5803,0.0065,0.0077,2,2,0,1.0,Amb,0.0065,Amb,0.0257,,,,,,,
3t5oA_4a5wB,ShallowMsa_000,AF2,0.602,0.5955,0.588,0.5803,0.0065,0.0077,2,2,0,1.0,Amb,-0.0192,Amb,0.0257,,,,,,,
3t5oA_4a5wB,ShallowMsa_001,AF2,0.6069,0.562,0.4608,0.4447,0.0449,0.0161,2,1,1,0.5,Amb,0.0192,Amb,0.0257,,,,,,,
3t5oA_4a5wB,DeepMsa,AF3,0.6024,0.5743,0.5922,0.5617,0.0281,0.0305,2,2,0,1.0,Amb,0.0281,Amb,0.0353,,,,,,,
3t5oA_4a5wB,ShallowMsa_000,AF3,0.6024,0.5743,0.5922,0.5617,0.0281,0.0306,2,2,0,1.0,Amb,-0.0072,Amb,0.0353,,,,,,,
3t5oA_4a5wB,ShallowMsa_001,AF3,0.5928,0.5504,0.4416,0.4204,0.0424,0.0211,2,1,1,0.5,Amb,0.0071,Amb,0.0353,,,,,,,
3t5oA_4a5wB,ShallowMsa_000,ESM,0.4879,0.4568,0.3144,0.2977,0.0311,0.0167,20,17,3,0.85,Amb,0.0004,Amb,0.0307,,,,,,,
3t5oA_4a5wB,ShallowMsa_001,ESM,0.5441,0.5138,0.3406,0.3211,0.0303,0.0194,20,20,0,1.0,Amb,-0.0004,Amb,0.0307,,,,,,,
3t5oA_4a5wB,DeepMsa,MSAT,0.0413,0.0455,0.0413,0.0455,-0.0042,-0.0042,1,0,1,0.0,Amb,-0.0042,Amb,-0.0027,0.0413,0.0455,t_recall,,,,
3t5oA_4a5wB,ShallowMsa_000,MSAT,0.0034,0.0038,0.0034,0.0038,-0.0004,-0.0004,1,0,1,0.0,Amb,0.0023,Amb,-0.0027,0.0034,0.0038,t_recall,,,,
3t5oA_4a5wB,ShallowMsa_001,MSAT,0.0323,0.0373,0.0323,0.0373,-0.005,-0.005,1,0,1,0.0,Amb,-0.0023,Amb,-0.0027,0.0323,0.0373,t_recall,,,,
3t5oA_4a5wB,DeepMsa,CCMpred,0.0,0.0,0.0,0.0,0.0,0.0,1,0,0,0.0,Amb,0.0,Amb,0.0,0.0,0.0,t_recall,,,,
3t5oA_4a5wB,ShallowMsa_000,CCMpred,0.0,0.0,0.0,0.0,0.0,0.0,1,0,0,0.0,Amb,0.0,Amb,0.0,0.0,0.0,t_recall,,,,
3t5oA_4a5wB,ShallowMsa_001,CCMpred,0.0,0.0,0.0,0.0,0.0,0.0,1,0,0,0.0,Amb,0.0,Amb,0.0,0.0,0.0,t_recall,,,,
3t5oA_4a5wB,ShallowMsa_000,DDG,-169.8113,-90.0141,-169.8113,-90.0141,-79.7972,-79.7972,10,0,10,0.0,F2,-7.1857,F2,-72.6115,,,ddg_kcal_per_mol(delta=1.0),-79.7972,30.1677,169.8113,90.0141
3t5oA_4a5wB,ShallowMsa_001,DDG,-150.7503,-85.3245,-150.7503,-85.3245,-65.4257,-65.4257,10,1,9,0.1,F2,7.1857,F1,-72.6115,,,ddg_kcal_per_mol(delta=1.0),-65.4257,40.4872,150.7503,85.3245
3t5oA_4a5wB,ShallowMsa_001,Boltz2,0.2428,0.2485,0.2428,0.2485,-0.0058,-0.0058,1,0,1,0.0,Amb,-0.0058,Amb,0.0,,,,,,,
3v0tA_3uyiA,DeepMsa,AF2,0.9453,0.8844,0.9451,0.8734,0.0608,0.0716,2,2,0,1.0,F1,0.0608,F1,0.0811,,,,,,,
3v0tA_3uyiA,ShallowMsa_000,AF2,0.9152,0.8331,0.9131,0.8325,0.0821,0.0806,2,2,0,1.0,F1,0.001,Amb,0.0811,,,,,,,
3v0tA_3uyiA,ShallowMsa_001,AF2,0.8719,0.7937,0.868,0.7918,0.0782,0.0762,2,2,0,1.0,F1,-0.0029,Amb,0.0811,,,,,,,
3v0tA_3uyiA,ShallowMsa_002,AF2,0.9119,0.8375,0.9059,0.8289,0.0744,0.0771,2,2,0,1.0,F1,-0.0067,Amb,0.0811,,,,,,,
3v0tA_3uyiA,ShallowMsa_003,AF2,0.9165,0.8338,0.9118,0.8331,0.0827,0.0787,2,2,0,1.0,F1,0.0016,Amb,0.0811,,,,,,,
3v0tA_3uyiA,ShallowMsa_004,AF2,0.8885,0.8028,0.8881,0.8014,0.0857,0.0867,2,2,0,1.0,F1,0.0046,Amb,0.0811,,,,,,,
3v0tA_3uyiA,ShallowMsa_005,AF2,0.9446,0.8828,0.9438,0.8737,0.0618,0.0702,2,2,0,1.0,F1,-0.0193,Amb,0.0811,,,,,,,
3v0tA_3uyiA,ShallowMsa_006,AF2,0.8229,0.7429,0.8152,0.7371,0.08,0.0781,2,2,0,1.0,F1,-0.0011,Amb,0.0811,,,,,,,
3v0tA_3uyiA,ShallowMsa_007,AF2,0.8213,0.7469,0.8197,0.7456,0.0744,0.0741,2,2,0,1.0,F1,-0.0067,Amb,0.0811,,,,,,,
3v0tA_3uyiA,ShallowMsa_008,AF2,0.875,0.7975,0.8611,0.7845,0.0775,0.0766,2,2,0,1.0,F1,-0.0036,Amb,0.0811,,,,,,,
3v0tA_3uyiA,ShallowMsa_009,AF2,0.9065,0.8181,0.901,0.8149,0.0885,0.0861,2,2,0,1.0,F1,0.0074,Amb,0.0811,,,,,,,
3v0tA_3uyiA,ShallowMsa_010,AF2,0.8582,0.7718,0.8537,0.7671,0.0864,0.0866,2,2,0,1.0,F1,0.0053,Amb,0.0811,,,,,,,
3v0tA_3uyiA,ShallowMsa_011,AF2,0.8145,0.7374,0.8069,0.7318,0.0771,0.0751,2,2,0,1.0,F1,-0.004,Amb,0.0811,,,,,,,
3v0tA_3uyiA,ShallowMsa_012,AF2,0.908,0.8236,0.9059,0.8214,0.0844,0.0845,2,2,0,1.0,F1,0.0033,Amb,0.0811,,,,,,,
3v0tA_3uyiA,ShallowMsa_013,AF2,0.8993,0.8113,0.8967,0.8101,0.088,0.0866,2,2,0,1.0,F1,0.0069,Amb,0.0811,,,,,,,
3v0tA_3uyiA,ShallowMsa_014,AF2,0.8753,0.8054,0.8689,0.7901,0.0699,0.0788,2,2,0,1.0,F1,-0.0112,Amb,0.0811,,,,,,,
3v0tA_3uyiA,ShallowMsa_015,AF2,0.7997,0.7256,0.7819,0.7091,0.0742,0.0729,2,2,0,1.0,F1,-0.0069,Amb,0.0811,,,,,,,
3v0tA_3uyiA,ShallowMsa_016,AF2,0.9184,0.8285,0.903,0.815,0.0899,0.088,2,2,0,1.0,F1,0.0088,Amb,0.0811,,,,,,,
3v0tA_3uyiA,ShallowMsa_017,AF2,0.9049,0.827,0.9034,0.8243,0.0779,0.079,2,2,0,1.0,F1,-0.0032,Amb,0.0811,,,,,,,
3v0tA_3uyiA,ShallowMsa_018,AF2,0.9081,0.8199,0.904,0.818,0.0882,0.086,2,2,0,1.0,F1,0.0071,Amb,0.0811,,,,,,,
3v0tA_3uyiA,ShallowMsa_019,AF2,0.911,0.8245,0.9023,0.8191,0.0864,0.0832,2,2,0,1.0,F1,0.0053,Amb,0.0811,,,,,,,
3v0tA_3uyiA,DeepMsa,AF3,0.9447,0.8821,0.9447,0.8708,0.0627,0.0738,2,2,0,1.0,F1,0.0627,F1,0.0818,,,,,,,
3v0tA_3uyiA,ShallowMsa_000,AF3,0.914,0.8327,0.913,0.8326,0.0813,0.0804,2,2,0,1.0,F1,-0.0005,Amb,0.0818,,,,,,,
3v0tA_3uyiA,ShallowMsa_001,AF3,0.8658,0.7908,0.864,0.7878,0.075,0.0762,2,2,0,1.0,F1,-0.0068,Amb,0.0818,,,,,,,
3v0tA_3uyiA,ShallowMsa_002,AF3,0.9137,0.8381,0.9069,0.8287,0.0756,0.0782,2,2,0,1.0,F1,-0.0062,Amb,0.0818,,,,,,,
3v0tA_3uyiA,ShallowMsa_003,AF3,0.9109,0.8304,0.9099,0.8285,0.0805,0.0814,2,2,0,1.0,F1,-0.0013,Amb,0.0818,,,,,,,
3v0tA_3uyiA,ShallowMsa_004,AF3,0.8888,0.8065,0.8882,0.8035,0.0823,0.0847,2,2,0,1.0,F1,0.0005,Amb,0.0818,,,,,,,
3v0tA_3uyiA,ShallowMsa_005,AF3,0.945,0.8798,0.9437,0.8709,0.0652,0.0728,2,2,0,1.0,F1,-0.0166,Amb,0.0818,,,,,,,
3v0tA_3uyiA,ShallowMsa_006,AF3,0.8211,0.7411,0.816,0.7359,0.08,0.0801,2,2,0,1.0,F1,-0.0018,Amb,0.0818,,,,,,,
3v0tA_3uyiA,ShallowMsa_007,AF3,0.8503,0.7697,0.8445,0.7643,0.0806,0.0801,2,2,0,1.0,F1,-0.0012,Amb,0.0818,,,,,,,
3v0tA_3uyiA,ShallowMsa_008,AF3,0.8811,0.7982,0.8664,0.7875,0.0829,0.0789,2,2,0,1.0,F1,0.0011,Amb,0.0818,,,,,,,
3v0tA_3uyiA,ShallowMsa_009,AF3,0.9068,0.8189,0.9018,0.8157,0.088,0.086,2,2,0,1.0,F1,0.0062,Amb,0.0818,,,,,,,
3v0tA_3uyiA,ShallowMsa_010,AF3,0.8676,0.7807,0.8633,0.7779,0.0869,0.0854,2,2,0,1.0,F1,0.0051,Amb,0.0818,,,,,,,
3v0tA_3uyiA,ShallowMsa_011,AF3,0.5024,0.4761,0.5014,0.4755,0.0263,0.026,2,2,0,1.0,Amb,-0.0555,F2,0.0818,,,,,,,
3v0tA_3uyiA,ShallowMsa_012,AF3,0.9133,0.8255,0.9077,0.8197,0.0877,0.088,2,2,0,1.0,F1,0.0059,Amb,0.0818,,,,,,,
3v0tA_3uyiA,ShallowMsa_013,AF3,0.9019,0.8134,0.8981,0.8104,0.0885,0.0878,2,2,0,1.0,F1,0.0067,Amb,0.0818,,,,,,,
3v0tA_3uyiA,ShallowMsa_014,AF3,0.8709,0.8017,0.8641,0.7959,0.0692,0.0681,2,2,0,1.0,F1,-0.0126,Amb,0.0818,,,,,,,
3v0tA_3uyiA,ShallowMsa_015,AF3,0.7993,0.7166,0.7833,0.7061,0.0827,0.0771,2,2,0,1.0,F1,0.0009,Amb,0.0818,,,,,,,
3v0tA_3uyiA,ShallowMsa_016,AF3,0.9184,0.8281,0.9024,0.8152,0.0903,0.0871,2,2,0,1.0,F1,0.0085,Amb,0.0818,,,,,,,
3v0tA_3uyiA,ShallowMsa_017,AF3,0.9024,0.8257,0.9007,0.8206,0.0768,0.0801,2,2,0,1.0,F1,-0.005,Amb,0.0818,,,,,,,
3v0tA_3uyiA,ShallowMsa_018,AF3,0.9112,0.8198,0.9087,0.8192,0.0914,0.0895,2,2,0,1.0,F1,0.0096,Amb,0.0818,,,,,,,
3v0tA_3uyiA,ShallowMsa_019,AF3,0.9125,0.825,0.9028,0.8193,0.0875,0.0835,2,2,0,1.0,F1,0.0057,Amb,0.0818,,,,,,,
3v0tA_3uyiA,ShallowMsa_000,ESM,0.9157,0.8375,0.709,0.6594,0.0782,0.0496,20,20,0,1.0,Amb,0.0068,Amb,0.0714,,,,,,,
3v0tA_3uyiA,ShallowMsa_001,ESM,0.904,0.8479,0.7022,0.646,0.0561,0.0562,20,20,0,1.0,F1,-0.0153,Amb,0.0714,,,,,,,
3v0tA_3uyiA,ShallowMsa_002,ESM,0.9135,0.833,0.715,0.6632,0.0805,0.0518,20,18,2,0.9,F1,0.0091,Amb,0.0714,,,,,,,
3v0tA_3uyiA,ShallowMsa_003,ESM,0.9111,0.8525,0.6963,0.6492,0.0586,0.047,20,20,0,1.0,Amb,-0.0128,Amb,0.0714,,,,,,,
3v0tA_3uyiA,ShallowMsa_004,ESM,0.9057,0.8395,0.6841,0.6267,0.0662,0.0574,20,20,0,1.0,F1,-0.0052,Amb,0.0714,,,,,,,
3v0tA_3uyiA,ShallowMsa_005,ESM,0.9468,0.8738,0.6546,0.6091,0.0731,0.0455,20,16,4,0.8,Amb,0.0017,Amb,0.0714,,,,,,,
3v0tA_3uyiA,ShallowMsa_006,ESM,0.888,0.8131,0.7094,0.6525,0.0749,0.0569,20,20,0,1.0,F1,0.0035,Amb,0.0714,,,,,,,
3v0tA_3uyiA,ShallowMsa_007,ESM,0.8984,0.8448,0.7222,0.6662,0.0536,0.056,20,20,0,1.0,F1,-0.0178,Amb,0.0714,,,,,,,
3v0tA_3uyiA,ShallowMsa_008,ESM,0.8925,0.8383,0.7221,0.6655,0.0541,0.0566,20,20,0,1.0,F1,-0.0173,Amb,0.0714,,,,,,,
3v0tA_3uyiA,ShallowMsa_009,ESM,0.9026,0.8193,0.7036,0.6498,0.0833,0.0538,20,18,2,0.9,F1,0.0119,Amb,0.0714,,,,,,,
3v0tA_3uyiA,ShallowMsa_010,ESM,0.8936,0.8235,0.688,0.6368,0.0701,0.0512,20,18,2,0.9,F1,-0.0013,Amb,0.0714,,,,,,,
3v0tA_3uyiA,ShallowMsa_011,ESM,0.8975,0.8248,0.7093,0.6589,0.0727,0.0503,20,20,0,1.0,F1,0.0013,Amb,0.0714,,,,,,,
3v0tA_3uyiA,ShallowMsa_012,ESM,0.9052,0.8435,0.7105,0.6588,0.0617,0.0517,20,18,2,0.9,F1,-0.0097,Amb,0.0714,,,,,,,
3v0tA_3uyiA,ShallowMsa_013,ESM,0.9105,0.8347,0.7226,0.6676,0.0759,0.055,20,20,0,1.0,F1,0.0045,Amb,0.0714,,,,,,,
3v0tA_3uyiA,ShallowMsa_014,ESM,0.9277,0.865,0.6906,0.6364,0.0627,0.0541,20,20,0,1.0,F1,-0.0087,Amb,0.0714,,,,,,,
3v0tA_3uyiA,ShallowMsa_015,ESM,0.9021,0.8369,0.6959,0.6382,0.0653,0.0577,20,20,0,1.0,F1,-0.0061,Amb,0.0714,,,,,,,
3v0tA_3uyiA,ShallowMsa_016,ESM,0.8976,0.8325,0.7034,0.6429,0.0651,0.0604,20,20,0,1.0,F1,-0.0063,Amb,0.0714,,,,,,,
3v0tA_3uyiA,ShallowMsa_017,ESM,0.9123,0.8329,0.7073,0.649,0.0795,0.0584,20,20,0,1.0,F1,0.0081,Amb,0.0714,,,,,,,
3v0tA_3uyiA,ShallowMsa_018,ESM,0.9147,0.8266,0.6857,0.6356,0.0881,0.0501,20,16,4,0.8,F1,0.0167,Amb,0.0714,,,,,,,
3v0tA_3uyiA,ShallowMsa_019,ESM,0.9107,0.824,0.6684,0.62,0.0868,0.0484,20,18,2,0.9,Amb,0.0154,Amb,0.0714,,,,,,,
3v0tA_3uyiA,DeepMsa,MSAT,0.3808,0.2538,0.3808,0.2538,0.127,0.127,1,1,0,1.0,F1,0.127,F1,-0.005,0.3808,0.2538,t_recall,,,,
3v0tA_3uyiA,ShallowMsa_000,MSAT,0.0976,0.1014,0.0976,0.1014,-0.0038,-0.0038,1,0,1,0.0,Amb,0.0012,Amb,-0.005,0.0976,0.1014,t_recall,,,,
3v0tA_3uyiA,ShallowMsa_001,MSAT,0.1087,0.106,0.1087,0.106,0.0027,0.0027,1,1,0,1.0,Amb,0.0077,Amb,-0.005,0.1087,0.106,t_recall,,,,
3v0tA_3uyiA,ShallowMsa_002,MSAT,0.0813,0.0933,0.0813,0.0933,-0.012,-0.012,1,0,1,0.0,Amb,-0.007,Amb,-0.005,0.0813,0.0933,t_recall,,,,
3v0tA_3uyiA,ShallowMsa_003,MSAT,0.1111,0.1182,0.1111,0.1182,-0.0071,-0.0071,1,0,1,0.0,Amb,-0.0021,Amb,-0.005,0.1111,0.1182,t_recall,,,,
3v0tA_3uyiA,ShallowMsa_004,MSAT,0.0588,0.073,0.0588,0.073,-0.0142,-0.0142,1,0,1,0.0,Amb,-0.0092,Amb,-0.005,0.0588,0.073,t_recall,,,,
3v0tA_3uyiA,ShallowMsa_005,MSAT,0.3768,0.2632,0.3768,0.2632,0.1136,0.1136,1,1,0,1.0,F1,0.1187,F1,-0.005,0.3768,0.2632,t_recall,,,,
3v0tA_3uyiA,ShallowMsa_006,MSAT,0.0785,0.0887,0.0785,0.0887,-0.0102,-0.0102,1,0,1,0.0,Amb,-0.0052,Amb,-0.005,0.0785,0.0887,t_recall,,,,
3v0tA_3uyiA,ShallowMsa_007,MSAT,0.0932,0.0994,0.0932,0.0994,-0.0062,-0.0062,1,0,1,0.0,Amb,-0.0011,Amb,-0.005,0.0932,0.0994,t_recall,,,,
3v0tA_3uyiA,ShallowMsa_008,MSAT,0.0757,0.0941,0.0757,0.0941,-0.0184,-0.0184,1,0,1,0.0,Amb,-0.0134,Amb,-0.005,0.0757,0.0941,t_recall,,,,
3v0tA_3uyiA,ShallowMsa_009,MSAT,0.0426,0.0544,0.0426,0.0544,-0.0118,-0.0118,1,0,1,0.0,Amb,-0.0067,Amb,-0.005,0.0426,0.0544,t_recall,,,,
3v0tA_3uyiA,ShallowMsa_010,MSAT,0.1045,0.1025,0.1045,0.1025,0.002,0.002,1,1,0,1.0,Amb,0.007,Amb,-0.005,0.1045,0.1025,t_recall,,,,
3v0tA_3uyiA,ShallowMsa_011,MSAT,0.1145,0.1111,0.1145,0.1111,0.0034,0.0034,1,1,0,1.0,Amb,0.0084,Amb,-0.005,0.1145,0.1111,t_recall,,,,
3v0tA_3uyiA,ShallowMsa_012,MSAT,0.0613,0.0736,0.0613,0.0736,-0.0123,-0.0123,1,0,1,0.0,Amb,-0.0073,Amb,-0.005,0.0613,0.0736,t_recall,,,,
3v0tA_3uyiA,ShallowMsa_013,MSAT,0.0881,0.0984,0.0881,0.0984,-0.0103,-0.0103,1,0,1,0.0,Amb,-0.0053,Amb,-0.005,0.0881,0.0984,t_recall,,,,
3v0tA_3uyiA,ShallowMsa_014,MSAT,0.0825,0.09,0.0825,0.09,-0.0075,-0.0075,1,0,1,0.0,Amb,-0.0024,Amb,-0.005,0.0825,0.09,t_recall,,,,
3v0tA_3uyiA,ShallowMsa_015,MSAT,0.1145,0.1111,0.1145,0.1111,0.0034,0.0034,1,1,0,1.0,Amb,0.0084,Amb,-0.005,0.1145,0.1111,t_recall,,,,
3v0tA_3uyiA,ShallowMsa_016,MSAT,0.0988,0.0947,0.0988,0.0947,0.0041,0.0041,1,1,0,1.0,Amb,0.0092,Amb,-0.005,0.0988,0.0947,t_recall,,,,
3v0tA_3uyiA,ShallowMsa_017,MSAT,0.115,0.1066,0.115,0.1066,0.0084,0.0084,1,1,0,1.0,Amb,0.0135,Amb,-0.005,0.115,0.1066,t_recall,,,,
3v0tA_3uyiA,ShallowMsa_018,MSAT,0.1002,0.0959,0.1002,0.0959,0.0043,0.0043,1,1,0,1.0,Amb,0.0094,Amb,-0.005,0.1002,0.0959,t_recall,,,,
3v0tA_3uyiA,ShallowMsa_019,MSAT,0.1086,0.1125,0.1086,0.1125,-0.0039,-0.0039,1,0,1,0.0,Amb,0.0011,Amb,-0.005,0.1086,0.1125,t_recall,,,,
3v0tA_3uyiA,DeepMsa,CCMpred,0.4048,0.2688,0.4048,0.2688,0.136,0.136,1,1,0,1.0,F1,0.136,F1,0.0016,0.4048,0.2688,t_recall,,,,
3v0tA_3uyiA,ShallowMsa_000,CCMpred,0.1283,0.0733,0.1283,0.0733,0.055,0.055,1,1,0,1.0,F1,0.0534,F1,0.0016,0.1283,0.0733,t_recall,,,,
3v0tA_3uyiA,ShallowMsa_001,CCMpred,0.0842,0.0508,0.0842,0.0508,0.0334,0.0334,1,1,0,1.0,Amb,0.0318,Amb,0.0016,0.0842,0.0508,t_recall,,,,
3v0tA_3uyiA,ShallowMsa_002,CCMpred,0.0381,0.0226,0.0381,0.0226,0.0155,0.0155,1,1,0,1.0,Amb,0.0139,Amb,0.0016,0.0381,0.0226,t_recall,,,,
3v0tA_3uyiA,ShallowMsa_003,CCMpred,0.0261,0.0188,0.0261,0.0188,0.0073,0.0073,1,1,0,1.0,Amb,0.0057,Amb,0.0016,0.0261,0.0188,t_recall,,,,
3v0tA_3uyiA,ShallowMsa_004,CCMpred,0.0281,0.0113,0.0281,0.0113,0.0168,0.0168,1,1,0,1.0,Amb,0.0152,Amb,0.0016,0.0281,0.0113,t_recall,,,,
3v0tA_3uyiA,ShallowMsa_005,CCMpred,0.0,0.0,0.0,0.0,0.0,0.0,1,0,0,0.0,Amb,-0.0016,Amb,0.0016,0.0,0.0,t_recall,,,,
3v0tA_3uyiA,ShallowMsa_006,CCMpred,0.014,0.0075,0.014,0.0075,0.0065,0.0065,1,1,0,1.0,Amb,0.0049,Amb,0.0016,0.014,0.0075,t_recall,,,,
3v0tA_3uyiA,ShallowMsa_007,CCMpred,0.012,0.0094,0.012,0.0094,0.0026,0.0026,1,1,0,1.0,Amb,0.001,Amb,0.0016,0.012,0.0094,t_recall,,,,
3v0tA_3uyiA,ShallowMsa_008,CCMpred,0.018,0.0169,0.018,0.0169,0.0011,0.0011,1,1,0,1.0,Amb,-0.0005,Amb,0.0016,0.018,0.0169,t_recall,,,,
3v0tA_3uyiA,ShallowMsa_009,CCMpred,0.002,0.0019,0.002,0.0019,0.0001,0.0001,1,1,0,1.0,Amb,-0.0015,Amb,0.0016,0.002,0.0019,t_recall,,,,
3v0tA_3uyiA,ShallowMsa_010,CCMpred,0.006,0.0038,0.006,0.0038,0.0022,0.0022,1,1,0,1.0,Amb,0.0006,Amb,0.0016,0.006,0.0038,t_recall,,,,
3v0tA_3uyiA,ShallowMsa_011,CCMpred,0.004,0.0019,0.004,0.0019,0.0021,0.0021,1,1,0,1.0,Amb,0.0005,Amb,0.0016,0.004,0.0019,t_recall,,,,
3v0tA_3uyiA,ShallowMsa_012,CCMpred,0.002,0.0019,0.002,0.0019,0.0001,0.0001,1,1,0,1.0,Amb,-0.0015,Amb,0.0016,0.002,0.0019,t_recall,,,,
3v0tA_3uyiA,ShallowMsa_013,CCMpred,0.002,0.0019,0.002,0.0019,0.0001,0.0001,1,1,0,1.0,Amb,-0.0015,Amb,0.0016,0.002,0.0019,t_recall,,,,
3v0tA_3uyiA,ShallowMsa_014,CCMpred,0.01,0.0038,0.01,0.0038,0.0062,0.0062,1,1,0,1.0,Amb,0.0046,Amb,0.0016,0.01,0.0038,t_recall,,,,
3v0tA_3uyiA,ShallowMsa_015,CCMpred,0.002,0.0019,0.002,0.0019,0.0001,0.0001,1,1,0,1.0,Amb,-0.0015,Amb,0.0016,0.002,0.0019,t_recall,,,,
3v0tA_3uyiA,ShallowMsa_016,CCMpred,0.0,0.0,0.0,0.0,0.0,0.0,1,0,0,0.0,Amb,-0.0016,Amb,0.0016,0.0,0.0,t_recall,,,,
3v0tA_3uyiA,ShallowMsa_017,CCMpred,0.0,0.0,0.0,0.0,0.0,0.0,1,0,0,0.0,Amb,-0.0016,Amb,0.0016,0.0,0.0,t_recall,,,,
3v0tA_3uyiA,ShallowMsa_018,CCMpred,0.0,0.0,0.0,0.0,0.0,0.0,1,0,0,0.0,Amb,-0.0016,Amb,0.0016,0.0,0.0,t_recall,,,,
3v0tA_3uyiA,ShallowMsa_019,CCMpred,0.0,0.0,0.0,0.0,0.0,0.0,1,0,0,0.0,Amb,-0.0016,Amb,0.0016,0.0,0.0,t_recall,,,,
3v0tA_3uyiA,ShallowMsa_000,DDG,-95.7524,-95.0936,-95.7524,-95.0936,-0.6588,-0.6588,10,5,5,0.5,Amb,0.9394,Amb,-1.5982,,,ddg_kcal_per_mol(delta=1.0),-0.6588,3.0313,95.7524,95.0936
3v0tA_3uyiA,ShallowMsa_001,DDG,-100.674,-99.9018,-100.674,-99.9018,-0.7723,-0.7723,10,4,6,0.4,Amb,0.8259,Amb,-1.5982,,,ddg_kcal_per_mol(delta=1.0),-0.7723,3.122,100.674,99.9018
3v0tA_3uyiA,ShallowMsa_002,DDG,-97.429,-97.214,-97.429,-97.214,-0.215,-0.215,10,5,5,0.5,Amb,1.3832,F1,-1.5982,,,ddg_kcal_per_mol(delta=1.0),-0.215,4.0694,97.429,97.214
3v0tA_3uyiA,ShallowMsa_003,DDG,-95.6261,-96.6172,-95.6261,-96.6172,0.9912,0.9912,10,6,4,0.6,Amb,2.5894,F1,-1.5982,,,ddg_kcal_per_mol(delta=1.0),0.9912,3.1243,95.6261,96.6172
3v0tA_3uyiA,ShallowMsa_004,DDG,-84.798,-80.3083,-84.798,-80.3083,-4.4897,-4.4897,10,1,9,0.1,F2,-2.8915,F2,-1.5982,,,ddg_kcal_per_mol(delta=1.0),-4.4897,3.2527,84.798,80.3083
3v0tA_3uyiA,ShallowMsa_005,DDG,-82.7655,-82.108,-82.7655,-82.108,-0.6575,-0.6575,10,4,6,0.4,Amb,0.9407,Amb,-1.5982,,,ddg_kcal_per_mol(delta=1.0),-0.6575,4.0139,82.7655,82.108
3v0tA_3uyiA,ShallowMsa_006,DDG,-99.9964,-99.0595,-99.9964,-99.0595,-0.9369,-0.9369,10,3,7,0.3,Amb,0.6613,Amb,-1.5982,,,ddg_kcal_per_mol(delta=1.0),-0.9369,4.0387,99.9964,99.0595
3v0tA_3uyiA,ShallowMsa_007,DDG,-104.9773,-103.9781,-104.9773,-103.9781,-0.9992,-0.9992,10,3,7,0.3,Amb,0.599,Amb,-1.5982,,,ddg_kcal_per_mol(delta=1.0),-0.9992,3.8644,104.9773,103.9781
3v0tA_3uyiA,ShallowMsa_008,DDG,-108.7118,-107.3174,-108.7118,-107.3174,-1.3943,-1.3943,10,4,6,0.4,F2,0.2039,Amb,-1.5982,,,ddg_kcal_per_mol(delta=1.0),-1.3943,3.3102,108.7118,107.3174
3v0tA_3uyiA,ShallowMsa_009,DDG,-97.9272,-95.9632,-97.9272,-95.9632,-1.964,-1.964,10,3,7,0.3,F2,-0.3658,Amb,-1.5982,,,ddg_kcal_per_mol(delta=1.0),-1.964,2.9418,97.9272,95.9632
3v0tA_3uyiA,ShallowMsa_010,DDG,-89.3011,-88.3612,-89.3011,-88.3612,-0.9399,-0.9399,10,4,6,0.4,Amb,0.6583,Amb,-1.5982,,,ddg_kcal_per_mol(delta=1.0),-0.9399,4.7022,89.3011,88.3612
3v0tA_3uyiA,ShallowMsa_011,DDG,-95.204,-94.7822,-95.204,-94.7822,-0.4219,-0.4219,10,5,5,0.5,Amb,1.1763,F1,-1.5982,,,ddg_kcal_per_mol(delta=1.0),-0.4219,4.4701,95.204,94.7822
3v0tA_3uyiA,ShallowMsa_012,DDG,-105.4618,-102.8852,-105.4618,-102.8852,-2.5766,-2.5766,10,2,8,0.2,F2,-0.9784,Amb,-1.5982,,,ddg_kcal_per_mol(delta=1.0),-2.5766,4.9135,105.4618,102.8852
3v0tA_3uyiA,ShallowMsa_013,DDG,-93.4528,-89.1253,-93.4528,-89.1253,-4.3275,-4.3275,10,1,9,0.1,F2,-2.7293,F2,-1.5982,,,ddg_kcal_per_mol(delta=1.0),-4.3275,3.4298,93.4528,89.1253
3v0tA_3uyiA,ShallowMsa_014,DDG,-77.5034,-75.2443,-77.5034,-75.2443,-2.2591,-2.2591,10,2,8,0.2,F2,-0.6609,Amb,-1.5982,,,ddg_kcal_per_mol(delta=1.0),-2.2591,1.9818,77.5034,75.2443
3v0tA_3uyiA,ShallowMsa_015,DDG,-98.053,-96.2509,-98.053,-96.2509,-1.8021,-1.8021,10,2,8,0.2,F2,-0.2039,Amb,-1.5982,,,ddg_kcal_per_mol(delta=1.0),-1.8021,2.6135,98.053,96.2509
3v0tA_3uyiA,ShallowMsa_016,DDG,-97.0095,-92.1887,-97.0095,-92.1887,-4.8208,-4.8208,10,0,10,0.0,F2,-3.2226,F2,-1.5982,,,ddg_kcal_per_mol(delta=1.0),-4.8208,3.1638,97.0095,92.1887
3v0tA_3uyiA,ShallowMsa_017,DDG,-98.4201,-95.5195,-98.4201,-95.5195,-2.9006,-2.9006,10,1,9,0.1,F2,-1.3024,F2,-1.5982,,,ddg_kcal_per_mol(delta=1.0),-2.9006,2.2657,98.4201,95.5195
3v0tA_3uyiA,ShallowMsa_018,DDG,-87.0467,-84.676,-87.0467,-84.676,-2.3707,-2.3707,10,2,8,0.2,F2,-0.7725,Amb,-1.5982,,,ddg_kcal_per_mol(delta=1.0),-2.3707,3.6388,87.0467,84.676
3v0tA_3uyiA,ShallowMsa_019,DDG,-94.2263,-91.9055,-94.2263,-91.9055,-2.3209,-2.3209,10,3,7,0.3,F2,-0.7227,Amb,-1.5982,,,ddg_kcal_per_mol(delta=1.0),-2.3209,4.0174,94.2263,91.9055
3v0tA_3uyiA,ShallowMsa_000,Boltz2,0.79,0.8111,0.79,0.8111,-0.0211,-0.0211,1,0,1,0.0,Amb,-0.0125,Amb,-0.0086,,,,,,,
3v0tA_3uyiA,ShallowMsa_001,Boltz2,0.6596,0.6652,0.6596,0.6652,-0.0056,-0.0056,1,0,1,0.0,Amb,0.003,Amb,-0.0086,,,,,,,
3v0tA_3uyiA,ShallowMsa_002,Boltz2,0.591,0.5941,0.591,0.5941,-0.0031,-0.0031,1,0,1,0.0,Amb,0.0055,Amb,-0.0086,,,,,,,
3v0tA_3uyiA,ShallowMsa_003,Boltz2,0.7395,0.7353,0.7395,0.7353,0.0043,0.0043,1,1,0,1.0,Amb,0.0129,Amb,-0.0086,,,,,,,
3v0tA_3uyiA,ShallowMsa_004,Boltz2,0.7483,0.7422,0.7483,0.7422,0.0061,0.0061,1,1,0,1.0,Amb,0.0147,Amb,-0.0086,,,,,,,
3v0tA_3uyiA,ShallowMsa_005,Boltz2,0.829,0.8456,0.829,0.8456,-0.0166,-0.0166,1,0,1,0.0,Amb,-0.008,Amb,-0.0086,,,,,,,
3v0tA_3uyiA,ShallowMsa_006,Boltz2,0.7701,0.7875,0.7701,0.7875,-0.0174,-0.0174,1,0,1,0.0,Amb,-0.0088,Amb,-0.0086,,,,,,,
3v0tA_3uyiA,ShallowMsa_007,Boltz2,0.7635,0.7735,0.7635,0.7735,-0.01,-0.01,1,0,1,0.0,Amb,-0.0014,Amb,-0.0086,,,,,,,
3v0tA_3uyiA,ShallowMsa_008,Boltz2,0.6822,0.7004,0.6822,0.7004,-0.0182,-0.0182,1,0,1,0.0,Amb,-0.0096,Amb,-0.0086,,,,,,,
3v0tA_3uyiA,ShallowMsa_009,Boltz2,0.8126,0.8311,0.8126,0.8311,-0.0185,-0.0185,1,0,1,0.0,Amb,-0.0099,Amb,-0.0086,,,,,,,
3v0tA_3uyiA,ShallowMsa_010,Boltz2,0.7594,0.7625,0.7594,0.7625,-0.0031,-0.0031,1,0,1,0.0,Amb,0.0055,Amb,-0.0086,,,,,,,
3v0tA_3uyiA,ShallowMsa_011,Boltz2,0.7482,0.754,0.7482,0.754,-0.0058,-0.0058,1,0,1,0.0,Amb,0.0028,Amb,-0.0086,,,,,,,
3v0tA_3uyiA,ShallowMsa_012,Boltz2,0.6986,0.6982,0.6986,0.6982,0.0004,0.0004,1,1,0,1.0,Amb,0.009,Amb,-0.0086,,,,,,,
3v0tA_3uyiA,ShallowMsa_013,Boltz2,0.5843,0.6085,0.5843,0.6085,-0.0242,-0.0242,1,0,1,0.0,Amb,-0.0156,Amb,-0.0086,,,,,,,
3v0tA_3uyiA,ShallowMsa_014,Boltz2,0.7306,0.7378,0.7306,0.7378,-0.0072,-0.0072,1,0,1,0.0,Amb,0.0014,Amb,-0.0086,,,,,,,
3v0tA_3uyiA,ShallowMsa_015,Boltz2,0.7758,0.7907,0.7758,0.7907,-0.0148,-0.0148,1,0,1,0.0,Amb,-0.0062,Amb,-0.0086,,,,,,,
3v0tA_3uyiA,ShallowMsa_016,Boltz2,0.6396,0.6523,0.6396,0.6523,-0.0127,-0.0127,1,0,1,0.0,Amb,-0.0041,Amb,-0.0086,,,,,,,
3v0tA_3uyiA,ShallowMsa_017,Boltz2,0.5964,0.5937,0.5964,0.5937,0.0027,0.0027,1,1,0,1.0,Amb,0.0113,Amb,-0.0086,,,,,,,
3v0tA_3uyiA,ShallowMsa_018,Boltz2,0.7361,0.7358,0.7361,0.7358,0.0003,0.0003,1,1,0,1.0,Amb,0.0089,Amb,-0.0086,,,,,,,
3v0tA_3uyiA,ShallowMsa_019,Boltz2,0.7973,0.8094,0.7973,0.8094,-0.0121,-0.0121,1,0,1,0.0,Amb,-0.0035,Amb,-0.0086,,,,,,,
3ztjE_5hmgA,DeepMsa,AF2,0.9265,0.902,0.9257,0.9016,0.0245,0.0241,2,2,0,1.0,Amb,0.0245,Amb,0.0146,,,,,,,
3ztjE_5hmgA,ShallowMsa_000,AF2,0.8166,0.7993,0.7908,0.7753,0.0174,0.0155,2,2,0,1.0,Amb,0.0028,Amb,0.0146,,,,,,,
3ztjE_5hmgA,ShallowMsa_001,AF2,0.5923,0.5758,0.5844,0.5687,0.0165,0.0158,2,2,0,1.0,Amb,0.0019,Amb,0.0146,,,,,,,
3ztjE_5hmgA,ShallowMsa_002,AF2,0.7434,0.7289,0.7409,0.7262,0.0146,0.0147,2,2,0,1.0,Amb,0.0,Amb,0.0146,,,,,,,
3ztjE_5hmgA,ShallowMsa_003,AF2,0.5021,0.4936,0.501,0.4906,0.0085,0.0104,2,2,0,1.0,Amb,-0.0061,Amb,0.0146,,,,,,,
3ztjE_5hmgA,ShallowMsa_004,AF2,0.5019,0.4907,0.5004,0.4897,0.0112,0.0107,2,2,0,1.0,Amb,-0.0034,Amb,0.0146,,,,,,,
3ztjE_5hmgA,DeepMsa,AF3,0.9518,0.9366,0.9446,0.9243,0.0152,0.0203,2,2,0,1.0,Amb,0.0152,Amb,0.0166,,,,,,,
3ztjE_5hmgA,ShallowMsa_000,AF3,0.839,0.819,0.8313,0.8118,0.0199,0.0195,2,2,0,1.0,Amb,0.0033,Amb,0.0166,,,,,,,
3ztjE_5hmgA,ShallowMsa_001,AF3,0.6912,0.6743,0.6812,0.6653,0.0169,0.0159,2,2,0,1.0,Amb,0.0003,Amb,0.0166,,,,,,,
3ztjE_5hmgA,ShallowMsa_002,AF3,0.7677,0.7511,0.7479,0.732,0.0166,0.016,2,2,0,1.0,Amb,0.0,Amb,0.0166,,,,,,,
3ztjE_5hmgA,ShallowMsa_003,AF3,0.5082,0.4981,0.5061,0.4966,0.0101,0.0095,2,2,0,1.0,Amb,-0.0065,Amb,0.0166,,,,,,,
3ztjE_5hmgA,ShallowMsa_004,AF3,0.5078,0.498,0.5072,0.4972,0.0099,0.0099,2,2,0,1.0,Amb,-0.0067,Amb,0.0166,,,,,,,
3ztjE_5hmgA,ShallowMsa_000,ESM,0.5489,0.5346,0.3874,0.3792,0.0142,0.0083,20,19,1,0.95,Amb,0.0009,Amb,0.0133,,,,,,,
3ztjE_5hmgA,ShallowMsa_001,ESM,0.5372,0.5223,0.461,0.4488,0.015,0.0122,20,20,0,1.0,Amb,0.0017,Amb,0.0133,,,,,,,
3ztjE_5hmgA,ShallowMsa_002,ESM,0.5719,0.5572,0.4959,0.4837,0.0147,0.0122,20,20,0,1.0,Amb,0.0014,Amb,0.0133,,,,,,,
3ztjE_5hmgA,ShallowMsa_003,ESM,0.5354,0.524,0.3979,0.3888,0.0115,0.0091,20,18,2,0.9,Amb,-0.0018,Amb,0.0133,,,,,,,
3ztjE_5hmgA,ShallowMsa_004,ESM,0.5354,0.524,0.3979,0.3888,0.0115,0.0091,20,18,2,0.9,Amb,-0.0018,Amb,0.0133,,,,,,,
3ztjE_5hmgA,ShallowMsa_005,ESM,0.5515,0.5392,0.4253,0.4142,0.0123,0.0111,10,10,0,1.0,Amb,-0.001,Amb,0.0133,,,,,,,
3ztjE_5hmgA,DeepMsa,MSAT,0.0262,0.0282,0.0262,0.0282,-0.002,-0.002,1,0,1,0.0,Amb,-0.002,Amb,0.0,0.0262,0.0282,t_recall,,,,
3ztjE_5hmgA,ShallowMsa_000,MSAT,0.0,0.0,0.0,0.0,0.0,0.0,1,0,0,0.0,Amb,0.0,Amb,0.0,0.0,0.0,t_recall,,,,
3ztjE_5hmgA,ShallowMsa_001,MSAT,0.0,0.0,0.0,0.0,0.0,0.0,1,0,0,0.0,Amb,0.0,Amb,0.0,0.0,0.0,t_recall,,,,
3ztjE_5hmgA,ShallowMsa_002,MSAT,0.0,0.0,0.0,0.0,0.0,0.0,1,0,0,0.0,Amb,0.0,Amb,0.0,0.0,0.0,t_recall,,,,
3ztjE_5hmgA,ShallowMsa_003,MSAT,0.0067,0.0067,0.0067,0.0067,0.0,0.0,1,0,0,0.0,Amb,0.0,Amb,0.0,0.0067,0.0067,t_recall,,,,
3ztjE_5hmgA,ShallowMsa_004,MSAT,0.0,0.0,0.0,0.0,0.0,0.0,1,0,0,0.0,Amb,0.0,Amb,0.0,0.0,0.0,t_recall,,,,
3ztjE_5hmgA,DeepMsa,CCMpred,0.0,0.0,0.0,0.0,0.0,0.0,1,0,0,0.0,Amb,0.0,Amb,0.0,0.0,0.0,t_recall,,,,
3ztjE_5hmgA,ShallowMsa_000,CCMpred,0.0,0.0,0.0,0.0,0.0,0.0,1,0,0,0.0,Amb,0.0,Amb,0.0,0.0,0.0,t_recall,,,,
3ztjE_5hmgA,ShallowMsa_001,CCMpred,0.0,0.0,0.0,0.0,0.0,0.0,1,0,0,0.0,Amb,0.0,Amb,0.0,0.0,0.0,t_recall,,,,
3ztjE_5hmgA,ShallowMsa_002,CCMpred,0.0,0.0,0.0,0.0,0.0,0.0,1,0,0,0.0,Amb,0.0,Amb,0.0,0.0,0.0,t_recall,,,,
3ztjE_5hmgA,ShallowMsa_003,CCMpred,0.0,0.0,0.0,0.0,0.0,0.0,1,0,0,0.0,Amb,0.0,Amb,0.0,0.0,0.0,t_recall,,,,
3ztjE_5hmgA,ShallowMsa_004,CCMpred,0.0,0.0,0.0,0.0,0.0,0.0,1,0,0,0.0,Amb,0.0,Amb,0.0,0.0,0.0,t_recall,,,,
3ztjE_5hmgA,ShallowMsa_000,DDG,-86.3493,-100.8541,-86.3493,-100.8541,14.5048,14.5048,10,9,1,0.9,F1,-2.3537,F2,16.8585,,,ddg_kcal_per_mol(delta=1.0),14.5048,9.6952,86.3493,100.8541
3ztjE_5hmgA,ShallowMsa_001,DDG,-121.6322,-146.6323,-121.6322,-146.6323,25.0001,25.0001,10,10,0,1.0,F1,8.1416,F1,16.8585,,,ddg_kcal_per_mol(delta=1.0),25.0001,3.4856,121.6322,146.6323
3ztjE_5hmgA,ShallowMsa_002,DDG,-112.5506,-132.1629,-112.5506,-132.1629,19.6124,19.6124,10,10,0,1.0,F1,2.7539,F1,16.8585,,,ddg_kcal_per_mol(delta=1.0),19.6124,4.1114,112.5506,132.1629
3ztjE_5hmgA,ShallowMsa_003,DDG,-59.0202,-71.1956,-59.0202,-71.1956,12.1755,12.1755,10,10,0,1.0,F1,-4.683,F2,16.8585,,,ddg_kcal_per_mol(delta=1.0),12.1755,6.7012,59.0202,71.1956
3ztjE_5hmgA,ShallowMsa_004,DDG,-114.4184,-131.2769,-114.4184,-131.2769,16.8585,16.8585,10,10,0,1.0,F1,0.0,Amb,16.8585,,,ddg_kcal_per_mol(delta=1.0),16.8585,2.9209,114.4184,131.2769
3ztjE_5hmgA,ShallowMsa_000,Boltz2,0.7905,0.7914,0.7905,0.7914,-0.0009,-0.0009,1,0,1,0.0,Amb,0.0013,Amb,-0.0022,,,,,,,
3ztjE_5hmgA,ShallowMsa_002,Boltz2,0.846,0.8495,0.846,0.8495,-0.0034,-0.0034,1,0,1,0.0,Amb,-0.0012,Amb,-0.0022,,,,,,,
3zxgB_5ec5P,DeepMsa,AF2,0.8348,0.5399,0.8276,0.5393,0.2949,0.2883,2,2,0,1.0,F1,0.2949,F1,0.0,,,,,,,
3zxgB_5ec5P,DeepMsa,AF3,0.8422,0.5645,0.8398,0.5529,0.2777,0.2869,2,2,0,1.0,F1,0.2777,F1,0.0,,,,,,,
3zxgB_5ec5P,DeepMsa,ESM,0.8066,0.5725,0.6934,0.5355,0.2341,0.1578,4,4,0,1.0,F1,0.2341,F1,0.0,,,,,,,
3zxgB_5ec5P,DeepMsa,MSAT,0.1359,0.1502,0.1359,0.1502,-0.0143,-0.0143,1,0,1,0.0,Amb,-0.0143,Amb,0.0,0.1359,0.1502,t_recall,,,,
3zxgB_5ec5P,DeepMsa,CCMpred,0.0,0.0,0.0,0.0,0.0,0.0,1,0,0,0.0,Amb,0.0,Amb,0.0,0.0,0.0,t_recall,,,,
4aalA_4aanA,DeepMsa,AF2,0.8795,0.9944,0.8781,0.9845,-0.1149,-0.1064,2,0,2,0.0,F2,-0.1149,F2,-0.0872,,,,,,,
4aalA_4aanA,ShallowMsa_000,AF2,0.8796,0.9934,0.8754,0.9849,-0.1139,-0.1095,2,0,2,0.0,F2,-0.0267,Amb,-0.0872,,,,,,,
4aalA_4aanA,ShallowMsa_001,AF2,0.7803,0.8675,0.7795,0.8654,-0.0872,-0.0858,2,0,2,0.0,F2,0.0,Amb,-0.0872,,,,,,,
4aalA_4aanA,ShallowMsa_002,AF2,0.8184,0.9036,0.8139,0.9001,-0.0852,-0.0862,2,0,2,0.0,F2,0.002,Amb,-0.0872,,,,,,,
4aalA_4aanA,ShallowMsa_003,AF2,0.7457,0.8308,0.7447,0.8293,-0.0851,-0.0846,2,0,2,0.0,F2,0.0021,Amb,-0.0872,,,,,,,
4aalA_4aanA,ShallowMsa_004,AF2,0.7695,0.8679,0.7672,0.8664,-0.0984,-0.0992,2,0,2,0.0,F2,-0.0112,Amb,-0.0872,,,,,,,
4aalA_4aanA,ShallowMsa_005,AF2,0.7769,0.8463,0.7769,0.8463,-0.0693,-0.0693,2,0,2,0.0,F2,0.0179,Amb,-0.0872,,,,,,,
4aalA_4aanA,ShallowMsa_006,AF2,0.7893,0.8905,0.7893,0.8896,-0.1012,-0.1003,2,0,2,0.0,F2,-0.014,Amb,-0.0872,,,,,,,
4aalA_4aanA,ShallowMsa_007,AF2,0.8452,0.9408,0.844,0.9403,-0.0956,-0.0963,2,0,2,0.0,F2,-0.0084,Amb,-0.0872,,,,,,,
4aalA_4aanA,ShallowMsa_008,AF2,0.6899,0.7742,0.6865,0.7708,-0.0843,-0.0843,2,0,2,0.0,F2,0.0029,Amb,-0.0872,,,,,,,
4aalA_4aanA,ShallowMsa_009,AF2,0.7629,0.8272,0.7618,0.8261,-0.0643,-0.0642,2,0,2,0.0,F2,0.0229,Amb,-0.0872,,,,,,,
4aalA_4aanA,ShallowMsa_010,AF2,0.7293,0.8063,0.7293,0.8063,-0.077,-0.077,2,0,2,0.0,F2,0.0102,Amb,-0.0872,,,,,,,
4aalA_4aanA,ShallowMsa_011,AF2,0.8745,0.9754,0.8732,0.9743,-0.1009,-0.1011,2,0,2,0.0,F2,-0.0137,Amb,-0.0872,,,,,,,
4aalA_4aanA,ShallowMsa_012,AF2,0.8081,0.8981,0.8025,0.8903,-0.09,-0.0879,2,0,2,0.0,F2,-0.0028,Amb,-0.0872,,,,,,,
4aalA_4aanA,ShallowMsa_013,AF2,0.8497,0.9521,0.8494,0.9479,-0.1024,-0.0986,2,0,2,0.0,F2,-0.0152,Amb,-0.0872,,,,,,,
4aalA_4aanA,ShallowMsa_014,AF2,0.7652,0.8247,0.7635,0.8238,-0.0595,-0.0603,2,0,2,0.0,F2,0.0277,Amb,-0.0872,,,,,,,
4aalA_4aanA,ShallowMsa_015,AF2,0.7473,0.8407,0.7427,0.8358,-0.0934,-0.0931,2,0,2,0.0,F2,-0.0062,Amb,-0.0872,,,,,,,
4aalA_4aanA,ShallowMsa_016,AF2,0.8194,0.924,0.8178,0.9188,-0.1046,-0.101,2,0,2,0.0,F2,-0.0174,Amb,-0.0872,,,,,,,
4aalA_4aanA,ShallowMsa_017,AF2,0.7767,0.862,0.7767,0.862,-0.0853,-0.0853,2,0,2,0.0,F2,0.0019,Amb,-0.0872,,,,,,,
4aalA_4aanA,ShallowMsa_018,AF2,0.7734,0.8391,0.7724,0.8386,-0.0656,-0.0661,2,0,2,0.0,F2,0.0216,Amb,-0.0872,,,,,,,
4aalA_4aanA,DeepMsa,AF3,0.8797,0.9947,0.8764,0.9868,-0.115,-0.1104,2,0,2,0.0,F2,-0.115,F2,-0.0898,,,,,,,
4aalA_4aanA,ShallowMsa_000,AF3,0.879,0.995,0.8752,0.9874,-0.116,-0.1122,2,0,2,0.0,F2,-0.0262,Amb,-0.0898,,,,,,,
4aalA_4aanA,ShallowMsa_001,AF3,0.776,0.8664,0.7754,0.8637,-0.0904,-0.0883,2,0,2,0.0,F2,-0.0006,Amb,-0.0898,,,,,,,
4aalA_4aanA,ShallowMsa_002,AF3,0.8197,0.9084,0.8158,0.9049,-0.0887,-0.0891,2,0,2,0.0,F2,0.0011,Amb,-0.0898,,,,,,,
4aalA_4aanA,ShallowMsa_003,AF3,0.7454,0.8319,0.7443,0.8307,-0.0865,-0.0864,2,0,2,0.0,F2,0.0033,Amb,-0.0898,,,,,,,
4aalA_4aanA,ShallowMsa_004,AF3,0.7728,0.8733,0.7715,0.8732,-0.1004,-0.1017,2,0,2,0.0,F2,-0.0106,Amb,-0.0898,,,,,,,
4aalA_4aanA,ShallowMsa_005,AF3,0.7779,0.8544,0.7779,0.8544,-0.0765,-0.0765,2,0,2,0.0,F2,0.0133,Amb,-0.0898,,,,,,,
4aalA_4aanA,ShallowMsa_006,AF3,0.7849,0.8886,0.7844,0.8862,-0.1037,-0.1018,2,0,2,0.0,F2,-0.0139,Amb,-0.0898,,,,,,,
4aalA_4aanA,ShallowMsa_007,AF3,0.85,0.949,0.8471,0.9477,-0.099,-0.1006,2,0,2,0.0,F2,-0.0092,Amb,-0.0898,,,,,,,
4aalA_4aanA,ShallowMsa_008,AF3,0.5173,0.5638,0.5111,0.5593,-0.0465,-0.0482,2,0,2,0.0,Amb,0.0433,Amb,-0.0898,,,,,,,
4aalA_4aanA,ShallowMsa_009,AF3,0.7597,0.8311,0.7589,0.8295,-0.0714,-0.0707,2,0,2,0.0,F2,0.0184,Amb,-0.0898,,,,,,,
4aalA_4aanA,ShallowMsa_010,AF3,0.7391,0.8217,0.7391,0.8217,-0.0826,-0.0826,2,0,2,0.0,F2,0.0072,Amb,-0.0898,,,,,,,
4aalA_4aanA,ShallowMsa_011,AF3,0.8736,0.9797,0.8735,0.9795,-0.106,-0.106,2,0,2,0.0,F2,-0.0162,Amb,-0.0898,,,,,,,
4aalA_4aanA,ShallowMsa_012,AF3,0.8092,0.9004,0.8051,0.8957,-0.0913,-0.0906,2,0,2,0.0,F2,-0.0015,Amb,-0.0898,,,,,,,
4aalA_4aanA,ShallowMsa_013,AF3,0.8511,0.9546,0.8494,0.9521,-0.1035,-0.1027,2,0,2,0.0,F2,-0.0137,Amb,-0.0898,,,,,,,
4aalA_4aanA,ShallowMsa_014,AF3,0.7718,0.8423,0.7708,0.8416,-0.0704,-0.0708,2,0,2,0.0,F2,0.0194,Amb,-0.0898,,,,,,,
4aalA_4aanA,ShallowMsa_015,AF3,0.7552,0.845,0.7495,0.8394,-0.0898,-0.0899,2,0,2,0.0,F2,0.0,Amb,-0.0898,,,,,,,
4aalA_4aanA,ShallowMsa_016,AF3,0.8249,0.9267,0.8221,0.9244,-0.1019,-0.1024,2,0,2,0.0,F2,-0.0121,Amb,-0.0898,,,,,,,
4aalA_4aanA,ShallowMsa_017,AF3,0.782,0.8702,0.782,0.8702,-0.0882,-0.0882,2,0,2,0.0,F2,0.0016,Amb,-0.0898,,,,,,,
4aalA_4aanA,ShallowMsa_018,AF3,0.778,0.8465,0.7773,0.8463,-0.0685,-0.069,2,0,2,0.0,F2,0.0213,Amb,-0.0898,,,,,,,
4aalA_4aanA,ShallowMsa_000,ESM,0.8571,0.951,0.5804,0.6449,-0.0938,-0.0645,20,0,20,0.0,F2,-0.003,Amb,-0.0908,,,,,,,
4aalA_4aanA,ShallowMsa_001,ESM,0.7841,0.8644,0.6042,0.6663,-0.0802,-0.0621,20,0,20,0.0,F2,0.0106,Amb,-0.0908,,,,,,,
4aalA_4aanA,ShallowMsa_002,ESM,0.8171,0.9067,0.5661,0.6213,-0.0896,-0.0552,20,2,18,0.1,F2,0.0012,Amb,-0.0908,,,,,,,
4aalA_4aanA,ShallowMsa_003,ESM,0.751,0.8397,0.562,0.6246,-0.0887,-0.0627,20,0,20,0.0,F2,0.0021,Amb,-0.0908,,,,,,,
4aalA_4aanA,ShallowMsa_004,ESM,0.7699,0.8676,0.5462,0.6069,-0.0978,-0.0607,20,0,20,0.0,F2,-0.007,Amb,-0.0908,,,,,,,
4aalA_4aanA,ShallowMsa_005,ESM,0.8027,0.8937,0.5722,0.6253,-0.091,-0.0531,20,2,18,0.1,F2,-0.0002,Amb,-0.0908,,,,,,,
4aalA_4aanA,ShallowMsa_006,ESM,0.7803,0.8693,0.5793,0.6444,-0.089,-0.0651,20,0,20,0.0,F2,0.0018,Amb,-0.0908,,,,,,,
4aalA_4aanA,ShallowMsa_007,ESM,0.8438,0.949,0.5825,0.6413,-0.1051,-0.0587,20,2,18,0.1,F2,-0.0143,Amb,-0.0908,,,,,,,
4aalA_4aanA,ShallowMsa_008,ESM,0.7431,0.8279,0.5609,0.6163,-0.0848,-0.0554,20,2,18,0.1,F2,0.006,Amb,-0.0908,,,,,,,
4aalA_4aanA,ShallowMsa_009,ESM,0.7884,0.8792,0.5898,0.6541,-0.0908,-0.0643,20,1,19,0.05,F2,0.0,Amb,-0.0908,,,,,,,
4aalA_4aanA,ShallowMsa_010,ESM,0.7799,0.8659,0.5896,0.6496,-0.086,-0.06,20,2,18,0.1,F2,0.0048,Amb,-0.0908,,,,,,,
4aalA_4aanA,ShallowMsa_011,ESM,0.8581,0.9665,0.5803,0.6282,-0.1084,-0.0479,20,0,20,0.0,Amb,-0.0176,Amb,-0.0908,,,,,,,
4aalA_4aanA,ShallowMsa_012,ESM,0.8286,0.9113,0.5519,0.6106,-0.0828,-0.0587,20,0,20,0.0,F2,0.008,Amb,-0.0908,,,,,,,
4aalA_4aanA,ShallowMsa_013,ESM,0.8542,0.9483,0.5538,0.6048,-0.0941,-0.051,20,0,20,0.0,F2,-0.0033,Amb,-0.0908,,,,,,,
4aalA_4aanA,ShallowMsa_014,ESM,0.7807,0.869,0.606,0.6677,-0.0883,-0.0617,20,0,20,0.0,F2,0.0025,Amb,-0.0908,,,,,,,
4aalA_4aanA,ShallowMsa_015,ESM,0.7953,0.8802,0.5955,0.6575,-0.0848,-0.0619,20,0,20,0.0,F2,0.006,Amb,-0.0908,,,,,,,
4aalA_4aanA,ShallowMsa_016,ESM,0.8433,0.9473,0.5832,0.646,-0.104,-0.0628,20,0,20,0.0,F2,-0.0132,Amb,-0.0908,,,,,,,
4aalA_4aanA,ShallowMsa_017,ESM,0.802,0.8941,0.5531,0.6123,-0.0921,-0.0591,20,0,20,0.0,F2,-0.0013,Amb,-0.0908,,,,,,,
4aalA_4aanA,ShallowMsa_018,ESM,0.8252,0.9186,0.5935,0.6546,-0.0935,-0.0612,20,2,18,0.1,F2,-0.0027,Amb,-0.0908,,,,,,,
4aalA_4aanA,DeepMsa,MSAT,0.0789,0.0779,0.0789,0.0779,0.001,0.001,1,1,0,1.0,Amb,0.001,Amb,-0.0068,0.0789,0.0779,t_recall,,,,
4aalA_4aanA,ShallowMsa_000,MSAT,0.0719,0.0697,0.0719,0.0697,0.0022,0.0022,1,1,0,1.0,Amb,0.009,Amb,-0.0068,0.0719,0.0697,t_recall,,,,
4aalA_4aanA,ShallowMsa_001,MSAT,0.0056,0.0106,0.0056,0.0106,-0.005,-0.005,1,0,1,0.0,Amb,0.0018,Amb,-0.0068,0.0056,0.0106,t_recall,,,,
4aalA_4aanA,ShallowMsa_002,MSAT,0.1262,0.1543,0.1262,0.1543,-0.0281,-0.0281,1,0,1,0.0,Amb,-0.0213,Amb,-0.0068,0.1262,0.1543,t_recall,,,,
4aalA_4aanA,ShallowMsa_003,MSAT,0.0111,0.0185,0.0111,0.0185,-0.0074,-0.0074,1,0,1,0.0,Amb,-0.0006,Amb,-0.0068,0.0111,0.0185,t_recall,,,,
4aalA_4aanA,ShallowMsa_004,MSAT,0.0213,0.0179,0.0213,0.0179,0.0034,0.0034,1,1,0,1.0,Amb,0.0102,Amb,-0.0068,0.0213,0.0179,t_recall,,,,
4aalA_4aanA,ShallowMsa_005,MSAT,0.015,0.012,0.015,0.012,0.003,0.003,1,1,0,1.0,Amb,0.0098,Amb,-0.0068,0.015,0.012,t_recall,,,,
4aalA_4aanA,ShallowMsa_006,MSAT,0.0041,0.0058,0.0041,0.0058,-0.0017,-0.0017,1,0,1,0.0,Amb,0.0051,Amb,-0.0068,0.0041,0.0058,t_recall,,,,
4aalA_4aanA,ShallowMsa_007,MSAT,0.0741,0.0991,0.0741,0.0991,-0.025,-0.025,1,0,1,0.0,Amb,-0.0182,Amb,-0.0068,0.0741,0.0991,t_recall,,,,
4aalA_4aanA,ShallowMsa_008,MSAT,0.0201,0.0145,0.0201,0.0145,0.0056,0.0056,1,1,0,1.0,Amb,0.0124,Amb,-0.0068,0.0201,0.0145,t_recall,,,,
4aalA_4aanA,ShallowMsa_009,MSAT,0.1121,0.1265,0.1121,0.1265,-0.0144,-0.0144,1,0,1,0.0,Amb,-0.0076,Amb,-0.0068,0.1121,0.1265,t_recall,,,,
4aalA_4aanA,ShallowMsa_010,MSAT,0.0,0.0095,0.0,0.0095,-0.0095,-0.0095,1,0,1,0.0,Amb,-0.0027,Amb,-0.0068,0.0,0.0095,t_recall,,,,
4aalA_4aanA,ShallowMsa_011,MSAT,0.0804,0.0929,0.0804,0.0929,-0.0125,-0.0125,1,0,1,0.0,Amb,-0.0057,Amb,-0.0068,0.0804,0.0929,t_recall,,,,
4aalA_4aanA,ShallowMsa_012,MSAT,0.0056,0.0124,0.0056,0.0124,-0.0068,-0.0068,1,0,1,0.0,Amb,0.0,Amb,-0.0068,0.0056,0.0124,t_recall,,,,
4aalA_4aanA,ShallowMsa_013,MSAT,0.0651,0.0889,0.0651,0.0889,-0.0238,-0.0238,1,0,1,0.0,Amb,-0.017,Amb,-0.0068,0.0651,0.0889,t_recall,,,,
4aalA_4aanA,ShallowMsa_014,MSAT,0.0201,0.0242,0.0201,0.0242,-0.0041,-0.0041,1,0,1,0.0,Amb,0.0027,Amb,-0.0068,0.0201,0.0242,t_recall,,,,
4aalA_4aanA,ShallowMsa_015,MSAT,0.0165,0.0208,0.0165,0.0208,-0.0043,-0.0043,1,0,1,0.0,Amb,0.0025,Amb,-0.0068,0.0165,0.0208,t_recall,,,,
4aalA_4aanA,ShallowMsa_016,MSAT,0.0289,0.0393,0.0289,0.0393,-0.0104,-0.0104,1,0,1,0.0,Amb,-0.0036,Amb,-0.0068,0.0289,0.0393,t_recall,,,,
4aalA_4aanA,ShallowMsa_017,MSAT,0.0135,0.0144,0.0135,0.0144,-0.0009,-0.0009,1,0,1,0.0,Amb,0.0059,Amb,-0.0068,0.0135,0.0144,t_recall,,,,
4aalA_4aanA,ShallowMsa_018,MSAT,0.1007,0.1315,0.1007,0.1315,-0.0308,-0.0308,1,0,1,0.0,Amb,-0.024,Amb,-0.0068,0.1007,0.1315,t_recall,,,,
4aalA_4aanA,DeepMsa,CCMpred,0.1632,0.2007,0.1632,0.2007,-0.0375,-0.0375,1,0,1,0.0,Amb,-0.0375,Amb,0.0,0.1632,0.2007,t_recall,,,,
4aalA_4aanA,ShallowMsa_000,CCMpred,0.014,0.0149,0.014,0.0149,-0.0009,-0.0009,1,0,1,0.0,Amb,-0.0009,Amb,0.0,0.014,0.0149,t_recall,,,,
4aalA_4aanA,ShallowMsa_001,CCMpred,0.0211,0.0232,0.0211,0.0232,-0.0021,-0.0021,1,0,1,0.0,Amb,-0.0021,Amb,0.0,0.0211,0.0232,t_recall,,,,
4aalA_4aanA,ShallowMsa_002,CCMpred,0.0105,0.0116,0.0105,0.0116,-0.0011,-0.0011,1,0,1,0.0,Amb,-0.0011,Amb,0.0,0.0105,0.0116,t_recall,,,,
4aalA_4aanA,ShallowMsa_003,CCMpred,0.0193,0.0232,0.0193,0.0232,-0.0039,-0.0039,1,0,1,0.0,Amb,-0.0039,Amb,0.0,0.0193,0.0232,t_recall,,,,
4aalA_4aanA,ShallowMsa_004,CCMpred,0.007,0.0066,0.007,0.0066,0.0004,0.0004,1,1,0,1.0,Amb,0.0004,Amb,0.0,0.007,0.0066,t_recall,,,,
4aalA_4aanA,ShallowMsa_005,CCMpred,0.0035,0.0033,0.0035,0.0033,0.0002,0.0002,1,1,0,1.0,Amb,0.0002,Amb,0.0,0.0035,0.0033,t_recall,,,,
4aalA_4aanA,ShallowMsa_006,CCMpred,0.0035,0.0033,0.0035,0.0033,0.0002,0.0002,1,1,0,1.0,Amb,0.0002,Amb,0.0,0.0035,0.0033,t_recall,,,,
4aalA_4aanA,ShallowMsa_007,CCMpred,0.0035,0.0033,0.0035,0.0033,0.0002,0.0002,1,1,0,1.0,Amb,0.0002,Amb,0.0,0.0035,0.0033,t_recall,,,,
4aalA_4aanA,ShallowMsa_008,CCMpred,0.007,0.0066,0.007,0.0066,0.0004,0.0004,1,1,0,1.0,Amb,0.0004,Amb,0.0,0.007,0.0066,t_recall,,,,
4aalA_4aanA,ShallowMsa_009,CCMpred,0.0035,0.0033,0.0035,0.0033,0.0002,0.0002,1,1,0,1.0,Amb,0.0002,Amb,0.0,0.0035,0.0033,t_recall,,,,
4aalA_4aanA,ShallowMsa_010,CCMpred,0.0088,0.0083,0.0088,0.0083,0.0005,0.0005,1,1,0,1.0,Amb,0.0005,Amb,0.0,0.0088,0.0083,t_recall,,,,
4aalA_4aanA,ShallowMsa_011,CCMpred,0.0,0.0,0.0,0.0,0.0,0.0,1,0,0,0.0,Amb,0.0,Amb,0.0,0.0,0.0,t_recall,,,,
4aalA_4aanA,ShallowMsa_012,CCMpred,0.0,0.0,0.0,0.0,0.0,0.0,1,0,0,0.0,Amb,0.0,Amb,0.0,0.0,0.0,t_recall,,,,
4aalA_4aanA,ShallowMsa_013,CCMpred,0.0,0.0,0.0,0.0,0.0,0.0,1,0,0,0.0,Amb,0.0,Amb,0.0,0.0,0.0,t_recall,,,,
4aalA_4aanA,ShallowMsa_014,CCMpred,0.0053,0.005,0.0053,0.005,0.0003,0.0003,1,1,0,1.0,Amb,0.0003,Amb,0.0,0.0053,0.005,t_recall,,,,
4aalA_4aanA,ShallowMsa_015,CCMpred,0.0018,0.0017,0.0018,0.0017,0.0001,0.0001,1,1,0,1.0,Amb,0.0001,Amb,0.0,0.0018,0.0017,t_recall,,,,
4aalA_4aanA,ShallowMsa_016,CCMpred,0.0,0.0,0.0,0.0,0.0,0.0,1,0,0,0.0,Amb,0.0,Amb,0.0,0.0,0.0,t_recall,,,,
4aalA_4aanA,ShallowMsa_017,CCMpred,0.0,0.0,0.0,0.0,0.0,0.0,1,0,0,0.0,Amb,0.0,Amb,0.0,0.0,0.0,t_recall,,,,
4aalA_4aanA,ShallowMsa_018,CCMpred,0.0,0.0,0.0,0.0,0.0,0.0,1,0,0,0.0,Amb,0.0,Amb,0.0,0.0,0.0,t_recall,,,,
4aalA_4aanA,ShallowMsa_000,DDG,-108.0932,-107.6244,-108.0932,-107.6244,-0.4688,-0.4688,10,2,8,0.2,Amb,-0.8714,Amb,0.4026,,,ddg_kcal_per_mol(delta=1.0),-0.4688,3.8228,108.0932,107.6244
4aalA_4aanA,ShallowMsa_001,DDG,-125.3431,-127.3325,-125.3431,-127.3325,1.9895,1.9895,10,6,4,0.6,F1,1.5869,F1,0.4026,,,ddg_kcal_per_mol(delta=1.0),1.9895,5.1642,125.3431,127.3325
4aalA_4aanA,ShallowMsa_002,DDG,-108.9435,-111.5167,-108.9435,-111.5167,2.5732,2.5732,10,7,3,0.7,F1,2.1706,F1,0.4026,,,ddg_kcal_per_mol(delta=1.0),2.5732,4.3078,108.9435,111.5167
4aalA_4aanA,ShallowMsa_003,DDG,-117.0312,-116.0382,-117.0312,-116.0382,-0.9931,-0.9931,10,4,6,0.4,Amb,-1.3957,F2,0.4026,,,ddg_kcal_per_mol(delta=1.0),-0.9931,4.9904,117.0312,116.0382
4aalA_4aanA,ShallowMsa_004,DDG,-85.653,-85.1527,-85.653,-85.1527,-0.5003,-0.5003,10,5,5,0.5,Amb,-0.9029,Amb,0.4026,,,ddg_kcal_per_mol(delta=1.0),-0.5003,5.3753,85.653,85.1527
4aalA_4aanA,ShallowMsa_005,DDG,-121.9137,-123.0684,-121.9137,-123.0684,1.1547,1.1547,10,5,5,0.5,F1,0.7521,Amb,0.4026,,,ddg_kcal_per_mol(delta=1.0),1.1547,6.4058,121.9137,123.0684
4aalA_4aanA,ShallowMsa_006,DDG,-127.9538,-127.2913,-127.9538,-127.2913,-0.6624,-0.6624,10,6,4,0.6,Amb,-1.065,F2,0.4026,,,ddg_kcal_per_mol(delta=1.0),-0.6624,4.5182,127.9538,127.2913
4aalA_4aanA,ShallowMsa_007,DDG,-89.4951,-87.8203,-89.4951,-87.8203,-1.6747,-1.6747,10,4,6,0.4,F2,-2.0773,F2,0.4026,,,ddg_kcal_per_mol(delta=1.0),-1.6747,7.6258,89.4951,87.8203
4aalA_4aanA,ShallowMsa_008,DDG,-118.308,-117.6017,-118.308,-117.6017,-0.7063,-0.7063,10,4,6,0.4,Amb,-1.1089,F2,0.4026,,,ddg_kcal_per_mol(delta=1.0),-0.7063,3.3764,118.308,117.6017
4aalA_4aanA,ShallowMsa_009,DDG,-127.2351,-131.0775,-127.2351,-131.0775,3.8424,3.8424,10,9,1,0.9,F1,3.4398,F1,0.4026,,,ddg_kcal_per_mol(delta=1.0),3.8424,3.7665,127.2351,131.0775
4aalA_4aanA,ShallowMsa_010,DDG,-124.5472,-127.4492,-124.5472,-127.4492,2.902,2.902,10,7,3,0.7,F1,2.4994,F1,0.4026,,,ddg_kcal_per_mol(delta=1.0),2.902,4.1063,124.5472,127.4492
4aalA_4aanA,ShallowMsa_011,DDG,-74.6758,-76.252,-74.6758,-76.252,1.5762,1.5762,10,5,5,0.5,F1,1.1736,F1,0.4026,,,ddg_kcal_per_mol(delta=1.0),1.5762,5.365,74.6758,76.252
4aalA_4aanA,ShallowMsa_012,DDG,-90.4816,-90.8481,-90.4816,-90.8481,0.3665,0.3665,10,5,5,0.5,Amb,-0.0361,Amb,0.4026,,,ddg_kcal_per_mol(delta=1.0),0.3665,3.8855,90.4816,90.8481
4aalA_4aanA,ShallowMsa_013,DDG,-65.7308,-66.8261,-65.7308,-66.8261,1.0953,1.0953,10,7,3,0.7,F1,0.6927,Amb,0.4026,,,ddg_kcal_per_mol(delta=1.0),1.0953,6.1562,65.7308,66.8261
4aalA_4aanA,ShallowMsa_014,DDG,-123.9997,-129.3964,-123.9997,-129.3964,5.3967,5.3967,10,8,2,0.8,F1,4.9941,F1,0.4026,,,ddg_kcal_per_mol(delta=1.0),5.3967,6.0084,123.9997,129.3964
4aalA_4aanA,ShallowMsa_015,DDG,-118.0402,-117.7687,-118.0402,-117.7687,-0.2714,-0.2714,10,5,5,0.5,Amb,-0.674,Amb,0.4026,,,ddg_kcal_per_mol(delta=1.0),-0.2714,4.777,118.0402,117.7687
4aalA_4aanA,ShallowMsa_016,DDG,-111.5329,-112.1616,-111.5329,-112.1616,0.6288,0.6288,10,7,3,0.7,Amb,0.2262,Amb,0.4026,,,ddg_kcal_per_mol(delta=1.0),0.6288,4.5635,111.5329,112.1616
4aalA_4aanA,ShallowMsa_017,DDG,-94.7515,-93.7592,-94.7515,-93.7592,-0.9923,-0.9923,10,7,3,0.7,Amb,-1.3949,F2,0.4026,,,ddg_kcal_per_mol(delta=1.0),-0.9923,3.5663,94.7515,93.7592
4aalA_4aanA,ShallowMsa_018,DDG,-97.838,-98.2406,-97.838,-98.2406,0.4026,0.4026,10,3,7,0.3,Amb,0.0,Amb,0.4026,,,ddg_kcal_per_mol(delta=1.0),0.4026,5.2637,97.838,98.2406
4aalA_4aanA,ShallowMsa_000,Boltz2,0.3025,0.3137,0.3025,0.3137,-0.0112,-0.0112,1,0,1,0.0,Amb,-0.0082,Amb,-0.003,,,,,,,
4aalA_4aanA,ShallowMsa_001,Boltz2,0.2908,0.305,0.2908,0.305,-0.0142,-0.0142,1,0,1,0.0,Amb,-0.0112,Amb,-0.003,,,,,,,
4aalA_4aanA,ShallowMsa_002,Boltz2,0.4559,0.4823,0.4559,0.4823,-0.0264,-0.0264,1,0,1,0.0,Amb,-0.0234,Amb,-0.003,,,,,,,
4aalA_4aanA,ShallowMsa_005,Boltz2,0.4983,0.4917,0.4983,0.4917,0.0066,0.0066,1,1,0,1.0,Amb,0.0096,Amb,-0.003,,,,,,,
4aalA_4aanA,ShallowMsa_006,Boltz2,0.4152,0.4181,0.4152,0.4181,-0.003,-0.003,1,0,1,0.0,Amb,0.0,Amb,-0.003,,,,,,,
4aalA_4aanA,ShallowMsa_007,Boltz2,0.4271,0.4366,0.4271,0.4366,-0.0096,-0.0096,1,0,1,0.0,Amb,-0.0066,Amb,-0.003,,,,,,,
4aalA_4aanA,ShallowMsa_008,Boltz2,0.3484,0.3512,0.3484,0.3512,-0.0028,-0.0028,1,0,1,0.0,Amb,0.0002,Amb,-0.003,,,,,,,
4aalA_4aanA,ShallowMsa_009,Boltz2,0.305,0.3028,0.305,0.3028,0.0022,0.0022,1,1,0,1.0,Amb,0.0052,Amb,-0.003,,,,,,,
4aalA_4aanA,ShallowMsa_010,Boltz2,0.4725,0.4572,0.4725,0.4572,0.0152,0.0152,1,1,0,1.0,Amb,0.0182,Amb,-0.003,,,,,,,
4aalA_4aanA,ShallowMsa_011,Boltz2,0.2969,0.2721,0.2969,0.2721,0.0247,0.0247,1,1,0,1.0,Amb,0.0277,Amb,-0.003,,,,,,,
4aalA_4aanA,ShallowMsa_012,Boltz2,0.3043,0.3073,0.3043,0.3073,-0.003,-0.003,1,0,1,0.0,Amb,0.0,Amb,-0.003,,,,,,,
4aalA_4aanA,ShallowMsa_013,Boltz2,0.2623,0.2905,0.2623,0.2905,-0.0282,-0.0282,1,0,1,0.0,Amb,-0.0252,Amb,-0.003,,,,,,,
4aalA_4aanA,ShallowMsa_014,Boltz2,0.3069,0.3185,0.3069,0.3185,-0.0116,-0.0116,1,0,1,0.0,Amb,-0.0086,Amb,-0.003,,,,,,,
4aalA_4aanA,ShallowMsa_015,Boltz2,0.3552,0.3608,0.3552,0.3608,-0.0056,-0.0056,1,0,1,0.0,Amb,-0.0026,Amb,-0.003,,,,,,,
4aalA_4aanA,ShallowMsa_016,Boltz2,0.2859,0.2956,0.2859,0.2956,-0.0097,-0.0097,1,0,1,0.0,Amb,-0.0067,Amb,-0.003,,,,,,,
4aalA_4aanA,ShallowMsa_017,Boltz2,0.5421,0.5422,0.5421,0.5422,-0.0002,-0.0002,1,0,1,0.0,Amb,0.0028,Amb,-0.003,,,,,,,
4aalA_4aanA,ShallowMsa_018,Boltz2,0.2917,0.2895,0.2917,0.2895,0.0022,0.0022,1,1,0,1.0,Amb,0.0052,Amb,-0.003,,,,,,,
4cmqB_4zt0C,DeepMsa,AF2,0.5515,0.8031,0.5354,0.7143,-0.2516,-0.1789,2,0,2,0.0,F2,-0.2516,F2,-0.2516,,,,,,,
4cmqB_4zt0C,ShallowMsa_000,AF2,0.5515,0.8031,0.5354,0.7143,-0.2516,-0.1789,2,0,2,0.0,F2,0.0,Amb,-0.2516,,,,,,,
4cmqB_4zt0C,ShallowMsa_001,AF2,0.473,0.6083,0.45,0.5196,-0.1353,-0.0697,2,0,2,0.0,F2,0.1163,F1,-0.2516,,,,,,,
4cmqB_4zt0C,ShallowMsa_002,AF2,0.5515,0.8031,0.5354,0.7143,-0.2516,-0.1789,2,0,2,0.0,F2,0.0,Amb,-0.2516,,,,,,,
4cmqB_4zt0C,ShallowMsa_003,AF2,0.5515,0.8031,0.5354,0.7143,-0.2516,-0.1789,2,0,2,0.0,F2,0.0,Amb,-0.2516,,,,,,,
4cmqB_4zt0C,ShallowMsa_004,AF2,0.5515,0.8031,0.5354,0.7143,-0.2516,-0.1789,2,0,2,0.0,F2,0.0,Amb,-0.2516,,,,,,,
4cmqB_4zt0C,ShallowMsa_005,AF2,0.5515,0.8031,0.5354,0.7143,-0.2516,-0.1789,2,0,2,0.0,F2,0.0,Amb,-0.2516,,,,,,,
4cmqB_4zt0C,ShallowMsa_006,AF2,0.5515,0.8031,0.5354,0.7143,-0.2516,-0.1789,2,0,2,0.0,F2,0.0,Amb,-0.2516,,,,,,,
4cmqB_4zt0C,DeepMsa,AF3,0.5383,0.8816,0.5284,0.785,-0.3434,-0.2565,2,0,2,0.0,F2,-0.3434,F2,-0.3437,,,,,,,
4cmqB_4zt0C,ShallowMsa_000,AF3,0.5383,0.882,0.5286,0.7851,-0.3437,-0.2565,2,0,2,0.0,F2,0.0,Amb,-0.3437,,,,,,,
4cmqB_4zt0C,ShallowMsa_001,AF3,0.5028,0.7756,0.498,0.7035,-0.2727,-0.2055,2,0,2,0.0,F2,0.071,F1,-0.3437,,,,,,,
4cmqB_4zt0C,ShallowMsa_002,AF3,0.5383,0.882,0.5286,0.7851,-0.3437,-0.2565,2,0,2,0.0,F2,0.0,Amb,-0.3437,,,,,,,
4cmqB_4zt0C,ShallowMsa_003,AF3,0.5383,0.882,0.5286,0.7851,-0.3437,-0.2565,2,0,2,0.0,F2,0.0,Amb,-0.3437,,,,,,,
4cmqB_4zt0C,ShallowMsa_004,AF3,0.5383,0.882,0.5286,0.7851,-0.3437,-0.2565,2,0,2,0.0,F2,0.0,Amb,-0.3437,,,,,,,
4cmqB_4zt0C,ShallowMsa_005,AF3,0.5383,0.882,0.5286,0.7851,-0.3437,-0.2565,2,0,2,0.0,F2,0.0,Amb,-0.3437,,,,,,,
4cmqB_4zt0C,ShallowMsa_006,AF3,0.5383,0.8816,0.5284,0.785,-0.3434,-0.2565,2,0,2,0.0,F2,0.0003,Amb,-0.3437,,,,,,,
4cmqB_4zt0C,ShallowMsa_000,ESM,0.3979,0.591,0.3043,0.3625,-0.1931,-0.0582,11,3,8,0.273,F2,0.0223,Amb,-0.2154,,,,,,,
4cmqB_4zt0C,ShallowMsa_001,ESM,0.4095,0.6172,0.2884,0.3793,-0.2077,-0.0908,10,3,7,0.3,F2,0.0077,Amb,-0.2154,,,,,,,
4cmqB_4zt0C,ShallowMsa_002,ESM,0.4246,0.559,0.3058,0.3868,-0.1343,-0.0811,10,2,8,0.2,F2,0.0811,F1,-0.2154,,,,,,,
4cmqB_4zt0C,ShallowMsa_003,ESM,0.4173,0.6615,0.3208,0.4284,-0.2442,-0.1076,10,3,7,0.3,F2,-0.0288,Amb,-0.2154,,,,,,,
4cmqB_4zt0C,ShallowMsa_004,ESM,0.4149,0.6646,0.3116,0.4197,-0.2496,-0.1081,10,1,9,0.1,F2,-0.0342,Amb,-0.2154,,,,,,,
4cmqB_4zt0C,ShallowMsa_005,ESM,0.3937,0.609,0.3166,0.4131,-0.2154,-0.0965,10,3,7,0.3,F2,0.0,Amb,-0.2154,,,,,,,
4cmqB_4zt0C,ShallowMsa_006,ESM,0.3976,0.6455,0.3196,0.4154,-0.2479,-0.0958,10,1,9,0.1,F2,-0.0325,Amb,-0.2154,,,,,,,
4cmqB_4zt0C,DeepMsa,MSAT,0.0059,0.0045,0.0059,0.0045,0.0014,0.0014,1,1,0,1.0,Amb,0.0014,Amb,-0.0051,0.0059,0.0045,t_recall,,,,
4cmqB_4zt0C,ShallowMsa_000,MSAT,0.0128,0.0112,0.0128,0.0112,0.0016,0.0016,1,1,0,1.0,Amb,0.0067,Amb,-0.0051,0.0128,0.0112,t_recall,,,,
4cmqB_4zt0C,ShallowMsa_001,MSAT,0.0069,0.0143,0.0069,0.0143,-0.0074,-0.0074,1,0,1,0.0,Amb,-0.0023,Amb,-0.0051,0.0069,0.0143,t_recall,,,,
4cmqB_4zt0C,ShallowMsa_002,MSAT,0.012,0.0171,0.012,0.0171,-0.0051,-0.0051,1,0,1,0.0,Amb,0.0,Amb,-0.0051,0.012,0.0171,t_recall,,,,
4cmqB_4zt0C,ShallowMsa_003,MSAT,0.0116,0.0167,0.0116,0.0167,-0.0051,-0.0051,1,0,1,0.0,Amb,0.0,Amb,-0.0051,0.0116,0.0167,t_recall,,,,
4cmqB_4zt0C,ShallowMsa_004,MSAT,0.0388,0.041,0.0388,0.041,-0.0022,-0.0022,1,0,1,0.0,Amb,0.0029,Amb,-0.0051,0.0388,0.041,t_recall,,,,
4cmqB_4zt0C,ShallowMsa_005,MSAT,0.0136,0.0173,0.0136,0.0173,-0.0037,-0.0037,1,0,1,0.0,Amb,0.0014,Amb,-0.0051,0.0136,0.0173,t_recall,,,,
4cmqB_4zt0C,ShallowMsa_006,MSAT,0.0149,0.0209,0.0149,0.0209,-0.006,-0.006,1,0,1,0.0,Amb,-0.0009,Amb,-0.0051,0.0149,0.0209,t_recall,,,,
4cmqB_4zt0C,DeepMsa,CCMpred,0.0,0.0,0.0,0.0,0.0,0.0,1,0,0,0.0,Amb,0.0,Amb,0.0,0.0,0.0,t_recall,,,,
4cmqB_4zt0C,ShallowMsa_000,CCMpred,0.0,0.0,0.0,0.0,0.0,0.0,1,0,0,0.0,Amb,0.0,Amb,0.0,0.0,0.0,t_recall,,,,
4cmqB_4zt0C,ShallowMsa_001,CCMpred,0.0,0.0,0.0,0.0,0.0,0.0,1,0,0,0.0,Amb,0.0,Amb,0.0,0.0,0.0,t_recall,,,,
4cmqB_4zt0C,ShallowMsa_002,CCMpred,0.0,0.0,0.0,0.0,0.0,0.0,1,0,0,0.0,Amb,0.0,Amb,0.0,0.0,0.0,t_recall,,,,
4cmqB_4zt0C,ShallowMsa_003,CCMpred,0.0,0.0,0.0,0.0,0.0,0.0,1,0,0,0.0,Amb,0.0,Amb,0.0,0.0,0.0,t_recall,,,,
4cmqB_4zt0C,ShallowMsa_004,CCMpred,0.0,0.0,0.0,0.0,0.0,0.0,1,0,0,0.0,Amb,0.0,Amb,0.0,0.0,0.0,t_recall,,,,
4cmqB_4zt0C,ShallowMsa_005,CCMpred,0.0,0.0,0.0,0.0,0.0,0.0,1,0,0,0.0,Amb,0.0,Amb,0.0,0.0,0.0,t_recall,,,,
4cmqB_4zt0C,ShallowMsa_006,CCMpred,0.0,0.0,0.0,0.0,0.0,0.0,1,0,0,0.0,Amb,0.0,Amb,0.0,0.0,0.0,t_recall,,,,
4cmqB_4zt0C,ShallowMsa_000,DDG,-295.0759,-307.4224,-295.0759,-307.4224,12.3465,12.3465,10,8,2,0.8,F1,-1.4868,F2,13.8333,,,ddg_kcal_per_mol(delta=1.0),12.3465,24.3438,295.0759,307.4224
4cmqB_4zt0C,ShallowMsa_001,DDG,-213.6629,-223.1082,-213.6629,-223.1082,9.4453,9.4453,10,7,3,0.7,F1,-4.388,F2,13.8333,,,ddg_kcal_per_mol(delta=1.0),9.4453,20.9498,213.6629,223.1082
4cmqB_4zt0C,ShallowMsa_002,DDG,-306.7748,-327.0656,-306.7748,-327.0656,20.2908,20.2908,10,6,4,0.6,F1,6.4575,F1,13.8333,,,ddg_kcal_per_mol(delta=1.0),20.2908,27.6341,306.7748,327.0656
4cmqB_4zt0C,ShallowMsa_003,DDG,-332.5876,-346.421,-332.5876,-346.421,13.8333,13.8333,10,6,4,0.6,F1,0.0,Amb,13.8333,,,ddg_kcal_per_mol(delta=1.0),13.8333,27.0656,332.5876,346.421
4cmqB_4zt0C,ShallowMsa_004,DDG,-325.6917,-348.0304,-325.6917,-348.0304,22.3387,22.3387,10,8,2,0.8,F1,8.5054,F1,13.8333,,,ddg_kcal_per_mol(delta=1.0),22.3387,24.2712,325.6917,348.0304
4cmqB_4zt0C,ShallowMsa_005,DDG,-352.8234,-362.0081,-352.8234,-362.0081,9.1847,9.1847,10,6,4,0.6,F1,-4.6486,F2,13.8333,,,ddg_kcal_per_mol(delta=1.0),9.1847,37.9304,352.8234,362.0081
4cmqB_4zt0C,ShallowMsa_006,DDG,-355.166,-369.9262,-355.166,-369.9262,14.7602,14.7602,10,7,3,0.7,F1,0.9269,Amb,13.8333,,,ddg_kcal_per_mol(delta=1.0),14.7602,19.4539,355.166,369.9262
4cmqB_4zt0C,ShallowMsa_000,Boltz2,0.2349,0.2588,0.2349,0.2588,-0.0239,-0.0239,1,0,1,0.0,Amb,0.0039,Amb,-0.0278,,,,,,,
4cmqB_4zt0C,ShallowMsa_001,Boltz2,0.2185,0.2593,0.2185,0.2593,-0.0408,-0.0408,1,0,1,0.0,Amb,-0.013,Amb,-0.0278,,,,,,,
4cmqB_4zt0C,ShallowMsa_002,Boltz2,0.2132,0.2433,0.2132,0.2433,-0.0301,-0.0301,1,0,1,0.0,Amb,-0.0023,Amb,-0.0278,,,,,,,
4cmqB_4zt0C,ShallowMsa_003,Boltz2,0.2388,0.263,0.2388,0.263,-0.0243,-0.0243,1,0,1,0.0,Amb,0.0035,Amb,-0.0278,,,,,,,
4cmqB_4zt0C,ShallowMsa_005,Boltz2,0.2224,0.2594,0.2224,0.2594,-0.0369,-0.0369,1,0,1,0.0,Amb,-0.0091,Amb,-0.0278,,,,,,,
4cmqB_4zt0C,ShallowMsa_006,Boltz2,0.2162,0.2416,0.2162,0.2416,-0.0255,-0.0255,1,0,1,0.0,Amb,0.0023,Amb,-0.0278,,,,,,,
4dxrA_4dxtA,DeepMsa,AF2,0.924,0.9121,0.9221,0.9095,0.0118,0.0126,2,2,0,1.0,Amb,0.0118,Amb,0.01,,,,,,,
4dxrA_4dxtA,ShallowMsa_000,AF2,0.8543,0.8247,0.8451,0.8195,0.0296,0.0256,2,2,0,1.0,Amb,0.0196,Amb,0.01,,,,,,,
4dxrA_4dxtA,ShallowMsa_001,AF2,0.682,0.6945,0.682,0.6945,-0.0126,-0.0126,2,0,2,0.0,Amb,-0.0226,Amb,0.01,,,,,,,
4dxrA_4dxtA,ShallowMsa_002,AF2,0.7937,0.7689,0.7937,0.7689,0.0248,0.0248,2,2,0,1.0,Amb,0.0147,Amb,0.01,,,,,,,
4dxrA_4dxtA,ShallowMsa_003,AF2,0.9184,0.8877,0.9184,0.8877,0.0308,0.0308,2,2,0,1.0,Amb,0.0208,Amb,0.01,,,,,,,
4dxrA_4dxtA,ShallowMsa_004,AF2,0.8125,0.8183,0.8125,0.8183,-0.0058,-0.0058,2,0,2,0.0,Amb,-0.0158,Amb,0.01,,,,,,,
4dxrA_4dxtA,ShallowMsa_005,AF2,0.855,0.8454,0.855,0.8454,0.0096,0.0096,2,2,0,1.0,Amb,-0.0005,Amb,0.01,,,,,,,
4dxrA_4dxtA,ShallowMsa_006,AF2,0.7789,0.7592,0.7789,0.7592,0.0197,0.0197,2,2,0,1.0,Amb,0.0096,Amb,0.01,,,,,,,
4dxrA_4dxtA,ShallowMsa_007,AF2,0.7758,0.7652,0.7758,0.7652,0.0105,0.0105,2,2,0,1.0,Amb,0.0005,Amb,0.01,,,,,,,
4dxrA_4dxtA,ShallowMsa_008,AF2,0.814,0.7994,0.814,0.7994,0.0145,0.0145,2,2,0,1.0,Amb,0.0045,Amb,0.01,,,,,,,
4dxrA_4dxtA,ShallowMsa_009,AF2,0.8585,0.821,0.8585,0.821,0.0375,0.0375,2,2,0,1.0,Amb,0.0274,Amb,0.01,,,,,,,
4dxrA_4dxtA,ShallowMsa_010,AF2,0.7386,0.739,0.7278,0.7278,-0.0004,0.0,2,1,1,0.5,Amb,-0.0104,Amb,0.01,,,,,,,
4dxrA_4dxtA,ShallowMsa_011,AF2,0.8506,0.8139,0.8286,0.796,0.0367,0.0326,2,2,0,1.0,Amb,0.0267,Amb,0.01,,,,,,,
4dxrA_4dxtA,ShallowMsa_012,AF2,0.7861,0.792,0.778,0.7845,-0.0058,-0.0065,2,0,2,0.0,Amb,-0.0158,Amb,0.01,,,,,,,
4dxrA_4dxtA,ShallowMsa_013,AF2,0.8331,0.8467,0.8297,0.8429,-0.0136,-0.0132,2,0,2,0.0,Amb,-0.0236,Amb,0.01,,,,,,,
4dxrA_4dxtA,ShallowMsa_014,AF2,0.7793,0.7904,0.7793,0.7904,-0.011,-0.011,2,0,2,0.0,Amb,-0.021,Amb,0.01,,,,,,,
4dxrA_4dxtA,ShallowMsa_015,AF2,0.9331,0.8811,0.9266,0.8803,0.052,0.0463,2,2,0,1.0,F1,0.042,Amb,0.01,,,,,,,
4dxrA_4dxtA,ShallowMsa_016,AF2,0.7706,0.7778,0.7609,0.7668,-0.0072,-0.0059,2,0,2,0.0,Amb,-0.0173,Amb,0.01,,,,,,,
4dxrA_4dxtA,ShallowMsa_017,AF2,0.7955,0.7782,0.7955,0.7782,0.0172,0.0172,2,2,0,1.0,Amb,0.0072,Amb,0.01,,,,,,,
4dxrA_4dxtA,ShallowMsa_018,AF2,0.7846,0.7853,0.7846,0.7853,-0.0007,-0.0007,2,0,2,0.0,Amb,-0.0107,Amb,0.01,,,,,,,
4dxrA_4dxtA,ShallowMsa_019,AF2,0.7565,0.7578,0.7565,0.7578,-0.0013,-0.0013,2,0,2,0.0,Amb,-0.0113,Amb,0.01,,,,,,,
4dxrA_4dxtA,DeepMsa,AF3,0.9437,0.9195,0.9335,0.9183,0.0241,0.0153,2,2,0,1.0,Amb,0.0241,Amb,0.0027,,,,,,,
4dxrA_4dxtA,ShallowMsa_000,AF3,0.9153,0.8868,0.9013,0.8819,0.0285,0.0194,2,2,0,1.0,Amb,0.0259,Amb,0.0027,,,,,,,
4dxrA_4dxtA,ShallowMsa_001,AF3,0.7146,0.7168,0.7146,0.7168,-0.0023,-0.0023,2,0,2,0.0,Amb,-0.0049,Amb,0.0027,,,,,,,
4dxrA_4dxtA,ShallowMsa_002,AF3,0.8782,0.851,0.8782,0.851,0.0272,0.0272,2,2,0,1.0,Amb,0.0245,Amb,0.0027,,,,,,,
4dxrA_4dxtA,ShallowMsa_003,AF3,0.8933,0.8914,0.8933,0.8914,0.0019,0.0019,2,2,0,1.0,Amb,-0.0008,Amb,0.0027,,,,,,,
4dxrA_4dxtA,ShallowMsa_004,AF3,0.8132,0.8098,0.8132,0.8098,0.0034,0.0034,2,2,0,1.0,Amb,0.0007,Amb,0.0027,,,,,,,
4dxrA_4dxtA,ShallowMsa_005,AF3,0.8902,0.8734,0.8902,0.8734,0.0167,0.0167,2,2,0,1.0,Amb,0.014,Amb,0.0027,,,,,,,
4dxrA_4dxtA,ShallowMsa_006,AF3,0.7705,0.7745,0.7705,0.7745,-0.0041,-0.0041,2,0,2,0.0,Amb,-0.0068,Amb,0.0027,,,,,,,
4dxrA_4dxtA,ShallowMsa_007,AF3,0.7692,0.759,0.7692,0.759,0.0102,0.0102,2,2,0,1.0,Amb,0.0076,Amb,0.0027,,,,,,,
4dxrA_4dxtA,ShallowMsa_008,AF3,0.7951,0.7771,0.7951,0.7771,0.018,0.018,2,2,0,1.0,Amb,0.0153,Amb,0.0027,,,,,,,
4dxrA_4dxtA,ShallowMsa_009,AF3,0.8337,0.8176,0.8337,0.8176,0.0161,0.0161,2,2,0,1.0,Amb,0.0135,Amb,0.0027,,,,,,,
4dxrA_4dxtA,ShallowMsa_010,AF3,0.7386,0.7426,0.7369,0.7423,-0.0041,-0.0055,2,0,2,0.0,Amb,-0.0068,Amb,0.0027,,,,,,,
4dxrA_4dxtA,ShallowMsa_011,AF3,0.888,0.8711,0.8532,0.8353,0.0169,0.0179,2,2,0,1.0,Amb,0.0142,Amb,0.0027,,,,,,,
4dxrA_4dxtA,ShallowMsa_012,AF3,0.7803,0.7832,0.7769,0.7767,-0.0028,0.0002,2,1,1,0.5,Amb,-0.0054,Amb,0.0027,,,,,,,
4dxrA_4dxtA,ShallowMsa_013,AF3,0.816,0.8214,0.8141,0.82,-0.0054,-0.0059,2,0,2,0.0,Amb,-0.008,Amb,0.0027,,,,,,,
4dxrA_4dxtA,ShallowMsa_014,AF3,0.7837,0.7929,0.7837,0.7929,-0.0091,-0.0091,2,0,2,0.0,Amb,-0.0118,Amb,0.0027,,,,,,,
4dxrA_4dxtA,ShallowMsa_015,AF3,0.9261,0.8719,0.8975,0.8525,0.0542,0.045,2,2,0,1.0,F1,0.0515,F1,0.0027,,,,,,,
4dxrA_4dxtA,ShallowMsa_016,AF3,0.7609,0.7686,0.7585,0.7667,-0.0077,-0.0083,2,0,2,0.0,Amb,-0.0103,Amb,0.0027,,,,,,,
4dxrA_4dxtA,ShallowMsa_017,AF3,0.7965,0.7822,0.7965,0.7822,0.0143,0.0143,2,2,0,1.0,Amb,0.0117,Amb,0.0027,,,,,,,
4dxrA_4dxtA,ShallowMsa_018,AF3,0.767,0.7755,0.767,0.7755,-0.0084,-0.0084,2,0,2,0.0,Amb,-0.011,Amb,0.0027,,,,,,,
4dxrA_4dxtA,ShallowMsa_019,AF3,0.7917,0.7929,0.7917,0.7929,-0.0012,-0.0012,2,0,2,0.0,Amb,-0.0039,Amb,0.0027,,,,,,,
4dxrA_4dxtA,ShallowMsa_000,ESM,0.8832,0.8632,0.6764,0.6719,0.02,0.0045,20,14,6,0.7,Amb,0.0055,Amb,0.0145,,,,,,,
4dxrA_4dxtA,ShallowMsa_001,ESM,0.7924,0.7958,0.6424,0.6442,-0.0034,-0.0019,20,8,12,0.4,Amb,-0.0179,Amb,0.0145,,,,,,,
4dxrA_4dxtA,ShallowMsa_002,ESM,0.8625,0.8372,0.6788,0.6664,0.0253,0.0123,20,18,2,0.9,Amb,0.0108,Amb,0.0145,,,,,,,
4dxrA_4dxtA,ShallowMsa_003,ESM,0.8756,0.846,0.648,0.6453,0.0296,0.0027,20,9,11,0.45,Amb,0.0151,Amb,0.0145,,,,,,,
4dxrA_4dxtA,ShallowMsa_004,ESM,0.8577,0.8214,0.586,0.5797,0.0363,0.0063,20,12,8,0.6,Amb,0.0218,Amb,0.0145,,,,,,,
4dxrA_4dxtA,ShallowMsa_005,ESM,0.9122,0.8717,0.617,0.6045,0.0405,0.0125,20,16,4,0.8,Amb,0.026,Amb,0.0145,,,,,,,
4dxrA_4dxtA,ShallowMsa_006,ESM,0.8174,0.8341,0.6277,0.629,-0.0166,-0.0013,20,13,7,0.65,Amb,-0.0311,Amb,0.0145,,,,,,,
4dxrA_4dxtA,ShallowMsa_007,ESM,0.8121,0.8288,0.6333,0.6311,-0.0168,0.0021,20,10,10,0.5,Amb,-0.0313,Amb,0.0145,,,,,,,
4dxrA_4dxtA,ShallowMsa_008,ESM,0.8558,0.8461,0.5773,0.5748,0.0097,0.0025,20,14,6,0.7,Amb,-0.0048,Amb,0.0145,,,,,,,
4dxrA_4dxtA,ShallowMsa_009,ESM,0.8614,0.8658,0.6234,0.6153,-0.0044,0.008,20,18,2,0.9,Amb,-0.0189,Amb,0.0145,,,,,,,
4dxrA_4dxtA,ShallowMsa_010,ESM,0.8652,0.8482,0.6859,0.681,0.017,0.0049,20,16,4,0.8,Amb,0.0025,Amb,0.0145,,,,,,,
4dxrA_4dxtA,ShallowMsa_011,ESM,0.8506,0.8362,0.6213,0.6208,0.0144,0.0005,20,10,10,0.5,Amb,-0.0001,Amb,0.0145,,,,,,,
4dxrA_4dxtA,ShallowMsa_012,ESM,0.8262,0.7987,0.6385,0.6352,0.0275,0.0032,20,12,8,0.6,Amb,0.013,Amb,0.0145,,,,,,,
4dxrA_4dxtA,ShallowMsa_013,ESM,0.8721,0.854,0.6501,0.6443,0.0181,0.0057,20,18,2,0.9,Amb,0.0036,Amb,0.0145,,,,,,,
4dxrA_4dxtA,ShallowMsa_014,ESM,0.7848,0.7702,0.5829,0.5761,0.0146,0.0067,20,12,8,0.6,Amb,0.0001,Amb,0.0145,,,,,,,
4dxrA_4dxtA,ShallowMsa_015,ESM,0.8528,0.8347,0.6588,0.646,0.018,0.0127,20,16,4,0.8,Amb,0.0035,Amb,0.0145,,,,,,,
4dxrA_4dxtA,ShallowMsa_016,ESM,0.8203,0.8315,0.6269,0.6263,-0.0112,0.0006,20,12,8,0.6,Amb,-0.0257,Amb,0.0145,,,,,,,
4dxrA_4dxtA,ShallowMsa_017,ESM,0.8089,0.8116,0.6211,0.621,-0.0026,0.0001,20,13,7,0.65,Amb,-0.0171,Amb,0.0145,,,,,,,
4dxrA_4dxtA,ShallowMsa_018,ESM,0.8249,0.8177,0.6144,0.6134,0.0073,0.001,20,13,7,0.65,Amb,-0.0072,Amb,0.0145,,,,,,,
4dxrA_4dxtA,ShallowMsa_019,ESM,0.7788,0.7743,0.6596,0.6553,0.0045,0.0043,20,16,4,0.8,Amb,-0.01,Amb,0.0145,,,,,,,
4dxrA_4dxtA,DeepMsa,MSAT,0.3382,0.3434,0.3382,0.3434,-0.0052,-0.0052,1,0,1,0.0,Amb,-0.0052,Amb,-0.0001,0.3382,0.3434,t_recall,,,,
4dxrA_4dxtA,ShallowMsa_000,MSAT,0.008,0.0083,0.008,0.0083,-0.0003,-0.0003,1,0,1,0.0,Amb,-0.0002,Amb,-0.0001,0.008,0.0083,t_recall,,,,
4dxrA_4dxtA,ShallowMsa_001,MSAT,0.0115,0.0125,0.0115,0.0125,-0.001,-0.001,1,0,1,0.0,Amb,-0.0009,Amb,-0.0001,0.0115,0.0125,t_recall,,,,
4dxrA_4dxtA,ShallowMsa_002,MSAT,0.0173,0.0128,0.0173,0.0128,0.0045,0.0045,1,1,0,1.0,Amb,0.0046,Amb,-0.0001,0.0173,0.0128,t_recall,,,,
4dxrA_4dxtA,ShallowMsa_003,MSAT,0.0196,0.0127,0.0196,0.0127,0.0069,0.0069,1,1,0,1.0,Amb,0.007,Amb,-0.0001,0.0196,0.0127,t_recall,,,,
4dxrA_4dxtA,ShallowMsa_004,MSAT,0.0173,0.0128,0.0173,0.0128,0.0045,0.0045,1,1,0,1.0,Amb,0.0046,Amb,-0.0001,0.0173,0.0128,t_recall,,,,
4dxrA_4dxtA,ShallowMsa_005,MSAT,0.0098,0.0127,0.0098,0.0127,-0.0029,-0.0029,1,0,1,0.0,Amb,-0.0028,Amb,-0.0001,0.0098,0.0127,t_recall,,,,
4dxrA_4dxtA,ShallowMsa_006,MSAT,0.0,0.0,0.0,0.0,0.0,0.0,1,0,0,0.0,Amb,0.0001,Amb,-0.0001,0.0,0.0,t_recall,,,,
4dxrA_4dxtA,ShallowMsa_007,MSAT,0.0755,0.0703,0.0755,0.0703,0.0052,0.0052,1,1,0,1.0,Amb,0.0053,Amb,-0.0001,0.0755,0.0703,t_recall,,,,
4dxrA_4dxtA,ShallowMsa_008,MSAT,0.0026,0.0027,0.0026,0.0027,-0.0001,-0.0001,1,0,1,0.0,Amb,0.0,Amb,-0.0001,0.0026,0.0027,t_recall,,,,
4dxrA_4dxtA,ShallowMsa_009,MSAT,0.0075,0.0052,0.0075,0.0052,0.0023,0.0023,1,1,0,1.0,Amb,0.0024,Amb,-0.0001,0.0075,0.0052,t_recall,,,,
4dxrA_4dxtA,ShallowMsa_010,MSAT,0.0075,0.0078,0.0075,0.0078,-0.0003,-0.0003,1,0,1,0.0,Amb,-0.0002,Amb,-0.0001,0.0075,0.0078,t_recall,,,,
4dxrA_4dxtA,ShallowMsa_011,MSAT,0.0074,0.0077,0.0074,0.0077,-0.0003,-0.0003,1,0,1,0.0,Amb,-0.0002,Amb,-0.0001,0.0074,0.0077,t_recall,,,,
4dxrA_4dxtA,ShallowMsa_012,MSAT,0.0025,0.0026,0.0025,0.0026,-0.0001,-0.0001,1,0,1,0.0,Amb,0.0,Amb,-0.0001,0.0025,0.0026,t_recall,,,,
4dxrA_4dxtA,ShallowMsa_013,MSAT,0.1922,0.1818,0.1922,0.1818,0.0104,0.0104,1,1,0,1.0,Amb,0.0105,Amb,-0.0001,0.1922,0.1818,t_recall,,,,
4dxrA_4dxtA,ShallowMsa_014,MSAT,0.0,0.0,0.0,0.0,0.0,0.0,1,0,0,0.0,Amb,0.0001,Amb,-0.0001,0.0,0.0,t_recall,,,,
4dxrA_4dxtA,ShallowMsa_015,MSAT,0.0025,0.0026,0.0025,0.0026,-0.0001,-0.0001,1,0,1,0.0,Amb,0.0,Amb,-0.0001,0.0025,0.0026,t_recall,,,,
4dxrA_4dxtA,ShallowMsa_016,MSAT,0.0025,0.0026,0.0025,0.0026,-0.0001,-0.0001,1,0,1,0.0,Amb,0.0,Amb,-0.0001,0.0025,0.0026,t_recall,,,,
4dxrA_4dxtA,ShallowMsa_017,MSAT,0.0,0.0,0.0,0.0,0.0,0.0,1,0,0,0.0,Amb,0.0001,Amb,-0.0001,0.0,0.0,t_recall,,,,
4dxrA_4dxtA,ShallowMsa_018,MSAT,0.005,0.0052,0.005,0.0052,-0.0002,-0.0002,1,0,1,0.0,Amb,-0.0001,Amb,-0.0001,0.005,0.0052,t_recall,,,,
4dxrA_4dxtA,ShallowMsa_019,MSAT,0.0756,0.0783,0.0756,0.0783,-0.0027,-0.0027,1,0,1,0.0,Amb,-0.0026,Amb,-0.0001,0.0756,0.0783,t_recall,,,,
4dxrA_4dxtA,DeepMsa,CCMpred,0.0365,0.0379,0.0365,0.0379,-0.0014,-0.0014,1,0,1,0.0,Amb,-0.0014,Amb,0.0,0.0365,0.0379,t_recall,,,,
4dxrA_4dxtA,ShallowMsa_000,CCMpred,0.0,0.0,0.0,0.0,0.0,0.0,1,0,0,0.0,Amb,0.0,Amb,0.0,0.0,0.0,t_recall,,,,
4dxrA_4dxtA,ShallowMsa_001,CCMpred,0.0,0.0,0.0,0.0,0.0,0.0,1,0,0,0.0,Amb,0.0,Amb,0.0,0.0,0.0,t_recall,,,,
4dxrA_4dxtA,ShallowMsa_002,CCMpred,0.0,0.0,0.0,0.0,0.0,0.0,1,0,0,0.0,Amb,0.0,Amb,0.0,0.0,0.0,t_recall,,,,
4dxrA_4dxtA,ShallowMsa_003,CCMpred,0.0,0.0,0.0,0.0,0.0,0.0,1,0,0,0.0,Amb,0.0,Amb,0.0,0.0,0.0,t_recall,,,,
4dxrA_4dxtA,ShallowMsa_004,CCMpred,0.0,0.0,0.0,0.0,0.0,0.0,1,0,0,0.0,Amb,0.0,Amb,0.0,0.0,0.0,t_recall,,,,
4dxrA_4dxtA,ShallowMsa_005,CCMpred,0.0,0.0,0.0,0.0,0.0,0.0,1,0,0,0.0,Amb,0.0,Amb,0.0,0.0,0.0,t_recall,,,,
4dxrA_4dxtA,ShallowMsa_006,CCMpred,0.0,0.0,0.0,0.0,0.0,0.0,1,0,0,0.0,Amb,0.0,Amb,0.0,0.0,0.0,t_recall,,,,
4dxrA_4dxtA,ShallowMsa_007,CCMpred,0.0,0.0,0.0,0.0,0.0,0.0,1,0,0,0.0,Amb,0.0,Amb,0.0,0.0,0.0,t_recall,,,,
4dxrA_4dxtA,ShallowMsa_008,CCMpred,0.0,0.0,0.0,0.0,0.0,0.0,1,0,0,0.0,Amb,0.0,Amb,0.0,0.0,0.0,t_recall,,,,
4dxrA_4dxtA,ShallowMsa_009,CCMpred,0.0,0.0,0.0,0.0,0.0,0.0,1,0,0,0.0,Amb,0.0,Amb,0.0,0.0,0.0,t_recall,,,,
4dxrA_4dxtA,ShallowMsa_010,CCMpred,0.0,0.0,0.0,0.0,0.0,0.0,1,0,0,0.0,Amb,0.0,Amb,0.0,0.0,0.0,t_recall,,,,
4dxrA_4dxtA,ShallowMsa_011,CCMpred,0.0,0.0,0.0,0.0,0.0,0.0,1,0,0,0.0,Amb,0.0,Amb,0.0,0.0,0.0,t_recall,,,,
4dxrA_4dxtA,ShallowMsa_012,CCMpred,0.0,0.0,0.0,0.0,0.0,0.0,1,0,0,0.0,Amb,0.0,Amb,0.0,0.0,0.0,t_recall,,,,
4dxrA_4dxtA,ShallowMsa_013,CCMpred,0.0,0.0,0.0,0.0,0.0,0.0,1,0,0,0.0,Amb,0.0,Amb,0.0,0.0,0.0,t_recall,,,,
4dxrA_4dxtA,ShallowMsa_014,CCMpred,0.0,0.0,0.0,0.0,0.0,0.0,1,0,0,0.0,Amb,0.0,Amb,0.0,0.0,0.0,t_recall,,,,
4dxrA_4dxtA,ShallowMsa_015,CCMpred,0.0,0.0,0.0,0.0,0.0,0.0,1,0,0,0.0,Amb,0.0,Amb,0.0,0.0,0.0,t_recall,,,,
4dxrA_4dxtA,ShallowMsa_016,CCMpred,0.0,0.0,0.0,0.0,0.0,0.0,1,0,0,0.0,Amb,0.0,Amb,0.0,0.0,0.0,t_recall,,,,
4dxrA_4dxtA,ShallowMsa_017,CCMpred,0.0,0.0,0.0,0.0,0.0,0.0,1,0,0,0.0,Amb,0.0,Amb,0.0,0.0,0.0,t_recall,,,,
4dxrA_4dxtA,ShallowMsa_018,CCMpred,0.0,0.0,0.0,0.0,0.0,0.0,1,0,0,0.0,Amb,0.0,Amb,0.0,0.0,0.0,t_recall,,,,
4dxrA_4dxtA,ShallowMsa_019,CCMpred,0.0,0.0,0.0,0.0,0.0,0.0,1,0,0,0.0,Amb,0.0,Amb,0.0,0.0,0.0,t_recall,,,,
4dxrA_4dxtA,ShallowMsa_000,DDG,-80.2726,-75.823,-80.2726,-75.823,-4.4496,-4.4496,10,1,9,0.1,F2,-1.3648,F2,-3.0848,,,ddg_kcal_per_mol(delta=1.0),-4.4496,3.816,80.2726,75.823
4dxrA_4dxtA,ShallowMsa_001,DDG,-77.4039,-71.2154,-77.4039,-71.2154,-6.1884,-6.1884,10,2,8,0.2,F2,-3.1036,F2,-3.0848,,,ddg_kcal_per_mol(delta=1.0),-6.1884,4.7829,77.4039,71.2154
4dxrA_4dxtA,ShallowMsa_002,DDG,-59.1252,-58.8044,-59.1252,-58.8044,-0.3209,-0.3209,10,5,5,0.5,Amb,2.7639,F1,-3.0848,,,ddg_kcal_per_mol(delta=1.0),-0.3209,2.7989,59.1252,58.8044
4dxrA_4dxtA,ShallowMsa_003,DDG,-62.3708,-60.6379,-62.3708,-60.6379,-1.7329,-1.7329,10,5,5,0.5,F2,1.3519,F1,-3.0848,,,ddg_kcal_per_mol(delta=1.0),-1.7329,3.4458,62.3708,60.6379
4dxrA_4dxtA,ShallowMsa_004,DDG,-60.6467,-57.7972,-60.6467,-57.7972,-2.8495,-2.8495,10,3,7,0.3,F2,0.2353,Amb,-3.0848,,,ddg_kcal_per_mol(delta=1.0),-2.8495,4.4852,60.6467,57.7972
4dxrA_4dxtA,ShallowMsa_005,DDG,-57.6197,-55.7786,-57.6197,-55.7786,-1.8411,-1.8411,10,3,7,0.3,F2,1.2437,F1,-3.0848,,,ddg_kcal_per_mol(delta=1.0),-1.8411,3.4349,57.6197,55.7786
4dxrA_4dxtA,ShallowMsa_006,DDG,-67.7816,-62.1895,-67.7816,-62.1895,-5.592,-5.592,10,2,8,0.2,F2,-2.5072,F2,-3.0848,,,ddg_kcal_per_mol(delta=1.0),-5.592,4.1608,67.7816,62.1895
4dxrA_4dxtA,ShallowMsa_007,DDG,-66.0072,-62.9449,-66.0072,-62.9449,-3.0624,-3.0624,10,3,7,0.3,F2,0.0224,Amb,-3.0848,,,ddg_kcal_per_mol(delta=1.0),-3.0624,4.3108,66.0072,62.9449
4dxrA_4dxtA,ShallowMsa_008,DDG,-61.2097,-58.1025,-61.2097,-58.1025,-3.1072,-3.1072,10,3,7,0.3,F2,-0.0224,Amb,-3.0848,,,ddg_kcal_per_mol(delta=1.0),-3.1072,3.2082,61.2097,58.1025
4dxrA_4dxtA,ShallowMsa_009,DDG,-53.2479,-51.0143,-53.2479,-51.0143,-2.2336,-2.2336,10,3,7,0.3,F2,0.8512,Amb,-3.0848,,,ddg_kcal_per_mol(delta=1.0),-2.2336,2.6343,53.2479,51.0143
4dxrA_4dxtA,ShallowMsa_010,DDG,-62.1339,-57.2009,-62.1339,-57.2009,-4.933,-4.933,10,0,10,0.0,F2,-1.8482,F2,-3.0848,,,ddg_kcal_per_mol(delta=1.0),-4.933,3.8356,62.1339,57.2009
4dxrA_4dxtA,ShallowMsa_011,DDG,-54.6331,-51.3733,-54.6331,-51.3733,-3.2597,-3.2597,10,1,9,0.1,F2,-0.1749,Amb,-3.0848,,,ddg_kcal_per_mol(delta=1.0),-3.2597,3.214,54.6331,51.3733
4dxrA_4dxtA,ShallowMsa_012,DDG,-75.3499,-73.2599,-75.3499,-73.2599,-2.0899,-2.0899,10,3,7,0.3,F2,0.9949,Amb,-3.0848,,,ddg_kcal_per_mol(delta=1.0),-2.0899,3.7821,75.3499,73.2599
4dxrA_4dxtA,ShallowMsa_013,DDG,-55.2568,-52.4641,-55.2568,-52.4641,-2.7927,-2.7927,10,3,7,0.3,F2,0.2921,Amb,-3.0848,,,ddg_kcal_per_mol(delta=1.0),-2.7927,4.6078,55.2568,52.4641
4dxrA_4dxtA,ShallowMsa_014,DDG,-62.6047,-59.6459,-62.6047,-59.6459,-2.9588,-2.9588,10,3,7,0.3,F2,0.126,Amb,-3.0848,,,ddg_kcal_per_mol(delta=1.0),-2.9588,4.656,62.6047,59.6459
4dxrA_4dxtA,ShallowMsa_015,DDG,-62.9961,-62.0159,-62.9961,-62.0159,-0.9801,-0.9801,10,5,5,0.5,Amb,2.1047,F1,-3.0848,,,ddg_kcal_per_mol(delta=1.0),-0.9801,3.6102,62.9961,62.0159
4dxrA_4dxtA,ShallowMsa_016,DDG,-66.7967,-61.5593,-66.7967,-61.5593,-5.2374,-5.2374,10,1,9,0.1,F2,-2.1526,F2,-3.0848,,,ddg_kcal_per_mol(delta=1.0),-5.2374,3.8085,66.7967,61.5593
4dxrA_4dxtA,ShallowMsa_017,DDG,-62.8081,-58.6194,-62.8081,-58.6194,-4.1887,-4.1887,10,1,9,0.1,F2,-1.1039,F2,-3.0848,,,ddg_kcal_per_mol(delta=1.0),-4.1887,2.3954,62.8081,58.6194
4dxrA_4dxtA,ShallowMsa_018,DDG,-69.6175,-64.9278,-69.6175,-64.9278,-4.6897,-4.6897,10,2,8,0.2,F2,-1.6049,F2,-3.0848,,,ddg_kcal_per_mol(delta=1.0),-4.6897,4.3811,69.6175,64.9278
4dxrA_4dxtA,ShallowMsa_019,DDG,-79.231,-74.5353,-79.231,-74.5353,-4.6957,-4.6957,10,0,10,0.0,F2,-1.6109,F2,-3.0848,,,ddg_kcal_per_mol(delta=1.0),-4.6957,3.0381,79.231,74.5353
4dxrA_4dxtA,ShallowMsa_000,Boltz2,0.6167,0.6072,0.6167,0.6072,0.0095,0.0095,1,1,0,1.0,Amb,0.0097,Amb,-0.0002,,,,,,,
4dxrA_4dxtA,ShallowMsa_002,Boltz2,0.5399,0.5561,0.5399,0.5561,-0.0162,-0.0162,1,0,1,0.0,Amb,-0.016,Amb,-0.0002,,,,,,,
4dxrA_4dxtA,ShallowMsa_003,Boltz2,0.5447,0.54,0.5447,0.54,0.0047,0.0047,1,1,0,1.0,Amb,0.0049,Amb,-0.0002,,,,,,,
4dxrA_4dxtA,ShallowMsa_004,Boltz2,0.568,0.5706,0.568,0.5706,-0.0027,-0.0027,1,0,1,0.0,Amb,-0.0025,Amb,-0.0002,,,,,,,
4dxrA_4dxtA,ShallowMsa_005,Boltz2,0.5849,0.5827,0.5849,0.5827,0.0023,0.0023,1,1,0,1.0,Amb,0.0025,Amb,-0.0002,,,,,,,
4dxrA_4dxtA,ShallowMsa_006,Boltz2,0.3983,0.3968,0.3983,0.3968,0.0014,0.0014,1,1,0,1.0,Amb,0.0016,Amb,-0.0002,,,,,,,
4dxrA_4dxtA,ShallowMsa_007,Boltz2,0.5687,0.5765,0.5687,0.5765,-0.0078,-0.0078,1,0,1,0.0,Amb,-0.0076,Amb,-0.0002,,,,,,,
4dxrA_4dxtA,ShallowMsa_008,Boltz2,0.5087,0.5114,0.5087,0.5114,-0.0026,-0.0026,1,0,1,0.0,Amb,-0.0024,Amb,-0.0002,,,,,,,
4dxrA_4dxtA,ShallowMsa_009,Boltz2,0.5378,0.5334,0.5378,0.5334,0.0044,0.0044,1,1,0,1.0,Amb,0.0046,Amb,-0.0002,,,,,,,
4dxrA_4dxtA,ShallowMsa_010,Boltz2,0.5576,0.5573,0.5576,0.5573,0.0004,0.0004,1,1,0,1.0,Amb,0.0006,Amb,-0.0002,,,,,,,
4dxrA_4dxtA,ShallowMsa_011,Boltz2,0.6133,0.6055,0.6133,0.6055,0.0078,0.0078,1,1,0,1.0,Amb,0.008,Amb,-0.0002,,,,,,,
4dxrA_4dxtA,ShallowMsa_012,Boltz2,0.5161,0.5169,0.5161,0.5169,-0.0008,-0.0008,1,0,1,0.0,Amb,-0.0006,Amb,-0.0002,,,,,,,
4dxrA_4dxtA,ShallowMsa_013,Boltz2,0.5709,0.565,0.5709,0.565,0.0058,0.0058,1,1,0,1.0,Amb,0.006,Amb,-0.0002,,,,,,,
4dxrA_4dxtA,ShallowMsa_015,Boltz2,0.3103,0.3119,0.3103,0.3119,-0.0016,-0.0016,1,0,1,0.0,Amb,-0.0014,Amb,-0.0002,,,,,,,
4dxrA_4dxtA,ShallowMsa_016,Boltz2,0.5265,0.5253,0.5265,0.5253,0.0013,0.0013,1,1,0,1.0,Amb,0.0015,Amb,-0.0002,,,,,,,
4dxrA_4dxtA,ShallowMsa_017,Boltz2,0.3956,0.398,0.3956,0.398,-0.0024,-0.0024,1,0,1,0.0,Amb,-0.0022,Amb,-0.0002,,,,,,,
4dxrA_4dxtA,ShallowMsa_018,Boltz2,0.3424,0.3459,0.3424,0.3459,-0.0035,-0.0035,1,0,1,0.0,Amb,-0.0033,Amb,-0.0002,,,,,,,
4dxrA_4dxtA,ShallowMsa_019,Boltz2,0.5156,0.5177,0.5156,0.5177,-0.0021,-0.0021,1,0,1,0.0,Amb,-0.0019,Amb,-0.0002,,,,,,,
4g0dZ_4fu4C,DeepMsa,AF2,0.4752,0.1756,0.4673,0.1723,0.2996,0.295,2,2,0,1.0,F1,0.2996,F1,0.0,,,,,,,
4g0dZ_4fu4C,DeepMsa,AF3,0.3872,0.1946,0.3792,0.1845,0.1926,0.1947,2,2,0,1.0,F1,0.1926,F1,0.0,,,,,,,
4g0dZ_4fu4C,DeepMsa,ESM,0.4239,0.1834,0.4205,0.1801,0.2405,0.2404,4,4,0,1.0,F1,0.2405,F1,0.0,,,,,,,
4g0dZ_4fu4C,DeepMsa,MSAT,0.0,0.0,0.0,0.0,0.0,0.0,1,0,0,0.0,Amb,0.0,Amb,0.0,0.0,0.0,t_recall,,,,
4g0dZ_4fu4C,DeepMsa,CCMpred,0.0,0.0,0.0,0.0,0.0,0.0,1,0,0,0.0,Amb,0.0,Amb,0.0,0.0,0.0,t_recall,,,,
4gqcB_4gqcC,DeepMsa,AF2,0.9196,0.9918,0.9185,0.9887,-0.0722,-0.0702,2,0,2,0.0,F2,-0.0722,F2,-0.0562,,,,,,,
4gqcB_4gqcC,ShallowMsa_000,AF2,0.8817,0.951,0.8803,0.9496,-0.0694,-0.0693,2,0,2,0.0,F2,-0.0132,Amb,-0.0562,,,,,,,
4gqcB_4gqcC,ShallowMsa_001,AF2,0.8587,0.91,0.8587,0.91,-0.0513,-0.0513,2,0,2,0.0,F2,0.0049,Amb,-0.0562,,,,,,,
4gqcB_4gqcC,ShallowMsa_002,AF2,0.9153,0.9866,0.9153,0.9866,-0.0713,-0.0713,2,0,2,0.0,F2,-0.0151,Amb,-0.0562,,,,,,,
4gqcB_4gqcC,ShallowMsa_003,AF2,0.9196,0.9915,0.9186,0.9884,-0.0719,-0.0698,2,0,2,0.0,F2,-0.0157,Amb,-0.0562,,,,,,,
4gqcB_4gqcC,ShallowMsa_004,AF2,0.8148,0.8459,0.8148,0.8459,-0.0312,-0.0312,2,0,2,0.0,Amb,0.025,Amb,-0.0562,,,,,,,
4gqcB_4gqcC,ShallowMsa_005,AF2,0.6625,0.7187,0.6625,0.7187,-0.0562,-0.0562,2,0,2,0.0,F2,0.0,Amb,-0.0562,,,,,,,
4gqcB_4gqcC,ShallowMsa_006,AF2,0.7721,0.8165,0.7721,0.8165,-0.0443,-0.0443,2,0,2,0.0,Amb,0.0119,Amb,-0.0562,,,,,,,
4gqcB_4gqcC,ShallowMsa_007,AF2,0.7377,0.7828,0.7355,0.775,-0.0451,-0.0395,2,0,2,0.0,Amb,0.0111,Amb,-0.0562,,,,,,,
4gqcB_4gqcC,ShallowMsa_008,AF2,0.7663,0.7804,0.766,0.7791,-0.0141,-0.0131,2,0,2,0.0,Amb,0.0421,Amb,-0.0562,,,,,,,
4gqcB_4gqcC,ShallowMsa_009,AF2,0.8616,0.9268,0.8616,0.9268,-0.0652,-0.0652,2,0,2,0.0,F2,-0.009,Amb,-0.0562,,,,,,,
4gqcB_4gqcC,ShallowMsa_010,AF2,0.755,0.785,0.755,0.785,-0.03,-0.03,2,0,2,0.0,Amb,0.0262,Amb,-0.0562,,,,,,,
4gqcB_4gqcC,ShallowMsa_011,AF2,0.8405,0.9135,0.8405,0.9135,-0.073,-0.073,2,0,2,0.0,F2,-0.0168,Amb,-0.0562,,,,,,,
4gqcB_4gqcC,ShallowMsa_012,AF2,0.7606,0.7707,0.7606,0.7707,-0.0101,-0.0101,2,0,2,0.0,Amb,0.0461,Amb,-0.0562,,,,,,,
4gqcB_4gqcC,ShallowMsa_013,AF2,0.7364,0.8035,0.7337,0.8011,-0.0671,-0.0675,2,0,2,0.0,F2,-0.0109,Amb,-0.0562,,,,,,,
4gqcB_4gqcC,ShallowMsa_014,AF2,0.8123,0.8747,0.8123,0.8747,-0.0624,-0.0624,2,0,2,0.0,F2,-0.0062,Amb,-0.0562,,,,,,,
4gqcB_4gqcC,ShallowMsa_015,AF2,0.8252,0.8829,0.8249,0.8823,-0.0577,-0.0575,2,0,2,0.0,F2,-0.0015,Amb,-0.0562,,,,,,,
4gqcB_4gqcC,ShallowMsa_016,AF2,0.7508,0.8136,0.7508,0.8136,-0.0628,-0.0628,2,0,2,0.0,F2,-0.0066,Amb,-0.0562,,,,,,,
4gqcB_4gqcC,ShallowMsa_017,AF2,0.763,0.8033,0.763,0.8033,-0.0404,-0.0404,2,0,2,0.0,Amb,0.0158,Amb,-0.0562,,,,,,,
4gqcB_4gqcC,ShallowMsa_018,AF2,0.7038,0.7669,0.6775,0.7384,-0.063,-0.0608,2,0,2,0.0,F2,-0.0068,Amb,-0.0562,,,,,,,
4gqcB_4gqcC,ShallowMsa_019,AF2,0.7504,0.7913,0.7497,0.7906,-0.0409,-0.0409,2,0,2,0.0,Amb,0.0153,Amb,-0.0562,,,,,,,
4gqcB_4gqcC,ShallowMsa_020,AF2,0.8046,0.8425,0.8046,0.8425,-0.0379,-0.0379,2,0,2,0.0,Amb,0.0183,Amb,-0.0562,,,,,,,
4gqcB_4gqcC,DeepMsa,AF3,0.9189,0.9936,0.9185,0.9908,-0.0747,-0.0722,2,0,2,0.0,F2,-0.0747,F2,-0.0591,,,,,,,
4gqcB_4gqcC,ShallowMsa_000,AF3,0.8847,0.9539,0.883,0.9522,-0.0691,-0.0693,2,0,2,0.0,F2,-0.01,Amb,-0.0591,,,,,,,
4gqcB_4gqcC,ShallowMsa_001,AF3,0.8644,0.9147,0.8644,0.9147,-0.0503,-0.0503,2,0,2,0.0,F2,0.0088,Amb,-0.0591,,,,,,,
4gqcB_4gqcC,ShallowMsa_002,AF3,0.9184,0.9888,0.9184,0.9888,-0.0704,-0.0704,2,0,2,0.0,F2,-0.0113,Amb,-0.0591,,,,,,,
4gqcB_4gqcC,ShallowMsa_003,AF3,0.9213,0.991,0.921,0.9895,-0.0697,-0.0685,2,0,2,0.0,F2,-0.0106,Amb,-0.0591,,,,,,,
4gqcB_4gqcC,ShallowMsa_004,AF3,0.8189,0.849,0.8189,0.849,-0.0301,-0.0301,2,0,2,0.0,Amb,0.029,Amb,-0.0591,,,,,,,
4gqcB_4gqcC,ShallowMsa_005,AF3,0.6879,0.7441,0.6879,0.7441,-0.0562,-0.0562,2,0,2,0.0,F2,0.0029,Amb,-0.0591,,,,,,,
4gqcB_4gqcC,ShallowMsa_006,AF3,0.7713,0.8186,0.7713,0.8186,-0.0472,-0.0472,2,0,2,0.0,Amb,0.0119,Amb,-0.0591,,,,,,,
4gqcB_4gqcC,ShallowMsa_007,AF3,0.763,0.8068,0.7598,0.8029,-0.0438,-0.0431,2,0,2,0.0,Amb,0.0153,Amb,-0.0591,,,,,,,
4gqcB_4gqcC,ShallowMsa_008,AF3,0.7922,0.8104,0.7799,0.7987,-0.0182,-0.0188,2,0,2,0.0,Amb,0.0409,Amb,-0.0591,,,,,,,
4gqcB_4gqcC,ShallowMsa_009,AF3,0.8644,0.9352,0.8644,0.9352,-0.0708,-0.0708,2,0,2,0.0,F2,-0.0117,Amb,-0.0591,,,,,,,
4gqcB_4gqcC,ShallowMsa_010,AF3,0.7524,0.8247,0.7524,0.8247,-0.0723,-0.0723,2,0,2,0.0,F2,-0.0132,Amb,-0.0591,,,,,,,
4gqcB_4gqcC,ShallowMsa_011,AF3,0.8266,0.901,0.8266,0.901,-0.0744,-0.0744,2,0,2,0.0,F2,-0.0153,Amb,-0.0591,,,,,,,
4gqcB_4gqcC,ShallowMsa_012,AF3,0.7691,0.7756,0.7691,0.7756,-0.0065,-0.0065,2,0,2,0.0,Amb,0.0526,F1,-0.0591,,,,,,,
4gqcB_4gqcC,ShallowMsa_013,AF3,0.7023,0.7661,0.6806,0.7426,-0.0638,-0.062,2,0,2,0.0,F2,-0.0047,Amb,-0.0591,,,,,,,
4gqcB_4gqcC,ShallowMsa_014,AF3,0.8143,0.8813,0.8143,0.8813,-0.067,-0.067,2,0,2,0.0,F2,-0.0079,Amb,-0.0591,,,,,,,
4gqcB_4gqcC,ShallowMsa_015,AF3,0.8166,0.8766,0.8159,0.8725,-0.06,-0.0566,2,0,2,0.0,F2,-0.0009,Amb,-0.0591,,,,,,,
4gqcB_4gqcC,ShallowMsa_016,AF3,0.7653,0.8323,0.7653,0.8323,-0.067,-0.067,2,0,2,0.0,F2,-0.0079,Amb,-0.0591,,,,,,,
4gqcB_4gqcC,ShallowMsa_017,AF3,0.755,0.7958,0.755,0.7958,-0.0408,-0.0408,2,0,2,0.0,Amb,0.0183,Amb,-0.0591,,,,,,,
4gqcB_4gqcC,ShallowMsa_018,AF3,0.7108,0.77,0.6921,0.7514,-0.0591,-0.0593,2,0,2,0.0,F2,0.0,Amb,-0.0591,,,,,,,
4gqcB_4gqcC,ShallowMsa_019,AF3,0.7715,0.8141,0.7644,0.8078,-0.0426,-0.0434,2,0,2,0.0,Amb,0.0165,Amb,-0.0591,,,,,,,
4gqcB_4gqcC,ShallowMsa_020,AF3,0.8021,0.8426,0.8021,0.8426,-0.0405,-0.0405,2,0,2,0.0,Amb,0.0186,Amb,-0.0591,,,,,,,
4gqcB_4gqcC,ShallowMsa_000,ESM,0.8864,0.9478,0.6499,0.6906,-0.0614,-0.0406,20,0,20,0.0,Amb,-0.0041,Amb,-0.0573,,,,,,,
4gqcB_4gqcC,ShallowMsa_001,ESM,0.8503,0.9147,0.6411,0.6878,-0.0644,-0.0467,20,0,20,0.0,Amb,-0.0071,Amb,-0.0573,,,,,,,
4gqcB_4gqcC,ShallowMsa_002,ESM,0.9164,0.9859,0.6704,0.7151,-0.0695,-0.0447,20,0,20,0.0,Amb,-0.0122,Amb,-0.0573,,,,,,,
4gqcB_4gqcC,ShallowMsa_003,ESM,0.922,0.9587,0.6658,0.7115,-0.0367,-0.0456,20,0,20,0.0,Amb,0.0206,Amb,-0.0573,,,,,,,
4gqcB_4gqcC,ShallowMsa_004,ESM,0.8299,0.8872,0.6465,0.6886,-0.0573,-0.0421,20,2,18,0.1,Amb,0.0,Amb,-0.0573,,,,,,,
4gqcB_4gqcC,ShallowMsa_005,ESM,0.8623,0.9138,0.678,0.725,-0.0515,-0.047,20,0,20,0.0,Amb,0.0058,Amb,-0.0573,,,,,,,
4gqcB_4gqcC,ShallowMsa_006,ESM,0.8412,0.8998,0.6689,0.7177,-0.0586,-0.0488,20,0,20,0.0,Amb,-0.0013,Amb,-0.0573,,,,,,,
4gqcB_4gqcC,ShallowMsa_007,ESM,0.8296,0.8912,0.6558,0.6989,-0.0616,-0.0431,20,2,18,0.1,Amb,-0.0043,Amb,-0.0573,,,,,,,
4gqcB_4gqcC,ShallowMsa_008,ESM,0.8148,0.875,0.6567,0.7015,-0.0602,-0.0448,20,2,18,0.1,Amb,-0.0029,Amb,-0.0573,,,,,,,
4gqcB_4gqcC,ShallowMsa_009,ESM,0.8595,0.925,0.6246,0.6733,-0.0655,-0.0487,20,0,20,0.0,Amb,-0.0082,Amb,-0.0573,,,,,,,
4gqcB_4gqcC,ShallowMsa_010,ESM,0.828,0.8847,0.6371,0.6846,-0.0566,-0.0475,20,0,20,0.0,Amb,0.0007,Amb,-0.0573,,,,,,,
4gqcB_4gqcC,ShallowMsa_011,ESM,0.8281,0.8883,0.6498,0.7033,-0.0601,-0.0534,20,0,20,0.0,F2,-0.0028,Amb,-0.0573,,,,,,,
4gqcB_4gqcC,ShallowMsa_012,ESM,0.8114,0.8671,0.7049,0.7568,-0.0557,-0.052,20,0,20,0.0,F2,0.0016,Amb,-0.0573,,,,,,,
4gqcB_4gqcC,ShallowMsa_013,ESM,0.824,0.881,0.6283,0.672,-0.057,-0.0438,20,0,20,0.0,Amb,0.0003,Amb,-0.0573,,,,,,,
4gqcB_4gqcC,ShallowMsa_014,ESM,0.8196,0.8836,0.6577,0.7026,-0.064,-0.0449,20,2,18,0.1,Amb,-0.0067,Amb,-0.0573,,,,,,,
4gqcB_4gqcC,ShallowMsa_015,ESM,0.7932,0.8483,0.6237,0.666,-0.0551,-0.0423,20,2,18,0.1,Amb,0.0022,Amb,-0.0573,,,,,,,
4gqcB_4gqcC,ShallowMsa_016,ESM,0.8031,0.8483,0.6138,0.6582,-0.0453,-0.0444,20,0,20,0.0,Amb,0.012,Amb,-0.0573,,,,,,,
4gqcB_4gqcC,ShallowMsa_017,ESM,0.8282,0.8865,0.6693,0.7165,-0.0583,-0.0472,20,0,20,0.0,Amb,-0.001,Amb,-0.0573,,,,,,,
4gqcB_4gqcC,ShallowMsa_018,ESM,0.8111,0.8619,0.628,0.6704,-0.0507,-0.0424,20,0,20,0.0,Amb,0.0066,Amb,-0.0573,,,,,,,
4gqcB_4gqcC,ShallowMsa_019,ESM,0.8342,0.8819,0.6577,0.7008,-0.0477,-0.0431,20,2,18,0.1,Amb,0.0096,Amb,-0.0573,,,,,,,
4gqcB_4gqcC,ShallowMsa_020,ESM,0.8207,0.8704,0.7042,0.7488,-0.0497,-0.0446,20,0,20,0.0,Amb,0.0076,Amb,-0.0573,,,,,,,
4gqcB_4gqcC,DeepMsa,MSAT,0.381,0.4427,0.381,0.4427,-0.0617,-0.0617,1,0,1,0.0,F2,-0.0617,F2,-0.0092,0.381,0.4427,t_recall,,,,
4gqcB_4gqcC,ShallowMsa_000,MSAT,0.0923,0.0892,0.0923,0.0892,0.0031,0.0031,1,1,0,1.0,Amb,0.0123,Amb,-0.0092,0.0923,0.0892,t_recall,,,,
4gqcB_4gqcC,ShallowMsa_001,MSAT,0.1098,0.1148,0.1098,0.1148,-0.005,-0.005,1,0,1,0.0,Amb,0.0042,Amb,-0.0092,0.1098,0.1148,t_recall,,,,
4gqcB_4gqcC,ShallowMsa_002,MSAT,0.1488,0.1561,0.1488,0.1561,-0.0073,-0.0073,1,0,1,0.0,Amb,0.0019,Amb,-0.0092,0.1488,0.1561,t_recall,,,,
4gqcB_4gqcC,ShallowMsa_003,MSAT,0.369,0.4076,0.369,0.4076,-0.0386,-0.0386,1,0,1,0.0,Amb,-0.0294,Amb,-0.0092,0.369,0.4076,t_recall,,,,
4gqcB_4gqcC,ShallowMsa_004,MSAT,0.0708,0.08,0.0708,0.08,-0.0092,-0.0092,1,0,1,0.0,Amb,0.0,Amb,-0.0092,0.0708,0.08,t_recall,,,,
4gqcB_4gqcC,ShallowMsa_005,MSAT,0.1094,0.1144,0.1094,0.1144,-0.005,-0.005,1,0,1,0.0,Amb,0.0042,Amb,-0.0092,0.1094,0.1144,t_recall,,,,
4gqcB_4gqcC,ShallowMsa_006,MSAT,0.0796,0.0793,0.0796,0.0793,0.0003,0.0003,1,1,0,1.0,Amb,0.0095,Amb,-0.0092,0.0796,0.0793,t_recall,,,,
4gqcB_4gqcC,ShallowMsa_007,MSAT,0.047,0.0542,0.047,0.0542,-0.0072,-0.0072,1,0,1,0.0,Amb,0.002,Amb,-0.0092,0.047,0.0542,t_recall,,,,
4gqcB_4gqcC,ShallowMsa_008,MSAT,0.0878,0.0986,0.0878,0.0986,-0.0108,-0.0108,1,0,1,0.0,Amb,-0.0016,Amb,-0.0092,0.0878,0.0986,t_recall,,,,
4gqcB_4gqcC,ShallowMsa_009,MSAT,0.1433,0.1508,0.1433,0.1508,-0.0075,-0.0075,1,0,1,0.0,Amb,0.0017,Amb,-0.0092,0.1433,0.1508,t_recall,,,,
4gqcB_4gqcC,ShallowMsa_010,MSAT,0.4072,0.4708,0.4072,0.4708,-0.0636,-0.0636,1,0,1,0.0,F2,-0.0544,F2,-0.0092,0.4072,0.4708,t_recall,,,,
4gqcB_4gqcC,ShallowMsa_011,MSAT,0.3114,0.3666,0.3114,0.3666,-0.0552,-0.0552,1,0,1,0.0,F2,-0.046,Amb,-0.0092,0.3114,0.3666,t_recall,,,,
4gqcB_4gqcC,ShallowMsa_012,MSAT,0.0569,0.0638,0.0569,0.0638,-0.0069,-0.0069,1,0,1,0.0,Amb,0.0023,Amb,-0.0092,0.0569,0.0638,t_recall,,,,
4gqcB_4gqcC,ShallowMsa_013,MSAT,0.0976,0.0921,0.0976,0.0921,0.0055,0.0055,1,1,0,1.0,Amb,0.0147,Amb,-0.0092,0.0976,0.0921,t_recall,,,,
4gqcB_4gqcC,ShallowMsa_014,MSAT,0.3474,0.4013,0.3474,0.4013,-0.0539,-0.0539,1,0,1,0.0,F2,-0.0447,Amb,-0.0092,0.3474,0.4013,t_recall,,,,
4gqcB_4gqcC,ShallowMsa_015,MSAT,0.1707,0.1767,0.1707,0.1767,-0.006,-0.006,1,0,1,0.0,Amb,0.0032,Amb,-0.0092,0.1707,0.1767,t_recall,,,,
4gqcB_4gqcC,ShallowMsa_016,MSAT,0.089,0.0993,0.089,0.0993,-0.0103,-0.0103,1,0,1,0.0,Amb,-0.0011,Amb,-0.0092,0.089,0.0993,t_recall,,,,
4gqcB_4gqcC,ShallowMsa_017,MSAT,0.2831,0.3278,0.2831,0.3278,-0.0447,-0.0447,1,0,1,0.0,Amb,-0.0355,Amb,-0.0092,0.2831,0.3278,t_recall,,,,
4gqcB_4gqcC,ShallowMsa_018,MSAT,0.0987,0.1172,0.0987,0.1172,-0.0185,-0.0185,1,0,1,0.0,Amb,-0.0093,Amb,-0.0092,0.0987,0.1172,t_recall,,,,
4gqcB_4gqcC,ShallowMsa_019,MSAT,0.3617,0.4052,0.3617,0.4052,-0.0435,-0.0435,1,0,1,0.0,Amb,-0.0343,Amb,-0.0092,0.3617,0.4052,t_recall,,,,
4gqcB_4gqcC,ShallowMsa_020,MSAT,0.1726,0.1821,0.1726,0.1821,-0.0095,-0.0095,1,0,1,0.0,Amb,-0.0003,Amb,-0.0092,0.1726,0.1821,t_recall,,,,
4gqcB_4gqcC,DeepMsa,CCMpred,0.3155,0.3503,0.3155,0.3503,-0.0348,-0.0348,1,0,1,0.0,Amb,-0.0348,Amb,-0.0004,0.3155,0.3503,t_recall,,,,
4gqcB_4gqcC,ShallowMsa_000,CCMpred,0.128,0.1529,0.128,0.1529,-0.0249,-0.0249,1,0,1,0.0,Amb,-0.0245,Amb,-0.0004,0.128,0.1529,t_recall,,,,
4gqcB_4gqcC,ShallowMsa_001,CCMpred,0.0893,0.1115,0.0893,0.1115,-0.0222,-0.0222,1,0,1,0.0,Amb,-0.0218,Amb,-0.0004,0.0893,0.1115,t_recall,,,,
4gqcB_4gqcC,ShallowMsa_002,CCMpred,0.0119,0.0191,0.0119,0.0191,-0.0072,-0.0072,1,0,1,0.0,Amb,-0.0068,Amb,-0.0004,0.0119,0.0191,t_recall,,,,
4gqcB_4gqcC,ShallowMsa_003,CCMpred,0.0,0.0,0.0,0.0,0.0,0.0,1,0,0,0.0,Amb,0.0004,Amb,-0.0004,0.0,0.0,t_recall,,,,
4gqcB_4gqcC,ShallowMsa_004,CCMpred,0.003,0.0064,0.003,0.0064,-0.0034,-0.0034,1,0,1,0.0,Amb,-0.003,Amb,-0.0004,0.003,0.0064,t_recall,,,,
4gqcB_4gqcC,ShallowMsa_005,CCMpred,0.006,0.0096,0.006,0.0096,-0.0036,-0.0036,1,0,1,0.0,Amb,-0.0032,Amb,-0.0004,0.006,0.0096,t_recall,,,,
4gqcB_4gqcC,ShallowMsa_006,CCMpred,0.0268,0.0287,0.0268,0.0287,-0.0019,-0.0019,1,0,1,0.0,Amb,-0.0015,Amb,-0.0004,0.0268,0.0287,t_recall,,,,
4gqcB_4gqcC,ShallowMsa_007,CCMpred,0.006,0.0064,0.006,0.0064,-0.0004,-0.0004,1,0,1,0.0,Amb,0.0,Amb,-0.0004,0.006,0.0064,t_recall,,,,
4gqcB_4gqcC,ShallowMsa_008,CCMpred,0.0089,0.0127,0.0089,0.0127,-0.0038,-0.0038,1,0,1,0.0,Amb,-0.0034,Amb,-0.0004,0.0089,0.0127,t_recall,,,,
4gqcB_4gqcC,ShallowMsa_009,CCMpred,0.006,0.0064,0.006,0.0064,-0.0004,-0.0004,1,0,1,0.0,Amb,0.0,Amb,-0.0004,0.006,0.0064,t_recall,,,,
4gqcB_4gqcC,ShallowMsa_010,CCMpred,0.003,0.0032,0.003,0.0032,-0.0002,-0.0002,1,0,1,0.0,Amb,0.0002,Amb,-0.0004,0.003,0.0032,t_recall,,,,
4gqcB_4gqcC,ShallowMsa_011,CCMpred,0.0,0.0,0.0,0.0,0.0,0.0,1,0,0,0.0,Amb,0.0004,Amb,-0.0004,0.0,0.0,t_recall,,,,
4gqcB_4gqcC,ShallowMsa_012,CCMpred,0.0,0.0,0.0,0.0,0.0,0.0,1,0,0,0.0,Amb,0.0004,Amb,-0.0004,0.0,0.0,t_recall,,,,
4gqcB_4gqcC,ShallowMsa_013,CCMpred,0.0,0.0,0.0,0.0,0.0,0.0,1,0,0,0.0,Amb,0.0004,Amb,-0.0004,0.0,0.0,t_recall,,,,
4gqcB_4gqcC,ShallowMsa_014,CCMpred,0.0,0.0,0.0,0.0,0.0,0.0,1,0,0,0.0,Amb,0.0004,Amb,-0.0004,0.0,0.0,t_recall,,,,
4gqcB_4gqcC,ShallowMsa_015,CCMpred,0.0089,0.0096,0.0089,0.0096,-0.0007,-0.0007,1,0,1,0.0,Amb,-0.0003,Amb,-0.0004,0.0089,0.0096,t_recall,,,,
4gqcB_4gqcC,ShallowMsa_016,CCMpred,0.003,0.0032,0.003,0.0032,-0.0002,-0.0002,1,0,1,0.0,Amb,0.0002,Amb,-0.0004,0.003,0.0032,t_recall,,,,
4gqcB_4gqcC,ShallowMsa_017,CCMpred,0.006,0.0064,0.006,0.0064,-0.0004,-0.0004,1,0,1,0.0,Amb,0.0,Amb,-0.0004,0.006,0.0064,t_recall,,,,
4gqcB_4gqcC,ShallowMsa_018,CCMpred,0.003,0.0032,0.003,0.0032,-0.0002,-0.0002,1,0,1,0.0,Amb,0.0002,Amb,-0.0004,0.003,0.0032,t_recall,,,,
4gqcB_4gqcC,ShallowMsa_019,CCMpred,0.003,0.0032,0.003,0.0032,-0.0002,-0.0002,1,0,1,0.0,Amb,0.0002,Amb,-0.0004,0.003,0.0032,t_recall,,,,
4gqcB_4gqcC,ShallowMsa_020,CCMpred,0.0,0.0,0.0,0.0,0.0,0.0,1,0,0,0.0,Amb,0.0004,Amb,-0.0004,0.0,0.0,t_recall,,,,
4gqcB_4gqcC,ShallowMsa_000,DDG,-56.986,-52.8529,-56.986,-52.8529,-4.1331,-4.1331,10,2,8,0.2,F2,1.3756,F1,-5.5087,,,ddg_kcal_per_mol(delta=1.0),-4.1331,3.2919,56.986,52.8529
4gqcB_4gqcC,ShallowMsa_001,DDG,-61.6675,-55.6534,-61.6675,-55.6534,-6.0141,-6.0141,10,0,10,0.0,F2,-0.5054,Amb,-5.5087,,,ddg_kcal_per_mol(delta=1.0),-6.0141,2.6223,61.6675,55.6534
4gqcB_4gqcC,ShallowMsa_002,DDG,-59.8057,-53.3736,-59.8057,-53.3736,-6.4321,-6.4321,10,1,9,0.1,F2,-0.9234,Amb,-5.5087,,,ddg_kcal_per_mol(delta=1.0),-6.4321,3.2473,59.8057,53.3736
4gqcB_4gqcC,ShallowMsa_003,DDG,-53.4372,-49.4161,-53.4372,-49.4161,-4.0211,-4.0211,10,1,9,0.1,F2,1.4876,F1,-5.5087,,,ddg_kcal_per_mol(delta=1.0),-4.0211,3.6229,53.4372,49.4161
4gqcB_4gqcC,ShallowMsa_004,DDG,-60.1793,-54.4448,-60.1793,-54.4448,-5.7344,-5.7344,10,0,10,0.0,F2,-0.2257,Amb,-5.5087,,,ddg_kcal_per_mol(delta=1.0),-5.7344,4.1918,60.1793,54.4448
4gqcB_4gqcC,ShallowMsa_005,DDG,-61.8333,-55.7137,-61.8333,-55.7137,-6.1196,-6.1196,10,0,10,0.0,F2,-0.6109,Amb,-5.5087,,,ddg_kcal_per_mol(delta=1.0),-6.1196,3.6534,61.8333,55.7137
4gqcB_4gqcC,ShallowMsa_006,DDG,-66.7481,-61.2394,-66.7481,-61.2394,-5.5087,-5.5087,10,0,10,0.0,F2,0.0,Amb,-5.5087,,,ddg_kcal_per_mol(delta=1.0),-5.5087,3.6271,66.7481,61.2394
4gqcB_4gqcC,ShallowMsa_007,DDG,-63.7677,-59.1818,-63.7677,-59.1818,-4.5859,-4.5859,10,0,10,0.0,F2,0.9228,Amb,-5.5087,,,ddg_kcal_per_mol(delta=1.0),-4.5859,1.865,63.7677,59.1818
4gqcB_4gqcC,ShallowMsa_008,DDG,-61.596,-58.3137,-61.596,-58.3137,-3.2823,-3.2823,10,2,8,0.2,F2,2.2264,F1,-5.5087,,,ddg_kcal_per_mol(delta=1.0),-3.2823,4.8255,61.596,58.3137
4gqcB_4gqcC,ShallowMsa_009,DDG,-52.6786,-49.3373,-52.6786,-49.3373,-3.3413,-3.3413,10,1,9,0.1,F2,2.1674,F1,-5.5087,,,ddg_kcal_per_mol(delta=1.0),-3.3413,3.2334,52.6786,49.3373
4gqcB_4gqcC,ShallowMsa_010,DDG,-60.6245,-56.6665,-60.6245,-56.6665,-3.958,-3.958,10,2,8,0.2,F2,1.5507,F1,-5.5087,,,ddg_kcal_per_mol(delta=1.0),-3.958,3.5021,60.6245,56.6665
4gqcB_4gqcC,ShallowMsa_011,DDG,-61.8497,-56.2765,-61.8497,-56.2765,-5.5733,-5.5733,10,0,10,0.0,F2,-0.0646,Amb,-5.5087,,,ddg_kcal_per_mol(delta=1.0),-5.5733,3.4618,61.8497,56.2765
4gqcB_4gqcC,ShallowMsa_012,DDG,-70.5026,-64.9767,-70.5026,-64.9767,-5.5259,-5.5259,10,1,9,0.1,F2,-0.0172,Amb,-5.5087,,,ddg_kcal_per_mol(delta=1.0),-5.5259,2.9437,70.5026,64.9767
4gqcB_4gqcC,ShallowMsa_013,DDG,-61.8638,-57.1597,-61.8638,-57.1597,-4.7041,-4.7041,10,0,10,0.0,F2,0.8046,Amb,-5.5087,,,ddg_kcal_per_mol(delta=1.0),-4.7041,1.8623,61.8638,57.1597
4gqcB_4gqcC,ShallowMsa_014,DDG,-64.9132,-58.7007,-64.9132,-58.7007,-6.2125,-6.2125,10,0,10,0.0,F2,-0.7038,Amb,-5.5087,,,ddg_kcal_per_mol(delta=1.0),-6.2125,3.0022,64.9132,58.7007
4gqcB_4gqcC,ShallowMsa_015,DDG,-58.8295,-53.596,-58.8295,-53.596,-5.2334,-5.2334,10,2,8,0.2,F2,0.2753,Amb,-5.5087,,,ddg_kcal_per_mol(delta=1.0),-5.2334,4.818,58.8295,53.596
4gqcB_4gqcC,ShallowMsa_016,DDG,-55.7935,-51.0032,-55.7935,-51.0032,-4.7902,-4.7902,10,2,8,0.2,F2,0.7185,Amb,-5.5087,,,ddg_kcal_per_mol(delta=1.0),-4.7902,3.6074,55.7935,51.0032
4gqcB_4gqcC,ShallowMsa_017,DDG,-64.1712,-59.4471,-64.1712,-59.4471,-4.7242,-4.7242,10,2,8,0.2,F2,0.7845,Amb,-5.5087,,,ddg_kcal_per_mol(delta=1.0),-4.7242,3.7062,64.1712,59.4471
4gqcB_4gqcC,ShallowMsa_018,DDG,-58.8633,-51.8077,-58.8633,-51.8077,-7.0556,-7.0556,10,0,10,0.0,F2,-1.5469,F2,-5.5087,,,ddg_kcal_per_mol(delta=1.0),-7.0556,3.9668,58.8633,51.8077
4gqcB_4gqcC,ShallowMsa_019,DDG,-63.7858,-58.0322,-63.7858,-58.0322,-5.7536,-5.7536,10,0,10,0.0,F2,-0.2449,Amb,-5.5087,,,ddg_kcal_per_mol(delta=1.0),-5.7536,1.9815,63.7858,58.0322
4gqcB_4gqcC,ShallowMsa_020,DDG,-70.047,-62.7488,-70.047,-62.7488,-7.2982,-7.2982,10,1,9,0.1,F2,-1.7895,F2,-5.5087,,,ddg_kcal_per_mol(delta=1.0),-7.2982,3.9893,70.047,62.7488
4gqcB_4gqcC,ShallowMsa_000,Boltz2,0.816,0.816,0.816,0.816,0.0,0.0,1,0,0,0.0,Amb,0.0,Amb,0.0,,,,,,,
4gqcB_4gqcC,ShallowMsa_001,Boltz2,0.8464,0.8464,0.8464,0.8464,0.0,0.0,1,0,0,0.0,Amb,0.0,Amb,0.0,,,,,,,
4gqcB_4gqcC,ShallowMsa_002,Boltz2,0.8142,0.8142,0.8142,0.8142,0.0,0.0,1,0,0,0.0,Amb,0.0,Amb,0.0,,,,,,,
4gqcB_4gqcC,ShallowMsa_003,Boltz2,0.8125,0.8125,0.8125,0.8125,0.0,0.0,1,0,0,0.0,Amb,0.0,Amb,0.0,,,,,,,
4gqcB_4gqcC,ShallowMsa_004,Boltz2,0.8341,0.8341,0.8341,0.8341,0.0,0.0,1,0,0,0.0,Amb,0.0,Amb,0.0,,,,,,,
4gqcB_4gqcC,ShallowMsa_005,Boltz2,0.8074,0.8074,0.8074,0.8074,0.0,0.0,1,0,0,0.0,Amb,0.0,Amb,0.0,,,,,,,
4gqcB_4gqcC,ShallowMsa_006,Boltz2,0.7806,0.7806,0.7806,0.7806,0.0,0.0,1,0,0,0.0,Amb,0.0,Amb,0.0,,,,,,,
4gqcB_4gqcC,ShallowMsa_007,Boltz2,0.8018,0.8018,0.8018,0.8018,0.0,0.0,1,0,0,0.0,Amb,0.0,Amb,0.0,,,,,,,
4gqcB_4gqcC,ShallowMsa_008,Boltz2,0.8127,0.8127,0.8127,0.8127,0.0,0.0,1,0,0,0.0,Amb,0.0,Amb,0.0,,,,,,,
4gqcB_4gqcC,ShallowMsa_010,Boltz2,0.7295,0.7295,0.7295,0.7295,0.0,0.0,1,0,0,0.0,Amb,0.0,Amb,0.0,,,,,,,
4gqcB_4gqcC,ShallowMsa_011,Boltz2,0.8191,0.8191,0.8191,0.8191,0.0,0.0,1,0,0,0.0,Amb,0.0,Amb,0.0,,,,,,,
4gqcB_4gqcC,ShallowMsa_012,Boltz2,0.4532,0.4532,0.4532,0.4532,0.0,0.0,1,0,0,0.0,Amb,0.0,Amb,0.0,,,,,,,
4gqcB_4gqcC,ShallowMsa_014,Boltz2,0.8087,0.8087,0.8087,0.8087,0.0,0.0,1,0,0,0.0,Amb,0.0,Amb,0.0,,,,,,,
4gqcB_4gqcC,ShallowMsa_015,Boltz2,0.7874,0.7874,0.7874,0.7874,0.0,0.0,1,0,0,0.0,Amb,0.0,Amb,0.0,,,,,,,
4gqcB_4gqcC,ShallowMsa_016,Boltz2,0.7025,0.7025,0.7025,0.7025,0.0,0.0,1,0,0,0.0,Amb,0.0,Amb,0.0,,,,,,,
4gqcB_4gqcC,ShallowMsa_017,Boltz2,0.6371,0.6371,0.6371,0.6371,0.0,0.0,1,0,0,0.0,Amb,0.0,Amb,0.0,,,,,,,
4gqcB_4gqcC,ShallowMsa_018,Boltz2,0.8358,0.8358,0.8358,0.8358,0.0,0.0,1,0,0,0.0,Amb,0.0,Amb,0.0,,,,,,,
4gqcB_4gqcC,ShallowMsa_019,Boltz2,0.8245,0.8245,0.8245,0.8245,0.0,0.0,1,0,0,0.0,Amb,0.0,Amb,0.0,,,,,,,
4gqcB_4gqcC,ShallowMsa_020,Boltz2,0.7923,0.7923,0.7923,0.7923,0.0,0.0,1,0,0,0.0,Amb,0.0,Amb,0.0,,,,,,,
4h2aA_3j9cA,DeepMsa,AF2,0.8643,0.7612,0.7053,0.7574,0.1031,-0.0521,2,1,1,0.5,F1,0.1031,F1,-0.0037,,,,,,,
4h2aA_3j9cA,ShallowMsa_000,AF2,0.8545,0.7589,0.7011,0.7568,0.0956,-0.0556,2,1,1,0.5,F1,0.0993,F1,-0.0037,,,,,,,
4h2aA_3j9cA,ShallowMsa_001,AF2,0.5503,0.7675,0.5486,0.7646,-0.2172,-0.216,2,0,2,0.0,F2,-0.2135,F2,-0.0037,,,,,,,
4h2aA_3j9cA,ShallowMsa_002,AF2,0.7301,0.7338,0.6296,0.7305,-0.0037,-0.1009,2,1,1,0.5,Amb,0.0,Amb,-0.0037,,,,,,,
4h2aA_3j9cA,DeepMsa,AF3,0.8087,0.7759,0.6775,0.7743,0.0328,-0.0968,2,1,1,0.5,Amb,0.0328,Amb,-0.0242,,,,,,,
4h2aA_3j9cA,ShallowMsa_000,AF3,0.9181,0.8498,0.6968,0.8204,0.0683,-0.1236,2,1,1,0.5,F1,0.0925,F1,-0.0242,,,,,,,
4h2aA_3j9cA,ShallowMsa_001,AF3,0.5447,0.7754,0.5436,0.77,-0.2307,-0.2265,2,0,2,0.0,F2,-0.2065,F2,-0.0242,,,,,,,
4h2aA_3j9cA,ShallowMsa_002,AF3,0.728,0.7522,0.6268,0.7494,-0.0242,-0.1226,2,0,2,0.0,Amb,0.0,Amb,-0.0242,,,,,,,
4h2aA_3j9cA,ShallowMsa_000,ESM,0.7404,0.715,0.5094,0.5396,0.0254,-0.0302,20,9,11,0.45,Amb,0.0077,Amb,0.0177,,,,,,,
4h2aA_3j9cA,ShallowMsa_001,ESM,0.695,0.7035,0.5265,0.5944,-0.0086,-0.0679,20,6,14,0.3,F2,-0.0263,Amb,0.0177,,,,,,,
4h2aA_3j9cA,ShallowMsa_002,ESM,0.7436,0.7259,0.584,0.6079,0.0177,-0.0239,20,12,8,0.6,Amb,0.0,Amb,0.0177,,,,,,,
4h2aA_3j9cA,DeepMsa,MSAT,0.0883,0.0341,0.0883,0.0341,0.0542,0.0542,1,1,0,1.0,F1,0.0542,F1,0.0255,0.0883,0.0341,t_recall,,,,
4h2aA_3j9cA,ShallowMsa_000,MSAT,0.0766,0.0511,0.0766,0.0511,0.0255,0.0255,1,1,0,1.0,Amb,0.0,Amb,0.0255,0.0766,0.0511,t_recall,,,,
4h2aA_3j9cA,ShallowMsa_001,MSAT,0.0113,0.0171,0.0113,0.0171,-0.0058,-0.0058,1,0,1,0.0,Amb,-0.0313,Amb,0.0255,0.0113,0.0171,t_recall,,,,
4h2aA_3j9cA,ShallowMsa_002,MSAT,0.0879,0.0345,0.0879,0.0345,0.0534,0.0534,1,1,0,1.0,F1,0.0279,Amb,0.0255,0.0879,0.0345,t_recall,,,,
4h2aA_3j9cA,DeepMsa,CCMpred,0.0,0.0,0.0,0.0,0.0,0.0,1,0,0,0.0,Amb,0.0,Amb,0.0,0.0,0.0,t_recall,,,,
4h2aA_3j9cA,ShallowMsa_000,CCMpred,0.0,0.0,0.0,0.0,0.0,0.0,1,0,0,0.0,Amb,0.0,Amb,0.0,0.0,0.0,t_recall,,,,
4h2aA_3j9cA,ShallowMsa_001,CCMpred,0.0,0.0,0.0,0.0,0.0,0.0,1,0,0,0.0,Amb,0.0,Amb,0.0,0.0,0.0,t_recall,,,,
4h2aA_3j9cA,ShallowMsa_002,CCMpred,0.0,0.0,0.0,0.0,0.0,0.0,1,0,0,0.0,Amb,0.0,Amb,0.0,0.0,0.0,t_recall,,,,
4h2aA_3j9cA,ShallowMsa_000,DDG,-202.9037,-83.9209,-202.9037,-83.9209,-118.9828,-118.9828,10,0,10,0.0,F2,0.0,Amb,-118.9828,,,ddg_kcal_per_mol(delta=1.0),-118.9828,73.836,202.9037,83.9209
4h2aA_3j9cA,ShallowMsa_001,DDG,-161.4401,-66.3399,-161.4401,-66.3399,-95.1001,-95.1001,10,0,10,0.0,F2,23.8827,F1,-118.9828,,,ddg_kcal_per_mol(delta=1.0),-95.1001,74.4103,161.4401,66.3399
4h2aA_3j9cA,ShallowMsa_002,DDG,-214.5224,-87.1698,-214.5224,-87.1698,-127.3526,-127.3526,10,0,10,0.0,F2,-8.3698,F2,-118.9828,,,ddg_kcal_per_mol(delta=1.0),-127.3526,49.7039,214.5224,87.1698
4h2aA_3j9cA,ShallowMsa_000,Boltz2,0.3085,0.1748,0.3085,0.1748,0.1337,0.1337,1,1,0,1.0,F1,0.0319,Amb,0.1019,,,,,,,
4h2aA_3j9cA,ShallowMsa_001,Boltz2,0.272,0.202,0.272,0.202,0.07,0.07,1,1,0,1.0,F1,-0.0319,Amb,0.1019,,,,,,,
4n9wA_4nc9C,DeepMsa,AF2,0.8964,0.867,0.8552,0.8366,0.0294,0.0187,2,2,0,1.0,Amb,0.0294,Amb,0.0294,,,,,,,
4n9wA_4nc9C,ShallowMsa_000,AF2,0.9112,0.855,0.8668,0.8321,0.0562,0.0347,2,2,0,1.0,F1,0.0268,Amb,0.0294,,,,,,,
4n9wA_4nc9C,ShallowMsa_001,AF2,0.8964,0.867,0.8552,0.8366,0.0294,0.0187,2,2,0,1.0,Amb,0.0,Amb,0.0294,,,,,,,
4n9wA_4nc9C,ShallowMsa_002,AF2,0.8964,0.867,0.8552,0.8366,0.0294,0.0187,2,2,0,1.0,Amb,0.0,Amb,0.0294,,,,,,,
4n9wA_4nc9C,ShallowMsa_003,AF2,0.8964,0.867,0.8552,0.8366,0.0294,0.0187,2,2,0,1.0,Amb,0.0,Amb,0.0294,,,,,,,
4n9wA_4nc9C,ShallowMsa_004,AF2,0.8964,0.867,0.8552,0.8366,0.0294,0.0187,2,2,0,1.0,Amb,0.0,Amb,0.0294,,,,,,,
4n9wA_4nc9C,ShallowMsa_005,AF2,0.8964,0.867,0.8552,0.8366,0.0294,0.0187,2,2,0,1.0,Amb,0.0,Amb,0.0294,,,,,,,
4n9wA_4nc9C,ShallowMsa_006,AF2,0.8964,0.867,0.8552,0.8366,0.0294,0.0187,2,2,0,1.0,Amb,0.0,Amb,0.0294,,,,,,,
4n9wA_4nc9C,ShallowMsa_007,AF2,0.8964,0.867,0.8552,0.8366,0.0294,0.0187,2,2,0,1.0,Amb,0.0,Amb,0.0294,,,,,,,
4n9wA_4nc9C,ShallowMsa_008,AF2,0.8964,0.867,0.8552,0.8366,0.0294,0.0187,2,2,0,1.0,Amb,0.0,Amb,0.0294,,,,,,,
4n9wA_4nc9C,ShallowMsa_009,AF2,0.8916,0.8372,0.8495,0.7965,0.0544,0.053,2,2,0,1.0,F1,0.025,Amb,0.0294,,,,,,,
4n9wA_4nc9C,ShallowMsa_010,AF2,0.8964,0.867,0.8552,0.8366,0.0294,0.0187,2,2,0,1.0,Amb,0.0,Amb,0.0294,,,,,,,
4n9wA_4nc9C,ShallowMsa_011,AF2,0.8964,0.867,0.8552,0.8366,0.0294,0.0187,2,2,0,1.0,Amb,0.0,Amb,0.0294,,,,,,,
4n9wA_4nc9C,ShallowMsa_012,AF2,0.8964,0.867,0.8552,0.8366,0.0294,0.0187,2,2,0,1.0,Amb,0.0,Amb,0.0294,,,,,,,
4n9wA_4nc9C,ShallowMsa_013,AF2,0.8964,0.867,0.8552,0.8366,0.0294,0.0187,2,2,0,1.0,Amb,0.0,Amb,0.0294,,,,,,,
4n9wA_4nc9C,ShallowMsa_014,AF2,0.8964,0.867,0.8552,0.8366,0.0294,0.0187,2,2,0,1.0,Amb,0.0,Amb,0.0294,,,,,,,
4n9wA_4nc9C,ShallowMsa_015,AF2,0.8964,0.867,0.8552,0.8366,0.0294,0.0187,2,2,0,1.0,Amb,0.0,Amb,0.0294,,,,,,,
4n9wA_4nc9C,ShallowMsa_016,AF2,0.8964,0.867,0.8552,0.8366,0.0294,0.0187,2,2,0,1.0,Amb,0.0,Amb,0.0294,,,,,,,
4n9wA_4nc9C,DeepMsa,AF3,0.909,0.8459,0.8771,0.8425,0.063,0.0346,2,1,1,0.5,F1,0.063,F1,0.0631,,,,,,,
4n9wA_4nc9C,ShallowMsa_000,AF3,0.9123,0.8392,0.8854,0.8378,0.0731,0.0476,2,2,0,1.0,F1,0.01,Amb,0.0631,,,,,,,
4n9wA_4nc9C,ShallowMsa_001,AF3,0.909,0.8459,0.8771,0.8425,0.063,0.0346,2,1,1,0.5,F1,-0.0001,Amb,0.0631,,,,,,,
4n9wA_4nc9C,ShallowMsa_002,AF3,0.909,0.8459,0.8772,0.8424,0.0631,0.0347,2,1,1,0.5,F1,0.0,Amb,0.0631,,,,,,,
4n9wA_4nc9C,ShallowMsa_003,AF3,0.909,0.8459,0.8771,0.8425,0.063,0.0346,2,1,1,0.5,F1,-0.0001,Amb,0.0631,,,,,,,
4n9wA_4nc9C,ShallowMsa_004,AF3,0.909,0.8459,0.8771,0.8425,0.063,0.0346,2,1,1,0.5,F1,-0.0001,Amb,0.0631,,,,,,,
4n9wA_4nc9C,ShallowMsa_005,AF3,0.9092,0.8459,0.8773,0.8423,0.0633,0.0349,2,1,1,0.5,F1,0.0002,Amb,0.0631,,,,,,,
4n9wA_4nc9C,ShallowMsa_006,AF3,0.909,0.8459,0.8771,0.8425,0.063,0.0346,2,1,1,0.5,F1,-0.0001,Amb,0.0631,,,,,,,
4n9wA_4nc9C,ShallowMsa_007,AF3,0.909,0.8459,0.8772,0.8424,0.0631,0.0347,2,1,1,0.5,F1,0.0,Amb,0.0631,,,,,,,
4n9wA_4nc9C,ShallowMsa_008,AF3,0.909,0.8459,0.8772,0.8424,0.0631,0.0347,2,1,1,0.5,F1,0.0,Amb,0.0631,,,,,,,
4n9wA_4nc9C,ShallowMsa_009,AF3,0.9,0.8352,0.8778,0.8311,0.0648,0.0467,2,2,0,1.0,F1,0.0017,Amb,0.0631,,,,,,,
4n9wA_4nc9C,ShallowMsa_010,AF3,0.9092,0.8459,0.8772,0.8424,0.0632,0.0348,2,1,1,0.5,F1,0.0001,Amb,0.0631,,,,,,,
4n9wA_4nc9C,ShallowMsa_011,AF3,0.9092,0.8459,0.8772,0.8424,0.0632,0.0348,2,1,1,0.5,F1,0.0001,Amb,0.0631,,,,,,,
4n9wA_4nc9C,ShallowMsa_012,AF3,0.909,0.8459,0.8771,0.8425,0.063,0.0346,2,1,1,0.5,F1,-0.0001,Amb,0.0631,,,,,,,
4n9wA_4nc9C,ShallowMsa_013,AF3,0.909,0.8459,0.8772,0.8424,0.0631,0.0347,2,1,1,0.5,F1,0.0,Amb,0.0631,,,,,,,
4n9wA_4nc9C,ShallowMsa_014,AF3,0.9092,0.8459,0.8772,0.8424,0.0632,0.0348,2,1,1,0.5,F1,0.0001,Amb,0.0631,,,,,,,
4n9wA_4nc9C,ShallowMsa_015,AF3,0.909,0.8459,0.8771,0.8425,0.063,0.0346,2,1,1,0.5,F1,-0.0001,Amb,0.0631,,,,,,,
4n9wA_4nc9C,ShallowMsa_016,AF3,0.909,0.8459,0.8772,0.8424,0.0631,0.0347,2,1,1,0.5,F1,0.0,Amb,0.0631,,,,,,,
4n9wA_4nc9C,ShallowMsa_000,ESM,0.8609,0.8223,0.6582,0.6071,0.0387,0.0511,20,18,2,0.9,F1,-0.0315,Amb,0.0702,,,,,,,
4n9wA_4nc9C,ShallowMsa_001,ESM,0.8147,0.7777,0.6702,0.6155,0.037,0.0547,20,18,2,0.9,F1,-0.0332,Amb,0.0702,,,,,,,
4n9wA_4nc9C,ShallowMsa_002,ESM,0.8333,0.7874,0.6366,0.5876,0.0459,0.0491,20,20,0,1.0,Amb,-0.0243,Amb,0.0702,,,,,,,
4n9wA_4nc9C,ShallowMsa_003,ESM,0.8353,0.7651,0.6092,0.5619,0.0702,0.0473,20,18,2,0.9,Amb,0.0,Amb,0.0702,,,,,,,
4n9wA_4nc9C,ShallowMsa_004,ESM,0.8409,0.7796,0.6136,0.5649,0.0613,0.0487,20,20,0,1.0,Amb,-0.0089,Amb,0.0702,,,,,,,
4n9wA_4nc9C,ShallowMsa_005,ESM,0.8339,0.7632,0.6413,0.5915,0.0708,0.0497,20,18,2,0.9,Amb,0.0006,Amb,0.0702,,,,,,,
4n9wA_4nc9C,ShallowMsa_006,ESM,0.8281,0.7827,0.6189,0.5856,0.0454,0.0333,20,18,2,0.9,Amb,-0.0248,Amb,0.0702,,,,,,,
4n9wA_4nc9C,ShallowMsa_007,ESM,0.8375,0.7728,0.6312,0.5834,0.0647,0.0478,20,18,2,0.9,Amb,-0.0055,Amb,0.0702,,,,,,,
4n9wA_4nc9C,ShallowMsa_008,ESM,0.8752,0.7887,0.5796,0.5346,0.0864,0.045,20,18,2,0.9,Amb,0.0162,Amb,0.0702,,,,,,,
4n9wA_4nc9C,ShallowMsa_009,ESM,0.9076,0.8256,0.6084,0.5637,0.0819,0.0447,20,20,0,1.0,Amb,0.0117,Amb,0.0702,,,,,,,
4n9wA_4nc9C,ShallowMsa_010,ESM,0.8189,0.7598,0.6385,0.5943,0.0591,0.0441,20,20,0,1.0,Amb,-0.0111,Amb,0.0702,,,,,,,
4n9wA_4nc9C,ShallowMsa_011,ESM,0.8212,0.771,0.6753,0.6177,0.0503,0.0576,20,20,0,1.0,F1,-0.0199,Amb,0.0702,,,,,,,
4n9wA_4nc9C,ShallowMsa_012,ESM,0.8577,0.773,0.6389,0.5885,0.0847,0.0504,20,20,0,1.0,F1,0.0145,Amb,0.0702,,,,,,,
4n9wA_4nc9C,ShallowMsa_013,ESM,0.8392,0.7668,0.6301,0.5852,0.0724,0.0449,20,18,2,0.9,Amb,0.0022,Amb,0.0702,,,,,,,
4n9wA_4nc9C,ShallowMsa_014,ESM,0.8174,0.7325,0.6183,0.5681,0.085,0.0502,20,20,0,1.0,F1,0.0148,Amb,0.0702,,,,,,,
4n9wA_4nc9C,ShallowMsa_015,ESM,0.8757,0.7871,0.609,0.5611,0.0886,0.0479,20,18,2,0.9,Amb,0.0184,Amb,0.0702,,,,,,,
4n9wA_4nc9C,ShallowMsa_016,ESM,0.8408,0.7705,0.6389,0.5889,0.0703,0.05,20,18,2,0.9,F1,0.0001,Amb,0.0702,,,,,,,
4n9wA_4nc9C,DeepMsa,MSAT,0.0873,0.0892,0.0873,0.0892,-0.0019,-0.0019,1,0,1,0.0,Amb,-0.0019,Amb,-0.0013,0.0873,0.0892,t_recall,,,,
4n9wA_4nc9C,ShallowMsa_000,MSAT,0.0579,0.0561,0.0579,0.0561,0.0018,0.0018,1,1,0,1.0,Amb,0.0031,Amb,-0.0013,0.0579,0.0561,t_recall,,,,
4n9wA_4nc9C,ShallowMsa_001,MSAT,0.0502,0.0511,0.0502,0.0511,-0.0009,-0.0009,1,0,1,0.0,Amb,0.0004,Amb,-0.0013,0.0502,0.0511,t_recall,,,,
4n9wA_4nc9C,ShallowMsa_002,MSAT,0.0529,0.0543,0.0529,0.0543,-0.0014,-0.0014,1,0,1,0.0,Amb,-0.0001,Amb,-0.0013,0.0529,0.0543,t_recall,,,,
4n9wA_4nc9C,ShallowMsa_003,MSAT,0.0243,0.0195,0.0243,0.0195,0.0048,0.0048,1,1,0,1.0,Amb,0.0061,Amb,-0.0013,0.0243,0.0195,t_recall,,,,
4n9wA_4nc9C,ShallowMsa_004,MSAT,0.0563,0.0599,0.0563,0.0599,-0.0036,-0.0036,1,0,1,0.0,Amb,-0.0023,Amb,-0.0013,0.0563,0.0599,t_recall,,,,
4n9wA_4nc9C,ShallowMsa_005,MSAT,0.0407,0.0407,0.0407,0.0407,0.0,0.0,1,0,0,0.0,Amb,0.0013,Amb,-0.0013,0.0407,0.0407,t_recall,,,,
4n9wA_4nc9C,ShallowMsa_006,MSAT,0.0417,0.0438,0.0417,0.0438,-0.0021,-0.0021,1,0,1,0.0,Amb,-0.0008,Amb,-0.0013,0.0417,0.0438,t_recall,,,,
4n9wA_4nc9C,ShallowMsa_007,MSAT,0.0417,0.0422,0.0417,0.0422,-0.0005,-0.0005,1,0,1,0.0,Amb,0.0008,Amb,-0.0013,0.0417,0.0422,t_recall,,,,
4n9wA_4nc9C,ShallowMsa_008,MSAT,0.0256,0.0277,0.0256,0.0277,-0.0021,-0.0021,1,0,1,0.0,Amb,-0.0008,Amb,-0.0013,0.0256,0.0277,t_recall,,,,
4n9wA_4nc9C,ShallowMsa_009,MSAT,0.0597,0.0588,0.0597,0.0588,0.0009,0.0009,1,1,0,1.0,Amb,0.0022,Amb,-0.0013,0.0597,0.0588,t_recall,,,,
4n9wA_4nc9C,ShallowMsa_010,MSAT,0.0369,0.042,0.0369,0.042,-0.0051,-0.0051,1,0,1,0.0,Amb,-0.0038,Amb,-0.0013,0.0369,0.042,t_recall,,,,
4n9wA_4nc9C,ShallowMsa_011,MSAT,0.0579,0.0563,0.0579,0.0563,0.0016,0.0016,1,1,0,1.0,Amb,0.0029,Amb,-0.0013,0.0579,0.0563,t_recall,,,,
4n9wA_4nc9C,ShallowMsa_012,MSAT,0.0501,0.0578,0.0501,0.0578,-0.0077,-0.0077,1,0,1,0.0,Amb,-0.0064,Amb,-0.0013,0.0501,0.0578,t_recall,,,,
4n9wA_4nc9C,ShallowMsa_013,MSAT,0.0529,0.056,0.0529,0.056,-0.0031,-0.0031,1,0,1,0.0,Amb,-0.0018,Amb,-0.0013,0.0529,0.056,t_recall,,,,
4n9wA_4nc9C,ShallowMsa_014,MSAT,0.0446,0.0456,0.0446,0.0456,-0.001,-0.001,1,0,1,0.0,Amb,0.0003,Amb,-0.0013,0.0446,0.0456,t_recall,,,,
4n9wA_4nc9C,ShallowMsa_015,MSAT,0.0429,0.0464,0.0429,0.0464,-0.0035,-0.0035,1,0,1,0.0,Amb,-0.0022,Amb,-0.0013,0.0429,0.0464,t_recall,,,,
4n9wA_4nc9C,ShallowMsa_016,MSAT,0.0514,0.0527,0.0514,0.0527,-0.0013,-0.0013,1,0,1,0.0,Amb,0.0,Amb,-0.0013,0.0514,0.0527,t_recall,,,,
4n9wA_4nc9C,DeepMsa,CCMpred,0.0976,0.0882,0.0976,0.0882,0.0094,0.0094,1,1,0,1.0,Amb,0.0094,Amb,0.0,0.0976,0.0882,t_recall,,,,
4n9wA_4nc9C,ShallowMsa_000,CCMpred,0.0015,0.0016,0.0015,0.0016,-0.0001,-0.0001,1,0,1,0.0,Amb,-0.0001,Amb,0.0,0.0015,0.0016,t_recall,,,,
4n9wA_4nc9C,ShallowMsa_001,CCMpred,0.0044,0.0047,0.0044,0.0047,-0.0003,-0.0003,1,0,1,0.0,Amb,-0.0003,Amb,0.0,0.0044,0.0047,t_recall,,,,
4n9wA_4nc9C,ShallowMsa_002,CCMpred,0.0,0.0,0.0,0.0,0.0,0.0,1,0,0,0.0,Amb,0.0,Amb,0.0,0.0,0.0,t_recall,,,,
4n9wA_4nc9C,ShallowMsa_003,CCMpred,0.0,0.0,0.0,0.0,0.0,0.0,1,0,0,0.0,Amb,0.0,Amb,0.0,0.0,0.0,t_recall,,,,
4n9wA_4nc9C,ShallowMsa_004,CCMpred,0.0,0.0,0.0,0.0,0.0,0.0,1,0,0,0.0,Amb,0.0,Amb,0.0,0.0,0.0,t_recall,,,,
4n9wA_4nc9C,ShallowMsa_005,CCMpred,0.0,0.0,0.0,0.0,0.0,0.0,1,0,0,0.0,Amb,0.0,Amb,0.0,0.0,0.0,t_recall,,,,
4n9wA_4nc9C,ShallowMsa_006,CCMpred,0.0,0.0,0.0,0.0,0.0,0.0,1,0,0,0.0,Amb,0.0,Amb,0.0,0.0,0.0,t_recall,,,,
4n9wA_4nc9C,ShallowMsa_007,CCMpred,0.0,0.0,0.0,0.0,0.0,0.0,1,0,0,0.0,Amb,0.0,Amb,0.0,0.0,0.0,t_recall,,,,
4n9wA_4nc9C,ShallowMsa_008,CCMpred,0.0,0.0,0.0,0.0,0.0,0.0,1,0,0,0.0,Amb,0.0,Amb,0.0,0.0,0.0,t_recall,,,,
4n9wA_4nc9C,ShallowMsa_009,CCMpred,0.0,0.0,0.0,0.0,0.0,0.0,1,0,0,0.0,Amb,0.0,Amb,0.0,0.0,0.0,t_recall,,,,
4n9wA_4nc9C,ShallowMsa_010,CCMpred,0.0,0.0,0.0,0.0,0.0,0.0,1,0,0,0.0,Amb,0.0,Amb,0.0,0.0,0.0,t_recall,,,,
4n9wA_4nc9C,ShallowMsa_011,CCMpred,0.0,0.0,0.0,0.0,0.0,0.0,1,0,0,0.0,Amb,0.0,Amb,0.0,0.0,0.0,t_recall,,,,
4n9wA_4nc9C,ShallowMsa_012,CCMpred,0.0,0.0,0.0,0.0,0.0,0.0,1,0,0,0.0,Amb,0.0,Amb,0.0,0.0,0.0,t_recall,,,,
4n9wA_4nc9C,ShallowMsa_013,CCMpred,0.0,0.0,0.0,0.0,0.0,0.0,1,0,0,0.0,Amb,0.0,Amb,0.0,0.0,0.0,t_recall,,,,
4n9wA_4nc9C,ShallowMsa_014,CCMpred,0.0,0.0,0.0,0.0,0.0,0.0,1,0,0,0.0,Amb,0.0,Amb,0.0,0.0,0.0,t_recall,,,,
4n9wA_4nc9C,ShallowMsa_015,CCMpred,0.0,0.0,0.0,0.0,0.0,0.0,1,0,0,0.0,Amb,0.0,Amb,0.0,0.0,0.0,t_recall,,,,
4n9wA_4nc9C,ShallowMsa_016,CCMpred,0.0,0.0,0.0,0.0,0.0,0.0,1,0,0,0.0,Amb,0.0,Amb,0.0,0.0,0.0,t_recall,,,,
4n9wA_4nc9C,ShallowMsa_000,DDG,-132.7584,-93.6176,-132.7584,-93.6176,-39.1408,-39.1408,10,0,10,0.0,F2,0.8986,Amb,-40.0394,,,ddg_kcal_per_mol(delta=1.0),-39.1408,16.7021,132.7584,93.6176
4n9wA_4nc9C,ShallowMsa_001,DDG,-148.5874,-105.8932,-148.5874,-105.8932,-42.6942,-42.6942,10,0,10,0.0,F2,-2.6548,F2,-40.0394,,,ddg_kcal_per_mol(delta=1.0),-42.6942,14.5332,148.5874,105.8932
4n9wA_4nc9C,ShallowMsa_002,DDG,-145.5426,-102.5939,-145.5426,-102.5939,-42.9487,-42.9487,10,0,10,0.0,F2,-2.9093,F2,-40.0394,,,ddg_kcal_per_mol(delta=1.0),-42.9487,12.6581,145.5426,102.5939
4n9wA_4nc9C,ShallowMsa_003,DDG,-134.2945,-98.3284,-134.2945,-98.3284,-35.9661,-35.9661,10,0,10,0.0,F2,4.0733,F1,-40.0394,,,ddg_kcal_per_mol(delta=1.0),-35.9661,17.2232,134.2945,98.3284
4n9wA_4nc9C,ShallowMsa_004,DDG,-137.4172,-97.3448,-137.4172,-97.3448,-40.0724,-40.0724,10,0,10,0.0,F2,-0.033,Amb,-40.0394,,,ddg_kcal_per_mol(delta=1.0),-40.0724,18.0284,137.4172,97.3448
4n9wA_4nc9C,ShallowMsa_005,DDG,-139.7285,-98.4535,-139.7285,-98.4535,-41.275,-41.275,10,0,10,0.0,F2,-1.2356,F2,-40.0394,,,ddg_kcal_per_mol(delta=1.0),-41.275,14.6029,139.7285,98.4535
4n9wA_4nc9C,ShallowMsa_006,DDG,-128.7449,-93.3343,-128.7449,-93.3343,-35.4106,-35.4106,10,0,10,0.0,F2,4.6288,F1,-40.0394,,,ddg_kcal_per_mol(delta=1.0),-35.4106,13.0347,128.7449,93.3343
4n9wA_4nc9C,ShallowMsa_007,DDG,-143.021,-101.2338,-143.021,-101.2338,-41.7872,-41.7872,10,0,10,0.0,F2,-1.7478,F2,-40.0394,,,ddg_kcal_per_mol(delta=1.0),-41.7872,13.4373,143.021,101.2338
4n9wA_4nc9C,ShallowMsa_008,DDG,-94.6815,-65.1294,-94.6815,-65.1294,-29.5521,-29.5521,10,0,10,0.0,F2,10.4873,F1,-40.0394,,,ddg_kcal_per_mol(delta=1.0),-29.5521,10.691,94.6815,65.1294
4n9wA_4nc9C,ShallowMsa_009,DDG,-102.9009,-72.1174,-102.9009,-72.1174,-30.7835,-30.7835,10,1,9,0.1,F2,9.2559,F1,-40.0394,,,ddg_kcal_per_mol(delta=1.0),-30.7835,18.1139,102.9009,72.1174
4n9wA_4nc9C,ShallowMsa_010,DDG,-131.3534,-95.3485,-131.3534,-95.3485,-36.005,-36.005,10,0,10,0.0,F2,4.0344,F1,-40.0394,,,ddg_kcal_per_mol(delta=1.0),-36.005,15.1678,131.3534,95.3485
4n9wA_4nc9C,ShallowMsa_011,DDG,-143.9186,-103.8792,-143.9186,-103.8792,-40.0394,-40.0394,10,0,10,0.0,F2,0.0,Amb,-40.0394,,,ddg_kcal_per_mol(delta=1.0),-40.0394,12.8256,143.9186,103.8792
4n9wA_4nc9C,ShallowMsa_012,DDG,-135.5751,-94.9799,-135.5751,-94.9799,-40.5952,-40.5952,10,0,10,0.0,F2,-0.5558,Amb,-40.0394,,,ddg_kcal_per_mol(delta=1.0),-40.5952,14.2886,135.5751,94.9799
4n9wA_4nc9C,ShallowMsa_013,DDG,-126.6823,-91.0286,-126.6823,-91.0286,-35.6536,-35.6536,10,0,10,0.0,F2,4.3858,F1,-40.0394,,,ddg_kcal_per_mol(delta=1.0),-35.6536,11.092,126.6823,91.0286
4n9wA_4nc9C,ShallowMsa_014,DDG,-142.1186,-100.4233,-142.1186,-100.4233,-41.6952,-41.6952,10,0,10,0.0,F2,-1.6558,F2,-40.0394,,,ddg_kcal_per_mol(delta=1.0),-41.6952,14.0295,142.1186,100.4233
4n9wA_4nc9C,ShallowMsa_015,DDG,-107.4452,-72.9488,-107.4452,-72.9488,-34.4963,-34.4963,10,0,10,0.0,F2,5.5431,F1,-40.0394,,,ddg_kcal_per_mol(delta=1.0),-34.4963,15.2997,107.4452,72.9488
4n9wA_4nc9C,ShallowMsa_016,DDG,-148.5539,-107.5687,-148.5539,-107.5687,-40.9852,-40.9852,10,0,10,0.0,F2,-0.9458,Amb,-40.0394,,,ddg_kcal_per_mol(delta=1.0),-40.9852,14.855,148.5539,107.5687
4n9wA_4nc9C,ShallowMsa_000,Boltz2,0.702,0.6274,0.702,0.6274,0.0746,0.0746,1,1,0,1.0,F1,0.0134,Amb,0.0612,,,,,,,
4n9wA_4nc9C,ShallowMsa_001,Boltz2,0.7798,0.7113,0.7798,0.7113,0.0685,0.0685,1,1,0,1.0,F1,0.0073,Amb,0.0612,,,,,,,
4n9wA_4nc9C,ShallowMsa_002,Boltz2,0.7984,0.738,0.7984,0.738,0.0603,0.0603,1,1,0,1.0,F1,-0.0009,Amb,0.0612,,,,,,,
4n9wA_4nc9C,ShallowMsa_004,Boltz2,0.7204,0.6395,0.7204,0.6395,0.0809,0.0809,1,1,0,1.0,F1,0.0197,Amb,0.0612,,,,,,,
4n9wA_4nc9C,ShallowMsa_005,Boltz2,0.7141,0.6888,0.7141,0.6888,0.0253,0.0253,1,1,0,1.0,Amb,-0.0359,Amb,0.0612,,,,,,,
4n9wA_4nc9C,ShallowMsa_006,Boltz2,0.6491,0.5565,0.6491,0.5565,0.0926,0.0926,1,1,0,1.0,F1,0.0314,Amb,0.0612,,,,,,,
4n9wA_4nc9C,ShallowMsa_008,Boltz2,0.7315,0.7077,0.7315,0.7077,0.0238,0.0238,1,1,0,1.0,Amb,-0.0374,Amb,0.0612,,,,,,,
4n9wA_4nc9C,ShallowMsa_009,Boltz2,0.6089,0.6286,0.6089,0.6286,-0.0197,-0.0197,1,0,1,0.0,Amb,-0.0809,F2,0.0612,,,,,,,
4n9wA_4nc9C,ShallowMsa_010,Boltz2,0.7647,0.7026,0.7647,0.7026,0.0621,0.0621,1,1,0,1.0,F1,0.0009,Amb,0.0612,,,,,,,
4n9wA_4nc9C,ShallowMsa_011,Boltz2,0.8005,0.7873,0.8005,0.7873,0.0132,0.0132,1,1,0,1.0,Amb,-0.048,Amb,0.0612,,,,,,,
4n9wA_4nc9C,ShallowMsa_012,Boltz2,0.7232,0.628,0.7232,0.628,0.0952,0.0952,1,1,0,1.0,F1,0.034,Amb,0.0612,,,,,,,
4n9wA_4nc9C,ShallowMsa_013,Boltz2,0.6183,0.5909,0.6183,0.5909,0.0275,0.0275,1,1,0,1.0,Amb,-0.0337,Amb,0.0612,,,,,,,
4n9wA_4nc9C,ShallowMsa_015,Boltz2,0.6759,0.6126,0.6759,0.6126,0.0632,0.0632,1,1,0,1.0,F1,0.002,Amb,0.0612,,,,,,,
4n9wA_4nc9C,ShallowMsa_016,Boltz2,0.4105,0.4114,0.4105,0.4114,-0.001,-0.001,1,0,1,0.0,Amb,-0.0622,F2,0.0612,,,,,,,
4o01D_4o0pA,DeepMsa,AF2,0.6196,0.729,0.6149,0.7207,-0.1094,-0.1059,2,0,2,0.0,F2,-0.1094,F2,-0.1094,,,,,,,
4o01D_4o0pA,ShallowMsa_000,AF2,0.6196,0.729,0.6149,0.7207,-0.1094,-0.1059,2,0,2,0.0,F2,0.0,Amb,-0.1094,,,,,,,
4o01D_4o0pA,ShallowMsa_001,AF2,0.6259,0.7239,0.6123,0.7068,-0.0979,-0.0944,2,0,2,0.0,F2,0.0115,Amb,-0.1094,,,,,,,
4o01D_4o0pA,ShallowMsa_002,AF2,0.6196,0.729,0.6149,0.7207,-0.1094,-0.1059,2,0,2,0.0,F2,0.0,Amb,-0.1094,,,,,,,
4o01D_4o0pA,ShallowMsa_003,AF2,0.6196,0.729,0.6149,0.7207,-0.1094,-0.1059,2,0,2,0.0,F2,0.0,Amb,-0.1094,,,,,,,
4o01D_4o0pA,ShallowMsa_004,AF2,0.6196,0.729,0.6149,0.7207,-0.1094,-0.1059,2,0,2,0.0,F2,0.0,Amb,-0.1094,,,,,,,
4o01D_4o0pA,ShallowMsa_005,AF2,0.6213,0.7236,0.6183,0.7125,-0.1023,-0.0943,2,0,2,0.0,F2,0.0071,Amb,-0.1094,,,,,,,
4o01D_4o0pA,ShallowMsa_006,AF2,0.6196,0.729,0.6149,0.7207,-0.1094,-0.1059,2,0,2,0.0,F2,0.0,Amb,-0.1094,,,,,,,
4o01D_4o0pA,ShallowMsa_007,AF2,0.6196,0.729,0.6149,0.7207,-0.1094,-0.1059,2,0,2,0.0,F2,0.0,Amb,-0.1094,,,,,,,
4o01D_4o0pA,ShallowMsa_008,AF2,0.6196,0.729,0.6149,0.7207,-0.1094,-0.1059,2,0,2,0.0,F2,0.0,Amb,-0.1094,,,,,,,
4o01D_4o0pA,ShallowMsa_009,AF2,0.6196,0.729,0.6149,0.7207,-0.1094,-0.1059,2,0,2,0.0,F2,0.0,Amb,-0.1094,,,,,,,
4o01D_4o0pA,ShallowMsa_010,AF2,0.6196,0.729,0.6149,0.7207,-0.1094,-0.1059,2,0,2,0.0,F2,0.0,Amb,-0.1094,,,,,,,
4o01D_4o0pA,ShallowMsa_011,AF2,0.6196,0.729,0.6149,0.7207,-0.1094,-0.1059,2,0,2,0.0,F2,0.0,Amb,-0.1094,,,,,,,
4o01D_4o0pA,ShallowMsa_012,AF2,0.6196,0.729,0.6149,0.7207,-0.1094,-0.1059,2,0,2,0.0,F2,0.0,Amb,-0.1094,,,,,,,
4o01D_4o0pA,ShallowMsa_013,AF2,0.6196,0.729,0.6149,0.7207,-0.1094,-0.1059,2,0,2,0.0,F2,0.0,Amb,-0.1094,,,,,,,
4o01D_4o0pA,ShallowMsa_014,AF2,0.6196,0.729,0.6149,0.7207,-0.1094,-0.1059,2,0,2,0.0,F2,0.0,Amb,-0.1094,,,,,,,
4o01D_4o0pA,ShallowMsa_015,AF2,0.6196,0.729,0.6149,0.7207,-0.1094,-0.1059,2,0,2,0.0,F2,0.0,Amb,-0.1094,,,,,,,
4o01D_4o0pA,DeepMsa,AF3,0.8211,0.932,0.7129,0.8288,-0.111,-0.1159,2,0,2,0.0,F2,-0.111,F2,-0.111,,,,,,,
4o01D_4o0pA,ShallowMsa_000,AF3,0.8211,0.932,0.7129,0.8288,-0.111,-0.1159,2,0,2,0.0,F2,0.0,Amb,-0.111,,,,,,,
4o01D_4o0pA,ShallowMsa_001,AF3,0.8402,0.9493,0.7236,0.8376,-0.1091,-0.114,2,0,2,0.0,F2,0.0019,Amb,-0.111,,,,,,,
4o01D_4o0pA,ShallowMsa_002,AF3,0.8211,0.932,0.7129,0.8288,-0.111,-0.1159,2,0,2,0.0,F2,0.0,Amb,-0.111,,,,,,,
4o01D_4o0pA,ShallowMsa_003,AF3,0.8211,0.932,0.7129,0.8288,-0.111,-0.1159,2,0,2,0.0,F2,0.0,Amb,-0.111,,,,,,,
4o01D_4o0pA,ShallowMsa_004,AF3,0.8211,0.932,0.7129,0.8288,-0.111,-0.1159,2,0,2,0.0,F2,0.0,Amb,-0.111,,,,,,,
4o01D_4o0pA,ShallowMsa_005,AF3,0.8449,0.9451,0.7296,0.8341,-0.1002,-0.1045,2,0,2,0.0,F2,0.0108,Amb,-0.111,,,,,,,
4o01D_4o0pA,ShallowMsa_006,AF3,0.8211,0.932,0.7129,0.8288,-0.111,-0.1159,2,0,2,0.0,F2,0.0,Amb,-0.111,,,,,,,
4o01D_4o0pA,ShallowMsa_007,AF3,0.8211,0.932,0.7129,0.8288,-0.111,-0.1159,2,0,2,0.0,F2,0.0,Amb,-0.111,,,,,,,
4o01D_4o0pA,ShallowMsa_008,AF3,0.8211,0.932,0.7129,0.8288,-0.111,-0.1159,2,0,2,0.0,F2,0.0,Amb,-0.111,,,,,,,
4o01D_4o0pA,ShallowMsa_009,AF3,0.8211,0.932,0.7129,0.8288,-0.111,-0.1159,2,0,2,0.0,F2,0.0,Amb,-0.111,,,,,,,
4o01D_4o0pA,ShallowMsa_010,AF3,0.8211,0.932,0.7129,0.8288,-0.111,-0.1159,2,0,2,0.0,F2,0.0,Amb,-0.111,,,,,,,
4o01D_4o0pA,ShallowMsa_011,AF3,0.8211,0.932,0.7127,0.8287,-0.111,-0.116,2,0,2,0.0,F2,0.0,Amb,-0.111,,,,,,,
4o01D_4o0pA,ShallowMsa_012,AF3,0.8211,0.932,0.7129,0.8288,-0.111,-0.1159,2,0,2,0.0,F2,0.0,Amb,-0.111,,,,,,,
4o01D_4o0pA,ShallowMsa_013,AF3,0.8211,0.932,0.7129,0.8288,-0.111,-0.1159,2,0,2,0.0,F2,0.0,Amb,-0.111,,,,,,,
4o01D_4o0pA,ShallowMsa_014,AF3,0.8211,0.932,0.7129,0.8288,-0.111,-0.1159,2,0,2,0.0,F2,0.0,Amb,-0.111,,,,,,,
4o01D_4o0pA,ShallowMsa_015,AF3,0.8214,0.9324,0.7131,0.8289,-0.1109,-0.1158,2,0,2,0.0,F2,0.0001,Amb,-0.111,,,,,,,
4o01D_4o0pA,ShallowMsa_000,ESM,0.879,0.8832,0.6365,0.6701,-0.0042,-0.0337,20,6,14,0.3,Amb,0.0226,Amb,-0.0267,,,,,,,
4o01D_4o0pA,ShallowMsa_001,ESM,0.8117,0.8351,0.5778,0.5944,-0.0234,-0.0167,20,8,12,0.4,Amb,0.0033,Amb,-0.0267,,,,,,,
4o01D_4o0pA,ShallowMsa_002,ESM,0.8531,0.8653,0.5942,0.6204,-0.0121,-0.0262,20,8,12,0.4,Amb,0.0146,Amb,-0.0267,,,,,,,
4o01D_4o0pA,ShallowMsa_003,ESM,0.7954,0.8731,0.5349,0.5555,-0.0777,-0.0206,20,6,14,0.3,Amb,-0.051,F2,-0.0267,,,,,,,
4o01D_4o0pA,ShallowMsa_004,ESM,0.8439,0.8808,0.6274,0.6433,-0.0368,-0.0159,20,8,12,0.4,Amb,-0.01,Amb,-0.0267,,,,,,,
4o01D_4o0pA,ShallowMsa_005,ESM,0.9476,0.8586,0.6356,0.6436,0.089,-0.008,20,9,11,0.45,Amb,0.1157,F1,-0.0267,,,,,,,
4o01D_4o0pA,ShallowMsa_006,ESM,0.8234,0.86,0.6238,0.642,-0.0366,-0.0183,20,6,14,0.3,Amb,-0.0099,Amb,-0.0267,,,,,,,
4o01D_4o0pA,ShallowMsa_007,ESM,0.814,0.8752,0.6313,0.6657,-0.0612,-0.0344,20,5,15,0.25,Amb,-0.0344,Amb,-0.0267,,,,,,,
4o01D_4o0pA,ShallowMsa_008,ESM,0.8486,0.8845,0.6412,0.6646,-0.0359,-0.0233,20,8,12,0.4,Amb,-0.0092,Amb,-0.0267,,,,,,,
4o01D_4o0pA,ShallowMsa_009,ESM,0.8316,0.8878,0.6264,0.6679,-0.0562,-0.0414,20,2,18,0.1,Amb,-0.0295,Amb,-0.0267,,,,,,,
4o01D_4o0pA,ShallowMsa_010,ESM,0.8342,0.8771,0.7088,0.7575,-0.0429,-0.0487,20,2,18,0.1,Amb,-0.0162,Amb,-0.0267,,,,,,,
4o01D_4o0pA,ShallowMsa_011,ESM,0.8064,0.8365,0.5266,0.5383,-0.0301,-0.0117,20,10,10,0.5,Amb,-0.0033,Amb,-0.0267,,,,,,,
4o01D_4o0pA,ShallowMsa_012,ESM,0.8761,0.8886,0.5579,0.56,-0.0125,-0.0022,20,14,6,0.7,Amb,0.0142,Amb,-0.0267,,,,,,,
4o01D_4o0pA,ShallowMsa_013,ESM,0.8334,0.8509,0.6149,0.6229,-0.0175,-0.0081,20,10,10,0.5,Amb,0.0092,Amb,-0.0267,,,,,,,
4o01D_4o0pA,ShallowMsa_014,ESM,0.8726,0.883,0.5902,0.602,-0.0104,-0.0118,20,10,10,0.5,Amb,0.0163,Amb,-0.0267,,,,,,,
4o01D_4o0pA,ShallowMsa_015,ESM,0.8538,0.8697,0.5929,0.6231,-0.0159,-0.0302,20,6,14,0.3,Amb,0.0108,Amb,-0.0267,,,,,,,
4o01D_4o0pA,DeepMsa,MSAT,0.1004,0.0958,0.1004,0.0958,0.0046,0.0046,1,1,0,1.0,Amb,0.0046,Amb,0.0,0.1004,0.0958,t_recall,,,,
4o01D_4o0pA,ShallowMsa_000,MSAT,0.0072,0.0036,0.0072,0.0036,0.0036,0.0036,1,1,0,1.0,Amb,0.0036,Amb,0.0,0.0072,0.0036,t_recall,,,,
4o01D_4o0pA,ShallowMsa_001,MSAT,0.0944,0.0911,0.0944,0.0911,0.0033,0.0033,1,1,0,1.0,Amb,0.0033,Amb,0.0,0.0944,0.0911,t_recall,,,,
4o01D_4o0pA,ShallowMsa_002,MSAT,0.0349,0.0339,0.0349,0.0339,0.001,0.001,1,1,0,1.0,Amb,0.001,Amb,0.0,0.0349,0.0339,t_recall,,,,
4o01D_4o0pA,ShallowMsa_003,MSAT,0.0108,0.012,0.0108,0.012,-0.0012,-0.0012,1,0,1,0.0,Amb,-0.0012,Amb,0.0,0.0108,0.012,t_recall,,,,
4o01D_4o0pA,ShallowMsa_004,MSAT,0.0073,0.0073,0.0073,0.0073,0.0,0.0,1,0,0,0.0,Amb,0.0,Amb,0.0,0.0073,0.0073,t_recall,,,,
4o01D_4o0pA,ShallowMsa_005,MSAT,0.0071,0.0071,0.0071,0.0071,0.0,0.0,1,0,0,0.0,Amb,0.0,Amb,0.0,0.0071,0.0071,t_recall,,,,
4o01D_4o0pA,ShallowMsa_006,MSAT,0.0097,0.0098,0.0097,0.0098,-0.0001,-0.0001,1,0,1,0.0,Amb,-0.0001,Amb,0.0,0.0097,0.0098,t_recall,,,,
4o01D_4o0pA,ShallowMsa_007,MSAT,0.0036,0.0024,0.0036,0.0024,0.0012,0.0012,1,1,0,1.0,Amb,0.0012,Amb,0.0,0.0036,0.0024,t_recall,,,,
4o01D_4o0pA,ShallowMsa_008,MSAT,0.0133,0.0145,0.0133,0.0145,-0.0012,-0.0012,1,0,1,0.0,Amb,-0.0012,Amb,0.0,0.0133,0.0145,t_recall,,,,
4o01D_4o0pA,ShallowMsa_009,MSAT,0.0096,0.0084,0.0096,0.0084,0.0012,0.0012,1,1,0,1.0,Amb,0.0012,Amb,0.0,0.0096,0.0084,t_recall,,,,
4o01D_4o0pA,ShallowMsa_010,MSAT,0.2524,0.2311,0.2524,0.2311,0.0213,0.0213,1,1,0,1.0,Amb,0.0213,Amb,0.0,0.2524,0.2311,t_recall,,,,
4o01D_4o0pA,ShallowMsa_011,MSAT,0.006,0.0085,0.006,0.0085,-0.0025,-0.0025,1,0,1,0.0,Amb,-0.0025,Amb,0.0,0.006,0.0085,t_recall,,,,
4o01D_4o0pA,ShallowMsa_012,MSAT,0.0085,0.0121,0.0085,0.0121,-0.0036,-0.0036,1,0,1,0.0,Amb,-0.0036,Amb,0.0,0.0085,0.0121,t_recall,,,,
4o01D_4o0pA,ShallowMsa_013,MSAT,0.0313,0.0288,0.0313,0.0288,0.0025,0.0025,1,1,0,1.0,Amb,0.0025,Amb,0.0,0.0313,0.0288,t_recall,,,,
4o01D_4o0pA,ShallowMsa_014,MSAT,0.0172,0.0173,0.0172,0.0173,-0.0001,-0.0001,1,0,1,0.0,Amb,-0.0001,Amb,0.0,0.0172,0.0173,t_recall,,,,
4o01D_4o0pA,ShallowMsa_015,MSAT,0.0193,0.0206,0.0193,0.0206,-0.0013,-0.0013,1,0,1,0.0,Amb,-0.0013,Amb,0.0,0.0193,0.0206,t_recall,,,,
4o01D_4o0pA,DeepMsa,CCMpred,0.0421,0.0432,0.0421,0.0432,-0.0011,-0.0011,1,0,1,0.0,Amb,-0.0011,Amb,0.0,0.0421,0.0432,t_recall,,,,
4o01D_4o0pA,ShallowMsa_000,CCMpred,0.0023,0.0023,0.0023,0.0023,0.0,0.0,1,0,0,0.0,Amb,0.0,Amb,0.0,0.0023,0.0023,t_recall,,,,
4o01D_4o0pA,ShallowMsa_001,CCMpred,0.0012,0.0012,0.0012,0.0012,0.0,0.0,1,0,0,0.0,Amb,0.0,Amb,0.0,0.0012,0.0012,t_recall,,,,
4o01D_4o0pA,ShallowMsa_002,CCMpred,0.0,0.0,0.0,0.0,0.0,0.0,1,0,0,0.0,Amb,0.0,Amb,0.0,0.0,0.0,t_recall,,,,
4o01D_4o0pA,ShallowMsa_003,CCMpred,0.0,0.0,0.0,0.0,0.0,0.0,1,0,0,0.0,Amb,0.0,Amb,0.0,0.0,0.0,t_recall,,,,
4o01D_4o0pA,ShallowMsa_004,CCMpred,0.0,0.0,0.0,0.0,0.0,0.0,1,0,0,0.0,Amb,0.0,Amb,0.0,0.0,0.0,t_recall,,,,
4o01D_4o0pA,ShallowMsa_005,CCMpred,0.0,0.0,0.0,0.0,0.0,0.0,1,0,0,0.0,Amb,0.0,Amb,0.0,0.0,0.0,t_recall,,,,
4o01D_4o0pA,ShallowMsa_006,CCMpred,0.0,0.0,0.0,0.0,0.0,0.0,1,0,0,0.0,Amb,0.0,Amb,0.0,0.0,0.0,t_recall,,,,
4o01D_4o0pA,ShallowMsa_007,CCMpred,0.0,0.0,0.0,0.0,0.0,0.0,1,0,0,0.0,Amb,0.0,Amb,0.0,0.0,0.0,t_recall,,,,
4o01D_4o0pA,ShallowMsa_008,CCMpred,0.0,0.0,0.0,0.0,0.0,0.0,1,0,0,0.0,Amb,0.0,Amb,0.0,0.0,0.0,t_recall,,,,
4o01D_4o0pA,ShallowMsa_009,CCMpred,0.0,0.0,0.0,0.0,0.0,0.0,1,0,0,0.0,Amb,0.0,Amb,0.0,0.0,0.0,t_recall,,,,
4o01D_4o0pA,ShallowMsa_010,CCMpred,0.0,0.0,0.0,0.0,0.0,0.0,1,0,0,0.0,Amb,0.0,Amb,0.0,0.0,0.0,t_recall,,,,
4o01D_4o0pA,ShallowMsa_011,CCMpred,0.0,0.0,0.0,0.0,0.0,0.0,1,0,0,0.0,Amb,0.0,Amb,0.0,0.0,0.0,t_recall,,,,
4o01D_4o0pA,ShallowMsa_012,CCMpred,0.0,0.0,0.0,0.0,0.0,0.0,1,0,0,0.0,Amb,0.0,Amb,0.0,0.0,0.0,t_recall,,,,
4o01D_4o0pA,ShallowMsa_013,CCMpred,0.0,0.0,0.0,0.0,0.0,0.0,1,0,0,0.0,Amb,0.0,Amb,0.0,0.0,0.0,t_recall,,,,
4o01D_4o0pA,ShallowMsa_014,CCMpred,0.0,0.0,0.0,0.0,0.0,0.0,1,0,0,0.0,Amb,0.0,Amb,0.0,0.0,0.0,t_recall,,,,
4o01D_4o0pA,ShallowMsa_015,CCMpred,0.0,0.0,0.0,0.0,0.0,0.0,1,0,0,0.0,Amb,0.0,Amb,0.0,0.0,0.0,t_recall,,,,
4o01D_4o0pA,ShallowMsa_000,DDG,-141.3536,-108.7727,-141.3536,-108.7727,-32.5809,-32.5809,10,0,10,0.0,F2,-0.0048,Amb,-32.5761,,,ddg_kcal_per_mol(delta=1.0),-32.5809,14.9558,141.3536,108.7727
4o01D_4o0pA,ShallowMsa_001,DDG,-127.5402,-99.9423,-127.5402,-99.9423,-27.5979,-27.5979,10,0,10,0.0,F2,4.9782,F1,-32.5761,,,ddg_kcal_per_mol(delta=1.0),-27.5979,15.564,127.5402,99.9423
4o01D_4o0pA,ShallowMsa_002,DDG,-144.0489,-110.4435,-144.0489,-110.4435,-33.6054,-33.6054,10,0,10,0.0,F2,-1.0293,F2,-32.5761,,,ddg_kcal_per_mol(delta=1.0),-33.6054,10.4229,144.0489,110.4435
4o01D_4o0pA,ShallowMsa_003,DDG,-135.6008,-102.5362,-135.6008,-102.5362,-33.0646,-33.0646,10,0,10,0.0,F2,-0.4885,Amb,-32.5761,,,ddg_kcal_per_mol(delta=1.0),-33.0646,11.8436,135.6008,102.5362
4o01D_4o0pA,ShallowMsa_004,DDG,-130.0186,-99.2739,-130.0186,-99.2739,-30.7447,-30.7447,10,0,10,0.0,F2,1.8314,F1,-32.5761,,,ddg_kcal_per_mol(delta=1.0),-30.7447,15.4381,130.0186,99.2739
4o01D_4o0pA,ShallowMsa_005,DDG,-124.7813,-96.3472,-124.7813,-96.3472,-28.4341,-28.4341,10,1,9,0.1,F2,4.142,F1,-32.5761,,,ddg_kcal_per_mol(delta=1.0),-28.4341,15.4679,124.7813,96.3472
4o01D_4o0pA,ShallowMsa_006,DDG,-154.66,-121.7414,-154.66,-121.7414,-32.9186,-32.9186,10,0,10,0.0,F2,-0.3424,Amb,-32.5761,,,ddg_kcal_per_mol(delta=1.0),-32.9186,13.9551,154.66,121.7414
4o01D_4o0pA,ShallowMsa_007,DDG,-144.9219,-111.9937,-144.9219,-111.9937,-32.9282,-32.9282,10,0,10,0.0,F2,-0.352,Amb,-32.5761,,,ddg_kcal_per_mol(delta=1.0),-32.9282,14.6268,144.9219,111.9937
4o01D_4o0pA,ShallowMsa_008,DDG,-148.3746,-115.8032,-148.3746,-115.8032,-32.5714,-32.5714,10,0,10,0.0,F2,0.0048,Amb,-32.5761,,,ddg_kcal_per_mol(delta=1.0),-32.5714,12.7499,148.3746,115.8032
4o01D_4o0pA,ShallowMsa_009,DDG,-141.3719,-105.9368,-141.3719,-105.9368,-35.4351,-35.4351,10,0,10,0.0,F2,-2.859,F2,-32.5761,,,ddg_kcal_per_mol(delta=1.0),-35.4351,12.118,141.3719,105.9368
4o01D_4o0pA,ShallowMsa_010,DDG,-159.7597,-125.3114,-159.7597,-125.3114,-34.4484,-34.4484,10,0,10,0.0,F2,-1.8723,F2,-32.5761,,,ddg_kcal_per_mol(delta=1.0),-34.4484,12.4176,159.7597,125.3114
4o01D_4o0pA,ShallowMsa_011,DDG,-129.0484,-99.9455,-129.0484,-99.9455,-29.1029,-29.1029,10,0,10,0.0,F2,3.4732,F1,-32.5761,,,ddg_kcal_per_mol(delta=1.0),-29.1029,11.1954,129.0484,99.9455
4o01D_4o0pA,ShallowMsa_012,DDG,-127.1357,-97.7787,-127.1357,-97.7787,-29.357,-29.357,10,0,10,0.0,F2,3.2191,F1,-32.5761,,,ddg_kcal_per_mol(delta=1.0),-29.357,13.1731,127.1357,97.7787
4o01D_4o0pA,ShallowMsa_013,DDG,-146.4222,-110.9555,-146.4222,-110.9555,-35.4667,-35.4667,10,0,10,0.0,F2,-2.8906,F2,-32.5761,,,ddg_kcal_per_mol(delta=1.0),-35.4667,12.1557,146.4222,110.9555
4o01D_4o0pA,ShallowMsa_014,DDG,-142.721,-110.8902,-142.721,-110.8902,-31.8309,-31.8309,10,0,10,0.0,F2,0.7452,Amb,-32.5761,,,ddg_kcal_per_mol(delta=1.0),-31.8309,12.5373,142.721,110.8902
4o01D_4o0pA,ShallowMsa_015,DDG,-134.9037,-102.8963,-134.9037,-102.8963,-32.0075,-32.0075,10,0,10,0.0,F2,0.5686,Amb,-32.5761,,,ddg_kcal_per_mol(delta=1.0),-32.0075,8.95,134.9037,102.8963
4o01D_4o0pA,ShallowMsa_000,Boltz2,0.4002,0.398,0.4002,0.398,0.0022,0.0022,1,1,0,1.0,Amb,0.0,Amb,0.0022,,,,,,,
4o01D_4o0pA,ShallowMsa_001,Boltz2,0.5104,0.4913,0.5104,0.4913,0.0191,0.0191,1,1,0,1.0,Amb,0.0169,Amb,0.0022,,,,,,,
4o01D_4o0pA,ShallowMsa_002,Boltz2,0.4624,0.4676,0.4624,0.4676,-0.0053,-0.0053,1,0,1,0.0,Amb,-0.0075,Amb,0.0022,,,,,,,
4o01D_4o0pA,ShallowMsa_003,Boltz2,0.3244,0.323,0.3244,0.323,0.0014,0.0014,1,1,0,1.0,Amb,-0.0008,Amb,0.0022,,,,,,,
4o01D_4o0pA,ShallowMsa_004,Boltz2,0.2604,0.269,0.2604,0.269,-0.0086,-0.0086,1,0,1,0.0,Amb,-0.0108,Amb,0.0022,,,,,,,
4o01D_4o0pA,ShallowMsa_005,Boltz2,0.3646,0.365,0.3646,0.365,-0.0004,-0.0004,1,0,1,0.0,Amb,-0.0026,Amb,0.0022,,,,,,,
4o01D_4o0pA,ShallowMsa_006,Boltz2,0.2581,0.2413,0.2581,0.2413,0.0169,0.0169,1,1,0,1.0,Amb,0.0147,Amb,0.0022,,,,,,,
4o01D_4o0pA,ShallowMsa_007,Boltz2,0.5833,0.5245,0.5833,0.5245,0.0588,0.0588,1,1,0,1.0,F1,0.0566,F1,0.0022,,,,,,,
4o01D_4o0pA,ShallowMsa_008,Boltz2,0.4709,0.4544,0.4709,0.4544,0.0165,0.0165,1,1,0,1.0,Amb,0.0143,Amb,0.0022,,,,,,,
4o01D_4o0pA,ShallowMsa_010,Boltz2,0.2791,0.2779,0.2791,0.2779,0.0012,0.0012,1,1,0,1.0,Amb,-0.001,Amb,0.0022,,,,,,,
4o01D_4o0pA,ShallowMsa_011,Boltz2,0.2456,0.2498,0.2456,0.2498,-0.0041,-0.0041,1,0,1,0.0,Amb,-0.0063,Amb,0.0022,,,,,,,
4o01D_4o0pA,ShallowMsa_012,Boltz2,0.3864,0.3929,0.3864,0.3929,-0.0065,-0.0065,1,0,1,0.0,Amb,-0.0087,Amb,0.0022,,,,,,,
4o01D_4o0pA,ShallowMsa_013,Boltz2,0.4973,0.4402,0.4973,0.4402,0.0571,0.0571,1,1,0,1.0,F1,0.0549,F1,0.0022,,,,,,,
4o01D_4o0pA,ShallowMsa_014,Boltz2,0.4283,0.4061,0.4283,0.4061,0.0222,0.0222,1,1,0,1.0,Amb,0.02,Amb,0.0022,,,,,,,
4o01D_4o0pA,ShallowMsa_015,Boltz2,0.3515,0.3328,0.3515,0.3328,0.0188,0.0188,1,1,0,1.0,Amb,0.0166,Amb,0.0022,,,,,,,
4ow6B_4ae0A,DeepMsa,AF2,0.4631,0.395,0.4421,0.3915,0.0681,0.0506,2,2,0,1.0,F1,0.0681,F1,0.0,,,,,,,
4ow6B_4ae0A,DeepMsa,AF3,0.4976,0.4242,0.4589,0.416,0.0734,0.0429,2,2,0,1.0,F1,0.0734,F1,0.0,,,,,,,
4ow6B_4ae0A,DeepMsa,ESM,0.4447,0.4778,0.4121,0.4258,-0.0331,-0.0137,4,2,2,0.5,Amb,-0.0331,Amb,0.0,,,,,,,
4ow6B_4ae0A,DeepMsa,MSAT,0.002,0.0021,0.002,0.0021,-0.0001,-0.0001,1,0,1,0.0,Amb,-0.0001,Amb,0.0,0.002,0.0021,t_recall,,,,
4ow6B_4ae0A,DeepMsa,CCMpred,0.0,0.0,0.0,0.0,0.0,0.0,1,0,0,0.0,Amb,0.0,Amb,0.0,0.0,0.0,t_recall,,,,
4pyjA_4pyiA,DeepMsa,AF2,0.8905,0.9514,0.8901,0.951,-0.061,-0.0609,2,0,2,0.0,F2,-0.061,F2,-0.036,,,,,,,
4pyjA_4pyiA,ShallowMsa_000,AF2,0.8921,0.9507,0.8917,0.9507,-0.0586,-0.059,2,0,2,0.0,F2,-0.0226,Amb,-0.036,,,,,,,
4pyjA_4pyiA,ShallowMsa_001,AF2,0.8896,0.9194,0.8887,0.9169,-0.0298,-0.0282,2,0,2,0.0,Amb,0.0062,Amb,-0.036,,,,,,,
4pyjA_4pyiA,ShallowMsa_002,AF2,0.6191,0.6248,0.6175,0.622,-0.0057,-0.0046,2,0,2,0.0,Amb,0.0303,Amb,-0.036,,,,,,,
4pyjA_4pyiA,ShallowMsa_003,AF2,0.8603,0.9033,0.8603,0.9033,-0.0431,-0.0431,2,0,2,0.0,Amb,-0.0071,Amb,-0.036,,,,,,,
4pyjA_4pyiA,ShallowMsa_004,AF2,0.8311,0.8902,0.8311,0.8902,-0.0591,-0.0591,2,0,2,0.0,F2,-0.0231,Amb,-0.036,,,,,,,
4pyjA_4pyiA,ShallowMsa_005,AF2,0.839,0.849,0.839,0.849,-0.01,-0.01,2,0,2,0.0,Amb,0.026,Amb,-0.036,,,,,,,
4pyjA_4pyiA,ShallowMsa_006,AF2,0.5826,0.5812,0.5826,0.5812,0.0013,0.0013,2,2,0,1.0,Amb,0.0373,Amb,-0.036,,,,,,,
4pyjA_4pyiA,ShallowMsa_007,AF2,0.6919,0.6977,0.6919,0.6977,-0.0058,-0.0058,2,0,2,0.0,Amb,0.0302,Amb,-0.036,,,,,,,
4pyjA_4pyiA,ShallowMsa_008,AF2,0.8364,0.8841,0.8364,0.8841,-0.0477,-0.0477,2,0,2,0.0,Amb,-0.0117,Amb,-0.036,,,,,,,
4pyjA_4pyiA,ShallowMsa_009,AF2,0.8073,0.8682,0.8073,0.8682,-0.0609,-0.0609,2,0,2,0.0,F2,-0.0249,Amb,-0.036,,,,,,,
4pyjA_4pyiA,ShallowMsa_010,AF2,0.7125,0.7407,0.7125,0.7407,-0.0282,-0.0282,2,0,2,0.0,Amb,0.0078,Amb,-0.036,,,,,,,
4pyjA_4pyiA,ShallowMsa_011,AF2,0.6515,0.6543,0.6515,0.6543,-0.0028,-0.0028,2,0,2,0.0,Amb,0.0332,Amb,-0.036,,,,,,,
4pyjA_4pyiA,ShallowMsa_012,AF2,0.5396,0.5378,0.5396,0.5378,0.0018,0.0018,2,2,0,1.0,Amb,0.0378,Amb,-0.036,,,,,,,
4pyjA_4pyiA,ShallowMsa_013,AF2,0.6568,0.6679,0.6568,0.6679,-0.0111,-0.0111,2,0,2,0.0,Amb,0.0249,Amb,-0.036,,,,,,,
4pyjA_4pyiA,ShallowMsa_014,AF2,0.8367,0.9109,0.8367,0.9109,-0.0743,-0.0743,2,0,2,0.0,F2,-0.0383,Amb,-0.036,,,,,,,
4pyjA_4pyiA,ShallowMsa_015,AF2,0.8455,0.9185,0.8455,0.9185,-0.073,-0.073,2,0,2,0.0,F2,-0.037,Amb,-0.036,,,,,,,
4pyjA_4pyiA,ShallowMsa_016,AF2,0.8731,0.9489,0.8579,0.9385,-0.0757,-0.0806,2,0,2,0.0,F2,-0.0397,Amb,-0.036,,,,,,,
4pyjA_4pyiA,ShallowMsa_017,AF2,0.8783,0.9499,0.8783,0.9499,-0.0716,-0.0716,2,0,2,0.0,F2,-0.0356,Amb,-0.036,,,,,,,
4pyjA_4pyiA,ShallowMsa_018,AF2,0.8357,0.8716,0.8357,0.8716,-0.036,-0.036,2,0,2,0.0,Amb,0.0,Amb,-0.036,,,,,,,
4pyjA_4pyiA,DeepMsa,AF3,0.8904,0.9533,0.8892,0.9522,-0.063,-0.063,2,0,2,0.0,F2,-0.063,F2,-0.0351,,,,,,,
4pyjA_4pyiA,ShallowMsa_000,AF3,0.891,0.9555,0.8889,0.9531,-0.0646,-0.0641,2,0,2,0.0,F2,-0.0295,Amb,-0.0351,,,,,,,
4pyjA_4pyiA,ShallowMsa_001,AF3,0.8863,0.9245,0.8852,0.9236,-0.0382,-0.0384,2,0,2,0.0,Amb,-0.0031,Amb,-0.0351,,,,,,,
4pyjA_4pyiA,ShallowMsa_002,AF3,0.6102,0.6169,0.6064,0.6136,-0.0067,-0.0072,2,0,2,0.0,Amb,0.0284,Amb,-0.0351,,,,,,,
4pyjA_4pyiA,ShallowMsa_003,AF3,0.8516,0.9219,0.8516,0.9219,-0.0703,-0.0703,2,0,2,0.0,F2,-0.0352,Amb,-0.0351,,,,,,,
4pyjA_4pyiA,ShallowMsa_004,AF3,0.5641,0.5717,0.5641,0.5717,-0.0076,-0.0076,2,0,2,0.0,Amb,0.0275,Amb,-0.0351,,,,,,,
4pyjA_4pyiA,ShallowMsa_005,AF3,0.8257,0.8275,0.8257,0.8275,-0.0018,-0.0018,2,0,2,0.0,Amb,0.0333,Amb,-0.0351,,,,,,,
4pyjA_4pyiA,ShallowMsa_006,AF3,0.5813,0.5851,0.5813,0.5851,-0.0038,-0.0038,2,0,2,0.0,Amb,0.0313,Amb,-0.0351,,,,,,,
4pyjA_4pyiA,ShallowMsa_007,AF3,0.6931,0.6997,0.6931,0.6997,-0.0066,-0.0066,2,0,2,0.0,Amb,0.0285,Amb,-0.0351,,,,,,,
4pyjA_4pyiA,ShallowMsa_008,AF3,0.8372,0.8841,0.8372,0.8841,-0.0469,-0.0469,2,0,2,0.0,Amb,-0.0118,Amb,-0.0351,,,,,,,
4pyjA_4pyiA,ShallowMsa_009,AF3,0.7936,0.8635,0.7936,0.8635,-0.0699,-0.0699,2,0,2,0.0,F2,-0.0348,Amb,-0.0351,,,,,,,
4pyjA_4pyiA,ShallowMsa_010,AF3,0.6957,0.718,0.6957,0.718,-0.0223,-0.0223,2,0,2,0.0,Amb,0.0128,Amb,-0.0351,,,,,,,
4pyjA_4pyiA,ShallowMsa_011,AF3,0.6928,0.6966,0.6928,0.6966,-0.0038,-0.0038,2,0,2,0.0,Amb,0.0313,Amb,-0.0351,,,,,,,
4pyjA_4pyiA,ShallowMsa_012,AF3,0.5627,0.5621,0.5627,0.5621,0.0005,0.0005,2,2,0,1.0,Amb,0.0356,Amb,-0.0351,,,,,,,
4pyjA_4pyiA,ShallowMsa_013,AF3,0.6062,0.6081,0.6062,0.6081,-0.0019,-0.0019,2,0,2,0.0,Amb,0.0332,Amb,-0.0351,,,,,,,
4pyjA_4pyiA,ShallowMsa_014,AF3,0.8358,0.905,0.8358,0.905,-0.0692,-0.0692,2,0,2,0.0,F2,-0.0341,Amb,-0.0351,,,,,,,
4pyjA_4pyiA,ShallowMsa_015,AF3,0.8451,0.9098,0.8451,0.9098,-0.0647,-0.0647,2,0,2,0.0,F2,-0.0296,Amb,-0.0351,,,,,,,
4pyjA_4pyiA,ShallowMsa_016,AF3,0.8772,0.952,0.8608,0.941,-0.0749,-0.0802,2,0,2,0.0,F2,-0.0398,Amb,-0.0351,,,,,,,
4pyjA_4pyiA,ShallowMsa_017,AF3,0.8779,0.9558,0.8779,0.9558,-0.0779,-0.0779,2,0,2,0.0,F2,-0.0428,Amb,-0.0351,,,,,,,
4pyjA_4pyiA,ShallowMsa_018,AF3,0.8278,0.8629,0.8278,0.8629,-0.0351,-0.0351,2,0,2,0.0,Amb,0.0,Amb,-0.0351,,,,,,,
4pyjA_4pyiA,ShallowMsa_000,ESM,0.8836,0.9578,0.631,0.6656,-0.0742,-0.0346,20,0,20,0.0,Amb,-0.0155,Amb,-0.0587,,,,,,,
4pyjA_4pyiA,ShallowMsa_001,ESM,0.8681,0.9126,0.6138,0.6571,-0.0445,-0.0433,20,0,20,0.0,Amb,0.0142,Amb,-0.0587,,,,,,,
4pyjA_4pyiA,ShallowMsa_002,ESM,0.8234,0.9023,0.615,0.6571,-0.0789,-0.0421,20,0,20,0.0,Amb,-0.0202,Amb,-0.0587,,,,,,,
4pyjA_4pyiA,ShallowMsa_003,ESM,0.8666,0.9127,0.6246,0.6604,-0.046,-0.0358,20,2,18,0.1,Amb,0.0127,Amb,-0.0587,,,,,,,
4pyjA_4pyiA,ShallowMsa_004,ESM,0.8446,0.9058,0.6062,0.6423,-0.0612,-0.0361,20,0,20,0.0,Amb,-0.0025,Amb,-0.0587,,,,,,,
4pyjA_4pyiA,ShallowMsa_005,ESM,0.8442,0.8835,0.6243,0.6675,-0.0393,-0.0432,20,0,20,0.0,Amb,0.0194,Amb,-0.0587,,,,,,,
4pyjA_4pyiA,ShallowMsa_006,ESM,0.7098,0.7612,0.5413,0.575,-0.0514,-0.0337,20,0,20,0.0,Amb,0.0073,Amb,-0.0587,,,,,,,
4pyjA_4pyiA,ShallowMsa_007,ESM,0.7061,0.7554,0.5683,0.5945,-0.0493,-0.0263,20,0,20,0.0,Amb,0.0094,Amb,-0.0587,,,,,,,
4pyjA_4pyiA,ShallowMsa_008,ESM,0.8215,0.8833,0.608,0.6474,-0.0618,-0.0394,20,0,20,0.0,Amb,-0.0031,Amb,-0.0587,,,,,,,
4pyjA_4pyiA,ShallowMsa_009,ESM,0.8172,0.8609,0.574,0.6108,-0.0437,-0.0367,20,2,18,0.1,Amb,0.015,Amb,-0.0587,,,,,,,
4pyjA_4pyiA,ShallowMsa_010,ESM,0.7907,0.8494,0.5496,0.5831,-0.0587,-0.0335,20,0,20,0.0,Amb,0.0,Amb,-0.0587,,,,,,,
4pyjA_4pyiA,ShallowMsa_011,ESM,0.7816,0.7958,0.5686,0.5926,-0.0142,-0.024,20,2,18,0.1,Amb,0.0445,Amb,-0.0587,,,,,,,
4pyjA_4pyiA,ShallowMsa_012,ESM,0.7228,0.7606,0.5403,0.562,-0.0378,-0.0217,20,0,20,0.0,Amb,0.0209,Amb,-0.0587,,,,,,,
4pyjA_4pyiA,ShallowMsa_013,ESM,0.7098,0.7655,0.5811,0.6059,-0.0557,-0.0247,20,0,20,0.0,Amb,0.003,Amb,-0.0587,,,,,,,
4pyjA_4pyiA,ShallowMsa_014,ESM,0.8519,0.9243,0.6146,0.6502,-0.0724,-0.0356,20,0,20,0.0,Amb,-0.0137,Amb,-0.0587,,,,,,,
4pyjA_4pyiA,ShallowMsa_015,ESM,0.8319,0.9092,0.6427,0.6873,-0.0773,-0.0446,20,0,20,0.0,Amb,-0.0186,Amb,-0.0587,,,,,,,
4pyjA_4pyiA,ShallowMsa_016,ESM,0.8653,0.931,0.6202,0.6614,-0.0657,-0.0413,20,2,18,0.1,Amb,-0.007,Amb,-0.0587,,,,,,,
4pyjA_4pyiA,ShallowMsa_017,ESM,0.8652,0.9359,0.5858,0.625,-0.0707,-0.0393,20,2,18,0.1,Amb,-0.012,Amb,-0.0587,,,,,,,
4pyjA_4pyiA,ShallowMsa_018,ESM,0.8401,0.8989,0.6188,0.6549,-0.0588,-0.0362,20,0,20,0.0,Amb,-0.0001,Amb,-0.0587,,,,,,,
4pyjA_4pyiA,DeepMsa,MSAT,0.4441,0.4536,0.4441,0.4536,-0.0095,-0.0095,1,0,1,0.0,Amb,-0.0095,Amb,-0.0008,0.4441,0.4536,t_recall,,,,
4pyjA_4pyiA,ShallowMsa_000,MSAT,0.4178,0.4138,0.4178,0.4138,0.004,0.004,1,1,0,1.0,Amb,0.0048,Amb,-0.0008,0.4178,0.4138,t_recall,,,,
4pyjA_4pyiA,ShallowMsa_001,MSAT,0.1283,0.1536,0.1283,0.1536,-0.0253,-0.0253,1,0,1,0.0,Amb,-0.0245,Amb,-0.0008,0.1283,0.1536,t_recall,,,,
4pyjA_4pyiA,ShallowMsa_002,MSAT,0.4172,0.422,0.4172,0.422,-0.0048,-0.0048,1,0,1,0.0,Amb,-0.004,Amb,-0.0008,0.4172,0.422,t_recall,,,,
4pyjA_4pyiA,ShallowMsa_003,MSAT,0.1026,0.1181,0.1026,0.1181,-0.0155,-0.0155,1,0,1,0.0,Amb,-0.0147,Amb,-0.0008,0.1026,0.1181,t_recall,,,,
4pyjA_4pyiA,ShallowMsa_004,MSAT,0.096,0.0887,0.096,0.0887,0.0073,0.0073,1,1,0,1.0,Amb,0.0081,Amb,-0.0008,0.096,0.0887,t_recall,,,,
4pyjA_4pyiA,ShallowMsa_005,MSAT,0.0954,0.087,0.0954,0.087,0.0084,0.0084,1,1,0,1.0,Amb,0.0092,Amb,-0.0008,0.0954,0.087,t_recall,,,,
4pyjA_4pyiA,ShallowMsa_006,MSAT,0.0378,0.0426,0.0378,0.0426,-0.0048,-0.0048,1,0,1,0.0,Amb,-0.004,Amb,-0.0008,0.0378,0.0426,t_recall,,,,
4pyjA_4pyiA,ShallowMsa_007,MSAT,0.0646,0.0644,0.0646,0.0644,0.0002,0.0002,1,1,0,1.0,Amb,0.001,Amb,-0.0008,0.0646,0.0644,t_recall,,,,
4pyjA_4pyiA,ShallowMsa_008,MSAT,0.1118,0.1486,0.1118,0.1486,-0.0368,-0.0368,1,0,1,0.0,Amb,-0.036,Amb,-0.0008,0.1118,0.1486,t_recall,,,,
4pyjA_4pyiA,ShallowMsa_009,MSAT,0.1086,0.0909,0.1086,0.0909,0.0177,0.0177,1,1,0,1.0,Amb,0.0185,Amb,-0.0008,0.1086,0.0909,t_recall,,,,
4pyjA_4pyiA,ShallowMsa_010,MSAT,0.0833,0.0842,0.0833,0.0842,-0.0009,-0.0009,1,0,1,0.0,Amb,-0.0001,Amb,-0.0008,0.0833,0.0842,t_recall,,,,
4pyjA_4pyiA,ShallowMsa_011,MSAT,0.0625,0.063,0.0625,0.063,-0.0005,-0.0005,1,0,1,0.0,Amb,0.0003,Amb,-0.0008,0.0625,0.063,t_recall,,,,
4pyjA_4pyiA,ShallowMsa_012,MSAT,0.0508,0.0516,0.0508,0.0516,-0.0008,-0.0008,1,0,1,0.0,Amb,0.0,Amb,-0.0008,0.0508,0.0516,t_recall,,,,
4pyjA_4pyiA,ShallowMsa_013,MSAT,0.1192,0.1202,0.1192,0.1202,-0.001,-0.001,1,0,1,0.0,Amb,-0.0002,Amb,-0.0008,0.1192,0.1202,t_recall,,,,
4pyjA_4pyiA,ShallowMsa_014,MSAT,0.1086,0.0892,0.1086,0.0892,0.0194,0.0194,1,1,0,1.0,Amb,0.0202,Amb,-0.0008,0.1086,0.0892,t_recall,,,,
4pyjA_4pyiA,ShallowMsa_015,MSAT,0.1217,0.1135,0.1217,0.1135,0.0082,0.0082,1,1,0,1.0,Amb,0.009,Amb,-0.0008,0.1217,0.1135,t_recall,,,,
4pyjA_4pyiA,ShallowMsa_016,MSAT,0.1086,0.1432,0.1086,0.1432,-0.0346,-0.0346,1,0,1,0.0,Amb,-0.0338,Amb,-0.0008,0.1086,0.1432,t_recall,,,,
4pyjA_4pyiA,ShallowMsa_017,MSAT,0.0954,0.1135,0.0954,0.1135,-0.0181,-0.0181,1,0,1,0.0,Amb,-0.0173,Amb,-0.0008,0.0954,0.1135,t_recall,,,,
4pyjA_4pyiA,ShallowMsa_018,MSAT,0.4638,0.4589,0.4638,0.4589,0.0049,0.0049,1,1,0,1.0,Amb,0.0057,Amb,-0.0008,0.4638,0.4589,t_recall,,,,
4pyjA_4pyiA,DeepMsa,CCMpred,0.1941,0.1645,0.1941,0.1645,0.0296,0.0296,1,1,0,1.0,Amb,0.0296,Amb,0.0,0.1941,0.1645,t_recall,,,,
4pyjA_4pyiA,ShallowMsa_000,CCMpred,0.0,0.0,0.0,0.0,0.0,0.0,1,0,0,0.0,Amb,0.0,Amb,0.0,0.0,0.0,t_recall,,,,
4pyjA_4pyiA,ShallowMsa_001,CCMpred,0.0033,0.0027,0.0033,0.0027,0.0006,0.0006,1,1,0,1.0,Amb,0.0006,Amb,0.0,0.0033,0.0027,t_recall,,,,
4pyjA_4pyiA,ShallowMsa_002,CCMpred,0.023,0.0186,0.023,0.0186,0.0044,0.0044,1,1,0,1.0,Amb,0.0044,Amb,0.0,0.023,0.0186,t_recall,,,,
4pyjA_4pyiA,ShallowMsa_003,CCMpred,0.0066,0.0053,0.0066,0.0053,0.0013,0.0013,1,1,0,1.0,Amb,0.0013,Amb,0.0,0.0066,0.0053,t_recall,,,,
4pyjA_4pyiA,ShallowMsa_004,CCMpred,0.0,0.0,0.0,0.0,0.0,0.0,1,0,0,0.0,Amb,0.0,Amb,0.0,0.0,0.0,t_recall,,,,
4pyjA_4pyiA,ShallowMsa_005,CCMpred,0.0,0.0,0.0,0.0,0.0,0.0,1,0,0,0.0,Amb,0.0,Amb,0.0,0.0,0.0,t_recall,,,,
4pyjA_4pyiA,ShallowMsa_006,CCMpred,0.0066,0.0053,0.0066,0.0053,0.0013,0.0013,1,1,0,1.0,Amb,0.0013,Amb,0.0,0.0066,0.0053,t_recall,,,,
4pyjA_4pyiA,ShallowMsa_007,CCMpred,0.0066,0.0053,0.0066,0.0053,0.0013,0.0013,1,1,0,1.0,Amb,0.0013,Amb,0.0,0.0066,0.0053,t_recall,,,,
4pyjA_4pyiA,ShallowMsa_008,CCMpred,0.0,0.0,0.0,0.0,0.0,0.0,1,0,0,0.0,Amb,0.0,Amb,0.0,0.0,0.0,t_recall,,,,
4pyjA_4pyiA,ShallowMsa_009,CCMpred,0.0,0.0,0.0,0.0,0.0,0.0,1,0,0,0.0,Amb,0.0,Amb,0.0,0.0,0.0,t_recall,,,,
4pyjA_4pyiA,ShallowMsa_010,CCMpred,0.0033,0.0027,0.0033,0.0027,0.0006,0.0006,1,1,0,1.0,Amb,0.0006,Amb,0.0,0.0033,0.0027,t_recall,,,,
4pyjA_4pyiA,ShallowMsa_011,CCMpred,0.0033,0.0027,0.0033,0.0027,0.0006,0.0006,1,1,0,1.0,Amb,0.0006,Amb,0.0,0.0033,0.0027,t_recall,,,,
4pyjA_4pyiA,ShallowMsa_012,CCMpred,0.0099,0.008,0.0099,0.008,0.0019,0.0019,1,1,0,1.0,Amb,0.0019,Amb,0.0,0.0099,0.008,t_recall,,,,
4pyjA_4pyiA,ShallowMsa_013,CCMpred,0.0066,0.0053,0.0066,0.0053,0.0013,0.0013,1,1,0,1.0,Amb,0.0013,Amb,0.0,0.0066,0.0053,t_recall,,,,
4pyjA_4pyiA,ShallowMsa_014,CCMpred,0.0,0.0,0.0,0.0,0.0,0.0,1,0,0,0.0,Amb,0.0,Amb,0.0,0.0,0.0,t_recall,,,,
4pyjA_4pyiA,ShallowMsa_015,CCMpred,0.0,0.0,0.0,0.0,0.0,0.0,1,0,0,0.0,Amb,0.0,Amb,0.0,0.0,0.0,t_recall,,,,
4pyjA_4pyiA,ShallowMsa_016,CCMpred,0.0,0.0,0.0,0.0,0.0,0.0,1,0,0,0.0,Amb,0.0,Amb,0.0,0.0,0.0,t_recall,,,,
4pyjA_4pyiA,ShallowMsa_017,CCMpred,0.0,0.0,0.0,0.0,0.0,0.0,1,0,0,0.0,Amb,0.0,Amb,0.0,0.0,0.0,t_recall,,,,
4pyjA_4pyiA,ShallowMsa_018,CCMpred,0.0,0.0,0.0,0.0,0.0,0.0,1,0,0,0.0,Amb,0.0,Amb,0.0,0.0,0.0,t_recall,,,,
4pyjA_4pyiA,ShallowMsa_000,DDG,-52.1055,-55.5807,-52.1055,-55.5807,3.4752,3.4752,10,7,3,0.7,F1,-0.1407,Amb,3.6159,,,ddg_kcal_per_mol(delta=1.0),3.4752,3.2783,52.1055,55.5807
4pyjA_4pyiA,ShallowMsa_001,DDG,-64.139,-70.2517,-64.139,-70.2517,6.1126,6.1126,10,9,1,0.9,F1,2.4967,F1,3.6159,,,ddg_kcal_per_mol(delta=1.0),6.1126,5.1758,64.139,70.2517
4pyjA_4pyiA,ShallowMsa_002,DDG,-68.9345,-71.8397,-68.9345,-71.8397,2.9052,2.9052,10,7,3,0.7,F1,-0.7107,Amb,3.6159,,,ddg_kcal_per_mol(delta=1.0),2.9052,3.8641,68.9345,71.8397
4pyjA_4pyiA,ShallowMsa_003,DDG,-61.9962,-66.2948,-61.9962,-66.2948,4.2986,4.2986,10,8,2,0.8,F1,0.6827,Amb,3.6159,,,ddg_kcal_per_mol(delta=1.0),4.2986,3.7479,61.9962,66.2948
4pyjA_4pyiA,ShallowMsa_004,DDG,-63.428,-67.1452,-63.428,-67.1452,3.7172,3.7172,10,8,2,0.8,F1,0.1013,Amb,3.6159,,,ddg_kcal_per_mol(delta=1.0),3.7172,3.7318,63.428,67.1452
4pyjA_4pyiA,ShallowMsa_005,DDG,-61.5843,-66.7719,-61.5843,-66.7719,5.1876,5.1876,10,8,2,0.8,F1,1.5717,F1,3.6159,,,ddg_kcal_per_mol(delta=1.0),5.1876,4.8904,61.5843,66.7719
4pyjA_4pyiA,ShallowMsa_006,DDG,-62.4375,-65.8369,-62.4375,-65.8369,3.3994,3.3994,10,6,4,0.6,F1,-0.2165,Amb,3.6159,,,ddg_kcal_per_mol(delta=1.0),3.3994,4.3868,62.4375,65.8369
4pyjA_4pyiA,ShallowMsa_007,DDG,-59.3433,-61.6386,-59.3433,-61.6386,2.2953,2.2953,10,8,2,0.8,F1,-1.3206,F2,3.6159,,,ddg_kcal_per_mol(delta=1.0),2.2953,2.6744,59.3433,61.6386
4pyjA_4pyiA,ShallowMsa_008,DDG,-59.3948,-63.0981,-59.3948,-63.0981,3.7032,3.7032,10,9,1,0.9,F1,0.0873,Amb,3.6159,,,ddg_kcal_per_mol(delta=1.0),3.7032,2.6177,59.3948,63.0981
4pyjA_4pyiA,ShallowMsa_009,DDG,-62.2853,-65.1249,-62.2853,-65.1249,2.8396,2.8396,10,7,3,0.7,F1,-0.7763,Amb,3.6159,,,ddg_kcal_per_mol(delta=1.0),2.8396,4.191,62.2853,65.1249
4pyjA_4pyiA,ShallowMsa_010,DDG,-62.5381,-66.3459,-62.5381,-66.3459,3.8078,3.8078,10,7,3,0.7,F1,0.1919,Amb,3.6159,,,ddg_kcal_per_mol(delta=1.0),3.8078,5.0125,62.5381,66.3459
4pyjA_4pyiA,ShallowMsa_011,DDG,-62.6638,-63.5071,-62.6638,-63.5071,0.8433,0.8433,10,6,4,0.6,Amb,-2.7726,F2,3.6159,,,ddg_kcal_per_mol(delta=1.0),0.8433,3.8321,62.6638,63.5071
4pyjA_4pyiA,ShallowMsa_012,DDG,-60.4326,-62.9279,-60.4326,-62.9279,2.4953,2.4953,10,8,2,0.8,F1,-1.1206,F2,3.6159,,,ddg_kcal_per_mol(delta=1.0),2.4953,4.2369,60.4326,62.9279
4pyjA_4pyiA,ShallowMsa_013,DDG,-65.7909,-68.1976,-65.7909,-68.1976,2.4067,2.4067,10,7,3,0.7,F1,-1.2092,F2,3.6159,,,ddg_kcal_per_mol(delta=1.0),2.4067,3.1996,65.7909,68.1976
4pyjA_4pyiA,ShallowMsa_014,DDG,-62.1776,-65.7935,-62.1776,-65.7935,3.6159,3.6159,10,7,3,0.7,F1,0.0,Amb,3.6159,,,ddg_kcal_per_mol(delta=1.0),3.6159,4.4908,62.1776,65.7935
4pyjA_4pyiA,ShallowMsa_015,DDG,-65.9582,-71.6387,-65.9582,-71.6387,5.6805,5.6805,10,9,1,0.9,F1,2.0646,F1,3.6159,,,ddg_kcal_per_mol(delta=1.0),5.6805,3.9947,65.9582,71.6387
4pyjA_4pyiA,ShallowMsa_016,DDG,-64.6774,-67.7729,-64.6774,-67.7729,3.0955,3.0955,10,7,3,0.7,F1,-0.5204,Amb,3.6159,,,ddg_kcal_per_mol(delta=1.0),3.0955,3.6265,64.6774,67.7729
4pyjA_4pyiA,ShallowMsa_017,DDG,-52.4423,-56.9417,-52.4423,-56.9417,4.4994,4.4994,10,9,1,0.9,F1,0.8835,Amb,3.6159,,,ddg_kcal_per_mol(delta=1.0),4.4994,3.3139,52.4423,56.9417
4pyjA_4pyiA,ShallowMsa_018,DDG,-56.6033,-60.9281,-56.6033,-60.9281,4.3248,4.3248,10,8,2,0.8,F1,0.7089,Amb,3.6159,,,ddg_kcal_per_mol(delta=1.0),4.3248,3.697,56.6033,60.9281
4pyjA_4pyiA,ShallowMsa_000,Boltz2,0.8713,0.9021,0.8713,0.9021,-0.0308,-0.0308,1,0,1,0.0,Amb,0.0124,Amb,-0.0432,,,,,,,
4pyjA_4pyiA,ShallowMsa_001,Boltz2,0.8647,0.9072,0.8647,0.9072,-0.0425,-0.0425,1,0,1,0.0,Amb,0.0007,Amb,-0.0432,,,,,,,
4pyjA_4pyiA,ShallowMsa_002,Boltz2,0.6102,0.662,0.6102,0.662,-0.0518,-0.0518,1,0,1,0.0,F2,-0.0086,Amb,-0.0432,,,,,,,
4pyjA_4pyiA,ShallowMsa_003,Boltz2,0.6449,0.6824,0.6449,0.6824,-0.0374,-0.0374,1,0,1,0.0,Amb,0.0058,Amb,-0.0432,,,,,,,
4pyjA_4pyiA,ShallowMsa_004,Boltz2,0.7369,0.774,0.7369,0.774,-0.0371,-0.0371,1,0,1,0.0,Amb,0.0061,Amb,-0.0432,,,,,,,
4pyjA_4pyiA,ShallowMsa_005,Boltz2,0.8413,0.887,0.8413,0.887,-0.0457,-0.0457,1,0,1,0.0,Amb,-0.0025,Amb,-0.0432,,,,,,,
4pyjA_4pyiA,ShallowMsa_008,Boltz2,0.7108,0.7541,0.7108,0.7541,-0.0432,-0.0432,1,0,1,0.0,Amb,0.0,Amb,-0.0432,,,,,,,
4pyjA_4pyiA,ShallowMsa_010,Boltz2,0.6302,0.6666,0.6302,0.6666,-0.0365,-0.0365,1,0,1,0.0,Amb,0.0067,Amb,-0.0432,,,,,,,
4pyjA_4pyiA,ShallowMsa_011,Boltz2,0.6946,0.7568,0.6946,0.7568,-0.0622,-0.0622,1,0,1,0.0,F2,-0.019,Amb,-0.0432,,,,,,,
4pyjA_4pyiA,ShallowMsa_012,Boltz2,0.6956,0.7311,0.6956,0.7311,-0.0354,-0.0354,1,0,1,0.0,Amb,0.0078,Amb,-0.0432,,,,,,,
4pyjA_4pyiA,ShallowMsa_014,Boltz2,0.7032,0.7471,0.7032,0.7471,-0.0439,-0.0439,1,0,1,0.0,Amb,-0.0007,Amb,-0.0432,,,,,,,
4pyjA_4pyiA,ShallowMsa_015,Boltz2,0.7945,0.8413,0.7945,0.8413,-0.0469,-0.0469,1,0,1,0.0,Amb,-0.0037,Amb,-0.0432,,,,,,,
4pyjA_4pyiA,ShallowMsa_016,Boltz2,0.8095,0.8618,0.8095,0.8618,-0.0523,-0.0523,1,0,1,0.0,F2,-0.0091,Amb,-0.0432,,,,,,,
4pyjA_4pyiA,ShallowMsa_017,Boltz2,0.8232,0.8685,0.8232,0.8685,-0.0453,-0.0453,1,0,1,0.0,Amb,-0.0021,Amb,-0.0432,,,,,,,
4pyjA_4pyiA,ShallowMsa_018,Boltz2,0.8238,0.8641,0.8238,0.8641,-0.0403,-0.0403,1,0,1,0.0,Amb,0.0029,Amb,-0.0432,,,,,,,
4q79F_4uv2D,DeepMsa,AF2,0.8965,0.8359,0.8949,0.7344,0.0606,0.1605,2,2,0,1.0,F1,0.0606,F1,0.1751,,,,,,,
4q79F_4uv2D,ShallowMsa_000,AF2,0.665,0.6206,0.6626,0.6117,0.0444,0.0509,2,2,0,1.0,Amb,-0.1307,F2,0.1751,,,,,,,
4q79F_4uv2D,ShallowMsa_001,AF2,0.7995,0.5987,0.6555,0.4695,0.2008,0.1861,2,2,0,1.0,F1,0.0257,Amb,0.1751,,,,,,,
4q79F_4uv2D,ShallowMsa_002,AF2,0.8143,0.6291,0.7836,0.6192,0.1852,0.1643,2,2,0,1.0,F1,0.0101,Amb,0.1751,,,,,,,
4q79F_4uv2D,ShallowMsa_003,AF2,0.7486,0.568,0.7444,0.5657,0.1806,0.1787,2,2,0,1.0,F1,0.0055,Amb,0.1751,,,,,,,
4q79F_4uv2D,ShallowMsa_004,AF2,0.8068,0.6459,0.7926,0.6401,0.1609,0.1525,2,2,0,1.0,F1,-0.0142,Amb,0.1751,,,,,,,
4q79F_4uv2D,ShallowMsa_005,AF2,0.8014,0.5667,0.7711,0.555,0.2348,0.2161,2,2,0,1.0,F1,0.0597,F1,0.1751,,,,,,,
4q79F_4uv2D,ShallowMsa_006,AF2,0.7942,0.5937,0.772,0.5855,0.2004,0.1866,2,2,0,1.0,F1,0.0253,Amb,0.1751,,,,,,,
4q79F_4uv2D,ShallowMsa_007,AF2,0.8459,0.6039,0.8095,0.6002,0.242,0.2093,2,2,0,1.0,F1,0.0669,F1,0.1751,,,,,,,
4q79F_4uv2D,ShallowMsa_008,AF2,0.6142,0.6049,0.54,0.4884,0.0094,0.0517,2,2,0,1.0,Amb,-0.1657,F2,0.1751,,,,,,,
4q79F_4uv2D,ShallowMsa_009,AF2,0.425,0.361,0.3961,0.3363,0.0641,0.0598,2,2,0,1.0,F1,-0.111,F2,0.1751,,,,,,,
4q79F_4uv2D,ShallowMsa_010,AF2,0.8373,0.6027,0.8223,0.6006,0.2346,0.2217,2,2,0,1.0,F1,0.0595,F1,0.1751,,,,,,,
4q79F_4uv2D,ShallowMsa_011,AF2,0.7499,0.8509,0.7441,0.7518,-0.101,-0.0077,2,1,1,0.5,F2,-0.2761,F2,0.1751,,,,,,,
4q79F_4uv2D,ShallowMsa_012,AF2,0.695,0.6882,0.682,0.6614,0.0068,0.0206,2,2,0,1.0,Amb,-0.1683,F2,0.1751,,,,,,,
4q79F_4uv2D,ShallowMsa_013,AF2,0.5198,0.3278,0.504,0.3148,0.1919,0.1892,2,2,0,1.0,F1,0.0168,Amb,0.1751,,,,,,,
4q79F_4uv2D,ShallowMsa_014,AF2,0.8006,0.68,0.7815,0.6403,0.1206,0.1413,2,2,0,1.0,F1,-0.0545,F2,0.1751,,,,,,,
4q79F_4uv2D,ShallowMsa_015,AF2,0.7883,0.6132,0.6206,0.5164,0.1751,0.1042,2,2,0,1.0,F1,0.0,Amb,0.1751,,,,,,,
4q79F_4uv2D,ShallowMsa_016,AF2,0.7733,0.6895,0.7505,0.677,0.0837,0.0735,2,2,0,1.0,F1,-0.0914,F2,0.1751,,,,,,,
4q79F_4uv2D,ShallowMsa_017,AF2,0.7692,0.5233,0.7494,0.5206,0.2459,0.2289,2,2,0,1.0,F1,0.0708,F1,0.1751,,,,,,,
4q79F_4uv2D,ShallowMsa_018,AF2,0.565,0.4905,0.5374,0.4601,0.0745,0.0773,2,2,0,1.0,F1,-0.1006,F2,0.1751,,,,,,,
4q79F_4uv2D,DeepMsa,AF3,0.8034,0.9356,0.7887,0.8288,-0.1323,-0.0401,2,1,1,0.5,F2,-0.1323,F2,0.2035,,,,,,,
4q79F_4uv2D,ShallowMsa_000,AF3,0.7439,0.7077,0.7398,0.6934,0.0362,0.0464,2,2,0,1.0,Amb,-0.1673,F2,0.2035,,,,,,,
4q79F_4uv2D,ShallowMsa_001,AF3,0.8538,0.6067,0.7326,0.4881,0.2471,0.2446,2,2,0,1.0,F1,0.0436,Amb,0.2035,,,,,,,
4q79F_4uv2D,ShallowMsa_002,AF3,0.8308,0.7206,0.7937,0.6725,0.1101,0.1212,2,2,0,1.0,F1,-0.0934,F2,0.2035,,,,,,,
4q79F_4uv2D,ShallowMsa_003,AF3,0.8313,0.6222,0.7959,0.62,0.209,0.1759,2,2,0,1.0,F1,0.0055,Amb,0.2035,,,,,,,
4q79F_4uv2D,ShallowMsa_004,AF3,0.9297,0.627,0.8943,0.6259,0.3027,0.2683,2,2,0,1.0,F1,0.0992,F1,0.2035,,,,,,,
4q79F_4uv2D,ShallowMsa_005,AF3,0.9021,0.6045,0.8763,0.6034,0.2975,0.2729,2,2,0,1.0,F1,0.094,F1,0.2035,,,,,,,
4q79F_4uv2D,ShallowMsa_006,AF3,0.8683,0.5908,0.8555,0.5893,0.2775,0.2662,2,2,0,1.0,F1,0.074,F1,0.2035,,,,,,,
4q79F_4uv2D,ShallowMsa_007,AF3,0.9207,0.6177,0.8888,0.6164,0.303,0.2725,2,2,0,1.0,F1,0.0995,F1,0.2035,,,,,,,
4q79F_4uv2D,ShallowMsa_008,AF3,0.7061,0.5026,0.6247,0.4281,0.2035,0.1966,2,2,0,1.0,F1,0.0,Amb,0.2035,,,,,,,
4q79F_4uv2D,ShallowMsa_009,AF3,0.4013,0.3545,0.3856,0.3326,0.0468,0.053,2,2,0,1.0,Amb,-0.1567,F2,0.2035,,,,,,,
4q79F_4uv2D,ShallowMsa_010,AF3,0.8896,0.6027,0.8666,0.6005,0.2869,0.2661,2,2,0,1.0,F1,0.0834,F1,0.2035,,,,,,,
4q79F_4uv2D,ShallowMsa_011,AF3,0.7756,0.9215,0.7724,0.8268,-0.146,-0.0545,2,1,1,0.5,F2,-0.3495,F2,0.2035,,,,,,,
4q79F_4uv2D,ShallowMsa_012,AF3,0.6253,0.6329,0.6237,0.6288,-0.0076,-0.0051,2,0,2,0.0,Amb,-0.2111,F2,0.2035,,,,,,,
4q79F_4uv2D,ShallowMsa_013,AF3,0.5275,0.413,0.4766,0.3725,0.1145,0.1041,2,2,0,1.0,F1,-0.089,F2,0.2035,,,,,,,
4q79F_4uv2D,ShallowMsa_014,AF3,0.888,0.6379,0.8426,0.6204,0.25,0.2222,2,2,0,1.0,F1,0.0465,Amb,0.2035,,,,,,,
4q79F_4uv2D,ShallowMsa_015,AF3,0.856,0.6415,0.6498,0.5576,0.2144,0.0922,2,1,1,0.5,F1,0.0109,Amb,0.2035,,,,,,,
4q79F_4uv2D,ShallowMsa_016,AF3,0.7317,0.7059,0.7176,0.6902,0.0258,0.0274,2,2,0,1.0,Amb,-0.1777,F2,0.2035,,,,,,,
4q79F_4uv2D,ShallowMsa_017,AF3,0.7755,0.6737,0.7282,0.6247,0.1018,0.1035,2,2,0,1.0,F1,-0.1017,F2,0.2035,,,,,,,
4q79F_4uv2D,ShallowMsa_018,AF3,0.5498,0.4817,0.5315,0.4577,0.0682,0.0738,2,2,0,1.0,F1,-0.1353,F2,0.2035,,,,,,,
4q79F_4uv2D,ShallowMsa_000,ESM,0.7872,0.8471,0.6065,0.5783,-0.0599,0.0282,20,14,6,0.7,Amb,-0.0773,F2,0.0174,,,,,,,
4q79F_4uv2D,ShallowMsa_001,ESM,0.7894,0.7859,0.5499,0.5039,0.0034,0.046,20,16,4,0.8,Amb,-0.014,Amb,0.0174,,,,,,,
4q79F_4uv2D,ShallowMsa_002,ESM,0.7699,0.8011,0.5325,0.4864,-0.0312,0.0461,20,16,4,0.8,Amb,-0.0486,Amb,0.0174,,,,,,,
4q79F_4uv2D,ShallowMsa_003,ESM,0.7707,0.7399,0.5069,0.452,0.0308,0.0549,20,20,0,1.0,F1,0.0134,Amb,0.0174,,,,,,,
4q79F_4uv2D,ShallowMsa_004,ESM,0.8279,0.8105,0.5795,0.5369,0.0174,0.0427,20,17,3,0.85,Amb,0.0,Amb,0.0174,,,,,,,
4q79F_4uv2D,ShallowMsa_005,ESM,0.784,0.7874,0.6719,0.6025,-0.0035,0.0694,20,16,4,0.8,F1,-0.0209,Amb,0.0174,,,,,,,
4q79F_4uv2D,ShallowMsa_006,ESM,0.7792,0.817,0.5873,0.563,-0.0378,0.0242,20,12,8,0.6,Amb,-0.0552,F2,0.0174,,,,,,,
4q79F_4uv2D,ShallowMsa_007,ESM,0.8067,0.8227,0.6151,0.5663,-0.016,0.0488,20,16,4,0.8,Amb,-0.0334,Amb,0.0174,,,,,,,
4q79F_4uv2D,ShallowMsa_008,ESM,0.8036,0.7031,0.5596,0.4983,0.1005,0.0613,20,18,2,0.9,F1,0.0831,F1,0.0174,,,,,,,
4q79F_4uv2D,ShallowMsa_009,ESM,0.6936,0.5772,0.4827,0.4092,0.1164,0.0735,20,15,5,0.75,F1,0.099,F1,0.0174,,,,,,,
4q79F_4uv2D,ShallowMsa_010,ESM,0.7742,0.7252,0.5304,0.4716,0.0489,0.0588,20,20,0,1.0,F1,0.0315,Amb,0.0174,,,,,,,
4q79F_4uv2D,ShallowMsa_011,ESM,0.7825,0.7529,0.5705,0.51,0.0296,0.0605,20,18,2,0.9,F1,0.0122,Amb,0.0174,,,,,,,
4q79F_4uv2D,ShallowMsa_012,ESM,0.7933,0.8118,0.7132,0.7004,-0.0185,0.0128,20,16,4,0.8,Amb,-0.0359,Amb,0.0174,,,,,,,
4q79F_4uv2D,ShallowMsa_013,ESM,0.7742,0.7535,0.4502,0.4106,0.0207,0.0396,20,16,4,0.8,Amb,0.0033,Amb,0.0174,,,,,,,
4q79F_4uv2D,ShallowMsa_014,ESM,0.8002,0.7539,0.5282,0.4593,0.0463,0.0689,20,17,3,0.85,F1,0.0289,Amb,0.0174,,,,,,,
4q79F_4uv2D,ShallowMsa_015,ESM,0.8039,0.7847,0.6807,0.6411,0.0193,0.0396,20,16,4,0.8,Amb,0.0019,Amb,0.0174,,,,,,,
4q79F_4uv2D,ShallowMsa_016,ESM,0.7788,0.8258,0.6056,0.5724,-0.047,0.0332,20,14,6,0.7,Amb,-0.0644,F2,0.0174,,,,,,,
4q79F_4uv2D,ShallowMsa_017,ESM,0.7951,0.7894,0.6809,0.6294,0.0057,0.0515,20,17,3,0.85,F1,-0.0117,Amb,0.0174,,,,,,,
4q79F_4uv2D,ShallowMsa_018,ESM,0.6795,0.5813,0.5462,0.4545,0.0982,0.0918,20,20,0,1.0,F1,0.0808,F1,0.0174,,,,,,,
4q79F_4uv2D,DeepMsa,MSAT,0.317,0.0945,0.317,0.0945,0.2225,0.2225,1,1,0,1.0,F1,0.2225,F1,-0.024,0.317,0.0945,t_recall,,,,
4q79F_4uv2D,ShallowMsa_000,MSAT,0.0,0.0178,0.0,0.0178,-0.0178,-0.0178,1,0,1,0.0,Amb,0.0062,Amb,-0.024,0.0,0.0178,t_recall,,,,
4q79F_4uv2D,ShallowMsa_001,MSAT,0.03,0.054,0.03,0.054,-0.024,-0.024,1,0,1,0.0,Amb,0.0,Amb,-0.024,0.03,0.054,t_recall,,,,
4q79F_4uv2D,ShallowMsa_002,MSAT,0.023,0.0569,0.023,0.0569,-0.0339,-0.0339,1,0,1,0.0,Amb,-0.0099,Amb,-0.024,0.023,0.0569,t_recall,,,,
4q79F_4uv2D,ShallowMsa_003,MSAT,0.0033,0.0107,0.0033,0.0107,-0.0074,-0.0074,1,0,1,0.0,Amb,0.0166,Amb,-0.024,0.0033,0.0107,t_recall,,,,
4q79F_4uv2D,ShallowMsa_004,MSAT,0.0,0.0605,0.0,0.0605,-0.0605,-0.0605,1,0,1,0.0,F2,-0.0365,Amb,-0.024,0.0,0.0605,t_recall,,,,
4q79F_4uv2D,ShallowMsa_005,MSAT,0.0066,0.0285,0.0066,0.0285,-0.0219,-0.0219,1,0,1,0.0,Amb,0.0021,Amb,-0.024,0.0066,0.0285,t_recall,,,,
4q79F_4uv2D,ShallowMsa_006,MSAT,0.0067,0.0396,0.0067,0.0396,-0.0329,-0.0329,1,0,1,0.0,Amb,-0.0089,Amb,-0.024,0.0067,0.0396,t_recall,,,,
4q79F_4uv2D,ShallowMsa_007,MSAT,0.0197,0.0391,0.0197,0.0391,-0.0194,-0.0194,1,0,1,0.0,Amb,0.0046,Amb,-0.024,0.0197,0.0391,t_recall,,,,
4q79F_4uv2D,ShallowMsa_008,MSAT,0.0133,0.0432,0.0133,0.0432,-0.0299,-0.0299,1,0,1,0.0,Amb,-0.0059,Amb,-0.024,0.0133,0.0432,t_recall,,,,
4q79F_4uv2D,ShallowMsa_009,MSAT,0.0586,0.0909,0.0586,0.0909,-0.0323,-0.0323,1,0,1,0.0,Amb,-0.0083,Amb,-0.024,0.0586,0.0909,t_recall,,,,
4q79F_4uv2D,ShallowMsa_010,MSAT,0.0033,0.0356,0.0033,0.0356,-0.0323,-0.0323,1,0,1,0.0,Amb,-0.0083,Amb,-0.024,0.0033,0.0356,t_recall,,,,
4q79F_4uv2D,ShallowMsa_011,MSAT,0.2104,0.0367,0.2104,0.0367,0.1737,0.1737,1,1,0,1.0,F1,0.1977,F1,-0.024,0.2104,0.0367,t_recall,,,,
4q79F_4uv2D,ShallowMsa_012,MSAT,0.0,0.0036,0.0,0.0036,-0.0036,-0.0036,1,0,1,0.0,Amb,0.0204,Amb,-0.024,0.0,0.0036,t_recall,,,,
4q79F_4uv2D,ShallowMsa_013,MSAT,0.0088,0.0172,0.0088,0.0172,-0.0084,-0.0084,1,0,1,0.0,Amb,0.0156,Amb,-0.024,0.0088,0.0172,t_recall,,,,
4q79F_4uv2D,ShallowMsa_014,MSAT,0.0329,0.0641,0.0329,0.0641,-0.0312,-0.0312,1,0,1,0.0,Amb,-0.0072,Amb,-0.024,0.0329,0.0641,t_recall,,,,
4q79F_4uv2D,ShallowMsa_015,MSAT,0.0132,0.0285,0.0132,0.0285,-0.0153,-0.0153,1,0,1,0.0,Amb,0.0087,Amb,-0.024,0.0132,0.0285,t_recall,,,,
4q79F_4uv2D,ShallowMsa_016,MSAT,0.0,0.0463,0.0,0.0463,-0.0463,-0.0463,1,0,1,0.0,Amb,-0.0223,Amb,-0.024,0.0,0.0463,t_recall,,,,
4q79F_4uv2D,ShallowMsa_017,MSAT,0.0033,0.0216,0.0033,0.0216,-0.0183,-0.0183,1,0,1,0.0,Amb,0.0057,Amb,-0.024,0.0033,0.0216,t_recall,,,,
4q79F_4uv2D,ShallowMsa_018,MSAT,0.0171,0.0446,0.0171,0.0446,-0.0275,-0.0275,1,0,1,0.0,Amb,-0.0035,Amb,-0.024,0.0171,0.0446,t_recall,,,,
4q79F_4uv2D,DeepMsa,CCMpred,0.0028,0.0,0.0028,0.0,0.0028,0.0028,1,1,0,1.0,Amb,0.0028,Amb,0.0,0.0028,0.0,t_recall,,,,
4q79F_4uv2D,ShallowMsa_000,CCMpred,0.0,0.0,0.0,0.0,0.0,0.0,1,0,0,0.0,Amb,0.0,Amb,0.0,0.0,0.0,t_recall,,,,
4q79F_4uv2D,ShallowMsa_001,CCMpred,0.0,0.0,0.0,0.0,0.0,0.0,1,0,0,0.0,Amb,0.0,Amb,0.0,0.0,0.0,t_recall,,,,
4q79F_4uv2D,ShallowMsa_002,CCMpred,0.0,0.0,0.0,0.0,0.0,0.0,1,0,0,0.0,Amb,0.0,Amb,0.0,0.0,0.0,t_recall,,,,
4q79F_4uv2D,ShallowMsa_003,CCMpred,0.0,0.0,0.0,0.0,0.0,0.0,1,0,0,0.0,Amb,0.0,Amb,0.0,0.0,0.0,t_recall,,,,
4q79F_4uv2D,ShallowMsa_004,CCMpred,0.0,0.0,0.0,0.0,0.0,0.0,1,0,0,0.0,Amb,0.0,Amb,0.0,0.0,0.0,t_recall,,,,
4q79F_4uv2D,ShallowMsa_005,CCMpred,0.0,0.0,0.0,0.0,0.0,0.0,1,0,0,0.0,Amb,0.0,Amb,0.0,0.0,0.0,t_recall,,,,
4q79F_4uv2D,ShallowMsa_006,CCMpred,0.0,0.0,0.0,0.0,0.0,0.0,1,0,0,0.0,Amb,0.0,Amb,0.0,0.0,0.0,t_recall,,,,
4q79F_4uv2D,ShallowMsa_007,CCMpred,0.0,0.0,0.0,0.0,0.0,0.0,1,0,0,0.0,Amb,0.0,Amb,0.0,0.0,0.0,t_recall,,,,
4q79F_4uv2D,ShallowMsa_008,CCMpred,0.0,0.0,0.0,0.0,0.0,0.0,1,0,0,0.0,Amb,0.0,Amb,0.0,0.0,0.0,t_recall,,,,
4q79F_4uv2D,ShallowMsa_009,CCMpred,0.0,0.0,0.0,0.0,0.0,0.0,1,0,0,0.0,Amb,0.0,Amb,0.0,0.0,0.0,t_recall,,,,
4q79F_4uv2D,ShallowMsa_010,CCMpred,0.0,0.0,0.0,0.0,0.0,0.0,1,0,0,0.0,Amb,0.0,Amb,0.0,0.0,0.0,t_recall,,,,
4q79F_4uv2D,ShallowMsa_011,CCMpred,0.0,0.0,0.0,0.0,0.0,0.0,1,0,0,0.0,Amb,0.0,Amb,0.0,0.0,0.0,t_recall,,,,
4q79F_4uv2D,ShallowMsa_012,CCMpred,0.0,0.0,0.0,0.0,0.0,0.0,1,0,0,0.0,Amb,0.0,Amb,0.0,0.0,0.0,t_recall,,,,
4q79F_4uv2D,ShallowMsa_013,CCMpred,0.0,0.0,0.0,0.0,0.0,0.0,1,0,0,0.0,Amb,0.0,Amb,0.0,0.0,0.0,t_recall,,,,
4q79F_4uv2D,ShallowMsa_014,CCMpred,0.0,0.0,0.0,0.0,0.0,0.0,1,0,0,0.0,Amb,0.0,Amb,0.0,0.0,0.0,t_recall,,,,
4q79F_4uv2D,ShallowMsa_015,CCMpred,0.0,0.0,0.0,0.0,0.0,0.0,1,0,0,0.0,Amb,0.0,Amb,0.0,0.0,0.0,t_recall,,,,
4q79F_4uv2D,ShallowMsa_016,CCMpred,0.0,0.0,0.0,0.0,0.0,0.0,1,0,0,0.0,Amb,0.0,Amb,0.0,0.0,0.0,t_recall,,,,
4q79F_4uv2D,ShallowMsa_017,CCMpred,0.0,0.0,0.0,0.0,0.0,0.0,1,0,0,0.0,Amb,0.0,Amb,0.0,0.0,0.0,t_recall,,,,
4q79F_4uv2D,ShallowMsa_018,CCMpred,0.0,0.0,0.0,0.0,0.0,0.0,1,0,0,0.0,Amb,0.0,Amb,0.0,0.0,0.0,t_recall,,,,
4q79F_4uv2D,ShallowMsa_000,DDG,-15.2507,-37.3549,-15.2507,-37.3549,22.1042,22.1042,10,10,0,1.0,F1,-2.4283,F2,24.5325,,,ddg_kcal_per_mol(delta=1.0),22.1042,11.083,15.2507,37.3549
4q79F_4uv2D,ShallowMsa_001,DDG,-19.0588,-43.1299,-19.0588,-43.1299,24.0711,24.0711,10,10,0,1.0,F1,-0.4614,Amb,24.5325,,,ddg_kcal_per_mol(delta=1.0),24.0711,14.7328,19.0588,43.1299
4q79F_4uv2D,ShallowMsa_002,DDG,-18.2697,-42.8531,-18.2697,-42.8531,24.5835,24.5835,10,10,0,1.0,F1,0.051,Amb,24.5325,,,ddg_kcal_per_mol(delta=1.0),24.5835,9.5132,18.2697,42.8531
4q79F_4uv2D,ShallowMsa_003,DDG,-17.3443,-38.8416,-17.3443,-38.8416,21.4973,21.4973,10,10,0,1.0,F1,-3.0352,F2,24.5325,,,ddg_kcal_per_mol(delta=1.0),21.4973,11.5376,17.3443,38.8416
4q79F_4uv2D,ShallowMsa_004,DDG,-16.3887,-37.7179,-16.3887,-37.7179,21.3292,21.3292,10,10,0,1.0,F1,-3.2033,F2,24.5325,,,ddg_kcal_per_mol(delta=1.0),21.3292,10.979,16.3887,37.7179
4q79F_4uv2D,ShallowMsa_005,DDG,-18.2455,-43.5991,-18.2455,-43.5991,25.3536,25.3536,10,10,0,1.0,F1,0.8211,Amb,24.5325,,,ddg_kcal_per_mol(delta=1.0),25.3536,10.1345,18.2455,43.5991
4q79F_4uv2D,ShallowMsa_006,DDG,-13.8189,-35.847,-13.8189,-35.847,22.0281,22.0281,10,10,0,1.0,F1,-2.5044,F2,24.5325,,,ddg_kcal_per_mol(delta=1.0),22.0281,9.5682,13.8189,35.847
4q79F_4uv2D,ShallowMsa_007,DDG,-17.9357,-47.0518,-17.9357,-47.0518,29.116,29.116,10,10,0,1.0,F1,4.5835,F1,24.5325,,,ddg_kcal_per_mol(delta=1.0),29.116,12.2816,17.9357,47.0518
4q79F_4uv2D,ShallowMsa_008,DDG,-21.7468,-47.6651,-21.7468,-47.6651,25.9184,25.9184,10,10,0,1.0,F1,1.3859,F1,24.5325,,,ddg_kcal_per_mol(delta=1.0),25.9184,11.8362,21.7468,47.6651
4q79F_4uv2D,ShallowMsa_009,DDG,-22.1537,-43.8949,-22.1537,-43.8949,21.7413,21.7413,10,10,0,1.0,F1,-2.7912,F2,24.5325,,,ddg_kcal_per_mol(delta=1.0),21.7413,9.0993,22.1537,43.8949
4q79F_4uv2D,ShallowMsa_010,DDG,-16.3379,-40.0436,-16.3379,-40.0436,23.7057,23.7057,10,10,0,1.0,F1,-0.8268,Amb,24.5325,,,ddg_kcal_per_mol(delta=1.0),23.7057,11.3314,16.3379,40.0436
4q79F_4uv2D,ShallowMsa_011,DDG,-18.1273,-43.307,-18.1273,-43.307,25.1797,25.1797,10,9,1,0.9,F1,0.6472,Amb,24.5325,,,ddg_kcal_per_mol(delta=1.0),25.1797,17.8895,18.1273,43.307
4q79F_4uv2D,ShallowMsa_012,DDG,-17.0017,-42.2564,-17.0017,-42.2564,25.2547,25.2547,10,10,0,1.0,F1,0.7222,Amb,24.5325,,,ddg_kcal_per_mol(delta=1.0),25.2547,9.0609,17.0017,42.2564
4q79F_4uv2D,ShallowMsa_013,DDG,-15.8058,-35.5151,-15.8058,-35.5151,19.7093,19.7093,10,10,0,1.0,F1,-4.8232,F2,24.5325,,,ddg_kcal_per_mol(delta=1.0),19.7093,12.0605,15.8058,35.5151
4q79F_4uv2D,ShallowMsa_014,DDG,-21.6549,-45.9138,-21.6549,-45.9138,24.2589,24.2589,10,10,0,1.0,F1,-0.2736,Amb,24.5325,,,ddg_kcal_per_mol(delta=1.0),24.2589,9.6589,21.6549,45.9138
4q79F_4uv2D,ShallowMsa_015,DDG,-22.6972,-54.6073,-22.6972,-54.6073,31.9101,31.9101,10,10,0,1.0,F1,7.3776,F1,24.5325,,,ddg_kcal_per_mol(delta=1.0),31.9101,10.6412,22.6972,54.6073
4q79F_4uv2D,ShallowMsa_016,DDG,-17.2484,-43.58,-17.2484,-43.58,26.3316,26.3316,10,10,0,1.0,F1,1.7991,F1,24.5325,,,ddg_kcal_per_mol(delta=1.0),26.3316,12.5328,17.2484,43.58
4q79F_4uv2D,ShallowMsa_017,DDG,-17.0829,-41.6154,-17.0829,-41.6154,24.5325,24.5325,10,10,0,1.0,F1,0.0,Amb,24.5325,,,ddg_kcal_per_mol(delta=1.0),24.5325,10.8125,17.0829,41.6154
4q79F_4uv2D,ShallowMsa_018,DDG,-30.0028,-58.8915,-30.0028,-58.8915,28.8887,28.8887,10,10,0,1.0,F1,4.3562,F1,24.5325,,,ddg_kcal_per_mol(delta=1.0),28.8887,9.8421,30.0028,58.8915
4q79F_4uv2D,ShallowMsa_000,Boltz2,0.2692,0.3117,0.2692,0.3117,-0.0425,-0.0425,1,0,1,0.0,Amb,0.0147,Amb,-0.0572,,,,,,,
4q79F_4uv2D,ShallowMsa_004,Boltz2,0.4292,0.536,0.4292,0.536,-0.1068,-0.1068,1,0,1,0.0,F2,-0.0496,Amb,-0.0572,,,,,,,
4q79F_4uv2D,ShallowMsa_006,Boltz2,0.2337,0.3188,0.2337,0.3188,-0.0851,-0.0851,1,0,1,0.0,F2,-0.0279,Amb,-0.0572,,,,,,,
4q79F_4uv2D,ShallowMsa_007,Boltz2,0.4209,0.465,0.4209,0.465,-0.044,-0.044,1,0,1,0.0,Amb,0.0132,Amb,-0.0572,,,,,,,
4q79F_4uv2D,ShallowMsa_008,Boltz2,0.3367,0.3949,0.3367,0.3949,-0.0582,-0.0582,1,0,1,0.0,F2,-0.001,Amb,-0.0572,,,,,,,
4q79F_4uv2D,ShallowMsa_011,Boltz2,0.4265,0.4685,0.4265,0.4685,-0.0421,-0.0421,1,0,1,0.0,Amb,0.0151,Amb,-0.0572,,,,,,,
4q79F_4uv2D,ShallowMsa_012,Boltz2,0.387,0.4448,0.387,0.4448,-0.0577,-0.0577,1,0,1,0.0,F2,-0.0005,Amb,-0.0572,,,,,,,
4q79F_4uv2D,ShallowMsa_015,Boltz2,0.2852,0.3419,0.2852,0.3419,-0.0567,-0.0567,1,0,1,0.0,F2,0.0005,Amb,-0.0572,,,,,,,
4q79F_4uv2D,ShallowMsa_016,Boltz2,0.2999,0.328,0.2999,0.328,-0.0281,-0.0281,1,0,1,0.0,Amb,0.0291,Amb,-0.0572,,,,,,,
4q79F_4uv2D,ShallowMsa_017,Boltz2,0.3908,0.4681,0.3908,0.4681,-0.0773,-0.0773,1,0,1,0.0,F2,-0.0201,Amb,-0.0572,,,,,,,
4qhhA_4qhfA,DeepMsa,AF2,0.6438,0.9504,0.6432,0.9468,-0.3066,-0.3036,2,0,2,0.0,F2,-0.3066,F2,-0.0255,,,,,,,
4qhhA_4qhfA,ShallowMsa_000,AF2,0.6458,0.9499,0.645,0.9464,-0.3041,-0.3013,2,0,2,0.0,F2,-0.2786,F2,-0.0255,,,,,,,
4qhhA_4qhfA,ShallowMsa_001,AF2,0.3453,0.3431,0.3453,0.3431,0.0022,0.0022,2,2,0,1.0,Amb,0.0277,Amb,-0.0255,,,,,,,
4qhhA_4qhfA,ShallowMsa_002,AF2,0.2645,0.4887,0.2645,0.4887,-0.2242,-0.2242,2,0,2,0.0,F2,-0.1987,F2,-0.0255,,,,,,,
4qhhA_4qhfA,ShallowMsa_003,AF2,0.4568,0.5275,0.4212,0.495,-0.0707,-0.0738,2,0,2,0.0,F2,-0.0452,Amb,-0.0255,,,,,,,
4qhhA_4qhfA,ShallowMsa_004,AF2,0.4207,0.4685,0.4207,0.4685,-0.0478,-0.0478,2,0,2,0.0,Amb,-0.0223,Amb,-0.0255,,,,,,,
4qhhA_4qhfA,ShallowMsa_005,AF2,0.3862,0.3823,0.3862,0.3823,0.0038,0.0038,2,2,0,1.0,Amb,0.0293,Amb,-0.0255,,,,,,,
4qhhA_4qhfA,ShallowMsa_006,AF2,0.2591,0.2411,0.2591,0.2411,0.018,0.018,2,2,0,1.0,Amb,0.0435,Amb,-0.0255,,,,,,,
4qhhA_4qhfA,ShallowMsa_007,AF2,0.5689,0.6579,0.5566,0.6348,-0.089,-0.0782,2,0,2,0.0,F2,-0.0635,F2,-0.0255,,,,,,,
4qhhA_4qhfA,ShallowMsa_008,AF2,0.2548,0.258,0.2548,0.258,-0.0032,-0.0032,2,0,2,0.0,Amb,0.0223,Amb,-0.0255,,,,,,,
4qhhA_4qhfA,ShallowMsa_009,AF2,0.3012,0.2973,0.2859,0.2855,0.0039,0.0004,2,1,1,0.5,Amb,0.0294,Amb,-0.0255,,,,,,,
4qhhA_4qhfA,DeepMsa,AF3,0.6435,0.9457,0.6428,0.943,-0.3023,-0.3002,2,0,2,0.0,F2,-0.3023,F2,-0.0234,,,,,,,
4qhhA_4qhfA,ShallowMsa_000,AF3,0.6429,0.9459,0.6424,0.943,-0.303,-0.3006,2,0,2,0.0,F2,-0.2796,F2,-0.0234,,,,,,,
4qhhA_4qhfA,ShallowMsa_001,AF3,0.2592,0.2478,0.2592,0.2478,0.0114,0.0114,2,2,0,1.0,Amb,0.0348,Amb,-0.0234,,,,,,,
4qhhA_4qhfA,ShallowMsa_002,AF3,0.2664,0.4881,0.2664,0.4881,-0.2217,-0.2217,2,0,2,0.0,F2,-0.1983,F2,-0.0234,,,,,,,
4qhhA_4qhfA,ShallowMsa_003,AF3,0.4466,0.4871,0.4353,0.4847,-0.0405,-0.0494,2,0,2,0.0,Amb,-0.0171,Amb,-0.0234,,,,,,,
4qhhA_4qhfA,ShallowMsa_004,AF3,0.3834,0.4174,0.3834,0.4174,-0.0339,-0.0339,2,0,2,0.0,Amb,-0.0105,Amb,-0.0234,,,,,,,
4qhhA_4qhfA,ShallowMsa_005,AF3,0.4154,0.4054,0.4154,0.4054,0.01,0.01,2,2,0,1.0,Amb,0.0334,Amb,-0.0234,,,,,,,
4qhhA_4qhfA,ShallowMsa_006,AF3,0.2004,0.1926,0.2004,0.1926,0.0079,0.0079,2,2,0,1.0,Amb,0.0313,Amb,-0.0234,,,,,,,
4qhhA_4qhfA,ShallowMsa_007,AF3,0.4469,0.4868,0.4421,0.4842,-0.0399,-0.0421,2,0,2,0.0,Amb,-0.0165,Amb,-0.0234,,,,,,,
4qhhA_4qhfA,ShallowMsa_008,AF3,0.2447,0.2576,0.2447,0.2576,-0.0129,-0.0129,2,0,2,0.0,Amb,0.0105,Amb,-0.0234,,,,,,,
4qhhA_4qhfA,ShallowMsa_009,AF3,0.1929,0.1715,0.1911,0.1715,0.0214,0.0196,2,2,0,1.0,Amb,0.0448,Amb,-0.0234,,,,,,,
4qhhA_4qhfA,ShallowMsa_000,ESM,0.6507,0.9367,0.5172,0.6367,-0.286,-0.1195,20,4,16,0.2,F2,-0.2836,F2,-0.0024,,,,,,,
4qhhA_4qhfA,ShallowMsa_001,ESM,0.363,0.3645,0.31,0.3012,-0.0015,0.0088,20,12,8,0.6,Amb,0.0009,Amb,-0.0024,,,,,,,
4qhhA_4qhfA,ShallowMsa_002,ESM,0.4777,0.481,0.3421,0.3962,-0.0033,-0.0542,20,8,12,0.4,F2,-0.0009,Amb,-0.0024,,,,,,,
4qhhA_4qhfA,ShallowMsa_003,ESM,0.5725,0.7019,0.4547,0.5998,-0.1294,-0.1451,20,0,20,0.0,F2,-0.127,F2,-0.0024,,,,,,,
4qhhA_4qhfA,ShallowMsa_004,ESM,0.5527,0.6643,0.4518,0.5968,-0.1116,-0.145,20,0,20,0.0,F2,-0.1092,F2,-0.0024,,,,,,,
4qhhA_4qhfA,ShallowMsa_005,ESM,0.4198,0.4156,0.3374,0.3312,0.0042,0.0062,20,14,6,0.7,Amb,0.0066,Amb,-0.0024,,,,,,,
4qhhA_4qhfA,ShallowMsa_006,ESM,0.3012,0.2834,0.2607,0.249,0.0178,0.0117,20,20,0,1.0,Amb,0.0202,Amb,-0.0024,,,,,,,
4qhhA_4qhfA,ShallowMsa_007,ESM,0.6446,0.8216,0.5408,0.5851,-0.177,-0.0444,20,12,8,0.6,Amb,-0.1746,F2,-0.0024,,,,,,,
4qhhA_4qhfA,ShallowMsa_008,ESM,0.3015,0.2924,0.2416,0.2184,0.0091,0.0231,20,20,0,1.0,Amb,0.0115,Amb,-0.0024,,,,,,,
4qhhA_4qhfA,ShallowMsa_009,ESM,0.3518,0.3393,0.2987,0.2921,0.0126,0.0065,20,16,4,0.8,Amb,0.015,Amb,-0.0024,,,,,,,
4qhhA_4qhfA,DeepMsa,MSAT,0.3011,0.3663,0.3011,0.3663,-0.0652,-0.0652,1,0,1,0.0,F2,-0.0652,F2,0.0,0.3011,0.3663,t_recall,,,,
4qhhA_4qhfA,ShallowMsa_000,MSAT,0.3226,0.4653,0.3226,0.4653,-0.1427,-0.1427,1,0,1,0.0,F2,-0.1427,F2,0.0,0.3226,0.4653,t_recall,,,,
4qhhA_4qhfA,ShallowMsa_001,MSAT,0.0,0.0,0.0,0.0,0.0,0.0,1,0,0,0.0,Amb,0.0,Amb,0.0,0.0,0.0,t_recall,,,,
4qhhA_4qhfA,ShallowMsa_002,MSAT,0.0,0.0,0.0,0.0,0.0,0.0,1,0,0,0.0,Amb,0.0,Amb,0.0,0.0,0.0,t_recall,,,,
4qhhA_4qhfA,ShallowMsa_003,MSAT,0.0282,0.0235,0.0282,0.0235,0.0047,0.0047,1,1,0,1.0,Amb,0.0047,Amb,0.0,0.0282,0.0235,t_recall,,,,
4qhhA_4qhfA,ShallowMsa_004,MSAT,0.0,0.0,0.0,0.0,0.0,0.0,1,0,0,0.0,Amb,0.0,Amb,0.0,0.0,0.0,t_recall,,,,
4qhhA_4qhfA,ShallowMsa_005,MSAT,0.0,0.0,0.0,0.0,0.0,0.0,1,0,0,0.0,Amb,0.0,Amb,0.0,0.0,0.0,t_recall,,,,
4qhhA_4qhfA,ShallowMsa_006,MSAT,0.0,0.0,0.0,0.0,0.0,0.0,1,0,0,0.0,Amb,0.0,Amb,0.0,0.0,0.0,t_recall,,,,
4qhhA_4qhfA,ShallowMsa_007,MSAT,0.043,0.0638,0.043,0.0638,-0.0208,-0.0208,1,0,1,0.0,Amb,-0.0208,Amb,0.0,0.043,0.0638,t_recall,,,,
4qhhA_4qhfA,ShallowMsa_008,MSAT,0.0,0.0,0.0,0.0,0.0,0.0,1,0,0,0.0,Amb,0.0,Amb,0.0,0.0,0.0,t_recall,,,,
4qhhA_4qhfA,ShallowMsa_009,MSAT,0.0,0.0,0.0,0.0,0.0,0.0,1,0,0,0.0,Amb,0.0,Amb,0.0,0.0,0.0,t_recall,,,,
4qhhA_4qhfA,DeepMsa,CCMpred,0.0108,0.0099,0.0108,0.0099,0.0009,0.0009,1,1,0,1.0,Amb,0.0009,Amb,0.0,0.0108,0.0099,t_recall,,,,
4qhhA_4qhfA,ShallowMsa_000,CCMpred,0.0,0.0,0.0,0.0,0.0,0.0,1,0,0,0.0,Amb,0.0,Amb,0.0,0.0,0.0,t_recall,,,,
4qhhA_4qhfA,ShallowMsa_001,CCMpred,0.0,0.0,0.0,0.0,0.0,0.0,1,0,0,0.0,Amb,0.0,Amb,0.0,0.0,0.0,t_recall,,,,
4qhhA_4qhfA,ShallowMsa_002,CCMpred,0.0,0.0,0.0,0.0,0.0,0.0,1,0,0,0.0,Amb,0.0,Amb,0.0,0.0,0.0,t_recall,,,,
4qhhA_4qhfA,ShallowMsa_003,CCMpred,0.0,0.0,0.0,0.0,0.0,0.0,1,0,0,0.0,Amb,0.0,Amb,0.0,0.0,0.0,t_recall,,,,
4qhhA_4qhfA,ShallowMsa_004,CCMpred,0.0,0.0,0.0,0.0,0.0,0.0,1,0,0,0.0,Amb,0.0,Amb,0.0,0.0,0.0,t_recall,,,,
4qhhA_4qhfA,ShallowMsa_005,CCMpred,0.0,0.0,0.0,0.0,0.0,0.0,1,0,0,0.0,Amb,0.0,Amb,0.0,0.0,0.0,t_recall,,,,
4qhhA_4qhfA,ShallowMsa_006,CCMpred,0.0,0.0,0.0,0.0,0.0,0.0,1,0,0,0.0,Amb,0.0,Amb,0.0,0.0,0.0,t_recall,,,,
4qhhA_4qhfA,ShallowMsa_007,CCMpred,0.0,0.0,0.0,0.0,0.0,0.0,1,0,0,0.0,Amb,0.0,Amb,0.0,0.0,0.0,t_recall,,,,
4qhhA_4qhfA,ShallowMsa_008,CCMpred,0.0,0.0,0.0,0.0,0.0,0.0,1,0,0,0.0,Amb,0.0,Amb,0.0,0.0,0.0,t_recall,,,,
4qhhA_4qhfA,ShallowMsa_009,CCMpred,0.0,0.0,0.0,0.0,0.0,0.0,1,0,0,0.0,Amb,0.0,Amb,0.0,0.0,0.0,t_recall,,,,
4qhhA_4qhfA,ShallowMsa_000,DDG,-19.1185,-27.7256,-19.1185,-27.7256,8.6071,8.6071,10,9,1,0.9,F1,0.0115,Amb,8.5956,,,ddg_kcal_per_mol(delta=1.0),8.6071,3.9152,19.1185,27.7256
4qhhA_4qhfA,ShallowMsa_001,DDG,-15.5266,-23.7348,-15.5266,-23.7348,8.2082,8.2082,10,10,0,1.0,F1,-0.3874,Amb,8.5956,,,ddg_kcal_per_mol(delta=1.0),8.2082,2.0894,15.5266,23.7348
4qhhA_4qhfA,ShallowMsa_002,DDG,-15.6212,-24.2054,-15.6212,-24.2054,8.5842,8.5842,10,10,0,1.0,F1,-0.0114,Amb,8.5956,,,ddg_kcal_per_mol(delta=1.0),8.5842,3.9905,15.6212,24.2054
4qhhA_4qhfA,ShallowMsa_003,DDG,-19.3634,-28.199,-19.3634,-28.199,8.8356,8.8356,10,10,0,1.0,F1,0.24,Amb,8.5956,,,ddg_kcal_per_mol(delta=1.0),8.8356,2.6014,19.3634,28.199
4qhhA_4qhfA,ShallowMsa_004,DDG,-19.402,-26.1648,-19.402,-26.1648,6.7628,6.7628,10,10,0,1.0,F1,-1.8328,F2,8.5956,,,ddg_kcal_per_mol(delta=1.0),6.7628,3.1572,19.402,26.1648
4qhhA_4qhfA,ShallowMsa_005,DDG,-16.8958,-23.6256,-16.8958,-23.6256,6.7298,6.7298,10,10,0,1.0,F1,-1.8658,F2,8.5956,,,ddg_kcal_per_mol(delta=1.0),6.7298,2.8591,16.8958,23.6256
4qhhA_4qhfA,ShallowMsa_006,DDG,-11.9854,-21.3797,-11.9854,-21.3797,9.3943,9.3943,10,10,0,1.0,F1,0.7987,Amb,8.5956,,,ddg_kcal_per_mol(delta=1.0),9.3943,1.6128,11.9854,21.3797
4qhhA_4qhfA,ShallowMsa_007,DDG,-19.6551,-29.1612,-19.6551,-29.1612,9.5061,9.5061,10,10,0,1.0,F1,0.9105,Amb,8.5956,,,ddg_kcal_per_mol(delta=1.0),9.5061,2.5591,19.6551,29.1612
4qhhA_4qhfA,ShallowMsa_008,DDG,-10.5139,-23.2991,-10.5139,-23.2991,12.7852,12.7852,10,10,0,1.0,F1,4.1896,F1,8.5956,,,ddg_kcal_per_mol(delta=1.0),12.7852,1.8926,10.5139,23.2991
4qhhA_4qhfA,ShallowMsa_009,DDG,-16.0497,-23.066,-16.0497,-23.066,7.0163,7.0163,10,10,0,1.0,F1,-1.5793,F2,8.5956,,,ddg_kcal_per_mol(delta=1.0),7.0163,1.7179,16.0497,23.066
4qhhA_4qhfA,ShallowMsa_000,Boltz2,0.2954,0.3942,0.2954,0.3942,-0.0988,-0.0988,1,0,1,0.0,F2,0.065,F1,-0.1638,,,,,,,
4qhhA_4qhfA,ShallowMsa_004,Boltz2,0.5647,0.7934,0.5647,0.7934,-0.2287,-0.2287,1,0,1,0.0,F2,-0.0649,F2,-0.1638,,,,,,,
4rmbB_4rmbA,DeepMsa,AF2,0.8071,0.8393,0.7759,0.8145,-0.0322,-0.0386,2,0,2,0.0,Amb,-0.0322,Amb,0.0,,,,,,,
4rmbB_4rmbA,DeepMsa,AF3,0.8184,0.8529,0.8034,0.8518,-0.0345,-0.0484,2,0,2,0.0,Amb,-0.0345,Amb,0.0,,,,,,,
4rmbB_4rmbA,DeepMsa,ESM,0.7555,0.771,0.7223,0.7461,-0.0156,-0.0238,4,0,4,0.0,Amb,-0.0156,Amb,0.0,,,,,,,
4rmbB_4rmbA,DeepMsa,MSAT,0.0453,0.0493,0.0453,0.0493,-0.004,-0.004,1,0,1,0.0,Amb,-0.004,Amb,0.0,0.0453,0.0493,t_recall,,,,
4rmbB_4rmbA,DeepMsa,CCMpred,0.0,0.0,0.0,0.0,0.0,0.0,1,0,0,0.0,Amb,0.0,Amb,0.0,0.0,0.0,t_recall,,,,
4rwqB_4rwnA,DeepMsa,AF2,0.9398,0.939,0.9391,0.9366,0.0008,0.0026,2,2,0,1.0,Amb,0.0008,Amb,-0.0017,,,,,,,
4rwqB_4rwnA,ShallowMsa_000,AF2,0.9093,0.9137,0.9093,0.9136,-0.0043,-0.0044,2,0,2,0.0,Amb,-0.0026,Amb,-0.0017,,,,,,,
4rwqB_4rwnA,ShallowMsa_001,AF2,0.9408,0.9192,0.9408,0.9192,0.0216,0.0216,2,2,0,1.0,Amb,0.0233,Amb,-0.0017,,,,,,,
4rwqB_4rwnA,ShallowMsa_002,AF2,0.8972,0.8989,0.8972,0.8989,-0.0017,-0.0017,2,0,2,0.0,Amb,0.0,Amb,-0.0017,,,,,,,
4rwqB_4rwnA,ShallowMsa_003,AF2,0.8939,0.8936,0.8939,0.8936,0.0003,0.0003,2,2,0,1.0,Amb,0.002,Amb,-0.0017,,,,,,,
4rwqB_4rwnA,ShallowMsa_004,AF2,0.7845,0.8388,0.7571,0.8192,-0.0543,-0.0621,2,0,2,0.0,F2,-0.0526,F2,-0.0017,,,,,,,
4rwqB_4rwnA,ShallowMsa_005,AF2,0.7946,0.7989,0.7936,0.7981,-0.0042,-0.0045,2,0,2,0.0,Amb,-0.0025,Amb,-0.0017,,,,,,,
4rwqB_4rwnA,ShallowMsa_006,AF2,0.9338,0.9238,0.9337,0.9236,0.0101,0.0101,2,2,0,1.0,Amb,0.0118,Amb,-0.0017,,,,,,,
4rwqB_4rwnA,ShallowMsa_007,AF2,0.8267,0.8585,0.8267,0.8585,-0.0318,-0.0318,2,0,2,0.0,Amb,-0.0301,Amb,-0.0017,,,,,,,
4rwqB_4rwnA,ShallowMsa_008,AF2,0.9295,0.9305,0.9263,0.9236,-0.001,0.0027,2,1,1,0.5,Amb,0.0007,Amb,-0.0017,,,,,,,
4rwqB_4rwnA,ShallowMsa_009,AF2,0.825,0.8668,0.8129,0.8494,-0.0418,-0.0366,2,0,2,0.0,Amb,-0.0401,Amb,-0.0017,,,,,,,
4rwqB_4rwnA,ShallowMsa_010,AF2,0.6033,0.5859,0.6033,0.5859,0.0174,0.0174,2,2,0,1.0,Amb,0.0191,Amb,-0.0017,,,,,,,
4rwqB_4rwnA,DeepMsa,AF3,0.9416,0.9332,0.9414,0.9307,0.0084,0.0107,2,2,0,1.0,Amb,0.0084,Amb,0.0027,,,,,,,
4rwqB_4rwnA,ShallowMsa_000,AF3,0.9182,0.9084,0.918,0.9083,0.0098,0.0097,2,2,0,1.0,Amb,0.0071,Amb,0.0027,,,,,,,
4rwqB_4rwnA,ShallowMsa_001,AF3,0.9403,0.9139,0.9403,0.9139,0.0264,0.0264,2,2,0,1.0,Amb,0.0237,Amb,0.0027,,,,,,,
4rwqB_4rwnA,ShallowMsa_002,AF3,0.8743,0.9402,0.871,0.9359,-0.0659,-0.0649,2,0,2,0.0,F2,-0.0686,F2,0.0027,,,,,,,
4rwqB_4rwnA,ShallowMsa_003,AF3,0.8939,0.8895,0.8935,0.8895,0.0044,0.004,2,2,0,1.0,Amb,0.0017,Amb,0.0027,,,,,,,
4rwqB_4rwnA,ShallowMsa_004,AF3,0.8306,0.8971,0.8295,0.8971,-0.0666,-0.0676,2,0,2,0.0,F2,-0.0693,F2,0.0027,,,,,,,
4rwqB_4rwnA,ShallowMsa_005,AF3,0.7785,0.7781,0.7776,0.7766,0.0004,0.001,2,2,0,1.0,Amb,-0.0023,Amb,0.0027,,,,,,,
4rwqB_4rwnA,ShallowMsa_006,AF3,0.9469,0.9155,0.9468,0.9155,0.0313,0.0313,2,2,0,1.0,Amb,0.0286,Amb,0.0027,,,,,,,
4rwqB_4rwnA,ShallowMsa_007,AF3,0.8224,0.875,0.8224,0.875,-0.0526,-0.0526,2,0,2,0.0,F2,-0.0553,F2,0.0027,,,,,,,
4rwqB_4rwnA,ShallowMsa_008,AF3,0.9381,0.9354,0.9376,0.9327,0.0027,0.0049,2,2,0,1.0,Amb,0.0,Amb,0.0027,,,,,,,
4rwqB_4rwnA,ShallowMsa_009,AF3,0.8357,0.8754,0.8348,0.8711,-0.0397,-0.0363,2,0,2,0.0,Amb,-0.0424,Amb,0.0027,,,,,,,
4rwqB_4rwnA,ShallowMsa_010,AF3,0.6145,0.5954,0.6145,0.5954,0.0191,0.0191,2,2,0,1.0,Amb,0.0164,Amb,0.0027,,,,,,,
4rwqB_4rwnA,ShallowMsa_000,ESM,0.8843,0.9342,0.6156,0.6347,-0.0499,-0.019,20,6,14,0.3,Amb,0.0,Amb,-0.0499,,,,,,,
4rwqB_4rwnA,ShallowMsa_001,ESM,0.9044,0.9591,0.7643,0.7847,-0.0547,-0.0205,20,8,12,0.4,Amb,-0.0048,Amb,-0.0499,,,,,,,
4rwqB_4rwnA,ShallowMsa_002,ESM,0.8734,0.9331,0.6037,0.6194,-0.0598,-0.0157,20,6,14,0.3,Amb,-0.0099,Amb,-0.0499,,,,,,,
4rwqB_4rwnA,ShallowMsa_003,ESM,0.8821,0.9158,0.6017,0.6189,-0.0337,-0.0172,20,8,12,0.4,Amb,0.0162,Amb,-0.0499,,,,,,,
4rwqB_4rwnA,ShallowMsa_004,ESM,0.8629,0.9213,0.6842,0.7225,-0.0584,-0.0383,20,0,20,0.0,Amb,-0.0085,Amb,-0.0499,,,,,,,
4rwqB_4rwnA,ShallowMsa_005,ESM,0.7815,0.8138,0.6469,0.6769,-0.0323,-0.0299,20,2,18,0.1,Amb,0.0176,Amb,-0.0499,,,,,,,
4rwqB_4rwnA,ShallowMsa_006,ESM,0.9074,0.9542,0.6864,0.7103,-0.0468,-0.0238,20,6,14,0.3,Amb,0.0031,Amb,-0.0499,,,,,,,
4rwqB_4rwnA,ShallowMsa_007,ESM,0.8737,0.9343,0.8502,0.889,-0.0606,-0.0388,20,0,20,0.0,Amb,-0.0107,Amb,-0.0499,,,,,,,
4rwqB_4rwnA,ShallowMsa_008,ESM,0.9,0.974,0.7122,0.7319,-0.074,-0.0197,20,8,12,0.4,Amb,-0.0241,Amb,-0.0499,,,,,,,
4rwqB_4rwnA,ShallowMsa_009,ESM,0.8773,0.9189,0.7326,0.7629,-0.0416,-0.0302,20,0,20,0.0,Amb,0.0083,Amb,-0.0499,,,,,,,
4rwqB_4rwnA,ShallowMsa_010,ESM,0.6064,0.6467,0.4315,0.4536,-0.0403,-0.022,20,3,17,0.15,Amb,0.0096,Amb,-0.0499,,,,,,,
4rwqB_4rwnA,DeepMsa,MSAT,0.1648,0.1683,0.1648,0.1683,-0.0035,-0.0035,1,0,1,0.0,Amb,-0.0035,Amb,0.0,0.1648,0.1683,t_recall,,,,
4rwqB_4rwnA,ShallowMsa_000,MSAT,0.0,0.0,0.0,0.0,0.0,0.0,1,0,0,0.0,Amb,0.0,Amb,0.0,0.0,0.0,t_recall,,,,
4rwqB_4rwnA,ShallowMsa_001,MSAT,0.0421,0.0388,0.0421,0.0388,0.0033,0.0033,1,1,0,1.0,Amb,0.0033,Amb,0.0,0.0421,0.0388,t_recall,,,,
4rwqB_4rwnA,ShallowMsa_002,MSAT,0.0,0.0,0.0,0.0,0.0,0.0,1,0,0,0.0,Amb,0.0,Amb,0.0,0.0,0.0,t_recall,,,,
4rwqB_4rwnA,ShallowMsa_003,MSAT,0.002,0.0,0.002,0.0,0.002,0.002,1,1,0,1.0,Amb,0.002,Amb,0.0,0.002,0.0,t_recall,,,,
4rwqB_4rwnA,ShallowMsa_004,MSAT,0.002,0.0041,0.002,0.0041,-0.0021,-0.0021,1,0,1,0.0,Amb,-0.0021,Amb,0.0,0.002,0.0041,t_recall,,,,
4rwqB_4rwnA,ShallowMsa_005,MSAT,0.0115,0.0117,0.0115,0.0117,-0.0002,-0.0002,1,0,1,0.0,Amb,-0.0002,Amb,0.0,0.0115,0.0117,t_recall,,,,
4rwqB_4rwnA,ShallowMsa_006,MSAT,0.025,0.0195,0.025,0.0195,0.0055,0.0055,1,1,0,1.0,Amb,0.0055,Amb,0.0,0.025,0.0195,t_recall,,,,
4rwqB_4rwnA,ShallowMsa_007,MSAT,0.0,0.0,0.0,0.0,0.0,0.0,1,0,0,0.0,Amb,0.0,Amb,0.0,0.0,0.0,t_recall,,,,
4rwqB_4rwnA,ShallowMsa_008,MSAT,0.0268,0.029,0.0268,0.029,-0.0022,-0.0022,1,0,1,0.0,Amb,-0.0022,Amb,0.0,0.0268,0.029,t_recall,,,,
4rwqB_4rwnA,ShallowMsa_009,MSAT,0.0041,0.0062,0.0041,0.0062,-0.0021,-0.0021,1,0,1,0.0,Amb,-0.0021,Amb,0.0,0.0041,0.0062,t_recall,,,,
4rwqB_4rwnA,ShallowMsa_010,MSAT,0.0103,0.0106,0.0103,0.0106,-0.0003,-0.0003,1,0,1,0.0,Amb,-0.0003,Amb,0.0,0.0103,0.0106,t_recall,,,,
4rwqB_4rwnA,DeepMsa,CCMpred,0.0,0.0,0.0,0.0,0.0,0.0,1,0,0,0.0,Amb,0.0,Amb,0.0,0.0,0.0,t_recall,,,,
4rwqB_4rwnA,ShallowMsa_000,CCMpred,0.0,0.0,0.0,0.0,0.0,0.0,1,0,0,0.0,Amb,0.0,Amb,0.0,0.0,0.0,t_recall,,,,
4rwqB_4rwnA,ShallowMsa_001,CCMpred,0.0,0.0,0.0,0.0,0.0,0.0,1,0,0,0.0,Amb,0.0,Amb,0.0,0.0,0.0,t_recall,,,,
4rwqB_4rwnA,ShallowMsa_002,CCMpred,0.0,0.0,0.0,0.0,0.0,0.0,1,0,0,0.0,Amb,0.0,Amb,0.0,0.0,0.0,t_recall,,,,
4rwqB_4rwnA,ShallowMsa_003,CCMpred,0.0,0.0,0.0,0.0,0.0,0.0,1,0,0,0.0,Amb,0.0,Amb,0.0,0.0,0.0,t_recall,,,,
4rwqB_4rwnA,ShallowMsa_004,CCMpred,0.0,0.0,0.0,0.0,0.0,0.0,1,0,0,0.0,Amb,0.0,Amb,0.0,0.0,0.0,t_recall,,,,
4rwqB_4rwnA,ShallowMsa_005,CCMpred,0.0,0.0,0.0,0.0,0.0,0.0,1,0,0,0.0,Amb,0.0,Amb,0.0,0.0,0.0,t_recall,,,,
4rwqB_4rwnA,ShallowMsa_006,CCMpred,0.0,0.0,0.0,0.0,0.0,0.0,1,0,0,0.0,Amb,0.0,Amb,0.0,0.0,0.0,t_recall,,,,
4rwqB_4rwnA,ShallowMsa_007,CCMpred,0.0,0.0,0.0,0.0,0.0,0.0,1,0,0,0.0,Amb,0.0,Amb,0.0,0.0,0.0,t_recall,,,,
4rwqB_4rwnA,ShallowMsa_008,CCMpred,0.0,0.0,0.0,0.0,0.0,0.0,1,0,0,0.0,Amb,0.0,Amb,0.0,0.0,0.0,t_recall,,,,
4rwqB_4rwnA,ShallowMsa_009,CCMpred,0.0,0.0,0.0,0.0,0.0,0.0,1,0,0,0.0,Amb,0.0,Amb,0.0,0.0,0.0,t_recall,,,,
4rwqB_4rwnA,ShallowMsa_010,CCMpred,0.0,0.0,0.0,0.0,0.0,0.0,1,0,0,0.0,Amb,0.0,Amb,0.0,0.0,0.0,t_recall,,,,
4rwqB_4rwnA,ShallowMsa_000,DDG,-62.2425,-77.4072,-62.2425,-77.4072,15.1646,15.1646,10,10,0,1.0,F1,-1.6801,F2,16.8447,,,ddg_kcal_per_mol(delta=1.0),15.1646,7.2509,62.2425,77.4072
4rwqB_4rwnA,ShallowMsa_001,DDG,-62.9436,-81.228,-62.9436,-81.228,18.2844,18.2844,10,10,0,1.0,F1,1.4397,F1,16.8447,,,ddg_kcal_per_mol(delta=1.0),18.2844,7.379,62.9436,81.228
4rwqB_4rwnA,ShallowMsa_002,DDG,-79.3031,-98.7177,-79.3031,-98.7177,19.4146,19.4146,10,10,0,1.0,F1,2.5699,F1,16.8447,,,ddg_kcal_per_mol(delta=1.0),19.4146,8.7194,79.3031,98.7177
4rwqB_4rwnA,ShallowMsa_003,DDG,-56.0082,-70.7966,-56.0082,-70.7966,14.7883,14.7883,10,10,0,1.0,F1,-2.0564,F2,16.8447,,,ddg_kcal_per_mol(delta=1.0),14.7883,7.3392,56.0082,70.7966
4rwqB_4rwnA,ShallowMsa_004,DDG,-79.4463,-96.291,-79.4463,-96.291,16.8447,16.8447,10,10,0,1.0,F1,0.0,Amb,16.8447,,,ddg_kcal_per_mol(delta=1.0),16.8447,3.7752,79.4463,96.291
4rwqB_4rwnA,ShallowMsa_005,DDG,-111.3381,-132.2867,-111.3381,-132.2867,20.9486,20.9486,10,10,0,1.0,F1,4.1039,F1,16.8447,,,ddg_kcal_per_mol(delta=1.0),20.9486,9.7958,111.3381,132.2867
4rwqB_4rwnA,ShallowMsa_006,DDG,-47.8817,-63.7141,-47.8817,-63.7141,15.8324,15.8324,10,10,0,1.0,F1,-1.0123,F2,16.8447,,,ddg_kcal_per_mol(delta=1.0),15.8324,8.9221,47.8817,63.7141
4rwqB_4rwnA,ShallowMsa_007,DDG,-81.0697,-96.5263,-81.0697,-96.5263,15.4566,15.4566,10,10,0,1.0,F1,-1.3881,F2,16.8447,,,ddg_kcal_per_mol(delta=1.0),15.4566,4.2887,81.0697,96.5263
4rwqB_4rwnA,ShallowMsa_008,DDG,-63.3874,-82.0312,-63.3874,-82.0312,18.6438,18.6438,10,9,1,0.9,F1,1.7991,F1,16.8447,,,ddg_kcal_per_mol(delta=1.0),18.6438,9.6714,63.3874,82.0312
4rwqB_4rwnA,ShallowMsa_009,DDG,-73.5667,-90.4467,-73.5667,-90.4467,16.88,16.88,10,10,0,1.0,F1,0.0353,Amb,16.8447,,,ddg_kcal_per_mol(delta=1.0),16.88,4.222,73.5667,90.4467
4rwqB_4rwnA,ShallowMsa_010,DDG,-54.1462,-66.3912,-54.1462,-66.3912,12.2451,12.2451,10,10,0,1.0,F1,-4.5996,F2,16.8447,,,ddg_kcal_per_mol(delta=1.0),12.2451,4.5184,54.1462,66.3912
4rwqB_4rwnA,ShallowMsa_000,Boltz2,0.3402,0.3169,0.3402,0.3169,0.0233,0.0233,1,1,0,1.0,Amb,0.0,Amb,0.0233,,,,,,,
4rwqB_4rwnA,ShallowMsa_001,Boltz2,0.2801,0.2849,0.2801,0.2849,-0.0048,-0.0048,1,0,1,0.0,Amb,-0.0281,Amb,0.0233,,,,,,,
4rwqB_4rwnA,ShallowMsa_002,Boltz2,0.3384,0.3289,0.3384,0.3289,0.0095,0.0095,1,1,0,1.0,Amb,-0.0138,Amb,0.0233,,,,,,,
4rwqB_4rwnA,ShallowMsa_003,Boltz2,0.4197,0.3856,0.4197,0.3856,0.034,0.034,1,1,0,1.0,Amb,0.0107,Amb,0.0233,,,,,,,
4rwqB_4rwnA,ShallowMsa_004,Boltz2,0.3856,0.384,0.3856,0.384,0.0016,0.0016,1,1,0,1.0,Amb,-0.0217,Amb,0.0233,,,,,,,
4rwqB_4rwnA,ShallowMsa_006,Boltz2,0.422,0.3815,0.422,0.3815,0.0405,0.0405,1,1,0,1.0,Amb,0.0172,Amb,0.0233,,,,,,,
4rwqB_4rwnA,ShallowMsa_007,Boltz2,0.3754,0.3583,0.3754,0.3583,0.0171,0.0171,1,1,0,1.0,Amb,-0.0062,Amb,0.0233,,,,,,,
4rwqB_4rwnA,ShallowMsa_008,Boltz2,0.3577,0.3271,0.3577,0.3271,0.0306,0.0306,1,1,0,1.0,Amb,0.0073,Amb,0.0233,,,,,,,
4rwqB_4rwnA,ShallowMsa_009,Boltz2,0.2801,0.2567,0.2801,0.2567,0.0234,0.0234,1,1,0,1.0,Amb,0.0001,Amb,0.0233,,,,,,,
4tsyD_3zwgN,DeepMsa,AF2,0.8506,0.9854,0.8505,0.9834,-0.1348,-0.133,2,0,2,0.0,F2,-0.1348,F2,0.0,,,,,,,
4tsyD_3zwgN,ShallowMsa_000,AF2,0.8506,0.986,0.8506,0.9836,-0.1353,-0.1331,2,0,2,0.0,F2,-0.1353,F2,0.0,,,,,,,
4tsyD_3zwgN,DeepMsa,AF3,0.8505,0.9905,0.8503,0.9862,-0.14,-0.1359,2,0,2,0.0,F2,-0.14,F2,0.0,,,,,,,
4tsyD_3zwgN,ShallowMsa_000,AF3,0.8505,0.9906,0.8503,0.9863,-0.1401,-0.136,2,0,2,0.0,F2,-0.1401,F2,0.0,,,,,,,
4tsyD_3zwgN,ShallowMsa_000,ESM,0.8468,0.9801,0.5651,0.6187,-0.1332,-0.0536,20,6,14,0.3,F2,-0.1332,F2,0.0,,,,,,,
4tsyD_3zwgN,DeepMsa,MSAT,0.3066,0.2625,0.3066,0.2625,0.0441,0.0441,1,1,0,1.0,Amb,0.0441,Amb,0.0,0.3066,0.2625,t_recall,,,,
4tsyD_3zwgN,ShallowMsa_000,MSAT,0.2972,0.2583,0.2972,0.2583,0.0389,0.0389,1,1,0,1.0,Amb,0.0389,Amb,0.0,0.2972,0.2583,t_recall,,,,
4tsyD_3zwgN,DeepMsa,CCMpred,0.0,0.0,0.0,0.0,0.0,0.0,1,0,0,0.0,Amb,0.0,Amb,0.0,0.0,0.0,t_recall,,,,
4tsyD_3zwgN,ShallowMsa_000,CCMpred,0.0,0.0,0.0,0.0,0.0,0.0,1,0,0,0.0,Amb,0.0,Amb,0.0,0.0,0.0,t_recall,,,,
4tsyD_3zwgN,ShallowMsa_000,DDG,-49.6814,-59.3763,-49.6814,-59.3763,9.695,9.695,10,7,3,0.7,F1,9.695,F1,0.0,,,ddg_kcal_per_mol(delta=1.0),9.695,8.1931,49.6814,59.3763
4tsyD_3zwgN,ShallowMsa_000,Boltz2,0.4523,0.4668,0.4523,0.4668,-0.0145,-0.0145,1,0,1,0.0,Amb,-0.0145,Amb,0.0,,,,,,,
4xwsD_4y0mJ,DeepMsa,AF2,0.95,0.9533,0.9431,0.9119,-0.0033,0.0313,2,1,1,0.5,Amb,-0.0033,Amb,0.0616,,,,,,,
4xwsD_4y0mJ,ShallowMsa_000,AF2,0.8404,0.7964,0.8371,0.796,0.0441,0.041,2,2,0,1.0,Amb,-0.0175,Amb,0.0616,,,,,,,
4xwsD_4y0mJ,ShallowMsa_001,AF2,0.622,0.5654,0.6216,0.5633,0.0566,0.0583,2,2,0,1.0,F1,-0.005,Amb,0.0616,,,,,,,
4xwsD_4y0mJ,ShallowMsa_002,AF2,0.9068,0.8251,0.8981,0.8236,0.0816,0.0745,2,2,0,1.0,F1,0.02,Amb,0.0616,,,,,,,
4xwsD_4y0mJ,ShallowMsa_003,AF2,0.9319,0.8626,0.9233,0.8602,0.0693,0.0632,2,2,0,1.0,F1,0.0077,Amb,0.0616,,,,,,,
4xwsD_4y0mJ,ShallowMsa_004,AF2,0.9139,0.8371,0.9038,0.833,0.0768,0.0708,2,2,0,1.0,F1,0.0152,Amb,0.0616,,,,,,,
4xwsD_4y0mJ,ShallowMsa_005,AF2,0.8105,0.7497,0.8055,0.7436,0.0608,0.0619,2,2,0,1.0,F1,-0.0008,Amb,0.0616,,,,,,,
4xwsD_4y0mJ,ShallowMsa_006,AF2,0.8829,0.8096,0.8759,0.7953,0.0734,0.0805,2,2,0,1.0,F1,0.0118,Amb,0.0616,,,,,,,
4xwsD_4y0mJ,ShallowMsa_007,AF2,0.9418,0.953,0.9399,0.9171,-0.0112,0.0228,2,1,1,0.5,Amb,-0.0728,F2,0.0616,,,,,,,
4xwsD_4y0mJ,ShallowMsa_008,AF2,0.8704,0.8261,0.8546,0.8185,0.0443,0.0361,2,2,0,1.0,Amb,-0.0173,Amb,0.0616,,,,,,,
4xwsD_4y0mJ,ShallowMsa_009,AF2,0.8481,0.791,0.8446,0.7894,0.0571,0.0552,2,2,0,1.0,F1,-0.0045,Amb,0.0616,,,,,,,
4xwsD_4y0mJ,ShallowMsa_010,AF2,0.8247,0.7505,0.819,0.7443,0.0742,0.0747,2,2,0,1.0,F1,0.0126,Amb,0.0616,,,,,,,
4xwsD_4y0mJ,ShallowMsa_011,AF2,0.8873,0.7937,0.881,0.7929,0.0936,0.0882,2,2,0,1.0,F1,0.032,Amb,0.0616,,,,,,,
4xwsD_4y0mJ,ShallowMsa_012,AF2,0.8095,0.7667,0.7979,0.7591,0.0428,0.0388,2,2,0,1.0,Amb,-0.0188,Amb,0.0616,,,,,,,
4xwsD_4y0mJ,ShallowMsa_013,AF2,0.9008,0.8391,0.8898,0.8162,0.0616,0.0736,2,2,0,1.0,F1,0.0,Amb,0.0616,,,,,,,
4xwsD_4y0mJ,ShallowMsa_014,AF2,0.7624,0.7008,0.7447,0.6939,0.0616,0.0508,2,2,0,1.0,F1,0.0,Amb,0.0616,,,,,,,
4xwsD_4y0mJ,ShallowMsa_015,AF2,0.5279,0.4998,0.4926,0.4566,0.0281,0.036,2,2,0,1.0,Amb,-0.0335,Amb,0.0616,,,,,,,
4xwsD_4y0mJ,ShallowMsa_016,AF2,0.871,0.8015,0.8704,0.7991,0.0695,0.0713,2,2,0,1.0,F1,0.0079,Amb,0.0616,,,,,,,
4xwsD_4y0mJ,ShallowMsa_017,AF2,0.8997,0.8442,0.8948,0.8438,0.0555,0.051,2,2,0,1.0,F1,-0.0061,Amb,0.0616,,,,,,,
4xwsD_4y0mJ,ShallowMsa_018,AF2,0.8548,0.767,0.804,0.7401,0.0879,0.0638,2,2,0,1.0,F1,0.0263,Amb,0.0616,,,,,,,
4xwsD_4y0mJ,ShallowMsa_019,AF2,0.8862,0.7975,0.8707,0.7893,0.0887,0.0814,2,2,0,1.0,F1,0.0271,Amb,0.0616,,,,,,,
4xwsD_4y0mJ,DeepMsa,AF3,0.9567,0.9453,0.95,0.9127,0.0114,0.0373,2,1,1,0.5,Amb,0.0114,Amb,0.0702,,,,,,,
4xwsD_4y0mJ,ShallowMsa_000,AF3,0.8523,0.7811,0.8261,0.7692,0.0712,0.0569,2,2,0,1.0,F1,0.001,Amb,0.0702,,,,,,,
4xwsD_4y0mJ,ShallowMsa_001,AF3,0.7328,0.6485,0.7248,0.6439,0.0843,0.081,2,2,0,1.0,F1,0.0141,Amb,0.0702,,,,,,,
4xwsD_4y0mJ,ShallowMsa_002,AF3,0.9253,0.8451,0.9165,0.8449,0.0802,0.0716,2,2,0,1.0,F1,0.01,Amb,0.0702,,,,,,,
4xwsD_4y0mJ,ShallowMsa_003,AF3,0.9323,0.8552,0.9223,0.8524,0.077,0.0699,2,2,0,1.0,F1,0.0068,Amb,0.0702,,,,,,,
4xwsD_4y0mJ,ShallowMsa_004,AF3,0.9174,0.8516,0.9084,0.8484,0.0658,0.06,2,2,0,1.0,F1,-0.0044,Amb,0.0702,,,,,,,
4xwsD_4y0mJ,ShallowMsa_005,AF3,0.811,0.732,0.799,0.7317,0.079,0.0673,2,2,0,1.0,F1,0.0088,Amb,0.0702,,,,,,,
4xwsD_4y0mJ,ShallowMsa_006,AF3,0.8807,0.8022,0.8763,0.7963,0.0785,0.08,2,2,0,1.0,F1,0.0083,Amb,0.0702,,,,,,,
4xwsD_4y0mJ,ShallowMsa_007,AF3,0.9513,0.9447,0.9458,0.9066,0.0065,0.0392,2,1,1,0.5,Amb,-0.0637,F2,0.0702,,,,,,,
4xwsD_4y0mJ,ShallowMsa_008,AF3,0.8646,0.827,0.85,0.8147,0.0376,0.0353,2,2,0,1.0,Amb,-0.0326,Amb,0.0702,,,,,,,
4xwsD_4y0mJ,ShallowMsa_009,AF3,0.8389,0.778,0.8253,0.773,0.0609,0.0523,2,2,0,1.0,F1,-0.0093,Amb,0.0702,,,,,,,
4xwsD_4y0mJ,ShallowMsa_010,AF3,0.843,0.7658,0.8254,0.762,0.0772,0.0634,2,2,0,1.0,F1,0.007,Amb,0.0702,,,,,,,
4xwsD_4y0mJ,ShallowMsa_011,AF3,0.8967,0.8019,0.8884,0.798,0.0948,0.0903,2,2,0,1.0,F1,0.0246,Amb,0.0702,,,,,,,
4xwsD_4y0mJ,ShallowMsa_012,AF3,0.8095,0.7483,0.7987,0.744,0.0611,0.0547,2,2,0,1.0,F1,-0.0091,Amb,0.0702,,,,,,,
4xwsD_4y0mJ,ShallowMsa_013,AF3,0.8925,0.8354,0.8812,0.815,0.0571,0.0662,2,2,0,1.0,F1,-0.0131,Amb,0.0702,,,,,,,
4xwsD_4y0mJ,ShallowMsa_014,AF3,0.7435,0.6744,0.735,0.6737,0.0692,0.0613,2,2,0,1.0,F1,-0.001,Amb,0.0702,,,,,,,
4xwsD_4y0mJ,ShallowMsa_015,AF3,0.6336,0.6007,0.5801,0.5531,0.0329,0.027,2,2,0,1.0,Amb,-0.0373,Amb,0.0702,,,,,,,
4xwsD_4y0mJ,ShallowMsa_016,AF3,0.8585,0.7732,0.8486,0.7722,0.0853,0.0764,2,2,0,1.0,F1,0.0151,Amb,0.0702,,,,,,,
4xwsD_4y0mJ,ShallowMsa_017,AF3,0.8996,0.8449,0.8872,0.8338,0.0547,0.0534,2,2,0,1.0,F1,-0.0155,Amb,0.0702,,,,,,,
4xwsD_4y0mJ,ShallowMsa_018,AF3,0.8228,0.7568,0.7993,0.7376,0.066,0.0617,2,2,0,1.0,F1,-0.0042,Amb,0.0702,,,,,,,
4xwsD_4y0mJ,ShallowMsa_019,AF3,0.8696,0.7768,0.8546,0.7739,0.0927,0.0807,2,2,0,1.0,F1,0.0225,Amb,0.0702,,,,,,,
4xwsD_4y0mJ,ShallowMsa_000,ESM,0.8871,0.8696,0.7109,0.668,0.0175,0.0428,20,20,0,1.0,Amb,-0.013,Amb,0.0305,,,,,,,
4xwsD_4y0mJ,ShallowMsa_001,ESM,0.9183,0.9097,0.6524,0.6332,0.0086,0.0193,20,14,6,0.7,Amb,-0.0219,Amb,0.0305,,,,,,,
4xwsD_4y0mJ,ShallowMsa_002,ESM,0.9094,0.8743,0.6846,0.6534,0.0351,0.0312,20,18,2,0.9,Amb,0.0046,Amb,0.0305,,,,,,,
4xwsD_4y0mJ,ShallowMsa_003,ESM,0.8911,0.8608,0.6949,0.6662,0.0303,0.0287,20,18,2,0.9,Amb,-0.0002,Amb,0.0305,,,,,,,
4xwsD_4y0mJ,ShallowMsa_004,ESM,0.917,0.8856,0.6547,0.6308,0.0314,0.0239,20,16,4,0.8,Amb,0.0009,Amb,0.0305,,,,,,,
4xwsD_4y0mJ,ShallowMsa_005,ESM,0.9106,0.8799,0.6862,0.6577,0.0307,0.0285,20,16,4,0.8,Amb,0.0002,Amb,0.0305,,,,,,,
4xwsD_4y0mJ,ShallowMsa_006,ESM,0.9088,0.878,0.6833,0.6455,0.0308,0.0378,20,20,0,1.0,Amb,0.0003,Amb,0.0305,,,,,,,
4xwsD_4y0mJ,ShallowMsa_007,ESM,0.9579,0.9093,0.6433,0.6142,0.0486,0.0291,20,18,2,0.9,Amb,0.0181,Amb,0.0305,,,,,,,
4xwsD_4y0mJ,ShallowMsa_008,ESM,0.9104,0.8941,0.6523,0.6171,0.0163,0.0352,20,18,2,0.9,Amb,-0.0142,Amb,0.0305,,,,,,,
4xwsD_4y0mJ,ShallowMsa_009,ESM,0.9029,0.8713,0.678,0.6416,0.0317,0.0364,20,18,2,0.9,Amb,0.0012,Amb,0.0305,,,,,,,
4xwsD_4y0mJ,ShallowMsa_010,ESM,0.9015,0.8578,0.7238,0.6761,0.0437,0.0477,20,20,0,1.0,Amb,0.0132,Amb,0.0305,,,,,,,
4xwsD_4y0mJ,ShallowMsa_011,ESM,0.9321,0.8977,0.6546,0.6234,0.0345,0.0311,20,18,2,0.9,Amb,0.004,Amb,0.0305,,,,,,,
4xwsD_4y0mJ,ShallowMsa_012,ESM,0.8858,0.8695,0.6903,0.6647,0.0163,0.0256,20,16,4,0.8,Amb,-0.0142,Amb,0.0305,,,,,,,
4xwsD_4y0mJ,ShallowMsa_013,ESM,0.9053,0.8786,0.6468,0.6195,0.0267,0.0273,20,16,4,0.8,Amb,-0.0038,Amb,0.0305,,,,,,,
4xwsD_4y0mJ,ShallowMsa_014,ESM,0.9075,0.873,0.7163,0.6808,0.0345,0.0355,20,20,0,1.0,Amb,0.004,Amb,0.0305,,,,,,,
4xwsD_4y0mJ,ShallowMsa_015,ESM,0.8831,0.8433,0.6688,0.6405,0.0398,0.0282,20,18,2,0.9,Amb,0.0093,Amb,0.0305,,,,,,,
4xwsD_4y0mJ,ShallowMsa_016,ESM,0.9138,0.8869,0.699,0.6654,0.0269,0.0336,20,20,0,1.0,Amb,-0.0036,Amb,0.0305,,,,,,,
4xwsD_4y0mJ,ShallowMsa_017,ESM,0.9075,0.8868,0.7183,0.6951,0.0207,0.0232,20,16,4,0.8,Amb,-0.0098,Amb,0.0305,,,,,,,
4xwsD_4y0mJ,ShallowMsa_018,ESM,0.9005,0.8722,0.7112,0.6782,0.0283,0.033,20,18,2,0.9,Amb,-0.0022,Amb,0.0305,,,,,,,
4xwsD_4y0mJ,ShallowMsa_019,ESM,0.9067,0.8765,0.6875,0.652,0.0302,0.0355,20,20,0,1.0,Amb,-0.0003,Amb,0.0305,,,,,,,
4xwsD_4y0mJ,DeepMsa,MSAT,0.4474,0.1691,0.4474,0.1691,0.2783,0.2783,1,1,0,1.0,F1,0.2783,F1,-0.0046,0.4474,0.1691,t_recall,,,,
4xwsD_4y0mJ,ShallowMsa_000,MSAT,0.0621,0.0671,0.0621,0.0671,-0.005,-0.005,1,0,1,0.0,Amb,-0.0004,Amb,-0.0046,0.0621,0.0671,t_recall,,,,
4xwsD_4y0mJ,ShallowMsa_001,MSAT,0.0559,0.0447,0.0559,0.0447,0.0112,0.0112,1,1,0,1.0,Amb,0.0158,Amb,-0.0046,0.0559,0.0447,t_recall,,,,
4xwsD_4y0mJ,ShallowMsa_002,MSAT,0.0681,0.069,0.0681,0.069,-0.0009,-0.0009,1,0,1,0.0,Amb,0.0037,Amb,-0.0046,0.0681,0.069,t_recall,,,,
4xwsD_4y0mJ,ShallowMsa_003,MSAT,0.059,0.066,0.059,0.066,-0.007,-0.007,1,0,1,0.0,Amb,-0.0024,Amb,-0.0046,0.059,0.066,t_recall,,,,
4xwsD_4y0mJ,ShallowMsa_004,MSAT,0.0714,0.0728,0.0714,0.0728,-0.0014,-0.0014,1,0,1,0.0,Amb,0.0032,Amb,-0.0046,0.0714,0.0728,t_recall,,,,
4xwsD_4y0mJ,ShallowMsa_005,MSAT,0.0621,0.0566,0.0621,0.0566,0.0055,0.0055,1,1,0,1.0,Amb,0.0101,Amb,-0.0046,0.0621,0.0566,t_recall,,,,
4xwsD_4y0mJ,ShallowMsa_006,MSAT,0.0621,0.0633,0.0621,0.0633,-0.0012,-0.0012,1,0,1,0.0,Amb,0.0034,Amb,-0.0046,0.0621,0.0633,t_recall,,,,
4xwsD_4y0mJ,ShallowMsa_007,MSAT,0.2485,0.0801,0.2485,0.0801,0.1684,0.1684,1,1,0,1.0,F1,0.173,F1,-0.0046,0.2485,0.0801,t_recall,,,,
4xwsD_4y0mJ,ShallowMsa_008,MSAT,0.0433,0.0439,0.0433,0.0439,-0.0006,-0.0006,1,0,1,0.0,Amb,0.004,Amb,-0.0046,0.0433,0.0439,t_recall,,,,
4xwsD_4y0mJ,ShallowMsa_009,MSAT,0.0708,0.075,0.0708,0.075,-0.0042,-0.0042,1,0,1,0.0,Amb,0.0004,Amb,-0.0046,0.0708,0.075,t_recall,,,,
4xwsD_4y0mJ,ShallowMsa_010,MSAT,0.0495,0.0627,0.0495,0.0627,-0.0132,-0.0132,1,0,1,0.0,Amb,-0.0086,Amb,-0.0046,0.0495,0.0627,t_recall,,,,
4xwsD_4y0mJ,ShallowMsa_011,MSAT,0.0462,0.0625,0.0462,0.0625,-0.0163,-0.0163,1,0,1,0.0,Amb,-0.0117,Amb,-0.0046,0.0462,0.0625,t_recall,,,,
4xwsD_4y0mJ,ShallowMsa_012,MSAT,0.082,0.068,0.082,0.068,0.014,0.014,1,1,0,1.0,Amb,0.0186,Amb,-0.0046,0.082,0.068,t_recall,,,,
4xwsD_4y0mJ,ShallowMsa_013,MSAT,0.0404,0.0506,0.0404,0.0506,-0.0102,-0.0102,1,0,1,0.0,Amb,-0.0056,Amb,-0.0046,0.0404,0.0506,t_recall,,,,
4xwsD_4y0mJ,ShallowMsa_014,MSAT,0.0497,0.0671,0.0497,0.0671,-0.0174,-0.0174,1,0,1,0.0,Amb,-0.0128,Amb,-0.0046,0.0497,0.0671,t_recall,,,,
4xwsD_4y0mJ,ShallowMsa_015,MSAT,0.0615,0.0594,0.0615,0.0594,0.0021,0.0021,1,1,0,1.0,Amb,0.0067,Amb,-0.0046,0.0615,0.0594,t_recall,,,,
4xwsD_4y0mJ,ShallowMsa_016,MSAT,0.0433,0.0502,0.0433,0.0502,-0.0069,-0.0069,1,0,1,0.0,Amb,-0.0023,Amb,-0.0046,0.0433,0.0502,t_recall,,,,
4xwsD_4y0mJ,ShallowMsa_017,MSAT,0.0462,0.0563,0.0462,0.0563,-0.0101,-0.0101,1,0,1,0.0,Amb,-0.0055,Amb,-0.0046,0.0462,0.0563,t_recall,,,,
4xwsD_4y0mJ,ShallowMsa_018,MSAT,0.0615,0.0688,0.0615,0.0688,-0.0073,-0.0073,1,0,1,0.0,Amb,-0.0027,Amb,-0.0046,0.0615,0.0688,t_recall,,,,
4xwsD_4y0mJ,ShallowMsa_019,MSAT,0.0523,0.0688,0.0523,0.0688,-0.0165,-0.0165,1,0,1,0.0,Amb,-0.0119,Amb,-0.0046,0.0523,0.0688,t_recall,,,,
4xwsD_4y0mJ,DeepMsa,CCMpred,0.1959,0.0564,0.1959,0.0564,0.1395,0.1395,1,1,0,1.0,F1,0.1395,F1,0.0,0.1959,0.0564,t_recall,,,,
4xwsD_4y0mJ,ShallowMsa_000,CCMpred,0.0234,0.0059,0.0234,0.0059,0.0175,0.0175,1,1,0,1.0,Amb,0.0175,Amb,0.0,0.0234,0.0059,t_recall,,,,
4xwsD_4y0mJ,ShallowMsa_001,CCMpred,0.0117,0.0,0.0117,0.0,0.0117,0.0117,1,1,0,1.0,Amb,0.0117,Amb,0.0,0.0117,0.0,t_recall,,,,
4xwsD_4y0mJ,ShallowMsa_002,CCMpred,0.0,0.0,0.0,0.0,0.0,0.0,1,0,0,0.0,Amb,0.0,Amb,0.0,0.0,0.0,t_recall,,,,
4xwsD_4y0mJ,ShallowMsa_003,CCMpred,0.0,0.0,0.0,0.0,0.0,0.0,1,0,0,0.0,Amb,0.0,Amb,0.0,0.0,0.0,t_recall,,,,
4xwsD_4y0mJ,ShallowMsa_004,CCMpred,0.0,0.0,0.0,0.0,0.0,0.0,1,0,0,0.0,Amb,0.0,Amb,0.0,0.0,0.0,t_recall,,,,
4xwsD_4y0mJ,ShallowMsa_005,CCMpred,0.0029,0.0,0.0029,0.0,0.0029,0.0029,1,1,0,1.0,Amb,0.0029,Amb,0.0,0.0029,0.0,t_recall,,,,
4xwsD_4y0mJ,ShallowMsa_006,CCMpred,0.0,0.0,0.0,0.0,0.0,0.0,1,0,0,0.0,Amb,0.0,Amb,0.0,0.0,0.0,t_recall,,,,
4xwsD_4y0mJ,ShallowMsa_007,CCMpred,0.0,0.0,0.0,0.0,0.0,0.0,1,0,0,0.0,Amb,0.0,Amb,0.0,0.0,0.0,t_recall,,,,
4xwsD_4y0mJ,ShallowMsa_008,CCMpred,0.0,0.0,0.0,0.0,0.0,0.0,1,0,0,0.0,Amb,0.0,Amb,0.0,0.0,0.0,t_recall,,,,
4xwsD_4y0mJ,ShallowMsa_009,CCMpred,0.0,0.0,0.0,0.0,0.0,0.0,1,0,0,0.0,Amb,0.0,Amb,0.0,0.0,0.0,t_recall,,,,
4xwsD_4y0mJ,ShallowMsa_010,CCMpred,0.0,0.0,0.0,0.0,0.0,0.0,1,0,0,0.0,Amb,0.0,Amb,0.0,0.0,0.0,t_recall,,,,
4xwsD_4y0mJ,ShallowMsa_011,CCMpred,0.0,0.0,0.0,0.0,0.0,0.0,1,0,0,0.0,Amb,0.0,Amb,0.0,0.0,0.0,t_recall,,,,
4xwsD_4y0mJ,ShallowMsa_012,CCMpred,0.0,0.0,0.0,0.0,0.0,0.0,1,0,0,0.0,Amb,0.0,Amb,0.0,0.0,0.0,t_recall,,,,
4xwsD_4y0mJ,ShallowMsa_013,CCMpred,0.0,0.0,0.0,0.0,0.0,0.0,1,0,0,0.0,Amb,0.0,Amb,0.0,0.0,0.0,t_recall,,,,
4xwsD_4y0mJ,ShallowMsa_014,CCMpred,0.0,0.0,0.0,0.0,0.0,0.0,1,0,0,0.0,Amb,0.0,Amb,0.0,0.0,0.0,t_recall,,,,
4xwsD_4y0mJ,ShallowMsa_015,CCMpred,0.0,0.0,0.0,0.0,0.0,0.0,1,0,0,0.0,Amb,0.0,Amb,0.0,0.0,0.0,t_recall,,,,
4xwsD_4y0mJ,ShallowMsa_016,CCMpred,0.0,0.0,0.0,0.0,0.0,0.0,1,0,0,0.0,Amb,0.0,Amb,0.0,0.0,0.0,t_recall,,,,
4xwsD_4y0mJ,ShallowMsa_017,CCMpred,0.0,0.0,0.0,0.0,0.0,0.0,1,0,0,0.0,Amb,0.0,Amb,0.0,0.0,0.0,t_recall,,,,
4xwsD_4y0mJ,ShallowMsa_018,CCMpred,0.0,0.0,0.0,0.0,0.0,0.0,1,0,0,0.0,Amb,0.0,Amb,0.0,0.0,0.0,t_recall,,,,
4xwsD_4y0mJ,ShallowMsa_019,CCMpred,0.0,0.0,0.0,0.0,0.0,0.0,1,0,0,0.0,Amb,0.0,Amb,0.0,0.0,0.0,t_recall,,,,
4xwsD_4y0mJ,ShallowMsa_000,DDG,-62.9651,-77.9175,-62.9651,-77.9175,14.9524,14.9524,10,9,1,0.9,F1,1.0698,F1,13.8826,,,ddg_kcal_per_mol(delta=1.0),14.9524,5.6812,62.9651,77.9175
4xwsD_4y0mJ,ShallowMsa_001,DDG,-55.8802,-69.2903,-55.8802,-69.2903,13.4101,13.4101,10,10,0,1.0,F1,-0.4726,Amb,13.8826,,,ddg_kcal_per_mol(delta=1.0),13.4101,6.9597,55.8802,69.2903
4xwsD_4y0mJ,ShallowMsa_002,DDG,-58.3719,-72.1933,-58.3719,-72.1933,13.8214,13.8214,10,10,0,1.0,F1,-0.0612,Amb,13.8826,,,ddg_kcal_per_mol(delta=1.0),13.8214,4.0257,58.3719,72.1933
4xwsD_4y0mJ,ShallowMsa_003,DDG,-53.9908,-69.5441,-53.9908,-69.5441,15.5532,15.5532,10,10,0,1.0,F1,1.6706,F1,13.8826,,,ddg_kcal_per_mol(delta=1.0),15.5532,5.9654,53.9908,69.5441
4xwsD_4y0mJ,ShallowMsa_004,DDG,-49.9452,-64.3698,-49.9452,-64.3698,14.4246,14.4246,10,10,0,1.0,F1,0.5419,Amb,13.8826,,,ddg_kcal_per_mol(delta=1.0),14.4246,4.2308,49.9452,64.3698
4xwsD_4y0mJ,ShallowMsa_005,DDG,-55.9737,-71.1974,-55.9737,-71.1974,15.2237,15.2237,10,10,0,1.0,F1,1.341,F1,13.8826,,,ddg_kcal_per_mol(delta=1.0),15.2237,4.9561,55.9737,71.1974
4xwsD_4y0mJ,ShallowMsa_006,DDG,-62.1517,-73.8728,-62.1517,-73.8728,11.7211,11.7211,10,10,0,1.0,F1,-2.1616,F2,13.8826,,,ddg_kcal_per_mol(delta=1.0),11.7211,4.8336,62.1517,73.8728
4xwsD_4y0mJ,ShallowMsa_007,DDG,-40.7414,-50.0912,-40.7414,-50.0912,9.3497,9.3497,10,10,0,1.0,F1,-4.5329,F2,13.8826,,,ddg_kcal_per_mol(delta=1.0),9.3497,6.3372,40.7414,50.0912
4xwsD_4y0mJ,ShallowMsa_008,DDG,-45.6101,-55.941,-45.6101,-55.941,10.3309,10.3309,10,10,0,1.0,F1,-3.5518,F2,13.8826,,,ddg_kcal_per_mol(delta=1.0),10.3309,6.4661,45.6101,55.941
4xwsD_4y0mJ,ShallowMsa_009,DDG,-57.3514,-71.2843,-57.3514,-71.2843,13.9328,13.9328,10,10,0,1.0,F1,0.0502,Amb,13.8826,,,ddg_kcal_per_mol(delta=1.0),13.9328,5.6854,57.3514,71.2843
4xwsD_4y0mJ,ShallowMsa_010,DDG,-63.5402,-78.8582,-63.5402,-78.8582,15.318,15.318,10,9,1,0.9,F1,1.4353,F1,13.8826,,,ddg_kcal_per_mol(delta=1.0),15.318,7.7166,63.5402,78.8582
4xwsD_4y0mJ,ShallowMsa_011,DDG,-51.9571,-63.8694,-51.9571,-63.8694,11.9123,11.9123,10,10,0,1.0,F1,-1.9703,F2,13.8826,,,ddg_kcal_per_mol(delta=1.0),11.9123,3.5708,51.9571,63.8694
4xwsD_4y0mJ,ShallowMsa_012,DDG,-63.4313,-77.2638,-63.4313,-77.2638,13.8325,13.8325,10,9,1,0.9,F1,-0.0502,Amb,13.8826,,,ddg_kcal_per_mol(delta=1.0),13.8325,6.9845,63.4313,77.2638
4xwsD_4y0mJ,ShallowMsa_013,DDG,-43.5624,-55.0143,-43.5624,-55.0143,11.4519,11.4519,10,9,1,0.9,F1,-2.4307,F2,13.8826,,,ddg_kcal_per_mol(delta=1.0),11.4519,6.9678,43.5624,55.0143
4xwsD_4y0mJ,ShallowMsa_014,DDG,-62.8763,-78.0341,-62.8763,-78.0341,15.1578,15.1578,10,10,0,1.0,F1,1.2752,F1,13.8826,,,ddg_kcal_per_mol(delta=1.0),15.1578,5.3219,62.8763,78.0341
4xwsD_4y0mJ,ShallowMsa_015,DDG,-58.2395,-72.3404,-58.2395,-72.3404,14.1009,14.1009,10,9,1,0.9,F1,0.2182,Amb,13.8826,,,ddg_kcal_per_mol(delta=1.0),14.1009,8.5269,58.2395,72.3404
4xwsD_4y0mJ,ShallowMsa_016,DDG,-54.5863,-69.3605,-54.5863,-69.3605,14.7743,14.7743,10,10,0,1.0,F1,0.8917,Amb,13.8826,,,ddg_kcal_per_mol(delta=1.0),14.7743,5.9646,54.5863,69.3605
4xwsD_4y0mJ,ShallowMsa_017,DDG,-53.0712,-66.5194,-53.0712,-66.5194,13.4481,13.4481,10,9,1,0.9,F1,-0.4345,Amb,13.8826,,,ddg_kcal_per_mol(delta=1.0),13.4481,7.3625,53.0712,66.5194
4xwsD_4y0mJ,ShallowMsa_018,DDG,-62.1253,-78.0921,-62.1253,-78.0921,15.9668,15.9668,10,10,0,1.0,F1,2.0841,F1,13.8826,,,ddg_kcal_per_mol(delta=1.0),15.9668,5.6294,62.1253,78.0921
4xwsD_4y0mJ,ShallowMsa_019,DDG,-56.0383,-68.84,-56.0383,-68.84,12.8017,12.8017,10,10,0,1.0,F1,-1.0809,F2,13.8826,,,ddg_kcal_per_mol(delta=1.0),12.8017,7.6284,56.0383,68.84
4xwsD_4y0mJ,ShallowMsa_000,Boltz2,0.7583,0.7823,0.7583,0.7823,-0.024,-0.024,1,0,1,0.0,Amb,-0.0229,Amb,-0.0011,,,,,,,
4xwsD_4y0mJ,ShallowMsa_001,Boltz2,0.7362,0.6716,0.7362,0.6716,0.0647,0.0647,1,1,0,1.0,F1,0.0658,F1,-0.0011,,,,,,,
4xwsD_4y0mJ,ShallowMsa_002,Boltz2,0.5184,0.5203,0.5184,0.5203,-0.0019,-0.0019,1,0,1,0.0,Amb,-0.0008,Amb,-0.0011,,,,,,,
4xwsD_4y0mJ,ShallowMsa_003,Boltz2,0.5042,0.513,0.5042,0.513,-0.0088,-0.0088,1,0,1,0.0,Amb,-0.0077,Amb,-0.0011,,,,,,,
4xwsD_4y0mJ,ShallowMsa_004,Boltz2,0.2855,0.2895,0.2855,0.2895,-0.004,-0.004,1,0,1,0.0,Amb,-0.0029,Amb,-0.0011,,,,,,,
4xwsD_4y0mJ,ShallowMsa_005,Boltz2,0.3568,0.353,0.3568,0.353,0.0038,0.0038,1,1,0,1.0,Amb,0.0049,Amb,-0.0011,,,,,,,
4xwsD_4y0mJ,ShallowMsa_006,Boltz2,0.348,0.3492,0.348,0.3492,-0.0012,-0.0012,1,0,1,0.0,Amb,-0.0,Amb,-0.0011,,,,,,,
4xwsD_4y0mJ,ShallowMsa_007,Boltz2,0.35,0.3319,0.35,0.3319,0.0181,0.0181,1,1,0,1.0,Amb,0.0193,Amb,-0.0011,,,,,,,
4xwsD_4y0mJ,ShallowMsa_008,Boltz2,0.5091,0.5166,0.5091,0.5166,-0.0074,-0.0074,1,0,1,0.0,Amb,-0.0063,Amb,-0.0011,,,,,,,
4xwsD_4y0mJ,ShallowMsa_009,Boltz2,0.5505,0.5487,0.5505,0.5487,0.0019,0.0019,1,1,0,1.0,Amb,0.003,Amb,-0.0011,,,,,,,
4xwsD_4y0mJ,ShallowMsa_010,Boltz2,0.5404,0.5449,0.5404,0.5449,-0.0045,-0.0045,1,0,1,0.0,Amb,-0.0033,Amb,-0.0011,,,,,,,
4xwsD_4y0mJ,ShallowMsa_011,Boltz2,0.4617,0.4628,0.4617,0.4628,-0.0011,-0.0011,1,0,1,0.0,Amb,0.0,Amb,-0.0011,,,,,,,
4xwsD_4y0mJ,ShallowMsa_012,Boltz2,0.7422,0.7326,0.7422,0.7326,0.0096,0.0096,1,1,0,1.0,Amb,0.0107,Amb,-0.0011,,,,,,,
4xwsD_4y0mJ,ShallowMsa_013,Boltz2,0.6334,0.6289,0.6334,0.6289,0.0045,0.0045,1,1,0,1.0,Amb,0.0056,Amb,-0.0011,,,,,,,
4xwsD_4y0mJ,ShallowMsa_014,Boltz2,0.8009,0.7746,0.8009,0.7746,0.0263,0.0263,1,1,0,1.0,Amb,0.0275,Amb,-0.0011,,,,,,,
4xwsD_4y0mJ,ShallowMsa_015,Boltz2,0.8066,0.7733,0.8066,0.7733,0.0333,0.0333,1,1,0,1.0,Amb,0.0345,Amb,-0.0011,,,,,,,
4xwsD_4y0mJ,ShallowMsa_016,Boltz2,0.5081,0.504,0.5081,0.504,0.0041,0.0041,1,1,0,1.0,Amb,0.0053,Amb,-0.0011,,,,,,,
4xwsD_4y0mJ,ShallowMsa_017,Boltz2,0.7903,0.7956,0.7903,0.7956,-0.0052,-0.0052,1,0,1,0.0,Amb,-0.004,Amb,-0.0011,,,,,,,
4xwsD_4y0mJ,ShallowMsa_018,Boltz2,0.63,0.6693,0.63,0.6693,-0.0393,-0.0393,1,0,1,0.0,Amb,-0.0382,Amb,-0.0011,,,,,,,
4xwsD_4y0mJ,ShallowMsa_019,Boltz2,0.3598,0.3709,0.3598,0.3709,-0.011,-0.011,1,0,1,0.0,Amb,-0.0098,Amb,-0.0011,,,,,,,
4ydqB_4twaA,DeepMsa,AF2,0.9842,0.9221,0.984,0.9213,0.0621,0.0627,2,2,0,1.0,F1,0.0621,F1,0.0621,,,,,,,
4ydqB_4twaA,ShallowMsa_000,AF2,0.9842,0.9221,0.984,0.9213,0.0621,0.0627,2,2,0,1.0,F1,0.0,Amb,0.0621,,,,,,,
4ydqB_4twaA,ShallowMsa_001,AF2,0.9842,0.9221,0.984,0.9213,0.0621,0.0627,2,2,0,1.0,F1,0.0,Amb,0.0621,,,,,,,
4ydqB_4twaA,ShallowMsa_002,AF2,0.9842,0.9221,0.984,0.9213,0.0621,0.0627,2,2,0,1.0,F1,0.0,Amb,0.0621,,,,,,,
4ydqB_4twaA,ShallowMsa_003,AF2,0.9892,0.9272,0.9875,0.9254,0.062,0.0621,2,2,0,1.0,F1,-0.0001,Amb,0.0621,,,,,,,
4ydqB_4twaA,ShallowMsa_004,AF2,0.9842,0.9221,0.984,0.9213,0.0621,0.0627,2,2,0,1.0,F1,0.0,Amb,0.0621,,,,,,,
4ydqB_4twaA,ShallowMsa_005,AF2,0.9842,0.9221,0.984,0.9213,0.0621,0.0627,2,2,0,1.0,F1,0.0,Amb,0.0621,,,,,,,
4ydqB_4twaA,ShallowMsa_006,AF2,0.9842,0.9221,0.984,0.9213,0.0621,0.0627,2,2,0,1.0,F1,0.0,Amb,0.0621,,,,,,,
4ydqB_4twaA,ShallowMsa_007,AF2,0.9842,0.9221,0.984,0.9213,0.0621,0.0627,2,2,0,1.0,F1,0.0,Amb,0.0621,,,,,,,
4ydqB_4twaA,ShallowMsa_008,AF2,0.9842,0.9221,0.984,0.9213,0.0621,0.0627,2,2,0,1.0,F1,0.0,Amb,0.0621,,,,,,,
4ydqB_4twaA,ShallowMsa_009,AF2,0.9842,0.9221,0.984,0.9213,0.0621,0.0627,2,2,0,1.0,F1,0.0,Amb,0.0621,,,,,,,
4ydqB_4twaA,ShallowMsa_010,AF2,0.9842,0.9221,0.984,0.9213,0.0621,0.0627,2,2,0,1.0,F1,0.0,Amb,0.0621,,,,,,,
4ydqB_4twaA,ShallowMsa_011,AF2,0.9842,0.9221,0.984,0.9213,0.0621,0.0627,2,2,0,1.0,F1,0.0,Amb,0.0621,,,,,,,
4ydqB_4twaA,ShallowMsa_012,AF2,0.9842,0.9221,0.984,0.9213,0.0621,0.0627,2,2,0,1.0,F1,0.0,Amb,0.0621,,,,,,,
4ydqB_4twaA,ShallowMsa_013,AF2,0.9842,0.9221,0.984,0.9213,0.0621,0.0627,2,2,0,1.0,F1,0.0,Amb,0.0621,,,,,,,
4ydqB_4twaA,ShallowMsa_014,AF2,0.9842,0.9221,0.984,0.9213,0.0621,0.0627,2,2,0,1.0,F1,0.0,Amb,0.0621,,,,,,,
4ydqB_4twaA,ShallowMsa_015,AF2,0.9842,0.9221,0.984,0.9213,0.0621,0.0627,2,2,0,1.0,F1,0.0,Amb,0.0621,,,,,,,
4ydqB_4twaA,ShallowMsa_016,AF2,0.9842,0.9221,0.984,0.9213,0.0621,0.0627,2,2,0,1.0,F1,0.0,Amb,0.0621,,,,,,,
4ydqB_4twaA,DeepMsa,AF3,0.9878,0.9268,0.9875,0.9265,0.061,0.061,2,2,0,1.0,F1,0.061,F1,0.061,,,,,,,
4ydqB_4twaA,ShallowMsa_000,AF3,0.9878,0.9268,0.9875,0.9265,0.061,0.061,2,2,0,1.0,F1,0.0,Amb,0.061,,,,,,,
4ydqB_4twaA,ShallowMsa_001,AF3,0.9878,0.9268,0.9875,0.9265,0.061,0.061,2,2,0,1.0,F1,0.0,Amb,0.061,,,,,,,
4ydqB_4twaA,ShallowMsa_002,AF3,0.9878,0.9268,0.9875,0.9265,0.061,0.061,2,2,0,1.0,F1,0.0,Amb,0.061,,,,,,,
4ydqB_4twaA,ShallowMsa_003,AF3,0.9903,0.927,0.9894,0.9266,0.0633,0.0628,2,2,0,1.0,F1,0.0023,Amb,0.061,,,,,,,
4ydqB_4twaA,ShallowMsa_004,AF3,0.9878,0.9268,0.9875,0.9265,0.061,0.061,2,2,0,1.0,F1,0.0,Amb,0.061,,,,,,,
4ydqB_4twaA,ShallowMsa_005,AF3,0.9878,0.9268,0.9875,0.9265,0.061,0.061,2,2,0,1.0,F1,0.0,Amb,0.061,,,,,,,
4ydqB_4twaA,ShallowMsa_006,AF3,0.9878,0.9268,0.9875,0.9265,0.061,0.061,2,2,0,1.0,F1,0.0,Amb,0.061,,,,,,,
4ydqB_4twaA,ShallowMsa_007,AF3,0.9885,0.9268,0.9879,0.9262,0.0616,0.0617,2,2,0,1.0,F1,0.0006,Amb,0.061,,,,,,,
4ydqB_4twaA,ShallowMsa_008,AF3,0.9878,0.9268,0.9875,0.9265,0.061,0.061,2,2,0,1.0,F1,0.0,Amb,0.061,,,,,,,
4ydqB_4twaA,ShallowMsa_009,AF3,0.9878,0.9268,0.9875,0.9265,0.061,0.061,2,2,0,1.0,F1,0.0,Amb,0.061,,,,,,,
4ydqB_4twaA,ShallowMsa_010,AF3,0.9878,0.9268,0.9875,0.9265,0.061,0.061,2,2,0,1.0,F1,0.0,Amb,0.061,,,,,,,
4ydqB_4twaA,ShallowMsa_011,AF3,0.9878,0.9268,0.9875,0.9265,0.061,0.061,2,2,0,1.0,F1,0.0,Amb,0.061,,,,,,,
4ydqB_4twaA,ShallowMsa_012,AF3,0.9878,0.9268,0.9875,0.9265,0.061,0.061,2,2,0,1.0,F1,0.0,Amb,0.061,,,,,,,
4ydqB_4twaA,ShallowMsa_013,AF3,0.9878,0.9268,0.9875,0.9265,0.061,0.061,2,2,0,1.0,F1,0.0,Amb,0.061,,,,,,,
4ydqB_4twaA,ShallowMsa_014,AF3,0.9878,0.9268,0.9875,0.9265,0.061,0.061,2,2,0,1.0,F1,0.0,Amb,0.061,,,,,,,
4ydqB_4twaA,ShallowMsa_015,AF3,0.9878,0.9268,0.9875,0.9265,0.061,0.061,2,2,0,1.0,F1,0.0,Amb,0.061,,,,,,,
4ydqB_4twaA,ShallowMsa_016,AF3,0.9878,0.9268,0.9875,0.9265,0.061,0.061,2,2,0,1.0,F1,0.0,Amb,0.061,,,,,,,
4ydqB_4twaA,ShallowMsa_000,ESM,0.9356,0.8672,0.6831,0.6338,0.0684,0.0493,20,20,0,1.0,Amb,-0.0016,Amb,0.07,,,,,,,
4ydqB_4twaA,ShallowMsa_001,ESM,0.9657,0.896,0.7225,0.6764,0.0697,0.0461,20,20,0,1.0,Amb,-0.0003,Amb,0.07,,,,,,,
4ydqB_4twaA,ShallowMsa_002,ESM,0.933,0.8646,0.6975,0.648,0.0684,0.0495,20,20,0,1.0,Amb,-0.0016,Amb,0.07,,,,,,,
4ydqB_4twaA,ShallowMsa_003,ESM,0.9842,0.9204,0.74,0.6911,0.0638,0.0489,20,20,0,1.0,Amb,-0.0062,Amb,0.07,,,,,,,
4ydqB_4twaA,ShallowMsa_004,ESM,0.9419,0.8682,0.6648,0.6188,0.0737,0.046,20,20,0,1.0,Amb,0.0037,Amb,0.07,,,,,,,
4ydqB_4twaA,ShallowMsa_005,ESM,0.9453,0.8721,0.723,0.6719,0.0732,0.0511,20,20,0,1.0,F1,0.0032,Amb,0.07,,,,,,,
4ydqB_4twaA,ShallowMsa_006,ESM,0.9406,0.8679,0.6966,0.6468,0.0727,0.0498,20,20,0,1.0,Amb,0.0027,Amb,0.07,,,,,,,
4ydqB_4twaA,ShallowMsa_007,ESM,0.9778,0.9105,0.6254,0.5929,0.0672,0.0325,20,19,1,0.95,Amb,-0.0028,Amb,0.07,,,,,,,
4ydqB_4twaA,ShallowMsa_008,ESM,0.9319,0.8674,0.6591,0.6188,0.0645,0.0404,20,20,0,1.0,Amb,-0.0055,Amb,0.07,,,,,,,
4ydqB_4twaA,ShallowMsa_009,ESM,0.9732,0.9059,0.6906,0.6432,0.0673,0.0474,20,20,0,1.0,Amb,-0.0027,Amb,0.07,,,,,,,
4ydqB_4twaA,ShallowMsa_010,ESM,0.9382,0.8647,0.6895,0.6421,0.0735,0.0474,20,20,0,1.0,Amb,0.0035,Amb,0.07,,,,,,,
4ydqB_4twaA,ShallowMsa_011,ESM,0.9497,0.8849,0.6856,0.6352,0.0648,0.0504,20,20,0,1.0,F1,-0.0052,Amb,0.07,,,,,,,
4ydqB_4twaA,ShallowMsa_012,ESM,0.9335,0.8635,0.6698,0.6196,0.07,0.0502,20,20,0,1.0,F1,0.0,Amb,0.07,,,,,,,
4ydqB_4twaA,ShallowMsa_013,ESM,0.937,0.8608,0.6198,0.5754,0.0761,0.0444,20,20,0,1.0,Amb,0.0061,Amb,0.07,,,,,,,
4ydqB_4twaA,ShallowMsa_014,ESM,0.94,0.8684,0.6658,0.6193,0.0716,0.0464,20,20,0,1.0,Amb,0.0016,Amb,0.07,,,,,,,
4ydqB_4twaA,ShallowMsa_015,ESM,0.9382,0.8677,0.6599,0.6108,0.0705,0.0491,20,20,0,1.0,Amb,0.0005,Amb,0.07,,,,,,,
4ydqB_4twaA,ShallowMsa_016,ESM,0.9396,0.8638,0.5406,0.5028,0.0758,0.0378,20,20,0,1.0,Amb,0.0058,Amb,0.07,,,,,,,
4ydqB_4twaA,DeepMsa,MSAT,0.2939,0.2781,0.2939,0.2781,0.0158,0.0158,1,1,0,1.0,Amb,0.0158,Amb,-0.0004,0.2939,0.2781,t_recall,,,,
4ydqB_4twaA,ShallowMsa_000,MSAT,0.0073,0.0136,0.0073,0.0136,-0.0063,-0.0063,1,0,1,0.0,Amb,-0.0059,Amb,-0.0004,0.0073,0.0136,t_recall,,,,
4ydqB_4twaA,ShallowMsa_001,MSAT,0.0105,0.0107,0.0105,0.0107,-0.0002,-0.0002,1,0,1,0.0,Amb,0.0002,Amb,-0.0004,0.0105,0.0107,t_recall,,,,
4ydqB_4twaA,ShallowMsa_002,MSAT,0.013,0.017,0.013,0.017,-0.004,-0.004,1,0,1,0.0,Amb,-0.0036,Amb,-0.0004,0.013,0.017,t_recall,,,,
4ydqB_4twaA,ShallowMsa_003,MSAT,0.2605,0.2428,0.2605,0.2428,0.0177,0.0177,1,1,0,1.0,Amb,0.0181,Amb,-0.0004,0.2605,0.2428,t_recall,,,,
4ydqB_4twaA,ShallowMsa_004,MSAT,0.0218,0.0236,0.0218,0.0236,-0.0018,-0.0018,1,0,1,0.0,Amb,-0.0014,Amb,-0.0004,0.0218,0.0236,t_recall,,,,
4ydqB_4twaA,ShallowMsa_005,MSAT,0.0204,0.0196,0.0204,0.0196,0.0008,0.0008,1,1,0,1.0,Amb,0.0012,Amb,-0.0004,0.0204,0.0196,t_recall,,,,
4ydqB_4twaA,ShallowMsa_006,MSAT,0.0061,0.0074,0.0061,0.0074,-0.0013,-0.0013,1,0,1,0.0,Amb,-0.0009,Amb,-0.0004,0.0061,0.0074,t_recall,,,,
4ydqB_4twaA,ShallowMsa_007,MSAT,0.0068,0.007,0.0068,0.007,-0.0002,-0.0002,1,0,1,0.0,Amb,0.0002,Amb,-0.0004,0.0068,0.007,t_recall,,,,
4ydqB_4twaA,ShallowMsa_008,MSAT,0.0121,0.0149,0.0121,0.0149,-0.0028,-0.0028,1,0,1,0.0,Amb,-0.0024,Amb,-0.0004,0.0121,0.0149,t_recall,,,,
4ydqB_4twaA,ShallowMsa_009,MSAT,0.0104,0.0142,0.0104,0.0142,-0.0038,-0.0038,1,0,1,0.0,Amb,-0.0034,Amb,-0.0004,0.0104,0.0142,t_recall,,,,
4ydqB_4twaA,ShallowMsa_010,MSAT,0.006,0.0062,0.006,0.0062,-0.0002,-0.0002,1,0,1,0.0,Amb,0.0002,Amb,-0.0004,0.006,0.0062,t_recall,,,,
4ydqB_4twaA,ShallowMsa_011,MSAT,0.02,0.0204,0.02,0.0204,-0.0004,-0.0004,1,0,1,0.0,Amb,0.0,Amb,-0.0004,0.02,0.0204,t_recall,,,,
4ydqB_4twaA,ShallowMsa_012,MSAT,0.0109,0.0111,0.0109,0.0111,-0.0002,-0.0002,1,0,1,0.0,Amb,0.0002,Amb,-0.0004,0.0109,0.0111,t_recall,,,,
4ydqB_4twaA,ShallowMsa_013,MSAT,0.0036,0.0037,0.0036,0.0037,-0.0001,-0.0001,1,0,1,0.0,Amb,0.0003,Amb,-0.0004,0.0036,0.0037,t_recall,,,,
4ydqB_4twaA,ShallowMsa_014,MSAT,0.0172,0.0163,0.0172,0.0163,0.0009,0.0009,1,1,0,1.0,Amb,0.0013,Amb,-0.0004,0.0172,0.0163,t_recall,,,,
4ydqB_4twaA,ShallowMsa_015,MSAT,0.006,0.0098,0.006,0.0098,-0.0038,-0.0038,1,0,1,0.0,Amb,-0.0034,Amb,-0.0004,0.006,0.0098,t_recall,,,,
4ydqB_4twaA,ShallowMsa_016,MSAT,0.0156,0.0196,0.0156,0.0196,-0.004,-0.004,1,0,1,0.0,Amb,-0.0036,Amb,-0.0004,0.0156,0.0196,t_recall,,,,
4ydqB_4twaA,DeepMsa,CCMpred,0.1046,0.0995,0.1046,0.0995,0.0051,0.0051,1,1,0,1.0,Amb,0.0051,Amb,0.0,0.1046,0.0995,t_recall,,,,
4ydqB_4twaA,ShallowMsa_000,CCMpred,0.0408,0.0364,0.0408,0.0364,0.0044,0.0044,1,1,0,1.0,Amb,0.0044,Amb,0.0,0.0408,0.0364,t_recall,,,,
4ydqB_4twaA,ShallowMsa_001,CCMpred,0.0,0.0,0.0,0.0,0.0,0.0,1,0,0,0.0,Amb,0.0,Amb,0.0,0.0,0.0,t_recall,,,,
4ydqB_4twaA,ShallowMsa_002,CCMpred,0.0,0.0,0.0,0.0,0.0,0.0,1,0,0,0.0,Amb,0.0,Amb,0.0,0.0,0.0,t_recall,,,,
4ydqB_4twaA,ShallowMsa_003,CCMpred,0.001,0.0011,0.001,0.0011,-0.0001,-0.0001,1,0,1,0.0,Amb,-0.0001,Amb,0.0,0.001,0.0011,t_recall,,,,
4ydqB_4twaA,ShallowMsa_004,CCMpred,0.0,0.0,0.0,0.0,0.0,0.0,1,0,0,0.0,Amb,0.0,Amb,0.0,0.0,0.0,t_recall,,,,
4ydqB_4twaA,ShallowMsa_005,CCMpred,0.001,0.0011,0.001,0.0011,-0.0001,-0.0001,1,0,1,0.0,Amb,-0.0001,Amb,0.0,0.001,0.0011,t_recall,,,,
4ydqB_4twaA,ShallowMsa_006,CCMpred,0.0,0.0,0.0,0.0,0.0,0.0,1,0,0,0.0,Amb,0.0,Amb,0.0,0.0,0.0,t_recall,,,,
4ydqB_4twaA,ShallowMsa_007,CCMpred,0.0,0.0,0.0,0.0,0.0,0.0,1,0,0,0.0,Amb,0.0,Amb,0.0,0.0,0.0,t_recall,,,,
4ydqB_4twaA,ShallowMsa_008,CCMpred,0.0,0.0,0.0,0.0,0.0,0.0,1,0,0,0.0,Amb,0.0,Amb,0.0,0.0,0.0,t_recall,,,,
4ydqB_4twaA,ShallowMsa_009,CCMpred,0.0,0.0,0.0,0.0,0.0,0.0,1,0,0,0.0,Amb,0.0,Amb,0.0,0.0,0.0,t_recall,,,,
4ydqB_4twaA,ShallowMsa_010,CCMpred,0.0,0.0,0.0,0.0,0.0,0.0,1,0,0,0.0,Amb,0.0,Amb,0.0,0.0,0.0,t_recall,,,,
4ydqB_4twaA,ShallowMsa_011,CCMpred,0.0,0.0,0.0,0.0,0.0,0.0,1,0,0,0.0,Amb,0.0,Amb,0.0,0.0,0.0,t_recall,,,,
4ydqB_4twaA,ShallowMsa_012,CCMpred,0.0,0.0,0.0,0.0,0.0,0.0,1,0,0,0.0,Amb,0.0,Amb,0.0,0.0,0.0,t_recall,,,,
4ydqB_4twaA,ShallowMsa_013,CCMpred,0.0,0.0,0.0,0.0,0.0,0.0,1,0,0,0.0,Amb,0.0,Amb,0.0,0.0,0.0,t_recall,,,,
4ydqB_4twaA,ShallowMsa_014,CCMpred,0.0,0.0,0.0,0.0,0.0,0.0,1,0,0,0.0,Amb,0.0,Amb,0.0,0.0,0.0,t_recall,,,,
4ydqB_4twaA,ShallowMsa_015,CCMpred,0.0,0.0,0.0,0.0,0.0,0.0,1,0,0,0.0,Amb,0.0,Amb,0.0,0.0,0.0,t_recall,,,,
4ydqB_4twaA,ShallowMsa_016,CCMpred,0.0,0.0,0.0,0.0,0.0,0.0,1,0,0,0.0,Amb,0.0,Amb,0.0,0.0,0.0,t_recall,,,,
4ydqB_4twaA,ShallowMsa_000,DDG,-125.3173,-125.3404,-125.3173,-125.3404,0.0231,0.0231,10,5,5,0.5,Amb,1.3664,F1,-1.3433,,,ddg_kcal_per_mol(delta=1.0),0.0231,4.0046,125.3173,125.3404
4ydqB_4twaA,ShallowMsa_001,DDG,-126.608,-127.3936,-126.608,-127.3936,0.7856,0.7856,10,4,6,0.4,Amb,2.1289,F1,-1.3433,,,ddg_kcal_per_mol(delta=1.0),0.7856,6.5126,126.608,127.3936
4ydqB_4twaA,ShallowMsa_002,DDG,-138.3403,-141.3024,-138.3403,-141.3024,2.9621,2.9621,10,8,2,0.8,F1,4.3054,F1,-1.3433,,,ddg_kcal_per_mol(delta=1.0),2.9621,4.9166,138.3403,141.3024
4ydqB_4twaA,ShallowMsa_003,DDG,-126.186,-131.7386,-126.186,-131.7386,5.5526,5.5526,10,9,1,0.9,F1,6.8959,F1,-1.3433,,,ddg_kcal_per_mol(delta=1.0),5.5526,5.6338,126.186,131.7386
4ydqB_4twaA,ShallowMsa_004,DDG,-126.5593,-127.4161,-126.5593,-127.4161,0.8568,0.8568,10,6,4,0.6,Amb,2.2001,F1,-1.3433,,,ddg_kcal_per_mol(delta=1.0),0.8568,4.6955,126.5593,127.4161
4ydqB_4twaA,ShallowMsa_005,DDG,-130.8735,-129.4744,-130.8735,-129.4744,-1.3991,-1.3991,10,5,5,0.5,F2,-0.0558,Amb,-1.3433,,,ddg_kcal_per_mol(delta=1.0),-1.3991,6.3023,130.8735,129.4744
4ydqB_4twaA,ShallowMsa_006,DDG,-121.3012,-119.7732,-121.3012,-119.7732,-1.528,-1.528,10,5,5,0.5,F2,-0.1847,Amb,-1.3433,,,ddg_kcal_per_mol(delta=1.0),-1.528,3.7549,121.3012,119.7732
4ydqB_4twaA,ShallowMsa_007,DDG,-112.7224,-109.6091,-112.7224,-109.6091,-3.1133,-3.1133,10,2,8,0.2,F2,-1.77,F2,-1.3433,,,ddg_kcal_per_mol(delta=1.0),-3.1133,3.971,112.7224,109.6091
4ydqB_4twaA,ShallowMsa_008,DDG,-130.8219,-128.7897,-130.8219,-128.7897,-2.0322,-2.0322,10,6,4,0.6,F2,-0.6889,Amb,-1.3433,,,ddg_kcal_per_mol(delta=1.0),-2.0322,4.6774,130.8219,128.7897
4ydqB_4twaA,ShallowMsa_009,DDG,-138.6527,-139.1171,-138.6527,-139.1171,0.4645,0.4645,10,5,5,0.5,Amb,1.8078,F1,-1.3433,,,ddg_kcal_per_mol(delta=1.0),0.4645,5.2354,138.6527,139.1171
4ydqB_4twaA,ShallowMsa_010,DDG,-135.1676,-135.8876,-135.1676,-135.8876,0.72,0.72,10,5,5,0.5,Amb,2.0633,F1,-1.3433,,,ddg_kcal_per_mol(delta=1.0),0.72,3.7616,135.1676,135.8876
4ydqB_4twaA,ShallowMsa_011,DDG,-113.6817,-111.5631,-113.6817,-111.5631,-2.1186,-2.1186,10,3,7,0.3,F2,-0.7753,Amb,-1.3433,,,ddg_kcal_per_mol(delta=1.0),-2.1186,4.2255,113.6817,111.5631
4ydqB_4twaA,ShallowMsa_012,DDG,-125.4368,-124.0935,-125.4368,-124.0935,-1.3433,-1.3433,10,3,7,0.3,F2,0.0,Amb,-1.3433,,,ddg_kcal_per_mol(delta=1.0),-1.3433,2.3139,125.4368,124.0935
4ydqB_4twaA,ShallowMsa_013,DDG,-121.638,-118.431,-121.638,-118.431,-3.207,-3.207,10,1,9,0.1,F2,-1.8637,F2,-1.3433,,,ddg_kcal_per_mol(delta=1.0),-3.207,2.4495,121.638,118.431
4ydqB_4twaA,ShallowMsa_014,DDG,-124.6939,-123.5392,-124.6939,-123.5392,-1.1546,-1.1546,10,4,6,0.4,F2,0.1887,Amb,-1.3433,,,ddg_kcal_per_mol(delta=1.0),-1.1546,2.9861,124.6939,123.5392
4ydqB_4twaA,ShallowMsa_015,DDG,-121.875,-120.0734,-121.875,-120.0734,-1.8017,-1.8017,10,3,7,0.3,F2,-0.4584,Amb,-1.3433,,,ddg_kcal_per_mol(delta=1.0),-1.8017,3.6548,121.875,120.0734
4ydqB_4twaA,ShallowMsa_016,DDG,-106.2439,-104.4902,-106.2439,-104.4902,-1.7537,-1.7537,10,4,6,0.4,F2,-0.4104,Amb,-1.3433,,,ddg_kcal_per_mol(delta=1.0),-1.7537,5.0304,106.2439,104.4902
4ydqB_4twaA,ShallowMsa_000,Boltz2,0.362,0.3775,0.362,0.3775,-0.0155,-0.0155,1,0,1,0.0,Amb,-0.0157,Amb,0.0002,,,,,,,
4ydqB_4twaA,ShallowMsa_001,Boltz2,0.4293,0.4187,0.4293,0.4187,0.0105,0.0105,1,1,0,1.0,Amb,0.0103,Amb,0.0002,,,,,,,
4ydqB_4twaA,ShallowMsa_002,Boltz2,0.3201,0.3323,0.3201,0.3323,-0.0122,-0.0122,1,0,1,0.0,Amb,-0.0124,Amb,0.0002,,,,,,,
4ydqB_4twaA,ShallowMsa_003,Boltz2,0.3454,0.3452,0.3454,0.3452,0.0002,0.0002,1,1,0,1.0,Amb,0.0,Amb,0.0002,,,,,,,
4ydqB_4twaA,ShallowMsa_004,Boltz2,0.3977,0.4039,0.3977,0.4039,-0.0061,-0.0061,1,0,1,0.0,Amb,-0.0063,Amb,0.0002,,,,,,,
4ydqB_4twaA,ShallowMsa_005,Boltz2,0.3541,0.3683,0.3541,0.3683,-0.0143,-0.0143,1,0,1,0.0,Amb,-0.0145,Amb,0.0002,,,,,,,
4ydqB_4twaA,ShallowMsa_006,Boltz2,0.4537,0.4524,0.4537,0.4524,0.0012,0.0012,1,1,0,1.0,Amb,0.001,Amb,0.0002,,,,,,,
4ydqB_4twaA,ShallowMsa_007,Boltz2,0.3249,0.3242,0.3249,0.3242,0.0007,0.0007,1,1,0,1.0,Amb,0.0005,Amb,0.0002,,,,,,,
4ydqB_4twaA,ShallowMsa_008,Boltz2,0.4658,0.4685,0.4658,0.4685,-0.0027,-0.0027,1,0,1,0.0,Amb,-0.0029,Amb,0.0002,,,,,,,
4ydqB_4twaA,ShallowMsa_009,Boltz2,0.3473,0.3426,0.3473,0.3426,0.0048,0.0048,1,1,0,1.0,Amb,0.0046,Amb,0.0002,,,,,,,
4ydqB_4twaA,ShallowMsa_010,Boltz2,0.3235,0.3275,0.3235,0.3275,-0.004,-0.004,1,0,1,0.0,Amb,-0.0042,Amb,0.0002,,,,,,,
4ydqB_4twaA,ShallowMsa_011,Boltz2,0.2972,0.3022,0.2972,0.3022,-0.005,-0.005,1,0,1,0.0,Amb,-0.0052,Amb,0.0002,,,,,,,
4ydqB_4twaA,ShallowMsa_012,Boltz2,0.3176,0.3168,0.3176,0.3168,0.0007,0.0007,1,1,0,1.0,Amb,0.0005,Amb,0.0002,,,,,,,
4ydqB_4twaA,ShallowMsa_013,Boltz2,0.4194,0.3977,0.4194,0.3977,0.0218,0.0218,1,1,0,1.0,Amb,0.0216,Amb,0.0002,,,,,,,
4ydqB_4twaA,ShallowMsa_014,Boltz2,0.4871,0.4723,0.4871,0.4723,0.0147,0.0147,1,1,0,1.0,Amb,0.0145,Amb,0.0002,,,,,,,
4ydqB_4twaA,ShallowMsa_015,Boltz2,0.3905,0.3897,0.3905,0.3897,0.0008,0.0008,1,1,0,1.0,Amb,0.0006,Amb,0.0002,,,,,,,
4ydqB_4twaA,ShallowMsa_016,Boltz2,0.4178,0.4197,0.4178,0.4197,-0.0019,-0.0019,1,0,1,0.0,Amb,-0.0021,Amb,0.0002,,,,,,,
4yhdG_7ahlE,DeepMsa,AF2,0.964,0.7836,0.9484,0.7835,0.1804,0.1648,2,2,0,1.0,F1,0.1804,F1,0.1393,,,,,,,
4yhdG_7ahlE,ShallowMsa_000,AF2,0.9617,0.7828,0.9418,0.7806,0.1788,0.1612,2,2,0,1.0,F1,0.0395,Amb,0.1393,,,,,,,
4yhdG_7ahlE,ShallowMsa_001,AF2,0.6996,0.5998,0.6703,0.5679,0.0998,0.1024,2,2,0,1.0,F1,-0.0395,Amb,0.1393,,,,,,,
4yhdG_7ahlE,DeepMsa,AF3,0.9853,0.7911,0.9849,0.7893,0.1942,0.1956,2,2,0,1.0,F1,0.1942,F1,0.159,,,,,,,
4yhdG_7ahlE,ShallowMsa_000,AF3,0.9864,0.7897,0.985,0.7883,0.1967,0.1967,2,2,0,1.0,F1,0.0377,Amb,0.159,,,,,,,
4yhdG_7ahlE,ShallowMsa_001,AF3,0.7097,0.5883,0.7091,0.586,0.1214,0.123,2,2,0,1.0,F1,-0.0377,Amb,0.159,,,,,,,
4yhdG_7ahlE,ShallowMsa_000,ESM,0.8602,0.7071,0.573,0.494,0.1531,0.079,20,17,3,0.85,F1,0.004,Amb,0.1492,,,,,,,
4yhdG_7ahlE,ShallowMsa_001,ESM,0.8404,0.6952,0.6249,0.5528,0.1452,0.0721,20,19,1,0.95,F1,-0.004,Amb,0.1492,,,,,,,
4yhdG_7ahlE,DeepMsa,MSAT,0.1901,0.2278,0.1901,0.2278,-0.0377,-0.0377,1,0,1,0.0,Amb,-0.0377,Amb,-0.0193,0.1901,0.2278,t_recall,,,,
4yhdG_7ahlE,ShallowMsa_000,MSAT,0.1234,0.1498,0.1234,0.1498,-0.0264,-0.0264,1,0,1,0.0,Amb,-0.0071,Amb,-0.0193,0.1234,0.1498,t_recall,,,,
4yhdG_7ahlE,ShallowMsa_001,MSAT,0.0018,0.014,0.0018,0.014,-0.0122,-0.0122,1,0,1,0.0,Amb,0.0071,Amb,-0.0193,0.0018,0.014,t_recall,,,,
4yhdG_7ahlE,DeepMsa,CCMpred,0.0,0.0,0.0,0.0,0.0,0.0,1,0,0,0.0,Amb,0.0,Amb,0.0,0.0,0.0,t_recall,,,,
4yhdG_7ahlE,ShallowMsa_000,CCMpred,0.0,0.0,0.0,0.0,0.0,0.0,1,0,0,0.0,Amb,0.0,Amb,0.0,0.0,0.0,t_recall,,,,
4yhdG_7ahlE,ShallowMsa_001,CCMpred,0.0,0.0,0.0,0.0,0.0,0.0,1,0,0,0.0,Amb,0.0,Amb,0.0,0.0,0.0,t_recall,,,,
4yhdG_7ahlE,ShallowMsa_000,DDG,-76.2399,-71.1247,-76.2399,-71.1247,-5.1152,-5.1152,10,1,9,0.1,F2,1.7124,F1,-6.8276,,,ddg_kcal_per_mol(delta=1.0),-5.1152,4.3078,76.2399,71.1247
4yhdG_7ahlE,ShallowMsa_001,DDG,-109.8463,-101.3062,-109.8463,-101.3062,-8.54,-8.54,10,1,9,0.1,F2,-1.7124,F2,-6.8276,,,ddg_kcal_per_mol(delta=1.0),-8.54,5.8587,109.8463,101.3062
4yhdG_7ahlE,ShallowMsa_000,Boltz2,0.3955,0.3874,0.3955,0.3874,0.0082,0.0082,1,1,0,1.0,Amb,0.0082,Amb,0.0,,,,,,,
4zrbH_4zrbC,DeepMsa,AF2,0.91,0.9861,0.9091,0.9846,-0.0761,-0.0755,2,0,2,0.0,F2,-0.0761,F2,-0.0118,,,,,,,
4zrbH_4zrbC,ShallowMsa_000,AF2,0.9341,0.9539,0.9167,0.9302,-0.0198,-0.0135,2,1,1,0.5,Amb,-0.008,Amb,-0.0118,,,,,,,
4zrbH_4zrbC,ShallowMsa_001,AF2,0.8405,0.8555,0.8405,0.8555,-0.015,-0.015,2,0,2,0.0,Amb,-0.0032,Amb,-0.0118,,,,,,,
4zrbH_4zrbC,ShallowMsa_002,AF2,0.8989,0.8727,0.8989,0.8727,0.0262,0.0262,2,2,0,1.0,Amb,0.038,Amb,-0.0118,,,,,,,
4zrbH_4zrbC,ShallowMsa_003,AF2,0.8212,0.7907,0.8114,0.7885,0.0305,0.0228,2,2,0,1.0,Amb,0.0423,Amb,-0.0118,,,,,,,
4zrbH_4zrbC,ShallowMsa_004,AF2,0.5413,0.5473,0.5413,0.5473,-0.006,-0.006,2,0,2,0.0,Amb,0.0058,Amb,-0.0118,,,,,,,
4zrbH_4zrbC,ShallowMsa_005,AF2,0.8406,0.8607,0.8398,0.8587,-0.0202,-0.0189,2,0,2,0.0,Amb,-0.0084,Amb,-0.0118,,,,,,,
4zrbH_4zrbC,ShallowMsa_006,AF2,0.5709,0.5786,0.5452,0.5522,-0.0077,-0.007,2,0,2,0.0,Amb,0.0041,Amb,-0.0118,,,,,,,
4zrbH_4zrbC,ShallowMsa_007,AF2,0.8382,0.8557,0.8382,0.8557,-0.0175,-0.0175,2,0,2,0.0,Amb,-0.0057,Amb,-0.0118,,,,,,,
4zrbH_4zrbC,ShallowMsa_008,AF2,0.8054,0.8136,0.8054,0.8136,-0.0083,-0.0083,2,0,2,0.0,Amb,0.0035,Amb,-0.0118,,,,,,,
4zrbH_4zrbC,ShallowMsa_009,AF2,0.7742,0.7881,0.7169,0.7268,-0.0139,-0.0099,2,0,2,0.0,Amb,-0.0021,Amb,-0.0118,,,,,,,
4zrbH_4zrbC,ShallowMsa_010,AF2,0.7921,0.8071,0.7921,0.8071,-0.015,-0.015,2,0,2,0.0,Amb,-0.0032,Amb,-0.0118,,,,,,,
4zrbH_4zrbC,ShallowMsa_011,AF2,0.852,0.8655,0.8424,0.8555,-0.0135,-0.0131,2,1,1,0.5,Amb,-0.0017,Amb,-0.0118,,,,,,,
4zrbH_4zrbC,ShallowMsa_012,AF2,0.709,0.7194,0.709,0.7194,-0.0104,-0.0104,2,0,2,0.0,Amb,0.0014,Amb,-0.0118,,,,,,,
4zrbH_4zrbC,ShallowMsa_013,AF2,0.8967,0.9791,0.8965,0.9778,-0.0824,-0.0812,2,0,2,0.0,F2,-0.0706,F2,-0.0118,,,,,,,
4zrbH_4zrbC,ShallowMsa_014,AF2,0.79,0.7635,0.79,0.7635,0.0265,0.0265,2,2,0,1.0,Amb,0.0383,Amb,-0.0118,,,,,,,
4zrbH_4zrbC,ShallowMsa_015,AF2,0.7459,0.7601,0.7393,0.753,-0.0142,-0.0138,2,0,2,0.0,Amb,-0.0024,Amb,-0.0118,,,,,,,
4zrbH_4zrbC,ShallowMsa_016,AF2,0.7429,0.737,0.7144,0.7001,0.0059,0.0143,2,2,0,1.0,Amb,0.0177,Amb,-0.0118,,,,,,,
4zrbH_4zrbC,ShallowMsa_017,AF2,0.8125,0.8175,0.8086,0.8167,-0.005,-0.0081,2,0,2,0.0,Amb,0.0068,Amb,-0.0118,,,,,,,
4zrbH_4zrbC,ShallowMsa_018,AF2,0.8707,0.8501,0.8407,0.8382,0.0206,0.0025,2,1,1,0.5,Amb,0.0324,Amb,-0.0118,,,,,,,
4zrbH_4zrbC,ShallowMsa_019,AF2,0.8047,0.8165,0.8016,0.815,-0.0118,-0.0134,2,0,2,0.0,Amb,0.0,Amb,-0.0118,,,,,,,
4zrbH_4zrbC,ShallowMsa_020,AF2,0.916,0.9636,0.909,0.9447,-0.0476,-0.0357,2,0,2,0.0,Amb,-0.0358,Amb,-0.0118,,,,,,,
4zrbH_4zrbC,DeepMsa,AF3,0.9084,0.9877,0.9077,0.9842,-0.0793,-0.0765,2,0,2,0.0,F2,-0.0793,F2,-0.0057,,,,,,,
4zrbH_4zrbC,ShallowMsa_000,AF3,0.9264,0.9097,0.9264,0.9095,0.0167,0.0169,2,2,0,1.0,Amb,0.0224,Amb,-0.0057,,,,,,,
4zrbH_4zrbC,ShallowMsa_001,AF3,0.8401,0.8488,0.8387,0.8472,-0.0086,-0.0085,2,0,2,0.0,Amb,-0.0029,Amb,-0.0057,,,,,,,
4zrbH_4zrbC,ShallowMsa_002,AF3,0.8946,0.8724,0.8946,0.8724,0.0222,0.0222,2,2,0,1.0,Amb,0.0279,Amb,-0.0057,,,,,,,
4zrbH_4zrbC,ShallowMsa_003,AF3,0.8271,0.8098,0.8156,0.7899,0.0174,0.0257,2,2,0,1.0,Amb,0.0231,Amb,-0.0057,,,,,,,
4zrbH_4zrbC,ShallowMsa_004,AF3,0.6033,0.6077,0.6032,0.6077,-0.0044,-0.0045,2,0,2,0.0,Amb,0.0013,Amb,-0.0057,,,,,,,
4zrbH_4zrbC,ShallowMsa_005,AF3,0.8645,0.8701,0.854,0.858,-0.0057,-0.004,2,1,1,0.5,Amb,0.0,Amb,-0.0057,,,,,,,
4zrbH_4zrbC,ShallowMsa_006,AF3,0.5755,0.5855,0.5728,0.5816,-0.0099,-0.0088,2,0,2,0.0,Amb,-0.0042,Amb,-0.0057,,,,,,,
4zrbH_4zrbC,ShallowMsa_007,AF3,0.7933,0.8069,0.7933,0.8069,-0.0136,-0.0136,2,0,2,0.0,Amb,-0.0079,Amb,-0.0057,,,,,,,
4zrbH_4zrbC,ShallowMsa_008,AF3,0.7823,0.7879,0.7822,0.7879,-0.0057,-0.0057,2,0,2,0.0,Amb,0.0,Amb,-0.0057,,,,,,,
4zrbH_4zrbC,ShallowMsa_009,AF3,0.7808,0.7652,0.7667,0.7625,0.0156,0.0041,2,1,1,0.5,Amb,0.0213,Amb,-0.0057,,,,,,,
4zrbH_4zrbC,ShallowMsa_010,AF3,0.7792,0.7893,0.7792,0.7893,-0.0101,-0.0101,2,0,2,0.0,Amb,-0.0044,Amb,-0.0057,,,,,,,
4zrbH_4zrbC,ShallowMsa_011,AF3,0.8444,0.838,0.8424,0.8367,0.0063,0.0057,2,2,0,1.0,Amb,0.012,Amb,-0.0057,,,,,,,
4zrbH_4zrbC,ShallowMsa_012,AF3,0.7099,0.7196,0.7027,0.7119,-0.0097,-0.0092,2,0,2,0.0,Amb,-0.004,Amb,-0.0057,,,,,,,
4zrbH_4zrbC,ShallowMsa_013,AF3,0.9082,0.9861,0.9065,0.9812,-0.0779,-0.0747,2,0,2,0.0,F2,-0.0722,F2,-0.0057,,,,,,,
4zrbH_4zrbC,ShallowMsa_014,AF3,0.8023,0.8014,0.8023,0.8014,0.0009,0.0009,2,2,0,1.0,Amb,0.0066,Amb,-0.0057,,,,,,,
4zrbH_4zrbC,ShallowMsa_015,AF3,0.6204,0.6507,0.6198,0.6494,-0.0303,-0.0296,2,0,2,0.0,Amb,-0.0246,Amb,-0.0057,,,,,,,
4zrbH_4zrbC,ShallowMsa_016,AF3,0.754,0.7537,0.6923,0.6837,0.0003,0.0086,2,2,0,1.0,Amb,0.006,Amb,-0.0057,,,,,,,
4zrbH_4zrbC,ShallowMsa_017,AF3,0.6947,0.7272,0.6938,0.724,-0.0325,-0.0302,2,0,2,0.0,Amb,-0.0268,Amb,-0.0057,,,,,,,
4zrbH_4zrbC,ShallowMsa_018,AF3,0.8713,0.852,0.8355,0.8348,0.0193,0.0007,2,1,1,0.5,Amb,0.025,Amb,-0.0057,,,,,,,
4zrbH_4zrbC,ShallowMsa_019,AF3,0.8207,0.8064,0.8205,0.8057,0.0143,0.0148,2,2,0,1.0,Amb,0.02,Amb,-0.0057,,,,,,,
4zrbH_4zrbC,ShallowMsa_020,AF3,0.8966,0.9581,0.8956,0.9329,-0.0615,-0.0373,2,0,2,0.0,F2,-0.0558,F2,-0.0057,,,,,,,
4zrbH_4zrbC,ShallowMsa_000,ESM,0.8989,0.879,0.7228,0.7069,0.0199,0.016,20,16,4,0.8,Amb,0.0026,Amb,0.0173,,,,,,,
4zrbH_4zrbC,ShallowMsa_001,ESM,0.9255,0.8966,0.7832,0.7763,0.029,0.0069,20,12,8,0.6,Amb,0.0117,Amb,0.0173,,,,,,,
4zrbH_4zrbC,ShallowMsa_002,ESM,0.8993,0.882,0.786,0.7716,0.0173,0.0144,20,18,2,0.9,Amb,0.0,Amb,0.0173,,,,,,,
4zrbH_4zrbC,ShallowMsa_003,ESM,0.8976,0.8769,0.7012,0.6945,0.0207,0.0067,20,14,6,0.7,Amb,0.0034,Amb,0.0173,,,,,,,
4zrbH_4zrbC,ShallowMsa_004,ESM,0.887,0.872,0.7699,0.7766,0.015,-0.0067,20,4,16,0.2,Amb,-0.0023,Amb,0.0173,,,,,,,
4zrbH_4zrbC,ShallowMsa_005,ESM,0.8921,0.8765,0.7052,0.6918,0.0156,0.0135,20,16,4,0.8,Amb,-0.0017,Amb,0.0173,,,,,,,
4zrbH_4zrbC,ShallowMsa_006,ESM,0.8799,0.8722,0.6825,0.6746,0.0077,0.0079,20,12,8,0.6,Amb,-0.0096,Amb,0.0173,,,,,,,
4zrbH_4zrbC,ShallowMsa_007,ESM,0.8801,0.8664,0.761,0.7556,0.0137,0.0055,20,12,8,0.6,Amb,-0.0036,Amb,0.0173,,,,,,,
4zrbH_4zrbC,ShallowMsa_008,ESM,0.9014,0.9025,0.8107,0.8214,-0.0011,-0.0107,20,4,16,0.2,Amb,-0.0184,Amb,0.0173,,,,,,,
4zrbH_4zrbC,ShallowMsa_009,ESM,0.8665,0.8846,0.6446,0.6478,-0.0181,-0.0032,20,10,10,0.5,Amb,-0.0354,Amb,0.0173,,,,,,,
4zrbH_4zrbC,ShallowMsa_010,ESM,0.8194,0.8428,0.7419,0.7599,-0.0233,-0.018,20,0,20,0.0,Amb,-0.0406,Amb,0.0173,,,,,,,
4zrbH_4zrbC,ShallowMsa_011,ESM,0.8975,0.8754,0.7953,0.7931,0.022,0.0022,20,8,12,0.4,Amb,0.0047,Amb,0.0173,,,,,,,
4zrbH_4zrbC,ShallowMsa_012,ESM,0.8783,0.8797,0.7733,0.7801,-0.0014,-0.0068,20,6,14,0.3,Amb,-0.0187,Amb,0.0173,,,,,,,
4zrbH_4zrbC,ShallowMsa_013,ESM,0.9443,0.926,0.7403,0.739,0.0183,0.0013,20,10,10,0.5,Amb,0.001,Amb,0.0173,,,,,,,
4zrbH_4zrbC,ShallowMsa_014,ESM,0.9018,0.8742,0.7322,0.718,0.0275,0.0142,20,16,4,0.8,Amb,0.0102,Amb,0.0173,,,,,,,
4zrbH_4zrbC,ShallowMsa_015,ESM,0.8989,0.8718,0.7237,0.7099,0.0271,0.0138,20,16,4,0.8,Amb,0.0098,Amb,0.0173,,,,,,,
4zrbH_4zrbC,ShallowMsa_016,ESM,0.8898,0.8756,0.7507,0.7422,0.0142,0.0085,20,12,8,0.6,Amb,-0.0031,Amb,0.0173,,,,,,,
4zrbH_4zrbC,ShallowMsa_017,ESM,0.9118,0.892,0.8363,0.8189,0.0198,0.0174,20,18,2,0.9,Amb,0.0025,Amb,0.0173,,,,,,,
4zrbH_4zrbC,ShallowMsa_018,ESM,0.9017,0.8806,0.7208,0.7117,0.0211,0.009,20,14,6,0.7,Amb,0.0038,Amb,0.0173,,,,,,,
4zrbH_4zrbC,ShallowMsa_019,ESM,0.898,0.8747,0.8223,0.8164,0.0234,0.0059,20,14,6,0.7,Amb,0.0061,Amb,0.0173,,,,,,,
4zrbH_4zrbC,ShallowMsa_020,ESM,0.9003,0.8847,0.773,0.7692,0.0156,0.0039,20,12,8,0.6,Amb,-0.0017,Amb,0.0173,,,,,,,
4zrbH_4zrbC,DeepMsa,MSAT,0.4893,0.4485,0.4893,0.4485,0.0408,0.0408,1,1,0,1.0,Amb,0.0408,Amb,0.0027,0.4893,0.4485,t_recall,,,,
4zrbH_4zrbC,ShallowMsa_000,MSAT,0.1941,0.1871,0.1941,0.1871,0.007,0.007,1,1,0,1.0,Amb,0.0043,Amb,0.0027,0.1941,0.1871,t_recall,,,,
4zrbH_4zrbC,ShallowMsa_001,MSAT,0.2015,0.1939,0.2015,0.1939,0.0076,0.0076,1,1,0,1.0,Amb,0.0049,Amb,0.0027,0.2015,0.1939,t_recall,,,,
4zrbH_4zrbC,ShallowMsa_002,MSAT,0.1736,0.1713,0.1736,0.1713,0.0023,0.0023,1,1,0,1.0,Amb,-0.0004,Amb,0.0027,0.1736,0.1713,t_recall,,,,
4zrbH_4zrbC,ShallowMsa_003,MSAT,0.0075,0.014,0.0075,0.014,-0.0065,-0.0065,1,0,1,0.0,Amb,-0.0092,Amb,0.0027,0.0075,0.014,t_recall,,,,
4zrbH_4zrbC,ShallowMsa_004,MSAT,0.0679,0.0629,0.0679,0.0629,0.005,0.005,1,1,0,1.0,Amb,0.0023,Amb,0.0027,0.0679,0.0629,t_recall,,,,
4zrbH_4zrbC,ShallowMsa_005,MSAT,0.3551,0.33,0.3551,0.33,0.0251,0.0251,1,1,0,1.0,Amb,0.0224,Amb,0.0027,0.3551,0.33,t_recall,,,,
4zrbH_4zrbC,ShallowMsa_006,MSAT,0.0093,0.0171,0.0093,0.0171,-0.0078,-0.0078,1,0,1,0.0,Amb,-0.0105,Amb,0.0027,0.0093,0.0171,t_recall,,,,
4zrbH_4zrbC,ShallowMsa_007,MSAT,0.0074,0.0172,0.0074,0.0172,-0.0098,-0.0098,1,0,1,0.0,Amb,-0.0125,Amb,0.0027,0.0074,0.0172,t_recall,,,,
4zrbH_4zrbC,ShallowMsa_008,MSAT,0.04,0.0363,0.04,0.0363,0.0037,0.0037,1,1,0,1.0,Amb,0.001,Amb,0.0027,0.04,0.0363,t_recall,,,,
4zrbH_4zrbC,ShallowMsa_009,MSAT,0.0042,0.0078,0.0042,0.0078,-0.0036,-0.0036,1,0,1,0.0,Amb,-0.0063,Amb,0.0027,0.0042,0.0078,t_recall,,,,
4zrbH_4zrbC,ShallowMsa_010,MSAT,0.0552,0.0497,0.0552,0.0497,0.0055,0.0055,1,1,0,1.0,Amb,0.0028,Amb,0.0027,0.0552,0.0497,t_recall,,,,
4zrbH_4zrbC,ShallowMsa_011,MSAT,0.2,0.1818,0.2,0.1818,0.0182,0.0182,1,1,0,1.0,Amb,0.0155,Amb,0.0027,0.2,0.1818,t_recall,,,,
4zrbH_4zrbC,ShallowMsa_012,MSAT,0.0686,0.0622,0.0686,0.0622,0.0064,0.0064,1,1,0,1.0,Amb,0.0037,Amb,0.0027,0.0686,0.0622,t_recall,,,,
4zrbH_4zrbC,ShallowMsa_013,MSAT,0.2679,0.2458,0.2679,0.2458,0.0221,0.0221,1,1,0,1.0,Amb,0.0194,Amb,0.0027,0.2679,0.2458,t_recall,,,,
4zrbH_4zrbC,ShallowMsa_014,MSAT,0.0166,0.0153,0.0166,0.0153,0.0013,0.0013,1,1,0,1.0,Amb,-0.0014,Amb,0.0027,0.0166,0.0153,t_recall,,,,
4zrbH_4zrbC,ShallowMsa_015,MSAT,0.3577,0.322,0.3577,0.322,0.0357,0.0357,1,1,0,1.0,Amb,0.033,Amb,0.0027,0.3577,0.322,t_recall,,,,
4zrbH_4zrbC,ShallowMsa_016,MSAT,0.0195,0.0288,0.0195,0.0288,-0.0093,-0.0093,1,0,1,0.0,Amb,-0.012,Amb,0.0027,0.0195,0.0288,t_recall,,,,
4zrbH_4zrbC,ShallowMsa_017,MSAT,0.0113,0.0105,0.0113,0.0105,0.0008,0.0008,1,1,0,1.0,Amb,-0.0019,Amb,0.0027,0.0113,0.0105,t_recall,,,,
4zrbH_4zrbC,ShallowMsa_018,MSAT,0.0113,0.014,0.0113,0.014,-0.0027,-0.0027,1,0,1,0.0,Amb,-0.0054,Amb,0.0027,0.0113,0.014,t_recall,,,,
4zrbH_4zrbC,ShallowMsa_019,MSAT,0.004,0.0037,0.004,0.0037,0.0003,0.0003,1,1,0,1.0,Amb,-0.0024,Amb,0.0027,0.004,0.0037,t_recall,,,,
4zrbH_4zrbC,ShallowMsa_020,MSAT,0.1812,0.1785,0.1812,0.1785,0.0027,0.0027,1,1,0,1.0,Amb,0.0,Amb,0.0027,0.1812,0.1785,t_recall,,,,
4zrbH_4zrbC,DeepMsa,CCMpred,0.1321,0.1196,0.1321,0.1196,0.0125,0.0125,1,1,0,1.0,Amb,0.0125,Amb,0.0,0.1321,0.1196,t_recall,,,,
4zrbH_4zrbC,ShallowMsa_000,CCMpred,0.0,0.0,0.0,0.0,0.0,0.0,1,0,0,0.0,Amb,0.0,Amb,0.0,0.0,0.0,t_recall,,,,
4zrbH_4zrbC,ShallowMsa_001,CCMpred,0.0,0.0,0.0,0.0,0.0,0.0,1,0,0,0.0,Amb,0.0,Amb,0.0,0.0,0.0,t_recall,,,,
4zrbH_4zrbC,ShallowMsa_002,CCMpred,0.0,0.0,0.0,0.0,0.0,0.0,1,0,0,0.0,Amb,0.0,Amb,0.0,0.0,0.0,t_recall,,,,
4zrbH_4zrbC,ShallowMsa_003,CCMpred,0.0,0.0,0.0,0.0,0.0,0.0,1,0,0,0.0,Amb,0.0,Amb,0.0,0.0,0.0,t_recall,,,,
4zrbH_4zrbC,ShallowMsa_004,CCMpred,0.0,0.0,0.0,0.0,0.0,0.0,1,0,0,0.0,Amb,0.0,Amb,0.0,0.0,0.0,t_recall,,,,
4zrbH_4zrbC,ShallowMsa_005,CCMpred,0.0,0.0,0.0,0.0,0.0,0.0,1,0,0,0.0,Amb,0.0,Amb,0.0,0.0,0.0,t_recall,,,,
4zrbH_4zrbC,ShallowMsa_006,CCMpred,0.0,0.0,0.0,0.0,0.0,0.0,1,0,0,0.0,Amb,0.0,Amb,0.0,0.0,0.0,t_recall,,,,
4zrbH_4zrbC,ShallowMsa_007,CCMpred,0.0,0.0,0.0,0.0,0.0,0.0,1,0,0,0.0,Amb,0.0,Amb,0.0,0.0,0.0,t_recall,,,,
4zrbH_4zrbC,ShallowMsa_008,CCMpred,0.0,0.0,0.0,0.0,0.0,0.0,1,0,0,0.0,Amb,0.0,Amb,0.0,0.0,0.0,t_recall,,,,
4zrbH_4zrbC,ShallowMsa_009,CCMpred,0.0,0.0,0.0,0.0,0.0,0.0,1,0,0,0.0,Amb,0.0,Amb,0.0,0.0,0.0,t_recall,,,,
4zrbH_4zrbC,ShallowMsa_010,CCMpred,0.0,0.0,0.0,0.0,0.0,0.0,1,0,0,0.0,Amb,0.0,Amb,0.0,0.0,0.0,t_recall,,,,
4zrbH_4zrbC,ShallowMsa_011,CCMpred,0.0,0.0,0.0,0.0,0.0,0.0,1,0,0,0.0,Amb,0.0,Amb,0.0,0.0,0.0,t_recall,,,,
4zrbH_4zrbC,ShallowMsa_012,CCMpred,0.0,0.0,0.0,0.0,0.0,0.0,1,0,0,0.0,Amb,0.0,Amb,0.0,0.0,0.0,t_recall,,,,
4zrbH_4zrbC,ShallowMsa_013,CCMpred,0.0,0.0,0.0,0.0,0.0,0.0,1,0,0,0.0,Amb,0.0,Amb,0.0,0.0,0.0,t_recall,,,,
4zrbH_4zrbC,ShallowMsa_014,CCMpred,0.0,0.0,0.0,0.0,0.0,0.0,1,0,0,0.0,Amb,0.0,Amb,0.0,0.0,0.0,t_recall,,,,
4zrbH_4zrbC,ShallowMsa_015,CCMpred,0.0,0.0,0.0,0.0,0.0,0.0,1,0,0,0.0,Amb,0.0,Amb,0.0,0.0,0.0,t_recall,,,,
4zrbH_4zrbC,ShallowMsa_016,CCMpred,0.0,0.0,0.0,0.0,0.0,0.0,1,0,0,0.0,Amb,0.0,Amb,0.0,0.0,0.0,t_recall,,,,
4zrbH_4zrbC,ShallowMsa_017,CCMpred,0.0,0.0,0.0,0.0,0.0,0.0,1,0,0,0.0,Amb,0.0,Amb,0.0,0.0,0.0,t_recall,,,,
4zrbH_4zrbC,ShallowMsa_018,CCMpred,0.0,0.0,0.0,0.0,0.0,0.0,1,0,0,0.0,Amb,0.0,Amb,0.0,0.0,0.0,t_recall,,,,
4zrbH_4zrbC,ShallowMsa_019,CCMpred,0.0,0.0,0.0,0.0,0.0,0.0,1,0,0,0.0,Amb,0.0,Amb,0.0,0.0,0.0,t_recall,,,,
4zrbH_4zrbC,ShallowMsa_020,CCMpred,0.0,0.0,0.0,0.0,0.0,0.0,1,0,0,0.0,Amb,0.0,Amb,0.0,0.0,0.0,t_recall,,,,
4zrbH_4zrbC,ShallowMsa_000,DDG,-37.214,-39.8114,-37.214,-39.8114,2.5974,2.5974,10,9,1,0.9,F1,0.7042,Amb,1.8932,,,ddg_kcal_per_mol(delta=1.0),2.5974,1.5975,37.214,39.8114
4zrbH_4zrbC,ShallowMsa_001,DDG,-40.3877,-42.5895,-40.3877,-42.5895,2.2017,2.2017,10,10,0,1.0,F1,0.3085,Amb,1.8932,,,ddg_kcal_per_mol(delta=1.0),2.2017,1.445,40.3877,42.5895
4zrbH_4zrbC,ShallowMsa_002,DDG,-41.7249,-43.6651,-41.7249,-43.6651,1.9401,1.9401,10,8,2,0.8,F1,0.0469,Amb,1.8932,,,ddg_kcal_per_mol(delta=1.0),1.9401,1.6178,41.7249,43.6651
4zrbH_4zrbC,ShallowMsa_003,DDG,-37.0716,-37.9156,-37.0716,-37.9156,0.844,0.844,10,8,2,0.8,Amb,-1.0492,F2,1.8932,,,ddg_kcal_per_mol(delta=1.0),0.844,3.3317,37.0716,37.9156
4zrbH_4zrbC,ShallowMsa_004,DDG,-38.214,-41.4559,-38.214,-41.4559,3.2419,3.2419,10,9,1,0.9,F1,1.3487,F1,1.8932,,,ddg_kcal_per_mol(delta=1.0),3.2419,1.7092,38.214,41.4559
4zrbH_4zrbC,ShallowMsa_005,DDG,-34.8616,-36.3145,-34.8616,-36.3145,1.4529,1.4529,10,8,2,0.8,F1,-0.4403,Amb,1.8932,,,ddg_kcal_per_mol(delta=1.0),1.4529,2.5742,34.8616,36.3145
4zrbH_4zrbC,ShallowMsa_006,DDG,-39.0689,-38.7933,-39.0689,-38.7933,-0.2756,-0.2756,10,7,3,0.7,Amb,-2.1688,F2,1.8932,,,ddg_kcal_per_mol(delta=1.0),-0.2756,3.5291,39.0689,38.7933
4zrbH_4zrbC,ShallowMsa_007,DDG,-44.2744,-46.2303,-44.2744,-46.2303,1.9559,1.9559,10,8,2,0.8,F1,0.0627,Amb,1.8932,,,ddg_kcal_per_mol(delta=1.0),1.9559,3.0984,44.2744,46.2303
4zrbH_4zrbC,ShallowMsa_008,DDG,-37.9634,-41.0598,-37.9634,-41.0598,3.0965,3.0965,10,10,0,1.0,F1,1.2033,F1,1.8932,,,ddg_kcal_per_mol(delta=1.0),3.0965,1.3768,37.9634,41.0598
4zrbH_4zrbC,ShallowMsa_009,DDG,-34.8769,-36.7471,-34.8769,-36.7471,1.8702,1.8702,10,8,2,0.8,F1,-0.023,Amb,1.8932,,,ddg_kcal_per_mol(delta=1.0),1.8702,1.5734,34.8769,36.7471
4zrbH_4zrbC,ShallowMsa_010,DDG,-40.5558,-43.1464,-40.5558,-43.1464,2.5905,2.5905,10,9,1,0.9,F1,0.6973,Amb,1.8932,,,ddg_kcal_per_mol(delta=1.0),2.5905,1.8066,40.5558,43.1464
4zrbH_4zrbC,ShallowMsa_011,DDG,-37.2208,-38.3338,-37.2208,-38.3338,1.113,1.113,10,7,3,0.7,F1,-0.7802,Amb,1.8932,,,ddg_kcal_per_mol(delta=1.0),1.113,1.1653,37.2208,38.3338
4zrbH_4zrbC,ShallowMsa_012,DDG,-38.7437,-40.8181,-38.7437,-40.8181,2.0744,2.0744,10,10,0,1.0,F1,0.1812,Amb,1.8932,,,ddg_kcal_per_mol(delta=1.0),2.0744,0.926,38.7437,40.8181
4zrbH_4zrbC,ShallowMsa_013,DDG,-26.9336,-27.5804,-26.9336,-27.5804,0.6468,0.6468,10,6,4,0.6,Amb,-1.2464,F2,1.8932,,,ddg_kcal_per_mol(delta=1.0),0.6468,2.7429,26.9336,27.5804
4zrbH_4zrbC,ShallowMsa_014,DDG,-38.8872,-40.7804,-38.8872,-40.7804,1.8932,1.8932,10,8,2,0.8,F1,0.0,Amb,1.8932,,,ddg_kcal_per_mol(delta=1.0),1.8932,2.5169,38.8872,40.7804
4zrbH_4zrbC,ShallowMsa_015,DDG,-37.5981,-39.1296,-37.5981,-39.1296,1.5316,1.5316,10,10,0,1.0,F1,-0.3616,Amb,1.8932,,,ddg_kcal_per_mol(delta=1.0),1.5316,0.9853,37.5981,39.1296
4zrbH_4zrbC,ShallowMsa_016,DDG,-40.8683,-42.1082,-40.8683,-42.1082,1.2399,1.2399,10,8,2,0.8,F1,-0.6533,Amb,1.8932,,,ddg_kcal_per_mol(delta=1.0),1.2399,1.7027,40.8683,42.1082
4zrbH_4zrbC,ShallowMsa_017,DDG,-41.3066,-43.5542,-41.3066,-43.5542,2.2476,2.2476,10,9,1,0.9,F1,0.3544,Amb,1.8932,,,ddg_kcal_per_mol(delta=1.0),2.2476,1.2392,41.3066,43.5542
4zrbH_4zrbC,ShallowMsa_018,DDG,-33.7404,-36.1602,-33.7404,-36.1602,2.4198,2.4198,10,10,0,1.0,F1,0.5266,Amb,1.8932,,,ddg_kcal_per_mol(delta=1.0),2.4198,1.1673,33.7404,36.1602
4zrbH_4zrbC,ShallowMsa_019,DDG,-44.8539,-46.4536,-44.8539,-46.4536,1.5997,1.5997,10,8,2,0.8,F1,-0.2935,Amb,1.8932,,,ddg_kcal_per_mol(delta=1.0),1.5997,1.7724,44.8539,46.4536
4zrbH_4zrbC,ShallowMsa_020,DDG,-40.3386,-42.0105,-40.3386,-42.0105,1.6718,1.6718,10,7,3,0.7,F1,-0.2214,Amb,1.8932,,,ddg_kcal_per_mol(delta=1.0),1.6718,1.8351,40.3386,42.0105
4zrbH_4zrbC,ShallowMsa_000,Boltz2,0.8254,0.8254,0.8254,0.8254,0.0,0.0,1,0,0,0.0,Amb,0.0,Amb,0.0,,,,,,,
4zrbH_4zrbC,ShallowMsa_001,Boltz2,0.4061,0.4061,0.4061,0.4061,0.0,0.0,1,0,0,0.0,Amb,0.0,Amb,0.0,,,,,,,
4zrbH_4zrbC,ShallowMsa_002,Boltz2,0.6448,0.6448,0.6448,0.6448,0.0,0.0,1,0,0,0.0,Amb,0.0,Amb,0.0,,,,,,,
4zrbH_4zrbC,ShallowMsa_003,Boltz2,0.585,0.585,0.585,0.585,0.0,0.0,1,0,0,0.0,Amb,0.0,Amb,0.0,,,,,,,
4zrbH_4zrbC,ShallowMsa_004,Boltz2,0.4177,0.4177,0.4177,0.4177,0.0,0.0,1,0,0,0.0,Amb,0.0,Amb,0.0,,,,,,,
4zrbH_4zrbC,ShallowMsa_005,Boltz2,0.7594,0.7594,0.7594,0.7594,0.0,0.0,1,0,0,0.0,Amb,0.0,Amb,0.0,,,,,,,
4zrbH_4zrbC,ShallowMsa_006,Boltz2,0.6856,0.6856,0.6856,0.6856,0.0,0.0,1,0,0,0.0,Amb,0.0,Amb,0.0,,,,,,,
4zrbH_4zrbC,ShallowMsa_007,Boltz2,0.8299,0.8299,0.8299,0.8299,0.0,0.0,1,0,0,0.0,Amb,0.0,Amb,0.0,,,,,,,
4zrbH_4zrbC,ShallowMsa_008,Boltz2,0.5049,0.5049,0.5049,0.5049,0.0,0.0,1,0,0,0.0,Amb,0.0,Amb,0.0,,,,,,,
4zrbH_4zrbC,ShallowMsa_010,Boltz2,0.6522,0.6522,0.6522,0.6522,0.0,0.0,1,0,0,0.0,Amb,0.0,Amb,0.0,,,,,,,
4zrbH_4zrbC,ShallowMsa_012,Boltz2,0.518,0.518,0.518,0.518,0.0,0.0,1,0,0,0.0,Amb,0.0,Amb,0.0,,,,,,,
4zrbH_4zrbC,ShallowMsa_013,Boltz2,0.6266,0.6266,0.6266,0.6266,0.0,0.0,1,0,0,0.0,Amb,0.0,Amb,0.0,,,,,,,
4zrbH_4zrbC,ShallowMsa_014,Boltz2,0.7899,0.7899,0.7899,0.7899,0.0,0.0,1,0,0,0.0,Amb,0.0,Amb,0.0,,,,,,,
4zrbH_4zrbC,ShallowMsa_015,Boltz2,0.8398,0.8398,0.8398,0.8398,0.0,0.0,1,0,0,0.0,Amb,0.0,Amb,0.0,,,,,,,
4zrbH_4zrbC,ShallowMsa_016,Boltz2,0.8537,0.8537,0.8537,0.8537,0.0,0.0,1,0,0,0.0,Amb,0.0,Amb,0.0,,,,,,,
4zrbH_4zrbC,ShallowMsa_017,Boltz2,0.8146,0.8146,0.8146,0.8146,0.0,0.0,1,0,0,0.0,Amb,0.0,Amb,0.0,,,,,,,
4zrbH_4zrbC,ShallowMsa_019,Boltz2,0.82,0.82,0.82,0.82,0.0,0.0,1,0,0,0.0,Amb,0.0,Amb,0.0,,,,,,,
5bmyA_5b3zA,DeepMsa,AF2,0.942,0.8854,0.9404,0.8848,0.0566,0.0557,2,2,0,1.0,F1,0.0566,F1,0.0566,,,,,,,
5bmyA_5b3zA,ShallowMsa_000,AF2,0.942,0.8854,0.9404,0.8848,0.0566,0.0557,2,2,0,1.0,F1,0.0,Amb,0.0566,,,,,,,
5bmyA_5b3zA,ShallowMsa_001,AF2,0.942,0.8854,0.9404,0.8848,0.0566,0.0557,2,2,0,1.0,F1,0.0,Amb,0.0566,,,,,,,
5bmyA_5b3zA,ShallowMsa_002,AF2,0.942,0.8854,0.9404,0.8848,0.0566,0.0557,2,2,0,1.0,F1,0.0,Amb,0.0566,,,,,,,
5bmyA_5b3zA,ShallowMsa_003,AF2,0.942,0.8854,0.9404,0.8848,0.0566,0.0557,2,2,0,1.0,F1,0.0,Amb,0.0566,,,,,,,
5bmyA_5b3zA,ShallowMsa_004,AF2,0.942,0.8854,0.9404,0.8848,0.0566,0.0557,2,2,0,1.0,F1,0.0,Amb,0.0566,,,,,,,
5bmyA_5b3zA,ShallowMsa_005,AF2,0.9398,0.8868,0.9392,0.886,0.0531,0.0531,2,2,0,1.0,F1,-0.0035,Amb,0.0566,,,,,,,
5bmyA_5b3zA,ShallowMsa_006,AF2,0.942,0.8854,0.9404,0.8848,0.0566,0.0557,2,2,0,1.0,F1,0.0,Amb,0.0566,,,,,,,
5bmyA_5b3zA,ShallowMsa_007,AF2,0.942,0.8854,0.9404,0.8848,0.0566,0.0557,2,2,0,1.0,F1,0.0,Amb,0.0566,,,,,,,
5bmyA_5b3zA,ShallowMsa_008,AF2,0.942,0.8854,0.9404,0.8848,0.0566,0.0557,2,2,0,1.0,F1,0.0,Amb,0.0566,,,,,,,
5bmyA_5b3zA,ShallowMsa_009,AF2,0.942,0.8854,0.9404,0.8848,0.0566,0.0557,2,2,0,1.0,F1,0.0,Amb,0.0566,,,,,,,
5bmyA_5b3zA,ShallowMsa_010,AF2,0.942,0.8854,0.9404,0.8848,0.0566,0.0557,2,2,0,1.0,F1,0.0,Amb,0.0566,,,,,,,
5bmyA_5b3zA,ShallowMsa_011,AF2,0.942,0.8854,0.9404,0.8848,0.0566,0.0557,2,2,0,1.0,F1,0.0,Amb,0.0566,,,,,,,
5bmyA_5b3zA,ShallowMsa_012,AF2,0.942,0.8854,0.9404,0.8848,0.0566,0.0557,2,2,0,1.0,F1,0.0,Amb,0.0566,,,,,,,
5bmyA_5b3zA,ShallowMsa_013,AF2,0.942,0.8854,0.9404,0.8848,0.0566,0.0557,2,2,0,1.0,F1,0.0,Amb,0.0566,,,,,,,
5bmyA_5b3zA,ShallowMsa_014,AF2,0.942,0.8854,0.9404,0.8848,0.0566,0.0557,2,2,0,1.0,F1,0.0,Amb,0.0566,,,,,,,
5bmyA_5b3zA,ShallowMsa_015,AF2,0.942,0.8854,0.9404,0.8848,0.0566,0.0557,2,2,0,1.0,F1,0.0,Amb,0.0566,,,,,,,
5bmyA_5b3zA,DeepMsa,AF3,0.9361,0.8865,0.8708,0.831,0.0496,0.0399,2,2,0,1.0,Amb,0.0496,Amb,0.0496,,,,,,,
5bmyA_5b3zA,ShallowMsa_000,AF3,0.9361,0.8865,0.8708,0.831,0.0496,0.0399,2,2,0,1.0,Amb,0.0,Amb,0.0496,,,,,,,
5bmyA_5b3zA,ShallowMsa_001,AF3,0.9361,0.8865,0.8708,0.831,0.0496,0.0399,2,2,0,1.0,Amb,0.0,Amb,0.0496,,,,,,,
5bmyA_5b3zA,ShallowMsa_002,AF3,0.9361,0.8865,0.8708,0.831,0.0496,0.0399,2,2,0,1.0,Amb,0.0,Amb,0.0496,,,,,,,
5bmyA_5b3zA,ShallowMsa_003,AF3,0.9361,0.8865,0.8708,0.831,0.0496,0.0399,2,2,0,1.0,Amb,0.0,Amb,0.0496,,,,,,,
5bmyA_5b3zA,ShallowMsa_004,AF3,0.9361,0.8865,0.8708,0.831,0.0496,0.0399,2,2,0,1.0,Amb,0.0,Amb,0.0496,,,,,,,
5bmyA_5b3zA,ShallowMsa_005,AF3,0.8116,0.7845,0.8059,0.7783,0.0271,0.0276,2,2,0,1.0,Amb,-0.0225,Amb,0.0496,,,,,,,
5bmyA_5b3zA,ShallowMsa_006,AF3,0.9359,0.8865,0.8708,0.8309,0.0495,0.0398,2,2,0,1.0,Amb,-0.0001,Amb,0.0496,,,,,,,
5bmyA_5b3zA,ShallowMsa_007,AF3,0.9364,0.8867,0.8708,0.8309,0.0497,0.0399,2,2,0,1.0,Amb,0.0001,Amb,0.0496,,,,,,,
5bmyA_5b3zA,ShallowMsa_008,AF3,0.9361,0.8865,0.8708,0.831,0.0496,0.0399,2,2,0,1.0,Amb,0.0,Amb,0.0496,,,,,,,
5bmyA_5b3zA,ShallowMsa_009,AF3,0.9361,0.8865,0.8708,0.831,0.0496,0.0399,2,2,0,1.0,Amb,0.0,Amb,0.0496,,,,,,,
5bmyA_5b3zA,ShallowMsa_010,AF3,0.9361,0.8865,0.8708,0.831,0.0496,0.0399,2,2,0,1.0,Amb,0.0,Amb,0.0496,,,,,,,
5bmyA_5b3zA,ShallowMsa_011,AF3,0.9361,0.8865,0.8708,0.831,0.0496,0.0399,2,2,0,1.0,Amb,0.0,Amb,0.0496,,,,,,,
5bmyA_5b3zA,ShallowMsa_012,AF3,0.9361,0.8865,0.8708,0.831,0.0496,0.0399,2,2,0,1.0,Amb,0.0,Amb,0.0496,,,,,,,
5bmyA_5b3zA,ShallowMsa_013,AF3,0.9361,0.8865,0.8708,0.831,0.0496,0.0399,2,2,0,1.0,Amb,0.0,Amb,0.0496,,,,,,,
5bmyA_5b3zA,ShallowMsa_014,AF3,0.9361,0.8865,0.8708,0.831,0.0496,0.0399,2,2,0,1.0,Amb,0.0,Amb,0.0496,,,,,,,
5bmyA_5b3zA,ShallowMsa_015,AF3,0.9361,0.8865,0.8708,0.831,0.0496,0.0399,2,2,0,1.0,Amb,0.0,Amb,0.0496,,,,,,,
5bmyA_5b3zA,ShallowMsa_000,ESM,0.8565,0.8231,0.6549,0.6305,0.0334,0.0244,20,20,0,1.0,Amb,-0.0105,Amb,0.0439,,,,,,,
5bmyA_5b3zA,ShallowMsa_001,ESM,0.872,0.8311,0.6358,0.6088,0.041,0.0269,20,20,0,1.0,Amb,-0.0029,Amb,0.0439,,,,,,,
5bmyA_5b3zA,ShallowMsa_002,ESM,0.9175,0.8619,0.6356,0.6051,0.0555,0.0305,20,20,0,1.0,Amb,0.0116,Amb,0.0439,,,,,,,
5bmyA_5b3zA,ShallowMsa_003,ESM,0.8632,0.8223,0.6623,0.6332,0.0409,0.0291,20,20,0,1.0,Amb,-0.003,Amb,0.0439,,,,,,,
5bmyA_5b3zA,ShallowMsa_004,ESM,0.8515,0.8182,0.5873,0.566,0.0334,0.0213,20,20,0,1.0,Amb,-0.0105,Amb,0.0439,,,,,,,
5bmyA_5b3zA,ShallowMsa_005,ESM,0.9425,0.8895,0.6086,0.5807,0.053,0.0279,20,18,2,0.9,Amb,0.0091,Amb,0.0439,,,,,,,
5bmyA_5b3zA,ShallowMsa_006,ESM,0.8652,0.8169,0.6029,0.577,0.0483,0.026,20,20,0,1.0,Amb,0.0044,Amb,0.0439,,,,,,,
5bmyA_5b3zA,ShallowMsa_007,ESM,0.8376,0.8046,0.6371,0.6099,0.033,0.0272,20,20,0,1.0,Amb,-0.0109,Amb,0.0439,,,,,,,
5bmyA_5b3zA,ShallowMsa_008,ESM,0.8659,0.8274,0.695,0.6656,0.0385,0.0295,20,20,0,1.0,Amb,-0.0054,Amb,0.0439,,,,,,,
5bmyA_5b3zA,ShallowMsa_009,ESM,0.8759,0.8367,0.6208,0.5957,0.0392,0.0252,20,20,0,1.0,Amb,-0.0047,Amb,0.0439,,,,,,,
5bmyA_5b3zA,ShallowMsa_010,ESM,0.9399,0.8838,0.6415,0.6156,0.0561,0.0259,20,20,0,1.0,Amb,0.0122,Amb,0.0439,,,,,,,
5bmyA_5b3zA,ShallowMsa_011,ESM,0.9131,0.8589,0.6475,0.6183,0.0542,0.0291,20,20,0,1.0,Amb,0.0103,Amb,0.0439,,,,,,,
5bmyA_5b3zA,ShallowMsa_012,ESM,0.8542,0.818,0.5819,0.5628,0.0362,0.0191,20,20,0,1.0,Amb,-0.0077,Amb,0.0439,,,,,,,
5bmyA_5b3zA,ShallowMsa_013,ESM,0.8829,0.8314,0.6361,0.61,0.0515,0.0261,20,20,0,1.0,Amb,0.0076,Amb,0.0439,,,,,,,
5bmyA_5b3zA,ShallowMsa_014,ESM,0.8739,0.827,0.724,0.6937,0.0468,0.0303,20,20,0,1.0,Amb,0.0029,Amb,0.0439,,,,,,,
5bmyA_5b3zA,ShallowMsa_015,ESM,0.9292,0.8734,0.6126,0.5875,0.0557,0.0251,20,20,0,1.0,Amb,0.0118,Amb,0.0439,,,,,,,
5bmyA_5b3zA,DeepMsa,MSAT,0.1281,0.1461,0.1281,0.1461,-0.018,-0.018,1,0,1,0.0,Amb,-0.018,Amb,-0.001,0.1281,0.1461,t_recall,,,,
5bmyA_5b3zA,ShallowMsa_000,MSAT,0.0143,0.0136,0.0143,0.0136,0.0007,0.0007,1,1,0,1.0,Amb,0.0017,Amb,-0.001,0.0143,0.0136,t_recall,,,,
5bmyA_5b3zA,ShallowMsa_001,MSAT,0.0042,0.0053,0.0042,0.0053,-0.0011,-0.0011,1,0,1,0.0,Amb,-0.0001,Amb,-0.001,0.0042,0.0053,t_recall,,,,
5bmyA_5b3zA,ShallowMsa_002,MSAT,0.0123,0.0129,0.0123,0.0129,-0.0006,-0.0006,1,0,1,0.0,Amb,0.0004,Amb,-0.001,0.0123,0.0129,t_recall,,,,
5bmyA_5b3zA,ShallowMsa_003,MSAT,0.0101,0.0081,0.0101,0.0081,0.002,0.002,1,1,0,1.0,Amb,0.003,Amb,-0.001,0.0101,0.0081,t_recall,,,,
5bmyA_5b3zA,ShallowMsa_004,MSAT,0.0074,0.0069,0.0074,0.0069,0.0005,0.0005,1,1,0,1.0,Amb,0.0015,Amb,-0.001,0.0074,0.0069,t_recall,,,,
5bmyA_5b3zA,ShallowMsa_005,MSAT,0.0392,0.0325,0.0392,0.0325,0.0067,0.0067,1,1,0,1.0,Amb,0.0077,Amb,-0.001,0.0392,0.0325,t_recall,,,,
5bmyA_5b3zA,ShallowMsa_006,MSAT,0.0115,0.0123,0.0115,0.0123,-0.0008,-0.0008,1,0,1,0.0,Amb,0.0002,Amb,-0.001,0.0115,0.0123,t_recall,,,,
5bmyA_5b3zA,ShallowMsa_007,MSAT,0.0118,0.0322,0.0118,0.0322,-0.0204,-0.0204,1,0,1,0.0,Amb,-0.0194,Amb,-0.001,0.0118,0.0322,t_recall,,,,
5bmyA_5b3zA,ShallowMsa_008,MSAT,0.0082,0.0168,0.0082,0.0168,-0.0086,-0.0086,1,0,1,0.0,Amb,-0.0076,Amb,-0.001,0.0082,0.0168,t_recall,,,,
5bmyA_5b3zA,ShallowMsa_009,MSAT,0.0043,0.0067,0.0043,0.0067,-0.0024,-0.0024,1,0,1,0.0,Amb,-0.0014,Amb,-0.001,0.0043,0.0067,t_recall,,,,
5bmyA_5b3zA,ShallowMsa_010,MSAT,0.006,0.0126,0.006,0.0126,-0.0066,-0.0066,1,0,1,0.0,Amb,-0.0056,Amb,-0.001,0.006,0.0126,t_recall,,,,
5bmyA_5b3zA,ShallowMsa_011,MSAT,0.0077,0.0086,0.0077,0.0086,-0.0009,-0.0009,1,0,1,0.0,Amb,0.0001,Amb,-0.001,0.0077,0.0086,t_recall,,,,
5bmyA_5b3zA,ShallowMsa_012,MSAT,0.008,0.0119,0.008,0.0119,-0.0039,-0.0039,1,0,1,0.0,Amb,-0.0029,Amb,-0.001,0.008,0.0119,t_recall,,,,
5bmyA_5b3zA,ShallowMsa_013,MSAT,0.0061,0.0085,0.0061,0.0085,-0.0024,-0.0024,1,0,1,0.0,Amb,-0.0014,Amb,-0.001,0.0061,0.0085,t_recall,,,,
5bmyA_5b3zA,ShallowMsa_014,MSAT,0.0031,0.0058,0.0031,0.0058,-0.0027,-0.0027,1,0,1,0.0,Amb,-0.0017,Amb,-0.001,0.0031,0.0058,t_recall,,,,
5bmyA_5b3zA,ShallowMsa_015,MSAT,0.0074,0.0069,0.0074,0.0069,0.0005,0.0005,1,1,0,1.0,Amb,0.0015,Amb,-0.001,0.0074,0.0069,t_recall,,,,
5bmyA_5b3zA,DeepMsa,CCMpred,0.013,0.0125,0.013,0.0125,0.0005,0.0005,1,1,0,1.0,Amb,0.0005,Amb,0.0,0.013,0.0125,t_recall,,,,
5bmyA_5b3zA,ShallowMsa_000,CCMpred,0.0,0.0,0.0,0.0,0.0,0.0,1,0,0,0.0,Amb,0.0,Amb,0.0,0.0,0.0,t_recall,,,,
5bmyA_5b3zA,ShallowMsa_001,CCMpred,0.0,0.0,0.0,0.0,0.0,0.0,1,0,0,0.0,Amb,0.0,Amb,0.0,0.0,0.0,t_recall,,,,
5bmyA_5b3zA,ShallowMsa_002,CCMpred,0.0,0.0,0.0,0.0,0.0,0.0,1,0,0,0.0,Amb,0.0,Amb,0.0,0.0,0.0,t_recall,,,,
5bmyA_5b3zA,ShallowMsa_003,CCMpred,0.0,0.0,0.0,0.0,0.0,0.0,1,0,0,0.0,Amb,0.0,Amb,0.0,0.0,0.0,t_recall,,,,
5bmyA_5b3zA,ShallowMsa_004,CCMpred,0.0,0.0,0.0,0.0,0.0,0.0,1,0,0,0.0,Amb,0.0,Amb,0.0,0.0,0.0,t_recall,,,,
5bmyA_5b3zA,ShallowMsa_005,CCMpred,0.0,0.0,0.0,0.0,0.0,0.0,1,0,0,0.0,Amb,0.0,Amb,0.0,0.0,0.0,t_recall,,,,
5bmyA_5b3zA,ShallowMsa_006,CCMpred,0.0,0.0,0.0,0.0,0.0,0.0,1,0,0,0.0,Amb,0.0,Amb,0.0,0.0,0.0,t_recall,,,,
5bmyA_5b3zA,ShallowMsa_007,CCMpred,0.0,0.0,0.0,0.0,0.0,0.0,1,0,0,0.0,Amb,0.0,Amb,0.0,0.0,0.0,t_recall,,,,
5bmyA_5b3zA,ShallowMsa_008,CCMpred,0.0,0.0,0.0,0.0,0.0,0.0,1,0,0,0.0,Amb,0.0,Amb,0.0,0.0,0.0,t_recall,,,,
5bmyA_5b3zA,ShallowMsa_009,CCMpred,0.0,0.0,0.0,0.0,0.0,0.0,1,0,0,0.0,Amb,0.0,Amb,0.0,0.0,0.0,t_recall,,,,
5bmyA_5b3zA,ShallowMsa_010,CCMpred,0.0,0.0,0.0,0.0,0.0,0.0,1,0,0,0.0,Amb,0.0,Amb,0.0,0.0,0.0,t_recall,,,,
5bmyA_5b3zA,ShallowMsa_011,CCMpred,0.0,0.0,0.0,0.0,0.0,0.0,1,0,0,0.0,Amb,0.0,Amb,0.0,0.0,0.0,t_recall,,,,
5bmyA_5b3zA,ShallowMsa_012,CCMpred,0.0,0.0,0.0,0.0,0.0,0.0,1,0,0,0.0,Amb,0.0,Amb,0.0,0.0,0.0,t_recall,,,,
5bmyA_5b3zA,ShallowMsa_013,CCMpred,0.0,0.0,0.0,0.0,0.0,0.0,1,0,0,0.0,Amb,0.0,Amb,0.0,0.0,0.0,t_recall,,,,
5bmyA_5b3zA,ShallowMsa_014,CCMpred,0.0,0.0,0.0,0.0,0.0,0.0,1,0,0,0.0,Amb,0.0,Amb,0.0,0.0,0.0,t_recall,,,,
5bmyA_5b3zA,ShallowMsa_015,CCMpred,0.0,0.0,0.0,0.0,0.0,0.0,1,0,0,0.0,Amb,0.0,Amb,0.0,0.0,0.0,t_recall,,,,
5bmyA_5b3zA,ShallowMsa_000,DDG,-246.7744,-250.0617,-246.7744,-250.0617,3.2874,3.2874,10,4,6,0.4,F1,3.5474,F1,-0.2601,,,ddg_kcal_per_mol(delta=1.0),3.2874,14.2632,246.7744,250.0617
5bmyA_5b3zA,ShallowMsa_001,DDG,-236.8897,-235.6053,-236.8897,-235.6053,-1.2844,-1.2844,10,3,7,0.3,F2,-1.0244,F2,-0.2601,,,ddg_kcal_per_mol(delta=1.0),-1.2844,7.3801,236.8897,235.6053
5bmyA_5b3zA,ShallowMsa_002,DDG,-158.2683,-159.872,-158.2683,-159.872,1.6037,1.6037,10,4,6,0.4,F1,1.8638,F1,-0.2601,,,ddg_kcal_per_mol(delta=1.0),1.6037,10.4568,158.2683,159.872
5bmyA_5b3zA,ShallowMsa_003,DDG,-252.6607,-249.8331,-252.6607,-249.8331,-2.8276,-2.8276,10,2,8,0.2,F2,-2.5675,F2,-0.2601,,,ddg_kcal_per_mol(delta=1.0),-2.8276,3.3395,252.6607,249.8331
5bmyA_5b3zA,ShallowMsa_004,DDG,-224.8975,-225.3331,-224.8975,-225.3331,0.4356,0.4356,10,4,6,0.4,Amb,0.6956,Amb,-0.2601,,,ddg_kcal_per_mol(delta=1.0),0.4356,8.382,224.8975,225.3331
5bmyA_5b3zA,ShallowMsa_005,DDG,-119.0219,-121.2988,-119.0219,-121.2988,2.2769,2.2769,10,7,3,0.7,F1,2.537,F1,-0.2601,,,ddg_kcal_per_mol(delta=1.0),2.2769,3.9967,119.0219,121.2988
5bmyA_5b3zA,ShallowMsa_006,DDG,-227.6769,-228.8203,-227.6769,-228.8203,1.1434,1.1434,10,6,4,0.6,F1,1.4034,F1,-0.2601,,,ddg_kcal_per_mol(delta=1.0),1.1434,5.989,227.6769,228.8203
5bmyA_5b3zA,ShallowMsa_007,DDG,-216.6859,-213.5921,-216.6859,-213.5921,-3.0938,-3.0938,10,2,8,0.2,F2,-2.8337,F2,-0.2601,,,ddg_kcal_per_mol(delta=1.0),-3.0938,10.4761,216.6859,213.5921
5bmyA_5b3zA,ShallowMsa_008,DDG,-257.694,-256.0949,-257.694,-256.0949,-1.5991,-1.5991,10,4,6,0.4,F2,-1.339,F2,-0.2601,,,ddg_kcal_per_mol(delta=1.0),-1.5991,6.5357,257.694,256.0949
5bmyA_5b3zA,ShallowMsa_009,DDG,-236.6406,-230.0181,-236.6406,-230.0181,-6.6225,-6.6225,10,1,9,0.1,F2,-6.3624,F2,-0.2601,,,ddg_kcal_per_mol(delta=1.0),-6.6225,5.5402,236.6406,230.0181
5bmyA_5b3zA,ShallowMsa_010,DDG,-193.4966,-194.4853,-193.4966,-194.4853,0.9887,0.9887,10,5,5,0.5,Amb,1.2488,F1,-0.2601,,,ddg_kcal_per_mol(delta=1.0),0.9887,8.1441,193.4966,194.4853
5bmyA_5b3zA,ShallowMsa_011,DDG,-188.3284,-189.5874,-188.3284,-189.5874,1.259,1.259,10,5,5,0.5,F1,1.5191,F1,-0.2601,,,ddg_kcal_per_mol(delta=1.0),1.259,7.719,188.3284,189.5874
5bmyA_5b3zA,ShallowMsa_012,DDG,-220.3705,-221.4943,-220.3705,-221.4943,1.1238,1.1238,10,5,5,0.5,F1,1.3838,F1,-0.2601,,,ddg_kcal_per_mol(delta=1.0),1.1238,5.9823,220.3705,221.4943
5bmyA_5b3zA,ShallowMsa_013,DDG,-227.8204,-224.2741,-227.8204,-224.2741,-3.5462,-3.5462,10,2,8,0.2,F2,-3.2861,F2,-0.2601,,,ddg_kcal_per_mol(delta=1.0),-3.5462,4.6942,227.8204,224.2741
5bmyA_5b3zA,ShallowMsa_014,DDG,-257.2527,-251.6774,-257.2527,-251.6774,-5.5753,-5.5753,10,1,9,0.1,F2,-5.3153,F2,-0.2601,,,ddg_kcal_per_mol(delta=1.0),-5.5753,4.8003,257.2527,251.6774
5bmyA_5b3zA,ShallowMsa_015,DDG,-156.75,-155.7943,-156.75,-155.7943,-0.9557,-0.9557,10,4,6,0.4,Amb,-0.6956,Amb,-0.2601,,,ddg_kcal_per_mol(delta=1.0),-0.9557,7.0487,156.75,155.7943
5bmyA_5b3zA,ShallowMsa_000,Boltz2,0.5968,0.6032,0.5968,0.6032,-0.0064,-0.0064,1,0,1,0.0,Amb,-0.0172,Amb,0.0108,,,,,,,
5bmyA_5b3zA,ShallowMsa_001,Boltz2,0.5658,0.5573,0.5658,0.5573,0.0085,0.0085,1,1,0,1.0,Amb,-0.0023,Amb,0.0108,,,,,,,
5bmyA_5b3zA,ShallowMsa_002,Boltz2,0.9031,0.8901,0.9031,0.8901,0.013,0.013,1,1,0,1.0,Amb,0.0022,Amb,0.0108,,,,,,,
5bmyA_5b3zA,ShallowMsa_004,Boltz2,0.4987,0.4833,0.4987,0.4833,0.0154,0.0154,1,1,0,1.0,Amb,0.0046,Amb,0.0108,,,,,,,
5bmyA_5b3zA,ShallowMsa_005,Boltz2,0.899,0.8794,0.899,0.8794,0.0196,0.0196,1,1,0,1.0,Amb,0.0088,Amb,0.0108,,,,,,,
5bmyA_5b3zA,ShallowMsa_007,Boltz2,0.7829,0.7739,0.7829,0.7739,0.009,0.009,1,1,0,1.0,Amb,-0.0018,Amb,0.0108,,,,,,,
5bmyA_5b3zA,ShallowMsa_010,Boltz2,0.8101,0.8074,0.8101,0.8074,0.0027,0.0027,1,1,0,1.0,Amb,-0.0081,Amb,0.0108,,,,,,,
5bmyA_5b3zA,ShallowMsa_011,Boltz2,0.7178,0.7052,0.7178,0.7052,0.0126,0.0126,1,1,0,1.0,Amb,0.0018,Amb,0.0108,,,,,,,
5bmyA_5b3zA,ShallowMsa_013,Boltz2,0.7668,0.7795,0.7668,0.7795,-0.0127,-0.0127,1,0,1,0.0,Amb,-0.0235,Amb,0.0108,,,,,,,
5bmyA_5b3zA,ShallowMsa_015,Boltz2,0.8853,0.871,0.8853,0.871,0.0143,0.0143,1,1,0,1.0,Amb,0.0035,Amb,0.0108,,,,,,,
5c1vB_5c1vA,DeepMsa,AF2,0.9398,0.9946,0.9312,0.9774,-0.0548,-0.0462,2,0,2,0.0,F2,-0.0548,F2,-0.0348,,,,,,,
5c1vB_5c1vA,ShallowMsa_000,AF2,0.9212,0.9594,0.9209,0.9594,-0.0383,-0.0385,2,0,2,0.0,Amb,-0.0035,Amb,-0.0348,,,,,,,
5c1vB_5c1vA,ShallowMsa_001,AF2,0.8924,0.9284,0.8866,0.9237,-0.0361,-0.0371,2,0,2,0.0,Amb,-0.0013,Amb,-0.0348,,,,,,,
5c1vB_5c1vA,ShallowMsa_002,AF2,0.8082,0.8396,0.8073,0.8351,-0.0314,-0.0278,2,0,2,0.0,Amb,0.0034,Amb,-0.0348,,,,,,,
5c1vB_5c1vA,ShallowMsa_003,AF2,0.7821,0.8082,0.7805,0.8056,-0.0261,-0.0251,2,0,2,0.0,Amb,0.0087,Amb,-0.0348,,,,,,,
5c1vB_5c1vA,ShallowMsa_004,AF2,0.8678,0.9031,0.8664,0.8967,-0.0353,-0.0304,2,0,2,0.0,Amb,-0.0005,Amb,-0.0348,,,,,,,
5c1vB_5c1vA,ShallowMsa_005,AF2,0.7489,0.7998,0.7461,0.7891,-0.051,-0.043,2,0,2,0.0,F2,-0.0162,Amb,-0.0348,,,,,,,
5c1vB_5c1vA,ShallowMsa_006,AF2,0.7402,0.7737,0.7395,0.7687,-0.0335,-0.0292,2,0,2,0.0,Amb,0.0013,Amb,-0.0348,,,,,,,
5c1vB_5c1vA,ShallowMsa_007,AF2,0.8063,0.8331,0.7995,0.8214,-0.0268,-0.0219,2,0,2,0.0,Amb,0.008,Amb,-0.0348,,,,,,,
5c1vB_5c1vA,ShallowMsa_008,AF2,0.9229,0.9616,0.9225,0.9611,-0.0387,-0.0386,2,0,2,0.0,Amb,-0.0039,Amb,-0.0348,,,,,,,
5c1vB_5c1vA,ShallowMsa_009,AF2,0.8125,0.8421,0.8087,0.8381,-0.0296,-0.0295,2,0,2,0.0,Amb,0.0052,Amb,-0.0348,,,,,,,
5c1vB_5c1vA,ShallowMsa_010,AF2,0.9403,0.9938,0.937,0.9793,-0.0534,-0.0423,2,0,2,0.0,F2,-0.0186,Amb,-0.0348,,,,,,,
5c1vB_5c1vA,ShallowMsa_011,AF2,0.4514,0.4602,0.4509,0.4589,-0.0088,-0.008,2,0,2,0.0,Amb,0.026,Amb,-0.0348,,,,,,,
5c1vB_5c1vA,ShallowMsa_012,AF2,0.7903,0.8228,0.7876,0.8172,-0.0326,-0.0297,2,0,2,0.0,Amb,0.0022,Amb,-0.0348,,,,,,,
5c1vB_5c1vA,ShallowMsa_013,AF2,0.7703,0.8191,0.7697,0.8113,-0.0488,-0.0416,2,0,2,0.0,Amb,-0.014,Amb,-0.0348,,,,,,,
5c1vB_5c1vA,ShallowMsa_014,AF2,0.7354,0.7707,0.7324,0.7653,-0.0352,-0.0329,2,0,2,0.0,Amb,-0.0004,Amb,-0.0348,,,,,,,
5c1vB_5c1vA,ShallowMsa_015,AF2,0.79,0.8069,0.7818,0.7952,-0.0169,-0.0133,2,0,2,0.0,Amb,0.0179,Amb,-0.0348,,,,,,,
5c1vB_5c1vA,ShallowMsa_016,AF2,0.8894,0.9446,0.8886,0.9354,-0.0552,-0.0468,2,0,2,0.0,F2,-0.0204,Amb,-0.0348,,,,,,,
5c1vB_5c1vA,ShallowMsa_017,AF2,0.9127,0.9469,0.9099,0.9448,-0.0343,-0.0349,2,0,2,0.0,Amb,0.0005,Amb,-0.0348,,,,,,,
5c1vB_5c1vA,DeepMsa,AF3,0.9394,0.9942,0.9249,0.9746,-0.0548,-0.0497,2,0,2,0.0,F2,-0.0548,F2,-0.0358,,,,,,,
5c1vB_5c1vA,ShallowMsa_000,AF3,0.9314,0.9669,0.9306,0.9666,-0.0355,-0.036,2,0,2,0.0,Amb,0.0003,Amb,-0.0358,,,,,,,
5c1vB_5c1vA,ShallowMsa_001,AF3,0.8915,0.926,0.8902,0.9256,-0.0345,-0.0355,2,0,2,0.0,Amb,0.0013,Amb,-0.0358,,,,,,,
5c1vB_5c1vA,ShallowMsa_002,AF3,0.8209,0.8527,0.8167,0.8455,-0.0318,-0.0288,2,0,2,0.0,Amb,0.004,Amb,-0.0358,,,,,,,
5c1vB_5c1vA,ShallowMsa_003,AF3,0.7757,0.7998,0.7597,0.7844,-0.0241,-0.0246,2,0,2,0.0,Amb,0.0117,Amb,-0.0358,,,,,,,
5c1vB_5c1vA,ShallowMsa_004,AF3,0.8661,0.9114,0.8636,0.905,-0.0454,-0.0413,2,0,2,0.0,Amb,-0.0096,Amb,-0.0358,,,,,,,
5c1vB_5c1vA,ShallowMsa_005,AF3,0.426,0.4763,0.4236,0.4662,-0.0503,-0.0426,2,0,2,0.0,F2,-0.0145,Amb,-0.0358,,,,,,,
5c1vB_5c1vA,ShallowMsa_006,AF3,0.7458,0.7728,0.7444,0.7716,-0.0271,-0.0272,2,0,2,0.0,Amb,0.0087,Amb,-0.0358,,,,,,,
5c1vB_5c1vA,ShallowMsa_007,AF3,0.8124,0.8493,0.8122,0.8408,-0.0369,-0.0286,2,0,2,0.0,Amb,-0.0011,Amb,-0.0358,,,,,,,
5c1vB_5c1vA,ShallowMsa_008,AF3,0.9308,0.9665,0.9304,0.9662,-0.0357,-0.0358,2,0,2,0.0,Amb,0.0001,Amb,-0.0358,,,,,,,
5c1vB_5c1vA,ShallowMsa_009,AF3,0.8159,0.8453,0.8151,0.8448,-0.0294,-0.0297,2,0,2,0.0,Amb,0.0064,Amb,-0.0358,,,,,,,
5c1vB_5c1vA,ShallowMsa_010,AF3,0.9401,0.9941,0.9368,0.9802,-0.0541,-0.0435,2,0,2,0.0,F2,-0.0183,Amb,-0.0358,,,,,,,
5c1vB_5c1vA,ShallowMsa_011,AF3,0.4919,0.5123,0.4755,0.4918,-0.0204,-0.0163,2,0,2,0.0,Amb,0.0154,Amb,-0.0358,,,,,,,
5c1vB_5c1vA,ShallowMsa_012,AF3,0.7932,0.8291,0.791,0.8228,-0.0359,-0.0318,2,0,2,0.0,Amb,-0.0001,Amb,-0.0358,,,,,,,
5c1vB_5c1vA,ShallowMsa_013,AF3,0.7528,0.8028,0.7526,0.795,-0.05,-0.0424,2,0,2,0.0,Amb,-0.0142,Amb,-0.0358,,,,,,,
5c1vB_5c1vA,ShallowMsa_014,AF3,0.7339,0.7751,0.7286,0.7633,-0.0412,-0.0347,2,0,2,0.0,Amb,-0.0054,Amb,-0.0358,,,,,,,
5c1vB_5c1vA,ShallowMsa_015,AF3,0.7766,0.7894,0.7764,0.7872,-0.0129,-0.0108,2,0,2,0.0,Amb,0.0229,Amb,-0.0358,,,,,,,
5c1vB_5c1vA,ShallowMsa_016,AF3,0.8886,0.9423,0.886,0.9339,-0.0536,-0.0479,2,0,2,0.0,F2,-0.0178,Amb,-0.0358,,,,,,,
5c1vB_5c1vA,ShallowMsa_017,AF3,0.91,0.9468,0.9081,0.9464,-0.0368,-0.0383,2,0,2,0.0,Amb,-0.001,Amb,-0.0358,,,,,,,
5c1vB_5c1vA,ShallowMsa_000,ESM,0.9267,0.9679,0.6566,0.6845,-0.0411,-0.0279,20,4,16,0.2,Amb,0.0069,Amb,-0.0479,,,,,,,
5c1vB_5c1vA,ShallowMsa_001,ESM,0.9001,0.9476,0.6402,0.6691,-0.0476,-0.0288,20,6,14,0.3,Amb,0.0003,Amb,-0.0479,,,,,,,
5c1vB_5c1vA,ShallowMsa_002,ESM,0.8669,0.915,0.6498,0.6822,-0.0481,-0.0324,20,4,16,0.2,Amb,-0.0001,Amb,-0.0479,,,,,,,
5c1vB_5c1vA,ShallowMsa_003,ESM,0.8453,0.8915,0.6581,0.6877,-0.0461,-0.0295,20,2,18,0.1,Amb,0.0018,Amb,-0.0479,,,,,,,
5c1vB_5c1vA,ShallowMsa_004,ESM,0.8961,0.9503,0.6622,0.6948,-0.0542,-0.0326,20,4,16,0.2,Amb,-0.0062,Amb,-0.0479,,,,,,,
5c1vB_5c1vA,ShallowMsa_005,ESM,0.8511,0.9023,0.6565,0.6869,-0.0511,-0.0303,20,4,16,0.2,Amb,-0.0032,Amb,-0.0479,,,,,,,
5c1vB_5c1vA,ShallowMsa_006,ESM,0.8378,0.8698,0.6275,0.6531,-0.0319,-0.0256,20,4,16,0.2,Amb,0.0161,Amb,-0.0479,,,,,,,
5c1vB_5c1vA,ShallowMsa_007,ESM,0.8433,0.8948,0.5754,0.6049,-0.0515,-0.0295,20,6,14,0.3,Amb,-0.0035,Amb,-0.0479,,,,,,,
5c1vB_5c1vA,ShallowMsa_008,ESM,0.9283,0.9635,0.6174,0.6459,-0.0352,-0.0285,20,6,14,0.3,Amb,0.0127,Amb,-0.0479,,,,,,,
5c1vB_5c1vA,ShallowMsa_009,ESM,0.8612,0.909,0.6304,0.6611,-0.0478,-0.0307,20,2,18,0.1,Amb,0.0001,Amb,-0.0479,,,,,,,
5c1vB_5c1vA,ShallowMsa_010,ESM,0.9405,0.9947,0.6503,0.6849,-0.0543,-0.0346,20,6,14,0.3,Amb,-0.0064,Amb,-0.0479,,,,,,,
5c1vB_5c1vA,ShallowMsa_011,ESM,0.7118,0.7459,0.4479,0.4498,-0.0341,-0.0018,20,16,4,0.8,Amb,0.0139,Amb,-0.0479,,,,,,,
5c1vB_5c1vA,ShallowMsa_012,ESM,0.8524,0.9017,0.6189,0.649,-0.0494,-0.0301,20,4,16,0.2,Amb,-0.0014,Amb,-0.0479,,,,,,,
5c1vB_5c1vA,ShallowMsa_013,ESM,0.8371,0.8869,0.5748,0.6077,-0.0498,-0.0329,20,4,16,0.2,Amb,-0.0018,Amb,-0.0479,,,,,,,
5c1vB_5c1vA,ShallowMsa_014,ESM,0.8051,0.8433,0.6307,0.6588,-0.0383,-0.028,20,4,16,0.2,Amb,0.0096,Amb,-0.0479,,,,,,,
5c1vB_5c1vA,ShallowMsa_015,ESM,0.8425,0.885,0.6442,0.6704,-0.0424,-0.0262,20,4,16,0.2,Amb,0.0055,Amb,-0.0479,,,,,,,
5c1vB_5c1vA,ShallowMsa_016,ESM,0.8936,0.9466,0.6806,0.7133,-0.0529,-0.0327,20,4,16,0.2,Amb,-0.005,Amb,-0.0479,,,,,,,
5c1vB_5c1vA,ShallowMsa_017,ESM,0.9214,0.9718,0.6384,0.6762,-0.0504,-0.0378,20,4,16,0.2,Amb,-0.0025,Amb,-0.0479,,,,,,,
5c1vB_5c1vA,DeepMsa,MSAT,0.095,0.0971,0.095,0.0971,-0.0021,-0.0021,1,0,1,0.0,Amb,-0.0021,Amb,0.0017,0.095,0.0971,t_recall,,,,
5c1vB_5c1vA,ShallowMsa_000,MSAT,0.2437,0.2194,0.2437,0.2194,0.0243,0.0243,1,1,0,1.0,Amb,0.0226,Amb,0.0017,0.2437,0.2194,t_recall,,,,
5c1vB_5c1vA,ShallowMsa_001,MSAT,0.0723,0.0496,0.0723,0.0496,0.0227,0.0227,1,1,0,1.0,Amb,0.021,Amb,0.0017,0.0723,0.0496,t_recall,,,,
5c1vB_5c1vA,ShallowMsa_002,MSAT,0.0172,0.0202,0.0172,0.0202,-0.003,-0.003,1,0,1,0.0,Amb,-0.0047,Amb,0.0017,0.0172,0.0202,t_recall,,,,
5c1vB_5c1vA,ShallowMsa_003,MSAT,0.0144,0.0122,0.0144,0.0122,0.0022,0.0022,1,1,0,1.0,Amb,0.0005,Amb,0.0017,0.0144,0.0122,t_recall,,,,
5c1vB_5c1vA,ShallowMsa_004,MSAT,0.0808,0.0729,0.0808,0.0729,0.0079,0.0079,1,1,0,1.0,Amb,0.0062,Amb,0.0017,0.0808,0.0729,t_recall,,,,
5c1vB_5c1vA,ShallowMsa_005,MSAT,0.0278,0.0264,0.0278,0.0264,0.0014,0.0014,1,1,0,1.0,Amb,-0.0003,Amb,0.0017,0.0278,0.0264,t_recall,,,,
5c1vB_5c1vA,ShallowMsa_006,MSAT,0.021,0.022,0.021,0.022,-0.001,-0.001,1,0,1,0.0,Amb,-0.0027,Amb,0.0017,0.021,0.022,t_recall,,,,
5c1vB_5c1vA,ShallowMsa_007,MSAT,0.022,0.0206,0.022,0.0206,0.0014,0.0014,1,1,0,1.0,Amb,-0.0003,Amb,0.0017,0.022,0.0206,t_recall,,,,
5c1vB_5c1vA,ShallowMsa_008,MSAT,0.2118,0.1921,0.2118,0.1921,0.0197,0.0197,1,1,0,1.0,Amb,0.018,Amb,0.0017,0.2118,0.1921,t_recall,,,,
5c1vB_5c1vA,ShallowMsa_009,MSAT,0.0211,0.02,0.0211,0.02,0.0011,0.0011,1,1,0,1.0,Amb,-0.0006,Amb,0.0017,0.0211,0.02,t_recall,,,,
5c1vB_5c1vA,ShallowMsa_010,MSAT,0.035,0.0338,0.035,0.0338,0.0012,0.0012,1,1,0,1.0,Amb,-0.0005,Amb,0.0017,0.035,0.0338,t_recall,,,,
5c1vB_5c1vA,ShallowMsa_011,MSAT,0.0,0.0,0.0,0.0,0.0,0.0,1,0,0,0.0,Amb,-0.0017,Amb,0.0017,0.0,0.0,t_recall,,,,
5c1vB_5c1vA,ShallowMsa_012,MSAT,0.0126,0.0122,0.0126,0.0122,0.0004,0.0004,1,1,0,1.0,Amb,-0.0013,Amb,0.0017,0.0126,0.0122,t_recall,,,,
5c1vB_5c1vA,ShallowMsa_013,MSAT,0.018,0.0158,0.018,0.0158,0.0022,0.0022,1,1,0,1.0,Amb,0.0005,Amb,0.0017,0.018,0.0158,t_recall,,,,
5c1vB_5c1vA,ShallowMsa_014,MSAT,0.017,0.0167,0.017,0.0167,0.0003,0.0003,1,1,0,1.0,Amb,-0.0014,Amb,0.0017,0.017,0.0167,t_recall,,,,
5c1vB_5c1vA,ShallowMsa_015,MSAT,0.0075,0.0054,0.0075,0.0054,0.0021,0.0021,1,1,0,1.0,Amb,0.0004,Amb,0.0017,0.0075,0.0054,t_recall,,,,
5c1vB_5c1vA,ShallowMsa_016,MSAT,0.1193,0.0962,0.1193,0.0962,0.0231,0.0231,1,1,0,1.0,Amb,0.0214,Amb,0.0017,0.1193,0.0962,t_recall,,,,
5c1vB_5c1vA,ShallowMsa_017,MSAT,0.0756,0.0626,0.0756,0.0626,0.013,0.013,1,1,0,1.0,Amb,0.0112,Amb,0.0017,0.0756,0.0626,t_recall,,,,
5c1vB_5c1vA,DeepMsa,CCMpred,0.1217,0.1191,0.1217,0.1191,0.0026,0.0026,1,1,0,1.0,Amb,0.0026,Amb,0.0,0.1217,0.1191,t_recall,,,,
5c1vB_5c1vA,ShallowMsa_000,CCMpred,0.0017,0.0015,0.0017,0.0015,0.0002,0.0002,1,1,0,1.0,Amb,0.0002,Amb,0.0,0.0017,0.0015,t_recall,,,,
5c1vB_5c1vA,ShallowMsa_001,CCMpred,0.0017,0.0015,0.0017,0.0015,0.0002,0.0002,1,1,0,1.0,Amb,0.0002,Amb,0.0,0.0017,0.0015,t_recall,,,,
5c1vB_5c1vA,ShallowMsa_002,CCMpred,0.0067,0.0059,0.0067,0.0059,0.0008,0.0008,1,1,0,1.0,Amb,0.0008,Amb,0.0,0.0067,0.0059,t_recall,,,,
5c1vB_5c1vA,ShallowMsa_003,CCMpred,0.0067,0.0059,0.0067,0.0059,0.0008,0.0008,1,1,0,1.0,Amb,0.0008,Amb,0.0,0.0067,0.0059,t_recall,,,,
5c1vB_5c1vA,ShallowMsa_004,CCMpred,0.0017,0.0015,0.0017,0.0015,0.0002,0.0002,1,1,0,1.0,Amb,0.0002,Amb,0.0,0.0017,0.0015,t_recall,,,,
5c1vB_5c1vA,ShallowMsa_005,CCMpred,0.0067,0.0059,0.0067,0.0059,0.0008,0.0008,1,1,0,1.0,Amb,0.0008,Amb,0.0,0.0067,0.0059,t_recall,,,,
5c1vB_5c1vA,ShallowMsa_006,CCMpred,0.0017,0.0015,0.0017,0.0015,0.0002,0.0002,1,1,0,1.0,Amb,0.0002,Amb,0.0,0.0017,0.0015,t_recall,,,,
5c1vB_5c1vA,ShallowMsa_007,CCMpred,0.0,0.0,0.0,0.0,0.0,0.0,1,0,0,0.0,Amb,0.0,Amb,0.0,0.0,0.0,t_recall,,,,
5c1vB_5c1vA,ShallowMsa_008,CCMpred,0.0,0.0,0.0,0.0,0.0,0.0,1,0,0,0.0,Amb,0.0,Amb,0.0,0.0,0.0,t_recall,,,,
5c1vB_5c1vA,ShallowMsa_009,CCMpred,0.0,0.0,0.0,0.0,0.0,0.0,1,0,0,0.0,Amb,0.0,Amb,0.0,0.0,0.0,t_recall,,,,
5c1vB_5c1vA,ShallowMsa_010,CCMpred,0.0,0.0,0.0,0.0,0.0,0.0,1,0,0,0.0,Amb,0.0,Amb,0.0,0.0,0.0,t_recall,,,,
5c1vB_5c1vA,ShallowMsa_011,CCMpred,0.0,0.0,0.0,0.0,0.0,0.0,1,0,0,0.0,Amb,0.0,Amb,0.0,0.0,0.0,t_recall,,,,
5c1vB_5c1vA,ShallowMsa_012,CCMpred,0.0,0.0,0.0,0.0,0.0,0.0,1,0,0,0.0,Amb,0.0,Amb,0.0,0.0,0.0,t_recall,,,,
5c1vB_5c1vA,ShallowMsa_013,CCMpred,0.0,0.0,0.0,0.0,0.0,0.0,1,0,0,0.0,Amb,0.0,Amb,0.0,0.0,0.0,t_recall,,,,
5c1vB_5c1vA,ShallowMsa_014,CCMpred,0.0,0.0,0.0,0.0,0.0,0.0,1,0,0,0.0,Amb,0.0,Amb,0.0,0.0,0.0,t_recall,,,,
5c1vB_5c1vA,ShallowMsa_015,CCMpred,0.0,0.0,0.0,0.0,0.0,0.0,1,0,0,0.0,Amb,0.0,Amb,0.0,0.0,0.0,t_recall,,,,
5c1vB_5c1vA,ShallowMsa_016,CCMpred,0.0,0.0,0.0,0.0,0.0,0.0,1,0,0,0.0,Amb,0.0,Amb,0.0,0.0,0.0,t_recall,,,,
5c1vB_5c1vA,ShallowMsa_017,CCMpred,0.0,0.0,0.0,0.0,0.0,0.0,1,0,0,0.0,Amb,0.0,Amb,0.0,0.0,0.0,t_recall,,,,
5c1vB_5c1vA,ShallowMsa_000,DDG,-102.5451,-114.7725,-102.5451,-114.7725,12.2274,12.2274,10,9,1,0.9,F1,2.737,F1,9.4903,,,ddg_kcal_per_mol(delta=1.0),12.2274,8.3451,102.5451,114.7725
5c1vB_5c1vA,ShallowMsa_001,DDG,-102.1085,-111.3129,-102.1085,-111.3129,9.2044,9.2044,10,9,1,0.9,F1,-0.2859,Amb,9.4903,,,ddg_kcal_per_mol(delta=1.0),9.2044,5.8783,102.1085,111.3129
5c1vB_5c1vA,ShallowMsa_002,DDG,-105.3081,-116.525,-105.3081,-116.525,11.2169,11.2169,10,10,0,1.0,F1,1.7266,F1,9.4903,,,ddg_kcal_per_mol(delta=1.0),11.2169,2.7135,105.3081,116.525
5c1vB_5c1vA,ShallowMsa_003,DDG,-110.5709,-121.4752,-110.5709,-121.4752,10.9044,10.9044,10,10,0,1.0,F1,1.4141,F1,9.4903,,,ddg_kcal_per_mol(delta=1.0),10.9044,3.8334,110.5709,121.4752
5c1vB_5c1vA,ShallowMsa_004,DDG,-102.7932,-113.0772,-102.7932,-113.0772,10.2839,10.2839,10,9,1,0.9,F1,0.7935,Amb,9.4903,,,ddg_kcal_per_mol(delta=1.0),10.2839,5.8681,102.7932,113.0772
5c1vB_5c1vA,ShallowMsa_005,DDG,-110.2137,-119.6617,-110.2137,-119.6617,9.448,9.448,10,10,0,1.0,F1,-0.0423,Amb,9.4903,,,ddg_kcal_per_mol(delta=1.0),9.448,4.0085,110.2137,119.6617
5c1vB_5c1vA,ShallowMsa_006,DDG,-100.9139,-112.3634,-100.9139,-112.3634,11.4495,11.4495,10,10,0,1.0,F1,1.9592,F1,9.4903,,,ddg_kcal_per_mol(delta=1.0),11.4495,4.5938,100.9139,112.3634
5c1vB_5c1vA,ShallowMsa_007,DDG,-108.5682,-116.1711,-108.5682,-116.1711,7.6028,7.6028,10,10,0,1.0,F1,-1.8875,F2,9.4903,,,ddg_kcal_per_mol(delta=1.0),7.6028,4.4554,108.5682,116.1711
5c1vB_5c1vA,ShallowMsa_008,DDG,-86.3596,-93.038,-86.3596,-93.038,6.6784,6.6784,10,9,1,0.9,F1,-2.8119,F2,9.4903,,,ddg_kcal_per_mol(delta=1.0),6.6784,5.8705,86.3596,93.038
5c1vB_5c1vA,ShallowMsa_009,DDG,-106.5737,-118.5361,-106.5737,-118.5361,11.9624,11.9624,10,10,0,1.0,F1,2.4721,F1,9.4903,,,ddg_kcal_per_mol(delta=1.0),11.9624,6.7669,106.5737,118.5361
5c1vB_5c1vA,ShallowMsa_010,DDG,-66.1957,-72.3742,-66.1957,-72.3742,6.1785,6.1785,10,9,1,0.9,F1,-3.3118,F2,9.4903,,,ddg_kcal_per_mol(delta=1.0),6.1785,4.1938,66.1957,72.3742
5c1vB_5c1vA,ShallowMsa_011,DDG,-95.4898,-103.4018,-95.4898,-103.4018,7.9121,7.9121,10,10,0,1.0,F1,-1.5782,F2,9.4903,,,ddg_kcal_per_mol(delta=1.0),7.9121,2.5078,95.4898,103.4018
5c1vB_5c1vA,ShallowMsa_012,DDG,-108.507,-119.0184,-108.507,-119.0184,10.5113,10.5113,10,10,0,1.0,F1,1.021,F1,9.4903,,,ddg_kcal_per_mol(delta=1.0),10.5113,4.1658,108.507,119.0184
5c1vB_5c1vA,ShallowMsa_013,DDG,-89.86,-98.2275,-89.86,-98.2275,8.3674,8.3674,10,10,0,1.0,F1,-1.1229,F2,9.4903,,,ddg_kcal_per_mol(delta=1.0),8.3674,3.7114,89.86,98.2275
5c1vB_5c1vA,ShallowMsa_014,DDG,-103.9119,-112.9714,-103.9119,-112.9714,9.0595,9.0595,10,10,0,1.0,F1,-0.4308,Amb,9.4903,,,ddg_kcal_per_mol(delta=1.0),9.0595,4.7386,103.9119,112.9714
5c1vB_5c1vA,ShallowMsa_015,DDG,-109.5681,-119.1008,-109.5681,-119.1008,9.5327,9.5327,10,10,0,1.0,F1,0.0424,Amb,9.4903,,,ddg_kcal_per_mol(delta=1.0),9.5327,4.9428,109.5681,119.1008
5c1vB_5c1vA,ShallowMsa_016,DDG,-102.1966,-114.4734,-102.1966,-114.4734,12.2768,12.2768,10,10,0,1.0,F1,2.7865,F1,9.4903,,,ddg_kcal_per_mol(delta=1.0),12.2768,7.7444,102.1966,114.4734
5c1vB_5c1vA,ShallowMsa_017,DDG,-72.782,-79.3624,-72.782,-79.3624,6.5804,6.5804,10,10,0,1.0,F1,-2.9099,F2,9.4903,,,ddg_kcal_per_mol(delta=1.0),6.5804,3.2647,72.782,79.3624
5c1vB_5c1vA,ShallowMsa_000,Boltz2,0.6638,0.6638,0.6638,0.6638,0.0,0.0,1,0,0,0.0,Amb,0.0,Amb,0.0,,,,,,,
5c1vB_5c1vA,ShallowMsa_001,Boltz2,0.576,0.576,0.576,0.576,0.0,0.0,1,0,0,0.0,Amb,0.0,Amb,0.0,,,,,,,
5c1vB_5c1vA,ShallowMsa_002,Boltz2,0.7622,0.7622,0.7622,0.7622,0.0,0.0,1,0,0,0.0,Amb,0.0,Amb,0.0,,,,,,,
5c1vB_5c1vA,ShallowMsa_003,Boltz2,0.8025,0.8025,0.8025,0.8025,0.0,0.0,1,0,0,0.0,Amb,0.0,Amb,0.0,,,,,,,
5c1vB_5c1vA,ShallowMsa_004,Boltz2,0.3844,0.3844,0.3844,0.3844,0.0,0.0,1,0,0,0.0,Amb,0.0,Amb,0.0,,,,,,,
5c1vB_5c1vA,ShallowMsa_005,Boltz2,0.3864,0.3864,0.3864,0.3864,0.0,0.0,1,0,0,0.0,Amb,0.0,Amb,0.0,,,,,,,
5c1vB_5c1vA,ShallowMsa_006,Boltz2,0.7466,0.7466,0.7466,0.7466,0.0,0.0,1,0,0,0.0,Amb,0.0,Amb,0.0,,,,,,,
5c1vB_5c1vA,ShallowMsa_007,Boltz2,0.6214,0.6214,0.6214,0.6214,0.0,0.0,1,0,0,0.0,Amb,0.0,Amb,0.0,,,,,,,
5c1vB_5c1vA,ShallowMsa_008,Boltz2,0.8027,0.8027,0.8027,0.8027,0.0,0.0,1,0,0,0.0,Amb,0.0,Amb,0.0,,,,,,,
5c1vB_5c1vA,ShallowMsa_009,Boltz2,0.5918,0.5918,0.5918,0.5918,0.0,0.0,1,0,0,0.0,Amb,0.0,Amb,0.0,,,,,,,
5c1vB_5c1vA,ShallowMsa_010,Boltz2,0.5572,0.5572,0.5572,0.5572,0.0,0.0,1,0,0,0.0,Amb,0.0,Amb,0.0,,,,,,,
5c1vB_5c1vA,ShallowMsa_012,Boltz2,0.5528,0.5528,0.5528,0.5528,0.0,0.0,1,0,0,0.0,Amb,0.0,Amb,0.0,,,,,,,
5c1vB_5c1vA,ShallowMsa_013,Boltz2,0.4045,0.4045,0.4045,0.4045,0.0,0.0,1,0,0,0.0,Amb,0.0,Amb,0.0,,,,,,,
5c1vB_5c1vA,ShallowMsa_014,Boltz2,0.3995,0.3995,0.3995,0.3995,0.0,0.0,1,0,0,0.0,Amb,0.0,Amb,0.0,,,,,,,
5c1vB_5c1vA,ShallowMsa_015,Boltz2,0.5116,0.5116,0.5116,0.5116,0.0,0.0,1,0,0,0.0,Amb,0.0,Amb,0.0,,,,,,,
5c1vB_5c1vA,ShallowMsa_016,Boltz2,0.7907,0.7907,0.7907,0.7907,0.0,0.0,1,0,0,0.0,Amb,0.0,Amb,0.0,,,,,,,
5c1vB_5c1vA,ShallowMsa_017,Boltz2,0.7698,0.7698,0.7698,0.7698,0.0,0.0,1,0,0,0.0,Amb,0.0,Amb,0.0,,,,,,,
5c3iF_3kuyA,DeepMsa,MSAT,0.5,0.5,0.5,0.5,0.0,0.0,1,0,0,0.0,Amb,0.0,Amb,0.0,0.5,0.5,t_recall,,,,
5c3iF_3kuyA,DeepMsa,CCMpred,0.4194,0.3824,0.4194,0.3824,0.037,0.037,1,1,0,1.0,Amb,0.037,Amb,0.0,0.4194,0.3824,t_recall,,,,
5et5A_3ifaA,DeepMsa,AF2,0.974,0.9568,0.9575,0.8923,0.0173,0.0652,2,2,0,1.0,Amb,0.0173,Amb,0.1006,,,,,,,
5et5A_3ifaA,ShallowMsa_000,AF2,0.9407,0.8268,0.9405,0.8258,0.114,0.1147,2,2,0,1.0,F1,0.0134,Amb,0.1006,,,,,,,
5et5A_3ifaA,ShallowMsa_001,AF2,0.9328,0.8225,0.9324,0.8222,0.1103,0.1102,2,2,0,1.0,F1,0.0097,Amb,0.1006,,,,,,,
5et5A_3ifaA,ShallowMsa_002,AF2,0.9219,0.8121,0.9206,0.8108,0.1097,0.1098,2,2,0,1.0,F1,0.0091,Amb,0.1006,,,,,,,
5et5A_3ifaA,ShallowMsa_003,AF2,0.9734,0.9492,0.956,0.887,0.0242,0.0689,2,2,0,1.0,Amb,-0.0764,F2,0.1006,,,,,,,
5et5A_3ifaA,ShallowMsa_004,AF2,0.8719,0.769,0.84,0.7423,0.1029,0.0977,2,2,0,1.0,F1,0.0023,Amb,0.1006,,,,,,,
5et5A_3ifaA,ShallowMsa_005,AF2,0.8024,0.7031,0.7977,0.699,0.0992,0.0987,2,2,0,1.0,F1,-0.0014,Amb,0.1006,,,,,,,
5et5A_3ifaA,ShallowMsa_006,AF2,0.9154,0.8133,0.9147,0.8087,0.102,0.106,2,2,0,1.0,F1,0.0014,Amb,0.1006,,,,,,,
5et5A_3ifaA,ShallowMsa_007,AF2,0.8618,0.7638,0.8552,0.7571,0.0981,0.0981,2,2,0,1.0,F1,-0.0025,Amb,0.1006,,,,,,,
5et5A_3ifaA,ShallowMsa_008,AF2,0.8983,0.8019,0.8971,0.7955,0.0964,0.1016,2,2,0,1.0,F1,-0.0042,Amb,0.1006,,,,,,,
5et5A_3ifaA,ShallowMsa_009,AF2,0.9129,0.8043,0.9129,0.8043,0.1086,0.1086,2,2,0,1.0,F1,0.008,Amb,0.1006,,,,,,,
5et5A_3ifaA,ShallowMsa_010,AF2,0.8844,0.7876,0.8842,0.7842,0.0969,0.1,2,2,0,1.0,F1,-0.0037,Amb,0.1006,,,,,,,
5et5A_3ifaA,ShallowMsa_011,AF2,0.9182,0.8055,0.9176,0.8054,0.1128,0.1121,2,2,0,1.0,F1,0.0122,Amb,0.1006,,,,,,,
5et5A_3ifaA,ShallowMsa_012,AF2,0.8221,0.7303,0.8209,0.7289,0.0919,0.092,2,2,0,1.0,F1,-0.0087,Amb,0.1006,,,,,,,
5et5A_3ifaA,ShallowMsa_013,AF2,0.8578,0.7641,0.8261,0.7354,0.0937,0.0906,2,2,0,1.0,F1,-0.0069,Amb,0.1006,,,,,,,
5et5A_3ifaA,ShallowMsa_014,AF2,0.7378,0.6536,0.7362,0.6508,0.0842,0.0854,2,2,0,1.0,F1,-0.0164,Amb,0.1006,,,,,,,
5et5A_3ifaA,ShallowMsa_015,AF2,0.9259,0.8215,0.9197,0.821,0.1044,0.0987,2,2,0,1.0,F1,0.0038,Amb,0.1006,,,,,,,
5et5A_3ifaA,ShallowMsa_016,AF2,0.7873,0.7004,0.787,0.6977,0.0869,0.0893,2,2,0,1.0,F1,-0.0137,Amb,0.1006,,,,,,,
5et5A_3ifaA,ShallowMsa_017,AF2,0.8914,0.7928,0.8895,0.791,0.0986,0.0986,2,2,0,1.0,F1,-0.002,Amb,0.1006,,,,,,,
5et5A_3ifaA,ShallowMsa_018,AF2,0.8934,0.7805,0.8924,0.779,0.1129,0.1134,2,2,0,1.0,F1,0.0123,Amb,0.1006,,,,,,,
5et5A_3ifaA,ShallowMsa_019,AF2,0.9217,0.811,0.9216,0.8107,0.1107,0.1109,2,2,0,1.0,F1,0.0101,Amb,0.1006,,,,,,,
5et5A_3ifaA,DeepMsa,AF3,0.9754,0.9551,0.9584,0.8908,0.0202,0.0676,2,2,0,1.0,Amb,0.0202,Amb,0.1003,,,,,,,
5et5A_3ifaA,ShallowMsa_000,AF3,0.94,0.8257,0.94,0.8256,0.1143,0.1144,2,2,0,1.0,F1,0.014,Amb,0.1003,,,,,,,
5et5A_3ifaA,ShallowMsa_001,AF3,0.9345,0.8231,0.9339,0.8229,0.1114,0.111,2,2,0,1.0,F1,0.0111,Amb,0.1003,,,,,,,
5et5A_3ifaA,ShallowMsa_002,AF3,0.922,0.8166,0.9213,0.814,0.1054,0.1072,2,2,0,1.0,F1,0.0051,Amb,0.1003,,,,,,,
5et5A_3ifaA,ShallowMsa_003,AF3,0.975,0.9562,0.9575,0.8908,0.0187,0.0666,2,2,0,1.0,Amb,-0.0816,F2,0.1003,,,,,,,
5et5A_3ifaA,ShallowMsa_004,AF3,0.8147,0.7228,0.8087,0.7178,0.0919,0.0909,2,2,0,1.0,F1,-0.0084,Amb,0.1003,,,,,,,
5et5A_3ifaA,ShallowMsa_005,AF3,0.8033,0.7023,0.8007,0.7,0.101,0.1007,2,2,0,1.0,F1,0.0008,Amb,0.1003,,,,,,,
5et5A_3ifaA,ShallowMsa_006,AF3,0.919,0.8071,0.9164,0.8067,0.1119,0.1097,2,2,0,1.0,F1,0.0116,Amb,0.1003,,,,,,,
5et5A_3ifaA,ShallowMsa_007,AF3,0.8623,0.7645,0.8542,0.7563,0.0978,0.0978,2,2,0,1.0,F1,-0.0025,Amb,0.1003,,,,,,,
5et5A_3ifaA,ShallowMsa_008,AF3,0.9026,0.8042,0.8989,0.7986,0.0984,0.1003,2,2,0,1.0,F1,-0.0019,Amb,0.1003,,,,,,,
5et5A_3ifaA,ShallowMsa_009,AF3,0.9242,0.8191,0.9242,0.8191,0.105,0.105,2,2,0,1.0,F1,0.0047,Amb,0.1003,,,,,,,
5et5A_3ifaA,ShallowMsa_010,AF3,0.8911,0.789,0.891,0.7888,0.1021,0.1022,2,2,0,1.0,F1,0.0018,Amb,0.1003,,,,,,,
5et5A_3ifaA,ShallowMsa_011,AF3,0.9169,0.8133,0.9163,0.813,0.1035,0.1032,2,2,0,1.0,F1,0.0032,Amb,0.1003,,,,,,,
5et5A_3ifaA,ShallowMsa_012,AF3,0.5892,0.529,0.5886,0.5285,0.0602,0.0601,2,2,0,1.0,F1,-0.0401,Amb,0.1003,,,,,,,
5et5A_3ifaA,ShallowMsa_013,AF3,0.8114,0.7227,0.8018,0.7138,0.0887,0.088,2,2,0,1.0,F1,-0.0116,Amb,0.1003,,,,,,,
5et5A_3ifaA,ShallowMsa_014,AF3,0.7441,0.6555,0.7373,0.6481,0.0887,0.0892,2,2,0,1.0,F1,-0.0116,Amb,0.1003,,,,,,,
5et5A_3ifaA,ShallowMsa_015,AF3,0.9273,0.8242,0.9242,0.824,0.103,0.1002,2,2,0,1.0,F1,0.0027,Amb,0.1003,,,,,,,
5et5A_3ifaA,ShallowMsa_016,AF3,0.785,0.6964,0.7846,0.6948,0.0886,0.0898,2,2,0,1.0,F1,-0.0117,Amb,0.1003,,,,,,,
5et5A_3ifaA,ShallowMsa_017,AF3,0.9067,0.8095,0.901,0.8029,0.0971,0.0981,2,2,0,1.0,F1,-0.0032,Amb,0.1003,,,,,,,
5et5A_3ifaA,ShallowMsa_018,AF3,0.8332,0.7338,0.8325,0.7327,0.0995,0.0997,2,2,0,1.0,F1,-0.0008,Amb,0.1003,,,,,,,
5et5A_3ifaA,ShallowMsa_019,AF3,0.9273,0.8153,0.927,0.8141,0.112,0.1129,2,2,0,1.0,F1,0.0117,Amb,0.1003,,,,,,,
5et5A_3ifaA,ShallowMsa_000,ESM,0.932,0.9032,0.7163,0.6863,0.0288,0.03,20,16,4,0.8,Amb,-0.0046,Amb,0.0334,,,,,,,
5et5A_3ifaA,ShallowMsa_001,ESM,0.9224,0.8635,0.7203,0.6748,0.0589,0.0455,20,20,0,1.0,Amb,0.0255,Amb,0.0334,,,,,,,
5et5A_3ifaA,ShallowMsa_002,ESM,0.9297,0.8768,0.6739,0.6407,0.0529,0.0332,20,14,6,0.7,Amb,0.0195,Amb,0.0334,,,,,,,
5et5A_3ifaA,ShallowMsa_003,ESM,0.9236,0.8612,0.6097,0.571,0.0624,0.0388,20,14,6,0.7,Amb,0.029,Amb,0.0334,,,,,,,
5et5A_3ifaA,ShallowMsa_004,ESM,0.9342,0.9007,0.716,0.6813,0.0335,0.0348,20,16,4,0.8,Amb,0.0001,Amb,0.0334,,,,,,,
5et5A_3ifaA,ShallowMsa_005,ESM,0.9322,0.8989,0.6554,0.6216,0.0333,0.0338,20,14,6,0.7,Amb,-0.0001,Amb,0.0334,,,,,,,
5et5A_3ifaA,ShallowMsa_006,ESM,0.9432,0.9119,0.6815,0.6495,0.0313,0.0319,20,14,6,0.7,Amb,-0.0021,Amb,0.0334,,,,,,,
5et5A_3ifaA,ShallowMsa_007,ESM,0.8887,0.8416,0.6543,0.614,0.0471,0.0403,20,16,4,0.8,Amb,0.0137,Amb,0.0334,,,,,,,
5et5A_3ifaA,ShallowMsa_008,ESM,0.9597,0.9241,0.686,0.6439,0.0357,0.0421,20,16,4,0.8,Amb,0.0023,Amb,0.0334,,,,,,,
5et5A_3ifaA,ShallowMsa_009,ESM,0.9361,0.9055,0.7065,0.6645,0.0306,0.042,20,18,2,0.9,Amb,-0.0028,Amb,0.0334,,,,,,,
5et5A_3ifaA,ShallowMsa_010,ESM,0.9273,0.8912,0.6295,0.5937,0.0361,0.0357,20,14,6,0.7,Amb,0.0027,Amb,0.0334,,,,,,,
5et5A_3ifaA,ShallowMsa_011,ESM,0.9433,0.9208,0.6557,0.6161,0.0225,0.0396,20,18,2,0.9,Amb,-0.0109,Amb,0.0334,,,,,,,
5et5A_3ifaA,ShallowMsa_012,ESM,0.9459,0.9129,0.6513,0.614,0.033,0.0373,20,14,6,0.7,Amb,-0.0004,Amb,0.0334,,,,,,,
5et5A_3ifaA,ShallowMsa_013,ESM,0.922,0.8969,0.7039,0.6653,0.0251,0.0386,20,16,4,0.8,Amb,-0.0083,Amb,0.0334,,,,,,,
5et5A_3ifaA,ShallowMsa_014,ESM,0.9131,0.8536,0.6967,0.6388,0.0594,0.0579,20,20,0,1.0,F1,0.026,Amb,0.0334,,,,,,,
5et5A_3ifaA,ShallowMsa_015,ESM,0.9435,0.9099,0.665,0.6286,0.0336,0.0364,20,12,8,0.6,Amb,0.0002,Amb,0.0334,,,,,,,
5et5A_3ifaA,ShallowMsa_016,ESM,0.9434,0.9126,0.6935,0.6599,0.0309,0.0335,20,14,6,0.7,Amb,-0.0025,Amb,0.0334,,,,,,,
5et5A_3ifaA,ShallowMsa_017,ESM,0.9273,0.8802,0.6486,0.6199,0.0471,0.0286,20,14,6,0.7,Amb,0.0137,Amb,0.0334,,,,,,,
5et5A_3ifaA,ShallowMsa_018,ESM,0.9427,0.9094,0.7418,0.7102,0.0333,0.0316,20,18,2,0.9,Amb,-0.0001,Amb,0.0334,,,,,,,
5et5A_3ifaA,ShallowMsa_019,ESM,0.9493,0.9337,0.6902,0.6563,0.0157,0.0339,20,16,4,0.8,Amb,-0.0177,Amb,0.0334,,,,,,,
5et5A_3ifaA,DeepMsa,MSAT,0.3062,0.3033,0.3062,0.3033,0.0029,0.0029,1,1,0,1.0,Amb,0.0029,Amb,-0.0011,0.3062,0.3033,t_recall,,,,
5et5A_3ifaA,ShallowMsa_000,MSAT,0.0208,0.022,0.0208,0.022,-0.0012,-0.0012,1,0,1,0.0,Amb,-0.0001,Amb,-0.0011,0.0208,0.022,t_recall,,,,
5et5A_3ifaA,ShallowMsa_001,MSAT,0.0402,0.0449,0.0402,0.0449,-0.0047,-0.0047,1,0,1,0.0,Amb,-0.0036,Amb,-0.0011,0.0402,0.0449,t_recall,,,,
5et5A_3ifaA,ShallowMsa_002,MSAT,0.0167,0.0186,0.0167,0.0186,-0.0019,-0.0019,1,0,1,0.0,Amb,-0.0008,Amb,-0.0011,0.0167,0.0186,t_recall,,,,
5et5A_3ifaA,ShallowMsa_003,MSAT,0.2063,0.1982,0.2063,0.1982,0.0081,0.0081,1,1,0,1.0,Amb,0.0092,Amb,-0.0011,0.2063,0.1982,t_recall,,,,
5et5A_3ifaA,ShallowMsa_004,MSAT,0.0272,0.0254,0.0272,0.0254,0.0018,0.0018,1,1,0,1.0,Amb,0.0029,Amb,-0.0011,0.0272,0.0254,t_recall,,,,
5et5A_3ifaA,ShallowMsa_005,MSAT,0.0094,0.0078,0.0094,0.0078,0.0016,0.0016,1,1,0,1.0,Amb,0.0027,Amb,-0.0011,0.0094,0.0078,t_recall,,,,
5et5A_3ifaA,ShallowMsa_006,MSAT,0.0047,0.004,0.0047,0.004,0.0007,0.0007,1,1,0,1.0,Amb,0.0018,Amb,-0.0011,0.0047,0.004,t_recall,,,,
5et5A_3ifaA,ShallowMsa_007,MSAT,0.0138,0.0185,0.0138,0.0185,-0.0047,-0.0047,1,0,1,0.0,Amb,-0.0036,Amb,-0.0011,0.0138,0.0185,t_recall,,,,
5et5A_3ifaA,ShallowMsa_008,MSAT,0.0196,0.0252,0.0196,0.0252,-0.0056,-0.0056,1,0,1,0.0,Amb,-0.0045,Amb,-0.0011,0.0196,0.0252,t_recall,,,,
5et5A_3ifaA,ShallowMsa_009,MSAT,0.0163,0.0181,0.0163,0.0181,-0.0018,-0.0018,1,0,1,0.0,Amb,-0.0007,Amb,-0.0011,0.0163,0.0181,t_recall,,,,
5et5A_3ifaA,ShallowMsa_010,MSAT,0.014,0.0141,0.014,0.0141,-0.0001,-0.0001,1,0,1,0.0,Amb,0.001,Amb,-0.0011,0.014,0.0141,t_recall,,,,
5et5A_3ifaA,ShallowMsa_011,MSAT,0.0287,0.033,0.0287,0.033,-0.0043,-0.0043,1,0,1,0.0,Amb,-0.0032,Amb,-0.0011,0.0287,0.033,t_recall,,,,
5et5A_3ifaA,ShallowMsa_012,MSAT,0.0168,0.0207,0.0168,0.0207,-0.0039,-0.0039,1,0,1,0.0,Amb,-0.0028,Amb,-0.0011,0.0168,0.0207,t_recall,,,,
5et5A_3ifaA,ShallowMsa_013,MSAT,0.0096,0.0103,0.0096,0.0103,-0.0007,-0.0007,1,0,1,0.0,Amb,0.0004,Amb,-0.0011,0.0096,0.0103,t_recall,,,,
5et5A_3ifaA,ShallowMsa_014,MSAT,0.0,0.0,0.0,0.0,0.0,0.0,1,0,0,0.0,Amb,0.0011,Amb,-0.0011,0.0,0.0,t_recall,,,,
5et5A_3ifaA,ShallowMsa_015,MSAT,0.0331,0.0347,0.0331,0.0347,-0.0016,-0.0016,1,0,1,0.0,Amb,-0.0005,Amb,-0.0011,0.0331,0.0347,t_recall,,,,
5et5A_3ifaA,ShallowMsa_016,MSAT,0.0272,0.0254,0.0272,0.0254,0.0018,0.0018,1,1,0,1.0,Amb,0.0029,Amb,-0.0011,0.0272,0.0254,t_recall,,,,
5et5A_3ifaA,ShallowMsa_017,MSAT,0.0186,0.0181,0.0186,0.0181,0.0005,0.0005,1,1,0,1.0,Amb,0.0016,Amb,-0.0011,0.0186,0.0181,t_recall,,,,
5et5A_3ifaA,ShallowMsa_018,MSAT,0.0256,0.0306,0.0256,0.0306,-0.005,-0.005,1,0,1,0.0,Amb,-0.0039,Amb,-0.0011,0.0256,0.0306,t_recall,,,,
5et5A_3ifaA,ShallowMsa_019,MSAT,0.007,0.008,0.007,0.008,-0.001,-0.001,1,0,1,0.0,Amb,0.0001,Amb,-0.0011,0.007,0.008,t_recall,,,,
5et5A_3ifaA,DeepMsa,CCMpred,0.1398,0.1351,0.1398,0.1351,0.0047,0.0047,1,1,0,1.0,Amb,0.0047,Amb,0.0,0.1398,0.1351,t_recall,,,,
5et5A_3ifaA,ShallowMsa_000,CCMpred,0.02,0.018,0.02,0.018,0.002,0.002,1,1,0,1.0,Amb,0.002,Amb,0.0,0.02,0.018,t_recall,,,,
5et5A_3ifaA,ShallowMsa_001,CCMpred,0.0,0.0,0.0,0.0,0.0,0.0,1,0,0,0.0,Amb,0.0,Amb,0.0,0.0,0.0,t_recall,,,,
5et5A_3ifaA,ShallowMsa_002,CCMpred,0.0033,0.003,0.0033,0.003,0.0003,0.0003,1,1,0,1.0,Amb,0.0003,Amb,0.0,0.0033,0.003,t_recall,,,,
5et5A_3ifaA,ShallowMsa_003,CCMpred,0.0,0.0,0.0,0.0,0.0,0.0,1,0,0,0.0,Amb,0.0,Amb,0.0,0.0,0.0,t_recall,,,,
5et5A_3ifaA,ShallowMsa_004,CCMpred,0.005,0.0045,0.005,0.0045,0.0005,0.0005,1,1,0,1.0,Amb,0.0005,Amb,0.0,0.005,0.0045,t_recall,,,,
5et5A_3ifaA,ShallowMsa_005,CCMpred,0.0017,0.0015,0.0017,0.0015,0.0002,0.0002,1,1,0,1.0,Amb,0.0002,Amb,0.0,0.0017,0.0015,t_recall,,,,
5et5A_3ifaA,ShallowMsa_006,CCMpred,0.0,0.0,0.0,0.0,0.0,0.0,1,0,0,0.0,Amb,0.0,Amb,0.0,0.0,0.0,t_recall,,,,
5et5A_3ifaA,ShallowMsa_007,CCMpred,0.0,0.0,0.0,0.0,0.0,0.0,1,0,0,0.0,Amb,0.0,Amb,0.0,0.0,0.0,t_recall,,,,
5et5A_3ifaA,ShallowMsa_008,CCMpred,0.0,0.0,0.0,0.0,0.0,0.0,1,0,0,0.0,Amb,0.0,Amb,0.0,0.0,0.0,t_recall,,,,
5et5A_3ifaA,ShallowMsa_009,CCMpred,0.0,0.0,0.0,0.0,0.0,0.0,1,0,0,0.0,Amb,0.0,Amb,0.0,0.0,0.0,t_recall,,,,
5et5A_3ifaA,ShallowMsa_010,CCMpred,0.0,0.0,0.0,0.0,0.0,0.0,1,0,0,0.0,Amb,0.0,Amb,0.0,0.0,0.0,t_recall,,,,
5et5A_3ifaA,ShallowMsa_011,CCMpred,0.0017,0.0015,0.0017,0.0015,0.0002,0.0002,1,1,0,1.0,Amb,0.0002,Amb,0.0,0.0017,0.0015,t_recall,,,,
5et5A_3ifaA,ShallowMsa_012,CCMpred,0.0,0.0,0.0,0.0,0.0,0.0,1,0,0,0.0,Amb,0.0,Amb,0.0,0.0,0.0,t_recall,,,,
5et5A_3ifaA,ShallowMsa_013,CCMpred,0.0017,0.0015,0.0017,0.0015,0.0002,0.0002,1,1,0,1.0,Amb,0.0002,Amb,0.0,0.0017,0.0015,t_recall,,,,
5et5A_3ifaA,ShallowMsa_014,CCMpred,0.0,0.0,0.0,0.0,0.0,0.0,1,0,0,0.0,Amb,0.0,Amb,0.0,0.0,0.0,t_recall,,,,
5et5A_3ifaA,ShallowMsa_015,CCMpred,0.0,0.0,0.0,0.0,0.0,0.0,1,0,0,0.0,Amb,0.0,Amb,0.0,0.0,0.0,t_recall,,,,
5et5A_3ifaA,ShallowMsa_016,CCMpred,0.0,0.0,0.0,0.0,0.0,0.0,1,0,0,0.0,Amb,0.0,Amb,0.0,0.0,0.0,t_recall,,,,
5et5A_3ifaA,ShallowMsa_017,CCMpred,0.0,0.0,0.0,0.0,0.0,0.0,1,0,0,0.0,Amb,0.0,Amb,0.0,0.0,0.0,t_recall,,,,
5et5A_3ifaA,ShallowMsa_018,CCMpred,0.0,0.0,0.0,0.0,0.0,0.0,1,0,0,0.0,Amb,0.0,Amb,0.0,0.0,0.0,t_recall,,,,
5et5A_3ifaA,ShallowMsa_019,CCMpred,0.0,0.0,0.0,0.0,0.0,0.0,1,0,0,0.0,Amb,0.0,Amb,0.0,0.0,0.0,t_recall,,,,
5et5A_3ifaA,ShallowMsa_000,DDG,-71.6381,-90.0695,-71.6381,-90.0695,18.4314,18.4314,10,10,0,1.0,F1,2.6979,F1,15.7335,,,ddg_kcal_per_mol(delta=1.0),18.4314,9.2671,71.6381,90.0695
5et5A_3ifaA,ShallowMsa_001,DDG,-84.1141,-101.3646,-84.1141,-101.3646,17.2505,17.2505,10,10,0,1.0,F1,1.517,F1,15.7335,,,ddg_kcal_per_mol(delta=1.0),17.2505,6.7086,84.1141,101.3646
5et5A_3ifaA,ShallowMsa_002,DDG,-68.8543,-86.9172,-68.8543,-86.9172,18.0629,18.0629,10,9,1,0.9,F1,2.3294,F1,15.7335,,,ddg_kcal_per_mol(delta=1.0),18.0629,8.3725,68.8543,86.9172
5et5A_3ifaA,ShallowMsa_003,DDG,-62.5653,-75.5877,-62.5653,-75.5877,13.0224,13.0224,10,9,1,0.9,F1,-2.7111,F2,15.7335,,,ddg_kcal_per_mol(delta=1.0),13.0224,6.3032,62.5653,75.5877
5et5A_3ifaA,ShallowMsa_004,DDG,-77.7277,-95.9122,-77.7277,-95.9122,18.1845,18.1845,10,10,0,1.0,F1,2.451,F1,15.7335,,,ddg_kcal_per_mol(delta=1.0),18.1845,8.8446,77.7277,95.9122
5et5A_3ifaA,ShallowMsa_005,DDG,-74.2919,-91.1061,-74.2919,-91.1061,16.8143,16.8143,10,10,0,1.0,F1,1.0808,F1,15.7335,,,ddg_kcal_per_mol(delta=1.0),16.8143,9.4505,74.2919,91.1061
5et5A_3ifaA,ShallowMsa_006,DDG,-62.1218,-77.3739,-62.1218,-77.3739,15.2521,15.2521,10,10,0,1.0,F1,-0.4814,Amb,15.7335,,,ddg_kcal_per_mol(delta=1.0),15.2521,5.4723,62.1218,77.3739
5et5A_3ifaA,ShallowMsa_007,DDG,-85.059,-100.9857,-85.059,-100.9857,15.9267,15.9267,10,10,0,1.0,F1,0.1932,Amb,15.7335,,,ddg_kcal_per_mol(delta=1.0),15.9267,9.2045,85.059,100.9857
5et5A_3ifaA,ShallowMsa_008,DDG,-80.2042,-95.6089,-80.2042,-95.6089,15.4047,15.4047,10,10,0,1.0,F1,-0.3288,Amb,15.7335,,,ddg_kcal_per_mol(delta=1.0),15.4047,9.9446,80.2042,95.6089
5et5A_3ifaA,ShallowMsa_009,DDG,-70.6378,-83.064,-70.6378,-83.064,12.4262,12.4262,10,10,0,1.0,F1,-3.3073,F2,15.7335,,,ddg_kcal_per_mol(delta=1.0),12.4262,4.2869,70.6378,83.064
5et5A_3ifaA,ShallowMsa_010,DDG,-66.4539,-78.4075,-66.4539,-78.4075,11.9536,11.9536,10,10,0,1.0,F1,-3.7799,F2,15.7335,,,ddg_kcal_per_mol(delta=1.0),11.9536,6.4239,66.4539,78.4075
5et5A_3ifaA,ShallowMsa_011,DDG,-69.5912,-83.6677,-69.5912,-83.6677,14.0765,14.0765,10,10,0,1.0,F1,-1.657,F2,15.7335,,,ddg_kcal_per_mol(delta=1.0),14.0765,8.7472,69.5912,83.6677
5et5A_3ifaA,ShallowMsa_012,DDG,-71.0106,-84.6086,-71.0106,-84.6086,13.598,13.598,10,10,0,1.0,F1,-2.1355,F2,15.7335,,,ddg_kcal_per_mol(delta=1.0),13.598,6.3952,71.0106,84.6086
5et5A_3ifaA,ShallowMsa_013,DDG,-81.223,-97.9983,-81.223,-97.9983,16.7754,16.7754,10,9,1,0.9,F1,1.0419,F1,15.7335,,,ddg_kcal_per_mol(delta=1.0),16.7754,8.604,81.223,97.9983
5et5A_3ifaA,ShallowMsa_014,DDG,-94.5211,-110.9711,-94.5211,-110.9711,16.45,16.45,10,10,0,1.0,F1,0.7165,Amb,15.7335,,,ddg_kcal_per_mol(delta=1.0),16.45,9.3625,94.5211,110.9711
5et5A_3ifaA,ShallowMsa_015,DDG,-64.9448,-78.0219,-64.9448,-78.0219,13.0771,13.0771,10,10,0,1.0,F1,-2.6564,F2,15.7335,,,ddg_kcal_per_mol(delta=1.0),13.0771,5.5219,64.9448,78.0219
5et5A_3ifaA,ShallowMsa_016,DDG,-75.5341,-91.7879,-75.5341,-91.7879,16.2538,16.2538,10,10,0,1.0,F1,0.5203,Amb,15.7335,,,ddg_kcal_per_mol(delta=1.0),16.2538,9.7246,75.5341,91.7879
5et5A_3ifaA,ShallowMsa_017,DDG,-67.9421,-83.4823,-67.9421,-83.4823,15.5402,15.5402,10,10,0,1.0,F1,-0.1933,Amb,15.7335,,,ddg_kcal_per_mol(delta=1.0),15.5402,5.0624,67.9421,83.4823
5et5A_3ifaA,ShallowMsa_018,DDG,-76.5297,-95.144,-76.5297,-95.144,18.6143,18.6143,10,9,1,0.9,F1,2.8808,F1,15.7335,,,ddg_kcal_per_mol(delta=1.0),18.6143,9.8228,76.5297,95.144
5et5A_3ifaA,ShallowMsa_019,DDG,-59.3153,-70.2572,-59.3153,-70.2572,10.9419,10.9419,10,10,0,1.0,F1,-4.7916,F2,15.7335,,,ddg_kcal_per_mol(delta=1.0),10.9419,5.7029,59.3153,70.2572
5et5A_3ifaA,ShallowMsa_000,Boltz2,0.2812,0.2605,0.2812,0.2605,0.0207,0.0207,1,1,0,1.0,Amb,0.042,Amb,-0.0213,,,,,,,
5et5A_3ifaA,ShallowMsa_001,Boltz2,0.5047,0.5397,0.5047,0.5397,-0.035,-0.035,1,0,1,0.0,Amb,-0.0137,Amb,-0.0213,,,,,,,
5et5A_3ifaA,ShallowMsa_002,Boltz2,0.2635,0.2724,0.2635,0.2724,-0.0089,-0.0089,1,0,1,0.0,Amb,0.0124,Amb,-0.0213,,,,,,,
5et5A_3ifaA,ShallowMsa_003,Boltz2,0.2943,0.3209,0.2943,0.3209,-0.0265,-0.0265,1,0,1,0.0,Amb,-0.0052,Amb,-0.0213,,,,,,,
5et5A_3ifaA,ShallowMsa_004,Boltz2,0.277,0.2908,0.277,0.2908,-0.0138,-0.0138,1,0,1,0.0,Amb,0.0075,Amb,-0.0213,,,,,,,
5et5A_3ifaA,ShallowMsa_005,Boltz2,0.4141,0.4597,0.4141,0.4597,-0.0456,-0.0456,1,0,1,0.0,Amb,-0.0243,Amb,-0.0213,,,,,,,
5et5A_3ifaA,ShallowMsa_006,Boltz2,0.3155,0.3425,0.3155,0.3425,-0.0271,-0.0271,1,0,1,0.0,Amb,-0.0058,Amb,-0.0213,,,,,,,
5et5A_3ifaA,ShallowMsa_007,Boltz2,0.301,0.2897,0.301,0.2897,0.0113,0.0113,1,1,0,1.0,Amb,0.0326,Amb,-0.0213,,,,,,,
5et5A_3ifaA,ShallowMsa_008,Boltz2,0.2406,0.2619,0.2406,0.2619,-0.0213,-0.0213,1,0,1,0.0,Amb,0.0,Amb,-0.0213,,,,,,,
5et5A_3ifaA,ShallowMsa_009,Boltz2,0.2616,0.2841,0.2616,0.2841,-0.0225,-0.0225,1,0,1,0.0,Amb,-0.0012,Amb,-0.0213,,,,,,,
5et5A_3ifaA,ShallowMsa_010,Boltz2,0.2591,0.2664,0.2591,0.2664,-0.0073,-0.0073,1,0,1,0.0,Amb,0.014,Amb,-0.0213,,,,,,,
5et5A_3ifaA,ShallowMsa_011,Boltz2,0.2932,0.3088,0.2932,0.3088,-0.0156,-0.0156,1,0,1,0.0,Amb,0.0057,Amb,-0.0213,,,,,,,
5et5A_3ifaA,ShallowMsa_012,Boltz2,0.3023,0.3147,0.3023,0.3147,-0.0124,-0.0124,1,0,1,0.0,Amb,0.0089,Amb,-0.0213,,,,,,,
5et5A_3ifaA,ShallowMsa_013,Boltz2,0.2888,0.3023,0.2888,0.3023,-0.0135,-0.0135,1,0,1,0.0,Amb,0.0078,Amb,-0.0213,,,,,,,
5et5A_3ifaA,ShallowMsa_015,Boltz2,0.2766,0.3061,0.2766,0.3061,-0.0295,-0.0295,1,0,1,0.0,Amb,-0.0082,Amb,-0.0213,,,,,,,
5et5A_3ifaA,ShallowMsa_016,Boltz2,0.4682,0.5161,0.4682,0.5161,-0.0479,-0.0479,1,0,1,0.0,Amb,-0.0266,Amb,-0.0213,,,,,,,
5et5A_3ifaA,ShallowMsa_017,Boltz2,0.2983,0.311,0.2983,0.311,-0.0127,-0.0127,1,0,1,0.0,Amb,0.0086,Amb,-0.0213,,,,,,,
5et5A_3ifaA,ShallowMsa_018,Boltz2,0.5256,0.5712,0.5256,0.5712,-0.0456,-0.0456,1,0,1,0.0,Amb,-0.0243,Amb,-0.0213,,,,,,,
5et5A_3ifaA,ShallowMsa_019,Boltz2,0.2519,0.2848,0.2519,0.2848,-0.0329,-0.0329,1,0,1,0.0,Amb,-0.0116,Amb,-0.0213,,,,,,,
5f5rB_5f3kA,DeepMsa,AF2,0.9382,0.7984,0.8917,0.7927,0.1398,0.0991,2,2,0,1.0,F1,0.1398,F1,0.0671,,,,,,,
5f5rB_5f3kA,ShallowMsa_000,AF2,0.9107,0.7822,0.8704,0.7799,0.1285,0.0905,2,2,0,1.0,F1,0.0614,F1,0.0671,,,,,,,
5f5rB_5f3kA,ShallowMsa_001,AF2,0.5978,0.6951,0.5862,0.6432,-0.0972,-0.057,2,0,2,0.0,F2,-0.1643,F2,0.0671,,,,,,,
5f5rB_5f3kA,ShallowMsa_002,AF2,0.8343,0.7672,0.783,0.7595,0.0671,0.0235,2,1,1,0.5,F1,0.0,Amb,0.0671,,,,,,,
5f5rB_5f3kA,ShallowMsa_003,AF2,0.6797,0.7981,0.6749,0.7874,-0.1184,-0.1124,2,0,2,0.0,F2,-0.1855,F2,0.0671,,,,,,,
5f5rB_5f3kA,ShallowMsa_004,AF2,0.7864,0.7718,0.7442,0.7715,0.0146,-0.0273,2,1,1,0.5,Amb,-0.0525,F2,0.0671,,,,,,,
5f5rB_5f3kA,ShallowMsa_005,AF2,0.666,0.7436,0.6595,0.7425,-0.0776,-0.0829,2,0,2,0.0,F2,-0.1447,F2,0.0671,,,,,,,
5f5rB_5f3kA,ShallowMsa_006,AF2,0.7786,0.7376,0.7593,0.7287,0.041,0.0306,2,2,0,1.0,Amb,-0.0261,Amb,0.0671,,,,,,,
5f5rB_5f3kA,ShallowMsa_007,AF2,0.7288,0.7696,0.718,0.7561,-0.0408,-0.0381,2,0,2,0.0,Amb,-0.1079,F2,0.0671,,,,,,,
5f5rB_5f3kA,ShallowMsa_008,AF2,0.8163,0.7468,0.8122,0.7327,0.0695,0.0794,2,2,0,1.0,F1,0.0024,Amb,0.0671,,,,,,,
5f5rB_5f3kA,ShallowMsa_009,AF2,0.852,0.7364,0.7739,0.7302,0.1155,0.0437,2,1,1,0.5,F1,0.0484,Amb,0.0671,,,,,,,
5f5rB_5f3kA,ShallowMsa_010,AF2,0.843,0.7585,0.7609,0.7345,0.0846,0.0263,2,1,1,0.5,F1,0.0175,Amb,0.0671,,,,,,,
5f5rB_5f3kA,ShallowMsa_011,AF2,0.8111,0.7258,0.795,0.7222,0.0853,0.0728,2,2,0,1.0,F1,0.0182,Amb,0.0671,,,,,,,
5f5rB_5f3kA,ShallowMsa_012,AF2,0.9443,0.7936,0.8968,0.787,0.1507,0.1098,2,2,0,1.0,F1,0.0836,F1,0.0671,,,,,,,
5f5rB_5f3kA,ShallowMsa_013,AF2,0.7529,0.7293,0.7159,0.7229,0.0236,-0.007,2,1,1,0.5,Amb,-0.0435,Amb,0.0671,,,,,,,
5f5rB_5f3kA,ShallowMsa_014,AF2,0.7938,0.7484,0.7653,0.7471,0.0453,0.0182,2,1,1,0.5,Amb,-0.0218,Amb,0.0671,,,,,,,
5f5rB_5f3kA,ShallowMsa_015,AF2,0.8102,0.7091,0.751,0.7069,0.1011,0.044,2,1,1,0.5,F1,0.034,Amb,0.0671,,,,,,,
5f5rB_5f3kA,ShallowMsa_016,AF2,0.6987,0.7247,0.6972,0.7198,-0.026,-0.0225,2,0,2,0.0,Amb,-0.0931,F2,0.0671,,,,,,,
5f5rB_5f3kA,ShallowMsa_017,AF2,0.8344,0.7606,0.8109,0.7575,0.0738,0.0533,2,2,0,1.0,F1,0.0067,Amb,0.0671,,,,,,,
5f5rB_5f3kA,ShallowMsa_018,AF2,0.8432,0.7658,0.8323,0.7639,0.0774,0.0685,2,2,0,1.0,F1,0.0103,Amb,0.0671,,,,,,,
5f5rB_5f3kA,DeepMsa,AF3,0.9283,0.795,0.8728,0.793,0.1332,0.0798,2,2,0,1.0,F1,0.1332,F1,0.0517,,,,,,,
5f5rB_5f3kA,ShallowMsa_000,AF3,0.8236,0.7719,0.7874,0.7686,0.0517,0.0188,2,1,1,0.5,F1,0.0,Amb,0.0517,,,,,,,
5f5rB_5f3kA,ShallowMsa_001,AF3,0.641,0.6839,0.6146,0.653,-0.043,-0.0384,2,0,2,0.0,Amb,-0.0947,F2,0.0517,,,,,,,
5f5rB_5f3kA,ShallowMsa_002,AF3,0.8259,0.7715,0.8005,0.7632,0.0544,0.0373,2,2,0,1.0,F1,0.0027,Amb,0.0517,,,,,,,
5f5rB_5f3kA,ShallowMsa_003,AF3,0.6931,0.7713,0.6865,0.7501,-0.0782,-0.0636,2,0,2,0.0,F2,-0.1299,F2,0.0517,,,,,,,
5f5rB_5f3kA,ShallowMsa_004,AF3,0.7082,0.7785,0.697,0.7762,-0.0703,-0.0792,2,0,2,0.0,F2,-0.122,F2,0.0517,,,,,,,
5f5rB_5f3kA,ShallowMsa_005,AF3,0.7285,0.7266,0.7065,0.726,0.0019,-0.0195,2,1,1,0.5,Amb,-0.0498,Amb,0.0517,,,,,,,
5f5rB_5f3kA,ShallowMsa_006,AF3,0.7799,0.7257,0.7268,0.7196,0.0543,0.0072,2,1,1,0.5,F1,0.0026,Amb,0.0517,,,,,,,
5f5rB_5f3kA,ShallowMsa_007,AF3,0.714,0.7898,0.7097,0.7718,-0.0758,-0.0621,2,0,2,0.0,F2,-0.1275,F2,0.0517,,,,,,,
5f5rB_5f3kA,ShallowMsa_008,AF3,0.7832,0.7362,0.7823,0.7232,0.0471,0.0592,2,2,0,1.0,Amb,-0.0046,Amb,0.0517,,,,,,,
5f5rB_5f3kA,ShallowMsa_009,AF3,0.8418,0.7379,0.7671,0.7306,0.1039,0.0365,2,1,1,0.5,F1,0.0522,F1,0.0517,,,,,,,
5f5rB_5f3kA,ShallowMsa_010,AF3,0.8247,0.7666,0.7483,0.7354,0.0582,0.0128,2,1,1,0.5,F1,0.0065,Amb,0.0517,,,,,,,
5f5rB_5f3kA,ShallowMsa_011,AF3,0.8002,0.729,0.7718,0.7251,0.0712,0.0467,2,2,0,1.0,F1,0.0195,Amb,0.0517,,,,,,,
5f5rB_5f3kA,ShallowMsa_012,AF3,0.9142,0.7902,0.868,0.786,0.1241,0.082,2,2,0,1.0,F1,0.0724,F1,0.0517,,,,,,,
5f5rB_5f3kA,ShallowMsa_013,AF3,0.6846,0.7193,0.674,0.7075,-0.0347,-0.0335,2,0,2,0.0,Amb,-0.0864,F2,0.0517,,,,,,,
5f5rB_5f3kA,ShallowMsa_014,AF3,0.7063,0.7426,0.6994,0.7355,-0.0363,-0.036,2,0,2,0.0,Amb,-0.088,F2,0.0517,,,,,,,
5f5rB_5f3kA,ShallowMsa_015,AF3,0.7857,0.7124,0.7322,0.6943,0.0733,0.0379,2,2,0,1.0,F1,0.0216,Amb,0.0517,,,,,,,
5f5rB_5f3kA,ShallowMsa_016,AF3,0.7059,0.7243,0.6972,0.719,-0.0183,-0.0217,2,0,2,0.0,Amb,-0.07,F2,0.0517,,,,,,,
5f5rB_5f3kA,ShallowMsa_017,AF3,0.8375,0.765,0.7728,0.7545,0.0725,0.0183,2,1,1,0.5,F1,0.0208,Amb,0.0517,,,,,,,
5f5rB_5f3kA,ShallowMsa_018,AF3,0.837,0.7667,0.8255,0.7646,0.0703,0.0608,2,2,0,1.0,F1,0.0186,Amb,0.0517,,,,,,,
5f5rB_5f3kA,ShallowMsa_000,ESM,0.8454,0.7604,0.5395,0.554,0.0849,-0.0145,20,6,14,0.3,Amb,0.0296,Amb,0.0553,,,,,,,
5f5rB_5f3kA,ShallowMsa_001,ESM,0.7287,0.7405,0.5133,0.5277,-0.0119,-0.0144,20,4,16,0.2,Amb,-0.0672,F2,0.0553,,,,,,,
5f5rB_5f3kA,ShallowMsa_002,ESM,0.8676,0.7707,0.5862,0.5858,0.0969,0.0004,20,12,8,0.6,Amb,0.0416,Amb,0.0553,,,,,,,
5f5rB_5f3kA,ShallowMsa_003,ESM,0.8052,0.7766,0.5201,0.5307,0.0286,-0.0106,20,8,12,0.4,Amb,-0.0267,Amb,0.0553,,,,,,,
5f5rB_5f3kA,ShallowMsa_004,ESM,0.8171,0.7797,0.5118,0.5109,0.0375,0.0008,20,7,13,0.35,Amb,-0.0178,Amb,0.0553,,,,,,,
5f5rB_5f3kA,ShallowMsa_005,ESM,0.7811,0.7374,0.504,0.5068,0.0437,-0.0028,20,11,9,0.55,Amb,-0.0116,Amb,0.0553,,,,,,,
5f5rB_5f3kA,ShallowMsa_006,ESM,0.8271,0.7577,0.5158,0.5075,0.0694,0.0083,20,10,10,0.5,Amb,0.0141,Amb,0.0553,,,,,,,
5f5rB_5f3kA,ShallowMsa_007,ESM,0.7729,0.7545,0.4985,0.5081,0.0183,-0.0096,20,3,17,0.15,Amb,-0.037,Amb,0.0553,,,,,,,
5f5rB_5f3kA,ShallowMsa_008,ESM,0.8193,0.7477,0.5371,0.5411,0.0716,-0.004,20,6,14,0.3,Amb,0.0163,Amb,0.0553,,,,,,,
5f5rB_5f3kA,ShallowMsa_009,ESM,0.7567,0.7388,0.5615,0.5698,0.0179,-0.0083,20,10,10,0.5,Amb,-0.0374,Amb,0.0553,,,,,,,
5f5rB_5f3kA,ShallowMsa_010,ESM,0.828,0.7598,0.562,0.5605,0.0682,0.0015,20,10,10,0.5,Amb,0.0129,Amb,0.0553,,,,,,,
5f5rB_5f3kA,ShallowMsa_011,ESM,0.8068,0.7573,0.5221,0.5237,0.0495,-0.0016,20,14,6,0.7,Amb,-0.0058,Amb,0.0553,,,,,,,
5f5rB_5f3kA,ShallowMsa_012,ESM,0.8709,0.7904,0.5057,0.5304,0.0805,-0.0247,20,2,18,0.1,Amb,0.0252,Amb,0.0553,,,,,,,
5f5rB_5f3kA,ShallowMsa_013,ESM,0.8095,0.7683,0.5906,0.5832,0.0412,0.0074,20,14,6,0.7,Amb,-0.0141,Amb,0.0553,,,,,,,
5f5rB_5f3kA,ShallowMsa_014,ESM,0.8198,0.7487,0.5307,0.5246,0.0712,0.0061,20,8,12,0.4,Amb,0.0159,Amb,0.0553,,,,,,,
5f5rB_5f3kA,ShallowMsa_015,ESM,0.8225,0.7672,0.5375,0.5324,0.0553,0.0051,20,10,10,0.5,Amb,0.0,Amb,0.0553,,,,,,,
5f5rB_5f3kA,ShallowMsa_016,ESM,0.8058,0.7822,0.5817,0.5721,0.0235,0.0096,20,12,8,0.6,Amb,-0.0318,Amb,0.0553,,,,,,,
5f5rB_5f3kA,ShallowMsa_017,ESM,0.8585,0.7748,0.5492,0.5271,0.0837,0.0221,20,10,10,0.5,Amb,0.0284,Amb,0.0553,,,,,,,
5f5rB_5f3kA,ShallowMsa_018,ESM,0.8586,0.7607,0.5579,0.5593,0.0979,-0.0015,20,8,12,0.4,Amb,0.0426,Amb,0.0553,,,,,,,
5f5rB_5f3kA,DeepMsa,MSAT,0.0186,0.0225,0.0186,0.0225,-0.0039,-0.0039,1,0,1,0.0,Amb,-0.0039,Amb,-0.0006,0.0186,0.0225,t_recall,,,,
5f5rB_5f3kA,ShallowMsa_000,MSAT,0.0,0.0,0.0,0.0,0.0,0.0,1,0,0,0.0,Amb,0.0006,Amb,-0.0006,0.0,0.0,t_recall,,,,
5f5rB_5f3kA,ShallowMsa_001,MSAT,0.0027,0.0065,0.0027,0.0065,-0.0038,-0.0038,1,0,1,0.0,Amb,-0.0032,Amb,-0.0006,0.0027,0.0065,t_recall,,,,
5f5rB_5f3kA,ShallowMsa_002,MSAT,0.0048,0.0058,0.0048,0.0058,-0.001,-0.001,1,0,1,0.0,Amb,-0.0004,Amb,-0.0006,0.0048,0.0058,t_recall,,,,
5f5rB_5f3kA,ShallowMsa_003,MSAT,0.0377,0.0387,0.0377,0.0387,-0.001,-0.001,1,0,1,0.0,Amb,-0.0004,Amb,-0.0006,0.0377,0.0387,t_recall,,,,
5f5rB_5f3kA,ShallowMsa_004,MSAT,0.0,0.0,0.0,0.0,0.0,0.0,1,0,0,0.0,Amb,0.0006,Amb,-0.0006,0.0,0.0,t_recall,,,,
5f5rB_5f3kA,ShallowMsa_005,MSAT,0.0,0.0,0.0,0.0,0.0,0.0,1,0,0,0.0,Amb,0.0006,Amb,-0.0006,0.0,0.0,t_recall,,,,
5f5rB_5f3kA,ShallowMsa_006,MSAT,0.0054,0.0097,0.0054,0.0097,-0.0043,-0.0043,1,0,1,0.0,Amb,-0.0037,Amb,-0.0006,0.0054,0.0097,t_recall,,,,
5f5rB_5f3kA,ShallowMsa_007,MSAT,0.0,0.0,0.0,0.0,0.0,0.0,1,0,0,0.0,Amb,0.0006,Amb,-0.0006,0.0,0.0,t_recall,,,,
5f5rB_5f3kA,ShallowMsa_008,MSAT,0.0078,0.0093,0.0078,0.0093,-0.0015,-0.0015,1,0,1,0.0,Amb,-0.0009,Amb,-0.0006,0.0078,0.0093,t_recall,,,,
5f5rB_5f3kA,ShallowMsa_009,MSAT,0.0054,0.0,0.0054,0.0,0.0054,0.0054,1,1,0,1.0,Amb,0.006,Amb,-0.0006,0.0054,0.0,t_recall,,,,
5f5rB_5f3kA,ShallowMsa_010,MSAT,0.0027,0.0065,0.0027,0.0065,-0.0038,-0.0038,1,0,1,0.0,Amb,-0.0032,Amb,-0.0006,0.0027,0.0065,t_recall,,,,
5f5rB_5f3kA,ShallowMsa_011,MSAT,0.0027,0.0065,0.0027,0.0065,-0.0038,-0.0038,1,0,1,0.0,Amb,-0.0032,Amb,-0.0006,0.0027,0.0065,t_recall,,,,
5f5rB_5f3kA,ShallowMsa_012,MSAT,0.0116,0.0112,0.0116,0.0112,0.0004,0.0004,1,1,0,1.0,Amb,0.001,Amb,-0.0006,0.0116,0.0112,t_recall,,,,
5f5rB_5f3kA,ShallowMsa_013,MSAT,0.0162,0.0161,0.0162,0.0161,0.0001,0.0001,1,1,0,1.0,Amb,0.0007,Amb,-0.0006,0.0162,0.0161,t_recall,,,,
5f5rB_5f3kA,ShallowMsa_014,MSAT,0.0296,0.029,0.0296,0.029,0.0006,0.0006,1,1,0,1.0,Amb,0.0012,Amb,-0.0006,0.0296,0.029,t_recall,,,,
5f5rB_5f3kA,ShallowMsa_015,MSAT,0.0027,0.0033,0.0027,0.0033,-0.0006,-0.0006,1,0,1,0.0,Amb,0.0,Amb,-0.0006,0.0027,0.0033,t_recall,,,,
5f5rB_5f3kA,ShallowMsa_016,MSAT,0.0,0.0,0.0,0.0,0.0,0.0,1,0,0,0.0,Amb,0.0006,Amb,-0.0006,0.0,0.0,t_recall,,,,
5f5rB_5f3kA,ShallowMsa_017,MSAT,0.0,0.0065,0.0,0.0065,-0.0065,-0.0065,1,0,1,0.0,Amb,-0.0059,Amb,-0.0006,0.0,0.0065,t_recall,,,,
5f5rB_5f3kA,ShallowMsa_018,MSAT,0.0,0.0065,0.0,0.0065,-0.0065,-0.0065,1,0,1,0.0,Amb,-0.0059,Amb,-0.0006,0.0,0.0065,t_recall,,,,
5f5rB_5f3kA,ShallowMsa_000,DDG,-69.8132,-56.1181,-69.8132,-56.1181,-13.6951,-13.6951,10,0,10,0.0,F2,1.5098,F1,-15.2049,,,ddg_kcal_per_mol(delta=1.0),-13.6951,6.7084,69.8132,56.1181
5f5rB_5f3kA,ShallowMsa_001,DDG,-76.109,-61.2567,-76.109,-61.2567,-14.8523,-14.8523,10,0,10,0.0,F2,0.3526,Amb,-15.2049,,,ddg_kcal_per_mol(delta=1.0),-14.8523,7.3664,76.109,61.2567
5f5rB_5f3kA,ShallowMsa_002,DDG,-78.7435,-60.8789,-78.7435,-60.8789,-17.8646,-17.8646,10,0,10,0.0,F2,-2.6597,F2,-15.2049,,,ddg_kcal_per_mol(delta=1.0),-17.8646,10.5593,78.7435,60.8789
5f5rB_5f3kA,ShallowMsa_003,DDG,-72.0902,-55.0941,-72.0902,-55.0941,-16.9962,-16.9962,10,0,10,0.0,F2,-1.7913,F2,-15.2049,,,ddg_kcal_per_mol(delta=1.0),-16.9962,10.1681,72.0902,55.0941
5f5rB_5f3kA,ShallowMsa_004,DDG,-74.744,-57.5935,-74.744,-57.5935,-17.1505,-17.1505,10,0,10,0.0,F2,-1.9456,F2,-15.2049,,,ddg_kcal_per_mol(delta=1.0),-17.1505,7.4107,74.744,57.5935
5f5rB_5f3kA,ShallowMsa_005,DDG,-61.1277,-49.5872,-61.1277,-49.5872,-11.5405,-11.5405,10,0,10,0.0,F2,3.6644,F1,-15.2049,,,ddg_kcal_per_mol(delta=1.0),-11.5405,7.3521,61.1277,49.5872
5f5rB_5f3kA,ShallowMsa_006,DDG,-62.6782,-49.7153,-62.6782,-49.7153,-12.9629,-12.9629,10,0,10,0.0,F2,2.242,F1,-15.2049,,,ddg_kcal_per_mol(delta=1.0),-12.9629,4.7393,62.6782,49.7153
5f5rB_5f3kA,ShallowMsa_007,DDG,-72.0676,-55.9548,-72.0676,-55.9548,-16.1128,-16.1128,10,0,10,0.0,F2,-0.9079,Amb,-15.2049,,,ddg_kcal_per_mol(delta=1.0),-16.1128,6.292,72.0676,55.9548
5f5rB_5f3kA,ShallowMsa_008,DDG,-72.7865,-57.5816,-72.7865,-57.5816,-15.2049,-15.2049,10,0,10,0.0,F2,0.0,Amb,-15.2049,,,ddg_kcal_per_mol(delta=1.0),-15.2049,6.4995,72.7865,57.5816
5f5rB_5f3kA,ShallowMsa_009,DDG,-75.211,-59.5467,-75.211,-59.5467,-15.6643,-15.6643,10,1,9,0.1,F2,-0.4594,Amb,-15.2049,,,ddg_kcal_per_mol(delta=1.0),-15.6643,8.6328,75.211,59.5467
5f5rB_5f3kA,ShallowMsa_010,DDG,-75.3898,-59.469,-75.3898,-59.469,-15.9208,-15.9208,10,0,10,0.0,F2,-0.7159,Amb,-15.2049,,,ddg_kcal_per_mol(delta=1.0),-15.9208,6.3276,75.3898,59.469
5f5rB_5f3kA,ShallowMsa_011,DDG,-68.7772,-55.2691,-68.7772,-55.2691,-13.5081,-13.5081,10,1,9,0.1,F2,1.6968,F1,-15.2049,,,ddg_kcal_per_mol(delta=1.0),-13.5081,6.5963,68.7772,55.2691
5f5rB_5f3kA,ShallowMsa_012,DDG,-61.2796,-48.0686,-61.2796,-48.0686,-13.211,-13.211,10,0,10,0.0,F2,1.9939,F1,-15.2049,,,ddg_kcal_per_mol(delta=1.0),-13.211,8.4012,61.2796,48.0686
5f5rB_5f3kA,ShallowMsa_013,DDG,-72.3947,-55.2333,-72.3947,-55.2333,-17.1614,-17.1614,10,0,10,0.0,F2,-1.9565,F2,-15.2049,,,ddg_kcal_per_mol(delta=1.0),-17.1614,5.5991,72.3947,55.2333
5f5rB_5f3kA,ShallowMsa_014,DDG,-65.0491,-53.7864,-65.0491,-53.7864,-11.2628,-11.2628,10,0,10,0.0,F2,3.9421,F1,-15.2049,,,ddg_kcal_per_mol(delta=1.0),-11.2628,4.1365,65.0491,53.7864
5f5rB_5f3kA,ShallowMsa_015,DDG,-65.566,-52.2946,-65.566,-52.2946,-13.2714,-13.2714,10,0,10,0.0,F2,1.9335,F1,-15.2049,,,ddg_kcal_per_mol(delta=1.0),-13.2714,5.0739,65.566,52.2946
5f5rB_5f3kA,ShallowMsa_016,DDG,-73.7432,-58.2423,-73.7432,-58.2423,-15.5009,-15.5009,10,0,10,0.0,F2,-0.296,Amb,-15.2049,,,ddg_kcal_per_mol(delta=1.0),-15.5009,5.4982,73.7432,58.2423
5f5rB_5f3kA,ShallowMsa_017,DDG,-56.817,-47.0209,-56.817,-47.0209,-9.7961,-9.7961,10,1,9,0.1,F2,5.4088,F1,-15.2049,,,ddg_kcal_per_mol(delta=1.0),-9.7961,7.201,56.817,47.0209
5f5rB_5f3kA,ShallowMsa_018,DDG,-67.0583,-50.1107,-67.0583,-50.1107,-16.9475,-16.9475,10,0,10,0.0,F2,-1.7426,F2,-15.2049,,,ddg_kcal_per_mol(delta=1.0),-16.9475,9.0958,67.0583,50.1107
5f5rB_5f3kA,ShallowMsa_000,Boltz2,0.7343,0.7241,0.7343,0.7241,0.0103,0.0103,1,1,0,1.0,Amb,-0.0548,F2,0.0651,,,,,,,
5f5rB_5f3kA,ShallowMsa_001,Boltz2,0.3306,0.3251,0.3306,0.3251,0.0055,0.0055,1,1,0,1.0,Amb,-0.0596,F2,0.0651,,,,,,,
5f5rB_5f3kA,ShallowMsa_002,Boltz2,0.7969,0.702,0.7969,0.702,0.0948,0.0948,1,1,0,1.0,F1,0.0297,Amb,0.0651,,,,,,,
5f5rB_5f3kA,ShallowMsa_003,Boltz2,0.6952,0.6513,0.6952,0.6513,0.0439,0.0439,1,1,0,1.0,Amb,-0.0212,Amb,0.0651,,,,,,,
5f5rB_5f3kA,ShallowMsa_005,Boltz2,0.8293,0.6784,0.8293,0.6784,0.1509,0.1509,1,1,0,1.0,F1,0.0858,F1,0.0651,,,,,,,
5f5rB_5f3kA,ShallowMsa_006,Boltz2,0.661,0.6743,0.661,0.6743,-0.0133,-0.0133,1,0,1,0.0,Amb,-0.0784,F2,0.0651,,,,,,,
5f5rB_5f3kA,ShallowMsa_008,Boltz2,0.7368,0.6726,0.7368,0.6726,0.0642,0.0642,1,1,0,1.0,F1,-0.0009,Amb,0.0651,,,,,,,
5f5rB_5f3kA,ShallowMsa_009,Boltz2,0.7964,0.7031,0.7964,0.7031,0.0934,0.0934,1,1,0,1.0,F1,0.0283,Amb,0.0651,,,,,,,
5f5rB_5f3kA,ShallowMsa_010,Boltz2,0.7672,0.691,0.7672,0.691,0.0762,0.0762,1,1,0,1.0,F1,0.0111,Amb,0.0651,,,,,,,
5f5rB_5f3kA,ShallowMsa_011,Boltz2,0.6825,0.6569,0.6825,0.6569,0.0256,0.0256,1,1,0,1.0,Amb,-0.0395,Amb,0.0651,,,,,,,
5f5rB_5f3kA,ShallowMsa_012,Boltz2,0.7701,0.7042,0.7701,0.7042,0.066,0.066,1,1,0,1.0,F1,0.0009,Amb,0.0651,,,,,,,
5f5rB_5f3kA,ShallowMsa_013,Boltz2,0.6665,0.6799,0.6665,0.6799,-0.0135,-0.0135,1,0,1,0.0,Amb,-0.0786,F2,0.0651,,,,,,,
5f5rB_5f3kA,ShallowMsa_014,Boltz2,0.8059,0.6963,0.8059,0.6963,0.1096,0.1096,1,1,0,1.0,F1,0.0445,Amb,0.0651,,,,,,,
5f5rB_5f3kA,ShallowMsa_015,Boltz2,0.7382,0.6679,0.7382,0.6679,0.0703,0.0703,1,1,0,1.0,F1,0.0052,Amb,0.0651,,,,,,,
5f5rB_5f3kA,ShallowMsa_017,Boltz2,0.7787,0.7072,0.7787,0.7072,0.0715,0.0715,1,1,0,1.0,F1,0.0064,Amb,0.0651,,,,,,,
5f5rB_5f3kA,ShallowMsa_018,Boltz2,0.7192,0.667,0.7192,0.667,0.0523,0.0523,1,1,0,1.0,F1,-0.0128,Amb,0.0651,,,,,,,
5hk5H_4jphB,DeepMsa,AF2,0.7251,0.8034,0.7075,0.8026,-0.0783,-0.0951,2,0,2,0.0,F2,-0.0783,F2,-0.0229,,,,,,,
5hk5H_4jphB,ShallowMsa_000,AF2,0.6387,0.6509,0.636,0.644,-0.0122,-0.008,2,0,2,0.0,Amb,0.0107,Amb,-0.0229,,,,,,,
5hk5H_4jphB,ShallowMsa_001,AF2,0.338,0.3664,0.3318,0.363,-0.0284,-0.0312,2,0,2,0.0,Amb,-0.0055,Amb,-0.0229,,,,,,,
5hk5H_4jphB,ShallowMsa_002,AF2,0.338,0.3664,0.3318,0.363,-0.0284,-0.0312,2,0,2,0.0,Amb,-0.0055,Amb,-0.0229,,,,,,,
5hk5H_4jphB,ShallowMsa_003,AF2,0.6552,0.7572,0.6497,0.7511,-0.1021,-0.1013,2,0,2,0.0,F2,-0.0791,F2,-0.0229,,,,,,,
5hk5H_4jphB,ShallowMsa_004,AF2,0.6769,0.6657,0.6345,0.6306,0.0112,0.0039,2,1,1,0.5,Amb,0.0341,Amb,-0.0229,,,,,,,
5hk5H_4jphB,ShallowMsa_005,AF2,0.6146,0.7113,0.6052,0.7056,-0.0966,-0.1004,2,0,2,0.0,F2,-0.0737,F2,-0.0229,,,,,,,
5hk5H_4jphB,ShallowMsa_006,AF2,0.3872,0.4084,0.3872,0.4084,-0.0212,-0.0212,2,0,2,0.0,Amb,0.0017,Amb,-0.0229,,,,,,,
5hk5H_4jphB,ShallowMsa_007,AF2,0.5702,0.562,0.546,0.5354,0.0082,0.0105,2,2,0,1.0,Amb,0.0311,Amb,-0.0229,,,,,,,
5hk5H_4jphB,ShallowMsa_008,AF2,0.549,0.5737,0.5455,0.5718,-0.0247,-0.0263,2,0,2,0.0,Amb,-0.0018,Amb,-0.0229,,,,,,,
5hk5H_4jphB,ShallowMsa_009,AF2,0.6195,0.6287,0.616,0.6237,-0.0091,-0.0076,2,0,2,0.0,Amb,0.0138,Amb,-0.0229,,,,,,,
5hk5H_4jphB,ShallowMsa_010,AF2,0.6909,0.6753,0.6804,0.6695,0.0156,0.0108,2,2,0,1.0,Amb,0.0386,Amb,-0.0229,,,,,,,
5hk5H_4jphB,ShallowMsa_011,AF2,0.6161,0.6519,0.6116,0.6486,-0.0358,-0.037,2,0,2,0.0,Amb,-0.0129,Amb,-0.0229,,,,,,,
5hk5H_4jphB,DeepMsa,AF3,0.6773,0.9316,0.6681,0.9281,-0.2542,-0.26,2,0,2,0.0,F2,-0.2542,F2,-0.0226,,,,,,,
5hk5H_4jphB,ShallowMsa_000,AF3,0.5107,0.5607,0.5098,0.5297,-0.05,-0.0199,2,1,1,0.5,Amb,-0.0274,Amb,-0.0226,,,,,,,
5hk5H_4jphB,ShallowMsa_001,AF3,0.4093,0.4179,0.3774,0.393,-0.0086,-0.0156,2,0,2,0.0,Amb,0.014,Amb,-0.0226,,,,,,,
5hk5H_4jphB,ShallowMsa_002,AF3,0.4093,0.4179,0.4086,0.4156,-0.0086,-0.007,2,0,2,0.0,Amb,0.014,Amb,-0.0226,,,,,,,
5hk5H_4jphB,ShallowMsa_003,AF3,0.7247,0.7608,0.7155,0.7598,-0.0361,-0.0444,2,0,2,0.0,Amb,-0.0135,Amb,-0.0226,,,,,,,
5hk5H_4jphB,ShallowMsa_004,AF3,0.6711,0.7975,0.6663,0.7867,-0.1264,-0.1204,2,0,2,0.0,F2,-0.1038,F2,-0.0226,,,,,,,
5hk5H_4jphB,ShallowMsa_005,AF3,0.6225,0.6376,0.6008,0.6266,-0.0151,-0.0258,2,0,2,0.0,Amb,0.0075,Amb,-0.0226,,,,,,,
5hk5H_4jphB,ShallowMsa_006,AF3,0.3475,0.3734,0.3475,0.3734,-0.0259,-0.0259,2,0,2,0.0,Amb,-0.0032,Amb,-0.0226,,,,,,,
5hk5H_4jphB,ShallowMsa_007,AF3,0.521,0.528,0.5173,0.5252,-0.007,-0.0079,2,0,2,0.0,Amb,0.0157,Amb,-0.0226,,,,,,,
5hk5H_4jphB,ShallowMsa_008,AF3,0.5856,0.6344,0.5768,0.6227,-0.0488,-0.0459,2,0,2,0.0,Amb,-0.0262,Amb,-0.0226,,,,,,,
5hk5H_4jphB,ShallowMsa_009,AF3,0.5593,0.6157,0.5483,0.6096,-0.0564,-0.0613,2,0,2,0.0,F2,-0.0338,Amb,-0.0226,,,,,,,
5hk5H_4jphB,ShallowMsa_010,AF3,0.6811,0.6968,0.674,0.6956,-0.0157,-0.0216,2,0,2,0.0,Amb,0.007,Amb,-0.0226,,,,,,,
5hk5H_4jphB,ShallowMsa_011,AF3,0.6139,0.6333,0.5978,0.6224,-0.0194,-0.0246,2,0,2,0.0,Amb,0.0032,Amb,-0.0226,,,,,,,
5hk5H_4jphB,ShallowMsa_000,ESM,0.6419,0.6336,0.4448,0.4627,0.0083,-0.0179,20,8,12,0.4,Amb,0.067,F1,-0.0587,,,,,,,
5hk5H_4jphB,ShallowMsa_001,ESM,0.6344,0.6264,0.4788,0.4891,0.008,-0.0103,20,5,15,0.25,Amb,0.0667,F1,-0.0587,,,,,,,
5hk5H_4jphB,ShallowMsa_002,ESM,0.6344,0.6264,0.4788,0.4891,0.008,-0.0103,20,5,15,0.25,Amb,0.0667,F1,-0.0587,,,,,,,
5hk5H_4jphB,ShallowMsa_003,ESM,0.6907,0.7713,0.598,0.6523,-0.0807,-0.0543,20,0,20,0.0,F2,-0.022,Amb,-0.0587,,,,,,,
5hk5H_4jphB,ShallowMsa_004,ESM,0.7173,0.7777,0.5251,0.576,-0.0604,-0.051,20,2,18,0.1,F2,-0.0017,Amb,-0.0587,,,,,,,
5hk5H_4jphB,ShallowMsa_005,ESM,0.617,0.7054,0.5489,0.6459,-0.0884,-0.097,20,0,20,0.0,F2,-0.0297,Amb,-0.0587,,,,,,,
5hk5H_4jphB,ShallowMsa_006,ESM,0.6281,0.644,0.5835,0.5879,-0.0159,-0.0044,20,8,12,0.4,Amb,0.0428,Amb,-0.0587,,,,,,,
5hk5H_4jphB,ShallowMsa_007,ESM,0.6946,0.743,0.5444,0.5779,-0.0485,-0.0335,20,3,17,0.15,Amb,0.0102,Amb,-0.0587,,,,,,,
5hk5H_4jphB,ShallowMsa_008,ESM,0.6503,0.7355,0.595,0.6911,-0.0852,-0.0961,20,0,20,0.0,F2,-0.0265,Amb,-0.0587,,,,,,,
5hk5H_4jphB,ShallowMsa_009,ESM,0.6899,0.7362,0.5987,0.6766,-0.0463,-0.0778,20,0,20,0.0,F2,0.0124,Amb,-0.0587,,,,,,,
5hk5H_4jphB,ShallowMsa_010,ESM,0.679,0.7377,0.552,0.5935,-0.0587,-0.0415,20,2,18,0.1,Amb,0.0,Amb,-0.0587,,,,,,,
5hk5H_4jphB,ShallowMsa_011,ESM,0.64,0.7178,0.5781,0.6629,-0.0779,-0.0847,20,0,20,0.0,F2,-0.0192,Amb,-0.0587,,,,,,,
5hk5H_4jphB,ShallowMsa_012,ESM,0.6883,0.7359,0.5993,0.6775,-0.0476,-0.0782,10,0,10,0.0,F2,0.0111,Amb,-0.0587,,,,,,,
5hk5H_4jphB,ShallowMsa_013,ESM,0.6479,0.7121,0.5953,0.6453,-0.0642,-0.05,10,1,9,0.1,F2,-0.0055,Amb,-0.0587,,,,,,,
5hk5H_4jphB,ShallowMsa_014,ESM,0.6392,0.7173,0.5782,0.6628,-0.0781,-0.0846,10,0,10,0.0,F2,-0.0194,Amb,-0.0587,,,,,,,
5hk5H_4jphB,DeepMsa,MSAT,0.3333,0.3229,0.3333,0.3229,0.0104,0.0104,1,1,0,1.0,Amb,0.0104,Amb,0.0,0.3333,0.3229,t_recall,,,,
5hk5H_4jphB,ShallowMsa_000,MSAT,0.1475,0.1408,0.1475,0.1408,0.0067,0.0067,1,1,0,1.0,Amb,0.0067,Amb,0.0,0.1475,0.1408,t_recall,,,,
5hk5H_4jphB,ShallowMsa_001,MSAT,0.0109,0.0096,0.0109,0.0096,0.0013,0.0013,1,1,0,1.0,Amb,0.0013,Amb,0.0,0.0109,0.0096,t_recall,,,,
5hk5H_4jphB,ShallowMsa_002,MSAT,0.0,0.0,0.0,0.0,0.0,0.0,1,0,0,0.0,Amb,0.0,Amb,0.0,0.0,0.0,t_recall,,,,
5hk5H_4jphB,ShallowMsa_003,MSAT,0.0,0.0,0.0,0.0,0.0,0.0,1,0,0,0.0,Amb,0.0,Amb,0.0,0.0,0.0,t_recall,,,,
5hk5H_4jphB,ShallowMsa_004,MSAT,0.0,0.0,0.0,0.0,0.0,0.0,1,0,0,0.0,Amb,0.0,Amb,0.0,0.0,0.0,t_recall,,,,
5hk5H_4jphB,ShallowMsa_005,MSAT,0.0,0.0,0.0,0.0,0.0,0.0,1,0,0,0.0,Amb,0.0,Amb,0.0,0.0,0.0,t_recall,,,,
5hk5H_4jphB,ShallowMsa_006,MSAT,0.163,0.1923,0.163,0.1923,-0.0293,-0.0293,1,0,1,0.0,Amb,-0.0293,Amb,0.0,0.163,0.1923,t_recall,,,,
5hk5H_4jphB,ShallowMsa_007,MSAT,0.0,0.0,0.0,0.0,0.0,0.0,1,0,0,0.0,Amb,0.0,Amb,0.0,0.0,0.0,t_recall,,,,
5hk5H_4jphB,ShallowMsa_008,MSAT,0.0,0.0,0.0,0.0,0.0,0.0,1,0,0,0.0,Amb,0.0,Amb,0.0,0.0,0.0,t_recall,,,,
5hk5H_4jphB,ShallowMsa_009,MSAT,0.011,0.0097,0.011,0.0097,0.0013,0.0013,1,1,0,1.0,Amb,0.0013,Amb,0.0,0.011,0.0097,t_recall,,,,
5hk5H_4jphB,ShallowMsa_010,MSAT,0.0652,0.0566,0.0652,0.0566,0.0086,0.0086,1,1,0,1.0,Amb,0.0086,Amb,0.0,0.0652,0.0566,t_recall,,,,
5hk5H_4jphB,ShallowMsa_011,MSAT,0.0,0.0,0.0,0.0,0.0,0.0,1,0,0,0.0,Amb,0.0,Amb,0.0,0.0,0.0,t_recall,,,,
5hk5H_4jphB,ShallowMsa_000,DDG,-17.1054,-19.2916,-17.1054,-19.2916,2.1862,2.1862,10,8,2,0.8,F1,-0.1067,Amb,2.2929,,,ddg_kcal_per_mol(delta=1.0),2.1862,2.2602,17.1054,19.2916
5hk5H_4jphB,ShallowMsa_001,DDG,-21.8192,-23.3058,-21.8192,-23.3058,1.4866,1.4866,10,7,3,0.7,F1,-0.8063,Amb,2.2929,,,ddg_kcal_per_mol(delta=1.0),1.4866,2.8328,21.8192,23.3058
5hk5H_4jphB,ShallowMsa_002,DDG,-19.05,-21.4495,-19.05,-21.4495,2.3995,2.3995,10,8,2,0.8,F1,0.1067,Amb,2.2929,,,ddg_kcal_per_mol(delta=1.0),2.3995,2.3541,19.05,21.4495
5hk5H_4jphB,ShallowMsa_003,DDG,-18.2473,-21.7301,-18.2473,-21.7301,3.4828,3.4828,10,8,2,0.8,F1,1.19,F1,2.2929,,,ddg_kcal_per_mol(delta=1.0),3.4828,3.532,18.2473,21.7301
5hk5H_4jphB,ShallowMsa_004,DDG,-20.8218,-17.3453,-20.8218,-17.3453,-3.4765,-3.4765,10,1,9,0.1,F2,-5.7694,F2,2.2929,,,ddg_kcal_per_mol(delta=1.0),-3.4765,1.5614,20.8218,17.3453
5hk5H_4jphB,ShallowMsa_005,DDG,-24.3369,-25.5275,-24.3369,-25.5275,1.1905,1.1905,10,8,2,0.8,F1,-1.1024,F2,2.2929,,,ddg_kcal_per_mol(delta=1.0),1.1905,2.0665,24.3369,25.5275
5hk5H_4jphB,ShallowMsa_006,DDG,-22.0269,-24.8528,-22.0269,-24.8528,2.8259,2.8259,10,6,4,0.6,F1,0.533,Amb,2.2929,,,ddg_kcal_per_mol(delta=1.0),2.8259,3.9653,22.0269,24.8528
5hk5H_4jphB,ShallowMsa_007,DDG,-20.5199,-22.0186,-20.5199,-22.0186,1.4987,1.4987,10,7,3,0.7,F1,-0.7942,Amb,2.2929,,,ddg_kcal_per_mol(delta=1.0),1.4987,1.9732,20.5199,22.0186
5hk5H_4jphB,ShallowMsa_008,DDG,-23.3777,-24.0261,-23.3777,-24.0261,0.6484,0.6484,10,5,5,0.5,Amb,-1.6444,F2,2.2929,,,ddg_kcal_per_mol(delta=1.0),0.6484,2.8149,23.3777,24.0261
5hk5H_4jphB,ShallowMsa_009,DDG,-21.8081,-27.338,-21.8081,-27.338,5.5298,5.5298,10,9,1,0.9,F1,3.2369,F1,2.2929,,,ddg_kcal_per_mol(delta=1.0),5.5298,2.8679,21.8081,27.338
5hk5H_4jphB,ShallowMsa_010,DDG,-21.8562,-24.936,-21.8562,-24.936,3.0798,3.0798,10,8,2,0.8,F1,0.787,Amb,2.2929,,,ddg_kcal_per_mol(delta=1.0),3.0798,3.1485,21.8562,24.936
5hk5H_4jphB,ShallowMsa_011,DDG,-21.0191,-23.9324,-21.0191,-23.9324,2.9133,2.9133,10,9,1,0.9,F1,0.6204,Amb,2.2929,,,ddg_kcal_per_mol(delta=1.0),2.9133,1.9738,21.0191,23.9324
5hk5H_4jphB,ShallowMsa_000,Boltz2,0.272,0.2764,0.272,0.2764,-0.0044,-0.0044,1,0,1,0.0,Amb,-0.0053,Amb,0.0009,,,,,,,
5hk5H_4jphB,ShallowMsa_002,Boltz2,0.2815,0.2754,0.2815,0.2754,0.0062,0.0062,1,1,0,1.0,Amb,0.0053,Amb,0.0009,,,,,,,
5hk5H_4jphB,ShallowMsa_003,Boltz2,0.3685,0.3569,0.3685,0.3569,0.0116,0.0116,1,1,0,1.0,Amb,0.0107,Amb,0.0009,,,,,,,
5hk5H_4jphB,ShallowMsa_010,Boltz2,0.1995,0.2287,0.1995,0.2287,-0.0292,-0.0292,1,0,1,0.0,Amb,-0.0301,Amb,0.0009,,,,,,,
5i2sA_5i2mA,DeepMsa,AF2,0.4184,0.5481,0.4184,0.5447,-0.1297,-0.1264,2,0,2,0.0,F2,-0.1297,F2,0.0,,,,,,,
5i2sA_5i2mA,ShallowMsa_000,AF2,0.4194,0.5653,0.4185,0.5459,-0.1459,-0.1273,2,0,2,0.0,F2,-0.1459,F2,0.0,,,,,,,
5i2sA_5i2mA,DeepMsa,AF3,0.5303,0.4243,0.507,0.4054,0.106,0.1016,2,2,0,1.0,F1,0.106,F1,0.0,,,,,,,
5i2sA_5i2mA,ShallowMsa_000,AF3,0.5264,0.4756,0.5069,0.4316,0.0508,0.0754,2,2,0,1.0,F1,0.0508,F1,0.0,,,,,,,
5i2sA_5i2mA,ShallowMsa_000,ESM,0.4919,0.5063,0.3579,0.3869,-0.0144,-0.029,20,5,15,0.25,Amb,-0.0144,Amb,0.0,,,,,,,
5i2sA_5i2mA,DeepMsa,MSAT,0.0341,0.0379,0.0341,0.0379,-0.0038,-0.0038,1,0,1,0.0,Amb,-0.0038,Amb,0.0,0.0341,0.0379,t_recall,,,,
5i2sA_5i2mA,ShallowMsa_000,MSAT,0.0264,0.0293,0.0264,0.0293,-0.0029,-0.0029,1,0,1,0.0,Amb,-0.0029,Amb,0.0,0.0264,0.0293,t_recall,,,,
5i2sA_5i2mA,ShallowMsa_000,DDG,-136.5239,-128.3968,-136.5239,-128.3968,-8.1271,-8.1271,10,1,9,0.1,F2,-8.1271,F2,0.0,,,ddg_kcal_per_mol(delta=1.0),-8.1271,6.7198,136.5239,128.3968
5i2sA_5i2mA,ShallowMsa_000,Boltz2,0.2501,0.2085,0.2501,0.2085,0.0416,0.0416,1,1,0,1.0,Amb,0.0416,Amb,0.0,,,,,,,
5jytA_2qkeE,DeepMsa,AF2,0.7463,0.4689,0.736,0.4612,0.2774,0.2748,2,2,0,1.0,F1,0.2774,F1,0.2593,,,,,,,
5jytA_2qkeE,ShallowMsa_000,AF2,0.6857,0.4693,0.683,0.4619,0.2164,0.221,2,2,0,1.0,F1,-0.0429,Amb,0.2593,,,,,,,
5jytA_2qkeE,ShallowMsa_001,AF2,0.6895,0.4319,0.677,0.4317,0.2576,0.2453,2,2,0,1.0,F1,-0.0017,Amb,0.2593,,,,,,,
5jytA_2qkeE,ShallowMsa_002,AF2,0.7252,0.459,0.6981,0.4518,0.2662,0.2463,2,2,0,1.0,F1,0.0069,Amb,0.2593,,,,,,,
5jytA_2qkeE,ShallowMsa_003,AF2,0.6783,0.4551,0.6774,0.4498,0.2232,0.2277,2,2,0,1.0,F1,-0.0361,Amb,0.2593,,,,,,,
5jytA_2qkeE,ShallowMsa_004,AF2,0.4843,0.4153,0.4293,0.4083,0.069,0.0211,2,1,1,0.5,F1,-0.1903,F2,0.2593,,,,,,,
5jytA_2qkeE,ShallowMsa_005,AF2,0.8282,0.4887,0.7737,0.4743,0.3395,0.2994,2,2,0,1.0,F1,0.0802,F1,0.2593,,,,,,,
5jytA_2qkeE,ShallowMsa_006,AF2,0.6967,0.4571,0.6962,0.4523,0.2396,0.2439,2,2,0,1.0,F1,-0.0197,Amb,0.2593,,,,,,,
5jytA_2qkeE,ShallowMsa_007,AF2,0.788,0.4801,0.7552,0.4701,0.308,0.2852,2,2,0,1.0,F1,0.0487,Amb,0.2593,,,,,,,
5jytA_2qkeE,ShallowMsa_008,AF2,0.7533,0.485,0.7359,0.4722,0.2684,0.2637,2,2,0,1.0,F1,0.0091,Amb,0.2593,,,,,,,
5jytA_2qkeE,ShallowMsa_009,AF2,0.51,0.3936,0.5025,0.3892,0.1164,0.1133,2,2,0,1.0,F1,-0.1429,F2,0.2593,,,,,,,
5jytA_2qkeE,ShallowMsa_010,AF2,0.7896,0.4812,0.7548,0.4705,0.3084,0.2843,2,2,0,1.0,F1,0.0491,Amb,0.2593,,,,,,,
5jytA_2qkeE,ShallowMsa_011,AF2,0.7305,0.4434,0.7164,0.4369,0.2871,0.2795,2,2,0,1.0,F1,0.0278,Amb,0.2593,,,,,,,
5jytA_2qkeE,ShallowMsa_012,AF2,0.8166,0.4896,0.7638,0.4792,0.327,0.2846,2,2,0,1.0,F1,0.0677,F1,0.2593,,,,,,,
5jytA_2qkeE,ShallowMsa_013,AF2,0.7965,0.4524,0.7467,0.4429,0.3442,0.3038,2,2,0,1.0,F1,0.0849,F1,0.2593,,,,,,,
5jytA_2qkeE,ShallowMsa_014,AF2,0.7116,0.4524,0.7101,0.45,0.2592,0.2601,2,2,0,1.0,F1,-0.0001,Amb,0.2593,,,,,,,
5jytA_2qkeE,ShallowMsa_015,AF2,0.7109,0.4511,0.7027,0.45,0.2598,0.2527,2,2,0,1.0,F1,0.0005,Amb,0.2593,,,,,,,
5jytA_2qkeE,ShallowMsa_016,AF2,0.4436,0.4018,0.4398,0.399,0.0418,0.0408,2,2,0,1.0,Amb,-0.2175,F2,0.2593,,,,,,,
5jytA_2qkeE,ShallowMsa_017,AF2,0.7071,0.4561,0.7002,0.4514,0.251,0.2487,2,2,0,1.0,F1,-0.0083,Amb,0.2593,,,,,,,
5jytA_2qkeE,ShallowMsa_018,AF2,0.6907,0.4313,0.6551,0.4208,0.2594,0.2342,2,2,0,1.0,F1,0.0001,Amb,0.2593,,,,,,,
5jytA_2qkeE,ShallowMsa_019,AF2,0.603,0.4515,0.5945,0.4487,0.1515,0.1457,2,2,0,1.0,F1,-0.1078,F2,0.2593,,,,,,,
5jytA_2qkeE,ShallowMsa_020,AF2,0.72,0.459,0.7086,0.454,0.261,0.2547,2,2,0,1.0,F1,0.0017,Amb,0.2593,,,,,,,
5jytA_2qkeE,ShallowMsa_021,AF2,0.7094,0.4516,0.6967,0.4457,0.2578,0.2509,2,2,0,1.0,F1,-0.0015,Amb,0.2593,,,,,,,
5jytA_2qkeE,DeepMsa,AF3,0.7541,0.4447,0.7344,0.4416,0.3094,0.2928,2,2,0,1.0,F1,0.3094,F1,0.2501,,,,,,,
5jytA_2qkeE,ShallowMsa_000,AF3,0.6914,0.4489,0.6862,0.4437,0.2424,0.2425,2,2,0,1.0,F1,-0.0077,Amb,0.2501,,,,,,,
5jytA_2qkeE,ShallowMsa_001,AF3,0.6668,0.4184,0.6598,0.415,0.2484,0.2448,2,2,0,1.0,F1,-0.0017,Amb,0.2501,,,,,,,
5jytA_2qkeE,ShallowMsa_002,AF3,0.6992,0.4566,0.6901,0.4476,0.2426,0.2425,2,2,0,1.0,F1,-0.0075,Amb,0.2501,,,,,,,
5jytA_2qkeE,ShallowMsa_003,AF3,0.6857,0.4521,0.6845,0.4501,0.2335,0.2344,2,2,0,1.0,F1,-0.0166,Amb,0.2501,,,,,,,
5jytA_2qkeE,ShallowMsa_004,AF3,0.5095,0.4313,0.5005,0.425,0.0782,0.0754,2,2,0,1.0,F1,-0.1719,F2,0.2501,,,,,,,
5jytA_2qkeE,ShallowMsa_005,AF3,0.813,0.472,0.7587,0.4695,0.341,0.2892,2,2,0,1.0,F1,0.0909,F1,0.2501,,,,,,,
5jytA_2qkeE,ShallowMsa_006,AF3,0.7022,0.442,0.6955,0.4395,0.2602,0.256,2,2,0,1.0,F1,0.0101,Amb,0.2501,,,,,,,
5jytA_2qkeE,ShallowMsa_007,AF3,0.7208,0.4549,0.7187,0.452,0.2659,0.2667,2,2,0,1.0,F1,0.0158,Amb,0.2501,,,,,,,
5jytA_2qkeE,ShallowMsa_008,AF3,0.7331,0.4593,0.7227,0.4537,0.2739,0.2691,2,2,0,1.0,F1,0.0238,Amb,0.2501,,,,,,,
5jytA_2qkeE,ShallowMsa_009,AF3,0.519,0.3951,0.5154,0.3945,0.1239,0.1209,2,2,0,1.0,F1,-0.1262,F2,0.2501,,,,,,,
5jytA_2qkeE,ShallowMsa_010,AF3,0.814,0.4724,0.7676,0.459,0.3416,0.3085,2,2,0,1.0,F1,0.0915,F1,0.2501,,,,,,,
5jytA_2qkeE,ShallowMsa_011,AF3,0.7241,0.4352,0.6895,0.4234,0.2888,0.2661,2,2,0,1.0,F1,0.0387,Amb,0.2501,,,,,,,
5jytA_2qkeE,ShallowMsa_012,AF3,0.8422,0.4748,0.7689,0.4637,0.3674,0.3052,2,2,0,1.0,F1,0.1173,F1,0.2501,,,,,,,
5jytA_2qkeE,ShallowMsa_013,AF3,0.6825,0.4157,0.6756,0.411,0.2667,0.2646,2,2,0,1.0,F1,0.0166,Amb,0.2501,,,,,,,
5jytA_2qkeE,ShallowMsa_014,AF3,0.6998,0.448,0.6956,0.4468,0.2518,0.2488,2,2,0,1.0,F1,0.0017,Amb,0.2501,,,,,,,
5jytA_2qkeE,ShallowMsa_015,AF3,0.6963,0.4537,0.6919,0.4475,0.2426,0.2444,2,2,0,1.0,F1,-0.0075,Amb,0.2501,,,,,,,
5jytA_2qkeE,ShallowMsa_016,AF3,0.6435,0.441,0.5452,0.4231,0.2025,0.1222,2,2,0,1.0,F1,-0.0476,Amb,0.2501,,,,,,,
5jytA_2qkeE,ShallowMsa_017,AF3,0.7081,0.4504,0.6966,0.4445,0.2577,0.252,2,2,0,1.0,F1,0.0076,Amb,0.2501,,,,,,,
5jytA_2qkeE,ShallowMsa_018,AF3,0.7009,0.4527,0.6813,0.4367,0.2483,0.2446,2,2,0,1.0,F1,-0.0018,Amb,0.2501,,,,,,,
5jytA_2qkeE,ShallowMsa_019,AF3,0.6897,0.4964,0.65,0.4777,0.1933,0.1722,2,2,0,1.0,F1,-0.0568,F2,0.2501,,,,,,,
5jytA_2qkeE,ShallowMsa_020,AF3,0.7565,0.4698,0.7302,0.4652,0.2866,0.265,2,2,0,1.0,F1,0.0365,Amb,0.2501,,,,,,,
5jytA_2qkeE,ShallowMsa_021,AF3,0.6839,0.446,0.6805,0.4414,0.2379,0.2391,2,2,0,1.0,F1,-0.0122,Amb,0.2501,,,,,,,
5jytA_2qkeE,ShallowMsa_000,ESM,0.7197,0.4554,0.5097,0.3598,0.2643,0.1499,20,20,0,1.0,F1,0.0049,Amb,0.2594,,,,,,,
5jytA_2qkeE,ShallowMsa_001,ESM,0.7242,0.4536,0.5917,0.3767,0.2706,0.215,20,20,0,1.0,F1,0.0112,Amb,0.2594,,,,,,,
5jytA_2qkeE,ShallowMsa_002,ESM,0.7142,0.469,0.5313,0.3519,0.2452,0.1794,20,20,0,1.0,F1,-0.0142,Amb,0.2594,,,,,,,
5jytA_2qkeE,ShallowMsa_003,ESM,0.6881,0.4448,0.5386,0.3686,0.2433,0.17,20,20,0,1.0,F1,-0.0161,Amb,0.2594,,,,,,,
5jytA_2qkeE,ShallowMsa_004,ESM,0.7363,0.4679,0.5714,0.4129,0.2685,0.1585,20,20,0,1.0,F1,0.0091,Amb,0.2594,,,,,,,
5jytA_2qkeE,ShallowMsa_005,ESM,0.7815,0.4697,0.5424,0.3563,0.3118,0.1861,20,20,0,1.0,F1,0.0524,F1,0.2594,,,,,,,
5jytA_2qkeE,ShallowMsa_006,ESM,0.6923,0.4565,0.5363,0.373,0.2358,0.1633,20,20,0,1.0,F1,-0.0236,Amb,0.2594,,,,,,,
5jytA_2qkeE,ShallowMsa_007,ESM,0.7028,0.4598,0.5547,0.3801,0.243,0.1746,20,20,0,1.0,F1,-0.0164,Amb,0.2594,,,,,,,
5jytA_2qkeE,ShallowMsa_008,ESM,0.7431,0.4724,0.5163,0.367,0.2707,0.1492,20,18,2,0.9,F1,0.0113,Amb,0.2594,,,,,,,
5jytA_2qkeE,ShallowMsa_009,ESM,0.7441,0.4463,0.5389,0.364,0.2978,0.1749,20,20,0,1.0,F1,0.0384,Amb,0.2594,,,,,,,
5jytA_2qkeE,ShallowMsa_010,ESM,0.711,0.4595,0.5212,0.3617,0.2515,0.1594,20,18,2,0.9,F1,-0.0079,Amb,0.2594,,,,,,,
5jytA_2qkeE,ShallowMsa_011,ESM,0.7056,0.4474,0.5816,0.3927,0.2582,0.1889,20,20,0,1.0,F1,-0.0012,Amb,0.2594,,,,,,,
5jytA_2qkeE,ShallowMsa_012,ESM,0.7285,0.4656,0.6372,0.4242,0.2629,0.213,20,20,0,1.0,F1,0.0035,Amb,0.2594,,,,,,,
5jytA_2qkeE,ShallowMsa_013,ESM,0.7154,0.4547,0.5573,0.3709,0.2607,0.1864,20,20,0,1.0,F1,0.0013,Amb,0.2594,,,,,,,
5jytA_2qkeE,ShallowMsa_014,ESM,0.7336,0.4524,0.6025,0.4035,0.2812,0.199,20,20,0,1.0,F1,0.0218,Amb,0.2594,,,,,,,
5jytA_2qkeE,ShallowMsa_015,ESM,0.7061,0.4523,0.5728,0.4013,0.2538,0.1715,20,20,0,1.0,F1,-0.0056,Amb,0.2594,,,,,,,
5jytA_2qkeE,ShallowMsa_016,ESM,0.6932,0.4451,0.5478,0.3655,0.2481,0.1823,20,20,0,1.0,F1,-0.0113,Amb,0.2594,,,,,,,
5jytA_2qkeE,ShallowMsa_017,ESM,0.7083,0.4597,0.6105,0.4135,0.2485,0.197,20,20,0,1.0,F1,-0.0109,Amb,0.2594,,,,,,,
5jytA_2qkeE,ShallowMsa_018,ESM,0.7051,0.4496,0.5635,0.3794,0.2554,0.1842,20,20,0,1.0,F1,-0.004,Amb,0.2594,,,,,,,
5jytA_2qkeE,ShallowMsa_019,ESM,0.7151,0.4545,0.5455,0.3799,0.2606,0.1656,20,20,0,1.0,F1,0.0012,Amb,0.2594,,,,,,,
5jytA_2qkeE,ShallowMsa_020,ESM,0.7026,0.468,0.4905,0.3643,0.2346,0.1262,20,18,2,0.9,F1,-0.0248,Amb,0.2594,,,,,,,
5jytA_2qkeE,ShallowMsa_021,ESM,0.7554,0.4691,0.587,0.3846,0.2863,0.2024,20,20,0,1.0,F1,0.0269,Amb,0.2594,,,,,,,
5jytA_2qkeE,DeepMsa,MSAT,0.3803,0.2121,0.3803,0.2121,0.1682,0.1682,1,1,0,1.0,F1,0.1682,F1,0.002,0.3803,0.2121,t_recall,,,,
5jytA_2qkeE,ShallowMsa_000,MSAT,0.3841,0.197,0.3841,0.197,0.1871,0.1871,1,1,0,1.0,F1,0.185,F1,0.002,0.3841,0.197,t_recall,,,,
5jytA_2qkeE,ShallowMsa_001,MSAT,0.363,0.2,0.363,0.2,0.163,0.163,1,1,0,1.0,F1,0.161,F1,0.002,0.363,0.2,t_recall,,,,
5jytA_2qkeE,ShallowMsa_002,MSAT,0.0942,0.0985,0.0942,0.0985,-0.0043,-0.0043,1,0,1,0.0,Amb,-0.0063,Amb,0.002,0.0942,0.0985,t_recall,,,,
5jytA_2qkeE,ShallowMsa_003,MSAT,0.0667,0.0551,0.0667,0.0551,0.0116,0.0116,1,1,0,1.0,Amb,0.0095,Amb,0.002,0.0667,0.0551,t_recall,,,,
5jytA_2qkeE,ShallowMsa_004,MSAT,0.0,0.0,0.0,0.0,0.0,0.0,1,0,0,0.0,Amb,-0.002,Amb,0.002,0.0,0.0,t_recall,,,,
5jytA_2qkeE,ShallowMsa_005,MSAT,0.331,0.1667,0.331,0.1667,0.1643,0.1643,1,1,0,1.0,F1,0.1623,F1,0.002,0.331,0.1667,t_recall,,,,
5jytA_2qkeE,ShallowMsa_006,MSAT,0.0889,0.1163,0.0889,0.1163,-0.0274,-0.0274,1,0,1,0.0,Amb,-0.0295,Amb,0.002,0.0889,0.1163,t_recall,,,,
5jytA_2qkeE,ShallowMsa_007,MSAT,0.0935,0.0682,0.0935,0.0682,0.0253,0.0253,1,1,0,1.0,Amb,0.0232,Amb,0.002,0.0935,0.0682,t_recall,,,,
5jytA_2qkeE,ShallowMsa_008,MSAT,0.0922,0.0909,0.0922,0.0909,0.0013,0.0013,1,1,0,1.0,Amb,-0.0007,Amb,0.002,0.0922,0.0909,t_recall,,,,
5jytA_2qkeE,ShallowMsa_009,MSAT,0.087,0.0833,0.087,0.0833,0.0037,0.0037,1,1,0,1.0,Amb,0.0017,Amb,0.002,0.087,0.0833,t_recall,,,,
5jytA_2qkeE,ShallowMsa_010,MSAT,0.0593,0.0615,0.0593,0.0615,-0.0022,-0.0022,1,0,1,0.0,Amb,-0.0043,Amb,0.002,0.0593,0.0615,t_recall,,,,
5jytA_2qkeE,ShallowMsa_011,MSAT,0.0929,0.0985,0.0929,0.0985,-0.0056,-0.0056,1,0,1,0.0,Amb,-0.0076,Amb,0.002,0.0929,0.0985,t_recall,,,,
5jytA_2qkeE,ShallowMsa_012,MSAT,0.1295,0.0833,0.1295,0.0833,0.0462,0.0462,1,1,0,1.0,Amb,0.0441,Amb,0.002,0.1295,0.0833,t_recall,,,,
5jytA_2qkeE,ShallowMsa_013,MSAT,0.0519,0.0588,0.0519,0.0588,-0.0069,-0.0069,1,0,1,0.0,Amb,-0.0089,Amb,0.002,0.0519,0.0588,t_recall,,,,
5jytA_2qkeE,ShallowMsa_014,MSAT,0.0963,0.098,0.0963,0.098,-0.0017,-0.0017,1,0,1,0.0,Amb,-0.0037,Amb,0.002,0.0963,0.098,t_recall,,,,
5jytA_2qkeE,ShallowMsa_015,MSAT,0.1643,0.1212,0.1643,0.1212,0.0431,0.0431,1,1,0,1.0,Amb,0.0411,Amb,0.002,0.1643,0.1212,t_recall,,,,
5jytA_2qkeE,ShallowMsa_016,MSAT,0.0519,0.0886,0.0519,0.0886,-0.0367,-0.0367,1,0,1,0.0,Amb,-0.0388,Amb,0.002,0.0519,0.0886,t_recall,,,,
5jytA_2qkeE,ShallowMsa_017,MSAT,0.1259,0.1092,0.1259,0.1092,0.0167,0.0167,1,1,0,1.0,Amb,0.0146,Amb,0.002,0.1259,0.1092,t_recall,,,,
5jytA_2qkeE,ShallowMsa_018,MSAT,0.1397,0.1061,0.1397,0.1061,0.0336,0.0336,1,1,0,1.0,Amb,0.0315,Amb,0.002,0.1397,0.1061,t_recall,,,,
5jytA_2qkeE,ShallowMsa_019,MSAT,0.0815,0.0787,0.0815,0.0787,0.0028,0.0028,1,1,0,1.0,Amb,0.0008,Amb,0.002,0.0815,0.0787,t_recall,,,,
5jytA_2qkeE,ShallowMsa_020,MSAT,0.0889,0.0976,0.0889,0.0976,-0.0087,-0.0087,1,0,1,0.0,Amb,-0.0107,Amb,0.002,0.0889,0.0976,t_recall,,,,
5jytA_2qkeE,ShallowMsa_021,MSAT,0.0504,0.0606,0.0504,0.0606,-0.0102,-0.0102,1,0,1,0.0,Amb,-0.0123,Amb,0.002,0.0504,0.0606,t_recall,,,,
5jytA_2qkeE,ShallowMsa_000,DDG,-23.7505,-23.1754,-23.7505,-23.1754,-0.5751,-0.5751,10,4,6,0.4,Amb,-0.4875,Amb,-0.0876,,,ddg_kcal_per_mol(delta=1.0),-0.5751,4.0147,23.7505,23.1754
5jytA_2qkeE,ShallowMsa_001,DDG,-20.0564,-23.7555,-20.0564,-23.7555,3.699,3.699,10,9,1,0.9,F1,3.7866,F1,-0.0876,,,ddg_kcal_per_mol(delta=1.0),3.699,3.3032,20.0564,23.7555
5jytA_2qkeE,ShallowMsa_002,DDG,-18.482,-17.007,-18.482,-17.007,-1.475,-1.475,10,4,6,0.4,F2,-1.3874,F2,-0.0876,,,ddg_kcal_per_mol(delta=1.0),-1.475,4.7677,18.482,17.007
5jytA_2qkeE,ShallowMsa_003,DDG,-19.4915,-16.6112,-19.4915,-16.6112,-2.8804,-2.8804,10,3,7,0.3,F2,-2.7928,F2,-0.0876,,,ddg_kcal_per_mol(delta=1.0),-2.8804,3.9879,19.4915,16.6112
5jytA_2qkeE,ShallowMsa_004,DDG,-22.435,-24.6244,-22.435,-24.6244,2.1895,2.1895,10,7,3,0.7,F1,2.2771,F1,-0.0876,,,ddg_kcal_per_mol(delta=1.0),2.1895,3.9025,22.435,24.6244
5jytA_2qkeE,ShallowMsa_005,DDG,-18.6966,-21.9715,-18.6966,-21.9715,3.2749,3.2749,10,9,1,0.9,F1,3.3625,F1,-0.0876,,,ddg_kcal_per_mol(delta=1.0),3.2749,4.0975,18.6966,21.9715
5jytA_2qkeE,ShallowMsa_006,DDG,-16.9451,-17.2326,-16.9451,-17.2326,0.2875,0.2875,10,5,5,0.5,Amb,0.3751,Amb,-0.0876,,,ddg_kcal_per_mol(delta=1.0),0.2875,3.8703,16.9451,17.2326
5jytA_2qkeE,ShallowMsa_007,DDG,-15.3199,-13.2295,-15.3199,-13.2295,-2.0903,-2.0903,10,3,7,0.3,F2,-2.0027,F2,-0.0876,,,ddg_kcal_per_mol(delta=1.0),-2.0903,4.115,15.3199,13.2295
5jytA_2qkeE,ShallowMsa_008,DDG,-16.5146,-14.4764,-16.5146,-14.4764,-2.0381,-2.0381,10,1,9,0.1,F2,-1.9505,F2,-0.0876,,,ddg_kcal_per_mol(delta=1.0),-2.0381,3.1687,16.5146,14.4764
5jytA_2qkeE,ShallowMsa_009,DDG,-18.8419,-22.3965,-18.8419,-22.3965,3.5546,3.5546,10,7,3,0.7,F1,3.6422,F1,-0.0876,,,ddg_kcal_per_mol(delta=1.0),3.5546,5.4655,18.8419,22.3965
5jytA_2qkeE,ShallowMsa_010,DDG,-17.9665,-15.4024,-17.9665,-15.4024,-2.564,-2.564,10,4,6,0.4,F2,-2.4764,F2,-0.0876,,,ddg_kcal_per_mol(delta=1.0),-2.564,4.6601,17.9665,15.4024
5jytA_2qkeE,ShallowMsa_011,DDG,-18.9261,-18.6809,-18.9261,-18.6809,-0.2452,-0.2452,10,4,6,0.4,Amb,-0.1576,Amb,-0.0876,,,ddg_kcal_per_mol(delta=1.0),-0.2452,3.7241,18.9261,18.6809
5jytA_2qkeE,ShallowMsa_012,DDG,-23.2678,-24.3775,-23.2678,-24.3775,1.1097,1.1097,10,6,4,0.6,F1,1.1973,F1,-0.0876,,,ddg_kcal_per_mol(delta=1.0),1.1097,3.9852,23.2678,24.3775
5jytA_2qkeE,ShallowMsa_013,DDG,-20.4064,-23.945,-20.4064,-23.945,3.5387,3.5387,10,7,3,0.7,F1,3.6263,F1,-0.0876,,,ddg_kcal_per_mol(delta=1.0),3.5387,4.093,20.4064,23.945
5jytA_2qkeE,ShallowMsa_014,DDG,-19.4031,-21.3606,-19.4031,-21.3606,1.9575,1.9575,10,7,3,0.7,F1,2.0451,F1,-0.0876,,,ddg_kcal_per_mol(delta=1.0),1.9575,4.9257,19.4031,21.3606
5jytA_2qkeE,ShallowMsa_015,DDG,-24.4419,-23.9184,-24.4419,-23.9184,-0.5236,-0.5236,10,5,5,0.5,Amb,-0.436,Amb,-0.0876,,,ddg_kcal_per_mol(delta=1.0),-0.5236,3.8194,24.4419,23.9184
5jytA_2qkeE,ShallowMsa_016,DDG,-20.4805,-21.8217,-20.4805,-21.8217,1.3412,1.3412,10,7,3,0.7,F1,1.4288,F1,-0.0876,,,ddg_kcal_per_mol(delta=1.0),1.3412,3.1927,20.4805,21.8217
5jytA_2qkeE,ShallowMsa_017,DDG,-23.0557,-23.1257,-23.0557,-23.1257,0.07,0.07,10,7,3,0.7,Amb,0.1576,Amb,-0.0876,,,ddg_kcal_per_mol(delta=1.0),0.07,3.1642,23.0557,23.1257
5jytA_2qkeE,ShallowMsa_018,DDG,-21.7933,-19.8174,-21.7933,-19.8174,-1.9758,-1.9758,10,2,8,0.2,F2,-1.8882,F2,-0.0876,,,ddg_kcal_per_mol(delta=1.0),-1.9758,4.1528,21.7933,19.8174
5jytA_2qkeE,ShallowMsa_019,DDG,-16.0062,-13.497,-16.0062,-13.497,-2.5092,-2.5092,10,3,7,0.3,F2,-2.4216,F2,-0.0876,,,ddg_kcal_per_mol(delta=1.0),-2.5092,3.548,16.0062,13.497
5jytA_2qkeE,ShallowMsa_020,DDG,-20.9614,-17.9056,-20.9614,-17.9056,-3.0559,-3.0559,10,3,7,0.3,F2,-2.9683,F2,-0.0876,,,ddg_kcal_per_mol(delta=1.0),-3.0559,3.3784,20.9614,17.9056
5jytA_2qkeE,ShallowMsa_021,DDG,-19.937,-21.249,-19.937,-21.249,1.3121,1.3121,10,6,4,0.6,F1,1.3997,F1,-0.0876,,,ddg_kcal_per_mol(delta=1.0),1.3121,6.041,19.937,21.249
5jytA_2qkeE,ShallowMsa_000,Boltz2,0.4903,0.7814,0.4903,0.7814,-0.2911,-0.2911,1,0,1,0.0,F2,-0.1299,F2,-0.1613,,,,,,,
5jytA_2qkeE,ShallowMsa_001,Boltz2,0.438,0.396,0.438,0.396,0.042,0.042,1,1,0,1.0,Amb,0.2033,F1,-0.1613,,,,,,,
5jytA_2qkeE,ShallowMsa_002,Boltz2,0.4439,0.7353,0.4439,0.7353,-0.2914,-0.2914,1,0,1,0.0,F2,-0.1301,F2,-0.1613,,,,,,,
5jytA_2qkeE,ShallowMsa_003,Boltz2,0.4435,0.7547,0.4435,0.7547,-0.3112,-0.3112,1,0,1,0.0,F2,-0.1499,F2,-0.1613,,,,,,,
5jytA_2qkeE,ShallowMsa_005,Boltz2,0.4589,0.7681,0.4589,0.7681,-0.3091,-0.3091,1,0,1,0.0,F2,-0.1478,F2,-0.1613,,,,,,,
5jytA_2qkeE,ShallowMsa_007,Boltz2,0.4719,0.5707,0.4719,0.5707,-0.0988,-0.0988,1,0,1,0.0,F2,0.0625,F1,-0.1613,,,,,,,
5jytA_2qkeE,ShallowMsa_008,Boltz2,0.4895,0.7618,0.4895,0.7618,-0.2723,-0.2723,1,0,1,0.0,F2,-0.111,F2,-0.1613,,,,,,,
5jytA_2qkeE,ShallowMsa_010,Boltz2,0.4389,0.7979,0.4389,0.7979,-0.359,-0.359,1,0,1,0.0,F2,-0.1977,F2,-0.1613,,,,,,,
5jytA_2qkeE,ShallowMsa_011,Boltz2,0.4894,0.5842,0.4894,0.5842,-0.0948,-0.0948,1,0,1,0.0,F2,0.0665,F1,-0.1613,,,,,,,
5jytA_2qkeE,ShallowMsa_015,Boltz2,0.4885,0.494,0.4885,0.494,-0.0055,-0.0055,1,0,1,0.0,Amb,0.1557,F1,-0.1613,,,,,,,
5jytA_2qkeE,ShallowMsa_016,Boltz2,0.6291,0.4486,0.6291,0.4486,0.1805,0.1805,1,1,0,1.0,F1,0.3417,F1,-0.1613,,,,,,,
5jytA_2qkeE,ShallowMsa_017,Boltz2,0.6905,0.4506,0.6905,0.4506,0.2399,0.2399,1,1,0,1.0,F1,0.4012,F1,-0.1613,,,,,,,
5jytA_2qkeE,ShallowMsa_018,Boltz2,0.4078,0.5835,0.4078,0.5835,-0.1757,-0.1757,1,0,1,0.0,F2,-0.0144,Amb,-0.1613,,,,,,,
5jytA_2qkeE,ShallowMsa_019,Boltz2,0.4338,0.7661,0.4338,0.7661,-0.3322,-0.3322,1,0,1,0.0,F2,-0.1709,F2,-0.1613,,,,,,,
5jytA_2qkeE,ShallowMsa_020,Boltz2,0.4181,0.5649,0.4181,0.5649,-0.1468,-0.1468,1,0,1,0.0,F2,0.0144,Amb,-0.1613,,,,,,,
5jytA_2qkeE,ShallowMsa_021,Boltz2,0.5268,0.442,0.5268,0.442,0.0848,0.0848,1,1,0,1.0,F1,0.246,F1,-0.1613,,,,,,,
5jztG_5jzhA,DeepMsa,AF2,0.5968,0.8813,0.5964,0.8773,-0.2845,-0.281,2,0,2,0.0,F2,-0.2845,F2,0.0,,,,,,,
5jztG_5jzhA,ShallowMsa_000,AF2,0.6049,0.9233,0.6042,0.9046,-0.3185,-0.3004,2,0,2,0.0,F2,-0.3185,F2,0.0,,,,,,,
5jztG_5jzhA,DeepMsa,AF3,0.5991,0.9399,0.5952,0.9256,-0.3408,-0.3304,2,0,2,0.0,F2,-0.3408,F2,0.0,,,,,,,
5jztG_5jzhA,ShallowMsa_000,AF3,0.5958,0.9333,0.5947,0.9152,-0.3375,-0.3205,2,0,2,0.0,F2,-0.3375,F2,0.0,,,,,,,
5jztG_5jzhA,ShallowMsa_000,ESM,0.5215,0.6908,0.3197,0.4289,-0.1693,-0.1092,20,4,16,0.2,F2,-0.1693,F2,0.0,,,,,,,
5jztG_5jzhA,DeepMsa,MSAT,0.2636,0.2347,0.2636,0.2347,0.0289,0.0289,1,1,0,1.0,Amb,0.0289,Amb,0.0,0.2636,0.2347,t_recall,,,,
5jztG_5jzhA,ShallowMsa_000,MSAT,0.2766,0.2368,0.2766,0.2368,0.0398,0.0398,1,1,0,1.0,Amb,0.0398,Amb,0.0,0.2766,0.2368,t_recall,,,,
5jztG_5jzhA,ShallowMsa_000,DDG,-56.7819,-89.1344,-56.7819,-89.1344,32.3525,32.3525,10,10,0,1.0,F1,32.3525,F1,0.0,,,ddg_kcal_per_mol(delta=1.0),32.3525,19.8821,56.7819,89.1344
5jztG_5jzhA,ShallowMsa_000,Boltz2,0.2328,0.2169,0.2328,0.2169,0.016,0.016,1,1,0,1.0,Amb,0.016,Amb,0.0,,,,,,,
5l35G_5l35D,DeepMsa,AF2,0.8434,0.8298,0.8434,0.8298,0.0136,0.0136,2,2,0,1.0,Amb,0.0136,Amb,0.0,,,,,,,
5l35G_5l35D,ShallowMsa_000,AF2,0.8559,0.8498,0.8559,0.8498,0.006,0.006,2,2,0,1.0,Amb,0.006,Amb,0.0,,,,,,,
5l35G_5l35D,DeepMsa,AF3,0.8673,0.8423,0.8673,0.8423,0.025,0.025,2,2,0,1.0,Amb,0.025,Amb,0.0,,,,,,,
5l35G_5l35D,ShallowMsa_000,AF3,0.867,0.8411,0.867,0.8411,0.0258,0.0259,2,2,0,1.0,Amb,0.0258,Amb,0.0,,,,,,,
5l35G_5l35D,ShallowMsa_000,ESM,0.8297,0.8229,0.5534,0.5543,0.0068,-0.0009,20,12,8,0.6,Amb,0.0068,Amb,0.0,,,,,,,
5l35G_5l35D,DeepMsa,MSAT,0.2355,0.2443,0.2355,0.2443,-0.0088,-0.0088,1,0,1,0.0,Amb,-0.0088,Amb,0.0,0.2355,0.2443,t_recall,,,,
5l35G_5l35D,ShallowMsa_000,MSAT,0.226,0.236,0.226,0.236,-0.01,-0.01,1,0,1,0.0,Amb,-0.01,Amb,0.0,0.226,0.236,t_recall,,,,
5l35G_5l35D,ShallowMsa_000,DDG,-86.9425,-85.0918,-86.9425,-85.0918,-1.8507,-1.8507,10,1,9,0.1,F2,-1.8507,F2,0.0,,,ddg_kcal_per_mol(delta=1.0),-1.8507,2.2802,86.9425,85.0918
5l35G_5l35D,ShallowMsa_000,Boltz2,0.2811,0.2811,0.2811,0.2811,0.0,0.0,1,0,0,0.0,Amb,0.0,Amb,0.0,,,,,,,
5lj3M_3tp2A,DeepMsa,AF2,0.9159,0.9077,0.8574,0.8833,0.0082,-0.0259,2,1,1,0.5,Amb,0.0082,Amb,-0.0217,,,,,,,
5lj3M_3tp2A,ShallowMsa_000,AF2,0.8982,0.8771,0.8455,0.8754,0.0211,-0.0299,2,1,1,0.5,Amb,0.0428,Amb,-0.0217,,,,,,,
5lj3M_3tp2A,ShallowMsa_001,AF2,0.8153,0.8688,0.8151,0.8673,-0.0535,-0.0522,2,0,2,0.0,F2,-0.0318,Amb,-0.0217,,,,,,,
5lj3M_3tp2A,ShallowMsa_002,AF2,0.2967,0.3409,0.2731,0.309,-0.0442,-0.0359,2,0,2,0.0,Amb,-0.0226,Amb,-0.0217,,,,,,,
5lj3M_3tp2A,ShallowMsa_003,AF2,0.7099,0.7391,0.6857,0.7245,-0.0291,-0.0388,2,0,2,0.0,Amb,-0.0074,Amb,-0.0217,,,,,,,
5lj3M_3tp2A,ShallowMsa_004,AF2,0.8957,0.8901,0.8422,0.8894,0.0056,-0.0472,2,1,1,0.5,Amb,0.0273,Amb,-0.0217,,,,,,,
5lj3M_3tp2A,ShallowMsa_005,AF2,0.8496,0.8638,0.8155,0.8615,-0.0142,-0.046,2,0,2,0.0,Amb,0.0075,Amb,-0.0217,,,,,,,
5lj3M_3tp2A,DeepMsa,AF3,0.8982,0.8596,0.8554,0.8596,0.0386,-0.0042,2,1,1,0.5,Amb,0.0386,Amb,-0.0159,,,,,,,
5lj3M_3tp2A,ShallowMsa_000,AF3,0.8836,0.8849,0.8414,0.8841,-0.0014,-0.0427,2,1,1,0.5,Amb,0.0145,Amb,-0.0159,,,,,,,
5lj3M_3tp2A,ShallowMsa_001,AF3,0.813,0.8609,0.813,0.8606,-0.0479,-0.0476,2,0,2,0.0,Amb,-0.032,Amb,-0.0159,,,,,,,
5lj3M_3tp2A,ShallowMsa_002,AF3,0.3409,0.3779,0.3235,0.3562,-0.037,-0.0327,2,0,2,0.0,Amb,-0.0211,Amb,-0.0159,,,,,,,
5lj3M_3tp2A,ShallowMsa_003,AF3,0.7365,0.7432,0.709,0.7296,-0.0066,-0.0206,2,0,2,0.0,Amb,0.0093,Amb,-0.0159,,,,,,,
5lj3M_3tp2A,ShallowMsa_004,AF3,0.8892,0.9145,0.8432,0.9064,-0.0252,-0.0632,2,0,2,0.0,Amb,-0.0093,Amb,-0.0159,,,,,,,
5lj3M_3tp2A,ShallowMsa_005,AF3,0.9015,0.8604,0.8584,0.8597,0.0411,-0.0013,2,1,1,0.5,Amb,0.057,F1,-0.0159,,,,,,,
5lj3M_3tp2A,ShallowMsa_000,ESM,0.8028,0.8519,0.5264,0.5737,-0.0491,-0.0473,20,0,20,0.0,Amb,-0.0004,Amb,-0.0487,,,,,,,
5lj3M_3tp2A,ShallowMsa_001,ESM,0.791,0.8801,0.5195,0.5551,-0.0892,-0.0356,20,0,20,0.0,Amb,-0.0405,Amb,-0.0487,,,,,,,
5lj3M_3tp2A,ShallowMsa_002,ESM,0.3426,0.3561,0.2692,0.2875,-0.0135,-0.0182,20,0,20,0.0,Amb,0.0352,Amb,-0.0487,,,,,,,
5lj3M_3tp2A,ShallowMsa_003,ESM,0.7114,0.7597,0.4482,0.4776,-0.0483,-0.0294,20,2,18,0.1,Amb,0.0004,Amb,-0.0487,,,,,,,
5lj3M_3tp2A,ShallowMsa_004,ESM,0.831,0.8944,0.5415,0.5855,-0.0635,-0.044,20,0,20,0.0,Amb,-0.0148,Amb,-0.0487,,,,,,,
5lj3M_3tp2A,ShallowMsa_005,ESM,0.8496,0.8868,0.5625,0.5981,-0.0371,-0.0356,20,0,20,0.0,Amb,0.0116,Amb,-0.0487,,,,,,,
5lj3M_3tp2A,DeepMsa,MSAT,0.1643,0.1892,0.1643,0.1892,-0.0249,-0.0249,1,0,1,0.0,Amb,-0.0249,Amb,-0.0121,0.1643,0.1892,t_recall,,,,
5lj3M_3tp2A,ShallowMsa_000,MSAT,0.1502,0.1671,0.1502,0.1671,-0.0169,-0.0169,1,0,1,0.0,Amb,-0.0047,Amb,-0.0121,0.1502,0.1671,t_recall,,,,
5lj3M_3tp2A,ShallowMsa_001,MSAT,0.1526,0.1818,0.1526,0.1818,-0.0292,-0.0292,1,0,1,0.0,Amb,-0.0171,Amb,-0.0121,0.1526,0.1818,t_recall,,,,
5lj3M_3tp2A,ShallowMsa_002,MSAT,0.0058,0.0064,0.0058,0.0064,-0.0006,-0.0006,1,0,1,0.0,Amb,0.0115,Amb,-0.0121,0.0058,0.0064,t_recall,,,,
5lj3M_3tp2A,ShallowMsa_003,MSAT,0.0024,0.0025,0.0024,0.0025,-0.0001,-0.0001,1,0,1,0.0,Amb,0.012,Amb,-0.0121,0.0024,0.0025,t_recall,,,,
5lj3M_3tp2A,ShallowMsa_004,MSAT,0.1432,0.1671,0.1432,0.1671,-0.0239,-0.0239,1,0,1,0.0,Amb,-0.0118,Amb,-0.0121,0.1432,0.1671,t_recall,,,,
5lj3M_3tp2A,ShallowMsa_005,MSAT,0.0516,0.059,0.0516,0.059,-0.0074,-0.0074,1,0,1,0.0,Amb,0.0047,Amb,-0.0121,0.0516,0.059,t_recall,,,,
5lj3M_3tp2A,ShallowMsa_000,DDG,-38.6365,-62.612,-38.6365,-62.612,23.9755,23.9755,10,9,1,0.9,F1,1.2057,F1,22.7698,,,ddg_kcal_per_mol(delta=1.0),23.9755,13.21,38.6365,62.612
5lj3M_3tp2A,ShallowMsa_001,DDG,-36.7917,-59.2028,-36.7917,-59.2028,22.4111,22.4111,10,10,0,1.0,F1,-0.3587,Amb,22.7698,,,ddg_kcal_per_mol(delta=1.0),22.4111,12.8406,36.7917,59.2028
5lj3M_3tp2A,ShallowMsa_002,DDG,-40.7484,-54.5173,-40.7484,-54.5173,13.769,13.769,10,10,0,1.0,F1,-9.0008,F2,22.7698,,,ddg_kcal_per_mol(delta=1.0),13.769,6.6255,40.7484,54.5173
5lj3M_3tp2A,ShallowMsa_003,DDG,-36.5175,-63.031,-36.5175,-63.031,26.5135,26.5135,10,10,0,1.0,F1,3.7437,F1,22.7698,,,ddg_kcal_per_mol(delta=1.0),26.5135,11.1645,36.5175,63.031
5lj3M_3tp2A,ShallowMsa_004,DDG,-35.8045,-58.9329,-35.8045,-58.9329,23.1284,23.1284,10,10,0,1.0,F1,0.3586,Amb,22.7698,,,ddg_kcal_per_mol(delta=1.0),23.1284,11.6362,35.8045,58.9329
5lj3M_3tp2A,ShallowMsa_005,DDG,-30.638,-52.1143,-30.638,-52.1143,21.4763,21.4763,10,10,0,1.0,F1,-1.2935,F2,22.7698,,,ddg_kcal_per_mol(delta=1.0),21.4763,9.9329,30.638,52.1143
5lj3M_3tp2A,ShallowMsa_000,Boltz2,,0.4241,,0.4241,,,1,0,0,0.0,Amb,,Amb,0.0,,,,,,,
5lj3M_3tp2A,ShallowMsa_001,Boltz2,,0.3101,,0.3101,,,1,0,0,0.0,Amb,,Amb,0.0,,,,,,,
5lj3M_3tp2A,ShallowMsa_004,Boltz2,,0.2894,,0.2894,,,1,0,0,0.0,Amb,,Amb,0.0,,,,,,,
5lj3M_3tp2A,ShallowMsa_005,Boltz2,,0.3659,,0.3659,,,1,0,0,0.0,Amb,,Amb,0.0,,,,,,,
5ly6B_5aoeB,DeepMsa,AF2,0.4784,0.7954,0.478,0.7905,-0.3171,-0.3125,2,0,2,0.0,F2,-0.3171,F2,-0.3171,,,,,,,
5ly6B_5aoeB,ShallowMsa_000,AF2,0.4779,0.8112,0.4777,0.8096,-0.3333,-0.3318,2,0,2,0.0,F2,-0.0162,Amb,-0.3171,,,,,,,
5ly6B_5aoeB,ShallowMsa_001,AF2,0.4784,0.7954,0.478,0.7905,-0.3171,-0.3125,2,0,2,0.0,F2,0.0,Amb,-0.3171,,,,,,,
5ly6B_5aoeB,ShallowMsa_002,AF2,0.4784,0.7954,0.478,0.7905,-0.3171,-0.3125,2,0,2,0.0,F2,0.0,Amb,-0.3171,,,,,,,
5ly6B_5aoeB,ShallowMsa_003,AF2,0.4784,0.7954,0.478,0.7905,-0.3171,-0.3125,2,0,2,0.0,F2,0.0,Amb,-0.3171,,,,,,,
5ly6B_5aoeB,DeepMsa,AF3,0.4808,0.8847,0.478,0.8393,-0.4039,-0.3613,2,0,2,0.0,F2,-0.4039,F2,-0.4038,,,,,,,
5ly6B_5aoeB,ShallowMsa_000,AF3,0.4812,0.8804,0.4786,0.8381,-0.3992,-0.3595,2,0,2,0.0,F2,0.0046,Amb,-0.4038,,,,,,,
5ly6B_5aoeB,ShallowMsa_001,AF3,0.4808,0.8847,0.478,0.8393,-0.4039,-0.3614,2,0,2,0.0,F2,-0.0001,Amb,-0.4038,,,,,,,
5ly6B_5aoeB,ShallowMsa_002,AF3,0.4808,0.8847,0.478,0.8393,-0.4039,-0.3614,2,0,2,0.0,F2,-0.0001,Amb,-0.4038,,,,,,,
5ly6B_5aoeB,ShallowMsa_003,AF3,0.4808,0.8845,0.4779,0.8392,-0.4037,-0.3613,2,0,2,0.0,F2,0.0001,Amb,-0.4038,,,,,,,
5ly6B_5aoeB,ShallowMsa_000,ESM,0.4695,0.841,0.3528,0.5389,-0.3715,-0.1861,20,1,19,0.05,F2,-0.0738,F2,-0.2977,,,,,,,
5ly6B_5aoeB,ShallowMsa_001,ESM,0.4712,0.8166,0.4601,0.7479,-0.3454,-0.2878,20,0,20,0.0,F2,-0.0477,Amb,-0.2977,,,,,,,
5ly6B_5aoeB,ShallowMsa_002,ESM,0.3047,0.4237,0.2432,0.3198,-0.119,-0.0766,20,0,20,0.0,F2,0.1787,F1,-0.2977,,,,,,,
5ly6B_5aoeB,ShallowMsa_003,ESM,0.4628,0.7128,0.4325,0.6398,-0.25,-0.2074,20,0,20,0.0,F2,0.0477,Amb,-0.2977,,,,,,,
5ly6B_5aoeB,DeepMsa,MSAT,0.2853,0.2835,0.2853,0.2835,0.0018,0.0018,1,1,0,1.0,Amb,0.0018,Amb,0.0001,0.2853,0.2835,t_recall,,,,
5ly6B_5aoeB,ShallowMsa_000,MSAT,0.2456,0.2311,0.2456,0.2311,0.0145,0.0145,1,1,0,1.0,Amb,0.0145,Amb,0.0001,0.2456,0.2311,t_recall,,,,
5ly6B_5aoeB,ShallowMsa_001,MSAT,0.0,0.0,0.0,0.0,0.0,0.0,1,0,0,0.0,Amb,-0.0001,Amb,0.0001,0.0,0.0,t_recall,,,,
5ly6B_5aoeB,ShallowMsa_002,MSAT,0.0021,0.005,0.0021,0.005,-0.0029,-0.0029,1,0,1,0.0,Amb,-0.0029,Amb,0.0001,0.0021,0.005,t_recall,,,,
5ly6B_5aoeB,ShallowMsa_003,MSAT,0.0014,0.0013,0.0014,0.0013,0.0001,0.0001,1,1,0,1.0,Amb,0.0001,Amb,0.0001,0.0014,0.0013,t_recall,,,,
5ly6B_5aoeB,ShallowMsa_000,DDG,-39.1895,-122.6012,-39.1895,-122.6012,83.4116,83.4116,10,10,0,1.0,F1,1.5359,F1,81.8757,,,ddg_kcal_per_mol(delta=1.0),83.4116,47.7431,39.1895,122.6012
5ly6B_5aoeB,ShallowMsa_001,DDG,-42.2501,-122.5899,-42.2501,-122.5899,80.3398,80.3398,10,10,0,1.0,F1,-1.5359,F2,81.8757,,,ddg_kcal_per_mol(delta=1.0),80.3398,13.447,42.2501,122.5899
5ly6B_5aoeB,ShallowMsa_002,DDG,-24.3951,-69.6235,-24.3951,-69.6235,45.2285,45.2285,10,10,0,1.0,F1,-36.6472,F2,81.8757,,,ddg_kcal_per_mol(delta=1.0),45.2285,19.6144,24.3951,69.6235
5ly6B_5aoeB,ShallowMsa_003,DDG,-55.3985,-170.5994,-55.3985,-170.5994,115.2009,115.2009,10,10,0,1.0,F1,33.3252,F1,81.8757,,,ddg_kcal_per_mol(delta=1.0),115.2009,12.657,55.3985,170.5994
5ly6B_5aoeB,ShallowMsa_000,Boltz2,0.224,0.3106,0.224,0.3106,-0.0866,-0.0866,1,0,1,0.0,F2,-0.0866,F2,0.0,,,,,,,
5tpnA_1g2cF,DeepMsa,AF2,0.3519,0.8232,0.211,0.7999,-0.4713,-0.5889,2,0,2,0.0,F2,-0.4713,F2,0.0,,,,,,,
5tpnA_1g2cF,DeepMsa,AF3,0.6602,0.8228,0.3643,0.739,-0.1626,-0.3746,2,0,2,0.0,F2,-0.1626,F2,0.0,,,,,,,
5tpnA_1g2cF,DeepMsa,ESM,0.5827,0.8367,0.325,0.7413,-0.254,-0.4163,4,0,4,0.0,F2,-0.254,F2,0.0,,,,,,,
5tpnA_1g2cF,DeepMsa,MSAT,0.0175,0.0,0.0175,0.0,0.0175,0.0175,1,1,0,1.0,Amb,0.0175,Amb,0.0,0.0175,0.0,t_recall,,,,
5wrgC_1wyyB,DeepMsa,AF2,0.478,0.6229,0.2747,0.5565,-0.1449,-0.2818,2,0,2,0.0,F2,-0.1449,F2,-0.1991,,,,,,,
5wrgC_1wyyB,ShallowMsa_000,AF2,0.3778,0.631,0.2246,0.5367,-0.2533,-0.3121,2,0,2,0.0,F2,-0.0543,F2,-0.1991,,,,,,,
5wrgC_1wyyB,ShallowMsa_001,AF2,0.4699,0.6147,0.2705,0.5539,-0.1448,-0.2833,2,0,2,0.0,F2,0.0542,F1,-0.1991,,,,,,,
5wrgC_1wyyB,DeepMsa,AF3,0.3408,0.7141,0.2315,0.639,-0.3733,-0.4075,2,0,2,0.0,F2,-0.3733,F2,-0.277,,,,,,,
5wrgC_1wyyB,ShallowMsa_000,AF3,0.3156,0.6149,0.1932,0.5705,-0.2993,-0.3772,2,0,2,0.0,F2,-0.0223,Amb,-0.277,,,,,,,
5wrgC_1wyyB,ShallowMsa_001,AF3,0.3718,0.6266,0.2214,0.5856,-0.2547,-0.3641,2,0,2,0.0,F2,0.0223,Amb,-0.277,,,,,,,
5wrgC_1wyyB,ShallowMsa_000,ESM,0.303,0.6163,0.1863,0.3879,-0.3133,-0.2016,20,0,20,0.0,F2,0.0472,Amb,-0.3605,,,,,,,
5wrgC_1wyyB,ShallowMsa_001,ESM,0.2375,0.6452,0.1948,0.3584,-0.4077,-0.1637,20,0,20,0.0,F2,-0.0472,Amb,-0.3605,,,,,,,
5wrgC_1wyyB,DeepMsa,MSAT,0.0418,0.0,0.0418,0.0,0.0418,0.0418,1,1,0,1.0,Amb,0.0418,Amb,0.0234,0.0418,0.0,t_recall,,,,
5wrgC_1wyyB,ShallowMsa_000,MSAT,0.0033,0.0,0.0033,0.0,0.0033,0.0033,1,1,0,1.0,Amb,-0.0201,Amb,0.0234,0.0033,0.0,t_recall,,,,
5wrgC_1wyyB,ShallowMsa_001,MSAT,0.0435,0.0,0.0435,0.0,0.0435,0.0435,1,1,0,1.0,Amb,0.0201,Amb,0.0234,0.0435,0.0,t_recall,,,,
5wrgC_1wyyB,ShallowMsa_000,DDG,-101.0889,-11.0401,-101.0889,-11.0401,-90.0488,-90.0488,10,1,9,0.1,F2,-0.5962,Amb,-89.4526,,,ddg_kcal_per_mol(delta=1.0),-90.0488,40.2791,101.0889,11.0401
5wrgC_1wyyB,ShallowMsa_001,DDG,-101.822,-12.9657,-101.822,-12.9657,-88.8563,-88.8563,10,1,9,0.1,F2,0.5962,Amb,-89.4526,,,ddg_kcal_per_mol(delta=1.0),-88.8563,44.745,101.822,12.9657
5wrgC_1wyyB,ShallowMsa_000,Boltz2,0.2229,0.0766,0.2229,0.0766,0.1463,0.1463,1,1,0,1.0,F1,0.0063,Amb,0.14,,,,,,,
5wrgC_1wyyB,ShallowMsa_001,Boltz2,0.2485,0.1148,0.2485,0.1148,0.1337,0.1337,1,1,0,1.0,F1,-0.0063,Amb,0.14,,,,,,,
6c6sD_2ougC,DeepMsa,AF2,0.5649,0.8895,0.5588,0.8134,-0.3246,-0.2546,2,0,2,0.0,F2,-0.3246,F2,-0.1937,,,,,,,
6c6sD_2ougC,ShallowMsa_000,AF2,0.5652,0.8776,0.5579,0.8479,-0.3124,-0.29,2,0,2,0.0,F2,-0.1187,F2,-0.1937,,,,,,,
6c6sD_2ougC,ShallowMsa_001,AF2,0.4682,0.6505,0.4567,0.5923,-0.1823,-0.1356,2,0,2,0.0,F2,0.0114,Amb,-0.1937,,,,,,,
6c6sD_2ougC,ShallowMsa_002,AF2,0.5594,0.8528,0.5594,0.8528,-0.2934,-0.2934,2,0,2,0.0,F2,-0.0997,F2,-0.1937,,,,,,,
6c6sD_2ougC,ShallowMsa_003,AF2,0.4911,0.6744,0.4887,0.6114,-0.1834,-0.1228,2,0,2,0.0,F2,0.0103,Amb,-0.1937,,,,,,,
6c6sD_2ougC,ShallowMsa_004,AF2,0.5497,0.8073,0.5493,0.7872,-0.2575,-0.2379,2,0,2,0.0,F2,-0.0638,F2,-0.1937,,,,,,,
6c6sD_2ougC,ShallowMsa_005,AF2,0.4615,0.5664,0.4491,0.5514,-0.1049,-0.1022,2,0,2,0.0,F2,0.0888,F1,-0.1937,,,,,,,
6c6sD_2ougC,ShallowMsa_006,AF2,0.5614,0.7837,0.5415,0.7399,-0.2223,-0.1984,2,0,2,0.0,F2,-0.0286,Amb,-0.1937,,,,,,,
6c6sD_2ougC,ShallowMsa_007,AF2,0.5638,0.7835,0.5578,0.7532,-0.2197,-0.1954,2,0,2,0.0,F2,-0.026,Amb,-0.1937,,,,,,,
6c6sD_2ougC,ShallowMsa_008,AF2,0.5328,0.7568,0.526,0.6783,-0.2241,-0.1523,2,0,2,0.0,F2,-0.0304,Amb,-0.1937,,,,,,,
6c6sD_2ougC,ShallowMsa_009,AF2,0.4996,0.6014,0.4615,0.5526,-0.1018,-0.091,2,0,2,0.0,F2,0.0919,F1,-0.1937,,,,,,,
6c6sD_2ougC,ShallowMsa_010,AF2,0.5744,0.7726,0.5697,0.7025,-0.1982,-0.1328,2,0,2,0.0,F2,-0.0045,Amb,-0.1937,,,,,,,
6c6sD_2ougC,ShallowMsa_011,AF2,0.4272,0.5423,0.424,0.538,-0.1151,-0.114,2,0,2,0.0,F2,0.0786,F1,-0.1937,,,,,,,
6c6sD_2ougC,ShallowMsa_012,AF2,0.5431,0.6151,0.5125,0.5873,-0.072,-0.0748,2,0,2,0.0,F2,0.1217,F1,-0.1937,,,,,,,
6c6sD_2ougC,ShallowMsa_013,AF2,0.5348,0.7284,0.5283,0.6988,-0.1937,-0.1705,2,0,2,0.0,F2,0.0,Amb,-0.1937,,,,,,,
6c6sD_2ougC,ShallowMsa_014,AF2,0.5538,0.8882,0.5492,0.8384,-0.3344,-0.2891,2,0,2,0.0,F2,-0.1407,F2,-0.1937,,,,,,,
6c6sD_2ougC,ShallowMsa_015,AF2,0.4844,0.7208,0.4836,0.7077,-0.2364,-0.2241,2,0,2,0.0,F2,-0.0427,Amb,-0.1937,,,,,,,
6c6sD_2ougC,ShallowMsa_016,AF2,0.6019,0.6224,0.5261,0.5657,-0.0205,-0.0396,2,0,2,0.0,Amb,0.1732,F1,-0.1937,,,,,,,
6c6sD_2ougC,ShallowMsa_017,AF2,0.5011,0.5802,0.4999,0.5782,-0.0791,-0.0783,2,0,2,0.0,F2,0.1146,F1,-0.1937,,,,,,,
6c6sD_2ougC,ShallowMsa_018,AF2,0.49,0.5682,0.4865,0.5655,-0.0782,-0.079,2,0,2,0.0,F2,0.1155,F1,-0.1937,,,,,,,
6c6sD_2ougC,DeepMsa,AF3,0.5586,0.8965,0.5582,0.896,-0.3379,-0.3379,2,0,2,0.0,F2,-0.3379,F2,-0.2097,,,,,,,
6c6sD_2ougC,ShallowMsa_000,AF3,0.5531,0.8942,0.5512,0.8917,-0.3411,-0.3405,2,0,2,0.0,F2,-0.1314,F2,-0.2097,,,,,,,
6c6sD_2ougC,ShallowMsa_001,AF3,0.4745,0.5816,0.4446,0.5656,-0.1072,-0.121,2,0,2,0.0,F2,0.1025,F1,-0.2097,,,,,,,
6c6sD_2ougC,ShallowMsa_002,AF3,0.5552,0.9008,0.5552,0.9008,-0.3455,-0.3455,2,0,2,0.0,F2,-0.1358,F2,-0.2097,,,,,,,
6c6sD_2ougC,ShallowMsa_003,AF3,0.4994,0.6811,0.4972,0.6185,-0.1817,-0.1213,2,0,2,0.0,F2,0.028,Amb,-0.2097,,,,,,,
6c6sD_2ougC,ShallowMsa_004,AF3,0.5484,0.8425,0.5475,0.8134,-0.2941,-0.2659,2,0,2,0.0,F2,-0.0844,F2,-0.2097,,,,,,,
6c6sD_2ougC,ShallowMsa_005,AF3,0.5028,0.5478,0.4745,0.5302,-0.0449,-0.0557,2,0,2,0.0,Amb,0.1648,F1,-0.2097,,,,,,,
6c6sD_2ougC,ShallowMsa_006,AF3,0.5633,0.8053,0.55,0.7879,-0.242,-0.2379,2,0,2,0.0,F2,-0.0323,Amb,-0.2097,,,,,,,
6c6sD_2ougC,ShallowMsa_007,AF3,0.5709,0.7993,0.563,0.776,-0.2285,-0.213,2,0,2,0.0,F2,-0.0188,Amb,-0.2097,,,,,,,
6c6sD_2ougC,ShallowMsa_008,AF3,0.5456,0.8255,0.5342,0.7116,-0.2799,-0.1773,2,0,2,0.0,F2,-0.0702,F2,-0.2097,,,,,,,
6c6sD_2ougC,ShallowMsa_009,AF3,0.4803,0.5783,0.479,0.5694,-0.098,-0.0903,2,0,2,0.0,F2,0.1117,F1,-0.2097,,,,,,,
6c6sD_2ougC,ShallowMsa_010,AF3,0.565,0.7887,0.5641,0.7238,-0.2236,-0.1598,2,0,2,0.0,F2,-0.0139,Amb,-0.2097,,,,,,,
6c6sD_2ougC,ShallowMsa_011,AF3,0.4408,0.4944,0.43,0.4832,-0.0536,-0.0532,2,0,2,0.0,F2,0.1561,F1,-0.2097,,,,,,,
6c6sD_2ougC,ShallowMsa_012,AF3,0.5445,0.8594,0.5437,0.8458,-0.3149,-0.3021,2,0,2,0.0,F2,-0.1052,F2,-0.2097,,,,,,,
6c6sD_2ougC,ShallowMsa_013,AF3,0.5532,0.6596,0.5378,0.65,-0.1064,-0.1123,2,0,2,0.0,F2,0.1033,F1,-0.2097,,,,,,,
6c6sD_2ougC,ShallowMsa_014,AF3,0.79,0.9014,0.6731,0.7734,-0.1113,-0.1003,2,1,1,0.5,F2,0.0984,F1,-0.2097,,,,,,,
6c6sD_2ougC,ShallowMsa_015,AF3,0.4742,0.6839,0.4725,0.6833,-0.2097,-0.2109,2,0,2,0.0,F2,0.0,Amb,-0.2097,,,,,,,
6c6sD_2ougC,ShallowMsa_016,AF3,0.5986,0.6286,0.5269,0.5602,-0.0301,-0.0333,2,0,2,0.0,Amb,0.1796,F1,-0.2097,,,,,,,
6c6sD_2ougC,ShallowMsa_017,AF3,0.5181,0.7059,0.5179,0.6373,-0.1878,-0.1194,2,0,2,0.0,F2,0.0219,Amb,-0.2097,,,,,,,
6c6sD_2ougC,ShallowMsa_018,AF3,0.5127,0.734,0.5088,0.6546,-0.2213,-0.1458,2,0,2,0.0,F2,-0.0116,Amb,-0.2097,,,,,,,
6c6sD_2ougC,ShallowMsa_000,ESM,0.5679,0.7027,0.4689,0.5359,-0.1348,-0.067,20,4,16,0.2,F2,-0.0044,Amb,-0.1304,,,,,,,
6c6sD_2ougC,ShallowMsa_001,ESM,0.5642,0.7341,0.4515,0.5138,-0.1699,-0.0623,20,2,18,0.1,F2,-0.0395,Amb,-0.1304,,,,,,,
6c6sD_2ougC,ShallowMsa_002,ESM,0.5719,0.8273,0.4742,0.5349,-0.2554,-0.0608,20,6,14,0.3,F2,-0.125,F2,-0.1304,,,,,,,
6c6sD_2ougC,ShallowMsa_003,ESM,0.5635,0.6939,0.4537,0.5262,-0.1304,-0.0725,20,4,16,0.2,F2,0.0,Amb,-0.1304,,,,,,,
6c6sD_2ougC,ShallowMsa_004,ESM,0.5718,0.6485,0.4777,0.5529,-0.0767,-0.0751,20,2,18,0.1,F2,0.0537,F1,-0.1304,,,,,,,
6c6sD_2ougC,ShallowMsa_005,ESM,0.5661,0.641,0.4772,0.5183,-0.0749,-0.0411,20,4,16,0.2,Amb,0.0555,F1,-0.1304,,,,,,,
6c6sD_2ougC,ShallowMsa_006,ESM,0.5687,0.6641,0.4765,0.5259,-0.0954,-0.0495,20,2,18,0.1,Amb,0.035,Amb,-0.1304,,,,,,,
6c6sD_2ougC,ShallowMsa_007,ESM,0.5793,0.6747,0.4912,0.5431,-0.0954,-0.0519,20,4,16,0.2,F2,0.035,Amb,-0.1304,,,,,,,
6c6sD_2ougC,ShallowMsa_008,ESM,0.5666,0.7617,0.4552,0.5504,-0.1951,-0.0951,20,2,18,0.1,F2,-0.0647,F2,-0.1304,,,,,,,
6c6sD_2ougC,ShallowMsa_009,ESM,0.5492,0.6482,0.4499,0.5194,-0.099,-0.0695,20,4,16,0.2,F2,0.0314,Amb,-0.1304,,,,,,,
6c6sD_2ougC,ShallowMsa_010,ESM,0.5796,0.6541,0.4687,0.503,-0.0744,-0.0343,20,4,16,0.2,Amb,0.056,F1,-0.1304,,,,,,,
6c6sD_2ougC,ShallowMsa_011,ESM,0.5417,0.6479,0.4182,0.463,-0.1061,-0.0448,20,6,14,0.3,Amb,0.0243,Amb,-0.1304,,,,,,,
6c6sD_2ougC,ShallowMsa_012,ESM,0.5736,0.7023,0.4617,0.5228,-0.1287,-0.061,20,4,16,0.2,F2,0.0017,Amb,-0.1304,,,,,,,
6c6sD_2ougC,ShallowMsa_013,ESM,0.567,0.7623,0.4577,0.5147,-0.1953,-0.057,20,6,14,0.3,F2,-0.0649,F2,-0.1304,,,,,,,
6c6sD_2ougC,ShallowMsa_014,ESM,0.5766,0.7165,0.4516,0.497,-0.1399,-0.0454,20,6,14,0.3,Amb,-0.0095,Amb,-0.1304,,,,,,,
6c6sD_2ougC,ShallowMsa_015,ESM,0.5488,0.667,0.4661,0.5065,-0.1182,-0.0405,20,4,16,0.2,Amb,0.0122,Amb,-0.1304,,,,,,,
6c6sD_2ougC,ShallowMsa_016,ESM,0.5683,0.7101,0.4358,0.4809,-0.1418,-0.0451,20,4,16,0.2,Amb,-0.0114,Amb,-0.1304,,,,,,,
6c6sD_2ougC,ShallowMsa_017,ESM,0.5731,0.7383,0.4684,0.5422,-0.1652,-0.0738,20,4,16,0.2,F2,-0.0348,Amb,-0.1304,,,,,,,
6c6sD_2ougC,ShallowMsa_018,ESM,0.5815,0.7376,0.481,0.5415,-0.1561,-0.0605,20,4,16,0.2,F2,-0.0257,Amb,-0.1304,,,,,,,
6c6sD_2ougC,DeepMsa,MSAT,0.4648,0.3819,0.4648,0.3819,0.0829,0.0829,1,1,0,1.0,F1,0.0829,F1,0.0098,0.4648,0.3819,t_recall,,,,
6c6sD_2ougC,ShallowMsa_000,MSAT,0.1922,0.1809,0.1922,0.1809,0.0113,0.0113,1,1,0,1.0,Amb,0.0015,Amb,0.0098,0.1922,0.1809,t_recall,,,,
6c6sD_2ougC,ShallowMsa_001,MSAT,0.0909,0.1608,0.0909,0.1608,-0.0699,-0.0699,1,0,1,0.0,F2,-0.0797,F2,0.0098,0.0909,0.1608,t_recall,,,,
6c6sD_2ougC,ShallowMsa_002,MSAT,0.4662,0.3769,0.4662,0.3769,0.0893,0.0893,1,1,0,1.0,F1,0.0795,F1,0.0098,0.4662,0.3769,t_recall,,,,
6c6sD_2ougC,ShallowMsa_003,MSAT,0.0255,0.0603,0.0255,0.0603,-0.0348,-0.0348,1,0,1,0.0,Amb,-0.0446,Amb,0.0098,0.0255,0.0603,t_recall,,,,
6c6sD_2ougC,ShallowMsa_004,MSAT,0.2082,0.1759,0.2082,0.1759,0.0323,0.0323,1,1,0,1.0,Amb,0.0225,Amb,0.0098,0.2082,0.1759,t_recall,,,,
6c6sD_2ougC,ShallowMsa_005,MSAT,0.1779,0.1859,0.1779,0.1859,-0.008,-0.008,1,0,1,0.0,Amb,-0.0178,Amb,0.0098,0.1779,0.1859,t_recall,,,,
6c6sD_2ougC,ShallowMsa_006,MSAT,0.3827,0.3538,0.3827,0.3538,0.0289,0.0289,1,1,0,1.0,Amb,0.0191,Amb,0.0098,0.3827,0.3538,t_recall,,,,
6c6sD_2ougC,ShallowMsa_007,MSAT,0.4331,0.3769,0.4331,0.3769,0.0562,0.0562,1,1,0,1.0,F1,0.0464,Amb,0.0098,0.4331,0.3769,t_recall,,,,
6c6sD_2ougC,ShallowMsa_008,MSAT,0.1174,0.1106,0.1174,0.1106,0.0068,0.0068,1,1,0,1.0,Amb,-0.003,Amb,0.0098,0.1174,0.1106,t_recall,,,,
6c6sD_2ougC,ShallowMsa_009,MSAT,0.0218,0.0503,0.0218,0.0503,-0.0285,-0.0285,1,0,1,0.0,Amb,-0.0383,Amb,0.0098,0.0218,0.0503,t_recall,,,,
6c6sD_2ougC,ShallowMsa_010,MSAT,0.1815,0.1759,0.1815,0.1759,0.0056,0.0056,1,1,0,1.0,Amb,-0.0042,Amb,0.0098,0.1815,0.1759,t_recall,,,,
6c6sD_2ougC,ShallowMsa_011,MSAT,0.0255,0.0503,0.0255,0.0503,-0.0248,-0.0248,1,0,1,0.0,Amb,-0.0346,Amb,0.0098,0.0255,0.0503,t_recall,,,,
6c6sD_2ougC,ShallowMsa_012,MSAT,0.4049,0.3618,0.4049,0.3618,0.0431,0.0431,1,1,0,1.0,Amb,0.0333,Amb,0.0098,0.4049,0.3618,t_recall,,,,
6c6sD_2ougC,ShallowMsa_013,MSAT,0.1708,0.1508,0.1708,0.1508,0.02,0.02,1,1,0,1.0,Amb,0.0102,Amb,0.0098,0.1708,0.1508,t_recall,,,,
6c6sD_2ougC,ShallowMsa_014,MSAT,0.3415,0.3317,0.3415,0.3317,0.0098,0.0098,1,1,0,1.0,Amb,0.0,Amb,0.0098,0.3415,0.3317,t_recall,,,,
6c6sD_2ougC,ShallowMsa_015,MSAT,0.0709,0.0312,0.0709,0.0312,0.0397,0.0397,1,1,0,1.0,Amb,0.0299,Amb,0.0098,0.0709,0.0312,t_recall,,,,
6c6sD_2ougC,ShallowMsa_016,MSAT,0.3,0.1658,0.3,0.1658,0.1342,0.1342,1,1,0,1.0,F1,0.1244,F1,0.0098,0.3,0.1658,t_recall,,,,
6c6sD_2ougC,ShallowMsa_017,MSAT,0.1588,0.1692,0.1588,0.1692,-0.0104,-0.0104,1,0,1,0.0,Amb,-0.0202,Amb,0.0098,0.1588,0.1692,t_recall,,,,
6c6sD_2ougC,ShallowMsa_018,MSAT,0.0112,0.0553,0.0112,0.0553,-0.0441,-0.0441,1,0,1,0.0,Amb,-0.0539,F2,0.0098,0.0112,0.0553,t_recall,,,,
6c6sD_2ougC,DeepMsa,CCMpred,0.1549,0.1608,0.1549,0.1608,-0.0059,-0.0059,1,0,1,0.0,Amb,-0.0059,Amb,0.0,0.1549,0.1608,t_recall,,,,
6c6sD_2ougC,ShallowMsa_000,CCMpred,0.0106,0.0151,0.0106,0.0151,-0.0045,-0.0045,1,0,1,0.0,Amb,-0.0045,Amb,0.0,0.0106,0.0151,t_recall,,,,
6c6sD_2ougC,ShallowMsa_001,CCMpred,0.0,0.0,0.0,0.0,0.0,0.0,1,0,0,0.0,Amb,0.0,Amb,0.0,0.0,0.0,t_recall,,,,
6c6sD_2ougC,ShallowMsa_002,CCMpred,0.0,0.0,0.0,0.0,0.0,0.0,1,0,0,0.0,Amb,0.0,Amb,0.0,0.0,0.0,t_recall,,,,
6c6sD_2ougC,ShallowMsa_003,CCMpred,0.0,0.0,0.0,0.0,0.0,0.0,1,0,0,0.0,Amb,0.0,Amb,0.0,0.0,0.0,t_recall,,,,
6c6sD_2ougC,ShallowMsa_004,CCMpred,0.0141,0.0151,0.0141,0.0151,-0.001,-0.001,1,0,1,0.0,Amb,-0.001,Amb,0.0,0.0141,0.0151,t_recall,,,,
6c6sD_2ougC,ShallowMsa_005,CCMpred,0.0,0.0,0.0,0.0,0.0,0.0,1,0,0,0.0,Amb,0.0,Amb,0.0,0.0,0.0,t_recall,,,,
6c6sD_2ougC,ShallowMsa_006,CCMpred,0.0,0.0,0.0,0.0,0.0,0.0,1,0,0,0.0,Amb,0.0,Amb,0.0,0.0,0.0,t_recall,,,,
6c6sD_2ougC,ShallowMsa_007,CCMpred,0.0,0.0,0.0,0.0,0.0,0.0,1,0,0,0.0,Amb,0.0,Amb,0.0,0.0,0.0,t_recall,,,,
6c6sD_2ougC,ShallowMsa_008,CCMpred,0.0,0.0,0.0,0.0,0.0,0.0,1,0,0,0.0,Amb,0.0,Amb,0.0,0.0,0.0,t_recall,,,,
6c6sD_2ougC,ShallowMsa_009,CCMpred,0.0,0.0,0.0,0.0,0.0,0.0,1,0,0,0.0,Amb,0.0,Amb,0.0,0.0,0.0,t_recall,,,,
6c6sD_2ougC,ShallowMsa_010,CCMpred,0.0,0.0,0.0,0.0,0.0,0.0,1,0,0,0.0,Amb,0.0,Amb,0.0,0.0,0.0,t_recall,,,,
6c6sD_2ougC,ShallowMsa_011,CCMpred,0.0,0.0,0.0,0.0,0.0,0.0,1,0,0,0.0,Amb,0.0,Amb,0.0,0.0,0.0,t_recall,,,,
6c6sD_2ougC,ShallowMsa_012,CCMpred,0.0,0.0,0.0,0.0,0.0,0.0,1,0,0,0.0,Amb,0.0,Amb,0.0,0.0,0.0,t_recall,,,,
6c6sD_2ougC,ShallowMsa_013,CCMpred,0.0,0.0,0.0,0.0,0.0,0.0,1,0,0,0.0,Amb,0.0,Amb,0.0,0.0,0.0,t_recall,,,,
6c6sD_2ougC,ShallowMsa_014,CCMpred,0.0,0.0,0.0,0.0,0.0,0.0,1,0,0,0.0,Amb,0.0,Amb,0.0,0.0,0.0,t_recall,,,,
6c6sD_2ougC,ShallowMsa_015,CCMpred,0.0,0.0,0.0,0.0,0.0,0.0,1,0,0,0.0,Amb,0.0,Amb,0.0,0.0,0.0,t_recall,,,,
6c6sD_2ougC,ShallowMsa_016,CCMpred,0.0,0.0,0.0,0.0,0.0,0.0,1,0,0,0.0,Amb,0.0,Amb,0.0,0.0,0.0,t_recall,,,,
6c6sD_2ougC,ShallowMsa_017,CCMpred,0.0,0.0,0.0,0.0,0.0,0.0,1,0,0,0.0,Amb,0.0,Amb,0.0,0.0,0.0,t_recall,,,,
6c6sD_2ougC,ShallowMsa_018,CCMpred,0.0,0.0,0.0,0.0,0.0,0.0,1,0,0,0.0,Amb,0.0,Amb,0.0,0.0,0.0,t_recall,,,,
6c6sD_2ougC,ShallowMsa_000,DDG,-20.7827,-23.1997,-20.7827,-23.1997,2.417,2.417,10,9,1,0.9,F1,-1.5447,F2,3.9617,,,ddg_kcal_per_mol(delta=1.0),2.417,2.4524,20.7827,23.1997
6c6sD_2ougC,ShallowMsa_001,DDG,-23.3812,-27.8336,-23.3812,-27.8336,4.4524,4.4524,10,10,0,1.0,F1,0.4907,Amb,3.9617,,,ddg_kcal_per_mol(delta=1.0),4.4524,2.8255,23.3812,27.8336
6c6sD_2ougC,ShallowMsa_002,DDG,-20.0882,-24.0449,-20.0882,-24.0449,3.9567,3.9567,10,7,3,0.7,F1,-0.005,Amb,3.9617,,,ddg_kcal_per_mol(delta=1.0),3.9567,5.6323,20.0882,24.0449
6c6sD_2ougC,ShallowMsa_003,DDG,-22.9335,-26.9975,-22.9335,-26.9975,4.064,4.064,10,9,1,0.9,F1,0.1023,Amb,3.9617,,,ddg_kcal_per_mol(delta=1.0),4.064,3.728,22.9335,26.9975
6c6sD_2ougC,ShallowMsa_004,DDG,-23.9672,-27.4718,-23.9672,-27.4718,3.5046,3.5046,10,9,1,0.9,F1,-0.4571,Amb,3.9617,,,ddg_kcal_per_mol(delta=1.0),3.5046,3.0367,23.9672,27.4718
6c6sD_2ougC,ShallowMsa_005,DDG,-23.3348,-28.2592,-23.3348,-28.2592,4.9244,4.9244,10,8,2,0.8,F1,0.9627,Amb,3.9617,,,ddg_kcal_per_mol(delta=1.0),4.9244,5.9978,23.3348,28.2592
6c6sD_2ougC,ShallowMsa_006,DDG,-22.7328,-27.4616,-22.7328,-27.4616,4.7287,4.7287,10,9,1,0.9,F1,0.767,Amb,3.9617,,,ddg_kcal_per_mol(delta=1.0),4.7287,4.505,22.7328,27.4616
6c6sD_2ougC,ShallowMsa_007,DDG,-23.051,-25.7387,-23.051,-25.7387,2.6876,2.6876,10,8,2,0.8,F1,-1.2741,F2,3.9617,,,ddg_kcal_per_mol(delta=1.0),2.6876,2.5967,23.051,25.7387
6c6sD_2ougC,ShallowMsa_008,DDG,-22.8079,-25.2844,-22.8079,-25.2844,2.4764,2.4764,10,7,3,0.7,F1,-1.4853,F2,3.9617,,,ddg_kcal_per_mol(delta=1.0),2.4764,4.6145,22.8079,25.2844
6c6sD_2ougC,ShallowMsa_009,DDG,-23.1212,-27.3002,-23.1212,-27.3002,4.1789,4.1789,10,9,1,0.9,F1,0.2172,Amb,3.9617,,,ddg_kcal_per_mol(delta=1.0),4.1789,3.8175,23.1212,27.3002
6c6sD_2ougC,ShallowMsa_010,DDG,-23.9782,-27.9916,-23.9782,-27.9916,4.0134,4.0134,10,9,1,0.9,F1,0.0517,Amb,3.9617,,,ddg_kcal_per_mol(delta=1.0),4.0134,3.5143,23.9782,27.9916
6c6sD_2ougC,ShallowMsa_011,DDG,-21.218,-25.1797,-21.218,-25.1797,3.9617,3.9617,10,7,3,0.7,F1,0.0,Amb,3.9617,,,ddg_kcal_per_mol(delta=1.0),3.9617,3.6963,21.218,25.1797
6c6sD_2ougC,ShallowMsa_012,DDG,-20.2881,-24.4226,-20.2881,-24.4226,4.1345,4.1345,10,10,0,1.0,F1,0.1728,Amb,3.9617,,,ddg_kcal_per_mol(delta=1.0),4.1345,3.3611,20.2881,24.4226
6c6sD_2ougC,ShallowMsa_013,DDG,-18.9857,-23.0847,-18.9857,-23.0847,4.0989,4.0989,10,9,1,0.9,F1,0.1372,Amb,3.9617,,,ddg_kcal_per_mol(delta=1.0),4.0989,2.5499,18.9857,23.0847
6c6sD_2ougC,ShallowMsa_014,DDG,-17.4929,-21.4041,-17.4929,-21.4041,3.9112,3.9112,10,8,2,0.8,F1,-0.0505,Amb,3.9617,,,ddg_kcal_per_mol(delta=1.0),3.9112,4.0423,17.4929,21.4041
6c6sD_2ougC,ShallowMsa_015,DDG,-19.3927,-22.8608,-19.3927,-22.8608,3.4681,3.4681,10,8,2,0.8,F1,-0.4936,Amb,3.9617,,,ddg_kcal_per_mol(delta=1.0),3.4681,2.9108,19.3927,22.8608
6c6sD_2ougC,ShallowMsa_016,DDG,-20.4918,-24.1125,-20.4918,-24.1125,3.6207,3.6207,10,8,2,0.8,F1,-0.341,Amb,3.9617,,,ddg_kcal_per_mol(delta=1.0),3.6207,4.2417,20.4918,24.1125
6c6sD_2ougC,ShallowMsa_017,DDG,-21.5776,-23.8838,-21.5776,-23.8838,2.3063,2.3063,10,8,2,0.8,F1,-1.6554,F2,3.9617,,,ddg_kcal_per_mol(delta=1.0),2.3063,3.0114,21.5776,23.8838
6c6sD_2ougC,ShallowMsa_018,DDG,-21.0701,-25.0756,-21.0701,-25.0756,4.0055,4.0055,10,8,2,0.8,F1,0.0438,Amb,3.9617,,,ddg_kcal_per_mol(delta=1.0),4.0055,3.4406,21.0701,25.0756
6c6sD_2ougC,ShallowMsa_000,Boltz2,,0.5012,,0.5012,,,1,0,0,0.0,Amb,,Amb,0.0,,,,,,,
6c6sD_2ougC,ShallowMsa_001,Boltz2,,0.5299,,0.5299,,,1,0,0,0.0,Amb,,Amb,0.0,,,,,,,
6c6sD_2ougC,ShallowMsa_002,Boltz2,,0.4691,,0.4691,,,1,0,0,0.0,Amb,,Amb,0.0,,,,,,,
6c6sD_2ougC,ShallowMsa_003,Boltz2,,0.5283,,0.5283,,,1,0,0,0.0,Amb,,Amb,0.0,,,,,,,
6c6sD_2ougC,ShallowMsa_004,Boltz2,,0.345,,0.345,,,1,0,0,0.0,Amb,,Amb,0.0,,,,,,,
6c6sD_2ougC,ShallowMsa_005,Boltz2,,0.5535,,0.5535,,,1,0,0,0.0,Amb,,Amb,0.0,,,,,,,
6c6sD_2ougC,ShallowMsa_006,Boltz2,,0.5683,,0.5683,,,1,0,0,0.0,Amb,,Amb,0.0,,,,,,,
6c6sD_2ougC,ShallowMsa_007,Boltz2,,0.3736,,0.3736,,,1,0,0,0.0,Amb,,Amb,0.0,,,,,,,
6c6sD_2ougC,ShallowMsa_008,Boltz2,,0.5977,,0.5977,,,1,0,0,0.0,Amb,,Amb,0.0,,,,,,,
6c6sD_2ougC,ShallowMsa_009,Boltz2,,0.2776,,0.2776,,,1,0,0,0.0,Amb,,Amb,0.0,,,,,,,
6c6sD_2ougC,ShallowMsa_010,Boltz2,,0.4903,,0.4903,,,1,0,0,0.0,Amb,,Amb,0.0,,,,,,,
6c6sD_2ougC,ShallowMsa_011,Boltz2,,0.4457,,0.4457,,,1,0,0,0.0,Amb,,Amb,0.0,,,,,,,
6c6sD_2ougC,ShallowMsa_012,Boltz2,,0.4108,,0.4108,,,1,0,0,0.0,Amb,,Amb,0.0,,,,,,,
6c6sD_2ougC,ShallowMsa_013,Boltz2,,0.4065,,0.4065,,,1,0,0,0.0,Amb,,Amb,0.0,,,,,,,
6c6sD_2ougC,ShallowMsa_014,Boltz2,,0.636,,0.636,,,1,0,0,0.0,Amb,,Amb,0.0,,,,,,,
6c6sD_2ougC,ShallowMsa_015,Boltz2,,0.4006,,0.4006,,,1,0,0,0.0,Amb,,Amb,0.0,,,,,,,
6c6sD_2ougC,ShallowMsa_016,Boltz2,,0.2661,,0.2661,,,1,0,0,0.0,Amb,,Amb,0.0,,,,,,,
6c6sD_2ougC,ShallowMsa_017,Boltz2,,0.282,,0.282,,,1,0,0,0.0,Amb,,Amb,0.0,,,,,,,
6c6sD_2ougC,ShallowMsa_018,Boltz2,,0.5414,,0.5414,,,1,0,0,0.0,Amb,,Amb,0.0,,,,,,,
7kdtB_6z4uA,DeepMsa,AF2,0.4269,0.2599,0.3782,0.217,0.1671,0.1612,2,2,0,1.0,F1,0.1671,F1,0.0,,,,,,,
7kdtB_6z4uA,DeepMsa,AF3,0.4011,0.2773,0.3922,0.2118,0.1238,0.1805,2,2,0,1.0,F1,0.1238,F1,0.0,,,,,,,
7kdtB_6z4uA,DeepMsa,ESM,0.3685,0.2305,0.3629,0.1996,0.138,0.1633,4,4,0,1.0,F1,0.138,F1,0.0,,,,,,,
7kdtB_6z4uA,DeepMsa,MSAT,0.0,0.0071,0.0,0.0071,-0.0071,-0.0071,1,0,1,0.0,Amb,-0.0071,Amb,0.0,0.0,0.0071,t_recall,,,,
