pair_id,cluster,n_seqs,mean_pid_to_F1,median_pid_to_F1,mean_pid_to_F2,median_pid_to_F2,mean_pid_to_query,median_pid_to_query
1dzlA_5keqF,ShallowMsa_000,53,0.4725851988589916,0.473568281938326,,,0.4725851988589916,0.473568281938326
1dzlA_5keqF,ShallowMsa_001,51,0.520170902872827,0.5230769230769231,,,0.520170902872827,0.5230769230769231
1dzlA_5keqF,ShallowMsa_002,51,0.6536785510319465,0.6740088105726872,,,0.6536785510319465,0.6740088105726872
1dzlA_5keqF,ShallowMsa_003,41,0.5151081446200322,0.5132743362831859,,,0.5151081446200322,0.5132743362831859
1dzlA_5keqF,ShallowMsa_004,37,0.5055941532642758,0.5077262693156733,,,0.5055941532642758,0.5077262693156733
1dzlA_5keqF,ShallowMsa_005,35,0.4966886949204816,0.49888641425389757,,,0.4966886949204816,0.49888641425389757
1dzlA_5keqF,ShallowMsa_006,34,0.47959834227891074,0.516164245777002,,,0.47959834227891074,0.516164245777002
1dzlA_5keqF,ShallowMsa_007,33,0.5356461626901721,0.5330396475770925,,,0.5356461626901721,0.5330396475770925
1dzlA_5keqF,ShallowMsa_008,33,0.5371398237441886,0.539647577092511,,,0.5371398237441886,0.539647577092511
1dzlA_5keqF,ShallowMsa_009,33,0.5254628816146871,0.5254988913525499,,,0.5254628816146871,0.5254988913525499
1dzlA_5keqF,ShallowMsa_010,33,0.7949770392200567,0.7738359201773836,,,0.7949770392200567,0.7738359201773836
1dzlA_5keqF,ShallowMsa_011,32,0.5512131862829976,0.5506607929515418,,,0.5512131862829976,0.5506607929515418
1dzlA_5keqF,ShallowMsa_012,31,0.489339152633314,0.4911111111111111,,,0.489339152633314,0.4911111111111111
1dzlA_5keqF,ShallowMsa_013,31,0.483555362947702,0.48123620309050774,,,0.483555362947702,0.48123620309050774
1dzlA_5keqF,ShallowMsa_014,31,0.5584520317754113,0.5560439560439561,,,0.5584520317754113,0.5560439560439561
1dzlA_5keqF,ShallowMsa_015,29,0.5463064312610503,0.5420353982300885,,,0.5463064312610503,0.5420353982300885
1dzlA_5keqF,ShallowMsa_016,29,0.6723189135433615,0.6674008810572687,,,0.6723189135433615,0.6674008810572687
1dzlA_5keqF,ShallowMsa_017,27,0.5646221758897161,0.5484581497797357,,,0.5646221758897161,0.5484581497797357
1dzlA_5keqF,ShallowMsa_018,27,0.49774963733438266,0.4966887417218543,,,0.49774963733438266,0.4966887417218543
1dzlA_5keqF,ShallowMsa_019,26,0.6384710459794035,0.6442792792792793,,,0.6384710459794035,0.6442792792792793
1dzlA_5keqF,ShallowMsa_020,25,0.5731317381366572,0.5462555066079295,,,0.5731317381366572,0.5462555066079295
1dzlA_5keqF,ShallowMsa_021,25,0.5232263992148218,0.5221238938053098,,,0.5232263992148218,0.5221238938053098
1dzlA_5keqF,ShallowMsa_022,25,0.5258554639388135,0.5274725274725275,,,0.5258554639388135,0.5274725274725275
1dzlA_5keqF,ShallowMsa_023,25,0.5033432253072202,0.5022026431718062,,,0.5033432253072202,0.5022026431718062
1dzlA_5keqF,ShallowMsa_024,25,0.5493886084935476,0.5484581497797357,,,0.5493886084935476,0.5484581497797357
1dzlA_5keqF,ShallowMsa_025,25,0.5317665247215706,0.5315315315315315,,,0.5317665247215706,0.5315315315315315
1dzlA_5keqF,ShallowMsa_026,24,0.5085637423058277,0.5071817187286332,,,0.5085637423058277,0.5071817187286332
1dzlA_5keqF,ShallowMsa_027,23,0.7401733492635117,0.7449664429530202,,,0.7401733492635117,0.7449664429530202
1dzlA_5keqF,ShallowMsa_028,23,0.4575815621776598,0.45594713656387664,,,0.4575815621776598,0.45594713656387664
1dzlA_5keqF,ShallowMsa_029,23,0.5039801522699011,0.5022026431718062,,,0.5039801522699011,0.5022026431718062
1dzlA_5keqF,ShallowMsa_030,23,0.5129492528068834,0.5110132158590308,,,0.5129492528068834,0.5110132158590308
1dzlA_5keqF,ShallowMsa_031,23,0.7165197619758585,0.7212389380530974,,,0.7165197619758585,0.7212389380530974
1dzlA_5keqF,ShallowMsa_032,22,0.5613416277290155,0.5418502202643172,,,0.5613416277290155,0.5418502202643172
1dzlA_5keqF,ShallowMsa_033,21,0.4814533428719122,0.4811529933481153,,,0.4814533428719122,0.4811529933481153
1dzlA_5keqF,ShallowMsa_034,21,0.514877697753751,0.5132743362831859,,,0.514877697753751,0.5132743362831859
1dzlA_5keqF,ShallowMsa_035,21,0.49544118002601195,0.4967032967032967,,,0.49544118002601195,0.4967032967032967
1dzlA_5keqF,ShallowMsa_036,21,0.5157447609795254,0.513215859030837,,,0.5157447609795254,0.513215859030837
1dzlA_5keqF,ShallowMsa_037,21,0.5550660792951542,0.5572687224669604,,,0.5550660792951542,0.5572687224669604
1dzlA_5keqF,ShallowMsa_038,20,0.5417002964689236,0.5452547452547452,,,0.5417002964689236,0.5452547452547452
1dzlA_5keqF,ShallowMsa_039,20,0.5748713910971434,0.5726872246696035,,,0.5748713910971434,0.5726872246696035
1dzlA_5keqF,ShallowMsa_040,20,0.5163642741025705,0.5263157894736842,,,0.5163642741025705,0.5263157894736842
1dzlA_5keqF,ShallowMsa_041,19,0.5297947388213532,0.5320088300220751,,,0.5297947388213532,0.5320088300220751
1dzlA_5keqF,ShallowMsa_042,19,0.5521678645954091,0.5550660792951542,,,0.5521678645954091,0.5550660792951542
1dzlA_5keqF,ShallowMsa_043,19,0.5267595962679733,0.5221238938053098,,,0.5267595962679733,0.5221238938053098
1dzlA_5keqF,ShallowMsa_044,19,0.5522224704875016,0.552863436123348,,,0.5522224704875016,0.552863436123348
1dzlA_5keqF,ShallowMsa_045,15,0.5341654988739791,0.534521158129176,,,0.5341654988739791,0.534521158129176
1dzlA_5keqF,ShallowMsa_046,13,0.30324196113003876,0.3045822102425876,,,0.30324196113003876,0.3045822102425876
1dzlA_5keqF,ShallowMsa_047,12,0.5077349781865572,0.4602212855637513,,,0.5077349781865572,0.4602212855637513
1dzlA_5keqF,ShallowMsa_048,11,0.46477718763108417,0.3623853211009174,,,0.46477718763108417,0.3623853211009174
1eboE_5fhcJ,ShallowMsa_000,102,0.3054961245844764,0.30272911051212936,,,0.3054961245844764,0.30272911051212936
1eboE_5fhcJ,ShallowMsa_001,66,0.3135984395655286,0.3103174603174603,,,0.3135984395655286,0.3103174603174603
1eboE_5fhcJ,ShallowMsa_002,51,0.6841001675060662,0.6805555555555556,,,0.6841001675060662,0.6805555555555556
1eboE_5fhcJ,ShallowMsa_003,41,0.3294754722708267,0.32727272727272727,,,0.3294754722708267,0.32727272727272727
1eboE_5fhcJ,ShallowMsa_004,35,0.3093688907371159,0.3170731707317073,,,0.3093688907371159,0.3170731707317073
1eboE_5fhcJ,ShallowMsa_005,33,0.3079526725289749,0.3037974683544304,,,0.3079526725289749,0.3037974683544304
1eboE_5fhcJ,ShallowMsa_006,33,0.3070586471378747,0.3076923076923077,,,0.3070586471378747,0.3076923076923077
1eboE_5fhcJ,ShallowMsa_007,30,0.31838398963770803,0.3104851330203443,,,0.31838398963770803,0.3104851330203443
1eboE_5fhcJ,ShallowMsa_008,30,0.34185436416271336,0.325,,,0.34185436416271336,0.325
1eboE_5fhcJ,ShallowMsa_009,29,0.32291699933420875,0.3269230769230769,,,0.32291699933420875,0.3269230769230769
1eboE_5fhcJ,ShallowMsa_010,25,0.3179699842483878,0.3191489361702128,,,0.3179699842483878,0.3191489361702128
1eboE_5fhcJ,ShallowMsa_011,23,0.31882532635007,0.32142857142857145,,,0.31882532635007,0.32142857142857145
1eboE_5fhcJ,ShallowMsa_012,22,0.29198192102131626,0.2858054226475279,,,0.29198192102131626,0.2858054226475279
1eboE_5fhcJ,ShallowMsa_013,22,0.29753029016648563,0.2978723404255319,,,0.29753029016648563,0.2978723404255319
1eboE_5fhcJ,ShallowMsa_014,22,0.31651651840766815,0.31879299562226393,,,0.31651651840766815,0.31879299562226393
1eboE_5fhcJ,ShallowMsa_015,21,0.3166868576406015,0.3150684931506849,,,0.3166868576406015,0.3150684931506849
1eboE_5fhcJ,ShallowMsa_016,21,0.32305240936954494,0.3269230769230769,,,0.32305240936954494,0.3269230769230769
1eboE_5fhcJ,ShallowMsa_017,21,0.3590049637427426,0.3269230769230769,,,0.3590049637427426,0.3269230769230769
1eboE_5fhcJ,ShallowMsa_018,20,0.3439881701301157,0.34573170731707314,,,0.3439881701301157,0.34573170731707314
1eboE_5fhcJ,ShallowMsa_019,20,0.3220713931455067,0.32304347826086954,,,0.3220713931455067,0.32304347826086954
1eboE_5fhcJ,ShallowMsa_020,20,0.3171880817866003,0.3112535612535613,,,0.3171880817866003,0.3112535612535613
1eboE_5fhcJ,ShallowMsa_021,19,0.3151045874366472,0.3132530120481928,,,0.3151045874366472,0.3132530120481928
1eboE_5fhcJ,ShallowMsa_022,19,0.3214843508448204,0.3235294117647059,,,0.3214843508448204,0.3235294117647059
1eboE_5fhcJ,ShallowMsa_023,16,0.3196556280992918,0.3146464646464646,,,0.3196556280992918,0.3146464646464646
1eboE_5fhcJ,ShallowMsa_024,15,0.30939613415776773,0.31645569620253167,,,0.30939613415776773,0.31645569620253167
1eboE_5fhcJ,ShallowMsa_025,14,0.3266390269542936,0.32456140350877194,,,0.3266390269542936,0.32456140350877194
1eboE_5fhcJ,ShallowMsa_026,14,0.3247806608412517,0.3237577639751553,,,0.3247806608412517,0.3237577639751553
1eboE_5fhcJ,ShallowMsa_027,14,0.3194190858039863,0.31853658536585366,,,0.3194190858039863,0.31853658536585366
1eboE_5fhcJ,ShallowMsa_028,13,0.338211842712661,0.3333333333333333,,,0.338211842712661,0.3333333333333333
1eboE_5fhcJ,ShallowMsa_029,13,0.31629211979571903,0.32098765432098764,,,0.31629211979571903,0.32098765432098764
1eboE_5fhcJ,ShallowMsa_030,12,0.30836753896030944,0.3011627906976744,,,0.30836753896030944,0.3011627906976744
1eboE_5fhcJ,ShallowMsa_031,12,0.3279386685293914,0.3191489361702128,,,0.3279386685293914,0.3191489361702128
1eboE_5fhcJ,ShallowMsa_032,12,0.31670617483811286,0.3191489361702128,,,0.31670617483811286,0.3191489361702128
1eboE_5fhcJ,ShallowMsa_033,12,0.30171975013571367,0.3043280871670702,,,0.30171975013571367,0.3043280871670702
1eboE_5fhcJ,ShallowMsa_034,12,0.2971316126285052,0.2911392405063291,,,0.2971316126285052,0.2911392405063291
1eboE_5fhcJ,ShallowMsa_035,12,0.38673745200497606,0.3870967741935484,,,0.38673745200497606,0.3870967741935484
1eboE_5fhcJ,ShallowMsa_036,11,0.30845829749573067,0.3076923076923077,,,0.30845829749573067,0.3076923076923077
1eboE_5fhcJ,ShallowMsa_037,11,0.3119094117243979,0.3148148148148148,,,0.3119094117243979,0.3148148148148148
1eboE_5fhcJ,ShallowMsa_038,11,0.4583775990446922,0.3157894736842105,,,0.4583775990446922,0.3157894736842105
1eboE_5fhcJ,ShallowMsa_039,11,0.3140426932002167,0.32,,,0.3140426932002167,0.32
1eboE_5fhcJ,ShallowMsa_040,11,0.3112776722539348,0.3170731707317073,,,0.3112776722539348,0.3170731707317073
1eboE_5fhcJ,ShallowMsa_041,11,0.2953351456853295,0.3108108108108108,,,0.2953351456853295,0.3108108108108108
1eboE_5fhcJ,ShallowMsa_042,11,0.29957159672606826,0.2926829268292683,,,0.29957159672606826,0.2926829268292683
1eboE_5fhcJ,ShallowMsa_043,11,0.2883949621440609,0.2823529411764706,,,0.2883949621440609,0.2823529411764706
1fzpD_2frhA,ShallowMsa_000,46,0.33572950565882687,0.33166666666666667,,,0.33572950565882687,0.33166666666666667
1fzpD_2frhA,ShallowMsa_001,44,0.29540347048051435,0.2982868195634153,,,0.29540347048051435,0.2982868195634153
1fzpD_2frhA,ShallowMsa_002,43,0.5743192745007116,0.81,,,0.5743192745007116,0.81
1fzpD_2frhA,ShallowMsa_003,41,0.24729217271436948,0.25,,,0.24729217271436948,0.25
1fzpD_2frhA,ShallowMsa_004,37,0.33199338540203965,0.32978723404255317,,,0.33199338540203965,0.32978723404255317
1fzpD_2frhA,ShallowMsa_005,36,0.24854902588848013,0.24390243902439024,,,0.24854902588848013,0.24390243902439024
1fzpD_2frhA,ShallowMsa_006,36,0.3170902146651436,0.30284818395610136,,,0.3170902146651436,0.30284818395610136
1fzpD_2frhA,ShallowMsa_007,35,0.26151789035175493,0.2608695652173913,,,0.26151789035175493,0.2608695652173913
1fzpD_2frhA,ShallowMsa_008,32,0.8450483064806936,0.83,,,0.8450483064806936,0.83
1fzpD_2frhA,ShallowMsa_009,32,0.24596693157785293,0.25,,,0.24596693157785293,0.25
1fzpD_2frhA,ShallowMsa_010,32,0.25631202010199106,0.25,,,0.25631202010199106,0.25
1fzpD_2frhA,ShallowMsa_011,31,0.601098508507285,0.7,,,0.601098508507285,0.7
1fzpD_2frhA,ShallowMsa_012,31,0.38393484919187876,0.3870967741935484,,,0.38393484919187876,0.3870967741935484
1fzpD_2frhA,ShallowMsa_013,31,0.27384657411454777,0.28205128205128205,,,0.27384657411454777,0.28205128205128205
1fzpD_2frhA,ShallowMsa_014,31,0.25383412993425253,0.2564102564102564,,,0.25383412993425253,0.2564102564102564
1fzpD_2frhA,ShallowMsa_015,31,0.2692666875326287,0.2682926829268293,,,0.2692666875326287,0.2682926829268293
1fzpD_2frhA,ShallowMsa_016,30,0.3121590362575318,0.2826086956521739,,,0.3121590362575318,0.2826086956521739
1fzpD_2frhA,ShallowMsa_017,30,0.2701733805130018,0.27346041055718473,,,0.2701733805130018,0.27346041055718473
1fzpD_2frhA,ShallowMsa_018,29,0.25441735265664767,0.2564102564102564,,,0.25441735265664767,0.2564102564102564
1fzpD_2frhA,ShallowMsa_019,25,0.23839651964899197,0.24390243902439024,,,0.23839651964899197,0.24390243902439024
1fzpD_2frhA,ShallowMsa_020,25,0.2713016111423681,0.26785714285714285,,,0.2713016111423681,0.26785714285714285
1fzpD_2frhA,ShallowMsa_021,24,0.7200000000000001,0.69,,,0.7200000000000001,0.69
1fzpD_2frhA,ShallowMsa_022,24,0.23778232930858523,0.23380171740827477,,,0.23778232930858523,0.23380171740827477
1fzpD_2frhA,ShallowMsa_023,24,0.25642714571624853,0.2563069114793253,,,0.25642714571624853,0.2563069114793253
1fzpD_2frhA,ShallowMsa_024,24,0.2616248158961011,0.25900621118012424,,,0.2616248158961011,0.25900621118012424
1fzpD_2frhA,ShallowMsa_025,23,0.27574117340189974,0.2753623188405797,,,0.27574117340189974,0.2753623188405797
1fzpD_2frhA,ShallowMsa_026,23,0.2676921086863916,0.28888888888888886,,,0.2676921086863916,0.28888888888888886
1fzpD_2frhA,ShallowMsa_027,23,0.2819219857927385,0.28,,,0.2819219857927385,0.28
1fzpD_2frhA,ShallowMsa_028,23,0.25836818944043183,0.2619047619047619,,,0.25836818944043183,0.2619047619047619
1fzpD_2frhA,ShallowMsa_029,23,0.24609408372468397,0.24390243902439024,,,0.24609408372468397,0.24390243902439024
1fzpD_2frhA,ShallowMsa_030,23,0.22165171545197718,0.2222222222222222,,,0.22165171545197718,0.2222222222222222
1fzpD_2frhA,ShallowMsa_031,23,0.27430480945285096,0.2619047619047619,,,0.27430480945285096,0.2619047619047619
1fzpD_2frhA,ShallowMsa_032,22,0.24058430396703107,0.23930078360458107,,,0.24058430396703107,0.23930078360458107
1fzpD_2frhA,ShallowMsa_033,22,0.2573253597739537,0.25,,,0.2573253597739537,0.25
1fzpD_2frhA,ShallowMsa_034,21,0.2439985847297604,0.23728813559322035,,,0.2439985847297604,0.23728813559322035
1fzpD_2frhA,ShallowMsa_035,21,0.25790648557634105,0.2564102564102564,,,0.25790648557634105,0.2564102564102564
1fzpD_2frhA,ShallowMsa_036,21,0.22435060745165275,0.21951219512195122,,,0.22435060745165275,0.21951219512195122
1fzpD_2frhA,ShallowMsa_037,21,0.261938383268256,0.2619047619047619,,,0.261938383268256,0.2619047619047619
1fzpD_2frhA,ShallowMsa_038,21,0.2679442534115247,0.2727272727272727,,,0.2679442534115247,0.2727272727272727
1fzpD_2frhA,ShallowMsa_039,20,0.33361312232897367,0.3473684210526316,,,0.33361312232897367,0.3473684210526316
1fzpD_2frhA,ShallowMsa_040,20,0.27909861953586956,0.26969696969696966,,,0.27909861953586956,0.26969696969696966
1fzpD_2frhA,ShallowMsa_041,20,0.2853906557622496,0.27793103448275863,,,0.2853906557622496,0.27793103448275863
1fzpD_2frhA,ShallowMsa_042,19,0.24873334922913332,0.25,,,0.24873334922913332,0.25
1fzpD_2frhA,ShallowMsa_043,19,0.28461094950695,0.28205128205128205,,,0.28461094950695,0.28205128205128205
1fzpD_2frhA,ShallowMsa_044,19,0.2566275509366475,0.25,,,0.2566275509366475,0.25
1fzpD_2frhA,ShallowMsa_045,19,0.2579112690171686,0.2564102564102564,,,0.2579112690171686,0.2564102564102564
1fzpD_2frhA,ShallowMsa_046,19,0.27911767891177575,0.2777777777777778,,,0.27911767891177575,0.2777777777777778
1fzpD_2frhA,ShallowMsa_047,18,0.2845513252225461,0.293005517689062,,,0.2845513252225461,0.293005517689062
1fzpD_2frhA,ShallowMsa_048,17,0.33734847595274603,0.3258426966292135,,,0.33734847595274603,0.3258426966292135
1fzpD_2frhA,ShallowMsa_049,16,0.29157239281105624,0.27967479674796747,,,0.29157239281105624,0.27967479674796747
1fzpD_2frhA,ShallowMsa_050,16,0.2619185819262039,0.2657051282051282,,,0.2619185819262039,0.2657051282051282
1fzpD_2frhA,ShallowMsa_051,16,0.2589698286050837,0.25,,,0.2589698286050837,0.25
1fzpD_2frhA,ShallowMsa_052,16,0.30304440828758783,0.30919117647058825,,,0.30304440828758783,0.30919117647058825
1fzpD_2frhA,ShallowMsa_053,15,0.24856577027308735,0.25,,,0.24856577027308735,0.25
1fzpD_2frhA,ShallowMsa_054,15,0.25473178803340546,0.25757575757575757,,,0.25473178803340546,0.25757575757575757
1fzpD_2frhA,ShallowMsa_055,14,0.3929218426501035,0.3958333333333333,,,0.3929218426501035,0.3958333333333333
1fzpD_2frhA,ShallowMsa_056,14,0.3052304720070355,0.3146464646464646,,,0.3052304720070355,0.3146464646464646
1fzpD_2frhA,ShallowMsa_057,14,0.24817575374053777,0.25,,,0.24817575374053777,0.25
1fzpD_2frhA,ShallowMsa_058,14,0.26263769083569394,0.25,,,0.26263769083569394,0.25
1fzpD_2frhA,ShallowMsa_059,14,0.282756030733972,0.2878787878787879,,,0.282756030733972,0.2878787878787879
1fzpD_2frhA,ShallowMsa_060,13,0.2937278138413113,0.29347826086956524,,,0.2937278138413113,0.29347826086956524
1fzpD_2frhA,ShallowMsa_061,13,0.2767750086138252,0.2702702702702703,,,0.2767750086138252,0.2702702702702703
1fzpD_2frhA,ShallowMsa_062,13,0.2226935854842832,0.21428571428571427,,,0.2226935854842832,0.21428571428571427
1fzpD_2frhA,ShallowMsa_063,13,0.24354970756450867,0.2391304347826087,,,0.24354970756450867,0.2391304347826087
1fzpD_2frhA,ShallowMsa_064,13,0.2512646864167436,0.2564102564102564,,,0.2512646864167436,0.2564102564102564
1fzpD_2frhA,ShallowMsa_065,13,0.2644802039736373,0.2564102564102564,,,0.2644802039736373,0.2564102564102564
1fzpD_2frhA,ShallowMsa_066,13,0.23923154250042705,0.23809523809523808,,,0.23923154250042705,0.23809523809523808
1fzpD_2frhA,ShallowMsa_067,13,0.22522807713361248,0.22727272727272727,,,0.22522807713361248,0.22727272727272727
1fzpD_2frhA,ShallowMsa_068,13,0.24829478453406054,0.2537313432835821,,,0.24829478453406054,0.2537313432835821
1fzpD_2frhA,ShallowMsa_069,13,0.2826721117600186,0.28125,,,0.2826721117600186,0.28125
1fzpD_2frhA,ShallowMsa_070,12,0.272550975177305,0.2765957446808511,,,0.272550975177305,0.2765957446808511
1fzpD_2frhA,ShallowMsa_071,12,0.30293203133434743,0.2948717948717949,,,0.30293203133434743,0.2948717948717949
1fzpD_2frhA,ShallowMsa_072,12,0.26898085391813537,0.27525252525252525,,,0.26898085391813537,0.27525252525252525
1fzpD_2frhA,ShallowMsa_073,12,0.24006581875571262,0.24722222222222223,,,0.24006581875571262,0.24722222222222223
1fzpD_2frhA,ShallowMsa_074,12,0.26149728850029647,0.26296296296296295,,,0.26149728850029647,0.26296296296296295
1fzpD_2frhA,ShallowMsa_075,12,0.23140796732398097,0.2260093896713615,,,0.23140796732398097,0.2260093896713615
1fzpD_2frhA,ShallowMsa_076,12,0.28108594793253,0.27692307692307694,,,0.28108594793253,0.27692307692307694
1fzpD_2frhA,ShallowMsa_077,11,0.24361523059514453,0.24324324324324326,,,0.24361523059514453,0.24324324324324326
1fzpD_2frhA,ShallowMsa_078,11,0.24286537557047538,0.23076923076923078,,,0.24286537557047538,0.23076923076923078
1fzpD_2frhA,ShallowMsa_079,11,0.2837269746866778,0.275,,,0.2837269746866778,0.275
1fzpD_2frhA,ShallowMsa_080,11,0.2957741870532568,0.3,,,0.2957741870532568,0.3
1fzpD_2frhA,ShallowMsa_081,11,0.2433982683982684,0.23809523809523808,,,0.2433982683982684,0.23809523809523808
1fzpD_2frhA,ShallowMsa_082,11,0.2518111892434541,0.2558139534883721,,,0.2518111892434541,0.2558139534883721
1fzpD_2frhA,ShallowMsa_083,11,0.23939810041306772,0.23404255319148937,,,0.23939810041306772,0.23404255319148937
1fzpD_2frhA,ShallowMsa_084,11,0.2929283647234198,0.29545454545454547,,,0.2929283647234198,0.29545454545454547
1fzpD_2frhA,ShallowMsa_085,11,0.25031693789915843,0.25,,,0.25031693789915843,0.25
1fzpD_2frhA,ShallowMsa_086,11,0.2506117019037275,0.2459016393442623,,,0.2506117019037275,0.2459016393442623
1fzpD_2frhA,ShallowMsa_087,11,0.3012590074502301,0.3090909090909091,,,0.3012590074502301,0.3090909090909091
1fzpD_2frhA,ShallowMsa_088,11,0.2742422784359332,0.2727272727272727,,,0.2742422784359332,0.2727272727272727
1fzpD_2frhA,ShallowMsa_089,11,0.285321478881962,0.2857142857142857,,,0.285321478881962,0.2857142857142857
1iytA_2naoF,ShallowMsa_000,15,0.8610065814943865,0.8780487804878049,,,0.8610065814943865,0.8780487804878049
1iytA_2naoF,ShallowMsa_001,13,0.8050704767402705,0.8048780487804879,,,0.8050704767402705,0.8048780487804879
1iytA_2naoF,ShallowMsa_002,12,0.8875199723855617,0.8627267041901188,,,0.8875199723855617,0.8627267041901188
1iytA_2naoF,ShallowMsa_003,11,0.904761904761905,0.9047619047619048,,,0.904761904761905,0.9047619047619048
1iytA_2naoF,ShallowMsa_004,11,0.7464590964590964,0.7142857142857143,,,0.7464590964590964,0.7142857142857143
1iytA_2naoF,ShallowMsa_005,11,0.8380276710585242,0.8888888888888888,,,0.8380276710585242,0.8888888888888888
1iytA_2naoF,ShallowMsa_006,10,0.8158333333333333,0.8172619047619047,,,0.8158333333333333,0.8172619047619047
1iytA_2naoF,ShallowMsa_007,9,0.9471256726812283,0.9259259259259259,,,0.9471256726812283,0.9259259259259259
1iytA_2naoF,ShallowMsa_008,9,0.9654761904761904,0.9761904761904762,,,0.9654761904761904,0.9761904761904762
1iytA_2naoF,ShallowMsa_009,9,0.8333333333333333,0.8333333333333334,,,0.8333333333333333,0.8333333333333334
1iytA_2naoF,ShallowMsa_010,9,0.8306878306878306,0.8333333333333334,,,0.8306878306878306,0.8333333333333334
1iytA_2naoF,ShallowMsa_011,9,0.8222996515679442,0.8333333333333334,,,0.8222996515679442,0.8333333333333334
1jfkA_2nxqB,ShallowMsa_000,824,0.29232740102924815,0.288135593220339,,,0.29232740102924815,0.288135593220339
1jfkA_2nxqB,ShallowMsa_001,777,0.2835477942210683,0.2807017543859649,,,0.2835477942210683,0.2807017543859649
1jfkA_2nxqB,ShallowMsa_002,573,0.30392755120305454,0.3,,,0.30392755120305454,0.3
1jfkA_2nxqB,ShallowMsa_003,530,0.2647250993582971,0.26229508196721313,,,0.2647250993582971,0.26229508196721313
1jfkA_2nxqB,ShallowMsa_004,462,0.30043450725689874,0.29508196721311475,,,0.30043450725689874,0.29508196721311475
1jfkA_2nxqB,ShallowMsa_005,461,0.27761288862893996,0.27450980392156865,,,0.27761288862893996,0.27450980392156865
1jfkA_2nxqB,ShallowMsa_006,376,0.29288719471425967,0.2900763358778626,,,0.29288719471425967,0.2900763358778626
1jfkA_2nxqB,ShallowMsa_007,355,0.273700123909362,0.26785714285714285,,,0.273700123909362,0.26785714285714285
1jfkA_2nxqB,ShallowMsa_008,348,0.311507947620013,0.30357142857142855,,,0.311507947620013,0.30357142857142855
1jfkA_2nxqB,ShallowMsa_009,308,0.3065866486769417,0.2994845360824742,,,0.3065866486769417,0.2994845360824742
1jfkA_2nxqB,ShallowMsa_010,308,0.30829319581909437,0.3,,,0.30829319581909437,0.3
1jfkA_2nxqB,ShallowMsa_011,283,0.2888209659614786,0.2833333333333333,,,0.2888209659614786,0.2833333333333333
1jfkA_2nxqB,ShallowMsa_012,280,0.2903556846859348,0.2903225806451613,,,0.2903556846859348,0.2903225806451613
1jfkA_2nxqB,ShallowMsa_013,268,0.2733513310136314,0.2677313883299799,,,0.2733513310136314,0.2677313883299799
1jfkA_2nxqB,ShallowMsa_014,255,0.28453453583269317,0.2833333333333333,,,0.28453453583269317,0.2833333333333333
1jfkA_2nxqB,ShallowMsa_015,225,0.27931097323106574,0.2824427480916031,,,0.27931097323106574,0.2824427480916031
1jfkA_2nxqB,ShallowMsa_016,221,0.2750731567782659,0.2711864406779661,,,0.2750731567782659,0.2711864406779661
1jfkA_2nxqB,ShallowMsa_017,201,0.2826375117413184,0.2807017543859649,,,0.2826375117413184,0.2807017543859649
1jfkA_2nxqB,ShallowMsa_018,199,0.2754926970868288,0.2734375,,,0.2754926970868288,0.2734375
1jfkA_2nxqB,ShallowMsa_019,194,0.27987449914610757,0.2700557700557701,,,0.27987449914610757,0.2700557700557701
1jfkA_2nxqB,ShallowMsa_020,194,0.27945949037887696,0.27586206896551724,,,0.27945949037887696,0.27586206896551724
1jfkA_2nxqB,ShallowMsa_021,180,0.287790224499437,0.2828880407124682,,,0.287790224499437,0.2828880407124682
1jfkA_2nxqB,ShallowMsa_022,179,0.28820788132245534,0.2833333333333333,,,0.28820788132245534,0.2833333333333333
1jfkA_2nxqB,ShallowMsa_023,174,0.29129456396971876,0.2833333333333333,,,0.29129456396971876,0.2833333333333333
1jfkA_2nxqB,ShallowMsa_024,173,0.31342238658861343,0.3140495867768595,,,0.31342238658861343,0.3140495867768595
1jfkA_2nxqB,ShallowMsa_025,167,0.29414499446720443,0.28846153846153844,,,0.29414499446720443,0.28846153846153844
1jfkA_2nxqB,ShallowMsa_026,166,0.2735200371152061,0.2719568567026194,,,0.2735200371152061,0.2719568567026194
1jfkA_2nxqB,ShallowMsa_027,165,0.306099406667633,0.30158730158730157,,,0.306099406667633,0.30158730158730157
1jfkA_2nxqB,ShallowMsa_028,156,0.2901511054048343,0.286692759295499,,,0.2901511054048343,0.286692759295499
1jfkA_2nxqB,ShallowMsa_029,154,0.2684596472680943,0.26666666666666666,,,0.2684596472680943,0.26666666666666666
1jfkA_2nxqB,ShallowMsa_030,154,0.2908094582682296,0.2833333333333333,,,0.2908094582682296,0.2833333333333333
1jfkA_2nxqB,ShallowMsa_031,147,0.2849493868221117,0.2777777777777778,,,0.2849493868221117,0.2777777777777778
1jfkA_2nxqB,ShallowMsa_032,146,0.28344683252875735,0.2817540322580645,,,0.28344683252875735,0.2817540322580645
1jfkA_2nxqB,ShallowMsa_033,145,0.29064605953645833,0.2903225806451613,,,0.29064605953645833,0.2903225806451613
1jfkA_2nxqB,ShallowMsa_034,144,0.268682076439061,0.26666666666666666,,,0.268682076439061,0.26666666666666666
1jfkA_2nxqB,ShallowMsa_035,143,0.2858788859167462,0.2807017543859649,,,0.2858788859167462,0.2807017543859649
1jfkA_2nxqB,ShallowMsa_036,139,0.2925915115822775,0.288135593220339,,,0.2925915115822775,0.288135593220339
1jfkA_2nxqB,ShallowMsa_037,138,0.2849628437398807,0.2833333333333333,,,0.2849628437398807,0.2833333333333333
1jfkA_2nxqB,ShallowMsa_038,134,0.26090461357005346,0.26229508196721313,,,0.26090461357005346,0.26229508196721313
1jfkA_2nxqB,ShallowMsa_039,133,0.2702059089628813,0.2727272727272727,,,0.2702059089628813,0.2727272727272727
1jfkA_2nxqB,ShallowMsa_040,131,0.28261713287489815,0.2833333333333333,,,0.28261713287489815,0.2833333333333333
1jfkA_2nxqB,ShallowMsa_041,130,0.29493653174882406,0.296,,,0.29493653174882406,0.296
1jfkA_2nxqB,ShallowMsa_042,129,0.295420348317348,0.288135593220339,,,0.295420348317348,0.288135593220339
1jfkA_2nxqB,ShallowMsa_043,129,0.2818635098035808,0.2807017543859649,,,0.2818635098035808,0.2807017543859649
1jfkA_2nxqB,ShallowMsa_044,127,0.2749684165334019,0.2711864406779661,,,0.2749684165334019,0.2711864406779661
1jfkA_2nxqB,ShallowMsa_045,127,0.2661764118285084,0.26666666666666666,,,0.2661764118285084,0.26666666666666666
1jfkA_2nxqB,ShallowMsa_046,126,0.27200643210212405,0.2727272727272727,,,0.27200643210212405,0.2727272727272727
1jfkA_2nxqB,ShallowMsa_047,126,0.28491164352377013,0.2833333333333333,,,0.28491164352377013,0.2833333333333333
1jfkA_2nxqB,ShallowMsa_048,126,0.2986862572438904,0.29310344827586204,,,0.2986862572438904,0.29310344827586204
1jfkA_2nxqB,ShallowMsa_049,123,0.28310358612421604,0.27419354838709675,,,0.28310358612421604,0.27419354838709675
1jfkA_2nxqB,ShallowMsa_050,122,0.2788747394669238,0.2786885245901639,,,0.2788747394669238,0.2786885245901639
1jfkA_2nxqB,ShallowMsa_051,122,0.2749664288400598,0.2698412698412698,,,0.2749664288400598,0.2698412698412698
1jfkA_2nxqB,ShallowMsa_052,122,0.2479987869922103,0.25,,,0.2479987869922103,0.25
1jfkA_2nxqB,ShallowMsa_053,120,0.2765356517388765,0.2719568567026194,,,0.2765356517388765,0.2719568567026194
1jfkA_2nxqB,ShallowMsa_054,115,0.292230770025745,0.2857142857142857,,,0.292230770025745,0.2857142857142857
1jfkA_2nxqB,ShallowMsa_055,115,0.2931003781271192,0.2909090909090909,,,0.2931003781271192,0.2909090909090909
1jfkA_2nxqB,ShallowMsa_056,113,0.28211997141926554,0.2807017543859649,,,0.28211997141926554,0.2807017543859649
1jfkA_2nxqB,ShallowMsa_057,112,0.2985146559479575,0.2982456140350877,,,0.2985146559479575,0.2982456140350877
1jfkA_2nxqB,ShallowMsa_058,112,0.29660762058385665,0.29310344827586204,,,0.29660762058385665,0.29310344827586204
1jfkA_2nxqB,ShallowMsa_059,111,0.2768570516083055,0.2711864406779661,,,0.2768570516083055,0.2711864406779661
1jfkA_2nxqB,ShallowMsa_060,111,0.28060798552240407,0.2824427480916031,,,0.28060798552240407,0.2824427480916031
1jfkA_2nxqB,ShallowMsa_061,108,0.2687552995912131,0.2671361502347418,,,0.2687552995912131,0.2671361502347418
1jfkA_2nxqB,ShallowMsa_062,107,0.2792145470715869,0.2711864406779661,,,0.2792145470715869,0.2711864406779661
1jfkA_2nxqB,ShallowMsa_063,107,0.2924727245430945,0.2966101694915254,,,0.2924727245430945,0.2966101694915254
1jfkA_2nxqB,ShallowMsa_064,102,0.2864383286783578,0.28097587719298245,,,0.2864383286783578,0.28097587719298245
1jfkA_2nxqB,ShallowMsa_065,97,0.2686583781314833,0.26229508196721313,,,0.2686583781314833,0.26229508196721313
1jfkA_2nxqB,ShallowMsa_066,94,0.30583590120347304,0.2975603070175439,,,0.30583590120347304,0.2975603070175439
1jfkA_2nxqB,ShallowMsa_067,93,0.2612452602331926,0.26229508196721313,,,0.2612452602331926,0.26229508196721313
1jfkA_2nxqB,ShallowMsa_068,92,0.2766544455995068,0.275027808676307,,,0.2766544455995068,0.275027808676307
1jfkA_2nxqB,ShallowMsa_069,92,0.2940922333672254,0.3,,,0.2940922333672254,0.3
1jfkA_2nxqB,ShallowMsa_070,89,0.2837421347098063,0.2807017543859649,,,0.2837421347098063,0.2807017543859649
1jfkA_2nxqB,ShallowMsa_071,87,0.27988203139906337,0.2786885245901639,,,0.27988203139906337,0.2786885245901639
1jfkA_2nxqB,ShallowMsa_072,87,0.2649053930824436,0.26717557251908397,,,0.2649053930824436,0.26717557251908397
1jfkA_2nxqB,ShallowMsa_073,85,0.3535986425253879,0.3230769230769231,,,0.3535986425253879,0.3230769230769231
1jfkA_2nxqB,ShallowMsa_074,85,0.2785673135332469,0.27586206896551724,,,0.2785673135332469,0.27586206896551724
1jfkA_2nxqB,ShallowMsa_075,84,0.2817730594442601,0.28186031115524657,,,0.2817730594442601,0.28186031115524657
1jfkA_2nxqB,ShallowMsa_076,82,0.28103504694700965,0.27823315118397085,,,0.28103504694700965,0.27823315118397085
1jfkA_2nxqB,ShallowMsa_077,82,0.28064791236218,0.2833333333333333,,,0.28064791236218,0.2833333333333333
1jfkA_2nxqB,ShallowMsa_078,81,0.29851531303147505,0.2903225806451613,,,0.29851531303147505,0.2903225806451613
1jfkA_2nxqB,ShallowMsa_079,78,0.28792212478982154,0.2820175438596491,,,0.28792212478982154,0.2820175438596491
1jfkA_2nxqB,ShallowMsa_080,77,0.3420209442239915,0.3392857142857143,,,0.3420209442239915,0.3392857142857143
1jfkA_2nxqB,ShallowMsa_081,73,0.28851615925903173,0.2903225806451613,,,0.28851615925903173,0.2903225806451613
1jfkA_2nxqB,ShallowMsa_082,72,0.26980564541253343,0.26540880503144654,,,0.26980564541253343,0.26540880503144654
1jfkA_2nxqB,ShallowMsa_083,70,0.26901809090470435,0.26884920634920634,,,0.26901809090470435,0.26884920634920634
1jfkA_2nxqB,ShallowMsa_084,68,0.2854497189764812,0.2857142857142857,,,0.2854497189764812,0.2857142857142857
1jfkA_2nxqB,ShallowMsa_085,67,0.24764861096157317,0.24528301886792453,,,0.24764861096157317,0.24528301886792453
1jfkA_2nxqB,ShallowMsa_086,65,0.27970910170048807,0.2807017543859649,,,0.27970910170048807,0.2807017543859649
1jfkA_2nxqB,ShallowMsa_087,63,0.2820511511832904,0.2777777777777778,,,0.2820511511832904,0.2777777777777778
1jfkA_2nxqB,ShallowMsa_088,62,0.2719667539147486,0.275027808676307,,,0.2719667539147486,0.275027808676307
1jfkA_2nxqB,ShallowMsa_089,62,0.27379826550226266,0.2711864406779661,,,0.27379826550226266,0.2711864406779661
1jfkA_2nxqB,ShallowMsa_090,60,0.2831793651773689,0.27996926229508196,,,0.2831793651773689,0.27996926229508196
1jfkA_2nxqB,ShallowMsa_091,58,0.27030934638374887,0.2647551978537894,,,0.27030934638374887,0.2647551978537894
1jfkA_2nxqB,ShallowMsa_092,57,0.2678325500734409,0.2682926829268293,,,0.2678325500734409,0.2682926829268293
1jfkA_2nxqB,ShallowMsa_093,57,0.29375877404819123,0.28125,,,0.29375877404819123,0.28125
1jfkA_2nxqB,ShallowMsa_094,51,0.27618153903939957,0.2807017543859649,,,0.27618153903939957,0.2807017543859649
1jfkA_2nxqB,ShallowMsa_095,51,0.2746141114245104,0.2711864406779661,,,0.2746141114245104,0.2711864406779661
1jfkA_2nxqB,ShallowMsa_096,49,0.2818922324433139,0.2777777777777778,,,0.2818922324433139,0.2777777777777778
1jfkA_2nxqB,ShallowMsa_097,47,0.2806663150793439,0.2807017543859649,,,0.2806663150793439,0.2807017543859649
1jfkA_2nxqB,ShallowMsa_098,47,0.49177594466863034,0.42105263157894735,,,0.49177594466863034,0.42105263157894735
1jfkA_2nxqB,ShallowMsa_099,42,0.28295743506403875,0.2796951394880644,,,0.28295743506403875,0.2796951394880644
1kctA_3t1pA,ShallowMsa_000,952,0.2852052750512283,0.28257858605323377,,,0.2852052750512283,0.28257858605323377
1kctA_3t1pA,ShallowMsa_001,788,0.2939992692860156,0.292817679558011,,,0.2939992692860156,0.292817679558011
1kctA_3t1pA,ShallowMsa_002,619,0.3020547368118043,0.3,,,0.3020547368118043,0.3
1kctA_3t1pA,ShallowMsa_003,548,0.29116131336099216,0.28951296150824823,,,0.29116131336099216,0.28951296150824823
1kctA_3t1pA,ShallowMsa_004,538,0.47678268352717684,0.4550237194179415,,,0.47678268352717684,0.4550237194179415
1kctA_3t1pA,ShallowMsa_005,525,0.30941051192886876,0.3087431693989071,,,0.30941051192886876,0.3087431693989071
1kctA_3t1pA,ShallowMsa_006,503,0.34606781564038136,0.31690140845070425,,,0.34606781564038136,0.31690140845070425
1kctA_3t1pA,ShallowMsa_007,436,0.35963716243210625,0.31996094535220976,,,0.35963716243210625,0.31996094535220976
1kctA_3t1pA,ShallowMsa_008,423,0.2868886714035049,0.28690807799442897,,,0.2868886714035049,0.28690807799442897
1kctA_3t1pA,ShallowMsa_009,396,0.28780660048897894,0.28492385398331677,,,0.28780660048897894,0.28492385398331677
1kctA_3t1pA,ShallowMsa_010,355,0.3117429917004294,0.31420765027322406,,,0.3117429917004294,0.31420765027322406
1kctA_3t1pA,ShallowMsa_011,313,0.45611577687710386,0.453551912568306,,,0.45611577687710386,0.453551912568306
1kctA_3t1pA,ShallowMsa_012,311,0.3098077448719504,0.31095406360424027,,,0.3098077448719504,0.31095406360424027
1kctA_3t1pA,ShallowMsa_013,288,0.2912856318536519,0.29041095890410956,,,0.2912856318536519,0.29041095890410956
1kctA_3t1pA,ShallowMsa_014,286,0.2985073936108487,0.2973714416896235,,,0.2985073936108487,0.2973714416896235
1kctA_3t1pA,ShallowMsa_015,286,0.28013477509764084,0.2774725274725275,,,0.28013477509764084,0.2774725274725275
1kctA_3t1pA,ShallowMsa_016,283,0.2839659181621722,0.281767955801105,,,0.2839659181621722,0.281767955801105
1kctA_3t1pA,ShallowMsa_017,268,0.30152293363980337,0.3,,,0.30152293363980337,0.3
1kctA_3t1pA,ShallowMsa_018,266,0.39266032754221303,0.4259030244679791,,,0.39266032754221303,0.4259030244679791
1kctA_3t1pA,ShallowMsa_019,264,0.2833946055607901,0.2837506546340501,,,0.2833946055607901,0.2837506546340501
1kctA_3t1pA,ShallowMsa_020,259,0.2921250496641874,0.2913165266106443,,,0.2921250496641874,0.2913165266106443
1kctA_3t1pA,ShallowMsa_021,246,0.47528654281538113,0.4826254826254826,,,0.47528654281538113,0.4826254826254826
1kctA_3t1pA,ShallowMsa_022,244,0.2890104820143641,0.28958550403750977,,,0.2890104820143641,0.28958550403750977
1kctA_3t1pA,ShallowMsa_023,244,0.2899368681192648,0.28969510680576255,,,0.2899368681192648,0.28969510680576255
1kctA_3t1pA,ShallowMsa_024,241,0.28537239109305457,0.27976190476190477,,,0.28537239109305457,0.27976190476190477
1kctA_3t1pA,ShallowMsa_025,236,0.4096650369884371,0.42587601078167114,,,0.4096650369884371,0.42587601078167114
1kctA_3t1pA,ShallowMsa_026,226,0.2890116437628407,0.28846153846153844,,,0.2890116437628407,0.28846153846153844
1kctA_3t1pA,ShallowMsa_027,215,0.45585262161805945,0.4604904632152589,,,0.45585262161805945,0.4604904632152589
1kctA_3t1pA,ShallowMsa_028,201,0.30063998564306676,0.3002754820936639,,,0.30063998564306676,0.3002754820936639
1kctA_3t1pA,ShallowMsa_029,192,0.4341444057578634,0.4376731301939058,,,0.4341444057578634,0.4376731301939058
1kctA_3t1pA,ShallowMsa_030,190,0.28119726226383784,0.2819798683115114,,,0.28119726226383784,0.2819798683115114
1kctA_3t1pA,ShallowMsa_031,187,0.2788819532860206,0.27671232876712326,,,0.2788819532860206,0.27671232876712326
1kctA_3t1pA,ShallowMsa_032,183,0.4783376225443677,0.48257372654155495,,,0.4783376225443677,0.48257372654155495
1kctA_3t1pA,ShallowMsa_033,183,0.29796672850341815,0.296875,,,0.29796672850341815,0.296875
1kctA_3t1pA,ShallowMsa_034,181,0.5894366513094216,0.5509554140127388,,,0.5894366513094216,0.5509554140127388
1kctA_3t1pA,ShallowMsa_035,171,0.2791276491405618,0.2796610169491525,,,0.2791276491405618,0.2796610169491525
1kctA_3t1pA,ShallowMsa_036,170,0.4305785605263093,0.44505494505494503,,,0.4305785605263093,0.44505494505494503
1kctA_3t1pA,ShallowMsa_037,168,0.44151010315282707,0.44623034227567066,,,0.44151010315282707,0.44623034227567066
1kctA_3t1pA,ShallowMsa_038,165,0.28863769343484513,0.2880886426592798,,,0.28863769343484513,0.2880886426592798
1kctA_3t1pA,ShallowMsa_039,164,0.4319194610245979,0.4344262295081967,,,0.4319194610245979,0.4344262295081967
1kctA_3t1pA,ShallowMsa_040,158,0.29022959375932206,0.28869988322304396,,,0.29022959375932206,0.28869988322304396
1kctA_3t1pA,ShallowMsa_041,155,0.4871852026894252,0.4904632152588556,,,0.4871852026894252,0.4904632152588556
1kctA_3t1pA,ShallowMsa_042,151,0.2809003946029182,0.2773109243697479,,,0.2809003946029182,0.2773109243697479
1kctA_3t1pA,ShallowMsa_043,151,0.271552525330357,0.26865671641791045,,,0.271552525330357,0.26865671641791045
1kctA_3t1pA,ShallowMsa_044,146,0.2996073743381192,0.2980753990716631,,,0.2996073743381192,0.2980753990716631
1kctA_3t1pA,ShallowMsa_045,144,0.28491144078877656,0.2829409048938135,,,0.28491144078877656,0.2829409048938135
1kctA_3t1pA,ShallowMsa_046,141,0.29133671334626055,0.2908366533864542,,,0.29133671334626055,0.2908366533864542
1kctA_3t1pA,ShallowMsa_047,138,0.2962885655677634,0.2953595847049886,,,0.2962885655677634,0.2953595847049886
1kctA_3t1pA,ShallowMsa_048,137,0.42398013727532213,0.42857142857142855,,,0.42398013727532213,0.42857142857142855
1kctA_3t1pA,ShallowMsa_049,137,0.4610735266598187,0.46756756756756757,,,0.4610735266598187,0.46756756756756757
1kctA_3t1pA,ShallowMsa_050,137,0.2919047552125055,0.2905982905982906,,,0.2919047552125055,0.2905982905982906
1kctA_3t1pA,ShallowMsa_051,136,0.29163008202825674,0.291144301707682,,,0.29163008202825674,0.291144301707682
1kctA_3t1pA,ShallowMsa_052,132,0.28712261257451066,0.2857142857142857,,,0.28712261257451066,0.2857142857142857
1kctA_3t1pA,ShallowMsa_053,132,0.27905272023270566,0.27903764615186943,,,0.27905272023270566,0.27903764615186943
1kctA_3t1pA,ShallowMsa_054,129,0.42227262646001607,0.4274193548387097,,,0.42227262646001607,0.4274193548387097
1kctA_3t1pA,ShallowMsa_055,129,0.31046526792438844,0.30446927374301674,,,0.31046526792438844,0.30446927374301674
1kctA_3t1pA,ShallowMsa_056,127,0.46822063767897165,0.48641304347826086,,,0.46822063767897165,0.48641304347826086
1kctA_3t1pA,ShallowMsa_057,125,0.29553396626651474,0.29461756373937675,,,0.29553396626651474,0.29461756373937675
1kctA_3t1pA,ShallowMsa_058,124,0.44032148316176944,0.45901639344262296,,,0.44032148316176944,0.45901639344262296
1kctA_3t1pA,ShallowMsa_059,120,0.28421553854682446,0.2836676217765043,,,0.28421553854682446,0.2836676217765043
1kctA_3t1pA,ShallowMsa_060,117,0.3041018456965919,0.30745341614906835,,,0.3041018456965919,0.30745341614906835
1kctA_3t1pA,ShallowMsa_061,114,0.28663000702568114,0.2839657960612304,,,0.28663000702568114,0.2839657960612304
1kctA_3t1pA,ShallowMsa_062,113,0.3028924280485144,0.30517711171662126,,,0.3028924280485144,0.30517711171662126
1kctA_3t1pA,ShallowMsa_063,112,0.28295493952873707,0.2798891966759003,,,0.28295493952873707,0.2798891966759003
1kctA_3t1pA,ShallowMsa_064,109,0.29091230035995863,0.28294573643410853,,,0.29091230035995863,0.28294573643410853
1kctA_3t1pA,ShallowMsa_065,109,0.2741612636025713,0.27298050139275765,,,0.2741612636025713,0.27298050139275765
1kctA_3t1pA,ShallowMsa_066,103,0.28665832852692735,0.2861111111111111,,,0.28665832852692735,0.2861111111111111
1kctA_3t1pA,ShallowMsa_067,103,0.297525523277757,0.2981651376146789,,,0.297525523277757,0.2981651376146789
1kctA_3t1pA,ShallowMsa_068,102,0.29355011775349127,0.29295774647887324,,,0.29355011775349127,0.29295774647887324
1kctA_3t1pA,ShallowMsa_069,101,0.2890261273726668,0.28895184135977336,,,0.2890261273726668,0.28895184135977336
1kctA_3t1pA,ShallowMsa_070,99,0.2941945715535037,0.29775280898876405,,,0.2941945715535037,0.29775280898876405
1kctA_3t1pA,ShallowMsa_071,97,0.29563634792377985,0.29201101928374656,,,0.29563634792377985,0.29201101928374656
1kctA_3t1pA,ShallowMsa_072,95,0.28910717315879525,0.2857142857142857,,,0.28910717315879525,0.2857142857142857
1kctA_3t1pA,ShallowMsa_073,92,0.29529081081926356,0.29476584022038566,,,0.29529081081926356,0.29476584022038566
1kctA_3t1pA,ShallowMsa_074,90,0.27156573167743453,0.2682072981874496,,,0.27156573167743453,0.2682072981874496
1kctA_3t1pA,ShallowMsa_075,86,0.6132562319057553,0.5172328658897887,,,0.6132562319057553,0.5172328658897887
1kctA_3t1pA,ShallowMsa_076,80,0.28497505160152964,0.28690807799442897,,,0.28497505160152964,0.28690807799442897
1kctA_3t1pA,ShallowMsa_077,77,0.28683565889189117,0.28653295128939826,,,0.28683565889189117,0.28653295128939826
1kctA_3t1pA,ShallowMsa_078,75,0.30283207272531876,0.3011049723756906,,,0.30283207272531876,0.3011049723756906
1kctA_3t1pA,ShallowMsa_079,72,0.2924294451221724,0.29143772893772896,,,0.2924294451221724,0.29143772893772896
1kctA_3t1pA,ShallowMsa_080,70,0.2751441924687412,0.27170868347338933,,,0.2751441924687412,0.27170868347338933
1kctA_3t1pA,ShallowMsa_081,70,0.2939491727902566,0.2910071005146245,,,0.2939491727902566,0.2910071005146245
1kctA_3t1pA,ShallowMsa_082,67,0.28157862848283727,0.28205128205128205,,,0.28157862848283727,0.28205128205128205
1kctA_3t1pA,ShallowMsa_083,60,0.2818340056664585,0.2816223377707602,,,0.2818340056664585,0.2816223377707602
1kctA_3t1pA,ShallowMsa_084,57,0.2857211448844269,0.28451882845188287,,,0.2857211448844269,0.28451882845188287
1kctA_3t1pA,ShallowMsa_085,54,0.2913935632936533,0.28832298825094216,,,0.2913935632936533,0.28832298825094216
1kctA_3t1pA,ShallowMsa_086,51,0.27712814606021163,0.27586206896551724,,,0.27712814606021163,0.27586206896551724
1kctA_3t1pA,ShallowMsa_087,48,0.48364425898074437,0.5629541193015353,,,0.48364425898074437,0.5629541193015353
1kctA_3t1pA,ShallowMsa_088,46,0.2956234923112098,0.2895276477212114,,,0.2956234923112098,0.2895276477212114
1kctA_3t1pA,ShallowMsa_089,45,0.2732759729113353,0.2722222222222222,,,0.2732759729113353,0.2722222222222222
1kctA_3t1pA,ShallowMsa_090,43,0.2871102721265632,0.2837209302325581,,,0.2871102721265632,0.2837209302325581
1kctA_3t1pA,ShallowMsa_091,43,0.297290447223879,0.29380053908355797,,,0.297290447223879,0.29380053908355797
1kctA_3t1pA,ShallowMsa_092,42,0.28181161884594674,0.2804532577903683,,,0.28181161884594674,0.2804532577903683
1kctA_3t1pA,ShallowMsa_093,41,0.28362506699470175,0.27932960893854747,,,0.28362506699470175,0.27932960893854747
1kctA_3t1pA,ShallowMsa_094,35,0.36377900866283075,0.37228260869565216,,,0.36377900866283075,0.37228260869565216
1kctA_3t1pA,ShallowMsa_095,34,0.282358088856459,0.28275725613746705,,,0.282358088856459,0.28275725613746705
1kctA_3t1pA,ShallowMsa_096,33,0.29395281868448325,0.2865013774104683,,,0.29395281868448325,0.2865013774104683
1kctA_3t1pA,ShallowMsa_097,32,0.2924521761573956,0.2877923976608187,,,0.2924521761573956,0.2877923976608187
1kctA_3t1pA,ShallowMsa_098,30,0.2812771337147929,0.2777812075564885,,,0.2812771337147929,0.2777812075564885
1kctA_3t1pA,ShallowMsa_099,27,0.28807749849135955,0.28055555555555556,,,0.28807749849135955,0.28055555555555556
1miqB_1qs8B,ShallowMsa_000,1042,0.29997665957645697,0.2955495742555821,,,0.29997665957645697,0.2955495742555821
1miqB_1qs8B,ShallowMsa_001,855,0.301944669263224,0.3016949152542373,,,0.301944669263224,0.3016949152542373
1miqB_1qs8B,ShallowMsa_002,587,0.30812378530999784,0.3072100313479624,,,0.30812378530999784,0.3072100313479624
1miqB_1qs8B,ShallowMsa_003,369,0.38494771188946464,0.3025210084033613,,,0.38494771188946464,0.3025210084033613
1miqB_1qs8B,ShallowMsa_004,317,0.28350971592788476,0.28292682926829266,,,0.28350971592788476,0.28292682926829266
1miqB_1qs8B,ShallowMsa_005,265,0.3237365967873884,0.32748538011695905,,,0.3237365967873884,0.32748538011695905
1miqB_1qs8B,ShallowMsa_006,264,0.31452337114742224,0.31056856399517735,,,0.31452337114742224,0.31056856399517735
1miqB_1qs8B,ShallowMsa_007,247,0.2915955734250032,0.2926829268292683,,,0.2915955734250032,0.2926829268292683
1miqB_1qs8B,ShallowMsa_008,225,0.31158733962778495,0.3076923076923077,,,0.31158733962778495,0.3076923076923077
1miqB_1qs8B,ShallowMsa_009,225,0.27596047371238797,0.2747603833865815,,,0.27596047371238797,0.2747603833865815
1miqB_1qs8B,ShallowMsa_010,219,0.2797005252331281,0.28102189781021897,,,0.2797005252331281,0.28102189781021897
1miqB_1qs8B,ShallowMsa_011,210,0.27532891746539884,0.27659925927213924,,,0.27532891746539884,0.27659925927213924
1miqB_1qs8B,ShallowMsa_012,198,0.28539781370549666,0.2829568023833168,,,0.28539781370549666,0.2829568023833168
1miqB_1qs8B,ShallowMsa_013,196,0.28741359257347504,0.2857142857142857,,,0.28741359257347504,0.2857142857142857
1miqB_1qs8B,ShallowMsa_014,195,0.294332794542724,0.29259259259259257,,,0.294332794542724,0.29259259259259257
1miqB_1qs8B,ShallowMsa_015,195,0.2662729004363096,0.2647058823529412,,,0.2662729004363096,0.2647058823529412
1miqB_1qs8B,ShallowMsa_016,195,0.2619551232048279,0.25961538461538464,,,0.2619551232048279,0.25961538461538464
1miqB_1qs8B,ShallowMsa_017,188,0.2775922822037342,0.27564102564102566,,,0.2775922822037342,0.27564102564102566
1miqB_1qs8B,ShallowMsa_018,185,0.2876687808192745,0.28391167192429023,,,0.2876687808192745,0.28391167192429023
1miqB_1qs8B,ShallowMsa_019,183,0.2734895380624015,0.26936026936026936,,,0.2734895380624015,0.26936026936026936
1miqB_1qs8B,ShallowMsa_020,178,0.2813043490970102,0.2823247959470869,,,0.2813043490970102,0.2823247959470869
1miqB_1qs8B,ShallowMsa_021,169,0.26968181618008646,0.26813880126182965,,,0.26968181618008646,0.26813880126182965
1miqB_1qs8B,ShallowMsa_022,167,0.2999098548472469,0.2996845425867508,,,0.2999098548472469,0.2996845425867508
1miqB_1qs8B,ShallowMsa_023,157,0.2873452736459156,0.28846153846153844,,,0.2873452736459156,0.28846153846153844
1miqB_1qs8B,ShallowMsa_024,155,0.3114637468988667,0.3117283950617284,,,0.3114637468988667,0.3117283950617284
1miqB_1qs8B,ShallowMsa_025,153,0.28855129790630774,0.288961038961039,,,0.28855129790630774,0.288961038961039
1miqB_1qs8B,ShallowMsa_026,152,0.29161989421211176,0.2878805056402698,,,0.29161989421211176,0.2878805056402698
1miqB_1qs8B,ShallowMsa_027,151,0.281652211116973,0.28313253012048195,,,0.281652211116973,0.28313253012048195
1miqB_1qs8B,ShallowMsa_028,151,0.3048858917712014,0.30532212885154064,,,0.3048858917712014,0.30532212885154064
1miqB_1qs8B,ShallowMsa_029,141,0.28794451537345356,0.2861635220125786,,,0.28794451537345356,0.2861635220125786
1miqB_1qs8B,ShallowMsa_030,141,0.2817750338692291,0.2833333333333333,,,0.2817750338692291,0.2833333333333333
1miqB_1qs8B,ShallowMsa_031,140,0.3206688812570029,0.3151455026455027,,,0.3206688812570029,0.3151455026455027
1miqB_1qs8B,ShallowMsa_032,138,0.28347781693564306,0.28261372844079174,,,0.28347781693564306,0.28261372844079174
1miqB_1qs8B,ShallowMsa_033,137,0.2997215990339746,0.2945205479452055,,,0.2997215990339746,0.2945205479452055
1miqB_1qs8B,ShallowMsa_034,136,0.2788864051798602,0.27349686550151975,,,0.2788864051798602,0.27349686550151975
1miqB_1qs8B,ShallowMsa_035,135,0.2968279266174541,0.29874213836477986,,,0.2968279266174541,0.29874213836477986
1miqB_1qs8B,ShallowMsa_036,131,0.2932119951644612,0.29395604395604397,,,0.2932119951644612,0.29395604395604397
1miqB_1qs8B,ShallowMsa_037,125,0.27943918933864437,0.28,,,0.27943918933864437,0.28
1miqB_1qs8B,ShallowMsa_038,123,0.2906924394810232,0.2912621359223301,,,0.2906924394810232,0.2912621359223301
1miqB_1qs8B,ShallowMsa_039,122,0.27386234963009587,0.27218286099865047,,,0.27386234963009587,0.27218286099865047
1miqB_1qs8B,ShallowMsa_040,122,0.3116184777973708,0.3139751552795031,,,0.3116184777973708,0.3139751552795031
1miqB_1qs8B,ShallowMsa_041,118,0.2827087159062052,0.28147007042253525,,,0.2827087159062052,0.28147007042253525
1miqB_1qs8B,ShallowMsa_042,117,0.31245194393846837,0.31230283911671924,,,0.31245194393846837,0.31230283911671924
1miqB_1qs8B,ShallowMsa_043,116,0.2782033180541411,0.2750809061488673,,,0.2782033180541411,0.2750809061488673
1miqB_1qs8B,ShallowMsa_044,116,0.3469073818700361,0.34449139598818856,,,0.3469073818700361,0.34449139598818856
1miqB_1qs8B,ShallowMsa_045,115,0.2669088813764146,0.2647058823529412,,,0.2669088813764146,0.2647058823529412
1miqB_1qs8B,ShallowMsa_046,108,0.2934547141339788,0.2927183608584297,,,0.2934547141339788,0.2927183608584297
1miqB_1qs8B,ShallowMsa_047,105,0.3144575377062872,0.3119533527696793,,,0.3144575377062872,0.3119533527696793
1miqB_1qs8B,ShallowMsa_048,104,0.3020250268550618,0.3007492263423639,,,0.3020250268550618,0.3007492263423639
1miqB_1qs8B,ShallowMsa_049,101,0.25939230005489455,0.2565789473684211,,,0.25939230005489455,0.2565789473684211
1miqB_1qs8B,ShallowMsa_050,101,0.28584586424894676,0.2861635220125786,,,0.28584586424894676,0.2861635220125786
1miqB_1qs8B,ShallowMsa_051,100,0.2824982867321113,0.28298853364072074,,,0.2824982867321113,0.28298853364072074
1miqB_1qs8B,ShallowMsa_052,100,0.3013453252014907,0.29985110243363705,,,0.3013453252014907,0.29985110243363705
1miqB_1qs8B,ShallowMsa_053,99,0.28365859395122656,0.2802547770700637,,,0.28365859395122656,0.2802547770700637
1miqB_1qs8B,ShallowMsa_054,98,0.3244494469580075,0.32875961511435076,,,0.3244494469580075,0.32875961511435076
1miqB_1qs8B,ShallowMsa_055,96,0.29971476115115386,0.30388293400588484,,,0.29971476115115386,0.30388293400588484
1miqB_1qs8B,ShallowMsa_056,93,0.2955043571663625,0.292358803986711,,,0.2955043571663625,0.292358803986711
1miqB_1qs8B,ShallowMsa_057,93,0.26898063545929596,0.26755852842809363,,,0.26898063545929596,0.26755852842809363
1miqB_1qs8B,ShallowMsa_058,92,0.3005394669359965,0.30284673502428494,,,0.3005394669359965,0.30284673502428494
1miqB_1qs8B,ShallowMsa_059,91,0.30224496175355486,0.3115264797507788,,,0.30224496175355486,0.3115264797507788
1miqB_1qs8B,ShallowMsa_060,91,0.33518961754674365,0.33962264150943394,,,0.33518961754674365,0.33962264150943394
1miqB_1qs8B,ShallowMsa_061,91,0.31806624012647416,0.3221884498480243,,,0.31806624012647416,0.3221884498480243
1miqB_1qs8B,ShallowMsa_062,90,0.3006866249753936,0.30249554367201426,,,0.3006866249753936,0.30249554367201426
1miqB_1qs8B,ShallowMsa_063,87,0.2850077884978004,0.2857142857142857,,,0.2850077884978004,0.2857142857142857
1miqB_1qs8B,ShallowMsa_064,85,0.32472865840173515,0.31868131868131866,,,0.32472865840173515,0.31868131868131866
1miqB_1qs8B,ShallowMsa_065,84,0.2786061824387352,0.2801098901098901,,,0.2786061824387352,0.2801098901098901
1miqB_1qs8B,ShallowMsa_066,84,0.2804470300595696,0.2781528935147064,,,0.2804470300595696,0.2781528935147064
1miqB_1qs8B,ShallowMsa_067,84,0.29606686496906365,0.2938361224424244,,,0.29606686496906365,0.2938361224424244
1miqB_1qs8B,ShallowMsa_068,82,0.27706135531653814,0.27564102564102566,,,0.27706135531653814,0.27564102564102566
1miqB_1qs8B,ShallowMsa_069,81,0.2810446995184301,0.2831858407079646,,,0.2810446995184301,0.2831858407079646
1miqB_1qs8B,ShallowMsa_070,80,0.2822347690086923,0.2832291791851941,,,0.2822347690086923,0.2832291791851941
1miqB_1qs8B,ShallowMsa_071,80,0.3091161737765186,0.308056619838229,,,0.3091161737765186,0.308056619838229
1miqB_1qs8B,ShallowMsa_072,79,0.2798571828645426,0.2786885245901639,,,0.2798571828645426,0.2786885245901639
1miqB_1qs8B,ShallowMsa_073,74,0.29536627917409514,0.29559748427672955,,,0.29536627917409514,0.29559748427672955
1miqB_1qs8B,ShallowMsa_074,73,0.27003369145548256,0.26907630522088355,,,0.27003369145548256,0.26907630522088355
1miqB_1qs8B,ShallowMsa_075,70,0.2842057625118542,0.28311403508771926,,,0.2842057625118542,0.28311403508771926
1miqB_1qs8B,ShallowMsa_076,69,0.30110771808813647,0.3033175355450237,,,0.30110771808813647,0.3033175355450237
1miqB_1qs8B,ShallowMsa_077,67,0.2838406882837582,0.29012345679012347,,,0.2838406882837582,0.29012345679012347
1miqB_1qs8B,ShallowMsa_078,66,0.3018405408658432,0.29913805040155084,,,0.3018405408658432,0.29913805040155084
1miqB_1qs8B,ShallowMsa_079,66,0.28041073140303224,0.2755183298314289,,,0.28041073140303224,0.2755183298314289
1miqB_1qs8B,ShallowMsa_080,65,0.3120839230075359,0.31785714285714284,,,0.3120839230075359,0.31785714285714284
1miqB_1qs8B,ShallowMsa_081,65,0.30299121233932075,0.3057553956834532,,,0.30299121233932075,0.3057553956834532
1miqB_1qs8B,ShallowMsa_082,64,0.2875648810879078,0.2874667954600338,,,0.2875648810879078,0.2874667954600338
1miqB_1qs8B,ShallowMsa_083,62,0.3077574683870202,0.29958332644388963,,,0.3077574683870202,0.29958332644388963
1miqB_1qs8B,ShallowMsa_084,62,0.28747141916022756,0.28828311112968613,,,0.28747141916022756,0.28828311112968613
1miqB_1qs8B,ShallowMsa_085,61,0.28849499738649426,0.2878338278931751,,,0.28849499738649426,0.2878338278931751
1miqB_1qs8B,ShallowMsa_086,60,0.2883437303521031,0.2879931819321201,,,0.2883437303521031,0.2879931819321201
1miqB_1qs8B,ShallowMsa_087,57,0.295578093698434,0.2955223880597015,,,0.295578093698434,0.2955223880597015
1miqB_1qs8B,ShallowMsa_088,52,0.28589073021183653,0.2832600761351596,,,0.28589073021183653,0.2832600761351596
1miqB_1qs8B,ShallowMsa_089,52,0.2898008889308246,0.28884053119071534,,,0.2898008889308246,0.28884053119071534
1miqB_1qs8B,ShallowMsa_090,48,0.2930736508300215,0.2854765830127618,,,0.2930736508300215,0.2854765830127618
1miqB_1qs8B,ShallowMsa_091,48,0.2975684490574276,0.2892367127801608,,,0.2975684490574276,0.2892367127801608
1miqB_1qs8B,ShallowMsa_092,47,0.2760634482253066,0.2751322751322751,,,0.2760634482253066,0.2751322751322751
1miqB_1qs8B,ShallowMsa_093,46,0.29630542683230787,0.2928802588996764,,,0.29630542683230787,0.2928802588996764
1miqB_1qs8B,ShallowMsa_094,45,0.28766138391810414,0.2857142857142857,,,0.28766138391810414,0.2857142857142857
1miqB_1qs8B,ShallowMsa_095,44,0.33852069217251585,0.31465517241379315,,,0.33852069217251585,0.31465517241379315
1miqB_1qs8B,ShallowMsa_096,43,0.27536858380648543,0.27070063694267515,,,0.27536858380648543,0.27070063694267515
1miqB_1qs8B,ShallowMsa_097,35,0.2742650978707113,0.27450980392156865,,,0.2742650978707113,0.27450980392156865
1miqB_1qs8B,ShallowMsa_098,31,0.32707643755964894,0.3219814241486068,,,0.32707643755964894,0.3219814241486068
1miqB_1qs8B,ShallowMsa_099,25,0.28032943656720305,0.2787878787878788,,,0.28032943656720305,0.2787878787878788
1mnmD_1mnmC,ShallowMsa_000,470,0.3183161693210505,0.3157894736842105,,,0.3183161693210505,0.3157894736842105
1mnmD_1mnmC,ShallowMsa_001,381,0.2849529254887493,0.2807017543859649,,,0.2849529254887493,0.2807017543859649
1mnmD_1mnmC,ShallowMsa_002,250,0.30489965328172114,0.30357142857142855,,,0.30489965328172114,0.30357142857142855
1mnmD_1mnmC,ShallowMsa_003,176,0.2924404122112476,0.29061583577712613,,,0.2924404122112476,0.29061583577712613
1mnmD_1mnmC,ShallowMsa_004,172,0.3357118458557136,0.3275862068965517,,,0.3357118458557136,0.3275862068965517
1mnmD_1mnmC,ShallowMsa_005,148,0.33051597715612163,0.32772752967778407,,,0.33051597715612163,0.32772752967778407
1mnmD_1mnmC,ShallowMsa_006,141,0.2982268576024681,0.3,,,0.2982268576024681,0.3
1mnmD_1mnmC,ShallowMsa_007,137,0.35987427413426576,0.36065573770491804,,,0.35987427413426576,0.36065573770491804
1mnmD_1mnmC,ShallowMsa_008,118,0.29076459849307157,0.2909090909090909,,,0.29076459849307157,0.2909090909090909
1mnmD_1mnmC,ShallowMsa_009,112,0.3044427037005551,0.3009433962264151,,,0.3044427037005551,0.3009433962264151
1mnmD_1mnmC,ShallowMsa_010,109,0.3062045260161902,0.3050847457627119,,,0.3062045260161902,0.3050847457627119
1mnmD_1mnmC,ShallowMsa_011,97,0.293014718570827,0.2894736842105263,,,0.293014718570827,0.2894736842105263
1mnmD_1mnmC,ShallowMsa_012,96,0.3227540764532282,0.3181818181818182,,,0.3227540764532282,0.3181818181818182
1mnmD_1mnmC,ShallowMsa_013,96,0.31140940179655957,0.3090909090909091,,,0.31140940179655957,0.3090909090909091
1mnmD_1mnmC,ShallowMsa_014,86,0.28139124793517967,0.2857142857142857,,,0.28139124793517967,0.2857142857142857
1mnmD_1mnmC,ShallowMsa_015,86,0.291684760778193,0.2913151364764268,,,0.291684760778193,0.2913151364764268
1mnmD_1mnmC,ShallowMsa_016,85,0.340688926607746,0.3382352941176471,,,0.340688926607746,0.3382352941176471
1mnmD_1mnmC,ShallowMsa_017,80,0.29538504776512314,0.2903225806451613,,,0.29538504776512314,0.2903225806451613
1mnmD_1mnmC,ShallowMsa_018,80,0.34075975289123955,0.3392857142857143,,,0.34075975289123955,0.3392857142857143
1mnmD_1mnmC,ShallowMsa_019,78,0.3767054084299206,0.3819659442724458,,,0.3767054084299206,0.3819659442724458
1mnmD_1mnmC,ShallowMsa_020,71,0.26212963479283113,0.2682926829268293,,,0.26212963479283113,0.2682926829268293
1mnmD_1mnmC,ShallowMsa_021,70,0.2809446701979832,0.275027808676307,,,0.2809446701979832,0.275027808676307
1mnmD_1mnmC,ShallowMsa_022,70,0.3008818128671361,0.2982456140350877,,,0.3008818128671361,0.2982456140350877
1mnmD_1mnmC,ShallowMsa_023,69,0.37301501693728123,0.375,,,0.37301501693728123,0.375
1mnmD_1mnmC,ShallowMsa_024,67,0.3154919202807249,0.32142857142857145,,,0.3154919202807249,0.32142857142857145
1mnmD_1mnmC,ShallowMsa_025,66,0.315674306421475,0.3191075172207247,,,0.315674306421475,0.3191075172207247
1mnmD_1mnmC,ShallowMsa_026,66,0.3145176735820982,0.31547619047619047,,,0.3145176735820982,0.31547619047619047
1mnmD_1mnmC,ShallowMsa_027,65,0.3143664419837134,0.31666666666666665,,,0.3143664419837134,0.31666666666666665
1mnmD_1mnmC,ShallowMsa_028,64,0.5199339349286458,0.48728094968908986,,,0.5199339349286458,0.48728094968908986
1mnmD_1mnmC,ShallowMsa_029,64,0.32502970081105403,0.3284648187633262,,,0.32502970081105403,0.3284648187633262
1mnmD_1mnmC,ShallowMsa_030,63,0.2990157659407454,0.2909090909090909,,,0.2990157659407454,0.2909090909090909
1mnmD_1mnmC,ShallowMsa_031,62,0.336387209840603,0.3287671232876712,,,0.336387209840603,0.3287671232876712
1mnmD_1mnmC,ShallowMsa_032,59,0.30737618060618127,0.30612244897959184,,,0.30737618060618127,0.30612244897959184
1mnmD_1mnmC,ShallowMsa_033,57,0.3008688826240758,0.2962962962962963,,,0.3008688826240758,0.2962962962962963
1mnmD_1mnmC,ShallowMsa_034,56,0.33049689393582743,0.3387096774193548,,,0.33049689393582743,0.3387096774193548
1mnmD_1mnmC,ShallowMsa_035,56,0.2586148835809944,0.2549019607843137,,,0.2586148835809944,0.2549019607843137
1mnmD_1mnmC,ShallowMsa_036,55,0.3028859965194488,0.29310344827586204,,,0.3028859965194488,0.29310344827586204
1mnmD_1mnmC,ShallowMsa_037,55,0.3148206885794451,0.3114754098360656,,,0.3148206885794451,0.3114754098360656
1mnmD_1mnmC,ShallowMsa_038,54,0.2832046343030632,0.27923976608187134,,,0.2832046343030632,0.27923976608187134
1mnmD_1mnmC,ShallowMsa_039,54,0.3190096875939544,0.31129326047358835,,,0.3190096875939544,0.31129326047358835
1mnmD_1mnmC,ShallowMsa_040,53,0.3161658588410483,0.32142857142857145,,,0.3161658588410483,0.32142857142857145
1mnmD_1mnmC,ShallowMsa_041,52,0.28463603999200504,0.28692493946731235,,,0.28463603999200504,0.28692493946731235
1mnmD_1mnmC,ShallowMsa_042,52,0.3229749703943744,0.32109164420485176,,,0.3229749703943744,0.32109164420485176
1mnmD_1mnmC,ShallowMsa_043,52,0.2703337255065458,0.26666666666666666,,,0.2703337255065458,0.26666666666666666
1mnmD_1mnmC,ShallowMsa_044,49,0.2907131750482951,0.2857142857142857,,,0.2907131750482951,0.2857142857142857
1mnmD_1mnmC,ShallowMsa_045,48,0.26227112470862174,0.2631578947368421,,,0.26227112470862174,0.2631578947368421
1mnmD_1mnmC,ShallowMsa_046,47,0.271222161036423,0.2727272727272727,,,0.271222161036423,0.2727272727272727
1mnmD_1mnmC,ShallowMsa_047,47,0.3176425135412799,0.32142857142857145,,,0.3176425135412799,0.32142857142857145
1mnmD_1mnmC,ShallowMsa_048,46,0.2945474416525942,0.288135593220339,,,0.2945474416525942,0.288135593220339
1mnmD_1mnmC,ShallowMsa_049,45,0.30151325208651175,0.30303030303030304,,,0.30151325208651175,0.30303030303030304
1mnmD_1mnmC,ShallowMsa_050,45,0.30083481918119753,0.29545454545454547,,,0.30083481918119753,0.29545454545454547
1mnmD_1mnmC,ShallowMsa_051,45,0.3302153594373487,0.3333333333333333,,,0.3302153594373487,0.3333333333333333
1mnmD_1mnmC,ShallowMsa_052,44,0.2639974724697721,0.263091985428051,,,0.2639974724697721,0.263091985428051
1mnmD_1mnmC,ShallowMsa_053,44,0.28371934319233527,0.27586206896551724,,,0.28371934319233527,0.27586206896551724
1mnmD_1mnmC,ShallowMsa_054,44,0.31117156736608603,0.3103448275862069,,,0.31117156736608603,0.3103448275862069
1mnmD_1mnmC,ShallowMsa_055,43,0.3027747021898869,0.3,,,0.3027747021898869,0.3
1mnmD_1mnmC,ShallowMsa_056,43,0.37047164234488783,0.375,,,0.37047164234488783,0.375
1mnmD_1mnmC,ShallowMsa_057,42,0.288276924156373,0.286692759295499,,,0.288276924156373,0.286692759295499
1mnmD_1mnmC,ShallowMsa_058,42,0.28512609928156596,0.275,,,0.28512609928156596,0.275
1mnmD_1mnmC,ShallowMsa_059,42,0.33082211395208105,0.3308457711442786,,,0.33082211395208105,0.3308457711442786
1mnmD_1mnmC,ShallowMsa_060,41,0.2990862019492395,0.3,,,0.2990862019492395,0.3
1mnmD_1mnmC,ShallowMsa_061,41,0.33799891567488977,0.3269230769230769,,,0.33799891567488977,0.3269230769230769
1mnmD_1mnmC,ShallowMsa_062,40,0.3605718924229383,0.3594323464643993,,,0.3605718924229383,0.3594323464643993
1mnmD_1mnmC,ShallowMsa_063,40,0.26654502216537407,0.2682569296375267,,,0.26654502216537407,0.2682569296375267
1mnmD_1mnmC,ShallowMsa_064,40,0.2902824605278346,0.288135593220339,,,0.2902824605278346,0.288135593220339
1mnmD_1mnmC,ShallowMsa_065,39,0.24358353381586229,0.2413793103448276,,,0.24358353381586229,0.2413793103448276
1mnmD_1mnmC,ShallowMsa_066,39,0.28792058575099677,0.2923076923076923,,,0.28792058575099677,0.2923076923076923
1mnmD_1mnmC,ShallowMsa_067,39,0.3092941510169282,0.3125,,,0.3092941510169282,0.3125
1mnmD_1mnmC,ShallowMsa_068,38,0.28149153523937026,0.27518593644354294,,,0.28149153523937026,0.27518593644354294
1mnmD_1mnmC,ShallowMsa_069,38,0.27741712440920313,0.27518115942028987,,,0.27741712440920313,0.27518115942028987
1mnmD_1mnmC,ShallowMsa_070,38,0.3387535194838464,0.3392857142857143,,,0.3387535194838464,0.3392857142857143
1mnmD_1mnmC,ShallowMsa_071,38,0.29932319436009996,0.2964426877470356,,,0.29932319436009996,0.2964426877470356
1mnmD_1mnmC,ShallowMsa_072,37,0.328315053962311,0.3235294117647059,,,0.328315053962311,0.3235294117647059
1mnmD_1mnmC,ShallowMsa_073,37,0.3117490605753167,0.3090909090909091,,,0.3117490605753167,0.3090909090909091
1mnmD_1mnmC,ShallowMsa_074,37,0.2984074256628684,0.3,,,0.2984074256628684,0.3
1mnmD_1mnmC,ShallowMsa_075,36,0.3187606019996129,0.3118888317035512,,,0.3187606019996129,0.3118888317035512
1mnmD_1mnmC,ShallowMsa_076,35,0.3159557496320269,0.3125,,,0.3159557496320269,0.3125
1mnmD_1mnmC,ShallowMsa_077,33,0.3006546658677413,0.2898550724637681,,,0.3006546658677413,0.2898550724637681
1mnmD_1mnmC,ShallowMsa_078,33,0.29709305417033816,0.2909090909090909,,,0.29709305417033816,0.2909090909090909
1mnmD_1mnmC,ShallowMsa_079,32,0.34658213463689536,0.3420821114369501,,,0.34658213463689536,0.3420821114369501
1mnmD_1mnmC,ShallowMsa_080,32,0.28901663180771864,0.2900932400932401,,,0.28901663180771864,0.2900932400932401
1mnmD_1mnmC,ShallowMsa_081,32,0.31716285231594876,0.3220046082949309,,,0.31716285231594876,0.3220046082949309
1mnmD_1mnmC,ShallowMsa_082,30,0.31156399294077164,0.3164983164983165,,,0.31156399294077164,0.3164983164983165
1mnmD_1mnmC,ShallowMsa_083,30,0.2826581965130369,0.2855022831050228,,,0.2826581965130369,0.2855022831050228
1mnmD_1mnmC,ShallowMsa_084,30,0.317303594082816,0.31296641791044777,,,0.317303594082816,0.31296641791044777
1mnmD_1mnmC,ShallowMsa_085,30,0.38142212879297765,0.40874697336561744,,,0.38142212879297765,0.40874697336561744
1mnmD_1mnmC,ShallowMsa_086,30,0.2959362093626515,0.29520697167755994,,,0.2959362093626515,0.29520697167755994
1mnmD_1mnmC,ShallowMsa_087,30,0.32081560530423076,0.3220338983050847,,,0.32081560530423076,0.3220338983050847
1mnmD_1mnmC,ShallowMsa_088,28,0.2941308292524815,0.29658564814814814,,,0.2941308292524815,0.29658564814814814
1mnmD_1mnmC,ShallowMsa_089,28,0.29481037435579044,0.2896689497716895,,,0.29481037435579044,0.2896689497716895
1mnmD_1mnmC,ShallowMsa_090,27,0.30049968663767085,0.29508196721311475,,,0.30049968663767085,0.29508196721311475
1mnmD_1mnmC,ShallowMsa_091,27,0.32249750596506327,0.32075471698113206,,,0.32249750596506327,0.32075471698113206
1mnmD_1mnmC,ShallowMsa_092,27,0.31411324032357646,0.3103448275862069,,,0.31411324032357646,0.3103448275862069
1mnmD_1mnmC,ShallowMsa_093,26,0.2629519230506579,0.24404761904761904,,,0.2629519230506579,0.24404761904761904
1mnmD_1mnmC,ShallowMsa_094,26,0.26597059303658716,0.2542372881355932,,,0.26597059303658716,0.2542372881355932
1mnmD_1mnmC,ShallowMsa_095,26,0.2936471698491623,0.2928885630498534,,,0.2936471698491623,0.2928885630498534
1mnmD_1mnmC,ShallowMsa_096,24,0.3022772269206698,0.3033008658008658,,,0.3022772269206698,0.3033008658008658
1mnmD_1mnmC,ShallowMsa_097,24,0.3191919443193303,0.32109164420485176,,,0.3191919443193303,0.32109164420485176
1mnmD_1mnmC,ShallowMsa_098,23,0.3204523185846687,0.32142857142857145,,,0.3204523185846687,0.32142857142857145
1mnmD_1mnmC,ShallowMsa_099,22,0.31487027725376965,0.30985915492957744,,,0.31487027725376965,0.30985915492957744
1nocA_1qomB,ShallowMsa_000,345,0.4474587227245006,0.4540229885057471,,,0.4474587227245006,0.4540229885057471
1nocA_1qomB,ShallowMsa_001,281,0.7725173845207867,0.8145161290322581,,,0.7725173845207867,0.8145161290322581
1nocA_1qomB,ShallowMsa_002,275,0.4654613010737818,0.46647230320699706,,,0.4654613010737818,0.46647230320699706
1nocA_1qomB,ShallowMsa_003,196,0.5848794526685558,0.5939226519337016,,,0.5848794526685558,0.5939226519337016
1nocA_1qomB,ShallowMsa_004,184,0.632376513916716,0.6402517545554054,,,0.632376513916716,0.6402517545554054
1nocA_1qomB,ShallowMsa_005,159,0.42673267423396566,0.43342776203966005,,,0.42673267423396566,0.43342776203966005
1nocA_1qomB,ShallowMsa_006,156,0.3513893163357274,0.34844192634560905,,,0.3513893163357274,0.34844192634560905
1nocA_1qomB,ShallowMsa_007,144,0.7032436933292096,0.706989247311828,,,0.7032436933292096,0.706989247311828
1nocA_1qomB,ShallowMsa_008,142,0.8129579097562747,0.8140161725067385,,,0.8129579097562747,0.8140161725067385
1nocA_1qomB,ShallowMsa_009,133,0.883282305280811,0.8878504672897196,,,0.883282305280811,0.8878504672897196
1nocA_1qomB,ShallowMsa_010,125,0.6544657977574346,0.6630727762803235,,,0.6544657977574346,0.6630727762803235
1nocA_1qomB,ShallowMsa_011,123,0.42329648867222464,0.42628205128205127,,,0.42329648867222464,0.42628205128205127
1nocA_1qomB,ShallowMsa_012,123,0.5615577239965373,0.6108597285067874,,,0.5615577239965373,0.6108597285067874
1nocA_1qomB,ShallowMsa_013,121,0.4655542189747194,0.46264367816091956,,,0.4655542189747194,0.46264367816091956
1nocA_1qomB,ShallowMsa_014,120,0.41953197390009084,0.41846282468276147,,,0.41953197390009084,0.41846282468276147
1nocA_1qomB,ShallowMsa_015,117,0.43146924235384826,0.438953488372093,,,0.43146924235384826,0.438953488372093
1nocA_1qomB,ShallowMsa_016,116,0.4403932836576922,0.44212123570150186,,,0.4403932836576922,0.44212123570150186
1nocA_1qomB,ShallowMsa_017,110,0.41093842415182,0.41913346725264866,,,0.41093842415182,0.41913346725264866
1nocA_1qomB,ShallowMsa_018,109,0.46807206308123994,0.46839080459770116,,,0.46807206308123994,0.46839080459770116
1nocA_1qomB,ShallowMsa_019,109,0.43483765254553364,0.438953488372093,,,0.43483765254553364,0.438953488372093
1nocA_1qomB,ShallowMsa_020,107,0.4620372142527408,0.4604105571847507,,,0.4620372142527408,0.4604105571847507
1nocA_1qomB,ShallowMsa_021,107,0.46504532853510133,0.4662756598240469,,,0.46504532853510133,0.4662756598240469
1nocA_1qomB,ShallowMsa_022,107,0.4679597884492065,0.4653179190751445,,,0.4679597884492065,0.4653179190751445
1nocA_1qomB,ShallowMsa_023,106,0.4763943269439329,0.47590105470824795,,,0.4763943269439329,0.47590105470824795
1nocA_1qomB,ShallowMsa_024,104,0.6396268842070187,0.6380262907220423,,,0.6396268842070187,0.6380262907220423
1nocA_1qomB,ShallowMsa_025,103,0.39244896028249343,0.39403973509933776,,,0.39244896028249343,0.39403973509933776
1nocA_1qomB,ShallowMsa_026,99,0.5658769340202686,0.5167597765363129,,,0.5658769340202686,0.5167597765363129
1nocA_1qomB,ShallowMsa_027,98,0.43879183489713225,0.44224422442244227,,,0.43879183489713225,0.44224422442244227
1nocA_1qomB,ShallowMsa_028,97,0.45413391187188323,0.45786516853932585,,,0.45413391187188323,0.45786516853932585
1nocA_1qomB,ShallowMsa_029,96,0.42851719653850573,0.42707464364731057,,,0.42851719653850573,0.42707464364731057
1nocA_1qomB,ShallowMsa_030,88,0.4556526509811149,0.4542838605301741,,,0.4556526509811149,0.4542838605301741
1nocA_1qomB,ShallowMsa_031,87,0.43622423386088255,0.4326647564469914,,,0.43622423386088255,0.4326647564469914
1nocA_1qomB,ShallowMsa_032,86,0.4714080493965269,0.47181008902077154,,,0.4714080493965269,0.47181008902077154
1nocA_1qomB,ShallowMsa_033,84,0.446486940544965,0.44598172149450954,,,0.446486940544965,0.44598172149450954
1nocA_1qomB,ShallowMsa_034,84,0.4609461210903221,0.46017699115044247,,,0.4609461210903221,0.46017699115044247
1nocA_1qomB,ShallowMsa_035,83,0.43144767372025394,0.43859649122807015,,,0.43144767372025394,0.43859649122807015
1nocA_1qomB,ShallowMsa_036,82,0.8804905556793677,0.885752688172043,,,0.8804905556793677,0.885752688172043
1nocA_1qomB,ShallowMsa_037,81,0.44162396453876807,0.43952802359882004,,,0.44162396453876807,0.43952802359882004
1nocA_1qomB,ShallowMsa_038,81,0.4681046408729969,0.4604105571847507,,,0.4681046408729969,0.4604105571847507
1nocA_1qomB,ShallowMsa_039,81,0.5106428574841035,0.5274725274725275,,,0.5106428574841035,0.5274725274725275
1nocA_1qomB,ShallowMsa_040,80,0.344327181514088,0.34384031791907516,,,0.344327181514088,0.34384031791907516
1nocA_1qomB,ShallowMsa_041,78,0.45466946258425367,0.4624374514439423,,,0.45466946258425367,0.4624374514439423
1nocA_1qomB,ShallowMsa_042,78,0.5880453030836047,0.5885558583106267,,,0.5880453030836047,0.5885558583106267
1nocA_1qomB,ShallowMsa_043,77,0.45446636453289063,0.4622093023255814,,,0.45446636453289063,0.4622093023255814
1nocA_1qomB,ShallowMsa_044,77,0.41023767074715917,0.4115942028985507,,,0.41023767074715917,0.4115942028985507
1nocA_1qomB,ShallowMsa_045,75,0.41212785779921846,0.41595441595441596,,,0.41212785779921846,0.41595441595441596
1nocA_1qomB,ShallowMsa_046,75,0.4278621355039707,0.4318840579710145,,,0.4278621355039707,0.4318840579710145
1nocA_1qomB,ShallowMsa_047,74,0.44544498059095444,0.45184135977337114,,,0.44544498059095444,0.45184135977337114
1nocA_1qomB,ShallowMsa_048,74,0.6726257590598466,0.6720660013112844,,,0.6726257590598466,0.6720660013112844
1nocA_1qomB,ShallowMsa_049,73,0.41976900833060915,0.4221556886227545,,,0.41976900833060915,0.4221556886227545
1nocA_1qomB,ShallowMsa_050,73,0.44474538550152465,0.44692737430167595,,,0.44474538550152465,0.44692737430167595
1nocA_1qomB,ShallowMsa_051,73,0.6501198451048269,0.6684782608695652,,,0.6501198451048269,0.6684782608695652
1nocA_1qomB,ShallowMsa_052,72,0.3890579539684761,0.3877109618220547,,,0.3890579539684761,0.3877109618220547
1nocA_1qomB,ShallowMsa_053,72,0.5787732345122739,0.5855200329428669,,,0.5787732345122739,0.5855200329428669
1nocA_1qomB,ShallowMsa_054,70,0.40948071907575456,0.40753043031030345,,,0.40948071907575456,0.40753043031030345
1nocA_1qomB,ShallowMsa_055,69,0.38328950060810885,0.38461538461538464,,,0.38328950060810885,0.38461538461538464
1nocA_1qomB,ShallowMsa_056,69,0.3826057558414309,0.38823529411764707,,,0.3826057558414309,0.38823529411764707
1nocA_1qomB,ShallowMsa_057,65,0.3931609743242261,0.3917808219178082,,,0.3931609743242261,0.3917808219178082
1nocA_1qomB,ShallowMsa_058,64,0.44733724725307644,0.4524817671018949,,,0.44733724725307644,0.4524817671018949
1nocA_1qomB,ShallowMsa_059,63,0.4537154773708495,0.45375722543352603,,,0.4537154773708495,0.45375722543352603
1nocA_1qomB,ShallowMsa_060,63,0.5901864546013622,0.6016260162601627,,,0.5901864546013622,0.6016260162601627
1nocA_1qomB,ShallowMsa_061,63,0.6101877584561003,0.6086956521739131,,,0.6101877584561003,0.6086956521739131
1nocA_1qomB,ShallowMsa_062,62,0.37110004821382825,0.3708609271523179,,,0.37110004821382825,0.3708609271523179
1nocA_1qomB,ShallowMsa_063,60,0.5556287272338142,0.5696655218754666,,,0.5556287272338142,0.5696655218754666
1nocA_1qomB,ShallowMsa_064,59,0.5626335200520448,0.5966850828729282,,,0.5626335200520448,0.5966850828729282
1nocA_1qomB,ShallowMsa_065,58,0.40298148409444,0.39883545505398943,,,0.40298148409444,0.39883545505398943
1nocA_1qomB,ShallowMsa_066,58,0.45682429634141747,0.4755381604696673,,,0.45682429634141747,0.4755381604696673
1nocA_1qomB,ShallowMsa_067,56,0.446761429032214,0.4504098360655738,,,0.446761429032214,0.4504098360655738
1nocA_1qomB,ShallowMsa_068,55,0.42854733519720367,0.42857142857142855,,,0.42854733519720367,0.42857142857142855
1nocA_1qomB,ShallowMsa_069,54,0.4707372563494555,0.46846846846846846,,,0.4707372563494555,0.46846846846846846
1nocA_1qomB,ShallowMsa_070,52,0.40735089872924896,0.400669581477204,,,0.40735089872924896,0.400669581477204
1nocA_1qomB,ShallowMsa_071,51,0.43864633509854734,0.4444444444444444,,,0.43864633509854734,0.4444444444444444
1nocA_1qomB,ShallowMsa_072,50,0.6167429927040717,0.6205962059620597,,,0.6167429927040717,0.6205962059620597
1nocA_1qomB,ShallowMsa_073,49,0.456909060013841,0.46647230320699706,,,0.456909060013841,0.46647230320699706
1nocA_1qomB,ShallowMsa_074,47,0.44729491549766526,0.4479768786127168,,,0.44729491549766526,0.4479768786127168
1nocA_1qomB,ShallowMsa_075,46,0.45783965104031465,0.458638791984765,,,0.45783965104031465,0.458638791984765
1nocA_1qomB,ShallowMsa_076,46,0.4483932805257032,0.4583443446088795,,,0.4483932805257032,0.4583443446088795
1nocA_1qomB,ShallowMsa_077,44,0.41394118805048064,0.4166666666666667,,,0.41394118805048064,0.4166666666666667
1nocA_1qomB,ShallowMsa_078,44,0.456891531919477,0.45599137069367623,,,0.456891531919477,0.45599137069367623
1nocA_1qomB,ShallowMsa_079,44,0.39610094327838374,0.39614151873767256,,,0.39610094327838374,0.39614151873767256
1nocA_1qomB,ShallowMsa_080,43,0.46832840551497273,0.48158640226628896,,,0.46832840551497273,0.48158640226628896
1nocA_1qomB,ShallowMsa_081,43,0.41982009187102387,0.4236111111111111,,,0.41982009187102387,0.4236111111111111
1nocA_1qomB,ShallowMsa_082,43,0.45175558713004754,0.45125348189415043,,,0.45175558713004754,0.45125348189415043
1nocA_1qomB,ShallowMsa_083,43,0.8235920409242719,0.8247978436657682,,,0.8235920409242719,0.8247978436657682
1nocA_1qomB,ShallowMsa_084,42,0.5959252895172447,0.5921409214092141,,,0.5959252895172447,0.5921409214092141
1nocA_1qomB,ShallowMsa_085,42,0.4566854234990055,0.45664739884393063,,,0.4566854234990055,0.45664739884393063
1nocA_1qomB,ShallowMsa_086,42,0.44403012456429114,0.4532796451914099,,,0.44403012456429114,0.4532796451914099
1nocA_1qomB,ShallowMsa_087,41,0.4860117580925669,0.48546511627906974,,,0.4860117580925669,0.48546511627906974
1nocA_1qomB,ShallowMsa_088,41,0.4539063407206527,0.4591439688715953,,,0.4539063407206527,0.4591439688715953
1nocA_1qomB,ShallowMsa_089,41,0.43003259398817373,0.4068767908309456,,,0.43003259398817373,0.4068767908309456
1nocA_1qomB,ShallowMsa_090,41,0.5850113276612803,0.5861111111111111,,,0.5850113276612803,0.5861111111111111
1nocA_1qomB,ShallowMsa_091,40,0.42763158318930916,0.42323591829516316,,,0.42763158318930916,0.42323591829516316
1nocA_1qomB,ShallowMsa_092,39,0.409741142584275,0.39349112426035504,,,0.409741142584275,0.39349112426035504
1nocA_1qomB,ShallowMsa_093,36,0.450158191214167,0.45014619883040935,,,0.450158191214167,0.45014619883040935
1nocA_1qomB,ShallowMsa_094,34,0.5936091402479233,0.5994579945799459,,,0.5936091402479233,0.5994579945799459
1nocA_1qomB,ShallowMsa_095,32,0.4656666095599669,0.46666554641617863,,,0.4656666095599669,0.46666554641617863
1nocA_1qomB,ShallowMsa_096,32,0.40458670502280714,0.40506409241968666,,,0.40458670502280714,0.40506409241968666
1nocA_1qomB,ShallowMsa_097,28,0.44572611370382237,0.44463137726826485,,,0.44572611370382237,0.44463137726826485
1nocA_1qomB,ShallowMsa_098,28,0.3834904721685279,0.37985656479257823,,,0.3834904721685279,0.37985656479257823
1nocA_1qomB,ShallowMsa_099,24,0.7973723798340967,0.7983870967741935,,,0.7973723798340967,0.7983870967741935
1nqjB_1nqdA,ShallowMsa_000,165,0.29068687830714796,0.2897196261682243,,,0.29068687830714796,0.2897196261682243
1nqjB_1nqdA,ShallowMsa_001,156,0.2976179298430836,0.29523809523809524,,,0.2976179298430836,0.29523809523809524
1nqjB_1nqdA,ShallowMsa_002,116,0.3649321746914772,0.3726108907320591,,,0.3649321746914772,0.3726108907320591
1nqjB_1nqdA,ShallowMsa_003,108,0.3742428223635384,0.3681709232167948,,,0.3742428223635384,0.3681709232167948
1nqjB_1nqdA,ShallowMsa_004,107,0.3012150617134584,0.2978723404255319,,,0.3012150617134584,0.2978723404255319
1nqjB_1nqdA,ShallowMsa_005,87,0.291924343184707,0.29069767441860467,,,0.291924343184707,0.29069767441860467
1nqjB_1nqdA,ShallowMsa_006,87,0.28924587337500995,0.2894736842105263,,,0.28924587337500995,0.2894736842105263
1nqjB_1nqdA,ShallowMsa_007,81,0.29440381305331864,0.29411764705882354,,,0.29440381305331864,0.29411764705882354
1nqjB_1nqdA,ShallowMsa_008,71,0.3785814477905885,0.37962962962962965,,,0.3785814477905885,0.37962962962962965
1nqjB_1nqdA,ShallowMsa_009,67,0.31097681766326746,0.3013698630136986,,,0.31097681766326746,0.3013698630136986
1nqjB_1nqdA,ShallowMsa_010,66,0.2944363457099678,0.2916666666666667,,,0.2944363457099678,0.2916666666666667
1nqjB_1nqdA,ShallowMsa_011,65,0.2923883699572458,0.29292929292929293,,,0.2923883699572458,0.29292929292929293
1nqjB_1nqdA,ShallowMsa_012,65,0.34422578627352884,0.32407407407407407,,,0.34422578627352884,0.32407407407407407
1nqjB_1nqdA,ShallowMsa_013,64,0.39325279634370536,0.39234011361553967,,,0.39325279634370536,0.39234011361553967
1nqjB_1nqdA,ShallowMsa_014,61,0.2878109862602086,0.28865979381443296,,,0.2878109862602086,0.28865979381443296
1nqjB_1nqdA,ShallowMsa_015,60,0.28287584694956885,0.2821908404432676,,,0.28287584694956885,0.2821908404432676
1nqjB_1nqdA,ShallowMsa_016,57,0.29927700422714026,0.2978723404255319,,,0.29927700422714026,0.2978723404255319
1nqjB_1nqdA,ShallowMsa_017,57,0.32721835513893355,0.3211009174311927,,,0.32721835513893355,0.3211009174311927
1nqjB_1nqdA,ShallowMsa_018,52,0.30002938197267326,0.2985148514851485,,,0.30002938197267326,0.2985148514851485
1nqjB_1nqdA,ShallowMsa_019,52,0.28548562139616673,0.28126954346466543,,,0.28548562139616673,0.28126954346466543
1nqjB_1nqdA,ShallowMsa_020,52,0.28656947123246385,0.2891566265060241,,,0.28656947123246385,0.2891566265060241
1nqjB_1nqdA,ShallowMsa_021,52,0.3438770795702768,0.34285714285714286,,,0.3438770795702768,0.34285714285714286
1nqjB_1nqdA,ShallowMsa_022,50,0.28195938440873924,0.2778846153846154,,,0.28195938440873924,0.2778846153846154
1nqjB_1nqdA,ShallowMsa_023,49,0.3204480849396907,0.3238095238095238,,,0.3204480849396907,0.3238095238095238
1nqjB_1nqdA,ShallowMsa_024,48,0.2974582868135358,0.29912280701754385,,,0.2974582868135358,0.29912280701754385
1nqjB_1nqdA,ShallowMsa_025,47,0.2914517862981931,0.2857142857142857,,,0.2914517862981931,0.2857142857142857
1nqjB_1nqdA,ShallowMsa_026,46,0.2833570244060173,0.2830188679245283,,,0.2833570244060173,0.2830188679245283
1nqjB_1nqdA,ShallowMsa_027,46,0.30033301504842447,0.3018867924528302,,,0.30033301504842447,0.3018867924528302
1nqjB_1nqdA,ShallowMsa_028,46,0.3371576854129708,0.32864574149180037,,,0.3371576854129708,0.32864574149180037
1nqjB_1nqdA,ShallowMsa_029,43,0.2905435914760594,0.2916666666666667,,,0.2905435914760594,0.2916666666666667
1nqjB_1nqdA,ShallowMsa_030,43,0.2807220922836448,0.2826086956521739,,,0.2807220922836448,0.2826086956521739
1nqjB_1nqdA,ShallowMsa_031,43,0.2935181679825546,0.288135593220339,,,0.2935181679825546,0.288135593220339
1nqjB_1nqdA,ShallowMsa_032,42,0.29638617404296114,0.29523809523809524,,,0.29638617404296114,0.29523809523809524
1nqjB_1nqdA,ShallowMsa_033,41,0.2965857856797412,0.2916666666666667,,,0.2965857856797412,0.2916666666666667
1nqjB_1nqdA,ShallowMsa_034,41,0.3041641065404221,0.3018867924528302,,,0.3041641065404221,0.3018867924528302
1nqjB_1nqdA,ShallowMsa_035,40,0.30856588614233404,0.3047619047619048,,,0.30856588614233404,0.3047619047619048
1nqjB_1nqdA,ShallowMsa_036,39,0.38157549197648066,0.37962962962962965,,,0.38157549197648066,0.37962962962962965
1nqjB_1nqdA,ShallowMsa_037,39,0.3202683923892861,0.32038834951456313,,,0.3202683923892861,0.32038834951456313
1nqjB_1nqdA,ShallowMsa_038,38,0.2917920397924226,0.30247858017135865,,,0.2917920397924226,0.30247858017135865
1nqjB_1nqdA,ShallowMsa_039,37,0.2547025752075297,0.25471698113207547,,,0.2547025752075297,0.25471698113207547
1nqjB_1nqdA,ShallowMsa_040,37,0.2972494423893398,0.2897196261682243,,,0.2972494423893398,0.2897196261682243
1nqjB_1nqdA,ShallowMsa_041,35,0.31417982487421675,0.3125,,,0.31417982487421675,0.3125
1nqjB_1nqdA,ShallowMsa_042,34,0.3054122158470635,0.3048484848484848,,,0.3054122158470635,0.3048484848484848
1nqjB_1nqdA,ShallowMsa_043,33,0.294684589679417,0.2978723404255319,,,0.294684589679417,0.2978723404255319
1nqjB_1nqdA,ShallowMsa_044,33,0.3052828488092565,0.2980769230769231,,,0.3052828488092565,0.2980769230769231
1nqjB_1nqdA,ShallowMsa_045,33,0.2901276080861116,0.29310344827586204,,,0.2901276080861116,0.29310344827586204
1nqjB_1nqdA,ShallowMsa_046,33,0.3983019045008878,0.40186915887850466,,,0.3983019045008878,0.40186915887850466
1nqjB_1nqdA,ShallowMsa_047,32,0.276293852916858,0.2650885797217496,,,0.276293852916858,0.2650885797217496
1nqjB_1nqdA,ShallowMsa_048,31,0.2995693444034252,0.2982456140350877,,,0.2995693444034252,0.2982456140350877
1nqjB_1nqdA,ShallowMsa_049,31,0.2871447372016039,0.2891566265060241,,,0.2871447372016039,0.2891566265060241
1nqjB_1nqdA,ShallowMsa_050,31,0.3030145475346879,0.30392156862745096,,,0.3030145475346879,0.30392156862745096
1nqjB_1nqdA,ShallowMsa_051,30,0.29056909899495337,0.28421052631578947,,,0.29056909899495337,0.28421052631578947
1nqjB_1nqdA,ShallowMsa_052,30,0.27975428927669616,0.2790758047767393,,,0.27975428927669616,0.2790758047767393
1nqjB_1nqdA,ShallowMsa_053,29,0.2883784760361823,0.2857142857142857,,,0.2883784760361823,0.2857142857142857
1nqjB_1nqdA,ShallowMsa_054,29,0.2966607313779442,0.2916666666666667,,,0.2966607313779442,0.2916666666666667
1nqjB_1nqdA,ShallowMsa_055,29,0.2802871368450693,0.27884615384615385,,,0.2802871368450693,0.27884615384615385
1nqjB_1nqdA,ShallowMsa_056,28,0.2888648954345908,0.2933743169398907,,,0.2888648954345908,0.2933743169398907
1nqjB_1nqdA,ShallowMsa_057,27,0.29412627452864054,0.2978723404255319,,,0.29412627452864054,0.2978723404255319
1nqjB_1nqdA,ShallowMsa_058,27,0.29758709548715007,0.29411764705882354,,,0.29758709548715007,0.29411764705882354
1nqjB_1nqdA,ShallowMsa_059,27,0.2937432134228032,0.29333333333333333,,,0.2937432134228032,0.29333333333333333
1nqjB_1nqdA,ShallowMsa_060,27,0.38082792482821226,0.38095238095238093,,,0.38082792482821226,0.38095238095238093
1nqjB_1nqdA,ShallowMsa_061,26,0.309340781747279,0.31180555555555556,,,0.309340781747279,0.31180555555555556
1nqjB_1nqdA,ShallowMsa_062,26,0.30709601754815335,0.3043417366946779,,,0.30709601754815335,0.3043417366946779
1nqjB_1nqdA,ShallowMsa_063,26,0.2695515286535344,0.2702824248965642,,,0.2695515286535344,0.2702824248965642
1nqjB_1nqdA,ShallowMsa_064,25,0.30146424667951327,0.29411764705882354,,,0.30146424667951327,0.29411764705882354
1nqjB_1nqdA,ShallowMsa_065,25,0.3007092399784249,0.29523809523809524,,,0.3007092399784249,0.29523809523809524
1nqjB_1nqdA,ShallowMsa_066,24,0.2845088006605727,0.27861386138613864,,,0.2845088006605727,0.27861386138613864
1nqjB_1nqdA,ShallowMsa_067,24,0.2944345678279732,0.28846153846153844,,,0.2944345678279732,0.28846153846153844
1nqjB_1nqdA,ShallowMsa_068,24,0.2801452795327552,0.27751831501831503,,,0.2801452795327552,0.27751831501831503
1nqjB_1nqdA,ShallowMsa_069,24,0.37917170140063794,0.3802680303297479,,,0.37917170140063794,0.3802680303297479
1nqjB_1nqdA,ShallowMsa_070,23,0.3002042562884391,0.2978723404255319,,,0.3002042562884391,0.2978723404255319
1nqjB_1nqdA,ShallowMsa_071,23,0.2889776955394888,0.2916666666666667,,,0.2889776955394888,0.2916666666666667
1nqjB_1nqdA,ShallowMsa_072,23,0.2811982174230518,0.28,,,0.2811982174230518,0.28
1nqjB_1nqdA,ShallowMsa_073,23,0.26498660430659443,0.2641509433962264,,,0.26498660430659443,0.2641509433962264
1nqjB_1nqdA,ShallowMsa_074,23,0.3029447455967161,0.3018867924528302,,,0.3029447455967161,0.3018867924528302
1nqjB_1nqdA,ShallowMsa_075,22,0.3055592746707129,0.31,,,0.3055592746707129,0.31
1nqjB_1nqdA,ShallowMsa_076,22,0.2958403515356241,0.30560359737115184,,,0.2958403515356241,0.30560359737115184
1nqjB_1nqdA,ShallowMsa_077,22,0.3008803346657662,0.2978723404255319,,,0.3008803346657662,0.2978723404255319
1nqjB_1nqdA,ShallowMsa_078,22,0.3094830232644123,0.3093112244897959,,,0.3094830232644123,0.3093112244897959
1nqjB_1nqdA,ShallowMsa_079,22,0.2801621066715342,0.2818918918918919,,,0.2801621066715342,0.2818918918918919
1nqjB_1nqdA,ShallowMsa_080,22,0.3787860498637319,0.3781529294935452,,,0.3787860498637319,0.3781529294935452
1nqjB_1nqdA,ShallowMsa_081,21,0.32046826397842265,0.3125,,,0.32046826397842265,0.3125
1nqjB_1nqdA,ShallowMsa_082,21,0.29704355065912325,0.29545454545454547,,,0.29704355065912325,0.29545454545454547
1nqjB_1nqdA,ShallowMsa_083,21,0.31840572757210556,0.3090909090909091,,,0.31840572757210556,0.3090909090909091
1nqjB_1nqdA,ShallowMsa_084,20,0.2902581020088649,0.2765957446808511,,,0.2902581020088649,0.2765957446808511
1nqjB_1nqdA,ShallowMsa_085,20,0.28342484976295446,0.282329988851728,,,0.28342484976295446,0.282329988851728
1nqjB_1nqdA,ShallowMsa_086,20,0.2869961474798958,0.28662873399715505,,,0.2869961474798958,0.28662873399715505
1nqjB_1nqdA,ShallowMsa_087,16,0.2941056194812921,0.2920957144258115,,,0.2941056194812921,0.2920957144258115
1nqjB_1nqdA,ShallowMsa_088,16,0.2944817999472667,0.29852299762093576,,,0.2944817999472667,0.29852299762093576
1nqjB_1nqdA,ShallowMsa_089,15,0.287282271684265,0.28846153846153844,,,0.287282271684265,0.28846153846153844
1nqjB_1nqdA,ShallowMsa_090,15,0.3047330975560128,0.2916666666666667,,,0.3047330975560128,0.2916666666666667
1nqjB_1nqdA,ShallowMsa_091,15,0.3012217439152166,0.28846153846153844,,,0.3012217439152166,0.28846153846153844
1nqjB_1nqdA,ShallowMsa_092,15,0.3103732892312597,0.3229166666666667,,,0.3103732892312597,0.3229166666666667
1nqjB_1nqdA,ShallowMsa_093,15,0.27333552630053753,0.27450980392156865,,,0.27333552630053753,0.27450980392156865
1nqjB_1nqdA,ShallowMsa_094,15,0.28794166687708944,0.2815533980582524,,,0.28794166687708944,0.2815533980582524
1nqjB_1nqdA,ShallowMsa_095,14,0.2932082864139664,0.2919110836677987,,,0.2932082864139664,0.2919110836677987
1nqjB_1nqdA,ShallowMsa_096,14,0.2831676830797314,0.2838827838827839,,,0.2831676830797314,0.2838827838827839
1nqjB_1nqdA,ShallowMsa_097,14,0.2995183300258696,0.29543763947433677,,,0.2995183300258696,0.29543763947433677
1nqjB_1nqdA,ShallowMsa_098,14,0.30463271247326723,0.301428833119619,,,0.30463271247326723,0.301428833119619
1nqjB_1nqdA,ShallowMsa_099,14,0.3051163543994683,0.282642089093702,,,0.3051163543994683,0.282642089093702
1nrjB_2gedB,ShallowMsa_000,224,0.3158550989802494,0.313579163008487,,,0.3158550989802494,0.313579163008487
1nrjB_2gedB,ShallowMsa_001,116,0.3720538551841753,0.3877764127764128,,,0.3720538551841753,0.3877764127764128
1nrjB_2gedB,ShallowMsa_002,113,0.332527053239239,0.3333333333333333,,,0.332527053239239,0.3333333333333333
1nrjB_2gedB,ShallowMsa_003,101,0.34116444272171376,0.34065934065934067,,,0.34116444272171376,0.34065934065934067
1nrjB_2gedB,ShallowMsa_004,95,0.6010462765636907,0.5775401069518716,,,0.6010462765636907,0.5775401069518716
1nrjB_2gedB,ShallowMsa_005,92,0.3402317525022932,0.3380920550038197,,,0.3402317525022932,0.3380920550038197
1nrjB_2gedB,ShallowMsa_006,89,0.31800596824058874,0.31496062992125984,,,0.31800596824058874,0.31496062992125984
1nrjB_2gedB,ShallowMsa_007,86,0.40762142704102494,0.40579476304628437,,,0.40762142704102494,0.40579476304628437
1nrjB_2gedB,ShallowMsa_008,83,0.30541827526522897,0.304,,,0.30541827526522897,0.304
1nrjB_2gedB,ShallowMsa_009,79,0.35671110365221836,0.3551912568306011,,,0.35671110365221836,0.3551912568306011
1nrjB_2gedB,ShallowMsa_010,78,0.3151382822096781,0.3127385496183206,,,0.3151382822096781,0.3127385496183206
1nrjB_2gedB,ShallowMsa_011,75,0.31362858577882163,0.3131868131868132,,,0.31362858577882163,0.3131868131868132
1nrjB_2gedB,ShallowMsa_012,72,0.31754105375344,0.31746031746031744,,,0.31754105375344,0.31746031746031744
1nrjB_2gedB,ShallowMsa_013,71,0.3340805095457716,0.3333333333333333,,,0.3340805095457716,0.3333333333333333
1nrjB_2gedB,ShallowMsa_014,70,0.3717372103074235,0.37220514547980965,,,0.3717372103074235,0.37220514547980965
1nrjB_2gedB,ShallowMsa_015,69,0.3078587156139446,0.3021978021978022,,,0.3078587156139446,0.3021978021978022
1nrjB_2gedB,ShallowMsa_016,68,0.3081901792833479,0.30816714150047486,,,0.3081901792833479,0.30816714150047486
1nrjB_2gedB,ShallowMsa_017,68,0.3532639656451711,0.3500931766055046,,,0.3532639656451711,0.3500931766055046
1nrjB_2gedB,ShallowMsa_018,65,0.3448702338026609,0.34146341463414637,,,0.3448702338026609,0.34146341463414637
1nrjB_2gedB,ShallowMsa_019,65,0.3127738747486416,0.3114754098360656,,,0.3127738747486416,0.3114754098360656
1nrjB_2gedB,ShallowMsa_020,64,0.3149347425960836,0.3155523944997629,,,0.3149347425960836,0.3155523944997629
1nrjB_2gedB,ShallowMsa_021,64,0.2863880077225782,0.2857142857142857,,,0.2863880077225782,0.2857142857142857
1nrjB_2gedB,ShallowMsa_022,64,0.3545262927926879,0.35053906365381776,,,0.3545262927926879,0.35053906365381776
1nrjB_2gedB,ShallowMsa_023,63,0.3784860412316261,0.37967914438502676,,,0.3784860412316261,0.37967914438502676
1nrjB_2gedB,ShallowMsa_024,62,0.3237329454705742,0.32398873527905786,,,0.3237329454705742,0.32398873527905786
1nrjB_2gedB,ShallowMsa_025,62,0.3425952069083772,0.3382128820085024,,,0.3425952069083772,0.3382128820085024
1nrjB_2gedB,ShallowMsa_026,62,0.32261864604847407,0.3150900900900901,,,0.32261864604847407,0.3150900900900901
1nrjB_2gedB,ShallowMsa_027,61,0.32285062308635,0.31746031746031744,,,0.32285062308635,0.31746031746031744
1nrjB_2gedB,ShallowMsa_028,61,0.31914917903903856,0.32038834951456313,,,0.31914917903903856,0.32038834951456313
1nrjB_2gedB,ShallowMsa_029,61,0.34409630728898627,0.34054054054054056,,,0.34409630728898627,0.34054054054054056
1nrjB_2gedB,ShallowMsa_030,60,0.3110595012151366,0.31296641791044777,,,0.3110595012151366,0.31296641791044777
1nrjB_2gedB,ShallowMsa_031,60,0.47720825114540344,0.5127820529542194,,,0.47720825114540344,0.5127820529542194
1nrjB_2gedB,ShallowMsa_032,59,0.3404966014127054,0.3359375,,,0.3404966014127054,0.3359375
1nrjB_2gedB,ShallowMsa_033,59,0.3562497011873209,0.35714285714285715,,,0.3562497011873209,0.35714285714285715
1nrjB_2gedB,ShallowMsa_034,59,0.3199487766773494,0.31746031746031744,,,0.3199487766773494,0.31746031746031744
1nrjB_2gedB,ShallowMsa_035,57,0.3859850891628125,0.3858267716535433,,,0.3859850891628125,0.3858267716535433
1nrjB_2gedB,ShallowMsa_036,57,0.3657141387918713,0.3671875,,,0.3657141387918713,0.3671875
1nrjB_2gedB,ShallowMsa_037,56,0.3336280589720599,0.3311827956989247,,,0.3336280589720599,0.3311827956989247
1nrjB_2gedB,ShallowMsa_038,55,0.3113549609052893,0.308411214953271,,,0.3113549609052893,0.308411214953271
1nrjB_2gedB,ShallowMsa_039,54,0.34245133972457287,0.3407842157842158,,,0.34245133972457287,0.3407842157842158
1nrjB_2gedB,ShallowMsa_040,52,0.32170537561624957,0.3277310924369748,,,0.32170537561624957,0.3277310924369748
1nrjB_2gedB,ShallowMsa_041,51,0.4018292297932056,0.4,,,0.4018292297932056,0.4
1nrjB_2gedB,ShallowMsa_042,51,0.32698321572501426,0.3228346456692913,,,0.32698321572501426,0.3228346456692913
1nrjB_2gedB,ShallowMsa_043,51,0.3616729686131091,0.3617021276595745,,,0.3616729686131091,0.3617021276595745
1nrjB_2gedB,ShallowMsa_044,50,0.32661226581413016,0.32127335940895263,,,0.32661226581413016,0.32127335940895263
1nrjB_2gedB,ShallowMsa_045,50,0.3131224933170604,0.3111111111111111,,,0.3131224933170604,0.3111111111111111
1nrjB_2gedB,ShallowMsa_046,50,0.32561313422226307,0.32486057486057485,,,0.32561313422226307,0.32486057486057485
1nrjB_2gedB,ShallowMsa_047,49,0.32165666795445125,0.3191489361702128,,,0.32165666795445125,0.3191489361702128
1nrjB_2gedB,ShallowMsa_048,47,0.31855952757438255,0.3216374269005848,,,0.31855952757438255,0.3216374269005848
1nrjB_2gedB,ShallowMsa_049,46,0.34171672948908893,0.3412698412698413,,,0.34171672948908893,0.3412698412698413
1nrjB_2gedB,ShallowMsa_050,46,0.3188743154421293,0.3233191869555506,,,0.3188743154421293,0.3233191869555506
1nrjB_2gedB,ShallowMsa_051,45,0.30891639566905443,0.3089887640449438,,,0.30891639566905443,0.3089887640449438
1nrjB_2gedB,ShallowMsa_052,44,0.34300277590932826,0.3385165541626487,,,0.34300277590932826,0.3385165541626487
1nrjB_2gedB,ShallowMsa_053,44,0.3153179617745629,0.30810147299509005,,,0.3153179617745629,0.30810147299509005
1nrjB_2gedB,ShallowMsa_054,42,0.3911361152381561,0.3888857782754759,,,0.3911361152381561,0.3888857782754759
1nrjB_2gedB,ShallowMsa_055,42,0.36730924444804414,0.38370285951098215,,,0.36730924444804414,0.38370285951098215
1nrjB_2gedB,ShallowMsa_056,41,0.32215857386465696,0.31958762886597936,,,0.32215857386465696,0.31958762886597936
1nrjB_2gedB,ShallowMsa_057,41,0.3238973521592707,0.32044198895027626,,,0.3238973521592707,0.32044198895027626
1nrjB_2gedB,ShallowMsa_058,41,0.34155630707304596,0.3392857142857143,,,0.34155630707304596,0.3392857142857143
1nrjB_2gedB,ShallowMsa_059,40,0.31417674160381637,0.30854228644283893,,,0.31417674160381637,0.30854228644283893
1nrjB_2gedB,ShallowMsa_060,40,0.3092877804246448,0.3063885267275098,,,0.3092877804246448,0.3063885267275098
1nrjB_2gedB,ShallowMsa_061,39,0.3020276472010594,0.30601092896174864,,,0.3020276472010594,0.30601092896174864
1nrjB_2gedB,ShallowMsa_062,39,0.3524233946897654,0.3511450381679389,,,0.3524233946897654,0.3511450381679389
1nrjB_2gedB,ShallowMsa_063,38,0.3690828508923377,0.36985828379271,,,0.3690828508923377,0.36985828379271
1nrjB_2gedB,ShallowMsa_064,38,0.31780932259291517,0.3208767822941051,,,0.31780932259291517,0.3208767822941051
1nrjB_2gedB,ShallowMsa_065,37,0.3076489354856955,0.30708661417322836,,,0.3076489354856955,0.30708661417322836
1nrjB_2gedB,ShallowMsa_066,37,0.32453928523814385,0.32786885245901637,,,0.32453928523814385,0.32786885245901637
1nrjB_2gedB,ShallowMsa_067,37,0.36452873850494183,0.36464088397790057,,,0.36452873850494183,0.36464088397790057
1nrjB_2gedB,ShallowMsa_068,37,0.3385638945875977,0.33783783783783783,,,0.3385638945875977,0.33783783783783783
1nrjB_2gedB,ShallowMsa_069,36,0.35010523416169215,0.3524590163934426,,,0.35010523416169215,0.3524590163934426
1nrjB_2gedB,ShallowMsa_070,36,0.3712879428853685,0.370122243006917,,,0.3712879428853685,0.370122243006917
1nrjB_2gedB,ShallowMsa_071,35,0.36839809544880636,0.366412213740458,,,0.36839809544880636,0.366412213740458
1nrjB_2gedB,ShallowMsa_072,35,0.32879989704431656,0.330188679245283,,,0.32879989704431656,0.330188679245283
1nrjB_2gedB,ShallowMsa_073,35,0.3578164853114749,0.359375,,,0.3578164853114749,0.359375
1nrjB_2gedB,ShallowMsa_074,34,0.32286674571445717,0.3202564102564103,,,0.32286674571445717,0.3202564102564103
1nrjB_2gedB,ShallowMsa_075,34,0.337702872505567,0.3333333333333333,,,0.337702872505567,0.3333333333333333
1nrjB_2gedB,ShallowMsa_076,34,0.3119966078346727,0.31209415584415584,,,0.3119966078346727,0.31209415584415584
1nrjB_2gedB,ShallowMsa_077,34,0.3429760181319197,0.3412698412698413,,,0.3429760181319197,0.3412698412698413
1nrjB_2gedB,ShallowMsa_078,34,0.3455098214670511,0.3492063492063492,,,0.3455098214670511,0.3492063492063492
1nrjB_2gedB,ShallowMsa_079,33,0.3684978263685604,0.36551724137931035,,,0.3684978263685604,0.36551724137931035
1nrjB_2gedB,ShallowMsa_080,32,0.32777690722938047,0.3297287818564414,,,0.32777690722938047,0.3297287818564414
1nrjB_2gedB,ShallowMsa_081,31,0.3507120376273725,0.35106382978723405,,,0.3507120376273725,0.35106382978723405
1nrjB_2gedB,ShallowMsa_082,31,0.307167604507332,0.30158730158730157,,,0.307167604507332,0.30158730158730157
1nrjB_2gedB,ShallowMsa_083,30,0.3219400339132198,0.31542898341744774,,,0.3219400339132198,0.31542898341744774
1nrjB_2gedB,ShallowMsa_084,30,0.3703287367253176,0.3681066928489609,,,0.3703287367253176,0.3681066928489609
1nrjB_2gedB,ShallowMsa_085,30,0.3196706179699282,0.31746031746031744,,,0.3196706179699282,0.31746031746031744
1nrjB_2gedB,ShallowMsa_086,29,0.38128209831254584,0.3671875,,,0.38128209831254584,0.3671875
1nrjB_2gedB,ShallowMsa_087,29,0.3165501666841239,0.30952380952380953,,,0.3165501666841239,0.30952380952380953
1nrjB_2gedB,ShallowMsa_088,28,0.40520429654181545,0.410946976520747,,,0.40520429654181545,0.410946976520747
1nrjB_2gedB,ShallowMsa_089,28,0.3836700859892263,0.38087993421052635,,,0.3836700859892263,0.38087993421052635
1nrjB_2gedB,ShallowMsa_090,28,0.3690896701782545,0.3693979933110368,,,0.3690896701782545,0.3693979933110368
1nrjB_2gedB,ShallowMsa_091,27,0.3321495045865826,0.3253968253968254,,,0.3321495045865826,0.3253968253968254
1nrjB_2gedB,ShallowMsa_092,27,0.3360441674797088,0.3253968253968254,,,0.3360441674797088,0.3253968253968254
1nrjB_2gedB,ShallowMsa_093,27,0.3351527845549716,0.328,,,0.3351527845549716,0.328
1nrjB_2gedB,ShallowMsa_094,26,0.3168048966347652,0.3171404162783473,,,0.3168048966347652,0.3171404162783473
1nrjB_2gedB,ShallowMsa_095,26,0.377273397033863,0.36797014611584145,,,0.377273397033863,0.36797014611584145
1nrjB_2gedB,ShallowMsa_096,24,0.3145223040673294,0.3124401913875598,,,0.3145223040673294,0.3124401913875598
1nrjB_2gedB,ShallowMsa_097,24,0.3521909304523998,0.35714285714285715,,,0.3521909304523998,0.35714285714285715
1nrjB_2gedB,ShallowMsa_098,24,0.33189668497424435,0.3228111601317343,,,0.33189668497424435,0.3228111601317343
1nrjB_2gedB,ShallowMsa_099,23,0.36723949094495567,0.3671875,,,0.36723949094495567,0.3671875
1qb3A_3qy2A,ShallowMsa_000,414,0.5294686512215437,0.5303030303030303,,,0.5294686512215437,0.5303030303030303
1qb3A_3qy2A,ShallowMsa_001,343,0.5337579289867546,0.5384615384615384,,,0.5337579289867546,0.5384615384615384
1qb3A_3qy2A,ShallowMsa_002,213,0.52527609595944,0.5294117647058824,,,0.52527609595944,0.5294117647058824
1qb3A_3qy2A,ShallowMsa_003,151,0.5363192483390502,0.5465116279069767,,,0.5363192483390502,0.5465116279069767
1qb3A_3qy2A,ShallowMsa_004,151,0.5229012309920849,0.5263157894736842,,,0.5229012309920849,0.5263157894736842
1qb3A_3qy2A,ShallowMsa_005,146,0.5482500001367401,0.5454545454545454,,,0.5482500001367401,0.5454545454545454
1qb3A_3qy2A,ShallowMsa_006,134,0.5425075570642428,0.543560606060606,,,0.5425075570642428,0.543560606060606
1qb3A_3qy2A,ShallowMsa_007,134,0.5439689351872234,0.5517604286261003,,,0.5439689351872234,0.5517604286261003
1qb3A_3qy2A,ShallowMsa_008,126,0.5334296685005133,0.5416666666666666,,,0.5334296685005133,0.5416666666666666
1qb3A_3qy2A,ShallowMsa_009,126,0.5029673608376641,0.5072463768115942,,,0.5029673608376641,0.5072463768115942
1qb3A_3qy2A,ShallowMsa_010,117,0.5102267505674783,0.5054945054945055,,,0.5102267505674783,0.5054945054945055
1qb3A_3qy2A,ShallowMsa_011,101,0.7722406062387794,0.7553191489361702,,,0.7722406062387794,0.7553191489361702
1qb3A_3qy2A,ShallowMsa_012,95,0.6938583632362315,0.696078431372549,,,0.6938583632362315,0.696078431372549
1qb3A_3qy2A,ShallowMsa_013,94,0.4832758886049209,0.4807024075452966,,,0.4832758886049209,0.4807024075452966
1qb3A_3qy2A,ShallowMsa_014,92,0.5271618065496307,0.5227743271221532,,,0.5271618065496307,0.5227743271221532
1qb3A_3qy2A,ShallowMsa_015,89,0.5483595698001469,0.5492957746478874,,,0.5483595698001469,0.5492957746478874
1qb3A_3qy2A,ShallowMsa_016,85,0.6147710058001492,0.6388888888888888,,,0.6147710058001492,0.6388888888888888
1qb3A_3qy2A,ShallowMsa_017,83,0.5560482365908483,0.575,,,0.5560482365908483,0.575
1qb3A_3qy2A,ShallowMsa_018,74,0.7041852741161193,0.7091666666666667,,,0.7041852741161193,0.7091666666666667
1qb3A_3qy2A,ShallowMsa_019,70,0.8065344872838941,0.8082957231893402,,,0.8065344872838941,0.8082957231893402
1qb3A_3qy2A,ShallowMsa_020,66,0.511014782203452,0.5147759103641456,,,0.511014782203452,0.5147759103641456
1qb3A_3qy2A,ShallowMsa_021,66,0.4708566709714749,0.48632668144863267,,,0.4708566709714749,0.48632668144863267
1qb3A_3qy2A,ShallowMsa_022,66,0.5272617894590647,0.5333333333333333,,,0.5272617894590647,0.5333333333333333
1qb3A_3qy2A,ShallowMsa_023,65,0.5407316889342033,0.5454545454545454,,,0.5407316889342033,0.5454545454545454
1qb3A_3qy2A,ShallowMsa_024,64,0.7059707142540493,0.7135785007072135,,,0.7059707142540493,0.7135785007072135
1qb3A_3qy2A,ShallowMsa_025,62,0.49683837850438184,0.48831521739130435,,,0.49683837850438184,0.48831521739130435
1qb3A_3qy2A,ShallowMsa_026,61,0.6571450252643989,0.693069306930693,,,0.6571450252643989,0.693069306930693
1qb3A_3qy2A,ShallowMsa_027,60,0.4956694780573362,0.4883720930232558,,,0.4956694780573362,0.4883720930232558
1qb3A_3qy2A,ShallowMsa_028,60,0.5534283442157991,0.5644042232277526,,,0.5534283442157991,0.5644042232277526
1qb3A_3qy2A,ShallowMsa_029,57,0.46680800740231176,0.45454545454545453,,,0.46680800740231176,0.45454545454545453
1qb3A_3qy2A,ShallowMsa_030,57,0.5062703636191658,0.5405405405405406,,,0.5062703636191658,0.5405405405405406
1qb3A_3qy2A,ShallowMsa_031,57,0.5399641207932039,0.5394736842105263,,,0.5399641207932039,0.5394736842105263
1qb3A_3qy2A,ShallowMsa_032,55,0.6616872821641266,0.6627906976744186,,,0.6616872821641266,0.6627906976744186
1qb3A_3qy2A,ShallowMsa_033,55,0.5083240281088265,0.5053763440860215,,,0.5083240281088265,0.5053763440860215
1qb3A_3qy2A,ShallowMsa_034,55,0.5336744344144665,0.5285714285714286,,,0.5336744344144665,0.5285714285714286
1qb3A_3qy2A,ShallowMsa_035,53,0.5462871132259149,0.5421686746987951,,,0.5462871132259149,0.5421686746987951
1qb3A_3qy2A,ShallowMsa_036,51,0.36864016776689557,0.3611111111111111,,,0.36864016776689557,0.3611111111111111
1qb3A_3qy2A,ShallowMsa_037,51,0.568484544487306,0.5797101449275363,,,0.568484544487306,0.5797101449275363
1qb3A_3qy2A,ShallowMsa_038,50,0.43511437047653545,0.430952380952381,,,0.43511437047653545,0.430952380952381
1qb3A_3qy2A,ShallowMsa_039,49,0.6772349195232897,0.6701030927835051,,,0.6772349195232897,0.6701030927835051
1qb3A_3qy2A,ShallowMsa_040,47,0.6495718373445616,0.6436781609195402,,,0.6495718373445616,0.6436781609195402
1qb3A_3qy2A,ShallowMsa_041,47,0.42141577046411965,0.40384615384615385,,,0.42141577046411965,0.40384615384615385
1qb3A_3qy2A,ShallowMsa_042,47,0.4721406157949246,0.475,,,0.4721406157949246,0.475
1qb3A_3qy2A,ShallowMsa_043,47,0.5661016924425741,0.5714285714285714,,,0.5661016924425741,0.5714285714285714
1qb3A_3qy2A,ShallowMsa_044,47,0.5517872145326376,0.5571428571428572,,,0.5517872145326376,0.5571428571428572
1qb3A_3qy2A,ShallowMsa_045,46,0.6542604087318751,0.6627906976744186,,,0.6542604087318751,0.6627906976744186
1qb3A_3qy2A,ShallowMsa_046,46,0.5550025620084956,0.5607017543859649,,,0.5550025620084956,0.5607017543859649
1qb3A_3qy2A,ShallowMsa_047,42,0.45355050331617114,0.45512082853855007,,,0.45355050331617114,0.45512082853855007
1qb3A_3qy2A,ShallowMsa_048,42,0.5015530587999382,0.4912317620650954,,,0.5015530587999382,0.4912317620650954
1qb3A_3qy2A,ShallowMsa_049,42,0.5418675064671822,0.5585714285714286,,,0.5418675064671822,0.5585714285714286
1qb3A_3qy2A,ShallowMsa_050,41,0.48293497093046356,0.5,,,0.48293497093046356,0.5
1qb3A_3qy2A,ShallowMsa_051,40,0.5374775706513886,0.5392307692307692,,,0.5374775706513886,0.5392307692307692
1qb3A_3qy2A,ShallowMsa_052,40,0.5460929710948152,0.5590277777777778,,,0.5460929710948152,0.5590277777777778
1qb3A_3qy2A,ShallowMsa_053,39,0.4948392664950381,0.5063291139240507,,,0.4948392664950381,0.5063291139240507
1qb3A_3qy2A,ShallowMsa_054,39,0.5217816346665034,0.527027027027027,,,0.5217816346665034,0.527027027027027
1qb3A_3qy2A,ShallowMsa_055,39,0.5253141754184669,0.5180722891566265,,,0.5253141754184669,0.5180722891566265
1qb3A_3qy2A,ShallowMsa_056,38,0.5469291067127424,0.5409328114807568,,,0.5469291067127424,0.5409328114807568
1qb3A_3qy2A,ShallowMsa_057,38,0.534234910141704,0.5357215758318024,,,0.534234910141704,0.5357215758318024
1qb3A_3qy2A,ShallowMsa_058,37,0.43363027511917634,0.42528735632183906,,,0.43363027511917634,0.42528735632183906
1qb3A_3qy2A,ShallowMsa_059,37,0.5613002631733003,0.5671641791044776,,,0.5613002631733003,0.5671641791044776
1qb3A_3qy2A,ShallowMsa_060,37,0.5430918425332737,0.5492957746478874,,,0.5430918425332737,0.5492957746478874
1qb3A_3qy2A,ShallowMsa_061,36,0.4672880097469968,0.4680952380952381,,,0.4672880097469968,0.4680952380952381
1qb3A_3qy2A,ShallowMsa_062,35,0.4978283129108072,0.48936170212765956,,,0.4978283129108072,0.48936170212765956
1qb3A_3qy2A,ShallowMsa_063,34,0.40726722034704926,0.40103092783505156,,,0.40726722034704926,0.40103092783505156
1qb3A_3qy2A,ShallowMsa_064,34,0.4833504819296375,0.4762787249814677,,,0.4833504819296375,0.4762787249814677
1qb3A_3qy2A,ShallowMsa_065,34,0.4474564116317009,0.4765041721563461,,,0.4474564116317009,0.4765041721563461
1qb3A_3qy2A,ShallowMsa_066,33,0.65359596840003,0.6555555555555556,,,0.65359596840003,0.6555555555555556
1qb3A_3qy2A,ShallowMsa_067,33,0.6444173652625811,0.6477272727272727,,,0.6444173652625811,0.6477272727272727
1qb3A_3qy2A,ShallowMsa_068,32,0.36532325276424454,0.3672114402451481,,,0.36532325276424454,0.3672114402451481
1qb3A_3qy2A,ShallowMsa_069,32,0.4678381168391564,0.4802597402597403,,,0.4678381168391564,0.4802597402597403
1qb3A_3qy2A,ShallowMsa_070,31,0.6065698304227508,0.6071428571428571,,,0.6065698304227508,0.6071428571428571
1qb3A_3qy2A,ShallowMsa_071,31,0.4665925535096763,0.5,,,0.4665925535096763,0.5
1qb3A_3qy2A,ShallowMsa_072,31,0.5090295093934559,0.5,,,0.5090295093934559,0.5
1qb3A_3qy2A,ShallowMsa_073,30,0.7003513834374121,0.7041167274622199,,,0.7003513834374121,0.7041167274622199
1qb3A_3qy2A,ShallowMsa_074,30,0.4572509701979128,0.45227642276422764,,,0.4572509701979128,0.45227642276422764
1qb3A_3qy2A,ShallowMsa_075,30,0.5602232537162225,0.5713410900183711,,,0.5602232537162225,0.5713410900183711
1qb3A_3qy2A,ShallowMsa_076,30,0.5526207643171269,0.552905117270789,,,0.5526207643171269,0.552905117270789
1qb3A_3qy2A,ShallowMsa_077,29,0.6459818803987926,0.6451612903225806,,,0.6459818803987926,0.6451612903225806
1qb3A_3qy2A,ShallowMsa_078,29,0.4249948537454898,0.4222222222222222,,,0.4249948537454898,0.4222222222222222
1qb3A_3qy2A,ShallowMsa_079,29,0.43346236179163533,0.43037974683544306,,,0.43346236179163533,0.43037974683544306
1qb3A_3qy2A,ShallowMsa_080,29,0.5515138691424839,0.5675675675675675,,,0.5515138691424839,0.5675675675675675
1qb3A_3qy2A,ShallowMsa_081,28,0.5282398363536059,0.5440190352584902,,,0.5282398363536059,0.5440190352584902
1qb3A_3qy2A,ShallowMsa_082,28,0.4723974885349801,0.4709266169154229,,,0.4723974885349801,0.4709266169154229
1qb3A_3qy2A,ShallowMsa_083,27,0.737353396341418,0.7448979591836735,,,0.737353396341418,0.7448979591836735
1qb3A_3qy2A,ShallowMsa_084,27,0.4538284983012883,0.44086021505376344,,,0.4538284983012883,0.44086021505376344
1qb3A_3qy2A,ShallowMsa_085,26,0.3417529420138606,0.34782608695652173,,,0.3417529420138606,0.34782608695652173
1qb3A_3qy2A,ShallowMsa_086,26,0.5137460471372397,0.5384615384615384,,,0.5137460471372397,0.5384615384615384
1qb3A_3qy2A,ShallowMsa_087,26,0.578982155408106,0.5753990610328639,,,0.578982155408106,0.5753990610328639
1qb3A_3qy2A,ShallowMsa_088,26,0.5243474520411272,0.5187529301453352,,,0.5243474520411272,0.5187529301453352
1qb3A_3qy2A,ShallowMsa_089,25,0.6393038016211715,0.6413043478260869,,,0.6393038016211715,0.6413043478260869
1qb3A_3qy2A,ShallowMsa_090,25,0.5245199589034091,0.5285714285714286,,,0.5245199589034091,0.5285714285714286
1qb3A_3qy2A,ShallowMsa_091,24,0.4625695222422393,0.45347079037800686,,,0.4625695222422393,0.45347079037800686
1qb3A_3qy2A,ShallowMsa_092,24,0.5594152113745879,0.5717171717171716,,,0.5594152113745879,0.5717171717171716
1qb3A_3qy2A,ShallowMsa_093,24,0.5322005535192814,0.5345264491605954,,,0.5322005535192814,0.5345264491605954
1qb3A_3qy2A,ShallowMsa_094,24,0.4652149038138729,0.46092796092796096,,,0.4652149038138729,0.46092796092796096
1qb3A_3qy2A,ShallowMsa_095,23,0.5928490403851896,0.5945945945945946,,,0.5928490403851896,0.5945945945945946
1qb3A_3qy2A,ShallowMsa_096,22,0.47836085401573525,0.49992562843968463,,,0.47836085401573525,0.49992562843968463
1qb3A_3qy2A,ShallowMsa_097,22,0.44881722473237945,0.4374109827504352,,,0.44881722473237945,0.4374109827504352
1qb3A_3qy2A,ShallowMsa_098,21,0.4906078852523444,0.5,,,0.4906078852523444,0.5
1qb3A_3qy2A,ShallowMsa_099,21,0.5246351702771654,0.5125,,,0.5246351702771654,0.5125
1qlnA_1h38D,ShallowMsa_000,521,0.3021252497485569,0.3032258064516129,,,0.3021252497485569,0.3032258064516129
1qlnA_1h38D,ShallowMsa_001,400,0.33291967434638176,0.3281138281138281,,,0.33291967434638176,0.3281138281138281
1qlnA_1h38D,ShallowMsa_002,183,0.2947871458135744,0.291958041958042,,,0.2947871458135744,0.291958041958042
1qlnA_1h38D,ShallowMsa_003,168,0.2971008616284897,0.2966383341155203,,,0.2971008616284897,0.2966383341155203
1qlnA_1h38D,ShallowMsa_004,140,0.2988419037829918,0.29459010248670825,,,0.2988419037829918,0.29459010248670825
1qlnA_1h38D,ShallowMsa_005,132,0.2848214349207541,0.2830215484033127,,,0.2848214349207541,0.2830215484033127
1qlnA_1h38D,ShallowMsa_006,119,0.2892741903781618,0.2890995260663507,,,0.2892741903781618,0.2890995260663507
1qlnA_1h38D,ShallowMsa_007,96,0.2984855464374729,0.2943094757790453,,,0.2984855464374729,0.2943094757790453
1qlnA_1h38D,ShallowMsa_008,87,0.3104212277454578,0.30737134909596664,,,0.3104212277454578,0.30737134909596664
1qlnA_1h38D,ShallowMsa_009,86,0.33803252549315965,0.3399503722084367,,,0.33803252549315965,0.3399503722084367
1qlnA_1h38D,ShallowMsa_010,80,0.3339230643770161,0.3222875816993464,,,0.3339230643770161,0.3222875816993464
1qlnA_1h38D,ShallowMsa_011,79,0.3192717198218109,0.31091370558375636,,,0.3192717198218109,0.31091370558375636
1qlnA_1h38D,ShallowMsa_012,77,0.2836892435486871,0.27989821882951654,,,0.2836892435486871,0.27989821882951654
1qlnA_1h38D,ShallowMsa_013,74,0.46537387567801053,0.37108957998038355,,,0.46537387567801053,0.37108957998038355
1qlnA_1h38D,ShallowMsa_014,74,0.3273637515638426,0.32362749381098005,,,0.3273637515638426,0.32362749381098005
1qlnA_1h38D,ShallowMsa_015,67,0.3315392285116399,0.3262411347517731,,,0.3315392285116399,0.3262411347517731
1qlnA_1h38D,ShallowMsa_016,67,0.30196528577468995,0.29747675962815406,,,0.30196528577468995,0.29747675962815406
1qlnA_1h38D,ShallowMsa_017,66,0.29858851740426545,0.29669619357113375,,,0.29858851740426545,0.29669619357113375
1qlnA_1h38D,ShallowMsa_018,65,0.29864045693414093,0.2889908256880734,,,0.29864045693414093,0.2889908256880734
1qlnA_1h38D,ShallowMsa_019,65,0.7703695437887548,0.7482598607888631,,,0.7703695437887548,0.7482598607888631
1qlnA_1h38D,ShallowMsa_020,64,0.2997893959755984,0.2976071659479377,,,0.2997893959755984,0.2976071659479377
1qlnA_1h38D,ShallowMsa_021,60,0.32193879324618335,0.3210281144364746,,,0.32193879324618335,0.3210281144364746
1qlnA_1h38D,ShallowMsa_022,59,0.5782987195505251,0.5813953488372093,,,0.5782987195505251,0.5813953488372093
1qlnA_1h38D,ShallowMsa_023,56,0.31345275190789296,0.3070066025840914,,,0.31345275190789296,0.3070066025840914
1qlnA_1h38D,ShallowMsa_024,55,0.3425773163404839,0.3456561922365989,,,0.3425773163404839,0.3456561922365989
1qlnA_1h38D,ShallowMsa_025,54,0.2969401159317587,0.29154203907019677,,,0.2969401159317587,0.29154203907019677
1qlnA_1h38D,ShallowMsa_026,53,0.33010462840181126,0.32950191570881227,,,0.33010462840181126,0.32950191570881227
1qlnA_1h38D,ShallowMsa_027,53,0.3129599432242311,0.30564784053156147,,,0.3129599432242311,0.30564784053156147
1qlnA_1h38D,ShallowMsa_028,52,0.30103997333621263,0.3007338398223799,,,0.30103997333621263,0.3007338398223799
1qlnA_1h38D,ShallowMsa_029,50,0.3075258802362028,0.3076923076923077,,,0.3075258802362028,0.3076923076923077
1qlnA_1h38D,ShallowMsa_030,49,0.2965851059010905,0.2977303070761015,,,0.2965851059010905,0.2977303070761015
1qlnA_1h38D,ShallowMsa_031,48,0.28068958508218605,0.2800535110540198,,,0.28068958508218605,0.2800535110540198
1qlnA_1h38D,ShallowMsa_032,48,0.29494202064848746,0.2928846542048529,,,0.29494202064848746,0.2928846542048529
1qlnA_1h38D,ShallowMsa_033,48,0.34665924288311323,0.34747591438162084,,,0.34665924288311323,0.34747591438162084
1qlnA_1h38D,ShallowMsa_034,48,0.3735760360153762,0.3668750732679458,,,0.3735760360153762,0.3668750732679458
1qlnA_1h38D,ShallowMsa_035,47,0.32421218465597196,0.3188405797101449,,,0.32421218465597196,0.3188405797101449
1qlnA_1h38D,ShallowMsa_036,47,0.32470389063592137,0.32443257676902537,,,0.32470389063592137,0.32443257676902537
1qlnA_1h38D,ShallowMsa_037,46,0.32928849292110784,0.3108269706356383,,,0.32928849292110784,0.3108269706356383
1qlnA_1h38D,ShallowMsa_038,45,0.31795297785877186,0.31456953642384106,,,0.31795297785877186,0.31456953642384106
1qlnA_1h38D,ShallowMsa_039,45,0.33291939818707833,0.3394980184940555,,,0.33291939818707833,0.3394980184940555
1qlnA_1h38D,ShallowMsa_040,44,0.36287919046359984,0.3618925870640629,,,0.36287919046359984,0.3618925870640629
1qlnA_1h38D,ShallowMsa_041,44,0.32870243379878356,0.3256828972608883,,,0.32870243379878356,0.3256828972608883
1qlnA_1h38D,ShallowMsa_042,40,0.3175527145064275,0.31465357027054813,,,0.3175527145064275,0.31465357027054813
1qlnA_1h38D,ShallowMsa_043,39,0.36852913981632646,0.36772486772486773,,,0.36852913981632646,0.36772486772486773
1qlnA_1h38D,ShallowMsa_044,39,0.3385857374340129,0.3368421052631579,,,0.3385857374340129,0.3368421052631579
1qlnA_1h38D,ShallowMsa_045,38,0.3208385231411356,0.3171082251082251,,,0.3208385231411356,0.3171082251082251
1qlnA_1h38D,ShallowMsa_046,38,0.3192322651550194,0.3191308195106477,,,0.3192322651550194,0.3191308195106477
1qlnA_1h38D,ShallowMsa_047,38,0.3043212948407892,0.30250990752972257,,,0.3043212948407892,0.30250990752972257
1qlnA_1h38D,ShallowMsa_048,38,0.38358219989813236,0.4011594948056742,,,0.38358219989813236,0.4011594948056742
1qlnA_1h38D,ShallowMsa_049,37,0.4914201608442797,0.3704379562043796,,,0.4914201608442797,0.3704379562043796
1qlnA_1h38D,ShallowMsa_050,37,0.3232453811541421,0.31953428201811124,,,0.3232453811541421,0.31953428201811124
1qlnA_1h38D,ShallowMsa_051,36,0.3167239476830777,0.32041086117173073,,,0.3167239476830777,0.32041086117173073
1qlnA_1h38D,ShallowMsa_052,36,0.3041931416024217,0.30571652503918817,,,0.3041931416024217,0.30571652503918817
1qlnA_1h38D,ShallowMsa_053,36,0.619383170825966,0.6279482516355328,,,0.619383170825966,0.6279482516355328
1qlnA_1h38D,ShallowMsa_054,36,0.3420416647875947,0.3420483721885591,,,0.3420416647875947,0.3420483721885591
1qlnA_1h38D,ShallowMsa_055,35,0.41047822769903,0.41304347826086957,,,0.41047822769903,0.41304347826086957
1qlnA_1h38D,ShallowMsa_056,35,0.2983565912171609,0.2948717948717949,,,0.2983565912171609,0.2948717948717949
1qlnA_1h38D,ShallowMsa_057,34,0.30984637994648717,0.3068978074274103,,,0.30984637994648717,0.3068978074274103
1qlnA_1h38D,ShallowMsa_058,33,0.3178299639573945,0.3009009009009009,,,0.3178299639573945,0.3009009009009009
1qlnA_1h38D,ShallowMsa_059,32,0.30935069789291175,0.30240429505135386,,,0.30935069789291175,0.30240429505135386
1qlnA_1h38D,ShallowMsa_060,31,0.3055553267817986,0.30350877192982456,,,0.3055553267817986,0.30350877192982456
1qlnA_1h38D,ShallowMsa_061,31,0.32006430570860495,0.31793960923623443,,,0.32006430570860495,0.31793960923623443
1qlnA_1h38D,ShallowMsa_062,31,0.5986571471649135,0.616822429906542,,,0.5986571471649135,0.616822429906542
1qlnA_1h38D,ShallowMsa_063,30,0.30234986579790646,0.3027099802198877,,,0.30234986579790646,0.3027099802198877
1qlnA_1h38D,ShallowMsa_064,29,0.3611725438299303,0.34776902887139105,,,0.3611725438299303,0.34776902887139105
1qlnA_1h38D,ShallowMsa_065,29,0.3055752564406285,0.30212014134275617,,,0.3055752564406285,0.30212014134275617
1qlnA_1h38D,ShallowMsa_066,29,0.3264985070170791,0.3227040816326531,,,0.3264985070170791,0.3227040816326531
1qlnA_1h38D,ShallowMsa_067,29,0.33627005308712177,0.3423545331529093,,,0.33627005308712177,0.3423545331529093
1qlnA_1h38D,ShallowMsa_068,27,0.31196788109123497,0.30098684210526316,,,0.31196788109123497,0.30098684210526316
1qlnA_1h38D,ShallowMsa_069,27,0.299033519137374,0.29850746268656714,,,0.299033519137374,0.29850746268656714
1qlnA_1h38D,ShallowMsa_070,27,0.3669268947725938,0.3660377358490566,,,0.3669268947725938,0.3660377358490566
1qlnA_1h38D,ShallowMsa_071,26,0.28445037035972864,0.28418886325503356,,,0.28445037035972864,0.28418886325503356
1qlnA_1h38D,ShallowMsa_072,26,0.309546481914946,0.30667561314853253,,,0.309546481914946,0.30667561314853253
1qlnA_1h38D,ShallowMsa_073,26,0.307575770000757,0.30469817538783056,,,0.307575770000757,0.30469817538783056
1qlnA_1h38D,ShallowMsa_074,25,0.3099515783267863,0.30685920577617326,,,0.3099515783267863,0.30685920577617326
1qlnA_1h38D,ShallowMsa_075,25,0.28591503086059017,0.2866666666666667,,,0.28591503086059017,0.2866666666666667
1qlnA_1h38D,ShallowMsa_076,25,0.30504631614249933,0.30120481927710846,,,0.30504631614249933,0.30120481927710846
1qlnA_1h38D,ShallowMsa_077,25,0.3837427436498663,0.3858974358974359,,,0.3837427436498663,0.3858974358974359
1qlnA_1h38D,ShallowMsa_078,24,0.3498869511955718,0.35038363171355497,,,0.3498869511955718,0.35038363171355497
1qlnA_1h38D,ShallowMsa_079,24,0.339756840963084,0.343218159676943,,,0.339756840963084,0.343218159676943
1qlnA_1h38D,ShallowMsa_080,23,0.3017555356323271,0.3003731343283582,,,0.3017555356323271,0.3003731343283582
1qlnA_1h38D,ShallowMsa_081,23,0.34171183380242787,0.3435960591133005,,,0.34171183380242787,0.3435960591133005
1qlnA_1h38D,ShallowMsa_082,23,0.3153832335965705,0.31555555555555553,,,0.3153832335965705,0.31555555555555553
1qlnA_1h38D,ShallowMsa_083,22,0.30471122091550423,0.3023940054611265,,,0.30471122091550423,0.3023940054611265
1qlnA_1h38D,ShallowMsa_084,22,0.3240933124108866,0.31774126540207526,,,0.3240933124108866,0.31774126540207526
1qlnA_1h38D,ShallowMsa_085,20,0.3139099646718851,0.3148996697993396,,,0.3139099646718851,0.3148996697993396
1qlnA_1h38D,ShallowMsa_086,20,0.30624557468775626,0.3069280418964234,,,0.30624557468775626,0.3069280418964234
1qlnA_1h38D,ShallowMsa_087,20,0.32300750236627435,0.3255473538186019,,,0.32300750236627435,0.3255473538186019
1qlnA_1h38D,ShallowMsa_088,20,0.33164013336311693,0.33640554193725103,,,0.33164013336311693,0.33640554193725103
1qlnA_1h38D,ShallowMsa_089,19,0.4474474780457303,0.47353361945636624,,,0.4474474780457303,0.47353361945636624
1qlnA_1h38D,ShallowMsa_090,18,0.30908812918749584,0.30042667147115665,,,0.30908812918749584,0.30042667147115665
1qlnA_1h38D,ShallowMsa_091,18,0.3063274020209994,0.30338451751118745,,,0.3063274020209994,0.30338451751118745
1qlnA_1h38D,ShallowMsa_092,18,0.3002608697060106,0.29437664668254276,,,0.3002608697060106,0.29437664668254276
1qlnA_1h38D,ShallowMsa_093,17,0.30172390221196915,0.3010752688172043,,,0.30172390221196915,0.3010752688172043
1qlnA_1h38D,ShallowMsa_094,17,0.2868968286540903,0.2859560067681895,,,0.2868968286540903,0.2859560067681895
1qlnA_1h38D,ShallowMsa_095,17,0.2940170733218346,0.29365079365079366,,,0.2940170733218346,0.29365079365079366
1qlnA_1h38D,ShallowMsa_096,16,0.2996518070699392,0.3004634009600897,,,0.2996518070699392,0.3004634009600897
1qlnA_1h38D,ShallowMsa_097,16,0.319048615372675,0.3268927418549702,,,0.319048615372675,0.3268927418549702
1qlnA_1h38D,ShallowMsa_098,15,0.31709173618064257,0.32180851063829785,,,0.31709173618064257,0.32180851063829785
1qlnA_1h38D,ShallowMsa_099,15,0.2960593835148058,0.29784366576819404,,,0.2960593835148058,0.29784366576819404
1rk4B_1k0nA,ShallowMsa_000,170,0.6647841321955393,0.6666706133080749,,,0.6647841321955393,0.6666706133080749
1rk4B_1k0nA,ShallowMsa_001,148,0.5599722720560696,0.5667878168929472,,,0.5599722720560696,0.5667878168929472
1rk4B_1k0nA,ShallowMsa_002,132,0.29257217731943974,0.28421052631578947,,,0.29257217731943974,0.28421052631578947
1rk4B_1k0nA,ShallowMsa_003,110,0.6091973774034324,0.6067961165048543,,,0.6091973774034324,0.6067961165048543
1rk4B_1k0nA,ShallowMsa_004,107,0.7474697098466014,0.8072289156626506,,,0.7474697098466014,0.8072289156626506
1rk4B_1k0nA,ShallowMsa_005,99,0.28072831163490897,0.2789473684210526,,,0.28072831163490897,0.2789473684210526
1rk4B_1k0nA,ShallowMsa_006,90,0.2683903189617142,0.26455026455026454,,,0.2683903189617142,0.26455026455026454
1rk4B_1k0nA,ShallowMsa_007,89,0.6419683926893238,0.6439024390243903,,,0.6419683926893238,0.6439024390243903
1rk4B_1k0nA,ShallowMsa_008,81,0.5399282048916416,0.5463414634146342,,,0.5399282048916416,0.5463414634146342
1rk4B_1k0nA,ShallowMsa_009,75,0.30649254773695084,0.3020833333333333,,,0.30649254773695084,0.3020833333333333
1rk4B_1k0nA,ShallowMsa_010,75,0.2773980947021151,0.2774869109947644,,,0.2773980947021151,0.2774869109947644
1rk4B_1k0nA,ShallowMsa_011,74,0.5905877619717997,0.6009852216748769,,,0.5905877619717997,0.6009852216748769
1rk4B_1k0nA,ShallowMsa_012,72,0.6298315402113235,0.6341463414634146,,,0.6298315402113235,0.6341463414634146
1rk4B_1k0nA,ShallowMsa_013,71,0.6540153666661129,0.7093596059113301,,,0.6540153666661129,0.7093596059113301
1rk4B_1k0nA,ShallowMsa_014,71,0.37003764189006394,0.3602150537634409,,,0.37003764189006394,0.3602150537634409
1rk4B_1k0nA,ShallowMsa_015,69,0.38784985916602627,0.3471502590673575,,,0.38784985916602627,0.3471502590673575
1rk4B_1k0nA,ShallowMsa_016,68,0.27349578127831903,0.2736842105263158,,,0.27349578127831903,0.2736842105263158
1rk4B_1k0nA,ShallowMsa_017,66,0.287498795132425,0.2849624060150376,,,0.287498795132425,0.2849624060150376
1rk4B_1k0nA,ShallowMsa_018,66,0.283165846516937,0.27735731688352083,,,0.283165846516937,0.27735731688352083
1rk4B_1k0nA,ShallowMsa_019,65,0.5280052691902264,0.5714285714285714,,,0.5280052691902264,0.5714285714285714
1rk4B_1k0nA,ShallowMsa_020,60,0.5942227089188388,0.5949367088607594,,,0.5942227089188388,0.5949367088607594
1rk4B_1k0nA,ShallowMsa_021,60,0.47773057170180694,0.5036947597198744,,,0.47773057170180694,0.5036947597198744
1rk4B_1k0nA,ShallowMsa_022,59,0.3017138886220702,0.3021978021978022,,,0.3017138886220702,0.3021978021978022
1rk4B_1k0nA,ShallowMsa_023,58,0.6254089437971424,0.6268656716417911,,,0.6254089437971424,0.6268656716417911
1rk4B_1k0nA,ShallowMsa_024,56,0.6111064121956445,0.6348071608794905,,,0.6111064121956445,0.6348071608794905
1rk4B_1k0nA,ShallowMsa_025,56,0.7600286938906803,0.8957758620689655,,,0.7600286938906803,0.8957758620689655
1rk4B_1k0nA,ShallowMsa_026,55,0.3782309751070156,0.3492063492063492,,,0.3782309751070156,0.3492063492063492
1rk4B_1k0nA,ShallowMsa_027,54,0.30062598717400263,0.30400216179315054,,,0.30062598717400263,0.30400216179315054
1rk4B_1k0nA,ShallowMsa_028,52,0.30687694739586086,0.30151833460656985,,,0.30687694739586086,0.30151833460656985
1rk4B_1k0nA,ShallowMsa_029,51,0.2783658678422988,0.2751322751322751,,,0.2783658678422988,0.2751322751322751
1rk4B_1k0nA,ShallowMsa_030,51,0.33111821459472557,0.32085561497326204,,,0.33111821459472557,0.32085561497326204
1rk4B_1k0nA,ShallowMsa_031,49,0.5207001976468473,0.5276073619631901,,,0.5207001976468473,0.5276073619631901
1rk4B_1k0nA,ShallowMsa_032,48,0.48027658605943974,0.5560975609756098,,,0.48027658605943974,0.5560975609756098
1rk4B_1k0nA,ShallowMsa_033,46,0.47742576146937277,0.48316498316498313,,,0.47742576146937277,0.48316498316498313
1rk4B_1k0nA,ShallowMsa_034,46,0.5765121257841731,0.5759822179502583,,,0.5765121257841731,0.5759822179502583
1rk4B_1k0nA,ShallowMsa_035,45,0.2787300763496669,0.2789473684210526,,,0.2787300763496669,0.2789473684210526
1rk4B_1k0nA,ShallowMsa_036,45,0.5617878158012763,0.5665024630541872,,,0.5617878158012763,0.5665024630541872
1rk4B_1k0nA,ShallowMsa_037,44,0.28130273187417054,0.27440824282929543,,,0.28130273187417054,0.27440824282929543
1rk4B_1k0nA,ShallowMsa_038,43,0.32323426077415934,0.3225806451612903,,,0.32323426077415934,0.3225806451612903
1rk4B_1k0nA,ShallowMsa_039,41,0.2906089706635228,0.26842105263157895,,,0.2906089706635228,0.26842105263157895
1rk4B_1k0nA,ShallowMsa_040,41,0.3401112256782944,0.34285714285714286,,,0.3401112256782944,0.34285714285714286
1rk4B_1k0nA,ShallowMsa_041,40,0.2904588195498959,0.29209950414138897,,,0.2904588195498959,0.29209950414138897
1rk4B_1k0nA,ShallowMsa_042,40,0.6547457263901313,0.6780487804878049,,,0.6547457263901313,0.6780487804878049
1rk4B_1k0nA,ShallowMsa_043,40,0.6346802825281634,0.6519524210020425,,,0.6346802825281634,0.6519524210020425
1rk4B_1k0nA,ShallowMsa_044,40,0.6647007710812501,0.6642196323441067,,,0.6647007710812501,0.6642196323441067
1rk4B_1k0nA,ShallowMsa_045,39,0.3317675584594901,0.30612244897959184,,,0.3317675584594901,0.30612244897959184
1rk4B_1k0nA,ShallowMsa_046,39,0.5389779339208455,0.5414634146341464,,,0.5389779339208455,0.5414634146341464
1rk4B_1k0nA,ShallowMsa_047,37,0.2977069489233715,0.29333333333333333,,,0.2977069489233715,0.29333333333333333
1rk4B_1k0nA,ShallowMsa_048,37,0.5985316330363094,0.7463414634146341,,,0.5985316330363094,0.7463414634146341
1rk4B_1k0nA,ShallowMsa_049,36,0.39281485897240515,0.38558739557999366,,,0.39281485897240515,0.38558739557999366
1rk4B_1k0nA,ShallowMsa_050,36,0.5187734041120488,0.5287217166235285,,,0.5187734041120488,0.5287217166235285
1rk4B_1k0nA,ShallowMsa_051,35,0.289478704835459,0.291005291005291,,,0.289478704835459,0.291005291005291
1rk4B_1k0nA,ShallowMsa_052,35,0.3108882645335008,0.31343283582089554,,,0.3108882645335008,0.31343283582089554
1rk4B_1k0nA,ShallowMsa_053,32,0.27007090420412816,0.2698412698412698,,,0.27007090420412816,0.2698412698412698
1rk4B_1k0nA,ShallowMsa_054,32,0.2746471088326989,0.2698412698412698,,,0.2746471088326989,0.2698412698412698
1rk4B_1k0nA,ShallowMsa_055,32,0.6085559056490961,0.6053946894148745,,,0.6085559056490961,0.6053946894148745
1rk4B_1k0nA,ShallowMsa_056,31,0.4347152899917282,0.3373493975903614,,,0.4347152899917282,0.3373493975903614
1rk4B_1k0nA,ShallowMsa_057,31,0.2573143005570917,0.2578947368421053,,,0.2573143005570917,0.2578947368421053
1rk4B_1k0nA,ShallowMsa_058,30,0.2933138428290585,0.2918918918918919,,,0.2933138428290585,0.2918918918918919
1rk4B_1k0nA,ShallowMsa_059,29,0.29113593947171107,0.2903225806451613,,,0.29113593947171107,0.2903225806451613
1rk4B_1k0nA,ShallowMsa_060,29,0.3141469110216295,0.3013698630136986,,,0.3141469110216295,0.3013698630136986
1rk4B_1k0nA,ShallowMsa_061,29,0.28216655486554376,0.2789473684210526,,,0.28216655486554376,0.2789473684210526
1rk4B_1k0nA,ShallowMsa_062,29,0.27815230694344584,0.2789473684210526,,,0.27815230694344584,0.2789473684210526
1rk4B_1k0nA,ShallowMsa_063,29,0.33592459052143747,0.33689839572192515,,,0.33592459052143747,0.33689839572192515
1rk4B_1k0nA,ShallowMsa_064,29,0.28233863228209544,0.2789473684210526,,,0.28233863228209544,0.2789473684210526
1rk4B_1k0nA,ShallowMsa_065,28,0.8055291219159021,0.8723259762308999,,,0.8055291219159021,0.8723259762308999
1rk4B_1k0nA,ShallowMsa_066,28,0.4192301354109119,0.28653530377668307,,,0.4192301354109119,0.28653530377668307
1rk4B_1k0nA,ShallowMsa_067,28,0.28802635300075013,0.2902255639097744,,,0.28802635300075013,0.2902255639097744
1rk4B_1k0nA,ShallowMsa_068,28,0.29704104001427833,0.29256146903205726,,,0.29704104001427833,0.29256146903205726
1rk4B_1k0nA,ShallowMsa_069,28,0.5433806502791306,0.541871921182266,,,0.5433806502791306,0.541871921182266
1rk4B_1k0nA,ShallowMsa_070,28,0.5836815398865144,0.5804878048780487,,,0.5836815398865144,0.5804878048780487
1rk4B_1k0nA,ShallowMsa_071,27,0.2878458125927159,0.28169014084507044,,,0.2878458125927159,0.28169014084507044
1rk4B_1k0nA,ShallowMsa_072,27,0.2830618101573692,0.2804232804232804,,,0.2830618101573692,0.2804232804232804
1rk4B_1k0nA,ShallowMsa_073,27,0.5782970292946069,0.5763546798029556,,,0.5782970292946069,0.5763546798029556
1rk4B_1k0nA,ShallowMsa_074,26,0.6065193838471635,0.6046989113958936,,,0.6065193838471635,0.6046989113958936
1rk4B_1k0nA,ShallowMsa_075,26,0.2941429257242218,0.2968931209180248,,,0.2941429257242218,0.2968931209180248
1rk4B_1k0nA,ShallowMsa_076,26,0.2717287713165722,0.26842105263157895,,,0.2717287713165722,0.26842105263157895
1rk4B_1k0nA,ShallowMsa_077,26,0.29600678334129626,0.27774626583475137,,,0.29600678334129626,0.27774626583475137
1rk4B_1k0nA,ShallowMsa_078,26,0.581283180466814,0.5757575757575758,,,0.581283180466814,0.5757575757575758
1rk4B_1k0nA,ShallowMsa_079,26,0.6041865646433251,0.6048780487804878,,,0.6041865646433251,0.6048780487804878
1rk4B_1k0nA,ShallowMsa_080,26,0.6537880947515657,0.6658456486042692,,,0.6537880947515657,0.6658456486042692
1rk4B_1k0nA,ShallowMsa_081,26,0.6059851153443714,0.6053946894148745,,,0.6059851153443714,0.6053946894148745
1rk4B_1k0nA,ShallowMsa_082,25,0.2797486315719631,0.2716049382716049,,,0.2797486315719631,0.2716049382716049
1rk4B_1k0nA,ShallowMsa_083,25,0.7393526372702152,0.7389162561576355,,,0.7393526372702152,0.7389162561576355
1rk4B_1k0nA,ShallowMsa_084,25,0.8942429515560675,0.8870056497175142,,,0.8942429515560675,0.8870056497175142
1rk4B_1k0nA,ShallowMsa_085,25,0.6867344042535073,0.6893203883495146,,,0.6867344042535073,0.6893203883495146
1rk4B_1k0nA,ShallowMsa_086,25,0.6497282323284757,0.6585365853658537,,,0.6497282323284757,0.6585365853658537
1rk4B_1k0nA,ShallowMsa_087,24,0.31839192418202034,0.2945539906103286,,,0.31839192418202034,0.2945539906103286
1rk4B_1k0nA,ShallowMsa_088,24,0.2773709296132268,0.27440824282929543,,,0.2773709296132268,0.27440824282929543
1rk4B_1k0nA,ShallowMsa_089,24,0.28225502218366233,0.2848293057153817,,,0.28225502218366233,0.2848293057153817
1rk4B_1k0nA,ShallowMsa_090,24,0.2599197064989063,0.25888324873096447,,,0.2599197064989063,0.25888324873096447
1rk4B_1k0nA,ShallowMsa_091,23,0.3177339965085169,0.31958762886597936,,,0.3177339965085169,0.31958762886597936
1rk4B_1k0nA,ShallowMsa_092,23,0.5687330550752498,0.5707317073170731,,,0.5687330550752498,0.5707317073170731
1rk4B_1k0nA,ShallowMsa_093,23,0.6291429036839196,0.625615763546798,,,0.6291429036839196,0.625615763546798
1rk4B_1k0nA,ShallowMsa_094,22,0.6491313281093742,0.6502463054187192,,,0.6491313281093742,0.6502463054187192
1rk4B_1k0nA,ShallowMsa_095,21,0.960445010296355,0.9605911330049262,,,0.960445010296355,0.9605911330049262
1rk4B_1k0nA,ShallowMsa_096,20,0.5287741892939939,0.5274796049806785,,,0.5287741892939939,0.5274796049806785
1rk4B_1k0nA,ShallowMsa_097,20,0.6143438610530031,0.6231527093596059,,,0.6143438610530031,0.6231527093596059
1rk4B_1k0nA,ShallowMsa_098,20,0.6851411750570708,0.6862669710440947,,,0.6851411750570708,0.6862669710440947
1rk4B_1k0nA,ShallowMsa_099,19,0.3230275522991643,0.32085561497326204,,,0.3230275522991643,0.32085561497326204
1svfC_4wsgC,ShallowMsa_000,208,0.40591482514792643,0.4032258064516129,,,0.40591482514792643,0.4032258064516129
1svfC_4wsgC,ShallowMsa_001,9,0.4100358422939068,0.4,,,0.4100358422939068,0.4
1svfC_4wsgC,ShallowMsa_002,9,0.3853046594982079,0.3870967741935484,,,0.3853046594982079,0.3870967741935484
1svfC_4wsgC,ShallowMsa_003,9,0.4014336917562724,0.4032258064516129,,,0.4014336917562724,0.4032258064516129
1wp8C_5ejbC,ShallowMsa_000,64,0.31656488966113505,0.32539682539682535,,,0.31656488966113505,0.32539682539682535
1wp8C_5ejbC,ShallowMsa_001,20,0.302694467527889,0.30230414746543777,,,0.302694467527889,0.30230414746543777
1wp8C_5ejbC,ShallowMsa_002,12,0.3363415258576549,0.3492063492063492,,,0.3363415258576549,0.3492063492063492
1wp8C_5ejbC,ShallowMsa_003,10,0.328546365914787,0.3392857142857143,,,0.328546365914787,0.3392857142857143
1wp8C_5ejbC,ShallowMsa_004,10,0.29126984126984123,0.30158730158730157,,,0.29126984126984123,0.30158730158730157
1wp8C_5ejbC,ShallowMsa_005,10,0.3492063492063492,0.3571428571428571,,,0.3492063492063492,0.3571428571428571
1wp8C_5ejbC,ShallowMsa_006,10,0.3079365079365079,0.30952380952380953,,,0.3079365079365079,0.30952380952380953
1wp8C_5ejbC,ShallowMsa_007,10,0.2725088651873422,0.2660681759042415,,,0.2725088651873422,0.2660681759042415
1wp8C_5ejbC,ShallowMsa_008,9,0.3119047619047619,0.31746031746031744,,,0.3119047619047619,0.31746031746031744
1wp8C_5ejbC,ShallowMsa_009,9,0.3400352733686067,0.34285714285714286,,,0.3400352733686067,0.34285714285714286
1wp8C_5ejbC,ShallowMsa_010,9,0.2698769706134876,0.2698412698412698,,,0.2698769706134876,0.2698412698412698
1wp8C_5ejbC,ShallowMsa_011,9,0.400352733686067,0.3968253968253968,,,0.400352733686067,0.3968253968253968
1wp8C_5ejbC,ShallowMsa_012,9,0.30634920634920637,0.30158730158730157,,,0.30634920634920637,0.30158730158730157
1wp8C_5ejbC,ShallowMsa_013,9,0.3365079365079365,0.34285714285714286,,,0.3365079365079365,0.34285714285714286
1wp8C_5ejbC,ShallowMsa_014,9,0.3492063492063492,0.34285714285714286,,,0.3492063492063492,0.34285714285714286
1x0gD_1x0gA,ShallowMsa_000,2442,0.3039799163412635,0.3,,,0.3039799163412635,0.3
1x0gD_1x0gA,ShallowMsa_001,1838,0.31006536765116943,0.30600240096038417,,,0.31006536765116943,0.30600240096038417
1x0gD_1x0gA,ShallowMsa_002,1776,0.3118074887903953,0.3058823529411765,,,0.3118074887903953,0.3058823529411765
1x0gD_1x0gA,ShallowMsa_003,1259,0.3162057697637491,0.3106796116504854,,,0.3162057697637491,0.3106796116504854
1x0gD_1x0gA,ShallowMsa_004,1053,0.303274509481727,0.3010752688172043,,,0.303274509481727,0.3010752688172043
1x0gD_1x0gA,ShallowMsa_005,429,0.30089951354219574,0.29411764705882354,,,0.30089951354219574,0.29411764705882354
1x0gD_1x0gA,ShallowMsa_006,390,0.3189478329672555,0.3106796116504854,,,0.3189478329672555,0.3106796116504854
1x0gD_1x0gA,ShallowMsa_007,242,0.3112211231501111,0.2974510216979145,,,0.3112211231501111,0.2974510216979145
1x0gD_1x0gA,ShallowMsa_008,189,0.41808665681167345,0.422680412371134,,,0.41808665681167345,0.422680412371134
1x0gD_1x0gA,ShallowMsa_009,164,0.33466199870539115,0.3137254901960784,,,0.33466199870539115,0.3137254901960784
1x0gD_1x0gA,ShallowMsa_010,153,0.2998459547660752,0.29213483146067415,,,0.2998459547660752,0.29213483146067415
1x0gD_1x0gA,ShallowMsa_011,138,0.3093074667697974,0.30392156862745096,,,0.3093074667697974,0.30392156862745096
1x0gD_1x0gA,ShallowMsa_012,136,0.2794302010333587,0.2755102040816326,,,0.2794302010333587,0.2755102040816326
1x0gD_1x0gA,ShallowMsa_013,121,0.2926673628252892,0.29213483146067415,,,0.2926673628252892,0.29213483146067415
1x0gD_1x0gA,ShallowMsa_014,111,0.42037368610103937,0.42424242424242425,,,0.42037368610103937,0.42424242424242425
1x0gD_1x0gA,ShallowMsa_015,108,0.3133050403695907,0.2926898914905768,,,0.3133050403695907,0.2926898914905768
1x0gD_1x0gA,ShallowMsa_016,100,0.3075796972142226,0.29411764705882354,,,0.3075796972142226,0.29411764705882354
1x0gD_1x0gA,ShallowMsa_017,94,0.43256990919986865,0.42346141830677914,,,0.43256990919986865,0.42346141830677914
1x0gD_1x0gA,ShallowMsa_018,87,0.2995624604859812,0.29292929292929293,,,0.2995624604859812,0.29292929292929293
1x0gD_1x0gA,ShallowMsa_019,86,0.3375797863888245,0.3333333333333333,,,0.3375797863888245,0.3333333333333333
1x0gD_1x0gA,ShallowMsa_020,84,0.286207832981449,0.28421052631578947,,,0.286207832981449,0.28421052631578947
1x0gD_1x0gA,ShallowMsa_021,77,0.28539838306372667,0.2857142857142857,,,0.28539838306372667,0.2857142857142857
1x0gD_1x0gA,ShallowMsa_022,76,0.29285708358099727,0.2912621359223301,,,0.29285708358099727,0.2912621359223301
1x0gD_1x0gA,ShallowMsa_023,74,0.33823211097664874,0.32682787509520184,,,0.33823211097664874,0.32682787509520184
1x0gD_1x0gA,ShallowMsa_024,73,0.3337802162679314,0.3258426966292135,,,0.3337802162679314,0.3258426966292135
1x0gD_1x0gA,ShallowMsa_025,72,0.30882058489116065,0.30392156862745096,,,0.30882058489116065,0.30392156862745096
1x0gD_1x0gA,ShallowMsa_026,72,0.29758855764643743,0.29411764705882354,,,0.29758855764643743,0.29411764705882354
1x0gD_1x0gA,ShallowMsa_027,67,0.27188775879275545,0.26881720430107525,,,0.27188775879275545,0.26881720430107525
1x0gD_1x0gA,ShallowMsa_028,66,0.3433118900175241,0.3230591205554386,,,0.3433118900175241,0.3230591205554386
1x0gD_1x0gA,ShallowMsa_029,64,0.2887386892643157,0.2850140056022409,,,0.2887386892643157,0.2850140056022409
1x0gD_1x0gA,ShallowMsa_030,64,0.29386400960447223,0.2857142857142857,,,0.29386400960447223,0.2857142857142857
1x0gD_1x0gA,ShallowMsa_031,61,0.26121099436462675,0.26262626262626265,,,0.26121099436462675,0.26262626262626265
1x0gD_1x0gA,ShallowMsa_032,61,0.3370894836434283,0.3137254901960784,,,0.3370894836434283,0.3137254901960784
1x0gD_1x0gA,ShallowMsa_033,60,0.42928787712297806,0.43499349934993503,,,0.42928787712297806,0.43499349934993503
1x0gD_1x0gA,ShallowMsa_034,59,0.2831134802913224,0.2828282828282828,,,0.2831134802913224,0.2828282828282828
1x0gD_1x0gA,ShallowMsa_035,59,0.32805156327463664,0.32653061224489793,,,0.32805156327463664,0.32653061224489793
1x0gD_1x0gA,ShallowMsa_036,59,0.3231960992821058,0.32038834951456313,,,0.3231960992821058,0.32038834951456313
1x0gD_1x0gA,ShallowMsa_037,58,0.3029521621739849,0.30053763440860215,,,0.3029521621739849,0.30053763440860215
1x0gD_1x0gA,ShallowMsa_038,56,0.2898621438494218,0.28660714285714284,,,0.2898621438494218,0.28660714285714284
1x0gD_1x0gA,ShallowMsa_039,54,0.3159356889381676,0.3125,,,0.3159356889381676,0.3125
1x0gD_1x0gA,ShallowMsa_040,53,0.32067181331278527,0.3137254901960784,,,0.32067181331278527,0.3137254901960784
1x0gD_1x0gA,ShallowMsa_041,52,0.31772120847308855,0.3115898058252427,,,0.31772120847308855,0.3115898058252427
1x0gD_1x0gA,ShallowMsa_042,52,0.3160242674056104,0.3134284016636958,,,0.3160242674056104,0.3134284016636958
1x0gD_1x0gA,ShallowMsa_043,52,0.3194879203197588,0.30927835051546393,,,0.3194879203197588,0.30927835051546393
1x0gD_1x0gA,ShallowMsa_044,49,0.32175349626280575,0.2988505747126437,,,0.32175349626280575,0.2988505747126437
1x0gD_1x0gA,ShallowMsa_045,45,0.31195446250049536,0.30392156862745096,,,0.31195446250049536,0.30392156862745096
1x0gD_1x0gA,ShallowMsa_046,44,0.2906491105796524,0.2857142857142857,,,0.2906491105796524,0.2857142857142857
1x0gD_1x0gA,ShallowMsa_047,44,0.2921623937138716,0.2857142857142857,,,0.2921623937138716,0.2857142857142857
1x0gD_1x0gA,ShallowMsa_048,43,0.30911870445348955,0.3106796116504854,,,0.30911870445348955,0.3106796116504854
1x0gD_1x0gA,ShallowMsa_049,43,0.2973908573236379,0.30303030303030304,,,0.2973908573236379,0.30303030303030304
1x0gD_1x0gA,ShallowMsa_050,43,0.2853471183293749,0.2857142857142857,,,0.2853471183293749,0.2857142857142857
1x0gD_1x0gA,ShallowMsa_051,41,0.43077753135688757,0.43434343434343436,,,0.43077753135688757,0.43434343434343436
1x0gD_1x0gA,ShallowMsa_052,41,0.28820066503413017,0.28431372549019607,,,0.28820066503413017,0.28431372549019607
1x0gD_1x0gA,ShallowMsa_053,40,0.28679540974884843,0.28812260536398465,,,0.28679540974884843,0.28812260536398465
1x0gD_1x0gA,ShallowMsa_054,38,0.27091526142636324,0.27411873840445267,,,0.27091526142636324,0.27411873840445267
1x0gD_1x0gA,ShallowMsa_055,38,0.3203268158253155,0.3020527859237537,,,0.3203268158253155,0.3020527859237537
1x0gD_1x0gA,ShallowMsa_056,38,0.3171122574879856,0.30731150038080735,,,0.3171122574879856,0.30731150038080735
1x0gD_1x0gA,ShallowMsa_057,37,0.2988602252272827,0.30120481927710846,,,0.2988602252272827,0.30120481927710846
1x0gD_1x0gA,ShallowMsa_058,37,0.29326189032981115,0.29411764705882354,,,0.29326189032981115,0.29411764705882354
1x0gD_1x0gA,ShallowMsa_059,36,0.2986872403980402,0.2950180072028812,,,0.2986872403980402,0.2950180072028812
1x0gD_1x0gA,ShallowMsa_060,35,0.33394021545192104,0.32653061224489793,,,0.33394021545192104,0.32653061224489793
1x0gD_1x0gA,ShallowMsa_061,35,0.2798594325000545,0.2815533980582524,,,0.2798594325000545,0.2815533980582524
1x0gD_1x0gA,ShallowMsa_062,34,0.3160883237685042,0.31446039340776183,,,0.3160883237685042,0.31446039340776183
1x0gD_1x0gA,ShallowMsa_063,34,0.2912920003485349,0.2878571428571428,,,0.2912920003485349,0.2878571428571428
1x0gD_1x0gA,ShallowMsa_064,33,0.29181611834815924,0.29411764705882354,,,0.29181611834815924,0.29411764705882354
1x0gD_1x0gA,ShallowMsa_065,33,0.2818807004469093,0.28378378378378377,,,0.2818807004469093,0.28378378378378377
1x0gD_1x0gA,ShallowMsa_066,31,0.29393418095105706,0.2828282828282828,,,0.29393418095105706,0.2828282828282828
1x0gD_1x0gA,ShallowMsa_067,31,0.30407861739126313,0.30392156862745096,,,0.30407861739126313,0.30392156862745096
1x0gD_1x0gA,ShallowMsa_068,31,0.2967627213731938,0.2857142857142857,,,0.2967627213731938,0.2857142857142857
1x0gD_1x0gA,ShallowMsa_069,31,0.33660894631593125,0.31683168316831684,,,0.33660894631593125,0.31683168316831684
1x0gD_1x0gA,ShallowMsa_070,30,0.26792984762939936,0.26563178462874515,,,0.26792984762939936,0.26563178462874515
1x0gD_1x0gA,ShallowMsa_071,30,0.3008376428131917,0.2950180072028812,,,0.3008376428131917,0.2950180072028812
1x0gD_1x0gA,ShallowMsa_072,29,0.3439483166749224,0.33707865168539325,,,0.3439483166749224,0.33707865168539325
1x0gD_1x0gA,ShallowMsa_073,28,0.4018013294170659,0.40909090909090906,,,0.4018013294170659,0.40909090909090906
1x0gD_1x0gA,ShallowMsa_074,28,0.3038071927599774,0.3024462212069293,,,0.3038071927599774,0.3024462212069293
1x0gD_1x0gA,ShallowMsa_075,27,0.30099231659856784,0.3,,,0.30099231659856784,0.3
1x0gD_1x0gA,ShallowMsa_076,27,0.2995917914821152,0.29,,,0.2995917914821152,0.29
1x0gD_1x0gA,ShallowMsa_077,26,0.29021962697226716,0.28794691818381224,,,0.29021962697226716,0.28794691818381224
1x0gD_1x0gA,ShallowMsa_078,26,0.29166803679933817,0.2937206572769953,,,0.29166803679933817,0.2937206572769953
1x0gD_1x0gA,ShallowMsa_079,26,0.2954417700972872,0.2777891191180974,,,0.2954417700972872,0.2777891191180974
1x0gD_1x0gA,ShallowMsa_080,25,0.29583978288627,0.2916666666666667,,,0.29583978288627,0.2916666666666667
1x0gD_1x0gA,ShallowMsa_081,25,0.3149005385227134,0.3106796116504854,,,0.3149005385227134,0.3106796116504854
1x0gD_1x0gA,ShallowMsa_082,25,0.3385001340127661,0.32323232323232326,,,0.3385001340127661,0.32323232323232326
1x0gD_1x0gA,ShallowMsa_083,23,0.3066220828977434,0.30612244897959184,,,0.3066220828977434,0.30612244897959184
1x0gD_1x0gA,ShallowMsa_084,22,0.2720776647614989,0.26794918998527245,,,0.2720776647614989,0.26794918998527245
1x0gD_1x0gA,ShallowMsa_085,22,0.2905241786633841,0.2827396141676023,,,0.2905241786633841,0.2827396141676023
1x0gD_1x0gA,ShallowMsa_086,21,0.3576088564809191,0.33783783783783783,,,0.3576088564809191,0.33783783783783783
1x0gD_1x0gA,ShallowMsa_087,20,0.2896330078731721,0.2935234699940582,,,0.2896330078731721,0.2935234699940582
1x0gD_1x0gA,ShallowMsa_088,20,0.3294525638133622,0.3219588806396345,,,0.3294525638133622,0.3219588806396345
1x0gD_1x0gA,ShallowMsa_089,20,0.2968182555272972,0.2994743351886209,,,0.2968182555272972,0.2994743351886209
1x0gD_1x0gA,ShallowMsa_090,20,0.2899647913754033,0.29152354010911297,,,0.2899647913754033,0.29152354010911297
1x0gD_1x0gA,ShallowMsa_091,19,0.28190076773962247,0.27450980392156865,,,0.28190076773962247,0.27450980392156865
1x0gD_1x0gA,ShallowMsa_092,19,0.30491245310778015,0.30612244897959184,,,0.30491245310778015,0.30612244897959184
1x0gD_1x0gA,ShallowMsa_093,19,0.3360283167767035,0.3434343434343434,,,0.3360283167767035,0.3434343434343434
1x0gD_1x0gA,ShallowMsa_094,18,0.26705023988420107,0.26735395189003436,,,0.26705023988420107,0.26735395189003436
1x0gD_1x0gA,ShallowMsa_095,17,0.3724987923869577,0.3711340206185567,,,0.3724987923869577,0.3711340206185567
1x0gD_1x0gA,ShallowMsa_096,15,0.2749805057659788,0.2755102040816326,,,0.2749805057659788,0.2755102040816326
1x0gD_1x0gA,ShallowMsa_097,15,0.3157402001154158,0.32653061224489793,,,0.3157402001154158,0.32653061224489793
1x0gD_1x0gA,ShallowMsa_098,14,0.30345017907532046,0.29835164835164835,,,0.30345017907532046,0.29835164835164835
1x0gD_1x0gA,ShallowMsa_099,14,0.28904788270261356,0.28086956521739126,,,0.28904788270261356,0.28086956521739126
1xezA_3o44A,ShallowMsa_000,282,0.525105888556321,0.5325253843050751,,,0.525105888556321,0.5325253843050751
1xezA_3o44A,ShallowMsa_001,9,0.5453751212863541,0.5524475524475524,,,0.5453751212863541,0.5524475524475524
1xezA_3o44A,ShallowMsa_002,9,0.48880067480542333,0.49311926605504586,,,0.48880067480542333,0.49311926605504586
1xezA_3o44A,ShallowMsa_003,9,0.46710279241980146,0.4646924829157175,,,0.46710279241980146,0.4646924829157175
1xezA_3o44A,ShallowMsa_004,9,0.4325317592507871,0.42338709677419356,,,0.4325317592507871,0.42338709677419356
1xezA_3o44A,ShallowMsa_005,9,0.5271799892992616,0.5240274599542334,,,0.5271799892992616,0.5240274599542334
1xezA_3o44A,ShallowMsa_006,9,0.9289880227696838,0.989247311827957,,,0.9289880227696838,0.989247311827957
1xjuB_1xjtA,ShallowMsa_000,276,0.3213610937037644,0.3188405797101449,,,0.3213610937037644,0.3188405797101449
1xjuB_1xjtA,ShallowMsa_001,195,0.32488628625496374,0.32142857142857145,,,0.32488628625496374,0.32142857142857145
1xjuB_1xjtA,ShallowMsa_002,118,0.3342883126775176,0.33076923076923076,,,0.3342883126775176,0.33076923076923076
1xjuB_1xjtA,ShallowMsa_003,113,0.32190751691772246,0.32116788321167883,,,0.32190751691772246,0.32116788321167883
1xjuB_1xjtA,ShallowMsa_004,109,0.36952617543660843,0.3669064748201439,,,0.36952617543660843,0.3669064748201439
1xjuB_1xjtA,ShallowMsa_005,98,0.42598873717633295,0.42657342657342656,,,0.42598873717633295,0.42657342657342656
1xjuB_1xjtA,ShallowMsa_006,89,0.3231419429384193,0.32,,,0.3231419429384193,0.32
1xjuB_1xjtA,ShallowMsa_007,77,0.3789532432025003,0.3333333333333333,,,0.3789532432025003,0.3333333333333333
1xjuB_1xjtA,ShallowMsa_008,77,0.3284910663657254,0.3235294117647059,,,0.3284910663657254,0.3235294117647059
1xjuB_1xjtA,ShallowMsa_009,74,0.3742594863421613,0.37410071942446044,,,0.3742594863421613,0.37410071942446044
1xjuB_1xjtA,ShallowMsa_010,73,0.31916444721339027,0.3208955223880597,,,0.31916444721339027,0.3208955223880597
1xjuB_1xjtA,ShallowMsa_011,71,0.3789672363177119,0.37681159420289856,,,0.3789672363177119,0.37681159420289856
1xjuB_1xjtA,ShallowMsa_012,71,0.32208239897624724,0.3161764705882353,,,0.32208239897624724,0.3161764705882353
1xjuB_1xjtA,ShallowMsa_013,69,0.45654779250226973,0.4527027027027027,,,0.45654779250226973,0.4527027027027027
1xjuB_1xjtA,ShallowMsa_014,67,0.45961374011259354,0.46715328467153283,,,0.45961374011259354,0.46715328467153283
1xjuB_1xjtA,ShallowMsa_015,60,0.4619298095549041,0.46209988530914403,,,0.4619298095549041,0.46209988530914403
1xjuB_1xjtA,ShallowMsa_016,58,0.3597150029066783,0.35519242662099804,,,0.3597150029066783,0.35519242662099804
1xjuB_1xjtA,ShallowMsa_017,55,0.33174171287048615,0.3333333333333333,,,0.33174171287048615,0.3333333333333333
1xjuB_1xjtA,ShallowMsa_018,53,0.7710717871570046,0.7297297297297297,,,0.7710717871570046,0.7297297297297297
1xjuB_1xjtA,ShallowMsa_019,52,0.5352967916829068,0.5323741007194245,,,0.5352967916829068,0.5323741007194245
1xjuB_1xjtA,ShallowMsa_020,52,0.3663705948318289,0.3731817465735441,,,0.3663705948318289,0.3731817465735441
1xjuB_1xjtA,ShallowMsa_021,49,0.5651720542231491,0.5620437956204379,,,0.5651720542231491,0.5620437956204379
1xjuB_1xjtA,ShallowMsa_022,49,0.3487598149383523,0.34782608695652173,,,0.3487598149383523,0.34782608695652173
1xjuB_1xjtA,ShallowMsa_023,49,0.3371195200948155,0.3383458646616541,,,0.3371195200948155,0.3383458646616541
1xjuB_1xjtA,ShallowMsa_024,49,0.32595528383083977,0.3235294117647059,,,0.32595528383083977,0.3235294117647059
1xjuB_1xjtA,ShallowMsa_025,47,0.42132528887031195,0.4225352112676056,,,0.42132528887031195,0.4225352112676056
1xjuB_1xjtA,ShallowMsa_026,47,0.37322429027914533,0.37410071942446044,,,0.37322429027914533,0.37410071942446044
1xjuB_1xjtA,ShallowMsa_027,47,0.3723951453035163,0.37142857142857144,,,0.3723951453035163,0.37142857142857144
1xjuB_1xjtA,ShallowMsa_028,45,0.3167529063093427,0.32116788321167883,,,0.3167529063093427,0.32116788321167883
1xjuB_1xjtA,ShallowMsa_029,44,0.3091950694638543,0.312,,,0.3091950694638543,0.312
1xjuB_1xjtA,ShallowMsa_030,42,0.3837343145159788,0.39492753623188404,,,0.3837343145159788,0.39492753623188404
1xjuB_1xjtA,ShallowMsa_031,40,0.4597998115233727,0.4429530201342282,,,0.4597998115233727,0.4429530201342282
1xjuB_1xjtA,ShallowMsa_032,40,0.31198640552268797,0.3099673202614379,,,0.31198640552268797,0.3099673202614379
1xjuB_1xjtA,ShallowMsa_033,40,0.3468908911835888,0.3468453743053285,,,0.3468908911835888,0.3468453743053285
1xjuB_1xjtA,ShallowMsa_034,39,0.5282832579316518,0.5285714285714286,,,0.5282832579316518,0.5285714285714286
1xjuB_1xjtA,ShallowMsa_035,39,0.4566135537057902,0.45255474452554745,,,0.4566135537057902,0.45255474452554745
1xjuB_1xjtA,ShallowMsa_036,39,0.4858823149370096,0.4857142857142857,,,0.4858823149370096,0.4857142857142857
1xjuB_1xjtA,ShallowMsa_037,38,0.351775920180134,0.34814814814814815,,,0.351775920180134,0.34814814814814815
1xjuB_1xjtA,ShallowMsa_038,37,0.32543832838892045,0.3181818181818182,,,0.32543832838892045,0.3181818181818182
1xjuB_1xjtA,ShallowMsa_039,37,0.33132356292891163,0.32575757575757575,,,0.33132356292891163,0.32575757575757575
1xjuB_1xjtA,ShallowMsa_040,36,0.334333130531398,0.3333333333333333,,,0.334333130531398,0.3333333333333333
1xjuB_1xjtA,ShallowMsa_041,36,0.3970622011887855,0.39864864864864863,,,0.3970622011887855,0.39864864864864863
1xjuB_1xjtA,ShallowMsa_042,36,0.5368275897798616,0.5571428571428572,,,0.5368275897798616,0.5571428571428572
1xjuB_1xjtA,ShallowMsa_043,35,0.44742531550126374,0.43795620437956206,,,0.44742531550126374,0.43795620437956206
1xjuB_1xjtA,ShallowMsa_044,35,0.30724903819377664,0.3076923076923077,,,0.30724903819377664,0.3076923076923077
1xjuB_1xjtA,ShallowMsa_045,35,0.3212736444150381,0.3188405797101449,,,0.3212736444150381,0.3188405797101449
1xjuB_1xjtA,ShallowMsa_046,34,0.5337989745818335,0.5343029923886977,,,0.5337989745818335,0.5343029923886977
1xjuB_1xjtA,ShallowMsa_047,34,0.34492527851468774,0.33587786259541985,,,0.34492527851468774,0.33587786259541985
1xjuB_1xjtA,ShallowMsa_048,34,0.32254313453913397,0.32116788321167883,,,0.32254313453913397,0.32116788321167883
1xjuB_1xjtA,ShallowMsa_049,33,0.3262136043277751,0.3218390804597701,,,0.3262136043277751,0.3218390804597701
1xjuB_1xjtA,ShallowMsa_050,33,0.40158487445063135,0.40145985401459855,,,0.40158487445063135,0.40145985401459855
1xjuB_1xjtA,ShallowMsa_051,33,0.3390161062176119,0.34065934065934067,,,0.3390161062176119,0.34065934065934067
1xjuB_1xjtA,ShallowMsa_052,33,0.3148972844688478,0.3161764705882353,,,0.3148972844688478,0.3161764705882353
1xjuB_1xjtA,ShallowMsa_053,32,0.3275025930145747,0.31705137751303053,,,0.3275025930145747,0.31705137751303053
1xjuB_1xjtA,ShallowMsa_054,32,0.3101895745825256,0.3141743522178305,,,0.3101895745825256,0.3141743522178305
1xjuB_1xjtA,ShallowMsa_055,31,0.33078501710948316,0.32592592592592595,,,0.33078501710948316,0.32592592592592595
1xjuB_1xjtA,ShallowMsa_056,31,0.4299785322667197,0.4217687074829932,,,0.4299785322667197,0.4217687074829932
1xjuB_1xjtA,ShallowMsa_057,31,0.2881976495190106,0.2835820895522388,,,0.2881976495190106,0.2835820895522388
1xjuB_1xjtA,ShallowMsa_058,30,0.3201214170963126,0.3199316778347129,,,0.3201214170963126,0.3199316778347129
1xjuB_1xjtA,ShallowMsa_059,30,0.33119706359312573,0.3271965396052987,,,0.33119706359312573,0.3271965396052987
1xjuB_1xjtA,ShallowMsa_060,30,0.33380170484028593,0.3370008587376556,,,0.33380170484028593,0.3370008587376556
1xjuB_1xjtA,ShallowMsa_061,29,0.37250978827133197,0.37410071942446044,,,0.37250978827133197,0.37410071942446044
1xjuB_1xjtA,ShallowMsa_062,29,0.3370842055861077,0.3383458646616541,,,0.3370842055861077,0.3383458646616541
1xjuB_1xjtA,ShallowMsa_063,28,0.5058114203099419,0.5366682963687275,,,0.5058114203099419,0.5366682963687275
1xjuB_1xjtA,ShallowMsa_064,28,0.5291746426257727,0.5255474452554745,,,0.5291746426257727,0.5255474452554745
1xjuB_1xjtA,ShallowMsa_065,28,0.3985987387587269,0.39855072463768115,,,0.3985987387587269,0.39855072463768115
1xjuB_1xjtA,ShallowMsa_066,27,0.3994089772825799,0.39285714285714285,,,0.3994089772825799,0.39285714285714285
1xjuB_1xjtA,ShallowMsa_067,27,0.5568995641850033,0.5571428571428572,,,0.5568995641850033,0.5571428571428572
1xjuB_1xjtA,ShallowMsa_068,27,0.5578162282590414,0.5642857142857143,,,0.5578162282590414,0.5642857142857143
1xjuB_1xjtA,ShallowMsa_069,26,0.3545638285497076,0.37082766219456864,,,0.3545638285497076,0.37082766219456864
1xjuB_1xjtA,ShallowMsa_070,26,0.5097587657522022,0.5069444444444444,,,0.5097587657522022,0.5069444444444444
1xjuB_1xjtA,ShallowMsa_071,26,0.37685334972995166,0.37410071942446044,,,0.37685334972995166,0.37410071942446044
1xjuB_1xjtA,ShallowMsa_072,25,0.31182225911395917,0.3130434782608696,,,0.31182225911395917,0.3130434782608696
1xjuB_1xjtA,ShallowMsa_073,25,0.3710148076228581,0.37681159420289856,,,0.3710148076228581,0.37681159420289856
1xjuB_1xjtA,ShallowMsa_074,25,0.37892949503547557,0.381294964028777,,,0.37892949503547557,0.381294964028777
1xjuB_1xjtA,ShallowMsa_075,25,0.32984200325556307,0.32592592592592595,,,0.32984200325556307,0.32592592592592595
1xjuB_1xjtA,ShallowMsa_076,24,0.34954229064624265,0.3400132275132275,,,0.34954229064624265,0.3400132275132275
1xjuB_1xjtA,ShallowMsa_077,24,0.34129259772435505,0.34168632075471694,,,0.34129259772435505,0.34168632075471694
1xjuB_1xjtA,ShallowMsa_078,24,0.366763261642259,0.3636411721146726,,,0.366763261642259,0.3636411721146726
1xjuB_1xjtA,ShallowMsa_079,24,0.31028407322910284,0.3111111111111111,,,0.31028407322910284,0.3111111111111111
1xjuB_1xjtA,ShallowMsa_080,23,0.43654803368114775,0.4276315789473684,,,0.43654803368114775,0.4276315789473684
1xjuB_1xjtA,ShallowMsa_081,23,0.368951762751486,0.3656716417910448,,,0.368951762751486,0.3656716417910448
1xjuB_1xjtA,ShallowMsa_082,23,0.3184679610926219,0.3208955223880597,,,0.3184679610926219,0.3208955223880597
1xjuB_1xjtA,ShallowMsa_083,23,0.3357487491077183,0.34057971014492755,,,0.3357487491077183,0.34057971014492755
1xjuB_1xjtA,ShallowMsa_084,22,0.4795647474009257,0.4825396825396825,,,0.4795647474009257,0.4825396825396825
1xjuB_1xjtA,ShallowMsa_085,22,0.34103137554960844,0.3333333333333333,,,0.34103137554960844,0.3333333333333333
1xjuB_1xjtA,ShallowMsa_086,22,0.3210967825390441,0.3056980056980057,,,0.3210967825390441,0.3056980056980057
1xjuB_1xjtA,ShallowMsa_087,22,0.3260066162132367,0.32558139534883723,,,0.3260066162132367,0.32558139534883723
1xjuB_1xjtA,ShallowMsa_088,22,0.5104965125612582,0.47792207792207797,,,0.5104965125612582,0.47792207792207797
1xjuB_1xjtA,ShallowMsa_089,22,0.4326481198533886,0.4375,,,0.4326481198533886,0.4375
1xjuB_1xjtA,ShallowMsa_090,22,0.34796310211920894,0.3419316461172399,,,0.34796310211920894,0.3419316461172399
1xjuB_1xjtA,ShallowMsa_091,22,0.32489586142215543,0.32565089947698145,,,0.32489586142215543,0.32565089947698145
1xjuB_1xjtA,ShallowMsa_092,21,0.34113851387794586,0.3333333333333333,,,0.34113851387794586,0.3333333333333333
1xjuB_1xjtA,ShallowMsa_093,21,0.4857300397481883,0.4788732394366197,,,0.4857300397481883,0.4788732394366197
1xjuB_1xjtA,ShallowMsa_094,21,0.3882811542931696,0.38686131386861317,,,0.3882811542931696,0.38686131386861317
1xjuB_1xjtA,ShallowMsa_095,21,0.3178292132026941,0.31654676258992803,,,0.3178292132026941,0.31654676258992803
1xjuB_1xjtA,ShallowMsa_096,21,0.33219950760785527,0.3284671532846715,,,0.33219950760785527,0.3284671532846715
1xjuB_1xjtA,ShallowMsa_097,20,0.3404026965839252,0.33454987834549876,,,0.3404026965839252,0.33454987834549876
1xjuB_1xjtA,ShallowMsa_098,20,0.35614196793465636,0.34154143728611813,,,0.35614196793465636,0.34154143728611813
1xjuB_1xjtA,ShallowMsa_099,20,0.3684541533334028,0.36638006667836465,,,0.3684541533334028,0.36638006667836465
1xtgB_3j97M,ShallowMsa_000,1499,0.3025460704655882,0.2962962962962963,,,0.3025460704655882,0.2962962962962963
1xtgB_3j97M,ShallowMsa_001,595,0.3102175082670659,0.3050847457627119,,,0.3102175082670659,0.3050847457627119
1xtgB_3j97M,ShallowMsa_002,288,0.5972704455273676,0.603448275862069,,,0.5972704455273676,0.603448275862069
1xtgB_3j97M,ShallowMsa_003,302,0.5314815564063471,0.52778730703259,,,0.5314815564063471,0.52778730703259
1xtgB_3j97M,ShallowMsa_004,237,0.30899654182618375,0.3090909090909091,,,0.30899654182618375,0.3090909090909091
1xtgB_3j97M,ShallowMsa_005,217,0.4716056479281401,0.4827586206896552,,,0.4716056479281401,0.4827586206896552
1xtgB_3j97M,ShallowMsa_006,195,0.39419272759150437,0.43103448275862066,,,0.39419272759150437,0.43103448275862066
1xtgB_3j97M,ShallowMsa_007,159,0.907794583726114,0.9491525423728814,,,0.907794583726114,0.9491525423728814
1xtgB_3j97M,ShallowMsa_008,129,0.5706776515057531,0.5862068965517241,,,0.5706776515057531,0.5862068965517241
1xtgB_3j97M,ShallowMsa_009,155,0.48037298780406174,0.43103448275862066,,,0.48037298780406174,0.43103448275862066
1xtgB_3j97M,ShallowMsa_010,107,0.5321619198005887,0.5862068965517241,,,0.5321619198005887,0.5862068965517241
1xtgB_3j97M,ShallowMsa_011,145,0.37180207593957226,0.3793103448275862,,,0.37180207593957226,0.3793103448275862
1xtgB_3j97M,ShallowMsa_012,48,0.24683416792261612,0.25,,,0.24683416792261612,0.25
1xtgB_3j97M,ShallowMsa_013,91,0.2968581925050655,0.29310344827586204,,,0.2968581925050655,0.29310344827586204
1xtgB_3j97M,ShallowMsa_014,107,0.6257812667731719,0.6379310344827587,,,0.6257812667731719,0.6379310344827587
1xtgB_3j97M,ShallowMsa_015,114,0.3739276301868961,0.3728813559322034,,,0.3739276301868961,0.3728813559322034
1xtgB_3j97M,ShallowMsa_016,114,0.28221009599036173,0.2828137817883511,,,0.28221009599036173,0.2828137817883511
1xtgB_3j97M,ShallowMsa_017,107,0.5679116981022853,0.5689655172413793,,,0.5679116981022853,0.5689655172413793
1xtgB_3j97M,ShallowMsa_018,76,0.49538896019690665,0.5,,,0.49538896019690665,0.5
1xtgB_3j97M,ShallowMsa_019,105,0.28658333686593995,0.2807017543859649,,,0.28658333686593995,0.2807017543859649
1xtgB_3j97M,ShallowMsa_020,108,0.4014332749790957,0.4067796610169492,,,0.4014332749790957,0.4067796610169492
1xtgB_3j97M,ShallowMsa_021,108,0.33382939651915206,0.3275862068965517,,,0.33382939651915206,0.3275862068965517
1xtgB_3j97M,ShallowMsa_022,97,0.6649703343299137,0.6724137931034483,,,0.6649703343299137,0.6724137931034483
1xtgB_3j97M,ShallowMsa_023,101,0.5359946567970277,0.5344827586206896,,,0.5359946567970277,0.5344827586206896
1xtgB_3j97M,ShallowMsa_024,84,0.33122221090105064,0.3157894736842105,,,0.33122221090105064,0.3157894736842105
1xtgB_3j97M,ShallowMsa_025,98,0.301424446011597,0.2982456140350877,,,0.301424446011597,0.2982456140350877
1xtgB_3j97M,ShallowMsa_026,98,0.6878514019037743,0.7068965517241379,,,0.6878514019037743,0.7068965517241379
1xtgB_3j97M,ShallowMsa_027,79,0.2972891752563664,0.29310344827586204,,,0.2972891752563664,0.29310344827586204
1xtgB_3j97M,ShallowMsa_028,91,0.3681382906981972,0.3728813559322034,,,0.3681382906981972,0.3728813559322034
1xtgB_3j97M,ShallowMsa_029,85,0.31507293169395384,0.3103448275862069,,,0.31507293169395384,0.3103448275862069
1xtgB_3j97M,ShallowMsa_030,78,0.3204803850730701,0.32142857142857145,,,0.3204803850730701,0.32142857142857145
1xtgB_3j97M,ShallowMsa_031,90,0.29274724892388787,0.2946998722860792,,,0.29274724892388787,0.2946998722860792
1xtgB_3j97M,ShallowMsa_032,89,0.5899733682611321,0.603448275862069,,,0.5899733682611321,0.603448275862069
1xtgB_3j97M,ShallowMsa_033,55,0.4380056111733539,0.4482758620689655,,,0.4380056111733539,0.4482758620689655
1xtgB_3j97M,ShallowMsa_034,83,0.2897166982825792,0.2982456140350877,,,0.2897166982825792,0.2982456140350877
1xtgB_3j97M,ShallowMsa_035,85,0.3287930696896576,0.3333333333333333,,,0.3287930696896576,0.3333333333333333
1xtgB_3j97M,ShallowMsa_036,78,0.3774869851644931,0.40350877192982454,,,0.3774869851644931,0.40350877192982454
1xtgB_3j97M,ShallowMsa_037,76,0.6458775992863085,0.6737068965517241,,,0.6458775992863085,0.6737068965517241
1xtgB_3j97M,ShallowMsa_038,63,0.28299998733310466,0.2807017543859649,,,0.28299998733310466,0.2807017543859649
1xtgB_3j97M,ShallowMsa_039,76,0.6503681271431343,0.6724137931034483,,,0.6503681271431343,0.6724137931034483
1xtgB_3j97M,ShallowMsa_040,75,0.2916052349629983,0.2982456140350877,,,0.2916052349629983,0.2982456140350877
1xtgB_3j97M,ShallowMsa_041,74,0.37233978233401765,0.3728813559322034,,,0.37233978233401765,0.3728813559322034
1xtgB_3j97M,ShallowMsa_042,73,0.24385620523015328,0.23214285714285715,,,0.24385620523015328,0.23214285714285715
1xtgB_3j97M,ShallowMsa_043,71,0.29073170465851356,0.2962962962962963,,,0.29073170465851356,0.2962962962962963
1xtgB_3j97M,ShallowMsa_044,36,0.25054560251828706,0.2413793103448276,,,0.25054560251828706,0.2413793103448276
1xtgB_3j97M,ShallowMsa_045,70,0.24771178428576046,0.24561403508771928,,,0.24771178428576046,0.24561403508771928
1xtgB_3j97M,ShallowMsa_046,66,0.6598657064854887,0.6724137931034483,,,0.6598657064854887,0.6724137931034483
1xtgB_3j97M,ShallowMsa_047,66,0.29281759550263414,0.2832080200501253,,,0.29281759550263414,0.2832080200501253
1xtgB_3j97M,ShallowMsa_048,62,0.34255110473873424,0.35252192982456143,,,0.34255110473873424,0.35252192982456143
1xtgB_3j97M,ShallowMsa_049,61,0.2333704517012897,0.22807017543859648,,,0.2333704517012897,0.22807017543859648
1xtgB_3j97M,ShallowMsa_050,54,0.5162366397637254,0.5313923227065712,,,0.5162366397637254,0.5313923227065712
1xtgB_3j97M,ShallowMsa_051,31,0.3660653747348687,0.35294117647058826,,,0.3660653747348687,0.35294117647058826
1xtgB_3j97M,ShallowMsa_052,1,0.3275862068965517,0.3275862068965517,,,0.3275862068965517,0.3275862068965517
1xtgB_3j97M,ShallowMsa_053,63,0.2924623046107462,0.2982456140350877,,,0.2924623046107462,0.2982456140350877
1xtgB_3j97M,ShallowMsa_054,51,0.603395373109166,0.6551724137931034,,,0.603395373109166,0.6551724137931034
1xtgB_3j97M,ShallowMsa_055,41,0.5062963264166048,0.5,,,0.5062963264166048,0.5
1xtgB_3j97M,ShallowMsa_056,48,0.6191166915685171,0.6379310344827587,,,0.6191166915685171,0.6379310344827587
1xtgB_3j97M,ShallowMsa_057,59,0.2785653829735091,0.2857142857142857,,,0.2785653829735091,0.2857142857142857
1xtgB_3j97M,ShallowMsa_058,57,0.323104255486841,0.3148148148148148,,,0.323104255486841,0.3148148148148148
1xtgB_3j97M,ShallowMsa_059,58,0.27435775321326356,0.2768199233716475,,,0.27435775321326356,0.2768199233716475
1xtgB_3j97M,ShallowMsa_060,56,0.24793287831192565,0.25,,,0.24793287831192565,0.25
1xtgB_3j97M,ShallowMsa_061,56,0.5992415960271058,0.6206896551724138,,,0.5992415960271058,0.6206896551724138
1xtgB_3j97M,ShallowMsa_062,51,0.5328906829897138,0.5689655172413793,,,0.5328906829897138,0.5689655172413793
1xtgB_3j97M,ShallowMsa_063,56,0.697393824903967,0.7068965517241379,,,0.697393824903967,0.7068965517241379
1xtgB_3j97M,ShallowMsa_064,55,0.48543002131486185,0.46551724137931033,,,0.48543002131486185,0.46551724137931033
1xtgB_3j97M,ShallowMsa_065,54,0.23740514067299123,0.23235049833887045,,,0.23740514067299123,0.23235049833887045
1xtgB_3j97M,ShallowMsa_066,51,0.3119260832924432,0.3050847457627119,,,0.3119260832924432,0.3050847457627119
1xtgB_3j97M,ShallowMsa_067,51,0.5602129979198411,0.5689655172413793,,,0.5602129979198411,0.5689655172413793
1xtgB_3j97M,ShallowMsa_068,51,0.27120257263531367,0.25862068965517243,,,0.27120257263531367,0.25862068965517243
1xtgB_3j97M,ShallowMsa_069,49,0.2947970715743933,0.29310344827586204,,,0.2947970715743933,0.29310344827586204
1xtgB_3j97M,ShallowMsa_070,48,0.29299472107458185,0.29310344827586204,,,0.29299472107458185,0.29310344827586204
1xtgB_3j97M,ShallowMsa_071,47,0.2473166237440091,0.24561403508771928,,,0.2473166237440091,0.24561403508771928
1xtgB_3j97M,ShallowMsa_072,48,0.3038553365675524,0.30971786833855797,,,0.3038553365675524,0.30971786833855797
1xtgB_3j97M,ShallowMsa_073,47,0.29925051072288206,0.30357142857142855,,,0.29925051072288206,0.30357142857142855
1xtgB_3j97M,ShallowMsa_074,44,0.3149545155824565,0.31746920492721165,,,0.3149545155824565,0.31746920492721165
1xtgB_3j97M,ShallowMsa_075,27,0.45827263413470304,0.47368421052631576,,,0.45827263413470304,0.47368421052631576
1xtgB_3j97M,ShallowMsa_076,9,0.3415424909404957,0.3157894736842105,,,0.3415424909404957,0.3157894736842105
1xtgB_3j97M,ShallowMsa_077,42,0.45608619005139966,0.4576271186440678,,,0.45608619005139966,0.4576271186440678
1xtgB_3j97M,ShallowMsa_078,44,0.4255369516566198,0.4385451505016722,,,0.4255369516566198,0.4385451505016722
1xtgB_3j97M,ShallowMsa_079,41,0.2692853441424014,0.26785714285714285,,,0.2692853441424014,0.26785714285714285
1xtgB_3j97M,ShallowMsa_080,44,0.2770976905350358,0.2807017543859649,,,0.2770976905350358,0.2807017543859649
1xtgB_3j97M,ShallowMsa_081,43,0.28295094393812315,0.2857142857142857,,,0.28295094393812315,0.2857142857142857
1xtgB_3j97M,ShallowMsa_082,40,0.2721705045203059,0.2631578947368421,,,0.2721705045203059,0.2631578947368421
1xtgB_3j97M,ShallowMsa_083,42,0.5775213517198154,0.603448275862069,,,0.5775213517198154,0.603448275862069
1xtgB_3j97M,ShallowMsa_084,41,0.2722050605909222,0.26785714285714285,,,0.2722050605909222,0.26785714285714285
1xtgB_3j97M,ShallowMsa_085,41,0.38522370041990495,0.4067796610169492,,,0.38522370041990495,0.4067796610169492
1xtgB_3j97M,ShallowMsa_086,24,0.4603107824851123,0.4568965517241379,,,0.4603107824851123,0.4568965517241379
1xtgB_3j97M,ShallowMsa_087,40,0.31649288250351654,0.3148148148148148,,,0.31649288250351654,0.3148148148148148
1xtgB_3j97M,ShallowMsa_088,36,0.4416249208662244,0.43103448275862066,,,0.4416249208662244,0.43103448275862066
1xtgB_3j97M,ShallowMsa_089,37,0.26633552554605183,0.26785714285714285,,,0.26633552554605183,0.26785714285714285
1xtgB_3j97M,ShallowMsa_090,37,0.3376985135605825,0.3389830508474576,,,0.3376985135605825,0.3389830508474576
1xtgB_3j97M,ShallowMsa_091,36,0.25855493305978583,0.24561403508771928,,,0.25855493305978583,0.24561403508771928
1xtgB_3j97M,ShallowMsa_092,33,0.2297540873450681,0.21568627450980393,,,0.2297540873450681,0.21568627450980393
1xtgB_3j97M,ShallowMsa_093,33,0.2516509557130887,0.25,,,0.2516509557130887,0.25
1xtgB_3j97M,ShallowMsa_094,33,0.25623094171268135,0.25,,,0.25623094171268135,0.25
1xtgB_3j97M,ShallowMsa_095,33,0.39385642683193484,0.3898305084745763,,,0.39385642683193484,0.3898305084745763
1xtgB_3j97M,ShallowMsa_096,15,0.2299498746867168,0.22413793103448276,,,0.2299498746867168,0.22413793103448276
1xtgB_3j97M,ShallowMsa_097,28,0.2623854874380907,0.2631578947368421,,,0.2623854874380907,0.2631578947368421
1xtgB_3j97M,ShallowMsa_098,28,0.3896510709854707,0.40350877192982454,,,0.3896510709854707,0.40350877192982454
1xtgB_3j97M,ShallowMsa_099,27,0.29509144782436064,0.2982456140350877,,,0.29509144782436064,0.2982456140350877
1zk9A_3jv6A,ShallowMsa_000,165,0.3038433097764236,0.3018867924528302,,,0.3038433097764236,0.3018867924528302
1zk9A_3jv6A,ShallowMsa_001,164,0.49377681896645953,0.5216822429906542,,,0.49377681896645953,0.5216822429906542
1zk9A_3jv6A,ShallowMsa_002,145,0.2893050470945489,0.28846153846153844,,,0.2893050470945489,0.28846153846153844
1zk9A_3jv6A,ShallowMsa_003,143,0.3439341251824743,0.34615384615384615,,,0.3439341251824743,0.34615384615384615
1zk9A_3jv6A,ShallowMsa_004,132,0.4307287412278945,0.4485981308411215,,,0.4307287412278945,0.4485981308411215
1zk9A_3jv6A,ShallowMsa_005,123,0.2894391776297312,0.28125,,,0.2894391776297312,0.28125
1zk9A_3jv6A,ShallowMsa_006,116,0.47630260832534865,0.48885727833096254,,,0.47630260832534865,0.48885727833096254
1zk9A_3jv6A,ShallowMsa_007,115,0.31739295508883747,0.3173076923076923,,,0.31739295508883747,0.3173076923076923
1zk9A_3jv6A,ShallowMsa_008,113,0.6356900559383816,0.6831683168316832,,,0.6356900559383816,0.6831683168316832
1zk9A_3jv6A,ShallowMsa_009,112,0.4037475050668912,0.40678433535576397,,,0.4037475050668912,0.40678433535576397
1zk9A_3jv6A,ShallowMsa_010,103,0.40465419086056986,0.4020618556701031,,,0.40465419086056986,0.4020618556701031
1zk9A_3jv6A,ShallowMsa_011,94,0.4694679673360605,0.4672897196261682,,,0.4694679673360605,0.4672897196261682
1zk9A_3jv6A,ShallowMsa_012,93,0.4498835092368877,0.45544554455445546,,,0.4498835092368877,0.45544554455445546
1zk9A_3jv6A,ShallowMsa_013,92,0.41117804324761115,0.4243853630646084,,,0.41117804324761115,0.4243853630646084
1zk9A_3jv6A,ShallowMsa_014,89,0.560919200136801,0.5887850467289719,,,0.560919200136801,0.5887850467289719
1zk9A_3jv6A,ShallowMsa_015,88,0.5738724701765648,0.5734501347708895,,,0.5738724701765648,0.5734501347708895
1zk9A_3jv6A,ShallowMsa_016,82,0.33655650103215123,0.33980582524271846,,,0.33655650103215123,0.33980582524271846
1zk9A_3jv6A,ShallowMsa_017,81,0.2814888764176984,0.28,,,0.2814888764176984,0.28
1zk9A_3jv6A,ShallowMsa_018,79,0.5972619069437598,0.6,,,0.5972619069437598,0.6
1zk9A_3jv6A,ShallowMsa_019,74,0.5156559934904323,0.5168350168350169,,,0.5156559934904323,0.5168350168350169
1zk9A_3jv6A,ShallowMsa_020,74,0.4381439466591575,0.43801697282200025,,,0.4381439466591575,0.43801697282200025
1zk9A_3jv6A,ShallowMsa_021,73,0.5834027604768772,0.58,,,0.5834027604768772,0.58
1zk9A_3jv6A,ShallowMsa_022,73,0.46266073632409543,0.46464646464646464,,,0.46266073632409543,0.46464646464646464
1zk9A_3jv6A,ShallowMsa_023,68,0.3925569946414304,0.3941769316909295,,,0.3925569946414304,0.3941769316909295
1zk9A_3jv6A,ShallowMsa_024,67,0.4306694271414323,0.44761904761904764,,,0.4306694271414323,0.44761904761904764
1zk9A_3jv6A,ShallowMsa_025,67,0.4600404659638099,0.45794392523364486,,,0.4600404659638099,0.45794392523364486
1zk9A_3jv6A,ShallowMsa_026,65,0.547734108523508,0.5514018691588785,,,0.547734108523508,0.5514018691588785
1zk9A_3jv6A,ShallowMsa_027,65,0.46852215561196137,0.46153846153846156,,,0.46852215561196137,0.46153846153846156
1zk9A_3jv6A,ShallowMsa_028,63,0.37541122421705575,0.3711340206185567,,,0.37541122421705575,0.3711340206185567
1zk9A_3jv6A,ShallowMsa_029,62,0.3831955733526816,0.38999393571861735,,,0.3831955733526816,0.38999393571861735
1zk9A_3jv6A,ShallowMsa_030,62,0.4177484195559494,0.4158805031446541,,,0.4177484195559494,0.4158805031446541
1zk9A_3jv6A,ShallowMsa_031,60,0.2952406819740867,0.29269106155898605,,,0.2952406819740867,0.29269106155898605
1zk9A_3jv6A,ShallowMsa_032,58,0.6066595989946761,0.61,,,0.6066595989946761,0.61
1zk9A_3jv6A,ShallowMsa_033,58,0.4282246239877263,0.42857142857142855,,,0.4282246239877263,0.42857142857142855
1zk9A_3jv6A,ShallowMsa_034,57,0.5873556257068944,0.59,,,0.5873556257068944,0.59
1zk9A_3jv6A,ShallowMsa_035,56,0.5670372555089701,0.5783794199826573,,,0.5670372555089701,0.5783794199826573
1zk9A_3jv6A,ShallowMsa_036,55,0.3433423988952127,0.3157894736842105,,,0.3433423988952127,0.3157894736842105
1zk9A_3jv6A,ShallowMsa_037,55,0.4893725582160053,0.4897959183673469,,,0.4893725582160053,0.4897959183673469
1zk9A_3jv6A,ShallowMsa_038,54,0.4213082700597075,0.42857142857142855,,,0.4213082700597075,0.42857142857142855
1zk9A_3jv6A,ShallowMsa_039,51,0.49982043257564807,0.5185185185185185,,,0.49982043257564807,0.5185185185185185
1zk9A_3jv6A,ShallowMsa_040,50,0.3052048092248835,0.3020833333333333,,,0.3052048092248835,0.3020833333333333
1zk9A_3jv6A,ShallowMsa_041,49,0.7575399225889365,0.75,,,0.7575399225889365,0.75
1zk9A_3jv6A,ShallowMsa_042,49,0.4476764507510363,0.4444444444444444,,,0.4476764507510363,0.4444444444444444
1zk9A_3jv6A,ShallowMsa_043,49,0.4189977672236525,0.41836734693877553,,,0.4189977672236525,0.41836734693877553
1zk9A_3jv6A,ShallowMsa_044,48,0.32750150371965714,0.3269230769230769,,,0.32750150371965714,0.3269230769230769
1zk9A_3jv6A,ShallowMsa_045,48,0.41774894192106043,0.42287866772402855,,,0.41774894192106043,0.42287866772402855
1zk9A_3jv6A,ShallowMsa_046,47,0.45742830780069377,0.4857142857142857,,,0.45742830780069377,0.4857142857142857
1zk9A_3jv6A,ShallowMsa_047,47,0.4234178114943931,0.42592592592592593,,,0.4234178114943931,0.42592592592592593
1zk9A_3jv6A,ShallowMsa_048,44,0.32265385021621346,0.32133917396745937,,,0.32265385021621346,0.32133917396745937
1zk9A_3jv6A,ShallowMsa_049,44,0.4437617527325532,0.4392523364485981,,,0.4437617527325532,0.4392523364485981
1zk9A_3jv6A,ShallowMsa_050,44,0.4670311594023108,0.45918367346938777,,,0.4670311594023108,0.45918367346938777
1zk9A_3jv6A,ShallowMsa_051,43,0.3243395997566896,0.3229166666666667,,,0.3243395997566896,0.3229166666666667
1zk9A_3jv6A,ShallowMsa_052,43,0.36042677068622697,0.3684210526315789,,,0.36042677068622697,0.3684210526315789
1zk9A_3jv6A,ShallowMsa_053,42,0.462952691381252,0.4672897196261682,,,0.462952691381252,0.4672897196261682
1zk9A_3jv6A,ShallowMsa_054,41,0.44264474232933215,0.4482758620689655,,,0.44264474232933215,0.4482758620689655
1zk9A_3jv6A,ShallowMsa_055,40,0.5491526610313049,0.5507009345794392,,,0.5491526610313049,0.5507009345794392
1zk9A_3jv6A,ShallowMsa_056,40,0.3784923115817712,0.37797619047619047,,,0.3784923115817712,0.37797619047619047
1zk9A_3jv6A,ShallowMsa_057,39,0.33344291036598744,0.3333333333333333,,,0.33344291036598744,0.3333333333333333
1zk9A_3jv6A,ShallowMsa_058,39,0.2946522788613404,0.29591836734693877,,,0.2946522788613404,0.29591836734693877
1zk9A_3jv6A,ShallowMsa_059,39,0.4054910066414056,0.4056603773584906,,,0.4054910066414056,0.4056603773584906
1zk9A_3jv6A,ShallowMsa_060,38,0.2994292209843974,0.3,,,0.2994292209843974,0.3
1zk9A_3jv6A,ShallowMsa_061,38,0.4573699611682444,0.45397196261682243,,,0.4573699611682444,0.45397196261682243
1zk9A_3jv6A,ShallowMsa_062,38,0.39704919586911874,0.4194640473011635,,,0.39704919586911874,0.4194640473011635
1zk9A_3jv6A,ShallowMsa_063,38,0.40566415016344654,0.4069118213323065,,,0.40566415016344654,0.4069118213323065
1zk9A_3jv6A,ShallowMsa_064,37,0.38794792984324095,0.3925233644859813,,,0.38794792984324095,0.3925233644859813
1zk9A_3jv6A,ShallowMsa_065,35,0.3693778213983791,0.3488372093023256,,,0.3693778213983791,0.3488372093023256
1zk9A_3jv6A,ShallowMsa_066,35,0.31176442448272274,0.3076923076923077,,,0.31176442448272274,0.3076923076923077
1zk9A_3jv6A,ShallowMsa_067,35,0.3426753248932168,0.33962264150943394,,,0.3426753248932168,0.33962264150943394
1zk9A_3jv6A,ShallowMsa_068,35,0.5207371946344272,0.5188679245283019,,,0.5207371946344272,0.5188679245283019
1zk9A_3jv6A,ShallowMsa_069,34,0.4483480664272053,0.4519230769230769,,,0.4483480664272053,0.4519230769230769
1zk9A_3jv6A,ShallowMsa_070,33,0.29602994571393704,0.2980769230769231,,,0.29602994571393704,0.2980769230769231
1zk9A_3jv6A,ShallowMsa_071,33,0.4166948540386927,0.4095238095238095,,,0.4166948540386927,0.4095238095238095
1zk9A_3jv6A,ShallowMsa_072,33,0.2812895486960522,0.28,,,0.2812895486960522,0.28
1zk9A_3jv6A,ShallowMsa_073,32,0.5736115654103235,0.5744466800804828,,,0.5736115654103235,0.5744466800804828
1zk9A_3jv6A,ShallowMsa_074,32,0.4569317376940324,0.4485981308411215,,,0.4569317376940324,0.4485981308411215
1zk9A_3jv6A,ShallowMsa_075,32,0.4501472273043593,0.4577471765405191,,,0.4501472273043593,0.4577471765405191
1zk9A_3jv6A,ShallowMsa_076,31,0.41411520080302233,0.41304347826086957,,,0.41411520080302233,0.41304347826086957
1zk9A_3jv6A,ShallowMsa_077,31,0.5345584236806943,0.5327102803738317,,,0.5345584236806943,0.5327102803738317
1zk9A_3jv6A,ShallowMsa_078,30,0.29802910687283746,0.2978723404255319,,,0.29802910687283746,0.2978723404255319
1zk9A_3jv6A,ShallowMsa_079,30,0.287449232982793,0.2861226611226611,,,0.287449232982793,0.2861226611226611
1zk9A_3jv6A,ShallowMsa_080,30,0.29529833409210304,0.28654970760233917,,,0.29529833409210304,0.28654970760233917
1zk9A_3jv6A,ShallowMsa_081,30,0.6974975004963951,0.7014851485148514,,,0.6974975004963951,0.7014851485148514
1zk9A_3jv6A,ShallowMsa_082,29,0.3459872028183647,0.34375,,,0.3459872028183647,0.34375
1zk9A_3jv6A,ShallowMsa_083,29,0.5036243962702404,0.5046728971962616,,,0.5036243962702404,0.5046728971962616
1zk9A_3jv6A,ShallowMsa_084,29,0.5443460461106197,0.55,,,0.5443460461106197,0.55
1zk9A_3jv6A,ShallowMsa_085,29,0.4098158400674416,0.4095238095238095,,,0.4098158400674416,0.4095238095238095
1zk9A_3jv6A,ShallowMsa_086,29,0.3726247735678802,0.37362637362637363,,,0.3726247735678802,0.37362637362637363
1zk9A_3jv6A,ShallowMsa_087,28,0.3685770983853217,0.37048503611971106,,,0.3685770983853217,0.37048503611971106
1zk9A_3jv6A,ShallowMsa_088,27,0.6520835414137601,0.7428571428571429,,,0.6520835414137601,0.7428571428571429
1zk9A_3jv6A,ShallowMsa_089,27,0.40036320869330017,0.3977272727272727,,,0.40036320869330017,0.3977272727272727
1zk9A_3jv6A,ShallowMsa_090,26,0.6381164036117186,0.595,,,0.6381164036117186,0.595
1zk9A_3jv6A,ShallowMsa_091,26,0.31503236466569157,0.30808080808080807,,,0.31503236466569157,0.30808080808080807
1zk9A_3jv6A,ShallowMsa_092,26,0.3060854535016746,0.3055002488800398,,,0.3060854535016746,0.3055002488800398
1zk9A_3jv6A,ShallowMsa_093,26,0.36898785466023154,0.3694660194174757,,,0.36898785466023154,0.3694660194174757
1zk9A_3jv6A,ShallowMsa_094,26,0.5423307674644771,0.5420560747663551,,,0.5423307674644771,0.5420560747663551
1zk9A_3jv6A,ShallowMsa_095,26,0.4238868550867349,0.41836734693877553,,,0.4238868550867349,0.41836734693877553
1zk9A_3jv6A,ShallowMsa_096,25,0.3330685620326691,0.3333333333333333,,,0.3330685620326691,0.3333333333333333
1zk9A_3jv6A,ShallowMsa_097,25,0.4749371174113023,0.5858585858585859,,,0.4749371174113023,0.5858585858585859
1zk9A_3jv6A,ShallowMsa_098,23,0.3607862165938695,0.3469387755102041,,,0.3607862165938695,0.3469387755102041
2bzyB_2lqwA,ShallowMsa_000,159,0.6963765479860317,0.7142857142857143,,,0.6963765479860317,0.7142857142857143
2bzyB_2lqwA,ShallowMsa_001,102,0.5709076363669559,0.625200900032144,,,0.5709076363669559,0.625200900032144
2bzyB_2lqwA,ShallowMsa_002,25,0.2736324063408946,0.2631578947368421,,,0.2736324063408946,0.2631578947368421
2bzyB_2lqwA,ShallowMsa_003,8,0.4519878126689272,0.3333333333333333,,,0.4519878126689272,0.3333333333333333
2bzyB_2lqwA,ShallowMsa_004,4,0.31200396825396826,0.30952380952380953,,,0.31200396825396826,0.30952380952380953
2bzyB_2lqwA,ShallowMsa_006,9,0.376917921671016,0.288135593220339,,,0.376917921671016,0.288135593220339
2bzyB_2lqwA,ShallowMsa_007,63,0.9352789911439527,0.9523809523809523,,,0.9352789911439527,0.9523809523809523
2bzyB_2lqwA,ShallowMsa_008,2,0.5333333333333333,0.5333333333333333,,,0.5333333333333333,0.5333333333333333
2bzyB_2lqwA,ShallowMsa_009,1,0.36065573770491804,0.36065573770491804,,,0.36065573770491804,0.36065573770491804
2bzyB_2lqwA,ShallowMsa_010,10,0.7297619047619047,1.0,,,0.7297619047619047,1.0
2bzyB_2lqwA,ShallowMsa_011,55,0.6809524182145908,0.6721311475409836,,,0.6809524182145908,0.6721311475409836
2bzyB_2lqwA,ShallowMsa_012,50,0.5482409735716085,0.575187969924812,,,0.5482409735716085,0.575187969924812
2bzyB_2lqwA,ShallowMsa_013,3,0.31752873563218387,0.32142857142857145,,,0.31752873563218387,0.32142857142857145
2bzyB_2lqwA,ShallowMsa_014,49,0.2785155881043988,0.25862068965517243,,,0.2785155881043988,0.25862068965517243
2bzyB_2lqwA,ShallowMsa_015,26,0.3181289221978316,0.30158730158730157,,,0.3181289221978316,0.30158730158730157
2bzyB_2lqwA,ShallowMsa_016,15,0.519630946757197,0.6190476190476191,,,0.519630946757197,0.6190476190476191
2bzyB_2lqwA,ShallowMsa_018,11,0.26666252407879204,0.23214285714285715,,,0.26666252407879204,0.23214285714285715
2bzyB_2lqwA,ShallowMsa_019,2,0.625,0.625,,,0.625,0.625
2bzyB_2lqwA,ShallowMsa_021,1,1.0,1.0,,,1.0,1.0
2bzyB_2lqwA,ShallowMsa_022,7,0.3306645816419652,0.32786885245901637,,,0.3306645816419652,0.32786885245901637
2bzyB_2lqwA,ShallowMsa_023,29,0.6017812235626748,0.6984126984126984,,,0.6017812235626748,0.6984126984126984
2bzyB_2lqwA,ShallowMsa_025,56,0.9100202465999521,0.9206349206349206,,,0.9100202465999521,0.9206349206349206
2bzyB_2lqwA,ShallowMsa_026,35,0.4027898808546259,0.3968253968253968,,,0.4027898808546259,0.3968253968253968
2bzyB_2lqwA,ShallowMsa_027,22,0.40018347077113864,0.38596491228070173,,,0.40018347077113864,0.38596491228070173
2bzyB_2lqwA,ShallowMsa_029,2,0.5975609756097561,0.5975609756097561,,,0.5975609756097561,0.5975609756097561
2bzyB_2lqwA,ShallowMsa_030,3,0.27309074573225517,0.22641509433962265,,,0.27309074573225517,0.22641509433962265
2bzyB_2lqwA,ShallowMsa_032,6,0.29751259247244977,0.3033492822966507,,,0.29751259247244977,0.3033492822966507
2bzyB_2lqwA,ShallowMsa_033,1,0.4098360655737705,0.4098360655737705,,,0.4098360655737705,0.4098360655737705
2bzyB_2lqwA,ShallowMsa_034,2,0.6916666666666667,0.6916666666666667,,,0.6916666666666667,0.6916666666666667
2bzyB_2lqwA,ShallowMsa_035,41,0.6275554086975095,0.6190476190476191,,,0.6275554086975095,0.6190476190476191
2bzyB_2lqwA,ShallowMsa_036,1,0.5,0.5,,,0.5,0.5
2bzyB_2lqwA,ShallowMsa_037,41,0.6513496323536825,0.6666666666666666,,,0.6513496323536825,0.6666666666666666
2bzyB_2lqwA,ShallowMsa_038,15,0.24967844883329826,0.24561403508771928,,,0.24967844883329826,0.24561403508771928
2bzyB_2lqwA,ShallowMsa_040,4,0.4883474576271186,0.375,,,0.4883474576271186,0.375
2bzyB_2lqwA,ShallowMsa_041,1,0.75,0.75,,,0.75,0.75
2bzyB_2lqwA,ShallowMsa_042,38,0.6360998972343899,0.6341269841269841,,,0.6360998972343899,0.6341269841269841
2bzyB_2lqwA,ShallowMsa_043,38,0.7308127309799924,0.7301587301587301,,,0.7308127309799924,0.7301587301587301
2bzyB_2lqwA,ShallowMsa_044,1,0.3,0.3,,,0.3,0.3
2bzyB_2lqwA,ShallowMsa_046,6,0.39141523680997364,0.27496626180836703,,,0.39141523680997364,0.27496626180836703
2bzyB_2lqwA,ShallowMsa_047,1,0.29508196721311475,0.29508196721311475,,,0.29508196721311475,0.29508196721311475
2bzyB_2lqwA,ShallowMsa_048,6,0.5049081035923141,0.3182957393483709,,,0.5049081035923141,0.3182957393483709
2bzyB_2lqwA,ShallowMsa_050,8,0.4342154169360052,0.26785714285714285,,,0.4342154169360052,0.26785714285714285
2bzyB_2lqwA,ShallowMsa_051,32,0.576210704774295,0.5714285714285714,,,0.576210704774295,0.5714285714285714
2bzyB_2lqwA,ShallowMsa_052,32,0.6359140632843857,0.6528688524590164,,,0.6359140632843857,0.6528688524590164
2bzyB_2lqwA,ShallowMsa_055,12,0.358800473108379,0.3303571428571429,,,0.358800473108379,0.3303571428571429
2bzyB_2lqwA,ShallowMsa_057,23,0.7029417579048421,0.7142857142857143,,,0.7029417579048421,0.7142857142857143
2bzyB_2lqwA,ShallowMsa_058,3,0.31502925588947095,0.3148148148148148,,,0.31502925588947095,0.3148148148148148
2bzyB_2lqwA,ShallowMsa_059,1,0.3333333333333333,0.3333333333333333,,,0.3333333333333333,0.3333333333333333
2bzyB_2lqwA,ShallowMsa_060,31,0.6275148236238275,0.65,,,0.6275148236238275,0.65
2bzyB_2lqwA,ShallowMsa_061,20,0.37188015379507744,0.36998304126625214,,,0.37188015379507744,0.36998304126625214
2bzyB_2lqwA,ShallowMsa_062,7,0.4544771506824458,0.39344262295081966,,,0.4544771506824458,0.39344262295081966
2bzyB_2lqwA,ShallowMsa_064,3,0.5069444444444444,0.3333333333333333,,,0.5069444444444444,0.3333333333333333
2bzyB_2lqwA,ShallowMsa_066,10,0.5290849673202614,0.41666666666666663,,,0.5290849673202614,0.41666666666666663
2bzyB_2lqwA,ShallowMsa_068,5,0.4545787545787546,0.31746031746031744,,,0.4545787545787546,0.31746031746031744
2bzyB_2lqwA,ShallowMsa_072,15,0.6592754200416275,0.6721311475409836,,,0.6592754200416275,0.6721311475409836
2bzyB_2lqwA,ShallowMsa_074,19,0.4283758872380253,0.41935483870967744,,,0.4283758872380253,0.41935483870967744
2bzyB_2lqwA,ShallowMsa_075,12,0.6356845772544588,0.6029411764705883,,,0.6356845772544588,0.6029411764705883
2bzyB_2lqwA,ShallowMsa_076,1,0.5666666666666667,0.5666666666666667,,,0.5666666666666667,0.5666666666666667
2bzyB_2lqwA,ShallowMsa_078,1,0.2982456140350877,0.2982456140350877,,,0.2982456140350877,0.2982456140350877
2bzyB_2lqwA,ShallowMsa_079,4,0.4223913609159511,0.3333333333333333,,,0.4223913609159511,0.3333333333333333
2bzyB_2lqwA,ShallowMsa_080,15,0.7622259723954639,0.9047619047619048,,,0.7622259723954639,0.9047619047619048
2bzyB_2lqwA,ShallowMsa_081,10,0.7093892924401398,0.7063492063492063,,,0.7093892924401398,0.7063492063492063
2bzyB_2lqwA,ShallowMsa_082,5,0.2976405586750414,0.29310344827586204,,,0.2976405586750414,0.29310344827586204
2bzyB_2lqwA,ShallowMsa_083,12,0.672584238373712,0.7142857142857143,,,0.672584238373712,0.7142857142857143
2c1vB_2c1uC,ShallowMsa_000,2096,0.3819467867740581,0.38677601735586087,,,0.3819467867740581,0.38677601735586087
2c1vB_2c1uC,ShallowMsa_001,1470,0.3661637588644377,0.3579620239508038,,,0.3661637588644377,0.3579620239508038
2c1vB_2c1uC,ShallowMsa_002,1303,0.323374867066163,0.31958762886597936,,,0.323374867066163,0.31958762886597936
2c1vB_2c1uC,ShallowMsa_003,1081,0.41462476279683175,0.38333333333333336,,,0.41462476279683175,0.38333333333333336
2c1vB_2c1uC,ShallowMsa_004,732,0.3565230234917042,0.33671842863019336,,,0.3565230234917042,0.33671842863019336
2c1vB_2c1uC,ShallowMsa_005,649,0.37543395445538086,0.3736654804270463,,,0.37543395445538086,0.3736654804270463
2c1vB_2c1uC,ShallowMsa_006,636,0.4658096668071852,0.47048575527772085,,,0.4658096668071852,0.47048575527772085
2c1vB_2c1uC,ShallowMsa_007,607,0.4460748073461503,0.4489795918367347,,,0.4460748073461503,0.4489795918367347
2c1vB_2c1uC,ShallowMsa_008,603,0.3281064216080338,0.3262411347517731,,,0.3281064216080338,0.3262411347517731
2c1vB_2c1uC,ShallowMsa_009,595,0.35453361989321724,0.34843205574912894,,,0.35453361989321724,0.34843205574912894
2c1vB_2c1uC,ShallowMsa_010,562,0.4559690678603042,0.452170604502682,,,0.4559690678603042,0.452170604502682
2c1vB_2c1uC,ShallowMsa_011,548,0.4244806769549636,0.4360655737704918,,,0.4244806769549636,0.4360655737704918
2c1vB_2c1uC,ShallowMsa_012,533,0.32782716995322847,0.3275862068965517,,,0.32782716995322847,0.3275862068965517
2c1vB_2c1uC,ShallowMsa_013,524,0.35037012465805834,0.34582656141165546,,,0.35037012465805834,0.34582656141165546
2c1vB_2c1uC,ShallowMsa_014,521,0.31211948307157344,0.31135531135531136,,,0.31211948307157344,0.31135531135531136
2c1vB_2c1uC,ShallowMsa_015,438,0.3258238354146936,0.32241609458428677,,,0.3258238354146936,0.32241609458428677
2c1vB_2c1uC,ShallowMsa_016,436,0.6211607004212277,0.6277602523659306,,,0.6211607004212277,0.6277602523659306
2c1vB_2c1uC,ShallowMsa_017,420,0.33626677909637825,0.33450822215327336,,,0.33626677909637825,0.33450822215327336
2c1vB_2c1uC,ShallowMsa_018,414,0.3324200552936337,0.3310580204778157,,,0.3324200552936337,0.3310580204778157
2c1vB_2c1uC,ShallowMsa_019,393,0.4446167612121682,0.4444444444444444,,,0.4446167612121682,0.4444444444444444
2c1vB_2c1uC,ShallowMsa_020,364,0.30620879645728877,0.30434782608695654,,,0.30620879645728877,0.30434782608695654
2c1vB_2c1uC,ShallowMsa_021,364,0.42708323182621405,0.42961625885813615,,,0.42708323182621405,0.42961625885813615
2c1vB_2c1uC,ShallowMsa_022,357,0.41509125495449734,0.42105263157894735,,,0.41509125495449734,0.42105263157894735
2c1vB_2c1uC,ShallowMsa_023,341,0.3326117347552156,0.3322784810126582,,,0.3326117347552156,0.3322784810126582
2c1vB_2c1uC,ShallowMsa_024,337,0.46587206534865666,0.4651898734177215,,,0.46587206534865666,0.4651898734177215
2c1vB_2c1uC,ShallowMsa_025,327,0.30773395233747763,0.3064516129032258,,,0.30773395233747763,0.3064516129032258
2c1vB_2c1uC,ShallowMsa_026,325,0.3200028807695287,0.3183856502242152,,,0.3200028807695287,0.3183856502242152
2c1vB_2c1uC,ShallowMsa_027,300,0.3765422463870331,0.3660254208175885,,,0.3765422463870331,0.3660254208175885
2c1vB_2c1uC,ShallowMsa_028,298,0.31544807363283595,0.3129633697622055,,,0.31544807363283595,0.3129633697622055
2c1vB_2c1uC,ShallowMsa_029,284,0.3328389602748781,0.3311256099566862,,,0.3328389602748781,0.3311256099566862
2c1vB_2c1uC,ShallowMsa_030,284,0.30468917455615463,0.30292360221937686,,,0.30468917455615463,0.30292360221937686
2c1vB_2c1uC,ShallowMsa_031,282,0.3654564616600358,0.3646138132832772,,,0.3654564616600358,0.3646138132832772
2c1vB_2c1uC,ShallowMsa_032,280,0.3941278622255669,0.41093399750933995,,,0.3941278622255669,0.41093399750933995
2c1vB_2c1uC,ShallowMsa_033,279,0.46469152649138223,0.4642857142857143,,,0.46469152649138223,0.4642857142857143
2c1vB_2c1uC,ShallowMsa_034,275,0.3107685000315064,0.30927835051546393,,,0.3107685000315064,0.30927835051546393
2c1vB_2c1uC,ShallowMsa_035,274,0.45329692124286997,0.4558688524590164,,,0.45329692124286997,0.4558688524590164
2c1vB_2c1uC,ShallowMsa_036,268,0.31666400785186044,0.31560283687943264,,,0.31666400785186044,0.31560283687943264
2c1vB_2c1uC,ShallowMsa_037,261,0.5226739762319831,0.5299684542586751,,,0.5226739762319831,0.5299684542586751
2c1vB_2c1uC,ShallowMsa_038,251,0.5345063264465577,0.6065573770491803,,,0.5345063264465577,0.6065573770491803
2c1vB_2c1uC,ShallowMsa_039,250,0.33212475182505236,0.3306929761269881,,,0.33212475182505236,0.3306929761269881
2c1vB_2c1uC,ShallowMsa_040,248,0.3282438860040595,0.32641758494031226,,,0.3282438860040595,0.32641758494031226
2c1vB_2c1uC,ShallowMsa_041,248,0.6104967633502923,0.609375,,,0.6104967633502923,0.609375
2c1vB_2c1uC,ShallowMsa_042,247,0.3100695984652011,0.3096774193548387,,,0.3100695984652011,0.3096774193548387
2c1vB_2c1uC,ShallowMsa_043,244,0.4549745713788326,0.45751633986928103,,,0.4549745713788326,0.45751633986928103
2c1vB_2c1uC,ShallowMsa_044,241,0.36633741832808586,0.35906040268456374,,,0.36633741832808586,0.35906040268456374
2c1vB_2c1uC,ShallowMsa_045,232,0.3610738262113725,0.3593527456876088,,,0.3610738262113725,0.3593527456876088
2c1vB_2c1uC,ShallowMsa_046,229,0.43858096742087543,0.4402730375426621,,,0.43858096742087543,0.4402730375426621
2c1vB_2c1uC,ShallowMsa_047,227,0.4423443656732761,0.4444444444444444,,,0.4423443656732761,0.4444444444444444
2c1vB_2c1uC,ShallowMsa_048,226,0.30751709085467055,0.3046285996786553,,,0.30751709085467055,0.3046285996786553
2c1vB_2c1uC,ShallowMsa_049,221,0.3166524789229471,0.31560283687943264,,,0.3166524789229471,0.31560283687943264
2c1vB_2c1uC,ShallowMsa_050,221,0.43562364132129744,0.4417808219178082,,,0.43562364132129744,0.4417808219178082
2c1vB_2c1uC,ShallowMsa_051,220,0.38309709753219057,0.41145726583316256,,,0.38309709753219057,0.41145726583316256
2c1vB_2c1uC,ShallowMsa_052,215,0.458304553949962,0.4584717607973422,,,0.458304553949962,0.4584717607973422
2c1vB_2c1uC,ShallowMsa_053,214,0.28852170954576273,0.28633870730270905,,,0.28852170954576273,0.28633870730270905
2c1vB_2c1uC,ShallowMsa_054,211,0.4225792845365451,0.42333333333333334,,,0.4225792845365451,0.42333333333333334
2c1vB_2c1uC,ShallowMsa_055,208,0.29543666002035623,0.2939119703825586,,,0.29543666002035623,0.2939119703825586
2c1vB_2c1uC,ShallowMsa_056,203,0.3175332196192579,0.31851851851851853,,,0.3175332196192579,0.31851851851851853
2c1vB_2c1uC,ShallowMsa_057,190,0.3055732615832238,0.3055555555555556,,,0.3055732615832238,0.3055555555555556
2c1vB_2c1uC,ShallowMsa_058,180,0.3715617023660141,0.36572252819302387,,,0.3715617023660141,0.36572252819302387
2c1vB_2c1uC,ShallowMsa_059,178,0.435746805295611,0.434213517814804,,,0.435746805295611,0.434213517814804
2c1vB_2c1uC,ShallowMsa_060,177,0.4263355211403349,0.42805755395683454,,,0.4263355211403349,0.42805755395683454
2c1vB_2c1uC,ShallowMsa_061,175,0.6781147165092207,0.6820987654320988,,,0.6781147165092207,0.6820987654320988
2c1vB_2c1uC,ShallowMsa_062,175,0.37309108443389616,0.38144329896907214,,,0.37309108443389616,0.38144329896907214
2c1vB_2c1uC,ShallowMsa_063,174,0.38187635743990717,0.38119782507630423,,,0.38187635743990717,0.38119782507630423
2c1vB_2c1uC,ShallowMsa_064,172,0.389284440713309,0.3946033262803449,,,0.389284440713309,0.3946033262803449
2c1vB_2c1uC,ShallowMsa_065,168,0.3194146414723719,0.3165448075056616,,,0.3194146414723719,0.3165448075056616
2c1vB_2c1uC,ShallowMsa_066,167,0.33898552449258007,0.33793103448275863,,,0.33898552449258007,0.33793103448275863
2c1vB_2c1uC,ShallowMsa_067,165,0.46636081191005396,0.48089171974522293,,,0.46636081191005396,0.48089171974522293
2c1vB_2c1uC,ShallowMsa_068,165,0.31730969776764273,0.31399317406143346,,,0.31730969776764273,0.31399317406143346
2c1vB_2c1uC,ShallowMsa_069,164,0.3058447284343528,0.3060462991166616,,,0.3058447284343528,0.3060462991166616
2c1vB_2c1uC,ShallowMsa_070,161,0.3492178237460903,0.34210526315789475,,,0.3492178237460903,0.34210526315789475
2c1vB_2c1uC,ShallowMsa_071,161,0.316295095103022,0.31833910034602075,,,0.316295095103022,0.31833910034602075
2c1vB_2c1uC,ShallowMsa_072,158,0.3111703902657408,0.3090622239050865,,,0.3111703902657408,0.3090622239050865
2c1vB_2c1uC,ShallowMsa_073,157,0.32204469008754727,0.3193916349809886,,,0.32204469008754727,0.3193916349809886
2c1vB_2c1uC,ShallowMsa_074,157,0.6101281739704696,0.6144200626959248,,,0.6101281739704696,0.6144200626959248
2c1vB_2c1uC,ShallowMsa_075,147,0.3276904710328092,0.33003300330033003,,,0.3276904710328092,0.33003300330033003
2c1vB_2c1uC,ShallowMsa_076,146,0.3135039798330958,0.3103651987110634,,,0.3135039798330958,0.3103651987110634
2c1vB_2c1uC,ShallowMsa_077,145,0.333217742509663,0.3333333333333333,,,0.333217742509663,0.3333333333333333
2c1vB_2c1uC,ShallowMsa_078,141,0.4316596428297263,0.4367816091954023,,,0.4316596428297263,0.4367816091954023
2c1vB_2c1uC,ShallowMsa_079,139,0.397128668268824,0.4103448275862069,,,0.397128668268824,0.4103448275862069
2c1vB_2c1uC,ShallowMsa_080,136,0.46000416756273677,0.4633775341956759,,,0.46000416756273677,0.4633775341956759
2c1vB_2c1uC,ShallowMsa_081,135,0.34658912693153165,0.34146341463414637,,,0.34658912693153165,0.34146341463414637
2c1vB_2c1uC,ShallowMsa_082,133,0.43909304601383103,0.4411764705882353,,,0.43909304601383103,0.4411764705882353
2c1vB_2c1uC,ShallowMsa_083,131,0.44624393703525633,0.44666666666666666,,,0.44624393703525633,0.44666666666666666
2c1vB_2c1uC,ShallowMsa_084,122,0.4660298781856494,0.46779661016949153,,,0.4660298781856494,0.46779661016949153
2c1vB_2c1uC,ShallowMsa_085,121,0.41264625527211757,0.4166666666666667,,,0.41264625527211757,0.4166666666666667
2c1vB_2c1uC,ShallowMsa_086,115,0.4461352841981836,0.4574468085106383,,,0.4461352841981836,0.4574468085106383
2c1vB_2c1uC,ShallowMsa_087,107,0.3213781973233291,0.3222591362126246,,,0.3213781973233291,0.3222591362126246
2c1vB_2c1uC,ShallowMsa_088,104,0.4399051046074884,0.44046987495263357,,,0.4399051046074884,0.44046987495263357
2c1vB_2c1uC,ShallowMsa_089,100,0.5816083211608951,0.5936997797750134,,,0.5816083211608951,0.5936997797750134
2c1vB_2c1uC,ShallowMsa_090,88,0.3535995819264277,0.3503731343283582,,,0.3535995819264277,0.3503731343283582
2c1vB_2c1uC,ShallowMsa_091,85,0.3237433491184032,0.3250883392226148,,,0.3237433491184032,0.3250883392226148
2c1vB_2c1uC,ShallowMsa_092,84,0.41740380240505365,0.4222278225806452,,,0.41740380240505365,0.4222278225806452
2c1vB_2c1uC,ShallowMsa_093,82,0.41289270237777953,0.41336413951545525,,,0.41289270237777953,0.41336413951545525
2c1vB_2c1uC,ShallowMsa_094,82,0.6319584838706438,0.6386292834890965,,,0.6319584838706438,0.6386292834890965
2c1vB_2c1uC,ShallowMsa_095,80,0.3122115527535331,0.30652657102444936,,,0.3122115527535331,0.30652657102444936
2c1vB_2c1uC,ShallowMsa_096,77,0.3304587524349491,0.32269503546099293,,,0.3304587524349491,0.32269503546099293
2c1vB_2c1uC,ShallowMsa_097,77,0.3111379148599102,0.30847457627118646,,,0.3111379148599102,0.30847457627118646
2c1vB_2c1uC,ShallowMsa_098,64,0.4072792604951709,0.4205921774095285,,,0.4072792604951709,0.4205921774095285
2c1vB_2c1uC,ShallowMsa_099,62,0.31640846742835316,0.30893702407902857,,,0.31640846742835316,0.30893702407902857
2grmB_2axzA,ShallowMsa_000,24,0.6349770782286085,0.552536231884058,,,0.6349770782286085,0.552536231884058
2grmB_2axzA,ShallowMsa_001,15,0.3137468543791368,0.30344827586206896,,,0.3137468543791368,0.30344827586206896
2h44A_1rkpA,ShallowMsa_000,767,0.439254708782526,0.4702194357366771,,,0.439254708782526,0.4702194357366771
2h44A_1rkpA,ShallowMsa_001,644,0.28925223831731417,0.2857142857142857,,,0.28925223831731417,0.2857142857142857
2h44A_1rkpA,ShallowMsa_002,644,0.2886739707990876,0.2842457313853195,,,0.2886739707990876,0.2842457313853195
2h44A_1rkpA,ShallowMsa_003,444,0.2851197751311654,0.28211474993653207,,,0.2851197751311654,0.28211474993653207
2h44A_1rkpA,ShallowMsa_004,408,0.3837405152676452,0.3912357701275545,,,0.3837405152676452,0.3912357701275545
2h44A_1rkpA,ShallowMsa_005,381,0.2895173449714473,0.2876712328767123,,,0.2895173449714473,0.2876712328767123
2h44A_1rkpA,ShallowMsa_006,328,0.28726317608336804,0.28358570296681046,,,0.28726317608336804,0.28358570296681046
2h44A_1rkpA,ShallowMsa_007,319,0.36524123299101957,0.3686131386861314,,,0.36524123299101957,0.3686131386861314
2h44A_1rkpA,ShallowMsa_008,304,0.27492133798704044,0.27418981481481486,,,0.27492133798704044,0.27418981481481486
2h44A_1rkpA,ShallowMsa_009,292,0.2781906316330208,0.2791519434628975,,,0.2781906316330208,0.2791519434628975
2h44A_1rkpA,ShallowMsa_010,276,0.2883342867398877,0.2849372974496266,,,0.2883342867398877,0.2849372974496266
2h44A_1rkpA,ShallowMsa_011,268,0.2882062854211782,0.2865869557119976,,,0.2882062854211782,0.2865869557119976
2h44A_1rkpA,ShallowMsa_012,247,0.28773150389651087,0.2878787878787879,,,0.28773150389651087,0.2878787878787879
2h44A_1rkpA,ShallowMsa_013,242,0.2778365186715667,0.2769218180117834,,,0.2778365186715667,0.2769218180117834
2h44A_1rkpA,ShallowMsa_014,239,0.404491464741019,0.4098360655737705,,,0.404491464741019,0.4098360655737705
2h44A_1rkpA,ShallowMsa_015,229,0.2905314514918432,0.2911392405063291,,,0.2905314514918432,0.2911392405063291
2h44A_1rkpA,ShallowMsa_016,217,0.3782867307547915,0.37751004016064255,,,0.3782867307547915,0.37751004016064255
2h44A_1rkpA,ShallowMsa_017,215,0.27751810474716715,0.2768729641693811,,,0.27751810474716715,0.2768729641693811
2h44A_1rkpA,ShallowMsa_018,210,0.2805471827899265,0.27923114414524186,,,0.2805471827899265,0.27923114414524186
2h44A_1rkpA,ShallowMsa_019,206,0.37389527196596556,0.38409450262379985,,,0.37389527196596556,0.38409450262379985
2h44A_1rkpA,ShallowMsa_020,203,0.26977245955291734,0.2668918918918919,,,0.26977245955291734,0.2668918918918919
2h44A_1rkpA,ShallowMsa_021,201,0.29158063975058873,0.2876712328767123,,,0.29158063975058873,0.2876712328767123
2h44A_1rkpA,ShallowMsa_022,184,0.814002968023757,0.8299499552128364,,,0.814002968023757,0.8299499552128364
2h44A_1rkpA,ShallowMsa_023,179,0.2796604580852236,0.2789115646258503,,,0.2796604580852236,0.2789115646258503
2h44A_1rkpA,ShallowMsa_024,179,0.2766026867152809,0.27388535031847133,,,0.2766026867152809,0.27388535031847133
2h44A_1rkpA,ShallowMsa_025,176,0.2988651762062404,0.29154761904761906,,,0.2988651762062404,0.29154761904761906
2h44A_1rkpA,ShallowMsa_026,174,0.4590754098084925,0.46763322884012537,,,0.4590754098084925,0.46763322884012537
2h44A_1rkpA,ShallowMsa_027,172,0.3696677533073721,0.3718573224387178,,,0.3696677533073721,0.3718573224387178
2h44A_1rkpA,ShallowMsa_028,172,0.31258525518547964,0.31114753372167714,,,0.31258525518547964,0.31114753372167714
2h44A_1rkpA,ShallowMsa_029,172,0.2715792876334792,0.27086817168338906,,,0.2715792876334792,0.27086817168338906
2h44A_1rkpA,ShallowMsa_030,171,0.4008022264923195,0.4074074074074074,,,0.4008022264923195,0.4074074074074074
2h44A_1rkpA,ShallowMsa_031,171,0.5336141967099997,0.540625,,,0.5336141967099997,0.540625
2h44A_1rkpA,ShallowMsa_032,170,0.2815279011845317,0.278689523995318,,,0.2815279011845317,0.278689523995318
2h44A_1rkpA,ShallowMsa_033,169,0.4730363448934917,0.4950166112956811,,,0.4730363448934917,0.4950166112956811
2h44A_1rkpA,ShallowMsa_034,166,0.29215919577407634,0.28978078368706534,,,0.29215919577407634,0.28978078368706534
2h44A_1rkpA,ShallowMsa_035,164,0.7170794713785216,0.7467532467532467,,,0.7170794713785216,0.7467532467532467
2h44A_1rkpA,ShallowMsa_036,163,0.5427871401031754,0.5474683544303798,,,0.5427871401031754,0.5474683544303798
2h44A_1rkpA,ShallowMsa_037,163,0.2838055001118647,0.28222996515679444,,,0.2838055001118647,0.28222996515679444
2h44A_1rkpA,ShallowMsa_038,163,0.27815100370018564,0.27526132404181186,,,0.27815100370018564,0.27526132404181186
2h44A_1rkpA,ShallowMsa_039,161,0.28123544678615753,0.2793103448275862,,,0.28123544678615753,0.2793103448275862
2h44A_1rkpA,ShallowMsa_040,149,0.4062726824179219,0.40728476821192056,,,0.4062726824179219,0.40728476821192056
2h44A_1rkpA,ShallowMsa_041,148,0.28521892815889494,0.28742973030669605,,,0.28521892815889494,0.28742973030669605
2h44A_1rkpA,ShallowMsa_042,148,0.3145689228795091,0.3137562920171616,,,0.3145689228795091,0.3137562920171616
2h44A_1rkpA,ShallowMsa_043,146,0.514634477662237,0.5115174960436082,,,0.514634477662237,0.5115174960436082
2h44A_1rkpA,ShallowMsa_044,144,0.5334212521014915,0.5358866287948201,,,0.5334212521014915,0.5358866287948201
2h44A_1rkpA,ShallowMsa_045,144,0.3002500651833962,0.2956275774558528,,,0.3002500651833962,0.2956275774558528
2h44A_1rkpA,ShallowMsa_046,143,0.2926738380385262,0.2909090909090909,,,0.2926738380385262,0.2909090909090909
2h44A_1rkpA,ShallowMsa_047,141,0.25951899517108146,0.2578397212543554,,,0.25951899517108146,0.2578397212543554
2h44A_1rkpA,ShallowMsa_048,140,0.28671209165879724,0.287171751033635,,,0.28671209165879724,0.287171751033635
2h44A_1rkpA,ShallowMsa_049,139,0.3018762887138067,0.2962962962962963,,,0.3018762887138067,0.2962962962962963
2h44A_1rkpA,ShallowMsa_050,134,0.28474548151023615,0.2817540322580645,,,0.28474548151023615,0.2817540322580645
2h44A_1rkpA,ShallowMsa_051,130,0.28489352085632114,0.28187919463087246,,,0.28489352085632114,0.28187919463087246
2h44A_1rkpA,ShallowMsa_052,127,0.5505538177467292,0.5541795665634675,,,0.5505538177467292,0.5541795665634675
2h44A_1rkpA,ShallowMsa_053,127,0.2975065042663892,0.2945205479452055,,,0.2975065042663892,0.2945205479452055
2h44A_1rkpA,ShallowMsa_054,125,0.2957934688420064,0.28846153846153844,,,0.2957934688420064,0.28846153846153844
2h44A_1rkpA,ShallowMsa_055,123,0.286685705266514,0.2882882882882883,,,0.286685705266514,0.2882882882882883
2h44A_1rkpA,ShallowMsa_056,122,0.27423283571615237,0.27030784508440914,,,0.27423283571615237,0.27030784508440914
2h44A_1rkpA,ShallowMsa_057,121,0.27370890652785274,0.27424749163879597,,,0.27370890652785274,0.27424749163879597
2h44A_1rkpA,ShallowMsa_058,119,0.36042353420230205,0.3691275167785235,,,0.36042353420230205,0.3691275167785235
2h44A_1rkpA,ShallowMsa_059,116,0.33971327995912437,0.34338383838383835,,,0.33971327995912437,0.34338383838383835
2h44A_1rkpA,ShallowMsa_060,115,0.2797199412440222,0.2782258064516129,,,0.2797199412440222,0.2782258064516129
2h44A_1rkpA,ShallowMsa_061,111,0.2753494380005825,0.2751677852348993,,,0.2753494380005825,0.2751677852348993
2h44A_1rkpA,ShallowMsa_062,111,0.2789457192417678,0.27936507936507937,,,0.2789457192417678,0.27936507936507937
2h44A_1rkpA,ShallowMsa_063,110,0.36814025317855187,0.3793662923339314,,,0.36814025317855187,0.3793662923339314
2h44A_1rkpA,ShallowMsa_064,110,0.384152657163616,0.3857603368310253,,,0.384152657163616,0.3857603368310253
2h44A_1rkpA,ShallowMsa_065,110,0.2886598650829462,0.28316998128588194,,,0.2886598650829462,0.28316998128588194
2h44A_1rkpA,ShallowMsa_066,107,0.2891807889673798,0.28448275862068967,,,0.2891807889673798,0.28448275862068967
2h44A_1rkpA,ShallowMsa_067,107,0.2939418418173965,0.28888888888888886,,,0.2939418418173965,0.28888888888888886
2h44A_1rkpA,ShallowMsa_068,106,0.46287044954030193,0.47049452675178083,,,0.46287044954030193,0.47049452675178083
2h44A_1rkpA,ShallowMsa_069,106,0.3047476997278542,0.30236553983856784,,,0.3047476997278542,0.30236553983856784
2h44A_1rkpA,ShallowMsa_070,103,0.27861871009694344,0.2773972602739726,,,0.27861871009694344,0.2773972602739726
2h44A_1rkpA,ShallowMsa_071,103,0.441454279606258,0.44375,,,0.441454279606258,0.44375
2h44A_1rkpA,ShallowMsa_072,102,0.29970856326940487,0.29531754929763243,,,0.29970856326940487,0.29531754929763243
2h44A_1rkpA,ShallowMsa_073,101,0.5233043178594768,0.5316455696202531,,,0.5233043178594768,0.5316455696202531
2h44A_1rkpA,ShallowMsa_074,101,0.29987182895764725,0.29411764705882354,,,0.29987182895764725,0.29411764705882354
2h44A_1rkpA,ShallowMsa_075,100,0.2824102074341739,0.2811943950177936,,,0.2824102074341739,0.2811943950177936
2h44A_1rkpA,ShallowMsa_076,99,0.27528051005383636,0.27402135231316727,,,0.27528051005383636,0.27402135231316727
2h44A_1rkpA,ShallowMsa_077,98,0.39549429483785326,0.40381775143140386,,,0.39549429483785326,0.40381775143140386
2h44A_1rkpA,ShallowMsa_078,95,0.28773078252731454,0.28313253012048195,,,0.28773078252731454,0.28313253012048195
2h44A_1rkpA,ShallowMsa_079,94,0.2757450083724474,0.27722772277227725,,,0.2757450083724474,0.27722772277227725
2h44A_1rkpA,ShallowMsa_080,89,0.2894744494866717,0.2768166089965398,,,0.2894744494866717,0.2768166089965398
2h44A_1rkpA,ShallowMsa_081,87,0.3041888776994077,0.30303030303030304,,,0.3041888776994077,0.30303030303030304
2h44A_1rkpA,ShallowMsa_082,86,0.28186307880795824,0.28169014084507044,,,0.28186307880795824,0.28169014084507044
2h44A_1rkpA,ShallowMsa_083,85,0.43644525973315335,0.43359375,,,0.43644525973315335,0.43359375
2h44A_1rkpA,ShallowMsa_084,85,0.28477050915477964,0.2832764505119454,,,0.28477050915477964,0.2832764505119454
2h44A_1rkpA,ShallowMsa_085,78,0.2737060727099084,0.2745762711864407,,,0.2737060727099084,0.2745762711864407
2h44A_1rkpA,ShallowMsa_086,73,0.357935659946522,0.36271186440677966,,,0.357935659946522,0.36271186440677966
2h44A_1rkpA,ShallowMsa_087,72,0.30608270252058095,0.28520589730554147,,,0.30608270252058095,0.28520589730554147
2h44A_1rkpA,ShallowMsa_088,69,0.41192485525673433,0.4179566563467492,,,0.41192485525673433,0.4179566563467492
2h44A_1rkpA,ShallowMsa_089,63,0.28001955840540477,0.27816901408450706,,,0.28001955840540477,0.27816901408450706
2h44A_1rkpA,ShallowMsa_090,63,0.46566221453741213,0.5,,,0.46566221453741213,0.5
2h44A_1rkpA,ShallowMsa_091,62,0.28215796240996777,0.2821433010191399,,,0.28215796240996777,0.2821433010191399
2h44A_1rkpA,ShallowMsa_092,62,0.2838967668748425,0.2825237118687516,,,0.2838967668748425,0.2825237118687516
2h44A_1rkpA,ShallowMsa_093,62,0.30709721187212097,0.3057909174032307,,,0.30709721187212097,0.3057909174032307
2h44A_1rkpA,ShallowMsa_094,54,0.43914316547989685,0.44454647077610987,,,0.43914316547989685,0.44454647077610987
2h44A_1rkpA,ShallowMsa_095,51,0.28489975247762833,0.28169014084507044,,,0.28489975247762833,0.28169014084507044
2h44A_1rkpA,ShallowMsa_096,50,0.45811829194556597,0.49365432023617495,,,0.45811829194556597,0.49365432023617495
2h44A_1rkpA,ShallowMsa_097,44,0.3370608504890227,0.3296321006481128,,,0.3370608504890227,0.3296321006481128
2h44A_1rkpA,ShallowMsa_098,42,0.3625265490044483,0.3711254961254961,,,0.3625265490044483,0.3711254961254961
2h44A_1rkpA,ShallowMsa_099,35,0.2830475420066567,0.28421052631578947,,,0.2830475420066567,0.28421052631578947
2jmrA_4j3oF,ShallowMsa_000,287,0.3097936023942722,0.3088235294117647,,,0.3097936023942722,0.3088235294117647
2jmrA_4j3oF,ShallowMsa_001,274,0.3309101170574129,0.33112582781456956,,,0.3309101170574129,0.33112582781456956
2jmrA_4j3oF,ShallowMsa_002,252,0.31501620765031757,0.31154311756747133,,,0.31501620765031757,0.31154311756747133
2jmrA_4j3oF,ShallowMsa_003,176,0.3206869431006044,0.3194444444444444,,,0.3206869431006044,0.3194444444444444
2jmrA_4j3oF,ShallowMsa_004,162,0.319608061055866,0.3194444444444444,,,0.319608061055866,0.3194444444444444
2jmrA_4j3oF,ShallowMsa_005,152,0.3425834644578966,0.3422818791946309,,,0.3425834644578966,0.3422818791946309
2jmrA_4j3oF,ShallowMsa_006,147,0.31772329173577774,0.32051282051282054,,,0.31772329173577774,0.32051282051282054
2jmrA_4j3oF,ShallowMsa_007,135,0.32634162334566097,0.31724137931034485,,,0.32634162334566097,0.31724137931034485
2jmrA_4j3oF,ShallowMsa_008,129,0.305765383408504,0.30666666666666664,,,0.305765383408504,0.30666666666666664
2jmrA_4j3oF,ShallowMsa_009,123,0.5210828431867246,0.577922077922078,,,0.5210828431867246,0.577922077922078
2jmrA_4j3oF,ShallowMsa_010,110,0.33485597814103424,0.34,,,0.33485597814103424,0.34
2jmrA_4j3oF,ShallowMsa_011,109,0.3336487719392391,0.3355263157894737,,,0.3336487719392391,0.3355263157894737
2jmrA_4j3oF,ShallowMsa_012,106,0.34957229931447037,0.3494097322199827,,,0.34957229931447037,0.3494097322199827
2jmrA_4j3oF,ShallowMsa_013,100,0.5039720028629371,0.41216216216216217,,,0.5039720028629371,0.41216216216216217
2jmrA_4j3oF,ShallowMsa_014,99,0.3183493332243345,0.3197278911564626,,,0.3183493332243345,0.3197278911564626
2jmrA_4j3oF,ShallowMsa_015,98,0.38570254557104805,0.3380281690140845,,,0.38570254557104805,0.3380281690140845
2jmrA_4j3oF,ShallowMsa_016,96,0.35027600910187456,0.31972222222222224,,,0.35027600910187456,0.31972222222222224
2jmrA_4j3oF,ShallowMsa_017,89,0.3110008083516698,0.30985915492957744,,,0.3110008083516698,0.30985915492957744
2jmrA_4j3oF,ShallowMsa_018,87,0.32409584216647186,0.3219178082191781,,,0.32409584216647186,0.3219178082191781
2jmrA_4j3oF,ShallowMsa_019,86,0.32140813629201526,0.32450331125827814,,,0.32140813629201526,0.32450331125827814
2jmrA_4j3oF,ShallowMsa_020,85,0.33208979835625524,0.3288590604026846,,,0.33208979835625524,0.3288590604026846
2jmrA_4j3oF,ShallowMsa_021,83,0.29982782174275974,0.2972972972972973,,,0.29982782174275974,0.2972972972972973
2jmrA_4j3oF,ShallowMsa_022,81,0.34054524599628866,0.3422818791946309,,,0.34054524599628866,0.3422818791946309
2jmrA_4j3oF,ShallowMsa_023,79,0.3194265165159103,0.32116788321167883,,,0.3194265165159103,0.32116788321167883
2jmrA_4j3oF,ShallowMsa_024,71,0.3308169105655731,0.3310810810810811,,,0.3308169105655731,0.3310810810810811
2jmrA_4j3oF,ShallowMsa_025,71,0.32202290276303025,0.3221476510067114,,,0.32202290276303025,0.3221476510067114
2jmrA_4j3oF,ShallowMsa_026,70,0.3295441984676709,0.3235294117647059,,,0.3295441984676709,0.3235294117647059
2jmrA_4j3oF,ShallowMsa_027,69,0.30040811940494627,0.3006535947712418,,,0.30040811940494627,0.3006535947712418
2jmrA_4j3oF,ShallowMsa_028,69,0.3770666317839615,0.3767123287671233,,,0.3770666317839615,0.3767123287671233
2jmrA_4j3oF,ShallowMsa_029,69,0.34788410005447495,0.35135135135135137,,,0.34788410005447495,0.35135135135135137
2jmrA_4j3oF,ShallowMsa_030,67,0.3019658422965146,0.2945205479452055,,,0.3019658422965146,0.2945205479452055
2jmrA_4j3oF,ShallowMsa_031,67,0.3278629254543124,0.32666666666666666,,,0.3278629254543124,0.32666666666666666
2jmrA_4j3oF,ShallowMsa_032,65,0.31596043033584564,0.3197278911564626,,,0.31596043033584564,0.3197278911564626
2jmrA_4j3oF,ShallowMsa_033,63,0.3102239131068072,0.3108108108108108,,,0.3102239131068072,0.3108108108108108
2jmrA_4j3oF,ShallowMsa_034,63,0.3225373226407653,0.31543624161073824,,,0.3225373226407653,0.31543624161073824
2jmrA_4j3oF,ShallowMsa_035,62,0.32105361673151106,0.32,,,0.32105361673151106,0.32
2jmrA_4j3oF,ShallowMsa_036,62,0.3604247218913004,0.34563557763061076,,,0.3604247218913004,0.34563557763061076
2jmrA_4j3oF,ShallowMsa_037,61,0.31843651419886176,0.31690140845070425,,,0.31843651419886176,0.31690140845070425
2jmrA_4j3oF,ShallowMsa_038,61,0.32379274475926295,0.32450331125827814,,,0.32379274475926295,0.32450331125827814
2jmrA_4j3oF,ShallowMsa_039,61,0.35052633618162116,0.34868421052631576,,,0.35052633618162116,0.34868421052631576
2jmrA_4j3oF,ShallowMsa_040,61,0.29858327257661205,0.2971014492753623,,,0.29858327257661205,0.2971014492753623
2jmrA_4j3oF,ShallowMsa_041,60,0.31849701992470203,0.32,,,0.31849701992470203,0.32
2jmrA_4j3oF,ShallowMsa_042,59,0.3375253447373721,0.34868421052631576,,,0.3375253447373721,0.34868421052631576
2jmrA_4j3oF,ShallowMsa_043,58,0.29707654437131076,0.2980132450331126,,,0.29707654437131076,0.2980132450331126
2jmrA_4j3oF,ShallowMsa_044,58,0.31344045004489335,0.3116349988271171,,,0.31344045004489335,0.3116349988271171
2jmrA_4j3oF,ShallowMsa_045,58,0.31538328517478936,0.31690140845070425,,,0.31538328517478936,0.31690140845070425
2jmrA_4j3oF,ShallowMsa_046,57,0.3013330236076434,0.3,,,0.3013330236076434,0.3
2jmrA_4j3oF,ShallowMsa_047,56,0.3315627549097963,0.3333333333333333,,,0.3315627549097963,0.3333333333333333
2jmrA_4j3oF,ShallowMsa_048,56,0.33121401315038174,0.3310801552865951,,,0.33121401315038174,0.3310801552865951
2jmrA_4j3oF,ShallowMsa_049,55,0.3207953660196346,0.3237410071942446,,,0.3207953660196346,0.3237410071942446
2jmrA_4j3oF,ShallowMsa_050,52,0.3209595974049125,0.32511244377811094,,,0.3209595974049125,0.32511244377811094
2jmrA_4j3oF,ShallowMsa_051,52,0.3140118995649219,0.3108108108108108,,,0.3140118995649219,0.3108108108108108
2jmrA_4j3oF,ShallowMsa_052,52,0.283923575165069,0.28378378378378377,,,0.283923575165069,0.28378378378378377
2jmrA_4j3oF,ShallowMsa_053,51,0.33284674361689204,0.3333333333333333,,,0.33284674361689204,0.3333333333333333
2jmrA_4j3oF,ShallowMsa_054,50,0.32777773985764147,0.32653061224489793,,,0.32777773985764147,0.32653061224489793
2jmrA_4j3oF,ShallowMsa_055,50,0.3208240852349886,0.32103170279986926,,,0.3208240852349886,0.32103170279986926
2jmrA_4j3oF,ShallowMsa_056,49,0.34536985472361725,0.3469387755102041,,,0.34536985472361725,0.3469387755102041
2jmrA_4j3oF,ShallowMsa_057,49,0.3225152303559673,0.323943661971831,,,0.3225152303559673,0.323943661971831
2jmrA_4j3oF,ShallowMsa_058,48,0.30613645298582925,0.30718954248366015,,,0.30613645298582925,0.30718954248366015
2jmrA_4j3oF,ShallowMsa_059,47,0.34068390254394476,0.3373493975903614,,,0.34068390254394476,0.3373493975903614
2jmrA_4j3oF,ShallowMsa_060,47,0.3200392471465015,0.3194444444444444,,,0.3200392471465015,0.3194444444444444
2jmrA_4j3oF,ShallowMsa_061,47,0.3044087007308764,0.30405405405405406,,,0.3044087007308764,0.30405405405405406
2jmrA_4j3oF,ShallowMsa_062,46,0.31378533577166107,0.3157894736842105,,,0.31378533577166107,0.3157894736842105
2jmrA_4j3oF,ShallowMsa_063,46,0.3091816826163831,0.3087248322147651,,,0.3091816826163831,0.3087248322147651
2jmrA_4j3oF,ShallowMsa_064,46,0.3322504980626712,0.33112582781456956,,,0.3322504980626712,0.33112582781456956
2jmrA_4j3oF,ShallowMsa_065,46,0.33802611802350596,0.3333333333333333,,,0.33802611802350596,0.3333333333333333
2jmrA_4j3oF,ShallowMsa_066,45,0.32474164034347375,0.32894736842105265,,,0.32474164034347375,0.32894736842105265
2jmrA_4j3oF,ShallowMsa_067,45,0.3299839167640746,0.33557046979865773,,,0.3299839167640746,0.33557046979865773
2jmrA_4j3oF,ShallowMsa_068,44,0.3169885192634812,0.3157894736842105,,,0.3169885192634812,0.3157894736842105
2jmrA_4j3oF,ShallowMsa_069,44,0.3077757953554033,0.30612244897959184,,,0.3077757953554033,0.30612244897959184
2jmrA_4j3oF,ShallowMsa_070,43,0.3229511819191774,0.3197278911564626,,,0.3229511819191774,0.3197278911564626
2jmrA_4j3oF,ShallowMsa_071,42,0.2927283016733749,0.29333333333333333,,,0.2927283016733749,0.29333333333333333
2jmrA_4j3oF,ShallowMsa_072,42,0.3189563819878168,0.3177241811347772,,,0.3189563819878168,0.3177241811347772
2jmrA_4j3oF,ShallowMsa_073,41,0.3306690213696328,0.32867132867132864,,,0.3306690213696328,0.32867132867132864
2jmrA_4j3oF,ShallowMsa_074,41,0.32782023245852504,0.3288590604026846,,,0.32782023245852504,0.3288590604026846
2jmrA_4j3oF,ShallowMsa_075,39,0.2976727705203561,0.2953020134228188,,,0.2976727705203561,0.2953020134228188
2jmrA_4j3oF,ShallowMsa_076,39,0.34813870622062437,0.35135135135135137,,,0.34813870622062437,0.35135135135135137
2jmrA_4j3oF,ShallowMsa_077,39,0.6090534284780087,0.6688311688311688,,,0.6090534284780087,0.6688311688311688
2jmrA_4j3oF,ShallowMsa_078,37,0.32702434680429265,0.32666666666666666,,,0.32702434680429265,0.32666666666666666
2jmrA_4j3oF,ShallowMsa_079,37,0.3198351024609533,0.31756756756756754,,,0.3198351024609533,0.31756756756756754
2jmrA_4j3oF,ShallowMsa_080,36,0.3469615377176924,0.31365740740740744,,,0.3469615377176924,0.31365740740740744
2jmrA_4j3oF,ShallowMsa_081,36,0.3395109774220886,0.3333333333333333,,,0.3395109774220886,0.3333333333333333
2jmrA_4j3oF,ShallowMsa_082,36,0.34480818612204134,0.3423738163096442,,,0.34480818612204134,0.3423738163096442
2jmrA_4j3oF,ShallowMsa_083,35,0.29777268806900703,0.2972972972972973,,,0.29777268806900703,0.2972972972972973
2jmrA_4j3oF,ShallowMsa_084,33,0.5679432103291803,0.5723684210526315,,,0.5679432103291803,0.5723684210526315
2jmrA_4j3oF,ShallowMsa_085,32,0.32877138036946485,0.31114945978391356,,,0.32877138036946485,0.31114945978391356
2jmrA_4j3oF,ShallowMsa_086,32,0.3251278621353307,0.3355263157894737,,,0.3251278621353307,0.3355263157894737
2jmrA_4j3oF,ShallowMsa_087,32,0.3353415269519597,0.34,,,0.3353415269519597,0.34
2jmrA_4j3oF,ShallowMsa_088,32,0.2938343147146879,0.2946882951653944,,,0.2938343147146879,0.2946882951653944
2jmrA_4j3oF,ShallowMsa_089,31,0.305331541218638,0.3055555555555556,,,0.305331541218638,0.3055555555555556
2jmrA_4j3oF,ShallowMsa_090,31,0.33973070021714336,0.3356643356643357,,,0.33973070021714336,0.3356643356643357
2jmrA_4j3oF,ShallowMsa_091,31,0.3025281113018022,0.29508196721311475,,,0.3025281113018022,0.29508196721311475
2jmrA_4j3oF,ShallowMsa_092,30,0.32562140271148843,0.3310344827586207,,,0.32562140271148843,0.3310344827586207
2jmrA_4j3oF,ShallowMsa_093,30,0.31226797344813734,0.3129251700680272,,,0.31226797344813734,0.3129251700680272
2jmrA_4j3oF,ShallowMsa_094,30,0.326260289093537,0.32450331125827814,,,0.326260289093537,0.32450331125827814
2jmrA_4j3oF,ShallowMsa_095,29,0.33697939727739123,0.32954545454545453,,,0.33697939727739123,0.32954545454545453
2jmrA_4j3oF,ShallowMsa_096,29,0.31844787853804085,0.3150684931506849,,,0.31844787853804085,0.3150684931506849
2jmrA_4j3oF,ShallowMsa_097,28,0.30110233205271925,0.29931972789115646,,,0.30110233205271925,0.29931972789115646
2jmrA_4j3oF,ShallowMsa_098,28,0.2872883248268893,0.28852769177846577,,,0.2872883248268893,0.28852769177846577
2jmrA_4j3oF,ShallowMsa_099,28,0.3209044350208144,0.3194444444444444,,,0.3209044350208144,0.3194444444444444
2k42A_1ceeB,ShallowMsa_000,276,0.45555897412924934,0.4595081967213115,,,0.45555897412924934,0.4595081967213115
2k42A_1ceeB,ShallowMsa_001,171,0.28078942511315286,0.2765957446808511,,,0.28078942511315286,0.2765957446808511
2k42A_1ceeB,ShallowMsa_002,153,0.3895580622529228,0.38,,,0.3895580622529228,0.38
2k42A_1ceeB,ShallowMsa_003,142,0.3605015117237292,0.3717523493642897,,,0.3605015117237292,0.3717523493642897
2k42A_1ceeB,ShallowMsa_004,114,0.48400406902442167,0.4897959183673469,,,0.48400406902442167,0.4897959183673469
2k42A_1ceeB,ShallowMsa_005,112,0.32382923641763217,0.31400560224089635,,,0.32382923641763217,0.31400560224089635
2k42A_1ceeB,ShallowMsa_006,110,0.2690137621612415,0.26666666666666666,,,0.2690137621612415,0.26666666666666666
2k42A_1ceeB,ShallowMsa_007,109,0.6466594439920049,0.6615384615384615,,,0.6466594439920049,0.6615384615384615
2k42A_1ceeB,ShallowMsa_008,108,0.27180086882549664,0.26666666666666666,,,0.27180086882549664,0.26666666666666666
2k42A_1ceeB,ShallowMsa_009,108,0.4428370774877371,0.46,,,0.4428370774877371,0.46
2k42A_1ceeB,ShallowMsa_010,106,0.2786093065804371,0.2777777777777778,,,0.2786093065804371,0.2777777777777778
2k42A_1ceeB,ShallowMsa_011,101,0.3494582711422556,0.3488372093023256,,,0.3494582711422556,0.3488372093023256
2k42A_1ceeB,ShallowMsa_012,96,0.4638130819359552,0.4844812925170068,,,0.4638130819359552,0.4844812925170068
2k42A_1ceeB,ShallowMsa_013,95,0.652448455530116,0.72,,,0.652448455530116,0.72
2k42A_1ceeB,ShallowMsa_014,91,0.33229440803771676,0.3225806451612903,,,0.33229440803771676,0.3225806451612903
2k42A_1ceeB,ShallowMsa_015,91,0.28172800279959714,0.2826086956521739,,,0.28172800279959714,0.2826086956521739
2k42A_1ceeB,ShallowMsa_016,85,0.8938572619325488,0.92,,,0.8938572619325488,0.92
2k42A_1ceeB,ShallowMsa_017,82,0.34160587129739967,0.3438423645320197,,,0.34160587129739967,0.3438423645320197
2k42A_1ceeB,ShallowMsa_018,82,0.3525927416162834,0.35599078341013823,,,0.3525927416162834,0.35599078341013823
2k42A_1ceeB,ShallowMsa_019,81,0.2941026838738144,0.2903225806451613,,,0.2941026838738144,0.2903225806451613
2k42A_1ceeB,ShallowMsa_020,79,0.3226478448608304,0.3191489361702128,,,0.3226478448608304,0.3191489361702128
2k42A_1ceeB,ShallowMsa_021,78,0.29757525600327694,0.3021739130434783,,,0.29757525600327694,0.3021739130434783
2k42A_1ceeB,ShallowMsa_022,74,0.24592267158307696,0.24764150943396226,,,0.24592267158307696,0.24764150943396226
2k42A_1ceeB,ShallowMsa_023,73,0.3985074742972066,0.4,,,0.3985074742972066,0.4
2k42A_1ceeB,ShallowMsa_024,72,0.6827135740315773,0.68,,,0.6827135740315773,0.68
2k42A_1ceeB,ShallowMsa_025,72,0.6769752452931423,0.6818181818181818,,,0.6769752452931423,0.6818181818181818
2k42A_1ceeB,ShallowMsa_026,70,0.3210591424778041,0.32705840957072485,,,0.3210591424778041,0.32705840957072485
2k42A_1ceeB,ShallowMsa_027,69,0.3749682399194173,0.38095238095238093,,,0.3749682399194173,0.38095238095238093
2k42A_1ceeB,ShallowMsa_028,69,0.46789533202514066,0.4857142857142857,,,0.46789533202514066,0.4857142857142857
2k42A_1ceeB,ShallowMsa_029,67,0.3967438070339121,0.40476190476190477,,,0.3967438070339121,0.40476190476190477
2k42A_1ceeB,ShallowMsa_030,67,0.25757409265191544,0.2608695652173913,,,0.25757409265191544,0.2608695652173913
2k42A_1ceeB,ShallowMsa_031,66,0.35074953553352006,0.34632683658170915,,,0.35074953553352006,0.34632683658170915
2k42A_1ceeB,ShallowMsa_032,65,0.25691878164745124,0.2608695652173913,,,0.25691878164745124,0.2608695652173913
2k42A_1ceeB,ShallowMsa_033,64,0.31410344901963955,0.3126984126984127,,,0.31410344901963955,0.3126984126984127
2k42A_1ceeB,ShallowMsa_034,64,0.3845876979286948,0.3829787234042553,,,0.3845876979286948,0.3829787234042553
2k42A_1ceeB,ShallowMsa_035,61,0.5654275932745735,0.6307692307692307,,,0.5654275932745735,0.6307692307692307
2k42A_1ceeB,ShallowMsa_036,59,0.25959430263298944,0.25,,,0.25959430263298944,0.25
2k42A_1ceeB,ShallowMsa_037,57,0.3331846769331184,0.3333333333333333,,,0.3331846769331184,0.3333333333333333
2k42A_1ceeB,ShallowMsa_038,55,0.3490258650161639,0.3389830508474576,,,0.3490258650161639,0.3389830508474576
2k42A_1ceeB,ShallowMsa_039,55,0.645165200232035,0.6461538461538462,,,0.645165200232035,0.6461538461538462
2k42A_1ceeB,ShallowMsa_040,55,0.7205925431617132,0.7361111111111112,,,0.7205925431617132,0.7361111111111112
2k42A_1ceeB,ShallowMsa_041,54,0.27145390271087666,0.2708333333333333,,,0.27145390271087666,0.2708333333333333
2k42A_1ceeB,ShallowMsa_042,53,0.2725605193305015,0.2777777777777778,,,0.2725605193305015,0.2777777777777778
2k42A_1ceeB,ShallowMsa_043,53,0.5781429095747941,0.6527777777777778,,,0.5781429095747941,0.6527777777777778
2k42A_1ceeB,ShallowMsa_044,52,0.2829458549108227,0.2857142857142857,,,0.2829458549108227,0.2857142857142857
2k42A_1ceeB,ShallowMsa_045,52,0.34595652737343546,0.3647450110864745,,,0.34595652737343546,0.3647450110864745
2k42A_1ceeB,ShallowMsa_046,52,0.44432447795274693,0.445078031212485,,,0.44432447795274693,0.445078031212485
2k42A_1ceeB,ShallowMsa_047,49,0.2818800897148443,0.2727272727272727,,,0.2818800897148443,0.2727272727272727
2k42A_1ceeB,ShallowMsa_048,47,0.4985788588385955,0.5217391304347826,,,0.4985788588385955,0.5217391304347826
2k42A_1ceeB,ShallowMsa_049,47,0.4888673226611095,0.5102040816326531,,,0.4888673226611095,0.5102040816326531
2k42A_1ceeB,ShallowMsa_050,46,0.356118646434089,0.3535230822631031,,,0.356118646434089,0.3535230822631031
2k42A_1ceeB,ShallowMsa_051,46,0.28870134871539954,0.2926829268292683,,,0.28870134871539954,0.2926829268292683
2k42A_1ceeB,ShallowMsa_052,45,0.3387798519428483,0.3333333333333333,,,0.3387798519428483,0.3333333333333333
2k42A_1ceeB,ShallowMsa_053,45,0.4806027952625369,0.3673469387755102,,,0.4806027952625369,0.3673469387755102
2k42A_1ceeB,ShallowMsa_054,42,0.3648453618695623,0.38461538461538464,,,0.3648453618695623,0.38461538461538464
2k42A_1ceeB,ShallowMsa_055,42,0.36930106575968946,0.3771551724137931,,,0.36930106575968946,0.3771551724137931
2k42A_1ceeB,ShallowMsa_056,42,0.7592959864883111,0.778888888888889,,,0.7592959864883111,0.778888888888889
2k42A_1ceeB,ShallowMsa_057,40,0.25107092746769505,0.24444444444444444,,,0.25107092746769505,0.24444444444444444
2k42A_1ceeB,ShallowMsa_058,40,0.23333345350238638,0.22916666666666666,,,0.23333345350238638,0.22916666666666666
2k42A_1ceeB,ShallowMsa_059,40,0.40683482412184124,0.42,,,0.40683482412184124,0.42
2k42A_1ceeB,ShallowMsa_060,40,0.37450943014690885,0.3668737060041408,,,0.37450943014690885,0.3668737060041408
2k42A_1ceeB,ShallowMsa_061,39,0.2589178760536376,0.25,,,0.2589178760536376,0.25
2k42A_1ceeB,ShallowMsa_062,39,0.2864154936709662,0.2903225806451613,,,0.2864154936709662,0.2903225806451613
2k42A_1ceeB,ShallowMsa_063,38,0.6320085212734616,0.66,,,0.6320085212734616,0.66
2k42A_1ceeB,ShallowMsa_064,37,0.5028622037274826,0.4791666666666667,,,0.5028622037274826,0.4791666666666667
2k42A_1ceeB,ShallowMsa_065,37,0.26543897906184266,0.26666666666666666,,,0.26543897906184266,0.26666666666666666
2k42A_1ceeB,ShallowMsa_066,36,0.42258380765325204,0.45161290322580644,,,0.42258380765325204,0.45161290322580644
2k42A_1ceeB,ShallowMsa_067,36,0.242600294398603,0.23658649398704903,,,0.242600294398603,0.23658649398704903
2k42A_1ceeB,ShallowMsa_068,36,0.6424175674614194,0.66,,,0.6424175674614194,0.66
2k42A_1ceeB,ShallowMsa_069,35,0.341390812056086,0.3404255319148936,,,0.341390812056086,0.3404255319148936
2k42A_1ceeB,ShallowMsa_070,35,0.3323202709679748,0.3225806451612903,,,0.3323202709679748,0.3225806451612903
2k42A_1ceeB,ShallowMsa_071,35,0.336165130529347,0.34285714285714286,,,0.336165130529347,0.34285714285714286
2k42A_1ceeB,ShallowMsa_072,35,0.253557093961726,0.22916666666666666,,,0.253557093961726,0.22916666666666666
2k42A_1ceeB,ShallowMsa_073,34,0.42450119936933306,0.4075471698113208,,,0.42450119936933306,0.4075471698113208
2k42A_1ceeB,ShallowMsa_074,34,0.6516607973803661,0.6666666666666666,,,0.6516607973803661,0.6666666666666666
2k42A_1ceeB,ShallowMsa_075,33,0.2541950353748565,0.2558139534883721,,,0.2541950353748565,0.2558139534883721
2k42A_1ceeB,ShallowMsa_076,33,0.29267115571015084,0.2962962962962963,,,0.29267115571015084,0.2962962962962963
2k42A_1ceeB,ShallowMsa_077,32,0.6048161148747087,0.5909090909090909,,,0.6048161148747087,0.5909090909090909
2k42A_1ceeB,ShallowMsa_078,32,0.3468725728243004,0.3493516399694889,,,0.3468725728243004,0.3493516399694889
2k42A_1ceeB,ShallowMsa_079,32,0.6022305186911969,0.6063089915548932,,,0.6022305186911969,0.6063089915548932
2k42A_1ceeB,ShallowMsa_080,31,0.43779010131606777,0.4444444444444444,,,0.43779010131606777,0.4444444444444444
2k42A_1ceeB,ShallowMsa_081,30,0.3420434326863857,0.3279569892473118,,,0.3420434326863857,0.3279569892473118
2k42A_1ceeB,ShallowMsa_082,30,0.4723837908022359,0.475297619047619,,,0.4723837908022359,0.475297619047619
2k42A_1ceeB,ShallowMsa_083,29,0.39462498013665975,0.39285714285714285,,,0.39462498013665975,0.39285714285714285
2k42A_1ceeB,ShallowMsa_084,29,0.38175040938054894,0.3870967741935484,,,0.38175040938054894,0.3870967741935484
2k42A_1ceeB,ShallowMsa_085,29,0.24347488681045965,0.24390243902439024,,,0.24347488681045965,0.24390243902439024
2k42A_1ceeB,ShallowMsa_086,29,0.4029942908139339,0.4,,,0.4029942908139339,0.4
2k42A_1ceeB,ShallowMsa_087,29,0.5160794138024634,0.5208333333333334,,,0.5160794138024634,0.5208333333333334
2k42A_1ceeB,ShallowMsa_088,28,0.2642303859946152,0.2649122807017544,,,0.2642303859946152,0.2649122807017544
2k42A_1ceeB,ShallowMsa_089,28,0.6443563122202575,0.6590909090909091,,,0.6443563122202575,0.6590909090909091
2k42A_1ceeB,ShallowMsa_090,28,0.37333891023742777,0.38,,,0.37333891023742777,0.38
2k42A_1ceeB,ShallowMsa_091,28,0.736716701173223,0.7380555555555556,,,0.736716701173223,0.7380555555555556
2k42A_1ceeB,ShallowMsa_092,28,0.5820301442190858,0.5938616775278537,,,0.5820301442190858,0.5938616775278537
2k42A_1ceeB,ShallowMsa_093,27,0.3508147323988709,0.3333333333333333,,,0.3508147323988709,0.3333333333333333
2k42A_1ceeB,ShallowMsa_094,27,0.4277174309923062,0.4411764705882353,,,0.4277174309923062,0.4411764705882353
2k42A_1ceeB,ShallowMsa_095,26,0.3759612844271057,0.37083333333333335,,,0.3759612844271057,0.37083333333333335
2k42A_1ceeB,ShallowMsa_096,26,0.2846092275488423,0.2857142857142857,,,0.2846092275488423,0.2857142857142857
2k42A_1ceeB,ShallowMsa_097,26,0.34083981261496743,0.35106382978723405,,,0.34083981261496743,0.35106382978723405
2k42A_1ceeB,ShallowMsa_098,26,0.28612216398208057,0.2807017543859649,,,0.28612216398208057,0.2807017543859649
2k42A_1ceeB,ShallowMsa_099,25,0.4719465400415021,0.46938775510204084,,,0.4719465400415021,0.46938775510204084
2kb8A_6vw2A,ShallowMsa_000,119,0.6809564177515145,0.7027027027027027,,,0.6809564177515145,0.7027027027027027
2kb8A_6vw2A,ShallowMsa_001,34,0.6438294912559618,0.6756756756756757,,,0.6438294912559618,0.6756756756756757
2kb8A_6vw2A,ShallowMsa_002,32,0.4331597222222222,0.4444444444444444,,,0.4331597222222222,0.4444444444444444
2kb8A_6vw2A,ShallowMsa_003,30,0.8672547547547549,0.8648648648648649,,,0.8672547547547549,0.8648648648648649
2kb8A_6vw2A,ShallowMsa_004,25,0.7610216738477608,0.7837837837837838,,,0.7610216738477608,0.7837837837837838
2kb8A_6vw2A,ShallowMsa_005,25,0.7667783000391697,0.7567567567567568,,,0.7667783000391697,0.7567567567567568
2kb8A_6vw2A,ShallowMsa_006,25,0.44888888888888895,0.4444444444444444,,,0.44888888888888895,0.4444444444444444
2kb8A_6vw2A,ShallowMsa_007,23,0.6182262129804663,0.625,,,0.6182262129804663,0.625
2kb8A_6vw2A,ShallowMsa_008,23,0.6205951374715678,0.625,,,0.6205951374715678,0.625
2kb8A_6vw2A,ShallowMsa_009,23,0.7423099466800123,0.7916666666666666,,,0.7423099466800123,0.7916666666666666
2kb8A_6vw2A,ShallowMsa_010,23,0.7604778691735213,0.7837837837837838,,,0.7604778691735213,0.7837837837837838
2kb8A_6vw2A,ShallowMsa_011,22,0.4790075120957473,0.5416666666666666,,,0.4790075120957473,0.5416666666666666
2kb8A_6vw2A,ShallowMsa_012,22,0.3896958507921075,0.3888888888888889,,,0.3896958507921075,0.3888888888888889
2kb8A_6vw2A,ShallowMsa_013,20,0.6484562873149831,0.6666666666666666,,,0.6484562873149831,0.6666666666666666
2kb8A_6vw2A,ShallowMsa_014,20,0.4749999999999999,0.4722222222222222,,,0.4749999999999999,0.4722222222222222
2kb8A_6vw2A,ShallowMsa_015,20,0.4535231782106782,0.4722222222222222,,,0.4535231782106782,0.4722222222222222
2kb8A_6vw2A,ShallowMsa_016,15,0.7215715715715716,0.7222222222222222,,,0.7215715715715716,0.7222222222222222
2kb8A_6vw2A,ShallowMsa_017,15,0.7658012529336059,0.7714285714285715,,,0.7658012529336059,0.7714285714285715
2kb8A_6vw2A,ShallowMsa_018,13,0.6919321017147104,0.7,,,0.6919321017147104,0.7
2kb8A_6vw2A,ShallowMsa_019,13,0.7380457380457381,0.7297297297297297,,,0.7380457380457381,0.7297297297297297
2kkwA_2n0aD,ShallowMsa_000,142,0.6462940502822073,0.6410256410256411,,,0.6462940502822073,0.6410256410256411
2kkwA_2n0aD,ShallowMsa_001,51,0.6467960779240262,0.6428571428571429,,,0.6467960779240262,0.6428571428571429
2kkwA_2n0aD,ShallowMsa_002,51,0.59576366766892,0.5961538461538461,,,0.59576366766892,0.5961538461538461
2kkwA_2n0aD,ShallowMsa_003,39,0.5246744227165794,0.528,,,0.5246744227165794,0.528
2kkwA_2n0aD,ShallowMsa_004,35,0.8982520904585796,0.8776978417266187,,,0.8982520904585796,0.8776978417266187
2kkwA_2n0aD,ShallowMsa_005,35,0.7304898702640604,0.8270676691729323,,,0.7304898702640604,0.8270676691729323
2kkwA_2n0aD,ShallowMsa_006,33,0.5914667526687856,0.5943396226415094,,,0.5914667526687856,0.5943396226415094
2kkwA_2n0aD,ShallowMsa_007,32,0.6277716414951816,0.6163879598662207,,,0.6277716414951816,0.6163879598662207
2kkwA_2n0aD,ShallowMsa_008,32,0.9457187822219641,0.9516896938013443,,,0.9457187822219641,0.9516896938013443
2kkwA_2n0aD,ShallowMsa_009,32,0.5148609797471406,0.4803585049580473,,,0.5148609797471406,0.4803585049580473
2kkwA_2n0aD,ShallowMsa_010,29,0.6547171683687478,0.6551724137931034,,,0.6547171683687478,0.6551724137931034
2kkwA_2n0aD,ShallowMsa_011,29,0.39725091377610333,0.4017094017094017,,,0.39725091377610333,0.4017094017094017
2kkwA_2n0aD,ShallowMsa_012,29,0.5924817633432061,0.5923076923076923,,,0.5924817633432061,0.5923076923076923
2kkwA_2n0aD,ShallowMsa_013,26,0.5969977436215708,0.5951948405849758,,,0.5969977436215708,0.5951948405849758
2kkwA_2n0aD,ShallowMsa_014,25,0.48110855148546555,0.48214285714285715,,,0.48110855148546555,0.48214285714285715
2kkwA_2n0aD,ShallowMsa_015,24,0.872601345637292,0.8785714285714286,,,0.872601345637292,0.8785714285714286
2kkwA_2n0aD,ShallowMsa_016,23,0.6826614950130196,0.6904761904761905,,,0.6826614950130196,0.6904761904761905
2kkwA_2n0aD,ShallowMsa_017,22,0.5233880154817784,0.5333438685208597,,,0.5233880154817784,0.5333438685208597
2kkwA_2n0aD,ShallowMsa_018,21,0.6112610748122265,0.6086956521739131,,,0.6112610748122265,0.6086956521739131
2kkwA_2n0aD,ShallowMsa_019,21,0.6211038855691386,0.6272727272727273,,,0.6211038855691386,0.6272727272727273
2kkwA_2n0aD,ShallowMsa_020,21,0.46943142569717733,0.4807692307692308,,,0.46943142569717733,0.4807692307692308
2kkwA_2n0aD,ShallowMsa_021,20,0.5851476069021101,0.5779816513761468,,,0.5851476069021101,0.5779816513761468
2kkwA_2n0aD,ShallowMsa_022,20,0.6053088259287943,0.648271679805943,,,0.6053088259287943,0.648271679805943
2kkwA_2n0aD,ShallowMsa_023,20,0.8190665967419516,0.8546583850931677,,,0.8190665967419516,0.8546583850931677
2kkwA_2n0aD,ShallowMsa_024,19,0.5866816940381717,0.5865384615384616,,,0.5866816940381717,0.5865384615384616
2kkwA_2n0aD,ShallowMsa_025,19,0.5247233949458031,0.5213675213675214,,,0.5247233949458031,0.5213675213675214
2kkwA_2n0aD,ShallowMsa_026,14,0.6240108789532683,0.6281313131313131,,,0.6240108789532683,0.6281313131313131
2kkwA_2n0aD,ShallowMsa_027,14,0.7424986148619585,0.7337991718426502,,,0.7424986148619585,0.7337991718426502
2kkwA_2n0aD,ShallowMsa_028,14,0.5825732945809624,0.5828847163865547,,,0.5825732945809624,0.5828847163865547
2kkwA_2n0aD,ShallowMsa_029,13,0.594147706297239,0.5945945945945946,,,0.594147706297239,0.5945945945945946
2kkwA_2n0aD,ShallowMsa_030,13,0.5641893985263301,0.5612244897959183,,,0.5641893985263301,0.5612244897959183
2kkwA_2n0aD,ShallowMsa_031,12,0.5932654648854553,0.591743119266055,,,0.5932654648854553,0.591743119266055
2lelA_2k0qA,ShallowMsa_000,56,0.5096601204668613,0.5225576662143826,,,0.5096601204668613,0.5225576662143826
2lelA_2k0qA,ShallowMsa_001,43,0.4179217677554137,0.4153846153846154,,,0.4179217677554137,0.4153846153846154
2lelA_2k0qA,ShallowMsa_002,42,0.49216072064441896,0.4919334186939821,,,0.49216072064441896,0.4919334186939821
2lelA_2k0qA,ShallowMsa_003,34,0.3449630272888624,0.34545454545454546,,,0.3449630272888624,0.34545454545454546
2lelA_2k0qA,ShallowMsa_004,31,0.40187124491364723,0.4057971014492754,,,0.40187124491364723,0.4057971014492754
2lelA_2k0qA,ShallowMsa_005,26,0.42109097867180945,0.4353369763205829,,,0.42109097867180945,0.4353369763205829
2lelA_2k0qA,ShallowMsa_006,23,0.48934424130961157,0.49295774647887325,,,0.48934424130961157,0.49295774647887325
2lelA_2k0qA,ShallowMsa_007,23,0.523041682407186,0.5277777777777778,,,0.523041682407186,0.5277777777777778
2lelA_2k0qA,ShallowMsa_008,23,0.36755446932679087,0.37254901960784315,,,0.36755446932679087,0.37254901960784315
2lelA_2k0qA,ShallowMsa_009,22,0.5593829566744266,0.558599695585997,,,0.5593829566744266,0.558599695585997
2lelA_2k0qA,ShallowMsa_010,22,0.5135886694638608,0.5083333333333333,,,0.5135886694638608,0.5083333333333333
2lelA_2k0qA,ShallowMsa_011,22,0.3631280802584165,0.3615056818181818,,,0.3631280802584165,0.3615056818181818
2lelA_2k0qA,ShallowMsa_012,20,0.40465298764827073,0.4074074074074074,,,0.40465298764827073,0.4074074074074074
2lelA_2k0qA,ShallowMsa_013,19,0.7162500860410134,0.6376811594202898,,,0.7162500860410134,0.6376811594202898
2lelA_2k0qA,ShallowMsa_014,19,0.5483229034390567,0.5405405405405406,,,0.5483229034390567,0.5405405405405406
2lelA_2k0qA,ShallowMsa_015,17,0.3325443456375141,0.32142857142857145,,,0.3325443456375141,0.32142857142857145
2lelA_2k0qA,ShallowMsa_016,14,0.4316467885205257,0.41369047619047616,,,0.4316467885205257,0.41369047619047616
2lelA_2k0qA,ShallowMsa_017,13,0.5285528267149038,0.5272727272727272,,,0.5285528267149038,0.5272727272727272
2lelA_2k0qA,ShallowMsa_018,12,0.44074759036252714,0.44529914529914527,,,0.44074759036252714,0.44529914529914527
2lelA_2k0qA,ShallowMsa_019,12,0.3963805010703731,0.40003628447024675,,,0.3963805010703731,0.40003628447024675
2lepA_4hddA,ShallowMsa_000,500,0.2930679637984382,0.2833333333333333,,,0.2930679637984382,0.2833333333333333
2lepA_4hddA,ShallowMsa_001,269,0.29355884383408165,0.288135593220339,,,0.29355884383408165,0.288135593220339
2lepA_4hddA,ShallowMsa_002,207,0.608176476443615,0.5409836065573771,,,0.608176476443615,0.5409836065573771
2lepA_4hddA,ShallowMsa_003,180,0.28263117319554965,0.2786885245901639,,,0.28263117319554965,0.2786885245901639
2lepA_4hddA,ShallowMsa_004,102,0.2720734659227723,0.26229508196721313,,,0.2720734659227723,0.26229508196721313
2lepA_4hddA,ShallowMsa_005,101,0.28538118347080926,0.29310344827586204,,,0.28538118347080926,0.29310344827586204
2lepA_4hddA,ShallowMsa_006,88,0.27095619652992364,0.26666666666666666,,,0.27095619652992364,0.26666666666666666
2lepA_4hddA,ShallowMsa_007,84,0.27692606449368956,0.27586206896551724,,,0.27692606449368956,0.27586206896551724
2lepA_4hddA,ShallowMsa_008,81,0.4598279382921926,0.4576271186440678,,,0.4598279382921926,0.4576271186440678
2lepA_4hddA,ShallowMsa_009,80,0.37957452233279004,0.38333333333333336,,,0.37957452233279004,0.38333333333333336
2lepA_4hddA,ShallowMsa_010,79,0.32171585984770007,0.3225806451612903,,,0.32171585984770007,0.3225806451612903
2lepA_4hddA,ShallowMsa_011,74,0.2798987038501993,0.2786885245901639,,,0.2798987038501993,0.2786885245901639
2lepA_4hddA,ShallowMsa_012,71,0.2899551765436256,0.2826086956521739,,,0.2899551765436256,0.2826086956521739
2lepA_4hddA,ShallowMsa_013,70,0.31353134376856273,0.31666666666666665,,,0.31353134376856273,0.31666666666666665
2lepA_4hddA,ShallowMsa_014,68,0.4249935921870047,0.3760958503798948,,,0.4249935921870047,0.3760958503798948
2lepA_4hddA,ShallowMsa_015,68,0.2538722235349615,0.25862068965517243,,,0.2538722235349615,0.25862068965517243
2lepA_4hddA,ShallowMsa_016,68,0.29774365118651125,0.29508196721311475,,,0.29774365118651125,0.29508196721311475
2lepA_4hddA,ShallowMsa_017,66,0.5008343221814877,0.5,,,0.5008343221814877,0.5
2lepA_4hddA,ShallowMsa_018,63,0.3061719194935341,0.29508196721311475,,,0.3061719194935341,0.29508196721311475
2lepA_4hddA,ShallowMsa_019,62,0.30644507290134715,0.31231527093596056,,,0.30644507290134715,0.31231527093596056
2lepA_4hddA,ShallowMsa_020,61,0.24448455051858578,0.24528301886792453,,,0.24448455051858578,0.24528301886792453
2lepA_4hddA,ShallowMsa_021,61,0.2857609194642174,0.27586206896551724,,,0.2857609194642174,0.27586206896551724
2lepA_4hddA,ShallowMsa_022,61,0.39803359796722154,0.39344262295081966,,,0.39803359796722154,0.39344262295081966
2lepA_4hddA,ShallowMsa_023,60,0.3486233439240248,0.36666666666666664,,,0.3486233439240248,0.36666666666666664
2lepA_4hddA,ShallowMsa_024,59,0.3095964678268894,0.3,,,0.3095964678268894,0.3
2lepA_4hddA,ShallowMsa_025,59,0.28532495758029974,0.288135593220339,,,0.28532495758029974,0.288135593220339
2lepA_4hddA,ShallowMsa_026,59,0.40546790919073183,0.4098360655737705,,,0.40546790919073183,0.4098360655737705
2lepA_4hddA,ShallowMsa_027,58,0.2804779583269428,0.2772752967778406,,,0.2804779583269428,0.2772752967778406
2lepA_4hddA,ShallowMsa_028,58,0.2635761156860459,0.2542372881355932,,,0.2635761156860459,0.2542372881355932
2lepA_4hddA,ShallowMsa_029,58,0.30571475903972695,0.3009085213032581,,,0.30571475903972695,0.3009085213032581
2lepA_4hddA,ShallowMsa_030,58,0.4125024356304068,0.4359649122807018,,,0.4125024356304068,0.4359649122807018
2lepA_4hddA,ShallowMsa_031,57,0.30586136721325075,0.29508196721311475,,,0.30586136721325075,0.29508196721311475
2lepA_4hddA,ShallowMsa_032,55,0.30956043140591666,0.3050847457627119,,,0.30956043140591666,0.3050847457627119
2lepA_4hddA,ShallowMsa_033,54,0.3713682817173746,0.3684210526315789,,,0.3713682817173746,0.3684210526315789
2lepA_4hddA,ShallowMsa_034,52,0.9007343128816656,0.9193548387096774,,,0.9007343128816656,0.9193548387096774
2lepA_4hddA,ShallowMsa_035,51,0.2876810337517211,0.2786885245901639,,,0.2876810337517211,0.2786885245901639
2lepA_4hddA,ShallowMsa_036,51,0.31626551238395906,0.31666666666666665,,,0.31626551238395906,0.31666666666666665
2lepA_4hddA,ShallowMsa_037,51,0.3427908557996804,0.3442622950819672,,,0.3427908557996804,0.3442622950819672
2lepA_4hddA,ShallowMsa_038,48,0.26220247062563495,0.25974512743628186,,,0.26220247062563495,0.25974512743628186
2lepA_4hddA,ShallowMsa_039,47,0.30697481027545537,0.3,,,0.30697481027545537,0.3
2lepA_4hddA,ShallowMsa_040,47,0.29936101501005324,0.29508196721311475,,,0.29936101501005324,0.29508196721311475
2lepA_4hddA,ShallowMsa_041,46,0.28200599570030854,0.2833333333333333,,,0.28200599570030854,0.2833333333333333
2lepA_4hddA,ShallowMsa_042,46,0.362127366422308,0.3559322033898305,,,0.362127366422308,0.3559322033898305
2lepA_4hddA,ShallowMsa_043,45,0.29060994879047697,0.2833333333333333,,,0.29060994879047697,0.2833333333333333
2lepA_4hddA,ShallowMsa_044,45,0.295465072454217,0.29310344827586204,,,0.295465072454217,0.29310344827586204
2lepA_4hddA,ShallowMsa_045,45,0.29388925993391996,0.288135593220339,,,0.29388925993391996,0.288135593220339
2lepA_4hddA,ShallowMsa_046,45,0.4931401494441408,0.4915254237288136,,,0.4931401494441408,0.4915254237288136
2lepA_4hddA,ShallowMsa_047,44,0.2756143810071103,0.2604578858111928,,,0.2756143810071103,0.2604578858111928
2lepA_4hddA,ShallowMsa_048,44,0.28373479179219857,0.28573446327683616,,,0.28373479179219857,0.28573446327683616
2lepA_4hddA,ShallowMsa_049,44,0.307035050601924,0.29754098360655734,,,0.307035050601924,0.29754098360655734
2lepA_4hddA,ShallowMsa_050,43,0.3965871048208627,0.4,,,0.3965871048208627,0.4
2lepA_4hddA,ShallowMsa_051,42,0.257111455404128,0.25,,,0.257111455404128,0.25
2lepA_4hddA,ShallowMsa_052,41,0.29985455930268956,0.3,,,0.29985455930268956,0.3
2lepA_4hddA,ShallowMsa_053,41,0.30997945521876535,0.3114754098360656,,,0.30997945521876535,0.3114754098360656
2lepA_4hddA,ShallowMsa_054,41,0.2926164877593225,0.3,,,0.2926164877593225,0.3
2lepA_4hddA,ShallowMsa_055,41,0.3938125209720773,0.39655172413793105,,,0.3938125209720773,0.39655172413793105
2lepA_4hddA,ShallowMsa_056,40,0.2764651761608587,0.26666666666666666,,,0.2764651761608587,0.26666666666666666
2lepA_4hddA,ShallowMsa_057,40,0.2934711033425159,0.29508196721311475,,,0.2934711033425159,0.29508196721311475
2lepA_4hddA,ShallowMsa_058,40,0.27372368770021505,0.26666666666666666,,,0.27372368770021505,0.26666666666666666
2lepA_4hddA,ShallowMsa_059,40,0.3091095130004964,0.3114754098360656,,,0.3091095130004964,0.3114754098360656
2lepA_4hddA,ShallowMsa_060,39,0.3367619528349041,0.3333333333333333,,,0.3367619528349041,0.3333333333333333
2lepA_4hddA,ShallowMsa_061,39,0.36555680615803726,0.3684210526315789,,,0.36555680615803726,0.3684210526315789
2lepA_4hddA,ShallowMsa_062,38,0.2770483748598193,0.2845238095238095,,,0.2770483748598193,0.2845238095238095
2lepA_4hddA,ShallowMsa_063,37,0.3379198640866683,0.3333333333333333,,,0.3379198640866683,0.3333333333333333
2lepA_4hddA,ShallowMsa_064,37,0.26916963528761145,0.26666666666666666,,,0.26916963528761145,0.26666666666666666
2lepA_4hddA,ShallowMsa_065,37,0.2542202416243022,0.25,,,0.2542202416243022,0.25
2lepA_4hddA,ShallowMsa_066,37,0.28649103322386066,0.2833333333333333,,,0.28649103322386066,0.2833333333333333
2lepA_4hddA,ShallowMsa_067,37,0.32898292203982055,0.35,,,0.32898292203982055,0.35
2lepA_4hddA,ShallowMsa_068,36,0.3047819923819596,0.3103448275862069,,,0.3047819923819596,0.3103448275862069
2lepA_4hddA,ShallowMsa_069,36,0.3191342861108317,0.3140710382513661,,,0.3191342861108317,0.3140710382513661
2lepA_4hddA,ShallowMsa_070,34,0.27176891313057716,0.2711864406779661,,,0.27176891313057716,0.2711864406779661
2lepA_4hddA,ShallowMsa_071,34,0.8811773254426623,0.8852459016393442,,,0.8811773254426623,0.8852459016393442
2lepA_4hddA,ShallowMsa_072,32,0.26873726498101325,0.26666666666666666,,,0.26873726498101325,0.26666666666666666
2lepA_4hddA,ShallowMsa_073,32,0.2842652791052353,0.2833333333333333,,,0.2842652791052353,0.2833333333333333
2lepA_4hddA,ShallowMsa_074,32,0.31417142386460506,0.3157894736842105,,,0.31417142386460506,0.3157894736842105
2lepA_4hddA,ShallowMsa_075,30,0.47745557841267067,0.48360215053763445,,,0.47745557841267067,0.48360215053763445
2lepA_4hddA,ShallowMsa_076,30,0.33074381316699153,0.3225806451612903,,,0.33074381316699153,0.3225806451612903
2lepA_4hddA,ShallowMsa_077,29,0.24688632119796736,0.25,,,0.24688632119796736,0.25
2lepA_4hddA,ShallowMsa_078,29,0.28694726416120886,0.2833333333333333,,,0.28694726416120886,0.2833333333333333
2lepA_4hddA,ShallowMsa_079,29,0.2658469945355191,0.26666666666666666,,,0.2658469945355191,0.26666666666666666
2lepA_4hddA,ShallowMsa_080,29,0.38401050053753577,0.38333333333333336,,,0.38401050053753577,0.38333333333333336
2lepA_4hddA,ShallowMsa_081,29,0.4956452360535668,0.4915254237288136,,,0.4956452360535668,0.4915254237288136
2lepA_4hddA,ShallowMsa_082,28,0.29930095741704593,0.29310344827586204,,,0.29930095741704593,0.29310344827586204
2lepA_4hddA,ShallowMsa_083,28,0.3681540805006814,0.36666666666666664,,,0.3681540805006814,0.36666666666666664
2lepA_4hddA,ShallowMsa_084,27,0.2385496638754711,0.23333333333333334,,,0.2385496638754711,0.23333333333333334
2lepA_4hddA,ShallowMsa_085,26,0.27889278385138994,0.2833333333333333,,,0.27889278385138994,0.2833333333333333
2lepA_4hddA,ShallowMsa_086,26,0.2755576371719313,0.26747967479674795,,,0.2755576371719313,0.26747967479674795
2lepA_4hddA,ShallowMsa_087,26,0.8645560400307315,0.8709677419354839,,,0.8645560400307315,0.8709677419354839
2lepA_4hddA,ShallowMsa_088,25,0.3034267650986877,0.2833333333333333,,,0.3034267650986877,0.2833333333333333
2lepA_4hddA,ShallowMsa_089,25,0.3117342444778594,0.3090909090909091,,,0.3117342444778594,0.3090909090909091
2lepA_4hddA,ShallowMsa_090,25,0.26099457152123123,0.2459016393442623,,,0.26099457152123123,0.2459016393442623
2lepA_4hddA,ShallowMsa_091,24,0.35465125592212265,0.34851551956815113,,,0.35465125592212265,0.34851551956815113
2lepA_4hddA,ShallowMsa_092,24,0.35657929286279594,0.35,,,0.35657929286279594,0.35
2lepA_4hddA,ShallowMsa_093,24,0.2591233746192025,0.25615090213231273,,,0.2591233746192025,0.25615090213231273
2lepA_4hddA,ShallowMsa_094,23,0.26182258871684905,0.2553191489361702,,,0.26182258871684905,0.2553191489361702
2lepA_4hddA,ShallowMsa_095,23,0.28621643251638257,0.2833333333333333,,,0.28621643251638257,0.2833333333333333
2lepA_4hddA,ShallowMsa_096,23,0.3193800457012304,0.31666666666666665,,,0.3193800457012304,0.31666666666666665
2lepA_4hddA,ShallowMsa_097,23,0.8482620825859855,0.8548387096774194,,,0.8482620825859855,0.8548387096774194
2lepA_4hddA,ShallowMsa_098,23,0.4653914934591208,0.47540983606557374,,,0.4653914934591208,0.47540983606557374
2lepA_4hddA,ShallowMsa_099,21,0.7981814442681708,0.8032786885245902,,,0.7981814442681708,0.8032786885245902
2lv1A_6lniA,ShallowMsa_000,60,0.3735988788501208,0.3717105263157895,,,0.3735988788501208,0.3717105263157895
2lv1A_6lniA,ShallowMsa_001,45,0.4278793331424909,0.45454545454545453,,,0.4278793331424909,0.45454545454545453
2lv1A_6lniA,ShallowMsa_002,43,0.8903667560611928,0.8823529411764706,,,0.8903667560611928,0.8823529411764706
2lv1A_6lniA,ShallowMsa_003,43,0.8555238007454002,0.8723404255319149,,,0.8555238007454002,0.8723404255319149
2lv1A_6lniA,ShallowMsa_004,40,0.3772695347373678,0.3809869375907112,,,0.3772695347373678,0.3809869375907112
2lv1A_6lniA,ShallowMsa_005,35,0.38693499772501616,0.37254901960784315,,,0.38693499772501616,0.37254901960784315
2lv1A_6lniA,ShallowMsa_006,33,0.404272780927785,0.3684210526315789,,,0.404272780927785,0.3684210526315789
2lv1A_6lniA,ShallowMsa_007,32,0.8922278298239217,0.8987928301426655,,,0.8922278298239217,0.8987928301426655
2lv1A_6lniA,ShallowMsa_008,31,0.673323871283363,0.7966101694915254,,,0.673323871283363,0.7966101694915254
2lv1A_6lniA,ShallowMsa_009,31,0.444933113587722,0.49230769230769234,,,0.444933113587722,0.49230769230769234
2lv1A_6lniA,ShallowMsa_010,31,0.3708985184754614,0.38524590163934425,,,0.3708985184754614,0.38524590163934425
2lv1A_6lniA,ShallowMsa_011,30,0.37374835375772564,0.3891109496124031,,,0.37374835375772564,0.3891109496124031
2lv1A_6lniA,ShallowMsa_012,27,0.33993752310826786,0.35555555555555557,,,0.33993752310826786,0.35555555555555557
2lv1A_6lniA,ShallowMsa_013,26,0.49630991396418117,0.5,,,0.49630991396418117,0.5
2lv1A_6lniA,ShallowMsa_014,24,0.8146802058875481,0.8035714285714286,,,0.8146802058875481,0.8035714285714286
2lv1A_6lniA,ShallowMsa_015,23,0.7811372238274473,0.8666666666666667,,,0.7811372238274473,0.8666666666666667
2lv1A_6lniA,ShallowMsa_016,22,0.38280048893693625,0.3838915470494418,,,0.38280048893693625,0.3838915470494418
2lv1A_6lniA,ShallowMsa_017,22,0.30996047633044654,0.30308142150247414,,,0.30996047633044654,0.30308142150247414
2lv1A_6lniA,ShallowMsa_018,22,0.8509698986000668,0.8571136966727904,,,0.8509698986000668,0.8571136966727904
2lv1A_6lniA,ShallowMsa_019,22,0.413011105978295,0.39177768940147145,,,0.413011105978295,0.39177768940147145
2lv1A_6lniA,ShallowMsa_020,20,0.4015622313678578,0.3508771929824561,,,0.4015622313678578,0.3508771929824561
2lv1A_6lniA,ShallowMsa_021,20,0.5057428068115091,0.5057545507927187,,,0.5057428068115091,0.5057545507927187
2lv1A_6lniA,ShallowMsa_022,19,0.32378354455306346,0.32727272727272727,,,0.32378354455306346,0.32727272727272727
2lv1A_6lniA,ShallowMsa_023,15,0.36147232002246893,0.3584905660377358,,,0.36147232002246893,0.3584905660377358
2lv1A_6lniA,ShallowMsa_024,15,0.4632579343001034,0.4744525547445255,,,0.4632579343001034,0.4744525547445255
2lv1A_6lniA,ShallowMsa_025,14,0.8283419262793871,0.8268654480071921,,,0.8283419262793871,0.8268654480071921
2mwfA_2nntA,ShallowMsa_000,5698,0.44493244594959774,0.44,,,0.44493244594959774,0.44
2mwfA_2nntA,ShallowMsa_001,1178,0.42689588071737117,0.4230769230769231,,,0.42689588071737117,0.4230769230769231
2mwfA_2nntA,ShallowMsa_002,1101,0.39545372982441584,0.4,,,0.39545372982441584,0.4
2mwfA_2nntA,ShallowMsa_003,1031,0.44227786994976037,0.44,,,0.44227786994976037,0.44
2mwfA_2nntA,ShallowMsa_004,760,0.4538813936500368,0.4482758620689655,,,0.4538813936500368,0.4482758620689655
2mwfA_2nntA,ShallowMsa_005,748,0.5261291693999894,0.52,,,0.5261291693999894,0.52
2mwfA_2nntA,ShallowMsa_006,545,0.4389692227936712,0.43478260869565216,,,0.4389692227936712,0.43478260869565216
2mwfA_2nntA,ShallowMsa_007,417,0.5197642938216019,0.5185185185185185,,,0.5197642938216019,0.5185185185185185
2mwfA_2nntA,ShallowMsa_008,409,0.41979031049162446,0.41379310344827586,,,0.41979031049162446,0.41379310344827586
2mwfA_2nntA,ShallowMsa_009,394,0.3826264578528508,0.39285714285714285,,,0.3826264578528508,0.39285714285714285
2mwfA_2nntA,ShallowMsa_010,362,0.7495240637692931,0.7777217741935484,,,0.7495240637692931,0.7777217741935484
2mwfA_2nntA,ShallowMsa_011,332,0.49301584245076385,0.4821200510855683,,,0.49301584245076385,0.4821200510855683
2mwfA_2nntA,ShallowMsa_012,314,0.5045373653350359,0.5172413793103449,,,0.5045373653350359,0.5172413793103449
2mwfA_2nntA,ShallowMsa_013,313,0.3748415661906161,0.36666666666666664,,,0.3748415661906161,0.36666666666666664
2mwfA_2nntA,ShallowMsa_014,308,0.4015228679378114,0.4,,,0.4015228679378114,0.4
2mwfA_2nntA,ShallowMsa_015,302,0.44817737973156,0.44,,,0.44817737973156,0.44
2mwfA_2nntA,ShallowMsa_016,289,0.47070962085915513,0.48,,,0.47070962085915513,0.48
2mwfA_2nntA,ShallowMsa_017,288,0.3931106160670029,0.39642857142857146,,,0.3931106160670029,0.39642857142857146
2mwfA_2nntA,ShallowMsa_018,287,0.3793885608689345,0.3793103448275862,,,0.3793885608689345,0.3793103448275862
2mwfA_2nntA,ShallowMsa_019,265,0.5589891299553829,0.5833333333333334,,,0.5589891299553829,0.5833333333333334
2mwfA_2nntA,ShallowMsa_020,253,0.39784098651632094,0.4,,,0.39784098651632094,0.4
2mwfA_2nntA,ShallowMsa_021,253,0.38594491135730624,0.3870967741935484,,,0.38594491135730624,0.3870967741935484
2mwfA_2nntA,ShallowMsa_022,252,0.31429513931789843,0.31517241379310346,,,0.31429513931789843,0.31517241379310346
2mwfA_2nntA,ShallowMsa_023,250,0.34259535315773915,0.3448275862068966,,,0.34259535315773915,0.3448275862068966
2mwfA_2nntA,ShallowMsa_024,246,0.4440440000804271,0.44,,,0.4440440000804271,0.44
2mwfA_2nntA,ShallowMsa_025,243,0.42889286201534527,0.42857142857142855,,,0.42889286201534527,0.42857142857142855
2mwfA_2nntA,ShallowMsa_026,241,0.467930826946464,0.4666666666666667,,,0.467930826946464,0.4666666666666667
2mwfA_2nntA,ShallowMsa_027,234,0.45909528735797883,0.4583333333333333,,,0.45909528735797883,0.4583333333333333
2mwfA_2nntA,ShallowMsa_028,231,0.4912583726136064,0.4838709677419355,,,0.4912583726136064,0.4838709677419355
2mwfA_2nntA,ShallowMsa_029,223,0.34003043008159206,0.3333333333333333,,,0.34003043008159206,0.3333333333333333
2mwfA_2nntA,ShallowMsa_030,222,0.39820328815178163,0.4,,,0.39820328815178163,0.4
2mwfA_2nntA,ShallowMsa_031,219,0.45180956046453585,0.4482758620689655,,,0.45180956046453585,0.4482758620689655
2mwfA_2nntA,ShallowMsa_032,217,0.5117937105650641,0.5,,,0.5117937105650641,0.5
2mwfA_2nntA,ShallowMsa_033,217,0.3841478408550585,0.39285714285714285,,,0.3841478408550585,0.39285714285714285
2mwfA_2nntA,ShallowMsa_034,214,0.46476821211158326,0.45161290322580644,,,0.46476821211158326,0.45161290322580644
2mwfA_2nntA,ShallowMsa_035,213,0.4694144203991887,0.46153846153846156,,,0.4694144203991887,0.46153846153846156
2mwfA_2nntA,ShallowMsa_036,213,0.4854151932866224,0.5,,,0.4854151932866224,0.5
2mwfA_2nntA,ShallowMsa_037,208,0.44335734896394635,0.44,,,0.44335734896394635,0.44
2mwfA_2nntA,ShallowMsa_038,195,0.37341000924090334,0.36666666666666664,,,0.37341000924090334,0.36666666666666664
2mwfA_2nntA,ShallowMsa_039,195,0.4947892639620442,0.5,,,0.4947892639620442,0.5
2mwfA_2nntA,ShallowMsa_040,191,0.3917287527458512,0.39285714285714285,,,0.3917287527458512,0.39285714285714285
2mwfA_2nntA,ShallowMsa_041,185,0.4217142092283796,0.4230769230769231,,,0.4217142092283796,0.4230769230769231
2mwfA_2nntA,ShallowMsa_042,183,0.4009022705200188,0.4,,,0.4009022705200188,0.4
2mwfA_2nntA,ShallowMsa_043,182,0.3567806292369017,0.35857142857142854,,,0.3567806292369017,0.35857142857142854
2mwfA_2nntA,ShallowMsa_044,179,0.4001555821612895,0.4,,,0.4001555821612895,0.4
2mwfA_2nntA,ShallowMsa_045,177,0.5490325461237409,0.56,,,0.5490325461237409,0.56
2mwfA_2nntA,ShallowMsa_046,176,0.3406557493934093,0.34549071618037136,,,0.3406557493934093,0.34549071618037136
2mwfA_2nntA,ShallowMsa_047,176,0.42430718466923023,0.4106002554278416,,,0.42430718466923023,0.4106002554278416
2mwfA_2nntA,ShallowMsa_048,175,0.35850921470472313,0.36,,,0.35850921470472313,0.36
2mwfA_2nntA,ShallowMsa_049,175,0.39292467913030643,0.4,,,0.39292467913030643,0.4
2mwfA_2nntA,ShallowMsa_050,171,0.4022238649426103,0.4,,,0.4022238649426103,0.4
2mwfA_2nntA,ShallowMsa_051,164,0.4181941651932809,0.4166666666666667,,,0.4181941651932809,0.4166666666666667
2mwfA_2nntA,ShallowMsa_052,162,0.40797483721763816,0.4,,,0.40797483721763816,0.4
2mwfA_2nntA,ShallowMsa_053,159,0.3463872670194844,0.34615384615384615,,,0.3463872670194844,0.34615384615384615
2mwfA_2nntA,ShallowMsa_054,159,0.37217429674023006,0.375,,,0.37217429674023006,0.375
2mwfA_2nntA,ShallowMsa_055,158,0.39882045664767424,0.4,,,0.39882045664767424,0.4
2mwfA_2nntA,ShallowMsa_056,157,0.39247763478076,0.4,,,0.39247763478076,0.4
2mwfA_2nntA,ShallowMsa_057,143,0.42099590747172505,0.4230769230769231,,,0.42099590747172505,0.4230769230769231
2mwfA_2nntA,ShallowMsa_058,142,0.36830686399164586,0.36,,,0.36830686399164586,0.36
2mwfA_2nntA,ShallowMsa_059,139,0.40796926558820795,0.4,,,0.40796926558820795,0.4
2mwfA_2nntA,ShallowMsa_060,137,0.42066031576922674,0.4166666666666667,,,0.42066031576922674,0.4166666666666667
2mwfA_2nntA,ShallowMsa_061,137,0.3518831001450923,0.3548387096774194,,,0.3518831001450923,0.3548387096774194
2mwfA_2nntA,ShallowMsa_062,134,0.3921548092255414,0.4,,,0.3921548092255414,0.4
2mwfA_2nntA,ShallowMsa_063,129,0.44684971091074355,0.44,,,0.44684971091074355,0.44
2mwfA_2nntA,ShallowMsa_064,127,0.4476826121418619,0.44,,,0.4476826121418619,0.44
2mwfA_2nntA,ShallowMsa_065,126,0.4222072301537422,0.41379310344827586,,,0.4222072301537422,0.41379310344827586
2mwfA_2nntA,ShallowMsa_066,126,0.45447038486780184,0.4583333333333333,,,0.45447038486780184,0.4583333333333333
2mwfA_2nntA,ShallowMsa_067,125,0.5066440899841974,0.5,,,0.5066440899841974,0.5
2mwfA_2nntA,ShallowMsa_068,124,0.4056549218340454,0.4,,,0.4056549218340454,0.4
2mwfA_2nntA,ShallowMsa_069,123,0.4125278056777394,0.41935483870967744,,,0.4125278056777394,0.41935483870967744
2mwfA_2nntA,ShallowMsa_070,123,0.3347829612787978,0.3225806451612903,,,0.3347829612787978,0.3225806451612903
2mwfA_2nntA,ShallowMsa_071,121,0.4161453177461358,0.41379310344827586,,,0.4161453177461358,0.41379310344827586
2mwfA_2nntA,ShallowMsa_072,120,0.4294837387955349,0.4373913043478261,,,0.4294837387955349,0.4373913043478261
2mwfA_2nntA,ShallowMsa_073,120,0.40550420239250673,0.41379310344827586,,,0.40550420239250673,0.41379310344827586
2mwfA_2nntA,ShallowMsa_074,112,0.4407310179914165,0.44,,,0.4407310179914165,0.44
2mwfA_2nntA,ShallowMsa_075,111,0.34726060208470216,0.34615384615384615,,,0.34726060208470216,0.34615384615384615
2mwfA_2nntA,ShallowMsa_076,109,0.3968054327241379,0.4,,,0.3968054327241379,0.4
2mwfA_2nntA,ShallowMsa_077,107,0.4213910678051768,0.42857142857142855,,,0.4213910678051768,0.42857142857142855
2mwfA_2nntA,ShallowMsa_078,107,0.35894543207016455,0.36,,,0.35894543207016455,0.36
2mwfA_2nntA,ShallowMsa_079,106,0.44976454216465056,0.44,,,0.44976454216465056,0.44
2mwfA_2nntA,ShallowMsa_080,106,0.3595042163285733,0.36,,,0.3595042163285733,0.36
2mwfA_2nntA,ShallowMsa_081,105,0.34555300574745407,0.3333333333333333,,,0.34555300574745407,0.3333333333333333
2mwfA_2nntA,ShallowMsa_082,102,0.3371963590236617,0.3333333333333333,,,0.3371963590236617,0.3333333333333333
2mwfA_2nntA,ShallowMsa_083,101,0.39742538689200435,0.39285714285714285,,,0.39742538689200435,0.39285714285714285
2mwfA_2nntA,ShallowMsa_084,101,0.4080333370262457,0.4,,,0.4080333370262457,0.4
2mwfA_2nntA,ShallowMsa_085,101,0.39008296353931027,0.3793103448275862,,,0.39008296353931027,0.3793103448275862
2mwfA_2nntA,ShallowMsa_086,100,0.360307765041029,0.36,,,0.360307765041029,0.36
2mwfA_2nntA,ShallowMsa_087,98,0.3320784733987341,0.32,,,0.3320784733987341,0.32
2mwfA_2nntA,ShallowMsa_088,97,0.3605386687229716,0.36,,,0.3605386687229716,0.36
2mwfA_2nntA,ShallowMsa_089,94,0.4218742692678394,0.4258241758241758,,,0.4218742692678394,0.4258241758241758
2mwfA_2nntA,ShallowMsa_090,86,0.4539249875201284,0.4654761904761905,,,0.4539249875201284,0.4654761904761905
2mwfA_2nntA,ShallowMsa_091,82,0.40363458578496775,0.4,,,0.40363458578496775,0.4
2mwfA_2nntA,ShallowMsa_092,81,0.36646628072454507,0.36,,,0.36646628072454507,0.36
2mwfA_2nntA,ShallowMsa_093,80,0.33874290990613093,0.34549071618037136,,,0.33874290990613093,0.34549071618037136
2mwfA_2nntA,ShallowMsa_094,77,0.45258417660359257,0.4482758620689655,,,0.45258417660359257,0.4482758620689655
2mwfA_2nntA,ShallowMsa_095,62,0.40067603757708636,0.4074074074074074,,,0.40067603757708636,0.4074074074074074
2mwfA_2nntA,ShallowMsa_096,61,0.3605970737826043,0.34615384615384615,,,0.3605970737826043,0.34615384615384615
2mwfA_2nntA,ShallowMsa_097,60,0.3499474085610049,0.3448275862068966,,,0.3499474085610049,0.3448275862068966
2mwfA_2nntA,ShallowMsa_098,54,0.37837451977029923,0.37484035759897827,,,0.37837451977029923,0.37484035759897827
2mwfA_2nntA,ShallowMsa_099,45,0.38105856323657633,0.3793103448275862,,,0.38105856323657633,0.3793103448275862
2n54B_2hdmA,ShallowMsa_000,502,0.3009435785011575,0.29805897723030983,,,0.3009435785011575,0.29805897723030983
2n54B_2hdmA,ShallowMsa_001,275,0.2854177360297723,0.2857142857142857,,,0.2854177360297723,0.2857142857142857
2n54B_2hdmA,ShallowMsa_002,193,0.33131660384122713,0.32142857142857145,,,0.33131660384122713,0.32142857142857145
2n54B_2hdmA,ShallowMsa_003,166,0.29881848513341003,0.3,,,0.29881848513341003,0.3
2n54B_2hdmA,ShallowMsa_004,160,0.3004688154709235,0.2982456140350877,,,0.3004688154709235,0.2982456140350877
2n54B_2hdmA,ShallowMsa_005,128,0.6553353709155258,0.6515151515151515,,,0.6553353709155258,0.6515151515151515
2n54B_2hdmA,ShallowMsa_006,119,0.2851450255399032,0.2786885245901639,,,0.2851450255399032,0.2786885245901639
2n54B_2hdmA,ShallowMsa_007,116,0.2545082657291219,0.25,,,0.2545082657291219,0.25
2n54B_2hdmA,ShallowMsa_008,111,0.26890361458514445,0.2711864406779661,,,0.26890361458514445,0.2711864406779661
2n54B_2hdmA,ShallowMsa_009,109,0.3442178657560657,0.35,,,0.3442178657560657,0.35
2n54B_2hdmA,ShallowMsa_010,106,0.30363945634095796,0.3,,,0.30363945634095796,0.3
2n54B_2hdmA,ShallowMsa_011,106,0.26252532091470643,0.26153846153846155,,,0.26252532091470643,0.26153846153846155
2n54B_2hdmA,ShallowMsa_012,105,0.2981953739431096,0.3050847457627119,,,0.2981953739431096,0.3050847457627119
2n54B_2hdmA,ShallowMsa_013,100,0.3230191558131218,0.3223072717331875,,,0.3230191558131218,0.3223072717331875
2n54B_2hdmA,ShallowMsa_014,95,0.30327226590202233,0.3,,,0.30327226590202233,0.3
2n54B_2hdmA,ShallowMsa_015,95,0.2773512145595944,0.27692307692307694,,,0.2773512145595944,0.27692307692307694
2n54B_2hdmA,ShallowMsa_016,95,0.2635641678345913,0.25925925925925924,,,0.2635641678345913,0.25925925925925924
2n54B_2hdmA,ShallowMsa_017,94,0.24699989266538538,0.24193548387096775,,,0.24699989266538538,0.24193548387096775
2n54B_2hdmA,ShallowMsa_018,93,0.27207559252665814,0.27586206896551724,,,0.27207559252665814,0.27586206896551724
2n54B_2hdmA,ShallowMsa_019,92,0.2575339274082019,0.25,,,0.2575339274082019,0.25
2n54B_2hdmA,ShallowMsa_020,91,0.3024925524526716,0.30357142857142855,,,0.3024925524526716,0.30357142857142855
2n54B_2hdmA,ShallowMsa_021,91,0.2696981292488375,0.2786885245901639,,,0.2696981292488375,0.2786885245901639
2n54B_2hdmA,ShallowMsa_022,89,0.28714616313464675,0.2857142857142857,,,0.28714616313464675,0.2857142857142857
2n54B_2hdmA,ShallowMsa_023,89,0.2603620257944236,0.25862068965517243,,,0.2603620257944236,0.25862068965517243
2n54B_2hdmA,ShallowMsa_024,88,0.3354694398645398,0.3333333333333333,,,0.3354694398645398,0.3333333333333333
2n54B_2hdmA,ShallowMsa_025,87,0.27561500021967233,0.27450980392156865,,,0.27561500021967233,0.27450980392156865
2n54B_2hdmA,ShallowMsa_026,87,0.2991130597760499,0.288135593220339,,,0.2991130597760499,0.288135593220339
2n54B_2hdmA,ShallowMsa_027,86,0.27450778262001163,0.27051385525961796,,,0.27450778262001163,0.27051385525961796
2n54B_2hdmA,ShallowMsa_028,86,0.2574106544436137,0.26153846153846155,,,0.2574106544436137,0.26153846153846155
2n54B_2hdmA,ShallowMsa_029,85,0.23407627645487064,0.2222222222222222,,,0.23407627645487064,0.2222222222222222
2n54B_2hdmA,ShallowMsa_030,85,0.2696047235004308,0.27419354838709675,,,0.2696047235004308,0.27419354838709675
2n54B_2hdmA,ShallowMsa_031,82,0.2971937315964746,0.296875,,,0.2971937315964746,0.296875
2n54B_2hdmA,ShallowMsa_032,82,0.2861304470542645,0.2807017543859649,,,0.2861304470542645,0.2807017543859649
2n54B_2hdmA,ShallowMsa_033,81,0.31341104882771553,0.3181818181818182,,,0.31341104882771553,0.3181818181818182
2n54B_2hdmA,ShallowMsa_034,81,0.28029308980423967,0.2807017543859649,,,0.28029308980423967,0.2807017543859649
2n54B_2hdmA,ShallowMsa_035,81,0.3100366125748546,0.3125,,,0.3100366125748546,0.3125
2n54B_2hdmA,ShallowMsa_036,81,0.26830186138575596,0.26666666666666666,,,0.26830186138575596,0.26666666666666666
2n54B_2hdmA,ShallowMsa_037,80,0.6428451500487304,0.6461538461538462,,,0.6428451500487304,0.6461538461538462
2n54B_2hdmA,ShallowMsa_038,80,0.5349020900974025,0.5384615384615384,,,0.5349020900974025,0.5384615384615384
2n54B_2hdmA,ShallowMsa_039,79,0.23422288934014523,0.234375,,,0.23422288934014523,0.234375
2n54B_2hdmA,ShallowMsa_040,78,0.2969819712528357,0.2909090909090909,,,0.2969819712528357,0.2909090909090909
2n54B_2hdmA,ShallowMsa_041,77,0.2676806754463764,0.26785714285714285,,,0.2676806754463764,0.26785714285714285
2n54B_2hdmA,ShallowMsa_042,76,0.3042733449357614,0.30839822024471636,,,0.3042733449357614,0.30839822024471636
2n54B_2hdmA,ShallowMsa_043,74,0.2748870004175196,0.2719568567026194,,,0.2748870004175196,0.2719568567026194
2n54B_2hdmA,ShallowMsa_044,72,0.2769722253454144,0.2807017543859649,,,0.2769722253454144,0.2807017543859649
2n54B_2hdmA,ShallowMsa_045,72,0.3146706752786543,0.30576817933296885,,,0.3146706752786543,0.30576817933296885
2n54B_2hdmA,ShallowMsa_046,70,0.3065010265258189,0.30272911051212936,,,0.3065010265258189,0.30272911051212936
2n54B_2hdmA,ShallowMsa_047,70,0.27215393701825685,0.27735042735042736,,,0.27215393701825685,0.27735042735042736
2n54B_2hdmA,ShallowMsa_048,68,0.3011843760836854,0.2962962962962963,,,0.3011843760836854,0.2962962962962963
2n54B_2hdmA,ShallowMsa_049,68,0.24811816619282662,0.24615384615384617,,,0.24811816619282662,0.24615384615384617
2n54B_2hdmA,ShallowMsa_050,65,0.3535856733046411,0.36507936507936506,,,0.3535856733046411,0.36507936507936506
2n54B_2hdmA,ShallowMsa_051,64,0.2951389172324431,0.296875,,,0.2951389172324431,0.296875
2n54B_2hdmA,ShallowMsa_052,64,0.2788530906852824,0.2807017543859649,,,0.2788530906852824,0.2807017543859649
2n54B_2hdmA,ShallowMsa_053,64,0.2578894395710407,0.25862068965517243,,,0.2578894395710407,0.25862068965517243
2n54B_2hdmA,ShallowMsa_054,63,0.2875316011668777,0.2903225806451613,,,0.2875316011668777,0.2903225806451613
2n54B_2hdmA,ShallowMsa_055,63,0.30735993241503584,0.3125,,,0.30735993241503584,0.3125
2n54B_2hdmA,ShallowMsa_056,62,0.2520211787065103,0.2521186440677966,,,0.2520211787065103,0.2521186440677966
2n54B_2hdmA,ShallowMsa_057,62,0.2522440092395622,0.24561403508771928,,,0.2522440092395622,0.24561403508771928
2n54B_2hdmA,ShallowMsa_058,62,0.28518060174373266,0.2832080200501253,,,0.28518060174373266,0.2832080200501253
2n54B_2hdmA,ShallowMsa_059,62,0.2313717317043261,0.2222222222222222,,,0.2313717317043261,0.2222222222222222
2n54B_2hdmA,ShallowMsa_060,62,0.3204779350713875,0.3275862068965517,,,0.3204779350713875,0.3275862068965517
2n54B_2hdmA,ShallowMsa_061,61,0.2690419358817263,0.2727272727272727,,,0.2690419358817263,0.2727272727272727
2n54B_2hdmA,ShallowMsa_062,61,0.19977768023631556,0.203125,,,0.19977768023631556,0.203125
2n54B_2hdmA,ShallowMsa_063,60,0.2784584910656249,0.2719568567026194,,,0.2784584910656249,0.2719568567026194
2n54B_2hdmA,ShallowMsa_064,59,0.2677380324859883,0.25806451612903225,,,0.2677380324859883,0.25806451612903225
2n54B_2hdmA,ShallowMsa_065,58,0.23000493222043106,0.234375,,,0.23000493222043106,0.234375
2n54B_2hdmA,ShallowMsa_066,58,0.24578390910979794,0.24242424242424243,,,0.24578390910979794,0.24242424242424243
2n54B_2hdmA,ShallowMsa_067,57,0.3174673481550768,0.31746031746031744,,,0.3174673481550768,0.31746031746031744
2n54B_2hdmA,ShallowMsa_068,57,0.25376235142167136,0.25396825396825395,,,0.25376235142167136,0.25396825396825395
2n54B_2hdmA,ShallowMsa_069,56,0.2537379821842471,0.2457578372159908,,,0.2537379821842471,0.2457578372159908
2n54B_2hdmA,ShallowMsa_070,56,0.25253622005022786,0.25,,,0.25253622005022786,0.25
2n54B_2hdmA,ShallowMsa_071,55,0.21769272394272393,0.203125,,,0.21769272394272393,0.203125
2n54B_2hdmA,ShallowMsa_072,54,0.23218987437137104,0.22807017543859648,,,0.23218987437137104,0.22807017543859648
2n54B_2hdmA,ShallowMsa_073,53,0.281597352973724,0.2857142857142857,,,0.281597352973724,0.2857142857142857
2n54B_2hdmA,ShallowMsa_074,53,0.2675264020215939,0.2698412698412698,,,0.2675264020215939,0.2698412698412698
2n54B_2hdmA,ShallowMsa_075,52,0.6189616406563522,0.6328449328449328,,,0.6189616406563522,0.6328449328449328
2n54B_2hdmA,ShallowMsa_076,52,0.31672997074748854,0.3157894736842105,,,0.31672997074748854,0.3157894736842105
2n54B_2hdmA,ShallowMsa_077,52,0.2648169313119465,0.2677331349206349,,,0.2648169313119465,0.2677331349206349
2n54B_2hdmA,ShallowMsa_078,52,0.25714909584565687,0.2604578858111928,,,0.25714909584565687,0.2604578858111928
2n54B_2hdmA,ShallowMsa_079,51,0.25095776196163017,0.2459016393442623,,,0.25095776196163017,0.2459016393442623
2n54B_2hdmA,ShallowMsa_080,50,0.3082938462655325,0.29944229944229944,,,0.3082938462655325,0.29944229944229944
2n54B_2hdmA,ShallowMsa_081,50,0.2806950654740503,0.28317610062893084,,,0.2806950654740503,0.28317610062893084
2n54B_2hdmA,ShallowMsa_082,50,0.2539107858390139,0.25,,,0.2539107858390139,0.25
2n54B_2hdmA,ShallowMsa_083,49,0.26804121698522043,0.2692307692307692,,,0.26804121698522043,0.2692307692307692
2n54B_2hdmA,ShallowMsa_084,49,0.2515920481642596,0.25,,,0.2515920481642596,0.25
2n54B_2hdmA,ShallowMsa_085,49,0.2710253972100272,0.2698412698412698,,,0.2710253972100272,0.2698412698412698
2n54B_2hdmA,ShallowMsa_086,47,0.31172006697009375,0.3137254901960784,,,0.31172006697009375,0.3137254901960784
2n54B_2hdmA,ShallowMsa_087,47,0.29355638646169,0.2857142857142857,,,0.29355638646169,0.2857142857142857
2n54B_2hdmA,ShallowMsa_088,47,0.26696555396690924,0.265625,,,0.26696555396690924,0.265625
2n54B_2hdmA,ShallowMsa_089,45,0.2679802107917625,0.27692307692307694,,,0.2679802107917625,0.27692307692307694
2n54B_2hdmA,ShallowMsa_090,45,0.3060320229387498,0.3064516129032258,,,0.3060320229387498,0.3064516129032258
2n54B_2hdmA,ShallowMsa_091,45,0.2932717526213155,0.29310344827586204,,,0.2932717526213155,0.29310344827586204
2n54B_2hdmA,ShallowMsa_092,45,0.25373581821657004,0.25757575757575757,,,0.25373581821657004,0.25757575757575757
2n54B_2hdmA,ShallowMsa_093,42,0.2552252802285438,0.25615090213231273,,,0.2552252802285438,0.25615090213231273
2n54B_2hdmA,ShallowMsa_094,39,0.29683132019825864,0.2962962962962963,,,0.29683132019825864,0.2962962962962963
2n54B_2hdmA,ShallowMsa_095,38,0.2634157738860683,0.2661458333333333,,,0.2634157738860683,0.2661458333333333
2n54B_2hdmA,ShallowMsa_096,36,0.29517156808337136,0.2857142857142857,,,0.29517156808337136,0.2857142857142857
2n54B_2hdmA,ShallowMsa_097,36,0.2565200064834843,0.2542372881355932,,,0.2565200064834843,0.2542372881355932
2n54B_2hdmA,ShallowMsa_098,33,0.2416931531454882,0.25,,,0.2416931531454882,0.25
2n54B_2hdmA,ShallowMsa_099,32,0.24287562784024075,0.24317738791423,,,0.24287562784024075,0.24317738791423
2namA_1uxmK,ShallowMsa_000,1816,0.4935012065792588,0.4729205950136183,,,0.4935012065792588,0.4729205950136183
2namA_1uxmK,ShallowMsa_001,1066,0.469127967988029,0.4618298368298368,,,0.469127967988029,0.4618298368298368
2namA_1uxmK,ShallowMsa_002,786,0.5255380042603989,0.5214285714285715,,,0.5255380042603989,0.5214285714285715
2namA_1uxmK,ShallowMsa_003,781,0.49152346839715755,0.4899328859060403,,,0.49152346839715755,0.4899328859060403
2namA_1uxmK,ShallowMsa_004,625,0.36506895464714134,0.3629032258064516,,,0.36506895464714134,0.3629032258064516
2namA_1uxmK,ShallowMsa_005,552,0.4523467590599562,0.46099290780141844,,,0.4523467590599562,0.46099290780141844
2namA_1uxmK,ShallowMsa_006,515,0.3336542683789008,0.33088235294117646,,,0.3336542683789008,0.33088235294117646
2namA_1uxmK,ShallowMsa_007,501,0.43340290622250754,0.415929203539823,,,0.43340290622250754,0.415929203539823
2namA_1uxmK,ShallowMsa_008,490,0.45469849291008113,0.46126568466994,,,0.45469849291008113,0.46126568466994
2namA_1uxmK,ShallowMsa_009,449,0.35725011658293077,0.352112676056338,,,0.35725011658293077,0.352112676056338
2namA_1uxmK,ShallowMsa_010,448,0.4481223480091837,0.45454545454545453,,,0.4481223480091837,0.45454545454545453
2namA_1uxmK,ShallowMsa_011,435,0.48457517658609656,0.47619047619047616,,,0.48457517658609656,0.47619047619047616
2namA_1uxmK,ShallowMsa_012,431,0.35503298645611625,0.35555555555555557,,,0.35503298645611625,0.35555555555555557
2namA_1uxmK,ShallowMsa_013,379,0.5023002901316445,0.5131578947368421,,,0.5023002901316445,0.5131578947368421
2namA_1uxmK,ShallowMsa_014,319,0.43444262943884115,0.45112781954887216,,,0.43444262943884115,0.45112781954887216
2namA_1uxmK,ShallowMsa_015,312,0.31127835333684484,0.3050847457627119,,,0.31127835333684484,0.3050847457627119
2namA_1uxmK,ShallowMsa_016,279,0.42422960750472594,0.4297520661157025,,,0.42422960750472594,0.4297520661157025
2namA_1uxmK,ShallowMsa_017,273,0.3623395661470154,0.3602941176470588,,,0.3623395661470154,0.3602941176470588
2namA_1uxmK,ShallowMsa_018,270,0.4503631544499281,0.45832529423114027,,,0.4503631544499281,0.45832529423114027
2namA_1uxmK,ShallowMsa_019,252,0.41863277369824947,0.4206896551724138,,,0.41863277369824947,0.4206896551724138
2namA_1uxmK,ShallowMsa_020,247,0.3813163859781912,0.3643410852713178,,,0.3813163859781912,0.3643410852713178
2namA_1uxmK,ShallowMsa_021,246,0.40992348003646206,0.41666229060547183,,,0.40992348003646206,0.41666229060547183
2namA_1uxmK,ShallowMsa_022,241,0.4575451848681014,0.4295774647887324,,,0.4575451848681014,0.4295774647887324
2namA_1uxmK,ShallowMsa_023,222,0.3190932427803968,0.3185736677115988,,,0.3190932427803968,0.3185736677115988
2namA_1uxmK,ShallowMsa_024,213,0.4303563874477766,0.43478260869565216,,,0.4303563874477766,0.43478260869565216
2namA_1uxmK,ShallowMsa_025,209,0.41654678278058155,0.417910447761194,,,0.41654678278058155,0.417910447761194
2namA_1uxmK,ShallowMsa_026,201,0.3447142413408406,0.3442622950819672,,,0.3447142413408406,0.3442622950819672
2namA_1uxmK,ShallowMsa_027,201,0.5501668998942281,0.5675675675675675,,,0.5501668998942281,0.5675675675675675
2namA_1uxmK,ShallowMsa_028,200,0.3782270229980336,0.3783282777216043,,,0.3782270229980336,0.3783282777216043
2namA_1uxmK,ShallowMsa_029,194,0.34619456726533593,0.34615384615384615,,,0.34619456726533593,0.34615384615384615
2namA_1uxmK,ShallowMsa_030,192,0.3230731208603233,0.32046159351145037,,,0.3230731208603233,0.32046159351145037
2namA_1uxmK,ShallowMsa_031,190,0.3901354975609313,0.39284802043422734,,,0.3901354975609313,0.39284802043422734
2namA_1uxmK,ShallowMsa_032,184,0.3490623670732135,0.34179894179894177,,,0.3490623670732135,0.34179894179894177
2namA_1uxmK,ShallowMsa_033,183,0.3229199689972136,0.32116788321167883,,,0.3229199689972136,0.32116788321167883
2namA_1uxmK,ShallowMsa_034,183,0.4204908998534275,0.425531914893617,,,0.4204908998534275,0.425531914893617
2namA_1uxmK,ShallowMsa_035,181,0.347321661637371,0.34782608695652173,,,0.347321661637371,0.34782608695652173
2namA_1uxmK,ShallowMsa_036,181,0.6695478001260262,0.6887417218543046,,,0.6695478001260262,0.6887417218543046
2namA_1uxmK,ShallowMsa_037,178,0.3285665663550207,0.32592226613965747,,,0.3285665663550207,0.32592226613965747
2namA_1uxmK,ShallowMsa_038,178,0.6074499392138268,0.6378708936771459,,,0.6074499392138268,0.6378708936771459
2namA_1uxmK,ShallowMsa_039,177,0.3738013796249312,0.3671875,,,0.3738013796249312,0.3671875
2namA_1uxmK,ShallowMsa_040,170,0.3483077687808857,0.3548411964230651,,,0.3483077687808857,0.3548411964230651
2namA_1uxmK,ShallowMsa_041,168,0.5493951686031162,0.6026090936832469,,,0.5493951686031162,0.6026090936832469
2namA_1uxmK,ShallowMsa_042,165,0.3046848360821796,0.30357142857142855,,,0.3046848360821796,0.30357142857142855
2namA_1uxmK,ShallowMsa_043,159,0.6775232621268668,0.74,,,0.6775232621268668,0.74
2namA_1uxmK,ShallowMsa_044,159,0.5107621110032021,0.5227272727272727,,,0.5107621110032021,0.5227272727272727
2namA_1uxmK,ShallowMsa_045,158,0.46233878424494473,0.46621621621621623,,,0.46233878424494473,0.46621621621621623
2namA_1uxmK,ShallowMsa_046,157,0.5531435090024169,0.6013513513513513,,,0.5531435090024169,0.6013513513513513
2namA_1uxmK,ShallowMsa_047,156,0.4285012875469266,0.427003410059676,,,0.4285012875469266,0.427003410059676
2namA_1uxmK,ShallowMsa_048,152,0.36419217691218625,0.364613880742913,,,0.36419217691218625,0.364613880742913
2namA_1uxmK,ShallowMsa_049,149,0.33347243670163307,0.33088235294117646,,,0.33347243670163307,0.33088235294117646
2namA_1uxmK,ShallowMsa_050,149,0.36564302935032544,0.362962962962963,,,0.36564302935032544,0.362962962962963
2namA_1uxmK,ShallowMsa_051,143,0.40565252433244453,0.41007194244604317,,,0.40565252433244453,0.41007194244604317
2namA_1uxmK,ShallowMsa_052,141,0.45554881804131353,0.4666666666666667,,,0.45554881804131353,0.4666666666666667
2namA_1uxmK,ShallowMsa_053,139,0.33653109222560884,0.3333333333333333,,,0.33653109222560884,0.3333333333333333
2namA_1uxmK,ShallowMsa_054,137,0.40804336751469705,0.42028985507246375,,,0.40804336751469705,0.42028985507246375
2namA_1uxmK,ShallowMsa_055,134,0.3329365503643901,0.3284126811199477,,,0.3329365503643901,0.3284126811199477
2namA_1uxmK,ShallowMsa_056,134,0.4552974074748183,0.46621621621621623,,,0.4552974074748183,0.46621621621621623
2namA_1uxmK,ShallowMsa_057,132,0.32519267101723415,0.3234188412206988,,,0.32519267101723415,0.3234188412206988
2namA_1uxmK,ShallowMsa_058,130,0.36384691625635907,0.35798207364341084,,,0.36384691625635907,0.35798207364341084
2namA_1uxmK,ShallowMsa_059,128,0.45507258954913105,0.47759197324414715,,,0.45507258954913105,0.47759197324414715
2namA_1uxmK,ShallowMsa_060,124,0.33881751082180095,0.3346055979643766,,,0.33881751082180095,0.3346055979643766
2namA_1uxmK,ShallowMsa_061,124,0.4304784933352137,0.4321393948670851,,,0.4304784933352137,0.4321393948670851
2namA_1uxmK,ShallowMsa_062,119,0.41816226769169873,0.425531914893617,,,0.41816226769169873,0.425531914893617
2namA_1uxmK,ShallowMsa_063,119,0.3172550191176309,0.31896551724137934,,,0.3172550191176309,0.31896551724137934
2namA_1uxmK,ShallowMsa_064,117,0.42848068955537505,0.4122137404580153,,,0.42848068955537505,0.4122137404580153
2namA_1uxmK,ShallowMsa_065,116,0.35484296207472715,0.35094565341232764,,,0.35484296207472715,0.35094565341232764
2namA_1uxmK,ShallowMsa_066,115,0.3442935086483271,0.34057971014492755,,,0.3442935086483271,0.34057971014492755
2namA_1uxmK,ShallowMsa_067,114,0.39747841045692717,0.41483516483516486,,,0.39747841045692717,0.41483516483516486
2namA_1uxmK,ShallowMsa_068,109,0.3604989895283527,0.358974358974359,,,0.3604989895283527,0.358974358974359
2namA_1uxmK,ShallowMsa_069,107,0.3369379678661574,0.3333333333333333,,,0.3369379678661574,0.3333333333333333
2namA_1uxmK,ShallowMsa_070,107,0.5296125906701711,0.5504587155963303,,,0.5296125906701711,0.5504587155963303
2namA_1uxmK,ShallowMsa_071,104,0.3998420925047172,0.4031417510422871,,,0.3998420925047172,0.4031417510422871
2namA_1uxmK,ShallowMsa_072,100,0.3317994255570593,0.33198924731182794,,,0.3317994255570593,0.33198924731182794
2namA_1uxmK,ShallowMsa_073,91,0.4110018607818124,0.42105263157894735,,,0.4110018607818124,0.42105263157894735
2namA_1uxmK,ShallowMsa_074,88,0.3720043689869074,0.37777777777777777,,,0.3720043689869074,0.37777777777777777
2namA_1uxmK,ShallowMsa_075,88,0.395038677869084,0.4,,,0.395038677869084,0.4
2namA_1uxmK,ShallowMsa_076,86,0.3453909840585118,0.34069548872180455,,,0.3453909840585118,0.34069548872180455
2namA_1uxmK,ShallowMsa_077,86,0.38085245121239486,0.3783101045296167,,,0.38085245121239486,0.3783101045296167
2namA_1uxmK,ShallowMsa_078,82,0.3344978670024221,0.32592226613965747,,,0.3344978670024221,0.32592226613965747
2namA_1uxmK,ShallowMsa_079,79,0.4285721193435124,0.42857142857142855,,,0.4285721193435124,0.42857142857142855
2namA_1uxmK,ShallowMsa_080,77,0.3459605408353572,0.34328358208955223,,,0.3459605408353572,0.34328358208955223
2namA_1uxmK,ShallowMsa_081,76,0.4757933815562749,0.4850261389096341,,,0.4757933815562749,0.4850261389096341
2namA_1uxmK,ShallowMsa_082,69,0.36221205075268,0.36619718309859156,,,0.36221205075268,0.36619718309859156
2namA_1uxmK,ShallowMsa_083,65,0.40477469117448195,0.41304347826086957,,,0.40477469117448195,0.41304347826086957
2namA_1uxmK,ShallowMsa_084,63,0.4120793242121175,0.4148148148148148,,,0.4120793242121175,0.4148148148148148
2namA_1uxmK,ShallowMsa_085,58,0.3316705927046326,0.32972027972027973,,,0.3316705927046326,0.32972027972027973
2namA_1uxmK,ShallowMsa_086,57,0.5127814527770005,0.5365853658536586,,,0.5127814527770005,0.5365853658536586
2namA_1uxmK,ShallowMsa_087,54,0.34272321145309353,0.34031585874095194,,,0.34272321145309353,0.34031585874095194
2namA_1uxmK,ShallowMsa_088,53,0.4371291184572159,0.43884892086330934,,,0.4371291184572159,0.43884892086330934
2namA_1uxmK,ShallowMsa_089,53,0.41013556860804457,0.42028985507246375,,,0.41013556860804457,0.42028985507246375
2namA_1uxmK,ShallowMsa_090,50,0.3839550624061331,0.3783282777216043,,,0.3839550624061331,0.3783282777216043
2namA_1uxmK,ShallowMsa_091,46,0.3499975468356141,0.34633838383838383,,,0.3499975468356141,0.34633838383838383
2namA_1uxmK,ShallowMsa_092,45,0.3420717975861218,0.3333333333333333,,,0.3420717975861218,0.3333333333333333
2namA_1uxmK,ShallowMsa_093,43,0.393566450917273,0.3974358974358974,,,0.393566450917273,0.3974358974358974
2namA_1uxmK,ShallowMsa_094,42,0.35454544483906353,0.35766423357664234,,,0.35454544483906353,0.35766423357664234
2namA_1uxmK,ShallowMsa_095,41,0.4331664758029907,0.4304635761589404,,,0.4331664758029907,0.4304635761589404
2namA_1uxmK,ShallowMsa_096,34,0.33768530660229457,0.3345771144278607,,,0.33768530660229457,0.3345771144278607
2namA_1uxmK,ShallowMsa_097,34,0.4310865776128849,0.4093478260869565,,,0.4310865776128849,0.4093478260869565
2namA_1uxmK,ShallowMsa_098,34,0.37942649427985947,0.3767300023457659,,,0.37942649427985947,0.3767300023457659
2namA_1uxmK,ShallowMsa_099,28,0.32066615582774277,0.3135556282009371,,,0.32066615582774277,0.3135556282009371
2p3vD_2p3vA,ShallowMsa_000,665,0.317289567407478,0.31048387096774194,,,0.317289567407478,0.31048387096774194
2p3vD_2p3vA,ShallowMsa_001,641,0.33524015634239895,0.32211538461538464,,,0.33524015634239895,0.32211538461538464
2p3vD_2p3vA,ShallowMsa_002,528,0.3156238230369022,0.3093671679197995,,,0.3156238230369022,0.3093671679197995
2p3vD_2p3vA,ShallowMsa_003,467,0.31836066957874815,0.30275229357798167,,,0.31836066957874815,0.30275229357798167
2p3vD_2p3vA,ShallowMsa_004,430,0.3433618292971583,0.32926829268292684,,,0.3433618292971583,0.32926829268292684
2p3vD_2p3vA,ShallowMsa_005,396,0.338372966975639,0.3293172690763052,,,0.338372966975639,0.3293172690763052
2p3vD_2p3vA,ShallowMsa_006,387,0.31782085762708273,0.3073770491803279,,,0.31782085762708273,0.3073770491803279
2p3vD_2p3vA,ShallowMsa_007,371,0.31860417636395455,0.30472103004291845,,,0.31860417636395455,0.30472103004291845
2p3vD_2p3vA,ShallowMsa_008,293,0.3158321742858162,0.30833333333333335,,,0.3158321742858162,0.30833333333333335
2p3vD_2p3vA,ShallowMsa_009,245,0.33527755965544054,0.3219178082191781,,,0.33527755965544054,0.3219178082191781
2p3vD_2p3vA,ShallowMsa_010,215,0.36257797216608184,0.35080645161290325,,,0.36257797216608184,0.35080645161290325
2p3vD_2p3vA,ShallowMsa_011,156,0.3112351733997541,0.3052137385717816,,,0.3112351733997541,0.3052137385717816
2p3vD_2p3vA,ShallowMsa_012,154,0.3160565889118732,0.30335101633489153,,,0.3160565889118732,0.30335101633489153
2p3vD_2p3vA,ShallowMsa_013,148,0.32383032093192976,0.30309162641997145,,,0.32383032093192976,0.30309162641997145
2p3vD_2p3vA,ShallowMsa_014,137,0.32450027780569846,0.31512605042016806,,,0.32450027780569846,0.31512605042016806
2p3vD_2p3vA,ShallowMsa_015,131,0.32831887661827763,0.3137254901960784,,,0.32831887661827763,0.3137254901960784
2p3vD_2p3vA,ShallowMsa_016,131,0.29544797543888585,0.29310344827586204,,,0.29544797543888585,0.29310344827586204
2p3vD_2p3vA,ShallowMsa_017,121,0.37079567784724143,0.3662551440329218,,,0.37079567784724143,0.3662551440329218
2p3vD_2p3vA,ShallowMsa_018,121,0.33977131198831395,0.3155737704918033,,,0.33977131198831395,0.3155737704918033
2p3vD_2p3vA,ShallowMsa_019,109,0.34608884973986603,0.3252032520325203,,,0.34608884973986603,0.3252032520325203
2p3vD_2p3vA,ShallowMsa_020,97,0.3195397566513703,0.30612244897959184,,,0.3195397566513703,0.30612244897959184
2p3vD_2p3vA,ShallowMsa_021,91,0.36503211085861964,0.34552845528455284,,,0.36503211085861964,0.34552845528455284
2p3vD_2p3vA,ShallowMsa_022,77,0.36287924322134324,0.350253807106599,,,0.36287924322134324,0.350253807106599
2p3vD_2p3vA,ShallowMsa_023,74,0.3780072011541166,0.403275828648963,,,0.3780072011541166,0.403275828648963
2p3vD_2p3vA,ShallowMsa_024,72,0.32900264870130447,0.3083525916143942,,,0.32900264870130447,0.3083525916143942
2p3vD_2p3vA,ShallowMsa_025,66,0.4124964794632108,0.4159821953472747,,,0.4124964794632108,0.4159821953472747
2p3vD_2p3vA,ShallowMsa_026,65,0.28659417453832375,0.28870292887029286,,,0.28659417453832375,0.28870292887029286
2p3vD_2p3vA,ShallowMsa_027,63,0.2941955445177191,0.29333333333333333,,,0.2941955445177191,0.29333333333333333
2p3vD_2p3vA,ShallowMsa_028,55,0.36245940796116377,0.3442622950819672,,,0.36245940796116377,0.3442622950819672
2p3vD_2p3vA,ShallowMsa_029,52,0.30962591695977426,0.3020408163265306,,,0.30962591695977426,0.3020408163265306
2p3vD_2p3vA,ShallowMsa_030,52,0.28717533229443865,0.28433576642335767,,,0.28717533229443865,0.28433576642335767
2p3vD_2p3vA,ShallowMsa_031,51,0.2965301233754583,0.2966507177033493,,,0.2965301233754583,0.2966507177033493
2p3vD_2p3vA,ShallowMsa_032,49,0.3680593307003371,0.358974358974359,,,0.3680593307003371,0.358974358974359
2p3vD_2p3vA,ShallowMsa_033,47,0.34441482405104923,0.3360995850622407,,,0.34441482405104923,0.3360995850622407
2p3vD_2p3vA,ShallowMsa_034,46,0.37709161106342715,0.3546802131912059,,,0.37709161106342715,0.3546802131912059
2p3vD_2p3vA,ShallowMsa_035,46,0.28799816542877066,0.28509852216748766,,,0.28799816542877066,0.28509852216748766
2p3vD_2p3vA,ShallowMsa_036,46,0.2951331589371465,0.29116129032258065,,,0.2951331589371465,0.29116129032258065
2p3vD_2p3vA,ShallowMsa_037,46,0.275960214323525,0.2755719467113064,,,0.275960214323525,0.2755719467113064
2p3vD_2p3vA,ShallowMsa_038,44,0.3040457911986972,0.3014063591893781,,,0.3040457911986972,0.3014063591893781
2p3vD_2p3vA,ShallowMsa_039,42,0.28718591515457226,0.2837124421560321,,,0.28718591515457226,0.2837124421560321
2p3vD_2p3vA,ShallowMsa_040,40,0.28577187311633506,0.2838427947598253,,,0.28577187311633506,0.2838427947598253
2p3vD_2p3vA,ShallowMsa_041,40,0.27473172878116,0.27442588365497683,,,0.27473172878116,0.27442588365497683
2p3vD_2p3vA,ShallowMsa_042,38,0.39336795983981476,0.41426809210526316,,,0.39336795983981476,0.41426809210526316
2p3vD_2p3vA,ShallowMsa_043,37,0.33273002065365836,0.3125,,,0.33273002065365836,0.3125
2p3vD_2p3vA,ShallowMsa_044,37,0.284873173872954,0.2851063829787234,,,0.284873173872954,0.2851063829787234
2p3vD_2p3vA,ShallowMsa_045,34,0.3614768083791481,0.3570229007633588,,,0.3614768083791481,0.3570229007633588
2p3vD_2p3vA,ShallowMsa_046,34,0.38358440410894135,0.41266329980383154,,,0.38358440410894135,0.41266329980383154
2p3vD_2p3vA,ShallowMsa_047,34,0.2798819734775262,0.2807112068965517,,,0.2798819734775262,0.2807112068965517
2p3vD_2p3vA,ShallowMsa_048,34,0.29504329440487115,0.29174898785425096,,,0.29504329440487115,0.29174898785425096
2p3vD_2p3vA,ShallowMsa_049,32,0.31994166225722587,0.3143145161290323,,,0.31994166225722587,0.3143145161290323
2p3vD_2p3vA,ShallowMsa_050,32,0.37345332295711964,0.3984289367921081,,,0.37345332295711964,0.3984289367921081
2p3vD_2p3vA,ShallowMsa_051,31,0.2854181360319388,0.28448275862068967,,,0.2854181360319388,0.28448275862068967
2p3vD_2p3vA,ShallowMsa_052,29,0.2760648727250506,0.27615062761506276,,,0.2760648727250506,0.27615062761506276
2p3vD_2p3vA,ShallowMsa_053,27,0.2899319972987486,0.28654970760233917,,,0.2899319972987486,0.28654970760233917
2p3vD_2p3vA,ShallowMsa_054,26,0.3703054006661069,0.38409017453135097,,,0.3703054006661069,0.38409017453135097
2p3vD_2p3vA,ShallowMsa_055,26,0.3466168023888801,0.3236499517839923,,,0.3466168023888801,0.3236499517839923
2p3vD_2p3vA,ShallowMsa_056,26,0.29360574003535117,0.29736668861092824,,,0.29360574003535117,0.29736668861092824
2p3vD_2p3vA,ShallowMsa_057,26,0.29352924689578697,0.2924612137593957,,,0.29352924689578697,0.2924612137593957
2p3vD_2p3vA,ShallowMsa_058,25,0.32566380679711265,0.3223684210526316,,,0.32566380679711265,0.3223684210526316
2p3vD_2p3vA,ShallowMsa_059,25,0.4054961406230676,0.4180327868852459,,,0.4054961406230676,0.4180327868852459
2p3vD_2p3vA,ShallowMsa_060,25,0.29132736013948896,0.2931726907630522,,,0.29132736013948896,0.2931726907630522
2p3vD_2p3vA,ShallowMsa_061,25,0.3084581790034642,0.308,,,0.3084581790034642,0.308
2p3vD_2p3vA,ShallowMsa_062,25,0.3090692068133756,0.3076923076923077,,,0.3090692068133756,0.3076923076923077
2p3vD_2p3vA,ShallowMsa_063,23,0.31586344192263127,0.3185840707964602,,,0.31586344192263127,0.3185840707964602
2p3vD_2p3vA,ShallowMsa_064,23,0.4165507959517014,0.4166666666666667,,,0.4165507959517014,0.4166666666666667
2p3vD_2p3vA,ShallowMsa_065,22,0.30475091977017965,0.3051005747126436,,,0.30475091977017965,0.3051005747126436
2p3vD_2p3vA,ShallowMsa_066,22,0.28152748038824277,0.2829084641204753,,,0.28152748038824277,0.2829084641204753
2p3vD_2p3vA,ShallowMsa_067,22,0.3036324218450331,0.2991666228968608,,,0.3036324218450331,0.2991666228968608
2p3vD_2p3vA,ShallowMsa_068,21,0.3166539392730708,0.30597014925373134,,,0.3166539392730708,0.30597014925373134
2p3vD_2p3vA,ShallowMsa_069,21,0.2873258007076591,0.29017857142857145,,,0.2873258007076591,0.29017857142857145
2p3vD_2p3vA,ShallowMsa_070,19,0.3090266429579964,0.2892561983471074,,,0.3090266429579964,0.2892561983471074
2p3vD_2p3vA,ShallowMsa_071,19,0.3217727972467567,0.32142857142857145,,,0.3217727972467567,0.32142857142857145
2p3vD_2p3vA,ShallowMsa_072,19,0.29643797502421054,0.28688524590163933,,,0.29643797502421054,0.28688524590163933
2p3vD_2p3vA,ShallowMsa_073,18,0.32333532642178286,0.32053343076360974,,,0.32333532642178286,0.32053343076360974
2p3vD_2p3vA,ShallowMsa_074,18,0.2804743017089494,0.27644741380875437,,,0.2804743017089494,0.27644741380875437
2p3vD_2p3vA,ShallowMsa_075,18,0.3080161788943461,0.30952143900172574,,,0.3080161788943461,0.30952143900172574
2p3vD_2p3vA,ShallowMsa_076,18,0.30919011377140887,0.30816714150047486,,,0.30919011377140887,0.30816714150047486
2p3vD_2p3vA,ShallowMsa_077,18,0.31689023295650987,0.31683721875847115,,,0.31689023295650987,0.31683721875847115
2p3vD_2p3vA,ShallowMsa_078,18,0.29587958890621135,0.2927947078430039,,,0.29587958890621135,0.2927947078430039
2p3vD_2p3vA,ShallowMsa_079,17,0.34891182778342467,0.34854771784232363,,,0.34891182778342467,0.34854771784232363
2p3vD_2p3vA,ShallowMsa_080,17,0.3259740812248251,0.3220338983050847,,,0.3259740812248251,0.3220338983050847
2p3vD_2p3vA,ShallowMsa_081,17,0.32291546710159313,0.3170731707317073,,,0.32291546710159313,0.3170731707317073
2p3vD_2p3vA,ShallowMsa_082,16,0.31115428362356656,0.3115340801215113,,,0.31115428362356656,0.3115340801215113
2p3vD_2p3vA,ShallowMsa_083,16,0.32400857812857,0.32720686655066256,,,0.32400857812857,0.32720686655066256
2p3vD_2p3vA,ShallowMsa_084,16,0.32842073097161195,0.3237704918032787,,,0.32842073097161195,0.3237704918032787
2p3vD_2p3vA,ShallowMsa_085,16,0.31533287139036115,0.31377082513446153,,,0.31533287139036115,0.31377082513446153
2p3vD_2p3vA,ShallowMsa_086,16,0.3798447165552731,0.383974358974359,,,0.3798447165552731,0.383974358974359
2p3vD_2p3vA,ShallowMsa_087,16,0.34233376168482593,0.3394613583138173,,,0.34233376168482593,0.3394613583138173
2p3vD_2p3vA,ShallowMsa_088,16,0.3308122155103581,0.3238919485969053,,,0.3308122155103581,0.3238919485969053
2p3vD_2p3vA,ShallowMsa_089,16,0.30476882421959295,0.3047144243316492,,,0.30476882421959295,0.3047144243316492
2p3vD_2p3vA,ShallowMsa_090,16,0.3132628865018374,0.3055002488800398,,,0.3132628865018374,0.3055002488800398
2p3vD_2p3vA,ShallowMsa_091,16,0.30527919803908254,0.29845676588392367,,,0.30527919803908254,0.29845676588392367
2p3vD_2p3vA,ShallowMsa_092,16,0.29018961271183563,0.2907608695652174,,,0.29018961271183563,0.2907608695652174
2p3vD_2p3vA,ShallowMsa_093,16,0.2947626750005289,0.29904375543320777,,,0.2947626750005289,0.29904375543320777
2p3vD_2p3vA,ShallowMsa_094,16,0.2844734018606493,0.28091312618896636,,,0.2844734018606493,0.28091312618896636
2p3vD_2p3vA,ShallowMsa_095,15,0.3182001777100793,0.32167832167832167,,,0.3182001777100793,0.32167832167832167
2p3vD_2p3vA,ShallowMsa_096,15,0.3265170576953865,0.3333333333333333,,,0.3265170576953865,0.3333333333333333
2p3vD_2p3vA,ShallowMsa_097,15,0.32001504356448823,0.3235294117647059,,,0.32001504356448823,0.3235294117647059
2p3vD_2p3vA,ShallowMsa_098,15,0.3061321549664674,0.3024193548387097,,,0.3061321549664674,0.3024193548387097
2p3vD_2p3vA,ShallowMsa_099,14,0.35681214916440684,0.3605147010021902,,,0.35681214916440684,0.3605147010021902
2pbkB_3njqA,ShallowMsa_000,31,0.3001412385967331,0.29651162790697677,,,0.3001412385967331,0.29651162790697677
2pbkB_3njqA,ShallowMsa_001,31,0.2978679599779306,0.2986425339366516,,,0.2978679599779306,0.2986425339366516
2pbkB_3njqA,ShallowMsa_002,25,0.3663271458486889,0.3577981651376147,,,0.3663271458486889,0.3577981651376147
2pbkB_3njqA,ShallowMsa_003,23,0.6883394934642982,0.6088888888888889,,,0.6883394934642982,0.6088888888888889
2pbkB_3njqA,ShallowMsa_004,22,0.30668888423596524,0.3044727636181909,,,0.30668888423596524,0.3044727636181909
2pbkB_3njqA,ShallowMsa_005,21,0.5087811006054265,0.5155555555555555,,,0.5087811006054265,0.5155555555555555
2pbkB_3njqA,ShallowMsa_006,21,0.36879474767776493,0.37209302325581395,,,0.36879474767776493,0.37209302325581395
2pbkB_3njqA,ShallowMsa_007,20,0.38012450786534446,0.3819371407606702,,,0.38012450786534446,0.3819371407606702
2pbkB_3njqA,ShallowMsa_008,14,0.28358552804956855,0.28243207596940123,,,0.28358552804956855,0.28243207596940123
2pbkB_3njqA,ShallowMsa_009,12,0.28975095785440613,0.28735632183908044,,,0.28975095785440613,0.28735632183908044
2pbkB_3njqA,ShallowMsa_010,12,0.5366533882572236,0.5327956989247311,,,0.5366533882572236,0.5327956989247311
2pbkB_3njqA,ShallowMsa_011,11,0.47213242156541396,0.46706586826347307,,,0.47213242156541396,0.46706586826347307
2pbkB_3njqA,ShallowMsa_012,11,0.5038084776201067,0.5028248587570622,,,0.5038084776201067,0.5028248587570622
2pbkB_3njqA,ShallowMsa_013,11,0.46617803119353435,0.45739910313901344,,,0.46617803119353435,0.45739910313901344
2pbkB_3njqA,ShallowMsa_014,10,0.47054268380218306,0.478150717540638,,,0.47054268380218306,0.478150717540638
2pbkB_3njqA,ShallowMsa_015,10,0.3760070391161009,0.37261648745519715,,,0.3760070391161009,0.37261648745519715
2qqjA_4qdsA,ShallowMsa_000,933,0.3290785953308727,0.3262411347517731,,,0.3290785953308727,0.3262411347517731
2qqjA_4qdsA,ShallowMsa_001,777,0.33834441636027784,0.3375,,,0.33834441636027784,0.3375
2qqjA_4qdsA,ShallowMsa_002,512,0.34878609323610893,0.34705550063550344,,,0.34878609323610893,0.34705550063550344
2qqjA_4qdsA,ShallowMsa_003,510,0.36038809526823823,0.3269230769230769,,,0.36038809526823823,0.3269230769230769
2qqjA_4qdsA,ShallowMsa_004,493,0.3364967204060785,0.3333333333333333,,,0.3364967204060785,0.3333333333333333
2qqjA_4qdsA,ShallowMsa_005,474,0.34292447229964823,0.33895461267205096,,,0.34292447229964823,0.33895461267205096
2qqjA_4qdsA,ShallowMsa_006,326,0.33670075194264076,0.33753537432467196,,,0.33670075194264076,0.33753537432467196
2qqjA_4qdsA,ShallowMsa_007,308,0.3232560179572874,0.3188405797101449,,,0.3232560179572874,0.3188405797101449
2qqjA_4qdsA,ShallowMsa_008,302,0.3240362376691801,0.32,,,0.3240362376691801,0.32
2qqjA_4qdsA,ShallowMsa_009,287,0.32443161107135143,0.32167832167832167,,,0.32443161107135143,0.32167832167832167
2qqjA_4qdsA,ShallowMsa_010,276,0.3205705629763879,0.3202564102564103,,,0.3205705629763879,0.3202564102564103
2qqjA_4qdsA,ShallowMsa_011,258,0.32155512033145944,0.3195160366552119,,,0.32155512033145944,0.3195160366552119
2qqjA_4qdsA,ShallowMsa_012,234,0.3003183831338732,0.2964240102171136,,,0.3003183831338732,0.2964240102171136
2qqjA_4qdsA,ShallowMsa_013,214,0.3087739674897829,0.30990033769870684,,,0.3087739674897829,0.30990033769870684
2qqjA_4qdsA,ShallowMsa_014,210,0.3741632471655096,0.3881402340813916,,,0.3741632471655096,0.3881402340813916
2qqjA_4qdsA,ShallowMsa_015,210,0.3288823454741382,0.3273809523809524,,,0.3288823454741382,0.3273809523809524
2qqjA_4qdsA,ShallowMsa_016,201,0.32963460613098844,0.3277027027027027,,,0.32963460613098844,0.3277027027027027
2qqjA_4qdsA,ShallowMsa_017,200,0.3331345189929064,0.3333333333333333,,,0.3331345189929064,0.3333333333333333
2qqjA_4qdsA,ShallowMsa_018,187,0.29134016012772007,0.2910958904109589,,,0.29134016012772007,0.2910958904109589
2qqjA_4qdsA,ShallowMsa_019,186,0.3814503167131282,0.4107774652998276,,,0.3814503167131282,0.4107774652998276
2qqjA_4qdsA,ShallowMsa_020,186,0.3501650457476673,0.34919543947602494,,,0.3501650457476673,0.34919543947602494
2qqjA_4qdsA,ShallowMsa_021,185,0.3673289084311063,0.369281045751634,,,0.3673289084311063,0.369281045751634
2qqjA_4qdsA,ShallowMsa_022,172,0.3126054365655182,0.310957946259115,,,0.3126054365655182,0.310957946259115
2qqjA_4qdsA,ShallowMsa_023,172,0.8203652430005093,0.8647034749609346,,,0.8203652430005093,0.8647034749609346
2qqjA_4qdsA,ShallowMsa_024,170,0.5334138555440416,0.5387096774193548,,,0.5334138555440416,0.5387096774193548
2qqjA_4qdsA,ShallowMsa_025,168,0.2929253741175578,0.2922979797979798,,,0.2929253741175578,0.2922979797979798
2qqjA_4qdsA,ShallowMsa_026,159,0.29153697255785077,0.28776978417266186,,,0.29153697255785077,0.28776978417266186
2qqjA_4qdsA,ShallowMsa_027,157,0.41944070013817103,0.42953020134228187,,,0.41944070013817103,0.42953020134228187
2qqjA_4qdsA,ShallowMsa_028,155,0.49292077612391416,0.49514563106796117,,,0.49292077612391416,0.49514563106796117
2qqjA_4qdsA,ShallowMsa_029,152,0.3173549249070284,0.3196059431524548,,,0.3173549249070284,0.3196059431524548
2qqjA_4qdsA,ShallowMsa_030,147,0.6339034199841321,0.6730769230769231,,,0.6339034199841321,0.6730769230769231
2qqjA_4qdsA,ShallowMsa_031,144,0.37176809102448366,0.37442547282364214,,,0.37176809102448366,0.37442547282364214
2qqjA_4qdsA,ShallowMsa_032,142,0.38131950598581243,0.3853820598006645,,,0.38131950598581243,0.3853820598006645
2qqjA_4qdsA,ShallowMsa_033,140,0.3383617831739335,0.3333333333333333,,,0.3383617831739335,0.3333333333333333
2qqjA_4qdsA,ShallowMsa_034,138,0.3390131833456816,0.33722965440356745,,,0.3390131833456816,0.33722965440356745
2qqjA_4qdsA,ShallowMsa_035,133,0.32302823339695697,0.32142857142857145,,,0.32302823339695697,0.32142857142857145
2qqjA_4qdsA,ShallowMsa_036,133,0.3382332431548434,0.3333333333333333,,,0.3382332431548434,0.3333333333333333
2qqjA_4qdsA,ShallowMsa_037,132,0.3123165011672921,0.31343234323432345,,,0.3123165011672921,0.31343234323432345
2qqjA_4qdsA,ShallowMsa_038,131,0.338876171472943,0.3312883435582822,,,0.338876171472943,0.3312883435582822
2qqjA_4qdsA,ShallowMsa_039,128,0.3387979842534301,0.3333333333333333,,,0.3387979842534301,0.3333333333333333
2qqjA_4qdsA,ShallowMsa_040,127,0.2933455920075818,0.2857142857142857,,,0.2933455920075818,0.2857142857142857
2qqjA_4qdsA,ShallowMsa_041,127,0.32512161523852073,0.3197278911564626,,,0.32512161523852073,0.3197278911564626
2qqjA_4qdsA,ShallowMsa_042,126,0.3274698506946273,0.32393946911436367,,,0.3274698506946273,0.32393946911436367
2qqjA_4qdsA,ShallowMsa_043,126,0.5205569117992803,0.5196526306497176,,,0.5205569117992803,0.5196526306497176
2qqjA_4qdsA,ShallowMsa_044,125,0.3353786431454468,0.3236994219653179,,,0.3353786431454468,0.3236994219653179
2qqjA_4qdsA,ShallowMsa_045,124,0.30289144115273475,0.30303030303030304,,,0.30289144115273475,0.30303030303030304
2qqjA_4qdsA,ShallowMsa_046,122,0.29941613203867334,0.2957385095939313,,,0.29941613203867334,0.2957385095939313
2qqjA_4qdsA,ShallowMsa_047,121,0.6523693917806347,0.6741573033707865,,,0.6523693917806347,0.6741573033707865
2qqjA_4qdsA,ShallowMsa_048,117,0.34010425487405005,0.3310810810810811,,,0.34010425487405005,0.3310810810810811
2qqjA_4qdsA,ShallowMsa_049,117,0.37186471453890596,0.375,,,0.37186471453890596,0.375
2qqjA_4qdsA,ShallowMsa_050,115,0.2831672288858565,0.28125,,,0.2831672288858565,0.28125
2qqjA_4qdsA,ShallowMsa_051,114,0.34629581976136475,0.33550420168067224,,,0.34629581976136475,0.33550420168067224
2qqjA_4qdsA,ShallowMsa_052,109,0.3234915472573933,0.3230769230769231,,,0.3234915472573933,0.3230769230769231
2qqjA_4qdsA,ShallowMsa_053,106,0.3214053844609479,0.31802364738456934,,,0.3214053844609479,0.31802364738456934
2qqjA_4qdsA,ShallowMsa_054,100,0.3174659431274889,0.3153846153846154,,,0.3174659431274889,0.3153846153846154
2qqjA_4qdsA,ShallowMsa_055,99,0.2837709780999963,0.2805755395683453,,,0.2837709780999963,0.2805755395683453
2qqjA_4qdsA,ShallowMsa_056,98,0.3382554058145558,0.34206621004566207,,,0.3382554058145558,0.34206621004566207
2qqjA_4qdsA,ShallowMsa_057,97,0.34934885728669496,0.3388704318936877,,,0.34934885728669496,0.3388704318936877
2qqjA_4qdsA,ShallowMsa_058,95,0.3211046972548966,0.31547619047619047,,,0.3211046972548966,0.31547619047619047
2qqjA_4qdsA,ShallowMsa_059,95,0.513015307300532,0.5569620253164557,,,0.513015307300532,0.5569620253164557
2qqjA_4qdsA,ShallowMsa_060,94,0.30034534361767523,0.29597636556308404,,,0.30034534361767523,0.29597636556308404
2qqjA_4qdsA,ShallowMsa_061,94,0.3281611320220352,0.32811004784688996,,,0.3281611320220352,0.32811004784688996
2qqjA_4qdsA,ShallowMsa_062,93,0.2941642741773203,0.2932330827067669,,,0.2941642741773203,0.2932330827067669
2qqjA_4qdsA,ShallowMsa_063,91,0.30923409705807103,0.3129251700680272,,,0.30923409705807103,0.3129251700680272
2qqjA_4qdsA,ShallowMsa_064,90,0.3189988754874549,0.314983164983165,,,0.3189988754874549,0.314983164983165
2qqjA_4qdsA,ShallowMsa_065,89,0.5085382334015098,0.511326860841424,,,0.5085382334015098,0.511326860841424
2qqjA_4qdsA,ShallowMsa_066,89,0.33958293936952205,0.34219269102990035,,,0.33958293936952205,0.34219269102990035
2qqjA_4qdsA,ShallowMsa_067,88,0.29256932204483904,0.2927700348432056,,,0.29256932204483904,0.2927700348432056
2qqjA_4qdsA,ShallowMsa_068,88,0.33262819001568966,0.3333333333333333,,,0.33262819001568966,0.3333333333333333
2qqjA_4qdsA,ShallowMsa_069,87,0.30915261278290035,0.3013698630136986,,,0.30915261278290035,0.3013698630136986
2qqjA_4qdsA,ShallowMsa_070,80,0.3465349983357769,0.34,,,0.3465349983357769,0.34
2qqjA_4qdsA,ShallowMsa_071,78,0.30813660991198955,0.30666666666666664,,,0.30813660991198955,0.30666666666666664
2qqjA_4qdsA,ShallowMsa_072,76,0.31916687426098916,0.3166342514168601,,,0.31916687426098916,0.3166342514168601
2qqjA_4qdsA,ShallowMsa_073,75,0.31144209384095467,0.3120567375886525,,,0.31144209384095467,0.3120567375886525
2qqjA_4qdsA,ShallowMsa_074,74,0.3343625868033003,0.33446522461027584,,,0.3343625868033003,0.33446522461027584
2qqjA_4qdsA,ShallowMsa_075,73,0.33313073038813856,0.32947976878612717,,,0.33313073038813856,0.32947976878612717
2qqjA_4qdsA,ShallowMsa_076,73,0.2908557449972119,0.2903225806451613,,,0.2908557449972119,0.2903225806451613
2qqjA_4qdsA,ShallowMsa_077,63,0.2877195743474029,0.2833333333333333,,,0.2877195743474029,0.2833333333333333
2qqjA_4qdsA,ShallowMsa_078,63,0.3778678477930065,0.3923076923076923,,,0.3778678477930065,0.3923076923076923
2qqjA_4qdsA,ShallowMsa_079,62,0.30332634972950123,0.30083508724285424,,,0.30332634972950123,0.30083508724285424
2qqjA_4qdsA,ShallowMsa_080,60,0.36032796686491475,0.3510822510822511,,,0.36032796686491475,0.3510822510822511
2qqjA_4qdsA,ShallowMsa_081,60,0.3298371014694733,0.3248407643312102,,,0.3298371014694733,0.3248407643312102
2qqjA_4qdsA,ShallowMsa_082,58,0.29546763613962507,0.29506485289465356,,,0.29546763613962507,0.29506485289465356
2qqjA_4qdsA,ShallowMsa_083,56,0.3224086387090939,0.3286401098901099,,,0.3224086387090939,0.3286401098901099
2qqjA_4qdsA,ShallowMsa_084,56,0.28931254178781485,0.283819280273181,,,0.28931254178781485,0.283819280273181
2qqjA_4qdsA,ShallowMsa_085,56,0.33411379384363016,0.33546816172859717,,,0.33411379384363016,0.33546816172859717
2qqjA_4qdsA,ShallowMsa_086,53,0.3171214686509312,0.31176470588235294,,,0.3171214686509312,0.31176470588235294
2qqjA_4qdsA,ShallowMsa_087,49,0.3038333724965052,0.3,,,0.3038333724965052,0.3
2qqjA_4qdsA,ShallowMsa_088,49,0.2871925793052604,0.2857142857142857,,,0.2871925793052604,0.2857142857142857
2qqjA_4qdsA,ShallowMsa_089,48,0.3328045187529142,0.3353757867456498,,,0.3328045187529142,0.3353757867456498
2qqjA_4qdsA,ShallowMsa_090,48,0.33770578704973025,0.34052980132450333,,,0.33770578704973025,0.34052980132450333
2qqjA_4qdsA,ShallowMsa_091,47,0.3178567294702785,0.31333333333333335,,,0.3178567294702785,0.31333333333333335
2qqjA_4qdsA,ShallowMsa_092,46,0.3089611404200495,0.2999618338819713,,,0.3089611404200495,0.2999618338819713
2qqjA_4qdsA,ShallowMsa_093,43,0.32624345870678284,0.3203125,,,0.32624345870678284,0.3203125
2qqjA_4qdsA,ShallowMsa_094,42,0.3022337920515051,0.30350985221674875,,,0.3022337920515051,0.30350985221674875
2qqjA_4qdsA,ShallowMsa_095,39,0.3122448870197968,0.31343283582089554,,,0.3122448870197968,0.31343283582089554
2qqjA_4qdsA,ShallowMsa_096,36,0.49292109778725,0.5202580590930106,,,0.49292109778725,0.5202580590930106
2qqjA_4qdsA,ShallowMsa_097,35,0.31340690379965985,0.3125,,,0.31340690379965985,0.3125
2qqjA_4qdsA,ShallowMsa_098,33,0.2895078643123069,0.2907801418439716,,,0.2895078643123069,0.2907801418439716
2uy7D_5fluE,ShallowMsa_000,589,0.3525863982059422,0.35526315789473684,,,0.3525863982059422,0.35526315789473684
2uy7D_5fluE,ShallowMsa_001,257,0.3134543729085241,0.3055555555555556,,,0.3134543729085241,0.3055555555555556
2uy7D_5fluE,ShallowMsa_002,252,0.4185540463838403,0.3356174027314967,,,0.4185540463838403,0.3356174027314967
2uy7D_5fluE,ShallowMsa_003,124,0.2833315450319075,0.28187919463087246,,,0.2833315450319075,0.28187919463087246
2uy7D_5fluE,ShallowMsa_004,105,0.5116872980444412,0.5302013422818792,,,0.5116872980444412,0.5302013422818792
2uy7D_5fluE,ShallowMsa_005,104,0.3183827624582393,0.322723609991942,,,0.3183827624582393,0.322723609991942
2uy7D_5fluE,ShallowMsa_006,89,0.29801129071422644,0.2727272727272727,,,0.29801129071422644,0.2727272727272727
2uy7D_5fluE,ShallowMsa_007,83,0.3595875921399468,0.35570469798657717,,,0.3595875921399468,0.35570469798657717
2uy7D_5fluE,ShallowMsa_008,80,0.3032046724929994,0.3006993006993007,,,0.3032046724929994,0.3006993006993007
2uy7D_5fluE,ShallowMsa_009,80,0.3503006882111716,0.3515377446411929,,,0.3503006882111716,0.3515377446411929
2uy7D_5fluE,ShallowMsa_010,79,0.29573732366120603,0.29333333333333333,,,0.29573732366120603,0.29333333333333333
2uy7D_5fluE,ShallowMsa_011,76,0.34973629008383056,0.3557137707281903,,,0.34973629008383056,0.3557137707281903
2uy7D_5fluE,ShallowMsa_012,72,0.28259569026613274,0.2827586206896552,,,0.28259569026613274,0.2827586206896552
2uy7D_5fluE,ShallowMsa_013,71,0.30514533564243035,0.2866666666666667,,,0.30514533564243035,0.2866666666666667
2uy7D_5fluE,ShallowMsa_014,70,0.31292752939860424,0.31355337078651685,,,0.31292752939860424,0.31355337078651685
2uy7D_5fluE,ShallowMsa_015,67,0.2720195946251737,0.2631578947368421,,,0.2720195946251737,0.2631578947368421
2uy7D_5fluE,ShallowMsa_016,67,0.31332815660256147,0.3146853146853147,,,0.31332815660256147,0.3146853146853147
2uy7D_5fluE,ShallowMsa_017,67,0.5354293998604841,0.543046357615894,,,0.5354293998604841,0.543046357615894
2uy7D_5fluE,ShallowMsa_018,66,0.3510052713003402,0.35033320992225103,,,0.3510052713003402,0.35033320992225103
2uy7D_5fluE,ShallowMsa_019,65,0.28280442785613924,0.2805755395683453,,,0.28280442785613924,0.2805755395683453
2uy7D_5fluE,ShallowMsa_020,65,0.2784718535010558,0.27586206896551724,,,0.2784718535010558,0.27586206896551724
2uy7D_5fluE,ShallowMsa_021,64,0.2894501468596209,0.2896551724137931,,,0.2894501468596209,0.2896551724137931
2uy7D_5fluE,ShallowMsa_022,62,0.28926339127733475,0.2925170068027211,,,0.28926339127733475,0.2925170068027211
2uy7D_5fluE,ShallowMsa_023,61,0.29296320920050434,0.2937062937062937,,,0.29296320920050434,0.2937062937062937
2uy7D_5fluE,ShallowMsa_024,61,0.3713941300349539,0.3716216216216216,,,0.3713941300349539,0.3716216216216216
2uy7D_5fluE,ShallowMsa_025,60,0.3121958154231643,0.30985915492957744,,,0.3121958154231643,0.30985915492957744
2uy7D_5fluE,ShallowMsa_026,58,0.3056357623527464,0.3050956585724798,,,0.3056357623527464,0.3050956585724798
2uy7D_5fluE,ShallowMsa_027,57,0.2948234835554722,0.296551724137931,,,0.2948234835554722,0.296551724137931
2uy7D_5fluE,ShallowMsa_028,57,0.3023701541798983,0.3006993006993007,,,0.3023701541798983,0.3006993006993007
2uy7D_5fluE,ShallowMsa_029,57,0.3256804686515116,0.32432432432432434,,,0.3256804686515116,0.32432432432432434
2uy7D_5fluE,ShallowMsa_030,55,0.2954024044694317,0.29577464788732394,,,0.2954024044694317,0.29577464788732394
2uy7D_5fluE,ShallowMsa_031,55,0.3475183026912291,0.348993288590604,,,0.3475183026912291,0.348993288590604
2uy7D_5fluE,ShallowMsa_032,50,0.2884767563374432,0.29069767441860467,,,0.2884767563374432,0.29069767441860467
2uy7D_5fluE,ShallowMsa_033,50,0.3228463199036004,0.3216338259441708,,,0.3228463199036004,0.3216338259441708
2uy7D_5fluE,ShallowMsa_034,50,0.32293655523052023,0.3173345759552656,,,0.32293655523052023,0.3173345759552656
2uy7D_5fluE,ShallowMsa_035,49,0.32776218922621214,0.33793103448275863,,,0.32776218922621214,0.33793103448275863
2uy7D_5fluE,ShallowMsa_036,47,0.3528636647128799,0.3581081081081081,,,0.3528636647128799,0.3581081081081081
2uy7D_5fluE,ShallowMsa_037,44,0.315976151374812,0.31227836879432624,,,0.315976151374812,0.31227836879432624
2uy7D_5fluE,ShallowMsa_038,44,0.2903256108003951,0.29327739486564774,,,0.2903256108003951,0.29327739486564774
2uy7D_5fluE,ShallowMsa_039,44,0.2876229802389275,0.2842017137791786,,,0.2876229802389275,0.2842017137791786
2uy7D_5fluE,ShallowMsa_040,44,0.3659123253729376,0.3673469387755102,,,0.3659123253729376,0.3673469387755102
2uy7D_5fluE,ShallowMsa_041,44,0.3427128767941239,0.3424657534246575,,,0.3427128767941239,0.3424657534246575
2uy7D_5fluE,ShallowMsa_042,43,0.36042954980678604,0.35064935064935066,,,0.36042954980678604,0.35064935064935066
2uy7D_5fluE,ShallowMsa_043,43,0.5406567891832736,0.5436241610738255,,,0.5406567891832736,0.5436241610738255
2uy7D_5fluE,ShallowMsa_044,43,0.3338819474303933,0.3310810810810811,,,0.3338819474303933,0.3310810810810811
2uy7D_5fluE,ShallowMsa_045,42,0.2939125327215155,0.29333333333333333,,,0.2939125327215155,0.29333333333333333
2uy7D_5fluE,ShallowMsa_046,41,0.3449654558706699,0.32413793103448274,,,0.3449654558706699,0.32413793103448274
2uy7D_5fluE,ShallowMsa_047,41,0.3337497622926555,0.3333333333333333,,,0.3337497622926555,0.3333333333333333
2uy7D_5fluE,ShallowMsa_048,41,0.274015279678764,0.271523178807947,,,0.274015279678764,0.271523178807947
2uy7D_5fluE,ShallowMsa_049,40,0.3680313396408598,0.36551724137931035,,,0.3680313396408598,0.36551724137931035
2uy7D_5fluE,ShallowMsa_050,39,0.3640625602129693,0.363013698630137,,,0.3640625602129693,0.363013698630137
2uy7D_5fluE,ShallowMsa_051,39,0.28485404798272285,0.28378378378378377,,,0.28485404798272285,0.28378378378378377
2uy7D_5fluE,ShallowMsa_052,39,0.28358362974734513,0.2867132867132867,,,0.28358362974734513,0.2867132867132867
2uy7D_5fluE,ShallowMsa_053,39,0.30798504741459876,0.3108108108108108,,,0.30798504741459876,0.3108108108108108
2uy7D_5fluE,ShallowMsa_054,38,0.319115276477516,0.32083916083916086,,,0.319115276477516,0.32083916083916086
2uy7D_5fluE,ShallowMsa_055,38,0.3048825234606125,0.30418622848200316,,,0.3048825234606125,0.30418622848200316
2uy7D_5fluE,ShallowMsa_056,38,0.3640765246418427,0.36877428470505125,,,0.3640765246418427,0.36877428470505125
2uy7D_5fluE,ShallowMsa_057,37,0.3037871615336403,0.3055555555555556,,,0.3037871615336403,0.3055555555555556
2uy7D_5fluE,ShallowMsa_058,36,0.3591104578760379,0.3624161073825503,,,0.3591104578760379,0.3624161073825503
2uy7D_5fluE,ShallowMsa_059,35,0.3729683344754932,0.37857142857142856,,,0.3729683344754932,0.37857142857142856
2uy7D_5fluE,ShallowMsa_060,34,0.30517824024452034,0.3006993006993007,,,0.30517824024452034,0.3006993006993007
2uy7D_5fluE,ShallowMsa_061,34,0.2883716608463302,0.2932817182817183,,,0.2883716608463302,0.2932817182817183
2uy7D_5fluE,ShallowMsa_062,34,0.35459969115642176,0.35273281726483696,,,0.35459969115642176,0.35273281726483696
2uy7D_5fluE,ShallowMsa_063,33,0.3118631401401831,0.3055555555555556,,,0.3118631401401831,0.3055555555555556
2uy7D_5fluE,ShallowMsa_064,32,0.2990048002059919,0.2916666666666667,,,0.2990048002059919,0.2916666666666667
2uy7D_5fluE,ShallowMsa_065,32,0.3287342547905928,0.3333333333333333,,,0.3287342547905928,0.3333333333333333
2uy7D_5fluE,ShallowMsa_066,32,0.2950092184665823,0.295673289183223,,,0.2950092184665823,0.295673289183223
2uy7D_5fluE,ShallowMsa_067,31,0.30447900569006386,0.3064516129032258,,,0.30447900569006386,0.3064516129032258
2uy7D_5fluE,ShallowMsa_068,31,0.3442286906294203,0.3424657534246575,,,0.3442286906294203,0.3424657534246575
2uy7D_5fluE,ShallowMsa_069,31,0.3031082019875176,0.3,,,0.3031082019875176,0.3
2uy7D_5fluE,ShallowMsa_070,30,0.35943418262040844,0.3648778259876684,,,0.35943418262040844,0.3648778259876684
2uy7D_5fluE,ShallowMsa_071,30,0.31228867473391386,0.31506077814802647,,,0.31228867473391386,0.31506077814802647
2uy7D_5fluE,ShallowMsa_072,30,0.30610183150583636,0.3006993006993007,,,0.30610183150583636,0.3006993006993007
2uy7D_5fluE,ShallowMsa_073,30,0.37398585155461483,0.3707482993197279,,,0.37398585155461483,0.3707482993197279
2uy7D_5fluE,ShallowMsa_074,29,0.301702410507422,0.3013698630136986,,,0.301702410507422,0.3013698630136986
2uy7D_5fluE,ShallowMsa_075,28,0.3040214456261157,0.30742364059717847,,,0.3040214456261157,0.30742364059717847
2uy7D_5fluE,ShallowMsa_076,28,0.29424623102910197,0.2918186423505572,,,0.29424623102910197,0.2918186423505572
2uy7D_5fluE,ShallowMsa_077,28,0.2954946633825944,0.296551724137931,,,0.2954946633825944,0.296551724137931
2uy7D_5fluE,ShallowMsa_078,28,0.2752712931110444,0.2756218160023974,,,0.2752712931110444,0.2756218160023974
2uy7D_5fluE,ShallowMsa_079,27,0.41117910288626797,0.436241610738255,,,0.41117910288626797,0.436241610738255
2uy7D_5fluE,ShallowMsa_080,26,0.3332590542604231,0.3137254901960784,,,0.3332590542604231,0.3137254901960784
2uy7D_5fluE,ShallowMsa_081,26,0.3140589222154209,0.3125,,,0.3140589222154209,0.3125
2uy7D_5fluE,ShallowMsa_082,26,0.3151262052124121,0.3194444444444444,,,0.3151262052124121,0.3194444444444444
2uy7D_5fluE,ShallowMsa_083,26,0.27784232932800274,0.2746478873239437,,,0.27784232932800274,0.2746478873239437
2uy7D_5fluE,ShallowMsa_084,26,0.35502603315941794,0.3618421052631579,,,0.35502603315941794,0.3618421052631579
2uy7D_5fluE,ShallowMsa_085,26,0.34897019805077034,0.3493150684931507,,,0.34897019805077034,0.3493150684931507
2uy7D_5fluE,ShallowMsa_086,26,0.33124000895140754,0.33962264150943394,,,0.33124000895140754,0.33962264150943394
2uy7D_5fluE,ShallowMsa_087,25,0.2871169192015355,0.3055555555555556,,,0.2871169192015355,0.3055555555555556
2uy7D_5fluE,ShallowMsa_088,25,0.2877654791117815,0.296551724137931,,,0.2877654791117815,0.296551724137931
2uy7D_5fluE,ShallowMsa_089,25,0.3397933326993551,0.3402777777777778,,,0.3397933326993551,0.3402777777777778
2uy7D_5fluE,ShallowMsa_090,25,0.29406465891050537,0.2891566265060241,,,0.29406465891050537,0.2891566265060241
2uy7D_5fluE,ShallowMsa_091,25,0.5147230736413602,0.5172413793103449,,,0.5147230736413602,0.5172413793103449
2uy7D_5fluE,ShallowMsa_092,25,0.2946922795900369,0.2913907284768212,,,0.2946922795900369,0.2913907284768212
2uy7D_5fluE,ShallowMsa_093,24,0.3215167820539386,0.3176470588235294,,,0.3215167820539386,0.3176470588235294
2uy7D_5fluE,ShallowMsa_094,24,0.2646782373483469,0.2675615212527964,,,0.2646782373483469,0.2675615212527964
2uy7D_5fluE,ShallowMsa_095,23,0.30021975862583783,0.2986111111111111,,,0.30021975862583783,0.2986111111111111
2uy7D_5fluE,ShallowMsa_096,23,0.8846648508987194,0.869281045751634,,,0.8846648508987194,0.869281045751634
2uy7D_5fluE,ShallowMsa_097,23,0.34884518357259725,0.3541666666666667,,,0.34884518357259725,0.3541666666666667
2uy7D_5fluE,ShallowMsa_098,23,0.30616767500443753,0.3023255813953488,,,0.30616767500443753,0.3023255813953488
2uy7D_5fluE,ShallowMsa_099,21,0.33233433233433235,0.32867132867132864,,,0.33233433233433235,0.32867132867132864
2vfxL_3gmhL,ShallowMsa_000,292,0.5360044366193611,0.5547002502448047,,,0.5360044366193611,0.5547002502448047
2vfxL_3gmhL,ShallowMsa_001,265,0.5272341728155271,0.5340314136125655,,,0.5272341728155271,0.5340314136125655
2vfxL_3gmhL,ShallowMsa_002,211,0.7288457891727387,0.7918781725888325,,,0.7288457891727387,0.7918781725888325
2vfxL_3gmhL,ShallowMsa_003,190,0.27910891792662096,0.2786326280818325,,,0.27910891792662096,0.2786326280818325
2vfxL_3gmhL,ShallowMsa_004,119,0.8103182770831799,0.8488372093023255,,,0.8103182770831799,0.8488372093023255
2vfxL_3gmhL,ShallowMsa_005,117,0.49740932657066583,0.5128205128205128,,,0.49740932657066583,0.5128205128205128
2vfxL_3gmhL,ShallowMsa_006,114,0.5132066759895307,0.5336348219332956,,,0.5132066759895307,0.5336348219332956
2vfxL_3gmhL,ShallowMsa_007,108,0.45833724800599884,0.4678455568984161,,,0.45833724800599884,0.4678455568984161
2vfxL_3gmhL,ShallowMsa_008,106,0.45494301697777323,0.4661449149553753,,,0.45494301697777323,0.4661449149553753
2vfxL_3gmhL,ShallowMsa_009,94,0.249487251706587,0.24568841621155504,,,0.249487251706587,0.24568841621155504
2vfxL_3gmhL,ShallowMsa_010,94,0.4039885934557755,0.2964997964997965,,,0.4039885934557755,0.2964997964997965
2vfxL_3gmhL,ShallowMsa_011,93,0.48698760087182646,0.48717948717948717,,,0.48698760087182646,0.48717948717948717
2vfxL_3gmhL,ShallowMsa_012,90,0.3821728069354592,0.40609137055837563,,,0.3821728069354592,0.40609137055837563
2vfxL_3gmhL,ShallowMsa_013,88,0.6022283771013648,0.6009666117935081,,,0.6022283771013648,0.6009666117935081
2vfxL_3gmhL,ShallowMsa_014,75,0.27313843760516865,0.26490066225165565,,,0.27313843760516865,0.26490066225165565
2vfxL_3gmhL,ShallowMsa_015,75,0.5473941011605944,0.5659340659340659,,,0.5473941011605944,0.5659340659340659
2vfxL_3gmhL,ShallowMsa_016,74,0.7785593206839807,0.9135001907221032,,,0.7785593206839807,0.9135001907221032
2vfxL_3gmhL,ShallowMsa_017,71,0.24442035403707457,0.24161073825503357,,,0.24442035403707457,0.24161073825503357
2vfxL_3gmhL,ShallowMsa_018,70,0.47271134932956027,0.4796199679848224,,,0.47271134932956027,0.4796199679848224
2vfxL_3gmhL,ShallowMsa_019,70,0.45795321886429535,0.4753286804090245,,,0.45795321886429535,0.4753286804090245
2vfxL_3gmhL,ShallowMsa_020,67,0.45563001660456465,0.47474747474747475,,,0.45563001660456465,0.47474747474747475
2vfxL_3gmhL,ShallowMsa_021,66,0.5185713365301792,0.527046783625731,,,0.5185713365301792,0.527046783625731
2vfxL_3gmhL,ShallowMsa_022,65,0.4425122741131451,0.4426229508196721,,,0.4425122741131451,0.4426229508196721
2vfxL_3gmhL,ShallowMsa_023,64,0.24529530102462738,0.2442270826071802,,,0.24529530102462738,0.2442270826071802
2vfxL_3gmhL,ShallowMsa_024,63,0.47634280534620604,0.48905109489051096,,,0.47634280534620604,0.48905109489051096
2vfxL_3gmhL,ShallowMsa_025,61,0.4904587828146046,0.4918918918918919,,,0.4904587828146046,0.4918918918918919
2vfxL_3gmhL,ShallowMsa_026,60,0.4614785017494372,0.4797979797979798,,,0.4614785017494372,0.4797979797979798
2vfxL_3gmhL,ShallowMsa_027,59,0.42635676772523445,0.4375,,,0.42635676772523445,0.4375
2vfxL_3gmhL,ShallowMsa_028,59,0.4296595099586116,0.42934782608695654,,,0.4296595099586116,0.42934782608695654
2vfxL_3gmhL,ShallowMsa_029,59,0.46620658476510357,0.4648648648648649,,,0.46620658476510357,0.4648648648648649
2vfxL_3gmhL,ShallowMsa_030,59,0.909493241419128,0.918918918918919,,,0.909493241419128,0.918918918918919
2vfxL_3gmhL,ShallowMsa_031,58,0.273488903570447,0.2692646842698281,,,0.273488903570447,0.2692646842698281
2vfxL_3gmhL,ShallowMsa_032,58,0.47796184615418996,0.4797833829625737,,,0.47796184615418996,0.4797833829625737
2vfxL_3gmhL,ShallowMsa_033,58,0.4350617855041678,0.4360376329424598,,,0.4350617855041678,0.4360376329424598
2vfxL_3gmhL,ShallowMsa_034,56,0.5660936252847997,0.5672240802675586,,,0.5660936252847997,0.5672240802675586
2vfxL_3gmhL,ShallowMsa_035,56,0.3804138415919012,0.3879781420765027,,,0.3804138415919012,0.3879781420765027
2vfxL_3gmhL,ShallowMsa_036,56,0.3569482670421259,0.35026496786559924,,,0.3569482670421259,0.35026496786559924
2vfxL_3gmhL,ShallowMsa_037,56,0.470244894357515,0.476046886944704,,,0.470244894357515,0.476046886944704
2vfxL_3gmhL,ShallowMsa_038,55,0.24974360430609488,0.2483221476510067,,,0.24974360430609488,0.2483221476510067
2vfxL_3gmhL,ShallowMsa_039,55,0.40145592934075064,0.43147208121827413,,,0.40145592934075064,0.43147208121827413
2vfxL_3gmhL,ShallowMsa_040,54,0.567245627087303,0.568401354482267,,,0.567245627087303,0.568401354482267
2vfxL_3gmhL,ShallowMsa_041,52,0.4668788286023152,0.46634160903527544,,,0.4668788286023152,0.46634160903527544
2vfxL_3gmhL,ShallowMsa_042,51,0.41096442625212815,0.4098360655737705,,,0.41096442625212815,0.4098360655737705
2vfxL_3gmhL,ShallowMsa_043,51,0.42750027266539253,0.42934782608695654,,,0.42750027266539253,0.42934782608695654
2vfxL_3gmhL,ShallowMsa_044,50,0.4363861910579304,0.4371584699453552,,,0.4363861910579304,0.4371584699453552
2vfxL_3gmhL,ShallowMsa_045,49,0.5456830497029125,0.5555555555555556,,,0.5456830497029125,0.5555555555555556
2vfxL_3gmhL,ShallowMsa_046,49,0.462836208137696,0.46195652173913043,,,0.462836208137696,0.46195652173913043
2vfxL_3gmhL,ShallowMsa_047,48,0.42612944318530027,0.4252659574468085,,,0.42612944318530027,0.4252659574468085
2vfxL_3gmhL,ShallowMsa_048,48,0.43775495809488985,0.44985954017890145,,,0.43775495809488985,0.44985954017890145
2vfxL_3gmhL,ShallowMsa_049,47,0.5737694740134895,0.5774647887323944,,,0.5737694740134895,0.5774647887323944
2vfxL_3gmhL,ShallowMsa_050,45,0.515706376106707,0.4840764331210191,,,0.515706376106707,0.4840764331210191
2vfxL_3gmhL,ShallowMsa_051,45,0.34906767549194706,0.34782608695652173,,,0.34906767549194706,0.34782608695652173
2vfxL_3gmhL,ShallowMsa_052,45,0.44946534938977317,0.44808743169398907,,,0.44946534938977317,0.44808743169398907
2vfxL_3gmhL,ShallowMsa_053,45,0.4576871270394872,0.4725274725274725,,,0.4576871270394872,0.4725274725274725
2vfxL_3gmhL,ShallowMsa_054,45,0.4543068680708261,0.453125,,,0.4543068680708261,0.453125
2vfxL_3gmhL,ShallowMsa_055,44,0.26336261306520853,0.26143790849673204,,,0.26336261306520853,0.26143790849673204
2vfxL_3gmhL,ShallowMsa_056,43,0.499721169775831,0.515625,,,0.499721169775831,0.515625
2vfxL_3gmhL,ShallowMsa_057,43,0.7542395379265251,0.75,,,0.7542395379265251,0.75
2vfxL_3gmhL,ShallowMsa_058,42,0.5451555940794941,0.5456852791878173,,,0.5451555940794941,0.5456852791878173
2vfxL_3gmhL,ShallowMsa_059,41,0.46044546394414293,0.5040650406504065,,,0.46044546394414293,0.5040650406504065
2vfxL_3gmhL,ShallowMsa_060,40,0.27702732871974944,0.2871524448705657,,,0.27702732871974944,0.2871524448705657
2vfxL_3gmhL,ShallowMsa_061,40,0.2740424198899051,0.26207815698034176,,,0.2740424198899051,0.26207815698034176
2vfxL_3gmhL,ShallowMsa_062,40,0.4383000234549086,0.4418543046357616,,,0.4383000234549086,0.4418543046357616
2vfxL_3gmhL,ShallowMsa_063,40,0.4649050466647287,0.4675210674157303,,,0.4649050466647287,0.4675210674157303
2vfxL_3gmhL,ShallowMsa_064,40,0.49461577524128353,0.4896865683667714,,,0.49461577524128353,0.4896865683667714
2vfxL_3gmhL,ShallowMsa_065,39,0.4536536248624742,0.5104166666666666,,,0.4536536248624742,0.5104166666666666
2vfxL_3gmhL,ShallowMsa_066,39,0.36953970772790967,0.34513274336283184,,,0.36953970772790967,0.34513274336283184
2vfxL_3gmhL,ShallowMsa_067,39,0.5486160470567326,0.5454545454545454,,,0.5486160470567326,0.5454545454545454
2vfxL_3gmhL,ShallowMsa_068,39,0.4829357569779945,0.48044692737430167,,,0.4829357569779945,0.48044692737430167
2vfxL_3gmhL,ShallowMsa_069,39,0.5277929321643534,0.531578947368421,,,0.5277929321643534,0.531578947368421
2vfxL_3gmhL,ShallowMsa_070,38,0.25176242459062603,0.25509070714550164,,,0.25176242459062603,0.25509070714550164
2vfxL_3gmhL,ShallowMsa_071,35,0.8439026489259306,0.8571428571428571,,,0.8439026489259306,0.8571428571428571
2vfxL_3gmhL,ShallowMsa_072,34,0.40562637643597277,0.4143939393939394,,,0.40562637643597277,0.4143939393939394
2vfxL_3gmhL,ShallowMsa_073,32,0.4239326423019678,0.4277992277992278,,,0.4239326423019678,0.4277992277992278
2vfxL_3gmhL,ShallowMsa_074,32,0.4585341016794502,0.45456890621417106,,,0.4585341016794502,0.45456890621417106
2vfxL_3gmhL,ShallowMsa_075,31,0.28361314199647975,0.2840909090909091,,,0.28361314199647975,0.2840909090909091
2vfxL_3gmhL,ShallowMsa_076,31,0.3509443021627455,0.3125,,,0.3509443021627455,0.3125
2vfxL_3gmhL,ShallowMsa_077,31,0.48683891212607366,0.4801980198019802,,,0.48683891212607366,0.4801980198019802
2vfxL_3gmhL,ShallowMsa_078,31,0.7568047829762143,0.7637362637362637,,,0.7568047829762143,0.7637362637362637
2vfxL_3gmhL,ShallowMsa_079,31,0.7343624759924132,0.7447916666666666,,,0.7343624759924132,0.7447916666666666
2vfxL_3gmhL,ShallowMsa_080,30,0.42317689206564424,0.42974983311611936,,,0.42317689206564424,0.42974983311611936
2vfxL_3gmhL,ShallowMsa_081,30,0.4437319447097196,0.44610281923714756,,,0.4437319447097196,0.44610281923714756
2vfxL_3gmhL,ShallowMsa_082,30,0.5541657835869145,0.5543906557838447,,,0.5541657835869145,0.5543906557838447
2vfxL_3gmhL,ShallowMsa_083,29,0.49938213584287405,0.49222797927461137,,,0.49938213584287405,0.49222797927461137
2vfxL_3gmhL,ShallowMsa_084,29,0.3822707764281904,0.37209302325581395,,,0.3822707764281904,0.37209302325581395
2vfxL_3gmhL,ShallowMsa_085,28,0.28193010547147407,0.2790977443609023,,,0.28193010547147407,0.2790977443609023
2vfxL_3gmhL,ShallowMsa_086,28,0.45332512053284957,0.453551912568306,,,0.45332512053284957,0.453551912568306
2vfxL_3gmhL,ShallowMsa_087,27,0.25260396872339314,0.25301204819277107,,,0.25260396872339314,0.25301204819277107
2vfxL_3gmhL,ShallowMsa_088,27,0.5711269988315747,0.5983606557377049,,,0.5711269988315747,0.5983606557377049
2vfxL_3gmhL,ShallowMsa_089,27,0.5178869040101065,0.5051546391752577,,,0.5178869040101065,0.5051546391752577
2vfxL_3gmhL,ShallowMsa_090,27,0.607998420641801,0.6084656084656085,,,0.607998420641801,0.6084656084656085
2vfxL_3gmhL,ShallowMsa_091,27,0.484324674294114,0.4635416666666667,,,0.484324674294114,0.4635416666666667
2vfxL_3gmhL,ShallowMsa_092,26,0.2529515939256361,0.2464726631393298,,,0.2529515939256361,0.2464726631393298
2vfxL_3gmhL,ShallowMsa_093,26,0.47182155354027777,0.47118912398854096,,,0.47182155354027777,0.47118912398854096
2vfxL_3gmhL,ShallowMsa_094,26,0.45436772562548006,0.46534653465346537,,,0.45436772562548006,0.46534653465346537
2vfxL_3gmhL,ShallowMsa_095,25,0.43859255966011873,0.43636363636363634,,,0.43859255966011873,0.43636363636363634
2vfxL_3gmhL,ShallowMsa_096,25,0.4399882903981264,0.43915343915343913,,,0.4399882903981264,0.43915343915343913
2vfxL_3gmhL,ShallowMsa_097,25,0.5167323891961104,0.5164835164835165,,,0.5167323891961104,0.5164835164835165
2vfxL_3gmhL,ShallowMsa_098,24,0.47659986227088824,0.472840053167922,,,0.47659986227088824,0.472840053167922
2vfxL_3gmhL,ShallowMsa_099,23,0.6553117780160952,0.6683673469387755,,,0.6553117780160952,0.6683673469387755
2wcdX_4phqA,ShallowMsa_000,15,0.2990587185181474,0.2962962962962963,,,0.2990587185181474,0.2962962962962963
2wcdX_4phqA,ShallowMsa_001,12,0.3804645609910852,0.30625,,,0.3804645609910852,0.30625
2wcdX_4phqA,ShallowMsa_002,12,0.6755574340033216,0.6576873740150266,,,0.6755574340033216,0.6576873740150266
2wcdX_4phqA,ShallowMsa_003,12,0.34887984743131956,0.33772073250490514,,,0.34887984743131956,0.33772073250490514
2wcdX_4phqA,ShallowMsa_004,11,0.3676018108279224,0.39805825242718446,,,0.3676018108279224,0.39805825242718446
2wcdX_4phqA,ShallowMsa_005,10,0.5816532002520137,0.3643784421715185,,,0.5816532002520137,0.3643784421715185
2wcdX_4phqA,ShallowMsa_006,10,0.4353203120867968,0.4197689345314506,,,0.4353203120867968,0.4197689345314506
2wcdX_4phqA,ShallowMsa_007,10,0.8839639734174929,0.9495455328680968,,,0.8839639734174929,0.9495455328680968
2wcdX_4phqA,ShallowMsa_008,9,0.31829829408050964,0.3225806451612903,,,0.31829829408050964,0.3225806451612903
2wcdX_4phqA,ShallowMsa_009,9,0.29614812708756416,0.2981132075471698,,,0.29614812708756416,0.2981132075471698
2z9oB_1repC,ShallowMsa_000,205,0.2616547582151501,0.2613065326633166,,,0.2616547582151501,0.2613065326633166
2z9oB_1repC,ShallowMsa_001,181,0.25258469425004876,0.25125628140703515,,,0.25258469425004876,0.25125628140703515
2z9oB_1repC,ShallowMsa_002,133,0.5909590194396017,0.5445544554455446,,,0.5909590194396017,0.5445544554455446
2z9oB_1repC,ShallowMsa_003,99,0.2671018462313108,0.2623762376237624,,,0.2671018462313108,0.2623762376237624
2z9oB_1repC,ShallowMsa_004,83,0.26708599669357996,0.265,,,0.26708599669357996,0.265
2z9oB_1repC,ShallowMsa_005,72,0.2558703409390083,0.2550167785234899,,,0.2558703409390083,0.2550167785234899
2z9oB_1repC,ShallowMsa_006,67,0.27361085143092606,0.2679425837320574,,,0.27361085143092606,0.2679425837320574
2z9oB_1repC,ShallowMsa_007,64,0.2591725141238894,0.2621359223300971,,,0.2591725141238894,0.2621359223300971
2z9oB_1repC,ShallowMsa_008,62,0.2539629909852691,0.2571532382596058,,,0.2539629909852691,0.2571532382596058
2z9oB_1repC,ShallowMsa_009,56,0.2636808362090787,0.26419373719637107,,,0.2636808362090787,0.26419373719637107
2z9oB_1repC,ShallowMsa_010,52,0.26519365464138367,0.26381313131313133,,,0.26519365464138367,0.26381313131313133
2z9oB_1repC,ShallowMsa_011,52,0.26197572809353686,0.2597169811320755,,,0.26197572809353686,0.2597169811320755
2z9oB_1repC,ShallowMsa_012,52,0.260213570139353,0.2603317535545024,,,0.260213570139353,0.2603317535545024
2z9oB_1repC,ShallowMsa_013,51,0.287118814299728,0.2748091603053435,,,0.287118814299728,0.2748091603053435
2z9oB_1repC,ShallowMsa_014,51,0.2804049310965338,0.2846153846153846,,,0.2804049310965338,0.2846153846153846
2z9oB_1repC,ShallowMsa_015,51,0.2667192733689433,0.26717557251908397,,,0.2667192733689433,0.26717557251908397
2z9oB_1repC,ShallowMsa_016,50,0.25871663103989023,0.25893802724318005,,,0.25871663103989023,0.25893802724318005
2z9oB_1repC,ShallowMsa_017,49,0.26431371193809755,0.26515151515151514,,,0.26431371193809755,0.26515151515151514
2z9oB_1repC,ShallowMsa_018,48,0.2899093404637041,0.28474903474903474,,,0.2899093404637041,0.28474903474903474
2z9oB_1repC,ShallowMsa_019,47,0.25932440129203344,0.25547445255474455,,,0.25932440129203344,0.25547445255474455
2z9oB_1repC,ShallowMsa_020,47,0.34531115794904693,0.3480392156862745,,,0.34531115794904693,0.3480392156862745
2z9oB_1repC,ShallowMsa_021,46,0.24529091739507472,0.24504901960784314,,,0.24529091739507472,0.24504901960784314
2z9oB_1repC,ShallowMsa_022,46,0.2626741988058407,0.26172122749670684,,,0.2626741988058407,0.26172122749670684
2z9oB_1repC,ShallowMsa_023,46,0.2840040078729657,0.27806414662084766,,,0.2840040078729657,0.27806414662084766
2z9oB_1repC,ShallowMsa_024,45,0.7904524274301581,0.8790697674418605,,,0.7904524274301581,0.8790697674418605
2z9oB_1repC,ShallowMsa_025,45,0.2652157717960062,0.2613065326633166,,,0.2652157717960062,0.2613065326633166
2z9oB_1repC,ShallowMsa_026,45,0.24933580332229482,0.24806201550387597,,,0.24933580332229482,0.24806201550387597
2z9oB_1repC,ShallowMsa_027,44,0.2577699758217074,0.25888324873096447,,,0.2577699758217074,0.25888324873096447
2z9oB_1repC,ShallowMsa_028,43,0.2598139899401162,0.26262626262626265,,,0.2598139899401162,0.26262626262626265
2z9oB_1repC,ShallowMsa_029,43,0.2586080746826872,0.2651162790697674,,,0.2586080746826872,0.2651162790697674
2z9oB_1repC,ShallowMsa_030,43,0.25539061782604644,0.2560386473429952,,,0.25539061782604644,0.2560386473429952
2z9oB_1repC,ShallowMsa_031,42,0.26611219469126385,0.26715851196770163,,,0.26611219469126385,0.26715851196770163
2z9oB_1repC,ShallowMsa_032,39,0.2661288828207717,0.26903553299492383,,,0.2661288828207717,0.26903553299492383
2z9oB_1repC,ShallowMsa_033,39,0.2772428846304828,0.27450980392156865,,,0.2772428846304828,0.27450980392156865
2z9oB_1repC,ShallowMsa_034,39,0.25452867617080105,0.255,,,0.25452867617080105,0.255
2z9oB_1repC,ShallowMsa_035,38,0.2755360709100269,0.27097902097902093,,,0.2755360709100269,0.27097902097902093
2z9oB_1repC,ShallowMsa_036,37,0.25379095571160853,0.25,,,0.25379095571160853,0.25
2z9oB_1repC,ShallowMsa_037,36,0.26235298438539917,0.2627685303741642,,,0.26235298438539917,0.2627685303741642
2z9oB_1repC,ShallowMsa_038,35,0.25490251495485006,0.2524752475247525,,,0.25490251495485006,0.2524752475247525
2z9oB_1repC,ShallowMsa_039,35,0.26041350814455955,0.25821596244131456,,,0.26041350814455955,0.25821596244131456
2z9oB_1repC,ShallowMsa_040,35,0.2492741908746571,0.24,,,0.2492741908746571,0.24
2z9oB_1repC,ShallowMsa_041,35,0.2706492637757583,0.270935960591133,,,0.2706492637757583,0.270935960591133
2z9oB_1repC,ShallowMsa_042,34,0.40811832229237965,0.42284798534798534,,,0.40811832229237965,0.42284798534798534
2z9oB_1repC,ShallowMsa_043,34,0.25595478896664015,0.2538266302225693,,,0.25595478896664015,0.2538266302225693
2z9oB_1repC,ShallowMsa_044,34,0.24790002804585787,0.25,,,0.24790002804585787,0.25
2z9oB_1repC,ShallowMsa_045,33,0.4202628845617195,0.26356589147286824,,,0.4202628845617195,0.26356589147286824
2z9oB_1repC,ShallowMsa_046,33,0.2669899761490973,0.26262626262626265,,,0.2669899761490973,0.26262626262626265
2z9oB_1repC,ShallowMsa_047,33,0.2765464550121335,0.27699530516431925,,,0.2765464550121335,0.27699530516431925
2z9oB_1repC,ShallowMsa_048,32,0.2511860683455934,0.24807692307692308,,,0.2511860683455934,0.24807692307692308
2z9oB_1repC,ShallowMsa_049,32,0.2488739449393828,0.24623115577889448,,,0.2488739449393828,0.24623115577889448
2z9oB_1repC,ShallowMsa_050,32,0.2702721483721432,0.2734194739270881,,,0.2702721483721432,0.2734194739270881
2z9oB_1repC,ShallowMsa_051,32,0.26213777736542687,0.25808420634244666,,,0.26213777736542687,0.25808420634244666
2z9oB_1repC,ShallowMsa_052,32,0.2666811544027812,0.261557777151976,,,0.2666811544027812,0.261557777151976
2z9oB_1repC,ShallowMsa_053,31,0.27082090252114127,0.26635514018691586,,,0.27082090252114127,0.26635514018691586
2z9oB_1repC,ShallowMsa_054,31,0.26091745286522045,0.25943396226415094,,,0.26091745286522045,0.25943396226415094
2z9oB_1repC,ShallowMsa_055,31,0.2566647836333738,0.2571428571428571,,,0.2566647836333738,0.2571428571428571
2z9oB_1repC,ShallowMsa_056,30,0.266479490417429,0.269721848130115,,,0.266479490417429,0.269721848130115
2z9oB_1repC,ShallowMsa_057,30,0.2608335775662626,0.25857142857142856,,,0.2608335775662626,0.25857142857142856
2z9oB_1repC,ShallowMsa_058,30,0.26158980055676556,0.25943396226415094,,,0.26158980055676556,0.25943396226415094
2z9oB_1repC,ShallowMsa_059,30,0.25850822221582964,0.26,,,0.25850822221582964,0.26
2z9oB_1repC,ShallowMsa_060,29,0.4056484849033418,0.40594059405940597,,,0.4056484849033418,0.40594059405940597
2z9oB_1repC,ShallowMsa_061,28,0.28626488912578646,0.2863978127136022,,,0.28626488912578646,0.2863978127136022
2z9oB_1repC,ShallowMsa_062,27,0.2654078811655151,0.2602739726027397,,,0.2654078811655151,0.2602739726027397
2z9oB_1repC,ShallowMsa_063,26,0.28316197970382756,0.2837454836546159,,,0.28316197970382756,0.2837454836546159
2z9oB_1repC,ShallowMsa_064,26,0.2651237843418678,0.24876739610910062,,,0.2651237843418678,0.24876739610910062
2z9oB_1repC,ShallowMsa_065,25,0.26679275974429734,0.265625,,,0.26679275974429734,0.265625
2z9oB_1repC,ShallowMsa_066,25,0.3824808504879261,0.38349514563106796,,,0.3824808504879261,0.38349514563106796
2z9oB_1repC,ShallowMsa_067,25,0.2561551863029807,0.2558139534883721,,,0.2561551863029807,0.2558139534883721
2z9oB_1repC,ShallowMsa_068,25,0.2473257229174652,0.24623115577889448,,,0.2473257229174652,0.24623115577889448
2z9oB_1repC,ShallowMsa_069,24,0.28608467658418774,0.28189033189033186,,,0.28608467658418774,0.28189033189033186
2z9oB_1repC,ShallowMsa_070,24,0.25361435860748954,0.25125628140703515,,,0.25361435860748954,0.25125628140703515
2z9oB_1repC,ShallowMsa_071,24,0.27279464642572365,0.2725076959507459,,,0.27279464642572365,0.2725076959507459
2z9oB_1repC,ShallowMsa_072,24,0.24956849752257018,0.2512820512820513,,,0.24956849752257018,0.2512820512820513
2z9oB_1repC,ShallowMsa_073,24,0.2638285374390649,0.2631532663316583,,,0.2638285374390649,0.2631532663316583
2z9oB_1repC,ShallowMsa_074,24,0.269936901158678,0.26932168806608936,,,0.269936901158678,0.26932168806608936
2z9oB_1repC,ShallowMsa_075,24,0.2519097894537479,0.2537313432835821,,,0.2519097894537479,0.2537313432835821
2z9oB_1repC,ShallowMsa_076,23,0.2798126267577572,0.27848101265822783,,,0.2798126267577572,0.27848101265822783
2z9oB_1repC,ShallowMsa_077,23,0.29366854719386704,0.29310344827586204,,,0.29366854719386704,0.29310344827586204
2z9oB_1repC,ShallowMsa_078,23,0.2714470525251859,0.25882352941176473,,,0.2714470525251859,0.25882352941176473
2z9oB_1repC,ShallowMsa_079,23,0.2775129433580403,0.2764976958525346,,,0.2775129433580403,0.2764976958525346
2z9oB_1repC,ShallowMsa_080,23,0.24576019872271596,0.24766355140186916,,,0.24576019872271596,0.24766355140186916
2z9oB_1repC,ShallowMsa_081,23,0.2704394025242813,0.265,,,0.2704394025242813,0.265
2z9oB_1repC,ShallowMsa_082,23,0.2518267130728514,0.2474747474747475,,,0.2518267130728514,0.2474747474747475
2z9oB_1repC,ShallowMsa_083,22,0.268940788168089,0.2601797990481227,,,0.268940788168089,0.2601797990481227
2z9oB_1repC,ShallowMsa_084,22,0.36434754050685075,0.3644054935882844,,,0.36434754050685075,0.3644054935882844
2z9oB_1repC,ShallowMsa_085,22,0.2642946920601788,0.2688679245283019,,,0.2642946920601788,0.2688679245283019
2z9oB_1repC,ShallowMsa_086,21,0.9005369439984333,0.9019607843137255,,,0.9005369439984333,0.9019607843137255
2z9oB_1repC,ShallowMsa_087,21,0.2653751880391174,0.2634146341463415,,,0.2653751880391174,0.2634146341463415
2z9oB_1repC,ShallowMsa_088,21,0.25610853268743605,0.25757575757575757,,,0.25610853268743605,0.25757575757575757
2z9oB_1repC,ShallowMsa_089,21,0.2516474360611484,0.25,,,0.2516474360611484,0.25
2z9oB_1repC,ShallowMsa_090,20,0.27754928777245896,0.2715552805280528,,,0.27754928777245896,0.2715552805280528
2z9oB_1repC,ShallowMsa_091,20,0.348162493489771,0.3466401194624191,,,0.348162493489771,0.3466401194624191
2z9oB_1repC,ShallowMsa_092,20,0.2667891076303599,0.2639162677180137,,,0.2667891076303599,0.2639162677180137
2z9oB_1repC,ShallowMsa_093,20,0.2535987892287914,0.255,,,0.2535987892287914,0.255
2z9oB_1repC,ShallowMsa_094,20,0.25416265117529074,0.2537313432835821,,,0.25416265117529074,0.2537313432835821
2z9oB_1repC,ShallowMsa_095,20,0.27769392654773345,0.2729310344827586,,,0.27769392654773345,0.2729310344827586
2z9oB_1repC,ShallowMsa_096,19,0.2810388097045791,0.2714285714285714,,,0.2810388097045791,0.2714285714285714
2z9oB_1repC,ShallowMsa_097,19,0.25962871259891707,0.25833333333333336,,,0.25962871259891707,0.25833333333333336
2z9oB_1repC,ShallowMsa_098,19,0.24961255973780005,0.25,,,0.24961255973780005,0.25
2z9oB_1repC,ShallowMsa_099,19,0.27377556684403714,0.27860696517412936,,,0.27377556684403714,0.27860696517412936
3g0hA_3ewsB,ShallowMsa_000,1503,0.3282592492048039,0.32041343669250644,,,0.3282592492048039,0.32041343669250644
3g0hA_3ewsB,ShallowMsa_001,1291,0.3141009890556148,0.3125,,,0.3141009890556148,0.3125
3g0hA_3ewsB,ShallowMsa_002,911,0.3149781327850679,0.31176470588235294,,,0.3149781327850679,0.31176470588235294
3g0hA_3ewsB,ShallowMsa_003,723,0.3297229297579516,0.32967032967032966,,,0.3297229297579516,0.32967032967032966
3g0hA_3ewsB,ShallowMsa_004,720,0.3601526090088661,0.35562070938215107,,,0.3601526090088661,0.35562070938215107
3g0hA_3ewsB,ShallowMsa_005,552,0.3093654032683907,0.301994301994302,,,0.3093654032683907,0.301994301994302
3g0hA_3ewsB,ShallowMsa_006,521,0.54440431139356,0.5135135135135135,,,0.54440431139356,0.5135135135135135
3g0hA_3ewsB,ShallowMsa_007,508,0.3169019973144318,0.317438023898698,,,0.3169019973144318,0.317438023898698
3g0hA_3ewsB,ShallowMsa_008,485,0.3744473046372312,0.37604456824512533,,,0.3744473046372312,0.37604456824512533
3g0hA_3ewsB,ShallowMsa_009,465,0.6222492128312693,0.6348039215686274,,,0.6222492128312693,0.6348039215686274
3g0hA_3ewsB,ShallowMsa_010,461,0.4634011495546466,0.47680412371134023,,,0.4634011495546466,0.47680412371134023
3g0hA_3ewsB,ShallowMsa_011,429,0.4165160369041556,0.32222222222222224,,,0.4165160369041556,0.32222222222222224
3g0hA_3ewsB,ShallowMsa_012,369,0.3860695889635822,0.4117647058823529,,,0.3860695889635822,0.4117647058823529
3g0hA_3ewsB,ShallowMsa_013,356,0.2896150310552673,0.28846153846153844,,,0.2896150310552673,0.28846153846153844
3g0hA_3ewsB,ShallowMsa_014,350,0.5374930306452768,0.522670169026953,,,0.5374930306452768,0.522670169026953
3g0hA_3ewsB,ShallowMsa_015,337,0.3138658189878724,0.3147410358565737,,,0.3138658189878724,0.3147410358565737
3g0hA_3ewsB,ShallowMsa_016,331,0.3254733307714443,0.31386861313868614,,,0.3254733307714443,0.31386861313868614
3g0hA_3ewsB,ShallowMsa_017,331,0.2882369283353925,0.28720626631853785,,,0.2882369283353925,0.28720626631853785
3g0hA_3ewsB,ShallowMsa_018,326,0.4867780455954491,0.4918918918918919,,,0.4867780455954491,0.4918918918918919
3g0hA_3ewsB,ShallowMsa_019,325,0.4821653345888815,0.48247978436657685,,,0.4821653345888815,0.48247978436657685
3g0hA_3ewsB,ShallowMsa_020,316,0.3020975888306307,0.30048781631839394,,,0.3020975888306307,0.30048781631839394
3g0hA_3ewsB,ShallowMsa_021,306,0.3137906993394362,0.3145271668205112,,,0.3137906993394362,0.3145271668205112
3g0hA_3ewsB,ShallowMsa_022,305,0.32742498117048896,0.3268698060941828,,,0.32742498117048896,0.3268698060941828
3g0hA_3ewsB,ShallowMsa_023,303,0.3130050089765122,0.311614730878187,,,0.3130050089765122,0.311614730878187
3g0hA_3ewsB,ShallowMsa_024,299,0.31652575750369566,0.31843575418994413,,,0.31652575750369566,0.31843575418994413
3g0hA_3ewsB,ShallowMsa_025,290,0.3110678974184267,0.31198885793871867,,,0.3110678974184267,0.31198885793871867
3g0hA_3ewsB,ShallowMsa_026,275,0.29183978932081717,0.2920353982300885,,,0.29183978932081717,0.2920353982300885
3g0hA_3ewsB,ShallowMsa_027,274,0.28684350725867735,0.28531464701003173,,,0.28684350725867735,0.28531464701003173
3g0hA_3ewsB,ShallowMsa_028,274,0.3109847628358617,0.3123380281690141,,,0.3109847628358617,0.3123380281690141
3g0hA_3ewsB,ShallowMsa_029,266,0.45054000158777113,0.418541456016178,,,0.45054000158777113,0.418541456016178
3g0hA_3ewsB,ShallowMsa_030,263,0.4889230681099325,0.49343832020997375,,,0.4889230681099325,0.49343832020997375
3g0hA_3ewsB,ShallowMsa_031,256,0.40898148342081997,0.4174440165454286,,,0.40898148342081997,0.4174440165454286
3g0hA_3ewsB,ShallowMsa_032,255,0.29049417153983453,0.2857142857142857,,,0.29049417153983453,0.2857142857142857
3g0hA_3ewsB,ShallowMsa_033,249,0.4588936788153876,0.4595959595959596,,,0.4588936788153876,0.4595959595959596
3g0hA_3ewsB,ShallowMsa_034,246,0.3102982530346885,0.3091150507158693,,,0.3102982530346885,0.3091150507158693
3g0hA_3ewsB,ShallowMsa_035,244,0.6416194387531207,0.6464465937762827,,,0.6416194387531207,0.6464465937762827
3g0hA_3ewsB,ShallowMsa_036,240,0.3101611533144169,0.31207351402337474,,,0.3101611533144169,0.31207351402337474
3g0hA_3ewsB,ShallowMsa_037,237,0.3138189961378435,0.31378299120234604,,,0.3138189961378435,0.31378299120234604
3g0hA_3ewsB,ShallowMsa_038,233,0.29233092897304597,0.2924791086350975,,,0.29233092897304597,0.2924791086350975
3g0hA_3ewsB,ShallowMsa_039,226,0.2780866778789593,0.27729853003148164,,,0.2780866778789593,0.27729853003148164
3g0hA_3ewsB,ShallowMsa_040,220,0.3068085360304004,0.30694578429480995,,,0.3068085360304004,0.30694578429480995
3g0hA_3ewsB,ShallowMsa_041,216,0.30748301226187286,0.307477438762355,,,0.30748301226187286,0.307477438762355
3g0hA_3ewsB,ShallowMsa_042,216,0.31464773704783144,0.3152803966757455,,,0.31464773704783144,0.3152803966757455
3g0hA_3ewsB,ShallowMsa_043,214,0.29390868808967635,0.2912278835584867,,,0.29390868808967635,0.2912278835584867
3g0hA_3ewsB,ShallowMsa_044,211,0.5007153527039823,0.506426735218509,,,0.5007153527039823,0.506426735218509
3g0hA_3ewsB,ShallowMsa_045,209,0.3286767685933057,0.3289817232375979,,,0.3286767685933057,0.3289817232375979
3g0hA_3ewsB,ShallowMsa_046,209,0.31482978618119906,0.3142857142857143,,,0.31482978618119906,0.3142857142857143
3g0hA_3ewsB,ShallowMsa_047,208,0.30825799267712833,0.3063723567028914,,,0.30825799267712833,0.3063723567028914
3g0hA_3ewsB,ShallowMsa_048,201,0.41581926270398684,0.41919191919191917,,,0.41581926270398684,0.41919191919191917
3g0hA_3ewsB,ShallowMsa_049,197,0.32606073416342884,0.32409972299168976,,,0.32606073416342884,0.32409972299168976
3g0hA_3ewsB,ShallowMsa_050,189,0.3094168340223164,0.30833333333333335,,,0.3094168340223164,0.30833333333333335
3g0hA_3ewsB,ShallowMsa_051,185,0.29314597587465746,0.29133858267716534,,,0.29314597587465746,0.29133858267716534
3g0hA_3ewsB,ShallowMsa_052,184,0.31919265553112836,0.3174593175853019,,,0.31919265553112836,0.3174593175853019
3g0hA_3ewsB,ShallowMsa_053,180,0.29189495177221697,0.29178470254957506,,,0.29189495177221697,0.29178470254957506
3g0hA_3ewsB,ShallowMsa_054,179,0.29627325331722265,0.2934131736526946,,,0.29627325331722265,0.2934131736526946
3g0hA_3ewsB,ShallowMsa_055,178,0.7770801996654098,0.7795793000744602,,,0.7770801996654098,0.7795793000744602
3g0hA_3ewsB,ShallowMsa_056,177,0.3001464933528546,0.3,,,0.3001464933528546,0.3
3g0hA_3ewsB,ShallowMsa_057,176,0.3090522063958509,0.3076923076923077,,,0.3090522063958509,0.3076923076923077
3g0hA_3ewsB,ShallowMsa_058,175,0.7751679520096812,0.8676470588235294,,,0.7751679520096812,0.8676470588235294
3g0hA_3ewsB,ShallowMsa_059,175,0.2917275893607709,0.2897959183673469,,,0.2917275893607709,0.2897959183673469
3g0hA_3ewsB,ShallowMsa_060,175,0.3105694439356636,0.3128491620111732,,,0.3105694439356636,0.3128491620111732
3g0hA_3ewsB,ShallowMsa_061,169,0.2823061185480311,0.28023598820059,,,0.2823061185480311,0.28023598820059
3g0hA_3ewsB,ShallowMsa_062,162,0.2948317665048852,0.2937458022203785,,,0.2948317665048852,0.2937458022203785
3g0hA_3ewsB,ShallowMsa_063,154,0.3088660877852479,0.30965643684603883,,,0.3088660877852479,0.30965643684603883
3g0hA_3ewsB,ShallowMsa_064,151,0.29264381935750144,0.2947976878612717,,,0.29264381935750144,0.2947976878612717
3g0hA_3ewsB,ShallowMsa_065,151,0.2944817888724715,0.29301075268817206,,,0.2944817888724715,0.29301075268817206
3g0hA_3ewsB,ShallowMsa_066,151,0.30047476882111174,0.29971181556195964,,,0.30047476882111174,0.29971181556195964
3g0hA_3ewsB,ShallowMsa_067,147,0.2934987110270822,0.29310344827586204,,,0.2934987110270822,0.29310344827586204
3g0hA_3ewsB,ShallowMsa_068,145,0.32022710375990765,0.3203342618384401,,,0.32022710375990765,0.3203342618384401
3g0hA_3ewsB,ShallowMsa_069,144,0.32278635617684537,0.3234085414987913,,,0.32278635617684537,0.3234085414987913
3g0hA_3ewsB,ShallowMsa_070,143,0.31960372444195034,0.32044198895027626,,,0.31960372444195034,0.32044198895027626
3g0hA_3ewsB,ShallowMsa_071,140,0.3203477977607824,0.32195444915254234,,,0.3203477977607824,0.32195444915254234
3g0hA_3ewsB,ShallowMsa_072,137,0.4417678042066871,0.44505494505494503,,,0.4417678042066871,0.44505494505494503
3g0hA_3ewsB,ShallowMsa_073,135,0.32798020311861553,0.32954545454545453,,,0.32798020311861553,0.32954545454545453
3g0hA_3ewsB,ShallowMsa_074,134,0.2918933933809411,0.2912744857805901,,,0.2918933933809411,0.2912744857805901
3g0hA_3ewsB,ShallowMsa_075,134,0.28675125120386574,0.2863532923649564,,,0.28675125120386574,0.2863532923649564
3g0hA_3ewsB,ShallowMsa_076,127,0.7853784625199722,0.8705882352941177,,,0.7853784625199722,0.8705882352941177
3g0hA_3ewsB,ShallowMsa_077,127,0.3081942559734258,0.3029411764705882,,,0.3081942559734258,0.3029411764705882
3g0hA_3ewsB,ShallowMsa_078,126,0.41337513456692154,0.42091152815013405,,,0.41337513456692154,0.42091152815013405
3g0hA_3ewsB,ShallowMsa_079,126,0.3248262903174,0.3287292817679558,,,0.3248262903174,0.3287292817679558
3g0hA_3ewsB,ShallowMsa_080,125,0.6159016231686377,0.6481012658227848,,,0.6159016231686377,0.6481012658227848
3g0hA_3ewsB,ShallowMsa_081,123,0.29257649131015684,0.2918918918918919,,,0.29257649131015684,0.2918918918918919
3g0hA_3ewsB,ShallowMsa_082,123,0.30754050088813184,0.3061797752808989,,,0.30754050088813184,0.3061797752808989
3g0hA_3ewsB,ShallowMsa_083,105,0.29828169757764417,0.2975206611570248,,,0.29828169757764417,0.2975206611570248
3g0hA_3ewsB,ShallowMsa_084,104,0.3230945005057881,0.3221280602636535,,,0.3230945005057881,0.3221280602636535
3g0hA_3ewsB,ShallowMsa_085,104,0.3168566326455118,0.31666550917887815,,,0.3168566326455118,0.31666550917887815
3g0hA_3ewsB,ShallowMsa_086,104,0.32004455425786416,0.32132881085395054,,,0.32004455425786416,0.32132881085395054
3g0hA_3ewsB,ShallowMsa_087,101,0.2934916305066535,0.2930513595166163,,,0.2934916305066535,0.2930513595166163
3g0hA_3ewsB,ShallowMsa_088,101,0.32941951501150635,0.32934131736526945,,,0.32941951501150635,0.32934131736526945
3g0hA_3ewsB,ShallowMsa_089,85,0.31670700344910035,0.3133514986376022,,,0.31670700344910035,0.3133514986376022
3g0hA_3ewsB,ShallowMsa_090,81,0.29616932566921667,0.2883116883116883,,,0.29616932566921667,0.2883116883116883
3g0hA_3ewsB,ShallowMsa_091,74,0.5809683840489517,0.6055164908756069,,,0.5809683840489517,0.6055164908756069
3g0hA_3ewsB,ShallowMsa_092,68,0.29423840247649363,0.294947390024233,,,0.29423840247649363,0.294947390024233
3g0hA_3ewsB,ShallowMsa_093,67,0.8998858401018462,0.9035812672176309,,,0.8998858401018462,0.9035812672176309
3g0hA_3ewsB,ShallowMsa_094,55,0.30482284934419285,0.30601092896174864,,,0.30482284934419285,0.30601092896174864
3g0hA_3ewsB,ShallowMsa_095,53,0.3166011408353988,0.2887700534759358,,,0.3166011408353988,0.2887700534759358
3g0hA_3ewsB,ShallowMsa_096,53,0.30147246102757386,0.29842931937172773,,,0.30147246102757386,0.29842931937172773
3g0hA_3ewsB,ShallowMsa_097,45,0.3389632579517222,0.3397790055248619,,,0.3389632579517222,0.3397790055248619
3g0hA_3ewsB,ShallowMsa_098,42,0.32612435189638395,0.3292607026954937,,,0.32612435189638395,0.3292607026954937
3g0hA_3ewsB,ShallowMsa_099,34,0.3359330122237696,0.33964275424949586,,,0.3359330122237696,0.33964275424949586
3hdfA_3hdeA,ShallowMsa_000,2007,0.3517032043275255,0.3474576271186441,,,0.3517032043275255,0.3474576271186441
3hdfA_3hdeA,ShallowMsa_001,1061,0.46142229245708655,0.4251968503937008,,,0.46142229245708655,0.4251968503937008
3hdfA_3hdeA,ShallowMsa_002,801,0.3951258609785018,0.35877862595419846,,,0.3951258609785018,0.35877862595419846
3hdfA_3hdeA,ShallowMsa_003,792,0.34658735134586816,0.34108527131782945,,,0.34658735134586816,0.34108527131782945
3hdfA_3hdeA,ShallowMsa_004,758,0.3428809981352717,0.34108527131782945,,,0.3428809981352717,0.34108527131782945
3hdfA_3hdeA,ShallowMsa_005,537,0.3412781715307138,0.336,,,0.3412781715307138,0.336
3hdfA_3hdeA,ShallowMsa_006,473,0.35356705407436423,0.33884297520661155,,,0.35356705407436423,0.33884297520661155
3hdfA_3hdeA,ShallowMsa_007,445,0.37214723104552305,0.366412213740458,,,0.37214723104552305,0.366412213740458
3hdfA_3hdeA,ShallowMsa_008,399,0.35322737650802627,0.3488372093023256,,,0.35322737650802627,0.3488372093023256
3hdfA_3hdeA,ShallowMsa_009,379,0.36112651619688113,0.36065573770491804,,,0.36112651619688113,0.36065573770491804
3hdfA_3hdeA,ShallowMsa_010,248,0.36639336470886447,0.3579607415485278,,,0.36639336470886447,0.3579607415485278
3hdfA_3hdeA,ShallowMsa_011,231,0.3576937790347564,0.3504273504273504,,,0.3576937790347564,0.3504273504273504
3hdfA_3hdeA,ShallowMsa_012,227,0.42042940048178473,0.42857142857142855,,,0.42042940048178473,0.42857142857142855
3hdfA_3hdeA,ShallowMsa_013,227,0.35192151351376016,0.3488372093023256,,,0.35192151351376016,0.3488372093023256
3hdfA_3hdeA,ShallowMsa_014,213,0.6901600204828335,0.6538461538461539,,,0.6901600204828335,0.6538461538461539
3hdfA_3hdeA,ShallowMsa_015,205,0.3307662904858545,0.33076923076923076,,,0.3307662904858545,0.33076923076923076
3hdfA_3hdeA,ShallowMsa_016,200,0.41267759403683657,0.421875,,,0.41267759403683657,0.421875
3hdfA_3hdeA,ShallowMsa_017,192,0.35262394667470476,0.34630526953361596,,,0.35262394667470476,0.34630526953361596
3hdfA_3hdeA,ShallowMsa_018,191,0.35577585419731117,0.3515625,,,0.35577585419731117,0.3515625
3hdfA_3hdeA,ShallowMsa_019,188,0.37904792980759205,0.3798449612403101,,,0.37904792980759205,0.3798449612403101
3hdfA_3hdeA,ShallowMsa_020,187,0.37838667317468044,0.38461538461538464,,,0.37838667317468044,0.38461538461538464
3hdfA_3hdeA,ShallowMsa_021,169,0.3359214045643787,0.3333333333333333,,,0.3359214045643787,0.3333333333333333
3hdfA_3hdeA,ShallowMsa_022,165,0.3729392941630632,0.37404580152671757,,,0.3729392941630632,0.37404580152671757
3hdfA_3hdeA,ShallowMsa_023,163,0.36356978795891176,0.3643410852713178,,,0.36356978795891176,0.3643410852713178
3hdfA_3hdeA,ShallowMsa_024,160,0.4413790214633206,0.4448784722222222,,,0.4413790214633206,0.4448784722222222
3hdfA_3hdeA,ShallowMsa_025,156,0.3332250722758538,0.33070866141732286,,,0.3332250722758538,0.33070866141732286
3hdfA_3hdeA,ShallowMsa_026,155,0.35110690967284824,0.34710743801652894,,,0.35110690967284824,0.34710743801652894
3hdfA_3hdeA,ShallowMsa_027,152,0.4309860469927432,0.4365079365079365,,,0.4309860469927432,0.4365079365079365
3hdfA_3hdeA,ShallowMsa_028,147,0.3800749526803927,0.3828125,,,0.3800749526803927,0.3828125
3hdfA_3hdeA,ShallowMsa_029,143,0.3604645137224909,0.35658914728682173,,,0.3604645137224909,0.35658914728682173
3hdfA_3hdeA,ShallowMsa_030,143,0.324496561295971,0.32558139534883723,,,0.324496561295971,0.32558139534883723
3hdfA_3hdeA,ShallowMsa_031,137,0.3433714918635198,0.3384615384615385,,,0.3433714918635198,0.3384615384615385
3hdfA_3hdeA,ShallowMsa_032,132,0.3253441715773151,0.3230769230769231,,,0.3253441715773151,0.3230769230769231
3hdfA_3hdeA,ShallowMsa_033,130,0.5499372668235164,0.5585973264969786,,,0.5499372668235164,0.5585973264969786
3hdfA_3hdeA,ShallowMsa_034,122,0.4417162433256258,0.46153846153846156,,,0.4417162433256258,0.46153846153846156
3hdfA_3hdeA,ShallowMsa_035,121,0.3374277337412108,0.32432432432432434,,,0.3374277337412108,0.32432432432432434
3hdfA_3hdeA,ShallowMsa_036,121,0.3620954569575522,0.36220472440944884,,,0.3620954569575522,0.36220472440944884
3hdfA_3hdeA,ShallowMsa_037,119,0.339126166571663,0.33858267716535434,,,0.339126166571663,0.33858267716535434
3hdfA_3hdeA,ShallowMsa_038,118,0.6242451867300726,0.6225620835857056,,,0.6242451867300726,0.6225620835857056
3hdfA_3hdeA,ShallowMsa_039,117,0.37253215551250785,0.37209302325581395,,,0.37253215551250785,0.37209302325581395
3hdfA_3hdeA,ShallowMsa_040,116,0.3415212245859955,0.3359375,,,0.3415212245859955,0.3359375
3hdfA_3hdeA,ShallowMsa_041,116,0.6504719209108549,0.6612040133779264,,,0.6504719209108549,0.6612040133779264
3hdfA_3hdeA,ShallowMsa_042,114,0.3589570826525371,0.34877072612921667,,,0.3589570826525371,0.34877072612921667
3hdfA_3hdeA,ShallowMsa_043,114,0.8187526615611207,0.8345864661654135,,,0.8187526615611207,0.8345864661654135
3hdfA_3hdeA,ShallowMsa_044,113,0.4860885236061748,0.4883720930232558,,,0.4860885236061748,0.4883720930232558
3hdfA_3hdeA,ShallowMsa_045,112,0.34879497849159397,0.3511450381679389,,,0.34879497849159397,0.3511450381679389
3hdfA_3hdeA,ShallowMsa_046,110,0.37254684744369104,0.36923076923076925,,,0.37254684744369104,0.36923076923076925
3hdfA_3hdeA,ShallowMsa_047,108,0.553968533170778,0.549618320610687,,,0.553968533170778,0.549618320610687
3hdfA_3hdeA,ShallowMsa_048,107,0.4218256921101938,0.424,,,0.4218256921101938,0.424
3hdfA_3hdeA,ShallowMsa_049,106,0.3211944301306059,0.32231404958677684,,,0.3211944301306059,0.32231404958677684
3hdfA_3hdeA,ShallowMsa_050,106,0.3427202360694368,0.3422102706453851,,,0.3427202360694368,0.3422102706453851
3hdfA_3hdeA,ShallowMsa_051,103,0.42079304894889563,0.4296875,,,0.42079304894889563,0.4296875
3hdfA_3hdeA,ShallowMsa_052,100,0.3986564205058475,0.39614770104739927,,,0.3986564205058475,0.39614770104739927
3hdfA_3hdeA,ShallowMsa_053,98,0.36578598578480837,0.3700787401574803,,,0.36578598578480837,0.3700787401574803
3hdfA_3hdeA,ShallowMsa_054,98,0.5777620729733997,0.5789473684210527,,,0.5777620729733997,0.5789473684210527
3hdfA_3hdeA,ShallowMsa_055,97,0.3397899668735038,0.3384615384615385,,,0.3397899668735038,0.3384615384615385
3hdfA_3hdeA,ShallowMsa_056,96,0.34356559358087596,0.344785059901339,,,0.34356559358087596,0.344785059901339
3hdfA_3hdeA,ShallowMsa_057,95,0.46414239251293765,0.4696969696969697,,,0.46414239251293765,0.4696969696969697
3hdfA_3hdeA,ShallowMsa_058,95,0.3595442243862139,0.3560606060606061,,,0.3595442243862139,0.3560606060606061
3hdfA_3hdeA,ShallowMsa_059,95,0.3704761845648514,0.3643410852713178,,,0.3704761845648514,0.3643410852713178
3hdfA_3hdeA,ShallowMsa_060,94,0.3480673003102381,0.3444413716814159,,,0.3480673003102381,0.3444413716814159
3hdfA_3hdeA,ShallowMsa_061,90,0.35133702681832124,0.35381155303030304,,,0.35133702681832124,0.35381155303030304
3hdfA_3hdeA,ShallowMsa_062,85,0.4378916983473907,0.4246575342465753,,,0.4378916983473907,0.4246575342465753
3hdfA_3hdeA,ShallowMsa_063,84,0.34713604107173746,0.3435114503816794,,,0.34713604107173746,0.3435114503816794
3hdfA_3hdeA,ShallowMsa_064,82,0.34608509796108156,0.3359375,,,0.34608509796108156,0.3359375
3hdfA_3hdeA,ShallowMsa_065,80,0.36117387698647396,0.35686600221483944,,,0.36117387698647396,0.35686600221483944
3hdfA_3hdeA,ShallowMsa_066,78,0.33417231695530036,0.33070866141732286,,,0.33417231695530036,0.33070866141732286
3hdfA_3hdeA,ShallowMsa_067,78,0.493664338352919,0.5062588014395243,,,0.493664338352919,0.5062588014395243
3hdfA_3hdeA,ShallowMsa_068,76,0.42250859999033324,0.4302283653846154,,,0.42250859999033324,0.4302283653846154
3hdfA_3hdeA,ShallowMsa_069,76,0.38164613806085984,0.3782967663022705,,,0.38164613806085984,0.3782967663022705
3hdfA_3hdeA,ShallowMsa_070,74,0.3467181652362808,0.34254263565891474,,,0.3467181652362808,0.34254263565891474
3hdfA_3hdeA,ShallowMsa_071,69,0.3218898591456753,0.3181818181818182,,,0.3218898591456753,0.3181818181818182
3hdfA_3hdeA,ShallowMsa_072,69,0.3312017240914055,0.32575757575757575,,,0.3312017240914055,0.32575757575757575
3hdfA_3hdeA,ShallowMsa_073,69,0.3346867180787225,0.3387096774193548,,,0.3346867180787225,0.3387096774193548
3hdfA_3hdeA,ShallowMsa_074,69,0.3545552187735103,0.35877862595419846,,,0.3545552187735103,0.35877862595419846
3hdfA_3hdeA,ShallowMsa_075,66,0.40392160657910314,0.4094488188976378,,,0.40392160657910314,0.4094488188976378
3hdfA_3hdeA,ShallowMsa_076,66,0.3473847762980015,0.3435114503816794,,,0.3473847762980015,0.3435114503816794
3hdfA_3hdeA,ShallowMsa_077,64,0.36495693024047743,0.359375,,,0.36495693024047743,0.359375
3hdfA_3hdeA,ShallowMsa_078,62,0.3712136720236833,0.3727131782945736,,,0.3712136720236833,0.3727131782945736
3hdfA_3hdeA,ShallowMsa_079,62,0.3415374336367812,0.33810309278350514,,,0.3415374336367812,0.33810309278350514
3hdfA_3hdeA,ShallowMsa_080,62,0.3359021694752029,0.32960550571463687,,,0.3359021694752029,0.32960550571463687
3hdfA_3hdeA,ShallowMsa_081,61,0.2866598464767672,0.2868217054263566,,,0.2866598464767672,0.2868217054263566
3hdfA_3hdeA,ShallowMsa_082,60,0.32851169959001086,0.3285361842105263,,,0.32851169959001086,0.3285361842105263
3hdfA_3hdeA,ShallowMsa_083,60,0.3307219604423385,0.3333333333333333,,,0.3307219604423385,0.3333333333333333
3hdfA_3hdeA,ShallowMsa_084,60,0.3310575856728544,0.3275514018691589,,,0.3310575856728544,0.3275514018691589
3hdfA_3hdeA,ShallowMsa_085,59,0.3168527958263185,0.3153153153153153,,,0.3168527958263185,0.3153153153153153
3hdfA_3hdeA,ShallowMsa_086,58,0.3302971437891059,0.328,,,0.3302971437891059,0.328
3hdfA_3hdeA,ShallowMsa_087,58,0.3473873145074933,0.3437987359435279,,,0.3473873145074933,0.3437987359435279
3hdfA_3hdeA,ShallowMsa_088,56,0.33071866396094707,0.32270764541529084,,,0.33071866396094707,0.32270764541529084
3hdfA_3hdeA,ShallowMsa_089,56,0.5254166503866078,0.5343910130074891,,,0.5254166503866078,0.5343910130074891
3hdfA_3hdeA,ShallowMsa_090,52,0.31535187233278766,0.3141808573106283,,,0.31535187233278766,0.3141808573106283
3hdfA_3hdeA,ShallowMsa_091,50,0.3215813387468931,0.32184380504991195,,,0.3215813387468931,0.32184380504991195
3hdfA_3hdeA,ShallowMsa_092,48,0.3766915930829155,0.38224594465648853,,,0.3766915930829155,0.38224594465648853
3hdfA_3hdeA,ShallowMsa_093,47,0.3391689550579546,0.33587786259541985,,,0.3391689550579546,0.33587786259541985
3hdfA_3hdeA,ShallowMsa_094,47,0.5053695350008299,0.5118110236220472,,,0.5053695350008299,0.5118110236220472
3hdfA_3hdeA,ShallowMsa_095,46,0.33375174707137295,0.32558139534883723,,,0.33375174707137295,0.32558139534883723
3hdfA_3hdeA,ShallowMsa_096,45,0.3414727836051434,0.34375,,,0.3414727836051434,0.34375
3hdfA_3hdeA,ShallowMsa_097,44,0.3172028568405599,0.3125,,,0.3172028568405599,0.3125
3hdfA_3hdeA,ShallowMsa_098,38,0.3216302951786167,0.31496062992125984,,,0.3216302951786167,0.31496062992125984
3hdfA_3hdeA,ShallowMsa_099,27,0.358976691238444,0.359375,,,0.358976691238444,0.359375
3j7vG_3j7wB,ShallowMsa_000,91,0.3453874779927113,0.33189655172413796,,,0.3453874779927113,0.33189655172413796
3j7vG_3j7wB,ShallowMsa_001,65,0.5171657519018542,0.5206349206349207,,,0.5171657519018542,0.5206349206349207
3j7vG_3j7wB,ShallowMsa_002,51,0.573043529796167,0.5833333333333334,,,0.573043529796167,0.5833333333333334
3j7vG_3j7wB,ShallowMsa_003,43,0.3359541816778868,0.3310344827586207,,,0.3359541816778868,0.3310344827586207
3j7vG_3j7wB,ShallowMsa_004,41,0.7303706503484048,0.7348242811501597,,,0.7303706503484048,0.7348242811501597
3j7vG_3j7wB,ShallowMsa_005,39,0.45613301704213954,0.4664429530201342,,,0.45613301704213954,0.4664429530201342
3j7vG_3j7wB,ShallowMsa_006,36,0.36465941774388666,0.3422988962911405,,,0.36465941774388666,0.3422988962911405
3j7vG_3j7wB,ShallowMsa_007,35,0.3550901076275743,0.347682119205298,,,0.3550901076275743,0.347682119205298
3j7vG_3j7wB,ShallowMsa_008,34,0.3321963041764524,0.33040935672514615,,,0.3321963041764524,0.33040935672514615
3j7vG_3j7wB,ShallowMsa_009,33,0.34552609586492206,0.3433333333333333,,,0.34552609586492206,0.3433333333333333
3j7vG_3j7wB,ShallowMsa_010,33,0.31694876468940913,0.32051282051282054,,,0.31694876468940913,0.32051282051282054
3j7vG_3j7wB,ShallowMsa_011,32,0.3606394337560238,0.35015479876160993,,,0.3606394337560238,0.35015479876160993
3j7vG_3j7wB,ShallowMsa_012,31,0.3141933808114618,0.3082191780821918,,,0.3141933808114618,0.3082191780821918
3j7vG_3j7wB,ShallowMsa_013,31,0.3262872846873474,0.3223684210526316,,,0.3262872846873474,0.3223684210526316
3j7vG_3j7wB,ShallowMsa_014,31,0.34111311658178944,0.3225806451612903,,,0.34111311658178944,0.3225806451612903
3j7vG_3j7wB,ShallowMsa_015,30,0.41983685743129756,0.4013381668456857,,,0.41983685743129756,0.4013381668456857
3j7vG_3j7wB,ShallowMsa_016,29,0.6804673636180664,0.7834394904458599,,,0.6804673636180664,0.7834394904458599
3j7vG_3j7wB,ShallowMsa_017,29,0.3491718314867355,0.35135135135135137,,,0.3491718314867355,0.35135135135135137
3j7vG_3j7wB,ShallowMsa_018,26,0.6088838860662391,0.765923566878981,,,0.6088838860662391,0.765923566878981
3j7vG_3j7wB,ShallowMsa_019,26,0.3388259673204554,0.3203917050691244,,,0.3388259673204554,0.3203917050691244
3j7vG_3j7wB,ShallowMsa_020,24,0.3631970877336779,0.34206049470926475,,,0.3631970877336779,0.34206049470926475
3j7vG_3j7wB,ShallowMsa_021,24,0.3528413170288265,0.3537664090295669,,,0.3528413170288265,0.3537664090295669
3j7vG_3j7wB,ShallowMsa_022,23,0.8074146980238105,0.8057324840764332,,,0.8074146980238105,0.8057324840764332
3j7vG_3j7wB,ShallowMsa_023,21,0.46502298401584785,0.4735099337748344,,,0.46502298401584785,0.4735099337748344
3j7vG_3j7wB,ShallowMsa_024,21,0.3627163741808486,0.37037037037037035,,,0.3627163741808486,0.37037037037037035
3j7vG_3j7wB,ShallowMsa_025,21,0.38606272061835545,0.38515901060070673,,,0.38606272061835545,0.38515901060070673
3j7vG_3j7wB,ShallowMsa_026,20,0.43560840408440915,0.4685080178037925,,,0.43560840408440915,0.4685080178037925
3j7vG_3j7wB,ShallowMsa_027,20,0.3689340955517475,0.3682600557001324,,,0.3689340955517475,0.3682600557001324
3j7vG_3j7wB,ShallowMsa_028,20,0.3264516593959087,0.32701697004171404,,,0.3264516593959087,0.32701697004171404
3j7vG_3j7wB,ShallowMsa_029,19,0.3143056900967899,0.31493506493506496,,,0.3143056900967899,0.31493506493506496
3j7vG_3j7wB,ShallowMsa_030,19,0.35649049909639063,0.3538961038961039,,,0.35649049909639063,0.3538961038961039
3j7vG_3j7wB,ShallowMsa_031,19,0.39342152475689024,0.3920265780730897,,,0.39342152475689024,0.3920265780730897
3j7vG_3j7wB,ShallowMsa_032,19,0.3826009760886219,0.38408304498269896,,,0.3826009760886219,0.38408304498269896
3j7vG_3j7wB,ShallowMsa_033,19,0.34256473954392275,0.3352272727272727,,,0.34256473954392275,0.3352272727272727
3j7vG_3j7wB,ShallowMsa_034,16,0.45481583720057944,0.4888268156424581,,,0.45481583720057944,0.4888268156424581
3j7vG_3j7wB,ShallowMsa_035,16,0.31627549142323896,0.3178014184397163,,,0.31627549142323896,0.3178014184397163
3j7vG_3j7wB,ShallowMsa_036,16,0.35162439542795165,0.35780215952629746,,,0.35162439542795165,0.35780215952629746
3j7vG_3j7wB,ShallowMsa_037,16,0.3380780065743658,0.33596875000000004,,,0.3380780065743658,0.33596875000000004
3j7vG_3j7wB,ShallowMsa_038,16,0.3289366458995925,0.32549533799533803,,,0.3289366458995925,0.32549533799533803
3j7vG_3j7wB,ShallowMsa_039,15,0.35672558555446854,0.35678391959798994,,,0.35672558555446854,0.35678391959798994
3j7vG_3j7wB,ShallowMsa_040,15,0.7176925477133044,0.7165605095541401,,,0.7176925477133044,0.7165605095541401
3j7vG_3j7wB,ShallowMsa_041,15,0.33547174569472943,0.33447098976109213,,,0.33547174569472943,0.33447098976109213
3j7vG_3j7wB,ShallowMsa_042,14,0.31442995539092483,0.30465210355987055,,,0.31442995539092483,0.30465210355987055
3j7vG_3j7wB,ShallowMsa_043,14,0.31329091731920256,0.3131127450980392,,,0.31329091731920256,0.3131127450980392
3j7vG_3j7wB,ShallowMsa_044,14,0.3263956022893207,0.32646048109965636,,,0.3263956022893207,0.32646048109965636
3j7vG_3j7wB,ShallowMsa_045,13,0.3514460635923556,0.3522727272727273,,,0.3514460635923556,0.3522727272727273
3j7vG_3j7wB,ShallowMsa_046,13,0.3680958506780027,0.3720136518771331,,,0.3680958506780027,0.3720136518771331
3j7vG_3j7wB,ShallowMsa_047,13,0.34406084910177515,0.3494809688581315,,,0.34406084910177515,0.3494809688581315
3j7vG_3j7wB,ShallowMsa_048,13,0.30955107011534805,0.3076923076923077,,,0.30955107011534805,0.3076923076923077
3j7vG_3j7wB,ShallowMsa_049,12,0.3596843458593473,0.3506908835753225,,,0.3596843458593473,0.3506908835753225
3j7vG_3j7wB,ShallowMsa_050,12,0.7389827946859618,0.7277070063694266,,,0.7389827946859618,0.7277070063694266
3j7vG_3j7wB,ShallowMsa_051,12,0.3284002571966428,0.32894736842105265,,,0.3284002571966428,0.32894736842105265
3j7vG_3j7wB,ShallowMsa_052,12,0.39459553698434674,0.3950428396572827,,,0.39459553698434674,0.3950428396572827
3j7vG_3j7wB,ShallowMsa_053,12,0.38227830505652927,0.38448844884488453,,,0.38227830505652927,0.38448844884488453
3j7vG_3j7wB,ShallowMsa_054,12,0.2939850387296133,0.28925425655148296,,,0.2939850387296133,0.28925425655148296
3j7vG_3j7wB,ShallowMsa_055,11,0.5413119861341206,0.5317725752508361,,,0.5413119861341206,0.5317725752508361
3j7vG_3j7wB,ShallowMsa_056,11,0.3111842708469495,0.31329113924050633,,,0.3111842708469495,0.31329113924050633
3j7vG_3j7wB,ShallowMsa_057,11,0.32905885594459633,0.329073482428115,,,0.32905885594459633,0.329073482428115
3j7vG_3j7wB,ShallowMsa_058,11,0.34641572356866307,0.3576158940397351,,,0.34641572356866307,0.3576158940397351
3j7vG_3j7wB,ShallowMsa_059,11,0.31728371152048446,0.3129251700680272,,,0.31728371152048446,0.3129251700680272
3j7vG_3j7wB,ShallowMsa_060,11,0.3418397193521168,0.34275618374558303,,,0.3418397193521168,0.34275618374558303
3j7vG_3j7wB,ShallowMsa_061,11,0.35241290896768124,0.36585365853658536,,,0.35241290896768124,0.36585365853658536
3j7vG_3j7wB,ShallowMsa_062,11,0.3000076215994236,0.2966666666666667,,,0.3000076215994236,0.2966666666666667
3kdsG_2ce7C,ShallowMsa_000,3238,0.5083074421336586,0.5156471023481535,,,0.5083074421336586,0.5156471023481535
3kdsG_2ce7C,ShallowMsa_001,3037,0.5603355629650544,0.5751173708920188,,,0.5603355629650544,0.5751173708920188
3kdsG_2ce7C,ShallowMsa_002,2757,0.5980922485499917,0.6111111111111112,,,0.5980922485499917,0.6111111111111112
3kdsG_2ce7C,ShallowMsa_003,2739,0.5048219700911805,0.5074626865671642,,,0.5048219700911805,0.5074626865671642
3kdsG_2ce7C,ShallowMsa_004,2512,0.4497979947261788,0.4461538461538462,,,0.4497979947261788,0.4461538461538462
3kdsG_2ce7C,ShallowMsa_005,2468,0.4354806426593373,0.42727319297167154,,,0.4354806426593373,0.42727319297167154
3kdsG_2ce7C,ShallowMsa_006,2140,0.40739220979812235,0.39074105393711334,,,0.40739220979812235,0.39074105393711334
3kdsG_2ce7C,ShallowMsa_007,1617,0.40480784774203876,0.41379310344827586,,,0.40480784774203876,0.41379310344827586
3kdsG_2ce7C,ShallowMsa_008,1288,0.5687868662750851,0.5976040172166428,,,0.5687868662750851,0.5976040172166428
3kdsG_2ce7C,ShallowMsa_009,1247,0.5824583875363862,0.60880195599022,,,0.5824583875363862,0.60880195599022
3kdsG_2ce7C,ShallowMsa_010,1202,0.41162782275455717,0.41596638655462187,,,0.41162782275455717,0.41596638655462187
3kdsG_2ce7C,ShallowMsa_011,1077,0.5086553598209484,0.5222672064777328,,,0.5086553598209484,0.5222672064777328
3kdsG_2ce7C,ShallowMsa_012,1037,0.5062965577025977,0.5047619047619047,,,0.5062965577025977,0.5047619047619047
3kdsG_2ce7C,ShallowMsa_013,944,0.5599334289256898,0.5658536585365853,,,0.5599334289256898,0.5658536585365853
3kdsG_2ce7C,ShallowMsa_014,937,0.4273710115389463,0.36893203883495146,,,0.4273710115389463,0.36893203883495146
3kdsG_2ce7C,ShallowMsa_015,906,0.5242267560579225,0.4865975269246111,,,0.5242267560579225,0.4865975269246111
3kdsG_2ce7C,ShallowMsa_016,876,0.5239831977648817,0.5261904761904762,,,0.5239831977648817,0.5261904761904762
3kdsG_2ce7C,ShallowMsa_017,850,0.5286981979704254,0.5714923929437996,,,0.5286981979704254,0.5714923929437996
3kdsG_2ce7C,ShallowMsa_018,828,0.42552261777978,0.429844407398587,,,0.42552261777978,0.429844407398587
3kdsG_2ce7C,ShallowMsa_019,784,0.4265284256451326,0.41176079608036764,,,0.4265284256451326,0.41176079608036764
3kdsG_2ce7C,ShallowMsa_020,670,0.4152980602008958,0.4231567187998723,,,0.4152980602008958,0.4231567187998723
3kdsG_2ce7C,ShallowMsa_021,657,0.5193230655548844,0.5273159144893111,,,0.5193230655548844,0.5273159144893111
3kdsG_2ce7C,ShallowMsa_022,593,0.3820248406191785,0.3944954128440367,,,0.3820248406191785,0.3944954128440367
3kdsG_2ce7C,ShallowMsa_023,579,0.44234326099451216,0.4409090909090909,,,0.44234326099451216,0.4409090909090909
3kdsG_2ce7C,ShallowMsa_024,534,0.4579268824898006,0.4417763992343703,,,0.4579268824898006,0.4417763992343703
3kdsG_2ce7C,ShallowMsa_025,496,0.44207180361100823,0.44536114040758,,,0.44207180361100823,0.44536114040758
3kdsG_2ce7C,ShallowMsa_026,454,0.36164219373166484,0.363992337164751,,,0.36164219373166484,0.363992337164751
3kdsG_2ce7C,ShallowMsa_027,440,0.41626504842008116,0.39560292064855573,,,0.41626504842008116,0.39560292064855573
3kdsG_2ce7C,ShallowMsa_028,427,0.4464681218999161,0.44786729857819907,,,0.4464681218999161,0.44786729857819907
3kdsG_2ce7C,ShallowMsa_029,426,0.3198257137135018,0.3191451570503939,,,0.3198257137135018,0.3191451570503939
3kdsG_2ce7C,ShallowMsa_030,423,0.32193432416194484,0.32160804020100503,,,0.32193432416194484,0.32160804020100503
3kdsG_2ce7C,ShallowMsa_031,419,0.3197354581952288,0.3191489361702128,,,0.3197354581952288,0.3191489361702128
3kdsG_2ce7C,ShallowMsa_032,399,0.5175274071872815,0.48854961832061067,,,0.5175274071872815,0.48854961832061067
3kdsG_2ce7C,ShallowMsa_033,394,0.6341026011483347,0.6542304633127858,,,0.6341026011483347,0.6542304633127858
3kdsG_2ce7C,ShallowMsa_034,386,0.5124395762777185,0.6084087481146304,,,0.5124395762777185,0.6084087481146304
3kdsG_2ce7C,ShallowMsa_035,368,0.3698542574501263,0.3712008834388186,,,0.3698542574501263,0.3712008834388186
3kdsG_2ce7C,ShallowMsa_036,363,0.39053327319386777,0.39461883408071746,,,0.39053327319386777,0.39461883408071746
3kdsG_2ce7C,ShallowMsa_037,344,0.38456021128158396,0.4028522141086621,,,0.38456021128158396,0.4028522141086621
3kdsG_2ce7C,ShallowMsa_038,326,0.3997114332231311,0.4011984808151276,,,0.3997114332231311,0.4011984808151276
3kdsG_2ce7C,ShallowMsa_039,319,0.3075929631091036,0.3005181347150259,,,0.3075929631091036,0.3005181347150259
3kdsG_2ce7C,ShallowMsa_040,316,0.33781893977014815,0.33739347686756715,,,0.33781893977014815,0.33739347686756715
3kdsG_2ce7C,ShallowMsa_041,315,0.564044324833516,0.6153846153846154,,,0.564044324833516,0.6153846153846154
3kdsG_2ce7C,ShallowMsa_042,314,0.5479948287127702,0.5724417712376997,,,0.5479948287127702,0.5724417712376997
3kdsG_2ce7C,ShallowMsa_043,305,0.46532668682481115,0.4253521126760563,,,0.46532668682481115,0.4253521126760563
3kdsG_2ce7C,ShallowMsa_044,296,0.373410299995988,0.3764726725130658,,,0.373410299995988,0.3764726725130658
3kdsG_2ce7C,ShallowMsa_045,293,0.6321328972770953,0.6350710900473934,,,0.6321328972770953,0.6350710900473934
3kdsG_2ce7C,ShallowMsa_046,281,0.40693450127044806,0.41350210970464135,,,0.40693450127044806,0.41350210970464135
3kdsG_2ce7C,ShallowMsa_047,274,0.40343171717775306,0.4133595800524934,,,0.40343171717775306,0.4133595800524934
3kdsG_2ce7C,ShallowMsa_048,267,0.332107486110608,0.33170731707317075,,,0.332107486110608,0.33170731707317075
3kdsG_2ce7C,ShallowMsa_049,263,0.3126540035409563,0.3104325699745547,,,0.3126540035409563,0.3104325699745547
3kdsG_2ce7C,ShallowMsa_050,261,0.49980341383804566,0.5073170731707317,,,0.49980341383804566,0.5073170731707317
3kdsG_2ce7C,ShallowMsa_051,242,0.40179046797277224,0.40640867546786597,,,0.40179046797277224,0.40640867546786597
3kdsG_2ce7C,ShallowMsa_052,241,0.46168312596893385,0.4623115577889447,,,0.46168312596893385,0.4623115577889447
3kdsG_2ce7C,ShallowMsa_053,228,0.3593105214562269,0.3647804826567227,,,0.3593105214562269,0.3647804826567227
3kdsG_2ce7C,ShallowMsa_054,223,0.3191235556963807,0.3193069306930693,,,0.3191235556963807,0.3193069306930693
3kdsG_2ce7C,ShallowMsa_055,219,0.523351006206539,0.5209302325581395,,,0.523351006206539,0.5209302325581395
3kdsG_2ce7C,ShallowMsa_056,219,0.3712826880756593,0.3665338645418327,,,0.3712826880756593,0.3665338645418327
3kdsG_2ce7C,ShallowMsa_057,217,0.3720227550634733,0.3790322580645161,,,0.3720227550634733,0.3790322580645161
3kdsG_2ce7C,ShallowMsa_058,213,0.40829730313330176,0.4097560975609756,,,0.40829730313330176,0.4097560975609756
3kdsG_2ce7C,ShallowMsa_059,212,0.5399091838884121,0.6106507477875303,,,0.5399091838884121,0.6106507477875303
3kdsG_2ce7C,ShallowMsa_060,211,0.47206990357350187,0.40825688073394495,,,0.47206990357350187,0.40825688073394495
3kdsG_2ce7C,ShallowMsa_061,210,0.29075501575991436,0.28693817648137954,,,0.29075501575991436,0.28693817648137954
3kdsG_2ce7C,ShallowMsa_062,207,0.32512091187586556,0.32547169811320753,,,0.32512091187586556,0.32547169811320753
3kdsG_2ce7C,ShallowMsa_063,204,0.5851020599144735,0.6184834123222749,,,0.5851020599144735,0.6184834123222749
3kdsG_2ce7C,ShallowMsa_064,202,0.5254218888663091,0.5089285714285714,,,0.5254218888663091,0.5089285714285714
3kdsG_2ce7C,ShallowMsa_065,202,0.5098920794857719,0.523280358598207,,,0.5098920794857719,0.523280358598207
3kdsG_2ce7C,ShallowMsa_066,199,0.40381591922850124,0.41284403669724773,,,0.40381591922850124,0.41284403669724773
3kdsG_2ce7C,ShallowMsa_067,196,0.6426902279833092,0.6553924281389368,,,0.6426902279833092,0.6553924281389368
3kdsG_2ce7C,ShallowMsa_068,185,0.3144955547587619,0.31413612565445026,,,0.3144955547587619,0.31413612565445026
3kdsG_2ce7C,ShallowMsa_069,183,0.3417321636553704,0.3439024390243902,,,0.3417321636553704,0.3439024390243902
3kdsG_2ce7C,ShallowMsa_070,181,0.5949880804226498,0.6271929824561403,,,0.5949880804226498,0.6271929824561403
3kdsG_2ce7C,ShallowMsa_071,180,0.3598463627340869,0.3520220032642205,,,0.3598463627340869,0.3520220032642205
3kdsG_2ce7C,ShallowMsa_072,180,0.36407377753638553,0.35758519287320534,,,0.36407377753638553,0.35758519287320534
3kdsG_2ce7C,ShallowMsa_073,171,0.3089998718177185,0.3076923076923077,,,0.3089998718177185,0.3076923076923077
3kdsG_2ce7C,ShallowMsa_074,169,0.6338717711712818,0.6447688564476886,,,0.6338717711712818,0.6447688564476886
3kdsG_2ce7C,ShallowMsa_075,167,0.40493796368270835,0.3960880195599022,,,0.40493796368270835,0.3960880195599022
3kdsG_2ce7C,ShallowMsa_076,163,0.3885928481001692,0.3909952606635071,,,0.3885928481001692,0.3909952606635071
3kdsG_2ce7C,ShallowMsa_077,161,0.538370780712784,0.6120218579234973,,,0.538370780712784,0.6120218579234973
3kdsG_2ce7C,ShallowMsa_078,155,0.30419074419276315,0.3008474576271186,,,0.30419074419276315,0.3008474576271186
3kdsG_2ce7C,ShallowMsa_079,155,0.35839811397019167,0.3594132029339853,,,0.35839811397019167,0.3594132029339853
3kdsG_2ce7C,ShallowMsa_080,148,0.41220438042162716,0.4211646136618141,,,0.41220438042162716,0.4211646136618141
3kdsG_2ce7C,ShallowMsa_081,147,0.34189704623269157,0.34210526315789475,,,0.34189704623269157,0.34210526315789475
3kdsG_2ce7C,ShallowMsa_082,136,0.5031375261271187,0.5102861943108743,,,0.5031375261271187,0.5102861943108743
3kdsG_2ce7C,ShallowMsa_083,112,0.5374074500605772,0.5195919626672837,,,0.5374074500605772,0.5195919626672837
3kdsG_2ce7C,ShallowMsa_084,109,0.5356178965023713,0.5620437956204379,,,0.5356178965023713,0.5620437956204379
3kdsG_2ce7C,ShallowMsa_085,103,0.2958613811902042,0.293398533007335,,,0.2958613811902042,0.293398533007335
3kdsG_2ce7C,ShallowMsa_086,99,0.36543445466267643,0.36818181818181817,,,0.36543445466267643,0.36818181818181817
3kdsG_2ce7C,ShallowMsa_087,94,0.631355158430188,0.6460781200381074,,,0.631355158430188,0.6460781200381074
3kdsG_2ce7C,ShallowMsa_088,89,0.3598028585669089,0.3615023474178404,,,0.3598028585669089,0.3615023474178404
3kdsG_2ce7C,ShallowMsa_089,81,0.5807150814675435,0.610705596107056,,,0.5807150814675435,0.610705596107056
3kdsG_2ce7C,ShallowMsa_090,76,0.4535005027235115,0.43021642619311873,,,0.4535005027235115,0.43021642619311873
3kdsG_2ce7C,ShallowMsa_091,72,0.48063989692308595,0.42128810226155355,,,0.48063989692308595,0.42128810226155355
3kdsG_2ce7C,ShallowMsa_092,67,0.6155593564013675,0.6521739130434783,,,0.6155593564013675,0.6521739130434783
3kdsG_2ce7C,ShallowMsa_093,64,0.4386485603777092,0.43598977423948826,,,0.4386485603777092,0.43598977423948826
3kdsG_2ce7C,ShallowMsa_094,54,0.3471369766952081,0.34521635569670506,,,0.3471369766952081,0.34521635569670506
3kdsG_2ce7C,ShallowMsa_095,54,0.6200582634020851,0.6170731707317073,,,0.6200582634020851,0.6170731707317073
3kdsG_2ce7C,ShallowMsa_096,49,0.5519487417375724,0.6024390243902439,,,0.5519487417375724,0.6024390243902439
3kdsG_2ce7C,ShallowMsa_097,34,0.4329327671147582,0.4054518435961735,,,0.4329327671147582,0.4054518435961735
3kdsG_2ce7C,ShallowMsa_098,27,0.4631539351487678,0.48284313725490197,,,0.4631539351487678,0.48284313725490197
3kdsG_2ce7C,ShallowMsa_099,26,0.5967526748640297,0.6234718826405868,,,0.5967526748640297,0.6234718826405868
3l5nB_2a73B,ShallowMsa_000,361,0.4229660348002064,0.42621015348288077,,,0.4229660348002064,0.42621015348288077
3l5nB_2a73B,ShallowMsa_001,191,0.29777553863660294,0.2971014492753623,,,0.29777553863660294,0.2971014492753623
3l5nB_2a73B,ShallowMsa_002,184,0.2916751307196407,0.2909084492440986,,,0.2916751307196407,0.2909084492440986
3l5nB_2a73B,ShallowMsa_003,180,0.3306876850907024,0.33021077283372363,,,0.3306876850907024,0.33021077283372363
3l5nB_2a73B,ShallowMsa_004,176,0.42390425377591606,0.4255563278715838,,,0.42390425377591606,0.4255563278715838
3l5nB_2a73B,ShallowMsa_005,164,0.47001782882272236,0.4849429210461674,,,0.47001782882272236,0.4849429210461674
3l5nB_2a73B,ShallowMsa_006,162,0.8295585821873294,0.8046205938861306,,,0.8295585821873294,0.8046205938861306
3l5nB_2a73B,ShallowMsa_007,151,0.31414449535238326,0.315,,,0.31414449535238326,0.315
3l5nB_2a73B,ShallowMsa_008,145,0.3878969779878413,0.3888255416191562,,,0.3878969779878413,0.3888255416191562
3l5nB_2a73B,ShallowMsa_009,134,0.2953335640068178,0.29444604096020843,,,0.2953335640068178,0.29444604096020843
3l5nB_2a73B,ShallowMsa_010,133,0.29832606136551326,0.2967289719626168,,,0.29832606136551326,0.2967289719626168
3l5nB_2a73B,ShallowMsa_011,131,0.29816420628002455,0.29906542056074764,,,0.29816420628002455,0.29906542056074764
3l5nB_2a73B,ShallowMsa_012,123,0.3237230188114555,0.32213209733487835,,,0.3237230188114555,0.32213209733487835
3l5nB_2a73B,ShallowMsa_013,120,0.5049130199757277,0.508648492913314,,,0.5049130199757277,0.508648492913314
3l5nB_2a73B,ShallowMsa_014,116,0.29265534314017505,0.29294350741719166,,,0.29265534314017505,0.29294350741719166
3l5nB_2a73B,ShallowMsa_015,113,0.27557097556533433,0.27505827505827507,,,0.27557097556533433,0.27505827505827507
3l5nB_2a73B,ShallowMsa_016,109,0.5862588391138361,0.5880952380952381,,,0.5862588391138361,0.5880952380952381
3l5nB_2a73B,ShallowMsa_017,107,0.2958758169984116,0.29454022988505746,,,0.2958758169984116,0.29454022988505746
3l5nB_2a73B,ShallowMsa_018,106,0.29783405105548305,0.29731719527637895,,,0.29783405105548305,0.29731719527637895
3l5nB_2a73B,ShallowMsa_019,102,0.54316355262991,0.5719254757716297,,,0.54316355262991,0.5719254757716297
3l5nB_2a73B,ShallowMsa_020,102,0.28974114100831133,0.29015206491621587,,,0.28974114100831133,0.29015206491621587
3l5nB_2a73B,ShallowMsa_021,100,0.3022077868999836,0.3019087186897881,,,0.3022077868999836,0.3019087186897881
3l5nB_2a73B,ShallowMsa_022,99,0.5097475571664322,0.5737463126843658,,,0.5097475571664322,0.5737463126843658
3l5nB_2a73B,ShallowMsa_023,98,0.42851044647675374,0.4218928164196123,,,0.42851044647675374,0.4218928164196123
3l5nB_2a73B,ShallowMsa_024,98,0.3024871129806093,0.297597539880838,,,0.3024871129806093,0.297597539880838
3l5nB_2a73B,ShallowMsa_025,95,0.30827118270751463,0.30921820303383896,,,0.30827118270751463,0.30921820303383896
3l5nB_2a73B,ShallowMsa_026,94,0.42949128384930085,0.44632083000798084,,,0.42949128384930085,0.44632083000798084
3l5nB_2a73B,ShallowMsa_027,94,0.46124367163670416,0.46027607044556196,,,0.46124367163670416,0.46027607044556196
3l5nB_2a73B,ShallowMsa_028,91,0.43268010139000557,0.42596810933940776,,,0.43268010139000557,0.42596810933940776
3l5nB_2a73B,ShallowMsa_029,88,0.4264289363101698,0.42778364610255837,,,0.4264289363101698,0.42778364610255837
3l5nB_2a73B,ShallowMsa_030,85,0.41900476819179694,0.4205714285714286,,,0.41900476819179694,0.4205714285714286
3l5nB_2a73B,ShallowMsa_031,84,0.3184274824952733,0.31976744186046513,,,0.3184274824952733,0.31976744186046513
3l5nB_2a73B,ShallowMsa_032,83,0.29967872687945696,0.30029154518950435,,,0.29967872687945696,0.30029154518950435
3l5nB_2a73B,ShallowMsa_033,83,0.38093403835641865,0.38188073394495414,,,0.38093403835641865,0.38188073394495414
3l5nB_2a73B,ShallowMsa_034,82,0.4167838734998448,0.43437590031691153,,,0.4167838734998448,0.43437590031691153
3l5nB_2a73B,ShallowMsa_035,74,0.38301142341522637,0.38648190770150914,,,0.38301142341522637,0.38648190770150914
3l5nB_2a73B,ShallowMsa_036,74,0.40465367946808156,0.40858286855123477,,,0.40465367946808156,0.40858286855123477
3l5nB_2a73B,ShallowMsa_037,73,0.44411588178831196,0.44387096774193546,,,0.44411588178831196,0.44387096774193546
3l5nB_2a73B,ShallowMsa_038,73,0.3379277703774401,0.3368298368298368,,,0.3379277703774401,0.3368298368298368
3l5nB_2a73B,ShallowMsa_039,72,0.2807384615211699,0.27966428204494,,,0.2807384615211699,0.27966428204494
3l5nB_2a73B,ShallowMsa_040,70,0.28806973029903615,0.28681945113911145,,,0.28806973029903615,0.28681945113911145
3l5nB_2a73B,ShallowMsa_041,70,0.41831498575614084,0.43141615144438833,,,0.41831498575614084,0.43141615144438833
3l5nB_2a73B,ShallowMsa_042,68,0.49972240837400284,0.5035807145495499,,,0.49972240837400284,0.5035807145495499
3l5nB_2a73B,ShallowMsa_043,67,0.31095565827604543,0.31303288672350793,,,0.31095565827604543,0.31303288672350793
3l5nB_2a73B,ShallowMsa_044,66,0.2713624664164828,0.2698318178160457,,,0.2713624664164828,0.2698318178160457
3l5nB_2a73B,ShallowMsa_045,66,0.39719643540412264,0.3998854524627721,,,0.39719643540412264,0.3998854524627721
3l5nB_2a73B,ShallowMsa_046,65,0.4393653759314462,0.49142857142857144,,,0.4393653759314462,0.49142857142857144
3l5nB_2a73B,ShallowMsa_047,64,0.2827267265749576,0.28011986017824775,,,0.2827267265749576,0.28011986017824775
3l5nB_2a73B,ShallowMsa_048,63,0.28881609349338466,0.28699551569506726,,,0.28881609349338466,0.28699551569506726
3l5nB_2a73B,ShallowMsa_049,60,0.4288418665428668,0.4303649338260974,,,0.4288418665428668,0.4303649338260974
3l5nB_2a73B,ShallowMsa_050,59,0.28969140438299223,0.289002557544757,,,0.28969140438299223,0.289002557544757
3l5nB_2a73B,ShallowMsa_051,59,0.5194137986185938,0.5226757369614512,,,0.5194137986185938,0.5226757369614512
3l5nB_2a73B,ShallowMsa_052,57,0.43624192148168656,0.4375,,,0.43624192148168656,0.4375
3l5nB_2a73B,ShallowMsa_053,55,0.6660747577816438,0.7620650953984287,,,0.6660747577816438,0.7620650953984287
3l5nB_2a73B,ShallowMsa_054,55,0.402856792451191,0.40274599542334094,,,0.402856792451191,0.40274599542334094
3l5nB_2a73B,ShallowMsa_055,55,0.42950244893947903,0.4349442379182156,,,0.42950244893947903,0.4349442379182156
3l5nB_2a73B,ShallowMsa_056,55,0.3408869544719579,0.33912037037037035,,,0.3408869544719579,0.33912037037037035
3l5nB_2a73B,ShallowMsa_057,54,0.493573433843783,0.512514220705347,,,0.493573433843783,0.512514220705347
3l5nB_2a73B,ShallowMsa_058,54,0.4329655219388997,0.4348710066539554,,,0.4329655219388997,0.4348710066539554
3l5nB_2a73B,ShallowMsa_059,53,0.7813803745304219,0.7898876404494382,,,0.7813803745304219,0.7898876404494382
3l5nB_2a73B,ShallowMsa_060,51,0.2866343647200672,0.28688524590163933,,,0.2866343647200672,0.28688524590163933
3l5nB_2a73B,ShallowMsa_061,51,0.7472823154188454,0.73875,,,0.7472823154188454,0.73875
3l5nB_2a73B,ShallowMsa_062,51,0.3215544087795585,0.3190255220417633,,,0.3215544087795585,0.3190255220417633
3l5nB_2a73B,ShallowMsa_063,47,0.29796014573469126,0.2980132450331126,,,0.29796014573469126,0.2980132450331126
3l5nB_2a73B,ShallowMsa_064,46,0.4135162989153109,0.4163762732774777,,,0.4135162989153109,0.4163762732774777
3l5nB_2a73B,ShallowMsa_065,46,0.4063202849465533,0.40312152016954633,,,0.4063202849465533,0.40312152016954633
3l5nB_2a73B,ShallowMsa_066,44,0.32455071148178466,0.3258445948438291,,,0.32455071148178466,0.3258445948438291
3l5nB_2a73B,ShallowMsa_067,43,0.7513424218638081,0.754524886877828,,,0.7513424218638081,0.754524886877828
3l5nB_2a73B,ShallowMsa_068,43,0.5489243556840226,0.5551763367463026,,,0.5489243556840226,0.5551763367463026
3l5nB_2a73B,ShallowMsa_069,42,0.4386912060870384,0.4368571528415025,,,0.4386912060870384,0.4368571528415025
3l5nB_2a73B,ShallowMsa_070,41,0.5602622100161999,0.5730918499353169,,,0.5602622100161999,0.5730918499353169
3l5nB_2a73B,ShallowMsa_071,41,0.4347360978224748,0.4394977168949772,,,0.4347360978224748,0.4394977168949772
3l5nB_2a73B,ShallowMsa_072,39,0.29197691040073664,0.29333333333333333,,,0.29197691040073664,0.29333333333333333
3l5nB_2a73B,ShallowMsa_073,39,0.2917141829804017,0.289875173370319,,,0.2917141829804017,0.289875173370319
3l5nB_2a73B,ShallowMsa_074,39,0.30059156638448375,0.3007299270072993,,,0.30059156638448375,0.3007299270072993
3l5nB_2a73B,ShallowMsa_075,39,0.2817977891496504,0.28095238095238095,,,0.2817977891496504,0.28095238095238095
3l5nB_2a73B,ShallowMsa_076,39,0.3835966089490436,0.38434982738780205,,,0.3835966089490436,0.38434982738780205
3l5nB_2a73B,ShallowMsa_077,38,0.2942359990090975,0.29360283730966885,,,0.2942359990090975,0.29360283730966885
3l5nB_2a73B,ShallowMsa_078,38,0.29477212949099474,0.293292582262423,,,0.29477212949099474,0.293292582262423
3l5nB_2a73B,ShallowMsa_079,38,0.297782690843367,0.3008810667123992,,,0.297782690843367,0.3008810667123992
3l5nB_2a73B,ShallowMsa_080,37,0.29104320688441265,0.29004329004329005,,,0.29104320688441265,0.29004329004329005
3l5nB_2a73B,ShallowMsa_081,35,0.6470267207839631,0.75,,,0.6470267207839631,0.75
3l5nB_2a73B,ShallowMsa_082,35,0.2885801768936465,0.2872093023255814,,,0.2885801768936465,0.2872093023255814
3l5nB_2a73B,ShallowMsa_083,32,0.46867339773104666,0.4619671853856563,,,0.46867339773104666,0.4619671853856563
3l5nB_2a73B,ShallowMsa_084,32,0.40283689276235335,0.41164343786295005,,,0.40283689276235335,0.41164343786295005
3l5nB_2a73B,ShallowMsa_085,31,0.371759244771675,0.37142857142857144,,,0.371759244771675,0.37142857142857144
3l5nB_2a73B,ShallowMsa_086,30,0.5795729325191695,0.582336355867708,,,0.5795729325191695,0.582336355867708
3l5nB_2a73B,ShallowMsa_087,29,0.3473139312833793,0.3165322580645161,,,0.3473139312833793,0.3165322580645161
3l5nB_2a73B,ShallowMsa_088,29,0.3863360616660969,0.3837342497136312,,,0.3863360616660969,0.3837342497136312
3l5nB_2a73B,ShallowMsa_089,28,0.4417040144419005,0.4456972924846496,,,0.4417040144419005,0.4456972924846496
3l5nB_2a73B,ShallowMsa_090,27,0.4544426004704621,0.4871447902571042,,,0.4544426004704621,0.4871447902571042
3l5nB_2a73B,ShallowMsa_091,27,0.2984836378408136,0.2994269340974212,,,0.2984836378408136,0.2994269340974212
3l5nB_2a73B,ShallowMsa_092,27,0.43227861634365206,0.43899657924743446,,,0.43227861634365206,0.43899657924743446
3l5nB_2a73B,ShallowMsa_093,26,0.291970525504082,0.29310344827586204,,,0.291970525504082,0.29310344827586204
3l5nB_2a73B,ShallowMsa_094,26,0.6961278765367616,0.7037231189815882,,,0.6961278765367616,0.7037231189815882
3l5nB_2a73B,ShallowMsa_095,23,0.399684808815521,0.39928057553956836,,,0.399684808815521,0.39928057553956836
3l5nB_2a73B,ShallowMsa_096,23,0.4203579439449874,0.4226552984165652,,,0.4203579439449874,0.4226552984165652
3l5nB_2a73B,ShallowMsa_097,23,0.3310558236887897,0.3321678321678322,,,0.3310558236887897,0.3321678321678322
3l5nB_2a73B,ShallowMsa_098,20,0.28323009871556953,0.28272260876627775,,,0.28323009871556953,0.28272260876627775
3l5nB_2a73B,ShallowMsa_099,17,0.3200210260759503,0.3108265424912689,,,0.3200210260759503,0.3108265424912689
3l9qB_4rr2D,ShallowMsa_000,528,0.4092193747904962,0.4104904164920169,,,0.4092193747904962,0.4104904164920169
3l9qB_4rr2D,ShallowMsa_001,166,0.8165601647061863,0.8242424242424242,,,0.8165601647061863,0.8242424242424242
3l9qB_4rr2D,ShallowMsa_002,138,0.7874448579204429,0.793939393939394,,,0.7874448579204429,0.793939393939394
3l9qB_4rr2D,ShallowMsa_003,138,0.5283274655754205,0.5337423312883436,,,0.5283274655754205,0.5337423312883436
3l9qB_4rr2D,ShallowMsa_004,121,0.454109095103567,0.46060606060606063,,,0.454109095103567,0.46060606060606063
3l9qB_4rr2D,ShallowMsa_005,119,0.44029471314157026,0.4451219512195122,,,0.44029471314157026,0.4451219512195122
3l9qB_4rr2D,ShallowMsa_006,119,0.7127134055180813,0.793939393939394,,,0.7127134055180813,0.793939393939394
3l9qB_4rr2D,ShallowMsa_007,118,0.4369705203849016,0.4375,,,0.4369705203849016,0.4375
3l9qB_4rr2D,ShallowMsa_008,114,0.48992653650144624,0.5143058797980347,,,0.48992653650144624,0.5143058797980347
3l9qB_4rr2D,ShallowMsa_009,113,0.42712293224091563,0.42424242424242425,,,0.42712293224091563,0.42424242424242425
3l9qB_4rr2D,ShallowMsa_010,100,0.6220842719823206,0.6018183162096238,,,0.6220842719823206,0.6018183162096238
3l9qB_4rr2D,ShallowMsa_011,99,0.41976080297711016,0.42424242424242425,,,0.41976080297711016,0.42424242424242425
3l9qB_4rr2D,ShallowMsa_012,70,0.6282102214056375,0.6803571428571429,,,0.6282102214056375,0.6803571428571429
3l9qB_4rr2D,ShallowMsa_013,81,0.5370290376746465,0.5662650602409639,,,0.5370290376746465,0.5662650602409639
3l9qB_4rr2D,ShallowMsa_014,85,0.38627463984202554,0.38414634146341464,,,0.38627463984202554,0.38414634146341464
3l9qB_4rr2D,ShallowMsa_015,83,0.3917674362201282,0.39263803680981596,,,0.3917674362201282,0.39263803680981596
3l9qB_4rr2D,ShallowMsa_016,83,0.48348657661981065,0.49375,,,0.48348657661981065,0.49375
3l9qB_4rr2D,ShallowMsa_017,82,0.3842289899094336,0.38569604086845466,,,0.3842289899094336,0.38569604086845466
3l9qB_4rr2D,ShallowMsa_018,82,0.5339330768760576,0.5370370370370371,,,0.5339330768760576,0.5370370370370371
3l9qB_4rr2D,ShallowMsa_019,79,0.43554277230829685,0.4339622641509434,,,0.43554277230829685,0.4339622641509434
3l9qB_4rr2D,ShallowMsa_020,79,0.9115107651327341,0.9461077844311377,,,0.9115107651327341,0.9461077844311377
3l9qB_4rr2D,ShallowMsa_021,74,0.3824871173515162,0.38650306748466257,,,0.3824871173515162,0.38650306748466257
3l9qB_4rr2D,ShallowMsa_022,74,0.49333526229851843,0.49700598802395207,,,0.49333526229851843,0.49700598802395207
3l9qB_4rr2D,ShallowMsa_023,72,0.5391437303245412,0.5563012677106637,,,0.5391437303245412,0.5563012677106637
3l9qB_4rr2D,ShallowMsa_024,62,0.49591230578574214,0.47272326512618934,,,0.49591230578574214,0.47272326512618934
3l9qB_4rr2D,ShallowMsa_025,67,0.43369536014262716,0.43478260869565216,,,0.43369536014262716,0.43478260869565216
3l9qB_4rr2D,ShallowMsa_026,66,0.4049397772324255,0.3971704623878537,,,0.4049397772324255,0.3971704623878537
3l9qB_4rr2D,ShallowMsa_027,64,0.45201985894987484,0.4691358024691358,,,0.45201985894987484,0.4691358024691358
3l9qB_4rr2D,ShallowMsa_028,60,0.4204762959446918,0.41433729326811086,,,0.4204762959446918,0.41433729326811086
3l9qB_4rr2D,ShallowMsa_029,58,0.46613163115694206,0.47530487804878047,,,0.46613163115694206,0.47530487804878047
3l9qB_4rr2D,ShallowMsa_030,57,0.3779323190860613,0.3803680981595092,,,0.3779323190860613,0.3803680981595092
3l9qB_4rr2D,ShallowMsa_031,57,0.8121029074227939,0.8143712574850299,,,0.8121029074227939,0.8143712574850299
3l9qB_4rr2D,ShallowMsa_032,57,0.48534462797615785,0.4817073170731707,,,0.48534462797615785,0.4817073170731707
3l9qB_4rr2D,ShallowMsa_033,57,0.5107923362798328,0.524390243902439,,,0.5107923362798328,0.524390243902439
3l9qB_4rr2D,ShallowMsa_034,54,0.5233522772105322,0.5454420324052225,,,0.5233522772105322,0.5454420324052225
3l9qB_4rr2D,ShallowMsa_035,57,0.5115171495364546,0.5246913580246914,,,0.5115171495364546,0.5246913580246914
3l9qB_4rr2D,ShallowMsa_036,56,0.4574064710666822,0.46176866676642225,,,0.4574064710666822,0.46176866676642225
3l9qB_4rr2D,ShallowMsa_037,56,0.432024018821339,0.43125,,,0.432024018821339,0.43125
3l9qB_4rr2D,ShallowMsa_038,54,0.4422369674382778,0.4398511781727987,,,0.4422369674382778,0.4398511781727987
3l9qB_4rr2D,ShallowMsa_039,54,0.4153972673573939,0.4137964928835417,,,0.4153972673573939,0.4137964928835417
3l9qB_4rr2D,ShallowMsa_040,54,0.522813819919892,0.5256681758434352,,,0.522813819919892,0.5256681758434352
3l9qB_4rr2D,ShallowMsa_041,53,0.41334783642175854,0.41818181818181815,,,0.41334783642175854,0.41818181818181815
3l9qB_4rr2D,ShallowMsa_042,52,0.4197838220830101,0.41818181818181815,,,0.4197838220830101,0.41818181818181815
3l9qB_4rr2D,ShallowMsa_043,51,0.8624650409518899,0.926829268292683,,,0.8624650409518899,0.926829268292683
3l9qB_4rr2D,ShallowMsa_044,51,0.43467095511334114,0.4303030303030303,,,0.43467095511334114,0.4303030303030303
3l9qB_4rr2D,ShallowMsa_045,51,0.5091928315705998,0.5060975609756098,,,0.5091928315705998,0.5060975609756098
3l9qB_4rr2D,ShallowMsa_046,23,0.9016134943134766,0.9151515151515152,,,0.9016134943134766,0.9151515151515152
3l9qB_4rr2D,ShallowMsa_047,50,0.5021792126971754,0.5032344226033971,,,0.5021792126971754,0.5032344226033971
3l9qB_4rr2D,ShallowMsa_048,48,0.3759988822208058,0.3758116883116883,,,0.3759988822208058,0.3758116883116883
3l9qB_4rr2D,ShallowMsa_049,47,0.812201532089517,0.8263473053892215,,,0.812201532089517,0.8263473053892215
3l9qB_4rr2D,ShallowMsa_050,46,0.4458907780854939,0.44171779141104295,,,0.4458907780854939,0.44171779141104295
3l9qB_4rr2D,ShallowMsa_051,42,0.914149416526887,0.9337349397590361,,,0.914149416526887,0.9337349397590361
3l9qB_4rr2D,ShallowMsa_052,18,0.45557886507756007,0.4200668238993711,,,0.45557886507756007,0.4200668238993711
3l9qB_4rr2D,ShallowMsa_053,42,0.49975160538267244,0.49846625766871167,,,0.49975160538267244,0.49846625766871167
3l9qB_4rr2D,ShallowMsa_054,41,0.49305274035095836,0.4906832298136646,,,0.49305274035095836,0.4906832298136646
3l9qB_4rr2D,ShallowMsa_055,40,0.48702542501900525,0.5030864197530864,,,0.48702542501900525,0.5030864197530864
3l9qB_4rr2D,ShallowMsa_056,39,0.444182673825524,0.4451219512195122,,,0.444182673825524,0.4451219512195122
3l9qB_4rr2D,ShallowMsa_057,38,0.49021418931388444,0.4956572689046667,,,0.49021418931388444,0.4956572689046667
3l9qB_4rr2D,ShallowMsa_058,32,0.41452582825358175,0.43118734101451445,,,0.41452582825358175,0.43118734101451445
3l9qB_4rr2D,ShallowMsa_059,37,0.32868172231265713,0.3291139240506329,,,0.32868172231265713,0.3291139240506329
3l9qB_4rr2D,ShallowMsa_060,37,0.4929946920369318,0.4968152866242038,,,0.4929946920369318,0.4968152866242038
3l9qB_4rr2D,ShallowMsa_061,23,0.7900664873915789,0.8303030303030303,,,0.7900664873915789,0.8303030303030303
3l9qB_4rr2D,ShallowMsa_062,36,0.37926472163507463,0.36664289534676414,,,0.37926472163507463,0.36664289534676414
3l9qB_4rr2D,ShallowMsa_063,18,0.3641171650099507,0.3670556157023136,,,0.3641171650099507,0.3670556157023136
3l9qB_4rr2D,ShallowMsa_064,35,0.4533571136968472,0.45161290322580644,,,0.4533571136968472,0.45161290322580644
3l9qB_4rr2D,ShallowMsa_065,35,0.4721827433167844,0.45625,,,0.4721827433167844,0.45625
3l9qB_4rr2D,ShallowMsa_066,32,0.43272020791253935,0.4427191166321601,,,0.43272020791253935,0.4427191166321601
3l9qB_4rr2D,ShallowMsa_067,35,0.5059684838783784,0.5,,,0.5059684838783784,0.5
3l9qB_4rr2D,ShallowMsa_068,35,0.3620467388716975,0.3597560975609756,,,0.3620467388716975,0.3597560975609756
3l9qB_4rr2D,ShallowMsa_069,34,0.4321630565327925,0.4348178450138932,,,0.4321630565327925,0.4348178450138932
3l9qB_4rr2D,ShallowMsa_070,34,0.40756292561366614,0.4125278418193896,,,0.40756292561366614,0.4125278418193896
3l9qB_4rr2D,ShallowMsa_071,33,0.4111304851285504,0.41566265060240964,,,0.4111304851285504,0.41566265060240964
3l9qB_4rr2D,ShallowMsa_072,34,0.4903630949523592,0.4954360679970436,,,0.4903630949523592,0.4954360679970436
3l9qB_4rr2D,ShallowMsa_073,6,0.3432539682539682,0.3125,,,0.3432539682539682,0.3125
3l9qB_4rr2D,ShallowMsa_074,33,0.4547531808581732,0.4457831325301205,,,0.4547531808581732,0.4457831325301205
3l9qB_4rr2D,ShallowMsa_075,33,0.42079488292225237,0.37037037037037035,,,0.42079488292225237,0.37037037037037035
3l9qB_4rr2D,ShallowMsa_076,32,0.42349345658768534,0.4198071866783523,,,0.42349345658768534,0.4198071866783523
3l9qB_4rr2D,ShallowMsa_077,32,0.4396259489599401,0.43558282208588955,,,0.4396259489599401,0.43558282208588955
3l9qB_4rr2D,ShallowMsa_078,32,0.37239797074851233,0.37729599518217405,,,0.37239797074851233,0.37729599518217405
3l9qB_4rr2D,ShallowMsa_079,32,0.4066176877445564,0.40372670807453415,,,0.4066176877445564,0.40372670807453415
3l9qB_4rr2D,ShallowMsa_080,31,0.35388578022178524,0.35668789808917195,,,0.35388578022178524,0.35668789808917195
3l9qB_4rr2D,ShallowMsa_081,31,0.8090590065180165,0.8192771084337349,,,0.8090590065180165,0.8192771084337349
3l9qB_4rr2D,ShallowMsa_082,31,0.3535943657025568,0.3548387096774194,,,0.3535943657025568,0.3548387096774194
3l9qB_4rr2D,ShallowMsa_083,20,0.39770985051243213,0.38076923076923075,,,0.39770985051243213,0.38076923076923075
3l9qB_4rr2D,ShallowMsa_084,29,0.3533533615046963,0.35365853658536583,,,0.3533533615046963,0.35365853658536583
3l9qB_4rr2D,ShallowMsa_085,28,0.37276767841184866,0.365553121577218,,,0.37276767841184866,0.365553121577218
3l9qB_4rr2D,ShallowMsa_086,28,0.38806976899505774,0.3891164060560933,,,0.38806976899505774,0.3891164060560933
3l9qB_4rr2D,ShallowMsa_087,28,0.422626545281143,0.4246212121212121,,,0.422626545281143,0.4246212121212121
3l9qB_4rr2D,ShallowMsa_088,15,0.7961369708874699,0.8242424242424242,,,0.7961369708874699,0.8242424242424242
3l9qB_4rr2D,ShallowMsa_089,26,0.43937933126654427,0.43788819875776397,,,0.43937933126654427,0.43788819875776397
3l9qB_4rr2D,ShallowMsa_090,26,0.4674863919451211,0.4666666666666667,,,0.4674863919451211,0.4666666666666667
3l9qB_4rr2D,ShallowMsa_091,26,0.438488424564689,0.4409937888198758,,,0.438488424564689,0.4409937888198758
3l9qB_4rr2D,ShallowMsa_092,13,0.7986983933292658,0.8,,,0.7986983933292658,0.8
3l9qB_4rr2D,ShallowMsa_093,10,0.41357038357750575,0.4459557053442465,,,0.41357038357750575,0.4459557053442465
3l9qB_4rr2D,ShallowMsa_094,23,0.4312463047290465,0.44171779141104295,,,0.4312463047290465,0.44171779141104295
3l9qB_4rr2D,ShallowMsa_095,22,0.4556291364028032,0.4695121951219512,,,0.4556291364028032,0.4695121951219512
3l9qB_4rr2D,ShallowMsa_096,21,0.4287424742836965,0.4375,,,0.4287424742836965,0.4375
3l9qB_4rr2D,ShallowMsa_097,22,0.7986960759353543,0.806060606060606,,,0.7986960759353543,0.806060606060606
3l9qB_4rr2D,ShallowMsa_098,17,0.5009217297841622,0.49375,,,0.5009217297841622,0.49375
3lowA_3m1bF,ShallowMsa_000,466,0.3949721525093432,0.425531914893617,,,0.3949721525093432,0.425531914893617
3lowA_3m1bF,ShallowMsa_001,271,0.30621431151704553,0.30337078651685395,,,0.30621431151704553,0.30337078651685395
3lowA_3m1bF,ShallowMsa_002,186,0.268333092858478,0.2696629213483146,,,0.268333092858478,0.2696629213483146
3lowA_3m1bF,ShallowMsa_003,161,0.2686311722137937,0.26804123711340205,,,0.2686311722137937,0.26804123711340205
3lowA_3m1bF,ShallowMsa_004,160,0.29476109168246306,0.29347826086956524,,,0.29476109168246306,0.29347826086956524
3lowA_3m1bF,ShallowMsa_005,152,0.27532436332618476,0.27058823529411763,,,0.27532436332618476,0.27058823529411763
3lowA_3m1bF,ShallowMsa_006,150,0.29517527236810664,0.2967032967032967,,,0.29517527236810664,0.2967032967032967
3lowA_3m1bF,ShallowMsa_007,149,0.29941899388766535,0.29896907216494845,,,0.29941899388766535,0.29896907216494845
3lowA_3m1bF,ShallowMsa_008,140,0.4856225866121537,0.4842105263157895,,,0.4856225866121537,0.4842105263157895
3lowA_3m1bF,ShallowMsa_009,136,0.28747687319731385,0.2817537860283341,,,0.28747687319731385,0.2817537860283341
3lowA_3m1bF,ShallowMsa_010,130,0.6959991773164769,0.7083333333333334,,,0.6959991773164769,0.7083333333333334
3lowA_3m1bF,ShallowMsa_011,128,0.31299909319653973,0.317877244706513,,,0.31299909319653973,0.317877244706513
3lowA_3m1bF,ShallowMsa_012,126,0.22972354812621879,0.23076923076923078,,,0.22972354812621879,0.23076923076923078
3lowA_3m1bF,ShallowMsa_013,123,0.26112000897883836,0.25675675675675674,,,0.26112000897883836,0.25675675675675674
3lowA_3m1bF,ShallowMsa_014,116,0.27828438829538926,0.27472527472527475,,,0.27828438829538926,0.27472527472527475
3lowA_3m1bF,ShallowMsa_015,116,0.27785614703341416,0.27631578947368424,,,0.27785614703341416,0.27631578947368424
3lowA_3m1bF,ShallowMsa_016,111,0.2743008980072026,0.27472527472527475,,,0.2743008980072026,0.27472527472527475
3lowA_3m1bF,ShallowMsa_017,110,0.6635771869116073,0.704672395273899,,,0.6635771869116073,0.704672395273899
3lowA_3m1bF,ShallowMsa_018,110,0.26478252900116506,0.26282051282051283,,,0.26478252900116506,0.26282051282051283
3lowA_3m1bF,ShallowMsa_019,109,0.24979845289421085,0.24468085106382978,,,0.24979845289421085,0.24468085106382978
3lowA_3m1bF,ShallowMsa_020,100,0.2781667377030074,0.27100470035252644,,,0.2781667377030074,0.27100470035252644
3lowA_3m1bF,ShallowMsa_021,98,0.42625682108201635,0.42618059159314997,,,0.42625682108201635,0.42618059159314997
3lowA_3m1bF,ShallowMsa_022,97,0.26696771042999257,0.26666666666666666,,,0.26696771042999257,0.26666666666666666
3lowA_3m1bF,ShallowMsa_023,94,0.48917253597392807,0.4945054945054945,,,0.48917253597392807,0.4945054945054945
3lowA_3m1bF,ShallowMsa_024,94,0.270533600333013,0.2663120567375886,,,0.270533600333013,0.2663120567375886
3lowA_3m1bF,ShallowMsa_025,94,0.26666814321495685,0.262531328320802,,,0.26666814321495685,0.262531328320802
3lowA_3m1bF,ShallowMsa_026,91,0.30028958801548805,0.29411764705882354,,,0.30028958801548805,0.29411764705882354
3lowA_3m1bF,ShallowMsa_027,90,0.31797534896381197,0.3229166666666667,,,0.31797534896381197,0.3229166666666667
3lowA_3m1bF,ShallowMsa_028,89,0.25319472156397765,0.25263157894736843,,,0.25319472156397765,0.25263157894736843
3lowA_3m1bF,ShallowMsa_029,87,0.3039107215232213,0.3010752688172043,,,0.3039107215232213,0.3010752688172043
3lowA_3m1bF,ShallowMsa_030,85,0.30392715447038826,0.30434782608695654,,,0.30392715447038826,0.30434782608695654
3lowA_3m1bF,ShallowMsa_031,85,0.2767662923405976,0.2736842105263158,,,0.2767662923405976,0.2736842105263158
3lowA_3m1bF,ShallowMsa_032,83,0.46752960309141717,0.46236559139784944,,,0.46752960309141717,0.46236559139784944
3lowA_3m1bF,ShallowMsa_033,83,0.27978619533616383,0.2777777777777778,,,0.27978619533616383,0.2777777777777778
3lowA_3m1bF,ShallowMsa_034,78,0.3258048020321462,0.3285658307210031,,,0.3258048020321462,0.3285658307210031
3lowA_3m1bF,ShallowMsa_035,75,0.2592239706058775,0.25842696629213485,,,0.2592239706058775,0.25842696629213485
3lowA_3m1bF,ShallowMsa_036,73,0.32215040595243655,0.3229166666666667,,,0.32215040595243655,0.3229166666666667
3lowA_3m1bF,ShallowMsa_037,73,0.3284857759494854,0.3333333333333333,,,0.3284857759494854,0.3333333333333333
3lowA_3m1bF,ShallowMsa_038,73,0.3308878964132759,0.32978723404255317,,,0.3308878964132759,0.32978723404255317
3lowA_3m1bF,ShallowMsa_039,73,0.2642724686505857,0.2631578947368421,,,0.2642724686505857,0.2631578947368421
3lowA_3m1bF,ShallowMsa_040,72,0.27754271376330836,0.2771867612293144,,,0.27754271376330836,0.2771867612293144
3lowA_3m1bF,ShallowMsa_041,70,0.30576171535833674,0.3125,,,0.30576171535833674,0.3125
3lowA_3m1bF,ShallowMsa_042,70,0.4851334591387916,0.48924606845513413,,,0.4851334591387916,0.48924606845513413
3lowA_3m1bF,ShallowMsa_043,69,0.26827212038078274,0.26666666666666666,,,0.26827212038078274,0.26666666666666666
3lowA_3m1bF,ShallowMsa_044,65,0.2608512381832209,0.2653061224489796,,,0.2608512381832209,0.2653061224489796
3lowA_3m1bF,ShallowMsa_045,64,0.2506758249367482,0.24694358521137133,,,0.2506758249367482,0.24694358521137133
3lowA_3m1bF,ShallowMsa_046,61,0.32334915019950944,0.3246753246753247,,,0.32334915019950944,0.3246753246753247
3lowA_3m1bF,ShallowMsa_047,59,0.3191326630832409,0.3225806451612903,,,0.3191326630832409,0.3225806451612903
3lowA_3m1bF,ShallowMsa_048,59,0.27459613219860735,0.2717391304347826,,,0.27459613219860735,0.2717391304347826
3lowA_3m1bF,ShallowMsa_049,58,0.3157456292571207,0.31385869565217395,,,0.3157456292571207,0.31385869565217395
3lowA_3m1bF,ShallowMsa_050,58,0.4746682567735949,0.4782608695652174,,,0.4746682567735949,0.4782608695652174
3lowA_3m1bF,ShallowMsa_051,58,0.28230384707837364,0.28794691818381224,,,0.28230384707837364,0.28794691818381224
3lowA_3m1bF,ShallowMsa_052,58,0.26868772890785914,0.26598639455782314,,,0.26868772890785914,0.26598639455782314
3lowA_3m1bF,ShallowMsa_053,57,0.28318646565179995,0.2903225806451613,,,0.28318646565179995,0.2903225806451613
3lowA_3m1bF,ShallowMsa_054,57,0.2772652818237069,0.27835051546391754,,,0.2772652818237069,0.27835051546391754
3lowA_3m1bF,ShallowMsa_055,56,0.31580106337491987,0.3068868980963046,,,0.31580106337491987,0.3068868980963046
3lowA_3m1bF,ShallowMsa_056,55,0.2837095013139079,0.2828282828282828,,,0.2837095013139079,0.2828282828282828
3lowA_3m1bF,ShallowMsa_057,54,0.28637089146184697,0.2864741641337386,,,0.28637089146184697,0.2864741641337386
3lowA_3m1bF,ShallowMsa_058,54,0.32190712967929885,0.3191489361702128,,,0.32190712967929885,0.3191489361702128
3lowA_3m1bF,ShallowMsa_059,53,0.3406544678268956,0.3368421052631579,,,0.3406544678268956,0.3368421052631579
3lowA_3m1bF,ShallowMsa_060,53,0.27970440473063923,0.27472527472527475,,,0.27970440473063923,0.27472527472527475
3lowA_3m1bF,ShallowMsa_061,52,0.26734184686653184,0.26669965363681347,,,0.26734184686653184,0.26669965363681347
3lowA_3m1bF,ShallowMsa_062,52,0.25386222317336726,0.2514367816091954,,,0.25386222317336726,0.2514367816091954
3lowA_3m1bF,ShallowMsa_063,51,0.2782883818127492,0.2826086956521739,,,0.2782883818127492,0.2826086956521739
3lowA_3m1bF,ShallowMsa_064,50,0.2830338671500652,0.2826086956521739,,,0.2830338671500652,0.2826086956521739
3lowA_3m1bF,ShallowMsa_065,50,0.2735048858860868,0.2692307692307692,,,0.2735048858860868,0.2692307692307692
3lowA_3m1bF,ShallowMsa_066,50,0.3178275484085342,0.316699604743083,,,0.3178275484085342,0.316699604743083
3lowA_3m1bF,ShallowMsa_067,49,0.27489127498140853,0.27472527472527475,,,0.27489127498140853,0.27472527472527475
3lowA_3m1bF,ShallowMsa_068,49,0.3089258552287354,0.3076923076923077,,,0.3089258552287354,0.3076923076923077
3lowA_3m1bF,ShallowMsa_069,48,0.2724490204412985,0.2634470792365529,,,0.2724490204412985,0.2634470792365529
3lowA_3m1bF,ShallowMsa_070,47,0.31190740467777367,0.3118279569892473,,,0.31190740467777367,0.3118279569892473
3lowA_3m1bF,ShallowMsa_071,47,0.27404287739394534,0.2736842105263158,,,0.27404287739394534,0.2736842105263158
3lowA_3m1bF,ShallowMsa_072,47,0.30281079855063153,0.2988505747126437,,,0.30281079855063153,0.2988505747126437
3lowA_3m1bF,ShallowMsa_073,46,0.32999106340231693,0.3297287818564414,,,0.32999106340231693,0.3297287818564414
3lowA_3m1bF,ShallowMsa_074,46,0.2977275027917122,0.29631083202511777,,,0.2977275027917122,0.29631083202511777
3lowA_3m1bF,ShallowMsa_075,46,0.2904413557454651,0.28981741573033704,,,0.2904413557454651,0.28981741573033704
3lowA_3m1bF,ShallowMsa_076,46,0.2788687292007829,0.27906976744186046,,,0.2788687292007829,0.27906976744186046
3lowA_3m1bF,ShallowMsa_077,46,0.2536538215383107,0.25301204819277107,,,0.2536538215383107,0.25301204819277107
3lowA_3m1bF,ShallowMsa_078,45,0.30973594898569917,0.3125,,,0.30973594898569917,0.3125
3lowA_3m1bF,ShallowMsa_079,45,0.2678529373763288,0.2708333333333333,,,0.2678529373763288,0.2708333333333333
3lowA_3m1bF,ShallowMsa_080,43,0.2833755029706481,0.27956989247311825,,,0.2833755029706481,0.27956989247311825
3lowA_3m1bF,ShallowMsa_081,42,0.46011101651530867,0.4620192307692308,,,0.46011101651530867,0.4620192307692308
3lowA_3m1bF,ShallowMsa_082,41,0.309301434757304,0.3118279569892473,,,0.309301434757304,0.3118279569892473
3lowA_3m1bF,ShallowMsa_083,41,0.374325290260997,0.3723404255319149,,,0.374325290260997,0.3723404255319149
3lowA_3m1bF,ShallowMsa_084,39,0.47236221491267244,0.4731182795698925,,,0.47236221491267244,0.4731182795698925
3lowA_3m1bF,ShallowMsa_085,39,0.27968606107889066,0.2727272727272727,,,0.27968606107889066,0.2727272727272727
3lowA_3m1bF,ShallowMsa_086,38,0.2705934880520716,0.2692400628246949,,,0.2705934880520716,0.2692400628246949
3lowA_3m1bF,ShallowMsa_087,38,0.2807027736822203,0.2831517792302106,,,0.2807027736822203,0.2831517792302106
3lowA_3m1bF,ShallowMsa_088,37,0.3215229712352876,0.32,,,0.3215229712352876,0.32
3lowA_3m1bF,ShallowMsa_089,37,0.29846800935473694,0.2978723404255319,,,0.29846800935473694,0.2978723404255319
3lowA_3m1bF,ShallowMsa_090,37,0.27226114021844466,0.27848101265822783,,,0.27226114021844466,0.27848101265822783
3lowA_3m1bF,ShallowMsa_091,35,0.5578287533176054,0.5773195876288659,,,0.5578287533176054,0.5773195876288659
3lowA_3m1bF,ShallowMsa_092,35,0.2926423634661309,0.2916666666666667,,,0.2926423634661309,0.2916666666666667
3lowA_3m1bF,ShallowMsa_093,35,0.2565289305703649,0.25806451612903225,,,0.2565289305703649,0.25806451612903225
3lowA_3m1bF,ShallowMsa_094,31,0.4917704825918098,0.48936170212765956,,,0.4917704825918098,0.48936170212765956
3lowA_3m1bF,ShallowMsa_095,31,0.26298421040240494,0.2553191489361702,,,0.26298421040240494,0.2553191489361702
3lowA_3m1bF,ShallowMsa_096,28,0.2663494220714819,0.2652014652014652,,,0.2663494220714819,0.2652014652014652
3lowA_3m1bF,ShallowMsa_097,27,0.27608447555047516,0.2736842105263158,,,0.27608447555047516,0.2736842105263158
3lowA_3m1bF,ShallowMsa_098,27,0.29320688396995953,0.28888888888888886,,,0.29320688396995953,0.28888888888888886
3lowA_3m1bF,ShallowMsa_099,26,0.29763335192230406,0.29960981047937574,,,0.29763335192230406,0.29960981047937574
3lqcA_1xntA,ShallowMsa_000,125,0.3767289965731063,0.37583892617449666,,,0.3767289965731063,0.37583892617449666
3lqcA_1xntA,ShallowMsa_001,101,0.5294426371154097,0.5307692307692308,,,0.5294426371154097,0.5307692307692308
3lqcA_1xntA,ShallowMsa_002,85,0.4137156943324379,0.4013605442176871,,,0.4137156943324379,0.4013605442176871
3lqcA_1xntA,ShallowMsa_003,76,0.3805975573634167,0.3716515187754126,,,0.3805975573634167,0.3716515187754126
3lqcA_1xntA,ShallowMsa_004,74,0.30176870008801265,0.2708333333333333,,,0.30176870008801265,0.2708333333333333
3lqcA_1xntA,ShallowMsa_005,74,0.2971143442145434,0.2978723404255319,,,0.2971143442145434,0.2978723404255319
3lqcA_1xntA,ShallowMsa_006,69,0.31372003066195725,0.3125,,,0.31372003066195725,0.3125
3lqcA_1xntA,ShallowMsa_007,69,0.3862517167447483,0.38513513513513514,,,0.3862517167447483,0.38513513513513514
3lqcA_1xntA,ShallowMsa_008,67,0.6589201157094656,0.6866666666666666,,,0.6589201157094656,0.6866666666666666
3lqcA_1xntA,ShallowMsa_009,67,0.6908333626624722,0.6912751677852349,,,0.6908333626624722,0.6912751677852349
3lqcA_1xntA,ShallowMsa_010,65,0.3979252384160903,0.4161073825503356,,,0.3979252384160903,0.4161073825503356
3lqcA_1xntA,ShallowMsa_011,63,0.4575301125261964,0.45081967213114754,,,0.4575301125261964,0.45081967213114754
3lqcA_1xntA,ShallowMsa_012,60,0.38617283390773327,0.38926174496644295,,,0.38617283390773327,0.38926174496644295
3lqcA_1xntA,ShallowMsa_013,57,0.5525359063952184,0.564625850340136,,,0.5525359063952184,0.564625850340136
3lqcA_1xntA,ShallowMsa_014,57,0.2523453390314692,0.25,,,0.2523453390314692,0.25
3lqcA_1xntA,ShallowMsa_015,56,0.3059937556113859,0.31088917525773196,,,0.3059937556113859,0.31088917525773196
3lqcA_1xntA,ShallowMsa_016,55,0.3263892629212139,0.3263888888888889,,,0.3263892629212139,0.3263888888888889
3lqcA_1xntA,ShallowMsa_017,53,0.46408363508149075,0.46621621621621623,,,0.46408363508149075,0.46621621621621623
3lqcA_1xntA,ShallowMsa_018,48,0.4022257357002689,0.40350877192982454,,,0.4022257357002689,0.40350877192982454
3lqcA_1xntA,ShallowMsa_019,47,0.6790032565140405,0.6866666666666666,,,0.6790032565140405,0.6866666666666666
3lqcA_1xntA,ShallowMsa_020,46,0.31520242679888977,0.29824172576832153,,,0.31520242679888977,0.29824172576832153
3lqcA_1xntA,ShallowMsa_021,45,0.39231755959476805,0.39416058394160586,,,0.39231755959476805,0.39416058394160586
3lqcA_1xntA,ShallowMsa_022,44,0.635468188043299,0.6187248322147652,,,0.635468188043299,0.6187248322147652
3lqcA_1xntA,ShallowMsa_023,44,0.5492020447153204,0.5472972972972973,,,0.5492020447153204,0.5472972972972973
3lqcA_1xntA,ShallowMsa_024,44,0.4173443883062196,0.42436440677966103,,,0.4173443883062196,0.42436440677966103
3lqcA_1xntA,ShallowMsa_025,43,0.7120948814467266,0.847682119205298,,,0.7120948814467266,0.847682119205298
3lqcA_1xntA,ShallowMsa_026,42,0.47311654137354686,0.476054938104274,,,0.47311654137354686,0.476054938104274
3lqcA_1xntA,ShallowMsa_027,42,0.5777598794605417,0.5901388888888889,,,0.5777598794605417,0.5901388888888889
3lqcA_1xntA,ShallowMsa_028,41,0.37468405949959493,0.37583892617449666,,,0.37468405949959493,0.37583892617449666
3lqcA_1xntA,ShallowMsa_029,40,0.45801027746316497,0.4551638837353123,,,0.45801027746316497,0.4551638837353123
3lqcA_1xntA,ShallowMsa_030,40,0.38452240543694827,0.3832394534995206,,,0.38452240543694827,0.3832394534995206
3lqcA_1xntA,ShallowMsa_031,40,0.5995833018904693,0.527027027027027,,,0.5995833018904693,0.527027027027027
3lqcA_1xntA,ShallowMsa_032,40,0.5306183670105261,0.45566502463054187,,,0.5306183670105261,0.45566502463054187
3lqcA_1xntA,ShallowMsa_033,39,0.40284857578941374,0.40268456375838924,,,0.40284857578941374,0.40268456375838924
3lqcA_1xntA,ShallowMsa_034,38,0.4535253624575473,0.46048653755314123,,,0.4535253624575473,0.46048653755314123
3lqcA_1xntA,ShallowMsa_035,38,0.37018448188564235,0.36486486486486486,,,0.37018448188564235,0.36486486486486486
3lqcA_1xntA,ShallowMsa_036,36,0.4227880571462309,0.4411300505050505,,,0.4227880571462309,0.4411300505050505
3lqcA_1xntA,ShallowMsa_037,36,0.5904865640267974,0.5852796420581656,,,0.5904865640267974,0.5852796420581656
3lqcA_1xntA,ShallowMsa_038,35,0.31592618348137036,0.3106796116504854,,,0.31592618348137036,0.3106796116504854
3lqcA_1xntA,ShallowMsa_039,35,0.38323336189480245,0.37583892617449666,,,0.38323336189480245,0.37583892617449666
3lqcA_1xntA,ShallowMsa_040,35,0.30710075220197175,0.30612244897959184,,,0.30710075220197175,0.30612244897959184
3lqcA_1xntA,ShallowMsa_041,34,0.41210633927824225,0.40939597315436244,,,0.41210633927824225,0.40939597315436244
3lqcA_1xntA,ShallowMsa_042,34,0.29036612459692973,0.2916666666666667,,,0.29036612459692973,0.2916666666666667
3lqcA_1xntA,ShallowMsa_043,34,0.46810688065627276,0.4698614645179531,,,0.46810688065627276,0.4698614645179531
3lqcA_1xntA,ShallowMsa_044,33,0.44046619463491066,0.4405594405594406,,,0.44046619463491066,0.4405594405594406
3lqcA_1xntA,ShallowMsa_045,33,0.37027042336128496,0.3691275167785235,,,0.37027042336128496,0.3691275167785235
3lqcA_1xntA,ShallowMsa_046,33,0.4207956818813835,0.48863636363636365,,,0.4207956818813835,0.48863636363636365
3lqcA_1xntA,ShallowMsa_047,32,0.5872066009920416,0.6036100508905853,,,0.5872066009920416,0.6036100508905853
3lqcA_1xntA,ShallowMsa_048,32,0.4620751991718951,0.4641692293355698,,,0.4620751991718951,0.4641692293355698
3lqcA_1xntA,ShallowMsa_049,32,0.4064035406068922,0.38461538461538464,,,0.4064035406068922,0.38461538461538464
3lqcA_1xntA,ShallowMsa_050,32,0.34008400134734634,0.35661057692307696,,,0.34008400134734634,0.35661057692307696
3lqcA_1xntA,ShallowMsa_051,31,0.4273324899516328,0.42857142857142855,,,0.4273324899516328,0.42857142857142855
3lqcA_1xntA,ShallowMsa_052,31,0.7444006095821212,0.7315436241610739,,,0.7444006095821212,0.7315436241610739
3lqcA_1xntA,ShallowMsa_053,31,0.36296229867968516,0.3624161073825503,,,0.36296229867968516,0.3624161073825503
3lqcA_1xntA,ShallowMsa_054,30,0.30836575999910887,0.30400462071621104,,,0.30836575999910887,0.30400462071621104
3lqcA_1xntA,ShallowMsa_055,30,0.546556902487342,0.5559467918622849,,,0.546556902487342,0.5559467918622849
3lqcA_1xntA,ShallowMsa_056,30,0.6611744172505672,0.69371921182266,,,0.6611744172505672,0.69371921182266
3lqcA_1xntA,ShallowMsa_057,27,0.2592177464220531,0.25862068965517243,,,0.2592177464220531,0.25862068965517243
3lqcA_1xntA,ShallowMsa_058,26,0.4055292178916741,0.44723767885532595,,,0.4055292178916741,0.44723767885532595
3lqcA_1xntA,ShallowMsa_059,26,0.3999270069308454,0.4044357469015003,,,0.3999270069308454,0.4044357469015003
3lqcA_1xntA,ShallowMsa_060,25,0.40133614825240443,0.4068965517241379,,,0.40133614825240443,0.4068965517241379
3lqcA_1xntA,ShallowMsa_061,24,0.36572833454622006,0.35901761349541056,,,0.36572833454622006,0.35901761349541056
3lqcA_1xntA,ShallowMsa_062,24,0.39441615171741057,0.3968253968253968,,,0.39441615171741057,0.3968253968253968
3lqcA_1xntA,ShallowMsa_063,24,0.4037240567867979,0.40268456375838924,,,0.4037240567867979,0.40268456375838924
3lqcA_1xntA,ShallowMsa_064,24,0.4172259507829977,0.4161073825503356,,,0.4172259507829977,0.4161073825503356
3lqcA_1xntA,ShallowMsa_065,24,0.37466171608241855,0.37777777777777777,,,0.37466171608241855,0.37777777777777777
3lqcA_1xntA,ShallowMsa_066,23,0.5213211005959711,0.48951048951048953,,,0.5213211005959711,0.48951048951048953
3lqcA_1xntA,ShallowMsa_067,23,0.41720957779919543,0.42953020134228187,,,0.41720957779919543,0.42953020134228187
3lqcA_1xntA,ShallowMsa_068,23,0.6835472004530132,0.6912751677852349,,,0.6835472004530132,0.6912751677852349
3lqcA_1xntA,ShallowMsa_069,22,0.42088467470899055,0.4178082191780822,,,0.42088467470899055,0.4178082191780822
3lqcA_1xntA,ShallowMsa_070,22,0.9254495438571396,0.9666666666666667,,,0.9254495438571396,0.9666666666666667
3lqcA_1xntA,ShallowMsa_071,22,0.2858900163902101,0.2859596885020614,,,0.2858900163902101,0.2859596885020614
3lqcA_1xntA,ShallowMsa_072,22,0.30955944780222105,0.2916666666666667,,,0.30955944780222105,0.2916666666666667
3lqcA_1xntA,ShallowMsa_073,22,0.3767728560940152,0.3783783783783784,,,0.3767728560940152,0.3783783783783784
3lqcA_1xntA,ShallowMsa_074,21,0.5874538615943904,0.5945945945945946,,,0.5874538615943904,0.5945945945945946
3lqcA_1xntA,ShallowMsa_075,21,0.5827324512764862,0.5743243243243243,,,0.5827324512764862,0.5743243243243243
3lqcA_1xntA,ShallowMsa_076,21,0.6061298859936111,0.6122448979591837,,,0.6061298859936111,0.6122448979591837
3lqcA_1xntA,ShallowMsa_077,21,0.43183482662121814,0.4315068493150685,,,0.43183482662121814,0.4315068493150685
3lqcA_1xntA,ShallowMsa_078,21,0.4212211985955781,0.42953020134228187,,,0.4212211985955781,0.42953020134228187
3lqcA_1xntA,ShallowMsa_079,21,0.3709659742763187,0.3684210526315789,,,0.3709659742763187,0.3684210526315789
3lqcA_1xntA,ShallowMsa_080,21,0.6929262383170088,0.691358024691358,,,0.6929262383170088,0.691358024691358
3lqcA_1xntA,ShallowMsa_081,21,0.7519809471630771,0.7733333333333333,,,0.7519809471630771,0.7733333333333333
3lqcA_1xntA,ShallowMsa_082,20,0.3204389250421488,0.31837606837606836,,,0.3204389250421488,0.31837606837606836
3lqcA_1xntA,ShallowMsa_083,20,0.40232606877269905,0.40939597315436244,,,0.40232606877269905,0.40939597315436244
3lqcA_1xntA,ShallowMsa_084,20,0.35835353273939985,0.3536335989932886,,,0.35835353273939985,0.3536335989932886
3lqcA_1xntA,ShallowMsa_085,20,0.3072060310128578,0.3015151515151515,,,0.3072060310128578,0.3015151515151515
3lqcA_1xntA,ShallowMsa_086,20,0.56404730912365,0.6296296296296297,,,0.56404730912365,0.6296296296296297
3m7pA_3ejhA,ShallowMsa_000,197,0.43601029888368475,0.4657534246575342,,,0.43601029888368475,0.4657534246575342
3m7pA_3ejhA,ShallowMsa_001,128,0.3594832211144924,0.3538510101010101,,,0.3594832211144924,0.3538510101010101
3m7pA_3ejhA,ShallowMsa_002,103,0.32502222102013634,0.3333333333333333,,,0.32502222102013634,0.3333333333333333
3m7pA_3ejhA,ShallowMsa_003,103,0.33750439058634096,0.3434343434343434,,,0.33750439058634096,0.3434343434343434
3m7pA_3ejhA,ShallowMsa_004,91,0.3577283317030057,0.35,,,0.3577283317030057,0.35
3m7pA_3ejhA,ShallowMsa_005,87,0.3044197223265848,0.2972972972972973,,,0.3044197223265848,0.2972972972972973
3m7pA_3ejhA,ShallowMsa_006,80,0.34803834499049263,0.34489719626168225,,,0.34803834499049263,0.34489719626168225
3m7pA_3ejhA,ShallowMsa_007,78,0.5582850740152845,0.6124173732869385,,,0.5582850740152845,0.6124173732869385
3m7pA_3ejhA,ShallowMsa_008,77,0.31269705828492494,0.31932773109243695,,,0.31269705828492494,0.31932773109243695
3m7pA_3ejhA,ShallowMsa_009,72,0.6229523110251253,0.6321070234113713,,,0.6229523110251253,0.6321070234113713
3m7pA_3ejhA,ShallowMsa_010,69,0.4166383464049233,0.41566265060240964,,,0.4166383464049233,0.41566265060240964
3m7pA_3ejhA,ShallowMsa_011,66,0.4209362708714159,0.4258064516129032,,,0.4209362708714159,0.4258064516129032
3m7pA_3ejhA,ShallowMsa_012,65,0.29691282884355485,0.29357798165137616,,,0.29691282884355485,0.29357798165137616
3m7pA_3ejhA,ShallowMsa_013,63,0.2866142923641993,0.2868217054263566,,,0.2866142923641993,0.2868217054263566
3m7pA_3ejhA,ShallowMsa_014,60,0.8597948018750673,0.8616595739952666,,,0.8597948018750673,0.8616595739952666
3m7pA_3ejhA,ShallowMsa_015,59,0.28384496358032796,0.2777777777777778,,,0.28384496358032796,0.2777777777777778
3m7pA_3ejhA,ShallowMsa_016,58,0.39692040270564,0.4001935564435565,,,0.39692040270564,0.4001935564435565
3m7pA_3ejhA,ShallowMsa_017,57,0.3206233835980476,0.3191489361702128,,,0.3206233835980476,0.3191489361702128
3m7pA_3ejhA,ShallowMsa_018,54,0.31313859061928906,0.3128156565656566,,,0.31313859061928906,0.3128156565656566
3m7pA_3ejhA,ShallowMsa_019,53,0.6081026422302185,0.6233333333333333,,,0.6081026422302185,0.6233333333333333
3m7pA_3ejhA,ShallowMsa_020,52,0.2954296390754473,0.30467412771560237,,,0.2954296390754473,0.30467412771560237
3m7pA_3ejhA,ShallowMsa_021,49,0.27579351393100143,0.27380952380952384,,,0.27579351393100143,0.27380952380952384
3m7pA_3ejhA,ShallowMsa_022,49,0.2869708202376474,0.2857142857142857,,,0.2869708202376474,0.2857142857142857
3m7pA_3ejhA,ShallowMsa_023,48,0.39096653839209566,0.38617275520655514,,,0.39096653839209566,0.38617275520655514
3m7pA_3ejhA,ShallowMsa_024,48,0.3434965567654833,0.3498438414991216,,,0.3434965567654833,0.3498438414991216
3m7pA_3ejhA,ShallowMsa_025,45,0.27902094697220053,0.2761904761904762,,,0.27902094697220053,0.2761904761904762
3m7pA_3ejhA,ShallowMsa_026,44,0.28663943638597095,0.28856749311294766,,,0.28663943638597095,0.28856749311294766
3m7pA_3ejhA,ShallowMsa_027,43,0.28522941387166,0.2833333333333333,,,0.28522941387166,0.2833333333333333
3m7pA_3ejhA,ShallowMsa_028,42,0.2910045118475737,0.2862997658079625,,,0.2910045118475737,0.2862997658079625
3m7pA_3ejhA,ShallowMsa_029,42,0.3009550311305708,0.2970654153242751,,,0.3009550311305708,0.2970654153242751
3m7pA_3ejhA,ShallowMsa_030,42,0.380356683518176,0.39036004645760747,,,0.380356683518176,0.39036004645760747
3m7pA_3ejhA,ShallowMsa_031,42,0.32815892023808935,0.3263858734983355,,,0.32815892023808935,0.3263858734983355
3m7pA_3ejhA,ShallowMsa_032,42,0.328242630683791,0.31100018318373324,,,0.328242630683791,0.31100018318373324
3m7pA_3ejhA,ShallowMsa_033,42,0.4032883400846359,0.4147985772189594,,,0.4032883400846359,0.4147985772189594
3m7pA_3ejhA,ShallowMsa_034,41,0.4388347317544084,0.46938775510204084,,,0.4388347317544084,0.46938775510204084
3m7pA_3ejhA,ShallowMsa_035,40,0.38049382778821556,0.3846071275225419,,,0.38049382778821556,0.3846071275225419
3m7pA_3ejhA,ShallowMsa_036,38,0.28220637381129937,0.2827956989247312,,,0.28220637381129937,0.2827956989247312
3m7pA_3ejhA,ShallowMsa_037,38,0.2970641869584519,0.2948504354411208,,,0.2970641869584519,0.2948504354411208
3m7pA_3ejhA,ShallowMsa_038,37,0.34246592986484165,0.33653846153846156,,,0.34246592986484165,0.33653846153846156
3m7pA_3ejhA,ShallowMsa_039,37,0.6030659637791357,0.6548042704626335,,,0.6030659637791357,0.6548042704626335
3m7pA_3ejhA,ShallowMsa_040,36,0.5898358317800737,0.7220338983050848,,,0.5898358317800737,0.7220338983050848
3m7pA_3ejhA,ShallowMsa_041,35,0.4260275312232392,0.44755244755244755,,,0.4260275312232392,0.44755244755244755
3m7pA_3ejhA,ShallowMsa_042,34,0.2694811964114266,0.26577088576763824,,,0.2694811964114266,0.26577088576763824
3m7pA_3ejhA,ShallowMsa_043,34,0.29338449933493754,0.2935948361469712,,,0.29338449933493754,0.2935948361469712
3m7pA_3ejhA,ShallowMsa_044,34,0.31102560251984007,0.3113398058252427,,,0.31102560251984007,0.3113398058252427
3m7pA_3ejhA,ShallowMsa_045,33,0.282230878919488,0.28,,,0.282230878919488,0.28
3m7pA_3ejhA,ShallowMsa_046,33,0.40648070687169996,0.41025641025641024,,,0.40648070687169996,0.41025641025641024
3m7pA_3ejhA,ShallowMsa_047,33,0.42540981147012835,0.42948717948717946,,,0.42540981147012835,0.42948717948717946
3m7pA_3ejhA,ShallowMsa_048,30,0.3013696752613312,0.29517414564908834,,,0.3013696752613312,0.29517414564908834
3m7pA_3ejhA,ShallowMsa_049,30,0.2886463729884408,0.2847600088476001,,,0.2886463729884408,0.2847600088476001
3m7pA_3ejhA,ShallowMsa_050,30,0.2925137006435022,0.2894736842105263,,,0.2925137006435022,0.2894736842105263
3m7pA_3ejhA,ShallowMsa_051,30,0.3335952115030392,0.33493589743589747,,,0.3335952115030392,0.33493589743589747
3m7pA_3ejhA,ShallowMsa_052,29,0.37528822505250586,0.37037037037037035,,,0.37528822505250586,0.37037037037037035
3m7pA_3ejhA,ShallowMsa_053,29,0.28676771913366533,0.2905982905982906,,,0.28676771913366533,0.2905982905982906
3m7pA_3ejhA,ShallowMsa_054,29,0.3010485825618999,0.2987012987012987,,,0.3010485825618999,0.2987012987012987
3m7pA_3ejhA,ShallowMsa_055,29,0.30654574057233475,0.29457364341085274,,,0.30654574057233475,0.29457364341085274
3m7pA_3ejhA,ShallowMsa_056,28,0.2999260001393513,0.29840650406504066,,,0.2999260001393513,0.29840650406504066
3m7pA_3ejhA,ShallowMsa_057,28,0.2851076886882728,0.2845894263217098,,,0.2851076886882728,0.2845894263217098
3m7pA_3ejhA,ShallowMsa_058,28,0.2901058641756989,0.2868571428571428,,,0.2901058641756989,0.2868571428571428
3m7pA_3ejhA,ShallowMsa_059,28,0.2738527838627204,0.27358490566037735,,,0.2738527838627204,0.27358490566037735
3m7pA_3ejhA,ShallowMsa_060,27,0.3001948972067081,0.2975206611570248,,,0.3001948972067081,0.2975206611570248
3m7pA_3ejhA,ShallowMsa_061,27,0.4306939385881429,0.42038216560509556,,,0.4306939385881429,0.42038216560509556
3m7pA_3ejhA,ShallowMsa_062,26,0.29246819323165885,0.2938842203548086,,,0.29246819323165885,0.2938842203548086
3m7pA_3ejhA,ShallowMsa_063,26,0.3032125022038881,0.29468984962406014,,,0.3032125022038881,0.29468984962406014
3m7pA_3ejhA,ShallowMsa_064,25,0.34044910736365225,0.3357664233576642,,,0.34044910736365225,0.3357664233576642
3m7pA_3ejhA,ShallowMsa_065,25,0.3294205677834382,0.3252032520325203,,,0.3294205677834382,0.3252032520325203
3m7pA_3ejhA,ShallowMsa_066,24,0.286705934153089,0.2794813119755911,,,0.286705934153089,0.2794813119755911
3m7pA_3ejhA,ShallowMsa_067,24,0.47543795539095957,0.49804572271386427,,,0.47543795539095957,0.49804572271386427
3m7pA_3ejhA,ShallowMsa_068,24,0.35455474932786896,0.3429125092768203,,,0.35455474932786896,0.3429125092768203
3m7pA_3ejhA,ShallowMsa_069,23,0.3170262859670102,0.325,,,0.3170262859670102,0.325
3m7pA_3ejhA,ShallowMsa_070,22,0.35084891847858735,0.3482961992136304,,,0.35084891847858735,0.3482961992136304
3m7pA_3ejhA,ShallowMsa_071,22,0.29196282393757705,0.2909302132603103,,,0.29196282393757705,0.2909302132603103
3m7pA_3ejhA,ShallowMsa_072,22,0.3608778309768409,0.33705657835653346,,,0.3608778309768409,0.33705657835653346
3m7pA_3ejhA,ShallowMsa_073,22,0.4056977701604216,0.4056262230919765,,,0.4056977701604216,0.4056262230919765
3m7pA_3ejhA,ShallowMsa_074,21,0.4130513719356174,0.40869565217391307,,,0.4130513719356174,0.40869565217391307
3m7pA_3ejhA,ShallowMsa_075,21,0.4257437793421882,0.4,,,0.4257437793421882,0.4
3m7pA_3ejhA,ShallowMsa_076,21,0.3195943298899989,0.3173076923076923,,,0.3195943298899989,0.3173076923076923
3m7pA_3ejhA,ShallowMsa_077,21,0.2949767608590461,0.30357142857142855,,,0.2949767608590461,0.30357142857142855
3m7pA_3ejhA,ShallowMsa_078,20,0.35708232086409086,0.3483914467347332,,,0.35708232086409086,0.3483914467347332
3m7pA_3ejhA,ShallowMsa_079,19,0.27073067956129354,0.2636363636363636,,,0.27073067956129354,0.2636363636363636
3m7pA_3ejhA,ShallowMsa_080,19,0.28588303384673425,0.2782608695652174,,,0.28588303384673425,0.2782608695652174
3m7pA_3ejhA,ShallowMsa_081,19,0.34753411669444617,0.3553299492385787,,,0.34753411669444617,0.3553299492385787
3m7pA_3ejhA,ShallowMsa_082,19,0.3190060391706612,0.3136094674556213,,,0.3190060391706612,0.3136094674556213
3m7pA_3ejhA,ShallowMsa_083,19,0.6020484085431038,0.6182432432432432,,,0.6020484085431038,0.6182432432432432
3m7pA_3ejhA,ShallowMsa_084,18,0.32721680298820677,0.3175610870061658,,,0.32721680298820677,0.3175610870061658
3m7pA_3ejhA,ShallowMsa_085,17,0.2977456118386551,0.2916666666666667,,,0.2977456118386551,0.2916666666666667
3m7pA_3ejhA,ShallowMsa_086,17,0.2935304692224317,0.29310344827586204,,,0.2935304692224317,0.29310344827586204
3m7pA_3ejhA,ShallowMsa_087,17,0.28786318137354905,0.2857142857142857,,,0.28786318137354905,0.2857142857142857
3m7pA_3ejhA,ShallowMsa_088,17,0.30580278501836583,0.3013698630136986,,,0.30580278501836583,0.3013698630136986
3m7pA_3ejhA,ShallowMsa_089,16,0.2638434840556604,0.2664846278317152,,,0.2638434840556604,0.2664846278317152
3m7pA_3ejhA,ShallowMsa_090,16,0.305152737326008,0.29451090781140044,,,0.305152737326008,0.29451090781140044
3m7pA_3ejhA,ShallowMsa_091,15,0.37048303285077405,0.375,,,0.37048303285077405,0.375
3m7pA_3ejhA,ShallowMsa_092,15,0.39447570075964256,0.38596491228070173,,,0.39447570075964256,0.38596491228070173
3m7pA_3ejhA,ShallowMsa_093,15,0.3108759309185094,0.3125,,,0.3108759309185094,0.3125
3m7pA_3ejhA,ShallowMsa_094,14,0.32107961612711927,0.3045634920634921,,,0.32107961612711927,0.3045634920634921
3m7pA_3ejhA,ShallowMsa_095,14,0.3911659640659134,0.3885980929194563,,,0.3911659640659134,0.3885980929194563
3m7pA_3ejhA,ShallowMsa_096,13,0.2891361881568626,0.2857142857142857,,,0.2891361881568626,0.2857142857142857
3m7pA_3ejhA,ShallowMsa_097,13,0.30268295668011524,0.27611940298507465,,,0.30268295668011524,0.27611940298507465
3m7pA_3ejhA,ShallowMsa_098,11,0.29435420958300185,0.2872340425531915,,,0.29435420958300185,0.2872340425531915
3m7pA_3ejhA,ShallowMsa_099,11,0.5710421491128689,0.6366666666666667,,,0.5710421491128689,0.6366666666666667
3meeA_4b3oB,ShallowMsa_000,303,0.32692984035164346,0.3263157894736842,,,0.32692984035164346,0.3263157894736842
3meeA_4b3oB,ShallowMsa_001,292,0.860275766922897,0.8797721046803054,,,0.860275766922897,0.8797721046803054
3meeA_4b3oB,ShallowMsa_002,268,0.8884368791140351,0.894344936066572,,,0.8884368791140351,0.894344936066572
3meeA_4b3oB,ShallowMsa_003,240,0.8730032149141416,0.8822996589940324,,,0.8730032149141416,0.8822996589940324
3meeA_4b3oB,ShallowMsa_004,135,0.861545499266664,0.8724489795918368,,,0.861545499266664,0.8724489795918368
3meeA_4b3oB,ShallowMsa_005,97,0.30131479190255545,0.3,,,0.30131479190255545,0.3
3meeA_4b3oB,ShallowMsa_006,92,0.3262145253886616,0.32617907148120856,,,0.3262145253886616,0.32617907148120856
3meeA_4b3oB,ShallowMsa_007,90,0.8696883393631967,0.8736015764047801,,,0.8696883393631967,0.8736015764047801
3meeA_4b3oB,ShallowMsa_008,78,0.8717608935261867,0.8802439024390244,,,0.8717608935261867,0.8802439024390244
3meeA_4b3oB,ShallowMsa_009,77,0.5122480172467537,0.5414634146341464,,,0.5122480172467537,0.5414634146341464
3meeA_4b3oB,ShallowMsa_010,73,0.3050593918833518,0.3045977011494253,,,0.3050593918833518,0.3045977011494253
3meeA_4b3oB,ShallowMsa_011,70,0.8558395814609447,0.8801913875598086,,,0.8558395814609447,0.8801913875598086
3meeA_4b3oB,ShallowMsa_012,69,0.3380888912214272,0.3383838383838384,,,0.3380888912214272,0.3383838383838384
3meeA_4b3oB,ShallowMsa_013,69,0.32085414995751893,0.32167832167832167,,,0.32085414995751893,0.32167832167832167
3meeA_4b3oB,ShallowMsa_014,68,0.8742546157378664,0.8865435356200527,,,0.8742546157378664,0.8865435356200527
3meeA_4b3oB,ShallowMsa_015,67,0.6150166016090779,0.6116152450090744,,,0.6150166016090779,0.6116152450090744
3meeA_4b3oB,ShallowMsa_016,65,0.8417873406381379,0.85,,,0.8417873406381379,0.85
3meeA_4b3oB,ShallowMsa_017,61,0.2975660795656119,0.2967032967032967,,,0.2975660795656119,0.2967032967032967
3meeA_4b3oB,ShallowMsa_018,60,0.6185295160701221,0.6130876125404789,,,0.6185295160701221,0.6130876125404789
3meeA_4b3oB,ShallowMsa_019,58,0.8031770154307487,0.8580940371792667,,,0.8031770154307487,0.8580940371792667
3meeA_4b3oB,ShallowMsa_020,58,0.3322066849064523,0.3327566320645905,,,0.3322066849064523,0.3327566320645905
3meeA_4b3oB,ShallowMsa_021,50,0.31683684859844435,0.3123681434599156,,,0.31683684859844435,0.3123681434599156
3meeA_4b3oB,ShallowMsa_022,48,0.5441350783022761,0.5457157784743991,,,0.5441350783022761,0.5457157784743991
3meeA_4b3oB,ShallowMsa_023,48,0.29757623759625246,0.2984603702442984,,,0.29757623759625246,0.2984603702442984
3meeA_4b3oB,ShallowMsa_024,48,0.31334997243162327,0.3148216331206022,,,0.31334997243162327,0.3148216331206022
3meeA_4b3oB,ShallowMsa_025,47,0.3275672272636967,0.32967032967032966,,,0.3275672272636967,0.32967032967032966
3meeA_4b3oB,ShallowMsa_026,46,0.8830551954295877,0.8819773712378666,,,0.8830551954295877,0.8819773712378666
3meeA_4b3oB,ShallowMsa_027,46,0.8670160369577414,0.8688406881077038,,,0.8670160369577414,0.8688406881077038
3meeA_4b3oB,ShallowMsa_028,46,0.2910351570148719,0.2875624089868941,,,0.2910351570148719,0.2875624089868941
3meeA_4b3oB,ShallowMsa_029,46,0.3118332461050319,0.31158261740570947,,,0.3118332461050319,0.31158261740570947
3meeA_4b3oB,ShallowMsa_030,45,0.7033931273690881,0.7898550724637681,,,0.7033931273690881,0.7898550724637681
3meeA_4b3oB,ShallowMsa_031,44,0.3080382005643833,0.3090755507501014,,,0.3080382005643833,0.3090755507501014
3meeA_4b3oB,ShallowMsa_032,43,0.28779605863309504,0.2843601895734597,,,0.28779605863309504,0.2843601895734597
3meeA_4b3oB,ShallowMsa_033,43,0.5753549854772886,0.5774134790528234,,,0.5753549854772886,0.5774134790528234
3meeA_4b3oB,ShallowMsa_034,42,0.30130774006954225,0.3020320197044335,,,0.30130774006954225,0.3020320197044335
3meeA_4b3oB,ShallowMsa_035,41,0.3203910830733135,0.3188976377952756,,,0.3203910830733135,0.3188976377952756
3meeA_4b3oB,ShallowMsa_036,41,0.6103122167536273,0.6117936117936118,,,0.6103122167536273,0.6117936117936118
3meeA_4b3oB,ShallowMsa_037,40,0.6137059175103806,0.6079143090993202,,,0.6137059175103806,0.6079143090993202
3meeA_4b3oB,ShallowMsa_038,39,0.8408409380722224,0.8613861386138614,,,0.8408409380722224,0.8613861386138614
3meeA_4b3oB,ShallowMsa_039,37,0.8789576334645659,0.8812785388127854,,,0.8789576334645659,0.8812785388127854
3meeA_4b3oB,ShallowMsa_040,37,0.6351530693404421,0.672514619883041,,,0.6351530693404421,0.672514619883041
3meeA_4b3oB,ShallowMsa_041,36,0.8678581914619623,0.8746727748691099,,,0.8678581914619623,0.8746727748691099
3meeA_4b3oB,ShallowMsa_042,36,0.8700152167029395,0.8744598256793379,,,0.8700152167029395,0.8744598256793379
3meeA_4b3oB,ShallowMsa_043,35,0.3128852723877672,0.3151750972762646,,,0.3128852723877672,0.3151750972762646
3meeA_4b3oB,ShallowMsa_044,35,0.49220254001477337,0.4708860759493671,,,0.49220254001477337,0.4708860759493671
3meeA_4b3oB,ShallowMsa_045,35,0.6156686730228315,0.6151960784313726,,,0.6156686730228315,0.6151960784313726
3meeA_4b3oB,ShallowMsa_046,32,0.8556722004566506,0.8705031946896055,,,0.8556722004566506,0.8705031946896055
3meeA_4b3oB,ShallowMsa_047,32,0.31955014719944286,0.32656418401497533,,,0.31955014719944286,0.32656418401497533
3meeA_4b3oB,ShallowMsa_048,32,0.600234701081037,0.6041666666666666,,,0.600234701081037,0.6041666666666666
3meeA_4b3oB,ShallowMsa_049,31,0.28408372949603033,0.27461139896373055,,,0.28408372949603033,0.27461139896373055
3meeA_4b3oB,ShallowMsa_050,31,0.8857086371751858,0.8875502008032129,,,0.8857086371751858,0.8875502008032129
3meeA_4b3oB,ShallowMsa_051,31,0.8076284170189398,0.8756476683937824,,,0.8076284170189398,0.8756476683937824
3meeA_4b3oB,ShallowMsa_052,31,0.29025294832411086,0.29069767441860467,,,0.29025294832411086,0.29069767441860467
3meeA_4b3oB,ShallowMsa_053,31,0.8015762581977384,0.7965686274509803,,,0.8015762581977384,0.7965686274509803
3meeA_4b3oB,ShallowMsa_054,31,0.4502938004322971,0.44986449864498645,,,0.4502938004322971,0.44986449864498645
3meeA_4b3oB,ShallowMsa_055,30,0.32551573743029044,0.3228058510638298,,,0.32551573743029044,0.3228058510638298
3meeA_4b3oB,ShallowMsa_056,29,0.8914590544033165,0.8947368421052632,,,0.8914590544033165,0.8947368421052632
3meeA_4b3oB,ShallowMsa_057,29,0.3194432714563822,0.319672131147541,,,0.3194432714563822,0.319672131147541
3meeA_4b3oB,ShallowMsa_058,29,0.4315400979486399,0.44954128440366975,,,0.4315400979486399,0.44954128440366975
3meeA_4b3oB,ShallowMsa_059,27,0.8772254584489781,0.8798076923076923,,,0.8772254584489781,0.8798076923076923
3meeA_4b3oB,ShallowMsa_060,27,0.4376910977284259,0.4411764705882353,,,0.4376910977284259,0.4411764705882353
3meeA_4b3oB,ShallowMsa_061,26,0.5929580941647985,0.5963578969706615,,,0.5929580941647985,0.5963578969706615
3meeA_4b3oB,ShallowMsa_062,26,0.3447083856022232,0.3445861204013378,,,0.3447083856022232,0.3445861204013378
3meeA_4b3oB,ShallowMsa_063,26,0.3132740889930155,0.3111741388737015,,,0.3132740889930155,0.3111741388737015
3meeA_4b3oB,ShallowMsa_064,26,0.8614919757829257,0.8664349893687555,,,0.8614919757829257,0.8664349893687555
3meeA_4b3oB,ShallowMsa_065,25,0.7711715201416223,0.8505154639175257,,,0.7711715201416223,0.8505154639175257
3meeA_4b3oB,ShallowMsa_066,24,0.3128071168115559,0.31015106853352986,,,0.3128071168115559,0.31015106853352986
3meeA_4b3oB,ShallowMsa_067,23,0.29558690144242644,0.29775280898876405,,,0.29558690144242644,0.29775280898876405
3meeA_4b3oB,ShallowMsa_068,23,0.29250100628873155,0.29347826086956524,,,0.29250100628873155,0.29347826086956524
3meeA_4b3oB,ShallowMsa_069,23,0.49643845140045334,0.46691176470588236,,,0.49643845140045334,0.46691176470588236
3meeA_4b3oB,ShallowMsa_070,23,0.6010917620187203,0.6044226044226044,,,0.6010917620187203,0.6044226044226044
3meeA_4b3oB,ShallowMsa_071,22,0.8547219331794885,0.8594097079391197,,,0.8547219331794885,0.8594097079391197
3meeA_4b3oB,ShallowMsa_072,22,0.8689879572555284,0.8651817591691009,,,0.8689879572555284,0.8651817591691009
3meeA_4b3oB,ShallowMsa_073,22,0.32352437795452,0.3190680079813768,,,0.32352437795452,0.3190680079813768
3meeA_4b3oB,ShallowMsa_074,22,0.31742450886449486,0.3159420289855073,,,0.31742450886449486,0.3159420289855073
3meeA_4b3oB,ShallowMsa_075,21,0.8703732883424913,0.8704663212435233,,,0.8703732883424913,0.8704663212435233
3meeA_4b3oB,ShallowMsa_076,21,0.31727934220853554,0.3116531165311653,,,0.31727934220853554,0.3116531165311653
3meeA_4b3oB,ShallowMsa_077,21,0.8827931029560241,0.8894472361809045,,,0.8827931029560241,0.8894472361809045
3meeA_4b3oB,ShallowMsa_078,20,0.8350506273320825,0.8333583503761938,,,0.8350506273320825,0.8333583503761938
3meeA_4b3oB,ShallowMsa_079,20,0.29365402357979653,0.2922725676150334,,,0.29365402357979653,0.2922725676150334
3meeA_4b3oB,ShallowMsa_080,20,0.3255522058782347,0.32629649990837456,,,0.3255522058782347,0.32629649990837456
3meeA_4b3oB,ShallowMsa_081,19,0.8732120528760733,0.8745980707395499,,,0.8732120528760733,0.8745980707395499
3meeA_4b3oB,ShallowMsa_082,19,0.8515292198246801,0.8646288209606987,,,0.8515292198246801,0.8646288209606987
3meeA_4b3oB,ShallowMsa_083,19,0.34675073664352213,0.34276729559748426,,,0.34675073664352213,0.34276729559748426
3meeA_4b3oB,ShallowMsa_084,19,0.4009770836525867,0.3253424657534247,,,0.4009770836525867,0.3253424657534247
3meeA_4b3oB,ShallowMsa_085,18,0.8374701382854707,0.830926289330364,,,0.8374701382854707,0.830926289330364
3meeA_4b3oB,ShallowMsa_086,18,0.8603752795349713,0.868659420289855,,,0.8603752795349713,0.868659420289855
3meeA_4b3oB,ShallowMsa_087,17,0.8653456022165023,0.8701923076923077,,,0.8653456022165023,0.8701923076923077
3meeA_4b3oB,ShallowMsa_088,17,0.7897244513053664,0.7866666666666666,,,0.7897244513053664,0.7866666666666666
3meeA_4b3oB,ShallowMsa_089,17,0.5968657025319509,0.6052141527001862,,,0.5968657025319509,0.6052141527001862
3meeA_4b3oB,ShallowMsa_090,16,0.29955333172377263,0.29879344836209054,,,0.29955333172377263,0.29879344836209054
3meeA_4b3oB,ShallowMsa_091,15,0.8791209493028442,0.883495145631068,,,0.8791209493028442,0.883495145631068
3meeA_4b3oB,ShallowMsa_092,15,0.8628954213301464,0.871244635193133,,,0.8628954213301464,0.871244635193133
3meeA_4b3oB,ShallowMsa_093,15,0.3057048955604604,0.3010752688172043,,,0.3057048955604604,0.3010752688172043
3meeA_4b3oB,ShallowMsa_094,14,0.8424752547911728,0.8417574773939254,,,0.8424752547911728,0.8417574773939254
3meeA_4b3oB,ShallowMsa_095,14,0.871731331864303,0.8722367782629792,,,0.871731331864303,0.8722367782629792
3meeA_4b3oB,ShallowMsa_096,14,0.3292322388540118,0.32969191789373187,,,0.3292322388540118,0.32969191789373187
3meeA_4b3oB,ShallowMsa_097,14,0.2961952517022461,0.29551820728291317,,,0.2961952517022461,0.29551820728291317
3meeA_4b3oB,ShallowMsa_098,13,0.6358432540316203,0.6,,,0.6358432540316203,0.6
3meeA_4b3oB,ShallowMsa_099,12,0.8757237834021567,0.8721973094170403,,,0.8757237834021567,0.8721973094170403
3mkoA_5ineA,ShallowMsa_000,76,0.6389882473173225,0.6504854368932039,,,0.6389882473173225,0.6504854368932039
3mkoA_5ineA,ShallowMsa_002,12,0.4789644012944984,0.4854368932038835,,,0.4789644012944984,0.4854368932038835
3mkoA_5ineA,ShallowMsa_003,12,0.5920102246611322,0.5922330097087378,,,0.5920102246611322,0.5922330097087378
3mkoA_5ineA,ShallowMsa_005,11,0.9461606354810237,0.9514563106796117,,,0.9461606354810237,0.9514563106796117
3mkoA_5ineA,ShallowMsa_006,3,1.0,1.0,,,1.0,1.0
3mkoA_5ineA,ShallowMsa_008,1,1.0,1.0,,,1.0,1.0
3mkoA_5ineA,ShallowMsa_009,9,0.5005393743257821,0.49514563106796117,,,0.5005393743257821,0.49514563106796117
3mkoA_5ineA,ShallowMsa_010,9,0.5016181229773463,0.5048543689320388,,,0.5016181229773463,0.5048543689320388
3mkoA_5ineA,ShallowMsa_011,9,0.5253505933117584,0.5242718446601942,,,0.5253505933117584,0.5242718446601942
3mkoA_5ineA,ShallowMsa_012,9,0.6051779935275081,0.6019417475728155,,,0.6051779935275081,0.6019417475728155
3mkoA_5ineA,ShallowMsa_013,9,0.482200647249191,0.47572815533980584,,,0.482200647249191,0.47572815533980584
3r9jC_2kxoA,ShallowMsa_000,778,0.3532387094250428,0.35294117647058826,,,0.3532387094250428,0.35294117647058826
3r9jC_2kxoA,ShallowMsa_001,707,0.43245508908064506,0.4492753623188406,,,0.43245508908064506,0.4492753623188406
3r9jC_2kxoA,ShallowMsa_002,664,0.46277895286096615,0.463768115942029,,,0.46277895286096615,0.463768115942029
3r9jC_2kxoA,ShallowMsa_003,580,0.3146769720396439,0.31343283582089554,,,0.3146769720396439,0.31343283582089554
3r9jC_2kxoA,ShallowMsa_004,429,0.2727408559522493,0.2727272727272727,,,0.2727408559522493,0.2727272727272727
3r9jC_2kxoA,ShallowMsa_005,401,0.3612504923216913,0.3582089552238806,,,0.3612504923216913,0.3582089552238806
3r9jC_2kxoA,ShallowMsa_006,310,0.30260986654881905,0.30718954248366015,,,0.30260986654881905,0.30718954248366015
3r9jC_2kxoA,ShallowMsa_007,275,0.7485243296796242,0.7647058823529411,,,0.7485243296796242,0.7647058823529411
3r9jC_2kxoA,ShallowMsa_008,274,0.2881215588932489,0.29061583577712613,,,0.2881215588932489,0.29061583577712613
3r9jC_2kxoA,ShallowMsa_009,219,0.298859817583979,0.29850746268656714,,,0.298859817583979,0.29850746268656714
3r9jC_2kxoA,ShallowMsa_010,215,0.5421923324357871,0.5507246376811594,,,0.5421923324357871,0.5507246376811594
3r9jC_2kxoA,ShallowMsa_011,211,0.3053178692372232,0.29850746268656714,,,0.3053178692372232,0.29850746268656714
3r9jC_2kxoA,ShallowMsa_012,201,0.4154820179763607,0.43478260869565216,,,0.4154820179763607,0.43478260869565216
3r9jC_2kxoA,ShallowMsa_013,197,0.3194182068322443,0.3230769230769231,,,0.3194182068322443,0.3230769230769231
3r9jC_2kxoA,ShallowMsa_014,197,0.5016590200152163,0.5,,,0.5016590200152163,0.5
3r9jC_2kxoA,ShallowMsa_015,195,0.32836358363594725,0.328125,,,0.32836358363594725,0.328125
3r9jC_2kxoA,ShallowMsa_016,193,0.30938089207517566,0.3088235294117647,,,0.30938089207517566,0.3088235294117647
3r9jC_2kxoA,ShallowMsa_017,192,0.3409991432317248,0.3384615384615385,,,0.3409991432317248,0.3384615384615385
3r9jC_2kxoA,ShallowMsa_018,188,0.5010840687209628,0.5,,,0.5010840687209628,0.5
3r9jC_2kxoA,ShallowMsa_019,184,0.45082575184805157,0.4543562708102109,,,0.45082575184805157,0.4543562708102109
3r9jC_2kxoA,ShallowMsa_020,182,0.5237664686194293,0.5294117647058824,,,0.5237664686194293,0.5294117647058824
3r9jC_2kxoA,ShallowMsa_021,174,0.43933260013291675,0.4411764705882353,,,0.43933260013291675,0.4411764705882353
3r9jC_2kxoA,ShallowMsa_022,164,0.38593473180811355,0.3880597014925373,,,0.38593473180811355,0.3880597014925373
3r9jC_2kxoA,ShallowMsa_023,160,0.2971558316924898,0.29411764705882354,,,0.2971558316924898,0.29411764705882354
3r9jC_2kxoA,ShallowMsa_024,158,0.3108448358089326,0.3198051948051948,,,0.3108448358089326,0.3198051948051948
3r9jC_2kxoA,ShallowMsa_025,157,0.6403734366800939,0.6521739130434783,,,0.6403734366800939,0.6521739130434783
3r9jC_2kxoA,ShallowMsa_026,153,0.4585422429535402,0.45588235294117646,,,0.4585422429535402,0.45588235294117646
3r9jC_2kxoA,ShallowMsa_027,151,0.47691761789085013,0.4782608695652174,,,0.47691761789085013,0.4782608695652174
3r9jC_2kxoA,ShallowMsa_028,148,0.49765700564054743,0.5147058823529411,,,0.49765700564054743,0.5147058823529411
3r9jC_2kxoA,ShallowMsa_029,146,0.28977607263176547,0.2835820895522388,,,0.28977607263176547,0.2835820895522388
3r9jC_2kxoA,ShallowMsa_030,143,0.38212357704831634,0.38235294117647056,,,0.38212357704831634,0.38235294117647056
3r9jC_2kxoA,ShallowMsa_031,139,0.34522474809811216,0.34375,,,0.34522474809811216,0.34375
3r9jC_2kxoA,ShallowMsa_032,138,0.43040164055297225,0.43380921479558726,,,0.43040164055297225,0.43380921479558726
3r9jC_2kxoA,ShallowMsa_033,135,0.6329740377395962,0.6376811594202898,,,0.6329740377395962,0.6376811594202898
3r9jC_2kxoA,ShallowMsa_034,134,0.33886385207438474,0.3384615384615385,,,0.33886385207438474,0.3384615384615385
3r9jC_2kxoA,ShallowMsa_035,131,0.5593262923845194,0.5362318840579711,,,0.5593262923845194,0.5362318840579711
3r9jC_2kxoA,ShallowMsa_036,129,0.2671903761255169,0.2641509433962264,,,0.2671903761255169,0.2641509433962264
3r9jC_2kxoA,ShallowMsa_037,126,0.32709364054430673,0.3235294117647059,,,0.32709364054430673,0.3235294117647059
3r9jC_2kxoA,ShallowMsa_038,125,0.40142830370673793,0.39705882352941174,,,0.40142830370673793,0.39705882352941174
3r9jC_2kxoA,ShallowMsa_039,125,0.5064951910696932,0.5185185185185185,,,0.5064951910696932,0.5185185185185185
3r9jC_2kxoA,ShallowMsa_040,123,0.36311315889291035,0.36764705882352944,,,0.36311315889291035,0.36764705882352944
3r9jC_2kxoA,ShallowMsa_041,121,0.34571721065440475,0.34782608695652173,,,0.34571721065440475,0.34782608695652173
3r9jC_2kxoA,ShallowMsa_042,120,0.3207854898420177,0.31746031746031744,,,0.3207854898420177,0.31746031746031744
3r9jC_2kxoA,ShallowMsa_043,119,0.3676820472138318,0.3880597014925373,,,0.3676820472138318,0.3880597014925373
3r9jC_2kxoA,ShallowMsa_044,117,0.30016662019178597,0.2923076923076923,,,0.30016662019178597,0.2923076923076923
3r9jC_2kxoA,ShallowMsa_045,117,0.31129498660239824,0.3088235294117647,,,0.31129498660239824,0.3088235294117647
3r9jC_2kxoA,ShallowMsa_046,117,0.2781206822933104,0.27941176470588236,,,0.2781206822933104,0.27941176470588236
3r9jC_2kxoA,ShallowMsa_047,115,0.43034617069024217,0.43478260869565216,,,0.43034617069024217,0.43478260869565216
3r9jC_2kxoA,ShallowMsa_048,114,0.4673583426228006,0.47058823529411764,,,0.4673583426228006,0.47058823529411764
3r9jC_2kxoA,ShallowMsa_049,113,0.2989848728032983,0.29850746268656714,,,0.2989848728032983,0.29850746268656714
3r9jC_2kxoA,ShallowMsa_050,110,0.30145239950574076,0.30303030303030304,,,0.30145239950574076,0.30303030303030304
3r9jC_2kxoA,ShallowMsa_051,110,0.5620935383287107,0.5714285714285714,,,0.5620935383287107,0.5714285714285714
3r9jC_2kxoA,ShallowMsa_052,109,0.29506147162956387,0.29850746268656714,,,0.29506147162956387,0.29850746268656714
3r9jC_2kxoA,ShallowMsa_053,108,0.3324969002780065,0.3333333333333333,,,0.3324969002780065,0.3333333333333333
3r9jC_2kxoA,ShallowMsa_054,108,0.40570540591450843,0.4117647058823529,,,0.40570540591450843,0.4117647058823529
3r9jC_2kxoA,ShallowMsa_055,106,0.31569450113497116,0.3181818181818182,,,0.31569450113497116,0.3181818181818182
3r9jC_2kxoA,ShallowMsa_056,105,0.3270146139214998,0.3235294117647059,,,0.3270146139214998,0.3235294117647059
3r9jC_2kxoA,ShallowMsa_057,105,0.4691141865362809,0.4852941176470588,,,0.4691141865362809,0.4852941176470588
3r9jC_2kxoA,ShallowMsa_058,104,0.3434143757591234,0.3382352941176471,,,0.3434143757591234,0.3382352941176471
3r9jC_2kxoA,ShallowMsa_059,103,0.4076970862254803,0.40350877192982454,,,0.4076970862254803,0.40350877192982454
3r9jC_2kxoA,ShallowMsa_060,100,0.5511513683729181,0.555531167690957,,,0.5511513683729181,0.555531167690957
3r9jC_2kxoA,ShallowMsa_061,98,0.27438155126796077,0.27346041055718473,,,0.27438155126796077,0.27346041055718473
3r9jC_2kxoA,ShallowMsa_062,97,0.5020695386965703,0.5147058823529411,,,0.5020695386965703,0.5147058823529411
3r9jC_2kxoA,ShallowMsa_063,96,0.2883973468844551,0.2867965367965368,,,0.2883973468844551,0.2867965367965368
3r9jC_2kxoA,ShallowMsa_064,94,0.45785249863382493,0.45588235294117646,,,0.45785249863382493,0.45588235294117646
3r9jC_2kxoA,ShallowMsa_065,93,0.29441788983691447,0.2923076923076923,,,0.29441788983691447,0.2923076923076923
3r9jC_2kxoA,ShallowMsa_066,92,0.3434771230050002,0.3384615384615385,,,0.3434771230050002,0.3384615384615385
3r9jC_2kxoA,ShallowMsa_067,92,0.3101336552020544,0.31343283582089554,,,0.3101336552020544,0.31343283582089554
3r9jC_2kxoA,ShallowMsa_068,91,0.31662838518497327,0.3181818181818182,,,0.31662838518497327,0.3181818181818182
3r9jC_2kxoA,ShallowMsa_069,90,0.2930616933943883,0.2923076923076923,,,0.2930616933943883,0.2923076923076923
3r9jC_2kxoA,ShallowMsa_070,90,0.46894003232518316,0.4782608695652174,,,0.46894003232518316,0.4782608695652174
3r9jC_2kxoA,ShallowMsa_071,88,0.512940233133738,0.5147058823529411,,,0.512940233133738,0.5147058823529411
3r9jC_2kxoA,ShallowMsa_072,87,0.49758074228194027,0.5,,,0.49758074228194027,0.5
3r9jC_2kxoA,ShallowMsa_073,84,0.3942928709819197,0.40967365967365965,,,0.3942928709819197,0.40967365967365965
3r9jC_2kxoA,ShallowMsa_074,79,0.2783032920146575,0.2727272727272727,,,0.2783032920146575,0.2727272727272727
3r9jC_2kxoA,ShallowMsa_075,79,0.44891363051382244,0.45588235294117646,,,0.44891363051382244,0.45588235294117646
3r9jC_2kxoA,ShallowMsa_076,79,0.45503332590304435,0.463768115942029,,,0.45503332590304435,0.463768115942029
3r9jC_2kxoA,ShallowMsa_077,78,0.30041674366214977,0.30303030303030304,,,0.30041674366214977,0.30303030303030304
3r9jC_2kxoA,ShallowMsa_078,76,0.3210842440311885,0.3283582089552239,,,0.3210842440311885,0.3283582089552239
3r9jC_2kxoA,ShallowMsa_079,75,0.3083244144138173,0.3088235294117647,,,0.3083244144138173,0.3088235294117647
3r9jC_2kxoA,ShallowMsa_080,73,0.29779523025378135,0.29850746268656714,,,0.29779523025378135,0.29850746268656714
3r9jC_2kxoA,ShallowMsa_081,69,0.30380947853622325,0.3076923076923077,,,0.30380947853622325,0.3076923076923077
3r9jC_2kxoA,ShallowMsa_082,68,0.26771291931796515,0.26076923076923075,,,0.26771291931796515,0.26076923076923075
3r9jC_2kxoA,ShallowMsa_083,66,0.43107043090724423,0.4411764705882353,,,0.43107043090724423,0.4411764705882353
3r9jC_2kxoA,ShallowMsa_084,60,0.27587519605713734,0.2706919945725916,,,0.27587519605713734,0.2706919945725916
3r9jC_2kxoA,ShallowMsa_085,60,0.3940496522941474,0.41551104262968674,,,0.3940496522941474,0.41551104262968674
3r9jC_2kxoA,ShallowMsa_086,60,0.4825457105763235,0.5,,,0.4825457105763235,0.5
3r9jC_2kxoA,ShallowMsa_087,59,0.29296087044242897,0.29411764705882354,,,0.29296087044242897,0.29411764705882354
3r9jC_2kxoA,ShallowMsa_088,57,0.4523019723775938,0.4492753623188406,,,0.4523019723775938,0.4492753623188406
3r9jC_2kxoA,ShallowMsa_089,54,0.30851304178718264,0.3045634920634921,,,0.30851304178718264,0.3045634920634921
3r9jC_2kxoA,ShallowMsa_090,54,0.48046814610398664,0.5147058823529411,,,0.48046814610398664,0.5147058823529411
3r9jC_2kxoA,ShallowMsa_091,53,0.30911121372254446,0.30303030303030304,,,0.30911121372254446,0.30303030303030304
3r9jC_2kxoA,ShallowMsa_092,53,0.29117950272705745,0.28125,,,0.29117950272705745,0.28125
3r9jC_2kxoA,ShallowMsa_093,52,0.2918296422083653,0.296875,,,0.2918296422083653,0.296875
3r9jC_2kxoA,ShallowMsa_094,46,0.3113535545741281,0.3088235294117647,,,0.3113535545741281,0.3088235294117647
3r9jC_2kxoA,ShallowMsa_095,43,0.4272386218119632,0.4264705882352941,,,0.4272386218119632,0.4264705882352941
3r9jC_2kxoA,ShallowMsa_096,42,0.4809704976517971,0.47058823529411764,,,0.4809704976517971,0.47058823529411764
3r9jC_2kxoA,ShallowMsa_097,42,0.2669990556654906,0.2736185383244207,,,0.2669990556654906,0.2736185383244207
3r9jC_2kxoA,ShallowMsa_098,40,0.3545655745337484,0.3582089552238806,,,0.3545655745337484,0.3582089552238806
3r9jC_2kxoA,ShallowMsa_099,33,0.30672806384292695,0.2878787878787879,,,0.30672806384292695,0.2878787878787879
3t5oA_4a5wB,ShallowMsa_000,250,0.29706574652266876,0.297558851835444,,,0.29706574652266876,0.297558851835444
3t5oA_4a5wB,ShallowMsa_001,188,0.3318311639498401,0.3319670065684479,,,0.3318311639498401,0.3319670065684479
3t5oA_4a5wB,ShallowMsa_002,185,0.3053836941455212,0.30434782608695654,,,0.3053836941455212,0.30434782608695654
3t5oA_4a5wB,ShallowMsa_003,178,0.8122040751072553,0.8274870044839491,,,0.8122040751072553,0.8274870044839491
3t5oA_4a5wB,ShallowMsa_004,168,0.5663873486870371,0.5983262163228207,,,0.5663873486870371,0.5983262163228207
3t5oA_4a5wB,ShallowMsa_005,155,0.30687500942142654,0.3068181818181818,,,0.30687500942142654,0.3068181818181818
3t5oA_4a5wB,ShallowMsa_006,153,0.6024346527606991,0.6114421930870083,,,0.6024346527606991,0.6114421930870083
3t5oA_4a5wB,ShallowMsa_007,146,0.3328196441501522,0.33141408319716015,,,0.3328196441501522,0.33141408319716015
3t5oA_4a5wB,ShallowMsa_008,143,0.3153529654046609,0.313953488372093,,,0.3153529654046609,0.313953488372093
3t5oA_4a5wB,ShallowMsa_009,142,0.30424595705464924,0.3058350100603622,,,0.30424595705464924,0.3058350100603622
3t5oA_4a5wB,ShallowMsa_010,129,0.3164764237905417,0.31625835189309576,,,0.3164764237905417,0.31625835189309576
3t5oA_4a5wB,ShallowMsa_011,122,0.3287000331317474,0.32849736258827167,,,0.3287000331317474,0.32849736258827167
3t5oA_4a5wB,ShallowMsa_012,119,0.3210559294046179,0.3229571984435798,,,0.3210559294046179,0.3229571984435798
3t5oA_4a5wB,ShallowMsa_013,113,0.32728789404246567,0.3275167785234899,,,0.32728789404246567,0.3275167785234899
3t5oA_4a5wB,ShallowMsa_014,108,0.3368360982176054,0.3373633330898288,,,0.3368360982176054,0.3373633330898288
3t5oA_4a5wB,ShallowMsa_015,102,0.3182059275283232,0.3184759094065488,,,0.3182059275283232,0.3184759094065488
3t5oA_4a5wB,ShallowMsa_016,101,0.3445261716026906,0.34575569358178054,,,0.3445261716026906,0.34575569358178054
3t5oA_4a5wB,ShallowMsa_017,98,0.4579247278150551,0.461354654903042,,,0.4579247278150551,0.461354654903042
3t5oA_4a5wB,ShallowMsa_018,96,0.3148979904063844,0.31609849321726835,,,0.3148979904063844,0.31609849321726835
3t5oA_4a5wB,ShallowMsa_019,96,0.3276622276360605,0.3288317041143858,,,0.3276622276360605,0.3288317041143858
3t5oA_4a5wB,ShallowMsa_020,94,0.4582800321198953,0.4603209613629449,,,0.4582800321198953,0.4603209613629449
3t5oA_4a5wB,ShallowMsa_021,91,0.31866579653514315,0.3188118811881188,,,0.31866579653514315,0.3188118811881188
3t5oA_4a5wB,ShallowMsa_022,88,0.4751738262416149,0.47549995607999296,,,0.4751738262416149,0.47549995607999296
3t5oA_4a5wB,ShallowMsa_023,86,0.3350633763211695,0.3248538966191066,,,0.3350633763211695,0.3248538966191066
3t5oA_4a5wB,ShallowMsa_024,76,0.3453365064070913,0.3461839933993399,,,0.3453365064070913,0.3461839933993399
3t5oA_4a5wB,ShallowMsa_025,76,0.3191803790045724,0.3198537988957151,,,0.3191803790045724,0.3198537988957151
3t5oA_4a5wB,ShallowMsa_026,76,0.3145377949105101,0.3160686741331903,,,0.3145377949105101,0.3160686741331903
3t5oA_4a5wB,ShallowMsa_027,72,0.30040872890675363,0.3009855265663683,,,0.30040872890675363,0.3009855265663683
3t5oA_4a5wB,ShallowMsa_028,69,0.32991911944865837,0.33197278911564626,,,0.32991911944865837,0.33197278911564626
3t5oA_4a5wB,ShallowMsa_029,62,0.3185818400128421,0.31879469638805735,,,0.3185818400128421,0.31879469638805735
3t5oA_4a5wB,ShallowMsa_030,60,0.33592172518902064,0.3374288621716353,,,0.33592172518902064,0.3374288621716353
3t5oA_4a5wB,ShallowMsa_031,60,0.32877244246761866,0.33075920616599025,,,0.32877244246761866,0.33075920616599025
3t5oA_4a5wB,ShallowMsa_032,59,0.3274430077559994,0.327741935483871,,,0.3274430077559994,0.327741935483871
3t5oA_4a5wB,ShallowMsa_033,58,0.33701708623742066,0.3381742738589212,,,0.33701708623742066,0.3381742738589212
3t5oA_4a5wB,ShallowMsa_034,58,0.3233187864893748,0.32288725601950086,,,0.3233187864893748,0.32288725601950086
3t5oA_4a5wB,ShallowMsa_035,53,0.3198872459688094,0.3201530612244898,,,0.3198872459688094,0.3201530612244898
3t5oA_4a5wB,ShallowMsa_036,50,0.7413914206623431,0.7943486590038313,,,0.7413914206623431,0.7943486590038313
3t5oA_4a5wB,ShallowMsa_037,39,0.3280932087863695,0.32734274711168165,,,0.3280932087863695,0.32734274711168165
3t5oA_4a5wB,ShallowMsa_038,38,0.30587688161525606,0.30619872667954773,,,0.30587688161525606,0.30619872667954773
3t5oA_4a5wB,ShallowMsa_039,38,0.31644125059709427,0.31747503996621723,,,0.31644125059709427,0.31747503996621723
3t5oA_4a5wB,ShallowMsa_040,37,0.31890317354824266,0.32023575638506874,,,0.31890317354824266,0.32023575638506874
3t5oA_4a5wB,ShallowMsa_041,36,0.33442131220852983,0.3353605935127674,,,0.33442131220852983,0.3353605935127674
3t5oA_4a5wB,ShallowMsa_042,33,0.33909195655676244,0.3405511811023622,,,0.33909195655676244,0.3405511811023622
3t5oA_4a5wB,ShallowMsa_043,33,0.5469166254250855,0.5697258641239571,,,0.5469166254250855,0.5697258641239571
3t5oA_4a5wB,ShallowMsa_044,32,0.30802762828320535,0.30531706786936913,,,0.30802762828320535,0.30531706786936913
3t5oA_4a5wB,ShallowMsa_045,29,0.32505027770555206,0.32710280373831774,,,0.32505027770555206,0.32710280373831774
3t5oA_4a5wB,ShallowMsa_046,26,0.3085345109618673,0.3096930887714008,,,0.3085345109618673,0.3096930887714008
3t5oA_4a5wB,ShallowMsa_047,16,0.2899570880657879,0.28668554671808466,,,0.2899570880657879,0.28668554671808466
3t5oA_4a5wB,ShallowMsa_048,14,0.4651839378235296,0.46903242955874536,,,0.4651839378235296,0.46903242955874536
3t5oA_4a5wB,ShallowMsa_049,13,0.3142202440866495,0.31262939958592134,,,0.3142202440866495,0.31262939958592134
3v0tA_3uyiA,ShallowMsa_000,2393,0.3095407737093962,0.3062730627306273,,,0.3095407737093962,0.3062730627306273
3v0tA_3uyiA,ShallowMsa_001,2189,0.3193356050133983,0.31135531135531136,,,0.3193356050133983,0.31135531135531136
3v0tA_3uyiA,ShallowMsa_002,1857,0.5203265030831161,0.49454545454545457,,,0.5203265030831161,0.49454545454545457
3v0tA_3uyiA,ShallowMsa_003,1761,0.4714968441520529,0.4742268041237113,,,0.4714968441520529,0.4742268041237113
3v0tA_3uyiA,ShallowMsa_004,1237,0.3215874711814284,0.31683168316831684,,,0.3215874711814284,0.31683168316831684
3v0tA_3uyiA,ShallowMsa_005,1237,0.32231512129389506,0.3175182481751825,,,0.32231512129389506,0.3175182481751825
3v0tA_3uyiA,ShallowMsa_006,1200,0.3907813026301614,0.3271375464684015,,,0.3907813026301614,0.3271375464684015
3v0tA_3uyiA,ShallowMsa_007,1147,0.3983423483033834,0.4175824175824176,,,0.3983423483033834,0.4175824175824176
3v0tA_3uyiA,ShallowMsa_008,859,0.711608292327127,0.7183098591549296,,,0.711608292327127,0.7183098591549296
3v0tA_3uyiA,ShallowMsa_009,757,0.3319501656706387,0.3162393162393162,,,0.3319501656706387,0.3162393162393162
3v0tA_3uyiA,ShallowMsa_010,695,0.30829016550162935,0.3018181818181818,,,0.30829016550162935,0.3018181818181818
3v0tA_3uyiA,ShallowMsa_011,674,0.452043377861631,0.4618181818181818,,,0.452043377861631,0.4618181818181818
3v0tA_3uyiA,ShallowMsa_012,668,0.44368400512186806,0.45217391304347826,,,0.44368400512186806,0.45217391304347826
3v0tA_3uyiA,ShallowMsa_013,591,0.7205065908480349,0.7333333333333333,,,0.7205065908480349,0.7333333333333333
3v0tA_3uyiA,ShallowMsa_014,572,0.43861102776760497,0.44485294117647056,,,0.43861102776760497,0.44485294117647056
3v0tA_3uyiA,ShallowMsa_015,572,0.4768876893376378,0.47992673992673995,,,0.4768876893376378,0.47992673992673995
3v0tA_3uyiA,ShallowMsa_016,552,0.46459791180366605,0.4708029197080292,,,0.46459791180366605,0.4708029197080292
3v0tA_3uyiA,ShallowMsa_017,537,0.44821492617174197,0.449438202247191,,,0.44821492617174197,0.449438202247191
3v0tA_3uyiA,ShallowMsa_018,534,0.3391863067868567,0.3287636932707355,,,0.3391863067868567,0.3287636932707355
3v0tA_3uyiA,ShallowMsa_019,515,0.4704525000417825,0.4727272727272727,,,0.4704525000417825,0.4727272727272727
3v0tA_3uyiA,ShallowMsa_020,512,0.45773922618599616,0.4607142857142857,,,0.45773922618599616,0.4607142857142857
3v0tA_3uyiA,ShallowMsa_021,506,0.4302519201904776,0.43096432552954295,,,0.4302519201904776,0.43096432552954295
3v0tA_3uyiA,ShallowMsa_022,438,0.4282482417634738,0.42745098039215684,,,0.4282482417634738,0.42745098039215684
3v0tA_3uyiA,ShallowMsa_023,430,0.4377811221809685,0.4364654002713704,,,0.4377811221809685,0.4364654002713704
3v0tA_3uyiA,ShallowMsa_024,424,0.3060229689352734,0.30434782608695654,,,0.3060229689352734,0.30434782608695654
3v0tA_3uyiA,ShallowMsa_025,407,0.3294867580766083,0.32663316582914576,,,0.3294867580766083,0.32663316582914576
3v0tA_3uyiA,ShallowMsa_026,370,0.4551500773160514,0.4584837545126354,,,0.4551500773160514,0.4584837545126354
3v0tA_3uyiA,ShallowMsa_027,369,0.49031846189771844,0.4977168949771689,,,0.49031846189771844,0.4977168949771689
3v0tA_3uyiA,ShallowMsa_028,366,0.32186558159504564,0.31690140845070425,,,0.32186558159504564,0.31690140845070425
3v0tA_3uyiA,ShallowMsa_029,327,0.470366057307467,0.4727272727272727,,,0.470366057307467,0.4727272727272727
3v0tA_3uyiA,ShallowMsa_030,322,0.460442035542098,0.4594444835350408,,,0.460442035542098,0.4594444835350408
3v0tA_3uyiA,ShallowMsa_031,312,0.4428323054584936,0.44280442804428044,,,0.4428323054584936,0.44280442804428044
3v0tA_3uyiA,ShallowMsa_032,305,0.4407064589654774,0.44680851063829785,,,0.4407064589654774,0.44680851063829785
3v0tA_3uyiA,ShallowMsa_033,304,0.46283627018297235,0.46791352093342486,,,0.46283627018297235,0.46791352093342486
3v0tA_3uyiA,ShallowMsa_034,293,0.4666079189399228,0.4731182795698925,,,0.4666079189399228,0.4731182795698925
3v0tA_3uyiA,ShallowMsa_035,283,0.3139198174432317,0.31135531135531136,,,0.3139198174432317,0.31135531135531136
3v0tA_3uyiA,ShallowMsa_036,274,0.32745544673790683,0.3257140369209335,,,0.32745544673790683,0.3257140369209335
3v0tA_3uyiA,ShallowMsa_037,273,0.46874719047295416,0.46886446886446886,,,0.46874719047295416,0.46886446886446886
3v0tA_3uyiA,ShallowMsa_038,269,0.46153648914599643,0.4612546125461255,,,0.46153648914599643,0.4612546125461255
3v0tA_3uyiA,ShallowMsa_039,268,0.4333226926582328,0.4436226930963773,,,0.4333226926582328,0.4436226930963773
3v0tA_3uyiA,ShallowMsa_040,267,0.3002291110453496,0.3,,,0.3002291110453496,0.3
3v0tA_3uyiA,ShallowMsa_041,267,0.31446657765717606,0.3111888111888112,,,0.31446657765717606,0.3111888111888112
3v0tA_3uyiA,ShallowMsa_042,260,0.3149139820959925,0.3140771637122002,,,0.3149139820959925,0.3140771637122002
3v0tA_3uyiA,ShallowMsa_043,249,0.4227962150274012,0.4266666666666667,,,0.4227962150274012,0.4266666666666667
3v0tA_3uyiA,ShallowMsa_044,246,0.4547869933988034,0.4578659531615237,,,0.4547869933988034,0.4578659531615237
3v0tA_3uyiA,ShallowMsa_045,244,0.392928864924461,0.3978102189781022,,,0.392928864924461,0.3978102189781022
3v0tA_3uyiA,ShallowMsa_046,244,0.29560156502095264,0.2971014492753623,,,0.29560156502095264,0.2971014492753623
3v0tA_3uyiA,ShallowMsa_047,242,0.4541586287935328,0.4726021684737281,,,0.4541586287935328,0.4726021684737281
3v0tA_3uyiA,ShallowMsa_048,229,0.2912510743520753,0.29069767441860467,,,0.2912510743520753,0.29069767441860467
3v0tA_3uyiA,ShallowMsa_049,227,0.30037838038382086,0.2968197879858657,,,0.30037838038382086,0.2968197879858657
3v0tA_3uyiA,ShallowMsa_050,226,0.4497735629891717,0.4584837545126354,,,0.4497735629891717,0.4584837545126354
3v0tA_3uyiA,ShallowMsa_051,224,0.5746933156755242,0.5962447221989207,,,0.5746933156755242,0.5962447221989207
3v0tA_3uyiA,ShallowMsa_052,224,0.3225618966055523,0.3200719424460432,,,0.3225618966055523,0.3200719424460432
3v0tA_3uyiA,ShallowMsa_053,223,0.4397415993471465,0.4522058823529412,,,0.4397415993471465,0.4522058823529412
3v0tA_3uyiA,ShallowMsa_054,222,0.3028235331315432,0.3019638043896804,,,0.3028235331315432,0.3019638043896804
3v0tA_3uyiA,ShallowMsa_055,220,0.30289252319449517,0.3017698425074068,,,0.30289252319449517,0.3017698425074068
3v0tA_3uyiA,ShallowMsa_056,216,0.30716092327541455,0.30638544672664514,,,0.30716092327541455,0.30638544672664514
3v0tA_3uyiA,ShallowMsa_057,215,0.4586088517147567,0.46099290780141844,,,0.4586088517147567,0.46099290780141844
3v0tA_3uyiA,ShallowMsa_058,211,0.28804443452323303,0.2883895131086142,,,0.28804443452323303,0.2883895131086142
3v0tA_3uyiA,ShallowMsa_059,209,0.47991438351015187,0.4810606060606061,,,0.47991438351015187,0.4810606060606061
3v0tA_3uyiA,ShallowMsa_060,208,0.31253990181574426,0.30968964172285063,,,0.31253990181574426,0.30968964172285063
3v0tA_3uyiA,ShallowMsa_061,201,0.3005241890252039,0.29918032786885246,,,0.3005241890252039,0.29918032786885246
3v0tA_3uyiA,ShallowMsa_062,201,0.31504433490275546,0.31448763250883394,,,0.31504433490275546,0.31448763250883394
3v0tA_3uyiA,ShallowMsa_063,194,0.31447966728901305,0.3136855193152903,,,0.31447966728901305,0.3136855193152903
3v0tA_3uyiA,ShallowMsa_064,182,0.4392954091224299,0.43978021978021975,,,0.4392954091224299,0.43978021978021975
3v0tA_3uyiA,ShallowMsa_065,179,0.4207086771939493,0.42578125,,,0.4207086771939493,0.42578125
3v0tA_3uyiA,ShallowMsa_066,172,0.32678498617184176,0.32608695652173914,,,0.32678498617184176,0.32608695652173914
3v0tA_3uyiA,ShallowMsa_067,171,0.4746337655949738,0.4927536231884058,,,0.4746337655949738,0.4927536231884058
3v0tA_3uyiA,ShallowMsa_068,169,0.4434866665885708,0.45075757575757575,,,0.4434866665885708,0.45075757575757575
3v0tA_3uyiA,ShallowMsa_069,163,0.4656937755887318,0.4782608695652174,,,0.4656937755887318,0.4782608695652174
3v0tA_3uyiA,ShallowMsa_070,162,0.326618650156542,0.3243663318986131,,,0.326618650156542,0.3243663318986131
3v0tA_3uyiA,ShallowMsa_071,161,0.31967640618550397,0.3125,,,0.31967640618550397,0.3125
3v0tA_3uyiA,ShallowMsa_072,158,0.4312165414415628,0.43303030303030304,,,0.4312165414415628,0.43303030303030304
3v0tA_3uyiA,ShallowMsa_073,154,0.33372433697126563,0.3219437525944375,,,0.33372433697126563,0.3219437525944375
3v0tA_3uyiA,ShallowMsa_074,152,0.42782716767214973,0.4255371900826447,,,0.42782716767214973,0.4255371900826447
3v0tA_3uyiA,ShallowMsa_075,152,0.3069912155228682,0.30434782608695654,,,0.3069912155228682,0.30434782608695654
3v0tA_3uyiA,ShallowMsa_076,149,0.3064530225726284,0.30514705882352944,,,0.3064530225726284,0.30514705882352944
3v0tA_3uyiA,ShallowMsa_077,138,0.4289147449067401,0.43224624837528064,,,0.4289147449067401,0.43224624837528064
3v0tA_3uyiA,ShallowMsa_078,136,0.4267859378912216,0.43014705882352944,,,0.4267859378912216,0.43014705882352944
3v0tA_3uyiA,ShallowMsa_079,133,0.32384938240308075,0.32,,,0.32384938240308075,0.32
3v0tA_3uyiA,ShallowMsa_080,133,0.3152912138349655,0.3125,,,0.3152912138349655,0.3125
3v0tA_3uyiA,ShallowMsa_081,131,0.3244882970032238,0.3271375464684015,,,0.3244882970032238,0.3271375464684015
3v0tA_3uyiA,ShallowMsa_082,130,0.4509642798851384,0.4535599263860134,,,0.4509642798851384,0.4535599263860134
3v0tA_3uyiA,ShallowMsa_083,127,0.4211575840596758,0.43014705882352944,,,0.4211575840596758,0.43014705882352944
3v0tA_3uyiA,ShallowMsa_084,126,0.29133577955750967,0.29077482214661304,,,0.29133577955750967,0.29077482214661304
3v0tA_3uyiA,ShallowMsa_085,121,0.44114902680874857,0.44642857142857145,,,0.44114902680874857,0.44642857142857145
3v0tA_3uyiA,ShallowMsa_086,120,0.45483413379792276,0.4624973956524759,,,0.45483413379792276,0.4624973956524759
3v0tA_3uyiA,ShallowMsa_087,117,0.30438517697079637,0.30268199233716475,,,0.30438517697079637,0.30268199233716475
3v0tA_3uyiA,ShallowMsa_088,112,0.3226384038297496,0.31862438891906575,,,0.3226384038297496,0.31862438891906575
3v0tA_3uyiA,ShallowMsa_089,111,0.30720561295858806,0.3080168776371308,,,0.30720561295858806,0.3080168776371308
3v0tA_3uyiA,ShallowMsa_090,105,0.29829893950466396,0.2965779467680608,,,0.29829893950466396,0.2965779467680608
3v0tA_3uyiA,ShallowMsa_091,101,0.3160222198830704,0.3140794223826715,,,0.3160222198830704,0.3140794223826715
3v0tA_3uyiA,ShallowMsa_092,96,0.3136431261619885,0.31135265700483095,,,0.3136431261619885,0.31135265700483095
3v0tA_3uyiA,ShallowMsa_093,90,0.445826937952757,0.4469958046149236,,,0.445826937952757,0.4469958046149236
3v0tA_3uyiA,ShallowMsa_094,86,0.40250331089165803,0.4187062937062937,,,0.40250331089165803,0.4187062937062937
3v0tA_3uyiA,ShallowMsa_095,86,0.3130802366219249,0.31307656826568264,,,0.3130802366219249,0.31307656826568264
3v0tA_3uyiA,ShallowMsa_096,77,0.3169170608032758,0.31272727272727274,,,0.3169170608032758,0.31272727272727274
3v0tA_3uyiA,ShallowMsa_097,65,0.3310169782292371,0.32592592592592595,,,0.3310169782292371,0.32592592592592595
3v0tA_3uyiA,ShallowMsa_098,62,0.3286546108336561,0.32487179487179485,,,0.3286546108336561,0.32487179487179485
3v0tA_3uyiA,ShallowMsa_099,48,0.44198819202083084,0.43726851851851856,,,0.44198819202083084,0.43726851851851856
3ztjE_5hmgA,ShallowMsa_000,85,0.386690286259251,0.3801916932907348,,,0.386690286259251,0.3801916932907348
3ztjE_5hmgA,ShallowMsa_001,70,0.40637591137823376,0.402555910543131,,,0.40637591137823376,0.402555910543131
3ztjE_5hmgA,ShallowMsa_002,65,0.3745872279264086,0.3670886075949367,,,0.3745872279264086,0.3670886075949367
3ztjE_5hmgA,ShallowMsa_003,57,0.37699888669884996,0.37777777777777777,,,0.37699888669884996,0.37777777777777777
3ztjE_5hmgA,ShallowMsa_004,54,0.3494295247530311,0.35275080906148865,,,0.3494295247530311,0.35275080906148865
3ztjE_5hmgA,ShallowMsa_005,49,0.8020962197775068,0.7955974842767296,,,0.8020962197775068,0.7955974842767296
3ztjE_5hmgA,ShallowMsa_006,47,0.33705178491859766,0.33762057877813506,,,0.33705178491859766,0.33762057877813506
3ztjE_5hmgA,ShallowMsa_007,45,0.3852835704709289,0.38412698412698415,,,0.3852835704709289,0.38412698412698415
3ztjE_5hmgA,ShallowMsa_008,40,0.8629159166845358,0.9179902077860043,,,0.8629159166845358,0.9179902077860043
3ztjE_5hmgA,ShallowMsa_009,39,0.33242521895434857,0.33440514469453375,,,0.33242521895434857,0.33440514469453375
3ztjE_5hmgA,ShallowMsa_010,35,0.3970268306037451,0.3853503184713376,,,0.3970268306037451,0.3853503184713376
3ztjE_5hmgA,ShallowMsa_011,35,0.3558819139470134,0.35555555555555557,,,0.3558819139470134,0.35555555555555557
3ztjE_5hmgA,ShallowMsa_012,35,0.35092647285031797,0.3492063492063492,,,0.35092647285031797,0.3492063492063492
3ztjE_5hmgA,ShallowMsa_013,34,0.3369036991348053,0.339170343323698,,,0.3369036991348053,0.339170343323698
3ztjE_5hmgA,ShallowMsa_014,33,0.3926439634017926,0.3964757709251101,,,0.3926439634017926,0.3964757709251101
3ztjE_5hmgA,ShallowMsa_015,31,0.3366092631756657,0.33762057877813506,,,0.3366092631756657,0.33762057877813506
3ztjE_5hmgA,ShallowMsa_016,31,0.8066442213610484,0.8081761006289309,,,0.8066442213610484,0.8081761006289309
3ztjE_5hmgA,ShallowMsa_017,30,0.38037334739320255,0.369968054453585,,,0.38037334739320255,0.369968054453585
3ztjE_5hmgA,ShallowMsa_018,29,0.8113124093179017,0.8173076923076923,,,0.8113124093179017,0.8173076923076923
3ztjE_5hmgA,ShallowMsa_019,27,0.3325466507398972,0.3357664233576642,,,0.3325466507398972,0.3357664233576642
3ztjE_5hmgA,ShallowMsa_020,25,0.31320521446479677,0.3190789473684211,,,0.31320521446479677,0.3190789473684211
3ztjE_5hmgA,ShallowMsa_021,25,0.3835443037974683,0.379746835443038,,,0.3835443037974683,0.379746835443038
3ztjE_5hmgA,ShallowMsa_022,25,0.8529400317551861,0.8553459119496856,,,0.8529400317551861,0.8553459119496856
3ztjE_5hmgA,ShallowMsa_023,24,0.44643156364362885,0.37361237488626026,,,0.44643156364362885,0.37361237488626026
3ztjE_5hmgA,ShallowMsa_024,23,0.35889619281695967,0.34394904458598724,,,0.35889619281695967,0.34394904458598724
3ztjE_5hmgA,ShallowMsa_025,23,0.8595610682248901,0.8580441640378549,,,0.8595610682248901,0.8580441640378549
3ztjE_5hmgA,ShallowMsa_026,23,0.7965910296638888,0.8041237113402062,,,0.7965910296638888,0.8041237113402062
3ztjE_5hmgA,ShallowMsa_027,22,0.3563439944342186,0.3581625477195097,,,0.3563439944342186,0.3581625477195097
3ztjE_5hmgA,ShallowMsa_028,22,0.3407381403122006,0.33709507903308045,,,0.3407381403122006,0.33709507903308045
3ztjE_5hmgA,ShallowMsa_029,22,0.39077584989896225,0.38317757009345793,,,0.39077584989896225,0.38317757009345793
3ztjE_5hmgA,ShallowMsa_030,21,0.3781115602730087,0.39097744360902253,,,0.3781115602730087,0.39097744360902253
3ztjE_5hmgA,ShallowMsa_031,21,0.8288971719762301,0.9053627760252366,,,0.8288971719762301,0.9053627760252366
3ztjE_5hmgA,ShallowMsa_032,21,0.35181819326038744,0.3575949367088608,,,0.35181819326038744,0.3575949367088608
3ztjE_5hmgA,ShallowMsa_033,20,0.8920369570559611,0.8962264150943396,,,0.8920369570559611,0.8962264150943396
3ztjE_5hmgA,ShallowMsa_034,20,0.3608856415556517,0.3822313640948557,,,0.3608856415556517,0.3822313640948557
3ztjE_5hmgA,ShallowMsa_035,20,0.3332491291609315,0.3316532494660502,,,0.3332491291609315,0.3316532494660502
3ztjE_5hmgA,ShallowMsa_036,20,0.33517031414794085,0.3403209190522274,,,0.33517031414794085,0.3403209190522274
3ztjE_5hmgA,ShallowMsa_037,20,0.42412235980733487,0.42356687898089174,,,0.42412235980733487,0.42356687898089174
3ztjE_5hmgA,ShallowMsa_038,19,0.4127718369901507,0.41414141414141414,,,0.4127718369901507,0.41414141414141414
3ztjE_5hmgA,ShallowMsa_039,19,0.3533245183703755,0.34459459459459457,,,0.3533245183703755,0.34459459459459457
3ztjE_5hmgA,ShallowMsa_040,16,0.34097541260471714,0.3408360128617363,,,0.34097541260471714,0.3408360128617363
3ztjE_5hmgA,ShallowMsa_041,16,0.3335168266812623,0.3333333333333333,,,0.3335168266812623,0.3333333333333333
3ztjE_5hmgA,ShallowMsa_042,14,0.322071266738169,0.3219423884135987,,,0.322071266738169,0.3219423884135987
3ztjE_5hmgA,ShallowMsa_043,13,0.31844593366887153,0.32075471698113206,,,0.31844593366887153,0.32075471698113206
3ztjE_5hmgA,ShallowMsa_044,13,0.33183061242002765,0.32727272727272727,,,0.33183061242002765,0.32727272727272727
3ztjE_5hmgA,ShallowMsa_045,13,0.33796174496088327,0.32142857142857145,,,0.33796174496088327,0.32142857142857145
3ztjE_5hmgA,ShallowMsa_046,12,0.5772472682067836,0.5859872611464968,,,0.5772472682067836,0.5859872611464968
3zxgB_5ec5P,ShallowMsa_000,13,0.39958780053413945,0.3785310734463277,,,0.39958780053413945,0.3785310734463277
3zxgB_5ec5P,ShallowMsa_001,11,0.29445659632744536,0.2872340425531915,,,0.29445659632744536,0.2872340425531915
3zxgB_5ec5P,ShallowMsa_002,10,0.35218939876384453,0.3344392401769451,,,0.35218939876384453,0.3344392401769451
3zxgB_5ec5P,ShallowMsa_003,9,0.38731655610568544,0.3416666666666667,,,0.38731655610568544,0.3416666666666667
3zxgB_5ec5P,ShallowMsa_004,9,0.6327714457845816,0.47282608695652173,,,0.6327714457845816,0.47282608695652173
4aalA_4aanA,ShallowMsa_000,2294,0.3316301477579422,0.3245775837792171,,,0.3316301477579422,0.3245775837792171
4aalA_4aanA,ShallowMsa_001,1451,0.3846509029118844,0.39204545454545453,,,0.3846509029118844,0.39204545454545453
4aalA_4aanA,ShallowMsa_002,1239,0.375893941582599,0.373015873015873,,,0.375893941582599,0.373015873015873
4aalA_4aanA,ShallowMsa_003,1215,0.460500485626801,0.4394904458598726,,,0.460500485626801,0.4394904458598726
4aalA_4aanA,ShallowMsa_004,729,0.48368009133153933,0.49158249158249157,,,0.48368009133153933,0.49158249158249157
4aalA_4aanA,ShallowMsa_005,652,0.32969777277287887,0.32994060568389794,,,0.32969777277287887,0.32994060568389794
4aalA_4aanA,ShallowMsa_006,565,0.36130517314627464,0.35333333333333333,,,0.36130517314627464,0.35333333333333333
4aalA_4aanA,ShallowMsa_007,546,0.3753851942700741,0.3681707013762229,,,0.3753851942700741,0.3681707013762229
4aalA_4aanA,ShallowMsa_008,521,0.35244830906659197,0.3525423728813559,,,0.35244830906659197,0.3525423728813559
4aalA_4aanA,ShallowMsa_009,513,0.43787106978948154,0.4459016393442623,,,0.43787106978948154,0.4459016393442623
4aalA_4aanA,ShallowMsa_010,489,0.473181033272451,0.47703180212014135,,,0.473181033272451,0.47703180212014135
4aalA_4aanA,ShallowMsa_011,482,0.6001017825098145,0.6063492063492063,,,0.6001017825098145,0.6063492063492063
4aalA_4aanA,ShallowMsa_012,461,0.3803689276820912,0.38205980066445183,,,0.3803689276820912,0.38205980066445183
4aalA_4aanA,ShallowMsa_013,422,0.3060095040156619,0.3049645390070922,,,0.3060095040156619,0.3049645390070922
4aalA_4aanA,ShallowMsa_014,419,0.31105848132395075,0.30952380952380953,,,0.31105848132395075,0.30952380952380953
4aalA_4aanA,ShallowMsa_015,419,0.3822370884256018,0.3797909407665505,,,0.3822370884256018,0.3797909407665505
4aalA_4aanA,ShallowMsa_016,415,0.3167608885657095,0.3142857142857143,,,0.3167608885657095,0.3142857142857143
4aalA_4aanA,ShallowMsa_017,411,0.42424092728729323,0.4276315789473684,,,0.42424092728729323,0.4276315789473684
4aalA_4aanA,ShallowMsa_018,409,0.4452747960875876,0.44947735191637633,,,0.4452747960875876,0.44947735191637633
4aalA_4aanA,ShallowMsa_019,402,0.32452066812422004,0.3252511170087681,,,0.32452066812422004,0.3252511170087681
4aalA_4aanA,ShallowMsa_020,391,0.43157059841362366,0.4411764705882353,,,0.43157059841362366,0.4411764705882353
4aalA_4aanA,ShallowMsa_021,376,0.43991978633229967,0.44369593768398174,,,0.43991978633229967,0.44369593768398174
4aalA_4aanA,ShallowMsa_022,375,0.30804043630787215,0.30739299610894943,,,0.30804043630787215,0.30739299610894943
4aalA_4aanA,ShallowMsa_023,359,0.6034107894828286,0.6063492063492063,,,0.6034107894828286,0.6063492063492063
4aalA_4aanA,ShallowMsa_024,344,0.39695980024699273,0.4148904006046863,,,0.39695980024699273,0.4148904006046863
4aalA_4aanA,ShallowMsa_025,340,0.322649219278511,0.32143518732922705,,,0.322649219278511,0.32143518732922705
4aalA_4aanA,ShallowMsa_026,339,0.3568107465043366,0.3470790378006873,,,0.3568107465043366,0.3470790378006873
4aalA_4aanA,ShallowMsa_027,337,0.34914406708375084,0.3473684210526316,,,0.34914406708375084,0.3473684210526316
4aalA_4aanA,ShallowMsa_028,336,0.336800494914924,0.32896879821704095,,,0.336800494914924,0.32896879821704095
4aalA_4aanA,ShallowMsa_029,333,0.43905156651241134,0.43812709030100333,,,0.43905156651241134,0.43812709030100333
4aalA_4aanA,ShallowMsa_030,326,0.4205852199904264,0.4223826714801444,,,0.4205852199904264,0.4223826714801444
4aalA_4aanA,ShallowMsa_031,325,0.48156232704859037,0.48184818481848185,,,0.48156232704859037,0.48184818481848185
4aalA_4aanA,ShallowMsa_032,324,0.31722798303248306,0.31958762886597936,,,0.31722798303248306,0.31958762886597936
4aalA_4aanA,ShallowMsa_033,306,0.41705733293115904,0.4223826714801444,,,0.41705733293115904,0.4223826714801444
4aalA_4aanA,ShallowMsa_034,305,0.3384967688435959,0.3413654618473896,,,0.3384967688435959,0.3413654618473896
4aalA_4aanA,ShallowMsa_035,289,0.43318024577562275,0.43434343434343436,,,0.43318024577562275,0.43434343434343436
4aalA_4aanA,ShallowMsa_036,282,0.559684760264766,0.566190388960127,,,0.559684760264766,0.566190388960127
4aalA_4aanA,ShallowMsa_037,278,0.31098069859486793,0.3091846298031865,,,0.31098069859486793,0.3091846298031865
4aalA_4aanA,ShallowMsa_038,277,0.3121070896760713,0.30851063829787234,,,0.3121070896760713,0.30851063829787234
4aalA_4aanA,ShallowMsa_039,276,0.4262274083341268,0.4288311688311688,,,0.4262274083341268,0.4288311688311688
4aalA_4aanA,ShallowMsa_040,276,0.37340532746136423,0.37308836517454563,,,0.37340532746136423,0.37308836517454563
4aalA_4aanA,ShallowMsa_041,270,0.3278992868038221,0.324020905923345,,,0.3278992868038221,0.324020905923345
4aalA_4aanA,ShallowMsa_042,266,0.46242719424670015,0.46078431372549017,,,0.46242719424670015,0.46078431372549017
4aalA_4aanA,ShallowMsa_043,263,0.4274709687009686,0.42857142857142855,,,0.4274709687009686,0.42857142857142855
4aalA_4aanA,ShallowMsa_044,255,0.43256694602361095,0.43205574912891986,,,0.43256694602361095,0.43205574912891986
4aalA_4aanA,ShallowMsa_045,255,0.3486127417386008,0.3392857142857143,,,0.3486127417386008,0.3392857142857143
4aalA_4aanA,ShallowMsa_046,240,0.3770530365074843,0.371241610738255,,,0.3770530365074843,0.371241610738255
4aalA_4aanA,ShallowMsa_047,233,0.3130467758985593,0.3122923588039867,,,0.3130467758985593,0.3122923588039867
4aalA_4aanA,ShallowMsa_048,232,0.3056450302726845,0.30526814019020787,,,0.3056450302726845,0.30526814019020787
4aalA_4aanA,ShallowMsa_049,231,0.2859473748838089,0.28524590163934427,,,0.2859473748838089,0.28524590163934427
4aalA_4aanA,ShallowMsa_050,231,0.43066173027579213,0.4300341296928328,,,0.43066173027579213,0.4300341296928328
4aalA_4aanA,ShallowMsa_051,229,0.32086541029655913,0.31851851851851853,,,0.32086541029655913,0.31851851851851853
4aalA_4aanA,ShallowMsa_052,227,0.3338427400505429,0.33217993079584773,,,0.3338427400505429,0.33217993079584773
4aalA_4aanA,ShallowMsa_053,218,0.3369908865281796,0.3377049180327869,,,0.3369908865281796,0.3377049180327869
4aalA_4aanA,ShallowMsa_054,216,0.3078267703215229,0.30738335738335737,,,0.3078267703215229,0.30738335738335737
4aalA_4aanA,ShallowMsa_055,210,0.40946038873412877,0.41794496487119437,,,0.40946038873412877,0.41794496487119437
4aalA_4aanA,ShallowMsa_056,209,0.3228946603054525,0.3229166666666667,,,0.3228946603054525,0.3229166666666667
4aalA_4aanA,ShallowMsa_057,204,0.6596931347017316,0.6550632911392406,,,0.6596931347017316,0.6550632911392406
4aalA_4aanA,ShallowMsa_058,200,0.44204752901945554,0.44197884633305373,,,0.44204752901945554,0.44197884633305373
4aalA_4aanA,ShallowMsa_059,196,0.2986475625697197,0.2987002258082282,,,0.2986475625697197,0.2987002258082282
4aalA_4aanA,ShallowMsa_060,195,0.4012282893638105,0.4187725631768953,,,0.4012282893638105,0.4187725631768953
4aalA_4aanA,ShallowMsa_061,194,0.4147214274597691,0.42257344956121046,,,0.4147214274597691,0.42257344956121046
4aalA_4aanA,ShallowMsa_062,191,0.41138437094461,0.4169611307420495,,,0.41138437094461,0.4169611307420495
4aalA_4aanA,ShallowMsa_063,191,0.3190743708850056,0.32014388489208634,,,0.3190743708850056,0.32014388489208634
4aalA_4aanA,ShallowMsa_064,188,0.31538629485170144,0.31319847454816785,,,0.31538629485170144,0.31319847454816785
4aalA_4aanA,ShallowMsa_065,183,0.313823465027992,0.3129496402877698,,,0.313823465027992,0.3129496402877698
4aalA_4aanA,ShallowMsa_066,183,0.3457612349460351,0.3401360544217687,,,0.3457612349460351,0.3401360544217687
4aalA_4aanA,ShallowMsa_067,179,0.3298961807049095,0.3300970873786408,,,0.3298961807049095,0.3300970873786408
4aalA_4aanA,ShallowMsa_068,175,0.298718672294584,0.2968197879858657,,,0.298718672294584,0.2968197879858657
4aalA_4aanA,ShallowMsa_069,171,0.5001799499165748,0.5079365079365079,,,0.5001799499165748,0.5079365079365079
4aalA_4aanA,ShallowMsa_070,168,0.3203069482649421,0.3202730677086968,,,0.3203069482649421,0.3202730677086968
4aalA_4aanA,ShallowMsa_071,168,0.32690739469134383,0.3250874125874126,,,0.32690739469134383,0.3250874125874126
4aalA_4aanA,ShallowMsa_072,161,0.3988380782264042,0.41216216216216217,,,0.3988380782264042,0.41216216216216217
4aalA_4aanA,ShallowMsa_073,160,0.4561454248432316,0.45226308345120225,,,0.4561454248432316,0.45226308345120225
4aalA_4aanA,ShallowMsa_074,158,0.44765667276191734,0.45614035087719296,,,0.44765667276191734,0.45614035087719296
4aalA_4aanA,ShallowMsa_075,142,0.4737816050886356,0.4831647923090876,,,0.4737816050886356,0.4831647923090876
4aalA_4aanA,ShallowMsa_076,131,0.32564929861504993,0.32706766917293234,,,0.32564929861504993,0.32706766917293234
4aalA_4aanA,ShallowMsa_077,127,0.30488855962180594,0.30288461538461536,,,0.30488855962180594,0.30288461538461536
4aalA_4aanA,ShallowMsa_078,118,0.32452888267479546,0.324608514803034,,,0.32452888267479546,0.324608514803034
4aalA_4aanA,ShallowMsa_079,116,0.3196779599354524,0.3163265306122449,,,0.3196779599354524,0.3163265306122449
4aalA_4aanA,ShallowMsa_080,116,0.30832651259957855,0.30604671192623367,,,0.30832651259957855,0.30604671192623367
4aalA_4aanA,ShallowMsa_081,110,0.4005577015497398,0.41145726583316256,,,0.4005577015497398,0.41145726583316256
4aalA_4aanA,ShallowMsa_082,100,0.3371738447103107,0.33978174603174605,,,0.3371738447103107,0.33978174603174605
4aalA_4aanA,ShallowMsa_083,93,0.44767322185122044,0.4444444444444444,,,0.44767322185122044,0.4444444444444444
4aalA_4aanA,ShallowMsa_084,93,0.37356701539475745,0.3806228373702422,,,0.37356701539475745,0.3806228373702422
4aalA_4aanA,ShallowMsa_085,92,0.4628965695079855,0.46835443037974683,,,0.4628965695079855,0.46835443037974683
4aalA_4aanA,ShallowMsa_086,85,0.47192000599091893,0.4831081081081081,,,0.47192000599091893,0.4831081081081081
4aalA_4aanA,ShallowMsa_087,84,0.4079024534218082,0.4181484295845998,,,0.4079024534218082,0.4181484295845998
4aalA_4aanA,ShallowMsa_088,81,0.34902460822995923,0.33793103448275863,,,0.34902460822995923,0.33793103448275863
4aalA_4aanA,ShallowMsa_089,79,0.46983197441228597,0.47202797202797203,,,0.46983197441228597,0.47202797202797203
4aalA_4aanA,ShallowMsa_090,70,0.3427256612228799,0.33919172700091427,,,0.3427256612228799,0.33919172700091427
4aalA_4aanA,ShallowMsa_091,70,0.31358335028373013,0.31327377073830887,,,0.31358335028373013,0.31327377073830887
4aalA_4aanA,ShallowMsa_092,69,0.31810273931885863,0.31699346405228757,,,0.31810273931885863,0.31699346405228757
4aalA_4aanA,ShallowMsa_093,65,0.38177894921824157,0.35714285714285715,,,0.38177894921824157,0.35714285714285715
4aalA_4aanA,ShallowMsa_094,65,0.3303370221655431,0.32857142857142857,,,0.3303370221655431,0.32857142857142857
4aalA_4aanA,ShallowMsa_095,63,0.38839968266303865,0.4095238095238095,,,0.38839968266303865,0.4095238095238095
4aalA_4aanA,ShallowMsa_096,56,0.40181777310634254,0.4098286466583013,,,0.40181777310634254,0.4098286466583013
4aalA_4aanA,ShallowMsa_097,51,0.37414886605206493,0.3240418118466899,,,0.37414886605206493,0.3240418118466899
4aalA_4aanA,ShallowMsa_098,51,0.31872857246617986,0.31802120141342755,,,0.31872857246617986,0.31802120141342755
4aalA_4aanA,ShallowMsa_099,47,0.41808092970897975,0.4261744966442953,,,0.41808092970897975,0.4261744966442953
4cmqB_4zt0C,ShallowMsa_000,166,0.34337568986540123,0.3443074560809285,,,0.34337568986540123,0.3443074560809285
4cmqB_4zt0C,ShallowMsa_001,142,0.3278691072892518,0.32753178204455113,,,0.3278691072892518,0.32753178204455113
4cmqB_4zt0C,ShallowMsa_002,102,0.32135044401412194,0.32001855287569575,,,0.32135044401412194,0.32001855287569575
4cmqB_4zt0C,ShallowMsa_003,98,0.5360210005118405,0.5873184752931264,,,0.5360210005118405,0.5873184752931264
4cmqB_4zt0C,ShallowMsa_004,89,0.33931496856516824,0.3378136200716846,,,0.33931496856516824,0.3378136200716846
4cmqB_4zt0C,ShallowMsa_005,63,0.32936752021102655,0.32669789227166274,,,0.32936752021102655,0.32669789227166274
4cmqB_4zt0C,ShallowMsa_006,52,0.31958643570599965,0.31577952805209675,,,0.31958643570599965,0.31577952805209675
4cmqB_4zt0C,ShallowMsa_007,49,0.33819944511884653,0.33753148614609574,,,0.33819944511884653,0.33753148614609574
4cmqB_4zt0C,ShallowMsa_008,49,0.3281903345641593,0.32989690721649484,,,0.3281903345641593,0.32989690721649484
4cmqB_4zt0C,ShallowMsa_009,48,0.5381932562665,0.5395074860191139,,,0.5381932562665,0.5395074860191139
4cmqB_4zt0C,ShallowMsa_010,46,0.33875557312086996,0.3386938978273873,,,0.33875557312086996,0.3386938978273873
4cmqB_4zt0C,ShallowMsa_011,45,0.3193187589399237,0.31797235023041476,,,0.3193187589399237,0.31797235023041476
4cmqB_4zt0C,ShallowMsa_012,45,0.33391231059490895,0.3314917127071823,,,0.33391231059490895,0.3314917127071823
4cmqB_4zt0C,ShallowMsa_013,43,0.3276517332000386,0.3292910447761194,,,0.3276517332000386,0.3292910447761194
4cmqB_4zt0C,ShallowMsa_014,41,0.32404002367802687,0.3226397800183318,,,0.32404002367802687,0.3226397800183318
4cmqB_4zt0C,ShallowMsa_015,40,0.34610521404247796,0.34150900762954417,,,0.34610521404247796,0.34150900762954417
4cmqB_4zt0C,ShallowMsa_016,39,0.3339068201172826,0.3268337975858867,,,0.3339068201172826,0.3268337975858867
4cmqB_4zt0C,ShallowMsa_017,39,0.3374653418932028,0.3363028953229399,,,0.3374653418932028,0.3363028953229399
4cmqB_4zt0C,ShallowMsa_018,39,0.34990263546718564,0.34818941504178275,,,0.34990263546718564,0.34818941504178275
4cmqB_4zt0C,ShallowMsa_019,38,0.3248623471891177,0.32043866665694154,,,0.3248623471891177,0.32043866665694154
4cmqB_4zt0C,ShallowMsa_020,38,0.3297302362089806,0.3317252722323049,,,0.3297302362089806,0.3317252722323049
4cmqB_4zt0C,ShallowMsa_021,37,0.4370454802462786,0.4383116883116883,,,0.4370454802462786,0.4383116883116883
4cmqB_4zt0C,ShallowMsa_022,37,0.31360304599342553,0.31390977443609025,,,0.31360304599342553,0.31390977443609025
4cmqB_4zt0C,ShallowMsa_023,36,0.3330687497251989,0.327776219566422,,,0.3330687497251989,0.327776219566422
4cmqB_4zt0C,ShallowMsa_024,32,0.31362263607232366,0.3124710943567458,,,0.31362263607232366,0.3124710943567458
4cmqB_4zt0C,ShallowMsa_025,31,0.3437553690963099,0.3458294283036551,,,0.3437553690963099,0.3458294283036551
4cmqB_4zt0C,ShallowMsa_026,31,0.3234888137862048,0.3286908077994429,,,0.3234888137862048,0.3286908077994429
4cmqB_4zt0C,ShallowMsa_027,30,0.3121198479167475,0.3098251639658732,,,0.3121198479167475,0.3098251639658732
4cmqB_4zt0C,ShallowMsa_028,29,0.34251627985898464,0.3448275862068966,,,0.34251627985898464,0.3448275862068966
4cmqB_4zt0C,ShallowMsa_029,29,0.5192177070882328,0.5810473815461347,,,0.5192177070882328,0.5810473815461347
4cmqB_4zt0C,ShallowMsa_030,29,0.32186582192129914,0.32287822878228783,,,0.32186582192129914,0.32287822878228783
4cmqB_4zt0C,ShallowMsa_031,28,0.3156605786055593,0.3173361544234137,,,0.3156605786055593,0.3173361544234137
4cmqB_4zt0C,ShallowMsa_032,28,0.5461371390906196,0.5497816593886462,,,0.5461371390906196,0.5497816593886462
4cmqB_4zt0C,ShallowMsa_033,28,0.5376565198627111,0.5343518222790021,,,0.5376565198627111,0.5343518222790021
4cmqB_4zt0C,ShallowMsa_034,28,0.31992089774337457,0.32064046348127573,,,0.31992089774337457,0.32064046348127573
4cmqB_4zt0C,ShallowMsa_035,27,0.3288443639229868,0.33117483811285847,,,0.3288443639229868,0.33117483811285847
4cmqB_4zt0C,ShallowMsa_036,27,0.6417297515625836,0.6472103004291846,,,0.6417297515625836,0.6472103004291846
4cmqB_4zt0C,ShallowMsa_037,26,0.8445182083040902,0.8675526668930171,,,0.8445182083040902,0.8675526668930171
4cmqB_4zt0C,ShallowMsa_038,26,0.3388570945914984,0.33850406034120484,,,0.3388570945914984,0.33850406034120484
4cmqB_4zt0C,ShallowMsa_039,25,0.31799433726157383,0.3136842105263158,,,0.31799433726157383,0.3136842105263158
4cmqB_4zt0C,ShallowMsa_040,24,0.33995889154446574,0.3489279673076947,,,0.33995889154446574,0.3489279673076947
4cmqB_4zt0C,ShallowMsa_041,24,0.3433660774733857,0.3427531992626446,,,0.3433660774733857,0.3427531992626446
4cmqB_4zt0C,ShallowMsa_042,24,0.3276618802998575,0.3275043515084961,,,0.3276618802998575,0.3275043515084961
4cmqB_4zt0C,ShallowMsa_043,24,0.30980718745292685,0.3036690103644875,,,0.30980718745292685,0.3036690103644875
4cmqB_4zt0C,ShallowMsa_044,23,0.6800673695257623,0.6402266288951841,,,0.6800673695257623,0.6402266288951841
4cmqB_4zt0C,ShallowMsa_045,23,0.31074285994767,0.3050691244239631,,,0.31074285994767,0.3050691244239631
4cmqB_4zt0C,ShallowMsa_046,23,0.3392760356094463,0.33732718894009217,,,0.3392760356094463,0.33732718894009217
4cmqB_4zt0C,ShallowMsa_047,22,0.32522572618115553,0.3236255533146494,,,0.32522572618115553,0.3236255533146494
4cmqB_4zt0C,ShallowMsa_048,22,0.3365452289150225,0.33621351064995797,,,0.3365452289150225,0.33621351064995797
4cmqB_4zt0C,ShallowMsa_049,21,0.6855070863093283,0.6886792452830188,,,0.6855070863093283,0.6886792452830188
4cmqB_4zt0C,ShallowMsa_050,21,0.5160434431498345,0.5179856115107914,,,0.5160434431498345,0.5179856115107914
4cmqB_4zt0C,ShallowMsa_051,21,0.33051218321534614,0.3306595365418895,,,0.33051218321534614,0.3306595365418895
4cmqB_4zt0C,ShallowMsa_052,21,0.31550001739425354,0.3133086876155268,,,0.31550001739425354,0.3133086876155268
4cmqB_4zt0C,ShallowMsa_053,21,0.2955734754039024,0.28959700093720714,,,0.2955734754039024,0.28959700093720714
4cmqB_4zt0C,ShallowMsa_054,20,0.3316009289310803,0.3310101234842585,,,0.3316009289310803,0.3310101234842585
4cmqB_4zt0C,ShallowMsa_055,20,0.3375283514762747,0.3302057895640007,,,0.3375283514762747,0.3302057895640007
4cmqB_4zt0C,ShallowMsa_056,20,0.6541146182979107,0.6556634891380725,,,0.6541146182979107,0.6556634891380725
4cmqB_4zt0C,ShallowMsa_057,20,0.6417259355309656,0.6438711549865117,,,0.6417259355309656,0.6438711549865117
4cmqB_4zt0C,ShallowMsa_058,20,0.31481638457323763,0.3138566206536411,,,0.31481638457323763,0.3138566206536411
4cmqB_4zt0C,ShallowMsa_059,20,0.32693988114701705,0.32732277392282727,,,0.32693988114701705,0.32732277392282727
4cmqB_4zt0C,ShallowMsa_060,19,0.32053377589970844,0.31922723091076355,,,0.32053377589970844,0.31922723091076355
4cmqB_4zt0C,ShallowMsa_061,19,0.37051426262723236,0.370304114490161,,,0.37051426262723236,0.370304114490161
4cmqB_4zt0C,ShallowMsa_062,19,0.32166281671007296,0.31814119749776587,,,0.32166281671007296,0.31814119749776587
4cmqB_4zt0C,ShallowMsa_063,18,0.5324008758432368,0.5328126770672006,,,0.5324008758432368,0.5328126770672006
4cmqB_4zt0C,ShallowMsa_064,18,0.3077904427179885,0.3024675647153765,,,0.3077904427179885,0.3024675647153765
4cmqB_4zt0C,ShallowMsa_065,18,0.3500548148179089,0.35025668126226783,,,0.3500548148179089,0.35025668126226783
4cmqB_4zt0C,ShallowMsa_066,17,0.35313162092724976,0.3638418079096045,,,0.35313162092724976,0.3638418079096045
4cmqB_4zt0C,ShallowMsa_067,17,0.3373866218068658,0.3471164309031556,,,0.3373866218068658,0.3471164309031556
4cmqB_4zt0C,ShallowMsa_068,17,0.33011851432069783,0.32989690721649484,,,0.33011851432069783,0.32989690721649484
4cmqB_4zt0C,ShallowMsa_069,17,0.34178719604917474,0.3485576923076923,,,0.34178719604917474,0.3485576923076923
4cmqB_4zt0C,ShallowMsa_070,17,0.33262645398968205,0.33691756272401435,,,0.33262645398968205,0.33691756272401435
4cmqB_4zt0C,ShallowMsa_071,17,0.3266001596719631,0.3258845437616387,,,0.3266001596719631,0.3258845437616387
4cmqB_4zt0C,ShallowMsa_072,17,0.3276664236112833,0.3299161230195713,,,0.3276664236112833,0.3299161230195713
4cmqB_4zt0C,ShallowMsa_073,16,0.336386956575275,0.3320409584643199,,,0.336386956575275,0.3320409584643199
4cmqB_4zt0C,ShallowMsa_074,16,0.334229168168392,0.3361626902731296,,,0.334229168168392,0.3361626902731296
4cmqB_4zt0C,ShallowMsa_075,16,0.3515930613838095,0.32632992793709004,,,0.3515930613838095,0.32632992793709004
4cmqB_4zt0C,ShallowMsa_076,16,0.3360853208969582,0.3369090640460969,,,0.3360853208969582,0.3369090640460969
4cmqB_4zt0C,ShallowMsa_077,16,0.3228581220641624,0.31763468910823206,,,0.3228581220641624,0.31763468910823206
4cmqB_4zt0C,ShallowMsa_078,16,0.3204226838202825,0.3180867858693084,,,0.3204226838202825,0.3180867858693084
4cmqB_4zt0C,ShallowMsa_079,16,0.3213539696915654,0.3179929893043689,,,0.3213539696915654,0.3179929893043689
4cmqB_4zt0C,ShallowMsa_080,15,0.3259215357942132,0.3141025641025641,,,0.3259215357942132,0.3141025641025641
4cmqB_4zt0C,ShallowMsa_081,15,0.44507932710970977,0.4343891402714932,,,0.44507932710970977,0.4343891402714932
4cmqB_4zt0C,ShallowMsa_082,15,0.32779647086070784,0.3277623026926648,,,0.32779647086070784,0.3277623026926648
4cmqB_4zt0C,ShallowMsa_083,15,0.32900016583318814,0.33084808946877914,,,0.32900016583318814,0.33084808946877914
4cmqB_4zt0C,ShallowMsa_084,15,0.32523366170404544,0.3238938053097345,,,0.32523366170404544,0.3238938053097345
4cmqB_4zt0C,ShallowMsa_085,14,0.5445531953252185,0.5327358577665229,,,0.5445531953252185,0.5327358577665229
4cmqB_4zt0C,ShallowMsa_086,14,0.6289425933452214,0.6310167946593648,,,0.6289425933452214,0.6310167946593648
4cmqB_4zt0C,ShallowMsa_087,14,0.6278957046218983,0.627913133354594,,,0.6278957046218983,0.627913133354594
4cmqB_4zt0C,ShallowMsa_088,14,0.5150122378708331,0.5154549604949314,,,0.5150122378708331,0.5154549604949314
4cmqB_4zt0C,ShallowMsa_089,14,0.41231951829635094,0.41574828807096725,,,0.41231951829635094,0.41574828807096725
4cmqB_4zt0C,ShallowMsa_090,14,0.3214257042758123,0.32420508771565304,,,0.3214257042758123,0.32420508771565304
4cmqB_4zt0C,ShallowMsa_091,14,0.32855215785904174,0.32795635841809817,,,0.32855215785904174,0.32795635841809817
4cmqB_4zt0C,ShallowMsa_092,14,0.2948758438300073,0.29333949833905565,,,0.2948758438300073,0.29333949833905565
4cmqB_4zt0C,ShallowMsa_093,13,0.3180336726208105,0.3125,,,0.3180336726208105,0.3125
4cmqB_4zt0C,ShallowMsa_094,13,0.6345421542082172,0.6383169203222918,,,0.6345421542082172,0.6383169203222918
4cmqB_4zt0C,ShallowMsa_095,13,0.535207670515317,0.5311091073038774,,,0.535207670515317,0.5311091073038774
4cmqB_4zt0C,ShallowMsa_096,13,0.48600951747835214,0.4895287958115183,,,0.48600951747835214,0.4895287958115183
4cmqB_4zt0C,ShallowMsa_097,13,0.33426520973623663,0.3358070500927644,,,0.33426520973623663,0.3358070500927644
4cmqB_4zt0C,ShallowMsa_098,13,0.29993865114614454,0.29898804047838085,,,0.29993865114614454,0.29898804047838085
4cmqB_4zt0C,ShallowMsa_099,10,0.5150137377361104,0.5102416735143315,,,0.5150137377361104,0.5102416735143315
4dxrA_4dxtA,ShallowMsa_000,307,0.44924033803272695,0.4293193717277487,,,0.44924033803272695,0.4293193717277487
4dxrA_4dxtA,ShallowMsa_001,278,0.35643892442542097,0.3592233009708738,,,0.35643892442542097,0.3592233009708738
4dxrA_4dxtA,ShallowMsa_002,219,0.3545829210806165,0.3701657458563536,,,0.3545829210806165,0.3701657458563536
4dxrA_4dxtA,ShallowMsa_003,185,0.4061575778046887,0.40804597701149425,,,0.4061575778046887,0.40804597701149425
4dxrA_4dxtA,ShallowMsa_004,184,0.40519446752062294,0.4078579829461923,,,0.40519446752062294,0.4078579829461923
4dxrA_4dxtA,ShallowMsa_005,160,0.5882319638236109,0.6205128205128205,,,0.5882319638236109,0.6205128205128205
4dxrA_4dxtA,ShallowMsa_006,147,0.8156550895745361,0.921875,,,0.8156550895745361,0.921875
4dxrA_4dxtA,ShallowMsa_007,143,0.4627139134426246,0.4639175257731959,,,0.4627139134426246,0.4639175257731959
4dxrA_4dxtA,ShallowMsa_008,137,0.34744114318138736,0.35135135135135137,,,0.34744114318138736,0.35135135135135137
4dxrA_4dxtA,ShallowMsa_009,134,0.4140271950012388,0.3892137894644271,,,0.4140271950012388,0.3892137894644271
4dxrA_4dxtA,ShallowMsa_010,131,0.4588954702160713,0.47643979057591623,,,0.4588954702160713,0.47643979057591623
4dxrA_4dxtA,ShallowMsa_011,120,0.4309632900469167,0.42907444668008043,,,0.4309632900469167,0.42907444668008043
4dxrA_4dxtA,ShallowMsa_012,117,0.42084754799071655,0.42045454545454547,,,0.42084754799071655,0.42045454545454547
4dxrA_4dxtA,ShallowMsa_013,113,0.2934270710498639,0.2956989247311828,,,0.2934270710498639,0.2956989247311828
4dxrA_4dxtA,ShallowMsa_014,108,0.6267668399215651,0.6358974358974359,,,0.6267668399215651,0.6358974358974359
4dxrA_4dxtA,ShallowMsa_015,100,0.35021189860688473,0.35135135135135137,,,0.35021189860688473,0.35135135135135137
4dxrA_4dxtA,ShallowMsa_016,92,0.434091972503618,0.43619581528355844,,,0.434091972503618,0.43619581528355844
4dxrA_4dxtA,ShallowMsa_017,92,0.3086470535478772,0.30768422527318573,,,0.3086470535478772,0.30768422527318573
4dxrA_4dxtA,ShallowMsa_018,92,0.2947720243944856,0.29411764705882354,,,0.2947720243944856,0.29411764705882354
4dxrA_4dxtA,ShallowMsa_019,89,0.4446487856876849,0.45454545454545453,,,0.4446487856876849,0.45454545454545453
4dxrA_4dxtA,ShallowMsa_020,85,0.6461901778309339,0.7538461538461538,,,0.6461901778309339,0.7538461538461538
4dxrA_4dxtA,ShallowMsa_021,84,0.4342956895477555,0.44502617801047123,,,0.4342956895477555,0.44502617801047123
4dxrA_4dxtA,ShallowMsa_022,83,0.4641595083691145,0.4587628865979381,,,0.4641595083691145,0.4587628865979381
4dxrA_4dxtA,ShallowMsa_023,83,0.5582032419724346,0.5722543352601156,,,0.5582032419724346,0.5722543352601156
4dxrA_4dxtA,ShallowMsa_024,82,0.41795455116426944,0.40641711229946526,,,0.41795455116426944,0.40641711229946526
4dxrA_4dxtA,ShallowMsa_025,82,0.4032728928248658,0.4127789046653144,,,0.4032728928248658,0.4127789046653144
4dxrA_4dxtA,ShallowMsa_026,82,0.44274078056676824,0.45509943440977924,,,0.44274078056676824,0.45509943440977924
4dxrA_4dxtA,ShallowMsa_027,79,0.2923911083676385,0.28342245989304815,,,0.2923911083676385,0.28342245989304815
4dxrA_4dxtA,ShallowMsa_028,79,0.4103235322360071,0.4095744680851064,,,0.4103235322360071,0.4095744680851064
4dxrA_4dxtA,ShallowMsa_029,75,0.6533492414445033,0.6564102564102564,,,0.6533492414445033,0.6564102564102564
4dxrA_4dxtA,ShallowMsa_030,74,0.4263494198373685,0.45051949108862543,,,0.4263494198373685,0.45051949108862543
4dxrA_4dxtA,ShallowMsa_031,74,0.4709253718643296,0.4789915966386555,,,0.4709253718643296,0.4789915966386555
4dxrA_4dxtA,ShallowMsa_032,74,0.5323574460402231,0.5471428571428572,,,0.5323574460402231,0.5471428571428572
4dxrA_4dxtA,ShallowMsa_033,73,0.3309405468942498,0.31683168316831684,,,0.3309405468942498,0.31683168316831684
4dxrA_4dxtA,ShallowMsa_034,73,0.35999049400207256,0.3631578947368421,,,0.35999049400207256,0.3631578947368421
4dxrA_4dxtA,ShallowMsa_035,70,0.41422519033963684,0.41217605923488276,,,0.41422519033963684,0.41217605923488276
4dxrA_4dxtA,ShallowMsa_036,68,0.4503202765860514,0.45689655172413796,,,0.4503202765860514,0.45689655172413796
4dxrA_4dxtA,ShallowMsa_037,68,0.4146518788062076,0.3945945945945946,,,0.4146518788062076,0.3945945945945946
4dxrA_4dxtA,ShallowMsa_038,68,0.33816052838200655,0.3350877192982456,,,0.33816052838200655,0.3350877192982456
4dxrA_4dxtA,ShallowMsa_039,67,0.33289819736539056,0.3375,,,0.33289819736539056,0.3375
4dxrA_4dxtA,ShallowMsa_040,66,0.3877045213760818,0.367003367003367,,,0.3877045213760818,0.367003367003367
4dxrA_4dxtA,ShallowMsa_041,66,0.5747535451392005,0.588085266323024,,,0.5747535451392005,0.588085266323024
4dxrA_4dxtA,ShallowMsa_042,64,0.33046929793066326,0.32975848188614143,,,0.33046929793066326,0.32975848188614143
4dxrA_4dxtA,ShallowMsa_043,61,0.3280213997995913,0.3225806451612903,,,0.3280213997995913,0.3225806451612903
4dxrA_4dxtA,ShallowMsa_044,61,0.39748353960881766,0.3978494623655914,,,0.39748353960881766,0.3978494623655914
4dxrA_4dxtA,ShallowMsa_045,61,0.34659835048685866,0.35195530726256985,,,0.34659835048685866,0.35195530726256985
4dxrA_4dxtA,ShallowMsa_046,59,0.43303971605602376,0.45077720207253885,,,0.43303971605602376,0.45077720207253885
4dxrA_4dxtA,ShallowMsa_047,58,0.37128244706532404,0.37158469945355194,,,0.37128244706532404,0.37158469945355194
4dxrA_4dxtA,ShallowMsa_048,58,0.33646546750189504,0.3421074506109556,,,0.33646546750189504,0.3421074506109556
4dxrA_4dxtA,ShallowMsa_049,57,0.3240947090691781,0.3103448275862069,,,0.3240947090691781,0.3103448275862069
4dxrA_4dxtA,ShallowMsa_050,57,0.3876646770431216,0.39444444444444443,,,0.3876646770431216,0.39444444444444443
4dxrA_4dxtA,ShallowMsa_051,55,0.37741254418293174,0.3888888888888889,,,0.37741254418293174,0.3888888888888889
4dxrA_4dxtA,ShallowMsa_052,55,0.2855645309574673,0.28421052631578947,,,0.2855645309574673,0.28421052631578947
4dxrA_4dxtA,ShallowMsa_053,54,0.33453493214461605,0.3361611876988335,,,0.33453493214461605,0.3361611876988335
4dxrA_4dxtA,ShallowMsa_054,54,0.38237049942940465,0.38813800720846414,,,0.38237049942940465,0.38813800720846414
4dxrA_4dxtA,ShallowMsa_055,52,0.35882228453768433,0.36120960241804234,,,0.35882228453768433,0.36120960241804234
4dxrA_4dxtA,ShallowMsa_056,52,0.32846706904847106,0.32861453518233175,,,0.32846706904847106,0.32861453518233175
4dxrA_4dxtA,ShallowMsa_057,51,0.5751720855850126,0.5916230366492147,,,0.5751720855850126,0.5916230366492147
4dxrA_4dxtA,ShallowMsa_058,51,0.5292896378309444,0.5384615384615384,,,0.5292896378309444,0.5384615384615384
4dxrA_4dxtA,ShallowMsa_059,51,0.2992264678822386,0.3,,,0.2992264678822386,0.3
4dxrA_4dxtA,ShallowMsa_060,51,0.33156567950765375,0.32926829268292684,,,0.33156567950765375,0.32926829268292684
4dxrA_4dxtA,ShallowMsa_061,48,0.3664555945564263,0.3665003290195218,,,0.3664555945564263,0.3665003290195218
4dxrA_4dxtA,ShallowMsa_062,46,0.30132031163046064,0.2950365726227795,,,0.30132031163046064,0.2950365726227795
4dxrA_4dxtA,ShallowMsa_063,46,0.3314980818801122,0.321984649122807,,,0.3314980818801122,0.321984649122807
4dxrA_4dxtA,ShallowMsa_064,46,0.38375362041214894,0.3876973232669869,,,0.38375362041214894,0.3876973232669869
4dxrA_4dxtA,ShallowMsa_065,46,0.4447979904931759,0.44559585492227977,,,0.4447979904931759,0.44559585492227977
4dxrA_4dxtA,ShallowMsa_066,46,0.3449223386809285,0.3418281172379533,,,0.3449223386809285,0.3418281172379533
4dxrA_4dxtA,ShallowMsa_067,46,0.29722068028101534,0.2955193555286234,,,0.29722068028101534,0.2955193555286234
4dxrA_4dxtA,ShallowMsa_068,45,0.7324118316502255,0.7384615384615385,,,0.7324118316502255,0.7384615384615385
4dxrA_4dxtA,ShallowMsa_069,44,0.39855767167060685,0.3961172498465316,,,0.39855767167060685,0.3961172498465316
4dxrA_4dxtA,ShallowMsa_070,44,0.4777339001815983,0.47665732959850604,,,0.4777339001815983,0.47665732959850604
4dxrA_4dxtA,ShallowMsa_071,44,0.8181466547911934,0.9183673469387755,,,0.8181466547911934,0.9183673469387755
4dxrA_4dxtA,ShallowMsa_072,44,0.34223874573634583,0.35061443932411673,,,0.34223874573634583,0.35061443932411673
4dxrA_4dxtA,ShallowMsa_073,43,0.40610269510330843,0.40764331210191085,,,0.40610269510330843,0.40764331210191085
4dxrA_4dxtA,ShallowMsa_074,43,0.387650579647396,0.3901098901098901,,,0.387650579647396,0.3901098901098901
4dxrA_4dxtA,ShallowMsa_075,43,0.3741324005751604,0.3812154696132597,,,0.3741324005751604,0.3812154696132597
4dxrA_4dxtA,ShallowMsa_076,42,0.3322286023382695,0.3213675213675214,,,0.3322286023382695,0.3213675213675214
4dxrA_4dxtA,ShallowMsa_077,41,0.4069549931614924,0.4175257731958763,,,0.4069549931614924,0.4175257731958763
4dxrA_4dxtA,ShallowMsa_078,40,0.29215153485594414,0.29420765027322404,,,0.29215153485594414,0.29420765027322404
4dxrA_4dxtA,ShallowMsa_079,39,0.3258299263107757,0.3191489361702128,,,0.3258299263107757,0.3191489361702128
4dxrA_4dxtA,ShallowMsa_080,38,0.3660676047240723,0.366120218579235,,,0.3660676047240723,0.366120218579235
4dxrA_4dxtA,ShallowMsa_081,37,0.3669375463290751,0.375,,,0.3669375463290751,0.375
4dxrA_4dxtA,ShallowMsa_082,36,0.2758170881085134,0.2717391304347826,,,0.2758170881085134,0.2717391304347826
4dxrA_4dxtA,ShallowMsa_083,35,0.35983882346906815,0.36649214659685864,,,0.35983882346906815,0.36649214659685864
4dxrA_4dxtA,ShallowMsa_084,35,0.4537977319918019,0.3867403314917127,,,0.4537977319918019,0.3867403314917127
4dxrA_4dxtA,ShallowMsa_085,35,0.35119798533010255,0.3532608695652174,,,0.35119798533010255,0.3532608695652174
4dxrA_4dxtA,ShallowMsa_086,34,0.39774912626280656,0.41388888888888886,,,0.39774912626280656,0.41388888888888886
4dxrA_4dxtA,ShallowMsa_087,33,0.3702542214838965,0.3651685393258427,,,0.3702542214838965,0.3651685393258427
4dxrA_4dxtA,ShallowMsa_088,32,0.35275070390856866,0.3315018315018315,,,0.35275070390856866,0.3315018315018315
4dxrA_4dxtA,ShallowMsa_089,32,0.3308826548208044,0.3351063829787234,,,0.3308826548208044,0.3351063829787234
4dxrA_4dxtA,ShallowMsa_090,31,0.32749505357588327,0.3333333333333333,,,0.32749505357588327,0.3333333333333333
4dxrA_4dxtA,ShallowMsa_091,31,0.47675505328231493,0.47643979057591623,,,0.47675505328231493,0.47643979057591623
4dxrA_4dxtA,ShallowMsa_092,31,0.4643941898137381,0.46153846153846156,,,0.4643941898137381,0.46153846153846156
4dxrA_4dxtA,ShallowMsa_093,29,0.34610790695569366,0.3473684210526316,,,0.34610790695569366,0.3473684210526316
4dxrA_4dxtA,ShallowMsa_094,29,0.3391193245825209,0.32167832167832167,,,0.3391193245825209,0.32167832167832167
4dxrA_4dxtA,ShallowMsa_095,29,0.32324351948153074,0.31868131868131866,,,0.32324351948153074,0.31868131868131866
4dxrA_4dxtA,ShallowMsa_096,28,0.3245208006934665,0.32254621192397814,,,0.3245208006934665,0.32254621192397814
4dxrA_4dxtA,ShallowMsa_097,28,0.3671059174736387,0.3793228736581338,,,0.3671059174736387,0.3793228736581338
4dxrA_4dxtA,ShallowMsa_098,27,0.4104538491379537,0.3915343915343915,,,0.4104538491379537,0.3915343915343915
4dxrA_4dxtA,ShallowMsa_099,25,0.36220249971937724,0.3652694610778443,,,0.36220249971937724,0.3652694610778443
4g0dZ_4fu4C,ShallowMsa_000,9,0.823063973063973,0.8095238095238095,,,0.823063973063973,0.8095238095238095
4gqcB_4gqcC,ShallowMsa_000,1777,0.3217048934965604,0.3111111111111111,,,0.3217048934965604,0.3111111111111111
4gqcB_4gqcC,ShallowMsa_001,881,0.3464303943170222,0.3333333333333333,,,0.3464303943170222,0.3333333333333333
4gqcB_4gqcC,ShallowMsa_002,765,0.308186443984194,0.30201342281879195,,,0.308186443984194,0.30201342281879195
4gqcB_4gqcC,ShallowMsa_003,622,0.3307643421591795,0.31333333333333335,,,0.3307643421591795,0.31333333333333335
4gqcB_4gqcC,ShallowMsa_004,620,0.3249383214095811,0.3127125850340136,,,0.3249383214095811,0.3127125850340136
4gqcB_4gqcC,ShallowMsa_005,541,0.33161138628195214,0.3170731707317073,,,0.33161138628195214,0.3170731707317073
4gqcB_4gqcC,ShallowMsa_006,437,0.32089107710076903,0.30935251798561153,,,0.32089107710076903,0.30935251798561153
4gqcB_4gqcC,ShallowMsa_007,411,0.3484768829417432,0.3333333333333333,,,0.3484768829417432,0.3333333333333333
4gqcB_4gqcC,ShallowMsa_008,409,0.3370561879372732,0.3202614379084967,,,0.3370561879372732,0.3202614379084967
4gqcB_4gqcC,ShallowMsa_009,381,0.32507764871589784,0.3087248322147651,,,0.32507764871589784,0.3087248322147651
4gqcB_4gqcC,ShallowMsa_010,365,0.38192451906009595,0.3986013986013986,,,0.38192451906009595,0.3986013986013986
4gqcB_4gqcC,ShallowMsa_011,364,0.3223578989220975,0.31096096096096093,,,0.3223578989220975,0.31096096096096093
4gqcB_4gqcC,ShallowMsa_012,346,0.33775860196622076,0.32652777777777775,,,0.33775860196622076,0.32652777777777775
4gqcB_4gqcC,ShallowMsa_013,345,0.41855696020039546,0.42483660130718953,,,0.41855696020039546,0.42483660130718953
4gqcB_4gqcC,ShallowMsa_014,341,0.35165806238799435,0.3333333333333333,,,0.35165806238799435,0.3333333333333333
4gqcB_4gqcC,ShallowMsa_015,326,0.32383028965390037,0.3135294117647059,,,0.32383028965390037,0.3135294117647059
4gqcB_4gqcC,ShallowMsa_016,326,0.2740187685843603,0.2727272727272727,,,0.2740187685843603,0.2727272727272727
4gqcB_4gqcC,ShallowMsa_017,294,0.303266277143521,0.29527005433045705,,,0.303266277143521,0.29527005433045705
4gqcB_4gqcC,ShallowMsa_018,286,0.3431352792813662,0.3219178082191781,,,0.3431352792813662,0.3219178082191781
4gqcB_4gqcC,ShallowMsa_019,275,0.36225942963347163,0.3401360544217687,,,0.36225942963347163,0.3401360544217687
4gqcB_4gqcC,ShallowMsa_020,227,0.36091626838125984,0.3493150684931507,,,0.36091626838125984,0.3493150684931507
4gqcB_4gqcC,ShallowMsa_021,202,0.3740159244108598,0.3795424836601307,,,0.3740159244108598,0.3795424836601307
4gqcB_4gqcC,ShallowMsa_022,196,0.2982610477569467,0.296551724137931,,,0.2982610477569467,0.296551724137931
4gqcB_4gqcC,ShallowMsa_023,171,0.4530472381777395,0.4503311258278146,,,0.4530472381777395,0.4503311258278146
4gqcB_4gqcC,ShallowMsa_024,161,0.3182581182158751,0.31007751937984496,,,0.3182581182158751,0.31007751937984496
4gqcB_4gqcC,ShallowMsa_025,160,0.5253857347631415,0.5237329904639452,,,0.5253857347631415,0.5237329904639452
4gqcB_4gqcC,ShallowMsa_026,156,0.32884818394245924,0.31787469287469283,,,0.32884818394245924,0.31787469287469283
4gqcB_4gqcC,ShallowMsa_027,151,0.29831711006899947,0.296551724137931,,,0.29831711006899947,0.296551724137931
4gqcB_4gqcC,ShallowMsa_028,147,0.32469286510433776,0.3194444444444444,,,0.32469286510433776,0.3194444444444444
4gqcB_4gqcC,ShallowMsa_029,146,0.36614396990336023,0.3422818791946309,,,0.36614396990336023,0.3422818791946309
4gqcB_4gqcC,ShallowMsa_030,146,0.27683412706769633,0.2781456953642384,,,0.27683412706769633,0.2781456953642384
4gqcB_4gqcC,ShallowMsa_031,142,0.2919302829121282,0.2866899766899767,,,0.2919302829121282,0.2866899766899767
4gqcB_4gqcC,ShallowMsa_032,140,0.32476842910826687,0.31103454447825307,,,0.32476842910826687,0.31103454447825307
4gqcB_4gqcC,ShallowMsa_033,133,0.43444009158013175,0.4342105263157895,,,0.43444009158013175,0.4342105263157895
4gqcB_4gqcC,ShallowMsa_034,129,0.4228879675558415,0.423841059602649,,,0.4228879675558415,0.423841059602649
4gqcB_4gqcC,ShallowMsa_035,129,0.4372470733835672,0.44954128440366975,,,0.4372470733835672,0.44954128440366975
4gqcB_4gqcC,ShallowMsa_036,127,0.4143968847548043,0.4177215189873418,,,0.4143968847548043,0.4177215189873418
4gqcB_4gqcC,ShallowMsa_037,123,0.4512959574744181,0.45394736842105265,,,0.4512959574744181,0.45394736842105265
4gqcB_4gqcC,ShallowMsa_038,123,0.2867813936637987,0.27884615384615385,,,0.2867813936637987,0.27884615384615385
4gqcB_4gqcC,ShallowMsa_039,121,0.3385996064617126,0.32558139534883723,,,0.3385996064617126,0.32558139534883723
4gqcB_4gqcC,ShallowMsa_040,113,0.42486198151053417,0.42483660130718953,,,0.42486198151053417,0.42483660130718953
4gqcB_4gqcC,ShallowMsa_041,112,0.324061396747913,0.31142624052212303,,,0.324061396747913,0.31142624052212303
4gqcB_4gqcC,ShallowMsa_042,111,0.29735667409675304,0.29931972789115646,,,0.29735667409675304,0.29931972789115646
4gqcB_4gqcC,ShallowMsa_043,111,0.44878826641742253,0.45695364238410596,,,0.44878826641742253,0.45695364238410596
4gqcB_4gqcC,ShallowMsa_044,110,0.4635230695961729,0.4768211920529801,,,0.4635230695961729,0.4768211920529801
4gqcB_4gqcC,ShallowMsa_045,104,0.2924977641359815,0.2929251700680272,,,0.2924977641359815,0.2929251700680272
4gqcB_4gqcC,ShallowMsa_046,102,0.3971809093321835,0.4051460246545876,,,0.3971809093321835,0.4051460246545876
4gqcB_4gqcC,ShallowMsa_047,101,0.4308509337599029,0.42857142857142855,,,0.4308509337599029,0.42857142857142855
4gqcB_4gqcC,ShallowMsa_048,99,0.3089587792208397,0.30864197530864196,,,0.3089587792208397,0.30864197530864196
4gqcB_4gqcC,ShallowMsa_049,99,0.33386774835975813,0.3288590604026846,,,0.33386774835975813,0.3288590604026846
4gqcB_4gqcC,ShallowMsa_050,99,0.41133138701352207,0.423728813559322,,,0.41133138701352207,0.423728813559322
4gqcB_4gqcC,ShallowMsa_051,99,0.2651906755203825,0.26490066225165565,,,0.2651906755203825,0.26490066225165565
4gqcB_4gqcC,ShallowMsa_052,97,0.2828174053559733,0.27956989247311825,,,0.2828174053559733,0.27956989247311825
4gqcB_4gqcC,ShallowMsa_053,95,0.43516725227070097,0.44516129032258067,,,0.43516725227070097,0.44516129032258067
4gqcB_4gqcC,ShallowMsa_054,94,0.3071420402162178,0.30381325730577335,,,0.3071420402162178,0.30381325730577335
4gqcB_4gqcC,ShallowMsa_055,87,0.3937010542779226,0.42,,,0.3937010542779226,0.42
4gqcB_4gqcC,ShallowMsa_056,84,0.29372778962222756,0.2925170068027211,,,0.29372778962222756,0.2925170068027211
4gqcB_4gqcC,ShallowMsa_057,84,0.4179164711151604,0.41764197366671096,,,0.4179164711151604,0.41764197366671096
4gqcB_4gqcC,ShallowMsa_058,83,0.26147429691521507,0.26143790849673204,,,0.26147429691521507,0.26143790849673204
4gqcB_4gqcC,ShallowMsa_059,80,0.43610371945725,0.4385488429606077,,,0.43610371945725,0.4385488429606077
4gqcB_4gqcC,ShallowMsa_060,78,0.2959993833077455,0.29698822463768115,,,0.2959993833077455,0.29698822463768115
4gqcB_4gqcC,ShallowMsa_061,77,0.41435549037688013,0.42574257425742573,,,0.41435549037688013,0.42574257425742573
4gqcB_4gqcC,ShallowMsa_062,75,0.38500708414870327,0.41379310344827586,,,0.38500708414870327,0.41379310344827586
4gqcB_4gqcC,ShallowMsa_063,69,0.3034395749522653,0.2980132450331126,,,0.3034395749522653,0.2980132450331126
4gqcB_4gqcC,ShallowMsa_064,69,0.4389085260294287,0.44,,,0.4389085260294287,0.44
4gqcB_4gqcC,ShallowMsa_065,67,0.32723993963184006,0.3219178082191781,,,0.32723993963184006,0.3219178082191781
4gqcB_4gqcC,ShallowMsa_066,66,0.2920331443983196,0.28927027027027025,,,0.2920331443983196,0.28927027027027025
4gqcB_4gqcC,ShallowMsa_067,64,0.40210434629989045,0.4182616736014794,,,0.40210434629989045,0.4182616736014794
4gqcB_4gqcC,ShallowMsa_068,63,0.2978140098430895,0.2781456953642384,,,0.2978140098430895,0.2781456953642384
4gqcB_4gqcC,ShallowMsa_069,63,0.3169566913295418,0.3028169014084507,,,0.3169566913295418,0.3028169014084507
4gqcB_4gqcC,ShallowMsa_070,63,0.2975377987438181,0.296551724137931,,,0.2975377987438181,0.296551724137931
4gqcB_4gqcC,ShallowMsa_071,62,0.34328802320893553,0.3333333333333333,,,0.34328802320893553,0.3333333333333333
4gqcB_4gqcC,ShallowMsa_072,61,0.3111053765715583,0.3108108108108108,,,0.3111053765715583,0.3108108108108108
4gqcB_4gqcC,ShallowMsa_073,58,0.2738991345399152,0.2706589147286822,,,0.2738991345399152,0.2706589147286822
4gqcB_4gqcC,ShallowMsa_074,58,0.3022933743208534,0.3013157894736842,,,0.3022933743208534,0.3013157894736842
4gqcB_4gqcC,ShallowMsa_075,56,0.3890622191814202,0.4125992063492063,,,0.3890622191814202,0.4125992063492063
4gqcB_4gqcC,ShallowMsa_076,55,0.4567962463891755,0.4605263157894737,,,0.4567962463891755,0.4605263157894737
4gqcB_4gqcC,ShallowMsa_077,53,0.33048575936469177,0.3246753246753247,,,0.33048575936469177,0.3246753246753247
4gqcB_4gqcC,ShallowMsa_078,53,0.27320282706052457,0.2717391304347826,,,0.27320282706052457,0.2717391304347826
4gqcB_4gqcC,ShallowMsa_079,52,0.3070226236425716,0.304,,,0.3070226236425716,0.304
4gqcB_4gqcC,ShallowMsa_080,50,0.30031744140370714,0.29931972789115646,,,0.30031744140370714,0.29931972789115646
4gqcB_4gqcC,ShallowMsa_081,50,0.3036679269023495,0.2937254901960784,,,0.3036679269023495,0.2937254901960784
4gqcB_4gqcC,ShallowMsa_082,48,0.30837048471184486,0.302158273381295,,,0.30837048471184486,0.302158273381295
4gqcB_4gqcC,ShallowMsa_083,46,0.2927643044872024,0.2896925403225806,,,0.2927643044872024,0.2896925403225806
4gqcB_4gqcC,ShallowMsa_084,45,0.3767388944030086,0.4025974025974026,,,0.3767388944030086,0.4025974025974026
4gqcB_4gqcC,ShallowMsa_085,44,0.31482090958178666,0.30847200514847845,,,0.31482090958178666,0.30847200514847845
4gqcB_4gqcC,ShallowMsa_086,44,0.3061746970222012,0.30348970251716245,,,0.3061746970222012,0.30348970251716245
4gqcB_4gqcC,ShallowMsa_087,43,0.28893987339045385,0.2866666666666667,,,0.28893987339045385,0.2866666666666667
4gqcB_4gqcC,ShallowMsa_088,43,0.29166292768808305,0.2857142857142857,,,0.29166292768808305,0.2857142857142857
4gqcB_4gqcC,ShallowMsa_089,42,0.29476897348847186,0.28932989690721644,,,0.29476897348847186,0.28932989690721644
4gqcB_4gqcC,ShallowMsa_090,39,0.3237023083485507,0.3202614379084967,,,0.3237023083485507,0.3202614379084967
4gqcB_4gqcC,ShallowMsa_091,38,0.30549741532040486,0.30953484062268344,,,0.30549741532040486,0.30953484062268344
4gqcB_4gqcC,ShallowMsa_092,33,0.3036249394591621,0.3006993006993007,,,0.3036249394591621,0.3006993006993007
4gqcB_4gqcC,ShallowMsa_093,32,0.35667358688182005,0.33783783783783783,,,0.35667358688182005,0.33783783783783783
4gqcB_4gqcC,ShallowMsa_094,32,0.3000630643966314,0.2972972972972973,,,0.3000630643966314,0.2972972972972973
4gqcB_4gqcC,ShallowMsa_095,27,0.34148692570976696,0.31756756756756754,,,0.34148692570976696,0.31756756756756754
4gqcB_4gqcC,ShallowMsa_096,27,0.3240622674484811,0.3116883116883117,,,0.3240622674484811,0.3116883116883117
4gqcB_4gqcC,ShallowMsa_097,25,0.3208007477985856,0.30666666666666664,,,0.3208007477985856,0.30666666666666664
4gqcB_4gqcC,ShallowMsa_098,21,0.3209489189589216,0.31654676258992803,,,0.3209489189589216,0.31654676258992803
4gqcB_4gqcC,ShallowMsa_099,19,0.3122209393148067,0.304635761589404,,,0.3122209393148067,0.304635761589404
4h2aA_3j9cA,ShallowMsa_000,21,0.4992599393515711,0.4230769230769231,,,0.4992599393515711,0.4230769230769231
4h2aA_3j9cA,ShallowMsa_001,17,0.5684143022562181,0.5510204081632653,,,0.5684143022562181,0.5510204081632653
4h2aA_3j9cA,ShallowMsa_002,15,0.49745109237568125,0.4963768115942029,,,0.49745109237568125,0.4963768115942029
4h2aA_3j9cA,ShallowMsa_003,15,0.3721934626888359,0.3678474114441417,,,0.3721934626888359,0.3678474114441417
4h2aA_3j9cA,ShallowMsa_004,14,0.47160255768452164,0.4974991325820217,,,0.47160255768452164,0.4974991325820217
4h2aA_3j9cA,ShallowMsa_005,14,0.3531888431008296,0.353242389896373,,,0.3531888431008296,0.353242389896373
4h2aA_3j9cA,ShallowMsa_006,14,0.3655253270911597,0.36434971416007034,,,0.3655253270911597,0.36434971416007034
4h2aA_3j9cA,ShallowMsa_007,13,0.3365083372270667,0.33393501805054154,,,0.3365083372270667,0.33393501805054154
4h2aA_3j9cA,ShallowMsa_008,13,0.6685043586338184,0.5417721518987342,,,0.6685043586338184,0.5417721518987342
4h2aA_3j9cA,ShallowMsa_009,13,0.37836517280588616,0.3783068783068783,,,0.37836517280588616,0.3783068783068783
4h2aA_3j9cA,ShallowMsa_010,13,0.3858211615733128,0.31210191082802546,,,0.3858211615733128,0.31210191082802546
4h2aA_3j9cA,ShallowMsa_011,12,0.5256928335892236,0.525424295494348,,,0.5256928335892236,0.525424295494348
4h2aA_3j9cA,ShallowMsa_012,12,0.48558410247495293,0.5022851919561243,,,0.48558410247495293,0.5022851919561243
4h2aA_3j9cA,ShallowMsa_013,12,0.33617658046911475,0.32879908048664075,,,0.33617658046911475,0.32879908048664075
4h2aA_3j9cA,ShallowMsa_014,12,0.36753271246627867,0.3667573001873601,,,0.36753271246627867,0.3667573001873601
4h2aA_3j9cA,ShallowMsa_015,12,0.3880847073210287,0.391644908616188,,,0.3880847073210287,0.391644908616188
4h2aA_3j9cA,ShallowMsa_016,12,0.4075634591600584,0.40897097625329815,,,0.4075634591600584,0.40897097625329815
4h2aA_3j9cA,ShallowMsa_017,12,0.39178400988618467,0.3870056497175141,,,0.39178400988618467,0.3870056497175141
4h2aA_3j9cA,ShallowMsa_018,11,0.4250797699242445,0.39492753623188404,,,0.4250797699242445,0.39492753623188404
4h2aA_3j9cA,ShallowMsa_019,11,0.33551596871764,0.3357271095152603,,,0.33551596871764,0.3357271095152603
4h2aA_3j9cA,ShallowMsa_020,11,0.34450426507731996,0.3370577281191806,,,0.34450426507731996,0.3370577281191806
4h2aA_3j9cA,ShallowMsa_021,11,0.3593593651055133,0.35571687840290384,,,0.3593593651055133,0.35571687840290384
4h2aA_3j9cA,ShallowMsa_022,11,0.3338548966574775,0.3302752293577982,,,0.3338548966574775,0.3302752293577982
4h2aA_3j9cA,ShallowMsa_023,11,0.33029190286602544,0.3314917127071823,,,0.33029190286602544,0.3314917127071823
4h2aA_3j9cA,ShallowMsa_024,11,0.3788556979043509,0.3804347826086957,,,0.3788556979043509,0.3804347826086957
4h2aA_3j9cA,ShallowMsa_025,11,0.4131127832627104,0.41688654353562005,,,0.4131127832627104,0.41688654353562005
4h2aA_3j9cA,ShallowMsa_026,11,0.36377971697724915,0.3687002652519894,,,0.36377971697724915,0.3687002652519894
4h2aA_3j9cA,ShallowMsa_027,11,0.44053922821787433,0.4403183023872679,,,0.44053922821787433,0.4403183023872679
4h2aA_3j9cA,ShallowMsa_028,11,0.42303992303992305,0.42328042328042326,,,0.42303992303992305,0.42328042328042326
4h2aA_3j9cA,ShallowMsa_029,11,0.3704916252736652,0.37777777777777777,,,0.3704916252736652,0.37777777777777777
4h2aA_3j9cA,ShallowMsa_030,11,0.3052856557592298,0.30606860158311344,,,0.3052856557592298,0.30606860158311344
4h2aA_3j9cA,ShallowMsa_031,11,0.32601672751159394,0.31521739130434784,,,0.32601672751159394,0.31521739130434784
4h2aA_3j9cA,ShallowMsa_032,10,0.3313857434774774,0.3285728568986592,,,0.3313857434774774,0.3285728568986592
4h2aA_3j9cA,ShallowMsa_033,10,0.3492209604663224,0.35084217751729235,,,0.3492209604663224,0.35084217751729235
4h2aA_3j9cA,ShallowMsa_034,10,0.36238867775263756,0.3601139115309846,,,0.36238867775263756,0.3601139115309846
4h2aA_3j9cA,ShallowMsa_035,10,0.38886415323778845,0.38962037656561743,,,0.38886415323778845,0.38962037656561743
4h2aA_3j9cA,ShallowMsa_036,10,0.3744950341452355,0.38273195876288657,,,0.3744950341452355,0.38273195876288657
4h2aA_3j9cA,ShallowMsa_037,10,0.383532385189081,0.38482384823848237,,,0.383532385189081,0.38482384823848237
4h2aA_3j9cA,ShallowMsa_038,10,0.5425574867588411,0.5430382505255602,,,0.5425574867588411,0.5430382505255602
4h2aA_3j9cA,ShallowMsa_039,10,0.5231975449814174,0.5241730279898218,,,0.5231975449814174,0.5241730279898218
4h2aA_3j9cA,ShallowMsa_040,10,0.40361857697803527,0.4041666666666667,,,0.40361857697803527,0.4041666666666667
4h2aA_3j9cA,ShallowMsa_041,10,0.42138499618190367,0.42064041994750656,,,0.42138499618190367,0.42064041994750656
4h2aA_3j9cA,ShallowMsa_042,10,0.4026297163942722,0.4069677419354839,,,0.4026297163942722,0.4069677419354839
4h2aA_3j9cA,ShallowMsa_043,10,0.3782724695511011,0.378119401741449,,,0.3782724695511011,0.378119401741449
4h2aA_3j9cA,ShallowMsa_044,10,0.29929190726967325,0.2987284801561074,,,0.29929190726967325,0.2987284801561074
4h2aA_3j9cA,ShallowMsa_045,10,0.3242748905334234,0.32159239024931363,,,0.3242748905334234,0.32159239024931363
4h2aA_3j9cA,ShallowMsa_046,10,0.34409145592984297,0.33165150695135504,,,0.34409145592984297,0.33165150695135504
4h2aA_3j9cA,ShallowMsa_047,9,0.39833603229144005,0.41739130434782606,,,0.39833603229144005,0.41739130434782606
4h2aA_3j9cA,ShallowMsa_048,9,0.3259400632601184,0.3257443082311734,,,0.3259400632601184,0.3257443082311734
4h2aA_3j9cA,ShallowMsa_049,9,0.3552529292568881,0.35587188612099646,,,0.3552529292568881,0.35587188612099646
4h2aA_3j9cA,ShallowMsa_050,9,0.32962370097409993,0.3333333333333333,,,0.32962370097409993,0.3333333333333333
4h2aA_3j9cA,ShallowMsa_051,9,0.403964861742935,0.4018181818181818,,,0.403964861742935,0.4018181818181818
4h2aA_3j9cA,ShallowMsa_052,9,0.35829517456237014,0.3532608695652174,,,0.35829517456237014,0.3532608695652174
4h2aA_3j9cA,ShallowMsa_053,9,0.35310425956811065,0.3552397868561279,,,0.35310425956811065,0.3552397868561279
4h2aA_3j9cA,ShallowMsa_054,9,0.34189117445820555,0.34386617100371747,,,0.34189117445820555,0.34386617100371747
4h2aA_3j9cA,ShallowMsa_055,9,0.329592349094593,0.32892249527410206,,,0.329592349094593,0.32892249527410206
4h2aA_3j9cA,ShallowMsa_056,9,0.38278114868160795,0.3794037940379404,,,0.38278114868160795,0.3794037940379404
4h2aA_3j9cA,ShallowMsa_057,9,0.3628669462196471,0.3670212765957447,,,0.3628669462196471,0.3670212765957447
4h2aA_3j9cA,ShallowMsa_058,9,0.4184250017432902,0.4162303664921466,,,0.4184250017432902,0.4162303664921466
4h2aA_3j9cA,ShallowMsa_059,9,0.327678435739237,0.3232876712328767,,,0.327678435739237,0.3232876712328767
4n9wA_4nc9C,ShallowMsa_000,815,0.3321979753309644,0.3319327731092437,,,0.3321979753309644,0.3319327731092437
4n9wA_4nc9C,ShallowMsa_001,545,0.34634221831614354,0.33668341708542715,,,0.34634221831614354,0.33668341708542715
4n9wA_4nc9C,ShallowMsa_002,525,0.3223807700817761,0.3178294573643411,,,0.3223807700817761,0.3178294573643411
4n9wA_4nc9C,ShallowMsa_003,484,0.4042534720591166,0.38204058938003893,,,0.4042534720591166,0.38204058938003893
4n9wA_4nc9C,ShallowMsa_004,415,0.4959509712974064,0.5015105740181269,,,0.4959509712974064,0.5015105740181269
4n9wA_4nc9C,ShallowMsa_005,411,0.6264988132055075,0.6793478260869565,,,0.6264988132055075,0.6793478260869565
4n9wA_4nc9C,ShallowMsa_006,363,0.3173139026344814,0.3157894736842105,,,0.3173139026344814,0.3157894736842105
4n9wA_4nc9C,ShallowMsa_007,314,0.3351008629100878,0.32602295259268166,,,0.3351008629100878,0.32602295259268166
4n9wA_4nc9C,ShallowMsa_008,312,0.3198841518814364,0.31999886380851383,,,0.3198841518814364,0.31999886380851383
4n9wA_4nc9C,ShallowMsa_009,308,0.46568907064266557,0.48145175161974657,,,0.46568907064266557,0.48145175161974657
4n9wA_4nc9C,ShallowMsa_010,290,0.3093600906118174,0.30801282051282053,,,0.3093600906118174,0.30801282051282053
4n9wA_4nc9C,ShallowMsa_011,281,0.3419750918687018,0.3352272727272727,,,0.3419750918687018,0.3352272727272727
4n9wA_4nc9C,ShallowMsa_012,251,0.3164029744975211,0.31333333333333335,,,0.3164029744975211,0.31333333333333335
4n9wA_4nc9C,ShallowMsa_013,250,0.3157012278667405,0.3125,,,0.3157012278667405,0.3125
4n9wA_4nc9C,ShallowMsa_014,246,0.3278492856125864,0.3235246389354681,,,0.3278492856125864,0.3235246389354681
4n9wA_4nc9C,ShallowMsa_015,239,0.31246782454035293,0.30833333333333335,,,0.31246782454035293,0.30833333333333335
4n9wA_4nc9C,ShallowMsa_016,236,0.31886811640838597,0.3177081698628417,,,0.31886811640838597,0.3177081698628417
4n9wA_4nc9C,ShallowMsa_017,234,0.3193581131111353,0.3156286721504113,,,0.3193581131111353,0.3156286721504113
4n9wA_4nc9C,ShallowMsa_018,230,0.4927243723470268,0.49698795180722893,,,0.4927243723470268,0.49698795180722893
4n9wA_4nc9C,ShallowMsa_019,229,0.5253887745454182,0.5305466237942122,,,0.5253887745454182,0.5305466237942122
4n9wA_4nc9C,ShallowMsa_020,217,0.3254296625435342,0.32653061224489793,,,0.3254296625435342,0.32653061224489793
4n9wA_4nc9C,ShallowMsa_021,217,0.3666060217737209,0.3681159420289855,,,0.3666060217737209,0.3681159420289855
4n9wA_4nc9C,ShallowMsa_022,190,0.33860768617463777,0.34040246683583336,,,0.33860768617463777,0.34040246683583336
4n9wA_4nc9C,ShallowMsa_023,180,0.5538221404938778,0.5607174968530839,,,0.5538221404938778,0.5607174968530839
4n9wA_4nc9C,ShallowMsa_024,179,0.37057499847983805,0.37175792507204614,,,0.37057499847983805,0.37175792507204614
4n9wA_4nc9C,ShallowMsa_025,173,0.5166689770241873,0.5327635327635327,,,0.5166689770241873,0.5327635327635327
4n9wA_4nc9C,ShallowMsa_026,166,0.35677299773625587,0.35320774835614005,,,0.35677299773625587,0.35320774835614005
4n9wA_4nc9C,ShallowMsa_027,165,0.4337599742566682,0.4308300395256917,,,0.4337599742566682,0.4308300395256917
4n9wA_4nc9C,ShallowMsa_028,164,0.3392536045297944,0.3386461772923546,,,0.3392536045297944,0.3386461772923546
4n9wA_4nc9C,ShallowMsa_029,163,0.5146641799623994,0.5224719101123596,,,0.5146641799623994,0.5224719101123596
4n9wA_4nc9C,ShallowMsa_030,161,0.3168364550433921,0.3170731707317073,,,0.3168364550433921,0.3170731707317073
4n9wA_4nc9C,ShallowMsa_031,149,0.5304282223206905,0.5421348314606742,,,0.5304282223206905,0.5421348314606742
4n9wA_4nc9C,ShallowMsa_032,147,0.31141309213811325,0.308868501529052,,,0.31141309213811325,0.308868501529052
4n9wA_4nc9C,ShallowMsa_033,145,0.34723561658570656,0.3467048710601719,,,0.34723561658570656,0.3467048710601719
4n9wA_4nc9C,ShallowMsa_034,140,0.4786316682155612,0.48328020328020327,,,0.4786316682155612,0.48328020328020327
4n9wA_4nc9C,ShallowMsa_035,136,0.5958593921438232,0.598027980709545,,,0.5958593921438232,0.598027980709545
4n9wA_4nc9C,ShallowMsa_036,136,0.31512235819906614,0.31338885641924796,,,0.31512235819906614,0.31338885641924796
4n9wA_4nc9C,ShallowMsa_037,134,0.32681598102805265,0.3285909723796263,,,0.32681598102805265,0.3285909723796263
4n9wA_4nc9C,ShallowMsa_038,132,0.3438707952930178,0.34809299895506796,,,0.3438707952930178,0.34809299895506796
4n9wA_4nc9C,ShallowMsa_039,129,0.32878032329149653,0.3254437869822485,,,0.32878032329149653,0.3254437869822485
4n9wA_4nc9C,ShallowMsa_040,127,0.48596993276042405,0.4804804804804805,,,0.48596993276042405,0.4804804804804805
4n9wA_4nc9C,ShallowMsa_041,127,0.35169544935429997,0.35240963855421686,,,0.35169544935429997,0.35240963855421686
4n9wA_4nc9C,ShallowMsa_042,125,0.5065197690668274,0.5070422535211268,,,0.5065197690668274,0.5070422535211268
4n9wA_4nc9C,ShallowMsa_043,124,0.3438297284820948,0.3419486866783078,,,0.3438297284820948,0.3419486866783078
4n9wA_4nc9C,ShallowMsa_044,120,0.4102903153994951,0.4131673881673882,,,0.4102903153994951,0.4131673881673882
4n9wA_4nc9C,ShallowMsa_045,119,0.3242653977825847,0.3255131964809384,,,0.3242653977825847,0.3255131964809384
4n9wA_4nc9C,ShallowMsa_046,118,0.36893176036599373,0.37037037037037035,,,0.36893176036599373,0.37037037037037035
4n9wA_4nc9C,ShallowMsa_047,118,0.32088392761477585,0.32023648075945077,,,0.32088392761477585,0.32023648075945077
4n9wA_4nc9C,ShallowMsa_048,114,0.38988238533819225,0.3907869142351901,,,0.38988238533819225,0.3907869142351901
4n9wA_4nc9C,ShallowMsa_049,113,0.3508713963131877,0.3507246376811594,,,0.3508713963131877,0.3507246376811594
4n9wA_4nc9C,ShallowMsa_050,111,0.514821011579013,0.518840579710145,,,0.514821011579013,0.518840579710145
4n9wA_4nc9C,ShallowMsa_051,107,0.3654882292847788,0.36615384615384616,,,0.3654882292847788,0.36615384615384616
4n9wA_4nc9C,ShallowMsa_052,102,0.4663017522485879,0.47114279592512515,,,0.4663017522485879,0.47114279592512515
4n9wA_4nc9C,ShallowMsa_053,99,0.31529952715604564,0.3155737704918033,,,0.31529952715604564,0.3155737704918033
4n9wA_4nc9C,ShallowMsa_054,97,0.36198025339809625,0.3641456582633053,,,0.36198025339809625,0.3641456582633053
4n9wA_4nc9C,ShallowMsa_055,94,0.6265214189139284,0.6685388845247446,,,0.6265214189139284,0.6685388845247446
4n9wA_4nc9C,ShallowMsa_056,94,0.34216794682119384,0.34444152802455175,,,0.34216794682119384,0.34444152802455175
4n9wA_4nc9C,ShallowMsa_057,92,0.34368443521700337,0.34356685060150116,,,0.34368443521700337,0.34356685060150116
4n9wA_4nc9C,ShallowMsa_058,88,0.3210366152719988,0.3221371697092882,,,0.3210366152719988,0.3221371697092882
4n9wA_4nc9C,ShallowMsa_059,88,0.3434736714098705,0.3436627094972067,,,0.3434736714098705,0.3436627094972067
4n9wA_4nc9C,ShallowMsa_060,87,0.38168624693226844,0.37872340425531914,,,0.38168624693226844,0.37872340425531914
4n9wA_4nc9C,ShallowMsa_061,86,0.307961756856496,0.308499662005906,,,0.307961756856496,0.308499662005906
4n9wA_4nc9C,ShallowMsa_062,85,0.32844702107033763,0.3192771084337349,,,0.32844702107033763,0.3192771084337349
4n9wA_4nc9C,ShallowMsa_063,85,0.35764069338952764,0.36363636363636365,,,0.35764069338952764,0.36363636363636365
4n9wA_4nc9C,ShallowMsa_064,83,0.35853877198422823,0.35843373493975905,,,0.35853877198422823,0.35843373493975905
4n9wA_4nc9C,ShallowMsa_065,82,0.3175594227676371,0.3187747940189197,,,0.3175594227676371,0.3187747940189197
4n9wA_4nc9C,ShallowMsa_066,80,0.33545661064512894,0.325121359223301,,,0.33545661064512894,0.325121359223301
4n9wA_4nc9C,ShallowMsa_067,79,0.3449894615511591,0.3434650455927052,,,0.3449894615511591,0.3434650455927052
4n9wA_4nc9C,ShallowMsa_068,75,0.31506552021390766,0.3103448275862069,,,0.31506552021390766,0.3103448275862069
4n9wA_4nc9C,ShallowMsa_069,73,0.42981746969471446,0.4434782608695652,,,0.42981746969471446,0.4434782608695652
4n9wA_4nc9C,ShallowMsa_070,73,0.3437699379133669,0.3467048710601719,,,0.3437699379133669,0.3467048710601719
4n9wA_4nc9C,ShallowMsa_071,71,0.34966949048821555,0.3475609756097561,,,0.34966949048821555,0.3475609756097561
4n9wA_4nc9C,ShallowMsa_072,71,0.6336040736097416,0.6462395543175488,,,0.6336040736097416,0.6462395543175488
4n9wA_4nc9C,ShallowMsa_073,70,0.3432113160156861,0.3395061728395062,,,0.3432113160156861,0.3395061728395062
4n9wA_4nc9C,ShallowMsa_074,70,0.34186691449372264,0.33571708463949845,,,0.34186691449372264,0.33571708463949845
4n9wA_4nc9C,ShallowMsa_075,69,0.3295828471504761,0.3157894736842105,,,0.3295828471504761,0.3157894736842105
4n9wA_4nc9C,ShallowMsa_076,68,0.350407842976847,0.3496213957999179,,,0.350407842976847,0.3496213957999179
4n9wA_4nc9C,ShallowMsa_077,66,0.36972314351638996,0.37427220574027686,,,0.36972314351638996,0.37427220574027686
4n9wA_4nc9C,ShallowMsa_078,66,0.31959570985625047,0.31794429708222816,,,0.31959570985625047,0.31794429708222816
4n9wA_4nc9C,ShallowMsa_079,64,0.3687957360166573,0.3681282276137582,,,0.3687957360166573,0.3681282276137582
4n9wA_4nc9C,ShallowMsa_080,63,0.3058413638133673,0.30327868852459017,,,0.3058413638133673,0.30327868852459017
4n9wA_4nc9C,ShallowMsa_081,63,0.31449722861669055,0.3130434782608696,,,0.31449722861669055,0.3130434782608696
4n9wA_4nc9C,ShallowMsa_082,62,0.48740915095532306,0.48493975903614456,,,0.48740915095532306,0.48493975903614456
4n9wA_4nc9C,ShallowMsa_083,61,0.3231281394873106,0.3151862464183381,,,0.3231281394873106,0.3151862464183381
4n9wA_4nc9C,ShallowMsa_084,60,0.3202886453464461,0.32,,,0.3202886453464461,0.32
4n9wA_4nc9C,ShallowMsa_085,59,0.3031134990056286,0.30303030303030304,,,0.3031134990056286,0.30303030303030304
4n9wA_4nc9C,ShallowMsa_086,57,0.3354782210953496,0.32105263157894737,,,0.3354782210953496,0.32105263157894737
4n9wA_4nc9C,ShallowMsa_087,54,0.3180205426994609,0.3107619047619048,,,0.3180205426994609,0.3107619047619048
4n9wA_4nc9C,ShallowMsa_088,53,0.31297334392359694,0.3081761006289308,,,0.31297334392359694,0.3081761006289308
4n9wA_4nc9C,ShallowMsa_089,50,0.30080402491843644,0.29695373339441133,,,0.30080402491843644,0.29695373339441133
4n9wA_4nc9C,ShallowMsa_090,50,0.29660467230663323,0.300001680375732,,,0.29660467230663323,0.300001680375732
4n9wA_4nc9C,ShallowMsa_091,47,0.49102891514158936,0.4875,,,0.49102891514158936,0.4875
4n9wA_4nc9C,ShallowMsa_092,47,0.31957784908658105,0.32087227414330216,,,0.31957784908658105,0.32087227414330216
4n9wA_4nc9C,ShallowMsa_093,47,0.34067804016862624,0.32167832167832167,,,0.34067804016862624,0.32167832167832167
4n9wA_4nc9C,ShallowMsa_094,40,0.33435304290133144,0.32797220792588777,,,0.33435304290133144,0.32797220792588777
4n9wA_4nc9C,ShallowMsa_095,39,0.3535433528454023,0.3595505617977528,,,0.3535433528454023,0.3595505617977528
4n9wA_4nc9C,ShallowMsa_096,38,0.319152185607658,0.32005665722379606,,,0.319152185607658,0.32005665722379606
4n9wA_4nc9C,ShallowMsa_097,37,0.3193410537659874,0.3118279569892473,,,0.3193410537659874,0.3118279569892473
4n9wA_4nc9C,ShallowMsa_098,35,0.3340132050803993,0.3212121212121212,,,0.3340132050803993,0.3212121212121212
4n9wA_4nc9C,ShallowMsa_099,35,0.3699058871823352,0.3656716417910448,,,0.3699058871823352,0.3656716417910448
4o01D_4o0pA,ShallowMsa_000,1813,0.3412592850067469,0.3399122807017544,,,0.3412592850067469,0.3399122807017544
4o01D_4o0pA,ShallowMsa_001,1335,0.3312785330717184,0.33189655172413796,,,0.3312785330717184,0.33189655172413796
4o01D_4o0pA,ShallowMsa_002,754,0.3484021160962891,0.34497866558604084,,,0.3484021160962891,0.34497866558604084
4o01D_4o0pA,ShallowMsa_003,359,0.29758467632704444,0.2934131736526946,,,0.29758467632704444,0.2934131736526946
4o01D_4o0pA,ShallowMsa_004,349,0.3432484663046985,0.3436293436293436,,,0.3432484663046985,0.3436293436293436
4o01D_4o0pA,ShallowMsa_005,299,0.3435962477424059,0.34328358208955223,,,0.3435962477424059,0.34328358208955223
4o01D_4o0pA,ShallowMsa_006,283,0.36177847414500064,0.36129032258064514,,,0.36177847414500064,0.36129032258064514
4o01D_4o0pA,ShallowMsa_007,281,0.3323318288835866,0.33125,,,0.3323318288835866,0.33125
4o01D_4o0pA,ShallowMsa_008,264,0.37365791526146375,0.3758030567745663,,,0.37365791526146375,0.3758030567745663
4o01D_4o0pA,ShallowMsa_009,247,0.38382802448775377,0.386892177589852,,,0.38382802448775377,0.386892177589852
4o01D_4o0pA,ShallowMsa_010,166,0.3384670415545874,0.3373094297007341,,,0.3384670415545874,0.3373094297007341
4o01D_4o0pA,ShallowMsa_011,165,0.3904726344178869,0.396078431372549,,,0.3904726344178869,0.396078431372549
4o01D_4o0pA,ShallowMsa_012,155,0.345328201044274,0.34598214285714285,,,0.345328201044274,0.34598214285714285
4o01D_4o0pA,ShallowMsa_013,153,0.30619969408003983,0.3030973451327434,,,0.30619969408003983,0.3030973451327434
4o01D_4o0pA,ShallowMsa_014,143,0.31461756438005056,0.3112244897959184,,,0.31461756438005056,0.3112244897959184
4o01D_4o0pA,ShallowMsa_015,139,0.37664206317748444,0.37336244541484714,,,0.37664206317748444,0.37336244541484714
4o01D_4o0pA,ShallowMsa_016,134,0.3596886640032033,0.36186323678575455,,,0.3596886640032033,0.36186323678575455
4o01D_4o0pA,ShallowMsa_017,130,0.30398355900885554,0.30153607910278357,,,0.30398355900885554,0.30153607910278357
4o01D_4o0pA,ShallowMsa_018,122,0.3481639244444589,0.3485150515186208,,,0.3481639244444589,0.3485150515186208
4o01D_4o0pA,ShallowMsa_019,119,0.3485561186924413,0.3482905982905983,,,0.3485561186924413,0.3482905982905983
4o01D_4o0pA,ShallowMsa_020,118,0.33750926315828944,0.33215119569831614,,,0.33750926315828944,0.33215119569831614
4o01D_4o0pA,ShallowMsa_021,114,0.3682809996944331,0.37044967880085655,,,0.3682809996944331,0.37044967880085655
4o01D_4o0pA,ShallowMsa_022,111,0.29708116083599545,0.2925764192139738,,,0.29708116083599545,0.2925764192139738
4o01D_4o0pA,ShallowMsa_023,108,0.3476275181556882,0.3478856462179869,,,0.3476275181556882,0.3478856462179869
4o01D_4o0pA,ShallowMsa_024,107,0.360576900766101,0.35789473684210527,,,0.360576900766101,0.35789473684210527
4o01D_4o0pA,ShallowMsa_025,104,0.34580440247007116,0.3455329582217114,,,0.34580440247007116,0.3455329582217114
4o01D_4o0pA,ShallowMsa_026,104,0.3664809016189579,0.3693786025780358,,,0.3664809016189579,0.3693786025780358
4o01D_4o0pA,ShallowMsa_027,101,0.3508932873449471,0.35044642857142855,,,0.3508932873449471,0.35044642857142855
4o01D_4o0pA,ShallowMsa_028,99,0.3634213093744241,0.3626609442060086,,,0.3634213093744241,0.3626609442060086
4o01D_4o0pA,ShallowMsa_029,93,0.35708507573928405,0.3616557734204793,,,0.35708507573928405,0.3616557734204793
4o01D_4o0pA,ShallowMsa_030,93,0.33985879365074045,0.3404255319148936,,,0.33985879365074045,0.3404255319148936
4o01D_4o0pA,ShallowMsa_031,92,0.33723986081730495,0.3327566320645905,,,0.33723986081730495,0.3327566320645905
4o01D_4o0pA,ShallowMsa_032,90,0.35238594304034004,0.35714285714285715,,,0.35238594304034004,0.35714285714285715
4o01D_4o0pA,ShallowMsa_033,88,0.3778064286480686,0.37953280715792537,,,0.3778064286480686,0.37953280715792537
4o01D_4o0pA,ShallowMsa_034,87,0.3119763209661558,0.3108695652173913,,,0.3119763209661558,0.3108695652173913
4o01D_4o0pA,ShallowMsa_035,84,0.31524136834745375,0.31391565423823486,,,0.31524136834745375,0.31391565423823486
4o01D_4o0pA,ShallowMsa_036,82,0.30215332114316384,0.29989485803455884,,,0.30215332114316384,0.29989485803455884
4o01D_4o0pA,ShallowMsa_037,81,0.3482638640512041,0.3495575221238938,,,0.3482638640512041,0.3495575221238938
4o01D_4o0pA,ShallowMsa_038,80,0.341747700833401,0.34162934145529933,,,0.341747700833401,0.34162934145529933
4o01D_4o0pA,ShallowMsa_039,78,0.31270205962435055,0.3097776769509982,,,0.31270205962435055,0.3097776769509982
4o01D_4o0pA,ShallowMsa_040,73,0.37840986625477235,0.3777292576419214,,,0.37840986625477235,0.3777292576419214
4o01D_4o0pA,ShallowMsa_041,73,0.324679822088086,0.3252212389380531,,,0.324679822088086,0.3252212389380531
4o01D_4o0pA,ShallowMsa_042,72,0.3359377317869513,0.3347600780055483,,,0.3359377317869513,0.3347600780055483
4o01D_4o0pA,ShallowMsa_043,72,0.3635606410494108,0.3640292802944933,,,0.3635606410494108,0.3640292802944933
4o01D_4o0pA,ShallowMsa_044,70,0.3394805689978024,0.3408343136534078,,,0.3394805689978024,0.3408343136534078
4o01D_4o0pA,ShallowMsa_045,69,0.35046803212727695,0.35129310344827586,,,0.35046803212727695,0.35129310344827586
4o01D_4o0pA,ShallowMsa_046,66,0.33466499482770773,0.33440860215053764,,,0.33466499482770773,0.33440860215053764
4o01D_4o0pA,ShallowMsa_047,64,0.29375810288186066,0.2847405677588849,,,0.29375810288186066,0.2847405677588849
4o01D_4o0pA,ShallowMsa_048,64,0.3244553949489033,0.32674607177918435,,,0.3244553949489033,0.32674607177918435
4o01D_4o0pA,ShallowMsa_049,63,0.6442964862191539,0.6286919831223629,,,0.6442964862191539,0.6286919831223629
4o01D_4o0pA,ShallowMsa_050,62,0.3443965763306066,0.3457498585172609,,,0.3443965763306066,0.3457498585172609
4o01D_4o0pA,ShallowMsa_051,61,0.3402024572150806,0.3333333333333333,,,0.3402024572150806,0.3333333333333333
4o01D_4o0pA,ShallowMsa_052,60,0.3417719164922257,0.3314534041525833,,,0.3417719164922257,0.3314534041525833
4o01D_4o0pA,ShallowMsa_053,60,0.34312576861791216,0.3405639913232104,,,0.34312576861791216,0.3405639913232104
4o01D_4o0pA,ShallowMsa_054,57,0.320669698769502,0.31981981981981983,,,0.320669698769502,0.31981981981981983
4o01D_4o0pA,ShallowMsa_055,56,0.3040877636778937,0.30257510729613735,,,0.3040877636778937,0.30257510729613735
4o01D_4o0pA,ShallowMsa_056,56,0.3313771513679975,0.3315184815184815,,,0.3313771513679975,0.3315184815184815
4o01D_4o0pA,ShallowMsa_057,56,0.3501803114971332,0.34810851495516726,,,0.3501803114971332,0.34810851495516726
4o01D_4o0pA,ShallowMsa_058,54,0.32542335268916883,0.3267971064023696,,,0.32542335268916883,0.3267971064023696
4o01D_4o0pA,ShallowMsa_059,54,0.3598207852579006,0.35745073891625617,,,0.3598207852579006,0.35745073891625617
4o01D_4o0pA,ShallowMsa_060,53,0.3357379192926459,0.33618233618233617,,,0.3357379192926459,0.33618233618233617
4o01D_4o0pA,ShallowMsa_061,52,0.36813291831188,0.3512344118638355,,,0.36813291831188,0.3512344118638355
4o01D_4o0pA,ShallowMsa_062,52,0.35365264267248697,0.3484312447630574,,,0.35365264267248697,0.3484312447630574
4o01D_4o0pA,ShallowMsa_063,51,0.287927783832256,0.2869198312236287,,,0.287927783832256,0.2869198312236287
4o01D_4o0pA,ShallowMsa_064,51,0.3051390367565231,0.30387931034482757,,,0.3051390367565231,0.30387931034482757
4o01D_4o0pA,ShallowMsa_065,50,0.3511290707069996,0.35682254964766175,,,0.3511290707069996,0.35682254964766175
4o01D_4o0pA,ShallowMsa_066,49,0.33829735896251967,0.3369098712446352,,,0.33829735896251967,0.3369098712446352
4o01D_4o0pA,ShallowMsa_067,46,0.32215143313752337,0.32300839472331677,,,0.32215143313752337,0.32300839472331677
4o01D_4o0pA,ShallowMsa_068,42,0.3615065716866337,0.36231916480238624,,,0.3615065716866337,0.36231916480238624
4o01D_4o0pA,ShallowMsa_069,39,0.3450351157217186,0.3448275862068966,,,0.3450351157217186,0.3448275862068966
4o01D_4o0pA,ShallowMsa_070,38,0.3336815810147279,0.33295880149812734,,,0.3336815810147279,0.33295880149812734
4o01D_4o0pA,ShallowMsa_071,37,0.30323239622256376,0.30869565217391304,,,0.30323239622256376,0.30869565217391304
4o01D_4o0pA,ShallowMsa_072,34,0.35744695033620877,0.3579418344519016,,,0.35744695033620877,0.3579418344519016
4o01D_4o0pA,ShallowMsa_073,32,0.3082351080209014,0.3100106685633002,,,0.3082351080209014,0.3100106685633002
4o01D_4o0pA,ShallowMsa_074,32,0.34397071811262175,0.3432391102142486,,,0.34397071811262175,0.3432391102142486
4o01D_4o0pA,ShallowMsa_075,31,0.3734932784412077,0.3642691415313225,,,0.3734932784412077,0.3642691415313225
4o01D_4o0pA,ShallowMsa_076,31,0.3236045408342855,0.32732732732732733,,,0.3236045408342855,0.32732732732732733
4o01D_4o0pA,ShallowMsa_077,29,0.3474658579181632,0.3435448577680525,,,0.3474658579181632,0.3435448577680525
4o01D_4o0pA,ShallowMsa_078,28,0.32618691844529807,0.32580236683084884,,,0.32618691844529807,0.32580236683084884
4o01D_4o0pA,ShallowMsa_079,27,0.39015566546506536,0.375,,,0.39015566546506536,0.375
4o01D_4o0pA,ShallowMsa_080,27,0.2943748771619306,0.28314606741573034,,,0.2943748771619306,0.28314606741573034
4o01D_4o0pA,ShallowMsa_081,27,0.35553185459805714,0.35824175824175825,,,0.35553185459805714,0.35824175824175825
4o01D_4o0pA,ShallowMsa_082,27,0.34897076923708226,0.3492407809110629,,,0.34897076923708226,0.3492407809110629
4o01D_4o0pA,ShallowMsa_083,26,0.3223925787892129,0.3120720720720721,,,0.3223925787892129,0.3120720720720721
4o01D_4o0pA,ShallowMsa_084,26,0.3243491188014331,0.32896094713003926,,,0.3243491188014331,0.32896094713003926
4o01D_4o0pA,ShallowMsa_085,26,0.33607953363550896,0.3351449275362319,,,0.33607953363550896,0.3351449275362319
4o01D_4o0pA,ShallowMsa_086,24,0.2855736706635884,0.28409148691663866,,,0.2855736706635884,0.28409148691663866
4o01D_4o0pA,ShallowMsa_087,24,0.3603497418587795,0.3617478715373663,,,0.3603497418587795,0.3617478715373663
4o01D_4o0pA,ShallowMsa_088,23,0.3197567236755739,0.3169642857142857,,,0.3197567236755739,0.3169642857142857
4o01D_4o0pA,ShallowMsa_089,23,0.36121714328603927,0.3576158940397351,,,0.36121714328603927,0.3576158940397351
4o01D_4o0pA,ShallowMsa_090,23,0.3128354300124097,0.30726256983240224,,,0.3128354300124097,0.30726256983240224
4o01D_4o0pA,ShallowMsa_091,22,0.31331890453226996,0.3087128395133763,,,0.31331890453226996,0.3087128395133763
4o01D_4o0pA,ShallowMsa_092,22,0.3395403640291232,0.3344149412818941,,,0.3395403640291232,0.3344149412818941
4o01D_4o0pA,ShallowMsa_093,20,0.3136891427983679,0.3110628047141925,,,0.3136891427983679,0.3110628047141925
4o01D_4o0pA,ShallowMsa_094,19,0.2849036856751848,0.28699551569506726,,,0.2849036856751848,0.28699551569506726
4o01D_4o0pA,ShallowMsa_095,19,0.3460887465263544,0.34913793103448276,,,0.3460887465263544,0.34913793103448276
4o01D_4o0pA,ShallowMsa_096,18,0.35402018646226474,0.34434968017057566,,,0.35402018646226474,0.34434968017057566
4o01D_4o0pA,ShallowMsa_097,17,0.3191615871662826,0.3229166666666667,,,0.3191615871662826,0.3229166666666667
4o01D_4o0pA,ShallowMsa_098,17,0.3439887642777259,0.3419354838709677,,,0.3439887642777259,0.3419354838709677
4o01D_4o0pA,ShallowMsa_099,15,0.3057174444645545,0.3051224944320713,,,0.3057174444645545,0.3051224944320713
4ow6B_4ae0A,ShallowMsa_000,22,0.33674954323835593,0.3246088794926004,,,0.33674954323835593,0.3246088794926004
4pyjA_4pyiA,ShallowMsa_000,1161,0.34747383341268706,0.3467741935483871,,,0.34747383341268706,0.3467741935483871
4pyjA_4pyiA,ShallowMsa_001,460,0.3290898367160338,0.3131482451545312,,,0.3290898367160338,0.3131482451545312
4pyjA_4pyiA,ShallowMsa_002,443,0.32782434151584616,0.32663316582914576,,,0.32782434151584616,0.32663316582914576
4pyjA_4pyiA,ShallowMsa_003,354,0.38647292172405845,0.3898305084745763,,,0.38647292172405845,0.3898305084745763
4pyjA_4pyiA,ShallowMsa_004,349,0.31451406796159964,0.31297709923664124,,,0.31451406796159964,0.31297709923664124
4pyjA_4pyiA,ShallowMsa_005,342,0.31196793175553217,0.31007751937984496,,,0.31196793175553217,0.31007751937984496
4pyjA_4pyiA,ShallowMsa_006,276,0.316867113845043,0.3171425767834364,,,0.316867113845043,0.3171425767834364
4pyjA_4pyiA,ShallowMsa_007,270,0.3327467492307853,0.3204938271604938,,,0.3327467492307853,0.3204938271604938
4pyjA_4pyiA,ShallowMsa_008,267,0.27884069620639873,0.27710843373493976,,,0.27884069620639873,0.27710843373493976
4pyjA_4pyiA,ShallowMsa_009,241,0.2853595868154266,0.2857142857142857,,,0.2853595868154266,0.2857142857142857
4pyjA_4pyiA,ShallowMsa_010,236,0.5333146626486878,0.551219512195122,,,0.5333146626486878,0.551219512195122
4pyjA_4pyiA,ShallowMsa_011,233,0.28507276248485264,0.27835051546391754,,,0.28507276248485264,0.27835051546391754
4pyjA_4pyiA,ShallowMsa_012,225,0.39933053751920927,0.3924731182795699,,,0.39933053751920927,0.3924731182795699
4pyjA_4pyiA,ShallowMsa_013,214,0.7044019406095438,0.7788461538461539,,,0.7044019406095438,0.7788461538461539
4pyjA_4pyiA,ShallowMsa_014,202,0.31701387839675926,0.3165485829959514,,,0.31701387839675926,0.3165485829959514
4pyjA_4pyiA,ShallowMsa_015,197,0.31597191754523485,0.3153846153846154,,,0.31597191754523485,0.3153846153846154
4pyjA_4pyiA,ShallowMsa_016,191,0.30784189454197597,0.30434782608695654,,,0.30784189454197597,0.30434782608695654
4pyjA_4pyiA,ShallowMsa_017,190,0.2978303538085781,0.2961744639376218,,,0.2978303538085781,0.2961744639376218
4pyjA_4pyiA,ShallowMsa_018,185,0.6056392835704572,0.6146341463414634,,,0.6056392835704572,0.6146341463414634
4pyjA_4pyiA,ShallowMsa_019,184,0.31643990215830486,0.3158119658119658,,,0.31643990215830486,0.3158119658119658
4pyjA_4pyiA,ShallowMsa_020,182,0.296040823410865,0.296875,,,0.296040823410865,0.296875
4pyjA_4pyiA,ShallowMsa_021,179,0.3425064113723526,0.3390804597701149,,,0.3425064113723526,0.3390804597701149
4pyjA_4pyiA,ShallowMsa_022,178,0.39624373687650494,0.3940897325280414,,,0.39624373687650494,0.3940897325280414
4pyjA_4pyiA,ShallowMsa_023,167,0.313500218411535,0.3116883116883117,,,0.313500218411535,0.3116883116883117
4pyjA_4pyiA,ShallowMsa_024,167,0.30830853589102125,0.3087248322147651,,,0.30830853589102125,0.3087248322147651
4pyjA_4pyiA,ShallowMsa_025,164,0.30604239723000354,0.30517395182872437,,,0.30604239723000354,0.30517395182872437
4pyjA_4pyiA,ShallowMsa_026,160,0.3609273062592667,0.3630252100840336,,,0.3609273062592667,0.3630252100840336
4pyjA_4pyiA,ShallowMsa_027,159,0.30739601237734804,0.30128205128205127,,,0.30739601237734804,0.30128205128205127
4pyjA_4pyiA,ShallowMsa_028,158,0.32185852950673915,0.32441381779130124,,,0.32185852950673915,0.32441381779130124
4pyjA_4pyiA,ShallowMsa_029,155,0.290648026045049,0.2903225806451613,,,0.290648026045049,0.2903225806451613
4pyjA_4pyiA,ShallowMsa_030,154,0.3180653601776438,0.318326577880718,,,0.3180653601776438,0.318326577880718
4pyjA_4pyiA,ShallowMsa_031,152,0.3124531139074554,0.31496062992125984,,,0.3124531139074554,0.31496062992125984
4pyjA_4pyiA,ShallowMsa_032,151,0.45197445358050975,0.4585365853658537,,,0.45197445358050975,0.4585365853658537
4pyjA_4pyiA,ShallowMsa_033,148,0.3114995432336465,0.30922171353826033,,,0.3114995432336465,0.30922171353826033
4pyjA_4pyiA,ShallowMsa_034,147,0.3228578163564361,0.323943661971831,,,0.3228578163564361,0.323943661971831
4pyjA_4pyiA,ShallowMsa_035,147,0.43072600003191136,0.4264705882352941,,,0.43072600003191136,0.4264705882352941
4pyjA_4pyiA,ShallowMsa_036,142,0.31287968830229845,0.3106060606060606,,,0.31287968830229845,0.3106060606060606
4pyjA_4pyiA,ShallowMsa_037,140,0.33966182863049893,0.3316407856849033,,,0.33966182863049893,0.3316407856849033
4pyjA_4pyiA,ShallowMsa_038,135,0.3035443921804909,0.30434782608695654,,,0.3035443921804909,0.30434782608695654
4pyjA_4pyiA,ShallowMsa_039,135,0.3977641768193019,0.39805825242718446,,,0.3977641768193019,0.39805825242718446
4pyjA_4pyiA,ShallowMsa_040,132,0.3042595351782358,0.30404201872573644,,,0.3042595351782358,0.30404201872573644
4pyjA_4pyiA,ShallowMsa_041,131,0.3098437129156756,0.3082706766917293,,,0.3098437129156756,0.3082706766917293
4pyjA_4pyiA,ShallowMsa_042,130,0.3684442450458422,0.3725,,,0.3684442450458422,0.3725
4pyjA_4pyiA,ShallowMsa_043,128,0.3632090893734543,0.37209986100716347,,,0.3632090893734543,0.37209986100716347
4pyjA_4pyiA,ShallowMsa_044,127,0.3102126603026154,0.31007751937984496,,,0.3102126603026154,0.31007751937984496
4pyjA_4pyiA,ShallowMsa_045,122,0.3097360453734351,0.30875725900116147,,,0.3097360453734351,0.30875725900116147
4pyjA_4pyiA,ShallowMsa_046,122,0.3259087641938533,0.32666666666666666,,,0.3259087641938533,0.32666666666666666
4pyjA_4pyiA,ShallowMsa_047,121,0.3424457289435111,0.34558823529411764,,,0.3424457289435111,0.34558823529411764
4pyjA_4pyiA,ShallowMsa_048,116,0.3119647824330864,0.31296345692184585,,,0.3119647824330864,0.31296345692184585
4pyjA_4pyiA,ShallowMsa_049,110,0.35777290233208914,0.35025773195876286,,,0.35777290233208914,0.35025773195876286
4pyjA_4pyiA,ShallowMsa_050,108,0.3044085384441544,0.30111123396727113,,,0.3044085384441544,0.30111123396727113
4pyjA_4pyiA,ShallowMsa_051,107,0.3950555915184238,0.4016393442622951,,,0.3950555915184238,0.4016393442622951
4pyjA_4pyiA,ShallowMsa_052,103,0.3695473759107555,0.37373737373737376,,,0.3695473759107555,0.37373737373737376
4pyjA_4pyiA,ShallowMsa_053,101,0.29772704217118495,0.2962962962962963,,,0.29772704217118495,0.2962962962962963
4pyjA_4pyiA,ShallowMsa_054,97,0.3126822538538479,0.31007751937984496,,,0.3126822538538479,0.31007751937984496
4pyjA_4pyiA,ShallowMsa_055,95,0.33168056356512493,0.3252032520325203,,,0.33168056356512493,0.3252032520325203
4pyjA_4pyiA,ShallowMsa_056,95,0.38225088100358523,0.3878787878787879,,,0.38225088100358523,0.3878787878787879
4pyjA_4pyiA,ShallowMsa_057,93,0.3308228813867065,0.3284313725490196,,,0.3308228813867065,0.3284313725490196
4pyjA_4pyiA,ShallowMsa_058,91,0.3487136837641685,0.3488372093023256,,,0.3487136837641685,0.3488372093023256
4pyjA_4pyiA,ShallowMsa_059,89,0.33554710538013277,0.3372093023255814,,,0.33554710538013277,0.3372093023255814
4pyjA_4pyiA,ShallowMsa_060,89,0.36500569352992424,0.3651685393258427,,,0.36500569352992424,0.3651685393258427
4pyjA_4pyiA,ShallowMsa_061,86,0.38627858570328316,0.3886449928808733,,,0.38627858570328316,0.3886449928808733
4pyjA_4pyiA,ShallowMsa_062,85,0.39694951954396385,0.3854748603351955,,,0.39694951954396385,0.3854748603351955
4pyjA_4pyiA,ShallowMsa_063,85,0.29205655191873714,0.28994082840236685,,,0.29205655191873714,0.28994082840236685
4pyjA_4pyiA,ShallowMsa_064,82,0.2873628527256196,0.28569004524886876,,,0.2873628527256196,0.28569004524886876
4pyjA_4pyiA,ShallowMsa_065,81,0.3135796434869451,0.3046875,,,0.3135796434869451,0.3046875
4pyjA_4pyiA,ShallowMsa_066,81,0.7237983680968519,0.7644230769230769,,,0.7237983680968519,0.7644230769230769
4pyjA_4pyiA,ShallowMsa_067,76,0.2871572074610961,0.28365552072448624,,,0.2871572074610961,0.28365552072448624
4pyjA_4pyiA,ShallowMsa_068,76,0.30965107871424447,0.3141025641025641,,,0.30965107871424447,0.3141025641025641
4pyjA_4pyiA,ShallowMsa_069,76,0.34906005747675106,0.35221316249271983,,,0.34906005747675106,0.35221316249271983
4pyjA_4pyiA,ShallowMsa_070,75,0.3448734111385493,0.33497536945812806,,,0.3448734111385493,0.33497536945812806
4pyjA_4pyiA,ShallowMsa_071,75,0.386630568613829,0.385,,,0.386630568613829,0.385
4pyjA_4pyiA,ShallowMsa_072,74,0.4057980717244601,0.4247181476542611,,,0.4057980717244601,0.4247181476542611
4pyjA_4pyiA,ShallowMsa_073,73,0.2875460330589655,0.2898550724637681,,,0.2875460330589655,0.2898550724637681
4pyjA_4pyiA,ShallowMsa_074,73,0.314248343779929,0.3129251700680272,,,0.314248343779929,0.3129251700680272
4pyjA_4pyiA,ShallowMsa_075,72,0.3089059446946043,0.30612244897959184,,,0.3089059446946043,0.30612244897959184
4pyjA_4pyiA,ShallowMsa_076,71,0.3837487202916576,0.39416058394160586,,,0.3837487202916576,0.39416058394160586
4pyjA_4pyiA,ShallowMsa_077,70,0.31930265423048243,0.319134473773649,,,0.31930265423048243,0.319134473773649
4pyjA_4pyiA,ShallowMsa_078,69,0.3125083205626745,0.31007751937984496,,,0.3125083205626745,0.31007751937984496
4pyjA_4pyiA,ShallowMsa_079,68,0.3221968844530501,0.3196385542168675,,,0.3221968844530501,0.3196385542168675
4pyjA_4pyiA,ShallowMsa_080,68,0.3362475016128798,0.3389846743295019,,,0.3362475016128798,0.3389846743295019
4pyjA_4pyiA,ShallowMsa_081,68,0.28842729775343307,0.28935800449805765,,,0.28842729775343307,0.28935800449805765
4pyjA_4pyiA,ShallowMsa_082,67,0.304513686485786,0.3053435114503817,,,0.304513686485786,0.3053435114503817
4pyjA_4pyiA,ShallowMsa_083,65,0.3182982809246643,0.2971014492753623,,,0.3182982809246643,0.2971014492753623
4pyjA_4pyiA,ShallowMsa_084,65,0.33006010425418153,0.3282442748091603,,,0.33006010425418153,0.3282442748091603
4pyjA_4pyiA,ShallowMsa_085,63,0.31337918876161447,0.3120567375886525,,,0.31337918876161447,0.3120567375886525
4pyjA_4pyiA,ShallowMsa_086,60,0.4068459875618648,0.40758719884933475,,,0.4068459875618648,0.40758719884933475
4pyjA_4pyiA,ShallowMsa_087,58,0.30943109463753893,0.31007751937984496,,,0.30943109463753893,0.31007751937984496
4pyjA_4pyiA,ShallowMsa_088,58,0.34839951506199907,0.3486364700374532,,,0.34839951506199907,0.3486364700374532
4pyjA_4pyiA,ShallowMsa_089,58,0.3742537652861643,0.3756443298969072,,,0.3742537652861643,0.3756443298969072
4pyjA_4pyiA,ShallowMsa_090,54,0.3289495418445385,0.32933615768498903,,,0.3289495418445385,0.32933615768498903
4pyjA_4pyiA,ShallowMsa_091,54,0.31208454786547746,0.3153846153846154,,,0.31208454786547746,0.3153846153846154
4pyjA_4pyiA,ShallowMsa_092,53,0.3378909635628501,0.3435897435897436,,,0.3378909635628501,0.3435897435897436
4pyjA_4pyiA,ShallowMsa_093,52,0.28693931144246454,0.2840987370838117,,,0.28693931144246454,0.2840987370838117
4pyjA_4pyiA,ShallowMsa_094,49,0.3304275170821457,0.32857142857142857,,,0.3304275170821457,0.32857142857142857
4pyjA_4pyiA,ShallowMsa_095,47,0.3281402718008665,0.3072916666666667,,,0.3281402718008665,0.3072916666666667
4pyjA_4pyiA,ShallowMsa_096,41,0.30840215200250576,0.3082706766917293,,,0.30840215200250576,0.3082706766917293
4pyjA_4pyiA,ShallowMsa_097,40,0.33518164544350254,0.3194682675814751,,,0.33518164544350254,0.3194682675814751
4pyjA_4pyiA,ShallowMsa_098,30,0.3181879489697787,0.3194444444444444,,,0.3181879489697787,0.3194444444444444
4pyjA_4pyiA,ShallowMsa_099,28,0.319904712737005,0.32560505461554934,,,0.319904712737005,0.32560505461554934
4q79F_4uv2D,ShallowMsa_000,182,0.5290459484184546,0.5271739130434783,,,0.5290459484184546,0.5271739130434783
4q79F_4uv2D,ShallowMsa_001,160,0.4171667466461303,0.41847826086956524,,,0.4171667466461303,0.41847826086956524
4q79F_4uv2D,ShallowMsa_002,122,0.44602811322437697,0.44565217391304346,,,0.44602811322437697,0.44565217391304346
4q79F_4uv2D,ShallowMsa_003,121,0.44999133581946343,0.453781512605042,,,0.44999133581946343,0.453781512605042
4q79F_4uv2D,ShallowMsa_004,120,0.6967713090572599,0.8858695652173914,,,0.6967713090572599,0.8858695652173914
4q79F_4uv2D,ShallowMsa_005,118,0.4464887821116162,0.44565217391304346,,,0.4464887821116162,0.44565217391304346
4q79F_4uv2D,ShallowMsa_006,112,0.44719978582654785,0.45652173913043476,,,0.44719978582654785,0.45652173913043476
4q79F_4uv2D,ShallowMsa_007,106,0.5398880378744518,0.5452140452140453,,,0.5398880378744518,0.5452140452140453
4q79F_4uv2D,ShallowMsa_008,105,0.4584321201227142,0.46195652173913043,,,0.4584321201227142,0.46195652173913043
4q79F_4uv2D,ShallowMsa_009,95,0.44479684640777134,0.45108695652173914,,,0.44479684640777134,0.45108695652173914
4q79F_4uv2D,ShallowMsa_010,94,0.43418314977169,0.43478260869565216,,,0.43418314977169,0.43478260869565216
4q79F_4uv2D,ShallowMsa_011,90,0.4599096222625197,0.45901639344262296,,,0.4599096222625197,0.45901639344262296
4q79F_4uv2D,ShallowMsa_012,84,0.31988770570081426,0.29799929799929803,,,0.31988770570081426,0.29799929799929803
4q79F_4uv2D,ShallowMsa_013,81,0.5195208769218083,0.5212765957446809,,,0.5195208769218083,0.5212765957446809
4q79F_4uv2D,ShallowMsa_014,81,0.5404150750244733,0.5597826086956522,,,0.5404150750244733,0.5597826086956522
4q79F_4uv2D,ShallowMsa_015,77,0.47163341971537814,0.47107438016528924,,,0.47163341971537814,0.47107438016528924
4q79F_4uv2D,ShallowMsa_016,76,0.4822288859365996,0.48032765737874095,,,0.4822288859365996,0.48032765737874095
4q79F_4uv2D,ShallowMsa_017,71,0.4903038648955063,0.4891304347826087,,,0.4903038648955063,0.4891304347826087
4q79F_4uv2D,ShallowMsa_018,70,0.29014741069511185,0.2911821705426357,,,0.29014741069511185,0.2911821705426357
4q79F_4uv2D,ShallowMsa_019,70,0.3030573592744947,0.2951945080091533,,,0.3030573592744947,0.2951945080091533
4q79F_4uv2D,ShallowMsa_020,67,0.33516466418245294,0.31521739130434784,,,0.33516466418245294,0.31521739130434784
4q79F_4uv2D,ShallowMsa_021,67,0.46522387194633397,0.4656084656084656,,,0.46522387194633397,0.4656084656084656
4q79F_4uv2D,ShallowMsa_022,66,0.46225291004356084,0.46195652173913043,,,0.46225291004356084,0.46195652173913043
4q79F_4uv2D,ShallowMsa_023,64,0.4397413347487005,0.44385026737967914,,,0.4397413347487005,0.44385026737967914
4q79F_4uv2D,ShallowMsa_024,63,0.3266873147213268,0.30386740331491713,,,0.3266873147213268,0.30386740331491713
4q79F_4uv2D,ShallowMsa_025,63,0.4273606948164511,0.425531914893617,,,0.4273606948164511,0.425531914893617
4q79F_4uv2D,ShallowMsa_026,62,0.5075980433042449,0.5054347826086957,,,0.5075980433042449,0.5054347826086957
4q79F_4uv2D,ShallowMsa_027,62,0.5132555262315469,0.514663215382865,,,0.5132555262315469,0.514663215382865
4q79F_4uv2D,ShallowMsa_028,62,0.5900974939476089,0.6086956521739131,,,0.5900974939476089,0.6086956521739131
4q79F_4uv2D,ShallowMsa_029,61,0.3319343839678373,0.32571428571428573,,,0.3319343839678373,0.32571428571428573
4q79F_4uv2D,ShallowMsa_030,61,0.4794689531130107,0.4782608695652174,,,0.4794689531130107,0.4782608695652174
4q79F_4uv2D,ShallowMsa_031,60,0.4393945017801461,0.45108695652173914,,,0.4393945017801461,0.45108695652173914
4q79F_4uv2D,ShallowMsa_032,60,0.5774634145012746,0.5729604955586722,,,0.5774634145012746,0.5729604955586722
4q79F_4uv2D,ShallowMsa_033,58,0.44313898439564026,0.4439613526570048,,,0.44313898439564026,0.4439613526570048
4q79F_4uv2D,ShallowMsa_034,58,0.7708054698988662,0.8822687728937728,,,0.7708054698988662,0.8822687728937728
4q79F_4uv2D,ShallowMsa_035,57,0.5193857804065484,0.5195530726256983,,,0.5193857804065484,0.5195530726256983
4q79F_4uv2D,ShallowMsa_036,57,0.5307845075739835,0.5238095238095238,,,0.5307845075739835,0.5238095238095238
4q79F_4uv2D,ShallowMsa_037,55,0.42367011811245453,0.4235294117647059,,,0.42367011811245453,0.4235294117647059
4q79F_4uv2D,ShallowMsa_038,55,0.4263306824724754,0.42391304347826086,,,0.4263306824724754,0.42391304347826086
4q79F_4uv2D,ShallowMsa_039,54,0.3284997558826426,0.3287829638973989,,,0.3284997558826426,0.3287829638973989
4q79F_4uv2D,ShallowMsa_040,54,0.4316760938909048,0.43010752688172044,,,0.4316760938909048,0.43010752688172044
4q79F_4uv2D,ShallowMsa_041,54,0.46750489060782735,0.4702667952426872,,,0.46750489060782735,0.4702667952426872
4q79F_4uv2D,ShallowMsa_042,54,0.5326184012958025,0.5380434782608695,,,0.5326184012958025,0.5380434782608695
4q79F_4uv2D,ShallowMsa_043,52,0.4755269736008886,0.47580015612802495,,,0.4755269736008886,0.47580015612802495
4q79F_4uv2D,ShallowMsa_044,51,0.36653032773639876,0.3670212765957447,,,0.36653032773639876,0.3670212765957447
4q79F_4uv2D,ShallowMsa_045,51,0.5101808175986745,0.5185185185185185,,,0.5101808175986745,0.5185185185185185
4q79F_4uv2D,ShallowMsa_046,50,0.526681413910559,0.5322617946345976,,,0.526681413910559,0.5322617946345976
4q79F_4uv2D,ShallowMsa_047,50,0.450752864948469,0.4528162055335968,,,0.450752864948469,0.4528162055335968
4q79F_4uv2D,ShallowMsa_048,49,0.42845485043189785,0.42424242424242425,,,0.42845485043189785,0.42424242424242425
4q79F_4uv2D,ShallowMsa_049,49,0.4965642811453112,0.5,,,0.4965642811453112,0.5
4q79F_4uv2D,ShallowMsa_050,47,0.5343687918040704,0.5372340425531915,,,0.5343687918040704,0.5372340425531915
4q79F_4uv2D,ShallowMsa_051,47,0.4662921726752671,0.4673913043478261,,,0.4662921726752671,0.4673913043478261
4q79F_4uv2D,ShallowMsa_052,46,0.3662241942808738,0.3818121400088613,,,0.3662241942808738,0.3818121400088613
4q79F_4uv2D,ShallowMsa_053,46,0.5170943847165205,0.5190217391304348,,,0.5170943847165205,0.5190217391304348
4q79F_4uv2D,ShallowMsa_054,45,0.4591617166652162,0.4627659574468085,,,0.4591617166652162,0.4627659574468085
4q79F_4uv2D,ShallowMsa_055,44,0.2979906808121626,0.2968931209180248,,,0.2979906808121626,0.2968931209180248
4q79F_4uv2D,ShallowMsa_056,44,0.40675307832811514,0.4074074074074074,,,0.40675307832811514,0.4074074074074074
4q79F_4uv2D,ShallowMsa_057,44,0.4449681465193486,0.4459443665264142,,,0.4449681465193486,0.4459443665264142
4q79F_4uv2D,ShallowMsa_058,44,0.4441157715382847,0.46092478493373634,,,0.4441157715382847,0.46092478493373634
4q79F_4uv2D,ShallowMsa_059,43,0.443341126404998,0.4437869822485207,,,0.443341126404998,0.4437869822485207
4q79F_4uv2D,ShallowMsa_060,43,0.4404163749709362,0.44148936170212766,,,0.4404163749709362,0.44148936170212766
4q79F_4uv2D,ShallowMsa_061,41,0.43937502576394394,0.4444444444444444,,,0.43937502576394394,0.4444444444444444
4q79F_4uv2D,ShallowMsa_062,41,0.4787643826000098,0.483695652173913,,,0.4787643826000098,0.483695652173913
4q79F_4uv2D,ShallowMsa_063,41,0.47960313508022323,0.4734042553191489,,,0.47960313508022323,0.4734042553191489
4q79F_4uv2D,ShallowMsa_064,40,0.6238640418994696,0.625,,,0.6238640418994696,0.625
4q79F_4uv2D,ShallowMsa_065,40,0.33080890233267,0.33055032562733416,,,0.33080890233267,0.33055032562733416
4q79F_4uv2D,ShallowMsa_066,39,0.42274819659355617,0.42391304347826086,,,0.42274819659355617,0.42391304347826086
4q79F_4uv2D,ShallowMsa_067,39,0.43272920356861233,0.43478260869565216,,,0.43272920356861233,0.43478260869565216
4q79F_4uv2D,ShallowMsa_068,39,0.5088777651440131,0.5108695652173914,,,0.5088777651440131,0.5108695652173914
4q79F_4uv2D,ShallowMsa_069,39,0.5046624065765278,0.5054347826086957,,,0.5046624065765278,0.5054347826086957
4q79F_4uv2D,ShallowMsa_070,39,0.4914854450475063,0.489247311827957,,,0.4914854450475063,0.489247311827957
4q79F_4uv2D,ShallowMsa_071,39,0.4924114179109509,0.4946808510638298,,,0.4924114179109509,0.4946808510638298
4q79F_4uv2D,ShallowMsa_072,38,0.4044083769454111,0.40618530020703936,,,0.4044083769454111,0.40618530020703936
4q79F_4uv2D,ShallowMsa_073,38,0.29091325049726136,0.2900601398174436,,,0.29091325049726136,0.2900601398174436
4q79F_4uv2D,ShallowMsa_074,37,0.5992718702722264,0.5925925925925926,,,0.5992718702722264,0.5925925925925926
4q79F_4uv2D,ShallowMsa_075,36,0.43222200014118406,0.43478260869565216,,,0.43222200014118406,0.43478260869565216
4q79F_4uv2D,ShallowMsa_076,36,0.46792076583303327,0.46670536091177717,,,0.46792076583303327,0.46670536091177717
4q79F_4uv2D,ShallowMsa_077,36,0.44054322293993414,0.46113699102829536,,,0.44054322293993414,0.46113699102829536
4q79F_4uv2D,ShallowMsa_078,36,0.49787561245153394,0.4945652173913043,,,0.49787561245153394,0.4945652173913043
4q79F_4uv2D,ShallowMsa_079,36,0.49581073926834457,0.4946524064171123,,,0.49581073926834457,0.4946524064171123
4q79F_4uv2D,ShallowMsa_080,35,0.4720513470519909,0.47282608695652173,,,0.4720513470519909,0.47282608695652173
4q79F_4uv2D,ShallowMsa_081,35,0.6191540100724717,0.6304347826086957,,,0.6191540100724717,0.6304347826086957
4q79F_4uv2D,ShallowMsa_082,33,0.4555652451190623,0.45652173913043476,,,0.4555652451190623,0.45652173913043476
4q79F_4uv2D,ShallowMsa_083,32,0.5115673148643836,0.5217391304347826,,,0.5115673148643836,0.5217391304347826
4q79F_4uv2D,ShallowMsa_084,31,0.46182493176296235,0.46218487394957986,,,0.46182493176296235,0.46218487394957986
4q79F_4uv2D,ShallowMsa_085,30,0.5001840578234282,0.49866310160427807,,,0.5001840578234282,0.49866310160427807
4q79F_4uv2D,ShallowMsa_086,28,0.4638774280902643,0.4673758865248227,,,0.4638774280902643,0.4673758865248227
4q79F_4uv2D,ShallowMsa_087,28,0.3009741585057936,0.3010989010989011,,,0.3009741585057936,0.3010989010989011
4q79F_4uv2D,ShallowMsa_088,28,0.4576351585720794,0.4592391304347826,,,0.4576351585720794,0.4592391304347826
4q79F_4uv2D,ShallowMsa_089,28,0.49774117008681784,0.5,,,0.49774117008681784,0.5
4q79F_4uv2D,ShallowMsa_090,28,0.4312026399977335,0.43010752688172044,,,0.4312026399977335,0.43010752688172044
4q79F_4uv2D,ShallowMsa_091,28,0.43968511812311034,0.43396884445477796,,,0.43968511812311034,0.43396884445477796
4q79F_4uv2D,ShallowMsa_092,27,0.3131996561190334,0.3103448275862069,,,0.3131996561190334,0.3103448275862069
4q79F_4uv2D,ShallowMsa_093,27,0.5221255652919427,0.5217391304347826,,,0.5221255652919427,0.5217391304347826
4q79F_4uv2D,ShallowMsa_094,27,0.479830256421512,0.478494623655914,,,0.479830256421512,0.478494623655914
4q79F_4uv2D,ShallowMsa_095,27,0.43969157742714865,0.44021739130434784,,,0.43969157742714865,0.44021739130434784
4q79F_4uv2D,ShallowMsa_096,27,0.5573862896458887,0.5597826086956522,,,0.5573862896458887,0.5597826086956522
4q79F_4uv2D,ShallowMsa_097,26,0.40006620889936884,0.42169957413859854,,,0.40006620889936884,0.42169957413859854
4q79F_4uv2D,ShallowMsa_098,25,0.4511569846384109,0.44660194174757284,,,0.4511569846384109,0.44660194174757284
4q79F_4uv2D,ShallowMsa_099,24,0.4111631827158255,0.4124040920716112,,,0.4111631827158255,0.4124040920716112
4qhhA_4qhfA,ShallowMsa_000,131,0.3186484316290074,0.30985915492957744,,,0.3186484316290074,0.30985915492957744
4qhhA_4qhfA,ShallowMsa_001,84,0.31065009117191356,0.31427015250544665,,,0.31065009117191356,0.31427015250544665
4qhhA_4qhfA,ShallowMsa_002,77,0.29214909833150937,0.2923076923076923,,,0.29214909833150937,0.2923076923076923
4qhhA_4qhfA,ShallowMsa_003,68,0.3283567409603369,0.3333333333333333,,,0.3283567409603369,0.3333333333333333
4qhhA_4qhfA,ShallowMsa_004,54,0.32979689195173545,0.31851119894598157,,,0.32979689195173545,0.31851119894598157
4qhhA_4qhfA,ShallowMsa_005,46,0.3001301602564698,0.29545454545454547,,,0.3001301602564698,0.29545454545454547
4qhhA_4qhfA,ShallowMsa_006,46,0.27296950311890117,0.27263513513513515,,,0.27296950311890117,0.27263513513513515
4qhhA_4qhfA,ShallowMsa_007,45,0.3047527304416777,0.3048780487804878,,,0.3047527304416777,0.3048780487804878
4qhhA_4qhfA,ShallowMsa_008,44,0.29129842968472003,0.2921747967479675,,,0.29129842968472003,0.2921747967479675
4qhhA_4qhfA,ShallowMsa_009,40,0.332351299227834,0.3333333333333333,,,0.332351299227834,0.3333333333333333
4qhhA_4qhfA,ShallowMsa_010,39,0.3428381313278454,0.3492063492063492,,,0.3428381313278454,0.3492063492063492
4qhhA_4qhfA,ShallowMsa_011,36,0.31040069051081176,0.31214915797915,,,0.31040069051081176,0.31214915797915
4qhhA_4qhfA,ShallowMsa_012,35,0.3047289420250443,0.30952380952380953,,,0.3047289420250443,0.30952380952380953
4qhhA_4qhfA,ShallowMsa_013,35,0.3405636791363799,0.34408602150537637,,,0.3405636791363799,0.34408602150537637
4qhhA_4qhfA,ShallowMsa_014,35,0.3190417169645962,0.3181818181818182,,,0.3190417169645962,0.3181818181818182
4qhhA_4qhfA,ShallowMsa_015,35,0.28905261761077977,0.2826086956521739,,,0.28905261761077977,0.2826086956521739
4qhhA_4qhfA,ShallowMsa_016,35,0.36617262983072624,0.37209302325581395,,,0.36617262983072624,0.37209302325581395
4qhhA_4qhfA,ShallowMsa_017,34,0.3121300010405687,0.3055555555555556,,,0.3121300010405687,0.3055555555555556
4qhhA_4qhfA,ShallowMsa_018,34,0.26788007327532093,0.2647058823529412,,,0.26788007327532093,0.2647058823529412
4qhhA_4qhfA,ShallowMsa_019,33,0.2943712478005064,0.28846153846153844,,,0.2943712478005064,0.28846153846153844
4qhhA_4qhfA,ShallowMsa_020,33,0.2911491295892612,0.2909090909090909,,,0.2911491295892612,0.2909090909090909
4qhhA_4qhfA,ShallowMsa_021,33,0.304859307287428,0.296875,,,0.304859307287428,0.296875
4qhhA_4qhfA,ShallowMsa_022,32,0.31593581523064695,0.31365740740740744,,,0.31593581523064695,0.31365740740740744
4qhhA_4qhfA,ShallowMsa_023,32,0.292821627252033,0.2903225806451613,,,0.292821627252033,0.2903225806451613
4qhhA_4qhfA,ShallowMsa_024,30,0.28910025268827755,0.2857142857142857,,,0.28910025268827755,0.2857142857142857
4qhhA_4qhfA,ShallowMsa_025,30,0.2902572214565809,0.28867521367521365,,,0.2902572214565809,0.28867521367521365
4qhhA_4qhfA,ShallowMsa_026,30,0.28255207706785895,0.2727272727272727,,,0.28255207706785895,0.2727272727272727
4qhhA_4qhfA,ShallowMsa_027,30,0.28741067341714643,0.2887529137529138,,,0.28741067341714643,0.2887529137529138
4qhhA_4qhfA,ShallowMsa_028,30,0.3177688257553729,0.3164313222079589,,,0.3177688257553729,0.3164313222079589
4qhhA_4qhfA,ShallowMsa_029,29,0.2995884173621912,0.3076923076923077,,,0.2995884173621912,0.3076923076923077
4qhhA_4qhfA,ShallowMsa_030,29,0.2813244100690341,0.2777777777777778,,,0.2813244100690341,0.2777777777777778
4qhhA_4qhfA,ShallowMsa_031,27,0.3389419884078166,0.3402061855670103,,,0.3389419884078166,0.3402061855670103
4qhhA_4qhfA,ShallowMsa_032,26,0.3328952217286709,0.32625754527162976,,,0.3328952217286709,0.32625754527162976
4qhhA_4qhfA,ShallowMsa_033,25,0.36830494008920306,0.37373737373737376,,,0.36830494008920306,0.37373737373737376
4qhhA_4qhfA,ShallowMsa_034,25,0.2950327768917997,0.2878787878787879,,,0.2950327768917997,0.2878787878787879
4qhhA_4qhfA,ShallowMsa_035,25,0.2839104996036217,0.2777777777777778,,,0.2839104996036217,0.2777777777777778
4qhhA_4qhfA,ShallowMsa_036,24,0.3169820552859491,0.3181818181818182,,,0.3169820552859491,0.3181818181818182
4qhhA_4qhfA,ShallowMsa_037,24,0.3016719123553733,0.3009433962264151,,,0.3016719123553733,0.3009433962264151
4qhhA_4qhfA,ShallowMsa_038,24,0.3202032872343889,0.3191489361702128,,,0.3202032872343889,0.3191489361702128
4qhhA_4qhfA,ShallowMsa_039,24,0.29826674856599616,0.3038461538461539,,,0.29826674856599616,0.3038461538461539
4qhhA_4qhfA,ShallowMsa_040,23,0.2999818552499094,0.30666666666666664,,,0.2999818552499094,0.30666666666666664
4qhhA_4qhfA,ShallowMsa_041,23,0.311591848994283,0.3116883116883117,,,0.311591848994283,0.3116883116883117
4qhhA_4qhfA,ShallowMsa_042,23,0.30316571789809504,0.3076923076923077,,,0.30316571789809504,0.3076923076923077
4qhhA_4qhfA,ShallowMsa_043,23,0.2556163667637497,0.25,,,0.2556163667637497,0.25
4qhhA_4qhfA,ShallowMsa_044,23,0.2706883840053456,0.2682926829268293,,,0.2706883840053456,0.2682926829268293
4qhhA_4qhfA,ShallowMsa_045,22,0.2801300580125414,0.2727272727272727,,,0.2801300580125414,0.2727272727272727
4qhhA_4qhfA,ShallowMsa_046,22,0.2780250055328585,0.274486301369863,,,0.2780250055328585,0.274486301369863
4qhhA_4qhfA,ShallowMsa_047,22,0.3234674488890131,0.32132728304027225,,,0.3234674488890131,0.32132728304027225
4qhhA_4qhfA,ShallowMsa_048,21,0.30297619047619045,0.3125,,,0.30297619047619045,0.3125
4qhhA_4qhfA,ShallowMsa_049,21,0.3069866120314854,0.3076923076923077,,,0.3069866120314854,0.3076923076923077
4qhhA_4qhfA,ShallowMsa_050,21,0.2854180703017912,0.28205128205128205,,,0.2854180703017912,0.28205128205128205
4qhhA_4qhfA,ShallowMsa_051,21,0.29723260962919623,0.2978723404255319,,,0.29723260962919623,0.2978723404255319
4qhhA_4qhfA,ShallowMsa_052,21,0.3165147093497381,0.32432432432432434,,,0.3165147093497381,0.32432432432432434
4qhhA_4qhfA,ShallowMsa_053,21,0.2990837440522975,0.3076923076923077,,,0.2990837440522975,0.3076923076923077
4qhhA_4qhfA,ShallowMsa_054,21,0.5729777498611757,0.4878048780487805,,,0.5729777498611757,0.4878048780487805
4qhhA_4qhfA,ShallowMsa_055,20,0.3368731299907941,0.3462787212787213,,,0.3368731299907941,0.3462787212787213
4qhhA_4qhfA,ShallowMsa_056,20,0.29699001443799095,0.3025870646766169,,,0.29699001443799095,0.3025870646766169
4qhhA_4qhfA,ShallowMsa_057,20,0.3212768811617979,0.3270440251572327,,,0.3212768811617979,0.3270440251572327
4qhhA_4qhfA,ShallowMsa_058,20,0.29130179404098977,0.2940687361419069,,,0.29130179404098977,0.2940687361419069
4qhhA_4qhfA,ShallowMsa_059,20,0.3235042700318167,0.31414473684210525,,,0.3235042700318167,0.31414473684210525
4qhhA_4qhfA,ShallowMsa_060,20,0.33236822680708134,0.32916666666666666,,,0.33236822680708134,0.32916666666666666
4qhhA_4qhfA,ShallowMsa_061,20,0.30926243457620445,0.3164313222079589,,,0.30926243457620445,0.3164313222079589
4qhhA_4qhfA,ShallowMsa_062,20,0.4090372321642808,0.3895663956639567,,,0.4090372321642808,0.3895663956639567
4qhhA_4qhfA,ShallowMsa_063,20,0.3209235118858707,0.33295519001701646,,,0.3209235118858707,0.33295519001701646
4qhhA_4qhfA,ShallowMsa_064,19,0.3199594982426451,0.3230769230769231,,,0.3199594982426451,0.3230769230769231
4qhhA_4qhfA,ShallowMsa_065,19,0.3038888727638271,0.30985915492957744,,,0.3038888727638271,0.30985915492957744
4qhhA_4qhfA,ShallowMsa_066,17,0.32179223049172967,0.32098765432098764,,,0.32179223049172967,0.32098765432098764
4qhhA_4qhfA,ShallowMsa_067,16,0.29479063094391894,0.2749515503875969,,,0.29479063094391894,0.2749515503875969
4qhhA_4qhfA,ShallowMsa_068,16,0.2647586378671905,0.2702702702702703,,,0.2647586378671905,0.2702702702702703
4qhhA_4qhfA,ShallowMsa_069,16,0.30815677124376256,0.3119877049180328,,,0.30815677124376256,0.3119877049180328
4qhhA_4qhfA,ShallowMsa_070,14,0.326244327226553,0.3169371196754564,,,0.326244327226553,0.3169371196754564
4qhhA_4qhfA,ShallowMsa_071,14,0.3122554458214593,0.3164313222079589,,,0.3122554458214593,0.3164313222079589
4qhhA_4qhfA,ShallowMsa_072,14,0.3273683513234597,0.3335526315789474,,,0.3273683513234597,0.3335526315789474
4qhhA_4qhfA,ShallowMsa_073,14,0.3106459981690561,0.30662393162393164,,,0.3106459981690561,0.30662393162393164
4qhhA_4qhfA,ShallowMsa_074,14,0.2877424505853118,0.28587634713556437,,,0.2877424505853118,0.28587634713556437
4qhhA_4qhfA,ShallowMsa_075,14,0.3096099854014692,0.3032258064516129,,,0.3096099854014692,0.3032258064516129
4qhhA_4qhfA,ShallowMsa_076,14,0.31195250246510886,0.3103337612323491,,,0.31195250246510886,0.3103337612323491
4qhhA_4qhfA,ShallowMsa_077,14,0.2925406803978706,0.28256302521008403,,,0.2925406803978706,0.28256302521008403
4qhhA_4qhfA,ShallowMsa_078,13,0.24952632591137006,0.2391304347826087,,,0.24952632591137006,0.2391304347826087
4qhhA_4qhfA,ShallowMsa_079,13,0.30650388090747305,0.3023255813953488,,,0.30650388090747305,0.3023255813953488
4qhhA_4qhfA,ShallowMsa_080,13,0.29137403220857805,0.2926829268292683,,,0.29137403220857805,0.2926829268292683
4qhhA_4qhfA,ShallowMsa_081,13,0.28653410543901314,0.29545454545454547,,,0.28653410543901314,0.29545454545454547
4qhhA_4qhfA,ShallowMsa_082,13,0.29254433725501533,0.2786885245901639,,,0.29254433725501533,0.2786885245901639
4qhhA_4qhfA,ShallowMsa_083,13,0.30872982802591814,0.3037974683544304,,,0.30872982802591814,0.3037974683544304
4qhhA_4qhfA,ShallowMsa_084,13,0.30379456148437334,0.30434782608695654,,,0.30379456148437334,0.30434782608695654
4rmbB_4rmbA,ShallowMsa_000,18,0.6858526171761272,0.9096830221450283,,,0.6858526171761272,0.9096830221450283
4rmbB_4rmbA,ShallowMsa_001,10,0.33034979493325534,0.3333333333333333,,,0.33034979493325534,0.3333333333333333
4rwqB_4rwnA,ShallowMsa_000,257,0.5205580225902846,0.5177514792899408,,,0.5205580225902846,0.5177514792899408
4rwqB_4rwnA,ShallowMsa_001,177,0.524064461040279,0.5339233038348082,,,0.524064461040279,0.5339233038348082
4rwqB_4rwnA,ShallowMsa_002,144,0.666978881627124,0.6973701084958491,,,0.666978881627124,0.6973701084958491
4rwqB_4rwnA,ShallowMsa_003,113,0.45014735625651553,0.4408284023668639,,,0.45014735625651553,0.4408284023668639
4rwqB_4rwnA,ShallowMsa_004,79,0.4490689993940402,0.4471299093655589,,,0.4490689993940402,0.4471299093655589
4rwqB_4rwnA,ShallowMsa_005,68,0.41274149756539485,0.4092253864210107,,,0.41274149756539485,0.4092253864210107
4rwqB_4rwnA,ShallowMsa_006,65,0.4606812418498193,0.4636363636363636,,,0.4606812418498193,0.4636363636363636
4rwqB_4rwnA,ShallowMsa_007,63,0.4551158221158836,0.4575757575757576,,,0.4551158221158836,0.4575757575757576
4rwqB_4rwnA,ShallowMsa_008,53,0.5296531210427048,0.5343283582089552,,,0.5296531210427048,0.5343283582089552
4rwqB_4rwnA,ShallowMsa_009,51,0.4322611868229976,0.43859649122807015,,,0.4322611868229976,0.43859649122807015
4rwqB_4rwnA,ShallowMsa_010,48,0.6894237597675689,0.7078474123652098,,,0.6894237597675689,0.7078474123652098
4rwqB_4rwnA,ShallowMsa_011,48,0.4692546461842819,0.459214501510574,,,0.4692546461842819,0.459214501510574
4rwqB_4rwnA,ShallowMsa_012,47,0.6224057607933292,0.6492753623188405,,,0.6224057607933292,0.6492753623188405
4rwqB_4rwnA,ShallowMsa_013,45,0.394185528800981,0.40117994100294985,,,0.394185528800981,0.40117994100294985
4rwqB_4rwnA,ShallowMsa_014,44,0.3047321474715102,0.30243667604799285,,,0.3047321474715102,0.30243667604799285
4rwqB_4rwnA,ShallowMsa_015,43,0.45539878355761265,0.4561933534743202,,,0.45539878355761265,0.4561933534743202
4rwqB_4rwnA,ShallowMsa_016,43,0.43151450923066914,0.42024539877300615,,,0.43151450923066914,0.42024539877300615
4rwqB_4rwnA,ShallowMsa_017,42,0.6062945230640358,0.6723163841807909,,,0.6062945230640358,0.6723163841807909
4rwqB_4rwnA,ShallowMsa_018,42,0.5337349428783705,0.5319767441860465,,,0.5337349428783705,0.5319767441860465
4rwqB_4rwnA,ShallowMsa_019,42,0.6347421865452676,0.6774251805985552,,,0.6347421865452676,0.6774251805985552
4rwqB_4rwnA,ShallowMsa_020,41,0.46264657374020546,0.4622356495468278,,,0.46264657374020546,0.4622356495468278
4rwqB_4rwnA,ShallowMsa_021,41,0.44792936340764683,0.45454545454545453,,,0.44792936340764683,0.45454545454545453
4rwqB_4rwnA,ShallowMsa_022,40,0.48076493513077134,0.4918529313644584,,,0.48076493513077134,0.4918529313644584
4rwqB_4rwnA,ShallowMsa_023,40,0.42892160888928615,0.4239641340254837,,,0.42892160888928615,0.4239641340254837
4rwqB_4rwnA,ShallowMsa_024,39,0.5729410044230305,0.6579710144927536,,,0.5729410044230305,0.6579710144927536
4rwqB_4rwnA,ShallowMsa_025,39,0.6944333012850612,0.7296511627906976,,,0.6944333012850612,0.7296511627906976
4rwqB_4rwnA,ShallowMsa_026,38,0.4591165354886395,0.4564890977934456,,,0.4591165354886395,0.4564890977934456
4rwqB_4rwnA,ShallowMsa_027,38,0.45105014822002576,0.4479162053235307,,,0.45105014822002576,0.4479162053235307
4rwqB_4rwnA,ShallowMsa_028,38,0.30300380248615916,0.3017543859649123,,,0.30300380248615916,0.3017543859649123
4rwqB_4rwnA,ShallowMsa_029,36,0.45348794869665937,0.4585229134058894,,,0.45348794869665937,0.4585229134058894
4rwqB_4rwnA,ShallowMsa_030,35,0.43744923627518995,0.4362017804154303,,,0.43744923627518995,0.4362017804154303
4rwqB_4rwnA,ShallowMsa_031,34,0.37974240151064254,0.3795230518071542,,,0.37974240151064254,0.3795230518071542
4rwqB_4rwnA,ShallowMsa_032,34,0.4548371837876996,0.44561933534743203,,,0.4548371837876996,0.44561933534743203
4rwqB_4rwnA,ShallowMsa_033,33,0.47850980390745906,0.45317220543806647,,,0.47850980390745906,0.45317220543806647
4rwqB_4rwnA,ShallowMsa_034,33,0.4778050680128255,0.459214501510574,,,0.4778050680128255,0.459214501510574
4rwqB_4rwnA,ShallowMsa_035,32,0.4050360680602591,0.4046858959033569,,,0.4050360680602591,0.4046858959033569
4rwqB_4rwnA,ShallowMsa_036,32,0.4433075952426859,0.44285038307811575,,,0.4433075952426859,0.44285038307811575
4rwqB_4rwnA,ShallowMsa_037,32,0.4434009498174928,0.44345630895965277,,,0.4434009498174928,0.44345630895965277
4rwqB_4rwnA,ShallowMsa_038,32,0.44172855394577715,0.43694587501014676,,,0.44172855394577715,0.43694587501014676
4rwqB_4rwnA,ShallowMsa_039,32,0.45106816779777525,0.4498201438848921,,,0.45106816779777525,0.4498201438848921
4rwqB_4rwnA,ShallowMsa_040,32,0.6489494009508079,0.6748904617458713,,,0.6489494009508079,0.6748904617458713
4rwqB_4rwnA,ShallowMsa_041,31,0.4427834151168172,0.4494047619047619,,,0.4427834151168172,0.4494047619047619
4rwqB_4rwnA,ShallowMsa_042,31,0.46376416450996716,0.463855421686747,,,0.46376416450996716,0.463855421686747
4rwqB_4rwnA,ShallowMsa_043,30,0.42382874641245893,0.42048929663608564,,,0.42382874641245893,0.42048929663608564
4rwqB_4rwnA,ShallowMsa_044,30,0.5664148386863712,0.5781034218198557,,,0.5664148386863712,0.5781034218198557
4rwqB_4rwnA,ShallowMsa_045,30,0.6520225144043128,0.6666666666666666,,,0.6520225144043128,0.6666666666666666
4rwqB_4rwnA,ShallowMsa_046,29,0.6233328616641628,0.6533333333333333,,,0.6233328616641628,0.6533333333333333
4rwqB_4rwnA,ShallowMsa_047,28,0.37381060289022744,0.3738406983087834,,,0.37381060289022744,0.3738406983087834
4rwqB_4rwnA,ShallowMsa_048,27,0.30374734724416297,0.30254777070063693,,,0.30374734724416297,0.30254777070063693
4rwqB_4rwnA,ShallowMsa_049,26,0.3902592096563579,0.3947616463397218,,,0.3902592096563579,0.3947616463397218
4rwqB_4rwnA,ShallowMsa_050,26,0.45436961908330625,0.450938703465982,,,0.45436961908330625,0.450938703465982
4rwqB_4rwnA,ShallowMsa_051,26,0.4158370193318791,0.404320987654321,,,0.4158370193318791,0.404320987654321
4rwqB_4rwnA,ShallowMsa_052,26,0.3138895012395518,0.31443298969072164,,,0.3138895012395518,0.31443298969072164
4rwqB_4rwnA,ShallowMsa_053,26,0.3001811482877177,0.3011464695167685,,,0.3001811482877177,0.3011464695167685
4rwqB_4rwnA,ShallowMsa_054,25,0.45228105712039307,0.4896142433234421,,,0.45228105712039307,0.4896142433234421
4rwqB_4rwnA,ShallowMsa_055,25,0.4002677064947545,0.4065281899109792,,,0.4002677064947545,0.4065281899109792
4rwqB_4rwnA,ShallowMsa_056,25,0.45836917538656863,0.459214501510574,,,0.45836917538656863,0.459214501510574
4rwqB_4rwnA,ShallowMsa_057,25,0.4618935647532596,0.4624624624624625,,,0.4618935647532596,0.4624624624624625
4rwqB_4rwnA,ShallowMsa_058,25,0.4641385805239854,0.46060606060606063,,,0.4641385805239854,0.46060606060606063
4rwqB_4rwnA,ShallowMsa_059,24,0.2995215458743122,0.2940093512565751,,,0.2995215458743122,0.2940093512565751
4rwqB_4rwnA,ShallowMsa_060,24,0.5737049959258624,0.5927072800808898,,,0.5737049959258624,0.5927072800808898
4rwqB_4rwnA,ShallowMsa_061,24,0.41306177806634903,0.41777430512879044,,,0.41306177806634903,0.41777430512879044
4rwqB_4rwnA,ShallowMsa_062,24,0.692349544622677,0.6894745239868099,,,0.692349544622677,0.6894745239868099
4rwqB_4rwnA,ShallowMsa_063,24,0.6841692015153876,0.6966590832490731,,,0.6841692015153876,0.6966590832490731
4rwqB_4rwnA,ShallowMsa_064,23,0.4497791305709086,0.45045045045045046,,,0.4497791305709086,0.45045045045045046
4rwqB_4rwnA,ShallowMsa_065,23,0.4272791343220204,0.420863309352518,,,0.4272791343220204,0.420863309352518
4rwqB_4rwnA,ShallowMsa_066,23,0.6191018652235069,0.6162790697674418,,,0.6191018652235069,0.6162790697674418
4rwqB_4rwnA,ShallowMsa_067,22,0.46275726142178225,0.4622356495468278,,,0.46275726142178225,0.4622356495468278
4rwqB_4rwnA,ShallowMsa_068,22,0.41532321507291653,0.40095846645367417,,,0.41532321507291653,0.40095846645367417
4rwqB_4rwnA,ShallowMsa_069,22,0.4362879396848454,0.4279141104294478,,,0.4362879396848454,0.4279141104294478
4rwqB_4rwnA,ShallowMsa_070,22,0.5253604359957449,0.5239520958083832,,,0.5253604359957449,0.5239520958083832
4rwqB_4rwnA,ShallowMsa_071,22,0.6961216892751134,0.6981125716211662,,,0.6961216892751134,0.6981125716211662
4rwqB_4rwnA,ShallowMsa_072,22,0.2890542487928873,0.2877373417721519,,,0.2890542487928873,0.2877373417721519
4rwqB_4rwnA,ShallowMsa_073,21,0.45673880720992455,0.4575757575757576,,,0.45673880720992455,0.4575757575757576
4rwqB_4rwnA,ShallowMsa_074,21,0.45464351109916135,0.4575757575757576,,,0.45464351109916135,0.4575757575757576
4rwqB_4rwnA,ShallowMsa_075,21,0.42275793965644276,0.43034055727554177,,,0.42275793965644276,0.43034055727554177
4rwqB_4rwnA,ShallowMsa_076,21,0.5753942868369424,0.5726744186046512,,,0.5753942868369424,0.5726744186046512
4rwqB_4rwnA,ShallowMsa_077,20,0.4270571243774727,0.4283613482047791,,,0.4270571243774727,0.4283613482047791
4rwqB_4rwnA,ShallowMsa_078,20,0.2913002805036006,0.28897105767184506,,,0.2913002805036006,0.28897105767184506
4rwqB_4rwnA,ShallowMsa_079,19,0.38066633262606764,0.3843537414965986,,,0.38066633262606764,0.3843537414965986
4rwqB_4rwnA,ShallowMsa_080,19,0.4095260965477116,0.4094955489614243,,,0.4095260965477116,0.4094955489614243
4rwqB_4rwnA,ShallowMsa_081,19,0.47620817081628775,0.47575757575757577,,,0.47620817081628775,0.47575757575757577
4rwqB_4rwnA,ShallowMsa_082,19,0.43833400660968513,0.43843843843843844,,,0.43833400660968513,0.43843843843843844
4rwqB_4rwnA,ShallowMsa_083,19,0.44876487287093747,0.4501510574018127,,,0.44876487287093747,0.4501510574018127
4rwqB_4rwnA,ShallowMsa_084,19,0.467206975196978,0.4691358024691358,,,0.467206975196978,0.4691358024691358
4rwqB_4rwnA,ShallowMsa_085,19,0.4020576241935104,0.39919354838709675,,,0.4020576241935104,0.39919354838709675
4rwqB_4rwnA,ShallowMsa_086,19,0.4247464001104668,0.42153846153846153,,,0.4247464001104668,0.42153846153846153
4rwqB_4rwnA,ShallowMsa_087,15,0.30370770081509324,0.3022508038585209,,,0.30370770081509324,0.3022508038585209
4rwqB_4rwnA,ShallowMsa_088,15,0.31539207100955313,0.31451612903225806,,,0.31539207100955313,0.31451612903225806
4rwqB_4rwnA,ShallowMsa_089,14,0.39319879961525767,0.3932187286600754,,,0.39319879961525767,0.3932187286600754
4rwqB_4rwnA,ShallowMsa_090,14,0.45194748686845393,0.4541363652809436,,,0.45194748686845393,0.4541363652809436
4rwqB_4rwnA,ShallowMsa_091,14,0.4028274884998083,0.4018927444794953,,,0.4028274884998083,0.4018927444794953
4rwqB_4rwnA,ShallowMsa_092,14,0.5591406991472297,0.5380116959064327,,,0.5591406991472297,0.5380116959064327
4rwqB_4rwnA,ShallowMsa_093,14,0.29710204494412923,0.2951388888888889,,,0.29710204494412923,0.2951388888888889
4rwqB_4rwnA,ShallowMsa_094,13,0.2886769429450955,0.2875,,,0.2886769429450955,0.2875
4rwqB_4rwnA,ShallowMsa_095,13,0.2837188197714699,0.2824074074074074,,,0.2837188197714699,0.2824074074074074
4tsyD_3zwgN,ShallowMsa_000,87,0.29495925927118516,0.2948717948717949,,,0.29495925927118516,0.2948717948717949
4tsyD_3zwgN,ShallowMsa_001,56,0.3120088189571119,0.31057781919850885,,,0.3120088189571119,0.31057781919850885
4tsyD_3zwgN,ShallowMsa_002,55,0.3326230392009157,0.32894736842105265,,,0.3326230392009157,0.32894736842105265
4tsyD_3zwgN,ShallowMsa_003,53,0.341679415498143,0.31333333333333335,,,0.341679415498143,0.31333333333333335
4tsyD_3zwgN,ShallowMsa_004,46,0.29142285851521554,0.2945205479452055,,,0.29142285851521554,0.2945205479452055
4tsyD_3zwgN,ShallowMsa_005,42,0.3011059104514556,0.2823529411764706,,,0.3011059104514556,0.2823529411764706
4tsyD_3zwgN,ShallowMsa_006,40,0.5796163884821354,0.571780303030303,,,0.5796163884821354,0.571780303030303
4tsyD_3zwgN,ShallowMsa_007,37,0.31774052157176763,0.3150684931506849,,,0.31774052157176763,0.3150684931506849
4tsyD_3zwgN,ShallowMsa_008,36,0.3225908765173526,0.3006849315068493,,,0.3225908765173526,0.3006849315068493
4tsyD_3zwgN,ShallowMsa_009,34,0.5982332797425499,0.6340110291674972,,,0.5982332797425499,0.6340110291674972
4tsyD_3zwgN,ShallowMsa_010,34,0.29900341050326257,0.2902585034013605,,,0.29900341050326257,0.2902585034013605
4tsyD_3zwgN,ShallowMsa_011,34,0.31138584862381413,0.3103448275862069,,,0.31138584862381413,0.3103448275862069
4tsyD_3zwgN,ShallowMsa_012,32,0.338774849913004,0.3254274682846111,,,0.338774849913004,0.3254274682846111
4tsyD_3zwgN,ShallowMsa_013,29,0.4796375788368689,0.5151515151515151,,,0.4796375788368689,0.5151515151515151
4tsyD_3zwgN,ShallowMsa_014,25,0.7187657411553963,0.6875,,,0.7187657411553963,0.6875
4tsyD_3zwgN,ShallowMsa_015,25,0.2964099880460534,0.3006535947712418,,,0.2964099880460534,0.3006535947712418
4tsyD_3zwgN,ShallowMsa_016,25,0.28185108390174296,0.2796610169491525,,,0.28185108390174296,0.2796610169491525
4tsyD_3zwgN,ShallowMsa_017,23,0.2873756620512929,0.28662420382165604,,,0.2873756620512929,0.28662420382165604
4tsyD_3zwgN,ShallowMsa_018,22,0.36567937910752035,0.3680926916221034,,,0.36567937910752035,0.3680926916221034
4tsyD_3zwgN,ShallowMsa_019,22,0.2838567019867427,0.28348214285714285,,,0.2838567019867427,0.28348214285714285
4tsyD_3zwgN,ShallowMsa_020,22,0.2924219932308072,0.2925170068027211,,,0.2924219932308072,0.2925170068027211
4tsyD_3zwgN,ShallowMsa_021,22,0.294684615614432,0.29083989052343484,,,0.294684615614432,0.29083989052343484
4tsyD_3zwgN,ShallowMsa_022,21,0.3751526922696538,0.38235294117647056,,,0.3751526922696538,0.38235294117647056
4tsyD_3zwgN,ShallowMsa_023,21,0.3055221944821636,0.3067484662576687,,,0.3055221944821636,0.3067484662576687
4tsyD_3zwgN,ShallowMsa_024,21,0.31666198243134813,0.30927835051546393,,,0.31666198243134813,0.30927835051546393
4tsyD_3zwgN,ShallowMsa_025,20,0.46672913839287933,0.4592138728323699,,,0.46672913839287933,0.4592138728323699
4tsyD_3zwgN,ShallowMsa_026,20,0.28904611853876155,0.2896551724137931,,,0.28904611853876155,0.2896551724137931
4tsyD_3zwgN,ShallowMsa_027,20,0.29747007073785187,0.2945205479452055,,,0.29747007073785187,0.2945205479452055
4tsyD_3zwgN,ShallowMsa_028,15,0.2968535927440037,0.2972972972972973,,,0.2968535927440037,0.2972972972972973
4tsyD_3zwgN,ShallowMsa_029,14,0.2705615485018055,0.27622044241037375,,,0.2705615485018055,0.27622044241037375
4tsyD_3zwgN,ShallowMsa_030,14,0.2982790631884601,0.2914197937239412,,,0.2982790631884601,0.2914197937239412
4tsyD_3zwgN,ShallowMsa_031,14,0.285353034727149,0.2827586206896552,,,0.285353034727149,0.2827586206896552
4tsyD_3zwgN,ShallowMsa_032,14,0.2820989647705833,0.28134767420481704,,,0.2820989647705833,0.28134767420481704
4tsyD_3zwgN,ShallowMsa_033,13,0.30599294661529297,0.3032258064516129,,,0.30599294661529297,0.3032258064516129
4xwsD_4y0mJ,ShallowMsa_000,1119,0.33510804421242646,0.3333333333333333,,,0.33510804421242646,0.3333333333333333
4xwsD_4y0mJ,ShallowMsa_001,629,0.3251638851605691,0.3262411347517731,,,0.3251638851605691,0.3262411347517731
4xwsD_4y0mJ,ShallowMsa_002,612,0.620501126271095,0.6230366492146597,,,0.620501126271095,0.6230366492146597
4xwsD_4y0mJ,ShallowMsa_003,590,0.4698350449181293,0.49188335429524116,,,0.4698350449181293,0.49188335429524116
4xwsD_4y0mJ,ShallowMsa_004,482,0.3390295920247973,0.3385416666666667,,,0.3390295920247973,0.3385416666666667
4xwsD_4y0mJ,ShallowMsa_005,410,0.4882783139336902,0.49305421570519004,,,0.4882783139336902,0.49305421570519004
4xwsD_4y0mJ,ShallowMsa_006,386,0.40240651311389575,0.4269255663430421,,,0.40240651311389575,0.4269255663430421
4xwsD_4y0mJ,ShallowMsa_007,378,0.3023690968097109,0.3027027027027027,,,0.3023690968097109,0.3027027027027027
4xwsD_4y0mJ,ShallowMsa_008,349,0.3022159549872631,0.3,,,0.3022159549872631,0.3
4xwsD_4y0mJ,ShallowMsa_009,309,0.3386871974308899,0.34196891191709844,,,0.3386871974308899,0.34196891191709844
4xwsD_4y0mJ,ShallowMsa_010,281,0.3241349207521607,0.32,,,0.3241349207521607,0.32
4xwsD_4y0mJ,ShallowMsa_011,279,0.3406653742779891,0.34210526315789475,,,0.3406653742779891,0.34210526315789475
4xwsD_4y0mJ,ShallowMsa_012,267,0.518045176649683,0.5412371134020618,,,0.518045176649683,0.5412371134020618
4xwsD_4y0mJ,ShallowMsa_013,263,0.30443283611392075,0.30319148936170215,,,0.30443283611392075,0.30319148936170215
4xwsD_4y0mJ,ShallowMsa_014,261,0.3318375773398165,0.3316062176165803,,,0.3318375773398165,0.3316062176165803
4xwsD_4y0mJ,ShallowMsa_015,243,0.3321040221362143,0.3316062176165803,,,0.3321040221362143,0.3316062176165803
4xwsD_4y0mJ,ShallowMsa_016,241,0.29407058328647684,0.2918918918918919,,,0.29407058328647684,0.2918918918918919
4xwsD_4y0mJ,ShallowMsa_017,232,0.31167204363050305,0.31056618819776716,,,0.31167204363050305,0.31056618819776716
4xwsD_4y0mJ,ShallowMsa_018,224,0.31188324942222284,0.31199863457927973,,,0.31188324942222284,0.31199863457927973
4xwsD_4y0mJ,ShallowMsa_019,223,0.3025310256421294,0.294478527607362,,,0.3025310256421294,0.294478527607362
4xwsD_4y0mJ,ShallowMsa_020,217,0.2919393952576362,0.2916666666666667,,,0.2919393952576362,0.2916666666666667
4xwsD_4y0mJ,ShallowMsa_021,212,0.52721062175851,0.38914823914823915,,,0.52721062175851,0.38914823914823915
4xwsD_4y0mJ,ShallowMsa_022,209,0.370853453734589,0.36,,,0.370853453734589,0.36
4xwsD_4y0mJ,ShallowMsa_023,202,0.31834712834005285,0.31781370423892097,,,0.31834712834005285,0.31781370423892097
4xwsD_4y0mJ,ShallowMsa_024,199,0.46516199523697754,0.46596858638743455,,,0.46516199523697754,0.46596858638743455
4xwsD_4y0mJ,ShallowMsa_025,197,0.3416892858072174,0.34196891191709844,,,0.3416892858072174,0.34196891191709844
4xwsD_4y0mJ,ShallowMsa_026,195,0.3057896630177322,0.30319148936170215,,,0.3057896630177322,0.30319148936170215
4xwsD_4y0mJ,ShallowMsa_027,192,0.3048887541792389,0.30607554738425535,,,0.3048887541792389,0.30607554738425535
4xwsD_4y0mJ,ShallowMsa_028,190,0.32535863911163837,0.325,,,0.32535863911163837,0.325
4xwsD_4y0mJ,ShallowMsa_029,187,0.3134288395581301,0.3125,,,0.3134288395581301,0.3125
4xwsD_4y0mJ,ShallowMsa_030,185,0.5959178639289403,0.6230366492146597,,,0.5959178639289403,0.6230366492146597
4xwsD_4y0mJ,ShallowMsa_031,185,0.3030129879539748,0.3027027027027027,,,0.3030129879539748,0.3027027027027027
4xwsD_4y0mJ,ShallowMsa_032,182,0.33454623212243423,0.3315362706347361,,,0.33454623212243423,0.3315362706347361
4xwsD_4y0mJ,ShallowMsa_033,177,0.2977387220607837,0.29838709677419356,,,0.2977387220607837,0.29838709677419356
4xwsD_4y0mJ,ShallowMsa_034,172,0.3189308350235321,0.32191208423867623,,,0.3189308350235321,0.32191208423867623
4xwsD_4y0mJ,ShallowMsa_035,172,0.3311079670633985,0.32978723404255317,,,0.3311079670633985,0.32978723404255317
4xwsD_4y0mJ,ShallowMsa_036,169,0.3420403664440231,0.34210526315789475,,,0.3420403664440231,0.34210526315789475
4xwsD_4y0mJ,ShallowMsa_037,167,0.6325516234875164,0.6391752577319587,,,0.6325516234875164,0.6391752577319587
4xwsD_4y0mJ,ShallowMsa_038,164,0.3542795642198238,0.29745817245817247,,,0.3542795642198238,0.29745817245817247
4xwsD_4y0mJ,ShallowMsa_039,163,0.4785804189920682,0.4842105263157895,,,0.4785804189920682,0.4842105263157895
4xwsD_4y0mJ,ShallowMsa_040,162,0.3471622893641108,0.35169771800242533,,,0.3471622893641108,0.35169771800242533
4xwsD_4y0mJ,ShallowMsa_041,155,0.34154784822968176,0.3411764705882353,,,0.34154784822968176,0.3411764705882353
4xwsD_4y0mJ,ShallowMsa_042,153,0.30291716856990697,0.3036649214659686,,,0.30291716856990697,0.3036649214659686
4xwsD_4y0mJ,ShallowMsa_043,151,0.4266937630995336,0.46875,,,0.4266937630995336,0.46875
4xwsD_4y0mJ,ShallowMsa_044,138,0.29694566158783964,0.29758481886141464,,,0.29694566158783964,0.29758481886141464
4xwsD_4y0mJ,ShallowMsa_045,138,0.3245558684679383,0.33245614035087717,,,0.3245558684679383,0.33245614035087717
4xwsD_4y0mJ,ShallowMsa_046,135,0.2933835276535479,0.2914285714285714,,,0.2933835276535479,0.2914285714285714
4xwsD_4y0mJ,ShallowMsa_047,135,0.32582444271737265,0.32642487046632124,,,0.32582444271737265,0.32642487046632124
4xwsD_4y0mJ,ShallowMsa_048,135,0.29230072909869453,0.2925531914893617,,,0.29230072909869453,0.2925531914893617
4xwsD_4y0mJ,ShallowMsa_049,130,0.3305254193971286,0.3235294117647059,,,0.3305254193971286,0.3235294117647059
4xwsD_4y0mJ,ShallowMsa_050,127,0.27874732863424007,0.2774869109947644,,,0.27874732863424007,0.2774869109947644
4xwsD_4y0mJ,ShallowMsa_051,127,0.5385916535054543,0.5454545454545454,,,0.5385916535054543,0.5454545454545454
4xwsD_4y0mJ,ShallowMsa_052,123,0.2983344571980069,0.29651162790697677,,,0.2983344571980069,0.29651162790697677
4xwsD_4y0mJ,ShallowMsa_053,122,0.33572725204348375,0.34338624338624335,,,0.33572725204348375,0.34338624338624335
4xwsD_4y0mJ,ShallowMsa_054,122,0.36836415332948763,0.36901578813343516,,,0.36836415332948763,0.36901578813343516
4xwsD_4y0mJ,ShallowMsa_055,121,0.32712324910901464,0.32620320855614976,,,0.32712324910901464,0.32620320855614976
4xwsD_4y0mJ,ShallowMsa_056,119,0.2754419077156707,0.273972602739726,,,0.2754419077156707,0.273972602739726
4xwsD_4y0mJ,ShallowMsa_057,118,0.30743050463143445,0.30319148936170215,,,0.30743050463143445,0.30319148936170215
4xwsD_4y0mJ,ShallowMsa_058,116,0.40192324073375363,0.43059777102330293,,,0.40192324073375363,0.43059777102330293
4xwsD_4y0mJ,ShallowMsa_059,113,0.2991087790540061,0.2903225806451613,,,0.2991087790540061,0.2903225806451613
4xwsD_4y0mJ,ShallowMsa_060,111,0.3225788263094636,0.324468085106383,,,0.3225788263094636,0.324468085106383
4xwsD_4y0mJ,ShallowMsa_061,109,0.27892055564349805,0.27927927927927926,,,0.27892055564349805,0.27927927927927926
4xwsD_4y0mJ,ShallowMsa_062,108,0.3279890565374838,0.3333333333333333,,,0.3279890565374838,0.3333333333333333
4xwsD_4y0mJ,ShallowMsa_063,106,0.34390784414164993,0.3413947163947164,,,0.34390784414164993,0.3413947163947164
4xwsD_4y0mJ,ShallowMsa_064,105,0.3319251862424101,0.3333333333333333,,,0.3319251862424101,0.3333333333333333
4xwsD_4y0mJ,ShallowMsa_065,105,0.30302902975925716,0.30412371134020616,,,0.30302902975925716,0.30412371134020616
4xwsD_4y0mJ,ShallowMsa_066,104,0.3296844341748751,0.3298699195768338,,,0.3296844341748751,0.3298699195768338
4xwsD_4y0mJ,ShallowMsa_067,97,0.33161238511754,0.3233082706766917,,,0.33161238511754,0.3233082706766917
4xwsD_4y0mJ,ShallowMsa_068,96,0.3435307718700911,0.3450945626477542,,,0.3435307718700911,0.3450945626477542
4xwsD_4y0mJ,ShallowMsa_069,92,0.2836367737138829,0.2864864864864865,,,0.2836367737138829,0.2864864864864865
4xwsD_4y0mJ,ShallowMsa_070,92,0.3008438360061455,0.2933359890735261,,,0.3008438360061455,0.2933359890735261
4xwsD_4y0mJ,ShallowMsa_071,89,0.26515225196091585,0.26506024096385544,,,0.26515225196091585,0.26506024096385544
4xwsD_4y0mJ,ShallowMsa_072,87,0.2952665666617179,0.292817679558011,,,0.2952665666617179,0.292817679558011
4xwsD_4y0mJ,ShallowMsa_073,86,0.29815317863909047,0.2962962962962963,,,0.29815317863909047,0.2962962962962963
4xwsD_4y0mJ,ShallowMsa_074,86,0.7709869274890964,0.8523142182130584,,,0.7709869274890964,0.8523142182130584
4xwsD_4y0mJ,ShallowMsa_075,85,0.35011777900020824,0.36134453781512604,,,0.35011777900020824,0.36134453781512604
4xwsD_4y0mJ,ShallowMsa_076,83,0.44606969016235415,0.45604395604395603,,,0.44606969016235415,0.45604395604395603
4xwsD_4y0mJ,ShallowMsa_077,82,0.30257239825933707,0.30434782608695654,,,0.30257239825933707,0.30434782608695654
4xwsD_4y0mJ,ShallowMsa_078,81,0.45909784291809014,0.4620253164556962,,,0.45909784291809014,0.4620253164556962
4xwsD_4y0mJ,ShallowMsa_079,81,0.3147705173320272,0.3153153153153153,,,0.3147705173320272,0.3153153153153153
4xwsD_4y0mJ,ShallowMsa_080,80,0.2991196142247481,0.29737367021276595,,,0.2991196142247481,0.29737367021276595
4xwsD_4y0mJ,ShallowMsa_081,79,0.3833093375357264,0.3875,,,0.3833093375357264,0.3875
4xwsD_4y0mJ,ShallowMsa_082,75,0.3444461232726615,0.3473684210526316,,,0.3444461232726615,0.3473684210526316
4xwsD_4y0mJ,ShallowMsa_083,74,0.35939318589636166,0.3621621621621622,,,0.35939318589636166,0.3621621621621622
4xwsD_4y0mJ,ShallowMsa_084,73,0.3433057947292216,0.3474576271186441,,,0.3433057947292216,0.3474576271186441
4xwsD_4y0mJ,ShallowMsa_085,72,0.31732850674012636,0.31666873937735773,,,0.31732850674012636,0.31666873937735773
4xwsD_4y0mJ,ShallowMsa_086,72,0.3538521352808255,0.3526315789473684,,,0.3538521352808255,0.3526315789473684
4xwsD_4y0mJ,ShallowMsa_087,71,0.3454950645261411,0.3473684210526316,,,0.3454950645261411,0.3473684210526316
4xwsD_4y0mJ,ShallowMsa_088,71,0.28786076090559276,0.2805755395683453,,,0.28786076090559276,0.2805755395683453
4xwsD_4y0mJ,ShallowMsa_089,71,0.28681702051548774,0.2875816993464052,,,0.28681702051548774,0.2875816993464052
4xwsD_4y0mJ,ShallowMsa_090,70,0.2932761387594738,0.28836408432959093,,,0.2932761387594738,0.28836408432959093
4xwsD_4y0mJ,ShallowMsa_091,70,0.3341768450567342,0.3343881856540084,,,0.3341768450567342,0.3343881856540084
4xwsD_4y0mJ,ShallowMsa_092,70,0.45823520663412953,0.47619047619047616,,,0.45823520663412953,0.47619047619047616
4xwsD_4y0mJ,ShallowMsa_093,67,0.31387253782152874,0.31443298969072164,,,0.31387253782152874,0.31443298969072164
4xwsD_4y0mJ,ShallowMsa_094,66,0.33030105946936866,0.3315648747537292,,,0.33030105946936866,0.3315648747537292
4xwsD_4y0mJ,ShallowMsa_095,64,0.2741679806521467,0.26901491655590015,,,0.2741679806521467,0.26901491655590015
4xwsD_4y0mJ,ShallowMsa_096,62,0.32231328783271523,0.3214458560193587,,,0.32231328783271523,0.3214458560193587
4xwsD_4y0mJ,ShallowMsa_097,54,0.2849120988674774,0.28610038610038613,,,0.2849120988674774,0.28610038610038613
4xwsD_4y0mJ,ShallowMsa_098,53,0.29975965698507395,0.29411764705882354,,,0.29975965698507395,0.29411764705882354
4xwsD_4y0mJ,ShallowMsa_099,40,0.2781316348932208,0.2769315926095587,,,0.2781316348932208,0.2769315926095587
4ydqB_4twaA,ShallowMsa_000,2461,0.40649788427457123,0.41148325358851673,,,0.40649788427457123,0.41148325358851673
4ydqB_4twaA,ShallowMsa_001,1714,0.5046257783735769,0.5146443514644351,,,0.5046257783735769,0.5146443514644351
4ydqB_4twaA,ShallowMsa_002,1484,0.5132130091909695,0.5125523012552301,,,0.5132130091909695,0.5125523012552301
4ydqB_4twaA,ShallowMsa_003,1194,0.4025973757590734,0.4073275862068966,,,0.4025973757590734,0.4073275862068966
4ydqB_4twaA,ShallowMsa_004,1067,0.38589406536304066,0.38362068965517243,,,0.38589406536304066,0.38362068965517243
4ydqB_4twaA,ShallowMsa_005,815,0.3232373091614896,0.32229580573951433,,,0.3232373091614896,0.32229580573951433
4ydqB_4twaA,ShallowMsa_006,595,0.4090757143049406,0.4353448275862069,,,0.4090757143049406,0.4353448275862069
4ydqB_4twaA,ShallowMsa_007,592,0.3288334142304748,0.32679738562091504,,,0.3288334142304748,0.32679738562091504
4ydqB_4twaA,ShallowMsa_008,588,0.37934057600113463,0.37948717948717947,,,0.37934057600113463,0.37948717948717947
4ydqB_4twaA,ShallowMsa_009,574,0.41415774965544544,0.4155844155844156,,,0.41415774965544544,0.4155844155844156
4ydqB_4twaA,ShallowMsa_010,573,0.3827819129374692,0.38106796116504854,,,0.3827819129374692,0.38106796116504854
4ydqB_4twaA,ShallowMsa_011,519,0.33967438592700766,0.3369330453563715,,,0.33967438592700766,0.3369330453563715
4ydqB_4twaA,ShallowMsa_012,485,0.41178050651302894,0.41252699784017277,,,0.41178050651302894,0.41252699784017277
4ydqB_4twaA,ShallowMsa_013,451,0.4027142973503898,0.40625,,,0.4027142973503898,0.40625
4ydqB_4twaA,ShallowMsa_014,428,0.41220580021650216,0.41292350513484977,,,0.41220580021650216,0.41292350513484977
4ydqB_4twaA,ShallowMsa_015,410,0.41530918920300575,0.41319635962493106,,,0.41530918920300575,0.41319635962493106
4ydqB_4twaA,ShallowMsa_016,398,0.37278131809262505,0.37432505399568033,,,0.37278131809262505,0.37432505399568033
4ydqB_4twaA,ShallowMsa_017,392,0.4024156374223291,0.40689092460037835,,,0.4024156374223291,0.40689092460037835
4ydqB_4twaA,ShallowMsa_018,386,0.28357496320536807,0.28012738853503183,,,0.28357496320536807,0.28012738853503183
4ydqB_4twaA,ShallowMsa_019,348,0.44398300916299827,0.43956043956043955,,,0.44398300916299827,0.43956043956043955
4ydqB_4twaA,ShallowMsa_020,339,0.32937653104959264,0.32967032967032966,,,0.32937653104959264,0.32967032967032966
4ydqB_4twaA,ShallowMsa_021,316,0.3684147585835926,0.375,,,0.3684147585835926,0.375
4ydqB_4twaA,ShallowMsa_022,310,0.424845117994684,0.43243243243243246,,,0.424845117994684,0.43243243243243246
4ydqB_4twaA,ShallowMsa_023,290,0.3426003063752515,0.34316770186335405,,,0.3426003063752515,0.34316770186335405
4ydqB_4twaA,ShallowMsa_024,283,0.36873064325151605,0.36683417085427134,,,0.36873064325151605,0.36683417085427134
4ydqB_4twaA,ShallowMsa_025,275,0.5351620390626108,0.5441176470588235,,,0.5351620390626108,0.5441176470588235
4ydqB_4twaA,ShallowMsa_026,250,0.47899057605457507,0.46483246181367827,,,0.47899057605457507,0.46483246181367827
4ydqB_4twaA,ShallowMsa_027,235,0.40263159000392607,0.4017094017094017,,,0.40263159000392607,0.4017094017094017
4ydqB_4twaA,ShallowMsa_028,232,0.46765047949208866,0.47102443834448204,,,0.46765047949208866,0.47102443834448204
4ydqB_4twaA,ShallowMsa_029,231,0.41338275147936226,0.4202586206896552,,,0.41338275147936226,0.4202586206896552
4ydqB_4twaA,ShallowMsa_030,226,0.3845701879786274,0.3824240389457781,,,0.3845701879786274,0.3824240389457781
4ydqB_4twaA,ShallowMsa_031,215,0.3477343082554287,0.3473451327433628,,,0.3477343082554287,0.3473451327433628
4ydqB_4twaA,ShallowMsa_032,215,0.525109511245228,0.5230125523012552,,,0.525109511245228,0.5230125523012552
4ydqB_4twaA,ShallowMsa_033,203,0.40872052675637194,0.4074074074074074,,,0.40872052675637194,0.4074074074074074
4ydqB_4twaA,ShallowMsa_034,202,0.4321537243787804,0.41845428505718285,,,0.4321537243787804,0.41845428505718285
4ydqB_4twaA,ShallowMsa_035,191,0.3771031436535901,0.39143730886850153,,,0.3771031436535901,0.39143730886850153
4ydqB_4twaA,ShallowMsa_036,189,0.4160887523640844,0.41924398625429554,,,0.4160887523640844,0.41924398625429554
4ydqB_4twaA,ShallowMsa_037,183,0.3998591032675012,0.40298507462686567,,,0.3998591032675012,0.40298507462686567
4ydqB_4twaA,ShallowMsa_038,178,0.4475957466186935,0.4730754476273742,,,0.4475957466186935,0.4730754476273742
4ydqB_4twaA,ShallowMsa_039,177,0.33896648356712084,0.3370044052863436,,,0.33896648356712084,0.3370044052863436
4ydqB_4twaA,ShallowMsa_040,162,0.38655968113361366,0.39444444444444443,,,0.38655968113361366,0.39444444444444443
4ydqB_4twaA,ShallowMsa_041,159,0.3510887501581825,0.34801762114537443,,,0.3510887501581825,0.34801762114537443
4ydqB_4twaA,ShallowMsa_042,158,0.39607940053683593,0.39826839826839827,,,0.39607940053683593,0.39826839826839827
4ydqB_4twaA,ShallowMsa_043,155,0.3856709460089022,0.396875,,,0.3856709460089022,0.396875
4ydqB_4twaA,ShallowMsa_044,139,0.4104077666004142,0.39035087719298245,,,0.4104077666004142,0.39035087719298245
4ydqB_4twaA,ShallowMsa_045,137,0.4041217454744377,0.4004329004329004,,,0.4041217454744377,0.4004329004329004
4ydqB_4twaA,ShallowMsa_046,136,0.45630870737023416,0.45610278372591007,,,0.45630870737023416,0.45610278372591007
4ydqB_4twaA,ShallowMsa_047,128,0.4082782185913797,0.3954741379310345,,,0.4082782185913797,0.3954741379310345
4ydqB_4twaA,ShallowMsa_048,127,0.42137481851921843,0.4353448275862069,,,0.42137481851921843,0.4353448275862069
4ydqB_4twaA,ShallowMsa_049,118,0.37949681804531976,0.38436830835117775,,,0.37949681804531976,0.38436830835117775
4ydqB_4twaA,ShallowMsa_050,115,0.33011873327520613,0.3146067415730337,,,0.33011873327520613,0.3146067415730337
4ydqB_4twaA,ShallowMsa_051,111,0.4020964749887758,0.40789473684210525,,,0.4020964749887758,0.40789473684210525
4ydqB_4twaA,ShallowMsa_052,102,0.3245060265251465,0.3246183640920483,,,0.3245060265251465,0.3246183640920483
4ydqB_4twaA,ShallowMsa_053,100,0.40354307153376856,0.40690834622339384,,,0.40354307153376856,0.40690834622339384
4ydqB_4twaA,ShallowMsa_054,100,0.38239138144056023,0.3817204301075269,,,0.38239138144056023,0.3817204301075269
4ydqB_4twaA,ShallowMsa_055,97,0.42569304474726316,0.4458874458874459,,,0.42569304474726316,0.4458874458874459
4ydqB_4twaA,ShallowMsa_056,95,0.3282821388657142,0.32679738562091504,,,0.3282821388657142,0.32679738562091504
4ydqB_4twaA,ShallowMsa_057,91,0.40313512129073714,0.4073275862068966,,,0.40313512129073714,0.4073275862068966
4ydqB_4twaA,ShallowMsa_058,89,0.43571341154602133,0.43942992874109266,,,0.43571341154602133,0.43942992874109266
4ydqB_4twaA,ShallowMsa_059,88,0.4072121168121846,0.40816326530612246,,,0.4072121168121846,0.40816326530612246
4ydqB_4twaA,ShallowMsa_060,86,0.37222956064104046,0.35443037974683544,,,0.37222956064104046,0.35443037974683544
4ydqB_4twaA,ShallowMsa_061,86,0.4060547842811366,0.4202605727025709,,,0.4060547842811366,0.4202605727025709
4ydqB_4twaA,ShallowMsa_062,86,0.3930309449069677,0.38569926097041063,,,0.3930309449069677,0.38569926097041063
4ydqB_4twaA,ShallowMsa_063,85,0.4223149558096577,0.42548596112311016,,,0.4223149558096577,0.42548596112311016
4ydqB_4twaA,ShallowMsa_064,82,0.34317771153853366,0.3333333333333333,,,0.34317771153853366,0.3333333333333333
4ydqB_4twaA,ShallowMsa_065,80,0.40281696752688206,0.4132548242717734,,,0.40281696752688206,0.4132548242717734
4ydqB_4twaA,ShallowMsa_066,80,0.41662634359450157,0.4215686274509804,,,0.41662634359450157,0.4215686274509804
4ydqB_4twaA,ShallowMsa_067,80,0.4112960364229691,0.4108112909408806,,,0.4112960364229691,0.4108112909408806
4ydqB_4twaA,ShallowMsa_068,75,0.4131219508524851,0.42139737991266374,,,0.4131219508524851,0.42139737991266374
4ydqB_4twaA,ShallowMsa_069,74,0.4528392092419427,0.45276808450438555,,,0.4528392092419427,0.45276808450438555
4ydqB_4twaA,ShallowMsa_070,72,0.8538024710292473,0.8993100257483102,,,0.8538024710292473,0.8993100257483102
4ydqB_4twaA,ShallowMsa_071,72,0.41624493613297087,0.4155844155844156,,,0.41624493613297087,0.4155844155844156
4ydqB_4twaA,ShallowMsa_072,69,0.4091838698097368,0.41904761904761906,,,0.4091838698097368,0.41904761904761906
4ydqB_4twaA,ShallowMsa_073,67,0.35601044569541057,0.3584905660377358,,,0.35601044569541057,0.3584905660377358
4ydqB_4twaA,ShallowMsa_074,66,0.4286146532828181,0.4090909090909091,,,0.4286146532828181,0.4090909090909091
4ydqB_4twaA,ShallowMsa_075,63,0.5210812754407443,0.5194805194805194,,,0.5210812754407443,0.5194805194805194
4ydqB_4twaA,ShallowMsa_076,61,0.4968054826768888,0.523109243697479,,,0.4968054826768888,0.523109243697479
4ydqB_4twaA,ShallowMsa_077,58,0.41356457461082907,0.4181254767353165,,,0.41356457461082907,0.4181254767353165
4ydqB_4twaA,ShallowMsa_078,55,0.4746001202895554,0.4989384288747346,,,0.4746001202895554,0.4989384288747346
4ydqB_4twaA,ShallowMsa_079,54,0.4222146523460928,0.4226579520697168,,,0.4222146523460928,0.4226579520697168
4ydqB_4twaA,ShallowMsa_080,54,0.4085123907644075,0.4229934924078091,,,0.4085123907644075,0.4229934924078091
4ydqB_4twaA,ShallowMsa_081,53,0.3958422836243894,0.38660907127429806,,,0.3958422836243894,0.38660907127429806
4ydqB_4twaA,ShallowMsa_082,52,0.5115768030296949,0.5188284518828452,,,0.5115768030296949,0.5188284518828452
4ydqB_4twaA,ShallowMsa_083,51,0.3294368673144048,0.32903225806451614,,,0.3294368673144048,0.32903225806451614
4ydqB_4twaA,ShallowMsa_084,50,0.3885953628764397,0.40043763676148797,,,0.3885953628764397,0.40043763676148797
4ydqB_4twaA,ShallowMsa_085,50,0.3679852366384312,0.3593808937058365,,,0.3679852366384312,0.3593808937058365
4ydqB_4twaA,ShallowMsa_086,49,0.4307607171205516,0.4366812227074236,,,0.4307607171205516,0.4366812227074236
4ydqB_4twaA,ShallowMsa_087,46,0.4403448318267998,0.41449891471822037,,,0.4403448318267998,0.41449891471822037
4ydqB_4twaA,ShallowMsa_088,42,0.4297224537526367,0.4318181818181818,,,0.4297224537526367,0.4318181818181818
4ydqB_4twaA,ShallowMsa_089,41,0.4586343805990745,0.47789473684210526,,,0.4586343805990745,0.47789473684210526
4ydqB_4twaA,ShallowMsa_090,40,0.4045549658291286,0.4055793991416309,,,0.4045549658291286,0.4055793991416309
4ydqB_4twaA,ShallowMsa_091,38,0.4201647815857971,0.4229934924078091,,,0.4201647815857971,0.4229934924078091
4ydqB_4twaA,ShallowMsa_092,37,0.4262808679369832,0.41830065359477125,,,0.4262808679369832,0.41830065359477125
4ydqB_4twaA,ShallowMsa_093,27,0.4384246075785008,0.4316702819956616,,,0.4384246075785008,0.4316702819956616
4ydqB_4twaA,ShallowMsa_094,23,0.4325015195134892,0.4520255863539446,,,0.4325015195134892,0.4520255863539446
4ydqB_4twaA,ShallowMsa_095,22,0.37576515952319345,0.38412017167381973,,,0.37576515952319345,0.38412017167381973
4ydqB_4twaA,ShallowMsa_096,21,0.39499940905284736,0.38362068965517243,,,0.39499940905284736,0.38362068965517243
4ydqB_4twaA,ShallowMsa_097,21,0.3924566271368781,0.403470715835141,,,0.3924566271368781,0.403470715835141
4ydqB_4twaA,ShallowMsa_098,20,0.4011323146720522,0.4160440511516179,,,0.4011323146720522,0.4160440511516179
4ydqB_4twaA,ShallowMsa_099,19,0.3448240574064459,0.3488372093023256,,,0.3448240574064459,0.3488372093023256
4yhdG_7ahlE,ShallowMsa_000,57,0.3031378108645656,0.3068181818181818,,,0.3031378108645656,0.3068181818181818
4yhdG_7ahlE,ShallowMsa_001,43,0.32139449445963253,0.31896551724137934,,,0.32139449445963253,0.31896551724137934
4yhdG_7ahlE,ShallowMsa_002,35,0.2769675682882174,0.2708333333333333,,,0.2769675682882174,0.2708333333333333
4yhdG_7ahlE,ShallowMsa_003,35,0.3520942266883086,0.352059925093633,,,0.3520942266883086,0.352059925093633
4yhdG_7ahlE,ShallowMsa_004,33,0.30120902132152994,0.2978723404255319,,,0.30120902132152994,0.2978723404255319
4yhdG_7ahlE,ShallowMsa_005,31,0.33498158635405967,0.33587786259541985,,,0.33498158635405967,0.33587786259541985
4yhdG_7ahlE,ShallowMsa_006,30,0.32841000421100175,0.3055003456619426,,,0.32841000421100175,0.3055003456619426
4yhdG_7ahlE,ShallowMsa_007,25,0.31815936319982024,0.3140495867768595,,,0.31815936319982024,0.3140495867768595
4yhdG_7ahlE,ShallowMsa_008,23,0.3778633268904543,0.37735849056603776,,,0.3778633268904543,0.37735849056603776
4yhdG_7ahlE,ShallowMsa_009,23,0.3136183358018271,0.28515625,,,0.3136183358018271,0.28515625
4yhdG_7ahlE,ShallowMsa_010,22,0.35012111880142954,0.33969465648854963,,,0.35012111880142954,0.33969465648854963
4yhdG_7ahlE,ShallowMsa_011,19,0.9540136962028068,0.9750889679715302,,,0.9540136962028068,0.9750889679715302
4yhdG_7ahlE,ShallowMsa_012,19,0.3250191267588326,0.3283018867924528,,,0.3250191267588326,0.3283018867924528
4yhdG_7ahlE,ShallowMsa_013,19,0.3065497045690164,0.30708661417322836,,,0.3065497045690164,0.30708661417322836
4yhdG_7ahlE,ShallowMsa_014,13,0.3055840940090226,0.3118279569892473,,,0.3055840940090226,0.3118279569892473
4zrbH_4zrbC,ShallowMsa_000,225,0.6046698221020097,0.6190476190476191,,,0.6046698221020097,0.6190476190476191
4zrbH_4zrbC,ShallowMsa_001,160,0.30376819576412506,0.30434782608695654,,,0.30376819576412506,0.30434782608695654
4zrbH_4zrbC,ShallowMsa_002,120,0.3020076772795575,0.2988505747126437,,,0.3020076772795575,0.2988505747126437
4zrbH_4zrbC,ShallowMsa_003,107,0.3176729727944841,0.31896551724137934,,,0.3176729727944841,0.31896551724137934
4zrbH_4zrbC,ShallowMsa_004,106,0.2986677654808241,0.3,,,0.2986677654808241,0.3
4zrbH_4zrbC,ShallowMsa_005,101,0.25773642683509634,0.25471698113207547,,,0.25773642683509634,0.25471698113207547
4zrbH_4zrbC,ShallowMsa_006,100,0.29263269823446064,0.2909302132603103,,,0.29263269823446064,0.2909302132603103
4zrbH_4zrbC,ShallowMsa_007,99,0.2936823635572728,0.29411764705882354,,,0.2936823635572728,0.29411764705882354
4zrbH_4zrbC,ShallowMsa_008,98,0.294052434145051,0.2919007490636704,,,0.294052434145051,0.2919007490636704
4zrbH_4zrbC,ShallowMsa_009,89,0.29278408333625733,0.2975206611570248,,,0.29278408333625733,0.2975206611570248
4zrbH_4zrbC,ShallowMsa_010,81,0.3062146423575157,0.30357142857142855,,,0.3062146423575157,0.30357142857142855
4zrbH_4zrbC,ShallowMsa_011,80,0.2886947248775895,0.2912264150943396,,,0.2886947248775895,0.2912264150943396
4zrbH_4zrbC,ShallowMsa_012,80,0.3059734269066254,0.30810147299509005,,,0.3059734269066254,0.30810147299509005
4zrbH_4zrbC,ShallowMsa_013,73,0.2979611132022172,0.2956521739130435,,,0.2979611132022172,0.2956521739130435
4zrbH_4zrbC,ShallowMsa_014,72,0.2853585033572619,0.28444321417273016,,,0.2853585033572619,0.28444321417273016
4zrbH_4zrbC,ShallowMsa_015,70,0.2784870406175561,0.27650356778797147,,,0.2784870406175561,0.27650356778797147
4zrbH_4zrbC,ShallowMsa_016,70,0.2791156519404535,0.27636927685066326,,,0.2791156519404535,0.27636927685066326
4zrbH_4zrbC,ShallowMsa_017,69,0.2888304845402783,0.288,,,0.2888304845402783,0.288
4zrbH_4zrbC,ShallowMsa_018,67,0.30447894696188266,0.3037974683544304,,,0.30447894696188266,0.3037974683544304
4zrbH_4zrbC,ShallowMsa_019,67,0.3603928300951373,0.3130434782608696,,,0.3603928300951373,0.3130434782608696
4zrbH_4zrbC,ShallowMsa_020,67,0.2949835651619235,0.2975206611570248,,,0.2949835651619235,0.2975206611570248
4zrbH_4zrbC,ShallowMsa_021,67,0.28764825317494847,0.2903225806451613,,,0.28764825317494847,0.2903225806451613
4zrbH_4zrbC,ShallowMsa_022,65,0.29077923753503854,0.288135593220339,,,0.29077923753503854,0.288135593220339
4zrbH_4zrbC,ShallowMsa_023,65,0.33965664603806567,0.35,,,0.33965664603806567,0.35
4zrbH_4zrbC,ShallowMsa_024,62,0.32434306592067863,0.3187123252533025,,,0.32434306592067863,0.3187123252533025
4zrbH_4zrbC,ShallowMsa_025,61,0.3103491101988381,0.30434782608695654,,,0.3103491101988381,0.30434782608695654
4zrbH_4zrbC,ShallowMsa_026,61,0.2965329441620158,0.3,,,0.2965329441620158,0.3
4zrbH_4zrbC,ShallowMsa_027,61,0.29530593884928313,0.2966101694915254,,,0.29530593884928313,0.2966101694915254
4zrbH_4zrbC,ShallowMsa_028,60,0.2941274122844366,0.29277813923227064,,,0.2941274122844366,0.29277813923227064
4zrbH_4zrbC,ShallowMsa_029,60,0.26229883329321346,0.2597402597402597,,,0.26229883329321346,0.2597402597402597
4zrbH_4zrbC,ShallowMsa_030,59,0.2864004242848856,0.2857142857142857,,,0.2864004242848856,0.2857142857142857
4zrbH_4zrbC,ShallowMsa_031,58,0.29091545839894556,0.2916869227029655,,,0.29091545839894556,0.2916869227029655
4zrbH_4zrbC,ShallowMsa_032,58,0.304636909961072,0.30086206896551726,,,0.304636909961072,0.30086206896551726
4zrbH_4zrbC,ShallowMsa_033,56,0.3105878158095513,0.30973451327433627,,,0.3105878158095513,0.30973451327433627
4zrbH_4zrbC,ShallowMsa_034,54,0.2875505167552573,0.28390804597701147,,,0.2875505167552573,0.28390804597701147
4zrbH_4zrbC,ShallowMsa_035,52,0.29571253683861715,0.2981612685560054,,,0.29571253683861715,0.2981612685560054
4zrbH_4zrbC,ShallowMsa_036,52,0.2826246175875836,0.2780193236714976,,,0.2826246175875836,0.2780193236714976
4zrbH_4zrbC,ShallowMsa_037,52,0.28952013394280196,0.2882882882882883,,,0.28952013394280196,0.2882882882882883
4zrbH_4zrbC,ShallowMsa_038,51,0.29360857209019764,0.2948717948717949,,,0.29360857209019764,0.2948717948717949
4zrbH_4zrbC,ShallowMsa_039,50,0.30150503623477065,0.2995652848936501,,,0.30150503623477065,0.2995652848936501
4zrbH_4zrbC,ShallowMsa_040,49,0.25900475451540605,0.25675675675675674,,,0.25900475451540605,0.25675675675675674
4zrbH_4zrbC,ShallowMsa_041,49,0.3033324231788531,0.3023255813953488,,,0.3033324231788531,0.3023255813953488
4zrbH_4zrbC,ShallowMsa_042,49,0.30002115764161563,0.3008849557522124,,,0.30002115764161563,0.3008849557522124
4zrbH_4zrbC,ShallowMsa_043,47,0.27628624413952846,0.27631578947368424,,,0.27628624413952846,0.27631578947368424
4zrbH_4zrbC,ShallowMsa_044,47,0.29256961968326534,0.2897196261682243,,,0.29256961968326534,0.2897196261682243
4zrbH_4zrbC,ShallowMsa_045,47,0.3028181696452002,0.30701754385964913,,,0.3028181696452002,0.30701754385964913
4zrbH_4zrbC,ShallowMsa_046,46,0.29982403580654904,0.30147858230050006,,,0.29982403580654904,0.30147858230050006
4zrbH_4zrbC,ShallowMsa_047,46,0.28832338758407156,0.28440366972477066,,,0.28832338758407156,0.28440366972477066
4zrbH_4zrbC,ShallowMsa_048,46,0.2970569802657925,0.2980769230769231,,,0.2970569802657925,0.2980769230769231
4zrbH_4zrbC,ShallowMsa_049,46,0.30794232404091587,0.31277173913043477,,,0.30794232404091587,0.31277173913043477
4zrbH_4zrbC,ShallowMsa_050,45,0.2955783203826191,0.2956521739130435,,,0.2955783203826191,0.2956521739130435
4zrbH_4zrbC,ShallowMsa_051,44,0.2787502242354838,0.27075992033093305,,,0.2787502242354838,0.27075992033093305
4zrbH_4zrbC,ShallowMsa_052,44,0.28678579838336166,0.28633540372670807,,,0.28678579838336166,0.28633540372670807
4zrbH_4zrbC,ShallowMsa_053,43,0.2872327113289571,0.2857142857142857,,,0.2872327113289571,0.2857142857142857
4zrbH_4zrbC,ShallowMsa_054,43,0.29439687939041037,0.2956521739130435,,,0.29439687939041037,0.2956521739130435
4zrbH_4zrbC,ShallowMsa_055,43,0.29653684648422385,0.29411764705882354,,,0.29653684648422385,0.29411764705882354
4zrbH_4zrbC,ShallowMsa_056,42,0.30149914503958647,0.30578512396694213,,,0.30149914503958647,0.30578512396694213
4zrbH_4zrbC,ShallowMsa_057,41,0.3003103978650103,0.2975206611570248,,,0.3003103978650103,0.2975206611570248
4zrbH_4zrbC,ShallowMsa_058,41,0.28454471287991967,0.28703703703703703,,,0.28454471287991967,0.28703703703703703
4zrbH_4zrbC,ShallowMsa_059,40,0.286692911310643,0.2882882882882883,,,0.286692911310643,0.2882882882882883
4zrbH_4zrbC,ShallowMsa_060,40,0.3406035211207711,0.3402548209366391,,,0.3406035211207711,0.3402548209366391
4zrbH_4zrbC,ShallowMsa_061,39,0.29211383685108544,0.29411764705882354,,,0.29211383685108544,0.29411764705882354
4zrbH_4zrbC,ShallowMsa_062,39,0.2813467709840768,0.2782608695652174,,,0.2813467709840768,0.2782608695652174
4zrbH_4zrbC,ShallowMsa_063,39,0.29737641191205494,0.29850746268656714,,,0.29737641191205494,0.29850746268656714
4zrbH_4zrbC,ShallowMsa_064,39,0.2881147598214993,0.28688524590163933,,,0.2881147598214993,0.28688524590163933
4zrbH_4zrbC,ShallowMsa_065,38,0.30281352311835547,0.2992537313432836,,,0.30281352311835547,0.2992537313432836
4zrbH_4zrbC,ShallowMsa_066,38,0.4523670362151759,0.4531687675070028,,,0.4523670362151759,0.4531687675070028
4zrbH_4zrbC,ShallowMsa_067,37,0.5421300797419841,0.6140350877192983,,,0.5421300797419841,0.6140350877192983
4zrbH_4zrbC,ShallowMsa_068,36,0.29068492786742106,0.288135593220339,,,0.29068492786742106,0.288135593220339
4zrbH_4zrbC,ShallowMsa_069,35,0.2924908240662059,0.2903225806451613,,,0.2924908240662059,0.2903225806451613
4zrbH_4zrbC,ShallowMsa_070,34,0.302954713451391,0.30463980463980467,,,0.302954713451391,0.30463980463980467
4zrbH_4zrbC,ShallowMsa_071,34,0.3045627033754551,0.30357142857142855,,,0.3045627033754551,0.30357142857142855
4zrbH_4zrbC,ShallowMsa_072,34,0.2834194003352158,0.27906271656271653,,,0.2834194003352158,0.27906271656271653
4zrbH_4zrbC,ShallowMsa_073,34,0.3281445689833167,0.31998798919027127,,,0.3281445689833167,0.31998798919027127
4zrbH_4zrbC,ShallowMsa_074,34,0.2953057166582989,0.29914529914529914,,,0.2953057166582989,0.29914529914529914
4zrbH_4zrbC,ShallowMsa_075,33,0.2859216686286873,0.2876712328767123,,,0.2859216686286873,0.2876712328767123
4zrbH_4zrbC,ShallowMsa_076,33,0.2881928030589447,0.2857142857142857,,,0.2881928030589447,0.2857142857142857
4zrbH_4zrbC,ShallowMsa_077,33,0.28805300727599914,0.2882882882882883,,,0.28805300727599914,0.2882882882882883
4zrbH_4zrbC,ShallowMsa_078,33,0.2746623065074976,0.2702702702702703,,,0.2746623065074976,0.2702702702702703
4zrbH_4zrbC,ShallowMsa_079,33,0.30390189816642144,0.3050847457627119,,,0.30390189816642144,0.3050847457627119
4zrbH_4zrbC,ShallowMsa_080,33,0.2994453950549769,0.29914529914529914,,,0.2994453950549769,0.29914529914529914
4zrbH_4zrbC,ShallowMsa_081,32,0.30562296040178544,0.3037051635790303,,,0.30562296040178544,0.3037051635790303
4zrbH_4zrbC,ShallowMsa_082,32,0.2936881246695562,0.29508196721311475,,,0.2936881246695562,0.29508196721311475
4zrbH_4zrbC,ShallowMsa_083,31,0.30507086403523453,0.3055555555555556,,,0.30507086403523453,0.3055555555555556
4zrbH_4zrbC,ShallowMsa_084,30,0.2938024975962702,0.287962962962963,,,0.2938024975962702,0.287962962962963
4zrbH_4zrbC,ShallowMsa_085,30,0.2977720559086865,0.29438025210084034,,,0.2977720559086865,0.29438025210084034
4zrbH_4zrbC,ShallowMsa_086,29,0.30079260564538535,0.29310344827586204,,,0.30079260564538535,0.29310344827586204
4zrbH_4zrbC,ShallowMsa_087,28,0.2985894568207163,0.29559018567639256,,,0.2985894568207163,0.29559018567639256
4zrbH_4zrbC,ShallowMsa_088,28,0.2937966331709294,0.2962642684192321,,,0.2937966331709294,0.2962642684192321
4zrbH_4zrbC,ShallowMsa_089,27,0.3065456224648112,0.3025210084033613,,,0.3065456224648112,0.3025210084033613
4zrbH_4zrbC,ShallowMsa_090,26,0.2971919992969745,0.29545454545454547,,,0.2971919992969745,0.29545454545454547
4zrbH_4zrbC,ShallowMsa_091,26,0.29695189153528706,0.2905982905982906,,,0.29695189153528706,0.2905982905982906
4zrbH_4zrbC,ShallowMsa_092,26,0.29966409864430765,0.3038961038961039,,,0.29966409864430765,0.3038961038961039
4zrbH_4zrbC,ShallowMsa_093,26,0.28676893434142625,0.2862997658079625,,,0.28676893434142625,0.2862997658079625
4zrbH_4zrbC,ShallowMsa_094,26,0.30277643339820765,0.29536390827517445,,,0.30277643339820765,0.29536390827517445
4zrbH_4zrbC,ShallowMsa_095,26,0.2856253499572517,0.28633540372670807,,,0.2856253499572517,0.28633540372670807
4zrbH_4zrbC,ShallowMsa_096,25,0.2822869795144761,0.27631578947368424,,,0.2822869795144761,0.27631578947368424
4zrbH_4zrbC,ShallowMsa_097,24,0.2883950005034254,0.28703703703703703,,,0.2883950005034254,0.28703703703703703
4zrbH_4zrbC,ShallowMsa_098,23,0.2538187582770027,0.24705882352941178,,,0.2538187582770027,0.24705882352941178
4zrbH_4zrbC,ShallowMsa_099,23,0.3468178183421278,0.35,,,0.3468178183421278,0.35
5bmyA_5b3zA,ShallowMsa_000,328,0.6425673843780412,0.6878453038674033,,,0.6425673843780412,0.6878453038674033
5bmyA_5b3zA,ShallowMsa_001,181,0.29946555343774833,0.29971181556195964,,,0.29946555343774833,0.29971181556195964
5bmyA_5b3zA,ShallowMsa_002,156,0.31458083691324745,0.3134115746056044,,,0.31458083691324745,0.3134115746056044
5bmyA_5b3zA,ShallowMsa_003,156,0.2900300885436995,0.28531464701003173,,,0.2900300885436995,0.28531464701003173
5bmyA_5b3zA,ShallowMsa_004,153,0.3033383147042902,0.2985781990521327,,,0.3033383147042902,0.2985781990521327
5bmyA_5b3zA,ShallowMsa_005,150,0.2898795346350578,0.2896266766330302,,,0.2898795346350578,0.2896266766330302
5bmyA_5b3zA,ShallowMsa_006,146,0.4648386650975806,0.4807692307692308,,,0.4648386650975806,0.4807692307692308
5bmyA_5b3zA,ShallowMsa_007,143,0.3053233484290193,0.298050139275766,,,0.3053233484290193,0.298050139275766
5bmyA_5b3zA,ShallowMsa_008,138,0.6586998051433204,0.6671207992733879,,,0.6586998051433204,0.6671207992733879
5bmyA_5b3zA,ShallowMsa_009,136,0.2885794021191775,0.2876712328767123,,,0.2885794021191775,0.2876712328767123
5bmyA_5b3zA,ShallowMsa_010,131,0.2902981461857182,0.29395604395604397,,,0.2902981461857182,0.29395604395604397
5bmyA_5b3zA,ShallowMsa_011,119,0.3081962778761274,0.3092485549132948,,,0.3081962778761274,0.3092485549132948
5bmyA_5b3zA,ShallowMsa_012,114,0.28468849688383263,0.2831988072592669,,,0.28468849688383263,0.2831988072592669
5bmyA_5b3zA,ShallowMsa_013,107,0.3379723593710308,0.3397790055248619,,,0.3379723593710308,0.3397790055248619
5bmyA_5b3zA,ShallowMsa_014,106,0.2866276402182363,0.2830996421231382,,,0.2866276402182363,0.2830996421231382
5bmyA_5b3zA,ShallowMsa_015,101,0.2828559028838351,0.2826086956521739,,,0.2828559028838351,0.2826086956521739
5bmyA_5b3zA,ShallowMsa_016,99,0.6670156666685441,0.8333333333333334,,,0.6670156666685441,0.8333333333333334
5bmyA_5b3zA,ShallowMsa_017,98,0.279978302535348,0.2770911116463929,,,0.279978302535348,0.2770911116463929
5bmyA_5b3zA,ShallowMsa_018,95,0.29106779700992835,0.2900552486187845,,,0.29106779700992835,0.2900552486187845
5bmyA_5b3zA,ShallowMsa_019,93,0.4298937478507713,0.4462809917355372,,,0.4298937478507713,0.4462809917355372
5bmyA_5b3zA,ShallowMsa_020,89,0.30285479382699143,0.296551724137931,,,0.30285479382699143,0.296551724137931
5bmyA_5b3zA,ShallowMsa_021,89,0.5368401005122202,0.5616438356164384,,,0.5368401005122202,0.5616438356164384
5bmyA_5b3zA,ShallowMsa_022,88,0.2858266340756371,0.2849162011173184,,,0.2858266340756371,0.2849162011173184
5bmyA_5b3zA,ShallowMsa_023,85,0.28312923531935524,0.27977839335180055,,,0.28312923531935524,0.27977839335180055
5bmyA_5b3zA,ShallowMsa_024,83,0.29587734359662193,0.2958904109589041,,,0.29587734359662193,0.2958904109589041
5bmyA_5b3zA,ShallowMsa_025,83,0.33483225616761375,0.3333333333333333,,,0.33483225616761375,0.3333333333333333
5bmyA_5b3zA,ShallowMsa_026,83,0.3162798386277853,0.3129251700680272,,,0.3162798386277853,0.3129251700680272
5bmyA_5b3zA,ShallowMsa_027,81,0.2839162166118257,0.28415300546448086,,,0.2839162166118257,0.28415300546448086
5bmyA_5b3zA,ShallowMsa_028,81,0.28375976147272575,0.28125,,,0.28375976147272575,0.28125
5bmyA_5b3zA,ShallowMsa_029,77,0.2834776577531432,0.2819767441860465,,,0.2834776577531432,0.2819767441860465
5bmyA_5b3zA,ShallowMsa_030,76,0.295854132731997,0.2947688360939156,,,0.295854132731997,0.2947688360939156
5bmyA_5b3zA,ShallowMsa_031,74,0.28642455692655244,0.2835205992509363,,,0.28642455692655244,0.2835205992509363
5bmyA_5b3zA,ShallowMsa_032,72,0.48377801304076207,0.5007572151789191,,,0.48377801304076207,0.5007572151789191
5bmyA_5b3zA,ShallowMsa_033,72,0.2975578570484789,0.2952158157882666,,,0.2975578570484789,0.2952158157882666
5bmyA_5b3zA,ShallowMsa_034,72,0.29591897341223283,0.29411698655567864,,,0.29591897341223283,0.29411698655567864
5bmyA_5b3zA,ShallowMsa_035,70,0.8801592153052304,0.9863756171808293,,,0.8801592153052304,0.9863756171808293
5bmyA_5b3zA,ShallowMsa_036,70,0.44272470188715607,0.453666712586674,,,0.44272470188715607,0.453666712586674
5bmyA_5b3zA,ShallowMsa_037,70,0.485200806578175,0.48402117230241676,,,0.485200806578175,0.48402117230241676
5bmyA_5b3zA,ShallowMsa_038,69,0.7202248700326922,0.7309782608695652,,,0.7202248700326922,0.7309782608695652
5bmyA_5b3zA,ShallowMsa_039,66,0.3214952112719193,0.3221643143131948,,,0.3214952112719193,0.3221643143131948
5bmyA_5b3zA,ShallowMsa_040,64,0.5908632248247585,0.5983493029381045,,,0.5908632248247585,0.5983493029381045
5bmyA_5b3zA,ShallowMsa_041,62,0.6675971212955247,0.6876712328767123,,,0.6675971212955247,0.6876712328767123
5bmyA_5b3zA,ShallowMsa_042,62,0.3012757454279439,0.30440854991498667,,,0.3012757454279439,0.30440854991498667
5bmyA_5b3zA,ShallowMsa_043,62,0.28413489662987046,0.2843199417909672,,,0.28413489662987046,0.2843199417909672
5bmyA_5b3zA,ShallowMsa_044,62,0.2812127788168133,0.278547706251164,,,0.2812127788168133,0.278547706251164
5bmyA_5b3zA,ShallowMsa_045,60,0.28191032050422404,0.28050440667296195,,,0.28191032050422404,0.28050440667296195
5bmyA_5b3zA,ShallowMsa_046,60,0.29311681168933007,0.2891891891891892,,,0.29311681168933007,0.2891891891891892
5bmyA_5b3zA,ShallowMsa_047,60,0.31407803291410796,0.31071218913437937,,,0.31407803291410796,0.31071218913437937
5bmyA_5b3zA,ShallowMsa_048,60,0.44798166003144374,0.4527777777777778,,,0.44798166003144374,0.4527777777777778
5bmyA_5b3zA,ShallowMsa_049,59,0.3807167864479709,0.3894230769230769,,,0.3807167864479709,0.3894230769230769
5bmyA_5b3zA,ShallowMsa_050,57,0.3602208869274094,0.3597560975609756,,,0.3602208869274094,0.3597560975609756
5bmyA_5b3zA,ShallowMsa_051,57,0.2867318776659506,0.28653295128939826,,,0.2867318776659506,0.28653295128939826
5bmyA_5b3zA,ShallowMsa_052,56,0.2817502432747941,0.2799990867857904,,,0.2817502432747941,0.2799990867857904
5bmyA_5b3zA,ShallowMsa_053,56,0.2751725337125794,0.273972602739726,,,0.2751725337125794,0.273972602739726
5bmyA_5b3zA,ShallowMsa_054,55,0.4464506430253129,0.4478021978021978,,,0.4464506430253129,0.4478021978021978
5bmyA_5b3zA,ShallowMsa_055,55,0.430387461304111,0.4206896551724138,,,0.430387461304111,0.4206896551724138
5bmyA_5b3zA,ShallowMsa_056,52,0.4116878429301683,0.4303615766604594,,,0.4116878429301683,0.4303615766604594
5bmyA_5b3zA,ShallowMsa_057,49,0.2843594832517769,0.28308823529411764,,,0.2843594832517769,0.28308823529411764
5bmyA_5b3zA,ShallowMsa_058,49,0.3020445512276149,0.30386740331491713,,,0.3020445512276149,0.30386740331491713
5bmyA_5b3zA,ShallowMsa_059,49,0.298355472948823,0.301994301994302,,,0.298355472948823,0.301994301994302
5bmyA_5b3zA,ShallowMsa_060,48,0.4231773516763533,0.44736478605193686,,,0.4231773516763533,0.44736478605193686
5bmyA_5b3zA,ShallowMsa_061,48,0.31537963826292453,0.3138888888888889,,,0.31537963826292453,0.3138888888888889
5bmyA_5b3zA,ShallowMsa_062,47,0.32316540189201926,0.30201342281879195,,,0.32316540189201926,0.30201342281879195
5bmyA_5b3zA,ShallowMsa_063,47,0.2969732858078568,0.2969187675070028,,,0.2969732858078568,0.2969187675070028
5bmyA_5b3zA,ShallowMsa_064,47,0.3365002541101716,0.3385093167701863,,,0.3365002541101716,0.3385093167701863
5bmyA_5b3zA,ShallowMsa_065,47,0.4507098338765213,0.45231607629427795,,,0.4507098338765213,0.45231607629427795
5bmyA_5b3zA,ShallowMsa_066,46,0.28829124961766783,0.28464345873104996,,,0.28829124961766783,0.28464345873104996
5bmyA_5b3zA,ShallowMsa_067,46,0.2947796112280343,0.2945906432748538,,,0.2947796112280343,0.2945906432748538
5bmyA_5b3zA,ShallowMsa_068,45,0.29211783193128615,0.2917771883289125,,,0.29211783193128615,0.2917771883289125
5bmyA_5b3zA,ShallowMsa_069,45,0.31082504117042414,0.3107344632768362,,,0.31082504117042414,0.3107344632768362
5bmyA_5b3zA,ShallowMsa_070,44,0.2916150117550939,0.2857142857142857,,,0.2916150117550939,0.2857142857142857
5bmyA_5b3zA,ShallowMsa_071,44,0.5173405355981578,0.5213152476686448,,,0.5173405355981578,0.5213152476686448
5bmyA_5b3zA,ShallowMsa_072,44,0.29670853844203016,0.2967032967032967,,,0.29670853844203016,0.2967032967032967
5bmyA_5b3zA,ShallowMsa_073,43,0.45498675401208927,0.47465437788018433,,,0.45498675401208927,0.47465437788018433
5bmyA_5b3zA,ShallowMsa_074,43,0.4151753705313984,0.4245810055865922,,,0.4151753705313984,0.4245810055865922
5bmyA_5b3zA,ShallowMsa_075,43,0.2785754625012338,0.2768361581920904,,,0.2785754625012338,0.2768361581920904
5bmyA_5b3zA,ShallowMsa_076,42,0.28149721106490755,0.2816678293221718,,,0.28149721106490755,0.2816678293221718
5bmyA_5b3zA,ShallowMsa_077,41,0.2959080140856506,0.3,,,0.2959080140856506,0.3
5bmyA_5b3zA,ShallowMsa_078,40,0.2889620430570238,0.28772802653399665,,,0.2889620430570238,0.28772802653399665
5bmyA_5b3zA,ShallowMsa_079,40,0.5471257027947904,0.5614070241911979,,,0.5471257027947904,0.5614070241911979
5bmyA_5b3zA,ShallowMsa_080,38,0.26342020724262394,0.2643005643005643,,,0.26342020724262394,0.2643005643005643
5bmyA_5b3zA,ShallowMsa_081,37,0.29162984453501417,0.2918454935622318,,,0.29162984453501417,0.2918454935622318
5bmyA_5b3zA,ShallowMsa_082,37,0.30243472854154846,0.3036649214659686,,,0.30243472854154846,0.3036649214659686
5bmyA_5b3zA,ShallowMsa_083,37,0.41525984709547303,0.4114441416893733,,,0.41525984709547303,0.4114441416893733
5bmyA_5b3zA,ShallowMsa_084,37,0.4349327911157487,0.43526170798898073,,,0.4349327911157487,0.43526170798898073
5bmyA_5b3zA,ShallowMsa_085,36,0.29471021730371133,0.2934002869440459,,,0.29471021730371133,0.2934002869440459
5bmyA_5b3zA,ShallowMsa_086,36,0.282813360346961,0.28330972615675165,,,0.282813360346961,0.28330972615675165
5bmyA_5b3zA,ShallowMsa_087,35,0.2960094841220476,0.29261363636363635,,,0.2960094841220476,0.29261363636363635
5bmyA_5b3zA,ShallowMsa_088,35,0.2775618259124834,0.2784090909090909,,,0.2775618259124834,0.2784090909090909
5bmyA_5b3zA,ShallowMsa_089,34,0.3067022211074626,0.3059811203961622,,,0.3067022211074626,0.3059811203961622
5bmyA_5b3zA,ShallowMsa_090,34,0.2893768133540135,0.28792254521352145,,,0.2893768133540135,0.28792254521352145
5bmyA_5b3zA,ShallowMsa_091,32,0.33581752627276285,0.3270753102267865,,,0.33581752627276285,0.3270753102267865
5bmyA_5b3zA,ShallowMsa_092,32,0.3150890618198528,0.3151726226529376,,,0.3150890618198528,0.3151726226529376
5bmyA_5b3zA,ShallowMsa_093,31,0.3297605107374764,0.322463768115942,,,0.3297605107374764,0.322463768115942
5bmyA_5b3zA,ShallowMsa_094,30,0.2868552217151798,0.2833042191901547,,,0.2868552217151798,0.2833042191901547
5bmyA_5b3zA,ShallowMsa_095,29,0.5499394174091489,0.5734072022160664,,,0.5499394174091489,0.5734072022160664
5bmyA_5b3zA,ShallowMsa_096,28,0.4285402268010202,0.42955748309320785,,,0.4285402268010202,0.42955748309320785
5bmyA_5b3zA,ShallowMsa_097,28,0.3251431827153875,0.3287163150037705,,,0.3251431827153875,0.3287163150037705
5bmyA_5b3zA,ShallowMsa_098,26,0.318047276126854,0.2877435064935065,,,0.318047276126854,0.2877435064935065
5bmyA_5b3zA,ShallowMsa_099,26,0.2811959573261456,0.28288575101434144,,,0.2811959573261456,0.28288575101434144
5c1vB_5c1vA,ShallowMsa_000,1558,0.6018435330597606,0.6035873962103471,,,0.6018435330597606,0.6035873962103471
5c1vB_5c1vA,ShallowMsa_001,1218,0.3998616846067609,0.4105477107402653,,,0.3998616846067609,0.4105477107402653
5c1vB_5c1vA,ShallowMsa_002,1076,0.34461722837933256,0.32432432432432434,,,0.34461722837933256,0.32432432432432434
5c1vB_5c1vA,ShallowMsa_003,959,0.373782602874211,0.37438423645320196,,,0.373782602874211,0.37438423645320196
5c1vB_5c1vA,ShallowMsa_004,892,0.4222960990160301,0.41727971006653325,,,0.4222960990160301,0.41727971006653325
5c1vB_5c1vA,ShallowMsa_005,872,0.38680035287039904,0.3897348309402501,,,0.38680035287039904,0.3897348309402501
5c1vB_5c1vA,ShallowMsa_006,859,0.35646869184949204,0.35036496350364965,,,0.35646869184949204,0.35036496350364965
5c1vB_5c1vA,ShallowMsa_007,813,0.37375286520770745,0.37735849056603776,,,0.37375286520770745,0.37735849056603776
5c1vB_5c1vA,ShallowMsa_008,757,0.39911513952459937,0.40086206896551724,,,0.39911513952459937,0.40086206896551724
5c1vB_5c1vA,ShallowMsa_009,750,0.41912263573529956,0.4225352112676056,,,0.41912263573529956,0.4225352112676056
5c1vB_5c1vA,ShallowMsa_010,706,0.4037072113266302,0.41592726270145625,,,0.4037072113266302,0.41592726270145625
5c1vB_5c1vA,ShallowMsa_011,670,0.34883804286669595,0.3486152162014231,,,0.34883804286669595,0.3486152162014231
5c1vB_5c1vA,ShallowMsa_012,575,0.35149517945796316,0.3453815261044177,,,0.35149517945796316,0.3453815261044177
5c1vB_5c1vA,ShallowMsa_013,553,0.4628784110272618,0.4935483870967742,,,0.4628784110272618,0.4935483870967742
5c1vB_5c1vA,ShallowMsa_014,552,0.3978282860124106,0.36658540225881886,,,0.3978282860124106,0.36658540225881886
5c1vB_5c1vA,ShallowMsa_015,537,0.35597388265348,0.3524904214559387,,,0.35597388265348,0.3524904214559387
5c1vB_5c1vA,ShallowMsa_016,504,0.3480131821955245,0.34831460674157305,,,0.3480131821955245,0.34831460674157305
5c1vB_5c1vA,ShallowMsa_017,494,0.5334966554515597,0.4424828178694158,,,0.5334966554515597,0.4424828178694158
5c1vB_5c1vA,ShallowMsa_018,465,0.36483991142594735,0.3656716417910448,,,0.36483991142594735,0.3656716417910448
5c1vB_5c1vA,ShallowMsa_019,462,0.5667204257360682,0.593138249586159,,,0.5667204257360682,0.593138249586159
5c1vB_5c1vA,ShallowMsa_020,427,0.719322484926171,0.7225806451612903,,,0.719322484926171,0.7225806451612903
5c1vB_5c1vA,ShallowMsa_021,425,0.39658112819274116,0.4078014184397163,,,0.39658112819274116,0.4078014184397163
5c1vB_5c1vA,ShallowMsa_022,410,0.3739717549581536,0.381035631035631,,,0.3739717549581536,0.381035631035631
5c1vB_5c1vA,ShallowMsa_023,388,0.680100463945114,0.7580645161290323,,,0.680100463945114,0.7580645161290323
5c1vB_5c1vA,ShallowMsa_024,362,0.3044263957452868,0.30301711084191396,,,0.3044263957452868,0.30301711084191396
5c1vB_5c1vA,ShallowMsa_025,349,0.31718835892106606,0.3157894736842105,,,0.31718835892106606,0.3157894736842105
5c1vB_5c1vA,ShallowMsa_026,343,0.3788800218770873,0.3821428571428571,,,0.3788800218770873,0.3821428571428571
5c1vB_5c1vA,ShallowMsa_027,341,0.3085001360072085,0.308,,,0.3085001360072085,0.308
5c1vB_5c1vA,ShallowMsa_028,332,0.32220691044521604,0.3079970958971824,,,0.32220691044521604,0.3079970958971824
5c1vB_5c1vA,ShallowMsa_029,314,0.40568875308877483,0.41379310344827586,,,0.40568875308877483,0.41379310344827586
5c1vB_5c1vA,ShallowMsa_030,312,0.4138374138760992,0.4169611307420495,,,0.4138374138760992,0.4169611307420495
5c1vB_5c1vA,ShallowMsa_031,300,0.3169937061635367,0.3137254901960784,,,0.3169937061635367,0.3137254901960784
5c1vB_5c1vA,ShallowMsa_032,283,0.3723888178704899,0.3737024221453287,,,0.3723888178704899,0.3737024221453287
5c1vB_5c1vA,ShallowMsa_033,273,0.7161378176983465,0.7225806451612903,,,0.7161378176983465,0.7225806451612903
5c1vB_5c1vA,ShallowMsa_034,265,0.3642373266168682,0.35984848484848486,,,0.3642373266168682,0.35984848484848486
5c1vB_5c1vA,ShallowMsa_035,262,0.3241104868359331,0.3239426141083983,,,0.3241104868359331,0.3239426141083983
5c1vB_5c1vA,ShallowMsa_036,258,0.3954532457287655,0.4043321299638989,,,0.3954532457287655,0.4043321299638989
5c1vB_5c1vA,ShallowMsa_037,253,0.6772290905146443,0.6967741935483871,,,0.6772290905146443,0.6967741935483871
5c1vB_5c1vA,ShallowMsa_038,252,0.32316965462872765,0.32182607429758736,,,0.32316965462872765,0.32182607429758736
5c1vB_5c1vA,ShallowMsa_039,247,0.3227255950047379,0.3230769230769231,,,0.3227255950047379,0.3230769230769231
5c1vB_5c1vA,ShallowMsa_040,244,0.4333786107121528,0.43478260869565216,,,0.4333786107121528,0.43478260869565216
5c1vB_5c1vA,ShallowMsa_041,236,0.4230087276009542,0.42514053938660784,,,0.4230087276009542,0.42514053938660784
5c1vB_5c1vA,ShallowMsa_042,224,0.3594765127814417,0.3584937905890395,,,0.3594765127814417,0.3584937905890395
5c1vB_5c1vA,ShallowMsa_043,220,0.35632158262444363,0.3450757575757576,,,0.35632158262444363,0.3450757575757576
5c1vB_5c1vA,ShallowMsa_044,215,0.4255996801592173,0.41818181818181815,,,0.4255996801592173,0.41818181818181815
5c1vB_5c1vA,ShallowMsa_045,215,0.5542336833929103,0.5671140939597316,,,0.5542336833929103,0.5671140939597316
5c1vB_5c1vA,ShallowMsa_046,205,0.43100094434276137,0.4326241134751773,,,0.43100094434276137,0.4326241134751773
5c1vB_5c1vA,ShallowMsa_047,203,0.3357380091044094,0.33455882352941174,,,0.3357380091044094,0.33455882352941174
5c1vB_5c1vA,ShallowMsa_048,196,0.2995471843438776,0.2967425847457627,,,0.2995471843438776,0.2967425847457627
5c1vB_5c1vA,ShallowMsa_049,195,0.796722315042594,0.8297872340425532,,,0.796722315042594,0.8297872340425532
5c1vB_5c1vA,ShallowMsa_050,191,0.42305218418172114,0.4254545454545455,,,0.42305218418172114,0.4254545454545455
5c1vB_5c1vA,ShallowMsa_051,184,0.35842924956199235,0.3515650037389168,,,0.35842924956199235,0.3515650037389168
5c1vB_5c1vA,ShallowMsa_052,179,0.4037461230658845,0.42244224422442245,,,0.4037461230658845,0.42244224422442245
5c1vB_5c1vA,ShallowMsa_053,172,0.31550172289828077,0.3153846153846154,,,0.31550172289828077,0.3153846153846154
5c1vB_5c1vA,ShallowMsa_054,171,0.3412268871352762,0.33214285714285713,,,0.3412268871352762,0.33214285714285713
5c1vB_5c1vA,ShallowMsa_055,168,0.3231814642768714,0.32,,,0.3231814642768714,0.32
5c1vB_5c1vA,ShallowMsa_056,166,0.7215038216954152,0.7290322580645161,,,0.7215038216954152,0.7290322580645161
5c1vB_5c1vA,ShallowMsa_057,162,0.4153350176622983,0.4198473282442748,,,0.4153350176622983,0.4198473282442748
5c1vB_5c1vA,ShallowMsa_058,162,0.40849930715007393,0.4176519682848797,,,0.40849930715007393,0.4176519682848797
5c1vB_5c1vA,ShallowMsa_059,160,0.8833894966343611,0.9066634030196152,,,0.8833894966343611,0.9066634030196152
5c1vB_5c1vA,ShallowMsa_060,158,0.31084827372880197,0.3114754098360656,,,0.31084827372880197,0.3114754098360656
5c1vB_5c1vA,ShallowMsa_061,150,0.4034212492423565,0.41682754182754184,,,0.4034212492423565,0.41682754182754184
5c1vB_5c1vA,ShallowMsa_062,145,0.39451919564283094,0.40145985401459855,,,0.39451919564283094,0.40145985401459855
5c1vB_5c1vA,ShallowMsa_063,144,0.40966473870001774,0.41682041820418203,,,0.40966473870001774,0.41682041820418203
5c1vB_5c1vA,ShallowMsa_064,140,0.40737100371693213,0.41637010676156583,,,0.40737100371693213,0.41637010676156583
5c1vB_5c1vA,ShallowMsa_065,133,0.3544518878983446,0.35074626865671643,,,0.3544518878983446,0.35074626865671643
5c1vB_5c1vA,ShallowMsa_066,133,0.4288206546051643,0.4301675977653631,,,0.4288206546051643,0.4301675977653631
5c1vB_5c1vA,ShallowMsa_067,132,0.39819966798896617,0.38031014687243714,,,0.39819966798896617,0.38031014687243714
5c1vB_5c1vA,ShallowMsa_068,127,0.356766389419348,0.35587188612099646,,,0.356766389419348,0.35587188612099646
5c1vB_5c1vA,ShallowMsa_069,127,0.2966111991011277,0.2975206611570248,,,0.2966111991011277,0.2975206611570248
5c1vB_5c1vA,ShallowMsa_070,124,0.3456472762394081,0.3339393939393939,,,0.3456472762394081,0.3339393939393939
5c1vB_5c1vA,ShallowMsa_071,123,0.6843102230127497,0.7130044843049327,,,0.6843102230127497,0.7130044843049327
5c1vB_5c1vA,ShallowMsa_072,122,0.35466163519911037,0.358974358974359,,,0.35466163519911037,0.358974358974359
5c1vB_5c1vA,ShallowMsa_073,120,0.7365035226360089,0.7754216472899951,,,0.7365035226360089,0.7754216472899951
5c1vB_5c1vA,ShallowMsa_074,118,0.4242899801370962,0.4247612273928063,,,0.4242899801370962,0.4247612273928063
5c1vB_5c1vA,ShallowMsa_075,114,0.4352695057750835,0.43506493506493504,,,0.4352695057750835,0.43506493506493504
5c1vB_5c1vA,ShallowMsa_076,113,0.40115809803520547,0.3951048951048951,,,0.40115809803520547,0.3951048951048951
5c1vB_5c1vA,ShallowMsa_077,109,0.3892458270807932,0.3917525773195876,,,0.3892458270807932,0.3917525773195876
5c1vB_5c1vA,ShallowMsa_078,109,0.5262613881425363,0.532258064516129,,,0.5262613881425363,0.532258064516129
5c1vB_5c1vA,ShallowMsa_079,104,0.3538375936451156,0.3526363913441024,,,0.3538375936451156,0.3526363913441024
5c1vB_5c1vA,ShallowMsa_080,92,0.34242781454998256,0.3377383643424332,,,0.34242781454998256,0.3377383643424332
5c1vB_5c1vA,ShallowMsa_081,89,0.3797092320441579,0.37809187279151946,,,0.3797092320441579,0.37809187279151946
5c1vB_5c1vA,ShallowMsa_082,89,0.3591437522299987,0.32432432432432434,,,0.3591437522299987,0.32432432432432434
5c1vB_5c1vA,ShallowMsa_083,86,0.36935414615745016,0.35961717813207794,,,0.36935414615745016,0.35961717813207794
5c1vB_5c1vA,ShallowMsa_084,83,0.33040888831545573,0.3284132841328413,,,0.33040888831545573,0.3284132841328413
5c1vB_5c1vA,ShallowMsa_085,79,0.49726660297274405,0.46905537459283386,,,0.49726660297274405,0.46905537459283386
5c1vB_5c1vA,ShallowMsa_086,74,0.3829383491890856,0.39591613850395674,,,0.3829383491890856,0.39591613850395674
5c1vB_5c1vA,ShallowMsa_087,72,0.4275824877450264,0.42805755395683454,,,0.4275824877450264,0.42805755395683454
5c1vB_5c1vA,ShallowMsa_088,70,0.34019123857251904,0.33395989974937346,,,0.34019123857251904,0.33395989974937346
5c1vB_5c1vA,ShallowMsa_089,70,0.3942058441990735,0.39926056530534143,,,0.3942058441990735,0.39926056530534143
5c1vB_5c1vA,ShallowMsa_090,67,0.3113686409229387,0.3076923076923077,,,0.3113686409229387,0.3076923076923077
5c1vB_5c1vA,ShallowMsa_091,64,0.4200676247544482,0.4225757575757576,,,0.4200676247544482,0.4225757575757576
5c1vB_5c1vA,ShallowMsa_092,62,0.3339292569205809,0.3320754716981132,,,0.3339292569205809,0.3320754716981132
5c1vB_5c1vA,ShallowMsa_093,60,0.34035009975772484,0.33672204103818454,,,0.34035009975772484,0.33672204103818454
5c1vB_5c1vA,ShallowMsa_094,55,0.3611083402647601,0.3650190114068441,,,0.3611083402647601,0.3650190114068441
5c1vB_5c1vA,ShallowMsa_095,55,0.37692169731843383,0.3798449612403101,,,0.37692169731843383,0.3798449612403101
5c1vB_5c1vA,ShallowMsa_096,52,0.33275244408917487,0.3307798218889149,,,0.33275244408917487,0.3307798218889149
5c1vB_5c1vA,ShallowMsa_097,50,0.2980665470646932,0.2956521739130435,,,0.2980665470646932,0.2956521739130435
5c1vB_5c1vA,ShallowMsa_098,42,0.39714044222935985,0.3983274950202624,,,0.39714044222935985,0.3983274950202624
5c1vB_5c1vA,ShallowMsa_099,34,0.35002413629483664,0.31707030725882196,,,0.35002413629483664,0.31707030725882196
5et5A_3ifaA,ShallowMsa_000,1659,0.39137222233185587,0.39705882352941174,,,0.39137222233185587,0.39705882352941174
5et5A_3ifaA,ShallowMsa_001,1215,0.49020560629780097,0.5036496350364964,,,0.49020560629780097,0.5036496350364964
5et5A_3ifaA,ShallowMsa_002,942,0.4139525652728278,0.42175839552238803,,,0.4139525652728278,0.42175839552238803
5et5A_3ifaA,ShallowMsa_003,788,0.3972446101040272,0.4043719473348906,,,0.3972446101040272,0.4043719473348906
5et5A_3ifaA,ShallowMsa_004,677,0.43947023837506893,0.44814814814814813,,,0.43947023837506893,0.44814814814814813
5et5A_3ifaA,ShallowMsa_005,665,0.4128032083975766,0.4129032258064516,,,0.4128032083975766,0.4129032258064516
5et5A_3ifaA,ShallowMsa_006,655,0.42511916002701117,0.4368231046931408,,,0.42511916002701117,0.4368231046931408
5et5A_3ifaA,ShallowMsa_007,631,0.4377400783054766,0.44274809160305345,,,0.4377400783054766,0.44274809160305345
5et5A_3ifaA,ShallowMsa_008,628,0.6316409368483638,0.6357142857142857,,,0.6316409368483638,0.6357142857142857
5et5A_3ifaA,ShallowMsa_009,602,0.33900099440960035,0.33760683760683763,,,0.33900099440960035,0.33760683760683763
5et5A_3ifaA,ShallowMsa_010,577,0.3145470063471774,0.308,,,0.3145470063471774,0.308
5et5A_3ifaA,ShallowMsa_011,552,0.7469365179103391,0.7801418439716312,,,0.7469365179103391,0.7801418439716312
5et5A_3ifaA,ShallowMsa_012,532,0.42822641918023563,0.4360338243316967,,,0.42822641918023563,0.4360338243316967
5et5A_3ifaA,ShallowMsa_013,508,0.45705248861818615,0.4585635359116022,,,0.45705248861818615,0.4585635359116022
5et5A_3ifaA,ShallowMsa_014,465,0.4758392672497612,0.4790874524714829,,,0.4758392672497612,0.4790874524714829
5et5A_3ifaA,ShallowMsa_015,451,0.34174656433722056,0.34080717488789236,,,0.34174656433722056,0.34080717488789236
5et5A_3ifaA,ShallowMsa_016,419,0.5955677647438536,0.6214285714285714,,,0.5955677647438536,0.6214285714285714
5et5A_3ifaA,ShallowMsa_017,407,0.4050166336726411,0.41216216216216217,,,0.4050166336726411,0.41216216216216217
5et5A_3ifaA,ShallowMsa_018,391,0.4528557494022182,0.450354609929078,,,0.4528557494022182,0.450354609929078
5et5A_3ifaA,ShallowMsa_019,355,0.365764541797246,0.37410071942446044,,,0.365764541797246,0.37410071942446044
5et5A_3ifaA,ShallowMsa_020,351,0.4672829480940067,0.47058823529411764,,,0.4672829480940067,0.47058823529411764
5et5A_3ifaA,ShallowMsa_021,325,0.4341193346148085,0.44029850746268656,,,0.4341193346148085,0.44029850746268656
5et5A_3ifaA,ShallowMsa_022,323,0.35591951827491464,0.35443037974683544,,,0.35591951827491464,0.35443037974683544
5et5A_3ifaA,ShallowMsa_023,316,0.4088352422299172,0.4083827079218785,,,0.4088352422299172,0.4083827079218785
5et5A_3ifaA,ShallowMsa_024,308,0.719432036666732,0.75177304964539,,,0.719432036666732,0.75177304964539
5et5A_3ifaA,ShallowMsa_025,306,0.4764692113486596,0.4767025089605735,,,0.4764692113486596,0.4767025089605735
5et5A_3ifaA,ShallowMsa_026,294,0.4064293981484871,0.4075498575498575,,,0.4064293981484871,0.4075498575498575
5et5A_3ifaA,ShallowMsa_027,286,0.315481706262797,0.3153415593333194,,,0.315481706262797,0.3153415593333194
5et5A_3ifaA,ShallowMsa_028,283,0.3944084244323374,0.3935018050541516,,,0.3944084244323374,0.3935018050541516
5et5A_3ifaA,ShallowMsa_029,269,0.43012673483970537,0.436046511627907,,,0.43012673483970537,0.436046511627907
5et5A_3ifaA,ShallowMsa_030,263,0.43734596569967055,0.44404332129963897,,,0.43734596569967055,0.44404332129963897
5et5A_3ifaA,ShallowMsa_031,262,0.32035551300807324,0.3181818181818182,,,0.32035551300807324,0.3181818181818182
5et5A_3ifaA,ShallowMsa_032,259,0.41492620819566195,0.41605839416058393,,,0.41492620819566195,0.41605839416058393
5et5A_3ifaA,ShallowMsa_033,247,0.4333232665402448,0.4357142857142857,,,0.4333232665402448,0.4357142857142857
5et5A_3ifaA,ShallowMsa_034,245,0.3370849832766926,0.3360655737704918,,,0.3370849832766926,0.3360655737704918
5et5A_3ifaA,ShallowMsa_035,240,0.46571381230407327,0.4731182795698925,,,0.46571381230407327,0.4731182795698925
5et5A_3ifaA,ShallowMsa_036,237,0.3597116546977115,0.35658914728682173,,,0.3597116546977115,0.35658914728682173
5et5A_3ifaA,ShallowMsa_037,235,0.40362475188026964,0.40756302521008403,,,0.40362475188026964,0.40756302521008403
5et5A_3ifaA,ShallowMsa_038,231,0.37370948546815125,0.37735849056603776,,,0.37370948546815125,0.37735849056603776
5et5A_3ifaA,ShallowMsa_039,231,0.4471875834712058,0.45161290322580644,,,0.4471875834712058,0.45161290322580644
5et5A_3ifaA,ShallowMsa_040,229,0.36257089401799014,0.36401673640167365,,,0.36257089401799014,0.36401673640167365
5et5A_3ifaA,ShallowMsa_041,229,0.45801274924932084,0.4600760456273764,,,0.45801274924932084,0.4600760456273764
5et5A_3ifaA,ShallowMsa_042,226,0.3518831855416522,0.3518131228631701,,,0.3518831855416522,0.3518131228631701
5et5A_3ifaA,ShallowMsa_043,225,0.342742316965367,0.34334763948497854,,,0.342742316965367,0.34334763948497854
5et5A_3ifaA,ShallowMsa_044,222,0.34911946572125513,0.34921535261864245,,,0.34911946572125513,0.34921535261864245
5et5A_3ifaA,ShallowMsa_045,220,0.39330736596540294,0.39447678037848605,,,0.39330736596540294,0.39447678037848605
5et5A_3ifaA,ShallowMsa_046,215,0.38910799613300046,0.39114391143911437,,,0.38910799613300046,0.39114391143911437
5et5A_3ifaA,ShallowMsa_047,215,0.3517200429409213,0.3512396694214876,,,0.3517200429409213,0.3512396694214876
5et5A_3ifaA,ShallowMsa_048,201,0.41866657127725865,0.4224137931034483,,,0.41866657127725865,0.4224137931034483
5et5A_3ifaA,ShallowMsa_049,191,0.7543816774209163,0.7725321888412017,,,0.7543816774209163,0.7725321888412017
5et5A_3ifaA,ShallowMsa_050,191,0.5312409421834664,0.5705521472392638,,,0.5312409421834664,0.5705521472392638
5et5A_3ifaA,ShallowMsa_051,188,0.3433107483468593,0.34248120300751883,,,0.3433107483468593,0.34248120300751883
5et5A_3ifaA,ShallowMsa_052,187,0.393515775806923,0.39849624060150374,,,0.393515775806923,0.39849624060150374
5et5A_3ifaA,ShallowMsa_053,187,0.46738999492399264,0.4696969696969697,,,0.46738999492399264,0.4696969696969697
5et5A_3ifaA,ShallowMsa_054,185,0.5025026760833432,0.5074074074074074,,,0.5025026760833432,0.5074074074074074
5et5A_3ifaA,ShallowMsa_055,181,0.4427468808496438,0.450199203187251,,,0.4427468808496438,0.450199203187251
5et5A_3ifaA,ShallowMsa_056,178,0.4076638054053601,0.4106203007518797,,,0.4076638054053601,0.4106203007518797
5et5A_3ifaA,ShallowMsa_057,175,0.5975385944602374,0.6294964028776978,,,0.5975385944602374,0.6294964028776978
5et5A_3ifaA,ShallowMsa_058,175,0.4274501311547332,0.43010752688172044,,,0.4274501311547332,0.43010752688172044
5et5A_3ifaA,ShallowMsa_059,175,0.47237328851951216,0.4746376811594203,,,0.47237328851951216,0.4746376811594203
5et5A_3ifaA,ShallowMsa_060,171,0.42813926911087563,0.4336917562724014,,,0.42813926911087563,0.4336917562724014
5et5A_3ifaA,ShallowMsa_061,171,0.3557430749208208,0.34962406015037595,,,0.3557430749208208,0.34962406015037595
5et5A_3ifaA,ShallowMsa_062,170,0.49752823398543555,0.5107913669064749,,,0.49752823398543555,0.5107913669064749
5et5A_3ifaA,ShallowMsa_063,168,0.45129578491813716,0.4581140350877193,,,0.45129578491813716,0.4581140350877193
5et5A_3ifaA,ShallowMsa_064,168,0.4571141727957732,0.460262775694937,,,0.4571141727957732,0.460262775694937
5et5A_3ifaA,ShallowMsa_065,165,0.34740922285913123,0.3488372093023256,,,0.34740922285913123,0.3488372093023256
5et5A_3ifaA,ShallowMsa_066,164,0.5078783229531547,0.5195968905646324,,,0.5078783229531547,0.5195968905646324
5et5A_3ifaA,ShallowMsa_067,159,0.3695664423263932,0.37055837563451777,,,0.3695664423263932,0.37055837563451777
5et5A_3ifaA,ShallowMsa_068,152,0.4044745120528361,0.40636572775221635,,,0.4044745120528361,0.40636572775221635
5et5A_3ifaA,ShallowMsa_069,145,0.4295499771193908,0.4358974358974359,,,0.4295499771193908,0.4358974358974359
5et5A_3ifaA,ShallowMsa_070,140,0.4516219553238847,0.4614055448098001,,,0.4516219553238847,0.4614055448098001
5et5A_3ifaA,ShallowMsa_071,136,0.42175182632629565,0.42246244185159765,,,0.42175182632629565,0.42246244185159765
5et5A_3ifaA,ShallowMsa_072,135,0.4077245294094773,0.40942028985507245,,,0.4077245294094773,0.40942028985507245
5et5A_3ifaA,ShallowMsa_073,134,0.46828523098995123,0.4794619264953159,,,0.46828523098995123,0.4794619264953159
5et5A_3ifaA,ShallowMsa_074,130,0.4371347728207005,0.437665477149764,,,0.4371347728207005,0.437665477149764
5et5A_3ifaA,ShallowMsa_075,129,0.4350902416362965,0.4380165289256198,,,0.4350902416362965,0.4380165289256198
5et5A_3ifaA,ShallowMsa_076,126,0.42648562818235414,0.4243377596186585,,,0.42648562818235414,0.4243377596186585
5et5A_3ifaA,ShallowMsa_077,126,0.7496467057620957,0.7630954375383928,,,0.7496467057620957,0.7630954375383928
5et5A_3ifaA,ShallowMsa_078,125,0.43949221967464375,0.44274809160305345,,,0.43949221967464375,0.44274809160305345
5et5A_3ifaA,ShallowMsa_079,124,0.6196657435206459,0.6278026905829597,,,0.6196657435206459,0.6278026905829597
5et5A_3ifaA,ShallowMsa_080,117,0.3281541414785072,0.32421875,,,0.3281541414785072,0.32421875
5et5A_3ifaA,ShallowMsa_081,114,0.3365064945560207,0.3362316107129385,,,0.3365064945560207,0.3362316107129385
5et5A_3ifaA,ShallowMsa_082,113,0.41514600042263905,0.4249084249084249,,,0.41514600042263905,0.4249084249084249
5et5A_3ifaA,ShallowMsa_083,111,0.412249721545259,0.41911764705882354,,,0.412249721545259,0.41911764705882354
5et5A_3ifaA,ShallowMsa_084,110,0.39556548898221416,0.40349969567863664,,,0.39556548898221416,0.40349969567863664
5et5A_3ifaA,ShallowMsa_085,108,0.42428398522161187,0.4172661870503597,,,0.42428398522161187,0.4172661870503597
5et5A_3ifaA,ShallowMsa_086,107,0.45560635988787035,0.4585635359116022,,,0.45560635988787035,0.4585635359116022
5et5A_3ifaA,ShallowMsa_087,105,0.36083409890185797,0.3598326359832636,,,0.36083409890185797,0.3598326359832636
5et5A_3ifaA,ShallowMsa_088,102,0.354521690194252,0.35282513637852697,,,0.354521690194252,0.35282513637852697
5et5A_3ifaA,ShallowMsa_089,102,0.4020805868990787,0.4036530442035029,,,0.4020805868990787,0.4036530442035029
5et5A_3ifaA,ShallowMsa_090,102,0.4074298392635488,0.4131197992141865,,,0.4074298392635488,0.4131197992141865
5et5A_3ifaA,ShallowMsa_091,102,0.3716900043568216,0.3695529632819228,,,0.3716900043568216,0.3695529632819228
5et5A_3ifaA,ShallowMsa_092,97,0.4185548138831464,0.42142857142857143,,,0.4185548138831464,0.42142857142857143
5et5A_3ifaA,ShallowMsa_093,94,0.3701177068917133,0.37499835904168033,,,0.3701177068917133,0.37499835904168033
5et5A_3ifaA,ShallowMsa_094,88,0.33191854988757447,0.3326330532212885,,,0.33191854988757447,0.3326330532212885
5et5A_3ifaA,ShallowMsa_095,85,0.4646330314252351,0.4666666666666667,,,0.4646330314252351,0.4666666666666667
5et5A_3ifaA,ShallowMsa_096,77,0.477110650827183,0.4785714285714286,,,0.477110650827183,0.4785714285714286
5et5A_3ifaA,ShallowMsa_097,75,0.4738018035728706,0.47619047619047616,,,0.4738018035728706,0.47619047619047616
5et5A_3ifaA,ShallowMsa_098,54,0.4253829609343577,0.42610306890561667,,,0.4253829609343577,0.42610306890561667
5et5A_3ifaA,ShallowMsa_099,54,0.4170694063440368,0.4145377128953771,,,0.4170694063440368,0.4145377128953771
5f5rB_5f3kA,ShallowMsa_000,1175,0.42489441429438624,0.4265402843601896,,,0.42489441429438624,0.4265402843601896
5f5rB_5f3kA,ShallowMsa_001,1165,0.3658871974557067,0.36538461538461536,,,0.3658871974557067,0.36538461538461536
5f5rB_5f3kA,ShallowMsa_002,1147,0.46107481900529523,0.45454545454545453,,,0.46107481900529523,0.45454545454545453
5f5rB_5f3kA,ShallowMsa_003,997,0.42496405513238594,0.4416243654822335,,,0.42496405513238594,0.4416243654822335
5f5rB_5f3kA,ShallowMsa_004,896,0.5054022048252517,0.5169906916460469,,,0.5054022048252517,0.5169906916460469
5f5rB_5f3kA,ShallowMsa_005,892,0.2940183165365605,0.2918918918918919,,,0.2940183165365605,0.2918918918918919
5f5rB_5f3kA,ShallowMsa_006,851,0.3680058793356131,0.36764705882352944,,,0.3680058793356131,0.36764705882352944
5f5rB_5f3kA,ShallowMsa_007,851,0.6815109258096498,0.6318407960199005,,,0.6815109258096498,0.6318407960199005
5f5rB_5f3kA,ShallowMsa_008,760,0.4371495045781989,0.44,,,0.4371495045781989,0.44
5f5rB_5f3kA,ShallowMsa_009,672,0.4415914816892006,0.44375,,,0.4415914816892006,0.44375
5f5rB_5f3kA,ShallowMsa_010,672,0.44929089886920875,0.45098039215686275,,,0.44929089886920875,0.45098039215686275
5f5rB_5f3kA,ShallowMsa_011,588,0.4457136988194299,0.4481851374570447,,,0.4457136988194299,0.4481851374570447
5f5rB_5f3kA,ShallowMsa_012,580,0.3809986705265719,0.35213636363636364,,,0.3809986705265719,0.35213636363636364
5f5rB_5f3kA,ShallowMsa_013,566,0.4456494363262483,0.4460498960498961,,,0.4456494363262483,0.4460498960498961
5f5rB_5f3kA,ShallowMsa_014,549,0.42936739484977865,0.43243243243243246,,,0.42936739484977865,0.43243243243243246
5f5rB_5f3kA,ShallowMsa_015,523,0.3678414820946203,0.36633663366336633,,,0.3678414820946203,0.36633663366336633
5f5rB_5f3kA,ShallowMsa_016,523,0.6143686815023868,0.6269430051813472,,,0.6143686815023868,0.6269430051813472
5f5rB_5f3kA,ShallowMsa_017,510,0.3688928212581363,0.3693444486547935,,,0.3688928212581363,0.3693444486547935
5f5rB_5f3kA,ShallowMsa_018,493,0.4069076357390491,0.40828402366863903,,,0.4069076357390491,0.40828402366863903
5f5rB_5f3kA,ShallowMsa_019,462,0.39976712120497715,0.40272050224656863,,,0.39976712120497715,0.40272050224656863
5f5rB_5f3kA,ShallowMsa_020,446,0.40315396092154476,0.4028436018957346,,,0.40315396092154476,0.4028436018957346
5f5rB_5f3kA,ShallowMsa_021,386,0.423454626379556,0.4224513172966781,,,0.423454626379556,0.4224513172966781
5f5rB_5f3kA,ShallowMsa_022,384,0.43000377559810027,0.431422315118941,,,0.43000377559810027,0.431422315118941
5f5rB_5f3kA,ShallowMsa_023,371,0.45333426701773544,0.4563106796116505,,,0.45333426701773544,0.4563106796116505
5f5rB_5f3kA,ShallowMsa_024,366,0.3912717826924065,0.40181832940985474,,,0.3912717826924065,0.40181832940985474
5f5rB_5f3kA,ShallowMsa_025,364,0.43846323381114255,0.4387755102040816,,,0.43846323381114255,0.4387755102040816
5f5rB_5f3kA,ShallowMsa_026,354,0.29825218537975334,0.29559748427672955,,,0.29825218537975334,0.29559748427672955
5f5rB_5f3kA,ShallowMsa_027,352,0.4728309391408539,0.48453443877551017,,,0.4728309391408539,0.48453443877551017
5f5rB_5f3kA,ShallowMsa_028,344,0.29170439172007967,0.2885606661379857,,,0.29170439172007967,0.2885606661379857
5f5rB_5f3kA,ShallowMsa_029,338,0.458518643111401,0.47,,,0.458518643111401,0.47
5f5rB_5f3kA,ShallowMsa_030,335,0.35855936210442285,0.3604060913705584,,,0.35855936210442285,0.3604060913705584
5f5rB_5f3kA,ShallowMsa_031,329,0.36844668348385323,0.3673469387755102,,,0.36844668348385323,0.3673469387755102
5f5rB_5f3kA,ShallowMsa_032,313,0.3365909675403943,0.3263157894736842,,,0.3365909675403943,0.3263157894736842
5f5rB_5f3kA,ShallowMsa_033,309,0.4213436960965155,0.4177215189873418,,,0.4213436960965155,0.4177215189873418
5f5rB_5f3kA,ShallowMsa_034,306,0.4293442717641576,0.42926910615589864,,,0.4293442717641576,0.42926910615589864
5f5rB_5f3kA,ShallowMsa_035,304,0.44532555749557734,0.44744111660366387,,,0.44532555749557734,0.44744111660366387
5f5rB_5f3kA,ShallowMsa_036,288,0.2991849973101194,0.29891304347826086,,,0.2991849973101194,0.29891304347826086
5f5rB_5f3kA,ShallowMsa_037,286,0.4543888414604271,0.4543135435992579,,,0.4543888414604271,0.4543135435992579
5f5rB_5f3kA,ShallowMsa_038,285,0.3302956620809517,0.33,,,0.3302956620809517,0.33
5f5rB_5f3kA,ShallowMsa_039,273,0.42615226057139793,0.42780748663101603,,,0.42615226057139793,0.42780748663101603
5f5rB_5f3kA,ShallowMsa_040,257,0.42570165044742336,0.42592592592592593,,,0.42570165044742336,0.42592592592592593
5f5rB_5f3kA,ShallowMsa_041,256,0.41126521558014795,0.41116751269035534,,,0.41126521558014795,0.41116751269035534
5f5rB_5f3kA,ShallowMsa_042,249,0.436100688957523,0.4397905759162304,,,0.436100688957523,0.4397905759162304
5f5rB_5f3kA,ShallowMsa_043,243,0.4668127245018933,0.465,,,0.4668127245018933,0.465
5f5rB_5f3kA,ShallowMsa_044,242,0.4397869274821057,0.4401750082378355,,,0.4397869274821057,0.4401750082378355
5f5rB_5f3kA,ShallowMsa_045,241,0.30830248034499624,0.3023255813953488,,,0.30830248034499624,0.3023255813953488
5f5rB_5f3kA,ShallowMsa_046,240,0.48169550715560494,0.4778644921957024,,,0.48169550715560494,0.4778644921957024
5f5rB_5f3kA,ShallowMsa_047,239,0.30486828809404093,0.3028169014084507,,,0.30486828809404093,0.3028169014084507
5f5rB_5f3kA,ShallowMsa_048,239,0.28886528953193924,0.2845528455284553,,,0.28886528953193924,0.2845528455284553
5f5rB_5f3kA,ShallowMsa_049,233,0.2921225093133595,0.29245283018867924,,,0.2921225093133595,0.29245283018867924
5f5rB_5f3kA,ShallowMsa_050,228,0.4628552809631083,0.46564737005913476,,,0.4628552809631083,0.46564737005913476
5f5rB_5f3kA,ShallowMsa_051,225,0.36104865139339165,0.36097560975609755,,,0.36104865139339165,0.36097560975609755
5f5rB_5f3kA,ShallowMsa_052,222,0.4528680147813305,0.4547727272727273,,,0.4528680147813305,0.4547727272727273
5f5rB_5f3kA,ShallowMsa_053,220,0.4604630420175526,0.4645372233400402,,,0.4604630420175526,0.4645372233400402
5f5rB_5f3kA,ShallowMsa_054,220,0.41752052017462055,0.413265306122449,,,0.41752052017462055,0.413265306122449
5f5rB_5f3kA,ShallowMsa_055,206,0.4415955624000882,0.44020725388601034,,,0.4415955624000882,0.44020725388601034
5f5rB_5f3kA,ShallowMsa_056,197,0.2946286270374155,0.29508196721311475,,,0.2946286270374155,0.29508196721311475
5f5rB_5f3kA,ShallowMsa_057,193,0.4622341387728038,0.4642857142857143,,,0.4622341387728038,0.4642857142857143
5f5rB_5f3kA,ShallowMsa_058,192,0.2854023102231188,0.281650641025641,,,0.2854023102231188,0.281650641025641
5f5rB_5f3kA,ShallowMsa_059,189,0.2935322072404356,0.2897727272727273,,,0.2935322072404356,0.2897727272727273
5f5rB_5f3kA,ShallowMsa_060,187,0.6839409874303931,0.6534090909090909,,,0.6839409874303931,0.6534090909090909
5f5rB_5f3kA,ShallowMsa_061,186,0.3171049061782015,0.31579873328641805,,,0.3171049061782015,0.31579873328641805
5f5rB_5f3kA,ShallowMsa_062,185,0.5195740328968089,0.5175879396984925,,,0.5195740328968089,0.5175879396984925
5f5rB_5f3kA,ShallowMsa_063,183,0.29325195981135654,0.2890625,,,0.29325195981135654,0.2890625
5f5rB_5f3kA,ShallowMsa_064,182,0.325913728236577,0.3230829420970266,,,0.325913728236577,0.3230829420970266
5f5rB_5f3kA,ShallowMsa_065,171,0.3086109730740344,0.30319148936170215,,,0.3086109730740344,0.30319148936170215
5f5rB_5f3kA,ShallowMsa_066,170,0.77709168341813,0.8148974766621826,,,0.77709168341813,0.8148974766621826
5f5rB_5f3kA,ShallowMsa_067,166,0.4764531340824413,0.4778543092549806,,,0.4764531340824413,0.4778543092549806
5f5rB_5f3kA,ShallowMsa_068,158,0.3559807711229291,0.35802604623939127,,,0.3559807711229291,0.35802604623939127
5f5rB_5f3kA,ShallowMsa_069,157,0.37407124435174477,0.37435897435897436,,,0.37407124435174477,0.37435897435897436
5f5rB_5f3kA,ShallowMsa_070,148,0.3221232697691218,0.32081991411701555,,,0.3221232697691218,0.32081991411701555
5f5rB_5f3kA,ShallowMsa_071,146,0.39729834317483,0.4032469232783451,,,0.39729834317483,0.4032469232783451
5f5rB_5f3kA,ShallowMsa_072,134,0.4701308148943361,0.4702941176470588,,,0.4701308148943361,0.4702941176470588
5f5rB_5f3kA,ShallowMsa_073,133,0.36739817131903435,0.36879432624113473,,,0.36739817131903435,0.36879432624113473
5f5rB_5f3kA,ShallowMsa_074,129,0.4099954654055572,0.4077669902912621,,,0.4099954654055572,0.4077669902912621
5f5rB_5f3kA,ShallowMsa_075,129,0.43786201238020805,0.4416243654822335,,,0.43786201238020805,0.4416243654822335
5f5rB_5f3kA,ShallowMsa_076,129,0.3586524634377592,0.358974358974359,,,0.3586524634377592,0.358974358974359
5f5rB_5f3kA,ShallowMsa_077,125,0.44454995828757504,0.45077720207253885,,,0.44454995828757504,0.45077720207253885
5f5rB_5f3kA,ShallowMsa_078,124,0.4577929712208563,0.45965579970319304,,,0.4577929712208563,0.45965579970319304
5f5rB_5f3kA,ShallowMsa_079,121,0.43087182626207704,0.4308510638297872,,,0.43087182626207704,0.4308510638297872
5f5rB_5f3kA,ShallowMsa_080,112,0.4568616473558987,0.4612694152581087,,,0.4568616473558987,0.4612694152581087
5f5rB_5f3kA,ShallowMsa_081,109,0.47346947782504545,0.4752475247524752,,,0.47346947782504545,0.4752475247524752
5f5rB_5f3kA,ShallowMsa_082,108,0.36228579551953255,0.3604123711340206,,,0.36228579551953255,0.3604123711340206
5f5rB_5f3kA,ShallowMsa_083,107,0.4062348977499133,0.4057971014492754,,,0.4062348977499133,0.4057971014492754
5f5rB_5f3kA,ShallowMsa_084,104,0.3433224120672393,0.3373493975903614,,,0.3433224120672393,0.3373493975903614
5f5rB_5f3kA,ShallowMsa_085,102,0.28468014446363393,0.28350515463917525,,,0.28468014446363393,0.28350515463917525
5f5rB_5f3kA,ShallowMsa_086,100,0.37563422800306756,0.38019490214175194,,,0.37563422800306756,0.38019490214175194
5f5rB_5f3kA,ShallowMsa_087,97,0.27885454308049146,0.2765957446808511,,,0.27885454308049146,0.2765957446808511
5f5rB_5f3kA,ShallowMsa_088,91,0.4429469931552194,0.4482758620689655,,,0.4429469931552194,0.4482758620689655
5f5rB_5f3kA,ShallowMsa_089,87,0.2986728953373606,0.3008130081300813,,,0.2986728953373606,0.3008130081300813
5f5rB_5f3kA,ShallowMsa_090,85,0.289706439631915,0.28484848484848485,,,0.289706439631915,0.28484848484848485
5f5rB_5f3kA,ShallowMsa_091,85,0.413319187813255,0.42727272727272725,,,0.413319187813255,0.42727272727272725
5f5rB_5f3kA,ShallowMsa_092,83,0.36624883003034814,0.36633663366336633,,,0.36624883003034814,0.36633663366336633
5f5rB_5f3kA,ShallowMsa_093,81,0.37235971975491894,0.3709677419354839,,,0.37235971975491894,0.3709677419354839
5f5rB_5f3kA,ShallowMsa_094,73,0.403112632975284,0.4020100502512563,,,0.403112632975284,0.4020100502512563
5f5rB_5f3kA,ShallowMsa_095,73,0.46574785576719413,0.4720812182741117,,,0.46574785576719413,0.4720812182741117
5f5rB_5f3kA,ShallowMsa_096,67,0.3772987191361282,0.3756345177664975,,,0.3772987191361282,0.3756345177664975
5f5rB_5f3kA,ShallowMsa_097,63,0.30723287834415874,0.30434782608695654,,,0.30723287834415874,0.30434782608695654
5f5rB_5f3kA,ShallowMsa_098,49,0.3914751233319031,0.4093567251461988,,,0.3914751233319031,0.4093567251461988
5f5rB_5f3kA,ShallowMsa_099,44,0.3673915341535699,0.36867961711711716,,,0.3673915341535699,0.36867961711711716
5hk5H_4jphB,ShallowMsa_000,222,0.663863788056872,0.7391304347826086,,,0.663863788056872,0.7391304347826086
5hk5H_4jphB,ShallowMsa_001,77,0.34821727670977864,0.358695652173913,,,0.34821727670977864,0.358695652173913
5hk5H_4jphB,ShallowMsa_002,77,0.6214464659101323,0.6306306306306306,,,0.6214464659101323,0.6306306306306306
5hk5H_4jphB,ShallowMsa_003,74,0.2751651432074126,0.27411873840445267,,,0.2751651432074126,0.27411873840445267
5hk5H_4jphB,ShallowMsa_004,68,0.28003641934696183,0.2777777777777778,,,0.28003641934696183,0.2777777777777778
5hk5H_4jphB,ShallowMsa_005,65,0.5624861228127503,0.5833333333333334,,,0.5624861228127503,0.5833333333333334
5hk5H_4jphB,ShallowMsa_006,64,0.28166711280736645,0.2831517792302106,,,0.28166711280736645,0.2831517792302106
5hk5H_4jphB,ShallowMsa_007,62,0.312236946032227,0.3058823529411765,,,0.312236946032227,0.3058823529411765
5hk5H_4jphB,ShallowMsa_008,57,0.3300777213616995,0.32967032967032966,,,0.3300777213616995,0.32967032967032966
5hk5H_4jphB,ShallowMsa_009,55,0.28975024532063165,0.288135593220339,,,0.28975024532063165,0.288135593220339
5hk5H_4jphB,ShallowMsa_010,53,0.294364153108824,0.2872340425531915,,,0.294364153108824,0.2872340425531915
5hk5H_4jphB,ShallowMsa_011,47,0.3177668112249422,0.3170731707317073,,,0.3177668112249422,0.3170731707317073
5hk5H_4jphB,ShallowMsa_012,47,0.30729147709278243,0.3076923076923077,,,0.30729147709278243,0.3076923076923077
5hk5H_4jphB,ShallowMsa_013,47,0.329504706051514,0.3333333333333333,,,0.329504706051514,0.3333333333333333
5hk5H_4jphB,ShallowMsa_014,45,0.4906134751475553,0.5045871559633027,,,0.4906134751475553,0.5045871559633027
5hk5H_4jphB,ShallowMsa_015,45,0.28719627145343074,0.28703703703703703,,,0.28719627145343074,0.28703703703703703
5hk5H_4jphB,ShallowMsa_016,44,0.27404024905519403,0.2733024691358025,,,0.27404024905519403,0.2733024691358025
5hk5H_4jphB,ShallowMsa_017,43,0.2756741323306173,0.2702702702702703,,,0.2756741323306173,0.2702702702702703
5hk5H_4jphB,ShallowMsa_018,40,0.30689194145640536,0.29912280701754385,,,0.30689194145640536,0.29912280701754385
5hk5H_4jphB,ShallowMsa_019,39,0.28841522997495816,0.28125,,,0.28841522997495816,0.28125
5hk5H_4jphB,ShallowMsa_020,39,0.2903014759785076,0.29069767441860467,,,0.2903014759785076,0.29069767441860467
5hk5H_4jphB,ShallowMsa_021,38,0.2953301735298459,0.3055072463768116,,,0.2953301735298459,0.3055072463768116
5hk5H_4jphB,ShallowMsa_022,38,0.5331940853255784,0.5315315315315315,,,0.5331940853255784,0.5315315315315315
5hk5H_4jphB,ShallowMsa_023,36,0.3219399159720602,0.3170731707317073,,,0.3219399159720602,0.3170731707317073
5hk5H_4jphB,ShallowMsa_024,36,0.36153002765650316,0.3626373626373626,,,0.36153002765650316,0.3626373626373626
5hk5H_4jphB,ShallowMsa_025,36,0.7004174977744737,0.7026785714285715,,,0.7004174977744737,0.7026785714285715
5hk5H_4jphB,ShallowMsa_026,35,0.42142430186581326,0.43,,,0.42142430186581326,0.43
5hk5H_4jphB,ShallowMsa_027,35,0.3893858763439452,0.43023255813953487,,,0.3893858763439452,0.43023255813953487
5hk5H_4jphB,ShallowMsa_028,35,0.28581943147995403,0.28703703703703703,,,0.28581943147995403,0.28703703703703703
5hk5H_4jphB,ShallowMsa_029,34,0.38932947491058384,0.3623249299719888,,,0.38932947491058384,0.3623249299719888
5hk5H_4jphB,ShallowMsa_030,34,0.6942499128838139,0.6936688311688312,,,0.6942499128838139,0.6936688311688312
5hk5H_4jphB,ShallowMsa_031,33,0.3016369105703313,0.2976190476190476,,,0.3016369105703313,0.2976190476190476
5hk5H_4jphB,ShallowMsa_032,33,0.27289695900807004,0.2716049382716049,,,0.27289695900807004,0.2716049382716049
5hk5H_4jphB,ShallowMsa_033,32,0.3940607554826149,0.4,,,0.3940607554826149,0.4
5hk5H_4jphB,ShallowMsa_034,32,0.3345602637880788,0.33695652173913043,,,0.3345602637880788,0.33695652173913043
5hk5H_4jphB,ShallowMsa_035,32,0.28857301999621665,0.28735632183908044,,,0.28857301999621665,0.28735632183908044
5hk5H_4jphB,ShallowMsa_036,32,0.5433300721317138,0.4817753533349864,,,0.5433300721317138,0.4817753533349864
5hk5H_4jphB,ShallowMsa_037,31,0.2807236181379482,0.2857142857142857,,,0.2807236181379482,0.2857142857142857
5hk5H_4jphB,ShallowMsa_038,31,0.6409887312644981,0.6818181818181818,,,0.6409887312644981,0.6818181818181818
5hk5H_4jphB,ShallowMsa_039,31,0.28337467386575615,0.28440366972477066,,,0.28337467386575615,0.28440366972477066
5hk5H_4jphB,ShallowMsa_040,30,0.43351616331334447,0.3627450980392157,,,0.43351616331334447,0.3627450980392157
5hk5H_4jphB,ShallowMsa_041,30,0.3002112607772951,0.2988505747126437,,,0.3002112607772951,0.2988505747126437
5hk5H_4jphB,ShallowMsa_042,30,0.2820530227300406,0.28383649932157395,,,0.2820530227300406,0.28383649932157395
5hk5H_4jphB,ShallowMsa_043,30,0.28660401657668316,0.28307109557109555,,,0.28660401657668316,0.28307109557109555
5hk5H_4jphB,ShallowMsa_044,29,0.6210981488149925,0.6160714285714286,,,0.6210981488149925,0.6160714285714286
5hk5H_4jphB,ShallowMsa_045,28,0.3782244560261132,0.37264200104220946,,,0.3782244560261132,0.37264200104220946
5hk5H_4jphB,ShallowMsa_046,28,0.2889136258043963,0.28778467908902694,,,0.2889136258043963,0.28778467908902694
5hk5H_4jphB,ShallowMsa_047,27,0.3080160221767263,0.3058823529411765,,,0.3080160221767263,0.3058823529411765
5hk5H_4jphB,ShallowMsa_048,27,0.2820177618008029,0.2804878048780488,,,0.2820177618008029,0.2804878048780488
5hk5H_4jphB,ShallowMsa_049,26,0.6913913395297548,0.7208758871386532,,,0.6913913395297548,0.7208758871386532
5hk5H_4jphB,ShallowMsa_050,25,0.4433153245069213,0.43636363636363634,,,0.4433153245069213,0.43636363636363634
5hk5H_4jphB,ShallowMsa_051,25,0.2813996227170559,0.2828282828282828,,,0.2813996227170559,0.2828282828282828
5hk5H_4jphB,ShallowMsa_052,24,0.32116461780989103,0.32271262087775854,,,0.32116461780989103,0.32271262087775854
5hk5H_4jphB,ShallowMsa_053,24,0.27960700707268227,0.2839506172839506,,,0.27960700707268227,0.2839506172839506
5hk5H_4jphB,ShallowMsa_054,24,0.2823853901986653,0.2848324514991182,,,0.2823853901986653,0.2848324514991182
5hk5H_4jphB,ShallowMsa_055,24,0.27402955573335114,0.2727272727272727,,,0.27402955573335114,0.2727272727272727
5hk5H_4jphB,ShallowMsa_056,23,0.3268666957769322,0.32941176470588235,,,0.3268666957769322,0.32941176470588235
5hk5H_4jphB,ShallowMsa_057,23,0.33577830099573835,0.32954545454545453,,,0.33577830099573835,0.32954545454545453
5hk5H_4jphB,ShallowMsa_058,23,0.41198335662636865,0.43373493975903615,,,0.41198335662636865,0.43373493975903615
5hk5H_4jphB,ShallowMsa_059,23,0.2840870393715065,0.28440366972477066,,,0.2840870393715065,0.28440366972477066
5hk5H_4jphB,ShallowMsa_060,23,0.2780676829883332,0.27835051546391754,,,0.2780676829883332,0.27835051546391754
5hk5H_4jphB,ShallowMsa_061,22,0.42784657815593846,0.43023255813953487,,,0.42784657815593846,0.43023255813953487
5hk5H_4jphB,ShallowMsa_062,22,0.3525306408053864,0.35133239831697055,,,0.3525306408053864,0.35133239831697055
5hk5H_4jphB,ShallowMsa_063,22,0.2819524811152233,0.277046783625731,,,0.2819524811152233,0.277046783625731
5hk5H_4jphB,ShallowMsa_064,22,0.27024543215784613,0.2710965867828613,,,0.27024543215784613,0.2710965867828613
5hk5H_4jphB,ShallowMsa_065,22,0.2780348429416697,0.27482900136798905,,,0.2780348429416697,0.27482900136798905
5hk5H_4jphB,ShallowMsa_066,22,0.4117406016157576,0.4389334862385321,,,0.4117406016157576,0.4389334862385321
5hk5H_4jphB,ShallowMsa_067,21,0.36800911971218525,0.3695652173913043,,,0.36800911971218525,0.3695652173913043
5hk5H_4jphB,ShallowMsa_068,21,0.2738861655810002,0.2839506172839506,,,0.2738861655810002,0.2839506172839506
5hk5H_4jphB,ShallowMsa_069,21,0.29013319581091596,0.2839506172839506,,,0.29013319581091596,0.2839506172839506
5hk5H_4jphB,ShallowMsa_070,21,0.28940039392212846,0.28865979381443296,,,0.28940039392212846,0.28865979381443296
5hk5H_4jphB,ShallowMsa_071,20,0.38298299754734555,0.3863113897596656,,,0.38298299754734555,0.3863113897596656
5hk5H_4jphB,ShallowMsa_072,20,0.30417077394469083,0.30147858230050006,,,0.30417077394469083,0.30147858230050006
5hk5H_4jphB,ShallowMsa_073,20,0.2763052208835341,0.27710843373493976,,,0.2763052208835341,0.27710843373493976
5hk5H_4jphB,ShallowMsa_074,20,0.2623652630913381,0.26667646194534234,,,0.2623652630913381,0.26667646194534234
5hk5H_4jphB,ShallowMsa_075,20,0.703549559641768,0.7000221631205674,,,0.703549559641768,0.7000221631205674
5hk5H_4jphB,ShallowMsa_076,20,0.5482084525336739,0.551121997471555,,,0.5482084525336739,0.551121997471555
5hk5H_4jphB,ShallowMsa_077,20,0.2876404807147382,0.2871287128712871,,,0.2876404807147382,0.2871287128712871
5hk5H_4jphB,ShallowMsa_078,19,0.2701474518117548,0.25274725274725274,,,0.2701474518117548,0.25274725274725274
5hk5H_4jphB,ShallowMsa_079,19,0.31576557779198583,0.30973451327433627,,,0.31576557779198583,0.30973451327433627
5hk5H_4jphB,ShallowMsa_080,19,0.27669907476350447,0.2755102040816326,,,0.27669907476350447,0.2755102040816326
5hk5H_4jphB,ShallowMsa_081,19,0.27590740781302564,0.2777777777777778,,,0.27590740781302564,0.2777777777777778
5hk5H_4jphB,ShallowMsa_082,16,0.29736382156006613,0.297389205792014,,,0.29736382156006613,0.297389205792014
5hk5H_4jphB,ShallowMsa_083,15,0.2883746770163224,0.2830188679245283,,,0.2883746770163224,0.2830188679245283
5hk5H_4jphB,ShallowMsa_084,15,0.32483115702691123,0.2926829268292683,,,0.32483115702691123,0.2926829268292683
5hk5H_4jphB,ShallowMsa_085,15,0.267805531629821,0.2716049382716049,,,0.267805531629821,0.2716049382716049
5hk5H_4jphB,ShallowMsa_086,14,0.3328512010714472,0.32787864309603443,,,0.3328512010714472,0.32787864309603443
5hk5H_4jphB,ShallowMsa_087,14,0.33368095231404044,0.33114035087719296,,,0.33368095231404044,0.33114035087719296
5hk5H_4jphB,ShallowMsa_088,14,0.23661474707317437,0.2345679012345679,,,0.23661474707317437,0.2345679012345679
5hk5H_4jphB,ShallowMsa_089,14,0.2831778779871857,0.28151019236290553,,,0.2831778779871857,0.28151019236290553
5hk5H_4jphB,ShallowMsa_090,14,0.5466751823231284,0.5345735643900782,,,0.5466751823231284,0.5345735643900782
5hk5H_4jphB,ShallowMsa_091,14,0.5579404471196747,0.5364079676006281,,,0.5579404471196747,0.5364079676006281
5hk5H_4jphB,ShallowMsa_092,13,0.28151004505615934,0.2857142857142857,,,0.28151004505615934,0.2857142857142857
5i2sA_5i2mA,ShallowMsa_000,16,0.31204321578901006,0.26595394736842104,,,0.31204321578901006,0.26595394736842104
5i2sA_5i2mA,ShallowMsa_001,15,0.3267657964306893,0.32917705735660846,,,0.3267657964306893,0.32917705735660846
5i2sA_5i2mA,ShallowMsa_002,11,0.42645216715461576,0.4014962593516209,,,0.42645216715461576,0.4014962593516209
5i2sA_5i2mA,ShallowMsa_003,10,0.41265992029927334,0.4207920792079208,,,0.41265992029927334,0.4207920792079208
5i2sA_5i2mA,ShallowMsa_004,9,0.274415064374855,0.27414330218068533,,,0.274415064374855,0.27414330218068533
5i2sA_5i2mA,ShallowMsa_005,9,0.26735727378312496,0.26063829787234044,,,0.26735727378312496,0.26063829787234044
5jytA_2qkeE,ShallowMsa_000,1582,0.4621751420074623,0.4691358024691358,,,0.4621751420074623,0.4691358024691358
5jytA_2qkeE,ShallowMsa_001,1186,0.47745130163501487,0.4523809523809524,,,0.47745130163501487,0.4523809523809524
5jytA_2qkeE,ShallowMsa_002,428,0.4063934659191325,0.4083827079218785,,,0.4063934659191325,0.4083827079218785
5jytA_2qkeE,ShallowMsa_003,377,0.41424631042527976,0.4157303370786517,,,0.41424631042527976,0.4157303370786517
5jytA_2qkeE,ShallowMsa_004,362,0.3972282655559434,0.39765881708652795,,,0.3972282655559434,0.39765881708652795
5jytA_2qkeE,ShallowMsa_005,342,0.4373712450483267,0.4367816091954023,,,0.4373712450483267,0.4367816091954023
5jytA_2qkeE,ShallowMsa_006,286,0.4690475966971703,0.4728228760486825,,,0.4690475966971703,0.4728228760486825
5jytA_2qkeE,ShallowMsa_007,277,0.4496454479993876,0.45054945054945056,,,0.4496454479993876,0.45054945054945056
5jytA_2qkeE,ShallowMsa_008,254,0.47506475762411976,0.47700845665961944,,,0.47506475762411976,0.47700845665961944
5jytA_2qkeE,ShallowMsa_009,239,0.43166009412295003,0.43617021276595747,,,0.43166009412295003,0.43617021276595747
5jytA_2qkeE,ShallowMsa_010,237,0.4240294756411503,0.42391304347826086,,,0.4240294756411503,0.42391304347826086
5jytA_2qkeE,ShallowMsa_011,222,0.3368681529063902,0.3283582089552239,,,0.3368681529063902,0.3283582089552239
5jytA_2qkeE,ShallowMsa_012,191,0.7530386263135049,0.8163265306122449,,,0.7530386263135049,0.8163265306122449
5jytA_2qkeE,ShallowMsa_013,188,0.42868198975393856,0.4294019933554817,,,0.42868198975393856,0.4294019933554817
5jytA_2qkeE,ShallowMsa_014,175,0.4209149875939438,0.41935483870967744,,,0.4209149875939438,0.41935483870967744
5jytA_2qkeE,ShallowMsa_015,174,0.4219061518815319,0.42460019990004993,,,0.4219061518815319,0.42460019990004993
5jytA_2qkeE,ShallowMsa_016,174,0.3899991887990455,0.388562091503268,,,0.3899991887990455,0.388562091503268
5jytA_2qkeE,ShallowMsa_017,159,0.3651299463380137,0.36363636363636365,,,0.3651299463380137,0.36363636363636365
5jytA_2qkeE,ShallowMsa_018,151,0.4122944905340979,0.4157303370786517,,,0.4122944905340979,0.4157303370786517
5jytA_2qkeE,ShallowMsa_019,146,0.3897747923002075,0.38095238095238093,,,0.3897747923002075,0.38095238095238093
5jytA_2qkeE,ShallowMsa_020,146,0.4008528002310461,0.40217391304347827,,,0.4008528002310461,0.40217391304347827
5jytA_2qkeE,ShallowMsa_021,146,0.3994456215320759,0.4,,,0.3994456215320759,0.4
5jytA_2qkeE,ShallowMsa_022,144,0.43385059273103405,0.44788838612368026,,,0.43385059273103405,0.44788838612368026
5jytA_2qkeE,ShallowMsa_023,141,0.37252677177110444,0.37349397590361444,,,0.37252677177110444,0.37349397590361444
5jytA_2qkeE,ShallowMsa_024,141,0.4489532540525654,0.45652173913043476,,,0.4489532540525654,0.45652173913043476
5jytA_2qkeE,ShallowMsa_025,139,0.3982435551965742,0.3977272727272727,,,0.3982435551965742,0.3977272727272727
5jytA_2qkeE,ShallowMsa_026,136,0.43069962970988407,0.4262046204620462,,,0.43069962970988407,0.4262046204620462
5jytA_2qkeE,ShallowMsa_027,133,0.40420825482546335,0.40860215053763443,,,0.40420825482546335,0.40860215053763443
5jytA_2qkeE,ShallowMsa_028,133,0.37008549659165924,0.3695652173913043,,,0.37008549659165924,0.3695652173913043
5jytA_2qkeE,ShallowMsa_029,129,0.43947428695429963,0.4444444444444444,,,0.43947428695429963,0.4444444444444444
5jytA_2qkeE,ShallowMsa_030,127,0.3306272693719853,0.3333333333333333,,,0.3306272693719853,0.3333333333333333
5jytA_2qkeE,ShallowMsa_031,126,0.33310275540513057,0.32885724585436193,,,0.33310275540513057,0.32885724585436193
5jytA_2qkeE,ShallowMsa_032,126,0.47757007976207766,0.4829523440526928,,,0.47757007976207766,0.4829523440526928
5jytA_2qkeE,ShallowMsa_033,124,0.4335286024792241,0.43169856459330147,,,0.4335286024792241,0.43169856459330147
5jytA_2qkeE,ShallowMsa_034,120,0.48519198438929206,0.4946754276651184,,,0.48519198438929206,0.4946754276651184
5jytA_2qkeE,ShallowMsa_035,119,0.43197793323145023,0.4375,,,0.43197793323145023,0.4375
5jytA_2qkeE,ShallowMsa_036,119,0.41929800789724686,0.4186046511627907,,,0.41929800789724686,0.4186046511627907
5jytA_2qkeE,ShallowMsa_037,115,0.40449821633409205,0.40384615384615385,,,0.40449821633409205,0.40384615384615385
5jytA_2qkeE,ShallowMsa_038,114,0.3951799674382927,0.39591540534936764,,,0.3951799674382927,0.39591540534936764
5jytA_2qkeE,ShallowMsa_039,114,0.4198027166660166,0.4222222222222222,,,0.4198027166660166,0.4222222222222222
5jytA_2qkeE,ShallowMsa_040,113,0.3693229596366435,0.37254901960784315,,,0.3693229596366435,0.37254901960784315
5jytA_2qkeE,ShallowMsa_041,112,0.305247614168285,0.30434782608695654,,,0.305247614168285,0.30434782608695654
5jytA_2qkeE,ShallowMsa_042,112,0.45051242320908264,0.45454545454545453,,,0.45051242320908264,0.45454545454545453
5jytA_2qkeE,ShallowMsa_043,110,0.8074392671639482,0.8181818181818182,,,0.8074392671639482,0.8181818181818182
5jytA_2qkeE,ShallowMsa_044,107,0.3144941336173838,0.30927835051546393,,,0.3144941336173838,0.30927835051546393
5jytA_2qkeE,ShallowMsa_045,106,0.37593876438772095,0.38202247191011235,,,0.37593876438772095,0.38202247191011235
5jytA_2qkeE,ShallowMsa_046,102,0.345601580511534,0.34266144814090016,,,0.345601580511534,0.34266144814090016
5jytA_2qkeE,ShallowMsa_047,101,0.3803694993248372,0.38202247191011235,,,0.3803694993248372,0.38202247191011235
5jytA_2qkeE,ShallowMsa_048,101,0.3850325263390909,0.3880597014925373,,,0.3850325263390909,0.3880597014925373
5jytA_2qkeE,ShallowMsa_049,99,0.4836032452982636,0.48314606741573035,,,0.4836032452982636,0.48314606741573035
5jytA_2qkeE,ShallowMsa_050,97,0.37799550025038947,0.37735849056603776,,,0.37799550025038947,0.37735849056603776
5jytA_2qkeE,ShallowMsa_051,96,0.36951270008160125,0.37032476527628133,,,0.36951270008160125,0.37032476527628133
5jytA_2qkeE,ShallowMsa_052,95,0.440430113620422,0.4393939393939394,,,0.440430113620422,0.4393939393939394
5jytA_2qkeE,ShallowMsa_053,95,0.43001508702317265,0.42696629213483145,,,0.43001508702317265,0.42696629213483145
5jytA_2qkeE,ShallowMsa_054,93,0.3984548774849975,0.4,,,0.3984548774849975,0.4
5jytA_2qkeE,ShallowMsa_055,92,0.3566927388659948,0.3575837742504409,,,0.3566927388659948,0.3575837742504409
5jytA_2qkeE,ShallowMsa_056,90,0.44147953126345896,0.43918010752688175,,,0.44147953126345896,0.43918010752688175
5jytA_2qkeE,ShallowMsa_057,90,0.42728957493383846,0.4244499792444998,,,0.42728957493383846,0.4244499792444998
5jytA_2qkeE,ShallowMsa_058,87,0.4057710751305202,0.40963855421686746,,,0.4057710751305202,0.40963855421686746
5jytA_2qkeE,ShallowMsa_059,87,0.45437808211185154,0.4578313253012048,,,0.45437808211185154,0.4578313253012048
5jytA_2qkeE,ShallowMsa_060,85,0.5283570769842114,0.5280898876404494,,,0.5283570769842114,0.5280898876404494
5jytA_2qkeE,ShallowMsa_061,84,0.4420060058659117,0.4526105753242434,,,0.4420060058659117,0.4526105753242434
5jytA_2qkeE,ShallowMsa_062,83,0.3932480824047943,0.38823529411764707,,,0.3932480824047943,0.38823529411764707
5jytA_2qkeE,ShallowMsa_063,81,0.3295682125241665,0.32558139534883723,,,0.3295682125241665,0.32558139534883723
5jytA_2qkeE,ShallowMsa_064,81,0.4246968487190492,0.4270833333333333,,,0.4246968487190492,0.4270833333333333
5jytA_2qkeE,ShallowMsa_065,81,0.47244825034229443,0.4725274725274725,,,0.47244825034229443,0.4725274725274725
5jytA_2qkeE,ShallowMsa_066,80,0.3455285733965262,0.3473684210526316,,,0.3455285733965262,0.3473684210526316
5jytA_2qkeE,ShallowMsa_067,80,0.4474614530126509,0.4497191011235955,,,0.4474614530126509,0.4497191011235955
5jytA_2qkeE,ShallowMsa_068,80,0.4414909687094436,0.43291685259556745,,,0.4414909687094436,0.43291685259556745
5jytA_2qkeE,ShallowMsa_069,79,0.3908358211024859,0.4,,,0.3908358211024859,0.4
5jytA_2qkeE,ShallowMsa_070,76,0.4321464814749491,0.42857142857142855,,,0.4321464814749491,0.42857142857142855
5jytA_2qkeE,ShallowMsa_071,70,0.3329193763595389,0.3333333333333333,,,0.3329193763595389,0.3333333333333333
5jytA_2qkeE,ShallowMsa_072,70,0.36630751391014676,0.3668417862194383,,,0.36630751391014676,0.3668417862194383
5jytA_2qkeE,ShallowMsa_073,69,0.304873555603547,0.3050847457627119,,,0.304873555603547,0.3050847457627119
5jytA_2qkeE,ShallowMsa_074,69,0.38900055305382547,0.39080459770114945,,,0.38900055305382547,0.39080459770114945
5jytA_2qkeE,ShallowMsa_075,69,0.4872925394176959,0.48314606741573035,,,0.4872925394176959,0.48314606741573035
5jytA_2qkeE,ShallowMsa_076,68,0.3712849161153513,0.3677548301132578,,,0.3712849161153513,0.3677548301132578
5jytA_2qkeE,ShallowMsa_077,67,0.343144152516013,0.34146341463414637,,,0.343144152516013,0.34146341463414637
5jytA_2qkeE,ShallowMsa_078,65,0.36961896900050895,0.3717948717948718,,,0.36961896900050895,0.3717948717948718
5jytA_2qkeE,ShallowMsa_079,63,0.35608045553484774,0.3548387096774194,,,0.35608045553484774,0.3548387096774194
5jytA_2qkeE,ShallowMsa_080,63,0.4265556086892258,0.4044943820224719,,,0.4265556086892258,0.4044943820224719
5jytA_2qkeE,ShallowMsa_081,63,0.38468631899803246,0.37662337662337664,,,0.38468631899803246,0.37662337662337664
5jytA_2qkeE,ShallowMsa_082,62,0.37900503765221877,0.37742448330683626,,,0.37900503765221877,0.37742448330683626
5jytA_2qkeE,ShallowMsa_083,61,0.3889974931219397,0.3888888888888889,,,0.3889974931219397,0.3888888888888889
5jytA_2qkeE,ShallowMsa_084,60,0.3948824498478486,0.3953488372093023,,,0.3948824498478486,0.3953488372093023
5jytA_2qkeE,ShallowMsa_085,60,0.37825568682883387,0.375,,,0.37825568682883387,0.375
5jytA_2qkeE,ShallowMsa_086,60,0.4018677654784923,0.404374850585704,,,0.4018677654784923,0.404374850585704
5jytA_2qkeE,ShallowMsa_087,59,0.30806303268951235,0.30434782608695654,,,0.30806303268951235,0.30434782608695654
5jytA_2qkeE,ShallowMsa_088,58,0.43955995559682604,0.4475421863536317,,,0.43955995559682604,0.4475421863536317
5jytA_2qkeE,ShallowMsa_089,57,0.3526085215256309,0.3516483516483517,,,0.3526085215256309,0.3516483516483517
5jytA_2qkeE,ShallowMsa_090,57,0.42314313158855105,0.42045454545454547,,,0.42314313158855105,0.42045454545454547
5jytA_2qkeE,ShallowMsa_091,55,0.39499960083050245,0.39080459770114945,,,0.39499960083050245,0.39080459770114945
5jytA_2qkeE,ShallowMsa_092,54,0.3471410459318789,0.3470175438596491,,,0.3471410459318789,0.3470175438596491
5jytA_2qkeE,ShallowMsa_093,53,0.3902490879037065,0.3977272727272727,,,0.3902490879037065,0.3977272727272727
5jytA_2qkeE,ShallowMsa_094,51,0.34086219748524427,0.3333333333333333,,,0.34086219748524427,0.3333333333333333
5jytA_2qkeE,ShallowMsa_095,44,0.37091053819766134,0.3631368631368631,,,0.37091053819766134,0.3631368631368631
5jytA_2qkeE,ShallowMsa_096,43,0.4069889225669762,0.39759036144578314,,,0.4069889225669762,0.39759036144578314
5jytA_2qkeE,ShallowMsa_097,42,0.405836166764205,0.39765881708652795,,,0.405836166764205,0.39765881708652795
5jytA_2qkeE,ShallowMsa_098,38,0.32969150116025164,0.32615093546352747,,,0.32969150116025164,0.32615093546352747
5jytA_2qkeE,ShallowMsa_099,33,0.6388448543133602,0.77,,,0.6388448543133602,0.77
5jztG_5jzhA,ShallowMsa_000,46,0.42257130520962866,0.4257510419427112,,,0.42257130520962866,0.4257510419427112
5jztG_5jzhA,ShallowMsa_001,23,0.3179902720844069,0.32238805970149254,,,0.3179902720844069,0.32238805970149254
5jztG_5jzhA,ShallowMsa_002,22,0.3344272047881755,0.33727810650887574,,,0.3344272047881755,0.33727810650887574
5jztG_5jzhA,ShallowMsa_003,20,0.5121827004775499,0.5467625899280575,,,0.5121827004775499,0.5467625899280575
5jztG_5jzhA,ShallowMsa_004,20,0.3227476249975363,0.3168604651162791,,,0.3227476249975363,0.3168604651162791
5jztG_5jzhA,ShallowMsa_005,19,0.4530938001597821,0.4262948207171315,,,0.4530938001597821,0.4262948207171315
5jztG_5jzhA,ShallowMsa_006,14,0.4776379918908379,0.4725909010261957,,,0.4776379918908379,0.4725909010261957
5jztG_5jzhA,ShallowMsa_008,12,0.2796797282354336,0.2788876556912073,,,0.2796797282354336,0.2788876556912073
5jztG_5jzhA,ShallowMsa_009,12,0.5668227816257917,0.5688616570858146,,,0.5668227816257917,0.5688616570858146
5jztG_5jzhA,ShallowMsa_010,11,0.5772632205047564,0.5741626794258373,,,0.5772632205047564,0.5741626794258373
5jztG_5jzhA,ShallowMsa_012,11,0.7072816689018716,0.6810551558752997,,,0.7072816689018716,0.6810551558752997
5jztG_5jzhA,ShallowMsa_013,11,0.46415186052163676,0.463768115942029,,,0.46415186052163676,0.463768115942029
5jztG_5jzhA,ShallowMsa_014,10,0.863962517476164,0.926343970871707,,,0.863962517476164,0.926343970871707
5jztG_5jzhA,ShallowMsa_015,10,0.32397187043004916,0.279563675609004,,,0.32397187043004916,0.279563675609004
5jztG_5jzhA,ShallowMsa_017,10,0.47218939074152244,0.4722222222222222,,,0.47218939074152244,0.4722222222222222
5jztG_5jzhA,ShallowMsa_018,10,0.45937387423340015,0.46078431372549017,,,0.45937387423340015,0.46078431372549017
5jztG_5jzhA,ShallowMsa_019,9,0.5512653165211655,0.55,,,0.5512653165211655,0.55
5l35G_5l35D,ShallowMsa_000,16,0.8169925091190732,0.8264053840063341,,,0.8169925091190732,0.8264053840063341
5l35G_5l35D,ShallowMsa_001,14,0.3872535845387029,0.38887829436668064,,,0.3872535845387029,0.38887829436668064
5l35G_5l35D,ShallowMsa_002,13,0.3352888917058638,0.3333333333333333,,,0.3352888917058638,0.3333333333333333
5l35G_5l35D,ShallowMsa_003,12,0.36066897866610353,0.3623552123552124,,,0.36066897866610353,0.3623552123552124
5l35G_5l35D,ShallowMsa_004,12,0.42315512500032265,0.4170673076923077,,,0.42315512500032265,0.4170673076923077
5l35G_5l35D,ShallowMsa_005,12,0.37318306435811,0.3625426581811474,,,0.37318306435811,0.3625426581811474
5l35G_5l35D,ShallowMsa_006,11,0.4420838328913838,0.3917910447761194,,,0.4420838328913838,0.3917910447761194
5l35G_5l35D,ShallowMsa_007,11,0.36919475011298775,0.36626506024096384,,,0.36919475011298775,0.36626506024096384
5l35G_5l35D,ShallowMsa_008,11,0.574948222126673,0.37559808612440193,,,0.574948222126673,0.37559808612440193
5l35G_5l35D,ShallowMsa_009,10,0.3212323695418372,0.326892792247123,,,0.3212323695418372,0.326892792247123
5l35G_5l35D,ShallowMsa_010,10,0.3798939058960358,0.3952432990316608,,,0.3798939058960358,0.3952432990316608
5l35G_5l35D,ShallowMsa_011,9,0.4288073086513047,0.44549763033175355,,,0.4288073086513047,0.44549763033175355
5l35G_5l35D,ShallowMsa_013,9,0.3474411274322452,0.34375,,,0.3474411274322452,0.34375
5lj3M_3tp2A,ShallowMsa_000,464,0.3744541709350847,0.374692118226601,,,0.3744541709350847,0.374692118226601
5lj3M_3tp2A,ShallowMsa_001,85,0.36742964808134704,0.36363636363636365,,,0.36742964808134704,0.36363636363636365
5lj3M_3tp2A,ShallowMsa_002,65,0.3373229063320105,0.3391304347826087,,,0.3373229063320105,0.3391304347826087
5lj3M_3tp2A,ShallowMsa_003,50,0.36768444335183526,0.3715150403521643,,,0.36768444335183526,0.3715150403521643
5lj3M_3tp2A,ShallowMsa_004,50,0.4258662986975914,0.423963133640553,,,0.4258662986975914,0.423963133640553
5lj3M_3tp2A,ShallowMsa_005,44,0.33543449944501696,0.3291078305519898,,,0.33543449944501696,0.3291078305519898
5lj3M_3tp2A,ShallowMsa_006,43,0.4374658926624241,0.4369369369369369,,,0.4374658926624241,0.4369369369369369
5lj3M_3tp2A,ShallowMsa_007,43,0.43147458596217375,0.4292929292929293,,,0.43147458596217375,0.4292929292929293
5lj3M_3tp2A,ShallowMsa_008,42,0.4188974090622443,0.4166666666666667,,,0.4188974090622443,0.4166666666666667
5lj3M_3tp2A,ShallowMsa_009,41,0.3041375809363175,0.3076923076923077,,,0.3041375809363175,0.3076923076923077
5lj3M_3tp2A,ShallowMsa_010,40,0.31867026780141117,0.30901722391084097,,,0.31867026780141117,0.30901722391084097
5lj3M_3tp2A,ShallowMsa_011,39,0.38478729127169364,0.38461538461538464,,,0.38478729127169364,0.38461538461538464
5lj3M_3tp2A,ShallowMsa_012,39,0.744757132063454,0.7091633466135459,,,0.744757132063454,0.7091633466135459
5lj3M_3tp2A,ShallowMsa_013,37,0.3351060150295511,0.34146341463414637,,,0.3351060150295511,0.34146341463414637
5lj3M_3tp2A,ShallowMsa_014,37,0.4092124312167725,0.4101123595505618,,,0.4092124312167725,0.4101123595505618
5lj3M_3tp2A,ShallowMsa_015,36,0.3367873196983802,0.33555555555555555,,,0.3367873196983802,0.33555555555555555
5lj3M_3tp2A,ShallowMsa_016,36,0.42323967215103747,0.42562923748490755,,,0.42323967215103747,0.42562923748490755
5lj3M_3tp2A,ShallowMsa_017,35,0.4482422869174014,0.4517766497461929,,,0.4482422869174014,0.4517766497461929
5lj3M_3tp2A,ShallowMsa_018,34,0.4366372932820109,0.438203718250851,,,0.4366372932820109,0.438203718250851
5lj3M_3tp2A,ShallowMsa_019,32,0.36883184501151,0.373020083364911,,,0.36883184501151,0.373020083364911
5lj3M_3tp2A,ShallowMsa_020,32,0.3945443629213484,0.395,,,0.3945443629213484,0.395
5lj3M_3tp2A,ShallowMsa_021,31,0.3119011016457361,0.31521739130434784,,,0.3119011016457361,0.31521739130434784
5lj3M_3tp2A,ShallowMsa_022,31,0.343529488232146,0.3401015228426396,,,0.343529488232146,0.3401015228426396
5lj3M_3tp2A,ShallowMsa_023,31,0.42292632343398756,0.42592592592592593,,,0.42292632343398756,0.42592592592592593
5lj3M_3tp2A,ShallowMsa_024,31,0.4448256415326037,0.4489795918367347,,,0.4448256415326037,0.4489795918367347
5lj3M_3tp2A,ShallowMsa_025,30,0.3046506086024064,0.29995305898920355,,,0.3046506086024064,0.29995305898920355
5lj3M_3tp2A,ShallowMsa_026,30,0.3118130883262234,0.3141743522178305,,,0.3118130883262234,0.3141743522178305
5lj3M_3tp2A,ShallowMsa_027,29,0.3109250829480206,0.3132530120481928,,,0.3109250829480206,0.3132530120481928
5lj3M_3tp2A,ShallowMsa_028,29,0.319865088956181,0.3246753246753247,,,0.319865088956181,0.3246753246753247
5lj3M_3tp2A,ShallowMsa_029,29,0.39317999966616923,0.4030612244897959,,,0.39317999966616923,0.4030612244897959
5lj3M_3tp2A,ShallowMsa_030,28,0.3928976912565546,0.3979591836734694,,,0.3928976912565546,0.3979591836734694
5lj3M_3tp2A,ShallowMsa_031,27,0.3573515490576009,0.35911602209944754,,,0.3573515490576009,0.35911602209944754
5lj3M_3tp2A,ShallowMsa_032,27,0.4128620810742567,0.415,,,0.4128620810742567,0.415
5lj3M_3tp2A,ShallowMsa_033,26,0.40145847415697483,0.3948021462105969,,,0.40145847415697483,0.3948021462105969
5lj3M_3tp2A,ShallowMsa_034,26,0.41621608523838055,0.41549509930056844,,,0.41621608523838055,0.41549509930056844
5lj3M_3tp2A,ShallowMsa_035,26,0.41268978724027566,0.4104455445544554,,,0.41268978724027566,0.4104455445544554
5lj3M_3tp2A,ShallowMsa_036,26,0.4131158616212367,0.412515006002401,,,0.4131158616212367,0.412515006002401
5lj3M_3tp2A,ShallowMsa_037,26,0.34438697799040974,0.34515559331127604,,,0.34438697799040974,0.34515559331127604
5lj3M_3tp2A,ShallowMsa_038,25,0.30887669359731146,0.3058823529411765,,,0.30887669359731146,0.3058823529411765
5lj3M_3tp2A,ShallowMsa_039,25,0.3573051832555327,0.35714285714285715,,,0.3573051832555327,0.35714285714285715
5lj3M_3tp2A,ShallowMsa_040,24,0.41830471048081,0.4140059249506254,,,0.41830471048081,0.4140059249506254
5lj3M_3tp2A,ShallowMsa_041,24,0.42456753619307613,0.423963133640553,,,0.42456753619307613,0.423963133640553
5lj3M_3tp2A,ShallowMsa_042,24,0.3343665589708351,0.32952222789984675,,,0.3343665589708351,0.32952222789984675
5lj3M_3tp2A,ShallowMsa_043,24,0.35881523536019017,0.3606281328320802,,,0.35881523536019017,0.3606281328320802
5lj3M_3tp2A,ShallowMsa_044,24,0.36041912892361605,0.3572940635066728,,,0.36041912892361605,0.3572940635066728
5lj3M_3tp2A,ShallowMsa_045,23,0.33121134935142305,0.32926829268292684,,,0.33121134935142305,0.32926829268292684
5lj3M_3tp2A,ShallowMsa_046,23,0.31836057983524113,0.3048780487804878,,,0.31836057983524113,0.3048780487804878
5lj3M_3tp2A,ShallowMsa_047,23,0.4318781633768392,0.4351851851851852,,,0.4318781633768392,0.4351851851851852
5lj3M_3tp2A,ShallowMsa_048,23,0.4160604767611582,0.41624365482233505,,,0.4160604767611582,0.41624365482233505
5lj3M_3tp2A,ShallowMsa_049,23,0.4128161108884034,0.4117647058823529,,,0.4128161108884034,0.4117647058823529
5lj3M_3tp2A,ShallowMsa_050,22,0.32021260726316964,0.31610056610056614,,,0.32021260726316964,0.31610056610056614
5lj3M_3tp2A,ShallowMsa_051,22,0.3741489572796546,0.375,,,0.3741489572796546,0.375
5lj3M_3tp2A,ShallowMsa_052,22,0.3964271736349071,0.39825135984064963,,,0.3964271736349071,0.39825135984064963
5lj3M_3tp2A,ShallowMsa_053,22,0.3826120241835929,0.38439583754293793,,,0.3826120241835929,0.38439583754293793
5lj3M_3tp2A,ShallowMsa_054,22,0.3456954973620855,0.342479244323958,,,0.3456954973620855,0.342479244323958
5lj3M_3tp2A,ShallowMsa_055,22,0.37202346123645286,0.3686913281903522,,,0.37202346123645286,0.3686913281903522
5lj3M_3tp2A,ShallowMsa_056,22,0.3397438113987371,0.3458740250376876,,,0.3397438113987371,0.3458740250376876
5lj3M_3tp2A,ShallowMsa_057,21,0.33474413253651564,0.3383838383838384,,,0.33474413253651564,0.3383838383838384
5lj3M_3tp2A,ShallowMsa_058,21,0.4120056667165486,0.413265306122449,,,0.4120056667165486,0.413265306122449
5lj3M_3tp2A,ShallowMsa_059,21,0.33757971046216123,0.3333333333333333,,,0.33757971046216123,0.3333333333333333
5lj3M_3tp2A,ShallowMsa_060,21,0.3612113333145957,0.36018957345971564,,,0.3612113333145957,0.36018957345971564
5lj3M_3tp2A,ShallowMsa_061,21,0.32907117288981114,0.33070866141732286,,,0.32907117288981114,0.33070866141732286
5lj3M_3tp2A,ShallowMsa_062,20,0.31010157249990106,0.3101651434984768,,,0.31010157249990106,0.3101651434984768
5lj3M_3tp2A,ShallowMsa_063,20,0.4145307343173913,0.4222222222222222,,,0.4145307343173913,0.4222222222222222
5lj3M_3tp2A,ShallowMsa_064,19,0.6699153558125864,0.6741071428571429,,,0.6699153558125864,0.6741071428571429
5lj3M_3tp2A,ShallowMsa_065,19,0.3802469716333008,0.3793103448275862,,,0.3802469716333008,0.3793103448275862
5lj3M_3tp2A,ShallowMsa_066,18,0.31410939891163914,0.3116883116883117,,,0.31410939891163914,0.3116883116883117
5lj3M_3tp2A,ShallowMsa_067,18,0.3189487725800302,0.317877244706513,,,0.3189487725800302,0.317877244706513
5lj3M_3tp2A,ShallowMsa_068,18,0.6720107502938666,0.6743551587301588,,,0.6720107502938666,0.6743551587301588
5lj3M_3tp2A,ShallowMsa_069,18,0.3070030827782821,0.3047133675258067,,,0.3070030827782821,0.3047133675258067
5lj3M_3tp2A,ShallowMsa_070,18,0.38719144793267246,0.3881638283198048,,,0.38719144793267246,0.3881638283198048
5lj3M_3tp2A,ShallowMsa_071,18,0.38550092276635173,0.38917525773195877,,,0.38550092276635173,0.38917525773195877
5lj3M_3tp2A,ShallowMsa_072,18,0.3689911454062048,0.37152292152292155,,,0.3689911454062048,0.37152292152292155
5lj3M_3tp2A,ShallowMsa_073,18,0.3918548844111036,0.39036004645760747,,,0.3918548844111036,0.39036004645760747
5lj3M_3tp2A,ShallowMsa_074,17,0.3400337854196289,0.34146341463414637,,,0.3400337854196289,0.34146341463414637
5lj3M_3tp2A,ShallowMsa_075,17,0.37855125098643855,0.38190954773869346,,,0.37855125098643855,0.38190954773869346
5lj3M_3tp2A,ShallowMsa_076,17,0.4334440367429071,0.43147208121827413,,,0.4334440367429071,0.43147208121827413
5lj3M_3tp2A,ShallowMsa_077,17,0.4823066916302979,0.48945147679324896,,,0.4823066916302979,0.48945147679324896
5lj3M_3tp2A,ShallowMsa_078,16,0.37887806033355487,0.375,,,0.37887806033355487,0.375
5lj3M_3tp2A,ShallowMsa_079,16,0.4426144976973979,0.4398148148148148,,,0.4426144976973979,0.4398148148148148
5lj3M_3tp2A,ShallowMsa_080,16,0.41498083622192516,0.416289592760181,,,0.41498083622192516,0.416289592760181
5lj3M_3tp2A,ShallowMsa_081,16,0.3289305213645693,0.335,,,0.3289305213645693,0.335
5lj3M_3tp2A,ShallowMsa_082,16,0.3486101519959739,0.3462531087231946,,,0.3486101519959739,0.3462531087231946
5lj3M_3tp2A,ShallowMsa_083,16,0.313466267386479,0.30756282598387863,,,0.313466267386479,0.30756282598387863
5lj3M_3tp2A,ShallowMsa_084,15,0.31648981377906105,0.32098765432098764,,,0.31648981377906105,0.32098765432098764
5lj3M_3tp2A,ShallowMsa_085,15,0.31932282747461566,0.32051282051282054,,,0.31932282747461566,0.32051282051282054
5lj3M_3tp2A,ShallowMsa_086,15,0.43940658740187444,0.4387755102040816,,,0.43940658740187444,0.4387755102040816
5lj3M_3tp2A,ShallowMsa_087,15,0.357387717745925,0.36464088397790057,,,0.357387717745925,0.36464088397790057
5lj3M_3tp2A,ShallowMsa_088,14,0.38586879775095984,0.3901546567790408,,,0.38586879775095984,0.3901546567790408
5lj3M_3tp2A,ShallowMsa_089,13,0.41968417830480254,0.4207920792079208,,,0.41968417830480254,0.4207920792079208
5lj3M_3tp2A,ShallowMsa_090,13,0.4101424170100376,0.4117647058823529,,,0.4101424170100376,0.4117647058823529
5lj3M_3tp2A,ShallowMsa_091,13,0.38170304011801554,0.39572192513368987,,,0.38170304011801554,0.39572192513368987
5lj3M_3tp2A,ShallowMsa_092,12,0.30887969001827,0.31487148102815177,,,0.30887969001827,0.31487148102815177
5lj3M_3tp2A,ShallowMsa_093,12,0.3200230759361273,0.3227564102564103,,,0.3200230759361273,0.3227564102564103
5lj3M_3tp2A,ShallowMsa_094,12,0.4263006105937517,0.42721273291925466,,,0.4263006105937517,0.42721273291925466
5lj3M_3tp2A,ShallowMsa_095,11,0.41816676165415656,0.4305555555555556,,,0.41816676165415656,0.4305555555555556
5lj3M_3tp2A,ShallowMsa_096,10,0.2993374245495156,0.3003661971830986,,,0.2993374245495156,0.3003661971830986
5lj3M_3tp2A,ShallowMsa_097,10,0.5701969190871771,0.6060948703805846,,,0.5701969190871771,0.6060948703805846
5lj3M_3tp2A,ShallowMsa_098,10,0.3659314155389496,0.36153846153846153,,,0.3659314155389496,0.36153846153846153
5lj3M_3tp2A,ShallowMsa_099,9,0.3543366254138185,0.3625,,,0.3543366254138185,0.3625
5ly6B_5aoeB,ShallowMsa_000,76,0.3151502572890192,0.29189131621337383,,,0.3151502572890192,0.29189131621337383
5ly6B_5aoeB,ShallowMsa_001,45,0.4315870680315203,0.4192139737991266,,,0.4315870680315203,0.4192139737991266
5ly6B_5aoeB,ShallowMsa_002,34,0.41321429717838765,0.3647319928979318,,,0.41321429717838765,0.3647319928979318
5ly6B_5aoeB,ShallowMsa_004,24,0.4120183607032348,0.40628081246302505,,,0.4120183607032348,0.40628081246302505
5ly6B_5aoeB,ShallowMsa_005,23,0.27253398691469516,0.2724252491694352,,,0.27253398691469516,0.2724252491694352
5ly6B_5aoeB,ShallowMsa_006,23,0.29658292929179614,0.2907488986784141,,,0.29658292929179614,0.2907488986784141
5ly6B_5aoeB,ShallowMsa_007,23,0.3057323966288996,0.3026315789473684,,,0.3057323966288996,0.3026315789473684
5ly6B_5aoeB,ShallowMsa_008,22,0.2816347947020266,0.28378378378378377,,,0.2816347947020266,0.28378378378378377
5ly6B_5aoeB,ShallowMsa_009,22,0.5302067802446107,0.5282837486901453,,,0.5302067802446107,0.5282837486901453
5ly6B_5aoeB,ShallowMsa_010,21,0.29797345821890664,0.3,,,0.29797345821890664,0.3
5ly6B_5aoeB,ShallowMsa_011,21,0.30069007348431004,0.30409356725146197,,,0.30069007348431004,0.30409356725146197
5ly6B_5aoeB,ShallowMsa_012,20,0.3906036756224467,0.3957443157443158,,,0.3906036756224467,0.3957443157443158
5ly6B_5aoeB,ShallowMsa_013,20,0.30046354546058646,0.29188044386111445,,,0.30046354546058646,0.29188044386111445
5ly6B_5aoeB,ShallowMsa_014,20,0.28715987191133563,0.2881753312945973,,,0.28715987191133563,0.2881753312945973
5ly6B_5aoeB,ShallowMsa_015,20,0.2954289995170173,0.2981514084507042,,,0.2954289995170173,0.2981514084507042
5ly6B_5aoeB,ShallowMsa_016,20,0.41526263377134054,0.41209795321637427,,,0.41526263377134054,0.41209795321637427
5ly6B_5aoeB,ShallowMsa_017,19,0.2998038480093108,0.3076923076923077,,,0.2998038480093108,0.3076923076923077
5ly6B_5aoeB,ShallowMsa_018,19,0.30700684969920417,0.3136094674556213,,,0.30700684969920417,0.3136094674556213
5ly6B_5aoeB,ShallowMsa_019,19,0.2858825762075099,0.2857142857142857,,,0.2858825762075099,0.2857142857142857
5ly6B_5aoeB,ShallowMsa_021,19,0.4426368047191407,0.43859649122807015,,,0.4426368047191407,0.43859649122807015
5ly6B_5aoeB,ShallowMsa_022,15,0.3901608208588446,0.3924914675767918,,,0.3901608208588446,0.3924914675767918
5ly6B_5aoeB,ShallowMsa_023,15,0.30892606138120954,0.29239766081871343,,,0.30892606138120954,0.29239766081871343
5ly6B_5aoeB,ShallowMsa_024,15,0.2803688732072746,0.28104575163398693,,,0.2803688732072746,0.28104575163398693
5ly6B_5aoeB,ShallowMsa_025,15,0.27120254748603995,0.27298850574712646,,,0.27120254748603995,0.27298850574712646
5ly6B_5aoeB,ShallowMsa_026,15,0.28245100769465464,0.2803532008830022,,,0.28245100769465464,0.2803532008830022
5ly6B_5aoeB,ShallowMsa_027,14,0.5180211252418687,0.5156402737047898,,,0.5180211252418687,0.5156402737047898
5ly6B_5aoeB,ShallowMsa_029,14,0.26356470509215063,0.2600709769772158,,,0.26356470509215063,0.2600709769772158
5ly6B_5aoeB,ShallowMsa_030,13,0.30134996770879313,0.3026315789473684,,,0.30134996770879313,0.3026315789473684
5ly6B_5aoeB,ShallowMsa_031,13,0.2752228127031216,0.2792022792022792,,,0.2752228127031216,0.2792022792022792
5ly6B_5aoeB,ShallowMsa_033,12,0.26463338351208143,0.26598639455782314,,,0.26463338351208143,0.26598639455782314
5ly6B_5aoeB,ShallowMsa_034,12,0.28689492832351327,0.2680483592400691,,,0.28689492832351327,0.2680483592400691
5ly6B_5aoeB,ShallowMsa_036,12,0.6935294458606798,0.9555444555444556,,,0.6935294458606798,0.9555444555444556
5ly6B_5aoeB,ShallowMsa_037,12,0.26614260936002726,0.26445115745392545,,,0.26614260936002726,0.26445115745392545
5ly6B_5aoeB,ShallowMsa_038,12,0.25680906550578103,0.25886390056335506,,,0.25680906550578103,0.25886390056335506
5ly6B_5aoeB,ShallowMsa_039,12,0.2711365275509993,0.26722268821118267,,,0.2711365275509993,0.26722268821118267
5ly6B_5aoeB,ShallowMsa_040,11,0.34990758424493107,0.2925170068027211,,,0.34990758424493107,0.2925170068027211
5ly6B_5aoeB,ShallowMsa_045,11,0.304180842875593,0.3131991051454139,,,0.304180842875593,0.3131991051454139
5ly6B_5aoeB,ShallowMsa_047,11,0.2804744300028412,0.2760942760942761,,,0.2804744300028412,0.2760942760942761
5ly6B_5aoeB,ShallowMsa_048,11,0.2736700102944622,0.2702702702702703,,,0.2736700102944622,0.2702702702702703
5ly6B_5aoeB,ShallowMsa_049,10,0.280767503301249,0.2838155587438227,,,0.280767503301249,0.2838155587438227
5ly6B_5aoeB,ShallowMsa_050,10,0.36034557660007677,0.3602150537634409,,,0.36034557660007677,0.3602150537634409
5ly6B_5aoeB,ShallowMsa_052,10,0.27374847833585814,0.27294485869465157,,,0.27374847833585814,0.27294485869465157
5ly6B_5aoeB,ShallowMsa_053,10,0.43190194517363656,0.4312261632341724,,,0.43190194517363656,0.4312261632341724
5ly6B_5aoeB,ShallowMsa_055,10,0.3011984558740718,0.3052087234168358,,,0.3011984558740718,0.3052087234168358
5ly6B_5aoeB,ShallowMsa_056,10,0.28488340044508637,0.2896095985422009,,,0.28488340044508637,0.2896095985422009
5ly6B_5aoeB,ShallowMsa_057,10,0.27228023364285586,0.2695465475781519,,,0.27228023364285586,0.2695465475781519
5ly6B_5aoeB,ShallowMsa_058,10,0.26479891350818174,0.2624579224000473,,,0.26479891350818174,0.2624579224000473
5ly6B_5aoeB,ShallowMsa_063,9,0.37203157209328136,0.36086956521739133,,,0.37203157209328136,0.36086956521739133
5ly6B_5aoeB,ShallowMsa_064,9,0.27285259827465735,0.27539503386004516,,,0.27285259827465735,0.27539503386004516
5ly6B_5aoeB,ShallowMsa_065,9,0.30476189474604176,0.30376940133037694,,,0.30476189474604176,0.30376940133037694
5ly6B_5aoeB,ShallowMsa_066,9,0.28305157630582095,0.2853982300884956,,,0.28305157630582095,0.2853982300884956
5ly6B_5aoeB,ShallowMsa_067,9,0.2627163152150503,0.2631578947368421,,,0.2627163152150503,0.2631578947368421
5ly6B_5aoeB,ShallowMsa_068,9,0.2531445304628164,0.2517814726840855,,,0.2531445304628164,0.2517814726840855
5ly6B_5aoeB,ShallowMsa_069,9,0.2535059904787318,0.25245098039215685,,,0.2535059904787318,0.25245098039215685
5ly6B_5aoeB,ShallowMsa_070,9,0.26296719480551556,0.2617283950617284,,,0.26296719480551556,0.2617283950617284
5ly6B_5aoeB,ShallowMsa_071,9,0.2764437125126687,0.2668269230769231,,,0.2764437125126687,0.2668269230769231
5ly6B_5aoeB,ShallowMsa_072,9,0.2828159301139112,0.2821917808219178,,,0.2828159301139112,0.2821917808219178
5tpnA_1g2cF,ShallowMsa_000,23,0.5682412626668725,0.48558758314855877,,,0.5682412626668725,0.48558758314855877
5tpnA_1g2cF,ShallowMsa_001,12,0.3930908632891012,0.3867643467643468,,,0.3930908632891012,0.3867643467643468
5tpnA_1g2cF,ShallowMsa_002,11,0.8589978374208429,0.9201277955271565,,,0.8589978374208429,0.9201277955271565
5tpnA_1g2cF,ShallowMsa_005,9,0.3994919160668953,0.40707964601769914,,,0.3994919160668953,0.40707964601769914
5wrgC_1wyyB,ShallowMsa_000,152,0.34218541148150505,0.34396671289875175,,,0.34218541148150505,0.34396671289875175
5wrgC_1wyyB,ShallowMsa_001,19,0.6913392152953343,0.8454038997214485,,,0.6913392152953343,0.8454038997214485
5wrgC_1wyyB,ShallowMsa_003,13,0.3529150272070695,0.3550624133148405,,,0.3529150272070695,0.3550624133148405
5wrgC_1wyyB,ShallowMsa_004,13,0.371147964010551,0.37124463519313305,,,0.371147964010551,0.37124463519313305
5wrgC_1wyyB,ShallowMsa_005,13,0.31551474905384863,0.19601328903654486,,,0.31551474905384863,0.19601328903654486
5wrgC_1wyyB,ShallowMsa_006,12,0.33545885866365305,0.33581334417491077,,,0.33545885866365305,0.33581334417491077
5wrgC_1wyyB,ShallowMsa_007,11,0.2982437456028863,0.29878048780487804,,,0.2982437456028863,0.29878048780487804
5wrgC_1wyyB,ShallowMsa_008,11,0.3715572374552009,0.37170596393897365,,,0.3715572374552009,0.37170596393897365
5wrgC_1wyyB,ShallowMsa_011,10,0.35402098505261453,0.35463934277551884,,,0.35402098505261453,0.35463934277551884
5wrgC_1wyyB,ShallowMsa_012,10,0.3651415152638734,0.3724137931034483,,,0.3651415152638734,0.3724137931034483
5wrgC_1wyyB,ShallowMsa_013,10,0.36794955859865575,0.36920902577107995,,,0.36794955859865575,0.36920902577107995
5wrgC_1wyyB,ShallowMsa_014,10,0.31335153317342507,0.31346595339166594,,,0.31335153317342507,0.31346595339166594
5wrgC_1wyyB,ShallowMsa_015,10,0.41556583294006605,0.4153846153846154,,,0.41556583294006605,0.4153846153846154
5wrgC_1wyyB,ShallowMsa_016,10,0.34630490640807526,0.34838709677419355,,,0.34630490640807526,0.34838709677419355
5wrgC_1wyyB,ShallowMsa_017,10,0.368505848470138,0.3677548301132578,,,0.368505848470138,0.3677548301132578
5wrgC_1wyyB,ShallowMsa_019,10,0.36868369708649923,0.37130953811641226,,,0.36868369708649923,0.37130953811641226
5wrgC_1wyyB,ShallowMsa_020,10,0.37067502808352326,0.3677601890345734,,,0.37067502808352326,0.3677601890345734
5wrgC_1wyyB,ShallowMsa_021,10,0.34336993269872285,0.3438864628820961,,,0.34336993269872285,0.3438864628820961
5wrgC_1wyyB,ShallowMsa_023,9,0.7974957305181528,0.8215258855585831,,,0.7974957305181528,0.8215258855585831
5wrgC_1wyyB,ShallowMsa_024,9,0.6127987066351395,0.4488950276243094,,,0.6127987066351395,0.4488950276243094
5wrgC_1wyyB,ShallowMsa_025,9,0.36969871288893064,0.37119113573407203,,,0.36969871288893064,0.37119113573407203
5wrgC_1wyyB,ShallowMsa_026,9,0.37098387910537606,0.3764367816091954,,,0.37098387910537606,0.3764367816091954
5wrgC_1wyyB,ShallowMsa_027,9,0.3063472694655584,0.3073322932917317,,,0.3063472694655584,0.3073322932917317
5wrgC_1wyyB,ShallowMsa_028,9,0.30612364648980567,0.30828220858895705,,,0.30612364648980567,0.30828220858895705
5wrgC_1wyyB,ShallowMsa_029,9,0.4232163065472286,0.42295081967213116,,,0.4232163065472286,0.42295081967213116
5wrgC_1wyyB,ShallowMsa_030,9,0.34827027596281995,0.34838709677419355,,,0.34827027596281995,0.34838709677419355
5wrgC_1wyyB,ShallowMsa_031,9,0.33824293324529653,0.3404710920770878,,,0.33824293324529653,0.3404710920770878
5wrgC_1wyyB,ShallowMsa_032,9,0.342050845169411,0.3432203389830508,,,0.342050845169411,0.3432203389830508
5wrgC_1wyyB,ShallowMsa_033,9,0.33502398861592736,0.3276955602536998,,,0.33502398861592736,0.3276955602536998
5wrgC_1wyyB,ShallowMsa_034,9,0.3618225289886446,0.3626609442060086,,,0.3618225289886446,0.3626609442060086
5wrgC_1wyyB,ShallowMsa_037,9,0.3515902028317867,0.3524416135881104,,,0.3515902028317867,0.3524416135881104
5wrgC_1wyyB,ShallowMsa_038,9,0.3539401946756496,0.35555555555555557,,,0.3539401946756496,0.35555555555555557
5wrgC_1wyyB,ShallowMsa_039,9,0.3531661254312545,0.35320088300220753,,,0.3531661254312545,0.35320088300220753
5wrgC_1wyyB,ShallowMsa_040,9,0.34050738254285445,0.34216335540838855,,,0.34050738254285445,0.34216335540838855
5wrgC_1wyyB,ShallowMsa_041,9,0.34272888364242177,0.3406113537117904,,,0.34272888364242177,0.3406113537117904
6c6sD_2ougC,ShallowMsa_000,718,0.3260394482695279,0.32129822732012514,,,0.3260394482695279,0.32129822732012514
6c6sD_2ougC,ShallowMsa_001,447,0.2990517762403686,0.2992125984251969,,,0.2990517762403686,0.2992125984251969
6c6sD_2ougC,ShallowMsa_002,432,0.36221210180136443,0.3615662139219015,,,0.36221210180136443,0.3615662139219015
6c6sD_2ougC,ShallowMsa_003,345,0.5314116025536195,0.460431654676259,,,0.5314116025536195,0.460431654676259
6c6sD_2ougC,ShallowMsa_004,344,0.27637252040307875,0.2739797121962727,,,0.27637252040307875,0.2739797121962727
6c6sD_2ougC,ShallowMsa_005,303,0.2732613671010189,0.2717391304347826,,,0.2732613671010189,0.2717391304347826
6c6sD_2ougC,ShallowMsa_006,281,0.3105699551215966,0.3010752688172043,,,0.3105699551215966,0.3010752688172043
6c6sD_2ougC,ShallowMsa_007,245,0.41013710384856555,0.3723404255319149,,,0.41013710384856555,0.3723404255319149
6c6sD_2ougC,ShallowMsa_008,222,0.2641813580292178,0.2608695652173913,,,0.2641813580292178,0.2608695652173913
6c6sD_2ougC,ShallowMsa_009,222,0.34461126229812944,0.34810126582278483,,,0.34461126229812944,0.34810126582278483
6c6sD_2ougC,ShallowMsa_010,202,0.2844437869494558,0.28427125029432543,,,0.2844437869494558,0.28427125029432543
6c6sD_2ougC,ShallowMsa_011,185,0.34520956053133245,0.34394904458598724,,,0.34520956053133245,0.34394904458598724
6c6sD_2ougC,ShallowMsa_012,182,0.28889028535622896,0.2857142857142857,,,0.28889028535622896,0.2857142857142857
6c6sD_2ougC,ShallowMsa_013,176,0.30608281289642225,0.3041346973572038,,,0.30608281289642225,0.3041346973572038
6c6sD_2ougC,ShallowMsa_014,173,0.3368600773570488,0.3263888888888889,,,0.3368600773570488,0.3263888888888889
6c6sD_2ougC,ShallowMsa_015,152,0.3131636251017081,0.30875106202209,,,0.3131636251017081,0.30875106202209
6c6sD_2ougC,ShallowMsa_016,149,0.2942888676109591,0.2923076923076923,,,0.2942888676109591,0.2923076923076923
6c6sD_2ougC,ShallowMsa_017,146,0.28676764041537267,0.2867647058823529,,,0.28676764041537267,0.2867647058823529
6c6sD_2ougC,ShallowMsa_018,142,0.301178547266554,0.3018867924528302,,,0.301178547266554,0.3018867924528302
6c6sD_2ougC,ShallowMsa_019,139,0.2569176752544877,0.2558139534883721,,,0.2569176752544877,0.2558139534883721
6c6sD_2ougC,ShallowMsa_020,138,0.38140741811082685,0.3796544396193292,,,0.38140741811082685,0.3796544396193292
6c6sD_2ougC,ShallowMsa_021,130,0.2892784228819074,0.2867647058823529,,,0.2892784228819074,0.2867647058823529
6c6sD_2ougC,ShallowMsa_022,129,0.3175835037010353,0.31125827814569534,,,0.3175835037010353,0.31125827814569534
6c6sD_2ougC,ShallowMsa_023,129,0.30122517021754813,0.29936305732484075,,,0.30122517021754813,0.29936305732484075
6c6sD_2ougC,ShallowMsa_024,124,0.4561495017558029,0.45787079162875344,,,0.4561495017558029,0.45787079162875344
6c6sD_2ougC,ShallowMsa_025,121,0.30985260384031693,0.30952380952380953,,,0.30985260384031693,0.30952380952380953
6c6sD_2ougC,ShallowMsa_026,120,0.33519615197075864,0.3333333333333333,,,0.33519615197075864,0.3333333333333333
6c6sD_2ougC,ShallowMsa_027,120,0.406348009255983,0.40657894736842104,,,0.406348009255983,0.40657894736842104
6c6sD_2ougC,ShallowMsa_028,114,0.2978124566533346,0.29200626959247644,,,0.2978124566533346,0.29200626959247644
6c6sD_2ougC,ShallowMsa_029,109,0.25678303976505856,0.2545454545454545,,,0.25678303976505856,0.2545454545454545
6c6sD_2ougC,ShallowMsa_030,108,0.321429110594335,0.3208955223880597,,,0.321429110594335,0.3208955223880597
6c6sD_2ougC,ShallowMsa_031,105,0.2998587710179909,0.2962962962962963,,,0.2998587710179909,0.2962962962962963
6c6sD_2ougC,ShallowMsa_032,103,0.29635051837274073,0.2926829268292683,,,0.29635051837274073,0.2926829268292683
6c6sD_2ougC,ShallowMsa_033,101,0.29932013623979,0.29906542056074764,,,0.29932013623979,0.29906542056074764
6c6sD_2ougC,ShallowMsa_034,101,0.35229559262050125,0.3560606060606061,,,0.35229559262050125,0.3560606060606061
6c6sD_2ougC,ShallowMsa_035,98,0.2782247672629126,0.27471819645732687,,,0.2782247672629126,0.27471819645732687
6c6sD_2ougC,ShallowMsa_036,92,0.3748985092994754,0.37217789848922084,,,0.3748985092994754,0.37217789848922084
6c6sD_2ougC,ShallowMsa_037,92,0.4256429204771819,0.42425553228303436,,,0.4256429204771819,0.42425553228303436
6c6sD_2ougC,ShallowMsa_038,90,0.30147062370777294,0.29879984759969525,,,0.30147062370777294,0.29879984759969525
6c6sD_2ougC,ShallowMsa_039,90,0.25426163700844334,0.252222945131208,,,0.25426163700844334,0.252222945131208
6c6sD_2ougC,ShallowMsa_040,90,0.34233834140581076,0.3418538178848509,,,0.34233834140581076,0.3418538178848509
6c6sD_2ougC,ShallowMsa_041,89,0.2635589332589459,0.2616822429906542,,,0.2635589332589459,0.2616822429906542
6c6sD_2ougC,ShallowMsa_042,88,0.3001494190506052,0.2985441977377461,,,0.3001494190506052,0.2985441977377461
6c6sD_2ougC,ShallowMsa_043,87,0.2691170445867456,0.26666666666666666,,,0.2691170445867456,0.26666666666666666
6c6sD_2ougC,ShallowMsa_044,86,0.3063747731835739,0.30198506289308175,,,0.3063747731835739,0.30198506289308175
6c6sD_2ougC,ShallowMsa_045,85,0.3477403857427175,0.3333333333333333,,,0.3477403857427175,0.3333333333333333
6c6sD_2ougC,ShallowMsa_046,85,0.3503611491022144,0.3490566037735849,,,0.3503611491022144,0.3490566037735849
6c6sD_2ougC,ShallowMsa_047,85,0.29514669616819394,0.2937062937062937,,,0.29514669616819394,0.2937062937062937
6c6sD_2ougC,ShallowMsa_048,84,0.302404699640974,0.3003703306139974,,,0.302404699640974,0.3003703306139974
6c6sD_2ougC,ShallowMsa_049,82,0.2846128139829317,0.2872340425531915,,,0.2846128139829317,0.2872340425531915
6c6sD_2ougC,ShallowMsa_050,81,0.30044127577768237,0.29508196721311475,,,0.30044127577768237,0.29508196721311475
6c6sD_2ougC,ShallowMsa_051,80,0.2793978508871157,0.27183188090050836,,,0.2793978508871157,0.27183188090050836
6c6sD_2ougC,ShallowMsa_052,79,0.28216778436226414,0.2815533980582524,,,0.28216778436226414,0.2815533980582524
6c6sD_2ougC,ShallowMsa_053,78,0.25955720002031957,0.2603049124788255,,,0.25955720002031957,0.2603049124788255
6c6sD_2ougC,ShallowMsa_054,77,0.3863353827230153,0.39751552795031053,,,0.3863353827230153,0.39751552795031053
6c6sD_2ougC,ShallowMsa_055,76,0.31981517047554053,0.277046783625731,,,0.31981517047554053,0.277046783625731
6c6sD_2ougC,ShallowMsa_056,74,0.3092640273065597,0.303750586029067,,,0.3092640273065597,0.303750586029067
6c6sD_2ougC,ShallowMsa_057,74,0.3453232102700765,0.3428615180439998,,,0.3453232102700765,0.3428615180439998
6c6sD_2ougC,ShallowMsa_058,74,0.326608037757901,0.33114224137931036,,,0.326608037757901,0.33114224137931036
6c6sD_2ougC,ShallowMsa_059,72,0.2926738627617774,0.29161646942101904,,,0.2926738627617774,0.29161646942101904
6c6sD_2ougC,ShallowMsa_060,71,0.31389344409262293,0.3051948051948052,,,0.31389344409262293,0.3051948051948052
6c6sD_2ougC,ShallowMsa_061,70,0.2978117752800236,0.29245283018867924,,,0.2978117752800236,0.29245283018867924
6c6sD_2ougC,ShallowMsa_062,70,0.30654576858979343,0.3000083260480413,,,0.30654576858979343,0.3000083260480413
6c6sD_2ougC,ShallowMsa_063,70,0.3164892652885083,0.31689407095013644,,,0.3164892652885083,0.31689407095013644
6c6sD_2ougC,ShallowMsa_064,70,0.28978223940895026,0.290510127531883,,,0.28978223940895026,0.290510127531883
6c6sD_2ougC,ShallowMsa_065,68,0.3410792190128972,0.3333333333333333,,,0.3410792190128972,0.3333333333333333
6c6sD_2ougC,ShallowMsa_066,67,0.30187408979152924,0.29927007299270075,,,0.30187408979152924,0.29927007299270075
6c6sD_2ougC,ShallowMsa_067,67,0.3483425036871985,0.3548387096774194,,,0.3483425036871985,0.3548387096774194
6c6sD_2ougC,ShallowMsa_068,66,0.3301459991217515,0.3253381676195789,,,0.3301459991217515,0.3253381676195789
6c6sD_2ougC,ShallowMsa_069,65,0.28947168468649337,0.2891566265060241,,,0.28947168468649337,0.2891566265060241
6c6sD_2ougC,ShallowMsa_070,64,0.2879061864808188,0.2883838383838384,,,0.2879061864808188,0.2883838383838384
6c6sD_2ougC,ShallowMsa_071,63,0.276358132793093,0.2777777777777778,,,0.276358132793093,0.2777777777777778
6c6sD_2ougC,ShallowMsa_072,63,0.3569411356157971,0.3582089552238806,,,0.3569411356157971,0.3582089552238806
6c6sD_2ougC,ShallowMsa_073,60,0.30001827578818585,0.29728490185287104,,,0.30001827578818585,0.29728490185287104
6c6sD_2ougC,ShallowMsa_074,60,0.3122773871986281,0.30773010958769476,,,0.3122773871986281,0.30773010958769476
6c6sD_2ougC,ShallowMsa_075,57,0.27316282597485636,0.2631578947368421,,,0.27316282597485636,0.2631578947368421
6c6sD_2ougC,ShallowMsa_076,56,0.3083748216839908,0.3051948051948052,,,0.3083748216839908,0.3051948051948052
6c6sD_2ougC,ShallowMsa_077,55,0.34936322469615977,0.35106382978723405,,,0.34936322469615977,0.35106382978723405
6c6sD_2ougC,ShallowMsa_078,54,0.30545411719213394,0.3043557168784029,,,0.30545411719213394,0.3043557168784029
6c6sD_2ougC,ShallowMsa_079,54,0.3135572298173746,0.3006410256410256,,,0.3135572298173746,0.3006410256410256
6c6sD_2ougC,ShallowMsa_080,54,0.37850491960380517,0.37766129554131883,,,0.37850491960380517,0.37766129554131883
6c6sD_2ougC,ShallowMsa_081,51,0.35360376282959977,0.35064935064935066,,,0.35360376282959977,0.35064935064935066
6c6sD_2ougC,ShallowMsa_082,51,0.2872016697629317,0.2835820895522388,,,0.2872016697629317,0.2835820895522388
6c6sD_2ougC,ShallowMsa_083,49,0.31253359958103016,0.3115942028985507,,,0.31253359958103016,0.3115942028985507
6c6sD_2ougC,ShallowMsa_084,48,0.3028728251654376,0.2981857611340315,,,0.3028728251654376,0.2981857611340315
6c6sD_2ougC,ShallowMsa_085,48,0.29933566634929737,0.2971014492753623,,,0.29933566634929737,0.2971014492753623
6c6sD_2ougC,ShallowMsa_086,47,0.3586950962917938,0.3597122302158273,,,0.3586950962917938,0.3597122302158273
6c6sD_2ougC,ShallowMsa_087,46,0.34893020376923223,0.33454987834549876,,,0.34893020376923223,0.33454987834549876
6c6sD_2ougC,ShallowMsa_088,46,0.3426845597662547,0.3401616499442587,,,0.3426845597662547,0.3401616499442587
6c6sD_2ougC,ShallowMsa_089,45,0.35769980348146285,0.35,,,0.35769980348146285,0.35
6c6sD_2ougC,ShallowMsa_090,45,0.2983374307043386,0.3018867924528302,,,0.2983374307043386,0.3018867924528302
6c6sD_2ougC,ShallowMsa_091,43,0.3302857020543152,0.32954545454545453,,,0.3302857020543152,0.32954545454545453
6c6sD_2ougC,ShallowMsa_092,42,0.26738235776255204,0.2632549931820005,,,0.26738235776255204,0.2632549931820005
6c6sD_2ougC,ShallowMsa_093,39,0.27094080336003995,0.2717391304347826,,,0.27094080336003995,0.2717391304347826
6c6sD_2ougC,ShallowMsa_094,38,0.3309601319215889,0.33334757347915245,,,0.3309601319215889,0.33334757347915245
6c6sD_2ougC,ShallowMsa_095,36,0.3004463798193547,0.3006024096385542,,,0.3004463798193547,0.3006024096385542
6c6sD_2ougC,ShallowMsa_096,36,0.29374870312119883,0.288169099756691,,,0.29374870312119883,0.288169099756691
6c6sD_2ougC,ShallowMsa_097,35,0.31045303006328884,0.31313131313131315,,,0.31045303006328884,0.31313131313131315
6c6sD_2ougC,ShallowMsa_098,35,0.32553373946958275,0.31386861313868614,,,0.32553373946958275,0.31386861313868614
6c6sD_2ougC,ShallowMsa_099,32,0.30959768992009296,0.2997037268049275,,,0.30959768992009296,0.2997037268049275
7kdtB_6z4uA,ShallowMsa_000,12,0.7417022285443338,0.75,,,0.7417022285443338,0.75
