mode,version,cluster,chain,TM_F1,TM_F2,TMdiff,pred_pdb,error,TMdiff_centered
AF2_treek100_top10,AF2,ShallowMsa_000,2n54B,0.2742399747438503,0.4871994059109155,-0.21295943116706517,Pipeline/FoldPairs/2n54B_2hdmA/output_AF/AF2_treek100_top10/ShallowMsa_000/2n54B/tmp_ShallowMsa_000__2n54B_unrelaxed_rank_001_alphafold2_ptm_model_3_seed_000.pdb,,0.14879182095639842
AF2_treek100_top10,AF2,ShallowMsa_000,2hdmA,0.2742399747438503,0.4871994059109155,-0.21295943116706517,Pipeline/FoldPairs/2n54B_2hdmA/output_AF/AF2_treek100_top10/ShallowMsa_000/2hdmA/tmp_ShallowMsa_000__2hdmA_unrelaxed_rank_001_alphafold2_ptm_model_3_seed_000.pdb,,0.14879182095639842
AF2_treek100_top10,AF2,ShallowMsa_001,2n54B,0.5057817930538291,0.3921733243849332,0.1136084686688959,Pipeline/FoldPairs/2n54B_2hdmA/output_AF/AF2_treek100_top10/ShallowMsa_001/2n54B/tmp_ShallowMsa_001__2n54B_unrelaxed_rank_001_alphafold2_ptm_model_3_seed_000.pdb,,0.4753597207923595
AF2_treek100_top10,AF2,ShallowMsa_001,2hdmA,0.5057817930538291,0.3921733243849332,0.1136084686688959,Pipeline/FoldPairs/2n54B_2hdmA/output_AF/AF2_treek100_top10/ShallowMsa_001/2hdmA/tmp_ShallowMsa_001__2hdmA_unrelaxed_rank_001_alphafold2_ptm_model_3_seed_000.pdb,,0.4753597207923595
AF2_treek100_top10,AF2,ShallowMsa_002,2n54B,0.34270786202000647,0.7052696555812162,-0.36256179356120977,Pipeline/FoldPairs/2n54B_2hdmA/output_AF/AF2_treek100_top10/ShallowMsa_002/2n54B/tmp_ShallowMsa_002__2n54B_unrelaxed_rank_001_alphafold2_ptm_model_3_seed_000.pdb,,-0.0008105414377461706
AF2_treek100_top10,AF2,ShallowMsa_002,2hdmA,0.34270786202000647,0.7052696555812162,-0.36256179356120977,Pipeline/FoldPairs/2n54B_2hdmA/output_AF/AF2_treek100_top10/ShallowMsa_002/2hdmA/tmp_ShallowMsa_002__2hdmA_unrelaxed_rank_001_alphafold2_ptm_model_3_seed_000.pdb,,-0.0008105414377461706
AF2_treek100_top10,AF2,ShallowMsa_003,2n54B,0.23584602663645612,0.46669293915371257,-0.23084691251725645,Pipeline/FoldPairs/2n54B_2hdmA/output_AF/AF2_treek100_top10/ShallowMsa_003/2n54B/tmp_ShallowMsa_003__2n54B_unrelaxed_rank_001_alphafold2_ptm_model_4_seed_000.pdb,,0.13090433960620715
AF2_treek100_top10,AF2,ShallowMsa_003,2hdmA,0.23584602663645612,0.46669293915371257,-0.23084691251725645,Pipeline/FoldPairs/2n54B_2hdmA/output_AF/AF2_treek100_top10/ShallowMsa_003/2hdmA/tmp_ShallowMsa_003__2hdmA_unrelaxed_rank_001_alphafold2_ptm_model_4_seed_000.pdb,,0.13090433960620715
AF2_treek100_top10,AF2,ShallowMsa_004,2n54B,0.2520190053584318,0.4338473257679701,-0.18182832040953828,Pipeline/FoldPairs/2n54B_2hdmA/output_AF/AF2_treek100_top10/ShallowMsa_004/2n54B/tmp_ShallowMsa_004__2n54B_unrelaxed_rank_001_alphafold2_ptm_model_4_seed_000.pdb,,0.17992293171392532
AF2_treek100_top10,AF2,ShallowMsa_004,2hdmA,0.2520190053584318,0.4338473257679701,-0.18182832040953828,Pipeline/FoldPairs/2n54B_2hdmA/output_AF/AF2_treek100_top10/ShallowMsa_004/2hdmA/tmp_ShallowMsa_004__2hdmA_unrelaxed_rank_001_alphafold2_ptm_model_4_seed_000.pdb,,0.17992293171392532
AF2_treek100_top10,AF2,ShallowMsa_005,2n54B,0.3054131073587789,0.5566249859131984,-0.2512118785544195,Pipeline/FoldPairs/2n54B_2hdmA/output_AF/AF2_treek100_top10/ShallowMsa_005/2n54B/tmp_ShallowMsa_005__2n54B_unrelaxed_rank_001_alphafold2_ptm_model_2_seed_000.pdb,,0.11053937356904409
AF2_treek100_top10,AF2,ShallowMsa_005,2hdmA,0.3054131073587789,0.5566249859131984,-0.2512118785544195,Pipeline/FoldPairs/2n54B_2hdmA/output_AF/AF2_treek100_top10/ShallowMsa_005/2hdmA/tmp_ShallowMsa_005__2hdmA_unrelaxed_rank_001_alphafold2_ptm_model_2_seed_000.pdb,,0.11053937356904409
AF2_treek100_top10,AF2,ShallowMsa_006,2n54B,0.33694960467801416,0.3215096899670778,0.015439914710936364,Pipeline/FoldPairs/2n54B_2hdmA/output_AF/AF2_treek100_top10/ShallowMsa_006/2n54B/tmp_ShallowMsa_006__2n54B_unrelaxed_rank_001_alphafold2_ptm_model_5_seed_000.pdb,,0.37719116683439996
AF2_treek100_top10,AF2,ShallowMsa_006,2hdmA,0.33694960467801416,0.3215096899670778,0.015439914710936364,Pipeline/FoldPairs/2n54B_2hdmA/output_AF/AF2_treek100_top10/ShallowMsa_006/2hdmA/tmp_ShallowMsa_006__2hdmA_unrelaxed_rank_001_alphafold2_ptm_model_5_seed_000.pdb,,0.37719116683439996
AF2_treek100_top10,AF2,ShallowMsa_007,2n54B,0.28306099477771424,0.44449984696032374,-0.1614388521826095,Pipeline/FoldPairs/2n54B_2hdmA/output_AF/AF2_treek100_top10/ShallowMsa_007/2n54B/tmp_ShallowMsa_007__2n54B_unrelaxed_rank_001_alphafold2_ptm_model_3_seed_000.pdb,,0.2003123999408541
AF2_treek100_top10,AF2,ShallowMsa_007,2hdmA,0.28306099477771424,0.44449984696032374,-0.1614388521826095,Pipeline/FoldPairs/2n54B_2hdmA/output_AF/AF2_treek100_top10/ShallowMsa_007/2hdmA/tmp_ShallowMsa_007__2hdmA_unrelaxed_rank_001_alphafold2_ptm_model_3_seed_000.pdb,,0.2003123999408541
AF2_treek100_top10,AF2,ShallowMsa_008,2n54B,0.38957273992823116,0.8075195982100176,-0.41794685828178646,Pipeline/FoldPairs/2n54B_2hdmA/output_AF/AF2_treek100_top10/ShallowMsa_008/2n54B/tmp_ShallowMsa_008__2n54B_unrelaxed_rank_001_alphafold2_ptm_model_3_seed_000.pdb,,-0.056195606158322864
AF2_treek100_top10,AF2,ShallowMsa_008,2hdmA,0.38957273992823116,0.8075195982100176,-0.41794685828178646,Pipeline/FoldPairs/2n54B_2hdmA/output_AF/AF2_treek100_top10/ShallowMsa_008/2hdmA/tmp_ShallowMsa_008__2hdmA_unrelaxed_rank_001_alphafold2_ptm_model_3_seed_000.pdb,,-0.056195606158322864
AF2_treek100_top10,AF2,ShallowMsa_009,2n54B,0.32210303649220173,0.6916647657085544,-0.36956172921635266,Pipeline/FoldPairs/2n54B_2hdmA/output_AF/AF2_treek100_top10/ShallowMsa_009/2n54B/tmp_ShallowMsa_009__2n54B_unrelaxed_rank_001_alphafold2_ptm_model_3_seed_000.pdb,,-0.007810477092889068
AF2_treek100_top10,AF2,ShallowMsa_009,2hdmA,0.32210303649220173,0.6916647657085544,-0.36956172921635266,Pipeline/FoldPairs/2n54B_2hdmA/output_AF/AF2_treek100_top10/ShallowMsa_009/2hdmA/tmp_ShallowMsa_009__2hdmA_unrelaxed_rank_001_alphafold2_ptm_model_3_seed_000.pdb,,-0.007810477092889068
AF2_treek100_top10,AF2,ShallowMsa_010,2n54B,0.33872084491025445,0.717533048303949,-0.3788122033936946,Pipeline/FoldPairs/2n54B_2hdmA/output_AF/AF2_treek100_top10/ShallowMsa_010/2n54B/tmp_ShallowMsa_010__2n54B_unrelaxed_rank_001_alphafold2_ptm_model_3_seed_000.pdb,,-0.017060951270230995
AF2_treek100_top10,AF2,ShallowMsa_010,2hdmA,0.33872084491025445,0.717533048303949,-0.3788122033936946,Pipeline/FoldPairs/2n54B_2hdmA/output_AF/AF2_treek100_top10/ShallowMsa_010/2hdmA/tmp_ShallowMsa_010__2hdmA_unrelaxed_rank_001_alphafold2_ptm_model_3_seed_000.pdb,,-0.017060951270230995
AF2_treek100_top10,AF2,ShallowMsa_011,2n54B,0.32638790331684675,0.7342226516536673,-0.40783474833682054,Pipeline/FoldPairs/2n54B_2hdmA/output_AF/AF2_treek100_top10/ShallowMsa_011/2n54B/tmp_ShallowMsa_011__2n54B_unrelaxed_rank_001_alphafold2_ptm_model_2_seed_000.pdb,,-0.046083496213356945
AF2_treek100_top10,AF2,ShallowMsa_011,2hdmA,0.32638790331684675,0.7342226516536673,-0.40783474833682054,Pipeline/FoldPairs/2n54B_2hdmA/output_AF/AF2_treek100_top10/ShallowMsa_011/2hdmA/tmp_ShallowMsa_011__2hdmA_unrelaxed_rank_001_alphafold2_ptm_model_2_seed_000.pdb,,-0.046083496213356945
AF2_treek100_top10,AF2,ShallowMsa_012,2n54B,0.2711212785778843,0.5275605757622154,-0.25643929718433106,Pipeline/FoldPairs/2n54B_2hdmA/output_AF/AF2_treek100_top10/ShallowMsa_012/2n54B/tmp_ShallowMsa_012__2n54B_unrelaxed_rank_001_alphafold2_ptm_model_3_seed_000.pdb,,0.10531195493913253
AF2_treek100_top10,AF2,ShallowMsa_012,2hdmA,0.2711212785778843,0.5275605757622154,-0.25643929718433106,Pipeline/FoldPairs/2n54B_2hdmA/output_AF/AF2_treek100_top10/ShallowMsa_012/2hdmA/tmp_ShallowMsa_012__2hdmA_unrelaxed_rank_001_alphafold2_ptm_model_3_seed_000.pdb,,0.10531195493913253
AF2_treek100_top10,AF2,ShallowMsa_013,2n54B,0.3408034926600278,0.8017285674958765,-0.4609250748358487,Pipeline/FoldPairs/2n54B_2hdmA/output_AF/AF2_treek100_top10/ShallowMsa_013/2n54B/tmp_ShallowMsa_013__2n54B_unrelaxed_rank_001_alphafold2_ptm_model_3_seed_000.pdb,,-0.09917382271238512
AF2_treek100_top10,AF2,ShallowMsa_013,2hdmA,0.3408034926600278,0.8017285674958765,-0.4609250748358487,Pipeline/FoldPairs/2n54B_2hdmA/output_AF/AF2_treek100_top10/ShallowMsa_013/2hdmA/tmp_ShallowMsa_013__2hdmA_unrelaxed_rank_001_alphafold2_ptm_model_3_seed_000.pdb,,-0.09917382271238512
AF2_treek100_top10,AF2,ShallowMsa_014,2n54B,0.3624722423606185,0.5860037690498404,-0.22353152668922194,Pipeline/FoldPairs/2n54B_2hdmA/output_AF/AF2_treek100_top10/ShallowMsa_014/2n54B/tmp_ShallowMsa_014__2n54B_unrelaxed_rank_001_alphafold2_ptm_model_5_seed_000.pdb,,0.13821972543424166
AF2_treek100_top10,AF2,ShallowMsa_014,2hdmA,0.3624722423606185,0.5860037690498404,-0.22353152668922194,Pipeline/FoldPairs/2n54B_2hdmA/output_AF/AF2_treek100_top10/ShallowMsa_014/2hdmA/tmp_ShallowMsa_014__2hdmA_unrelaxed_rank_001_alphafold2_ptm_model_5_seed_000.pdb,,0.13821972543424166
AF2_treek100_top10,AF2,ShallowMsa_015,2n54B,0.32964141766369975,0.6649484335711559,-0.3353070159074561,Pipeline/FoldPairs/2n54B_2hdmA/output_AF/AF2_treek100_top10/ShallowMsa_015/2n54B/tmp_ShallowMsa_015__2n54B_unrelaxed_rank_001_alphafold2_ptm_model_5_seed_000.pdb,,0.0264442362160075
AF2_treek100_top10,AF2,ShallowMsa_015,2hdmA,0.32964141766369975,0.6649484335711559,-0.3353070159074561,Pipeline/FoldPairs/2n54B_2hdmA/output_AF/AF2_treek100_top10/ShallowMsa_015/2hdmA/tmp_ShallowMsa_015__2hdmA_unrelaxed_rank_001_alphafold2_ptm_model_5_seed_000.pdb,,0.0264442362160075
AF2_treek100_top10,AF2,ShallowMsa_016,2n54B,0.3396683809681505,0.7475673641630337,-0.4078989831948832,Pipeline/FoldPairs/2n54B_2hdmA/output_AF/AF2_treek100_top10/ShallowMsa_016/2n54B/tmp_ShallowMsa_016__2n54B_unrelaxed_rank_001_alphafold2_ptm_model_4_seed_000.pdb,,-0.04614773107141962
AF2_treek100_top10,AF2,ShallowMsa_016,2hdmA,0.3396683809681505,0.7475673641630337,-0.4078989831948832,Pipeline/FoldPairs/2n54B_2hdmA/output_AF/AF2_treek100_top10/ShallowMsa_016/2hdmA/tmp_ShallowMsa_016__2hdmA_unrelaxed_rank_001_alphafold2_ptm_model_4_seed_000.pdb,,-0.04614773107141962
AF2_treek100_top10,AF2,ShallowMsa_017,2n54B,0.33888289780494957,0.6503113533266832,-0.31142845552173365,Pipeline/FoldPairs/2n54B_2hdmA/output_AF/AF2_treek100_top10/ShallowMsa_017/2n54B/tmp_ShallowMsa_017__2n54B_unrelaxed_rank_001_alphafold2_ptm_model_3_seed_000.pdb,,0.05032279660172995
AF2_treek100_top10,AF2,ShallowMsa_017,2hdmA,0.33888289780494957,0.6503113533266832,-0.31142845552173365,Pipeline/FoldPairs/2n54B_2hdmA/output_AF/AF2_treek100_top10/ShallowMsa_017/2hdmA/tmp_ShallowMsa_017__2hdmA_unrelaxed_rank_001_alphafold2_ptm_model_3_seed_000.pdb,,0.05032279660172995
AF2_treek100_top10,AF2,ShallowMsa_018,2n54B,0.3661698896930884,0.7675601616663185,-0.4013902719732301,Pipeline/FoldPairs/2n54B_2hdmA/output_AF/AF2_treek100_top10/ShallowMsa_018/2n54B/tmp_ShallowMsa_018__2n54B_unrelaxed_rank_001_alphafold2_ptm_model_3_seed_000.pdb,,-0.03963901984976648
AF2_treek100_top10,AF2,ShallowMsa_018,2hdmA,0.3661698896930884,0.7675601616663185,-0.4013902719732301,Pipeline/FoldPairs/2n54B_2hdmA/output_AF/AF2_treek100_top10/ShallowMsa_018/2hdmA/tmp_ShallowMsa_018__2hdmA_unrelaxed_rank_001_alphafold2_ptm_model_3_seed_000.pdb,,-0.03963901984976648
AF2_treek100_top10,AF2,ShallowMsa_019,2n54B,0.27633436545710377,0.4900038527664308,-0.21366948730932706,Pipeline/FoldPairs/2n54B_2hdmA/output_AF/AF2_treek100_top10/ShallowMsa_019/2n54B/tmp_ShallowMsa_019__2n54B_unrelaxed_rank_001_alphafold2_ptm_model_4_seed_000.pdb,,0.14808176481413654
AF2_treek100_top10,AF2,ShallowMsa_019,2hdmA,0.27633436545710377,0.4900038527664308,-0.21366948730932706,Pipeline/FoldPairs/2n54B_2hdmA/output_AF/AF2_treek100_top10/ShallowMsa_019/2hdmA/tmp_ShallowMsa_019__2hdmA_unrelaxed_rank_001_alphafold2_ptm_model_4_seed_000.pdb,,0.14808176481413654
AF2_treek100_top10,AF2,ShallowMsa_020,2n54B,0.3384466721758347,0.8104247053262688,-0.4719780331504341,Pipeline/FoldPairs/2n54B_2hdmA/output_AF/AF2_treek100_top10/ShallowMsa_020/2n54B/tmp_ShallowMsa_020__2n54B_unrelaxed_rank_001_alphafold2_ptm_model_3_seed_000.pdb,,-0.11022678102697048
AF2_treek100_top10,AF2,ShallowMsa_020,2hdmA,0.3384466721758347,0.8104247053262688,-0.4719780331504341,Pipeline/FoldPairs/2n54B_2hdmA/output_AF/AF2_treek100_top10/ShallowMsa_020/2hdmA/tmp_ShallowMsa_020__2hdmA_unrelaxed_rank_001_alphafold2_ptm_model_3_seed_000.pdb,,-0.11022678102697048
AF2_treek100_top10,AF2,ShallowMsa_021,2n54B,0.32774113619564677,0.6335443766310448,-0.305803240435398,Pipeline/FoldPairs/2n54B_2hdmA/output_AF/AF2_treek100_top10/ShallowMsa_021/2n54B/tmp_ShallowMsa_021__2n54B_unrelaxed_rank_001_alphafold2_ptm_model_1_seed_000.pdb,,0.05594801168806557
AF2_treek100_top10,AF2,ShallowMsa_021,2hdmA,0.32774113619564677,0.6335443766310448,-0.305803240435398,Pipeline/FoldPairs/2n54B_2hdmA/output_AF/AF2_treek100_top10/ShallowMsa_021/2hdmA/tmp_ShallowMsa_021__2hdmA_unrelaxed_rank_001_alphafold2_ptm_model_1_seed_000.pdb,,0.05594801168806557
AF2_treek100_top10,AF2,ShallowMsa_022,2n54B,0.34198869083335415,0.7025110041215419,-0.36052231328818773,Pipeline/FoldPairs/2n54B_2hdmA/output_AF/AF2_treek100_top10/ShallowMsa_022/2n54B/tmp_ShallowMsa_022__2n54B_unrelaxed_rank_001_alphafold2_ptm_model_1_seed_000.pdb,,0.0012289388352758612
AF2_treek100_top10,AF2,ShallowMsa_022,2hdmA,0.34198869083335415,0.7025110041215419,-0.36052231328818773,Pipeline/FoldPairs/2n54B_2hdmA/output_AF/AF2_treek100_top10/ShallowMsa_022/2hdmA/tmp_ShallowMsa_022__2hdmA_unrelaxed_rank_001_alphafold2_ptm_model_1_seed_000.pdb,,0.0012289388352758612
AF2_treek100_top10,AF2,ShallowMsa_023,2n54B,0.31274080728565523,0.768319260478478,-0.45557845319282275,Pipeline/FoldPairs/2n54B_2hdmA/output_AF/AF2_treek100_top10/ShallowMsa_023/2n54B/tmp_ShallowMsa_023__2n54B_unrelaxed_rank_001_alphafold2_ptm_model_3_seed_000.pdb,,-0.09382720106935916
AF2_treek100_top10,AF2,ShallowMsa_023,2hdmA,0.31274080728565523,0.768319260478478,-0.45557845319282275,Pipeline/FoldPairs/2n54B_2hdmA/output_AF/AF2_treek100_top10/ShallowMsa_023/2hdmA/tmp_ShallowMsa_023__2hdmA_unrelaxed_rank_001_alphafold2_ptm_model_3_seed_000.pdb,,-0.09382720106935916
AF2_treek100_top10,AF2,ShallowMsa_024,2n54B,0.3565828629517219,0.8345085817354341,-0.47792571878371215,Pipeline/FoldPairs/2n54B_2hdmA/output_AF/AF2_treek100_top10/ShallowMsa_024/2n54B/tmp_ShallowMsa_024__2n54B_unrelaxed_rank_001_alphafold2_ptm_model_4_seed_000.pdb,,-0.11617446666024855
AF2_treek100_top10,AF2,ShallowMsa_024,2hdmA,0.3565828629517219,0.8345085817354341,-0.47792571878371215,Pipeline/FoldPairs/2n54B_2hdmA/output_AF/AF2_treek100_top10/ShallowMsa_024/2hdmA/tmp_ShallowMsa_024__2hdmA_unrelaxed_rank_001_alphafold2_ptm_model_4_seed_000.pdb,,-0.11617446666024855
AF2_treek100_top10,AF2,ShallowMsa_025,2n54B,0.30829067112929526,0.6337411027842922,-0.32545043165499693,Pipeline/FoldPairs/2n54B_2hdmA/output_AF/AF2_treek100_top10/ShallowMsa_025/2n54B/tmp_ShallowMsa_025__2n54B_unrelaxed_rank_001_alphafold2_ptm_model_4_seed_000.pdb,,0.036300820468466666
AF2_treek100_top10,AF2,ShallowMsa_025,2hdmA,0.30829067112929526,0.6337411027842922,-0.32545043165499693,Pipeline/FoldPairs/2n54B_2hdmA/output_AF/AF2_treek100_top10/ShallowMsa_025/2hdmA/tmp_ShallowMsa_025__2hdmA_unrelaxed_rank_001_alphafold2_ptm_model_4_seed_000.pdb,,0.036300820468466666
AF2_treek100_top10,AF2,ShallowMsa_026,2n54B,0.3528350089378354,0.7795475792456746,-0.4267125703078392,Pipeline/FoldPairs/2n54B_2hdmA/output_AF/AF2_treek100_top10/ShallowMsa_026/2n54B/tmp_ShallowMsa_026__2n54B_unrelaxed_rank_001_alphafold2_ptm_model_3_seed_000.pdb,,-0.06496131818437562
AF2_treek100_top10,AF2,ShallowMsa_026,2hdmA,0.3528350089378354,0.7795475792456746,-0.4267125703078392,Pipeline/FoldPairs/2n54B_2hdmA/output_AF/AF2_treek100_top10/ShallowMsa_026/2hdmA/tmp_ShallowMsa_026__2hdmA_unrelaxed_rank_001_alphafold2_ptm_model_3_seed_000.pdb,,-0.06496131818437562
AF2_treek100_top10,AF2,ShallowMsa_027,2n54B,0.2986197570163358,0.522089280368639,-0.2234695233523032,Pipeline/FoldPairs/2n54B_2hdmA/output_AF/AF2_treek100_top10/ShallowMsa_027/2n54B/tmp_ShallowMsa_027__2n54B_unrelaxed_rank_001_alphafold2_ptm_model_4_seed_000.pdb,,0.1382817287711604
AF2_treek100_top10,AF2,ShallowMsa_027,2hdmA,0.2986197570163358,0.522089280368639,-0.2234695233523032,Pipeline/FoldPairs/2n54B_2hdmA/output_AF/AF2_treek100_top10/ShallowMsa_027/2hdmA/tmp_ShallowMsa_027__2hdmA_unrelaxed_rank_001_alphafold2_ptm_model_4_seed_000.pdb,,0.1382817287711604
AF2_treek100_top10,AF2,ShallowMsa_028,2n54B,0.381365931119661,0.696578634430698,-0.315212703311037,Pipeline/FoldPairs/2n54B_2hdmA/output_AF/AF2_treek100_top10/ShallowMsa_028/2n54B/tmp_ShallowMsa_028__2n54B_unrelaxed_rank_001_alphafold2_ptm_model_3_seed_000.pdb,,0.04653854881242658
AF2_treek100_top10,AF2,ShallowMsa_028,2hdmA,0.381365931119661,0.696578634430698,-0.315212703311037,Pipeline/FoldPairs/2n54B_2hdmA/output_AF/AF2_treek100_top10/ShallowMsa_028/2hdmA/tmp_ShallowMsa_028__2hdmA_unrelaxed_rank_001_alphafold2_ptm_model_3_seed_000.pdb,,0.04653854881242658
AF2_treek100_top10,AF2,ShallowMsa_029,2n54B,0.2854102920395796,0.3058032831508969,-0.02039299111131726,Pipeline/FoldPairs/2n54B_2hdmA/output_AF/AF2_treek100_top10/ShallowMsa_029/2n54B/tmp_ShallowMsa_029__2n54B_unrelaxed_rank_001_alphafold2_ptm_model_3_seed_000.pdb,,0.34135826101214634
AF2_treek100_top10,AF2,ShallowMsa_029,2hdmA,0.2854102920395796,0.3058032831508969,-0.02039299111131726,Pipeline/FoldPairs/2n54B_2hdmA/output_AF/AF2_treek100_top10/ShallowMsa_029/2hdmA/tmp_ShallowMsa_029__2hdmA_unrelaxed_rank_001_alphafold2_ptm_model_3_seed_000.pdb,,0.34135826101214634
AF2_treek100_top10,AF2,ShallowMsa_030,2n54B,0.37355443253636883,0.6935674314325186,-0.3200129988961498,Pipeline/FoldPairs/2n54B_2hdmA/output_AF/AF2_treek100_top10/ShallowMsa_030/2n54B/tmp_ShallowMsa_030__2n54B_unrelaxed_rank_001_alphafold2_ptm_model_1_seed_000.pdb,,0.04173825322731378
AF2_treek100_top10,AF2,ShallowMsa_030,2hdmA,0.37355443253636883,0.6935674314325186,-0.3200129988961498,Pipeline/FoldPairs/2n54B_2hdmA/output_AF/AF2_treek100_top10/ShallowMsa_030/2hdmA/tmp_ShallowMsa_030__2hdmA_unrelaxed_rank_001_alphafold2_ptm_model_1_seed_000.pdb,,0.04173825322731378
AF2_treek100_top10,AF2,ShallowMsa_031,2n54B,0.35723227514349376,0.7075070253965847,-0.35027475025309096,Pipeline/FoldPairs/2n54B_2hdmA/output_AF/AF2_treek100_top10/ShallowMsa_031/2n54B/tmp_ShallowMsa_031__2n54B_unrelaxed_rank_001_alphafold2_ptm_model_5_seed_000.pdb,,0.011476501870372635
AF2_treek100_top10,AF2,ShallowMsa_031,2hdmA,0.35723227514349376,0.7075070253965847,-0.35027475025309096,Pipeline/FoldPairs/2n54B_2hdmA/output_AF/AF2_treek100_top10/ShallowMsa_031/2hdmA/tmp_ShallowMsa_031__2hdmA_unrelaxed_rank_001_alphafold2_ptm_model_5_seed_000.pdb,,0.011476501870372635
AF2_treek100_top10,AF2,ShallowMsa_032,2n54B,0.3131260545679449,0.5889914136225591,-0.27586535905461423,Pipeline/FoldPairs/2n54B_2hdmA/output_AF/AF2_treek100_top10/ShallowMsa_032/2n54B/tmp_ShallowMsa_032__2n54B_unrelaxed_rank_001_alphafold2_ptm_model_3_seed_000.pdb,,0.08588589306884936
AF2_treek100_top10,AF2,ShallowMsa_032,2hdmA,0.3131260545679449,0.5889914136225591,-0.27586535905461423,Pipeline/FoldPairs/2n54B_2hdmA/output_AF/AF2_treek100_top10/ShallowMsa_032/2hdmA/tmp_ShallowMsa_032__2hdmA_unrelaxed_rank_001_alphafold2_ptm_model_3_seed_000.pdb,,0.08588589306884936
AF2_treek100_top10,AF2,ShallowMsa_033,2n54B,0.31557262537247827,0.6203204521840563,-0.304747826811578,Pipeline/FoldPairs/2n54B_2hdmA/output_AF/AF2_treek100_top10/ShallowMsa_033/2n54B/tmp_ShallowMsa_033__2n54B_unrelaxed_rank_001_alphafold2_ptm_model_5_seed_000.pdb,,0.05700342531188557
AF2_treek100_top10,AF2,ShallowMsa_033,2hdmA,0.31557262537247827,0.6203204521840563,-0.304747826811578,Pipeline/FoldPairs/2n54B_2hdmA/output_AF/AF2_treek100_top10/ShallowMsa_033/2hdmA/tmp_ShallowMsa_033__2hdmA_unrelaxed_rank_001_alphafold2_ptm_model_5_seed_000.pdb,,0.05700342531188557
AF2_treek100_top10,AF2,ShallowMsa_034,2n54B,0.3408622468234695,0.7817318607492871,-0.44086961392581764,Pipeline/FoldPairs/2n54B_2hdmA/output_AF/AF2_treek100_top10/ShallowMsa_034/2n54B/tmp_ShallowMsa_034__2n54B_unrelaxed_rank_001_alphafold2_ptm_model_4_seed_000.pdb,,-0.07911836180235404
AF2_treek100_top10,AF2,ShallowMsa_034,2hdmA,0.3408622468234695,0.7817318607492871,-0.44086961392581764,Pipeline/FoldPairs/2n54B_2hdmA/output_AF/AF2_treek100_top10/ShallowMsa_034/2hdmA/tmp_ShallowMsa_034__2hdmA_unrelaxed_rank_001_alphafold2_ptm_model_4_seed_000.pdb,,-0.07911836180235404
AF2_treek100_top10,AF2,ShallowMsa_035,2n54B,0.3283427862903654,0.6332265076238269,-0.30488372133346153,Pipeline/FoldPairs/2n54B_2hdmA/output_AF/AF2_treek100_top10/ShallowMsa_035/2n54B/tmp_ShallowMsa_035__2n54B_unrelaxed_rank_001_alphafold2_ptm_model_2_seed_000.pdb,,0.05686753079000206
AF2_treek100_top10,AF2,ShallowMsa_035,2hdmA,0.3283427862903654,0.6332265076238269,-0.30488372133346153,Pipeline/FoldPairs/2n54B_2hdmA/output_AF/AF2_treek100_top10/ShallowMsa_035/2hdmA/tmp_ShallowMsa_035__2hdmA_unrelaxed_rank_001_alphafold2_ptm_model_2_seed_000.pdb,,0.05686753079000206
AF2_treek100_top10,AF2,ShallowMsa_036,2n54B,0.2618938179383555,0.4506658895159351,-0.18877207157757964,Pipeline/FoldPairs/2n54B_2hdmA/output_AF/AF2_treek100_top10/ShallowMsa_036/2n54B/tmp_ShallowMsa_036__2n54B_unrelaxed_rank_001_alphafold2_ptm_model_4_seed_000.pdb,,0.17297918054588396
AF2_treek100_top10,AF2,ShallowMsa_036,2hdmA,0.2618938179383555,0.4506658895159351,-0.18877207157757964,Pipeline/FoldPairs/2n54B_2hdmA/output_AF/AF2_treek100_top10/ShallowMsa_036/2hdmA/tmp_ShallowMsa_036__2hdmA_unrelaxed_rank_001_alphafold2_ptm_model_4_seed_000.pdb,,0.17297918054588396
AF2_treek100_top10,AF2,ShallowMsa_037,2n54B,0.2403583827160859,0.41107547416870915,-0.17071709145262326,Pipeline/FoldPairs/2n54B_2hdmA/output_AF/AF2_treek100_top10/ShallowMsa_037/2n54B/tmp_ShallowMsa_037__2n54B_unrelaxed_rank_001_alphafold2_ptm_model_3_seed_000.pdb,,0.19103416067084034
AF2_treek100_top10,AF2,ShallowMsa_037,2hdmA,0.2403583827160859,0.41107547416870915,-0.17071709145262326,Pipeline/FoldPairs/2n54B_2hdmA/output_AF/AF2_treek100_top10/ShallowMsa_037/2hdmA/tmp_ShallowMsa_037__2hdmA_unrelaxed_rank_001_alphafold2_ptm_model_3_seed_000.pdb,,0.19103416067084034
AF2_treek100_top10,AF2,ShallowMsa_038,2n54B,0.3314313314536236,0.7292331930194144,-0.3978018615657908,Pipeline/FoldPairs/2n54B_2hdmA/output_AF/AF2_treek100_top10/ShallowMsa_038/2n54B/tmp_ShallowMsa_038__2n54B_unrelaxed_rank_001_alphafold2_ptm_model_4_seed_000.pdb,,-0.036050609442327186
AF2_treek100_top10,AF2,ShallowMsa_038,2hdmA,0.3314313314536236,0.7292331930194144,-0.3978018615657908,Pipeline/FoldPairs/2n54B_2hdmA/output_AF/AF2_treek100_top10/ShallowMsa_038/2hdmA/tmp_ShallowMsa_038__2hdmA_unrelaxed_rank_001_alphafold2_ptm_model_4_seed_000.pdb,,-0.036050609442327186
AF2_treek100_top10,AF2,ShallowMsa_039,2n54B,0.3965081939519112,0.36576777072732225,0.030740423224588975,Pipeline/FoldPairs/2n54B_2hdmA/output_AF/AF2_treek100_top10/ShallowMsa_039/2n54B/tmp_ShallowMsa_039__2n54B_unrelaxed_rank_001_alphafold2_ptm_model_1_seed_000.pdb,,0.39249167534805257
AF2_treek100_top10,AF2,ShallowMsa_039,2hdmA,0.3965081939519112,0.36576777072732225,0.030740423224588975,Pipeline/FoldPairs/2n54B_2hdmA/output_AF/AF2_treek100_top10/ShallowMsa_039/2hdmA/tmp_ShallowMsa_039__2hdmA_unrelaxed_rank_001_alphafold2_ptm_model_1_seed_000.pdb,,0.39249167534805257
AF2_treek100_top10,AF2,ShallowMsa_040,2n54B,0.309287295705763,0.29211368666298027,0.017173609042782756,Pipeline/FoldPairs/2n54B_2hdmA/output_AF/AF2_treek100_top10/ShallowMsa_040/2n54B/tmp_ShallowMsa_040__2n54B_unrelaxed_rank_001_alphafold2_ptm_model_4_seed_000.pdb,,0.37892486116624635
AF2_treek100_top10,AF2,ShallowMsa_040,2hdmA,0.309287295705763,0.29211368666298027,0.017173609042782756,Pipeline/FoldPairs/2n54B_2hdmA/output_AF/AF2_treek100_top10/ShallowMsa_040/2hdmA/tmp_ShallowMsa_040__2hdmA_unrelaxed_rank_001_alphafold2_ptm_model_4_seed_000.pdb,,0.37892486116624635
AF2_treek100_top10,AF2,ShallowMsa_041,2n54B,0.35302226881126003,0.7656234018778755,-0.41260113306661544,Pipeline/FoldPairs/2n54B_2hdmA/output_AF/AF2_treek100_top10/ShallowMsa_041/2n54B/tmp_ShallowMsa_041__2n54B_unrelaxed_rank_001_alphafold2_ptm_model_1_seed_000.pdb,,-0.05084988094315185
AF2_treek100_top10,AF2,ShallowMsa_041,2hdmA,0.35302226881126003,0.7656234018778755,-0.41260113306661544,Pipeline/FoldPairs/2n54B_2hdmA/output_AF/AF2_treek100_top10/ShallowMsa_041/2hdmA/tmp_ShallowMsa_041__2hdmA_unrelaxed_rank_001_alphafold2_ptm_model_1_seed_000.pdb,,-0.05084988094315185
AF2_treek100_top10,AF2,ShallowMsa_042,2n54B,0.251839310834569,0.38442002561268945,-0.13258071477812045,Pipeline/FoldPairs/2n54B_2hdmA/output_AF/AF2_treek100_top10/ShallowMsa_042/2n54B/tmp_ShallowMsa_042__2n54B_unrelaxed_rank_001_alphafold2_ptm_model_4_seed_000.pdb,,0.22917053734534315
AF2_treek100_top10,AF2,ShallowMsa_042,2hdmA,0.251839310834569,0.38442002561268945,-0.13258071477812045,Pipeline/FoldPairs/2n54B_2hdmA/output_AF/AF2_treek100_top10/ShallowMsa_042/2hdmA/tmp_ShallowMsa_042__2hdmA_unrelaxed_rank_001_alphafold2_ptm_model_4_seed_000.pdb,,0.22917053734534315
AF2_treek100_top10,AF2,ShallowMsa_043,2n54B,0.38086960875107867,0.8029822496857966,-0.4221126409347179,Pipeline/FoldPairs/2n54B_2hdmA/output_AF/AF2_treek100_top10/ShallowMsa_043/2n54B/tmp_ShallowMsa_043__2n54B_unrelaxed_rank_001_alphafold2_ptm_model_5_seed_000.pdb,,-0.0603613888112543
AF2_treek100_top10,AF2,ShallowMsa_043,2hdmA,0.38086960875107867,0.8029822496857966,-0.4221126409347179,Pipeline/FoldPairs/2n54B_2hdmA/output_AF/AF2_treek100_top10/ShallowMsa_043/2hdmA/tmp_ShallowMsa_043__2hdmA_unrelaxed_rank_001_alphafold2_ptm_model_5_seed_000.pdb,,-0.0603613888112543
AF2_treek100_top10,AF2,ShallowMsa_044,2n54B,0.3470514365669947,0.7561795532038095,-0.40912811663681475,Pipeline/FoldPairs/2n54B_2hdmA/output_AF/AF2_treek100_top10/ShallowMsa_044/2n54B/tmp_ShallowMsa_044__2n54B_unrelaxed_rank_001_alphafold2_ptm_model_5_seed_000.pdb,,-0.04737686451335116
AF2_treek100_top10,AF2,ShallowMsa_044,2hdmA,0.3470514365669947,0.7561795532038095,-0.40912811663681475,Pipeline/FoldPairs/2n54B_2hdmA/output_AF/AF2_treek100_top10/ShallowMsa_044/2hdmA/tmp_ShallowMsa_044__2hdmA_unrelaxed_rank_001_alphafold2_ptm_model_5_seed_000.pdb,,-0.04737686451335116
AF2_treek100_top10,AF2,ShallowMsa_045,2n54B,0.35250498775164585,0.8203532686914609,-0.467848280939815,Pipeline/FoldPairs/2n54B_2hdmA/output_AF/AF2_treek100_top10/ShallowMsa_045/2n54B/tmp_ShallowMsa_045__2n54B_unrelaxed_rank_001_alphafold2_ptm_model_5_seed_000.pdb,,-0.10609702881635141
AF2_treek100_top10,AF2,ShallowMsa_045,2hdmA,0.35250498775164585,0.8203532686914609,-0.467848280939815,Pipeline/FoldPairs/2n54B_2hdmA/output_AF/AF2_treek100_top10/ShallowMsa_045/2hdmA/tmp_ShallowMsa_045__2hdmA_unrelaxed_rank_001_alphafold2_ptm_model_5_seed_000.pdb,,-0.10609702881635141
AF2_treek100_top10,AF2,ShallowMsa_046,2n54B,0.3740888055053417,0.8061804489591011,-0.43209164345375944,Pipeline/FoldPairs/2n54B_2hdmA/output_AF/AF2_treek100_top10/ShallowMsa_046/2n54B/tmp_ShallowMsa_046__2n54B_unrelaxed_rank_001_alphafold2_ptm_model_4_seed_000.pdb,,-0.07034039133029585
AF2_treek100_top10,AF2,ShallowMsa_046,2hdmA,0.3740888055053417,0.8061804489591011,-0.43209164345375944,Pipeline/FoldPairs/2n54B_2hdmA/output_AF/AF2_treek100_top10/ShallowMsa_046/2hdmA/tmp_ShallowMsa_046__2hdmA_unrelaxed_rank_001_alphafold2_ptm_model_4_seed_000.pdb,,-0.07034039133029585
AF2_treek100_top10,AF2,ShallowMsa_047,2n54B,0.34166752945596063,0.810592005360012,-0.46892447590405134,Pipeline/FoldPairs/2n54B_2hdmA/output_AF/AF2_treek100_top10/ShallowMsa_047/2n54B/tmp_ShallowMsa_047__2n54B_unrelaxed_rank_001_alphafold2_ptm_model_3_seed_000.pdb,,-0.10717322378058775
AF2_treek100_top10,AF2,ShallowMsa_047,2hdmA,0.34166752945596063,0.810592005360012,-0.46892447590405134,Pipeline/FoldPairs/2n54B_2hdmA/output_AF/AF2_treek100_top10/ShallowMsa_047/2hdmA/tmp_ShallowMsa_047__2hdmA_unrelaxed_rank_001_alphafold2_ptm_model_3_seed_000.pdb,,-0.10717322378058775
AF2_treek100_top10,AF2,ShallowMsa_048,2n54B,0.33076711909677653,0.7561339527488874,-0.42536683365211087,Pipeline/FoldPairs/2n54B_2hdmA/output_AF/AF2_treek100_top10/ShallowMsa_048/2n54B/tmp_ShallowMsa_048__2n54B_unrelaxed_rank_001_alphafold2_ptm_model_3_seed_000.pdb,,-0.06361558152864727
AF2_treek100_top10,AF2,ShallowMsa_048,2hdmA,0.33076711909677653,0.7561339527488874,-0.42536683365211087,Pipeline/FoldPairs/2n54B_2hdmA/output_AF/AF2_treek100_top10/ShallowMsa_048/2hdmA/tmp_ShallowMsa_048__2hdmA_unrelaxed_rank_001_alphafold2_ptm_model_3_seed_000.pdb,,-0.06361558152864727
AF2_treek100_top10,AF2,ShallowMsa_049,2n54B,0.37127529165292095,0.7667725350028456,-0.39549724334992464,Pipeline/FoldPairs/2n54B_2hdmA/output_AF/AF2_treek100_top10/ShallowMsa_049/2n54B/tmp_ShallowMsa_049__2n54B_unrelaxed_rank_001_alphafold2_ptm_model_3_seed_000.pdb,,-0.03374599122646105
AF2_treek100_top10,AF2,ShallowMsa_049,2hdmA,0.37127529165292095,0.7667725350028456,-0.39549724334992464,Pipeline/FoldPairs/2n54B_2hdmA/output_AF/AF2_treek100_top10/ShallowMsa_049/2hdmA/tmp_ShallowMsa_049__2hdmA_unrelaxed_rank_001_alphafold2_ptm_model_3_seed_000.pdb,,-0.03374599122646105
AF2_treek100_top10,AF2,ShallowMsa_050,2n54B,0.3357989097036913,0.5823270384404169,-0.24652812873672558,Pipeline/FoldPairs/2n54B_2hdmA/output_AF/AF2_treek100_top10/ShallowMsa_050/2n54B/tmp_ShallowMsa_050__2n54B_unrelaxed_rank_001_alphafold2_ptm_model_2_seed_000.pdb,,0.11522312338673801
AF2_treek100_top10,AF2,ShallowMsa_050,2hdmA,0.3357989097036913,0.5823270384404169,-0.24652812873672558,Pipeline/FoldPairs/2n54B_2hdmA/output_AF/AF2_treek100_top10/ShallowMsa_050/2hdmA/tmp_ShallowMsa_050__2hdmA_unrelaxed_rank_001_alphafold2_ptm_model_2_seed_000.pdb,,0.11522312338673801
AF2_treek100_top10,AF2,ShallowMsa_051,2n54B,0.331174250840492,0.766621818658584,-0.435447567818092,Pipeline/FoldPairs/2n54B_2hdmA/output_AF/AF2_treek100_top10/ShallowMsa_051/2n54B/tmp_ShallowMsa_051__2n54B_unrelaxed_rank_001_alphafold2_ptm_model_1_seed_000.pdb,,-0.07369631569462842
AF2_treek100_top10,AF2,ShallowMsa_051,2hdmA,0.331174250840492,0.766621818658584,-0.435447567818092,Pipeline/FoldPairs/2n54B_2hdmA/output_AF/AF2_treek100_top10/ShallowMsa_051/2hdmA/tmp_ShallowMsa_051__2hdmA_unrelaxed_rank_001_alphafold2_ptm_model_1_seed_000.pdb,,-0.07369631569462842
AF2_treek100_top10,AF2,ShallowMsa_052,2n54B,0.35583358925584546,0.6835737930037727,-0.3277402037479273,Pipeline/FoldPairs/2n54B_2hdmA/output_AF/AF2_treek100_top10/ShallowMsa_052/2n54B/tmp_ShallowMsa_052__2n54B_unrelaxed_rank_001_alphafold2_ptm_model_5_seed_000.pdb,,0.03401104837553631
AF2_treek100_top10,AF2,ShallowMsa_052,2hdmA,0.35583358925584546,0.6835737930037727,-0.3277402037479273,Pipeline/FoldPairs/2n54B_2hdmA/output_AF/AF2_treek100_top10/ShallowMsa_052/2hdmA/tmp_ShallowMsa_052__2hdmA_unrelaxed_rank_001_alphafold2_ptm_model_5_seed_000.pdb,,0.03401104837553631
AF2_treek100_top10,AF2,ShallowMsa_053,2n54B,0.2531109225755471,0.33458035933091534,-0.08146943675536822,Pipeline/FoldPairs/2n54B_2hdmA/output_AF/AF2_treek100_top10/ShallowMsa_053/2n54B/tmp_ShallowMsa_053__2n54B_unrelaxed_rank_001_alphafold2_ptm_model_1_seed_000.pdb,,0.2802818153680954
AF2_treek100_top10,AF2,ShallowMsa_053,2hdmA,0.2531109225755471,0.33458035933091534,-0.08146943675536822,Pipeline/FoldPairs/2n54B_2hdmA/output_AF/AF2_treek100_top10/ShallowMsa_053/2hdmA/tmp_ShallowMsa_053__2hdmA_unrelaxed_rank_001_alphafold2_ptm_model_1_seed_000.pdb,,0.2802818153680954
AF2_treek100_top10,AF2,ShallowMsa_054,2n54B,0.3413046753225866,0.7425139911268244,-0.40120931580423774,Pipeline/FoldPairs/2n54B_2hdmA/output_AF/AF2_treek100_top10/ShallowMsa_054/2n54B/tmp_ShallowMsa_054__2n54B_unrelaxed_rank_001_alphafold2_ptm_model_4_seed_000.pdb,,-0.03945806368077415
AF2_treek100_top10,AF2,ShallowMsa_054,2hdmA,0.3413046753225866,0.7425139911268244,-0.40120931580423774,Pipeline/FoldPairs/2n54B_2hdmA/output_AF/AF2_treek100_top10/ShallowMsa_054/2hdmA/tmp_ShallowMsa_054__2hdmA_unrelaxed_rank_001_alphafold2_ptm_model_4_seed_000.pdb,,-0.03945806368077415
AF2_treek100_top10,AF2,ShallowMsa_055,2n54B,0.3282638511760568,0.6795165242908608,-0.35125267311480407,Pipeline/FoldPairs/2n54B_2hdmA/output_AF/AF2_treek100_top10/ShallowMsa_055/2n54B/tmp_ShallowMsa_055__2n54B_unrelaxed_rank_001_alphafold2_ptm_model_5_seed_000.pdb,,0.010498579008659525
AF2_treek100_top10,AF2,ShallowMsa_055,2hdmA,0.3282638511760568,0.6795165242908608,-0.35125267311480407,Pipeline/FoldPairs/2n54B_2hdmA/output_AF/AF2_treek100_top10/ShallowMsa_055/2hdmA/tmp_ShallowMsa_055__2hdmA_unrelaxed_rank_001_alphafold2_ptm_model_5_seed_000.pdb,,0.010498579008659525
AF2_treek100_top10,AF2,ShallowMsa_056,2n54B,0.3150884296716476,0.7761773805402833,-0.4610889508686357,Pipeline/FoldPairs/2n54B_2hdmA/output_AF/AF2_treek100_top10/ShallowMsa_056/2n54B/tmp_ShallowMsa_056__2n54B_unrelaxed_rank_001_alphafold2_ptm_model_3_seed_000.pdb,,-0.09933769874517212
AF2_treek100_top10,AF2,ShallowMsa_056,2hdmA,0.3150884296716476,0.7761773805402833,-0.4610889508686357,Pipeline/FoldPairs/2n54B_2hdmA/output_AF/AF2_treek100_top10/ShallowMsa_056/2hdmA/tmp_ShallowMsa_056__2hdmA_unrelaxed_rank_001_alphafold2_ptm_model_3_seed_000.pdb,,-0.09933769874517212
AF2_treek100_top10,AF2,ShallowMsa_057,2n54B,0.36988697042204555,0.8520280482780351,-0.4821410778559896,Pipeline/FoldPairs/2n54B_2hdmA/output_AF/AF2_treek100_top10/ShallowMsa_057/2n54B/tmp_ShallowMsa_057__2n54B_unrelaxed_rank_001_alphafold2_ptm_model_3_seed_000.pdb,,-0.12038982573252599
AF2_treek100_top10,AF2,ShallowMsa_057,2hdmA,0.36988697042204555,0.8520280482780351,-0.4821410778559896,Pipeline/FoldPairs/2n54B_2hdmA/output_AF/AF2_treek100_top10/ShallowMsa_057/2hdmA/tmp_ShallowMsa_057__2hdmA_unrelaxed_rank_001_alphafold2_ptm_model_3_seed_000.pdb,,-0.12038982573252599
AF2_treek100_top10,AF2,ShallowMsa_058,2n54B,0.2993061782078739,0.6446798895362246,-0.34537371132835065,Pipeline/FoldPairs/2n54B_2hdmA/output_AF/AF2_treek100_top10/ShallowMsa_058/2n54B/tmp_ShallowMsa_058__2n54B_unrelaxed_rank_001_alphafold2_ptm_model_1_seed_000.pdb,,0.016377540795112944
AF2_treek100_top10,AF2,ShallowMsa_058,2hdmA,0.2993061782078739,0.6446798895362246,-0.34537371132835065,Pipeline/FoldPairs/2n54B_2hdmA/output_AF/AF2_treek100_top10/ShallowMsa_058/2hdmA/tmp_ShallowMsa_058__2hdmA_unrelaxed_rank_001_alphafold2_ptm_model_1_seed_000.pdb,,0.016377540795112944
AF2_treek100_top10,AF2,ShallowMsa_059,2n54B,0.3387607873829976,0.6412920177480371,-0.30253123036503954,Pipeline/FoldPairs/2n54B_2hdmA/output_AF/AF2_treek100_top10/ShallowMsa_059/2n54B/tmp_ShallowMsa_059__2n54B_unrelaxed_rank_001_alphafold2_ptm_model_3_seed_000.pdb,,0.05922002175842406
AF2_treek100_top10,AF2,ShallowMsa_059,2hdmA,0.3387607873829976,0.6412920177480371,-0.30253123036503954,Pipeline/FoldPairs/2n54B_2hdmA/output_AF/AF2_treek100_top10/ShallowMsa_059/2hdmA/tmp_ShallowMsa_059__2hdmA_unrelaxed_rank_001_alphafold2_ptm_model_3_seed_000.pdb,,0.05922002175842406
AF2_treek100_top10,AF2,ShallowMsa_060,2n54B,0.35048029848701534,0.6511108827634351,-0.30063058427641975,Pipeline/FoldPairs/2n54B_2hdmA/output_AF/AF2_treek100_top10/ShallowMsa_060/2n54B/tmp_ShallowMsa_060__2n54B_unrelaxed_rank_001_alphafold2_ptm_model_4_seed_000.pdb,,0.06112066784704384
AF2_treek100_top10,AF2,ShallowMsa_060,2hdmA,0.35048029848701534,0.6511108827634351,-0.30063058427641975,Pipeline/FoldPairs/2n54B_2hdmA/output_AF/AF2_treek100_top10/ShallowMsa_060/2hdmA/tmp_ShallowMsa_060__2hdmA_unrelaxed_rank_001_alphafold2_ptm_model_4_seed_000.pdb,,0.06112066784704384
AF2_treek100_top10,AF2,ShallowMsa_061,2n54B,0.3557607877116496,0.7897043663722952,-0.43394357866064565,Pipeline/FoldPairs/2n54B_2hdmA/output_AF/AF2_treek100_top10/ShallowMsa_061/2n54B/tmp_ShallowMsa_061__2n54B_unrelaxed_rank_001_alphafold2_ptm_model_5_seed_000.pdb,,-0.07219232653718205
AF2_treek100_top10,AF2,ShallowMsa_061,2hdmA,0.3557607877116496,0.7897043663722952,-0.43394357866064565,Pipeline/FoldPairs/2n54B_2hdmA/output_AF/AF2_treek100_top10/ShallowMsa_061/2hdmA/tmp_ShallowMsa_061__2hdmA_unrelaxed_rank_001_alphafold2_ptm_model_5_seed_000.pdb,,-0.07219232653718205
AF2_treek100_top10,AF2,ShallowMsa_062,2n54B,0.34527856965953035,0.7172139562276951,-0.37193538656816477,Pipeline/FoldPairs/2n54B_2hdmA/output_AF/AF2_treek100_top10/ShallowMsa_062/2n54B/tmp_ShallowMsa_062__2n54B_unrelaxed_rank_001_alphafold2_ptm_model_3_seed_000.pdb,,-0.010184134444701176
AF2_treek100_top10,AF2,ShallowMsa_062,2hdmA,0.34527856965953035,0.7172139562276951,-0.37193538656816477,Pipeline/FoldPairs/2n54B_2hdmA/output_AF/AF2_treek100_top10/ShallowMsa_062/2hdmA/tmp_ShallowMsa_062__2hdmA_unrelaxed_rank_001_alphafold2_ptm_model_3_seed_000.pdb,,-0.010184134444701176
AF2_treek100_top10,AF2,ShallowMsa_063,2n54B,0.36771013972409405,0.7477972076227278,-0.3800870678986338,Pipeline/FoldPairs/2n54B_2hdmA/output_AF/AF2_treek100_top10/ShallowMsa_063/2n54B/tmp_ShallowMsa_063__2n54B_unrelaxed_rank_001_alphafold2_ptm_model_5_seed_000.pdb,,-0.018335815775170183
AF2_treek100_top10,AF2,ShallowMsa_063,2hdmA,0.36771013972409405,0.7477972076227278,-0.3800870678986338,Pipeline/FoldPairs/2n54B_2hdmA/output_AF/AF2_treek100_top10/ShallowMsa_063/2hdmA/tmp_ShallowMsa_063__2hdmA_unrelaxed_rank_001_alphafold2_ptm_model_5_seed_000.pdb,,-0.018335815775170183
AF2_treek100_top10,AF2,ShallowMsa_064,2n54B,0.32802572940350005,0.6898513867119455,-0.3618256573084454,Pipeline/FoldPairs/2n54B_2hdmA/output_AF/AF2_treek100_top10/ShallowMsa_064/2n54B/tmp_ShallowMsa_064__2n54B_unrelaxed_rank_001_alphafold2_ptm_model_4_seed_000.pdb,,-7.440518498180726e-05
AF2_treek100_top10,AF2,ShallowMsa_064,2hdmA,0.32802572940350005,0.6898513867119455,-0.3618256573084454,Pipeline/FoldPairs/2n54B_2hdmA/output_AF/AF2_treek100_top10/ShallowMsa_064/2hdmA/tmp_ShallowMsa_064__2hdmA_unrelaxed_rank_001_alphafold2_ptm_model_4_seed_000.pdb,,-7.440518498180726e-05
AF2_treek100_top10,AF2,ShallowMsa_065,2n54B,0.3767058677678044,0.7064456317255771,-0.32973976395777266,Pipeline/FoldPairs/2n54B_2hdmA/output_AF/AF2_treek100_top10/ShallowMsa_065/2n54B/tmp_ShallowMsa_065__2n54B_unrelaxed_rank_001_alphafold2_ptm_model_2_seed_000.pdb,,0.03201148816569094
AF2_treek100_top10,AF2,ShallowMsa_065,2hdmA,0.3767058677678044,0.7064456317255771,-0.32973976395777266,Pipeline/FoldPairs/2n54B_2hdmA/output_AF/AF2_treek100_top10/ShallowMsa_065/2hdmA/tmp_ShallowMsa_065__2hdmA_unrelaxed_rank_001_alphafold2_ptm_model_2_seed_000.pdb,,0.03201148816569094
AF2_treek100_top10,AF2,ShallowMsa_066,2n54B,0.304169547327756,0.6881604732767169,-0.38399092594896095,Pipeline/FoldPairs/2n54B_2hdmA/output_AF/AF2_treek100_top10/ShallowMsa_066/2n54B/tmp_ShallowMsa_066__2n54B_unrelaxed_rank_001_alphafold2_ptm_model_3_seed_000.pdb,,-0.022239673825497352
AF2_treek100_top10,AF2,ShallowMsa_066,2hdmA,0.304169547327756,0.6881604732767169,-0.38399092594896095,Pipeline/FoldPairs/2n54B_2hdmA/output_AF/AF2_treek100_top10/ShallowMsa_066/2hdmA/tmp_ShallowMsa_066__2hdmA_unrelaxed_rank_001_alphafold2_ptm_model_3_seed_000.pdb,,-0.022239673825497352
AF2_treek100_top10,AF2,ShallowMsa_067,2n54B,0.36277142517221966,0.7501493500124302,-0.38737792484021055,Pipeline/FoldPairs/2n54B_2hdmA/output_AF/AF2_treek100_top10/ShallowMsa_067/2n54B/tmp_ShallowMsa_067__2n54B_unrelaxed_rank_001_alphafold2_ptm_model_4_seed_000.pdb,,-0.025626672716746957
AF2_treek100_top10,AF2,ShallowMsa_067,2hdmA,0.36277142517221966,0.7501493500124302,-0.38737792484021055,Pipeline/FoldPairs/2n54B_2hdmA/output_AF/AF2_treek100_top10/ShallowMsa_067/2hdmA/tmp_ShallowMsa_067__2hdmA_unrelaxed_rank_001_alphafold2_ptm_model_4_seed_000.pdb,,-0.025626672716746957
AF2_treek100_top10,AF2,ShallowMsa_068,2n54B,0.3975161890943033,0.39945660272517236,-0.0019404136308690534,Pipeline/FoldPairs/2n54B_2hdmA/output_AF/AF2_treek100_top10/ShallowMsa_068/2n54B/tmp_ShallowMsa_068__2n54B_unrelaxed_rank_001_alphafold2_ptm_model_1_seed_000.pdb,,0.35981083849259454
AF2_treek100_top10,AF2,ShallowMsa_068,2hdmA,0.3975161890943033,0.39945660272517236,-0.0019404136308690534,Pipeline/FoldPairs/2n54B_2hdmA/output_AF/AF2_treek100_top10/ShallowMsa_068/2hdmA/tmp_ShallowMsa_068__2hdmA_unrelaxed_rank_001_alphafold2_ptm_model_1_seed_000.pdb,,0.35981083849259454
AF2_treek100_top10,AF2,ShallowMsa_069,2n54B,0.32536750774853135,0.8044604777552733,-0.47909297000674195,Pipeline/FoldPairs/2n54B_2hdmA/output_AF/AF2_treek100_top10/ShallowMsa_069/2n54B/tmp_ShallowMsa_069__2n54B_unrelaxed_rank_001_alphafold2_ptm_model_3_seed_000.pdb,,-0.11734171788327835
AF2_treek100_top10,AF2,ShallowMsa_069,2hdmA,0.32536750774853135,0.8044604777552733,-0.47909297000674195,Pipeline/FoldPairs/2n54B_2hdmA/output_AF/AF2_treek100_top10/ShallowMsa_069/2hdmA/tmp_ShallowMsa_069__2hdmA_unrelaxed_rank_001_alphafold2_ptm_model_3_seed_000.pdb,,-0.11734171788327835
AF2_treek100_top10,AF2,ShallowMsa_070,2n54B,0.35516550578625483,0.7872273194214412,-0.43206181363518636,Pipeline/FoldPairs/2n54B_2hdmA/output_AF/AF2_treek100_top10/ShallowMsa_070/2n54B/tmp_ShallowMsa_070__2n54B_unrelaxed_rank_001_alphafold2_ptm_model_5_seed_000.pdb,,-0.07031056151172277
AF2_treek100_top10,AF2,ShallowMsa_070,2hdmA,0.35516550578625483,0.7872273194214412,-0.43206181363518636,Pipeline/FoldPairs/2n54B_2hdmA/output_AF/AF2_treek100_top10/ShallowMsa_070/2hdmA/tmp_ShallowMsa_070__2hdmA_unrelaxed_rank_001_alphafold2_ptm_model_5_seed_000.pdb,,-0.07031056151172277
AF2_treek100_top10,AF2,ShallowMsa_071,2n54B,0.3309285314856303,0.5946179731538879,-0.2636894416682576,Pipeline/FoldPairs/2n54B_2hdmA/output_AF/AF2_treek100_top10/ShallowMsa_071/2n54B/tmp_ShallowMsa_071__2n54B_unrelaxed_rank_001_alphafold2_ptm_model_4_seed_000.pdb,,0.09806181045520601
AF2_treek100_top10,AF2,ShallowMsa_071,2hdmA,0.3309285314856303,0.5946179731538879,-0.2636894416682576,Pipeline/FoldPairs/2n54B_2hdmA/output_AF/AF2_treek100_top10/ShallowMsa_071/2hdmA/tmp_ShallowMsa_071__2hdmA_unrelaxed_rank_001_alphafold2_ptm_model_4_seed_000.pdb,,0.09806181045520601
AF2_treek100_top10,AF2,ShallowMsa_072,2n54B,0.36139696239714425,0.8239569955528013,-0.4625600331556571,Pipeline/FoldPairs/2n54B_2hdmA/output_AF/AF2_treek100_top10/ShallowMsa_072/2n54B/tmp_ShallowMsa_072__2n54B_unrelaxed_rank_001_alphafold2_ptm_model_4_seed_000.pdb,,-0.10080878103219348
AF2_treek100_top10,AF2,ShallowMsa_072,2hdmA,0.36139696239714425,0.8239569955528013,-0.4625600331556571,Pipeline/FoldPairs/2n54B_2hdmA/output_AF/AF2_treek100_top10/ShallowMsa_072/2hdmA/tmp_ShallowMsa_072__2hdmA_unrelaxed_rank_001_alphafold2_ptm_model_4_seed_000.pdb,,-0.10080878103219348
AF2_treek100_top10,AF2,ShallowMsa_073,2n54B,0.2861360262408023,0.7057730408958993,-0.419637014655097,Pipeline/FoldPairs/2n54B_2hdmA/output_AF/AF2_treek100_top10/ShallowMsa_073/2n54B/tmp_ShallowMsa_073__2n54B_unrelaxed_rank_001_alphafold2_ptm_model_2_seed_000.pdb,,-0.05788576253163341
AF2_treek100_top10,AF2,ShallowMsa_073,2hdmA,0.2861360262408023,0.7057730408958993,-0.419637014655097,Pipeline/FoldPairs/2n54B_2hdmA/output_AF/AF2_treek100_top10/ShallowMsa_073/2hdmA/tmp_ShallowMsa_073__2hdmA_unrelaxed_rank_001_alphafold2_ptm_model_2_seed_000.pdb,,-0.05788576253163341
AF2_treek100_top10,AF2,ShallowMsa_074,2n54B,0.31686877418103876,0.5520094584150166,-0.23514068423397783,Pipeline/FoldPairs/2n54B_2hdmA/output_AF/AF2_treek100_top10/ShallowMsa_074/2n54B/tmp_ShallowMsa_074__2n54B_unrelaxed_rank_001_alphafold2_ptm_model_3_seed_000.pdb,,0.12661056788948577
AF2_treek100_top10,AF2,ShallowMsa_074,2hdmA,0.31686877418103876,0.5520094584150166,-0.23514068423397783,Pipeline/FoldPairs/2n54B_2hdmA/output_AF/AF2_treek100_top10/ShallowMsa_074/2hdmA/tmp_ShallowMsa_074__2hdmA_unrelaxed_rank_001_alphafold2_ptm_model_3_seed_000.pdb,,0.12661056788948577
AF2_treek100_top10,AF2,ShallowMsa_075,2n54B,0.34978823562818206,0.3662322979961458,-0.016444062367963752,Pipeline/FoldPairs/2n54B_2hdmA/output_AF/AF2_treek100_top10/ShallowMsa_075/2n54B/tmp_ShallowMsa_075__2n54B_unrelaxed_rank_001_alphafold2_ptm_model_3_seed_000.pdb,,0.34530718975549984
AF2_treek100_top10,AF2,ShallowMsa_075,2hdmA,0.34978823562818206,0.3662322979961458,-0.016444062367963752,Pipeline/FoldPairs/2n54B_2hdmA/output_AF/AF2_treek100_top10/ShallowMsa_075/2hdmA/tmp_ShallowMsa_075__2hdmA_unrelaxed_rank_001_alphafold2_ptm_model_3_seed_000.pdb,,0.34530718975549984
AF2_treek100_top10,AF2,ShallowMsa_076,2n54B,0.3501656430776262,0.8124953193368105,-0.4623296762591843,Pipeline/FoldPairs/2n54B_2hdmA/output_AF/AF2_treek100_top10/ShallowMsa_076/2n54B/tmp_ShallowMsa_076__2n54B_unrelaxed_rank_001_alphafold2_ptm_model_4_seed_000.pdb,,-0.10057842413572071
AF2_treek100_top10,AF2,ShallowMsa_076,2hdmA,0.3501656430776262,0.8124953193368105,-0.4623296762591843,Pipeline/FoldPairs/2n54B_2hdmA/output_AF/AF2_treek100_top10/ShallowMsa_076/2hdmA/tmp_ShallowMsa_076__2hdmA_unrelaxed_rank_001_alphafold2_ptm_model_4_seed_000.pdb,,-0.10057842413572071
AF2_treek100_top10,AF2,ShallowMsa_077,2n54B,0.3652468265263147,0.800593087330001,-0.4353462608036863,Pipeline/FoldPairs/2n54B_2hdmA/output_AF/AF2_treek100_top10/ShallowMsa_077/2n54B/tmp_ShallowMsa_077__2n54B_unrelaxed_rank_001_alphafold2_ptm_model_3_seed_000.pdb,,-0.07359500868022273
AF2_treek100_top10,AF2,ShallowMsa_077,2hdmA,0.3652468265263147,0.800593087330001,-0.4353462608036863,Pipeline/FoldPairs/2n54B_2hdmA/output_AF/AF2_treek100_top10/ShallowMsa_077/2hdmA/tmp_ShallowMsa_077__2hdmA_unrelaxed_rank_001_alphafold2_ptm_model_3_seed_000.pdb,,-0.07359500868022273
AF2_treek100_top10,AF2,ShallowMsa_078,2n54B,0.30183250329659805,0.43789909447783404,-0.13606659118123599,Pipeline/FoldPairs/2n54B_2hdmA/output_AF/AF2_treek100_top10/ShallowMsa_078/2n54B/tmp_ShallowMsa_078__2n54B_unrelaxed_rank_001_alphafold2_ptm_model_5_seed_000.pdb,,0.2256846609422276
AF2_treek100_top10,AF2,ShallowMsa_078,2hdmA,0.30183250329659805,0.43789909447783404,-0.13606659118123599,Pipeline/FoldPairs/2n54B_2hdmA/output_AF/AF2_treek100_top10/ShallowMsa_078/2hdmA/tmp_ShallowMsa_078__2hdmA_unrelaxed_rank_001_alphafold2_ptm_model_5_seed_000.pdb,,0.2256846609422276
AF2_treek100_top10,AF2,ShallowMsa_079,2n54B,0.3650135154543139,0.5414235043008992,-0.17640998884658537,Pipeline/FoldPairs/2n54B_2hdmA/output_AF/AF2_treek100_top10/ShallowMsa_079/2n54B/tmp_ShallowMsa_079__2n54B_unrelaxed_rank_001_alphafold2_ptm_model_4_seed_000.pdb,,0.18534126327687822
AF2_treek100_top10,AF2,ShallowMsa_079,2hdmA,0.3650135154543139,0.5414235043008992,-0.17640998884658537,Pipeline/FoldPairs/2n54B_2hdmA/output_AF/AF2_treek100_top10/ShallowMsa_079/2hdmA/tmp_ShallowMsa_079__2hdmA_unrelaxed_rank_001_alphafold2_ptm_model_4_seed_000.pdb,,0.18534126327687822
AF2_treek100_top10,AF2,ShallowMsa_080,2n54B,0.3717732356076358,0.7659421441723343,-0.3941689085646985,Pipeline/FoldPairs/2n54B_2hdmA/output_AF/AF2_treek100_top10/ShallowMsa_080/2n54B/tmp_ShallowMsa_080__2n54B_unrelaxed_rank_001_alphafold2_ptm_model_3_seed_000.pdb,,-0.0324176564412349
AF2_treek100_top10,AF2,ShallowMsa_080,2hdmA,0.3717732356076358,0.7659421441723343,-0.3941689085646985,Pipeline/FoldPairs/2n54B_2hdmA/output_AF/AF2_treek100_top10/ShallowMsa_080/2hdmA/tmp_ShallowMsa_080__2hdmA_unrelaxed_rank_001_alphafold2_ptm_model_3_seed_000.pdb,,-0.0324176564412349
AF2_treek100_top10,AF2,ShallowMsa_081,2n54B,0.3770483187353271,0.7584852090137165,-0.3814368902783894,Pipeline/FoldPairs/2n54B_2hdmA/output_AF/AF2_treek100_top10/ShallowMsa_081/2n54B/tmp_ShallowMsa_081__2n54B_unrelaxed_rank_001_alphafold2_ptm_model_2_seed_000.pdb,,-0.0196856381549258
AF2_treek100_top10,AF2,ShallowMsa_081,2hdmA,0.3770483187353271,0.7584852090137165,-0.3814368902783894,Pipeline/FoldPairs/2n54B_2hdmA/output_AF/AF2_treek100_top10/ShallowMsa_081/2hdmA/tmp_ShallowMsa_081__2hdmA_unrelaxed_rank_001_alphafold2_ptm_model_2_seed_000.pdb,,-0.0196856381549258
AF2_treek100_top10,AF2,ShallowMsa_082,2n54B,0.3890479240563923,0.7869914169573525,-0.3979434929009602,Pipeline/FoldPairs/2n54B_2hdmA/output_AF/AF2_treek100_top10/ShallowMsa_082/2n54B/tmp_ShallowMsa_082__2n54B_unrelaxed_rank_001_alphafold2_ptm_model_2_seed_000.pdb,,-0.03619224077749661
AF2_treek100_top10,AF2,ShallowMsa_082,2hdmA,0.3890479240563923,0.7869914169573525,-0.3979434929009602,Pipeline/FoldPairs/2n54B_2hdmA/output_AF/AF2_treek100_top10/ShallowMsa_082/2hdmA/tmp_ShallowMsa_082__2hdmA_unrelaxed_rank_001_alphafold2_ptm_model_2_seed_000.pdb,,-0.03619224077749661
AF2_treek100_top10,AF2,ShallowMsa_084,2n54B,0.304065853600506,0.7626536624879408,-0.4585878088874348,Pipeline/FoldPairs/2n54B_2hdmA/output_AF/AF2_treek100_top10/ShallowMsa_084/2n54B/tmp_ShallowMsa_084__2n54B_unrelaxed_rank_001_alphafold2_ptm_model_3_seed_000.pdb,,-0.09683655676397118
AF2_treek100_top10,AF2,ShallowMsa_084,2hdmA,0.304065853600506,0.7626536624879408,-0.4585878088874348,Pipeline/FoldPairs/2n54B_2hdmA/output_AF/AF2_treek100_top10/ShallowMsa_084/2hdmA/tmp_ShallowMsa_084__2hdmA_unrelaxed_rank_001_alphafold2_ptm_model_3_seed_000.pdb,,-0.09683655676397118
AF2_treek100_top10,AF2,ShallowMsa_085,2n54B,0.316656978446083,0.8132899931426314,-0.4966330146965484,Pipeline/FoldPairs/2n54B_2hdmA/output_AF/AF2_treek100_top10/ShallowMsa_085/2n54B/tmp_ShallowMsa_085__2n54B_unrelaxed_rank_001_alphafold2_ptm_model_3_seed_000.pdb,,-0.13488176257308482
AF2_treek100_top10,AF2,ShallowMsa_085,2hdmA,0.316656978446083,0.8132899931426314,-0.4966330146965484,Pipeline/FoldPairs/2n54B_2hdmA/output_AF/AF2_treek100_top10/ShallowMsa_085/2hdmA/tmp_ShallowMsa_085__2hdmA_unrelaxed_rank_001_alphafold2_ptm_model_3_seed_000.pdb,,-0.13488176257308482
AF2_treek100_top10,AF2,ShallowMsa_086,2n54B,0.3285303672554674,0.7440255977108807,-0.4154952304554133,Pipeline/FoldPairs/2n54B_2hdmA/output_AF/AF2_treek100_top10/ShallowMsa_086/2n54B/tmp_ShallowMsa_086__2n54B_unrelaxed_rank_001_alphafold2_ptm_model_5_seed_000.pdb,,-0.053743978331949716
AF2_treek100_top10,AF2,ShallowMsa_086,2hdmA,0.3285303672554674,0.7440255977108807,-0.4154952304554133,Pipeline/FoldPairs/2n54B_2hdmA/output_AF/AF2_treek100_top10/ShallowMsa_086/2hdmA/tmp_ShallowMsa_086__2hdmA_unrelaxed_rank_001_alphafold2_ptm_model_5_seed_000.pdb,,-0.053743978331949716
AF2_treek100_top10,AF2,ShallowMsa_087,2n54B,0.31984639862903086,0.7658650399706275,-0.44601864134159663,Pipeline/FoldPairs/2n54B_2hdmA/output_AF/AF2_treek100_top10/ShallowMsa_087/2n54B/tmp_ShallowMsa_087__2n54B_unrelaxed_rank_001_alphafold2_ptm_model_4_seed_000.pdb,,-0.08426738921813304
AF2_treek100_top10,AF2,ShallowMsa_087,2hdmA,0.31984639862903086,0.7658650399706275,-0.44601864134159663,Pipeline/FoldPairs/2n54B_2hdmA/output_AF/AF2_treek100_top10/ShallowMsa_087/2hdmA/tmp_ShallowMsa_087__2hdmA_unrelaxed_rank_001_alphafold2_ptm_model_4_seed_000.pdb,,-0.08426738921813304
AF2_treek100_top10,AF2,ShallowMsa_088,2n54B,0.3665111203620052,0.7587393845034496,-0.39222826414144435,Pipeline/FoldPairs/2n54B_2hdmA/output_AF/AF2_treek100_top10/ShallowMsa_088/2n54B/tmp_ShallowMsa_088__2n54B_unrelaxed_rank_001_alphafold2_ptm_model_3_seed_000.pdb,,-0.030477012017980754
AF2_treek100_top10,AF2,ShallowMsa_088,2hdmA,0.3665111203620052,0.7587393845034496,-0.39222826414144435,Pipeline/FoldPairs/2n54B_2hdmA/output_AF/AF2_treek100_top10/ShallowMsa_088/2hdmA/tmp_ShallowMsa_088__2hdmA_unrelaxed_rank_001_alphafold2_ptm_model_3_seed_000.pdb,,-0.030477012017980754
AF2_treek100_top10,AF2,ShallowMsa_089,2n54B,0.3269629795010973,0.6769617340133075,-0.3499987545122102,Pipeline/FoldPairs/2n54B_2hdmA/output_AF/AF2_treek100_top10/ShallowMsa_089/2n54B/tmp_ShallowMsa_089__2n54B_unrelaxed_rank_001_alphafold2_ptm_model_2_seed_000.pdb,,0.01175249761125341
AF2_treek100_top10,AF2,ShallowMsa_089,2hdmA,0.3269629795010973,0.6769617340133075,-0.3499987545122102,Pipeline/FoldPairs/2n54B_2hdmA/output_AF/AF2_treek100_top10/ShallowMsa_089/2hdmA/tmp_ShallowMsa_089__2hdmA_unrelaxed_rank_001_alphafold2_ptm_model_2_seed_000.pdb,,0.01175249761125341
AF2_treek100_top10,AF2,ShallowMsa_090,2n54B,0.3089305369622595,0.6710976655140302,-0.36216712855177063,Pipeline/FoldPairs/2n54B_2hdmA/output_AF/AF2_treek100_top10/ShallowMsa_090/2n54B/tmp_ShallowMsa_090__2n54B_unrelaxed_rank_001_alphafold2_ptm_model_3_seed_000.pdb,,-0.0004158764283070382
AF2_treek100_top10,AF2,ShallowMsa_090,2hdmA,0.3089305369622595,0.6710976655140302,-0.36216712855177063,Pipeline/FoldPairs/2n54B_2hdmA/output_AF/AF2_treek100_top10/ShallowMsa_090/2hdmA/tmp_ShallowMsa_090__2hdmA_unrelaxed_rank_001_alphafold2_ptm_model_3_seed_000.pdb,,-0.0004158764283070382
AF2_treek100_top10,AF2,ShallowMsa_091,2n54B,0.3646551269169296,0.7264063790403932,-0.3617512521234636,Pipeline/FoldPairs/2n54B_2hdmA/output_AF/AF2_treek100_top10/ShallowMsa_091/2n54B/tmp_ShallowMsa_091__2n54B_unrelaxed_rank_001_alphafold2_ptm_model_3_seed_000.pdb,,0.0
AF2_treek100_top10,AF2,ShallowMsa_091,2hdmA,0.3646551269169296,0.7264063790403932,-0.3617512521234636,Pipeline/FoldPairs/2n54B_2hdmA/output_AF/AF2_treek100_top10/ShallowMsa_091/2hdmA/tmp_ShallowMsa_091__2hdmA_unrelaxed_rank_001_alphafold2_ptm_model_3_seed_000.pdb,,0.0
AF2_treek100_top10,AF2,ShallowMsa_092,2n54B,0.3607285730888455,0.8373539830734414,-0.47662540998459596,Pipeline/FoldPairs/2n54B_2hdmA/output_AF/AF2_treek100_top10/ShallowMsa_092/2n54B/tmp_ShallowMsa_092__2n54B_unrelaxed_rank_001_alphafold2_ptm_model_3_seed_000.pdb,,-0.11487415786113236
AF2_treek100_top10,AF2,ShallowMsa_092,2hdmA,0.3607285730888455,0.8373539830734414,-0.47662540998459596,Pipeline/FoldPairs/2n54B_2hdmA/output_AF/AF2_treek100_top10/ShallowMsa_092/2hdmA/tmp_ShallowMsa_092__2hdmA_unrelaxed_rank_001_alphafold2_ptm_model_3_seed_000.pdb,,-0.11487415786113236
AF2_treek100_top10,AF2,ShallowMsa_093,2n54B,0.33082498284861034,0.6359712614802836,-0.30514627863167326,Pipeline/FoldPairs/2n54B_2hdmA/output_AF/AF2_treek100_top10/ShallowMsa_093/2n54B/tmp_ShallowMsa_093__2n54B_unrelaxed_rank_001_alphafold2_ptm_model_5_seed_000.pdb,,0.056604973491790334
AF2_treek100_top10,AF2,ShallowMsa_093,2hdmA,0.33082498284861034,0.6359712614802836,-0.30514627863167326,Pipeline/FoldPairs/2n54B_2hdmA/output_AF/AF2_treek100_top10/ShallowMsa_093/2hdmA/tmp_ShallowMsa_093__2hdmA_unrelaxed_rank_001_alphafold2_ptm_model_5_seed_000.pdb,,0.056604973491790334
AF2_treek100_top10,AF2,ShallowMsa_094,2n54B,0.26481413647401286,0.5190384506871123,-0.25422431421309943,Pipeline/FoldPairs/2n54B_2hdmA/output_AF/AF2_treek100_top10/ShallowMsa_094/2n54B/tmp_ShallowMsa_094__2n54B_unrelaxed_rank_001_alphafold2_ptm_model_4_seed_000.pdb,,0.10752693791036416
AF2_treek100_top10,AF2,ShallowMsa_094,2hdmA,0.26481413647401286,0.5190384506871123,-0.25422431421309943,Pipeline/FoldPairs/2n54B_2hdmA/output_AF/AF2_treek100_top10/ShallowMsa_094/2hdmA/tmp_ShallowMsa_094__2hdmA_unrelaxed_rank_001_alphafold2_ptm_model_4_seed_000.pdb,,0.10752693791036416
AF2_treek100_top10,AF2,ShallowMsa_095,2n54B,0.35116585022911956,0.7176240323224877,-0.36645818209336817,Pipeline/FoldPairs/2n54B_2hdmA/output_AF/AF2_treek100_top10/ShallowMsa_095/2n54B/tmp_ShallowMsa_095__2n54B_unrelaxed_rank_001_alphafold2_ptm_model_5_seed_000.pdb,,-0.004706929969904572
AF2_treek100_top10,AF2,ShallowMsa_095,2hdmA,0.35116585022911956,0.7176240323224877,-0.36645818209336817,Pipeline/FoldPairs/2n54B_2hdmA/output_AF/AF2_treek100_top10/ShallowMsa_095/2hdmA/tmp_ShallowMsa_095__2hdmA_unrelaxed_rank_001_alphafold2_ptm_model_5_seed_000.pdb,,-0.004706929969904572
AF2_treek100_top10,AF2,ShallowMsa_096,2n54B,0.36760188411699063,0.6888036969577545,-0.3212018128407638,Pipeline/FoldPairs/2n54B_2hdmA/output_AF/AF2_treek100_top10/ShallowMsa_096/2n54B/tmp_ShallowMsa_096__2n54B_unrelaxed_rank_001_alphafold2_ptm_model_3_seed_000.pdb,,0.04054943928269977
AF2_treek100_top10,AF2,ShallowMsa_096,2hdmA,0.36760188411699063,0.6888036969577545,-0.3212018128407638,Pipeline/FoldPairs/2n54B_2hdmA/output_AF/AF2_treek100_top10/ShallowMsa_096/2hdmA/tmp_ShallowMsa_096__2hdmA_unrelaxed_rank_001_alphafold2_ptm_model_3_seed_000.pdb,,0.04054943928269977
AF2_treek100_top10,AF2,ShallowMsa_097,2n54B,0.21808503938284923,0.35368627344683023,-0.135601234063981,Pipeline/FoldPairs/2n54B_2hdmA/output_AF/AF2_treek100_top10/ShallowMsa_097/2n54B/tmp_ShallowMsa_097__2n54B_unrelaxed_rank_001_alphafold2_ptm_model_3_seed_000.pdb,,0.2261500180594826
AF2_treek100_top10,AF2,ShallowMsa_097,2hdmA,0.21808503938284923,0.35368627344683023,-0.135601234063981,Pipeline/FoldPairs/2n54B_2hdmA/output_AF/AF2_treek100_top10/ShallowMsa_097/2hdmA/tmp_ShallowMsa_097__2hdmA_unrelaxed_rank_001_alphafold2_ptm_model_3_seed_000.pdb,,0.2261500180594826
AF2_treek100_top10,AF2,ShallowMsa_098,2n54B,0.34307863689311635,0.6891593199536391,-0.34608068306052275,Pipeline/FoldPairs/2n54B_2hdmA/output_AF/AF2_treek100_top10/ShallowMsa_098/2n54B/tmp_ShallowMsa_098__2n54B_unrelaxed_rank_001_alphafold2_ptm_model_2_seed_000.pdb,,0.015670569062940842
AF2_treek100_top10,AF2,ShallowMsa_098,2hdmA,0.34307863689311635,0.6891593199536391,-0.34608068306052275,Pipeline/FoldPairs/2n54B_2hdmA/output_AF/AF2_treek100_top10/ShallowMsa_098/2hdmA/tmp_ShallowMsa_098__2hdmA_unrelaxed_rank_001_alphafold2_ptm_model_2_seed_000.pdb,,0.015670569062940842
AF2_treek100_top10,AF2,ShallowMsa_099,2n54B,0.29011852928275383,0.5686270294752074,-0.27850850019245355,Pipeline/FoldPairs/2n54B_2hdmA/output_AF/AF2_treek100_top10/ShallowMsa_099/2n54B/tmp_ShallowMsa_099__2n54B_unrelaxed_rank_001_alphafold2_ptm_model_5_seed_000.pdb,,0.08324275193101005
AF2_treek100_top10,AF2,ShallowMsa_099,2hdmA,0.29011852928275383,0.5686270294752074,-0.27850850019245355,Pipeline/FoldPairs/2n54B_2hdmA/output_AF/AF2_treek100_top10/ShallowMsa_099/2hdmA/tmp_ShallowMsa_099__2hdmA_unrelaxed_rank_001_alphafold2_ptm_model_5_seed_000.pdb,,0.08324275193101005
AF3_treek100_top10,AF3,ShallowMsa_000,2n54B,0.3480495868097317,0.8271724851341536,-0.47912289832442195,Pipeline/FoldPairs/2n54B_2hdmA/output_AF/AF3_treek100_top10/ShallowMsa_000/2n54B/tmp_ShallowMsa_000__2n54B_first/tmp_ShallowMsa_000__2n54B_first_rank1_model.pdb,,-0.07611421312784494
AF3_treek100_top10,AF3,ShallowMsa_000,2hdmA,0.3480495868097317,0.8271724851341536,-0.47912289832442195,Pipeline/FoldPairs/2n54B_2hdmA/output_AF/AF3_treek100_top10/ShallowMsa_000/2hdmA/tmp_ShallowMsa_000__2hdmA_first/tmp_ShallowMsa_000__2hdmA_first_rank1_model.pdb,,-0.07611421312784494
AF3_treek100_top10,AF3,ShallowMsa_001,2n54B,0.5049858531376142,0.31084753923214326,0.19413831390547098,Pipeline/FoldPairs/2n54B_2hdmA/output_AF/AF3_treek100_top10/ShallowMsa_001/2n54B/tmp_ShallowMsa_001__2n54B_first/tmp_ShallowMsa_001__2n54B_first_rank1_model.pdb,,0.5971469991020479
AF3_treek100_top10,AF3,ShallowMsa_001,2hdmA,0.5049858531376142,0.31084753923214326,0.19413831390547098,Pipeline/FoldPairs/2n54B_2hdmA/output_AF/AF3_treek100_top10/ShallowMsa_001/2hdmA/tmp_ShallowMsa_001__2hdmA_first/tmp_ShallowMsa_001__2hdmA_first_rank1_model.pdb,,0.5971469991020479
AF3_treek100_top10,AF3,ShallowMsa_002,2n54B,0.3536346795006846,0.8292278727593625,-0.4755931932586779,Pipeline/FoldPairs/2n54B_2hdmA/output_AF/AF3_treek100_top10/ShallowMsa_002/2n54B/tmp_ShallowMsa_002__2n54B_first/tmp_ShallowMsa_002__2n54B_first_rank1_model.pdb,,-0.07258450806210087
AF3_treek100_top10,AF3,ShallowMsa_002,2hdmA,0.3536346795006846,0.8292278727593625,-0.4755931932586779,Pipeline/FoldPairs/2n54B_2hdmA/output_AF/AF3_treek100_top10/ShallowMsa_002/2hdmA/tmp_ShallowMsa_002__2hdmA_first/tmp_ShallowMsa_002__2hdmA_first_rank1_model.pdb,,-0.07258450806210087
AF3_treek100_top10,AF3,ShallowMsa_003,2n54B,0.23211856665208047,0.4215934154443395,-0.189474848792259,Pipeline/FoldPairs/2n54B_2hdmA/output_AF/AF3_treek100_top10/ShallowMsa_003/2n54B/tmp_ShallowMsa_003__2n54B_first/tmp_ShallowMsa_003__2n54B_first_rank1_model.pdb,,0.213533836404318
AF3_treek100_top10,AF3,ShallowMsa_003,2hdmA,0.23218527566028568,0.4216079856938743,-0.18942271003358863,Pipeline/FoldPairs/2n54B_2hdmA/output_AF/AF3_treek100_top10/ShallowMsa_003/2hdmA/tmp_ShallowMsa_003__2hdmA_first/tmp_ShallowMsa_003__2hdmA_first_rank1_model.pdb,,0.21358597516298838
AF3_treek100_top10,AF3,ShallowMsa_004,2n54B,0.3418910464901859,0.337867899708234,0.004023146781951925,Pipeline/FoldPairs/2n54B_2hdmA/output_AF/AF3_treek100_top10/ShallowMsa_004/2n54B/tmp_ShallowMsa_004__2n54B_first/tmp_ShallowMsa_004__2n54B_first_rank1_model.pdb,,0.40703183197852894
AF3_treek100_top10,AF3,ShallowMsa_004,2hdmA,0.3418910464901859,0.337867899708234,0.004023146781951925,Pipeline/FoldPairs/2n54B_2hdmA/output_AF/AF3_treek100_top10/ShallowMsa_004/2hdmA/tmp_ShallowMsa_004__2hdmA_first/tmp_ShallowMsa_004__2hdmA_first_rank1_model.pdb,,0.40703183197852894
AF3_treek100_top10,AF3,ShallowMsa_005,2n54B,0.3381864404553789,0.5547116040320718,-0.21652516357669288,Pipeline/FoldPairs/2n54B_2hdmA/output_AF/AF3_treek100_top10/ShallowMsa_005/2n54B/tmp_ShallowMsa_005__2n54B_first/tmp_ShallowMsa_005__2n54B_first_rank1_model.pdb,,0.18648352161988413
AF3_treek100_top10,AF3,ShallowMsa_005,2hdmA,0.3381864404553789,0.5547116040320718,-0.21652516357669288,Pipeline/FoldPairs/2n54B_2hdmA/output_AF/AF3_treek100_top10/ShallowMsa_005/2hdmA/tmp_ShallowMsa_005__2hdmA_first/tmp_ShallowMsa_005__2hdmA_first_rank1_model.pdb,,0.18648352161988413
AF3_treek100_top10,AF3,ShallowMsa_006,2n54B,0.3466834134084319,0.32884174462388965,0.01784166878454224,Pipeline/FoldPairs/2n54B_2hdmA/output_AF/AF3_treek100_top10/ShallowMsa_006/2n54B/tmp_ShallowMsa_006__2n54B_first/tmp_ShallowMsa_006__2n54B_first_rank1_model.pdb,,0.42085035398111925
AF3_treek100_top10,AF3,ShallowMsa_006,2hdmA,0.3466834134084319,0.32884174462388965,0.01784166878454224,Pipeline/FoldPairs/2n54B_2hdmA/output_AF/AF3_treek100_top10/ShallowMsa_006/2hdmA/tmp_ShallowMsa_006__2hdmA_first/tmp_ShallowMsa_006__2hdmA_first_rank1_model.pdb,,0.42085035398111925
AF3_treek100_top10,AF3,ShallowMsa_007,2n54B,0.31394996599177666,0.35400093241674907,-0.04005096642497241,Pipeline/FoldPairs/2n54B_2hdmA/output_AF/AF3_treek100_top10/ShallowMsa_007/2n54B/tmp_ShallowMsa_007__2n54B_first/tmp_ShallowMsa_007__2n54B_first_rank1_model.pdb,,0.3629577187716046
AF3_treek100_top10,AF3,ShallowMsa_007,2hdmA,0.31394996599177666,0.35400093241674907,-0.04005096642497241,Pipeline/FoldPairs/2n54B_2hdmA/output_AF/AF3_treek100_top10/ShallowMsa_007/2hdmA/tmp_ShallowMsa_007__2hdmA_first/tmp_ShallowMsa_007__2hdmA_first_rank1_model.pdb,,0.3629577187716046
AF3_treek100_top10,AF3,ShallowMsa_008,2n54B,0.36324417888816385,0.7754229346526886,-0.4121787557645248,Pipeline/FoldPairs/2n54B_2hdmA/output_AF/AF3_treek100_top10/ShallowMsa_008/2n54B/tmp_ShallowMsa_008__2n54B_first/tmp_ShallowMsa_008__2n54B_first_rank1_model.pdb,,-0.009170070567947775
AF3_treek100_top10,AF3,ShallowMsa_008,2hdmA,0.36324417888816385,0.7754229346526886,-0.4121787557645248,Pipeline/FoldPairs/2n54B_2hdmA/output_AF/AF3_treek100_top10/ShallowMsa_008/2hdmA/tmp_ShallowMsa_008__2hdmA_first/tmp_ShallowMsa_008__2hdmA_first_rank1_model.pdb,,-0.009170070567947775
AF3_treek100_top10,AF3,ShallowMsa_009,2n54B,0.3636447956234705,0.7614488389658003,-0.39780404334232977,Pipeline/FoldPairs/2n54B_2hdmA/output_AF/AF3_treek100_top10/ShallowMsa_009/2n54B/tmp_ShallowMsa_009__2n54B_first/tmp_ShallowMsa_009__2n54B_first_rank1_model.pdb,,0.005204641854247238
AF3_treek100_top10,AF3,ShallowMsa_009,2hdmA,0.3636447956234705,0.7614488389658003,-0.39780404334232977,Pipeline/FoldPairs/2n54B_2hdmA/output_AF/AF3_treek100_top10/ShallowMsa_009/2hdmA/tmp_ShallowMsa_009__2hdmA_first/tmp_ShallowMsa_009__2hdmA_first_rank1_model.pdb,,0.005204641854247238
AF3_treek100_top10,AF3,ShallowMsa_010,2n54B,0.3156496110912077,0.7248627797680699,-0.4092131686768622,Pipeline/FoldPairs/2n54B_2hdmA/output_AF/AF3_treek100_top10/ShallowMsa_010/2n54B/tmp_ShallowMsa_010__2n54B_first/tmp_ShallowMsa_010__2n54B_first_rank1_model.pdb,,-0.006204483480285183
AF3_treek100_top10,AF3,ShallowMsa_010,2hdmA,0.3156496110912077,0.7248627797680699,-0.4092131686768622,Pipeline/FoldPairs/2n54B_2hdmA/output_AF/AF3_treek100_top10/ShallowMsa_010/2hdmA/tmp_ShallowMsa_010__2hdmA_first/tmp_ShallowMsa_010__2hdmA_first_rank1_model.pdb,,-0.006204483480285183
AF3_treek100_top10,AF3,ShallowMsa_011,2n54B,0.32329236585591253,0.7874875859840932,-0.46419522012818065,Pipeline/FoldPairs/2n54B_2hdmA/output_AF/AF3_treek100_top10/ShallowMsa_011/2n54B/tmp_ShallowMsa_011__2n54B_first/tmp_ShallowMsa_011__2n54B_first_rank1_model.pdb,,-0.06118653493160364
AF3_treek100_top10,AF3,ShallowMsa_011,2hdmA,0.32329236585591253,0.7874875859840932,-0.46419522012818065,Pipeline/FoldPairs/2n54B_2hdmA/output_AF/AF3_treek100_top10/ShallowMsa_011/2hdmA/tmp_ShallowMsa_011__2hdmA_first/tmp_ShallowMsa_011__2hdmA_first_rank1_model.pdb,,-0.06118653493160364
AF3_treek100_top10,AF3,ShallowMsa_012,2n54B,0.3395197606472177,0.7115632289712659,-0.37204346832404817,Pipeline/FoldPairs/2n54B_2hdmA/output_AF/AF3_treek100_top10/ShallowMsa_012/2n54B/tmp_ShallowMsa_012__2n54B_first/tmp_ShallowMsa_012__2n54B_first_rank1_model.pdb,,0.030965216872528845
AF3_treek100_top10,AF3,ShallowMsa_012,2hdmA,0.3395197606472177,0.7115632289712659,-0.37204346832404817,Pipeline/FoldPairs/2n54B_2hdmA/output_AF/AF3_treek100_top10/ShallowMsa_012/2hdmA/tmp_ShallowMsa_012__2hdmA_first/tmp_ShallowMsa_012__2hdmA_first_rank1_model.pdb,,0.030965216872528845
AF3_treek100_top10,AF3,ShallowMsa_013,2n54B,0.2833559898735614,0.7516587007740969,-0.4683027109005355,Pipeline/FoldPairs/2n54B_2hdmA/output_AF/AF3_treek100_top10/ShallowMsa_013/2n54B/tmp_ShallowMsa_013__2n54B_first/tmp_ShallowMsa_013__2n54B_first_rank1_model.pdb,,-0.06529402570395848
AF3_treek100_top10,AF3,ShallowMsa_013,2hdmA,0.2833559898735614,0.7516587007740969,-0.4683027109005355,Pipeline/FoldPairs/2n54B_2hdmA/output_AF/AF3_treek100_top10/ShallowMsa_013/2hdmA/tmp_ShallowMsa_013__2hdmA_first/tmp_ShallowMsa_013__2hdmA_first_rank1_model.pdb,,-0.06529402570395848
AF3_treek100_top10,AF3,ShallowMsa_014,2n54B,0.39973565181346005,0.8226144456529134,-0.42287879383945337,Pipeline/FoldPairs/2n54B_2hdmA/output_AF/AF3_treek100_top10/ShallowMsa_014/2n54B/tmp_ShallowMsa_014__2n54B_first/tmp_ShallowMsa_014__2n54B_first_rank1_model.pdb,,-0.01987010864287636
AF3_treek100_top10,AF3,ShallowMsa_014,2hdmA,0.39973565181346005,0.8226144456529134,-0.42287879383945337,Pipeline/FoldPairs/2n54B_2hdmA/output_AF/AF3_treek100_top10/ShallowMsa_014/2hdmA/tmp_ShallowMsa_014__2hdmA_first/tmp_ShallowMsa_014__2hdmA_first_rank1_model.pdb,,-0.01987010864287636
AF3_treek100_top10,AF3,ShallowMsa_015,2n54B,0.31537565462510375,0.763956734336494,-0.4485810797113903,Pipeline/FoldPairs/2n54B_2hdmA/output_AF/AF3_treek100_top10/ShallowMsa_015/2n54B/tmp_ShallowMsa_015__2n54B_first/tmp_ShallowMsa_015__2n54B_first_rank1_model.pdb,,-0.045572394514813264
AF3_treek100_top10,AF3,ShallowMsa_015,2hdmA,0.31537565462510375,0.763956734336494,-0.4485810797113903,Pipeline/FoldPairs/2n54B_2hdmA/output_AF/AF3_treek100_top10/ShallowMsa_015/2hdmA/tmp_ShallowMsa_015__2hdmA_first/tmp_ShallowMsa_015__2hdmA_first_rank1_model.pdb,,-0.045572394514813264
AF3_treek100_top10,AF3,ShallowMsa_016,2n54B,0.3716349700419243,0.7869591537335573,-0.415324183691633,Pipeline/FoldPairs/2n54B_2hdmA/output_AF/AF3_treek100_top10/ShallowMsa_016/2n54B/tmp_ShallowMsa_016__2n54B_first/tmp_ShallowMsa_016__2n54B_first_rank1_model.pdb,,-0.012315498495055976
AF3_treek100_top10,AF3,ShallowMsa_016,2hdmA,0.3716349700419243,0.7869591537335573,-0.415324183691633,Pipeline/FoldPairs/2n54B_2hdmA/output_AF/AF3_treek100_top10/ShallowMsa_016/2hdmA/tmp_ShallowMsa_016__2hdmA_first/tmp_ShallowMsa_016__2hdmA_first_rank1_model.pdb,,-0.012315498495055976
AF3_treek100_top10,AF3,ShallowMsa_017,2n54B,0.29354356979625207,0.5947765637954008,-0.3012329939991487,Pipeline/FoldPairs/2n54B_2hdmA/output_AF/AF3_treek100_top10/ShallowMsa_017/2n54B/tmp_ShallowMsa_017__2n54B_first/tmp_ShallowMsa_017__2n54B_first_rank1_model.pdb,,0.1017756911974283
AF3_treek100_top10,AF3,ShallowMsa_017,2hdmA,0.29354356979625207,0.5947765637954008,-0.3012329939991487,Pipeline/FoldPairs/2n54B_2hdmA/output_AF/AF3_treek100_top10/ShallowMsa_017/2hdmA/tmp_ShallowMsa_017__2hdmA_first/tmp_ShallowMsa_017__2hdmA_first_rank1_model.pdb,,0.1017756911974283
AF3_treek100_top10,AF3,ShallowMsa_018,2n54B,0.3498110139368855,0.7680581386496477,-0.41824712471276215,Pipeline/FoldPairs/2n54B_2hdmA/output_AF/AF3_treek100_top10/ShallowMsa_018/2n54B/tmp_ShallowMsa_018__2n54B_first/tmp_ShallowMsa_018__2n54B_first_rank1_model.pdb,,-0.015238439516185143
AF3_treek100_top10,AF3,ShallowMsa_018,2hdmA,0.3498110139368855,0.7680581386496477,-0.41824712471276215,Pipeline/FoldPairs/2n54B_2hdmA/output_AF/AF3_treek100_top10/ShallowMsa_018/2hdmA/tmp_ShallowMsa_018__2hdmA_first/tmp_ShallowMsa_018__2hdmA_first_rank1_model.pdb,,-0.015238439516185143
AF3_treek100_top10,AF3,ShallowMsa_019,2n54B,0.3222307991416869,0.7650509690385466,-0.44282016989685974,Pipeline/FoldPairs/2n54B_2hdmA/output_AF/AF3_treek100_top10/ShallowMsa_019/2n54B/tmp_ShallowMsa_019__2n54B_first/tmp_ShallowMsa_019__2n54B_first_rank1_model.pdb,,-0.03981148470028273
AF3_treek100_top10,AF3,ShallowMsa_019,2hdmA,0.3222307991416869,0.7650509690385466,-0.44282016989685974,Pipeline/FoldPairs/2n54B_2hdmA/output_AF/AF3_treek100_top10/ShallowMsa_019/2hdmA/tmp_ShallowMsa_019__2hdmA_first/tmp_ShallowMsa_019__2hdmA_first_rank1_model.pdb,,-0.03981148470028273
AF3_treek100_top10,AF3,ShallowMsa_020,2n54B,0.33963608523978184,0.8037315064591157,-0.4640954212193339,Pipeline/FoldPairs/2n54B_2hdmA/output_AF/AF3_treek100_top10/ShallowMsa_020/2n54B/tmp_ShallowMsa_020__2n54B_first/tmp_ShallowMsa_020__2n54B_first_rank1_model.pdb,,-0.06108673602275688
AF3_treek100_top10,AF3,ShallowMsa_020,2hdmA,0.33963608523978184,0.8037315064591157,-0.4640954212193339,Pipeline/FoldPairs/2n54B_2hdmA/output_AF/AF3_treek100_top10/ShallowMsa_020/2hdmA/tmp_ShallowMsa_020__2hdmA_first/tmp_ShallowMsa_020__2hdmA_first_rank1_model.pdb,,-0.06108673602275688
AF3_treek100_top10,AF3,ShallowMsa_021,2n54B,0.32480381905192884,0.7240181878352394,-0.39921436878331057,Pipeline/FoldPairs/2n54B_2hdmA/output_AF/AF3_treek100_top10/ShallowMsa_021/2n54B/tmp_ShallowMsa_021__2n54B_first/tmp_ShallowMsa_021__2n54B_first_rank1_model.pdb,,0.003794316413266441
AF3_treek100_top10,AF3,ShallowMsa_021,2hdmA,0.32480381905192884,0.7240181878352394,-0.39921436878331057,Pipeline/FoldPairs/2n54B_2hdmA/output_AF/AF3_treek100_top10/ShallowMsa_021/2hdmA/tmp_ShallowMsa_021__2hdmA_first/tmp_ShallowMsa_021__2hdmA_first_rank1_model.pdb,,0.003794316413266441
AF3_treek100_top10,AF3,ShallowMsa_022,2n54B,0.3393041536157449,0.7380670179746958,-0.39876286435895086,Pipeline/FoldPairs/2n54B_2hdmA/output_AF/AF3_treek100_top10/ShallowMsa_022/2n54B/tmp_ShallowMsa_022__2n54B_first/tmp_ShallowMsa_022__2n54B_first_rank1_model.pdb,,0.004245820837626146
AF3_treek100_top10,AF3,ShallowMsa_022,2hdmA,0.3393041536157449,0.7380670179746958,-0.39876286435895086,Pipeline/FoldPairs/2n54B_2hdmA/output_AF/AF3_treek100_top10/ShallowMsa_022/2hdmA/tmp_ShallowMsa_022__2hdmA_first/tmp_ShallowMsa_022__2hdmA_first_rank1_model.pdb,,0.004245820837626146
AF3_treek100_top10,AF3,ShallowMsa_023,2n54B,0.3263625852231824,0.7772117350604986,-0.45084914983731617,Pipeline/FoldPairs/2n54B_2hdmA/output_AF/AF3_treek100_top10/ShallowMsa_023/2n54B/tmp_ShallowMsa_023__2n54B_first/tmp_ShallowMsa_023__2n54B_first_rank1_model.pdb,,-0.047840464640739155
AF3_treek100_top10,AF3,ShallowMsa_023,2hdmA,0.3263625852231824,0.7772117350604986,-0.45084914983731617,Pipeline/FoldPairs/2n54B_2hdmA/output_AF/AF3_treek100_top10/ShallowMsa_023/2hdmA/tmp_ShallowMsa_023__2hdmA_first/tmp_ShallowMsa_023__2hdmA_first_rank1_model.pdb,,-0.047840464640739155
AF3_treek100_top10,AF3,ShallowMsa_024,2n54B,0.35344237122999816,0.8461634343335618,-0.4927210631035636,Pipeline/FoldPairs/2n54B_2hdmA/output_AF/AF3_treek100_top10/ShallowMsa_024/2n54B/tmp_ShallowMsa_024__2n54B_first/tmp_ShallowMsa_024__2n54B_first_rank1_model.pdb,,-0.0897123779069866
AF3_treek100_top10,AF3,ShallowMsa_024,2hdmA,0.35344237122999816,0.8461634343335618,-0.4927210631035636,Pipeline/FoldPairs/2n54B_2hdmA/output_AF/AF3_treek100_top10/ShallowMsa_024/2hdmA/tmp_ShallowMsa_024__2hdmA_first/tmp_ShallowMsa_024__2hdmA_first_rank1_model.pdb,,-0.0897123779069866
AF3_treek100_top10,AF3,ShallowMsa_025,2n54B,0.37964440160747787,0.5503859354232198,-0.17074153381574192,Pipeline/FoldPairs/2n54B_2hdmA/output_AF/AF3_treek100_top10/ShallowMsa_025/2n54B/tmp_ShallowMsa_025__2n54B_first/tmp_ShallowMsa_025__2n54B_first_rank1_model.pdb,,0.2322671513808351
AF3_treek100_top10,AF3,ShallowMsa_025,2hdmA,0.37964440160747787,0.5503859354232198,-0.17074153381574192,Pipeline/FoldPairs/2n54B_2hdmA/output_AF/AF3_treek100_top10/ShallowMsa_025/2hdmA/tmp_ShallowMsa_025__2hdmA_first/tmp_ShallowMsa_025__2hdmA_first_rank1_model.pdb,,0.2322671513808351
AF3_treek100_top10,AF3,ShallowMsa_026,2n54B,0.34451497947359655,0.7901419733880576,-0.44562699391446103,Pipeline/FoldPairs/2n54B_2hdmA/output_AF/AF3_treek100_top10/ShallowMsa_026/2n54B/tmp_ShallowMsa_026__2n54B_first/tmp_ShallowMsa_026__2n54B_first_rank1_model.pdb,,-0.042618308717884024
AF3_treek100_top10,AF3,ShallowMsa_026,2hdmA,0.34451497947359655,0.7901419733880576,-0.44562699391446103,Pipeline/FoldPairs/2n54B_2hdmA/output_AF/AF3_treek100_top10/ShallowMsa_026/2hdmA/tmp_ShallowMsa_026__2hdmA_first/tmp_ShallowMsa_026__2hdmA_first_rank1_model.pdb,,-0.042618308717884024
AF3_treek100_top10,AF3,ShallowMsa_027,2n54B,0.29487786606461575,0.4878916661270775,-0.19301380006246177,Pipeline/FoldPairs/2n54B_2hdmA/output_AF/AF3_treek100_top10/ShallowMsa_027/2n54B/tmp_ShallowMsa_027__2n54B_first/tmp_ShallowMsa_027__2n54B_first_rank1_model.pdb,,0.20999488513411524
AF3_treek100_top10,AF3,ShallowMsa_027,2hdmA,0.29487786606461575,0.4878916661270775,-0.19301380006246177,Pipeline/FoldPairs/2n54B_2hdmA/output_AF/AF3_treek100_top10/ShallowMsa_027/2hdmA/tmp_ShallowMsa_027__2hdmA_first/tmp_ShallowMsa_027__2hdmA_first_rank1_model.pdb,,0.20999488513411524
AF3_treek100_top10,AF3,ShallowMsa_028,2n54B,0.36856429648615263,0.719907743671881,-0.3513434471857284,Pipeline/FoldPairs/2n54B_2hdmA/output_AF/AF3_treek100_top10/ShallowMsa_028/2n54B/tmp_ShallowMsa_028__2n54B_first/tmp_ShallowMsa_028__2n54B_first_rank1_model.pdb,,0.0516652380108486
AF3_treek100_top10,AF3,ShallowMsa_028,2hdmA,0.36856429648615263,0.719907743671881,-0.3513434471857284,Pipeline/FoldPairs/2n54B_2hdmA/output_AF/AF3_treek100_top10/ShallowMsa_028/2hdmA/tmp_ShallowMsa_028__2hdmA_first/tmp_ShallowMsa_028__2hdmA_first_rank1_model.pdb,,0.0516652380108486
AF3_treek100_top10,AF3,ShallowMsa_029,2n54B,0.2260122245454445,0.41432774611137996,-0.18831552156593545,Pipeline/FoldPairs/2n54B_2hdmA/output_AF/AF3_treek100_top10/ShallowMsa_029/2n54B/tmp_ShallowMsa_029__2n54B_first/tmp_ShallowMsa_029__2n54B_first_rank1_model.pdb,,0.21469316363064156
AF3_treek100_top10,AF3,ShallowMsa_029,2hdmA,0.2260122245454445,0.41432774611137996,-0.18831552156593545,Pipeline/FoldPairs/2n54B_2hdmA/output_AF/AF3_treek100_top10/ShallowMsa_029/2hdmA/tmp_ShallowMsa_029__2hdmA_first/tmp_ShallowMsa_029__2hdmA_first_rank1_model.pdb,,0.21469316363064156
AF3_treek100_top10,AF3,ShallowMsa_030,2n54B,0.2799203550574592,0.42072834218599164,-0.14080798712853243,Pipeline/FoldPairs/2n54B_2hdmA/output_AF/AF3_treek100_top10/ShallowMsa_030/2n54B/tmp_ShallowMsa_030__2n54B_first/tmp_ShallowMsa_030__2n54B_first_rank1_model.pdb,,0.2622006980680446
AF3_treek100_top10,AF3,ShallowMsa_030,2hdmA,0.2799203550574592,0.42072834218599164,-0.14080798712853243,Pipeline/FoldPairs/2n54B_2hdmA/output_AF/AF3_treek100_top10/ShallowMsa_030/2hdmA/tmp_ShallowMsa_030__2hdmA_first/tmp_ShallowMsa_030__2hdmA_first_rank1_model.pdb,,0.2622006980680446
AF3_treek100_top10,AF3,ShallowMsa_031,2n54B,0.34692250722902196,0.756154551962581,-0.409232044733559,Pipeline/FoldPairs/2n54B_2hdmA/output_AF/AF3_treek100_top10/ShallowMsa_031/2n54B/tmp_ShallowMsa_031__2n54B_first/tmp_ShallowMsa_031__2n54B_first_rank1_model.pdb,,-0.006223359536981998
AF3_treek100_top10,AF3,ShallowMsa_031,2hdmA,0.34692250722902196,0.756154551962581,-0.409232044733559,Pipeline/FoldPairs/2n54B_2hdmA/output_AF/AF3_treek100_top10/ShallowMsa_031/2hdmA/tmp_ShallowMsa_031__2hdmA_first/tmp_ShallowMsa_031__2hdmA_first_rank1_model.pdb,,-0.006223359536981998
AF3_treek100_top10,AF3,ShallowMsa_032,2n54B,0.3920718801826694,0.7903283284353102,-0.3982564482526408,Pipeline/FoldPairs/2n54B_2hdmA/output_AF/AF3_treek100_top10/ShallowMsa_032/2n54B/tmp_ShallowMsa_032__2n54B_first/tmp_ShallowMsa_032__2n54B_first_rank1_model.pdb,,0.004752236943936228
AF3_treek100_top10,AF3,ShallowMsa_032,2hdmA,0.3920718801826694,0.7903283284353102,-0.3982564482526408,Pipeline/FoldPairs/2n54B_2hdmA/output_AF/AF3_treek100_top10/ShallowMsa_032/2hdmA/tmp_ShallowMsa_032__2hdmA_first/tmp_ShallowMsa_032__2hdmA_first_rank1_model.pdb,,0.004752236943936228
AF3_treek100_top10,AF3,ShallowMsa_033,2n54B,0.32587008199264944,0.6936411672592632,-0.36777108526661373,Pipeline/FoldPairs/2n54B_2hdmA/output_AF/AF3_treek100_top10/ShallowMsa_033/2n54B/tmp_ShallowMsa_033__2n54B_first/tmp_ShallowMsa_033__2n54B_first_rank1_model.pdb,,0.03523759992996328
AF3_treek100_top10,AF3,ShallowMsa_033,2hdmA,0.32587008199264944,0.6936411672592632,-0.36777108526661373,Pipeline/FoldPairs/2n54B_2hdmA/output_AF/AF3_treek100_top10/ShallowMsa_033/2hdmA/tmp_ShallowMsa_033__2hdmA_first/tmp_ShallowMsa_033__2hdmA_first_rank1_model.pdb,,0.03523759992996328
AF3_treek100_top10,AF3,ShallowMsa_034,2n54B,0.3460087143374301,0.8030219646129935,-0.4570132502755634,Pipeline/FoldPairs/2n54B_2hdmA/output_AF/AF3_treek100_top10/ShallowMsa_034/2n54B/tmp_ShallowMsa_034__2n54B_first/tmp_ShallowMsa_034__2n54B_first_rank1_model.pdb,,-0.05400456507898638
AF3_treek100_top10,AF3,ShallowMsa_034,2hdmA,0.3460087143374301,0.8030219646129935,-0.4570132502755634,Pipeline/FoldPairs/2n54B_2hdmA/output_AF/AF3_treek100_top10/ShallowMsa_034/2hdmA/tmp_ShallowMsa_034__2hdmA_first/tmp_ShallowMsa_034__2hdmA_first_rank1_model.pdb,,-0.05400456507898638
AF3_treek100_top10,AF3,ShallowMsa_035,2n54B,0.3456315306495607,0.8126269570130902,-0.4669954263635295,Pipeline/FoldPairs/2n54B_2hdmA/output_AF/AF3_treek100_top10/ShallowMsa_035/2n54B/tmp_ShallowMsa_035__2n54B_first/tmp_ShallowMsa_035__2n54B_first_rank1_model.pdb,,-0.06398674116695247
AF3_treek100_top10,AF3,ShallowMsa_035,2hdmA,0.3456315306495607,0.8126269570130902,-0.4669954263635295,Pipeline/FoldPairs/2n54B_2hdmA/output_AF/AF3_treek100_top10/ShallowMsa_035/2hdmA/tmp_ShallowMsa_035__2hdmA_first/tmp_ShallowMsa_035__2hdmA_first_rank1_model.pdb,,-0.06398674116695247
AF3_treek100_top10,AF3,ShallowMsa_036,2n54B,0.2841147583192434,0.4069757901524122,-0.12286103183316882,Pipeline/FoldPairs/2n54B_2hdmA/output_AF/AF3_treek100_top10/ShallowMsa_036/2n54B/tmp_ShallowMsa_036__2n54B_first/tmp_ShallowMsa_036__2n54B_first_rank1_model.pdb,,0.2801476533634082
AF3_treek100_top10,AF3,ShallowMsa_036,2hdmA,0.2841147583192434,0.4069757901524122,-0.12286103183316882,Pipeline/FoldPairs/2n54B_2hdmA/output_AF/AF3_treek100_top10/ShallowMsa_036/2hdmA/tmp_ShallowMsa_036__2hdmA_first/tmp_ShallowMsa_036__2hdmA_first_rank1_model.pdb,,0.2801476533634082
AF3_treek100_top10,AF3,ShallowMsa_037,2n54B,0.3518757745462343,0.8094243580125856,-0.4575485834663513,Pipeline/FoldPairs/2n54B_2hdmA/output_AF/AF3_treek100_top10/ShallowMsa_037/2n54B/tmp_ShallowMsa_037__2n54B_first/tmp_ShallowMsa_037__2n54B_first_rank1_model.pdb,,-0.05453989826977429
AF3_treek100_top10,AF3,ShallowMsa_037,2hdmA,0.3518757745462343,0.8094243580125856,-0.4575485834663513,Pipeline/FoldPairs/2n54B_2hdmA/output_AF/AF3_treek100_top10/ShallowMsa_037/2hdmA/tmp_ShallowMsa_037__2hdmA_first/tmp_ShallowMsa_037__2hdmA_first_rank1_model.pdb,,-0.05453989826977429
AF3_treek100_top10,AF3,ShallowMsa_038,2n54B,0.35241524794115364,0.7822756818807335,-0.42986043393957984,Pipeline/FoldPairs/2n54B_2hdmA/output_AF/AF3_treek100_top10/ShallowMsa_038/2n54B/tmp_ShallowMsa_038__2n54B_first/tmp_ShallowMsa_038__2n54B_first_rank1_model.pdb,,-0.026851748743002835
AF3_treek100_top10,AF3,ShallowMsa_038,2hdmA,0.35241524794115364,0.7822756818807335,-0.42986043393957984,Pipeline/FoldPairs/2n54B_2hdmA/output_AF/AF3_treek100_top10/ShallowMsa_038/2hdmA/tmp_ShallowMsa_038__2hdmA_first/tmp_ShallowMsa_038__2hdmA_first_rank1_model.pdb,,-0.026851748743002835
AF3_treek100_top10,AF3,ShallowMsa_039,2n54B,0.5299769392633201,0.30950848807832626,0.22046845118499386,Pipeline/FoldPairs/2n54B_2hdmA/output_AF/AF3_treek100_top10/ShallowMsa_039/2n54B/tmp_ShallowMsa_039__2n54B_first/tmp_ShallowMsa_039__2n54B_first_rank1_model.pdb,,0.6234771363815709
AF3_treek100_top10,AF3,ShallowMsa_039,2hdmA,0.5299769392633201,0.30950848807832626,0.22046845118499386,Pipeline/FoldPairs/2n54B_2hdmA/output_AF/AF3_treek100_top10/ShallowMsa_039/2hdmA/tmp_ShallowMsa_039__2hdmA_first/tmp_ShallowMsa_039__2hdmA_first_rank1_model.pdb,,0.6234771363815709
AF3_treek100_top10,AF3,ShallowMsa_040,2n54B,0.26542177358068303,0.2892964105859314,-0.02387463700524839,Pipeline/FoldPairs/2n54B_2hdmA/output_AF/AF3_treek100_top10/ShallowMsa_040/2n54B/tmp_ShallowMsa_040__2n54B_first/tmp_ShallowMsa_040__2n54B_first_rank1_model.pdb,,0.3791340481913286
AF3_treek100_top10,AF3,ShallowMsa_040,2hdmA,0.26542177358068303,0.2892964105859314,-0.02387463700524839,Pipeline/FoldPairs/2n54B_2hdmA/output_AF/AF3_treek100_top10/ShallowMsa_040/2hdmA/tmp_ShallowMsa_040__2hdmA_first/tmp_ShallowMsa_040__2hdmA_first_rank1_model.pdb,,0.3791340481913286
AF3_treek100_top10,AF3,ShallowMsa_041,2n54B,0.37473673295947296,0.5086095396925014,-0.13387280673302848,Pipeline/FoldPairs/2n54B_2hdmA/output_AF/AF3_treek100_top10/ShallowMsa_041/2n54B/tmp_ShallowMsa_041__2n54B_first/tmp_ShallowMsa_041__2n54B_first_rank1_model.pdb,,0.26913587846354853
AF3_treek100_top10,AF3,ShallowMsa_041,2hdmA,0.37473673295947296,0.5086095396925014,-0.13387280673302848,Pipeline/FoldPairs/2n54B_2hdmA/output_AF/AF3_treek100_top10/ShallowMsa_041/2hdmA/tmp_ShallowMsa_041__2hdmA_first/tmp_ShallowMsa_041__2hdmA_first_rank1_model.pdb,,0.26913587846354853
AF3_treek100_top10,AF3,ShallowMsa_042,2n54B,0.3514749654987408,0.7921511026910809,-0.4406761371923401,Pipeline/FoldPairs/2n54B_2hdmA/output_AF/AF3_treek100_top10/ShallowMsa_042/2n54B/tmp_ShallowMsa_042__2n54B_first/tmp_ShallowMsa_042__2n54B_first_rank1_model.pdb,,-0.0376674519957631
AF3_treek100_top10,AF3,ShallowMsa_042,2hdmA,0.3514749654987408,0.7921511026910809,-0.4406761371923401,Pipeline/FoldPairs/2n54B_2hdmA/output_AF/AF3_treek100_top10/ShallowMsa_042/2hdmA/tmp_ShallowMsa_042__2hdmA_first/tmp_ShallowMsa_042__2hdmA_first_rank1_model.pdb,,-0.0376674519957631
AF3_treek100_top10,AF3,ShallowMsa_043,2n54B,0.3628354859186247,0.8088168856708335,-0.44598139975220885,Pipeline/FoldPairs/2n54B_2hdmA/output_AF/AF3_treek100_top10/ShallowMsa_043/2n54B/tmp_ShallowMsa_043__2n54B_first/tmp_ShallowMsa_043__2n54B_first_rank1_model.pdb,,-0.04297271455563184
AF3_treek100_top10,AF3,ShallowMsa_043,2hdmA,0.3628354859186247,0.8088168856708335,-0.44598139975220885,Pipeline/FoldPairs/2n54B_2hdmA/output_AF/AF3_treek100_top10/ShallowMsa_043/2hdmA/tmp_ShallowMsa_043__2hdmA_first/tmp_ShallowMsa_043__2hdmA_first_rank1_model.pdb,,-0.04297271455563184
AF3_treek100_top10,AF3,ShallowMsa_044,2n54B,0.25982420254208044,0.4472889748016409,-0.18746477225956049,Pipeline/FoldPairs/2n54B_2hdmA/output_AF/AF3_treek100_top10/ShallowMsa_044/2n54B/tmp_ShallowMsa_044__2n54B_first/tmp_ShallowMsa_044__2n54B_first_rank1_model.pdb,,0.21554391293701652
AF3_treek100_top10,AF3,ShallowMsa_044,2hdmA,0.4317660166269406,0.4831768423966489,-0.05141082576970829,Pipeline/FoldPairs/2n54B_2hdmA/output_AF/AF3_treek100_top10/ShallowMsa_044/2hdmA/tmp_ShallowMsa_044__2hdmA_first/tmp_ShallowMsa_044__2hdmA_first_rank1_model.pdb,,0.3515978594268687
AF3_treek100_top10,AF3,ShallowMsa_045,2n54B,0.3548429133455977,0.8156089210030563,-0.46076600765745857,Pipeline/FoldPairs/2n54B_2hdmA/output_AF/AF3_treek100_top10/ShallowMsa_045/2n54B/tmp_ShallowMsa_045__2n54B_first/tmp_ShallowMsa_045__2n54B_first_rank1_model.pdb,,-0.057757322460881555
AF3_treek100_top10,AF3,ShallowMsa_045,2hdmA,0.3548429133455977,0.8156089210030563,-0.46076600765745857,Pipeline/FoldPairs/2n54B_2hdmA/output_AF/AF3_treek100_top10/ShallowMsa_045/2hdmA/tmp_ShallowMsa_045__2hdmA_first/tmp_ShallowMsa_045__2hdmA_first_rank1_model.pdb,,-0.057757322460881555
AF3_treek100_top10,AF3,ShallowMsa_046,2n54B,0.2766159866897872,0.41560563141367474,-0.13898964472388753,Pipeline/FoldPairs/2n54B_2hdmA/output_AF/AF3_treek100_top10/ShallowMsa_046/2n54B/tmp_ShallowMsa_046__2n54B_first/tmp_ShallowMsa_046__2n54B_first_rank1_model.pdb,,0.2640190404726895
AF3_treek100_top10,AF3,ShallowMsa_046,2hdmA,0.2766159866897872,0.41560563141367474,-0.13898964472388753,Pipeline/FoldPairs/2n54B_2hdmA/output_AF/AF3_treek100_top10/ShallowMsa_046/2hdmA/tmp_ShallowMsa_046__2hdmA_first/tmp_ShallowMsa_046__2hdmA_first_rank1_model.pdb,,0.2640190404726895
AF3_treek100_top10,AF3,ShallowMsa_047,2n54B,0.3590688708958598,0.8225404070130131,-0.4634715361171533,Pipeline/FoldPairs/2n54B_2hdmA/output_AF/AF3_treek100_top10/ShallowMsa_047/2n54B/tmp_ShallowMsa_047__2n54B_first/tmp_ShallowMsa_047__2n54B_first_rank1_model.pdb,,-0.060462850920576294
AF3_treek100_top10,AF3,ShallowMsa_047,2hdmA,0.3590688708958598,0.8225404070130131,-0.4634715361171533,Pipeline/FoldPairs/2n54B_2hdmA/output_AF/AF3_treek100_top10/ShallowMsa_047/2hdmA/tmp_ShallowMsa_047__2hdmA_first/tmp_ShallowMsa_047__2hdmA_first_rank1_model.pdb,,-0.060462850920576294
AF3_treek100_top10,AF3,ShallowMsa_048,2n54B,0.3262758484809504,0.7241274383477829,-0.3978515898668325,Pipeline/FoldPairs/2n54B_2hdmA/output_AF/AF3_treek100_top10/ShallowMsa_048/2n54B/tmp_ShallowMsa_048__2n54B_first/tmp_ShallowMsa_048__2n54B_first_rank1_model.pdb,,0.00515709532974451
AF3_treek100_top10,AF3,ShallowMsa_048,2hdmA,0.3262758484809504,0.7241274383477829,-0.3978515898668325,Pipeline/FoldPairs/2n54B_2hdmA/output_AF/AF3_treek100_top10/ShallowMsa_048/2hdmA/tmp_ShallowMsa_048__2hdmA_first/tmp_ShallowMsa_048__2hdmA_first_rank1_model.pdb,,0.00515709532974451
AF3_treek100_top10,AF3,ShallowMsa_049,2n54B,0.3472878328893539,0.7580139271201998,-0.4107260942308459,Pipeline/FoldPairs/2n54B_2hdmA/output_AF/AF3_treek100_top10/ShallowMsa_049/2n54B/tmp_ShallowMsa_049__2n54B_first/tmp_ShallowMsa_049__2n54B_first_rank1_model.pdb,,-0.007717409034268874
AF3_treek100_top10,AF3,ShallowMsa_049,2hdmA,0.3472878328893539,0.7580139271201998,-0.4107260942308459,Pipeline/FoldPairs/2n54B_2hdmA/output_AF/AF3_treek100_top10/ShallowMsa_049/2hdmA/tmp_ShallowMsa_049__2hdmA_first/tmp_ShallowMsa_049__2hdmA_first_rank1_model.pdb,,-0.007717409034268874
AF3_treek100_top10,AF3,ShallowMsa_050,2n54B,0.3483617333404239,0.7660265039325334,-0.41766477059210944,Pipeline/FoldPairs/2n54B_2hdmA/output_AF/AF3_treek100_top10/ShallowMsa_050/2n54B/tmp_ShallowMsa_050__2n54B_first/tmp_ShallowMsa_050__2n54B_first_rank1_model.pdb,,-0.014656085395532426
AF3_treek100_top10,AF3,ShallowMsa_050,2hdmA,0.3483617333404239,0.7660265039325334,-0.41766477059210944,Pipeline/FoldPairs/2n54B_2hdmA/output_AF/AF3_treek100_top10/ShallowMsa_050/2hdmA/tmp_ShallowMsa_050__2hdmA_first/tmp_ShallowMsa_050__2hdmA_first_rank1_model.pdb,,-0.014656085395532426
AF3_treek100_top10,AF3,ShallowMsa_051,2n54B,0.3275610358023598,0.8264011079168327,-0.49884007211447295,Pipeline/FoldPairs/2n54B_2hdmA/output_AF/AF3_treek100_top10/ShallowMsa_051/2n54B/tmp_ShallowMsa_051__2n54B_first/tmp_ShallowMsa_051__2n54B_first_rank1_model.pdb,,-0.09583138691789594
AF3_treek100_top10,AF3,ShallowMsa_051,2hdmA,0.3275610358023598,0.8264011079168327,-0.49884007211447295,Pipeline/FoldPairs/2n54B_2hdmA/output_AF/AF3_treek100_top10/ShallowMsa_051/2hdmA/tmp_ShallowMsa_051__2hdmA_first/tmp_ShallowMsa_051__2hdmA_first_rank1_model.pdb,,-0.09583138691789594
AF3_treek100_top10,AF3,ShallowMsa_052,2n54B,0.33826512648819224,0.8007063390669718,-0.4624412125787795,Pipeline/FoldPairs/2n54B_2hdmA/output_AF/AF3_treek100_top10/ShallowMsa_052/2n54B/tmp_ShallowMsa_052__2n54B_first/tmp_ShallowMsa_052__2n54B_first_rank1_model.pdb,,-0.059432527382202505
AF3_treek100_top10,AF3,ShallowMsa_052,2hdmA,0.33826512648819224,0.8007063390669718,-0.4624412125787795,Pipeline/FoldPairs/2n54B_2hdmA/output_AF/AF3_treek100_top10/ShallowMsa_052/2hdmA/tmp_ShallowMsa_052__2hdmA_first/tmp_ShallowMsa_052__2hdmA_first_rank1_model.pdb,,-0.059432527382202505
AF3_treek100_top10,AF3,ShallowMsa_053,2n54B,0.22929114590890107,0.38898726080820645,-0.15969611489930538,Pipeline/FoldPairs/2n54B_2hdmA/output_AF/AF3_treek100_top10/ShallowMsa_053/2n54B/tmp_ShallowMsa_053__2n54B_first/tmp_ShallowMsa_053__2n54B_first_rank1_model.pdb,,0.24331257029727163
AF3_treek100_top10,AF3,ShallowMsa_053,2hdmA,0.22929114590890107,0.38898726080820645,-0.15969611489930538,Pipeline/FoldPairs/2n54B_2hdmA/output_AF/AF3_treek100_top10/ShallowMsa_053/2hdmA/tmp_ShallowMsa_053__2hdmA_first/tmp_ShallowMsa_053__2hdmA_first_rank1_model.pdb,,0.24331257029727163
AF3_treek100_top10,AF3,ShallowMsa_054,2n54B,0.3444486133188807,0.8383997488636421,-0.4939511355447614,Pipeline/FoldPairs/2n54B_2hdmA/output_AF/AF3_treek100_top10/ShallowMsa_054/2n54B/tmp_ShallowMsa_054__2n54B_first/tmp_ShallowMsa_054__2n54B_first_rank1_model.pdb,,-0.09094245034818438
AF3_treek100_top10,AF3,ShallowMsa_054,2hdmA,0.3444486133188807,0.8383997488636421,-0.4939511355447614,Pipeline/FoldPairs/2n54B_2hdmA/output_AF/AF3_treek100_top10/ShallowMsa_054/2hdmA/tmp_ShallowMsa_054__2hdmA_first/tmp_ShallowMsa_054__2hdmA_first_rank1_model.pdb,,-0.09094245034818438
AF3_treek100_top10,AF3,ShallowMsa_055,2n54B,0.29509527010704106,0.723238709180198,-0.4281434390731569,Pipeline/FoldPairs/2n54B_2hdmA/output_AF/AF3_treek100_top10/ShallowMsa_055/2n54B/tmp_ShallowMsa_055__2n54B_first/tmp_ShallowMsa_055__2n54B_first_rank1_model.pdb,,-0.025134753876579874
AF3_treek100_top10,AF3,ShallowMsa_055,2hdmA,0.29509527010704106,0.723238709180198,-0.4281434390731569,Pipeline/FoldPairs/2n54B_2hdmA/output_AF/AF3_treek100_top10/ShallowMsa_055/2hdmA/tmp_ShallowMsa_055__2hdmA_first/tmp_ShallowMsa_055__2hdmA_first_rank1_model.pdb,,-0.025134753876579874
AF3_treek100_top10,AF3,ShallowMsa_056,2n54B,0.3302363573722008,0.8143877758815625,-0.4841514185093617,Pipeline/FoldPairs/2n54B_2hdmA/output_AF/AF3_treek100_top10/ShallowMsa_056/2n54B/tmp_ShallowMsa_056__2n54B_first/tmp_ShallowMsa_056__2n54B_first_rank1_model.pdb,,-0.08114273331278471
AF3_treek100_top10,AF3,ShallowMsa_056,2hdmA,0.3302363573722008,0.8143877758815625,-0.4841514185093617,Pipeline/FoldPairs/2n54B_2hdmA/output_AF/AF3_treek100_top10/ShallowMsa_056/2hdmA/tmp_ShallowMsa_056__2hdmA_first/tmp_ShallowMsa_056__2hdmA_first_rank1_model.pdb,,-0.08114273331278471
AF3_treek100_top10,AF3,ShallowMsa_057,2n54B,0.36136328380558824,0.815333128779624,-0.4539698449740358,Pipeline/FoldPairs/2n54B_2hdmA/output_AF/AF3_treek100_top10/ShallowMsa_057/2n54B/tmp_ShallowMsa_057__2n54B_first/tmp_ShallowMsa_057__2n54B_first_rank1_model.pdb,,-0.0509611597774588
AF3_treek100_top10,AF3,ShallowMsa_057,2hdmA,0.36136328380558824,0.815333128779624,-0.4539698449740358,Pipeline/FoldPairs/2n54B_2hdmA/output_AF/AF3_treek100_top10/ShallowMsa_057/2hdmA/tmp_ShallowMsa_057__2hdmA_first/tmp_ShallowMsa_057__2hdmA_first_rank1_model.pdb,,-0.0509611597774588
AF3_treek100_top10,AF3,ShallowMsa_058,2n54B,0.41141717065884054,0.48925012602120793,-0.0778329553623674,Pipeline/FoldPairs/2n54B_2hdmA/output_AF/AF3_treek100_top10/ShallowMsa_058/2n54B/tmp_ShallowMsa_058__2n54B_first/tmp_ShallowMsa_058__2n54B_first_rank1_model.pdb,,0.3251757298342096
AF3_treek100_top10,AF3,ShallowMsa_058,2hdmA,0.41141717065884054,0.48925012602120793,-0.0778329553623674,Pipeline/FoldPairs/2n54B_2hdmA/output_AF/AF3_treek100_top10/ShallowMsa_058/2hdmA/tmp_ShallowMsa_058__2hdmA_first/tmp_ShallowMsa_058__2hdmA_first_rank1_model.pdb,,0.3251757298342096
AF3_treek100_top10,AF3,ShallowMsa_059,2n54B,0.3163982289428189,0.6991630075569706,-0.3827647786141517,Pipeline/FoldPairs/2n54B_2hdmA/output_AF/AF3_treek100_top10/ShallowMsa_059/2n54B/tmp_ShallowMsa_059__2n54B_first/tmp_ShallowMsa_059__2n54B_first_rank1_model.pdb,,0.02024390658242531
AF3_treek100_top10,AF3,ShallowMsa_059,2hdmA,0.3163982289428189,0.6991630075569706,-0.3827647786141517,Pipeline/FoldPairs/2n54B_2hdmA/output_AF/AF3_treek100_top10/ShallowMsa_059/2hdmA/tmp_ShallowMsa_059__2hdmA_first/tmp_ShallowMsa_059__2hdmA_first_rank1_model.pdb,,0.02024390658242531
AF3_treek100_top10,AF3,ShallowMsa_060,2n54B,0.3384717066030779,0.6529148063440323,-0.3144430997409544,Pipeline/FoldPairs/2n54B_2hdmA/output_AF/AF3_treek100_top10/ShallowMsa_060/2n54B/tmp_ShallowMsa_060__2n54B_first/tmp_ShallowMsa_060__2n54B_first_rank1_model.pdb,,0.0885655854556226
AF3_treek100_top10,AF3,ShallowMsa_060,2hdmA,0.3384717066030779,0.6529148063440323,-0.3144430997409544,Pipeline/FoldPairs/2n54B_2hdmA/output_AF/AF3_treek100_top10/ShallowMsa_060/2hdmA/tmp_ShallowMsa_060__2hdmA_first/tmp_ShallowMsa_060__2hdmA_first_rank1_model.pdb,,0.0885655854556226
AF3_treek100_top10,AF3,ShallowMsa_061,2n54B,0.3592523323082502,0.8073205757726705,-0.44806824346442026,Pipeline/FoldPairs/2n54B_2hdmA/output_AF/AF3_treek100_top10/ShallowMsa_061/2n54B/tmp_ShallowMsa_061__2n54B_first/tmp_ShallowMsa_061__2n54B_first_rank1_model.pdb,,-0.04505955826784325
AF3_treek100_top10,AF3,ShallowMsa_061,2hdmA,0.3592523323082502,0.8073205757726705,-0.44806824346442026,Pipeline/FoldPairs/2n54B_2hdmA/output_AF/AF3_treek100_top10/ShallowMsa_061/2hdmA/tmp_ShallowMsa_061__2hdmA_first/tmp_ShallowMsa_061__2hdmA_first_rank1_model.pdb,,-0.04505955826784325
AF3_treek100_top10,AF3,ShallowMsa_062,2n54B,0.3698302724865675,0.7370574247823227,-0.3672271522957552,Pipeline/FoldPairs/2n54B_2hdmA/output_AF/AF3_treek100_top10/ShallowMsa_062/2n54B/tmp_ShallowMsa_062__2n54B_first/tmp_ShallowMsa_062__2n54B_first_rank1_model.pdb,,0.03578153290082181
AF3_treek100_top10,AF3,ShallowMsa_062,2hdmA,0.3698302724865675,0.7370574247823227,-0.3672271522957552,Pipeline/FoldPairs/2n54B_2hdmA/output_AF/AF3_treek100_top10/ShallowMsa_062/2hdmA/tmp_ShallowMsa_062__2hdmA_first/tmp_ShallowMsa_062__2hdmA_first_rank1_model.pdb,,0.03578153290082181
AF3_treek100_top10,AF3,ShallowMsa_063,2n54B,0.33702113130502975,0.7761999057519241,-0.43917877444689435,Pipeline/FoldPairs/2n54B_2hdmA/output_AF/AF3_treek100_top10/ShallowMsa_063/2n54B/tmp_ShallowMsa_063__2n54B_first/tmp_ShallowMsa_063__2n54B_first_rank1_model.pdb,,-0.03617008925031734
AF3_treek100_top10,AF3,ShallowMsa_063,2hdmA,0.33702113130502975,0.7761999057519241,-0.43917877444689435,Pipeline/FoldPairs/2n54B_2hdmA/output_AF/AF3_treek100_top10/ShallowMsa_063/2hdmA/tmp_ShallowMsa_063__2hdmA_first/tmp_ShallowMsa_063__2hdmA_first_rank1_model.pdb,,-0.03617008925031734
AF3_treek100_top10,AF3,ShallowMsa_064,2n54B,0.31031878049519807,0.6932803573735834,-0.38296157687838533,Pipeline/FoldPairs/2n54B_2hdmA/output_AF/AF3_treek100_top10/ShallowMsa_064/2n54B/tmp_ShallowMsa_064__2n54B_first/tmp_ShallowMsa_064__2n54B_first_rank1_model.pdb,,0.020047108318191675
AF3_treek100_top10,AF3,ShallowMsa_064,2hdmA,0.31031878049519807,0.6932803573735834,-0.38296157687838533,Pipeline/FoldPairs/2n54B_2hdmA/output_AF/AF3_treek100_top10/ShallowMsa_064/2hdmA/tmp_ShallowMsa_064__2hdmA_first/tmp_ShallowMsa_064__2hdmA_first_rank1_model.pdb,,0.020047108318191675
AF3_treek100_top10,AF3,ShallowMsa_065,2n54B,0.3556004466241616,0.7586091318207386,-0.403008685196577,Pipeline/FoldPairs/2n54B_2hdmA/output_AF/AF3_treek100_top10/ShallowMsa_065/2n54B/tmp_ShallowMsa_065__2n54B_first/tmp_ShallowMsa_065__2n54B_first_rank1_model.pdb,,0.0
AF3_treek100_top10,AF3,ShallowMsa_065,2hdmA,0.3556004466241616,0.7586091318207386,-0.403008685196577,Pipeline/FoldPairs/2n54B_2hdmA/output_AF/AF3_treek100_top10/ShallowMsa_065/2hdmA/tmp_ShallowMsa_065__2hdmA_first/tmp_ShallowMsa_065__2hdmA_first_rank1_model.pdb,,0.0
AF3_treek100_top10,AF3,ShallowMsa_066,2n54B,0.4180042329954598,0.40143979883858627,0.01656443415687353,Pipeline/FoldPairs/2n54B_2hdmA/output_AF/AF3_treek100_top10/ShallowMsa_066/2n54B/tmp_ShallowMsa_066__2n54B_first/tmp_ShallowMsa_066__2n54B_first_rank1_model.pdb,,0.41957311935345054
AF3_treek100_top10,AF3,ShallowMsa_066,2hdmA,0.4180042329954598,0.40143979883858627,0.01656443415687353,Pipeline/FoldPairs/2n54B_2hdmA/output_AF/AF3_treek100_top10/ShallowMsa_066/2hdmA/tmp_ShallowMsa_066__2hdmA_first/tmp_ShallowMsa_066__2hdmA_first_rank1_model.pdb,,0.41957311935345054
AF3_treek100_top10,AF3,ShallowMsa_067,2n54B,0.34781938532368384,0.7835236369328863,-0.43570425160920245,Pipeline/FoldPairs/2n54B_2hdmA/output_AF/AF3_treek100_top10/ShallowMsa_067/2n54B/tmp_ShallowMsa_067__2n54B_first/tmp_ShallowMsa_067__2n54B_first_rank1_model.pdb,,-0.03269556641262544
AF3_treek100_top10,AF3,ShallowMsa_067,2hdmA,0.34781938532368384,0.7835236369328863,-0.43570425160920245,Pipeline/FoldPairs/2n54B_2hdmA/output_AF/AF3_treek100_top10/ShallowMsa_067/2hdmA/tmp_ShallowMsa_067__2hdmA_first/tmp_ShallowMsa_067__2hdmA_first_rank1_model.pdb,,-0.03269556641262544
AF3_treek100_top10,AF3,ShallowMsa_068,2n54B,0.5344264497946587,0.3239587626466509,0.2104676871480078,Pipeline/FoldPairs/2n54B_2hdmA/output_AF/AF3_treek100_top10/ShallowMsa_068/2n54B/tmp_ShallowMsa_068__2n54B_first/tmp_ShallowMsa_068__2n54B_first_rank1_model.pdb,,0.6134763723445849
AF3_treek100_top10,AF3,ShallowMsa_068,2hdmA,0.5344264497946587,0.3239587626466509,0.2104676871480078,Pipeline/FoldPairs/2n54B_2hdmA/output_AF/AF3_treek100_top10/ShallowMsa_068/2hdmA/tmp_ShallowMsa_068__2hdmA_first/tmp_ShallowMsa_068__2hdmA_first_rank1_model.pdb,,0.6134763723445849
AF3_treek100_top10,AF3,ShallowMsa_069,2n54B,0.32902735680966916,0.7566360522277614,-0.42760869541809227,Pipeline/FoldPairs/2n54B_2hdmA/output_AF/AF3_treek100_top10/ShallowMsa_069/2n54B/tmp_ShallowMsa_069__2n54B_first/tmp_ShallowMsa_069__2n54B_first_rank1_model.pdb,,-0.024600010221515256
AF3_treek100_top10,AF3,ShallowMsa_069,2hdmA,0.32902735680966916,0.7566360522277614,-0.42760869541809227,Pipeline/FoldPairs/2n54B_2hdmA/output_AF/AF3_treek100_top10/ShallowMsa_069/2hdmA/tmp_ShallowMsa_069__2hdmA_first/tmp_ShallowMsa_069__2hdmA_first_rank1_model.pdb,,-0.024600010221515256
AF3_treek100_top10,AF3,ShallowMsa_070,2n54B,0.35195453974921165,0.7941267582913687,-0.44217221854215705,Pipeline/FoldPairs/2n54B_2hdmA/output_AF/AF3_treek100_top10/ShallowMsa_070/2n54B/tmp_ShallowMsa_070__2n54B_first/tmp_ShallowMsa_070__2n54B_first_rank1_model.pdb,,-0.03916353334558004
AF3_treek100_top10,AF3,ShallowMsa_070,2hdmA,0.35195453974921165,0.7941267582913687,-0.44217221854215705,Pipeline/FoldPairs/2n54B_2hdmA/output_AF/AF3_treek100_top10/ShallowMsa_070/2hdmA/tmp_ShallowMsa_070__2hdmA_first/tmp_ShallowMsa_070__2hdmA_first_rank1_model.pdb,,-0.03916353334558004
AF3_treek100_top10,AF3,ShallowMsa_071,2n54B,0.32512745735206616,0.670278717506751,-0.3451512601546849,Pipeline/FoldPairs/2n54B_2hdmA/output_AF/AF3_treek100_top10/ShallowMsa_071/2n54B/tmp_ShallowMsa_071__2n54B_first/tmp_ShallowMsa_071__2n54B_first_rank1_model.pdb,,0.05785742504189212
AF3_treek100_top10,AF3,ShallowMsa_071,2hdmA,0.32512745735206616,0.670278717506751,-0.3451512601546849,Pipeline/FoldPairs/2n54B_2hdmA/output_AF/AF3_treek100_top10/ShallowMsa_071/2hdmA/tmp_ShallowMsa_071__2hdmA_first/tmp_ShallowMsa_071__2hdmA_first_rank1_model.pdb,,0.05785742504189212
AF3_treek100_top10,AF3,ShallowMsa_072,2n54B,0.3368989675527532,0.821347574705689,-0.48444860715293575,Pipeline/FoldPairs/2n54B_2hdmA/output_AF/AF3_treek100_top10/ShallowMsa_072/2n54B/tmp_ShallowMsa_072__2n54B_first/tmp_ShallowMsa_072__2n54B_first_rank1_model.pdb,,-0.08143992195635874
AF3_treek100_top10,AF3,ShallowMsa_072,2hdmA,0.3368989675527532,0.821347574705689,-0.48444860715293575,Pipeline/FoldPairs/2n54B_2hdmA/output_AF/AF3_treek100_top10/ShallowMsa_072/2hdmA/tmp_ShallowMsa_072__2hdmA_first/tmp_ShallowMsa_072__2hdmA_first_rank1_model.pdb,,-0.08143992195635874
AF3_treek100_top10,AF3,ShallowMsa_073,2n54B,0.3364596798428451,0.8081958596943817,-0.4717361798515366,Pipeline/FoldPairs/2n54B_2hdmA/output_AF/AF3_treek100_top10/ShallowMsa_073/2n54B/tmp_ShallowMsa_073__2n54B_first/tmp_ShallowMsa_073__2n54B_first_rank1_model.pdb,,-0.06872749465495959
AF3_treek100_top10,AF3,ShallowMsa_073,2hdmA,0.3364596798428451,0.8081958596943817,-0.4717361798515366,Pipeline/FoldPairs/2n54B_2hdmA/output_AF/AF3_treek100_top10/ShallowMsa_073/2hdmA/tmp_ShallowMsa_073__2hdmA_first/tmp_ShallowMsa_073__2hdmA_first_rank1_model.pdb,,-0.06872749465495959
AF3_treek100_top10,AF3,ShallowMsa_074,2n54B,0.35941783500581204,0.7063255477633451,-0.34690771275753307,Pipeline/FoldPairs/2n54B_2hdmA/output_AF/AF3_treek100_top10/ShallowMsa_074/2n54B/tmp_ShallowMsa_074__2n54B_first/tmp_ShallowMsa_074__2n54B_first_rank1_model.pdb,,0.05610097243904394
AF3_treek100_top10,AF3,ShallowMsa_074,2hdmA,0.35941783500581204,0.7063255477633451,-0.34690771275753307,Pipeline/FoldPairs/2n54B_2hdmA/output_AF/AF3_treek100_top10/ShallowMsa_074/2hdmA/tmp_ShallowMsa_074__2hdmA_first/tmp_ShallowMsa_074__2hdmA_first_rank1_model.pdb,,0.05610097243904394
AF3_treek100_top10,AF3,ShallowMsa_075,2n54B,0.42415937919952756,0.3430350113544477,0.08112436784507987,Pipeline/FoldPairs/2n54B_2hdmA/output_AF/AF3_treek100_top10/ShallowMsa_075/2n54B/tmp_ShallowMsa_075__2n54B_first/tmp_ShallowMsa_075__2n54B_first_rank1_model.pdb,,0.4841330530416569
AF3_treek100_top10,AF3,ShallowMsa_075,2hdmA,0.42415937919952756,0.3430350113544477,0.08112436784507987,Pipeline/FoldPairs/2n54B_2hdmA/output_AF/AF3_treek100_top10/ShallowMsa_075/2hdmA/tmp_ShallowMsa_075__2hdmA_first/tmp_ShallowMsa_075__2hdmA_first_rank1_model.pdb,,0.4841330530416569
AF3_treek100_top10,AF3,ShallowMsa_076,2n54B,0.341221864858737,0.8115240731733924,-0.47030220831465536,Pipeline/FoldPairs/2n54B_2hdmA/output_AF/AF3_treek100_top10/ShallowMsa_076/2n54B/tmp_ShallowMsa_076__2n54B_first/tmp_ShallowMsa_076__2n54B_first_rank1_model.pdb,,-0.06729352311807835
AF3_treek100_top10,AF3,ShallowMsa_076,2hdmA,0.341221864858737,0.8115240731733924,-0.47030220831465536,Pipeline/FoldPairs/2n54B_2hdmA/output_AF/AF3_treek100_top10/ShallowMsa_076/2hdmA/tmp_ShallowMsa_076__2hdmA_first/tmp_ShallowMsa_076__2hdmA_first_rank1_model.pdb,,-0.06729352311807835
AF3_treek100_top10,AF3,ShallowMsa_077,2n54B,0.3461108176450426,0.8096737702711558,-0.46356295262611324,Pipeline/FoldPairs/2n54B_2hdmA/output_AF/AF3_treek100_top10/ShallowMsa_077/2n54B/tmp_ShallowMsa_077__2n54B_first/tmp_ShallowMsa_077__2n54B_first_rank1_model.pdb,,-0.060554267429536235
AF3_treek100_top10,AF3,ShallowMsa_077,2hdmA,0.3461108176450426,0.8096737702711558,-0.46356295262611324,Pipeline/FoldPairs/2n54B_2hdmA/output_AF/AF3_treek100_top10/ShallowMsa_077/2hdmA/tmp_ShallowMsa_077__2hdmA_first/tmp_ShallowMsa_077__2hdmA_first_rank1_model.pdb,,-0.060554267429536235
AF3_treek100_top10,AF3,ShallowMsa_078,2n54B,0.32637086442761587,0.34196279892497283,-0.015591934497356963,Pipeline/FoldPairs/2n54B_2hdmA/output_AF/AF3_treek100_top10/ShallowMsa_078/2n54B/tmp_ShallowMsa_078__2n54B_first/tmp_ShallowMsa_078__2n54B_first_rank1_model.pdb,,0.38741675069922005
AF3_treek100_top10,AF3,ShallowMsa_078,2hdmA,0.3263366999041324,0.3419946973796472,-0.01565799747551483,Pipeline/FoldPairs/2n54B_2hdmA/output_AF/AF3_treek100_top10/ShallowMsa_078/2hdmA/tmp_ShallowMsa_078__2hdmA_first/tmp_ShallowMsa_078__2hdmA_first_rank1_model.pdb,,0.3873506877210622
AF3_treek100_top10,AF3,ShallowMsa_079,2n54B,0.40430308906613194,0.5555971555063197,-0.15129406644018778,Pipeline/FoldPairs/2n54B_2hdmA/output_AF/AF3_treek100_top10/ShallowMsa_079/2n54B/tmp_ShallowMsa_079__2n54B_first/tmp_ShallowMsa_079__2n54B_first_rank1_model.pdb,,0.25171461875638923
AF3_treek100_top10,AF3,ShallowMsa_079,2hdmA,0.40430308906613194,0.5555971555063197,-0.15129406644018778,Pipeline/FoldPairs/2n54B_2hdmA/output_AF/AF3_treek100_top10/ShallowMsa_079/2hdmA/tmp_ShallowMsa_079__2hdmA_first/tmp_ShallowMsa_079__2hdmA_first_rank1_model.pdb,,0.25171461875638923
AF3_treek100_top10,AF3,ShallowMsa_080,2n54B,0.3618753004792184,0.8163471897653489,-0.4544718892861305,Pipeline/FoldPairs/2n54B_2hdmA/output_AF/AF3_treek100_top10/ShallowMsa_080/2n54B/tmp_ShallowMsa_080__2n54B_first/tmp_ShallowMsa_080__2n54B_first_rank1_model.pdb,,-0.051463204089553516
AF3_treek100_top10,AF3,ShallowMsa_080,2hdmA,0.3618753004792184,0.8163471897653489,-0.4544718892861305,Pipeline/FoldPairs/2n54B_2hdmA/output_AF/AF3_treek100_top10/ShallowMsa_080/2hdmA/tmp_ShallowMsa_080__2hdmA_first/tmp_ShallowMsa_080__2hdmA_first_rank1_model.pdb,,-0.051463204089553516
AF3_treek100_top10,AF3,ShallowMsa_081,2n54B,0.3456744204366284,0.8241245635404119,-0.4784501431037835,Pipeline/FoldPairs/2n54B_2hdmA/output_AF/AF3_treek100_top10/ShallowMsa_081/2n54B/tmp_ShallowMsa_081__2n54B_first/tmp_ShallowMsa_081__2n54B_first_rank1_model.pdb,,-0.07544145790720647
AF3_treek100_top10,AF3,ShallowMsa_081,2hdmA,0.3456744204366284,0.8241245635404119,-0.4784501431037835,Pipeline/FoldPairs/2n54B_2hdmA/output_AF/AF3_treek100_top10/ShallowMsa_081/2hdmA/tmp_ShallowMsa_081__2hdmA_first/tmp_ShallowMsa_081__2hdmA_first_rank1_model.pdb,,-0.07544145790720647
AF3_treek100_top10,AF3,ShallowMsa_082,2n54B,0.3949143710146219,0.7175391706294235,-0.3226247996148016,Pipeline/FoldPairs/2n54B_2hdmA/output_AF/AF3_treek100_top10/ShallowMsa_082/2n54B/tmp_ShallowMsa_082__2n54B_first/tmp_ShallowMsa_082__2n54B_first_rank1_model.pdb,,0.0803838855817754
AF3_treek100_top10,AF3,ShallowMsa_082,2hdmA,0.3949143710146219,0.7175391706294235,-0.3226247996148016,Pipeline/FoldPairs/2n54B_2hdmA/output_AF/AF3_treek100_top10/ShallowMsa_082/2hdmA/tmp_ShallowMsa_082__2hdmA_first/tmp_ShallowMsa_082__2hdmA_first_rank1_model.pdb,,0.0803838855817754
AF3_treek100_top10,AF3,ShallowMsa_084,2n54B,0.3202505877623406,0.7628332787914515,-0.44258269102911085,Pipeline/FoldPairs/2n54B_2hdmA/output_AF/AF3_treek100_top10/ShallowMsa_084/2n54B/tmp_ShallowMsa_084__2n54B_first/tmp_ShallowMsa_084__2n54B_first_rank1_model.pdb,,-0.03957400583253384
AF3_treek100_top10,AF3,ShallowMsa_084,2hdmA,0.3202505877623406,0.7628332787914515,-0.44258269102911085,Pipeline/FoldPairs/2n54B_2hdmA/output_AF/AF3_treek100_top10/ShallowMsa_084/2hdmA/tmp_ShallowMsa_084__2hdmA_first/tmp_ShallowMsa_084__2hdmA_first_rank1_model.pdb,,-0.03957400583253384
AF3_treek100_top10,AF3,ShallowMsa_085,2n54B,0.3476647165581821,0.8161879974976426,-0.4685232809394605,Pipeline/FoldPairs/2n54B_2hdmA/output_AF/AF3_treek100_top10/ShallowMsa_085/2n54B/tmp_ShallowMsa_085__2n54B_first/tmp_ShallowMsa_085__2n54B_first_rank1_model.pdb,,-0.06551459574288349
AF3_treek100_top10,AF3,ShallowMsa_085,2hdmA,0.3476647165581821,0.8161879974976426,-0.4685232809394605,Pipeline/FoldPairs/2n54B_2hdmA/output_AF/AF3_treek100_top10/ShallowMsa_085/2hdmA/tmp_ShallowMsa_085__2hdmA_first/tmp_ShallowMsa_085__2hdmA_first_rank1_model.pdb,,-0.06551459574288349
AF3_treek100_top10,AF3,ShallowMsa_086,2n54B,0.3419092750262611,0.7799003444977094,-0.4379910694714483,Pipeline/FoldPairs/2n54B_2hdmA/output_AF/AF3_treek100_top10/ShallowMsa_086/2n54B/tmp_ShallowMsa_086__2n54B_first/tmp_ShallowMsa_086__2n54B_first_rank1_model.pdb,,-0.03498238427487127
AF3_treek100_top10,AF3,ShallowMsa_086,2hdmA,0.3419092750262611,0.7799003444977094,-0.4379910694714483,Pipeline/FoldPairs/2n54B_2hdmA/output_AF/AF3_treek100_top10/ShallowMsa_086/2hdmA/tmp_ShallowMsa_086__2hdmA_first/tmp_ShallowMsa_086__2hdmA_first_rank1_model.pdb,,-0.03498238427487127
AF3_treek100_top10,AF3,ShallowMsa_087,2n54B,0.3332980528549482,0.7778458236281487,-0.4445477707732005,Pipeline/FoldPairs/2n54B_2hdmA/output_AF/AF3_treek100_top10/ShallowMsa_087/2n54B/tmp_ShallowMsa_087__2n54B_first/tmp_ShallowMsa_087__2n54B_first_rank1_model.pdb,,-0.0415390855766235
AF3_treek100_top10,AF3,ShallowMsa_087,2hdmA,0.3332980528549482,0.7778458236281487,-0.4445477707732005,Pipeline/FoldPairs/2n54B_2hdmA/output_AF/AF3_treek100_top10/ShallowMsa_087/2hdmA/tmp_ShallowMsa_087__2hdmA_first/tmp_ShallowMsa_087__2hdmA_first_rank1_model.pdb,,-0.0415390855766235
AF3_treek100_top10,AF3,ShallowMsa_088,2n54B,0.3420313142201446,0.6956837161475778,-0.35365240192743325,Pipeline/FoldPairs/2n54B_2hdmA/output_AF/AF3_treek100_top10/ShallowMsa_088/2n54B/tmp_ShallowMsa_088__2n54B_first/tmp_ShallowMsa_088__2n54B_first_rank1_model.pdb,,0.049356283269143764
AF3_treek100_top10,AF3,ShallowMsa_088,2hdmA,0.3420313142201446,0.6956837161475778,-0.35365240192743325,Pipeline/FoldPairs/2n54B_2hdmA/output_AF/AF3_treek100_top10/ShallowMsa_088/2hdmA/tmp_ShallowMsa_088__2hdmA_first/tmp_ShallowMsa_088__2hdmA_first_rank1_model.pdb,,0.049356283269143764
AF3_treek100_top10,AF3,ShallowMsa_089,2n54B,0.5393633933843874,0.29907393168217955,0.24028946170220788,Pipeline/FoldPairs/2n54B_2hdmA/output_AF/AF3_treek100_top10/ShallowMsa_089/2n54B/tmp_ShallowMsa_089__2n54B_first/tmp_ShallowMsa_089__2n54B_first_rank1_model.pdb,,0.6432981468987848
AF3_treek100_top10,AF3,ShallowMsa_089,2hdmA,0.5393633933843874,0.29907393168217955,0.24028946170220788,Pipeline/FoldPairs/2n54B_2hdmA/output_AF/AF3_treek100_top10/ShallowMsa_089/2hdmA/tmp_ShallowMsa_089__2hdmA_first/tmp_ShallowMsa_089__2hdmA_first_rank1_model.pdb,,0.6432981468987848
AF3_treek100_top10,AF3,ShallowMsa_090,2n54B,0.36445292676450636,0.6449262031545797,-0.28047327639007336,Pipeline/FoldPairs/2n54B_2hdmA/output_AF/AF3_treek100_top10/ShallowMsa_090/2n54B/tmp_ShallowMsa_090__2n54B_first/tmp_ShallowMsa_090__2n54B_first_rank1_model.pdb,,0.12253540880650365
AF3_treek100_top10,AF3,ShallowMsa_090,2hdmA,0.36445292676450636,0.6449262031545797,-0.28047327639007336,Pipeline/FoldPairs/2n54B_2hdmA/output_AF/AF3_treek100_top10/ShallowMsa_090/2hdmA/tmp_ShallowMsa_090__2hdmA_first/tmp_ShallowMsa_090__2hdmA_first_rank1_model.pdb,,0.12253540880650365
AF3_treek100_top10,AF3,ShallowMsa_091,2n54B,0.3663226243333619,0.7432871340944063,-0.3769645097610444,Pipeline/FoldPairs/2n54B_2hdmA/output_AF/AF3_treek100_top10/ShallowMsa_091/2n54B/tmp_ShallowMsa_091__2n54B_first/tmp_ShallowMsa_091__2n54B_first_rank1_model.pdb,,0.026044175435532613
AF3_treek100_top10,AF3,ShallowMsa_091,2hdmA,0.3663226243333619,0.7432871340944063,-0.3769645097610444,Pipeline/FoldPairs/2n54B_2hdmA/output_AF/AF3_treek100_top10/ShallowMsa_091/2hdmA/tmp_ShallowMsa_091__2hdmA_first/tmp_ShallowMsa_091__2hdmA_first_rank1_model.pdb,,0.026044175435532613
AF3_treek100_top10,AF3,ShallowMsa_092,2n54B,0.35439944474602464,0.8221636045047447,-0.46776415975872004,Pipeline/FoldPairs/2n54B_2hdmA/output_AF/AF3_treek100_top10/ShallowMsa_092/2n54B/tmp_ShallowMsa_092__2n54B_first/tmp_ShallowMsa_092__2n54B_first_rank1_model.pdb,,-0.06475547456214303
AF3_treek100_top10,AF3,ShallowMsa_092,2hdmA,0.35439944474602464,0.8221636045047447,-0.46776415975872004,Pipeline/FoldPairs/2n54B_2hdmA/output_AF/AF3_treek100_top10/ShallowMsa_092/2hdmA/tmp_ShallowMsa_092__2hdmA_first/tmp_ShallowMsa_092__2hdmA_first_rank1_model.pdb,,-0.06475547456214303
AF3_treek100_top10,AF3,ShallowMsa_093,2n54B,0.33329097029846794,0.6962242028546464,-0.36293323255617843,Pipeline/FoldPairs/2n54B_2hdmA/output_AF/AF3_treek100_top10/ShallowMsa_093/2n54B/tmp_ShallowMsa_093__2n54B_first/tmp_ShallowMsa_093__2n54B_first_rank1_model.pdb,,0.04007545264039858
AF3_treek100_top10,AF3,ShallowMsa_093,2hdmA,0.33329097029846794,0.6962242028546464,-0.36293323255617843,Pipeline/FoldPairs/2n54B_2hdmA/output_AF/AF3_treek100_top10/ShallowMsa_093/2hdmA/tmp_ShallowMsa_093__2hdmA_first/tmp_ShallowMsa_093__2hdmA_first_rank1_model.pdb,,0.04007545264039858
AF3_treek100_top10,AF3,ShallowMsa_094,2n54B,0.26505038420020044,0.3996593940485371,-0.13460900984833668,Pipeline/FoldPairs/2n54B_2hdmA/output_AF/AF3_treek100_top10/ShallowMsa_094/2n54B/tmp_ShallowMsa_094__2n54B_first/tmp_ShallowMsa_094__2n54B_first_rank1_model.pdb,,0.26839967534824033
AF3_treek100_top10,AF3,ShallowMsa_094,2hdmA,0.26505038420020044,0.3996593940485371,-0.13460900984833668,Pipeline/FoldPairs/2n54B_2hdmA/output_AF/AF3_treek100_top10/ShallowMsa_094/2hdmA/tmp_ShallowMsa_094__2hdmA_first/tmp_ShallowMsa_094__2hdmA_first_rank1_model.pdb,,0.26839967534824033
AF3_treek100_top10,AF3,ShallowMsa_095,2n54B,0.37720061733022303,0.7441779699975937,-0.36697735266737064,Pipeline/FoldPairs/2n54B_2hdmA/output_AF/AF3_treek100_top10/ShallowMsa_095/2n54B/tmp_ShallowMsa_095__2n54B_first/tmp_ShallowMsa_095__2n54B_first_rank1_model.pdb,,0.03603133252920637
AF3_treek100_top10,AF3,ShallowMsa_095,2hdmA,0.37720061733022303,0.7441779699975937,-0.36697735266737064,Pipeline/FoldPairs/2n54B_2hdmA/output_AF/AF3_treek100_top10/ShallowMsa_095/2hdmA/tmp_ShallowMsa_095__2hdmA_first/tmp_ShallowMsa_095__2hdmA_first_rank1_model.pdb,,0.03603133252920637
AF3_treek100_top10,AF3,ShallowMsa_096,2n54B,0.3461530034706471,0.6170745018830001,-0.27092149841235297,Pipeline/FoldPairs/2n54B_2hdmA/output_AF/AF3_treek100_top10/ShallowMsa_096/2n54B/tmp_ShallowMsa_096__2n54B_first/tmp_ShallowMsa_096__2n54B_first_rank1_model.pdb,,0.13208718678422404
AF3_treek100_top10,AF3,ShallowMsa_096,2hdmA,0.3461530034706471,0.6170745018830001,-0.27092149841235297,Pipeline/FoldPairs/2n54B_2hdmA/output_AF/AF3_treek100_top10/ShallowMsa_096/2hdmA/tmp_ShallowMsa_096__2hdmA_first/tmp_ShallowMsa_096__2hdmA_first_rank1_model.pdb,,0.13208718678422404
AF3_treek100_top10,AF3,ShallowMsa_097,2n54B,0.26836752917126405,0.30351183630763956,-0.03514430713637551,Pipeline/FoldPairs/2n54B_2hdmA/output_AF/AF3_treek100_top10/ShallowMsa_097/2n54B/tmp_ShallowMsa_097__2n54B_first/tmp_ShallowMsa_097__2n54B_first_rank1_model.pdb,,0.3678643780602015
AF3_treek100_top10,AF3,ShallowMsa_097,2hdmA,0.2686345581091228,0.3049371688190335,-0.0363026107099107,Pipeline/FoldPairs/2n54B_2hdmA/output_AF/AF3_treek100_top10/ShallowMsa_097/2hdmA/tmp_ShallowMsa_097__2hdmA_first/tmp_ShallowMsa_097__2hdmA_first_rank1_model.pdb,,0.3667060744866663
AF3_treek100_top10,AF3,ShallowMsa_098,2n54B,0.3374349955000928,0.6869951524036491,-0.34956015690355624,Pipeline/FoldPairs/2n54B_2hdmA/output_AF/AF3_treek100_top10/ShallowMsa_098/2n54B/tmp_ShallowMsa_098__2n54B_first/tmp_ShallowMsa_098__2n54B_first_rank1_model.pdb,,0.05344852829302077
AF3_treek100_top10,AF3,ShallowMsa_098,2hdmA,0.3374349955000928,0.6869951524036491,-0.34956015690355624,Pipeline/FoldPairs/2n54B_2hdmA/output_AF/AF3_treek100_top10/ShallowMsa_098/2hdmA/tmp_ShallowMsa_098__2hdmA_first/tmp_ShallowMsa_098__2hdmA_first_rank1_model.pdb,,0.05344852829302077
AF3_treek100_top10,AF3,ShallowMsa_099,2n54B,0.34659821517588013,0.795349929618885,-0.4487517144430048,Pipeline/FoldPairs/2n54B_2hdmA/output_AF/AF3_treek100_top10/ShallowMsa_099/2n54B/tmp_ShallowMsa_099__2n54B_first/tmp_ShallowMsa_099__2n54B_first_rank1_model.pdb,,-0.04574302924642781
AF3_treek100_top10,AF3,ShallowMsa_099,2hdmA,0.34659821517588013,0.795349929618885,-0.4487517144430048,Pipeline/FoldPairs/2n54B_2hdmA/output_AF/AF3_treek100_top10/ShallowMsa_099/2hdmA/tmp_ShallowMsa_099__2hdmA_first/tmp_ShallowMsa_099__2hdmA_first_rank1_model.pdb,,-0.04574302924642781
