mode,version,cluster,chain,TM_F1,TM_F2,TMdiff,pred_pdb,error,TMdiff_centered
AF2_treek100_full,AF2,ShallowMsa_000,5jytA,0.8042984567294033,0.5045094072542193,0.2997890494751839,Pipeline/FoldPairs/5jytA_2qkeE/output_AF/AF2_treek100_full/ShallowMsa_000/5jytA/tmp_ShallowMsa_000__5jytA_unrelaxed_rank_001_alphafold2_ptm_model_4_seed_000.pdb,,0.01223733890355605
AF2_treek100_full,AF2,ShallowMsa_000,2qkeE,0.8042984567294033,0.5045094072542193,0.2997890494751839,Pipeline/FoldPairs/5jytA_2qkeE/output_AF/AF2_treek100_full/ShallowMsa_000/2qkeE/tmp_ShallowMsa_000__2qkeE_unrelaxed_rank_001_alphafold2_ptm_model_4_seed_000.pdb,,0.011557021729708294
AF2_treek100_full,AF2,ShallowMsa_001,5jytA,0.7983579423688801,0.49826796583961913,0.300089976529261,Pipeline/FoldPairs/5jytA_2qkeE/output_AF/AF2_treek100_full/ShallowMsa_001/5jytA/tmp_ShallowMsa_001__5jytA_unrelaxed_rank_001_alphafold2_ptm_model_4_seed_000.pdb,,0.012538265957633132
AF2_treek100_full,AF2,ShallowMsa_001,2qkeE,0.7983579423688801,0.49826796583961913,0.300089976529261,Pipeline/FoldPairs/5jytA_2qkeE/output_AF/AF2_treek100_full/ShallowMsa_001/2qkeE/tmp_ShallowMsa_001__2qkeE_unrelaxed_rank_001_alphafold2_ptm_model_4_seed_000.pdb,,0.011857948783785377
AF2_treek100_full,AF2,ShallowMsa_002,5jytA,0.8119555390966204,0.4922838903104284,0.31967164878619203,Pipeline/FoldPairs/5jytA_2qkeE/output_AF/AF2_treek100_full/ShallowMsa_002/5jytA/tmp_ShallowMsa_002__5jytA_unrelaxed_rank_001_alphafold2_ptm_model_2_seed_000.pdb,,0.03211993821456416
AF2_treek100_full,AF2,ShallowMsa_002,2qkeE,0.8119555390966204,0.4922838903104284,0.31967164878619203,Pipeline/FoldPairs/5jytA_2qkeE/output_AF/AF2_treek100_full/ShallowMsa_002/2qkeE/tmp_ShallowMsa_002__2qkeE_unrelaxed_rank_001_alphafold2_ptm_model_2_seed_000.pdb,,0.0314396210407164
AF2_treek100_full,AF2,ShallowMsa_003,5jytA,0.7798587714138607,0.5090383932988556,0.27082037811500514,Pipeline/FoldPairs/5jytA_2qkeE/output_AF/AF2_treek100_full/ShallowMsa_003/5jytA/tmp_ShallowMsa_003__5jytA_unrelaxed_rank_001_alphafold2_ptm_model_4_seed_000.pdb,,-0.016731332456622727
AF2_treek100_full,AF2,ShallowMsa_003,2qkeE,0.7798587714138607,0.5090383932988556,0.27082037811500514,Pipeline/FoldPairs/5jytA_2qkeE/output_AF/AF2_treek100_full/ShallowMsa_003/2qkeE/tmp_ShallowMsa_003__2qkeE_unrelaxed_rank_001_alphafold2_ptm_model_4_seed_000.pdb,,-0.017411649630470483
AF2_treek100_full,AF2,ShallowMsa_004,5jytA,0.8081438071214115,0.5079944913342779,0.30014931578713366,Pipeline/FoldPairs/5jytA_2qkeE/output_AF/AF2_treek100_full/ShallowMsa_004/5jytA/tmp_ShallowMsa_004__5jytA_unrelaxed_rank_001_alphafold2_ptm_model_3_seed_000.pdb,,0.012597605215505792
AF2_treek100_full,AF2,ShallowMsa_004,2qkeE,0.8081438071214115,0.5079944913342779,0.30014931578713366,Pipeline/FoldPairs/5jytA_2qkeE/output_AF/AF2_treek100_full/ShallowMsa_004/2qkeE/tmp_ShallowMsa_004__2qkeE_unrelaxed_rank_001_alphafold2_ptm_model_3_seed_000.pdb,,0.011917288041658036
AF2_treek100_full,AF2,ShallowMsa_005,5jytA,0.7803438867643844,0.5158581137151869,0.2644857730491975,Pipeline/FoldPairs/5jytA_2qkeE/output_AF/AF2_treek100_full/ShallowMsa_005/5jytA/tmp_ShallowMsa_005__5jytA_unrelaxed_rank_001_alphafold2_ptm_model_4_seed_000.pdb,,-0.023065937522430358
AF2_treek100_full,AF2,ShallowMsa_005,2qkeE,0.7803438867643844,0.5158581137151869,0.2644857730491975,Pipeline/FoldPairs/5jytA_2qkeE/output_AF/AF2_treek100_full/ShallowMsa_005/2qkeE/tmp_ShallowMsa_005__2qkeE_unrelaxed_rank_001_alphafold2_ptm_model_4_seed_000.pdb,,-0.023746254696278113
AF2_treek100_full,AF2,ShallowMsa_006,5jytA,0.8029380496279714,0.5153863390563436,0.28755171057162787,Pipeline/FoldPairs/5jytA_2qkeE/output_AF/AF2_treek100_full/ShallowMsa_006/5jytA/tmp_ShallowMsa_006__5jytA_unrelaxed_rank_001_alphafold2_ptm_model_4_seed_000.pdb,,0.0
AF2_treek100_full,AF2,ShallowMsa_006,2qkeE,0.8029380496279714,0.5153863390563436,0.28755171057162787,Pipeline/FoldPairs/5jytA_2qkeE/output_AF/AF2_treek100_full/ShallowMsa_006/2qkeE/tmp_ShallowMsa_006__2qkeE_unrelaxed_rank_001_alphafold2_ptm_model_4_seed_000.pdb,,-0.0006803171738477554
AF2_treek100_full,AF2,ShallowMsa_007,5jytA,0.7829369614829026,0.49083689775998945,0.29210006372291314,Pipeline/FoldPairs/5jytA_2qkeE/output_AF/AF2_treek100_full/ShallowMsa_007/5jytA/tmp_ShallowMsa_007__5jytA_unrelaxed_rank_001_alphafold2_ptm_model_3_seed_000.pdb,,0.004548353151285267
AF2_treek100_full,AF2,ShallowMsa_007,2qkeE,0.7829369614829026,0.49083689775998945,0.29210006372291314,Pipeline/FoldPairs/5jytA_2qkeE/output_AF/AF2_treek100_full/ShallowMsa_007/2qkeE/tmp_ShallowMsa_007__2qkeE_unrelaxed_rank_001_alphafold2_ptm_model_3_seed_000.pdb,,0.0038680359774375117
AF2_treek100_full,AF2,ShallowMsa_008,5jytA,0.7368331163443219,0.5659733031607564,0.17085981318356547,Pipeline/FoldPairs/5jytA_2qkeE/output_AF/AF2_treek100_full/ShallowMsa_008/5jytA/tmp_ShallowMsa_008__5jytA_unrelaxed_rank_001_alphafold2_ptm_model_4_seed_000.pdb,,-0.1166918973880624
AF2_treek100_full,AF2,ShallowMsa_008,2qkeE,0.7368331163443219,0.5659733031607564,0.17085981318356547,Pipeline/FoldPairs/5jytA_2qkeE/output_AF/AF2_treek100_full/ShallowMsa_008/2qkeE/tmp_ShallowMsa_008__2qkeE_unrelaxed_rank_001_alphafold2_ptm_model_4_seed_000.pdb,,-0.11737221456191016
AF2_treek100_full,AF2,ShallowMsa_009,5jytA,0.7923409012327103,0.5103578534481686,0.28198304778454164,Pipeline/FoldPairs/5jytA_2qkeE/output_AF/AF2_treek100_full/ShallowMsa_009/5jytA/tmp_ShallowMsa_009__5jytA_unrelaxed_rank_001_alphafold2_ptm_model_4_seed_000.pdb,,-0.0055686627870862315
AF2_treek100_full,AF2,ShallowMsa_009,2qkeE,0.7923409012327103,0.5103578534481686,0.28198304778454164,Pipeline/FoldPairs/5jytA_2qkeE/output_AF/AF2_treek100_full/ShallowMsa_009/2qkeE/tmp_ShallowMsa_009__2qkeE_unrelaxed_rank_001_alphafold2_ptm_model_4_seed_000.pdb,,-0.006248979960933987
AF2_treek100_full,AF2,ShallowMsa_010,5jytA,0.7895068060101987,0.5042874752558482,0.2852193307543506,Pipeline/FoldPairs/5jytA_2qkeE/output_AF/AF2_treek100_full/ShallowMsa_010/5jytA/tmp_ShallowMsa_010__5jytA_unrelaxed_rank_001_alphafold2_ptm_model_4_seed_000.pdb,,-0.002332379817277297
AF2_treek100_full,AF2,ShallowMsa_010,2qkeE,0.7895068060101987,0.5042874752558482,0.2852193307543506,Pipeline/FoldPairs/5jytA_2qkeE/output_AF/AF2_treek100_full/ShallowMsa_010/2qkeE/tmp_ShallowMsa_010__2qkeE_unrelaxed_rank_001_alphafold2_ptm_model_4_seed_000.pdb,,-0.0030126969911250523
AF2_treek100_full,AF2,ShallowMsa_011,5jytA,0.7758151974696779,0.49797374250519943,0.27784145496447843,Pipeline/FoldPairs/5jytA_2qkeE/output_AF/AF2_treek100_full/ShallowMsa_011/5jytA/tmp_ShallowMsa_011__5jytA_unrelaxed_rank_001_alphafold2_ptm_model_5_seed_000.pdb,,-0.009710255607149443
AF2_treek100_full,AF2,ShallowMsa_011,2qkeE,0.7758151974696779,0.49797374250519943,0.27784145496447843,Pipeline/FoldPairs/5jytA_2qkeE/output_AF/AF2_treek100_full/ShallowMsa_011/2qkeE/tmp_ShallowMsa_011__2qkeE_unrelaxed_rank_001_alphafold2_ptm_model_5_seed_000.pdb,,-0.010390572780997198
AF2_treek100_full,AF2,ShallowMsa_012,5jytA,0.8040160024009263,0.5157839746554507,0.2882320277454756,Pipeline/FoldPairs/5jytA_2qkeE/output_AF/AF2_treek100_full/ShallowMsa_012/5jytA/tmp_ShallowMsa_012__5jytA_unrelaxed_rank_001_alphafold2_ptm_model_4_seed_000.pdb,,0.0006803171738477554
AF2_treek100_full,AF2,ShallowMsa_012,2qkeE,0.8040160024009263,0.5157839746554507,0.2882320277454756,Pipeline/FoldPairs/5jytA_2qkeE/output_AF/AF2_treek100_full/ShallowMsa_012/2qkeE/tmp_ShallowMsa_012__2qkeE_unrelaxed_rank_001_alphafold2_ptm_model_4_seed_000.pdb,,0.0
AF2_treek100_full,AF2,ShallowMsa_013,5jytA,0.8241974719412355,0.5051276917756762,0.3190697801655593,Pipeline/FoldPairs/5jytA_2qkeE/output_AF/AF2_treek100_full/ShallowMsa_013/5jytA/tmp_ShallowMsa_013__5jytA_unrelaxed_rank_001_alphafold2_ptm_model_4_seed_000.pdb,,0.03151806959393144
AF2_treek100_full,AF2,ShallowMsa_013,2qkeE,0.8241974719412355,0.5051276917756762,0.3190697801655593,Pipeline/FoldPairs/5jytA_2qkeE/output_AF/AF2_treek100_full/ShallowMsa_013/2qkeE/tmp_ShallowMsa_013__2qkeE_unrelaxed_rank_001_alphafold2_ptm_model_4_seed_000.pdb,,0.030837752420083686
AF2_treek100_full,AF2,ShallowMsa_014,5jytA,0.8151736262576244,0.5199489302434124,0.295224696014212,Pipeline/FoldPairs/5jytA_2qkeE/output_AF/AF2_treek100_full/ShallowMsa_014/5jytA/tmp_ShallowMsa_014__5jytA_unrelaxed_rank_001_alphafold2_ptm_model_4_seed_000.pdb,,0.0076729854425841015
AF2_treek100_full,AF2,ShallowMsa_014,2qkeE,0.8151736262576244,0.5199489302434124,0.295224696014212,Pipeline/FoldPairs/5jytA_2qkeE/output_AF/AF2_treek100_full/ShallowMsa_014/2qkeE/tmp_ShallowMsa_014__2qkeE_unrelaxed_rank_001_alphafold2_ptm_model_4_seed_000.pdb,,0.006992668268736346
AF2_treek100_full,AF2,ShallowMsa_015,5jytA,0.7948324559003902,0.4671084259385456,0.3277240299618446,Pipeline/FoldPairs/5jytA_2qkeE/output_AF/AF2_treek100_full/ShallowMsa_015/5jytA/tmp_ShallowMsa_015__5jytA_unrelaxed_rank_001_alphafold2_ptm_model_5_seed_000.pdb,,0.040172319390216704
AF2_treek100_full,AF2,ShallowMsa_015,2qkeE,0.7948324559003902,0.4671084259385456,0.3277240299618446,Pipeline/FoldPairs/5jytA_2qkeE/output_AF/AF2_treek100_full/ShallowMsa_015/2qkeE/tmp_ShallowMsa_015__2qkeE_unrelaxed_rank_001_alphafold2_ptm_model_5_seed_000.pdb,,0.03949200221636895
AF2_treek100_full,AF2,ShallowMsa_016,5jytA,0.8371542221915176,0.5271060117705529,0.31004821042096464,Pipeline/FoldPairs/5jytA_2qkeE/output_AF/AF2_treek100_full/ShallowMsa_016/5jytA/tmp_ShallowMsa_016__5jytA_unrelaxed_rank_001_alphafold2_ptm_model_4_seed_000.pdb,,0.02249649984933677
AF2_treek100_full,AF2,ShallowMsa_016,2qkeE,0.8371542221915176,0.5271060117705529,0.31004821042096464,Pipeline/FoldPairs/5jytA_2qkeE/output_AF/AF2_treek100_full/ShallowMsa_016/2qkeE/tmp_ShallowMsa_016__2qkeE_unrelaxed_rank_001_alphafold2_ptm_model_4_seed_000.pdb,,0.021816182675489015
AF2_treek100_full,AF2,ShallowMsa_017,5jytA,0.7511456983817796,0.5525381181322837,0.19860758024949587,Pipeline/FoldPairs/5jytA_2qkeE/output_AF/AF2_treek100_full/ShallowMsa_017/5jytA/tmp_ShallowMsa_017__5jytA_unrelaxed_rank_001_alphafold2_ptm_model_3_seed_000.pdb,,-0.088944130322132
AF2_treek100_full,AF2,ShallowMsa_017,2qkeE,0.7511456983817796,0.5525381181322837,0.19860758024949587,Pipeline/FoldPairs/5jytA_2qkeE/output_AF/AF2_treek100_full/ShallowMsa_017/2qkeE/tmp_ShallowMsa_017__2qkeE_unrelaxed_rank_001_alphafold2_ptm_model_3_seed_000.pdb,,-0.08962444749597975
AF2_treek100_full,AF2,ShallowMsa_018,5jytA,0.7575633734615347,0.523839146585221,0.23372422687631367,Pipeline/FoldPairs/5jytA_2qkeE/output_AF/AF2_treek100_full/ShallowMsa_018/5jytA/tmp_ShallowMsa_018__5jytA_unrelaxed_rank_001_alphafold2_ptm_model_4_seed_000.pdb,,-0.053827483695314204
AF2_treek100_full,AF2,ShallowMsa_018,2qkeE,0.7575633734615347,0.523839146585221,0.23372422687631367,Pipeline/FoldPairs/5jytA_2qkeE/output_AF/AF2_treek100_full/ShallowMsa_018/2qkeE/tmp_ShallowMsa_018__2qkeE_unrelaxed_rank_001_alphafold2_ptm_model_4_seed_000.pdb,,-0.05450780086916196
AF2_treek100_full,AF2,ShallowMsa_019,5jytA,0.7818402623553091,0.49800610785719746,0.28383415449811167,Pipeline/FoldPairs/5jytA_2qkeE/output_AF/AF2_treek100_full/ShallowMsa_019/5jytA/tmp_ShallowMsa_019__5jytA_unrelaxed_rank_001_alphafold2_ptm_model_5_seed_000.pdb,,-0.003717556073516204
AF2_treek100_full,AF2,ShallowMsa_019,2qkeE,0.7818402623553091,0.49800610785719746,0.28383415449811167,Pipeline/FoldPairs/5jytA_2qkeE/output_AF/AF2_treek100_full/ShallowMsa_019/2qkeE/tmp_ShallowMsa_019__2qkeE_unrelaxed_rank_001_alphafold2_ptm_model_5_seed_000.pdb,,-0.004397873247363959
AF2_treek100_full,AF2,ShallowMsa_020,5jytA,0.8036261129143589,0.5096689680513903,0.29395714486296864,Pipeline/FoldPairs/5jytA_2qkeE/output_AF/AF2_treek100_full/ShallowMsa_020/5jytA/tmp_ShallowMsa_020__5jytA_unrelaxed_rank_001_alphafold2_ptm_model_1_seed_000.pdb,,0.0064054342913407725
AF2_treek100_full,AF2,ShallowMsa_020,2qkeE,0.8036261129143589,0.5096689680513903,0.29395714486296864,Pipeline/FoldPairs/5jytA_2qkeE/output_AF/AF2_treek100_full/ShallowMsa_020/2qkeE/tmp_ShallowMsa_020__2qkeE_unrelaxed_rank_001_alphafold2_ptm_model_1_seed_000.pdb,,0.005725117117493017
AF2_treek100_full,AF2,ShallowMsa_021,5jytA,0.8055960495657067,0.495989633869036,0.30960641569667074,Pipeline/FoldPairs/5jytA_2qkeE/output_AF/AF2_treek100_full/ShallowMsa_021/5jytA/tmp_ShallowMsa_021__5jytA_unrelaxed_rank_001_alphafold2_ptm_model_4_seed_000.pdb,,0.022054705125042873
AF2_treek100_full,AF2,ShallowMsa_021,2qkeE,0.8055960495657067,0.495989633869036,0.30960641569667074,Pipeline/FoldPairs/5jytA_2qkeE/output_AF/AF2_treek100_full/ShallowMsa_021/2qkeE/tmp_ShallowMsa_021__2qkeE_unrelaxed_rank_001_alphafold2_ptm_model_4_seed_000.pdb,,0.021374387951195117
AF2_treek100_full,AF2,ShallowMsa_022,5jytA,0.6769746799810588,0.568026924823198,0.1089477551578607,Pipeline/FoldPairs/5jytA_2qkeE/output_AF/AF2_treek100_full/ShallowMsa_022/5jytA/tmp_ShallowMsa_022__5jytA_unrelaxed_rank_001_alphafold2_ptm_model_3_seed_000.pdb,,-0.17860395541376717
AF2_treek100_full,AF2,ShallowMsa_022,2qkeE,0.6769746799810588,0.568026924823198,0.1089477551578607,Pipeline/FoldPairs/5jytA_2qkeE/output_AF/AF2_treek100_full/ShallowMsa_022/2qkeE/tmp_ShallowMsa_022__2qkeE_unrelaxed_rank_001_alphafold2_ptm_model_3_seed_000.pdb,,-0.17928427258761492
AF2_treek100_full,AF2,ShallowMsa_023,5jytA,0.8322599765392046,0.486654161402549,0.34560581513665556,Pipeline/FoldPairs/5jytA_2qkeE/output_AF/AF2_treek100_full/ShallowMsa_023/5jytA/tmp_ShallowMsa_023__5jytA_unrelaxed_rank_001_alphafold2_ptm_model_5_seed_000.pdb,,0.05805410456502769
AF2_treek100_full,AF2,ShallowMsa_023,2qkeE,0.8322599765392046,0.486654161402549,0.34560581513665556,Pipeline/FoldPairs/5jytA_2qkeE/output_AF/AF2_treek100_full/ShallowMsa_023/2qkeE/tmp_ShallowMsa_023__2qkeE_unrelaxed_rank_001_alphafold2_ptm_model_5_seed_000.pdb,,0.05737378739117993
AF2_treek100_full,AF2,ShallowMsa_024,5jytA,0.7869035804237808,0.5093436741300978,0.277559906293683,Pipeline/FoldPairs/5jytA_2qkeE/output_AF/AF2_treek100_full/ShallowMsa_024/5jytA/tmp_ShallowMsa_024__5jytA_unrelaxed_rank_001_alphafold2_ptm_model_5_seed_000.pdb,,-0.009991804277944882
AF2_treek100_full,AF2,ShallowMsa_024,2qkeE,0.7869035804237808,0.5093436741300978,0.277559906293683,Pipeline/FoldPairs/5jytA_2qkeE/output_AF/AF2_treek100_full/ShallowMsa_024/2qkeE/tmp_ShallowMsa_024__2qkeE_unrelaxed_rank_001_alphafold2_ptm_model_5_seed_000.pdb,,-0.010672121451792638
AF2_treek100_full,AF2,ShallowMsa_025,5jytA,0.7607095360267446,0.5337383174722855,0.22697121855445912,Pipeline/FoldPairs/5jytA_2qkeE/output_AF/AF2_treek100_full/ShallowMsa_025/5jytA/tmp_ShallowMsa_025__5jytA_unrelaxed_rank_001_alphafold2_ptm_model_4_seed_000.pdb,,-0.06058049201716875
AF2_treek100_full,AF2,ShallowMsa_025,2qkeE,0.7607095360267446,0.5337383174722855,0.22697121855445912,Pipeline/FoldPairs/5jytA_2qkeE/output_AF/AF2_treek100_full/ShallowMsa_025/2qkeE/tmp_ShallowMsa_025__2qkeE_unrelaxed_rank_001_alphafold2_ptm_model_4_seed_000.pdb,,-0.06126080919101651
AF2_treek100_full,AF2,ShallowMsa_026,5jytA,0.6936869438878043,0.5701031765577774,0.12358376733002685,Pipeline/FoldPairs/5jytA_2qkeE/output_AF/AF2_treek100_full/ShallowMsa_026/5jytA/tmp_ShallowMsa_026__5jytA_unrelaxed_rank_001_alphafold2_ptm_model_2_seed_000.pdb,,-0.16396794324160102
AF2_treek100_full,AF2,ShallowMsa_026,2qkeE,0.6936869438878043,0.5701031765577774,0.12358376733002685,Pipeline/FoldPairs/5jytA_2qkeE/output_AF/AF2_treek100_full/ShallowMsa_026/2qkeE/tmp_ShallowMsa_026__2qkeE_unrelaxed_rank_001_alphafold2_ptm_model_2_seed_000.pdb,,-0.16464826041544878
AF2_treek100_full,AF2,ShallowMsa_027,5jytA,0.8157673457745872,0.5019764930223284,0.3137908527522588,Pipeline/FoldPairs/5jytA_2qkeE/output_AF/AF2_treek100_full/ShallowMsa_027/5jytA/tmp_ShallowMsa_027__5jytA_unrelaxed_rank_001_alphafold2_ptm_model_2_seed_000.pdb,,0.026239142180630948
AF2_treek100_full,AF2,ShallowMsa_027,2qkeE,0.8157673457745872,0.5019764930223284,0.3137908527522588,Pipeline/FoldPairs/5jytA_2qkeE/output_AF/AF2_treek100_full/ShallowMsa_027/2qkeE/tmp_ShallowMsa_027__2qkeE_unrelaxed_rank_001_alphafold2_ptm_model_2_seed_000.pdb,,0.025558825006783192
AF2_treek100_full,AF2,ShallowMsa_028,5jytA,0.8305974493643974,0.5185585576263866,0.3120388917380108,Pipeline/FoldPairs/5jytA_2qkeE/output_AF/AF2_treek100_full/ShallowMsa_028/5jytA/tmp_ShallowMsa_028__5jytA_unrelaxed_rank_001_alphafold2_ptm_model_5_seed_000.pdb,,0.024487181166382932
AF2_treek100_full,AF2,ShallowMsa_028,2qkeE,0.8305974493643974,0.5185585576263866,0.3120388917380108,Pipeline/FoldPairs/5jytA_2qkeE/output_AF/AF2_treek100_full/ShallowMsa_028/2qkeE/tmp_ShallowMsa_028__2qkeE_unrelaxed_rank_001_alphafold2_ptm_model_5_seed_000.pdb,,0.023806863992535177
AF2_treek100_full,AF2,ShallowMsa_029,5jytA,0.7250683322223119,0.49049100621129815,0.23457732601101378,Pipeline/FoldPairs/5jytA_2qkeE/output_AF/AF2_treek100_full/ShallowMsa_029/5jytA/tmp_ShallowMsa_029__5jytA_unrelaxed_rank_001_alphafold2_ptm_model_3_seed_000.pdb,,-0.052974384560614096
AF2_treek100_full,AF2,ShallowMsa_029,2qkeE,0.7250683322223119,0.49049100621129815,0.23457732601101378,Pipeline/FoldPairs/5jytA_2qkeE/output_AF/AF2_treek100_full/ShallowMsa_029/2qkeE/tmp_ShallowMsa_029__2qkeE_unrelaxed_rank_001_alphafold2_ptm_model_3_seed_000.pdb,,-0.05365470173446185
AF2_treek100_full,AF2,ShallowMsa_030,5jytA,0.7659670120426478,0.49995619797739305,0.2660108140652548,Pipeline/FoldPairs/5jytA_2qkeE/output_AF/AF2_treek100_full/ShallowMsa_030/5jytA/tmp_ShallowMsa_030__5jytA_unrelaxed_rank_001_alphafold2_ptm_model_4_seed_000.pdb,,-0.021540896506373086
AF2_treek100_full,AF2,ShallowMsa_030,2qkeE,0.7659670120426478,0.49995619797739305,0.2660108140652548,Pipeline/FoldPairs/5jytA_2qkeE/output_AF/AF2_treek100_full/ShallowMsa_030/2qkeE/tmp_ShallowMsa_030__2qkeE_unrelaxed_rank_001_alphafold2_ptm_model_4_seed_000.pdb,,-0.02222121368022084
AF2_treek100_full,AF2,ShallowMsa_031,5jytA,0.7966556073703959,0.4941590873501623,0.3024965200202336,Pipeline/FoldPairs/5jytA_2qkeE/output_AF/AF2_treek100_full/ShallowMsa_031/5jytA/tmp_ShallowMsa_031__5jytA_unrelaxed_rank_001_alphafold2_ptm_model_5_seed_000.pdb,,0.014944809448605711
AF2_treek100_full,AF2,ShallowMsa_031,2qkeE,0.7966556073703959,0.4941590873501623,0.3024965200202336,Pipeline/FoldPairs/5jytA_2qkeE/output_AF/AF2_treek100_full/ShallowMsa_031/2qkeE/tmp_ShallowMsa_031__2qkeE_unrelaxed_rank_001_alphafold2_ptm_model_5_seed_000.pdb,,0.014264492274757956
AF2_treek100_full,AF2,ShallowMsa_032,5jytA,0.8124720343915438,0.5022953648898947,0.3101766695016491,Pipeline/FoldPairs/5jytA_2qkeE/output_AF/AF2_treek100_full/ShallowMsa_032/5jytA/tmp_ShallowMsa_032__5jytA_unrelaxed_rank_001_alphafold2_ptm_model_4_seed_000.pdb,,0.022624958930021255
AF2_treek100_full,AF2,ShallowMsa_032,2qkeE,0.8124720343915438,0.5022953648898947,0.3101766695016491,Pipeline/FoldPairs/5jytA_2qkeE/output_AF/AF2_treek100_full/ShallowMsa_032/2qkeE/tmp_ShallowMsa_032__2qkeE_unrelaxed_rank_001_alphafold2_ptm_model_4_seed_000.pdb,,0.0219446417561735
AF2_treek100_full,AF2,ShallowMsa_033,5jytA,0.8158664080248409,0.5121804112366042,0.3036859967882367,Pipeline/FoldPairs/5jytA_2qkeE/output_AF/AF2_treek100_full/ShallowMsa_033/5jytA/tmp_ShallowMsa_033__5jytA_unrelaxed_rank_001_alphafold2_ptm_model_4_seed_000.pdb,,0.01613428621660884
AF2_treek100_full,AF2,ShallowMsa_033,2qkeE,0.8158664080248409,0.5121804112366042,0.3036859967882367,Pipeline/FoldPairs/5jytA_2qkeE/output_AF/AF2_treek100_full/ShallowMsa_033/2qkeE/tmp_ShallowMsa_033__2qkeE_unrelaxed_rank_001_alphafold2_ptm_model_4_seed_000.pdb,,0.015453969042761084
AF2_treek100_full,AF2,ShallowMsa_034,5jytA,0.7811380460386947,0.4993364920016699,0.28180155403702484,Pipeline/FoldPairs/5jytA_2qkeE/output_AF/AF2_treek100_full/ShallowMsa_034/5jytA/tmp_ShallowMsa_034__5jytA_unrelaxed_rank_001_alphafold2_ptm_model_4_seed_000.pdb,,-0.005750156534603035
AF2_treek100_full,AF2,ShallowMsa_034,2qkeE,0.7811380460386947,0.4993364920016699,0.28180155403702484,Pipeline/FoldPairs/5jytA_2qkeE/output_AF/AF2_treek100_full/ShallowMsa_034/2qkeE/tmp_ShallowMsa_034__2qkeE_unrelaxed_rank_001_alphafold2_ptm_model_4_seed_000.pdb,,-0.00643047370845079
AF2_treek100_full,AF2,ShallowMsa_035,5jytA,0.7554699317519734,0.5214364049084982,0.23403352684347523,Pipeline/FoldPairs/5jytA_2qkeE/output_AF/AF2_treek100_full/ShallowMsa_035/5jytA/tmp_ShallowMsa_035__5jytA_unrelaxed_rank_001_alphafold2_ptm_model_5_seed_000.pdb,,-0.053518183728152646
AF2_treek100_full,AF2,ShallowMsa_035,2qkeE,0.7554699317519734,0.5214364049084982,0.23403352684347523,Pipeline/FoldPairs/5jytA_2qkeE/output_AF/AF2_treek100_full/ShallowMsa_035/2qkeE/tmp_ShallowMsa_035__2qkeE_unrelaxed_rank_001_alphafold2_ptm_model_5_seed_000.pdb,,-0.0541985009020004
AF2_treek100_full,AF2,ShallowMsa_036,5jytA,0.830284856961103,0.482838122816054,0.347446734145049,Pipeline/FoldPairs/5jytA_2qkeE/output_AF/AF2_treek100_full/ShallowMsa_036/5jytA/tmp_ShallowMsa_036__5jytA_unrelaxed_rank_001_alphafold2_ptm_model_4_seed_000.pdb,,0.059895023573421136
AF2_treek100_full,AF2,ShallowMsa_036,2qkeE,0.830284856961103,0.482838122816054,0.347446734145049,Pipeline/FoldPairs/5jytA_2qkeE/output_AF/AF2_treek100_full/ShallowMsa_036/2qkeE/tmp_ShallowMsa_036__2qkeE_unrelaxed_rank_001_alphafold2_ptm_model_4_seed_000.pdb,,0.05921470639957338
AF2_treek100_full,AF2,ShallowMsa_037,5jytA,0.8112754719254138,0.5315285500483642,0.27974692187704964,Pipeline/FoldPairs/5jytA_2qkeE/output_AF/AF2_treek100_full/ShallowMsa_037/5jytA/tmp_ShallowMsa_037__5jytA_unrelaxed_rank_001_alphafold2_ptm_model_3_seed_000.pdb,,-0.007804788694578235
AF2_treek100_full,AF2,ShallowMsa_037,2qkeE,0.8112754719254138,0.5315285500483642,0.27974692187704964,Pipeline/FoldPairs/5jytA_2qkeE/output_AF/AF2_treek100_full/ShallowMsa_037/2qkeE/tmp_ShallowMsa_037__2qkeE_unrelaxed_rank_001_alphafold2_ptm_model_3_seed_000.pdb,,-0.00848510586842599
AF2_treek100_full,AF2,ShallowMsa_038,5jytA,0.7878751382246717,0.5012744298369987,0.28660070838767304,Pipeline/FoldPairs/5jytA_2qkeE/output_AF/AF2_treek100_full/ShallowMsa_038/5jytA/tmp_ShallowMsa_038__5jytA_unrelaxed_rank_001_alphafold2_ptm_model_3_seed_000.pdb,,-0.0009510021839548299
AF2_treek100_full,AF2,ShallowMsa_038,2qkeE,0.7878751382246717,0.5012744298369987,0.28660070838767304,Pipeline/FoldPairs/5jytA_2qkeE/output_AF/AF2_treek100_full/ShallowMsa_038/2qkeE/tmp_ShallowMsa_038__2qkeE_unrelaxed_rank_001_alphafold2_ptm_model_3_seed_000.pdb,,-0.0016313193578025853
AF2_treek100_full,AF2,ShallowMsa_039,5jytA,0.7585782828245587,0.5151929012784591,0.24338538154609968,Pipeline/FoldPairs/5jytA_2qkeE/output_AF/AF2_treek100_full/ShallowMsa_039/5jytA/tmp_ShallowMsa_039__5jytA_unrelaxed_rank_001_alphafold2_ptm_model_3_seed_000.pdb,,-0.044166329025528195
AF2_treek100_full,AF2,ShallowMsa_039,2qkeE,0.7585782828245587,0.5151929012784591,0.24338538154609968,Pipeline/FoldPairs/5jytA_2qkeE/output_AF/AF2_treek100_full/ShallowMsa_039/2qkeE/tmp_ShallowMsa_039__2qkeE_unrelaxed_rank_001_alphafold2_ptm_model_3_seed_000.pdb,,-0.04484664619937595
AF2_treek100_full,AF2,ShallowMsa_040,5jytA,0.8322453686278847,0.49252944734296356,0.3397159212849211,Pipeline/FoldPairs/5jytA_2qkeE/output_AF/AF2_treek100_full/ShallowMsa_040/5jytA/tmp_ShallowMsa_040__5jytA_unrelaxed_rank_001_alphafold2_ptm_model_4_seed_000.pdb,,0.052164210713293246
AF2_treek100_full,AF2,ShallowMsa_040,2qkeE,0.8322453686278847,0.49252944734296356,0.3397159212849211,Pipeline/FoldPairs/5jytA_2qkeE/output_AF/AF2_treek100_full/ShallowMsa_040/2qkeE/tmp_ShallowMsa_040__2qkeE_unrelaxed_rank_001_alphafold2_ptm_model_4_seed_000.pdb,,0.05148389353944549
AF2_treek100_full,AF2,ShallowMsa_041,5jytA,0.7385152301976664,0.5448143695704176,0.19370086062724878,Pipeline/FoldPairs/5jytA_2qkeE/output_AF/AF2_treek100_full/ShallowMsa_041/5jytA/tmp_ShallowMsa_041__5jytA_unrelaxed_rank_001_alphafold2_ptm_model_2_seed_000.pdb,,-0.09385084994437909
AF2_treek100_full,AF2,ShallowMsa_041,2qkeE,0.7385152301976664,0.5448143695704176,0.19370086062724878,Pipeline/FoldPairs/5jytA_2qkeE/output_AF/AF2_treek100_full/ShallowMsa_041/2qkeE/tmp_ShallowMsa_041__2qkeE_unrelaxed_rank_001_alphafold2_ptm_model_2_seed_000.pdb,,-0.09453116711822684
AF2_treek100_full,AF2,ShallowMsa_042,5jytA,0.8054880435489388,0.5167846698403461,0.28870337370859267,Pipeline/FoldPairs/5jytA_2qkeE/output_AF/AF2_treek100_full/ShallowMsa_042/5jytA/tmp_ShallowMsa_042__5jytA_unrelaxed_rank_001_alphafold2_ptm_model_3_seed_000.pdb,,0.0011516631369647978
AF2_treek100_full,AF2,ShallowMsa_042,2qkeE,0.8054880435489388,0.5167846698403461,0.28870337370859267,Pipeline/FoldPairs/5jytA_2qkeE/output_AF/AF2_treek100_full/ShallowMsa_042/2qkeE/tmp_ShallowMsa_042__2qkeE_unrelaxed_rank_001_alphafold2_ptm_model_3_seed_000.pdb,,0.00047134596311704247
AF2_treek100_full,AF2,ShallowMsa_043,5jytA,0.749725308930528,0.5663683932023642,0.18335691572816382,Pipeline/FoldPairs/5jytA_2qkeE/output_AF/AF2_treek100_full/ShallowMsa_043/5jytA/tmp_ShallowMsa_043__5jytA_unrelaxed_rank_001_alphafold2_ptm_model_3_seed_000.pdb,,-0.10419479484346406
AF2_treek100_full,AF2,ShallowMsa_043,2qkeE,0.749725308930528,0.5663683932023642,0.18335691572816382,Pipeline/FoldPairs/5jytA_2qkeE/output_AF/AF2_treek100_full/ShallowMsa_043/2qkeE/tmp_ShallowMsa_043__2qkeE_unrelaxed_rank_001_alphafold2_ptm_model_3_seed_000.pdb,,-0.10487511201731181
AF2_treek100_full,AF2,ShallowMsa_044,5jytA,0.8088866159031569,0.49410557868138305,0.31478103722177386,Pipeline/FoldPairs/5jytA_2qkeE/output_AF/AF2_treek100_full/ShallowMsa_044/5jytA/tmp_ShallowMsa_044__5jytA_unrelaxed_rank_001_alphafold2_ptm_model_1_seed_000.pdb,,0.02722932665014599
AF2_treek100_full,AF2,ShallowMsa_044,2qkeE,0.8088866159031569,0.49410557868138305,0.31478103722177386,Pipeline/FoldPairs/5jytA_2qkeE/output_AF/AF2_treek100_full/ShallowMsa_044/2qkeE/tmp_ShallowMsa_044__2qkeE_unrelaxed_rank_001_alphafold2_ptm_model_1_seed_000.pdb,,0.026549009476298235
AF2_treek100_full,AF2,ShallowMsa_045,5jytA,0.828593431411637,0.4952773938199012,0.3333160375917358,Pipeline/FoldPairs/5jytA_2qkeE/output_AF/AF2_treek100_full/ShallowMsa_045/5jytA/tmp_ShallowMsa_045__5jytA_unrelaxed_rank_001_alphafold2_ptm_model_3_seed_000.pdb,,0.04576432702010791
AF2_treek100_full,AF2,ShallowMsa_045,2qkeE,0.828593431411637,0.4952773938199012,0.3333160375917358,Pipeline/FoldPairs/5jytA_2qkeE/output_AF/AF2_treek100_full/ShallowMsa_045/2qkeE/tmp_ShallowMsa_045__2qkeE_unrelaxed_rank_001_alphafold2_ptm_model_3_seed_000.pdb,,0.045084009846260154
AF2_treek100_full,AF2,ShallowMsa_046,5jytA,0.7684898512764601,0.485128579441873,0.2833612718345871,Pipeline/FoldPairs/5jytA_2qkeE/output_AF/AF2_treek100_full/ShallowMsa_046/5jytA/tmp_ShallowMsa_046__5jytA_unrelaxed_rank_001_alphafold2_ptm_model_4_seed_000.pdb,,-0.00419043873704078
AF2_treek100_full,AF2,ShallowMsa_046,2qkeE,0.7684898512764601,0.485128579441873,0.2833612718345871,Pipeline/FoldPairs/5jytA_2qkeE/output_AF/AF2_treek100_full/ShallowMsa_046/2qkeE/tmp_ShallowMsa_046__2qkeE_unrelaxed_rank_001_alphafold2_ptm_model_4_seed_000.pdb,,-0.004870755910888536
AF2_treek100_full,AF2,ShallowMsa_047,5jytA,0.8016390339413327,0.6268584612119437,0.17478057272938907,Pipeline/FoldPairs/5jytA_2qkeE/output_AF/AF2_treek100_full/ShallowMsa_047/5jytA/tmp_ShallowMsa_047__5jytA_unrelaxed_rank_001_alphafold2_ptm_model_4_seed_000.pdb,,-0.1127711378422388
AF2_treek100_full,AF2,ShallowMsa_047,2qkeE,0.8016390339413327,0.6268584612119437,0.17478057272938907,Pipeline/FoldPairs/5jytA_2qkeE/output_AF/AF2_treek100_full/ShallowMsa_047/2qkeE/tmp_ShallowMsa_047__2qkeE_unrelaxed_rank_001_alphafold2_ptm_model_4_seed_000.pdb,,-0.11345145501608656
AF2_treek100_full,AF2,ShallowMsa_048,5jytA,0.7328700206957497,0.48511192664088953,0.24775809405486016,Pipeline/FoldPairs/5jytA_2qkeE/output_AF/AF2_treek100_full/ShallowMsa_048/5jytA/tmp_ShallowMsa_048__5jytA_unrelaxed_rank_001_alphafold2_ptm_model_3_seed_000.pdb,,-0.039793616516767716
AF2_treek100_full,AF2,ShallowMsa_048,2qkeE,0.7328700206957497,0.48511192664088953,0.24775809405486016,Pipeline/FoldPairs/5jytA_2qkeE/output_AF/AF2_treek100_full/ShallowMsa_048/2qkeE/tmp_ShallowMsa_048__2qkeE_unrelaxed_rank_001_alphafold2_ptm_model_3_seed_000.pdb,,-0.04047393369061547
AF2_treek100_full,AF2,ShallowMsa_049,5jytA,0.806562015451544,0.50603644155503,0.300525573896514,Pipeline/FoldPairs/5jytA_2qkeE/output_AF/AF2_treek100_full/ShallowMsa_049/5jytA/tmp_ShallowMsa_049__5jytA_unrelaxed_rank_001_alphafold2_ptm_model_4_seed_000.pdb,,0.012973863324886148
AF2_treek100_full,AF2,ShallowMsa_049,2qkeE,0.806562015451544,0.50603644155503,0.300525573896514,Pipeline/FoldPairs/5jytA_2qkeE/output_AF/AF2_treek100_full/ShallowMsa_049/2qkeE/tmp_ShallowMsa_049__2qkeE_unrelaxed_rank_001_alphafold2_ptm_model_4_seed_000.pdb,,0.012293546151038393
AF2_treek100_full,AF2,ShallowMsa_051,5jytA,0.8365316079169511,0.5182802072438254,0.31825140067312574,Pipeline/FoldPairs/5jytA_2qkeE/output_AF/AF2_treek100_full/ShallowMsa_051/5jytA/tmp_ShallowMsa_051__5jytA_unrelaxed_rank_001_alphafold2_ptm_model_4_seed_000.pdb,,0.030699690101497867
AF2_treek100_full,AF2,ShallowMsa_051,2qkeE,0.8365316079169511,0.5182802072438254,0.31825140067312574,Pipeline/FoldPairs/5jytA_2qkeE/output_AF/AF2_treek100_full/ShallowMsa_051/2qkeE/tmp_ShallowMsa_051__2qkeE_unrelaxed_rank_001_alphafold2_ptm_model_4_seed_000.pdb,,0.030019372927650112
AF2_treek100_full,AF2,ShallowMsa_052,5jytA,0.7749503012665607,0.4883260915325527,0.28662420973400804,Pipeline/FoldPairs/5jytA_2qkeE/output_AF/AF2_treek100_full/ShallowMsa_052/5jytA/tmp_ShallowMsa_052__5jytA_unrelaxed_rank_001_alphafold2_ptm_model_4_seed_000.pdb,,-0.0009275008376198324
AF2_treek100_full,AF2,ShallowMsa_052,2qkeE,0.7749503012665607,0.4883260915325527,0.28662420973400804,Pipeline/FoldPairs/5jytA_2qkeE/output_AF/AF2_treek100_full/ShallowMsa_052/2qkeE/tmp_ShallowMsa_052__2qkeE_unrelaxed_rank_001_alphafold2_ptm_model_4_seed_000.pdb,,-0.0016078180114675877
AF2_treek100_full,AF2,ShallowMsa_053,5jytA,0.7033274828045145,0.43955956596051815,0.26376791684399636,Pipeline/FoldPairs/5jytA_2qkeE/output_AF/AF2_treek100_full/ShallowMsa_053/5jytA/tmp_ShallowMsa_053__5jytA_unrelaxed_rank_001_alphafold2_ptm_model_1_seed_000.pdb,,-0.023783793727631508
AF2_treek100_full,AF2,ShallowMsa_053,2qkeE,0.7519640225714639,0.4453700534599419,0.306593969111522,Pipeline/FoldPairs/5jytA_2qkeE/output_AF/AF2_treek100_full/ShallowMsa_053/2qkeE/tmp_ShallowMsa_053__2qkeE_unrelaxed_rank_001_alphafold2_ptm_model_3_seed_000.pdb,,0.018361941366046353
AF2_treek100_full,AF2,ShallowMsa_054,5jytA,0.7980134099788014,0.5007922562728598,0.2972211537059416,Pipeline/FoldPairs/5jytA_2qkeE/output_AF/AF2_treek100_full/ShallowMsa_054/5jytA/tmp_ShallowMsa_054__5jytA_unrelaxed_rank_001_alphafold2_ptm_model_4_seed_000.pdb,,0.009669443134313727
AF2_treek100_full,AF2,ShallowMsa_054,2qkeE,0.7980134099788014,0.5007922562728598,0.2972211537059416,Pipeline/FoldPairs/5jytA_2qkeE/output_AF/AF2_treek100_full/ShallowMsa_054/2qkeE/tmp_ShallowMsa_054__2qkeE_unrelaxed_rank_001_alphafold2_ptm_model_4_seed_000.pdb,,0.008989125960465971
AF2_treek100_full,AF2,ShallowMsa_055,5jytA,0.7752087769707386,0.5049869549653595,0.27022182200537914,Pipeline/FoldPairs/5jytA_2qkeE/output_AF/AF2_treek100_full/ShallowMsa_055/5jytA/tmp_ShallowMsa_055__5jytA_unrelaxed_rank_001_alphafold2_ptm_model_3_seed_000.pdb,,-0.01732988856624873
AF2_treek100_full,AF2,ShallowMsa_055,2qkeE,0.7752087769707386,0.5049869549653595,0.27022182200537914,Pipeline/FoldPairs/5jytA_2qkeE/output_AF/AF2_treek100_full/ShallowMsa_055/2qkeE/tmp_ShallowMsa_055__2qkeE_unrelaxed_rank_001_alphafold2_ptm_model_3_seed_000.pdb,,-0.018010205740096485
AF2_treek100_full,AF2,ShallowMsa_056,5jytA,0.815883566313802,0.483225882388316,0.332657683925486,Pipeline/FoldPairs/5jytA_2qkeE/output_AF/AF2_treek100_full/ShallowMsa_056/5jytA/tmp_ShallowMsa_056__5jytA_unrelaxed_rank_001_alphafold2_ptm_model_4_seed_000.pdb,,0.04510597335385813
AF2_treek100_full,AF2,ShallowMsa_056,2qkeE,0.815883566313802,0.483225882388316,0.332657683925486,Pipeline/FoldPairs/5jytA_2qkeE/output_AF/AF2_treek100_full/ShallowMsa_056/2qkeE/tmp_ShallowMsa_056__2qkeE_unrelaxed_rank_001_alphafold2_ptm_model_4_seed_000.pdb,,0.044425656180010376
AF2_treek100_full,AF2,ShallowMsa_057,5jytA,0.7651304673661593,0.46208307738573234,0.30304738998042696,Pipeline/FoldPairs/5jytA_2qkeE/output_AF/AF2_treek100_full/ShallowMsa_057/5jytA/tmp_ShallowMsa_057__5jytA_unrelaxed_rank_001_alphafold2_ptm_model_4_seed_000.pdb,,0.01549567940879909
AF2_treek100_full,AF2,ShallowMsa_057,2qkeE,0.7651304673661593,0.46208307738573234,0.30304738998042696,Pipeline/FoldPairs/5jytA_2qkeE/output_AF/AF2_treek100_full/ShallowMsa_057/2qkeE/tmp_ShallowMsa_057__2qkeE_unrelaxed_rank_001_alphafold2_ptm_model_4_seed_000.pdb,,0.014815362234951335
AF2_treek100_full,AF2,ShallowMsa_058,5jytA,0.7769200317221348,0.4952004428488783,0.28171958887325643,Pipeline/FoldPairs/5jytA_2qkeE/output_AF/AF2_treek100_full/ShallowMsa_058/5jytA/tmp_ShallowMsa_058__5jytA_unrelaxed_rank_001_alphafold2_ptm_model_5_seed_000.pdb,,-0.00583212169837144
AF2_treek100_full,AF2,ShallowMsa_058,2qkeE,0.7769200317221348,0.4952004428488783,0.28171958887325643,Pipeline/FoldPairs/5jytA_2qkeE/output_AF/AF2_treek100_full/ShallowMsa_058/2qkeE/tmp_ShallowMsa_058__2qkeE_unrelaxed_rank_001_alphafold2_ptm_model_5_seed_000.pdb,,-0.006512438872219195
AF2_treek100_full,AF2,ShallowMsa_059,5jytA,0.8178374010981874,0.49112775872568654,0.32670964237250083,Pipeline/FoldPairs/5jytA_2qkeE/output_AF/AF2_treek100_full/ShallowMsa_059/5jytA/tmp_ShallowMsa_059__5jytA_unrelaxed_rank_001_alphafold2_ptm_model_5_seed_000.pdb,,0.03915793180087296
AF2_treek100_full,AF2,ShallowMsa_059,2qkeE,0.8178374010981874,0.49112775872568654,0.32670964237250083,Pipeline/FoldPairs/5jytA_2qkeE/output_AF/AF2_treek100_full/ShallowMsa_059/2qkeE/tmp_ShallowMsa_059__2qkeE_unrelaxed_rank_001_alphafold2_ptm_model_5_seed_000.pdb,,0.0384776146270252
AF2_treek100_full,AF2,ShallowMsa_060,5jytA,0.823022220742918,0.5175079123146938,0.30551430842822414,Pipeline/FoldPairs/5jytA_2qkeE/output_AF/AF2_treek100_full/ShallowMsa_060/5jytA/tmp_ShallowMsa_060__5jytA_unrelaxed_rank_001_alphafold2_ptm_model_4_seed_000.pdb,,0.017962597856596263
AF2_treek100_full,AF2,ShallowMsa_060,2qkeE,0.823022220742918,0.5175079123146938,0.30551430842822414,Pipeline/FoldPairs/5jytA_2qkeE/output_AF/AF2_treek100_full/ShallowMsa_060/2qkeE/tmp_ShallowMsa_060__2qkeE_unrelaxed_rank_001_alphafold2_ptm_model_4_seed_000.pdb,,0.017282280682748508
AF2_treek100_full,AF2,ShallowMsa_061,5jytA,0.8059067663941389,0.5081823632355311,0.2977244031586078,Pipeline/FoldPairs/5jytA_2qkeE/output_AF/AF2_treek100_full/ShallowMsa_061/5jytA/tmp_ShallowMsa_061__5jytA_unrelaxed_rank_001_alphafold2_ptm_model_4_seed_000.pdb,,0.010172692586979948
AF2_treek100_full,AF2,ShallowMsa_061,2qkeE,0.8059067663941389,0.5081823632355311,0.2977244031586078,Pipeline/FoldPairs/5jytA_2qkeE/output_AF/AF2_treek100_full/ShallowMsa_061/2qkeE/tmp_ShallowMsa_061__2qkeE_unrelaxed_rank_001_alphafold2_ptm_model_4_seed_000.pdb,,0.009492375413132192
AF2_treek100_full,AF2,ShallowMsa_062,5jytA,0.7979970705605204,0.48336261463962865,0.31463445592089173,Pipeline/FoldPairs/5jytA_2qkeE/output_AF/AF2_treek100_full/ShallowMsa_062/5jytA/tmp_ShallowMsa_062__5jytA_unrelaxed_rank_001_alphafold2_ptm_model_2_seed_000.pdb,,0.02708274534926386
AF2_treek100_full,AF2,ShallowMsa_062,2qkeE,0.7979970705605204,0.48336261463962865,0.31463445592089173,Pipeline/FoldPairs/5jytA_2qkeE/output_AF/AF2_treek100_full/ShallowMsa_062/2qkeE/tmp_ShallowMsa_062__2qkeE_unrelaxed_rank_001_alphafold2_ptm_model_2_seed_000.pdb,,0.026402428175416104
AF2_treek100_full,AF2,ShallowMsa_063,5jytA,0.8014113207148058,0.5142121550200501,0.2871991656947557,Pipeline/FoldPairs/5jytA_2qkeE/output_AF/AF2_treek100_full/ShallowMsa_063/5jytA/tmp_ShallowMsa_063__5jytA_unrelaxed_rank_001_alphafold2_ptm_model_4_seed_000.pdb,,-0.00035254487687219616
AF2_treek100_full,AF2,ShallowMsa_063,2qkeE,0.8014113207148058,0.5142121550200501,0.2871991656947557,Pipeline/FoldPairs/5jytA_2qkeE/output_AF/AF2_treek100_full/ShallowMsa_063/2qkeE/tmp_ShallowMsa_063__2qkeE_unrelaxed_rank_001_alphafold2_ptm_model_4_seed_000.pdb,,-0.0010328620507199515
AF2_treek100_full,AF2,ShallowMsa_064,5jytA,0.8115992827077319,0.5365581736471184,0.2750411090606134,Pipeline/FoldPairs/5jytA_2qkeE/output_AF/AF2_treek100_full/ShallowMsa_064/5jytA/tmp_ShallowMsa_064__5jytA_unrelaxed_rank_001_alphafold2_ptm_model_2_seed_000.pdb,,-0.012510601511014463
AF2_treek100_full,AF2,ShallowMsa_064,2qkeE,0.8115992827077319,0.5365581736471184,0.2750411090606134,Pipeline/FoldPairs/5jytA_2qkeE/output_AF/AF2_treek100_full/ShallowMsa_064/2qkeE/tmp_ShallowMsa_064__2qkeE_unrelaxed_rank_001_alphafold2_ptm_model_2_seed_000.pdb,,-0.013190918684862218
AF2_treek100_full,AF2,ShallowMsa_065,5jytA,0.6542304650379605,0.5368355472232873,0.11739491781467315,Pipeline/FoldPairs/5jytA_2qkeE/output_AF/AF2_treek100_full/ShallowMsa_065/5jytA/tmp_ShallowMsa_065__5jytA_unrelaxed_rank_001_alphafold2_ptm_model_2_seed_000.pdb,,-0.17015679275695472
AF2_treek100_full,AF2,ShallowMsa_065,2qkeE,0.6542304650379605,0.5368355472232873,0.11739491781467315,Pipeline/FoldPairs/5jytA_2qkeE/output_AF/AF2_treek100_full/ShallowMsa_065/2qkeE/tmp_ShallowMsa_065__2qkeE_unrelaxed_rank_001_alphafold2_ptm_model_2_seed_000.pdb,,-0.17083710993080248
AF2_treek100_full,AF2,ShallowMsa_066,5jytA,0.5705626461546427,0.5583936937943574,0.012168952360285257,Pipeline/FoldPairs/5jytA_2qkeE/output_AF/AF2_treek100_full/ShallowMsa_066/5jytA/tmp_ShallowMsa_066__5jytA_unrelaxed_rank_001_alphafold2_ptm_model_1_seed_000.pdb,,-0.2753827582113426
AF2_treek100_full,AF2,ShallowMsa_066,2qkeE,0.5705626461546427,0.5583936937943574,0.012168952360285257,Pipeline/FoldPairs/5jytA_2qkeE/output_AF/AF2_treek100_full/ShallowMsa_066/2qkeE/tmp_ShallowMsa_066__2qkeE_unrelaxed_rank_001_alphafold2_ptm_model_1_seed_000.pdb,,-0.27606307538519037
AF2_treek100_full,AF2,ShallowMsa_067,5jytA,0.7523411630632215,0.5405228969550618,0.21181826610815968,Pipeline/FoldPairs/5jytA_2qkeE/output_AF/AF2_treek100_full/ShallowMsa_067/5jytA/tmp_ShallowMsa_067__5jytA_unrelaxed_rank_001_alphafold2_ptm_model_2_seed_000.pdb,,-0.07573344446346819
AF2_treek100_full,AF2,ShallowMsa_067,2qkeE,0.7523411630632215,0.5405228969550618,0.21181826610815968,Pipeline/FoldPairs/5jytA_2qkeE/output_AF/AF2_treek100_full/ShallowMsa_067/2qkeE/tmp_ShallowMsa_067__2qkeE_unrelaxed_rank_001_alphafold2_ptm_model_2_seed_000.pdb,,-0.07641376163731595
AF2_treek100_full,AF2,ShallowMsa_068,5jytA,0.8054331996503039,0.5036711991214273,0.3017620005288766,Pipeline/FoldPairs/5jytA_2qkeE/output_AF/AF2_treek100_full/ShallowMsa_068/5jytA/tmp_ShallowMsa_068__5jytA_unrelaxed_rank_001_alphafold2_ptm_model_3_seed_000.pdb,,0.014210289957248712
AF2_treek100_full,AF2,ShallowMsa_068,2qkeE,0.8054331996503039,0.5036711991214273,0.3017620005288766,Pipeline/FoldPairs/5jytA_2qkeE/output_AF/AF2_treek100_full/ShallowMsa_068/2qkeE/tmp_ShallowMsa_068__2qkeE_unrelaxed_rank_001_alphafold2_ptm_model_3_seed_000.pdb,,0.013529972783400956
AF2_treek100_full,AF2,ShallowMsa_069,5jytA,0.7483673865998796,0.4828376146893011,0.26552977191057847,Pipeline/FoldPairs/5jytA_2qkeE/output_AF/AF2_treek100_full/ShallowMsa_069/5jytA/tmp_ShallowMsa_069__5jytA_unrelaxed_rank_001_alphafold2_ptm_model_3_seed_000.pdb,,-0.0220219386610494
AF2_treek100_full,AF2,ShallowMsa_069,2qkeE,0.7483673865998796,0.4828376146893011,0.26552977191057847,Pipeline/FoldPairs/5jytA_2qkeE/output_AF/AF2_treek100_full/ShallowMsa_069/2qkeE/tmp_ShallowMsa_069__2qkeE_unrelaxed_rank_001_alphafold2_ptm_model_3_seed_000.pdb,,-0.022702255834897156
AF2_treek100_full,AF2,ShallowMsa_070,5jytA,0.5544988657377193,0.5174913994035222,0.03700746633419716,Pipeline/FoldPairs/5jytA_2qkeE/output_AF/AF2_treek100_full/ShallowMsa_070/5jytA/tmp_ShallowMsa_070__5jytA_unrelaxed_rank_001_alphafold2_ptm_model_4_seed_000.pdb,,-0.2505442442374307
AF2_treek100_full,AF2,ShallowMsa_070,2qkeE,0.5544988657377193,0.5174913994035222,0.03700746633419716,Pipeline/FoldPairs/5jytA_2qkeE/output_AF/AF2_treek100_full/ShallowMsa_070/2qkeE/tmp_ShallowMsa_070__2qkeE_unrelaxed_rank_001_alphafold2_ptm_model_4_seed_000.pdb,,-0.25122456141127847
AF2_treek100_full,AF2,ShallowMsa_071,5jytA,0.7882725610362068,0.4632377440249883,0.3250348170112185,Pipeline/FoldPairs/5jytA_2qkeE/output_AF/AF2_treek100_full/ShallowMsa_071/5jytA/tmp_ShallowMsa_071__5jytA_unrelaxed_rank_001_alphafold2_ptm_model_1_seed_000.pdb,,0.03748310643959063
AF2_treek100_full,AF2,ShallowMsa_071,2qkeE,0.7882725610362068,0.4632377440249883,0.3250348170112185,Pipeline/FoldPairs/5jytA_2qkeE/output_AF/AF2_treek100_full/ShallowMsa_071/2qkeE/tmp_ShallowMsa_071__2qkeE_unrelaxed_rank_001_alphafold2_ptm_model_1_seed_000.pdb,,0.036802789265742875
AF2_treek100_full,AF2,ShallowMsa_072,5jytA,0.7552192887272597,0.49073079768633027,0.2644884910409295,Pipeline/FoldPairs/5jytA_2qkeE/output_AF/AF2_treek100_full/ShallowMsa_072/5jytA/tmp_ShallowMsa_072__5jytA_unrelaxed_rank_001_alphafold2_ptm_model_5_seed_000.pdb,,-0.023063219530698398
AF2_treek100_full,AF2,ShallowMsa_072,2qkeE,0.7552192887272597,0.49073079768633027,0.2644884910409295,Pipeline/FoldPairs/5jytA_2qkeE/output_AF/AF2_treek100_full/ShallowMsa_072/2qkeE/tmp_ShallowMsa_072__2qkeE_unrelaxed_rank_001_alphafold2_ptm_model_5_seed_000.pdb,,-0.023743536704546153
AF2_treek100_full,AF2,ShallowMsa_073,5jytA,0.8062183877357603,0.5090307968040078,0.2971875909317525,Pipeline/FoldPairs/5jytA_2qkeE/output_AF/AF2_treek100_full/ShallowMsa_073/5jytA/tmp_ShallowMsa_073__5jytA_unrelaxed_rank_001_alphafold2_ptm_model_4_seed_000.pdb,,0.009635880360124638
AF2_treek100_full,AF2,ShallowMsa_073,2qkeE,0.8062183877357603,0.5090307968040078,0.2971875909317525,Pipeline/FoldPairs/5jytA_2qkeE/output_AF/AF2_treek100_full/ShallowMsa_073/2qkeE/tmp_ShallowMsa_073__2qkeE_unrelaxed_rank_001_alphafold2_ptm_model_4_seed_000.pdb,,0.008955563186276883
AF2_treek100_full,AF2,ShallowMsa_074,5jytA,0.8100377533037197,0.5113444618555946,0.2986932914481252,Pipeline/FoldPairs/5jytA_2qkeE/output_AF/AF2_treek100_full/ShallowMsa_074/5jytA/tmp_ShallowMsa_074__5jytA_unrelaxed_rank_001_alphafold2_ptm_model_3_seed_000.pdb,,0.011141580876497303
AF2_treek100_full,AF2,ShallowMsa_074,2qkeE,0.8100377533037197,0.5113444618555946,0.2986932914481252,Pipeline/FoldPairs/5jytA_2qkeE/output_AF/AF2_treek100_full/ShallowMsa_074/2qkeE/tmp_ShallowMsa_074__2qkeE_unrelaxed_rank_001_alphafold2_ptm_model_3_seed_000.pdb,,0.010461263702649548
AF2_treek100_full,AF2,ShallowMsa_075,5jytA,0.8168659731322291,0.46525719404703675,0.35160877908519234,Pipeline/FoldPairs/5jytA_2qkeE/output_AF/AF2_treek100_full/ShallowMsa_075/5jytA/tmp_ShallowMsa_075__5jytA_unrelaxed_rank_001_alphafold2_ptm_model_5_seed_000.pdb,,0.06405706851356446
AF2_treek100_full,AF2,ShallowMsa_075,2qkeE,0.8168659731322291,0.46525719404703675,0.35160877908519234,Pipeline/FoldPairs/5jytA_2qkeE/output_AF/AF2_treek100_full/ShallowMsa_075/2qkeE/tmp_ShallowMsa_075__2qkeE_unrelaxed_rank_001_alphafold2_ptm_model_5_seed_000.pdb,,0.06337675133971671
AF2_treek100_full,AF2,ShallowMsa_076,5jytA,0.8095681951394678,0.5144014824356956,0.29516671270377215,Pipeline/FoldPairs/5jytA_2qkeE/output_AF/AF2_treek100_full/ShallowMsa_076/5jytA/tmp_ShallowMsa_076__5jytA_unrelaxed_rank_001_alphafold2_ptm_model_3_seed_000.pdb,,0.007615002132144277
AF2_treek100_full,AF2,ShallowMsa_076,2qkeE,0.8095681951394678,0.5144014824356956,0.29516671270377215,Pipeline/FoldPairs/5jytA_2qkeE/output_AF/AF2_treek100_full/ShallowMsa_076/2qkeE/tmp_ShallowMsa_076__2qkeE_unrelaxed_rank_001_alphafold2_ptm_model_3_seed_000.pdb,,0.006934684958296522
AF2_treek100_full,AF2,ShallowMsa_077,5jytA,0.7680451908260318,0.49009847421141256,0.2779467166146193,Pipeline/FoldPairs/5jytA_2qkeE/output_AF/AF2_treek100_full/ShallowMsa_077/5jytA/tmp_ShallowMsa_077__5jytA_unrelaxed_rank_001_alphafold2_ptm_model_4_seed_000.pdb,,-0.00960499395700859
AF2_treek100_full,AF2,ShallowMsa_077,2qkeE,0.7680451908260318,0.49009847421141256,0.2779467166146193,Pipeline/FoldPairs/5jytA_2qkeE/output_AF/AF2_treek100_full/ShallowMsa_077/2qkeE/tmp_ShallowMsa_077__2qkeE_unrelaxed_rank_001_alphafold2_ptm_model_4_seed_000.pdb,,-0.010285311130856345
AF2_treek100_full,AF2,ShallowMsa_078,5jytA,0.6715323373196387,0.49324856777403037,0.17828376954560832,Pipeline/FoldPairs/5jytA_2qkeE/output_AF/AF2_treek100_full/ShallowMsa_078/5jytA/tmp_ShallowMsa_078__5jytA_unrelaxed_rank_001_alphafold2_ptm_model_3_seed_000.pdb,,-0.10926794102601955
AF2_treek100_full,AF2,ShallowMsa_078,2qkeE,0.6715323373196387,0.49324856777403037,0.17828376954560832,Pipeline/FoldPairs/5jytA_2qkeE/output_AF/AF2_treek100_full/ShallowMsa_078/2qkeE/tmp_ShallowMsa_078__2qkeE_unrelaxed_rank_001_alphafold2_ptm_model_3_seed_000.pdb,,-0.10994825819986731
AF2_treek100_full,AF2,ShallowMsa_079,5jytA,0.7917528193034117,0.5176477103546483,0.2741051089487634,Pipeline/FoldPairs/5jytA_2qkeE/output_AF/AF2_treek100_full/ShallowMsa_079/5jytA/tmp_ShallowMsa_079__5jytA_unrelaxed_rank_001_alphafold2_ptm_model_4_seed_000.pdb,,-0.013446601622864485
AF2_treek100_full,AF2,ShallowMsa_079,2qkeE,0.7917528193034117,0.5176477103546483,0.2741051089487634,Pipeline/FoldPairs/5jytA_2qkeE/output_AF/AF2_treek100_full/ShallowMsa_079/2qkeE/tmp_ShallowMsa_079__2qkeE_unrelaxed_rank_001_alphafold2_ptm_model_4_seed_000.pdb,,-0.01412691879671224
AF2_treek100_full,AF2,ShallowMsa_080,5jytA,0.8224409896861018,0.5800175515997935,0.24242343808630828,Pipeline/FoldPairs/5jytA_2qkeE/output_AF/AF2_treek100_full/ShallowMsa_080/5jytA/tmp_ShallowMsa_080__5jytA_unrelaxed_rank_001_alphafold2_ptm_model_4_seed_000.pdb,,-0.04512827248531959
AF2_treek100_full,AF2,ShallowMsa_080,2qkeE,0.8224409896861018,0.5800175515997935,0.24242343808630828,Pipeline/FoldPairs/5jytA_2qkeE/output_AF/AF2_treek100_full/ShallowMsa_080/2qkeE/tmp_ShallowMsa_080__2qkeE_unrelaxed_rank_001_alphafold2_ptm_model_4_seed_000.pdb,,-0.04580858965916734
AF2_treek100_full,AF2,ShallowMsa_081,5jytA,0.8253645711626205,0.5176188021626554,0.3077457689999651,Pipeline/FoldPairs/5jytA_2qkeE/output_AF/AF2_treek100_full/ShallowMsa_081/5jytA/tmp_ShallowMsa_081__5jytA_unrelaxed_rank_001_alphafold2_ptm_model_4_seed_000.pdb,,0.020194058428337214
AF2_treek100_full,AF2,ShallowMsa_081,2qkeE,0.8253645711626205,0.5176188021626554,0.3077457689999651,Pipeline/FoldPairs/5jytA_2qkeE/output_AF/AF2_treek100_full/ShallowMsa_081/2qkeE/tmp_ShallowMsa_081__2qkeE_unrelaxed_rank_001_alphafold2_ptm_model_4_seed_000.pdb,,0.01951374125448946
AF2_treek100_full,AF2,ShallowMsa_082,5jytA,0.8140351530478086,0.4675114030941624,0.3465237499536462,Pipeline/FoldPairs/5jytA_2qkeE/output_AF/AF2_treek100_full/ShallowMsa_082/5jytA/tmp_ShallowMsa_082__5jytA_unrelaxed_rank_001_alphafold2_ptm_model_5_seed_000.pdb,,0.05897203938201834
AF2_treek100_full,AF2,ShallowMsa_082,2qkeE,0.8140351530478086,0.4675114030941624,0.3465237499536462,Pipeline/FoldPairs/5jytA_2qkeE/output_AF/AF2_treek100_full/ShallowMsa_082/2qkeE/tmp_ShallowMsa_082__2qkeE_unrelaxed_rank_001_alphafold2_ptm_model_5_seed_000.pdb,,0.05829172220817058
AF2_treek100_full,AF2,ShallowMsa_083,5jytA,0.8481798894423044,0.5065991798614646,0.34158070958083975,Pipeline/FoldPairs/5jytA_2qkeE/output_AF/AF2_treek100_full/ShallowMsa_083/5jytA/tmp_ShallowMsa_083__5jytA_unrelaxed_rank_001_alphafold2_ptm_model_4_seed_000.pdb,,0.054028999009211875
AF2_treek100_full,AF2,ShallowMsa_083,2qkeE,0.8481798894423044,0.5065991798614646,0.34158070958083975,Pipeline/FoldPairs/5jytA_2qkeE/output_AF/AF2_treek100_full/ShallowMsa_083/2qkeE/tmp_ShallowMsa_083__2qkeE_unrelaxed_rank_001_alphafold2_ptm_model_4_seed_000.pdb,,0.05334868183536412
AF2_treek100_full,AF2,ShallowMsa_084,5jytA,0.7922798381337814,0.5148321464457222,0.2774476916880593,Pipeline/FoldPairs/5jytA_2qkeE/output_AF/AF2_treek100_full/ShallowMsa_084/5jytA/tmp_ShallowMsa_084__5jytA_unrelaxed_rank_001_alphafold2_ptm_model_1_seed_000.pdb,,-0.0101040188835686
AF2_treek100_full,AF2,ShallowMsa_084,2qkeE,0.7922798381337814,0.5148321464457222,0.2774476916880593,Pipeline/FoldPairs/5jytA_2qkeE/output_AF/AF2_treek100_full/ShallowMsa_084/2qkeE/tmp_ShallowMsa_084__2qkeE_unrelaxed_rank_001_alphafold2_ptm_model_1_seed_000.pdb,,-0.010784336057416355
AF2_treek100_full,AF2,ShallowMsa_085,5jytA,0.7940483654410366,0.4862688792461578,0.3077794861948788,Pipeline/FoldPairs/5jytA_2qkeE/output_AF/AF2_treek100_full/ShallowMsa_085/5jytA/tmp_ShallowMsa_085__5jytA_unrelaxed_rank_001_alphafold2_ptm_model_4_seed_000.pdb,,0.020227775623250954
AF2_treek100_full,AF2,ShallowMsa_085,2qkeE,0.7940483654410366,0.4862688792461578,0.3077794861948788,Pipeline/FoldPairs/5jytA_2qkeE/output_AF/AF2_treek100_full/ShallowMsa_085/2qkeE/tmp_ShallowMsa_085__2qkeE_unrelaxed_rank_001_alphafold2_ptm_model_4_seed_000.pdb,,0.0195474584494032
AF2_treek100_full,AF2,ShallowMsa_086,5jytA,0.7618385808019023,0.5079188253278321,0.2539197554740702,Pipeline/FoldPairs/5jytA_2qkeE/output_AF/AF2_treek100_full/ShallowMsa_086/5jytA/tmp_ShallowMsa_086__5jytA_unrelaxed_rank_001_alphafold2_ptm_model_2_seed_000.pdb,,-0.033631955097557675
AF2_treek100_full,AF2,ShallowMsa_086,2qkeE,0.7618385808019023,0.5079188253278321,0.2539197554740702,Pipeline/FoldPairs/5jytA_2qkeE/output_AF/AF2_treek100_full/ShallowMsa_086/2qkeE/tmp_ShallowMsa_086__2qkeE_unrelaxed_rank_001_alphafold2_ptm_model_2_seed_000.pdb,,-0.03431227227140543
AF2_treek100_full,AF2,ShallowMsa_087,5jytA,0.7649468796533205,0.5139814103309709,0.25096546932234964,Pipeline/FoldPairs/5jytA_2qkeE/output_AF/AF2_treek100_full/ShallowMsa_087/5jytA/tmp_ShallowMsa_087__5jytA_unrelaxed_rank_001_alphafold2_ptm_model_4_seed_000.pdb,,-0.03658624124927823
AF2_treek100_full,AF2,ShallowMsa_087,2qkeE,0.7649468796533205,0.5139814103309709,0.25096546932234964,Pipeline/FoldPairs/5jytA_2qkeE/output_AF/AF2_treek100_full/ShallowMsa_087/2qkeE/tmp_ShallowMsa_087__2qkeE_unrelaxed_rank_001_alphafold2_ptm_model_4_seed_000.pdb,,-0.037266558423125984
AF2_treek100_full,AF2,ShallowMsa_088,5jytA,0.8206931788154653,0.5097105706422854,0.3109826081731799,Pipeline/FoldPairs/5jytA_2qkeE/output_AF/AF2_treek100_full/ShallowMsa_088/5jytA/tmp_ShallowMsa_088__5jytA_unrelaxed_rank_001_alphafold2_ptm_model_4_seed_000.pdb,,0.023430897601552036
AF2_treek100_full,AF2,ShallowMsa_088,2qkeE,0.8206931788154653,0.5097105706422854,0.3109826081731799,Pipeline/FoldPairs/5jytA_2qkeE/output_AF/AF2_treek100_full/ShallowMsa_088/2qkeE/tmp_ShallowMsa_088__2qkeE_unrelaxed_rank_001_alphafold2_ptm_model_4_seed_000.pdb,,0.02275058042770428
AF2_treek100_full,AF2,ShallowMsa_089,5jytA,0.8061375239097363,0.5172181167163239,0.28891940719341236,Pipeline/FoldPairs/5jytA_2qkeE/output_AF/AF2_treek100_full/ShallowMsa_089/5jytA/tmp_ShallowMsa_089__5jytA_unrelaxed_rank_001_alphafold2_ptm_model_4_seed_000.pdb,,0.0013676966217844866
AF2_treek100_full,AF2,ShallowMsa_089,2qkeE,0.8061375239097363,0.5172181167163239,0.28891940719341236,Pipeline/FoldPairs/5jytA_2qkeE/output_AF/AF2_treek100_full/ShallowMsa_089/2qkeE/tmp_ShallowMsa_089__2qkeE_unrelaxed_rank_001_alphafold2_ptm_model_4_seed_000.pdb,,0.0006873794479367312
AF2_treek100_full,AF2,ShallowMsa_090,5jytA,0.756143129715378,0.4647307692993812,0.29141236041599683,Pipeline/FoldPairs/5jytA_2qkeE/output_AF/AF2_treek100_full/ShallowMsa_090/5jytA/tmp_ShallowMsa_090__5jytA_unrelaxed_rank_001_alphafold2_ptm_model_4_seed_000.pdb,,0.0038606498443689574
AF2_treek100_full,AF2,ShallowMsa_090,2qkeE,0.756143129715378,0.4647307692993812,0.29141236041599683,Pipeline/FoldPairs/5jytA_2qkeE/output_AF/AF2_treek100_full/ShallowMsa_090/2qkeE/tmp_ShallowMsa_090__2qkeE_unrelaxed_rank_001_alphafold2_ptm_model_4_seed_000.pdb,,0.003180332670521202
AF2_treek100_full,AF2,ShallowMsa_091,5jytA,0.7878698965407803,0.49407423871424816,0.29379565782653216,Pipeline/FoldPairs/5jytA_2qkeE/output_AF/AF2_treek100_full/ShallowMsa_091/5jytA/tmp_ShallowMsa_091__5jytA_unrelaxed_rank_001_alphafold2_ptm_model_4_seed_000.pdb,,0.006243947254904292
AF2_treek100_full,AF2,ShallowMsa_091,2qkeE,0.7878698965407803,0.49407423871424816,0.29379565782653216,Pipeline/FoldPairs/5jytA_2qkeE/output_AF/AF2_treek100_full/ShallowMsa_091/2qkeE/tmp_ShallowMsa_091__2qkeE_unrelaxed_rank_001_alphafold2_ptm_model_4_seed_000.pdb,,0.0055636300810565364
AF2_treek100_full,AF2,ShallowMsa_092,5jytA,0.8146039982349085,0.5071233464717982,0.30748065176311024,Pipeline/FoldPairs/5jytA_2qkeE/output_AF/AF2_treek100_full/ShallowMsa_092/5jytA/tmp_ShallowMsa_092__5jytA_unrelaxed_rank_001_alphafold2_ptm_model_5_seed_000.pdb,,0.019928941191482363
AF2_treek100_full,AF2,ShallowMsa_092,2qkeE,0.8146039982349085,0.5071233464717982,0.30748065176311024,Pipeline/FoldPairs/5jytA_2qkeE/output_AF/AF2_treek100_full/ShallowMsa_092/2qkeE/tmp_ShallowMsa_092__2qkeE_unrelaxed_rank_001_alphafold2_ptm_model_5_seed_000.pdb,,0.019248624017634608
AF2_treek100_full,AF2,ShallowMsa_093,5jytA,0.7837987904640016,0.4954313234778279,0.28836746698617366,Pipeline/FoldPairs/5jytA_2qkeE/output_AF/AF2_treek100_full/ShallowMsa_093/5jytA/tmp_ShallowMsa_093__5jytA_unrelaxed_rank_001_alphafold2_ptm_model_5_seed_000.pdb,,0.0008157564145457874
AF2_treek100_full,AF2,ShallowMsa_093,2qkeE,0.7837987904640016,0.4954313234778279,0.28836746698617366,Pipeline/FoldPairs/5jytA_2qkeE/output_AF/AF2_treek100_full/ShallowMsa_093/2qkeE/tmp_ShallowMsa_093__2qkeE_unrelaxed_rank_001_alphafold2_ptm_model_5_seed_000.pdb,,0.00013543924069803204
AF2_treek100_full,AF2,ShallowMsa_094,5jytA,0.8067177667236941,0.5205215824312438,0.2861961842924503,Pipeline/FoldPairs/5jytA_2qkeE/output_AF/AF2_treek100_full/ShallowMsa_094/5jytA/tmp_ShallowMsa_094__5jytA_unrelaxed_rank_001_alphafold2_ptm_model_2_seed_000.pdb,,-0.0013555262791775657
AF2_treek100_full,AF2,ShallowMsa_094,2qkeE,0.8067177667236941,0.5205215824312438,0.2861961842924503,Pipeline/FoldPairs/5jytA_2qkeE/output_AF/AF2_treek100_full/ShallowMsa_094/2qkeE/tmp_ShallowMsa_094__2qkeE_unrelaxed_rank_001_alphafold2_ptm_model_2_seed_000.pdb,,-0.002035843453025321
AF2_treek100_full,AF2,ShallowMsa_095,5jytA,0.807488292359864,0.5924490347328418,0.21503925762702214,Pipeline/FoldPairs/5jytA_2qkeE/output_AF/AF2_treek100_full/ShallowMsa_095/5jytA/tmp_ShallowMsa_095__5jytA_unrelaxed_rank_001_alphafold2_ptm_model_1_seed_000.pdb,,-0.07251245294460573
AF2_treek100_full,AF2,ShallowMsa_095,2qkeE,0.807488292359864,0.5924490347328418,0.21503925762702214,Pipeline/FoldPairs/5jytA_2qkeE/output_AF/AF2_treek100_full/ShallowMsa_095/2qkeE/tmp_ShallowMsa_095__2qkeE_unrelaxed_rank_001_alphafold2_ptm_model_1_seed_000.pdb,,-0.07319277011845349
AF2_treek100_full,AF2,ShallowMsa_096,5jytA,0.7369275145997655,0.4663592592500867,0.27056825534967877,Pipeline/FoldPairs/5jytA_2qkeE/output_AF/AF2_treek100_full/ShallowMsa_096/5jytA/tmp_ShallowMsa_096__5jytA_unrelaxed_rank_001_alphafold2_ptm_model_5_seed_000.pdb,,-0.016983455221949106
AF2_treek100_full,AF2,ShallowMsa_096,2qkeE,0.7369275145997655,0.4663592592500867,0.27056825534967877,Pipeline/FoldPairs/5jytA_2qkeE/output_AF/AF2_treek100_full/ShallowMsa_096/2qkeE/tmp_ShallowMsa_096__2qkeE_unrelaxed_rank_001_alphafold2_ptm_model_5_seed_000.pdb,,-0.017663772395796862
AF2_treek100_full,AF2,ShallowMsa_097,5jytA,0.7952055753695613,0.5275953664553277,0.2676102089142336,Pipeline/FoldPairs/5jytA_2qkeE/output_AF/AF2_treek100_full/ShallowMsa_097/5jytA/tmp_ShallowMsa_097__5jytA_unrelaxed_rank_001_alphafold2_ptm_model_4_seed_000.pdb,,-0.01994150165739428
AF2_treek100_full,AF2,ShallowMsa_097,2qkeE,0.7952055753695613,0.5275953664553277,0.2676102089142336,Pipeline/FoldPairs/5jytA_2qkeE/output_AF/AF2_treek100_full/ShallowMsa_097/2qkeE/tmp_ShallowMsa_097__2qkeE_unrelaxed_rank_001_alphafold2_ptm_model_4_seed_000.pdb,,-0.020621818831242034
AF2_treek100_full,AF2,ShallowMsa_098,5jytA,0.66088333580585,0.4988025218568674,0.1620808139489826,Pipeline/FoldPairs/5jytA_2qkeE/output_AF/AF2_treek100_full/ShallowMsa_098/5jytA/tmp_ShallowMsa_098__5jytA_unrelaxed_rank_001_alphafold2_ptm_model_1_seed_000.pdb,,-0.12547089662264527
AF2_treek100_full,AF2,ShallowMsa_098,2qkeE,0.66088333580585,0.4988025218568674,0.1620808139489826,Pipeline/FoldPairs/5jytA_2qkeE/output_AF/AF2_treek100_full/ShallowMsa_098/2qkeE/tmp_ShallowMsa_098__2qkeE_unrelaxed_rank_001_alphafold2_ptm_model_1_seed_000.pdb,,-0.12615121379649302
AF2_treek100_full,AF2,ShallowMsa_099,5jytA,0.8048004888799959,0.5045495698474509,0.30025091903254497,Pipeline/FoldPairs/5jytA_2qkeE/output_AF/AF2_treek100_full/ShallowMsa_099/5jytA/tmp_ShallowMsa_099__5jytA_unrelaxed_rank_001_alphafold2_ptm_model_3_seed_000.pdb,,0.0126992084609171
AF2_treek100_full,AF2,ShallowMsa_099,2qkeE,0.8048004888799959,0.5045495698474509,0.30025091903254497,Pipeline/FoldPairs/5jytA_2qkeE/output_AF/AF2_treek100_full/ShallowMsa_099/2qkeE/tmp_ShallowMsa_099__2qkeE_unrelaxed_rank_001_alphafold2_ptm_model_3_seed_000.pdb,,0.012018891287069344
AF2_treek100_top10,AF2,ShallowMsa_000,5jytA,0.5328142942728518,0.8076163876571398,-0.27480209338428807,Pipeline/FoldPairs/5jytA_2qkeE/output_AF/AF2_treek100_top10/ShallowMsa_000/5jytA/tmp_ShallowMsa_000__5jytA_unrelaxed_rank_001_alphafold2_ptm_model_4_seed_000.pdb,,-0.28313126105887876
AF2_treek100_top10,AF2,ShallowMsa_000,2qkeE,0.5328142942728518,0.8076163876571398,-0.27480209338428807,Pipeline/FoldPairs/5jytA_2qkeE/output_AF/AF2_treek100_top10/ShallowMsa_000/2qkeE/tmp_ShallowMsa_000__2qkeE_unrelaxed_rank_001_alphafold2_ptm_model_4_seed_000.pdb,,-0.28313126105887876
AF2_treek100_top10,AF2,ShallowMsa_001,5jytA,0.505124439264219,0.4399968625904752,0.0651275766737438,Pipeline/FoldPairs/5jytA_2qkeE/output_AF/AF2_treek100_top10/ShallowMsa_001/5jytA/tmp_ShallowMsa_001__5jytA_unrelaxed_rank_001_alphafold2_ptm_model_1_seed_000.pdb,,0.056798408999153116
AF2_treek100_top10,AF2,ShallowMsa_001,2qkeE,0.505124439264219,0.4399968625904752,0.0651275766737438,Pipeline/FoldPairs/5jytA_2qkeE/output_AF/AF2_treek100_top10/ShallowMsa_001/2qkeE/tmp_ShallowMsa_001__2qkeE_unrelaxed_rank_001_alphafold2_ptm_model_1_seed_000.pdb,,0.056798408999153116
AF2_treek100_top10,AF2,ShallowMsa_002,5jytA,0.6080434801549983,0.467351225418812,0.1406922547361863,Pipeline/FoldPairs/5jytA_2qkeE/output_AF/AF2_treek100_top10/ShallowMsa_002/5jytA/tmp_ShallowMsa_002__5jytA_unrelaxed_rank_001_alphafold2_ptm_model_4_seed_000.pdb,,0.1323630870615956
AF2_treek100_top10,AF2,ShallowMsa_002,2qkeE,0.6080434801549983,0.467351225418812,0.1406922547361863,Pipeline/FoldPairs/5jytA_2qkeE/output_AF/AF2_treek100_top10/ShallowMsa_002/2qkeE/tmp_ShallowMsa_002__2qkeE_unrelaxed_rank_001_alphafold2_ptm_model_4_seed_000.pdb,,0.1323630870615956
AF2_treek100_top10,AF2,ShallowMsa_003,5jytA,0.5061223857236257,0.7214369234292262,-0.2153145377056005,Pipeline/FoldPairs/5jytA_2qkeE/output_AF/AF2_treek100_top10/ShallowMsa_003/5jytA/tmp_ShallowMsa_003__5jytA_unrelaxed_rank_001_alphafold2_ptm_model_3_seed_000.pdb,,-0.22364370538019118
AF2_treek100_top10,AF2,ShallowMsa_003,2qkeE,0.5061223857236257,0.7214369234292262,-0.2153145377056005,Pipeline/FoldPairs/5jytA_2qkeE/output_AF/AF2_treek100_top10/ShallowMsa_003/2qkeE/tmp_ShallowMsa_003__2qkeE_unrelaxed_rank_001_alphafold2_ptm_model_3_seed_000.pdb,,-0.22364370538019118
AF2_treek100_top10,AF2,ShallowMsa_004,5jytA,0.7683883011337137,0.5219467322927616,0.24644156884095214,Pipeline/FoldPairs/5jytA_2qkeE/output_AF/AF2_treek100_top10/ShallowMsa_004/5jytA/tmp_ShallowMsa_004__5jytA_unrelaxed_rank_001_alphafold2_ptm_model_5_seed_000.pdb,,0.23811240116636145
AF2_treek100_top10,AF2,ShallowMsa_004,2qkeE,0.7683883011337137,0.5219467322927616,0.24644156884095214,Pipeline/FoldPairs/5jytA_2qkeE/output_AF/AF2_treek100_top10/ShallowMsa_004/2qkeE/tmp_ShallowMsa_004__2qkeE_unrelaxed_rank_001_alphafold2_ptm_model_5_seed_000.pdb,,0.23811240116636145
AF2_treek100_top10,AF2,ShallowMsa_005,5jytA,0.5285915676524057,0.7140017847717035,-0.18541021711929784,Pipeline/FoldPairs/5jytA_2qkeE/output_AF/AF2_treek100_top10/ShallowMsa_005/5jytA/tmp_ShallowMsa_005__5jytA_unrelaxed_rank_001_alphafold2_ptm_model_5_seed_000.pdb,,-0.19373938479388852
AF2_treek100_top10,AF2,ShallowMsa_005,2qkeE,0.5285915676524057,0.7140017847717035,-0.18541021711929784,Pipeline/FoldPairs/5jytA_2qkeE/output_AF/AF2_treek100_top10/ShallowMsa_005/2qkeE/tmp_ShallowMsa_005__2qkeE_unrelaxed_rank_001_alphafold2_ptm_model_5_seed_000.pdb,,-0.19373938479388852
AF2_treek100_top10,AF2,ShallowMsa_006,5jytA,0.49569013682882035,0.6874473928977215,-0.19175725606890115,Pipeline/FoldPairs/5jytA_2qkeE/output_AF/AF2_treek100_top10/ShallowMsa_006/5jytA/tmp_ShallowMsa_006__5jytA_unrelaxed_rank_001_alphafold2_ptm_model_3_seed_000.pdb,,-0.20008642374349184
AF2_treek100_top10,AF2,ShallowMsa_006,2qkeE,0.49569013682882035,0.6874473928977215,-0.19175725606890115,Pipeline/FoldPairs/5jytA_2qkeE/output_AF/AF2_treek100_top10/ShallowMsa_006/2qkeE/tmp_ShallowMsa_006__2qkeE_unrelaxed_rank_001_alphafold2_ptm_model_3_seed_000.pdb,,-0.20008642374349184
AF2_treek100_top10,AF2,ShallowMsa_007,5jytA,0.5282401759159329,0.7905692419838514,-0.2623290660679185,Pipeline/FoldPairs/5jytA_2qkeE/output_AF/AF2_treek100_top10/ShallowMsa_007/5jytA/tmp_ShallowMsa_007__5jytA_unrelaxed_rank_001_alphafold2_ptm_model_4_seed_000.pdb,,-0.2706582337425092
AF2_treek100_top10,AF2,ShallowMsa_007,2qkeE,0.5282401759159329,0.7905692419838514,-0.2623290660679185,Pipeline/FoldPairs/5jytA_2qkeE/output_AF/AF2_treek100_top10/ShallowMsa_007/2qkeE/tmp_ShallowMsa_007__2qkeE_unrelaxed_rank_001_alphafold2_ptm_model_4_seed_000.pdb,,-0.2706582337425092
AF2_treek100_top10,AF2,ShallowMsa_008,5jytA,0.4437176918460338,0.5072531031286442,-0.06353541128261042,Pipeline/FoldPairs/5jytA_2qkeE/output_AF/AF2_treek100_top10/ShallowMsa_008/5jytA/tmp_ShallowMsa_008__5jytA_unrelaxed_rank_001_alphafold2_ptm_model_3_seed_000.pdb,,-0.07186457895720111
AF2_treek100_top10,AF2,ShallowMsa_008,2qkeE,0.4437176918460338,0.5072531031286442,-0.06353541128261042,Pipeline/FoldPairs/5jytA_2qkeE/output_AF/AF2_treek100_top10/ShallowMsa_008/2qkeE/tmp_ShallowMsa_008__2qkeE_unrelaxed_rank_001_alphafold2_ptm_model_3_seed_000.pdb,,-0.07186457895720111
AF2_treek100_top10,AF2,ShallowMsa_009,5jytA,0.5593530209312112,0.8101392623681977,-0.25078624143698647,Pipeline/FoldPairs/5jytA_2qkeE/output_AF/AF2_treek100_top10/ShallowMsa_009/5jytA/tmp_ShallowMsa_009__5jytA_unrelaxed_rank_001_alphafold2_ptm_model_4_seed_000.pdb,,-0.25911540911157716
AF2_treek100_top10,AF2,ShallowMsa_009,2qkeE,0.5593530209312112,0.8101392623681977,-0.25078624143698647,Pipeline/FoldPairs/5jytA_2qkeE/output_AF/AF2_treek100_top10/ShallowMsa_009/2qkeE/tmp_ShallowMsa_009__2qkeE_unrelaxed_rank_001_alphafold2_ptm_model_4_seed_000.pdb,,-0.25911540911157716
AF2_treek100_top10,AF2,ShallowMsa_010,5jytA,0.5446735637050505,0.818671188488107,-0.27399762478305656,Pipeline/FoldPairs/5jytA_2qkeE/output_AF/AF2_treek100_top10/ShallowMsa_010/5jytA/tmp_ShallowMsa_010__5jytA_unrelaxed_rank_001_alphafold2_ptm_model_3_seed_000.pdb,,-0.28232679245764725
AF2_treek100_top10,AF2,ShallowMsa_010,2qkeE,0.5446735637050505,0.818671188488107,-0.27399762478305656,Pipeline/FoldPairs/5jytA_2qkeE/output_AF/AF2_treek100_top10/ShallowMsa_010/2qkeE/tmp_ShallowMsa_010__2qkeE_unrelaxed_rank_001_alphafold2_ptm_model_3_seed_000.pdb,,-0.28232679245764725
AF2_treek100_top10,AF2,ShallowMsa_011,5jytA,0.4818506639056785,0.7016230219997679,-0.2197723580940894,Pipeline/FoldPairs/5jytA_2qkeE/output_AF/AF2_treek100_top10/ShallowMsa_011/5jytA/tmp_ShallowMsa_011__5jytA_unrelaxed_rank_001_alphafold2_ptm_model_3_seed_000.pdb,,-0.2281015257686801
AF2_treek100_top10,AF2,ShallowMsa_011,2qkeE,0.4818506639056785,0.7016230219997679,-0.2197723580940894,Pipeline/FoldPairs/5jytA_2qkeE/output_AF/AF2_treek100_top10/ShallowMsa_011/2qkeE/tmp_ShallowMsa_011__2qkeE_unrelaxed_rank_001_alphafold2_ptm_model_3_seed_000.pdb,,-0.2281015257686801
AF2_treek100_top10,AF2,ShallowMsa_012,5jytA,0.5354965755955563,0.5884297722741759,-0.05293319667861962,Pipeline/FoldPairs/5jytA_2qkeE/output_AF/AF2_treek100_top10/ShallowMsa_012/5jytA/tmp_ShallowMsa_012__5jytA_unrelaxed_rank_001_alphafold2_ptm_model_3_seed_000.pdb,,-0.06126236435321031
AF2_treek100_top10,AF2,ShallowMsa_012,2qkeE,0.5354965755955563,0.5884297722741759,-0.05293319667861962,Pipeline/FoldPairs/5jytA_2qkeE/output_AF/AF2_treek100_top10/ShallowMsa_012/2qkeE/tmp_ShallowMsa_012__2qkeE_unrelaxed_rank_001_alphafold2_ptm_model_3_seed_000.pdb,,-0.06126236435321031
AF2_treek100_top10,AF2,ShallowMsa_013,5jytA,0.6273818285834869,0.47465398761393146,0.15272784096955544,Pipeline/FoldPairs/5jytA_2qkeE/output_AF/AF2_treek100_top10/ShallowMsa_013/5jytA/tmp_ShallowMsa_013__5jytA_unrelaxed_rank_001_alphafold2_ptm_model_2_seed_000.pdb,,0.14439867329496475
AF2_treek100_top10,AF2,ShallowMsa_013,2qkeE,0.6273818285834869,0.47465398761393146,0.15272784096955544,Pipeline/FoldPairs/5jytA_2qkeE/output_AF/AF2_treek100_top10/ShallowMsa_013/2qkeE/tmp_ShallowMsa_013__2qkeE_unrelaxed_rank_001_alphafold2_ptm_model_2_seed_000.pdb,,0.14439867329496475
AF2_treek100_top10,AF2,ShallowMsa_014,5jytA,0.4878692294574152,0.5010683740362464,-0.013199144578831201,Pipeline/FoldPairs/5jytA_2qkeE/output_AF/AF2_treek100_top10/ShallowMsa_014/5jytA/tmp_ShallowMsa_014__5jytA_unrelaxed_rank_001_alphafold2_ptm_model_3_seed_000.pdb,,-0.02152831225342189
AF2_treek100_top10,AF2,ShallowMsa_014,2qkeE,0.4878692294574152,0.5010683740362464,-0.013199144578831201,Pipeline/FoldPairs/5jytA_2qkeE/output_AF/AF2_treek100_top10/ShallowMsa_014/2qkeE/tmp_ShallowMsa_014__2qkeE_unrelaxed_rank_001_alphafold2_ptm_model_3_seed_000.pdb,,-0.02152831225342189
AF2_treek100_top10,AF2,ShallowMsa_015,5jytA,0.3770363848991416,0.4096562536427389,-0.03261986874359729,Pipeline/FoldPairs/5jytA_2qkeE/output_AF/AF2_treek100_top10/ShallowMsa_015/5jytA/tmp_ShallowMsa_015__5jytA_unrelaxed_rank_001_alphafold2_ptm_model_4_seed_000.pdb,,-0.04094903641818798
AF2_treek100_top10,AF2,ShallowMsa_015,2qkeE,0.3770363848991416,0.4096562536427389,-0.03261986874359729,Pipeline/FoldPairs/5jytA_2qkeE/output_AF/AF2_treek100_top10/ShallowMsa_015/2qkeE/tmp_ShallowMsa_015__2qkeE_unrelaxed_rank_001_alphafold2_ptm_model_4_seed_000.pdb,,-0.04094903641818798
AF2_treek100_top10,AF2,ShallowMsa_016,5jytA,0.733425827319913,0.5243854542636034,0.20904037305630963,Pipeline/FoldPairs/5jytA_2qkeE/output_AF/AF2_treek100_top10/ShallowMsa_016/5jytA/tmp_ShallowMsa_016__5jytA_unrelaxed_rank_001_alphafold2_ptm_model_5_seed_000.pdb,,0.20071120538171894
AF2_treek100_top10,AF2,ShallowMsa_016,2qkeE,0.733425827319913,0.5243854542636034,0.20904037305630963,Pipeline/FoldPairs/5jytA_2qkeE/output_AF/AF2_treek100_top10/ShallowMsa_016/2qkeE/tmp_ShallowMsa_016__2qkeE_unrelaxed_rank_001_alphafold2_ptm_model_5_seed_000.pdb,,0.20071120538171894
AF2_treek100_top10,AF2,ShallowMsa_017,5jytA,0.6981643928691516,0.49728855325866,0.20087583961049155,Pipeline/FoldPairs/5jytA_2qkeE/output_AF/AF2_treek100_top10/ShallowMsa_017/5jytA/tmp_ShallowMsa_017__5jytA_unrelaxed_rank_001_alphafold2_ptm_model_2_seed_000.pdb,,0.19254667193590086
AF2_treek100_top10,AF2,ShallowMsa_017,2qkeE,0.6981643928691516,0.49728855325866,0.20087583961049155,Pipeline/FoldPairs/5jytA_2qkeE/output_AF/AF2_treek100_top10/ShallowMsa_017/2qkeE/tmp_ShallowMsa_017__2qkeE_unrelaxed_rank_001_alphafold2_ptm_model_2_seed_000.pdb,,0.19254667193590086
AF2_treek100_top10,AF2,ShallowMsa_018,5jytA,0.4359554262743317,0.606290160405022,-0.17033473413069034,Pipeline/FoldPairs/5jytA_2qkeE/output_AF/AF2_treek100_top10/ShallowMsa_018/5jytA/tmp_ShallowMsa_018__5jytA_unrelaxed_rank_001_alphafold2_ptm_model_4_seed_000.pdb,,-0.17866390180528102
AF2_treek100_top10,AF2,ShallowMsa_018,2qkeE,0.4359554262743317,0.606290160405022,-0.17033473413069034,Pipeline/FoldPairs/5jytA_2qkeE/output_AF/AF2_treek100_top10/ShallowMsa_018/2qkeE/tmp_ShallowMsa_018__2qkeE_unrelaxed_rank_001_alphafold2_ptm_model_4_seed_000.pdb,,-0.17866390180528102
AF2_treek100_top10,AF2,ShallowMsa_019,5jytA,0.5355249882905763,0.8858930860974626,-0.3503680978068864,Pipeline/FoldPairs/5jytA_2qkeE/output_AF/AF2_treek100_top10/ShallowMsa_019/5jytA/tmp_ShallowMsa_019__5jytA_unrelaxed_rank_001_alphafold2_ptm_model_5_seed_000.pdb,,-0.35869726548147707
AF2_treek100_top10,AF2,ShallowMsa_019,2qkeE,0.5355249882905763,0.8858930860974626,-0.3503680978068864,Pipeline/FoldPairs/5jytA_2qkeE/output_AF/AF2_treek100_top10/ShallowMsa_019/2qkeE/tmp_ShallowMsa_019__2qkeE_unrelaxed_rank_001_alphafold2_ptm_model_5_seed_000.pdb,,-0.35869726548147707
AF2_treek100_top10,AF2,ShallowMsa_020,5jytA,0.7687159449490861,0.5150290195275634,0.2536869254215227,Pipeline/FoldPairs/5jytA_2qkeE/output_AF/AF2_treek100_top10/ShallowMsa_020/5jytA/tmp_ShallowMsa_020__5jytA_unrelaxed_rank_001_alphafold2_ptm_model_1_seed_000.pdb,,0.24535775774693203
AF2_treek100_top10,AF2,ShallowMsa_020,2qkeE,0.7687159449490861,0.5150290195275634,0.2536869254215227,Pipeline/FoldPairs/5jytA_2qkeE/output_AF/AF2_treek100_top10/ShallowMsa_020/2qkeE/tmp_ShallowMsa_020__2qkeE_unrelaxed_rank_001_alphafold2_ptm_model_1_seed_000.pdb,,0.24535775774693203
AF2_treek100_top10,AF2,ShallowMsa_021,5jytA,0.6010992340850414,0.3941391098790826,0.20696012420595877,Pipeline/FoldPairs/5jytA_2qkeE/output_AF/AF2_treek100_top10/ShallowMsa_021/5jytA/tmp_ShallowMsa_021__5jytA_unrelaxed_rank_001_alphafold2_ptm_model_5_seed_000.pdb,,0.19863095653136809
AF2_treek100_top10,AF2,ShallowMsa_021,2qkeE,0.6010992340850414,0.3941391098790826,0.20696012420595877,Pipeline/FoldPairs/5jytA_2qkeE/output_AF/AF2_treek100_top10/ShallowMsa_021/2qkeE/tmp_ShallowMsa_021__2qkeE_unrelaxed_rank_001_alphafold2_ptm_model_5_seed_000.pdb,,0.19863095653136809
AF2_treek100_top10,AF2,ShallowMsa_022,5jytA,0.3527076016343021,0.3224498773693013,0.030257724265000785,Pipeline/FoldPairs/5jytA_2qkeE/output_AF/AF2_treek100_top10/ShallowMsa_022/5jytA/tmp_ShallowMsa_022__5jytA_unrelaxed_rank_001_alphafold2_ptm_model_4_seed_000.pdb,,0.021928556590410098
AF2_treek100_top10,AF2,ShallowMsa_022,2qkeE,0.3527076016343021,0.3224498773693013,0.030257724265000785,Pipeline/FoldPairs/5jytA_2qkeE/output_AF/AF2_treek100_top10/ShallowMsa_022/2qkeE/tmp_ShallowMsa_022__2qkeE_unrelaxed_rank_001_alphafold2_ptm_model_4_seed_000.pdb,,0.021928556590410098
AF2_treek100_top10,AF2,ShallowMsa_023,5jytA,0.7424341041943318,0.5009322562368417,0.24150184795749008,Pipeline/FoldPairs/5jytA_2qkeE/output_AF/AF2_treek100_top10/ShallowMsa_023/5jytA/tmp_ShallowMsa_023__5jytA_unrelaxed_rank_001_alphafold2_ptm_model_3_seed_000.pdb,,0.2331726802828994
AF2_treek100_top10,AF2,ShallowMsa_023,2qkeE,0.7424341041943318,0.5009322562368417,0.24150184795749008,Pipeline/FoldPairs/5jytA_2qkeE/output_AF/AF2_treek100_top10/ShallowMsa_023/2qkeE/tmp_ShallowMsa_023__2qkeE_unrelaxed_rank_001_alphafold2_ptm_model_3_seed_000.pdb,,0.2331726802828994
AF2_treek100_top10,AF2,ShallowMsa_024,5jytA,0.5013185554854506,0.6402465575351868,-0.1389280020497362,Pipeline/FoldPairs/5jytA_2qkeE/output_AF/AF2_treek100_top10/ShallowMsa_024/5jytA/tmp_ShallowMsa_024__5jytA_unrelaxed_rank_001_alphafold2_ptm_model_5_seed_000.pdb,,-0.1472571697243269
AF2_treek100_top10,AF2,ShallowMsa_024,2qkeE,0.5013185554854506,0.6402465575351868,-0.1389280020497362,Pipeline/FoldPairs/5jytA_2qkeE/output_AF/AF2_treek100_top10/ShallowMsa_024/2qkeE/tmp_ShallowMsa_024__2qkeE_unrelaxed_rank_001_alphafold2_ptm_model_5_seed_000.pdb,,-0.1472571697243269
AF2_treek100_top10,AF2,ShallowMsa_025,5jytA,0.6795591099666354,0.473462690816121,0.20609641915051435,Pipeline/FoldPairs/5jytA_2qkeE/output_AF/AF2_treek100_top10/ShallowMsa_025/5jytA/tmp_ShallowMsa_025__5jytA_unrelaxed_rank_001_alphafold2_ptm_model_5_seed_000.pdb,,0.19776725147592367
AF2_treek100_top10,AF2,ShallowMsa_025,2qkeE,0.6795591099666354,0.473462690816121,0.20609641915051435,Pipeline/FoldPairs/5jytA_2qkeE/output_AF/AF2_treek100_top10/ShallowMsa_025/2qkeE/tmp_ShallowMsa_025__2qkeE_unrelaxed_rank_001_alphafold2_ptm_model_5_seed_000.pdb,,0.19776725147592367
AF2_treek100_top10,AF2,ShallowMsa_026,5jytA,0.505078720390351,0.5461294014098181,-0.04105068101946718,Pipeline/FoldPairs/5jytA_2qkeE/output_AF/AF2_treek100_top10/ShallowMsa_026/5jytA/tmp_ShallowMsa_026__5jytA_unrelaxed_rank_001_alphafold2_ptm_model_3_seed_000.pdb,,-0.04937984869405787
AF2_treek100_top10,AF2,ShallowMsa_026,2qkeE,0.505078720390351,0.5461294014098181,-0.04105068101946718,Pipeline/FoldPairs/5jytA_2qkeE/output_AF/AF2_treek100_top10/ShallowMsa_026/2qkeE/tmp_ShallowMsa_026__2qkeE_unrelaxed_rank_001_alphafold2_ptm_model_3_seed_000.pdb,,-0.04937984869405787
AF2_treek100_top10,AF2,ShallowMsa_027,5jytA,0.6256247643185425,0.5004804403609148,0.12514432395762776,Pipeline/FoldPairs/5jytA_2qkeE/output_AF/AF2_treek100_top10/ShallowMsa_027/5jytA/tmp_ShallowMsa_027__5jytA_unrelaxed_rank_001_alphafold2_ptm_model_3_seed_000.pdb,,0.11681515628303707
AF2_treek100_top10,AF2,ShallowMsa_027,2qkeE,0.6256247643185425,0.5004804403609148,0.12514432395762776,Pipeline/FoldPairs/5jytA_2qkeE/output_AF/AF2_treek100_top10/ShallowMsa_027/2qkeE/tmp_ShallowMsa_027__2qkeE_unrelaxed_rank_001_alphafold2_ptm_model_3_seed_000.pdb,,0.11681515628303707
AF2_treek100_top10,AF2,ShallowMsa_028,5jytA,0.710068928341971,0.5011377793971781,0.20893114894479292,Pipeline/FoldPairs/5jytA_2qkeE/output_AF/AF2_treek100_top10/ShallowMsa_028/5jytA/tmp_ShallowMsa_028__5jytA_unrelaxed_rank_001_alphafold2_ptm_model_3_seed_000.pdb,,0.20060198127020223
AF2_treek100_top10,AF2,ShallowMsa_028,2qkeE,0.710068928341971,0.5011377793971781,0.20893114894479292,Pipeline/FoldPairs/5jytA_2qkeE/output_AF/AF2_treek100_top10/ShallowMsa_028/2qkeE/tmp_ShallowMsa_028__2qkeE_unrelaxed_rank_001_alphafold2_ptm_model_3_seed_000.pdb,,0.20060198127020223
AF2_treek100_top10,AF2,ShallowMsa_029,5jytA,0.47300640621958273,0.7656197507147954,-0.29261334449521265,Pipeline/FoldPairs/5jytA_2qkeE/output_AF/AF2_treek100_top10/ShallowMsa_029/5jytA/tmp_ShallowMsa_029__5jytA_unrelaxed_rank_001_alphafold2_ptm_model_3_seed_000.pdb,,-0.30094251216980333
AF2_treek100_top10,AF2,ShallowMsa_029,2qkeE,0.47300640621958273,0.7656197507147954,-0.29261334449521265,Pipeline/FoldPairs/5jytA_2qkeE/output_AF/AF2_treek100_top10/ShallowMsa_029/2qkeE/tmp_ShallowMsa_029__2qkeE_unrelaxed_rank_001_alphafold2_ptm_model_3_seed_000.pdb,,-0.30094251216980333
AF2_treek100_top10,AF2,ShallowMsa_030,5jytA,0.5225640831514785,0.7737912114491595,-0.251227128297681,Pipeline/FoldPairs/5jytA_2qkeE/output_AF/AF2_treek100_top10/ShallowMsa_030/5jytA/tmp_ShallowMsa_030__5jytA_unrelaxed_rank_001_alphafold2_ptm_model_5_seed_000.pdb,,-0.2595562959722717
AF2_treek100_top10,AF2,ShallowMsa_030,2qkeE,0.5225640831514785,0.7737912114491595,-0.251227128297681,Pipeline/FoldPairs/5jytA_2qkeE/output_AF/AF2_treek100_top10/ShallowMsa_030/2qkeE/tmp_ShallowMsa_030__2qkeE_unrelaxed_rank_001_alphafold2_ptm_model_5_seed_000.pdb,,-0.2595562959722717
AF2_treek100_top10,AF2,ShallowMsa_031,5jytA,0.740340589540106,0.47439291491979235,0.2659476746203136,Pipeline/FoldPairs/5jytA_2qkeE/output_AF/AF2_treek100_top10/ShallowMsa_031/5jytA/tmp_ShallowMsa_031__5jytA_unrelaxed_rank_001_alphafold2_ptm_model_2_seed_000.pdb,,0.2576185069457229
AF2_treek100_top10,AF2,ShallowMsa_031,2qkeE,0.740340589540106,0.47439291491979235,0.2659476746203136,Pipeline/FoldPairs/5jytA_2qkeE/output_AF/AF2_treek100_top10/ShallowMsa_031/2qkeE/tmp_ShallowMsa_031__2qkeE_unrelaxed_rank_001_alphafold2_ptm_model_2_seed_000.pdb,,0.2576185069457229
AF2_treek100_top10,AF2,ShallowMsa_032,5jytA,0.519833081429013,0.7757340377865363,-0.2559009563575233,Pipeline/FoldPairs/5jytA_2qkeE/output_AF/AF2_treek100_top10/ShallowMsa_032/5jytA/tmp_ShallowMsa_032__5jytA_unrelaxed_rank_001_alphafold2_ptm_model_3_seed_000.pdb,,-0.264230124032114
AF2_treek100_top10,AF2,ShallowMsa_032,2qkeE,0.519833081429013,0.7757340377865363,-0.2559009563575233,Pipeline/FoldPairs/5jytA_2qkeE/output_AF/AF2_treek100_top10/ShallowMsa_032/2qkeE/tmp_ShallowMsa_032__2qkeE_unrelaxed_rank_001_alphafold2_ptm_model_3_seed_000.pdb,,-0.264230124032114
AF2_treek100_top10,AF2,ShallowMsa_033,5jytA,0.5547229249433306,0.48803268924159043,0.06669023570174021,Pipeline/FoldPairs/5jytA_2qkeE/output_AF/AF2_treek100_top10/ShallowMsa_033/5jytA/tmp_ShallowMsa_033__5jytA_unrelaxed_rank_001_alphafold2_ptm_model_4_seed_000.pdb,,0.05836106802714952
AF2_treek100_top10,AF2,ShallowMsa_033,2qkeE,0.5547229249433306,0.48803268924159043,0.06669023570174021,Pipeline/FoldPairs/5jytA_2qkeE/output_AF/AF2_treek100_top10/ShallowMsa_033/2qkeE/tmp_ShallowMsa_033__2qkeE_unrelaxed_rank_001_alphafold2_ptm_model_4_seed_000.pdb,,0.05836106802714952
AF2_treek100_top10,AF2,ShallowMsa_034,5jytA,0.7630426911147747,0.5125036058251551,0.25053908528961966,Pipeline/FoldPairs/5jytA_2qkeE/output_AF/AF2_treek100_top10/ShallowMsa_034/5jytA/tmp_ShallowMsa_034__5jytA_unrelaxed_rank_001_alphafold2_ptm_model_5_seed_000.pdb,,0.24220991761502897
AF2_treek100_top10,AF2,ShallowMsa_034,2qkeE,0.7630426911147747,0.5125036058251551,0.25053908528961966,Pipeline/FoldPairs/5jytA_2qkeE/output_AF/AF2_treek100_top10/ShallowMsa_034/2qkeE/tmp_ShallowMsa_034__2qkeE_unrelaxed_rank_001_alphafold2_ptm_model_5_seed_000.pdb,,0.24220991761502897
AF2_treek100_top10,AF2,ShallowMsa_035,5jytA,0.5036282654843647,0.4816361189836788,0.021992146500685872,Pipeline/FoldPairs/5jytA_2qkeE/output_AF/AF2_treek100_top10/ShallowMsa_035/5jytA/tmp_ShallowMsa_035__5jytA_unrelaxed_rank_001_alphafold2_ptm_model_1_seed_000.pdb,,0.013662978826095185
AF2_treek100_top10,AF2,ShallowMsa_035,2qkeE,0.5036282654843647,0.4816361189836788,0.021992146500685872,Pipeline/FoldPairs/5jytA_2qkeE/output_AF/AF2_treek100_top10/ShallowMsa_035/2qkeE/tmp_ShallowMsa_035__2qkeE_unrelaxed_rank_001_alphafold2_ptm_model_1_seed_000.pdb,,0.013662978826095185
AF2_treek100_top10,AF2,ShallowMsa_036,5jytA,0.48351158150432416,0.41540310361752136,0.0681084778868028,Pipeline/FoldPairs/5jytA_2qkeE/output_AF/AF2_treek100_top10/ShallowMsa_036/5jytA/tmp_ShallowMsa_036__5jytA_unrelaxed_rank_001_alphafold2_ptm_model_5_seed_000.pdb,,0.05977931021221211
AF2_treek100_top10,AF2,ShallowMsa_036,2qkeE,0.48351158150432416,0.41540310361752136,0.0681084778868028,Pipeline/FoldPairs/5jytA_2qkeE/output_AF/AF2_treek100_top10/ShallowMsa_036/2qkeE/tmp_ShallowMsa_036__2qkeE_unrelaxed_rank_001_alphafold2_ptm_model_5_seed_000.pdb,,0.05977931021221211
AF2_treek100_top10,AF2,ShallowMsa_037,5jytA,0.5620828725374509,0.8534337710353098,-0.2913508984978589,Pipeline/FoldPairs/5jytA_2qkeE/output_AF/AF2_treek100_top10/ShallowMsa_037/5jytA/tmp_ShallowMsa_037__5jytA_unrelaxed_rank_001_alphafold2_ptm_model_4_seed_000.pdb,,-0.2996800661724496
AF2_treek100_top10,AF2,ShallowMsa_037,2qkeE,0.5620828725374509,0.8534337710353098,-0.2913508984978589,Pipeline/FoldPairs/5jytA_2qkeE/output_AF/AF2_treek100_top10/ShallowMsa_037/2qkeE/tmp_ShallowMsa_037__2qkeE_unrelaxed_rank_001_alphafold2_ptm_model_4_seed_000.pdb,,-0.2996800661724496
AF2_treek100_top10,AF2,ShallowMsa_038,5jytA,0.5064791024082986,0.6942289031775626,-0.18774980076926395,Pipeline/FoldPairs/5jytA_2qkeE/output_AF/AF2_treek100_top10/ShallowMsa_038/5jytA/tmp_ShallowMsa_038__5jytA_unrelaxed_rank_001_alphafold2_ptm_model_3_seed_000.pdb,,-0.19607896844385464
AF2_treek100_top10,AF2,ShallowMsa_038,2qkeE,0.5064791024082986,0.6942289031775626,-0.18774980076926395,Pipeline/FoldPairs/5jytA_2qkeE/output_AF/AF2_treek100_top10/ShallowMsa_038/2qkeE/tmp_ShallowMsa_038__2qkeE_unrelaxed_rank_001_alphafold2_ptm_model_3_seed_000.pdb,,-0.19607896844385464
AF2_treek100_top10,AF2,ShallowMsa_039,5jytA,0.5362093245326578,0.5875036614814371,-0.05129433694877927,Pipeline/FoldPairs/5jytA_2qkeE/output_AF/AF2_treek100_top10/ShallowMsa_039/5jytA/tmp_ShallowMsa_039__5jytA_unrelaxed_rank_001_alphafold2_ptm_model_3_seed_000.pdb,,-0.05962350462336996
AF2_treek100_top10,AF2,ShallowMsa_039,2qkeE,0.5362093245326578,0.5875036614814371,-0.05129433694877927,Pipeline/FoldPairs/5jytA_2qkeE/output_AF/AF2_treek100_top10/ShallowMsa_039/2qkeE/tmp_ShallowMsa_039__2qkeE_unrelaxed_rank_001_alphafold2_ptm_model_3_seed_000.pdb,,-0.05962350462336996
AF2_treek100_top10,AF2,ShallowMsa_040,5jytA,0.39217939303947336,0.3681682401795755,0.024011152859897855,Pipeline/FoldPairs/5jytA_2qkeE/output_AF/AF2_treek100_top10/ShallowMsa_040/5jytA/tmp_ShallowMsa_040__5jytA_unrelaxed_rank_001_alphafold2_ptm_model_2_seed_000.pdb,,0.015681985185307168
AF2_treek100_top10,AF2,ShallowMsa_040,2qkeE,0.39217939303947336,0.3681682401795755,0.024011152859897855,Pipeline/FoldPairs/5jytA_2qkeE/output_AF/AF2_treek100_top10/ShallowMsa_040/2qkeE/tmp_ShallowMsa_040__2qkeE_unrelaxed_rank_001_alphafold2_ptm_model_2_seed_000.pdb,,0.015681985185307168
AF2_treek100_top10,AF2,ShallowMsa_041,5jytA,0.7295338426714835,0.5401547065495913,0.18937913612189217,Pipeline/FoldPairs/5jytA_2qkeE/output_AF/AF2_treek100_top10/ShallowMsa_041/5jytA/tmp_ShallowMsa_041__5jytA_unrelaxed_rank_001_alphafold2_ptm_model_4_seed_000.pdb,,0.18104996844730148
AF2_treek100_top10,AF2,ShallowMsa_041,2qkeE,0.7295338426714835,0.5401547065495913,0.18937913612189217,Pipeline/FoldPairs/5jytA_2qkeE/output_AF/AF2_treek100_top10/ShallowMsa_041/2qkeE/tmp_ShallowMsa_041__2qkeE_unrelaxed_rank_001_alphafold2_ptm_model_4_seed_000.pdb,,0.18104996844730148
AF2_treek100_top10,AF2,ShallowMsa_042,5jytA,0.5757333797139264,0.8575302525060418,-0.2817968727921154,Pipeline/FoldPairs/5jytA_2qkeE/output_AF/AF2_treek100_top10/ShallowMsa_042/5jytA/tmp_ShallowMsa_042__5jytA_unrelaxed_rank_001_alphafold2_ptm_model_5_seed_000.pdb,,-0.2901260404667061
AF2_treek100_top10,AF2,ShallowMsa_042,2qkeE,0.5757333797139264,0.8575302525060418,-0.2817968727921154,Pipeline/FoldPairs/5jytA_2qkeE/output_AF/AF2_treek100_top10/ShallowMsa_042/2qkeE/tmp_ShallowMsa_042__2qkeE_unrelaxed_rank_001_alphafold2_ptm_model_5_seed_000.pdb,,-0.2901260404667061
AF2_treek100_top10,AF2,ShallowMsa_043,5jytA,0.45298398272942075,0.4869747232456275,-0.03399074051620676,Pipeline/FoldPairs/5jytA_2qkeE/output_AF/AF2_treek100_top10/ShallowMsa_043/5jytA/tmp_ShallowMsa_043__5jytA_unrelaxed_rank_001_alphafold2_ptm_model_3_seed_000.pdb,,-0.04231990819079745
AF2_treek100_top10,AF2,ShallowMsa_043,2qkeE,0.45298398272942075,0.4869747232456275,-0.03399074051620676,Pipeline/FoldPairs/5jytA_2qkeE/output_AF/AF2_treek100_top10/ShallowMsa_043/2qkeE/tmp_ShallowMsa_043__2qkeE_unrelaxed_rank_001_alphafold2_ptm_model_3_seed_000.pdb,,-0.04231990819079745
AF2_treek100_top10,AF2,ShallowMsa_044,5jytA,0.6041226249194332,0.5461155890954519,0.05800703582398137,Pipeline/FoldPairs/5jytA_2qkeE/output_AF/AF2_treek100_top10/ShallowMsa_044/5jytA/tmp_ShallowMsa_044__5jytA_unrelaxed_rank_001_alphafold2_ptm_model_3_seed_000.pdb,,0.04967786814939068
AF2_treek100_top10,AF2,ShallowMsa_044,2qkeE,0.6041226249194332,0.5461155890954519,0.05800703582398137,Pipeline/FoldPairs/5jytA_2qkeE/output_AF/AF2_treek100_top10/ShallowMsa_044/2qkeE/tmp_ShallowMsa_044__2qkeE_unrelaxed_rank_001_alphafold2_ptm_model_3_seed_000.pdb,,0.04967786814939068
AF2_treek100_top10,AF2,ShallowMsa_045,5jytA,0.6657626409888852,0.5121701043146207,0.15359253667426442,Pipeline/FoldPairs/5jytA_2qkeE/output_AF/AF2_treek100_top10/ShallowMsa_045/5jytA/tmp_ShallowMsa_045__5jytA_unrelaxed_rank_001_alphafold2_ptm_model_3_seed_000.pdb,,0.14526336899967374
AF2_treek100_top10,AF2,ShallowMsa_045,2qkeE,0.6657626409888852,0.5121701043146207,0.15359253667426442,Pipeline/FoldPairs/5jytA_2qkeE/output_AF/AF2_treek100_top10/ShallowMsa_045/2qkeE/tmp_ShallowMsa_045__2qkeE_unrelaxed_rank_001_alphafold2_ptm_model_3_seed_000.pdb,,0.14526336899967374
AF2_treek100_top10,AF2,ShallowMsa_046,5jytA,0.6225627188414697,0.44280243926884755,0.1797602795726222,Pipeline/FoldPairs/5jytA_2qkeE/output_AF/AF2_treek100_top10/ShallowMsa_046/5jytA/tmp_ShallowMsa_046__5jytA_unrelaxed_rank_001_alphafold2_ptm_model_4_seed_000.pdb,,0.1714311118980315
AF2_treek100_top10,AF2,ShallowMsa_046,2qkeE,0.6225627188414697,0.44280243926884755,0.1797602795726222,Pipeline/FoldPairs/5jytA_2qkeE/output_AF/AF2_treek100_top10/ShallowMsa_046/2qkeE/tmp_ShallowMsa_046__2qkeE_unrelaxed_rank_001_alphafold2_ptm_model_4_seed_000.pdb,,0.1714311118980315
AF2_treek100_top10,AF2,ShallowMsa_047,5jytA,0.6817430519657222,0.5844946592755279,0.09724839269019425,Pipeline/FoldPairs/5jytA_2qkeE/output_AF/AF2_treek100_top10/ShallowMsa_047/5jytA/tmp_ShallowMsa_047__5jytA_unrelaxed_rank_001_alphafold2_ptm_model_4_seed_000.pdb,,0.08891922501560356
AF2_treek100_top10,AF2,ShallowMsa_047,2qkeE,0.6817430519657222,0.5844946592755279,0.09724839269019425,Pipeline/FoldPairs/5jytA_2qkeE/output_AF/AF2_treek100_top10/ShallowMsa_047/2qkeE/tmp_ShallowMsa_047__2qkeE_unrelaxed_rank_001_alphafold2_ptm_model_4_seed_000.pdb,,0.08891922501560356
AF2_treek100_top10,AF2,ShallowMsa_048,5jytA,0.48505357438413393,0.7383665424103141,-0.25331296802618014,Pipeline/FoldPairs/5jytA_2qkeE/output_AF/AF2_treek100_top10/ShallowMsa_048/5jytA/tmp_ShallowMsa_048__5jytA_unrelaxed_rank_001_alphafold2_ptm_model_3_seed_000.pdb,,-0.26164213570077083
AF2_treek100_top10,AF2,ShallowMsa_048,2qkeE,0.48505357438413393,0.7383665424103141,-0.25331296802618014,Pipeline/FoldPairs/5jytA_2qkeE/output_AF/AF2_treek100_top10/ShallowMsa_048/2qkeE/tmp_ShallowMsa_048__2qkeE_unrelaxed_rank_001_alphafold2_ptm_model_3_seed_000.pdb,,-0.26164213570077083
AF2_treek100_top10,AF2,ShallowMsa_049,5jytA,0.4640279856787373,0.6200571068155687,-0.15602912113683137,Pipeline/FoldPairs/5jytA_2qkeE/output_AF/AF2_treek100_top10/ShallowMsa_049/5jytA/tmp_ShallowMsa_049__5jytA_unrelaxed_rank_001_alphafold2_ptm_model_4_seed_000.pdb,,-0.16435828881142206
AF2_treek100_top10,AF2,ShallowMsa_049,2qkeE,0.4640279856787373,0.6200571068155687,-0.15602912113683137,Pipeline/FoldPairs/5jytA_2qkeE/output_AF/AF2_treek100_top10/ShallowMsa_049/2qkeE/tmp_ShallowMsa_049__2qkeE_unrelaxed_rank_001_alphafold2_ptm_model_4_seed_000.pdb,,-0.16435828881142206
AF2_treek100_top10,AF2,ShallowMsa_051,5jytA,0.686243410619314,0.4871590324138602,0.19908437820545383,Pipeline/FoldPairs/5jytA_2qkeE/output_AF/AF2_treek100_top10/ShallowMsa_051/5jytA/tmp_ShallowMsa_051__5jytA_unrelaxed_rank_001_alphafold2_ptm_model_2_seed_000.pdb,,0.19075521053086314
AF2_treek100_top10,AF2,ShallowMsa_051,2qkeE,0.686243410619314,0.4871590324138602,0.19908437820545383,Pipeline/FoldPairs/5jytA_2qkeE/output_AF/AF2_treek100_top10/ShallowMsa_051/2qkeE/tmp_ShallowMsa_051__2qkeE_unrelaxed_rank_001_alphafold2_ptm_model_2_seed_000.pdb,,0.19075521053086314
AF2_treek100_top10,AF2,ShallowMsa_052,5jytA,0.5467671026606037,0.525412671466994,0.02135443119360969,Pipeline/FoldPairs/5jytA_2qkeE/output_AF/AF2_treek100_top10/ShallowMsa_052/5jytA/tmp_ShallowMsa_052__5jytA_unrelaxed_rank_001_alphafold2_ptm_model_4_seed_000.pdb,,0.013025263519019004
AF2_treek100_top10,AF2,ShallowMsa_052,2qkeE,0.5467671026606037,0.525412671466994,0.02135443119360969,Pipeline/FoldPairs/5jytA_2qkeE/output_AF/AF2_treek100_top10/ShallowMsa_052/2qkeE/tmp_ShallowMsa_052__2qkeE_unrelaxed_rank_001_alphafold2_ptm_model_4_seed_000.pdb,,0.013025263519019004
AF2_treek100_top10,AF2,ShallowMsa_053,5jytA,0.48648667046414856,0.7807648383470276,-0.294278167882879,Pipeline/FoldPairs/5jytA_2qkeE/output_AF/AF2_treek100_top10/ShallowMsa_053/5jytA/tmp_ShallowMsa_053__5jytA_unrelaxed_rank_001_alphafold2_ptm_model_4_seed_000.pdb,,-0.3026073355574697
AF2_treek100_top10,AF2,ShallowMsa_053,2qkeE,0.5065120460838105,0.7920797058162129,-0.2855676597324024,Pipeline/FoldPairs/5jytA_2qkeE/output_AF/AF2_treek100_top10/ShallowMsa_053/2qkeE/tmp_ShallowMsa_053__2qkeE_unrelaxed_rank_001_alphafold2_ptm_model_4_seed_000.pdb,,-0.2938968274069931
AF2_treek100_top10,AF2,ShallowMsa_054,5jytA,0.5395736028948949,0.7285186580190735,-0.18894505512417858,Pipeline/FoldPairs/5jytA_2qkeE/output_AF/AF2_treek100_top10/ShallowMsa_054/5jytA/tmp_ShallowMsa_054__5jytA_unrelaxed_rank_001_alphafold2_ptm_model_4_seed_000.pdb,,-0.19727422279876927
AF2_treek100_top10,AF2,ShallowMsa_054,2qkeE,0.5395736028948949,0.7285186580190735,-0.18894505512417858,Pipeline/FoldPairs/5jytA_2qkeE/output_AF/AF2_treek100_top10/ShallowMsa_054/2qkeE/tmp_ShallowMsa_054__2qkeE_unrelaxed_rank_001_alphafold2_ptm_model_4_seed_000.pdb,,-0.19727422279876927
AF2_treek100_top10,AF2,ShallowMsa_055,5jytA,0.5518345711854065,0.8483490357674093,-0.2965144645820028,Pipeline/FoldPairs/5jytA_2qkeE/output_AF/AF2_treek100_top10/ShallowMsa_055/5jytA/tmp_ShallowMsa_055__5jytA_unrelaxed_rank_001_alphafold2_ptm_model_4_seed_000.pdb,,-0.3048436322565935
AF2_treek100_top10,AF2,ShallowMsa_055,2qkeE,0.5518345711854065,0.8483490357674093,-0.2965144645820028,Pipeline/FoldPairs/5jytA_2qkeE/output_AF/AF2_treek100_top10/ShallowMsa_055/2qkeE/tmp_ShallowMsa_055__2qkeE_unrelaxed_rank_001_alphafold2_ptm_model_4_seed_000.pdb,,-0.3048436322565935
AF2_treek100_top10,AF2,ShallowMsa_056,5jytA,0.7766892338902953,0.48899677284886794,0.28769246104142737,Pipeline/FoldPairs/5jytA_2qkeE/output_AF/AF2_treek100_top10/ShallowMsa_056/5jytA/tmp_ShallowMsa_056__5jytA_unrelaxed_rank_001_alphafold2_ptm_model_5_seed_000.pdb,,0.2793632933668367
AF2_treek100_top10,AF2,ShallowMsa_056,2qkeE,0.7766892338902953,0.48899677284886794,0.28769246104142737,Pipeline/FoldPairs/5jytA_2qkeE/output_AF/AF2_treek100_top10/ShallowMsa_056/2qkeE/tmp_ShallowMsa_056__2qkeE_unrelaxed_rank_001_alphafold2_ptm_model_5_seed_000.pdb,,0.2793632933668367
AF2_treek100_top10,AF2,ShallowMsa_057,5jytA,0.47487097339876805,0.49034362633967477,-0.015472652940906717,Pipeline/FoldPairs/5jytA_2qkeE/output_AF/AF2_treek100_top10/ShallowMsa_057/5jytA/tmp_ShallowMsa_057__5jytA_unrelaxed_rank_001_alphafold2_ptm_model_3_seed_000.pdb,,-0.023801820615497404
AF2_treek100_top10,AF2,ShallowMsa_057,2qkeE,0.47487097339876805,0.49034362633967477,-0.015472652940906717,Pipeline/FoldPairs/5jytA_2qkeE/output_AF/AF2_treek100_top10/ShallowMsa_057/2qkeE/tmp_ShallowMsa_057__2qkeE_unrelaxed_rank_001_alphafold2_ptm_model_3_seed_000.pdb,,-0.023801820615497404
AF2_treek100_top10,AF2,ShallowMsa_058,5jytA,0.6383373075223415,0.5143491564658866,0.12398815105645489,Pipeline/FoldPairs/5jytA_2qkeE/output_AF/AF2_treek100_top10/ShallowMsa_058/5jytA/tmp_ShallowMsa_058__5jytA_unrelaxed_rank_001_alphafold2_ptm_model_5_seed_000.pdb,,0.1156589833818642
AF2_treek100_top10,AF2,ShallowMsa_058,2qkeE,0.6383373075223415,0.5143491564658866,0.12398815105645489,Pipeline/FoldPairs/5jytA_2qkeE/output_AF/AF2_treek100_top10/ShallowMsa_058/2qkeE/tmp_ShallowMsa_058__2qkeE_unrelaxed_rank_001_alphafold2_ptm_model_5_seed_000.pdb,,0.1156589833818642
AF2_treek100_top10,AF2,ShallowMsa_059,5jytA,0.7546089823754031,0.5216526582663582,0.23295632410904488,Pipeline/FoldPairs/5jytA_2qkeE/output_AF/AF2_treek100_top10/ShallowMsa_059/5jytA/tmp_ShallowMsa_059__5jytA_unrelaxed_rank_001_alphafold2_ptm_model_3_seed_000.pdb,,0.2246271564344542
AF2_treek100_top10,AF2,ShallowMsa_059,2qkeE,0.7546089823754031,0.5216526582663582,0.23295632410904488,Pipeline/FoldPairs/5jytA_2qkeE/output_AF/AF2_treek100_top10/ShallowMsa_059/2qkeE/tmp_ShallowMsa_059__2qkeE_unrelaxed_rank_001_alphafold2_ptm_model_3_seed_000.pdb,,0.2246271564344542
AF2_treek100_top10,AF2,ShallowMsa_060,5jytA,0.8164038966074109,0.5157453739611717,0.30065852264623916,Pipeline/FoldPairs/5jytA_2qkeE/output_AF/AF2_treek100_top10/ShallowMsa_060/5jytA/tmp_ShallowMsa_060__5jytA_unrelaxed_rank_001_alphafold2_ptm_model_3_seed_000.pdb,,0.29232935497164847
AF2_treek100_top10,AF2,ShallowMsa_060,2qkeE,0.8164038966074109,0.5157453739611717,0.30065852264623916,Pipeline/FoldPairs/5jytA_2qkeE/output_AF/AF2_treek100_top10/ShallowMsa_060/2qkeE/tmp_ShallowMsa_060__2qkeE_unrelaxed_rank_001_alphafold2_ptm_model_3_seed_000.pdb,,0.29232935497164847
AF2_treek100_top10,AF2,ShallowMsa_061,5jytA,0.4267863798374597,0.4318102959383742,-0.005023916100914516,Pipeline/FoldPairs/5jytA_2qkeE/output_AF/AF2_treek100_top10/ShallowMsa_061/5jytA/tmp_ShallowMsa_061__5jytA_unrelaxed_rank_001_alphafold2_ptm_model_2_seed_000.pdb,,-0.013353083775505203
AF2_treek100_top10,AF2,ShallowMsa_061,2qkeE,0.4267863798374597,0.4318102959383742,-0.005023916100914516,Pipeline/FoldPairs/5jytA_2qkeE/output_AF/AF2_treek100_top10/ShallowMsa_061/2qkeE/tmp_ShallowMsa_061__2qkeE_unrelaxed_rank_001_alphafold2_ptm_model_2_seed_000.pdb,,-0.013353083775505203
AF2_treek100_top10,AF2,ShallowMsa_062,5jytA,0.7524222341111824,0.46610399657617513,0.28631823753500724,Pipeline/FoldPairs/5jytA_2qkeE/output_AF/AF2_treek100_top10/ShallowMsa_062/5jytA/tmp_ShallowMsa_062__5jytA_unrelaxed_rank_001_alphafold2_ptm_model_4_seed_000.pdb,,0.27798906986041655
AF2_treek100_top10,AF2,ShallowMsa_062,2qkeE,0.7524222341111824,0.46610399657617513,0.28631823753500724,Pipeline/FoldPairs/5jytA_2qkeE/output_AF/AF2_treek100_top10/ShallowMsa_062/2qkeE/tmp_ShallowMsa_062__2qkeE_unrelaxed_rank_001_alphafold2_ptm_model_4_seed_000.pdb,,0.27798906986041655
AF2_treek100_top10,AF2,ShallowMsa_063,5jytA,0.5699854621258216,0.788910909069148,-0.21892544694332638,Pipeline/FoldPairs/5jytA_2qkeE/output_AF/AF2_treek100_top10/ShallowMsa_063/5jytA/tmp_ShallowMsa_063__5jytA_unrelaxed_rank_001_alphafold2_ptm_model_3_seed_000.pdb,,-0.22725461461791707
AF2_treek100_top10,AF2,ShallowMsa_063,2qkeE,0.5699854621258216,0.788910909069148,-0.21892544694332638,Pipeline/FoldPairs/5jytA_2qkeE/output_AF/AF2_treek100_top10/ShallowMsa_063/2qkeE/tmp_ShallowMsa_063__2qkeE_unrelaxed_rank_001_alphafold2_ptm_model_3_seed_000.pdb,,-0.22725461461791707
AF2_treek100_top10,AF2,ShallowMsa_064,5jytA,0.5863354658294168,0.5469139412245766,0.039421524604840164,Pipeline/FoldPairs/5jytA_2qkeE/output_AF/AF2_treek100_top10/ShallowMsa_064/5jytA/tmp_ShallowMsa_064__5jytA_unrelaxed_rank_001_alphafold2_ptm_model_4_seed_000.pdb,,0.031092356930249476
AF2_treek100_top10,AF2,ShallowMsa_064,2qkeE,0.5863354658294168,0.5469139412245766,0.039421524604840164,Pipeline/FoldPairs/5jytA_2qkeE/output_AF/AF2_treek100_top10/ShallowMsa_064/2qkeE/tmp_ShallowMsa_064__2qkeE_unrelaxed_rank_001_alphafold2_ptm_model_4_seed_000.pdb,,0.031092356930249476
AF2_treek100_top10,AF2,ShallowMsa_065,5jytA,0.5480159915513927,0.5815361279166207,-0.03352013636522799,Pipeline/FoldPairs/5jytA_2qkeE/output_AF/AF2_treek100_top10/ShallowMsa_065/5jytA/tmp_ShallowMsa_065__5jytA_unrelaxed_rank_001_alphafold2_ptm_model_1_seed_000.pdb,,-0.04184930403981868
AF2_treek100_top10,AF2,ShallowMsa_065,2qkeE,0.5480159915513927,0.5815361279166207,-0.03352013636522799,Pipeline/FoldPairs/5jytA_2qkeE/output_AF/AF2_treek100_top10/ShallowMsa_065/2qkeE/tmp_ShallowMsa_065__2qkeE_unrelaxed_rank_001_alphafold2_ptm_model_1_seed_000.pdb,,-0.04184930403981868
AF2_treek100_top10,AF2,ShallowMsa_066,5jytA,0.4488023168875168,0.5406257598009613,-0.09182344291344446,Pipeline/FoldPairs/5jytA_2qkeE/output_AF/AF2_treek100_top10/ShallowMsa_066/5jytA/tmp_ShallowMsa_066__5jytA_unrelaxed_rank_001_alphafold2_ptm_model_4_seed_000.pdb,,-0.10015261058803515
AF2_treek100_top10,AF2,ShallowMsa_066,2qkeE,0.4488023168875168,0.5406257598009613,-0.09182344291344446,Pipeline/FoldPairs/5jytA_2qkeE/output_AF/AF2_treek100_top10/ShallowMsa_066/2qkeE/tmp_ShallowMsa_066__2qkeE_unrelaxed_rank_001_alphafold2_ptm_model_4_seed_000.pdb,,-0.10015261058803515
AF2_treek100_top10,AF2,ShallowMsa_067,5jytA,0.5271389403258946,0.4961433929771842,0.030995547348710406,Pipeline/FoldPairs/5jytA_2qkeE/output_AF/AF2_treek100_top10/ShallowMsa_067/5jytA/tmp_ShallowMsa_067__5jytA_unrelaxed_rank_001_alphafold2_ptm_model_1_seed_000.pdb,,0.02266637967411972
AF2_treek100_top10,AF2,ShallowMsa_067,2qkeE,0.5271389403258946,0.4961433929771842,0.030995547348710406,Pipeline/FoldPairs/5jytA_2qkeE/output_AF/AF2_treek100_top10/ShallowMsa_067/2qkeE/tmp_ShallowMsa_067__2qkeE_unrelaxed_rank_001_alphafold2_ptm_model_1_seed_000.pdb,,0.02266637967411972
AF2_treek100_top10,AF2,ShallowMsa_068,5jytA,0.570748293940613,0.5084481911086408,0.06230010283197218,Pipeline/FoldPairs/5jytA_2qkeE/output_AF/AF2_treek100_top10/ShallowMsa_068/5jytA/tmp_ShallowMsa_068__5jytA_unrelaxed_rank_001_alphafold2_ptm_model_3_seed_000.pdb,,0.053970935157381494
AF2_treek100_top10,AF2,ShallowMsa_068,2qkeE,0.570748293940613,0.5084481911086408,0.06230010283197218,Pipeline/FoldPairs/5jytA_2qkeE/output_AF/AF2_treek100_top10/ShallowMsa_068/2qkeE/tmp_ShallowMsa_068__2qkeE_unrelaxed_rank_001_alphafold2_ptm_model_3_seed_000.pdb,,0.053970935157381494
AF2_treek100_top10,AF2,ShallowMsa_069,5jytA,0.5710639250864512,0.8115416211025289,-0.2404776960160777,Pipeline/FoldPairs/5jytA_2qkeE/output_AF/AF2_treek100_top10/ShallowMsa_069/5jytA/tmp_ShallowMsa_069__5jytA_unrelaxed_rank_001_alphafold2_ptm_model_3_seed_000.pdb,,-0.2488068636906684
AF2_treek100_top10,AF2,ShallowMsa_069,2qkeE,0.5710639250864512,0.8115416211025289,-0.2404776960160777,Pipeline/FoldPairs/5jytA_2qkeE/output_AF/AF2_treek100_top10/ShallowMsa_069/2qkeE/tmp_ShallowMsa_069__2qkeE_unrelaxed_rank_001_alphafold2_ptm_model_3_seed_000.pdb,,-0.2488068636906684
AF2_treek100_top10,AF2,ShallowMsa_070,5jytA,0.47690510737279823,0.7588106681750307,-0.2819055608022325,Pipeline/FoldPairs/5jytA_2qkeE/output_AF/AF2_treek100_top10/ShallowMsa_070/5jytA/tmp_ShallowMsa_070__5jytA_unrelaxed_rank_001_alphafold2_ptm_model_3_seed_000.pdb,,-0.2902347284768232
AF2_treek100_top10,AF2,ShallowMsa_070,2qkeE,0.47690510737279823,0.7588106681750307,-0.2819055608022325,Pipeline/FoldPairs/5jytA_2qkeE/output_AF/AF2_treek100_top10/ShallowMsa_070/2qkeE/tmp_ShallowMsa_070__2qkeE_unrelaxed_rank_001_alphafold2_ptm_model_3_seed_000.pdb,,-0.2902347284768232
AF2_treek100_top10,AF2,ShallowMsa_071,5jytA,0.6753609474512994,0.4855925311308684,0.18976841632043095,Pipeline/FoldPairs/5jytA_2qkeE/output_AF/AF2_treek100_top10/ShallowMsa_071/5jytA/tmp_ShallowMsa_071__5jytA_unrelaxed_rank_001_alphafold2_ptm_model_3_seed_000.pdb,,0.18143924864584027
AF2_treek100_top10,AF2,ShallowMsa_071,2qkeE,0.6753609474512994,0.4855925311308684,0.18976841632043095,Pipeline/FoldPairs/5jytA_2qkeE/output_AF/AF2_treek100_top10/ShallowMsa_071/2qkeE/tmp_ShallowMsa_071__2qkeE_unrelaxed_rank_001_alphafold2_ptm_model_3_seed_000.pdb,,0.18143924864584027
AF2_treek100_top10,AF2,ShallowMsa_072,5jytA,0.47110784968570785,0.7108569528073058,-0.23974910312159792,Pipeline/FoldPairs/5jytA_2qkeE/output_AF/AF2_treek100_top10/ShallowMsa_072/5jytA/tmp_ShallowMsa_072__5jytA_unrelaxed_rank_001_alphafold2_ptm_model_3_seed_000.pdb,,-0.2480782707961886
AF2_treek100_top10,AF2,ShallowMsa_072,2qkeE,0.47110784968570785,0.7108569528073058,-0.23974910312159792,Pipeline/FoldPairs/5jytA_2qkeE/output_AF/AF2_treek100_top10/ShallowMsa_072/2qkeE/tmp_ShallowMsa_072__2qkeE_unrelaxed_rank_001_alphafold2_ptm_model_3_seed_000.pdb,,-0.2480782707961886
AF2_treek100_top10,AF2,ShallowMsa_073,5jytA,0.7465066794744586,0.49755963006295517,0.24894704941150342,Pipeline/FoldPairs/5jytA_2qkeE/output_AF/AF2_treek100_top10/ShallowMsa_073/5jytA/tmp_ShallowMsa_073__5jytA_unrelaxed_rank_001_alphafold2_ptm_model_3_seed_000.pdb,,0.24061788173691273
AF2_treek100_top10,AF2,ShallowMsa_073,2qkeE,0.7465066794744586,0.49755963006295517,0.24894704941150342,Pipeline/FoldPairs/5jytA_2qkeE/output_AF/AF2_treek100_top10/ShallowMsa_073/2qkeE/tmp_ShallowMsa_073__2qkeE_unrelaxed_rank_001_alphafold2_ptm_model_3_seed_000.pdb,,0.24061788173691273
AF2_treek100_top10,AF2,ShallowMsa_074,5jytA,0.5357839319506135,0.4471119005769926,0.08867203137362084,Pipeline/FoldPairs/5jytA_2qkeE/output_AF/AF2_treek100_top10/ShallowMsa_074/5jytA/tmp_ShallowMsa_074__5jytA_unrelaxed_rank_001_alphafold2_ptm_model_2_seed_000.pdb,,0.08034286369903015
AF2_treek100_top10,AF2,ShallowMsa_074,2qkeE,0.5357839319506135,0.4471119005769926,0.08867203137362084,Pipeline/FoldPairs/5jytA_2qkeE/output_AF/AF2_treek100_top10/ShallowMsa_074/2qkeE/tmp_ShallowMsa_074__2qkeE_unrelaxed_rank_001_alphafold2_ptm_model_2_seed_000.pdb,,0.08034286369903015
AF2_treek100_top10,AF2,ShallowMsa_075,5jytA,0.5514268819976567,0.4381324682953196,0.11329441370233706,Pipeline/FoldPairs/5jytA_2qkeE/output_AF/AF2_treek100_top10/ShallowMsa_075/5jytA/tmp_ShallowMsa_075__5jytA_unrelaxed_rank_001_alphafold2_ptm_model_3_seed_000.pdb,,0.10496524602774637
AF2_treek100_top10,AF2,ShallowMsa_075,2qkeE,0.5514268819976567,0.4381324682953196,0.11329441370233706,Pipeline/FoldPairs/5jytA_2qkeE/output_AF/AF2_treek100_top10/ShallowMsa_075/2qkeE/tmp_ShallowMsa_075__2qkeE_unrelaxed_rank_001_alphafold2_ptm_model_3_seed_000.pdb,,0.10496524602774637
AF2_treek100_top10,AF2,ShallowMsa_076,5jytA,0.5983323896653717,0.5022766550458784,0.09605573461949335,Pipeline/FoldPairs/5jytA_2qkeE/output_AF/AF2_treek100_top10/ShallowMsa_076/5jytA/tmp_ShallowMsa_076__5jytA_unrelaxed_rank_001_alphafold2_ptm_model_3_seed_000.pdb,,0.08772656694490266
AF2_treek100_top10,AF2,ShallowMsa_076,2qkeE,0.5983323896653717,0.5022766550458784,0.09605573461949335,Pipeline/FoldPairs/5jytA_2qkeE/output_AF/AF2_treek100_top10/ShallowMsa_076/2qkeE/tmp_ShallowMsa_076__2qkeE_unrelaxed_rank_001_alphafold2_ptm_model_3_seed_000.pdb,,0.08772656694490266
AF2_treek100_top10,AF2,ShallowMsa_077,5jytA,0.48371356099528323,0.8690333503812429,-0.3853197893859596,Pipeline/FoldPairs/5jytA_2qkeE/output_AF/AF2_treek100_top10/ShallowMsa_077/5jytA/tmp_ShallowMsa_077__5jytA_unrelaxed_rank_001_alphafold2_ptm_model_5_seed_000.pdb,,-0.3936489570605503
AF2_treek100_top10,AF2,ShallowMsa_077,2qkeE,0.48371356099528323,0.8690333503812429,-0.3853197893859596,Pipeline/FoldPairs/5jytA_2qkeE/output_AF/AF2_treek100_top10/ShallowMsa_077/2qkeE/tmp_ShallowMsa_077__2qkeE_unrelaxed_rank_001_alphafold2_ptm_model_5_seed_000.pdb,,-0.3936489570605503
AF2_treek100_top10,AF2,ShallowMsa_078,5jytA,0.5635547605304697,0.7115957106456933,-0.14804095011522356,Pipeline/FoldPairs/5jytA_2qkeE/output_AF/AF2_treek100_top10/ShallowMsa_078/5jytA/tmp_ShallowMsa_078__5jytA_unrelaxed_rank_001_alphafold2_ptm_model_1_seed_000.pdb,,-0.15637011778981424
AF2_treek100_top10,AF2,ShallowMsa_078,2qkeE,0.5635547605304697,0.7115957106456933,-0.14804095011522356,Pipeline/FoldPairs/5jytA_2qkeE/output_AF/AF2_treek100_top10/ShallowMsa_078/2qkeE/tmp_ShallowMsa_078__2qkeE_unrelaxed_rank_001_alphafold2_ptm_model_1_seed_000.pdb,,-0.15637011778981424
AF2_treek100_top10,AF2,ShallowMsa_079,5jytA,0.5174572061183487,0.7694495075664552,-0.2519923014481066,Pipeline/FoldPairs/5jytA_2qkeE/output_AF/AF2_treek100_top10/ShallowMsa_079/5jytA/tmp_ShallowMsa_079__5jytA_unrelaxed_rank_001_alphafold2_ptm_model_3_seed_000.pdb,,-0.26032146912269727
AF2_treek100_top10,AF2,ShallowMsa_079,2qkeE,0.5174572061183487,0.7694495075664552,-0.2519923014481066,Pipeline/FoldPairs/5jytA_2qkeE/output_AF/AF2_treek100_top10/ShallowMsa_079/2qkeE/tmp_ShallowMsa_079__2qkeE_unrelaxed_rank_001_alphafold2_ptm_model_3_seed_000.pdb,,-0.26032146912269727
AF2_treek100_top10,AF2,ShallowMsa_080,5jytA,0.478364802446413,0.4946545658866881,-0.016289763440275107,Pipeline/FoldPairs/5jytA_2qkeE/output_AF/AF2_treek100_top10/ShallowMsa_080/5jytA/tmp_ShallowMsa_080__5jytA_unrelaxed_rank_001_alphafold2_ptm_model_4_seed_000.pdb,,-0.024618931114865794
AF2_treek100_top10,AF2,ShallowMsa_080,2qkeE,0.478364802446413,0.4946545658866881,-0.016289763440275107,Pipeline/FoldPairs/5jytA_2qkeE/output_AF/AF2_treek100_top10/ShallowMsa_080/2qkeE/tmp_ShallowMsa_080__2qkeE_unrelaxed_rank_001_alphafold2_ptm_model_4_seed_000.pdb,,-0.024618931114865794
AF2_treek100_top10,AF2,ShallowMsa_081,5jytA,0.5709811916817398,0.8398218998949285,-0.26884070821318873,Pipeline/FoldPairs/5jytA_2qkeE/output_AF/AF2_treek100_top10/ShallowMsa_081/5jytA/tmp_ShallowMsa_081__5jytA_unrelaxed_rank_001_alphafold2_ptm_model_3_seed_000.pdb,,-0.2771698758877794
AF2_treek100_top10,AF2,ShallowMsa_081,2qkeE,0.5709811916817398,0.8398218998949285,-0.26884070821318873,Pipeline/FoldPairs/5jytA_2qkeE/output_AF/AF2_treek100_top10/ShallowMsa_081/2qkeE/tmp_ShallowMsa_081__2qkeE_unrelaxed_rank_001_alphafold2_ptm_model_3_seed_000.pdb,,-0.2771698758877794
AF2_treek100_top10,AF2,ShallowMsa_082,5jytA,0.5739550988438076,0.5165702188293901,0.05738488001441744,Pipeline/FoldPairs/5jytA_2qkeE/output_AF/AF2_treek100_top10/ShallowMsa_082/5jytA/tmp_ShallowMsa_082__5jytA_unrelaxed_rank_001_alphafold2_ptm_model_5_seed_000.pdb,,0.04905571233982675
AF2_treek100_top10,AF2,ShallowMsa_082,2qkeE,0.5739550988438076,0.5165702188293901,0.05738488001441744,Pipeline/FoldPairs/5jytA_2qkeE/output_AF/AF2_treek100_top10/ShallowMsa_082/2qkeE/tmp_ShallowMsa_082__2qkeE_unrelaxed_rank_001_alphafold2_ptm_model_5_seed_000.pdb,,0.04905571233982675
AF2_treek100_top10,AF2,ShallowMsa_083,5jytA,0.6128286934589017,0.47706135918108833,0.13576733427781335,Pipeline/FoldPairs/5jytA_2qkeE/output_AF/AF2_treek100_top10/ShallowMsa_083/5jytA/tmp_ShallowMsa_083__5jytA_unrelaxed_rank_001_alphafold2_ptm_model_4_seed_000.pdb,,0.12743816660322266
AF2_treek100_top10,AF2,ShallowMsa_083,2qkeE,0.6128286934589017,0.47706135918108833,0.13576733427781335,Pipeline/FoldPairs/5jytA_2qkeE/output_AF/AF2_treek100_top10/ShallowMsa_083/2qkeE/tmp_ShallowMsa_083__2qkeE_unrelaxed_rank_001_alphafold2_ptm_model_4_seed_000.pdb,,0.12743816660322266
AF2_treek100_top10,AF2,ShallowMsa_084,5jytA,0.7798499296537367,0.5069408881778182,0.27290904147591843,Pipeline/FoldPairs/5jytA_2qkeE/output_AF/AF2_treek100_top10/ShallowMsa_084/5jytA/tmp_ShallowMsa_084__5jytA_unrelaxed_rank_001_alphafold2_ptm_model_1_seed_000.pdb,,0.26457987380132775
AF2_treek100_top10,AF2,ShallowMsa_084,2qkeE,0.7798499296537367,0.5069408881778182,0.27290904147591843,Pipeline/FoldPairs/5jytA_2qkeE/output_AF/AF2_treek100_top10/ShallowMsa_084/2qkeE/tmp_ShallowMsa_084__2qkeE_unrelaxed_rank_001_alphafold2_ptm_model_1_seed_000.pdb,,0.26457987380132775
AF2_treek100_top10,AF2,ShallowMsa_085,5jytA,0.636660187292027,0.501706099758243,0.13495408753378402,Pipeline/FoldPairs/5jytA_2qkeE/output_AF/AF2_treek100_top10/ShallowMsa_085/5jytA/tmp_ShallowMsa_085__5jytA_unrelaxed_rank_001_alphafold2_ptm_model_2_seed_000.pdb,,0.12662491985919333
AF2_treek100_top10,AF2,ShallowMsa_085,2qkeE,0.636660187292027,0.501706099758243,0.13495408753378402,Pipeline/FoldPairs/5jytA_2qkeE/output_AF/AF2_treek100_top10/ShallowMsa_085/2qkeE/tmp_ShallowMsa_085__2qkeE_unrelaxed_rank_001_alphafold2_ptm_model_2_seed_000.pdb,,0.12662491985919333
AF2_treek100_top10,AF2,ShallowMsa_086,5jytA,0.5320980295511097,0.7773527069632015,-0.24525467741209173,Pipeline/FoldPairs/5jytA_2qkeE/output_AF/AF2_treek100_top10/ShallowMsa_086/5jytA/tmp_ShallowMsa_086__5jytA_unrelaxed_rank_001_alphafold2_ptm_model_5_seed_000.pdb,,-0.2535838450866824
AF2_treek100_top10,AF2,ShallowMsa_086,2qkeE,0.5320980295511097,0.7773527069632015,-0.24525467741209173,Pipeline/FoldPairs/5jytA_2qkeE/output_AF/AF2_treek100_top10/ShallowMsa_086/2qkeE/tmp_ShallowMsa_086__2qkeE_unrelaxed_rank_001_alphafold2_ptm_model_5_seed_000.pdb,,-0.2535838450866824
AF2_treek100_top10,AF2,ShallowMsa_087,5jytA,0.6211446066167301,0.47075035336130105,0.15039425325542904,Pipeline/FoldPairs/5jytA_2qkeE/output_AF/AF2_treek100_top10/ShallowMsa_087/5jytA/tmp_ShallowMsa_087__5jytA_unrelaxed_rank_001_alphafold2_ptm_model_1_seed_000.pdb,,0.14206508558083836
AF2_treek100_top10,AF2,ShallowMsa_087,2qkeE,0.6211446066167301,0.47075035336130105,0.15039425325542904,Pipeline/FoldPairs/5jytA_2qkeE/output_AF/AF2_treek100_top10/ShallowMsa_087/2qkeE/tmp_ShallowMsa_087__2qkeE_unrelaxed_rank_001_alphafold2_ptm_model_1_seed_000.pdb,,0.14206508558083836
AF2_treek100_top10,AF2,ShallowMsa_088,5jytA,0.5534457823605667,0.6160553414642788,-0.06260955910371202,Pipeline/FoldPairs/5jytA_2qkeE/output_AF/AF2_treek100_top10/ShallowMsa_088/5jytA/tmp_ShallowMsa_088__5jytA_unrelaxed_rank_001_alphafold2_ptm_model_1_seed_000.pdb,,-0.07093872677830271
AF2_treek100_top10,AF2,ShallowMsa_088,2qkeE,0.5534457823605667,0.6160553414642788,-0.06260955910371202,Pipeline/FoldPairs/5jytA_2qkeE/output_AF/AF2_treek100_top10/ShallowMsa_088/2qkeE/tmp_ShallowMsa_088__2qkeE_unrelaxed_rank_001_alphafold2_ptm_model_1_seed_000.pdb,,-0.07093872677830271
AF2_treek100_top10,AF2,ShallowMsa_089,5jytA,0.5605286247934563,0.8421570185768106,-0.28162839378335425,Pipeline/FoldPairs/5jytA_2qkeE/output_AF/AF2_treek100_top10/ShallowMsa_089/5jytA/tmp_ShallowMsa_089__5jytA_unrelaxed_rank_001_alphafold2_ptm_model_4_seed_000.pdb,,-0.28995756145794493
AF2_treek100_top10,AF2,ShallowMsa_089,2qkeE,0.5605286247934563,0.8421570185768106,-0.28162839378335425,Pipeline/FoldPairs/5jytA_2qkeE/output_AF/AF2_treek100_top10/ShallowMsa_089/2qkeE/tmp_ShallowMsa_089__2qkeE_unrelaxed_rank_001_alphafold2_ptm_model_4_seed_000.pdb,,-0.28995756145794493
AF2_treek100_top10,AF2,ShallowMsa_090,5jytA,0.466366715212437,0.45233830587832224,0.014028409334114755,Pipeline/FoldPairs/5jytA_2qkeE/output_AF/AF2_treek100_top10/ShallowMsa_090/5jytA/tmp_ShallowMsa_090__5jytA_unrelaxed_rank_001_alphafold2_ptm_model_4_seed_000.pdb,,0.005699241659524068
AF2_treek100_top10,AF2,ShallowMsa_090,2qkeE,0.466366715212437,0.45233830587832224,0.014028409334114755,Pipeline/FoldPairs/5jytA_2qkeE/output_AF/AF2_treek100_top10/ShallowMsa_090/2qkeE/tmp_ShallowMsa_090__2qkeE_unrelaxed_rank_001_alphafold2_ptm_model_4_seed_000.pdb,,0.005699241659524068
AF2_treek100_top10,AF2,ShallowMsa_091,5jytA,0.5056160785668303,0.5655194073463983,-0.059903328779567944,Pipeline/FoldPairs/5jytA_2qkeE/output_AF/AF2_treek100_top10/ShallowMsa_091/5jytA/tmp_ShallowMsa_091__5jytA_unrelaxed_rank_001_alphafold2_ptm_model_3_seed_000.pdb,,-0.06823249645415863
AF2_treek100_top10,AF2,ShallowMsa_091,2qkeE,0.5056160785668303,0.5655194073463983,-0.059903328779567944,Pipeline/FoldPairs/5jytA_2qkeE/output_AF/AF2_treek100_top10/ShallowMsa_091/2qkeE/tmp_ShallowMsa_091__2qkeE_unrelaxed_rank_001_alphafold2_ptm_model_3_seed_000.pdb,,-0.06823249645415863
AF2_treek100_top10,AF2,ShallowMsa_092,5jytA,0.8281274984357393,0.5147823537517207,0.31334514468401864,Pipeline/FoldPairs/5jytA_2qkeE/output_AF/AF2_treek100_top10/ShallowMsa_092/5jytA/tmp_ShallowMsa_092__5jytA_unrelaxed_rank_001_alphafold2_ptm_model_2_seed_000.pdb,,0.30501597700942795
AF2_treek100_top10,AF2,ShallowMsa_092,2qkeE,0.8281274984357393,0.5147823537517207,0.31334514468401864,Pipeline/FoldPairs/5jytA_2qkeE/output_AF/AF2_treek100_top10/ShallowMsa_092/2qkeE/tmp_ShallowMsa_092__2qkeE_unrelaxed_rank_001_alphafold2_ptm_model_2_seed_000.pdb,,0.30501597700942795
AF2_treek100_top10,AF2,ShallowMsa_093,5jytA,0.5748556626404099,0.5665264949658192,0.008329167674590687,Pipeline/FoldPairs/5jytA_2qkeE/output_AF/AF2_treek100_top10/ShallowMsa_093/5jytA/tmp_ShallowMsa_093__5jytA_unrelaxed_rank_001_alphafold2_ptm_model_3_seed_000.pdb,,0.0
AF2_treek100_top10,AF2,ShallowMsa_093,2qkeE,0.5748556626404099,0.5665264949658192,0.008329167674590687,Pipeline/FoldPairs/5jytA_2qkeE/output_AF/AF2_treek100_top10/ShallowMsa_093/2qkeE/tmp_ShallowMsa_093__2qkeE_unrelaxed_rank_001_alphafold2_ptm_model_3_seed_000.pdb,,0.0
AF2_treek100_top10,AF2,ShallowMsa_094,5jytA,0.744578051113368,0.504399363678049,0.2401786874353189,Pipeline/FoldPairs/5jytA_2qkeE/output_AF/AF2_treek100_top10/ShallowMsa_094/5jytA/tmp_ShallowMsa_094__5jytA_unrelaxed_rank_001_alphafold2_ptm_model_4_seed_000.pdb,,0.2318495197607282
AF2_treek100_top10,AF2,ShallowMsa_094,2qkeE,0.744578051113368,0.504399363678049,0.2401786874353189,Pipeline/FoldPairs/5jytA_2qkeE/output_AF/AF2_treek100_top10/ShallowMsa_094/2qkeE/tmp_ShallowMsa_094__2qkeE_unrelaxed_rank_001_alphafold2_ptm_model_4_seed_000.pdb,,0.2318495197607282
AF2_treek100_top10,AF2,ShallowMsa_095,5jytA,0.5235688974885728,0.5481088713535812,-0.02453997386500839,Pipeline/FoldPairs/5jytA_2qkeE/output_AF/AF2_treek100_top10/ShallowMsa_095/5jytA/tmp_ShallowMsa_095__5jytA_unrelaxed_rank_001_alphafold2_ptm_model_3_seed_000.pdb,,-0.03286914153959908
AF2_treek100_top10,AF2,ShallowMsa_095,2qkeE,0.5235688974885728,0.5481088713535812,-0.02453997386500839,Pipeline/FoldPairs/5jytA_2qkeE/output_AF/AF2_treek100_top10/ShallowMsa_095/2qkeE/tmp_ShallowMsa_095__2qkeE_unrelaxed_rank_001_alphafold2_ptm_model_3_seed_000.pdb,,-0.03286914153959908
AF2_treek100_top10,AF2,ShallowMsa_096,5jytA,0.38127102678153935,0.4312373191357414,-0.04996629235420208,Pipeline/FoldPairs/5jytA_2qkeE/output_AF/AF2_treek100_top10/ShallowMsa_096/5jytA/tmp_ShallowMsa_096__5jytA_unrelaxed_rank_001_alphafold2_ptm_model_3_seed_000.pdb,,-0.05829546002879277
AF2_treek100_top10,AF2,ShallowMsa_096,2qkeE,0.38127102678153935,0.4312373191357414,-0.04996629235420208,Pipeline/FoldPairs/5jytA_2qkeE/output_AF/AF2_treek100_top10/ShallowMsa_096/2qkeE/tmp_ShallowMsa_096__2qkeE_unrelaxed_rank_001_alphafold2_ptm_model_3_seed_000.pdb,,-0.05829546002879277
AF2_treek100_top10,AF2,ShallowMsa_097,5jytA,0.6321388407221861,0.46112909486414133,0.17100974585804474,Pipeline/FoldPairs/5jytA_2qkeE/output_AF/AF2_treek100_top10/ShallowMsa_097/5jytA/tmp_ShallowMsa_097__5jytA_unrelaxed_rank_001_alphafold2_ptm_model_3_seed_000.pdb,,0.16268057818345405
AF2_treek100_top10,AF2,ShallowMsa_097,2qkeE,0.6321388407221861,0.46112909486414133,0.17100974585804474,Pipeline/FoldPairs/5jytA_2qkeE/output_AF/AF2_treek100_top10/ShallowMsa_097/2qkeE/tmp_ShallowMsa_097__2qkeE_unrelaxed_rank_001_alphafold2_ptm_model_3_seed_000.pdb,,0.16268057818345405
AF2_treek100_top10,AF2,ShallowMsa_098,5jytA,0.4461422097818099,0.541932522318808,-0.09579031253699805,Pipeline/FoldPairs/5jytA_2qkeE/output_AF/AF2_treek100_top10/ShallowMsa_098/5jytA/tmp_ShallowMsa_098__5jytA_unrelaxed_rank_001_alphafold2_ptm_model_3_seed_000.pdb,,-0.10411948021158873
AF2_treek100_top10,AF2,ShallowMsa_098,2qkeE,0.4461422097818099,0.541932522318808,-0.09579031253699805,Pipeline/FoldPairs/5jytA_2qkeE/output_AF/AF2_treek100_top10/ShallowMsa_098/2qkeE/tmp_ShallowMsa_098__2qkeE_unrelaxed_rank_001_alphafold2_ptm_model_3_seed_000.pdb,,-0.10411948021158873
AF2_treek100_top10,AF2,ShallowMsa_099,5jytA,0.6669735379069599,0.4918182709762701,0.17515526693068978,Pipeline/FoldPairs/5jytA_2qkeE/output_AF/AF2_treek100_top10/ShallowMsa_099/5jytA/tmp_ShallowMsa_099__5jytA_unrelaxed_rank_001_alphafold2_ptm_model_4_seed_000.pdb,,0.1668260992560991
AF2_treek100_top10,AF2,ShallowMsa_099,2qkeE,0.6669735379069599,0.4918182709762701,0.17515526693068978,Pipeline/FoldPairs/5jytA_2qkeE/output_AF/AF2_treek100_top10/ShallowMsa_099/2qkeE/tmp_ShallowMsa_099__2qkeE_unrelaxed_rank_001_alphafold2_ptm_model_4_seed_000.pdb,,0.1668260992560991
AF3_treek100_full,AF3,ShallowMsa_000,5jytA,0.7927586470180975,0.49922277791091124,0.29353586910718626,Pipeline/FoldPairs/5jytA_2qkeE/output_AF/AF3_treek100_full/ShallowMsa_000/5jytA/tmp_ShallowMsa_000__5jytA_first/tmp_ShallowMsa_000__5jytA_first_rank1_model.pdb,,0.004293728599045588
AF3_treek100_full,AF3,ShallowMsa_000,2qkeE,0.7927586470180975,0.49922277791091124,0.29353586910718626,Pipeline/FoldPairs/5jytA_2qkeE/output_AF/AF3_treek100_full/ShallowMsa_000/2qkeE/tmp_ShallowMsa_000__2qkeE_first/tmp_ShallowMsa_000__2qkeE_first_rank1_model.pdb,,0.004293728599045588
AF3_treek100_full,AF3,ShallowMsa_001,5jytA,0.7973930761852599,0.4887362256166935,0.3086568505685664,Pipeline/FoldPairs/5jytA_2qkeE/output_AF/AF3_treek100_full/ShallowMsa_001/5jytA/tmp_ShallowMsa_001__5jytA_first/tmp_ShallowMsa_001__5jytA_first_rank1_model.pdb,,0.01941471006042572
AF3_treek100_full,AF3,ShallowMsa_001,2qkeE,0.7973930761852599,0.4887362256166935,0.3086568505685664,Pipeline/FoldPairs/5jytA_2qkeE/output_AF/AF3_treek100_full/ShallowMsa_001/2qkeE/tmp_ShallowMsa_001__2qkeE_first/tmp_ShallowMsa_001__2qkeE_first_rank1_model.pdb,,0.01941471006042572
AF3_treek100_full,AF3,ShallowMsa_002,5jytA,0.803866146034808,0.4854679288091884,0.3183982172256196,Pipeline/FoldPairs/5jytA_2qkeE/output_AF/AF3_treek100_full/ShallowMsa_002/5jytA/tmp_ShallowMsa_002__5jytA_first/tmp_ShallowMsa_002__5jytA_first_rank1_model.pdb,,0.02915607671747894
AF3_treek100_full,AF3,ShallowMsa_002,2qkeE,0.803866146034808,0.4854679288091884,0.3183982172256196,Pipeline/FoldPairs/5jytA_2qkeE/output_AF/AF3_treek100_full/ShallowMsa_002/2qkeE/tmp_ShallowMsa_002__2qkeE_first/tmp_ShallowMsa_002__2qkeE_first_rank1_model.pdb,,0.02915607671747894
AF3_treek100_full,AF3,ShallowMsa_003,5jytA,0.7287379067743532,0.49692866267442537,0.23180924409992787,Pipeline/FoldPairs/5jytA_2qkeE/output_AF/AF3_treek100_full/ShallowMsa_003/5jytA/tmp_ShallowMsa_003__5jytA_first/tmp_ShallowMsa_003__5jytA_first_rank1_model.pdb,,-0.05743289640821281
AF3_treek100_full,AF3,ShallowMsa_003,2qkeE,0.7287379067743532,0.49692866267442537,0.23180924409992787,Pipeline/FoldPairs/5jytA_2qkeE/output_AF/AF3_treek100_full/ShallowMsa_003/2qkeE/tmp_ShallowMsa_003__2qkeE_first/tmp_ShallowMsa_003__2qkeE_first_rank1_model.pdb,,-0.05743289640821281
AF3_treek100_full,AF3,ShallowMsa_004,5jytA,0.8016742245225735,0.5138075267454414,0.28786669777713214,Pipeline/FoldPairs/5jytA_2qkeE/output_AF/AF3_treek100_full/ShallowMsa_004/5jytA/tmp_ShallowMsa_004__5jytA_first/tmp_ShallowMsa_004__5jytA_first_rank1_model.pdb,,-0.001375442731008536
AF3_treek100_full,AF3,ShallowMsa_004,2qkeE,0.8016742245225735,0.5138075267454414,0.28786669777713214,Pipeline/FoldPairs/5jytA_2qkeE/output_AF/AF3_treek100_full/ShallowMsa_004/2qkeE/tmp_ShallowMsa_004__2qkeE_first/tmp_ShallowMsa_004__2qkeE_first_rank1_model.pdb,,-0.001375442731008536
AF3_treek100_full,AF3,ShallowMsa_005,5jytA,0.7752752924433847,0.5060590669027798,0.26921622554060487,Pipeline/FoldPairs/5jytA_2qkeE/output_AF/AF3_treek100_full/ShallowMsa_005/5jytA/tmp_ShallowMsa_005__5jytA_first/tmp_ShallowMsa_005__5jytA_first_rank1_model.pdb,,-0.020025914967535807
AF3_treek100_full,AF3,ShallowMsa_005,2qkeE,0.7752752924433847,0.5060590669027798,0.26921622554060487,Pipeline/FoldPairs/5jytA_2qkeE/output_AF/AF3_treek100_full/ShallowMsa_005/2qkeE/tmp_ShallowMsa_005__2qkeE_first/tmp_ShallowMsa_005__2qkeE_first_rank1_model.pdb,,-0.020025914967535807
AF3_treek100_full,AF3,ShallowMsa_006,5jytA,0.8025754959240362,0.5103134654443978,0.2922620304796384,Pipeline/FoldPairs/5jytA_2qkeE/output_AF/AF3_treek100_full/ShallowMsa_006/5jytA/tmp_ShallowMsa_006__5jytA_first/tmp_ShallowMsa_006__5jytA_first_rank1_model.pdb,,0.0030198899714977134
AF3_treek100_full,AF3,ShallowMsa_006,2qkeE,0.8025754959240362,0.5103134654443978,0.2922620304796384,Pipeline/FoldPairs/5jytA_2qkeE/output_AF/AF3_treek100_full/ShallowMsa_006/2qkeE/tmp_ShallowMsa_006__2qkeE_first/tmp_ShallowMsa_006__2qkeE_first_rank1_model.pdb,,0.0030198899714977134
AF3_treek100_full,AF3,ShallowMsa_007,5jytA,0.7789096867289014,0.4917660304813718,0.2871436562475296,Pipeline/FoldPairs/5jytA_2qkeE/output_AF/AF3_treek100_full/ShallowMsa_007/5jytA/tmp_ShallowMsa_007__5jytA_first/tmp_ShallowMsa_007__5jytA_first_rank1_model.pdb,,-0.0020984842606111
AF3_treek100_full,AF3,ShallowMsa_007,2qkeE,0.7789096867289014,0.4917660304813718,0.2871436562475296,Pipeline/FoldPairs/5jytA_2qkeE/output_AF/AF3_treek100_full/ShallowMsa_007/2qkeE/tmp_ShallowMsa_007__2qkeE_first/tmp_ShallowMsa_007__2qkeE_first_rank1_model.pdb,,-0.0020984842606111
AF3_treek100_full,AF3,ShallowMsa_008,5jytA,0.7567707042860676,0.6198078564469779,0.13696284783908974,Pipeline/FoldPairs/5jytA_2qkeE/output_AF/AF3_treek100_full/ShallowMsa_008/5jytA/tmp_ShallowMsa_008__5jytA_first/tmp_ShallowMsa_008__5jytA_first_rank1_model.pdb,,-0.15227929266905094
AF3_treek100_full,AF3,ShallowMsa_008,2qkeE,0.7567707042860676,0.6198078564469779,0.13696284783908974,Pipeline/FoldPairs/5jytA_2qkeE/output_AF/AF3_treek100_full/ShallowMsa_008/2qkeE/tmp_ShallowMsa_008__2qkeE_first/tmp_ShallowMsa_008__2qkeE_first_rank1_model.pdb,,-0.15227929266905094
AF3_treek100_full,AF3,ShallowMsa_009,5jytA,0.7895111507624725,0.5033764156881205,0.28613473507435194,Pipeline/FoldPairs/5jytA_2qkeE/output_AF/AF3_treek100_full/ShallowMsa_009/5jytA/tmp_ShallowMsa_009__5jytA_first/tmp_ShallowMsa_009__5jytA_first_rank1_model.pdb,,-0.0031074054337887347
AF3_treek100_full,AF3,ShallowMsa_009,2qkeE,0.7895111507624725,0.5033764156881205,0.28613473507435194,Pipeline/FoldPairs/5jytA_2qkeE/output_AF/AF3_treek100_full/ShallowMsa_009/2qkeE/tmp_ShallowMsa_009__2qkeE_first/tmp_ShallowMsa_009__2qkeE_first_rank1_model.pdb,,-0.0031074054337887347
AF3_treek100_full,AF3,ShallowMsa_010,5jytA,0.7670366461458171,0.4998100713436833,0.2672265748021338,Pipeline/FoldPairs/5jytA_2qkeE/output_AF/AF3_treek100_full/ShallowMsa_010/5jytA/tmp_ShallowMsa_010__5jytA_first/tmp_ShallowMsa_010__5jytA_first_rank1_model.pdb,,-0.02201556570600688
AF3_treek100_full,AF3,ShallowMsa_010,2qkeE,0.7670366461458171,0.4998100713436833,0.2672265748021338,Pipeline/FoldPairs/5jytA_2qkeE/output_AF/AF3_treek100_full/ShallowMsa_010/2qkeE/tmp_ShallowMsa_010__2qkeE_first/tmp_ShallowMsa_010__2qkeE_first_rank1_model.pdb,,-0.02201556570600688
AF3_treek100_full,AF3,ShallowMsa_011,5jytA,0.7793610472123327,0.4968243070542709,0.2825367401580618,Pipeline/FoldPairs/5jytA_2qkeE/output_AF/AF3_treek100_full/ShallowMsa_011/5jytA/tmp_ShallowMsa_011__5jytA_first/tmp_ShallowMsa_011__5jytA_first_rank1_model.pdb,,-0.006705400350078883
AF3_treek100_full,AF3,ShallowMsa_011,2qkeE,0.7793610472123327,0.4968243070542709,0.2825367401580618,Pipeline/FoldPairs/5jytA_2qkeE/output_AF/AF3_treek100_full/ShallowMsa_011/2qkeE/tmp_ShallowMsa_011__2qkeE_first/tmp_ShallowMsa_011__2qkeE_first_rank1_model.pdb,,-0.006705400350078883
AF3_treek100_full,AF3,ShallowMsa_012,5jytA,0.7962084262238692,0.5100930033778104,0.28611542284605884,Pipeline/FoldPairs/5jytA_2qkeE/output_AF/AF3_treek100_full/ShallowMsa_012/5jytA/tmp_ShallowMsa_012__5jytA_first/tmp_ShallowMsa_012__5jytA_first_rank1_model.pdb,,-0.003126717662081835
AF3_treek100_full,AF3,ShallowMsa_012,2qkeE,0.7962084262238692,0.5100930033778104,0.28611542284605884,Pipeline/FoldPairs/5jytA_2qkeE/output_AF/AF3_treek100_full/ShallowMsa_012/2qkeE/tmp_ShallowMsa_012__2qkeE_first/tmp_ShallowMsa_012__2qkeE_first_rank1_model.pdb,,-0.003126717662081835
AF3_treek100_full,AF3,ShallowMsa_013,5jytA,0.8185992023557073,0.5030814937433203,0.3155177086123869,Pipeline/FoldPairs/5jytA_2qkeE/output_AF/AF3_treek100_full/ShallowMsa_013/5jytA/tmp_ShallowMsa_013__5jytA_first/tmp_ShallowMsa_013__5jytA_first_rank1_model.pdb,,0.02627556810424625
AF3_treek100_full,AF3,ShallowMsa_013,2qkeE,0.8185992023557073,0.5030814937433203,0.3155177086123869,Pipeline/FoldPairs/5jytA_2qkeE/output_AF/AF3_treek100_full/ShallowMsa_013/2qkeE/tmp_ShallowMsa_013__2qkeE_first/tmp_ShallowMsa_013__2qkeE_first_rank1_model.pdb,,0.02627556810424625
AF3_treek100_full,AF3,ShallowMsa_014,5jytA,0.8160346058547139,0.5180882834986068,0.2979463223561071,Pipeline/FoldPairs/5jytA_2qkeE/output_AF/AF3_treek100_full/ShallowMsa_014/5jytA/tmp_ShallowMsa_014__5jytA_first/tmp_ShallowMsa_014__5jytA_first_rank1_model.pdb,,0.008704181847966397
AF3_treek100_full,AF3,ShallowMsa_014,2qkeE,0.8160346058547139,0.5180882834986068,0.2979463223561071,Pipeline/FoldPairs/5jytA_2qkeE/output_AF/AF3_treek100_full/ShallowMsa_014/2qkeE/tmp_ShallowMsa_014__2qkeE_first/tmp_ShallowMsa_014__2qkeE_first_rank1_model.pdb,,0.008704181847966397
AF3_treek100_full,AF3,ShallowMsa_015,5jytA,0.7767555855642417,0.4648019991191324,0.31195358644510934,Pipeline/FoldPairs/5jytA_2qkeE/output_AF/AF3_treek100_full/ShallowMsa_015/5jytA/tmp_ShallowMsa_015__5jytA_first/tmp_ShallowMsa_015__5jytA_first_rank1_model.pdb,,0.022711445936968666
AF3_treek100_full,AF3,ShallowMsa_015,2qkeE,0.7767555855642417,0.4648019991191324,0.31195358644510934,Pipeline/FoldPairs/5jytA_2qkeE/output_AF/AF3_treek100_full/ShallowMsa_015/2qkeE/tmp_ShallowMsa_015__2qkeE_first/tmp_ShallowMsa_015__2qkeE_first_rank1_model.pdb,,0.022711445936968666
AF3_treek100_full,AF3,ShallowMsa_016,5jytA,0.8093503000221067,0.5144647952767126,0.2948855047453941,Pipeline/FoldPairs/5jytA_2qkeE/output_AF/AF3_treek100_full/ShallowMsa_016/5jytA/tmp_ShallowMsa_016__5jytA_first/tmp_ShallowMsa_016__5jytA_first_rank1_model.pdb,,0.005643364237253423
AF3_treek100_full,AF3,ShallowMsa_016,2qkeE,0.8093503000221067,0.5144647952767126,0.2948855047453941,Pipeline/FoldPairs/5jytA_2qkeE/output_AF/AF3_treek100_full/ShallowMsa_016/2qkeE/tmp_ShallowMsa_016__2qkeE_first/tmp_ShallowMsa_016__2qkeE_first_rank1_model.pdb,,0.005643364237253423
AF3_treek100_full,AF3,ShallowMsa_017,5jytA,0.7254464729515897,0.5146729266341907,0.21077354631739897,Pipeline/FoldPairs/5jytA_2qkeE/output_AF/AF3_treek100_full/ShallowMsa_017/5jytA/tmp_ShallowMsa_017__5jytA_first/tmp_ShallowMsa_017__5jytA_first_rank1_model.pdb,,-0.0784685941907417
AF3_treek100_full,AF3,ShallowMsa_017,2qkeE,0.7254464729515897,0.5146729266341907,0.21077354631739897,Pipeline/FoldPairs/5jytA_2qkeE/output_AF/AF3_treek100_full/ShallowMsa_017/2qkeE/tmp_ShallowMsa_017__2qkeE_first/tmp_ShallowMsa_017__2qkeE_first_rank1_model.pdb,,-0.0784685941907417
AF3_treek100_full,AF3,ShallowMsa_018,5jytA,0.8705862415408769,0.5348820324232798,0.33570420911759713,Pipeline/FoldPairs/5jytA_2qkeE/output_AF/AF3_treek100_full/ShallowMsa_018/5jytA/tmp_ShallowMsa_018__5jytA_first/tmp_ShallowMsa_018__5jytA_first_rank1_model.pdb,,0.04646206860945645
AF3_treek100_full,AF3,ShallowMsa_018,2qkeE,0.8705862415408769,0.5348820324232798,0.33570420911759713,Pipeline/FoldPairs/5jytA_2qkeE/output_AF/AF3_treek100_full/ShallowMsa_018/2qkeE/tmp_ShallowMsa_018__2qkeE_first/tmp_ShallowMsa_018__2qkeE_first_rank1_model.pdb,,0.04646206860945645
AF3_treek100_full,AF3,ShallowMsa_019,5jytA,0.7637191607518123,0.49765949629176653,0.2660596644600458,Pipeline/FoldPairs/5jytA_2qkeE/output_AF/AF3_treek100_full/ShallowMsa_019/5jytA/tmp_ShallowMsa_019__5jytA_first/tmp_ShallowMsa_019__5jytA_first_rank1_model.pdb,,-0.02318247604809487
AF3_treek100_full,AF3,ShallowMsa_019,2qkeE,0.7637191607518123,0.49765949629176653,0.2660596644600458,Pipeline/FoldPairs/5jytA_2qkeE/output_AF/AF3_treek100_full/ShallowMsa_019/2qkeE/tmp_ShallowMsa_019__2qkeE_first/tmp_ShallowMsa_019__2qkeE_first_rank1_model.pdb,,-0.02318247604809487
AF3_treek100_full,AF3,ShallowMsa_020,5jytA,0.7993024053938942,0.4999323720398643,0.2993700333540299,Pipeline/FoldPairs/5jytA_2qkeE/output_AF/AF3_treek100_full/ShallowMsa_020/5jytA/tmp_ShallowMsa_020__5jytA_first/tmp_ShallowMsa_020__5jytA_first_rank1_model.pdb,,0.01012789284588922
AF3_treek100_full,AF3,ShallowMsa_020,2qkeE,0.7993024053938942,0.4999323720398643,0.2993700333540299,Pipeline/FoldPairs/5jytA_2qkeE/output_AF/AF3_treek100_full/ShallowMsa_020/2qkeE/tmp_ShallowMsa_020__2qkeE_first/tmp_ShallowMsa_020__2qkeE_first_rank1_model.pdb,,0.01012789284588922
AF3_treek100_full,AF3,ShallowMsa_021,5jytA,0.8031957875145329,0.5013679640457126,0.3018278234688203,Pipeline/FoldPairs/5jytA_2qkeE/output_AF/AF3_treek100_full/ShallowMsa_021/5jytA/tmp_ShallowMsa_021__5jytA_first/tmp_ShallowMsa_021__5jytA_first_rank1_model.pdb,,0.012585682960679634
AF3_treek100_full,AF3,ShallowMsa_021,2qkeE,0.8032353980577328,0.5013465741999955,0.3018888238577373,Pipeline/FoldPairs/5jytA_2qkeE/output_AF/AF3_treek100_full/ShallowMsa_021/2qkeE/tmp_ShallowMsa_021__2qkeE_first/tmp_ShallowMsa_021__2qkeE_first_rank1_model.pdb,,0.012646683349596621
AF3_treek100_full,AF3,ShallowMsa_022,5jytA,0.6210885506076406,0.4582698271070856,0.16281872350055498,Pipeline/FoldPairs/5jytA_2qkeE/output_AF/AF3_treek100_full/ShallowMsa_022/5jytA/tmp_ShallowMsa_022__5jytA_first/tmp_ShallowMsa_022__5jytA_first_rank1_model.pdb,,-0.1264234170075857
AF3_treek100_full,AF3,ShallowMsa_022,2qkeE,0.6210885506076406,0.4582698271070856,0.16281872350055498,Pipeline/FoldPairs/5jytA_2qkeE/output_AF/AF3_treek100_full/ShallowMsa_022/2qkeE/tmp_ShallowMsa_022__2qkeE_first/tmp_ShallowMsa_022__2qkeE_first_rank1_model.pdb,,-0.1264234170075857
AF3_treek100_full,AF3,ShallowMsa_023,5jytA,0.7860349234128656,0.49987451797457644,0.2861604054382892,Pipeline/FoldPairs/5jytA_2qkeE/output_AF/AF3_treek100_full/ShallowMsa_023/5jytA/tmp_ShallowMsa_023__5jytA_first/tmp_ShallowMsa_023__5jytA_first_rank1_model.pdb,,-0.003081735069851488
AF3_treek100_full,AF3,ShallowMsa_023,2qkeE,0.7860349234128656,0.49987451797457644,0.2861604054382892,Pipeline/FoldPairs/5jytA_2qkeE/output_AF/AF3_treek100_full/ShallowMsa_023/2qkeE/tmp_ShallowMsa_023__2qkeE_first/tmp_ShallowMsa_023__2qkeE_first_rank1_model.pdb,,-0.003081735069851488
AF3_treek100_full,AF3,ShallowMsa_024,5jytA,0.762068218936082,0.511769768128812,0.25029845080727,Pipeline/FoldPairs/5jytA_2qkeE/output_AF/AF3_treek100_full/ShallowMsa_024/5jytA/tmp_ShallowMsa_024__5jytA_first/tmp_ShallowMsa_024__5jytA_first_rank1_model.pdb,,-0.0389436897008707
AF3_treek100_full,AF3,ShallowMsa_024,2qkeE,0.762068218936082,0.511769768128812,0.25029845080727,Pipeline/FoldPairs/5jytA_2qkeE/output_AF/AF3_treek100_full/ShallowMsa_024/2qkeE/tmp_ShallowMsa_024__2qkeE_first/tmp_ShallowMsa_024__2qkeE_first_rank1_model.pdb,,-0.0389436897008707
AF3_treek100_full,AF3,ShallowMsa_025,5jytA,0.7809763082505752,0.4994880426554646,0.2814882655951106,Pipeline/FoldPairs/5jytA_2qkeE/output_AF/AF3_treek100_full/ShallowMsa_025/5jytA/tmp_ShallowMsa_025__5jytA_first/tmp_ShallowMsa_025__5jytA_first_rank1_model.pdb,,-0.00775387491303009
AF3_treek100_full,AF3,ShallowMsa_025,2qkeE,0.7809763082505752,0.4994880426554646,0.2814882655951106,Pipeline/FoldPairs/5jytA_2qkeE/output_AF/AF3_treek100_full/ShallowMsa_025/2qkeE/tmp_ShallowMsa_025__2qkeE_first/tmp_ShallowMsa_025__2qkeE_first_rank1_model.pdb,,-0.00775387491303009
AF3_treek100_full,AF3,ShallowMsa_026,5jytA,0.7949328697480534,0.6149577540118272,0.17997511573622627,Pipeline/FoldPairs/5jytA_2qkeE/output_AF/AF3_treek100_full/ShallowMsa_026/5jytA/tmp_ShallowMsa_026__5jytA_first/tmp_ShallowMsa_026__5jytA_first_rank1_model.pdb,,-0.10926702477191441
AF3_treek100_full,AF3,ShallowMsa_026,2qkeE,0.7949328697480534,0.6149577540118272,0.17997511573622627,Pipeline/FoldPairs/5jytA_2qkeE/output_AF/AF3_treek100_full/ShallowMsa_026/2qkeE/tmp_ShallowMsa_026__2qkeE_first/tmp_ShallowMsa_026__2qkeE_first_rank1_model.pdb,,-0.10926702477191441
AF3_treek100_full,AF3,ShallowMsa_027,5jytA,0.7952608142066813,0.5056550836157371,0.2896057305909442,Pipeline/FoldPairs/5jytA_2qkeE/output_AF/AF3_treek100_full/ShallowMsa_027/5jytA/tmp_ShallowMsa_027__5jytA_first/tmp_ShallowMsa_027__5jytA_first_rank1_model.pdb,,0.000363590082803511
AF3_treek100_full,AF3,ShallowMsa_027,2qkeE,0.7952608142066813,0.5056550836157371,0.2896057305909442,Pipeline/FoldPairs/5jytA_2qkeE/output_AF/AF3_treek100_full/ShallowMsa_027/2qkeE/tmp_ShallowMsa_027__2qkeE_first/tmp_ShallowMsa_027__2qkeE_first_rank1_model.pdb,,0.000363590082803511
AF3_treek100_full,AF3,ShallowMsa_028,5jytA,0.8221585463998097,0.5060102103245678,0.31614833607524184,Pipeline/FoldPairs/5jytA_2qkeE/output_AF/AF3_treek100_full/ShallowMsa_028/5jytA/tmp_ShallowMsa_028__5jytA_first/tmp_ShallowMsa_028__5jytA_first_rank1_model.pdb,,0.026906195567101165
AF3_treek100_full,AF3,ShallowMsa_028,2qkeE,0.8221585463998097,0.5060102103245678,0.31614833607524184,Pipeline/FoldPairs/5jytA_2qkeE/output_AF/AF3_treek100_full/ShallowMsa_028/2qkeE/tmp_ShallowMsa_028__2qkeE_first/tmp_ShallowMsa_028__2qkeE_first_rank1_model.pdb,,0.026906195567101165
AF3_treek100_full,AF3,ShallowMsa_029,5jytA,0.6072219660768755,0.4860409180187972,0.12118104805807833,Pipeline/FoldPairs/5jytA_2qkeE/output_AF/AF3_treek100_full/ShallowMsa_029/5jytA/tmp_ShallowMsa_029__5jytA_first/tmp_ShallowMsa_029__5jytA_first_rank1_model.pdb,,-0.16806109245006234
AF3_treek100_full,AF3,ShallowMsa_029,2qkeE,0.6072219660768755,0.4860409180187972,0.12118104805807833,Pipeline/FoldPairs/5jytA_2qkeE/output_AF/AF3_treek100_full/ShallowMsa_029/2qkeE/tmp_ShallowMsa_029__2qkeE_first/tmp_ShallowMsa_029__2qkeE_first_rank1_model.pdb,,-0.16806109245006234
AF3_treek100_full,AF3,ShallowMsa_030,5jytA,0.7666603908694601,0.517216578523515,0.24944381234594515,Pipeline/FoldPairs/5jytA_2qkeE/output_AF/AF3_treek100_full/ShallowMsa_030/5jytA/tmp_ShallowMsa_030__5jytA_first/tmp_ShallowMsa_030__5jytA_first_rank1_model.pdb,,-0.03979832816219553
AF3_treek100_full,AF3,ShallowMsa_030,2qkeE,0.7666603908694601,0.517216578523515,0.24944381234594515,Pipeline/FoldPairs/5jytA_2qkeE/output_AF/AF3_treek100_full/ShallowMsa_030/2qkeE/tmp_ShallowMsa_030__2qkeE_first/tmp_ShallowMsa_030__2qkeE_first_rank1_model.pdb,,-0.03979832816219553
AF3_treek100_full,AF3,ShallowMsa_031,5jytA,0.7896199567034315,0.49778732630438055,0.291832630399051,Pipeline/FoldPairs/5jytA_2qkeE/output_AF/AF3_treek100_full/ShallowMsa_031/5jytA/tmp_ShallowMsa_031__5jytA_first/tmp_ShallowMsa_031__5jytA_first_rank1_model.pdb,,0.002590489890910319
AF3_treek100_full,AF3,ShallowMsa_031,2qkeE,0.7896199567034315,0.49778732630438055,0.291832630399051,Pipeline/FoldPairs/5jytA_2qkeE/output_AF/AF3_treek100_full/ShallowMsa_031/2qkeE/tmp_ShallowMsa_031__2qkeE_first/tmp_ShallowMsa_031__2qkeE_first_rank1_model.pdb,,0.002590489890910319
AF3_treek100_full,AF3,ShallowMsa_032,5jytA,0.7792780524399427,0.49252598914575213,0.2867520632941906,Pipeline/FoldPairs/5jytA_2qkeE/output_AF/AF3_treek100_full/ShallowMsa_032/5jytA/tmp_ShallowMsa_032__5jytA_first/tmp_ShallowMsa_032__5jytA_first_rank1_model.pdb,,-0.0024900772139500593
AF3_treek100_full,AF3,ShallowMsa_032,2qkeE,0.7792780524399427,0.49252598914575213,0.2867520632941906,Pipeline/FoldPairs/5jytA_2qkeE/output_AF/AF3_treek100_full/ShallowMsa_032/2qkeE/tmp_ShallowMsa_032__2qkeE_first/tmp_ShallowMsa_032__2qkeE_first_rank1_model.pdb,,-0.0024900772139500593
AF3_treek100_full,AF3,ShallowMsa_033,5jytA,0.808941747299426,0.5069642682947954,0.3019774790046307,Pipeline/FoldPairs/5jytA_2qkeE/output_AF/AF3_treek100_full/ShallowMsa_033/5jytA/tmp_ShallowMsa_033__5jytA_first/tmp_ShallowMsa_033__5jytA_first_rank1_model.pdb,,0.01273533849649
AF3_treek100_full,AF3,ShallowMsa_033,2qkeE,0.808941747299426,0.5069642682947954,0.3019774790046307,Pipeline/FoldPairs/5jytA_2qkeE/output_AF/AF3_treek100_full/ShallowMsa_033/2qkeE/tmp_ShallowMsa_033__2qkeE_first/tmp_ShallowMsa_033__2qkeE_first_rank1_model.pdb,,0.01273533849649
AF3_treek100_full,AF3,ShallowMsa_034,5jytA,0.7721989015495123,0.5099678792956372,0.26223102225387507,Pipeline/FoldPairs/5jytA_2qkeE/output_AF/AF3_treek100_full/ShallowMsa_034/5jytA/tmp_ShallowMsa_034__5jytA_first/tmp_ShallowMsa_034__5jytA_first_rank1_model.pdb,,-0.02701111825426561
AF3_treek100_full,AF3,ShallowMsa_034,2qkeE,0.7721989015495123,0.5099678792956372,0.26223102225387507,Pipeline/FoldPairs/5jytA_2qkeE/output_AF/AF3_treek100_full/ShallowMsa_034/2qkeE/tmp_ShallowMsa_034__2qkeE_first/tmp_ShallowMsa_034__2qkeE_first_rank1_model.pdb,,-0.02701111825426561
AF3_treek100_full,AF3,ShallowMsa_035,5jytA,0.7701559628319937,0.5194680113569993,0.25068795147499445,Pipeline/FoldPairs/5jytA_2qkeE/output_AF/AF3_treek100_full/ShallowMsa_035/5jytA/tmp_ShallowMsa_035__5jytA_first/tmp_ShallowMsa_035__5jytA_first_rank1_model.pdb,,-0.038554189033146224
AF3_treek100_full,AF3,ShallowMsa_035,2qkeE,0.7701559628319937,0.5194680113569993,0.25068795147499445,Pipeline/FoldPairs/5jytA_2qkeE/output_AF/AF3_treek100_full/ShallowMsa_035/2qkeE/tmp_ShallowMsa_035__2qkeE_first/tmp_ShallowMsa_035__2qkeE_first_rank1_model.pdb,,-0.038554189033146224
AF3_treek100_full,AF3,ShallowMsa_036,5jytA,0.7806764120483509,0.4697322627801831,0.3109441492681678,Pipeline/FoldPairs/5jytA_2qkeE/output_AF/AF3_treek100_full/ShallowMsa_036/5jytA/tmp_ShallowMsa_036__5jytA_first/tmp_ShallowMsa_036__5jytA_first_rank1_model.pdb,,0.021702008760027147
AF3_treek100_full,AF3,ShallowMsa_036,2qkeE,0.7806764120483509,0.4697322627801831,0.3109441492681678,Pipeline/FoldPairs/5jytA_2qkeE/output_AF/AF3_treek100_full/ShallowMsa_036/2qkeE/tmp_ShallowMsa_036__2qkeE_first/tmp_ShallowMsa_036__2qkeE_first_rank1_model.pdb,,0.021702008760027147
AF3_treek100_full,AF3,ShallowMsa_037,5jytA,0.8061983035716708,0.5054539289195715,0.30074437465209924,Pipeline/FoldPairs/5jytA_2qkeE/output_AF/AF3_treek100_full/ShallowMsa_037/5jytA/tmp_ShallowMsa_037__5jytA_first/tmp_ShallowMsa_037__5jytA_first_rank1_model.pdb,,0.011502234143958567
AF3_treek100_full,AF3,ShallowMsa_037,2qkeE,0.8061983035716708,0.5054539289195715,0.30074437465209924,Pipeline/FoldPairs/5jytA_2qkeE/output_AF/AF3_treek100_full/ShallowMsa_037/2qkeE/tmp_ShallowMsa_037__2qkeE_first/tmp_ShallowMsa_037__2qkeE_first_rank1_model.pdb,,0.011502234143958567
AF3_treek100_full,AF3,ShallowMsa_038,5jytA,0.774786516868527,0.4965027709173587,0.2782837459511682,Pipeline/FoldPairs/5jytA_2qkeE/output_AF/AF3_treek100_full/ShallowMsa_038/5jytA/tmp_ShallowMsa_038__5jytA_first/tmp_ShallowMsa_038__5jytA_first_rank1_model.pdb,,-0.01095839455697245
AF3_treek100_full,AF3,ShallowMsa_038,2qkeE,0.774756884646901,0.49650191534097615,0.2782549693059248,Pipeline/FoldPairs/5jytA_2qkeE/output_AF/AF3_treek100_full/ShallowMsa_038/2qkeE/tmp_ShallowMsa_038__2qkeE_first/tmp_ShallowMsa_038__2qkeE_first_rank1_model.pdb,,-0.010987171202215873
AF3_treek100_full,AF3,ShallowMsa_039,5jytA,0.796045227138065,0.49494197588630684,0.3011032512517582,Pipeline/FoldPairs/5jytA_2qkeE/output_AF/AF3_treek100_full/ShallowMsa_039/5jytA/tmp_ShallowMsa_039__5jytA_first/tmp_ShallowMsa_039__5jytA_first_rank1_model.pdb,,0.011861110743617509
AF3_treek100_full,AF3,ShallowMsa_039,2qkeE,0.796045227138065,0.49494197588630684,0.3011032512517582,Pipeline/FoldPairs/5jytA_2qkeE/output_AF/AF3_treek100_full/ShallowMsa_039/2qkeE/tmp_ShallowMsa_039__2qkeE_first/tmp_ShallowMsa_039__2qkeE_first_rank1_model.pdb,,0.011861110743617509
AF3_treek100_full,AF3,ShallowMsa_040,5jytA,0.7862080834136915,0.4778750811566052,0.3083330022570863,Pipeline/FoldPairs/5jytA_2qkeE/output_AF/AF3_treek100_full/ShallowMsa_040/5jytA/tmp_ShallowMsa_040__5jytA_first/tmp_ShallowMsa_040__5jytA_first_rank1_model.pdb,,0.019090861748945642
AF3_treek100_full,AF3,ShallowMsa_040,2qkeE,0.7862080834136915,0.4778750811566052,0.3083330022570863,Pipeline/FoldPairs/5jytA_2qkeE/output_AF/AF3_treek100_full/ShallowMsa_040/2qkeE/tmp_ShallowMsa_040__2qkeE_first/tmp_ShallowMsa_040__2qkeE_first_rank1_model.pdb,,0.019090861748945642
AF3_treek100_full,AF3,ShallowMsa_041,5jytA,0.7214891199610421,0.5143070848104715,0.20718203515057065,Pipeline/FoldPairs/5jytA_2qkeE/output_AF/AF3_treek100_full/ShallowMsa_041/5jytA/tmp_ShallowMsa_041__5jytA_first/tmp_ShallowMsa_041__5jytA_first_rank1_model.pdb,,-0.08206010535757002
AF3_treek100_full,AF3,ShallowMsa_041,2qkeE,0.7214891199610421,0.5143070848104715,0.20718203515057065,Pipeline/FoldPairs/5jytA_2qkeE/output_AF/AF3_treek100_full/ShallowMsa_041/2qkeE/tmp_ShallowMsa_041__2qkeE_first/tmp_ShallowMsa_041__2qkeE_first_rank1_model.pdb,,-0.08206010535757002
AF3_treek100_full,AF3,ShallowMsa_042,5jytA,0.803450103227844,0.5101527127382978,0.2932973904895463,Pipeline/FoldPairs/5jytA_2qkeE/output_AF/AF3_treek100_full/ShallowMsa_042/5jytA/tmp_ShallowMsa_042__5jytA_first/tmp_ShallowMsa_042__5jytA_first_rank1_model.pdb,,0.0040552499814056064
AF3_treek100_full,AF3,ShallowMsa_042,2qkeE,0.803450103227844,0.5101527127382978,0.2932973904895463,Pipeline/FoldPairs/5jytA_2qkeE/output_AF/AF3_treek100_full/ShallowMsa_042/2qkeE/tmp_ShallowMsa_042__2qkeE_first/tmp_ShallowMsa_042__2qkeE_first_rank1_model.pdb,,0.0040552499814056064
AF3_treek100_full,AF3,ShallowMsa_043,5jytA,0.7056895453278521,0.5390667527266979,0.1666227926011542,Pipeline/FoldPairs/5jytA_2qkeE/output_AF/AF3_treek100_full/ShallowMsa_043/5jytA/tmp_ShallowMsa_043__5jytA_first/tmp_ShallowMsa_043__5jytA_first_rank1_model.pdb,,-0.12261934790698648
AF3_treek100_full,AF3,ShallowMsa_043,2qkeE,0.7056895453278521,0.5390667527266979,0.1666227926011542,Pipeline/FoldPairs/5jytA_2qkeE/output_AF/AF3_treek100_full/ShallowMsa_043/2qkeE/tmp_ShallowMsa_043__2qkeE_first/tmp_ShallowMsa_043__2qkeE_first_rank1_model.pdb,,-0.12261934790698648
AF3_treek100_full,AF3,ShallowMsa_044,5jytA,0.539235677009253,0.4504119150807166,0.08882376192853642,Pipeline/FoldPairs/5jytA_2qkeE/output_AF/AF3_treek100_full/ShallowMsa_044/5jytA/tmp_ShallowMsa_044__5jytA_first/tmp_ShallowMsa_044__5jytA_first_rank1_model.pdb,,-0.20041837857960426
AF3_treek100_full,AF3,ShallowMsa_044,2qkeE,0.539235677009253,0.4504119150807166,0.08882376192853642,Pipeline/FoldPairs/5jytA_2qkeE/output_AF/AF3_treek100_full/ShallowMsa_044/2qkeE/tmp_ShallowMsa_044__2qkeE_first/tmp_ShallowMsa_044__2qkeE_first_rank1_model.pdb,,-0.20041837857960426
AF3_treek100_full,AF3,ShallowMsa_045,5jytA,0.8233927727486305,0.5132999467065391,0.31009282604209143,Pipeline/FoldPairs/5jytA_2qkeE/output_AF/AF3_treek100_full/ShallowMsa_045/5jytA/tmp_ShallowMsa_045__5jytA_first/tmp_ShallowMsa_045__5jytA_first_rank1_model.pdb,,0.020850685533950752
AF3_treek100_full,AF3,ShallowMsa_045,2qkeE,0.8233927727486305,0.5132999467065391,0.31009282604209143,Pipeline/FoldPairs/5jytA_2qkeE/output_AF/AF3_treek100_full/ShallowMsa_045/2qkeE/tmp_ShallowMsa_045__2qkeE_first/tmp_ShallowMsa_045__2qkeE_first_rank1_model.pdb,,0.020850685533950752
AF3_treek100_full,AF3,ShallowMsa_046,5jytA,0.7699102358707318,0.4867578146548659,0.2831524212158659,Pipeline/FoldPairs/5jytA_2qkeE/output_AF/AF3_treek100_full/ShallowMsa_046/5jytA/tmp_ShallowMsa_046__5jytA_first/tmp_ShallowMsa_046__5jytA_first_rank1_model.pdb,,-0.006089719292274753
AF3_treek100_full,AF3,ShallowMsa_046,2qkeE,0.7699102358707318,0.4867578146548659,0.2831524212158659,Pipeline/FoldPairs/5jytA_2qkeE/output_AF/AF3_treek100_full/ShallowMsa_046/2qkeE/tmp_ShallowMsa_046__2qkeE_first/tmp_ShallowMsa_046__2qkeE_first_rank1_model.pdb,,-0.006089719292274753
AF3_treek100_full,AF3,ShallowMsa_047,5jytA,0.7364715832368958,0.5646323126951351,0.17183927054176062,Pipeline/FoldPairs/5jytA_2qkeE/output_AF/AF3_treek100_full/ShallowMsa_047/5jytA/tmp_ShallowMsa_047__5jytA_first/tmp_ShallowMsa_047__5jytA_first_rank1_model.pdb,,-0.11740286996638005
AF3_treek100_full,AF3,ShallowMsa_047,2qkeE,0.7364715832368958,0.5646323126951351,0.17183927054176062,Pipeline/FoldPairs/5jytA_2qkeE/output_AF/AF3_treek100_full/ShallowMsa_047/2qkeE/tmp_ShallowMsa_047__2qkeE_first/tmp_ShallowMsa_047__2qkeE_first_rank1_model.pdb,,-0.11740286996638005
AF3_treek100_full,AF3,ShallowMsa_048,5jytA,0.7465548721248038,0.4856422686993437,0.2609126034254601,Pipeline/FoldPairs/5jytA_2qkeE/output_AF/AF3_treek100_full/ShallowMsa_048/5jytA/tmp_ShallowMsa_048__5jytA_first/tmp_ShallowMsa_048__5jytA_first_rank1_model.pdb,,-0.0283295370826806
AF3_treek100_full,AF3,ShallowMsa_048,2qkeE,0.7465548721248038,0.4856422686993437,0.2609126034254601,Pipeline/FoldPairs/5jytA_2qkeE/output_AF/AF3_treek100_full/ShallowMsa_048/2qkeE/tmp_ShallowMsa_048__2qkeE_first/tmp_ShallowMsa_048__2qkeE_first_rank1_model.pdb,,-0.0283295370826806
AF3_treek100_full,AF3,ShallowMsa_049,5jytA,0.7995807008201659,0.5070110814530834,0.2925696193670825,Pipeline/FoldPairs/5jytA_2qkeE/output_AF/AF3_treek100_full/ShallowMsa_049/5jytA/tmp_ShallowMsa_049__5jytA_first/tmp_ShallowMsa_049__5jytA_first_rank1_model.pdb,,0.0033274788589418014
AF3_treek100_full,AF3,ShallowMsa_049,2qkeE,0.7995807008201659,0.5070110814530834,0.2925696193670825,Pipeline/FoldPairs/5jytA_2qkeE/output_AF/AF3_treek100_full/ShallowMsa_049/2qkeE/tmp_ShallowMsa_049__2qkeE_first/tmp_ShallowMsa_049__2qkeE_first_rank1_model.pdb,,0.0033274788589418014
AF3_treek100_full,AF3,ShallowMsa_051,5jytA,0.8049759330217365,0.501406562030851,0.30356937099088555,Pipeline/FoldPairs/5jytA_2qkeE/output_AF/AF3_treek100_full/ShallowMsa_051/5jytA/tmp_ShallowMsa_051__5jytA_first/tmp_ShallowMsa_051__5jytA_first_rank1_model.pdb,,0.014327230482744868
AF3_treek100_full,AF3,ShallowMsa_051,2qkeE,0.8049759330217365,0.501406562030851,0.30356937099088555,Pipeline/FoldPairs/5jytA_2qkeE/output_AF/AF3_treek100_full/ShallowMsa_051/2qkeE/tmp_ShallowMsa_051__2qkeE_first/tmp_ShallowMsa_051__2qkeE_first_rank1_model.pdb,,0.014327230482744868
AF3_treek100_full,AF3,ShallowMsa_052,5jytA,0.7618693004897763,0.4895515947089205,0.2723177057808558,Pipeline/FoldPairs/5jytA_2qkeE/output_AF/AF3_treek100_full/ShallowMsa_052/5jytA/tmp_ShallowMsa_052__5jytA_first/tmp_ShallowMsa_052__5jytA_first_rank1_model.pdb,,-0.016924434727284887
AF3_treek100_full,AF3,ShallowMsa_052,2qkeE,0.7618693004897763,0.4895515947089205,0.2723177057808558,Pipeline/FoldPairs/5jytA_2qkeE/output_AF/AF3_treek100_full/ShallowMsa_052/2qkeE/tmp_ShallowMsa_052__2qkeE_first/tmp_ShallowMsa_052__2qkeE_first_rank1_model.pdb,,-0.016924434727284887
AF3_treek100_full,AF3,ShallowMsa_053,5jytA,0.7462934832830322,0.43800791017902413,0.3082855731040081,Pipeline/FoldPairs/5jytA_2qkeE/output_AF/AF3_treek100_full/ShallowMsa_053/5jytA/tmp_ShallowMsa_053__5jytA_first/tmp_ShallowMsa_053__5jytA_first_rank1_model.pdb,,0.019043432595867438
AF3_treek100_full,AF3,ShallowMsa_053,2qkeE,0.753003046535127,0.4424215384610134,0.31058150807411355,Pipeline/FoldPairs/5jytA_2qkeE/output_AF/AF3_treek100_full/ShallowMsa_053/2qkeE/tmp_ShallowMsa_053__2qkeE_first/tmp_ShallowMsa_053__2qkeE_first_rank1_model.pdb,,0.021339367565972878
AF3_treek100_full,AF3,ShallowMsa_054,5jytA,0.7730208843760688,0.49727820689065305,0.2757426774854157,Pipeline/FoldPairs/5jytA_2qkeE/output_AF/AF3_treek100_full/ShallowMsa_054/5jytA/tmp_ShallowMsa_054__5jytA_first/tmp_ShallowMsa_054__5jytA_first_rank1_model.pdb,,-0.013499463022724978
AF3_treek100_full,AF3,ShallowMsa_054,2qkeE,0.7730208843760688,0.49727820689065305,0.2757426774854157,Pipeline/FoldPairs/5jytA_2qkeE/output_AF/AF3_treek100_full/ShallowMsa_054/2qkeE/tmp_ShallowMsa_054__2qkeE_first/tmp_ShallowMsa_054__2qkeE_first_rank1_model.pdb,,-0.013499463022724978
AF3_treek100_full,AF3,ShallowMsa_055,5jytA,0.6603075135123344,0.4927068733144757,0.1676006401978587,Pipeline/FoldPairs/5jytA_2qkeE/output_AF/AF3_treek100_full/ShallowMsa_055/5jytA/tmp_ShallowMsa_055__5jytA_first/tmp_ShallowMsa_055__5jytA_first_rank1_model.pdb,,-0.12164150031028198
AF3_treek100_full,AF3,ShallowMsa_055,2qkeE,0.6603075135123344,0.4927068733144757,0.1676006401978587,Pipeline/FoldPairs/5jytA_2qkeE/output_AF/AF3_treek100_full/ShallowMsa_055/2qkeE/tmp_ShallowMsa_055__2qkeE_first/tmp_ShallowMsa_055__2qkeE_first_rank1_model.pdb,,-0.12164150031028198
AF3_treek100_full,AF3,ShallowMsa_056,5jytA,0.8210255920194119,0.48374350954674716,0.3372820824726648,Pipeline/FoldPairs/5jytA_2qkeE/output_AF/AF3_treek100_full/ShallowMsa_056/5jytA/tmp_ShallowMsa_056__5jytA_first/tmp_ShallowMsa_056__5jytA_first_rank1_model.pdb,,0.0480399419645241
AF3_treek100_full,AF3,ShallowMsa_056,2qkeE,0.8210255920194119,0.48374350954674716,0.3372820824726648,Pipeline/FoldPairs/5jytA_2qkeE/output_AF/AF3_treek100_full/ShallowMsa_056/2qkeE/tmp_ShallowMsa_056__2qkeE_first/tmp_ShallowMsa_056__2qkeE_first_rank1_model.pdb,,0.0480399419645241
AF3_treek100_full,AF3,ShallowMsa_057,5jytA,0.7543298280374029,0.45862815237266213,0.29570167566474076,Pipeline/FoldPairs/5jytA_2qkeE/output_AF/AF3_treek100_full/ShallowMsa_057/5jytA/tmp_ShallowMsa_057__5jytA_first/tmp_ShallowMsa_057__5jytA_first_rank1_model.pdb,,0.0064595351566000825
AF3_treek100_full,AF3,ShallowMsa_057,2qkeE,0.7543298280374029,0.45862815237266213,0.29570167566474076,Pipeline/FoldPairs/5jytA_2qkeE/output_AF/AF3_treek100_full/ShallowMsa_057/2qkeE/tmp_ShallowMsa_057__2qkeE_first/tmp_ShallowMsa_057__2qkeE_first_rank1_model.pdb,,0.0064595351566000825
AF3_treek100_full,AF3,ShallowMsa_058,5jytA,0.7927005436474787,0.5024652831381966,0.29023526050928206,Pipeline/FoldPairs/5jytA_2qkeE/output_AF/AF3_treek100_full/ShallowMsa_058/5jytA/tmp_ShallowMsa_058__5jytA_first/tmp_ShallowMsa_058__5jytA_first_rank1_model.pdb,,0.0009931200011413788
AF3_treek100_full,AF3,ShallowMsa_058,2qkeE,0.7927005436474787,0.5024652831381966,0.29023526050928206,Pipeline/FoldPairs/5jytA_2qkeE/output_AF/AF3_treek100_full/ShallowMsa_058/2qkeE/tmp_ShallowMsa_058__2qkeE_first/tmp_ShallowMsa_058__2qkeE_first_rank1_model.pdb,,0.0009931200011413788
AF3_treek100_full,AF3,ShallowMsa_059,5jytA,0.7982554413606106,0.50026974773575,0.2979856936248606,Pipeline/FoldPairs/5jytA_2qkeE/output_AF/AF3_treek100_full/ShallowMsa_059/5jytA/tmp_ShallowMsa_059__5jytA_first/tmp_ShallowMsa_059__5jytA_first_rank1_model.pdb,,0.008743553116719927
AF3_treek100_full,AF3,ShallowMsa_059,2qkeE,0.7982554413606106,0.50026974773575,0.2979856936248606,Pipeline/FoldPairs/5jytA_2qkeE/output_AF/AF3_treek100_full/ShallowMsa_059/2qkeE/tmp_ShallowMsa_059__2qkeE_first/tmp_ShallowMsa_059__2qkeE_first_rank1_model.pdb,,0.008743553116719927
AF3_treek100_full,AF3,ShallowMsa_060,5jytA,0.8248442416982487,0.5114824060730082,0.31336183562524045,Pipeline/FoldPairs/5jytA_2qkeE/output_AF/AF3_treek100_full/ShallowMsa_060/5jytA/tmp_ShallowMsa_060__5jytA_first/tmp_ShallowMsa_060__5jytA_first_rank1_model.pdb,,0.02411969511709977
AF3_treek100_full,AF3,ShallowMsa_060,2qkeE,0.8248442416982487,0.5114824060730082,0.31336183562524045,Pipeline/FoldPairs/5jytA_2qkeE/output_AF/AF3_treek100_full/ShallowMsa_060/2qkeE/tmp_ShallowMsa_060__2qkeE_first/tmp_ShallowMsa_060__2qkeE_first_rank1_model.pdb,,0.02411969511709977
AF3_treek100_full,AF3,ShallowMsa_061,5jytA,0.8058193810831544,0.507718619410022,0.2981007616731324,Pipeline/FoldPairs/5jytA_2qkeE/output_AF/AF3_treek100_full/ShallowMsa_061/5jytA/tmp_ShallowMsa_061__5jytA_first/tmp_ShallowMsa_061__5jytA_first_rank1_model.pdb,,0.008858621164991698
AF3_treek100_full,AF3,ShallowMsa_061,2qkeE,0.8058193810831544,0.507718619410022,0.2981007616731324,Pipeline/FoldPairs/5jytA_2qkeE/output_AF/AF3_treek100_full/ShallowMsa_061/2qkeE/tmp_ShallowMsa_061__2qkeE_first/tmp_ShallowMsa_061__2qkeE_first_rank1_model.pdb,,0.008858621164991698
AF3_treek100_full,AF3,ShallowMsa_062,5jytA,0.8138627131533023,0.4899735638608041,0.3238891492924982,Pipeline/FoldPairs/5jytA_2qkeE/output_AF/AF3_treek100_full/ShallowMsa_062/5jytA/tmp_ShallowMsa_062__5jytA_first/tmp_ShallowMsa_062__5jytA_first_rank1_model.pdb,,0.0346470087843575
AF3_treek100_full,AF3,ShallowMsa_062,2qkeE,0.8138627131533023,0.4899735638608041,0.3238891492924982,Pipeline/FoldPairs/5jytA_2qkeE/output_AF/AF3_treek100_full/ShallowMsa_062/2qkeE/tmp_ShallowMsa_062__2qkeE_first/tmp_ShallowMsa_062__2qkeE_first_rank1_model.pdb,,0.0346470087843575
AF3_treek100_full,AF3,ShallowMsa_063,5jytA,0.7760783075971673,0.5136283356755587,0.2624499719216087,Pipeline/FoldPairs/5jytA_2qkeE/output_AF/AF3_treek100_full/ShallowMsa_063/5jytA/tmp_ShallowMsa_063__5jytA_first/tmp_ShallowMsa_063__5jytA_first_rank1_model.pdb,,-0.026792168586531995
AF3_treek100_full,AF3,ShallowMsa_063,2qkeE,0.7760783075971673,0.5136283356755587,0.2624499719216087,Pipeline/FoldPairs/5jytA_2qkeE/output_AF/AF3_treek100_full/ShallowMsa_063/2qkeE/tmp_ShallowMsa_063__2qkeE_first/tmp_ShallowMsa_063__2qkeE_first_rank1_model.pdb,,-0.026792168586531995
AF3_treek100_full,AF3,ShallowMsa_064,5jytA,0.7929205146385248,0.5209477414559989,0.2719727731825259,Pipeline/FoldPairs/5jytA_2qkeE/output_AF/AF3_treek100_full/ShallowMsa_064/5jytA/tmp_ShallowMsa_064__5jytA_first/tmp_ShallowMsa_064__5jytA_first_rank1_model.pdb,,-0.017269367325614793
AF3_treek100_full,AF3,ShallowMsa_064,2qkeE,0.7929205146385248,0.5209477414559989,0.2719727731825259,Pipeline/FoldPairs/5jytA_2qkeE/output_AF/AF3_treek100_full/ShallowMsa_064/2qkeE/tmp_ShallowMsa_064__2qkeE_first/tmp_ShallowMsa_064__2qkeE_first_rank1_model.pdb,,-0.017269367325614793
AF3_treek100_full,AF3,ShallowMsa_065,5jytA,0.812053352691209,0.5277194982223226,0.2843338544688865,Pipeline/FoldPairs/5jytA_2qkeE/output_AF/AF3_treek100_full/ShallowMsa_065/5jytA/tmp_ShallowMsa_065__5jytA_first/tmp_ShallowMsa_065__5jytA_first_rank1_model.pdb,,-0.004908286039254195
AF3_treek100_full,AF3,ShallowMsa_065,2qkeE,0.812053352691209,0.5277194982223226,0.2843338544688865,Pipeline/FoldPairs/5jytA_2qkeE/output_AF/AF3_treek100_full/ShallowMsa_065/2qkeE/tmp_ShallowMsa_065__2qkeE_first/tmp_ShallowMsa_065__2qkeE_first_rank1_model.pdb,,-0.004908286039254195
AF3_treek100_full,AF3,ShallowMsa_066,5jytA,0.531545210898556,0.5999088195761915,-0.06836360867763547,Pipeline/FoldPairs/5jytA_2qkeE/output_AF/AF3_treek100_full/ShallowMsa_066/5jytA/tmp_ShallowMsa_066__5jytA_first/tmp_ShallowMsa_066__5jytA_first_rank1_model.pdb,,-0.35760574918577615
AF3_treek100_full,AF3,ShallowMsa_066,2qkeE,0.531545210898556,0.5999088195761915,-0.06836360867763547,Pipeline/FoldPairs/5jytA_2qkeE/output_AF/AF3_treek100_full/ShallowMsa_066/2qkeE/tmp_ShallowMsa_066__2qkeE_first/tmp_ShallowMsa_066__2qkeE_first_rank1_model.pdb,,-0.35760574918577615
AF3_treek100_full,AF3,ShallowMsa_067,5jytA,0.7457398257387192,0.5169569479199113,0.2287828778188079,Pipeline/FoldPairs/5jytA_2qkeE/output_AF/AF3_treek100_full/ShallowMsa_067/5jytA/tmp_ShallowMsa_067__5jytA_first/tmp_ShallowMsa_067__5jytA_first_rank1_model.pdb,,-0.06045926268933277
AF3_treek100_full,AF3,ShallowMsa_067,2qkeE,0.7457398257387192,0.5169569479199113,0.2287828778188079,Pipeline/FoldPairs/5jytA_2qkeE/output_AF/AF3_treek100_full/ShallowMsa_067/2qkeE/tmp_ShallowMsa_067__2qkeE_first/tmp_ShallowMsa_067__2qkeE_first_rank1_model.pdb,,-0.06045926268933277
AF3_treek100_full,AF3,ShallowMsa_068,5jytA,0.7898846744954461,0.4950787991097388,0.2948058753857073,Pipeline/FoldPairs/5jytA_2qkeE/output_AF/AF3_treek100_full/ShallowMsa_068/5jytA/tmp_ShallowMsa_068__5jytA_first/tmp_ShallowMsa_068__5jytA_first_rank1_model.pdb,,0.005563734877566617
AF3_treek100_full,AF3,ShallowMsa_068,2qkeE,0.7898846744954461,0.4950787991097388,0.2948058753857073,Pipeline/FoldPairs/5jytA_2qkeE/output_AF/AF3_treek100_full/ShallowMsa_068/2qkeE/tmp_ShallowMsa_068__2qkeE_first/tmp_ShallowMsa_068__2qkeE_first_rank1_model.pdb,,0.005563734877566617
AF3_treek100_full,AF3,ShallowMsa_069,5jytA,0.7621944944137221,0.48339909355875005,0.27879540085497206,Pipeline/FoldPairs/5jytA_2qkeE/output_AF/AF3_treek100_full/ShallowMsa_069/5jytA/tmp_ShallowMsa_069__5jytA_first/tmp_ShallowMsa_069__5jytA_first_rank1_model.pdb,,-0.010446739653168613
AF3_treek100_full,AF3,ShallowMsa_069,2qkeE,0.7621944944137221,0.48339909355875005,0.27879540085497206,Pipeline/FoldPairs/5jytA_2qkeE/output_AF/AF3_treek100_full/ShallowMsa_069/2qkeE/tmp_ShallowMsa_069__2qkeE_first/tmp_ShallowMsa_069__2qkeE_first_rank1_model.pdb,,-0.010446739653168613
AF3_treek100_full,AF3,ShallowMsa_070,5jytA,0.7350260730349869,0.4820841214219375,0.2529419516130494,Pipeline/FoldPairs/5jytA_2qkeE/output_AF/AF3_treek100_full/ShallowMsa_070/5jytA/tmp_ShallowMsa_070__5jytA_first/tmp_ShallowMsa_070__5jytA_first_rank1_model.pdb,,-0.03630018889509129
AF3_treek100_full,AF3,ShallowMsa_070,2qkeE,0.7350260730349869,0.4820841214219375,0.2529419516130494,Pipeline/FoldPairs/5jytA_2qkeE/output_AF/AF3_treek100_full/ShallowMsa_070/2qkeE/tmp_ShallowMsa_070__2qkeE_first/tmp_ShallowMsa_070__2qkeE_first_rank1_model.pdb,,-0.03630018889509129
AF3_treek100_full,AF3,ShallowMsa_071,5jytA,0.7666482206165505,0.4621700856580857,0.30447813495846476,Pipeline/FoldPairs/5jytA_2qkeE/output_AF/AF3_treek100_full/ShallowMsa_071/5jytA/tmp_ShallowMsa_071__5jytA_first/tmp_ShallowMsa_071__5jytA_first_rank1_model.pdb,,0.015235994450324086
AF3_treek100_full,AF3,ShallowMsa_071,2qkeE,0.7666482206165505,0.4621700856580857,0.30447813495846476,Pipeline/FoldPairs/5jytA_2qkeE/output_AF/AF3_treek100_full/ShallowMsa_071/2qkeE/tmp_ShallowMsa_071__2qkeE_first/tmp_ShallowMsa_071__2qkeE_first_rank1_model.pdb,,0.015235994450324086
AF3_treek100_full,AF3,ShallowMsa_072,5jytA,0.7762495665082326,0.4880228212206226,0.28822674528761,Pipeline/FoldPairs/5jytA_2qkeE/output_AF/AF3_treek100_full/ShallowMsa_072/5jytA/tmp_ShallowMsa_072__5jytA_first/tmp_ShallowMsa_072__5jytA_first_rank1_model.pdb,,-0.0010153952205306793
AF3_treek100_full,AF3,ShallowMsa_072,2qkeE,0.7762495665082326,0.4880228212206226,0.28822674528761,Pipeline/FoldPairs/5jytA_2qkeE/output_AF/AF3_treek100_full/ShallowMsa_072/2qkeE/tmp_ShallowMsa_072__2qkeE_first/tmp_ShallowMsa_072__2qkeE_first_rank1_model.pdb,,-0.0010153952205306793
AF3_treek100_full,AF3,ShallowMsa_073,5jytA,0.7972007723559826,0.506176981259228,0.2910237910967546,Pipeline/FoldPairs/5jytA_2qkeE/output_AF/AF3_treek100_full/ShallowMsa_073/5jytA/tmp_ShallowMsa_073__5jytA_first/tmp_ShallowMsa_073__5jytA_first_rank1_model.pdb,,0.0017816505886139034
AF3_treek100_full,AF3,ShallowMsa_073,2qkeE,0.7972007723559826,0.506176981259228,0.2910237910967546,Pipeline/FoldPairs/5jytA_2qkeE/output_AF/AF3_treek100_full/ShallowMsa_073/2qkeE/tmp_ShallowMsa_073__2qkeE_first/tmp_ShallowMsa_073__2qkeE_first_rank1_model.pdb,,0.0017816505886139034
AF3_treek100_full,AF3,ShallowMsa_074,5jytA,0.8131242784159647,0.5009261080566318,0.31219817035933284,Pipeline/FoldPairs/5jytA_2qkeE/output_AF/AF3_treek100_full/ShallowMsa_074/5jytA/tmp_ShallowMsa_074__5jytA_first/tmp_ShallowMsa_074__5jytA_first_rank1_model.pdb,,0.02295602985119216
AF3_treek100_full,AF3,ShallowMsa_074,2qkeE,0.8131242784159647,0.5009261080566318,0.31219817035933284,Pipeline/FoldPairs/5jytA_2qkeE/output_AF/AF3_treek100_full/ShallowMsa_074/2qkeE/tmp_ShallowMsa_074__2qkeE_first/tmp_ShallowMsa_074__2qkeE_first_rank1_model.pdb,,0.02295602985119216
AF3_treek100_full,AF3,ShallowMsa_075,5jytA,0.8022865766342081,0.4627206035355793,0.3395659730986288,Pipeline/FoldPairs/5jytA_2qkeE/output_AF/AF3_treek100_full/ShallowMsa_075/5jytA/tmp_ShallowMsa_075__5jytA_first/tmp_ShallowMsa_075__5jytA_first_rank1_model.pdb,,0.050323832590488116
AF3_treek100_full,AF3,ShallowMsa_075,2qkeE,0.8022865766342081,0.4627206035355793,0.3395659730986288,Pipeline/FoldPairs/5jytA_2qkeE/output_AF/AF3_treek100_full/ShallowMsa_075/2qkeE/tmp_ShallowMsa_075__2qkeE_first/tmp_ShallowMsa_075__2qkeE_first_rank1_model.pdb,,0.050323832590488116
AF3_treek100_full,AF3,ShallowMsa_076,5jytA,0.8056731866799274,0.5228145166682506,0.28285867001167675,Pipeline/FoldPairs/5jytA_2qkeE/output_AF/AF3_treek100_full/ShallowMsa_076/5jytA/tmp_ShallowMsa_076__5jytA_first/tmp_ShallowMsa_076__5jytA_first_rank1_model.pdb,,-0.006383470496463928
AF3_treek100_full,AF3,ShallowMsa_076,2qkeE,0.8056731866799274,0.5228145166682506,0.28285867001167675,Pipeline/FoldPairs/5jytA_2qkeE/output_AF/AF3_treek100_full/ShallowMsa_076/2qkeE/tmp_ShallowMsa_076__2qkeE_first/tmp_ShallowMsa_076__2qkeE_first_rank1_model.pdb,,-0.006383470496463928
AF3_treek100_full,AF3,ShallowMsa_077,5jytA,0.7412506892063613,0.4626372565522722,0.27861343265408905,Pipeline/FoldPairs/5jytA_2qkeE/output_AF/AF3_treek100_full/ShallowMsa_077/5jytA/tmp_ShallowMsa_077__5jytA_first/tmp_ShallowMsa_077__5jytA_first_rank1_model.pdb,,-0.010628707854051622
AF3_treek100_full,AF3,ShallowMsa_077,2qkeE,0.7412506892063613,0.4626372565522722,0.27861343265408905,Pipeline/FoldPairs/5jytA_2qkeE/output_AF/AF3_treek100_full/ShallowMsa_077/2qkeE/tmp_ShallowMsa_077__2qkeE_first/tmp_ShallowMsa_077__2qkeE_first_rank1_model.pdb,,-0.010628707854051622
AF3_treek100_full,AF3,ShallowMsa_078,5jytA,0.7882339880726467,0.4955782736326665,0.2926557144399802,Pipeline/FoldPairs/5jytA_2qkeE/output_AF/AF3_treek100_full/ShallowMsa_078/5jytA/tmp_ShallowMsa_078__5jytA_first/tmp_ShallowMsa_078__5jytA_first_rank1_model.pdb,,0.0034135739318394975
AF3_treek100_full,AF3,ShallowMsa_078,2qkeE,0.7882339880726467,0.4955782736326665,0.2926557144399802,Pipeline/FoldPairs/5jytA_2qkeE/output_AF/AF3_treek100_full/ShallowMsa_078/2qkeE/tmp_ShallowMsa_078__2qkeE_first/tmp_ShallowMsa_078__2qkeE_first_rank1_model.pdb,,0.0034135739318394975
AF3_treek100_full,AF3,ShallowMsa_079,5jytA,0.782110140721346,0.5142257605883309,0.2678843801330151,Pipeline/FoldPairs/5jytA_2qkeE/output_AF/AF3_treek100_full/ShallowMsa_079/5jytA/tmp_ShallowMsa_079__5jytA_first/tmp_ShallowMsa_079__5jytA_first_rank1_model.pdb,,-0.0213577603751256
AF3_treek100_full,AF3,ShallowMsa_079,2qkeE,0.782110140721346,0.5142257605883309,0.2678843801330151,Pipeline/FoldPairs/5jytA_2qkeE/output_AF/AF3_treek100_full/ShallowMsa_079/2qkeE/tmp_ShallowMsa_079__2qkeE_first/tmp_ShallowMsa_079__2qkeE_first_rank1_model.pdb,,-0.0213577603751256
AF3_treek100_full,AF3,ShallowMsa_080,5jytA,0.8261793774880757,0.5343712671532248,0.2918081103348509,Pipeline/FoldPairs/5jytA_2qkeE/output_AF/AF3_treek100_full/ShallowMsa_080/5jytA/tmp_ShallowMsa_080__5jytA_first/tmp_ShallowMsa_080__5jytA_first_rank1_model.pdb,,0.0025659698267102016
AF3_treek100_full,AF3,ShallowMsa_080,2qkeE,0.8261793774880757,0.5343712671532248,0.2918081103348509,Pipeline/FoldPairs/5jytA_2qkeE/output_AF/AF3_treek100_full/ShallowMsa_080/2qkeE/tmp_ShallowMsa_080__2qkeE_first/tmp_ShallowMsa_080__2qkeE_first_rank1_model.pdb,,0.0025659698267102016
AF3_treek100_full,AF3,ShallowMsa_081,5jytA,0.8047385336301005,0.5100665599695011,0.2946719736605994,Pipeline/FoldPairs/5jytA_2qkeE/output_AF/AF3_treek100_full/ShallowMsa_081/5jytA/tmp_ShallowMsa_081__5jytA_first/tmp_ShallowMsa_081__5jytA_first_rank1_model.pdb,,0.005429833152458707
AF3_treek100_full,AF3,ShallowMsa_081,2qkeE,0.8047385336301005,0.5100665599695011,0.2946719736605994,Pipeline/FoldPairs/5jytA_2qkeE/output_AF/AF3_treek100_full/ShallowMsa_081/2qkeE/tmp_ShallowMsa_081__2qkeE_first/tmp_ShallowMsa_081__2qkeE_first_rank1_model.pdb,,0.005429833152458707
AF3_treek100_full,AF3,ShallowMsa_082,5jytA,0.8143565255469283,0.46183527729182344,0.35252124825510484,Pipeline/FoldPairs/5jytA_2qkeE/output_AF/AF3_treek100_full/ShallowMsa_082/5jytA/tmp_ShallowMsa_082__5jytA_first/tmp_ShallowMsa_082__5jytA_first_rank1_model.pdb,,0.06327910774696416
AF3_treek100_full,AF3,ShallowMsa_082,2qkeE,0.8143565255469283,0.46183527729182344,0.35252124825510484,Pipeline/FoldPairs/5jytA_2qkeE/output_AF/AF3_treek100_full/ShallowMsa_082/2qkeE/tmp_ShallowMsa_082__2qkeE_first/tmp_ShallowMsa_082__2qkeE_first_rank1_model.pdb,,0.06327910774696416
AF3_treek100_full,AF3,ShallowMsa_083,5jytA,0.8453066796888541,0.4990245555802819,0.3462821241085722,Pipeline/FoldPairs/5jytA_2qkeE/output_AF/AF3_treek100_full/ShallowMsa_083/5jytA/tmp_ShallowMsa_083__5jytA_first/tmp_ShallowMsa_083__5jytA_first_rank1_model.pdb,,0.0570399836004315
AF3_treek100_full,AF3,ShallowMsa_083,2qkeE,0.8453066796888541,0.4990245555802819,0.3462821241085722,Pipeline/FoldPairs/5jytA_2qkeE/output_AF/AF3_treek100_full/ShallowMsa_083/2qkeE/tmp_ShallowMsa_083__2qkeE_first/tmp_ShallowMsa_083__2qkeE_first_rank1_model.pdb,,0.0570399836004315
AF3_treek100_full,AF3,ShallowMsa_084,5jytA,0.7761557883787154,0.5124168262639293,0.2637389621147861,Pipeline/FoldPairs/5jytA_2qkeE/output_AF/AF3_treek100_full/ShallowMsa_084/5jytA/tmp_ShallowMsa_084__5jytA_first/tmp_ShallowMsa_084__5jytA_first_rank1_model.pdb,,-0.025503178393354586
AF3_treek100_full,AF3,ShallowMsa_084,2qkeE,0.7761557883787154,0.5124168262639293,0.2637389621147861,Pipeline/FoldPairs/5jytA_2qkeE/output_AF/AF3_treek100_full/ShallowMsa_084/2qkeE/tmp_ShallowMsa_084__2qkeE_first/tmp_ShallowMsa_084__2qkeE_first_rank1_model.pdb,,-0.025503178393354586
AF3_treek100_full,AF3,ShallowMsa_085,5jytA,0.796815096153584,0.4933204442629568,0.30349465189062724,Pipeline/FoldPairs/5jytA_2qkeE/output_AF/AF3_treek100_full/ShallowMsa_085/5jytA/tmp_ShallowMsa_085__5jytA_first/tmp_ShallowMsa_085__5jytA_first_rank1_model.pdb,,0.014252511382486566
AF3_treek100_full,AF3,ShallowMsa_085,2qkeE,0.796815096153584,0.4933204442629568,0.30349465189062724,Pipeline/FoldPairs/5jytA_2qkeE/output_AF/AF3_treek100_full/ShallowMsa_085/2qkeE/tmp_ShallowMsa_085__2qkeE_first/tmp_ShallowMsa_085__2qkeE_first_rank1_model.pdb,,0.014252511382486566
AF3_treek100_full,AF3,ShallowMsa_086,5jytA,0.7668027809496536,0.5060854125692082,0.26071736838044535,Pipeline/FoldPairs/5jytA_2qkeE/output_AF/AF3_treek100_full/ShallowMsa_086/5jytA/tmp_ShallowMsa_086__5jytA_first/tmp_ShallowMsa_086__5jytA_first_rank1_model.pdb,,-0.02852477212769533
AF3_treek100_full,AF3,ShallowMsa_086,2qkeE,0.7668027809496536,0.5060854125692082,0.26071736838044535,Pipeline/FoldPairs/5jytA_2qkeE/output_AF/AF3_treek100_full/ShallowMsa_086/2qkeE/tmp_ShallowMsa_086__2qkeE_first/tmp_ShallowMsa_086__2qkeE_first_rank1_model.pdb,,-0.02852477212769533
AF3_treek100_full,AF3,ShallowMsa_087,5jytA,0.7650517921852974,0.5028841501730864,0.262167642012211,Pipeline/FoldPairs/5jytA_2qkeE/output_AF/AF3_treek100_full/ShallowMsa_087/5jytA/tmp_ShallowMsa_087__5jytA_first/tmp_ShallowMsa_087__5jytA_first_rank1_model.pdb,,-0.02707449849592969
AF3_treek100_full,AF3,ShallowMsa_087,2qkeE,0.7650517921852974,0.5028841501730864,0.262167642012211,Pipeline/FoldPairs/5jytA_2qkeE/output_AF/AF3_treek100_full/ShallowMsa_087/2qkeE/tmp_ShallowMsa_087__2qkeE_first/tmp_ShallowMsa_087__2qkeE_first_rank1_model.pdb,,-0.02707449849592969
AF3_treek100_full,AF3,ShallowMsa_088,5jytA,0.8024039480048708,0.5110448142757997,0.2913591337290711,Pipeline/FoldPairs/5jytA_2qkeE/output_AF/AF3_treek100_full/ShallowMsa_088/5jytA/tmp_ShallowMsa_088__5jytA_first/tmp_ShallowMsa_088__5jytA_first_rank1_model.pdb,,0.0021169932209303965
AF3_treek100_full,AF3,ShallowMsa_088,2qkeE,0.8024039480048708,0.5110448142757997,0.2913591337290711,Pipeline/FoldPairs/5jytA_2qkeE/output_AF/AF3_treek100_full/ShallowMsa_088/2qkeE/tmp_ShallowMsa_088__2qkeE_first/tmp_ShallowMsa_088__2qkeE_first_rank1_model.pdb,,0.0021169932209303965
AF3_treek100_full,AF3,ShallowMsa_089,5jytA,0.7947740335099557,0.5177154820989851,0.2770585514109706,Pipeline/FoldPairs/5jytA_2qkeE/output_AF/AF3_treek100_full/ShallowMsa_089/5jytA/tmp_ShallowMsa_089__5jytA_first/tmp_ShallowMsa_089__5jytA_first_rank1_model.pdb,,-0.0121835890971701
AF3_treek100_full,AF3,ShallowMsa_089,2qkeE,0.7947740335099557,0.5177154820989851,0.2770585514109706,Pipeline/FoldPairs/5jytA_2qkeE/output_AF/AF3_treek100_full/ShallowMsa_089/2qkeE/tmp_ShallowMsa_089__2qkeE_first/tmp_ShallowMsa_089__2qkeE_first_rank1_model.pdb,,-0.0121835890971701
AF3_treek100_full,AF3,ShallowMsa_090,5jytA,0.7305869194468256,0.4625621405916468,0.26802477885517884,Pipeline/FoldPairs/5jytA_2qkeE/output_AF/AF3_treek100_full/ShallowMsa_090/5jytA/tmp_ShallowMsa_090__5jytA_first/tmp_ShallowMsa_090__5jytA_first_rank1_model.pdb,,-0.02121736165296184
AF3_treek100_full,AF3,ShallowMsa_090,2qkeE,0.7307054266940975,0.46260855886188884,0.2680968678322087,Pipeline/FoldPairs/5jytA_2qkeE/output_AF/AF3_treek100_full/ShallowMsa_090/2qkeE/tmp_ShallowMsa_090__2qkeE_first/tmp_ShallowMsa_090__2qkeE_first_rank1_model.pdb,,-0.02114527267593197
AF3_treek100_full,AF3,ShallowMsa_091,5jytA,0.7907433730421127,0.49034334190261836,0.3004000311394944,Pipeline/FoldPairs/5jytA_2qkeE/output_AF/AF3_treek100_full/ShallowMsa_091/5jytA/tmp_ShallowMsa_091__5jytA_first/tmp_ShallowMsa_091__5jytA_first_rank1_model.pdb,,0.011157890631353695
AF3_treek100_full,AF3,ShallowMsa_091,2qkeE,0.7907433730421127,0.49034334190261836,0.3004000311394944,Pipeline/FoldPairs/5jytA_2qkeE/output_AF/AF3_treek100_full/ShallowMsa_091/2qkeE/tmp_ShallowMsa_091__2qkeE_first/tmp_ShallowMsa_091__2qkeE_first_rank1_model.pdb,,0.011157890631353695
AF3_treek100_full,AF3,ShallowMsa_092,5jytA,0.7781215457903573,0.5069730592515338,0.2711484865388235,Pipeline/FoldPairs/5jytA_2qkeE/output_AF/AF3_treek100_full/ShallowMsa_092/5jytA/tmp_ShallowMsa_092__5jytA_first/tmp_ShallowMsa_092__5jytA_first_rank1_model.pdb,,-0.01809365396931717
AF3_treek100_full,AF3,ShallowMsa_092,2qkeE,0.7781215457903573,0.5069730592515338,0.2711484865388235,Pipeline/FoldPairs/5jytA_2qkeE/output_AF/AF3_treek100_full/ShallowMsa_092/2qkeE/tmp_ShallowMsa_092__2qkeE_first/tmp_ShallowMsa_092__2qkeE_first_rank1_model.pdb,,-0.01809365396931717
AF3_treek100_full,AF3,ShallowMsa_093,5jytA,0.8134504699220605,0.5058746870853593,0.3075757828367012,Pipeline/FoldPairs/5jytA_2qkeE/output_AF/AF3_treek100_full/ShallowMsa_093/5jytA/tmp_ShallowMsa_093__5jytA_first/tmp_ShallowMsa_093__5jytA_first_rank1_model.pdb,,0.018333642328560495
AF3_treek100_full,AF3,ShallowMsa_093,2qkeE,0.8134504699220605,0.5058746870853593,0.3075757828367012,Pipeline/FoldPairs/5jytA_2qkeE/output_AF/AF3_treek100_full/ShallowMsa_093/2qkeE/tmp_ShallowMsa_093__2qkeE_first/tmp_ShallowMsa_093__2qkeE_first_rank1_model.pdb,,0.018333642328560495
AF3_treek100_full,AF3,ShallowMsa_094,5jytA,0.8295402599928753,0.5193989199411391,0.3101413400517362,Pipeline/FoldPairs/5jytA_2qkeE/output_AF/AF3_treek100_full/ShallowMsa_094/5jytA/tmp_ShallowMsa_094__5jytA_first/tmp_ShallowMsa_094__5jytA_first_rank1_model.pdb,,0.020899199543595537
AF3_treek100_full,AF3,ShallowMsa_094,2qkeE,0.8295402599928753,0.5193989199411391,0.3101413400517362,Pipeline/FoldPairs/5jytA_2qkeE/output_AF/AF3_treek100_full/ShallowMsa_094/2qkeE/tmp_ShallowMsa_094__2qkeE_first/tmp_ShallowMsa_094__2qkeE_first_rank1_model.pdb,,0.020899199543595537
AF3_treek100_full,AF3,ShallowMsa_095,5jytA,0.7903899756680374,0.5704526222163232,0.21993735345171417,Pipeline/FoldPairs/5jytA_2qkeE/output_AF/AF3_treek100_full/ShallowMsa_095/5jytA/tmp_ShallowMsa_095__5jytA_first/tmp_ShallowMsa_095__5jytA_first_rank1_model.pdb,,-0.06930478705642651
AF3_treek100_full,AF3,ShallowMsa_095,2qkeE,0.7903899756680374,0.5704526222163232,0.21993735345171417,Pipeline/FoldPairs/5jytA_2qkeE/output_AF/AF3_treek100_full/ShallowMsa_095/2qkeE/tmp_ShallowMsa_095__2qkeE_first/tmp_ShallowMsa_095__2qkeE_first_rank1_model.pdb,,-0.06930478705642651
AF3_treek100_full,AF3,ShallowMsa_096,5jytA,0.761092929444233,0.4705166623495105,0.2905762670947225,Pipeline/FoldPairs/5jytA_2qkeE/output_AF/AF3_treek100_full/ShallowMsa_096/5jytA/tmp_ShallowMsa_096__5jytA_first/tmp_ShallowMsa_096__5jytA_first_rank1_model.pdb,,0.0013341265865818297
AF3_treek100_full,AF3,ShallowMsa_096,2qkeE,0.761092929444233,0.4705166623495105,0.2905762670947225,Pipeline/FoldPairs/5jytA_2qkeE/output_AF/AF3_treek100_full/ShallowMsa_096/2qkeE/tmp_ShallowMsa_096__2qkeE_first/tmp_ShallowMsa_096__2qkeE_first_rank1_model.pdb,,0.0013341265865818297
AF3_treek100_full,AF3,ShallowMsa_097,5jytA,0.7894961175032492,0.5002539769951085,0.2892421405081407,Pipeline/FoldPairs/5jytA_2qkeE/output_AF/AF3_treek100_full/ShallowMsa_097/5jytA/tmp_ShallowMsa_097__5jytA_first/tmp_ShallowMsa_097__5jytA_first_rank1_model.pdb,,0.0
AF3_treek100_full,AF3,ShallowMsa_097,2qkeE,0.7894961175032492,0.5002539769951085,0.2892421405081407,Pipeline/FoldPairs/5jytA_2qkeE/output_AF/AF3_treek100_full/ShallowMsa_097/2qkeE/tmp_ShallowMsa_097__2qkeE_first/tmp_ShallowMsa_097__2qkeE_first_rank1_model.pdb,,0.0
AF3_treek100_full,AF3,ShallowMsa_098,5jytA,0.8207781204594305,0.5067142485335792,0.3140638719258514,Pipeline/FoldPairs/5jytA_2qkeE/output_AF/AF3_treek100_full/ShallowMsa_098/5jytA/tmp_ShallowMsa_098__5jytA_first/tmp_ShallowMsa_098__5jytA_first_rank1_model.pdb,,0.024821731417710713
AF3_treek100_full,AF3,ShallowMsa_098,2qkeE,0.8207781204594305,0.5067142485335792,0.3140638719258514,Pipeline/FoldPairs/5jytA_2qkeE/output_AF/AF3_treek100_full/ShallowMsa_098/2qkeE/tmp_ShallowMsa_098__2qkeE_first/tmp_ShallowMsa_098__2qkeE_first_rank1_model.pdb,,0.024821731417710713
AF3_treek100_full,AF3,ShallowMsa_099,5jytA,0.796584420120905,0.48905852965760177,0.30752589046330325,Pipeline/FoldPairs/5jytA_2qkeE/output_AF/AF3_treek100_full/ShallowMsa_099/5jytA/tmp_ShallowMsa_099__5jytA_first/tmp_ShallowMsa_099__5jytA_first_rank1_model.pdb,,0.018283749955162576
AF3_treek100_full,AF3,ShallowMsa_099,2qkeE,0.796584420120905,0.48905852965760177,0.30752589046330325,Pipeline/FoldPairs/5jytA_2qkeE/output_AF/AF3_treek100_full/ShallowMsa_099/2qkeE/tmp_ShallowMsa_099__2qkeE_first/tmp_ShallowMsa_099__2qkeE_first_rank1_model.pdb,,0.018283749955162576
AF3_treek100_top10,AF3,ShallowMsa_000,5jytA,0.777533934275149,0.5070270644726457,0.2705068698025034,Pipeline/FoldPairs/5jytA_2qkeE/output_AF/AF3_treek100_top10/ShallowMsa_000/5jytA/tmp_ShallowMsa_000__5jytA_first/tmp_ShallowMsa_000__5jytA_first_rank1_model.pdb,,0.19913214339207458
AF3_treek100_top10,AF3,ShallowMsa_000,2qkeE,0.777533934275149,0.5070270644726457,0.2705068698025034,Pipeline/FoldPairs/5jytA_2qkeE/output_AF/AF3_treek100_top10/ShallowMsa_000/2qkeE/tmp_ShallowMsa_000__2qkeE_first/tmp_ShallowMsa_000__2qkeE_first_rank1_model.pdb,,0.19913214339207458
AF3_treek100_top10,AF3,ShallowMsa_001,5jytA,0.8270303396595847,0.5081215980710352,0.31890874158854954,Pipeline/FoldPairs/5jytA_2qkeE/output_AF/AF3_treek100_top10/ShallowMsa_001/5jytA/tmp_ShallowMsa_001__5jytA_first/tmp_ShallowMsa_001__5jytA_first_rank1_model.pdb,,0.24753401517812074
AF3_treek100_top10,AF3,ShallowMsa_001,2qkeE,0.8270303396595847,0.5081215980710352,0.31890874158854954,Pipeline/FoldPairs/5jytA_2qkeE/output_AF/AF3_treek100_top10/ShallowMsa_001/2qkeE/tmp_ShallowMsa_001__2qkeE_first/tmp_ShallowMsa_001__2qkeE_first_rank1_model.pdb,,0.24753401517812074
AF3_treek100_top10,AF3,ShallowMsa_002,5jytA,0.8032699130438041,0.5024900897125937,0.30077982333121045,Pipeline/FoldPairs/5jytA_2qkeE/output_AF/AF3_treek100_top10/ShallowMsa_002/5jytA/tmp_ShallowMsa_002__5jytA_first/tmp_ShallowMsa_002__5jytA_first_rank1_model.pdb,,0.22940509692078165
AF3_treek100_top10,AF3,ShallowMsa_002,2qkeE,0.8032699130438041,0.5024900897125937,0.30077982333121045,Pipeline/FoldPairs/5jytA_2qkeE/output_AF/AF3_treek100_top10/ShallowMsa_002/2qkeE/tmp_ShallowMsa_002__2qkeE_first/tmp_ShallowMsa_002__2qkeE_first_rank1_model.pdb,,0.22940509692078165
AF3_treek100_top10,AF3,ShallowMsa_003,5jytA,0.5447920300030046,0.6339781704739602,-0.08918614047095563,Pipeline/FoldPairs/5jytA_2qkeE/output_AF/AF3_treek100_top10/ShallowMsa_003/5jytA/tmp_ShallowMsa_003__5jytA_first/tmp_ShallowMsa_003__5jytA_first_rank1_model.pdb,,-0.16056086688138443
AF3_treek100_top10,AF3,ShallowMsa_003,2qkeE,0.5447920300030046,0.6339781704739602,-0.08918614047095563,Pipeline/FoldPairs/5jytA_2qkeE/output_AF/AF3_treek100_top10/ShallowMsa_003/2qkeE/tmp_ShallowMsa_003__2qkeE_first/tmp_ShallowMsa_003__2qkeE_first_rank1_model.pdb,,-0.16056086688138443
AF3_treek100_top10,AF3,ShallowMsa_004,5jytA,0.8063344074324424,0.5309293949957322,0.27540501243671023,Pipeline/FoldPairs/5jytA_2qkeE/output_AF/AF3_treek100_top10/ShallowMsa_004/5jytA/tmp_ShallowMsa_004__5jytA_first/tmp_ShallowMsa_004__5jytA_first_rank1_model.pdb,,0.20403028602628143
AF3_treek100_top10,AF3,ShallowMsa_004,2qkeE,0.8063344074324424,0.5309293949957322,0.27540501243671023,Pipeline/FoldPairs/5jytA_2qkeE/output_AF/AF3_treek100_top10/ShallowMsa_004/2qkeE/tmp_ShallowMsa_004__2qkeE_first/tmp_ShallowMsa_004__2qkeE_first_rank1_model.pdb,,0.20403028602628143
AF3_treek100_top10,AF3,ShallowMsa_005,5jytA,0.5210080121065841,0.6218492231816295,-0.1008412110750454,Pipeline/FoldPairs/5jytA_2qkeE/output_AF/AF3_treek100_top10/ShallowMsa_005/5jytA/tmp_ShallowMsa_005__5jytA_first/tmp_ShallowMsa_005__5jytA_first_rank1_model.pdb,,-0.1722159374854742
AF3_treek100_top10,AF3,ShallowMsa_005,2qkeE,0.5210080121065841,0.6218492231816295,-0.1008412110750454,Pipeline/FoldPairs/5jytA_2qkeE/output_AF/AF3_treek100_top10/ShallowMsa_005/2qkeE/tmp_ShallowMsa_005__2qkeE_first/tmp_ShallowMsa_005__2qkeE_first_rank1_model.pdb,,-0.1722159374854742
AF3_treek100_top10,AF3,ShallowMsa_006,5jytA,0.5337780497180368,0.7487044242680756,-0.21492637455003882,Pipeline/FoldPairs/5jytA_2qkeE/output_AF/AF3_treek100_top10/ShallowMsa_006/5jytA/tmp_ShallowMsa_006__5jytA_first/tmp_ShallowMsa_006__5jytA_first_rank1_model.pdb,,-0.2863011009604676
AF3_treek100_top10,AF3,ShallowMsa_006,2qkeE,0.5381390350610812,0.7487910936883485,-0.21065205862726732,Pipeline/FoldPairs/5jytA_2qkeE/output_AF/AF3_treek100_top10/ShallowMsa_006/2qkeE/tmp_ShallowMsa_006__2qkeE_first/tmp_ShallowMsa_006__2qkeE_first_rank1_model.pdb,,-0.2820267850376961
AF3_treek100_top10,AF3,ShallowMsa_007,5jytA,0.5201743002830707,0.7557183578945992,-0.23554405761152852,Pipeline/FoldPairs/5jytA_2qkeE/output_AF/AF3_treek100_top10/ShallowMsa_007/5jytA/tmp_ShallowMsa_007__5jytA_first/tmp_ShallowMsa_007__5jytA_first_rank1_model.pdb,,-0.3069187840219573
AF3_treek100_top10,AF3,ShallowMsa_007,2qkeE,0.5201743002830707,0.7557183578945992,-0.23554405761152852,Pipeline/FoldPairs/5jytA_2qkeE/output_AF/AF3_treek100_top10/ShallowMsa_007/2qkeE/tmp_ShallowMsa_007__2qkeE_first/tmp_ShallowMsa_007__2qkeE_first_rank1_model.pdb,,-0.3069187840219573
AF3_treek100_top10,AF3,ShallowMsa_008,5jytA,0.568362958355924,0.507801621009815,0.06056133734610902,Pipeline/FoldPairs/5jytA_2qkeE/output_AF/AF3_treek100_top10/ShallowMsa_008/5jytA/tmp_ShallowMsa_008__5jytA_first/tmp_ShallowMsa_008__5jytA_first_rank1_model.pdb,,-0.010813389064319778
AF3_treek100_top10,AF3,ShallowMsa_008,2qkeE,0.568362958355924,0.507801621009815,0.06056133734610902,Pipeline/FoldPairs/5jytA_2qkeE/output_AF/AF3_treek100_top10/ShallowMsa_008/2qkeE/tmp_ShallowMsa_008__2qkeE_first/tmp_ShallowMsa_008__2qkeE_first_rank1_model.pdb,,-0.010813389064319778
AF3_treek100_top10,AF3,ShallowMsa_009,5jytA,0.553516449962224,0.873991373364429,-0.32047492340220496,Pipeline/FoldPairs/5jytA_2qkeE/output_AF/AF3_treek100_top10/ShallowMsa_009/5jytA/tmp_ShallowMsa_009__5jytA_first/tmp_ShallowMsa_009__5jytA_first_rank1_model.pdb,,-0.39184964981263376
AF3_treek100_top10,AF3,ShallowMsa_009,2qkeE,0.5535818548776742,0.8738829605135721,-0.32030110563589786,Pipeline/FoldPairs/5jytA_2qkeE/output_AF/AF3_treek100_top10/ShallowMsa_009/2qkeE/tmp_ShallowMsa_009__2qkeE_first/tmp_ShallowMsa_009__2qkeE_first_rank1_model.pdb,,-0.39167583204632667
AF3_treek100_top10,AF3,ShallowMsa_010,5jytA,0.5340937257999471,0.7139724830329485,-0.1798787572330014,Pipeline/FoldPairs/5jytA_2qkeE/output_AF/AF3_treek100_top10/ShallowMsa_010/5jytA/tmp_ShallowMsa_010__5jytA_first/tmp_ShallowMsa_010__5jytA_first_rank1_model.pdb,,-0.2512534836434302
AF3_treek100_top10,AF3,ShallowMsa_010,2qkeE,0.5340937257999471,0.7139724830329485,-0.1798787572330014,Pipeline/FoldPairs/5jytA_2qkeE/output_AF/AF3_treek100_top10/ShallowMsa_010/2qkeE/tmp_ShallowMsa_010__2qkeE_first/tmp_ShallowMsa_010__2qkeE_first_rank1_model.pdb,,-0.2512534836434302
AF3_treek100_top10,AF3,ShallowMsa_011,5jytA,0.510224430424565,0.8004054652549982,-0.2901810348304332,Pipeline/FoldPairs/5jytA_2qkeE/output_AF/AF3_treek100_top10/ShallowMsa_011/5jytA/tmp_ShallowMsa_011__5jytA_first/tmp_ShallowMsa_011__5jytA_first_rank1_model.pdb,,-0.36155576124086203
AF3_treek100_top10,AF3,ShallowMsa_011,2qkeE,0.510224430424565,0.8004054652549982,-0.2901810348304332,Pipeline/FoldPairs/5jytA_2qkeE/output_AF/AF3_treek100_top10/ShallowMsa_011/2qkeE/tmp_ShallowMsa_011__2qkeE_first/tmp_ShallowMsa_011__2qkeE_first_rank1_model.pdb,,-0.36155576124086203
AF3_treek100_top10,AF3,ShallowMsa_012,5jytA,0.514297759204224,0.6750899936763701,-0.16079223447214608,Pipeline/FoldPairs/5jytA_2qkeE/output_AF/AF3_treek100_top10/ShallowMsa_012/5jytA/tmp_ShallowMsa_012__5jytA_first/tmp_ShallowMsa_012__5jytA_first_rank1_model.pdb,,-0.23216696088257488
AF3_treek100_top10,AF3,ShallowMsa_012,2qkeE,0.514297759204224,0.6750899936763701,-0.16079223447214608,Pipeline/FoldPairs/5jytA_2qkeE/output_AF/AF3_treek100_top10/ShallowMsa_012/2qkeE/tmp_ShallowMsa_012__2qkeE_first/tmp_ShallowMsa_012__2qkeE_first_rank1_model.pdb,,-0.23216696088257488
AF3_treek100_top10,AF3,ShallowMsa_013,5jytA,0.7392291274404553,0.49415778339210376,0.24507134404835157,Pipeline/FoldPairs/5jytA_2qkeE/output_AF/AF3_treek100_top10/ShallowMsa_013/5jytA/tmp_ShallowMsa_013__5jytA_first/tmp_ShallowMsa_013__5jytA_first_rank1_model.pdb,,0.17369661763792277
AF3_treek100_top10,AF3,ShallowMsa_013,2qkeE,0.7392291274404553,0.49415778339210376,0.24507134404835157,Pipeline/FoldPairs/5jytA_2qkeE/output_AF/AF3_treek100_top10/ShallowMsa_013/2qkeE/tmp_ShallowMsa_013__2qkeE_first/tmp_ShallowMsa_013__2qkeE_first_rank1_model.pdb,,0.17369661763792277
AF3_treek100_top10,AF3,ShallowMsa_014,5jytA,0.8135302448394033,0.5213019076511368,0.29222833718826646,Pipeline/FoldPairs/5jytA_2qkeE/output_AF/AF3_treek100_top10/ShallowMsa_014/5jytA/tmp_ShallowMsa_014__5jytA_first/tmp_ShallowMsa_014__5jytA_first_rank1_model.pdb,,0.22085361077783766
AF3_treek100_top10,AF3,ShallowMsa_014,2qkeE,0.8135302448394033,0.5213019076511368,0.29222833718826646,Pipeline/FoldPairs/5jytA_2qkeE/output_AF/AF3_treek100_top10/ShallowMsa_014/2qkeE/tmp_ShallowMsa_014__2qkeE_first/tmp_ShallowMsa_014__2qkeE_first_rank1_model.pdb,,0.22085361077783766
AF3_treek100_top10,AF3,ShallowMsa_015,5jytA,0.5597089209784254,0.47565076376397913,0.08405815721444626,Pipeline/FoldPairs/5jytA_2qkeE/output_AF/AF3_treek100_top10/ShallowMsa_015/5jytA/tmp_ShallowMsa_015__5jytA_first/tmp_ShallowMsa_015__5jytA_first_rank1_model.pdb,,0.01268343080401746
AF3_treek100_top10,AF3,ShallowMsa_015,2qkeE,0.5597089209784254,0.47565076376397913,0.08405815721444626,Pipeline/FoldPairs/5jytA_2qkeE/output_AF/AF3_treek100_top10/ShallowMsa_015/2qkeE/tmp_ShallowMsa_015__2qkeE_first/tmp_ShallowMsa_015__2qkeE_first_rank1_model.pdb,,0.01268343080401746
AF3_treek100_top10,AF3,ShallowMsa_016,5jytA,0.8136234141715706,0.517069774649575,0.29655363952199554,Pipeline/FoldPairs/5jytA_2qkeE/output_AF/AF3_treek100_top10/ShallowMsa_016/5jytA/tmp_ShallowMsa_016__5jytA_first/tmp_ShallowMsa_016__5jytA_first_rank1_model.pdb,,0.22517891311156674
AF3_treek100_top10,AF3,ShallowMsa_016,2qkeE,0.8136085704768429,0.5171089920820564,0.29649957839478647,Pipeline/FoldPairs/5jytA_2qkeE/output_AF/AF3_treek100_top10/ShallowMsa_016/2qkeE/tmp_ShallowMsa_016__2qkeE_first/tmp_ShallowMsa_016__2qkeE_first_rank1_model.pdb,,0.22512485198435767
AF3_treek100_top10,AF3,ShallowMsa_017,5jytA,0.7242963131338428,0.5206720913379674,0.20362422179587536,Pipeline/FoldPairs/5jytA_2qkeE/output_AF/AF3_treek100_top10/ShallowMsa_017/5jytA/tmp_ShallowMsa_017__5jytA_first/tmp_ShallowMsa_017__5jytA_first_rank1_model.pdb,,0.13224949538544656
AF3_treek100_top10,AF3,ShallowMsa_017,2qkeE,0.7242963131338428,0.5206720913379674,0.20362422179587536,Pipeline/FoldPairs/5jytA_2qkeE/output_AF/AF3_treek100_top10/ShallowMsa_017/2qkeE/tmp_ShallowMsa_017__2qkeE_first/tmp_ShallowMsa_017__2qkeE_first_rank1_model.pdb,,0.13224949538544656
AF3_treek100_top10,AF3,ShallowMsa_018,5jytA,0.5271330821454222,0.6150026975050172,-0.08786961535959503,Pipeline/FoldPairs/5jytA_2qkeE/output_AF/AF3_treek100_top10/ShallowMsa_018/5jytA/tmp_ShallowMsa_018__5jytA_first/tmp_ShallowMsa_018__5jytA_first_rank1_model.pdb,,-0.15924434177002383
AF3_treek100_top10,AF3,ShallowMsa_018,2qkeE,0.5271330821454222,0.6150026975050172,-0.08786961535959503,Pipeline/FoldPairs/5jytA_2qkeE/output_AF/AF3_treek100_top10/ShallowMsa_018/2qkeE/tmp_ShallowMsa_018__2qkeE_first/tmp_ShallowMsa_018__2qkeE_first_rank1_model.pdb,,-0.15924434177002383
AF3_treek100_top10,AF3,ShallowMsa_019,5jytA,0.514072599930153,0.9295961276817001,-0.4155235277515471,Pipeline/FoldPairs/5jytA_2qkeE/output_AF/AF3_treek100_top10/ShallowMsa_019/5jytA/tmp_ShallowMsa_019__5jytA_first/tmp_ShallowMsa_019__5jytA_first_rank1_model.pdb,,-0.4868982541619759
AF3_treek100_top10,AF3,ShallowMsa_019,2qkeE,0.514072599930153,0.9295961276817001,-0.4155235277515471,Pipeline/FoldPairs/5jytA_2qkeE/output_AF/AF3_treek100_top10/ShallowMsa_019/2qkeE/tmp_ShallowMsa_019__2qkeE_first/tmp_ShallowMsa_019__2qkeE_first_rank1_model.pdb,,-0.4868982541619759
AF3_treek100_top10,AF3,ShallowMsa_020,5jytA,0.7904717935372213,0.5095369446118942,0.28093484892532705,Pipeline/FoldPairs/5jytA_2qkeE/output_AF/AF3_treek100_top10/ShallowMsa_020/5jytA/tmp_ShallowMsa_020__5jytA_first/tmp_ShallowMsa_020__5jytA_first_rank1_model.pdb,,0.20956012251489825
AF3_treek100_top10,AF3,ShallowMsa_020,2qkeE,0.7904717935372213,0.5095369446118942,0.28093484892532705,Pipeline/FoldPairs/5jytA_2qkeE/output_AF/AF3_treek100_top10/ShallowMsa_020/2qkeE/tmp_ShallowMsa_020__2qkeE_first/tmp_ShallowMsa_020__2qkeE_first_rank1_model.pdb,,0.20956012251489825
AF3_treek100_top10,AF3,ShallowMsa_021,5jytA,0.8005187064893218,0.5005546101316848,0.299964096357637,Pipeline/FoldPairs/5jytA_2qkeE/output_AF/AF3_treek100_top10/ShallowMsa_021/5jytA/tmp_ShallowMsa_021__5jytA_first/tmp_ShallowMsa_021__5jytA_first_rank1_model.pdb,,0.2285893699472082
AF3_treek100_top10,AF3,ShallowMsa_021,2qkeE,0.8005187064893218,0.5005546101316848,0.299964096357637,Pipeline/FoldPairs/5jytA_2qkeE/output_AF/AF3_treek100_top10/ShallowMsa_021/2qkeE/tmp_ShallowMsa_021__2qkeE_first/tmp_ShallowMsa_021__2qkeE_first_rank1_model.pdb,,0.2285893699472082
AF3_treek100_top10,AF3,ShallowMsa_022,5jytA,0.414115468153871,0.44150803541901407,-0.027392567265143053,Pipeline/FoldPairs/5jytA_2qkeE/output_AF/AF3_treek100_top10/ShallowMsa_022/5jytA/tmp_ShallowMsa_022__5jytA_first/tmp_ShallowMsa_022__5jytA_first_rank1_model.pdb,,-0.09876729367557185
AF3_treek100_top10,AF3,ShallowMsa_022,2qkeE,0.414115468153871,0.44150803541901407,-0.027392567265143053,Pipeline/FoldPairs/5jytA_2qkeE/output_AF/AF3_treek100_top10/ShallowMsa_022/2qkeE/tmp_ShallowMsa_022__2qkeE_first/tmp_ShallowMsa_022__2qkeE_first_rank1_model.pdb,,-0.09876729367557185
AF3_treek100_top10,AF3,ShallowMsa_023,5jytA,0.77881794928748,0.48912354769847544,0.2896944015890046,Pipeline/FoldPairs/5jytA_2qkeE/output_AF/AF3_treek100_top10/ShallowMsa_023/5jytA/tmp_ShallowMsa_023__5jytA_first/tmp_ShallowMsa_023__5jytA_first_rank1_model.pdb,,0.2183196751785758
AF3_treek100_top10,AF3,ShallowMsa_023,2qkeE,0.77881794928748,0.48912354769847544,0.2896944015890046,Pipeline/FoldPairs/5jytA_2qkeE/output_AF/AF3_treek100_top10/ShallowMsa_023/2qkeE/tmp_ShallowMsa_023__2qkeE_first/tmp_ShallowMsa_023__2qkeE_first_rank1_model.pdb,,0.2183196751785758
AF3_treek100_top10,AF3,ShallowMsa_024,5jytA,0.5291926442520506,0.6354301357778639,-0.1062374915258133,Pipeline/FoldPairs/5jytA_2qkeE/output_AF/AF3_treek100_top10/ShallowMsa_024/5jytA/tmp_ShallowMsa_024__5jytA_first/tmp_ShallowMsa_024__5jytA_first_rank1_model.pdb,,-0.1776122179362421
AF3_treek100_top10,AF3,ShallowMsa_024,2qkeE,0.5291926442520506,0.6354301357778639,-0.1062374915258133,Pipeline/FoldPairs/5jytA_2qkeE/output_AF/AF3_treek100_top10/ShallowMsa_024/2qkeE/tmp_ShallowMsa_024__2qkeE_first/tmp_ShallowMsa_024__2qkeE_first_rank1_model.pdb,,-0.1776122179362421
AF3_treek100_top10,AF3,ShallowMsa_025,5jytA,0.7790781042029833,0.5215037225852878,0.2575743816176955,Pipeline/FoldPairs/5jytA_2qkeE/output_AF/AF3_treek100_top10/ShallowMsa_025/5jytA/tmp_ShallowMsa_025__5jytA_first/tmp_ShallowMsa_025__5jytA_first_rank1_model.pdb,,0.18619965520726672
AF3_treek100_top10,AF3,ShallowMsa_025,2qkeE,0.7790781042029833,0.5215037225852878,0.2575743816176955,Pipeline/FoldPairs/5jytA_2qkeE/output_AF/AF3_treek100_top10/ShallowMsa_025/2qkeE/tmp_ShallowMsa_025__2qkeE_first/tmp_ShallowMsa_025__2qkeE_first_rank1_model.pdb,,0.18619965520726672
AF3_treek100_top10,AF3,ShallowMsa_026,5jytA,0.5662023412786081,0.5275065352374146,0.03869580604119349,Pipeline/FoldPairs/5jytA_2qkeE/output_AF/AF3_treek100_top10/ShallowMsa_026/5jytA/tmp_ShallowMsa_026__5jytA_first/tmp_ShallowMsa_026__5jytA_first_rank1_model.pdb,,-0.03267892036923531
AF3_treek100_top10,AF3,ShallowMsa_026,2qkeE,0.5662023412786081,0.5275065352374146,0.03869580604119349,Pipeline/FoldPairs/5jytA_2qkeE/output_AF/AF3_treek100_top10/ShallowMsa_026/2qkeE/tmp_ShallowMsa_026__2qkeE_first/tmp_ShallowMsa_026__2qkeE_first_rank1_model.pdb,,-0.03267892036923531
AF3_treek100_top10,AF3,ShallowMsa_027,5jytA,0.8256669993994338,0.5136616042502788,0.31200539514915493,Pipeline/FoldPairs/5jytA_2qkeE/output_AF/AF3_treek100_top10/ShallowMsa_027/5jytA/tmp_ShallowMsa_027__5jytA_first/tmp_ShallowMsa_027__5jytA_first_rank1_model.pdb,,0.24063066873872613
AF3_treek100_top10,AF3,ShallowMsa_027,2qkeE,0.8256669993994338,0.5136616042502788,0.31200539514915493,Pipeline/FoldPairs/5jytA_2qkeE/output_AF/AF3_treek100_top10/ShallowMsa_027/2qkeE/tmp_ShallowMsa_027__2qkeE_first/tmp_ShallowMsa_027__2qkeE_first_rank1_model.pdb,,0.24063066873872613
AF3_treek100_top10,AF3,ShallowMsa_028,5jytA,0.8095081216230979,0.5037533243363392,0.3057547972867587,Pipeline/FoldPairs/5jytA_2qkeE/output_AF/AF3_treek100_top10/ShallowMsa_028/5jytA/tmp_ShallowMsa_028__5jytA_first/tmp_ShallowMsa_028__5jytA_first_rank1_model.pdb,,0.2343800708763299
AF3_treek100_top10,AF3,ShallowMsa_028,2qkeE,0.8095081216230979,0.5037533243363392,0.3057547972867587,Pipeline/FoldPairs/5jytA_2qkeE/output_AF/AF3_treek100_top10/ShallowMsa_028/2qkeE/tmp_ShallowMsa_028__2qkeE_first/tmp_ShallowMsa_028__2qkeE_first_rank1_model.pdb,,0.2343800708763299
AF3_treek100_top10,AF3,ShallowMsa_029,5jytA,0.4744205738644262,0.8204022623335717,-0.3459816884691455,Pipeline/FoldPairs/5jytA_2qkeE/output_AF/AF3_treek100_top10/ShallowMsa_029/5jytA/tmp_ShallowMsa_029__5jytA_first/tmp_ShallowMsa_029__5jytA_first_rank1_model.pdb,,-0.4173564148795743
AF3_treek100_top10,AF3,ShallowMsa_029,2qkeE,0.4744205738644262,0.8204022623335717,-0.3459816884691455,Pipeline/FoldPairs/5jytA_2qkeE/output_AF/AF3_treek100_top10/ShallowMsa_029/2qkeE/tmp_ShallowMsa_029__2qkeE_first/tmp_ShallowMsa_029__2qkeE_first_rank1_model.pdb,,-0.4173564148795743
AF3_treek100_top10,AF3,ShallowMsa_030,5jytA,0.47765527527497365,0.8990145438131638,-0.42135926853819017,Pipeline/FoldPairs/5jytA_2qkeE/output_AF/AF3_treek100_top10/ShallowMsa_030/5jytA/tmp_ShallowMsa_030__5jytA_first/tmp_ShallowMsa_030__5jytA_first_rank1_model.pdb,,-0.49273399494861897
AF3_treek100_top10,AF3,ShallowMsa_030,2qkeE,0.47765527527497365,0.8990145438131638,-0.42135926853819017,Pipeline/FoldPairs/5jytA_2qkeE/output_AF/AF3_treek100_top10/ShallowMsa_030/2qkeE/tmp_ShallowMsa_030__2qkeE_first/tmp_ShallowMsa_030__2qkeE_first_rank1_model.pdb,,-0.49273399494861897
AF3_treek100_top10,AF3,ShallowMsa_031,5jytA,0.7694011535679942,0.4898182062165296,0.2795829473514646,Pipeline/FoldPairs/5jytA_2qkeE/output_AF/AF3_treek100_top10/ShallowMsa_031/5jytA/tmp_ShallowMsa_031__5jytA_first/tmp_ShallowMsa_031__5jytA_first_rank1_model.pdb,,0.2082082209410358
AF3_treek100_top10,AF3,ShallowMsa_031,2qkeE,0.7694011535679942,0.4898182062165296,0.2795829473514646,Pipeline/FoldPairs/5jytA_2qkeE/output_AF/AF3_treek100_top10/ShallowMsa_031/2qkeE/tmp_ShallowMsa_031__2qkeE_first/tmp_ShallowMsa_031__2qkeE_first_rank1_model.pdb,,0.2082082209410358
AF3_treek100_top10,AF3,ShallowMsa_032,5jytA,0.48245110458137286,0.8742175116419277,-0.3917664070605549,Pipeline/FoldPairs/5jytA_2qkeE/output_AF/AF3_treek100_top10/ShallowMsa_032/5jytA/tmp_ShallowMsa_032__5jytA_first/tmp_ShallowMsa_032__5jytA_first_rank1_model.pdb,,-0.4631411334709837
AF3_treek100_top10,AF3,ShallowMsa_032,2qkeE,0.48245110458137286,0.8742175116419277,-0.3917664070605549,Pipeline/FoldPairs/5jytA_2qkeE/output_AF/AF3_treek100_top10/ShallowMsa_032/2qkeE/tmp_ShallowMsa_032__2qkeE_first/tmp_ShallowMsa_032__2qkeE_first_rank1_model.pdb,,-0.4631411334709837
AF3_treek100_top10,AF3,ShallowMsa_033,5jytA,0.6093498021474854,0.48495938973210534,0.12439041241538001,Pipeline/FoldPairs/5jytA_2qkeE/output_AF/AF3_treek100_top10/ShallowMsa_033/5jytA/tmp_ShallowMsa_033__5jytA_first/tmp_ShallowMsa_033__5jytA_first_rank1_model.pdb,,0.05301568600495121
AF3_treek100_top10,AF3,ShallowMsa_033,2qkeE,0.6093498021474854,0.48495938973210534,0.12439041241538001,Pipeline/FoldPairs/5jytA_2qkeE/output_AF/AF3_treek100_top10/ShallowMsa_033/2qkeE/tmp_ShallowMsa_033__2qkeE_first/tmp_ShallowMsa_033__2qkeE_first_rank1_model.pdb,,0.05301568600495121
AF3_treek100_top10,AF3,ShallowMsa_034,5jytA,0.7734719131719817,0.507331457346658,0.26614045582532375,Pipeline/FoldPairs/5jytA_2qkeE/output_AF/AF3_treek100_top10/ShallowMsa_034/5jytA/tmp_ShallowMsa_034__5jytA_first/tmp_ShallowMsa_034__5jytA_first_rank1_model.pdb,,0.19476572941489495
AF3_treek100_top10,AF3,ShallowMsa_034,2qkeE,0.7734719131719817,0.507331457346658,0.26614045582532375,Pipeline/FoldPairs/5jytA_2qkeE/output_AF/AF3_treek100_top10/ShallowMsa_034/2qkeE/tmp_ShallowMsa_034__2qkeE_first/tmp_ShallowMsa_034__2qkeE_first_rank1_model.pdb,,0.19476572941489495
AF3_treek100_top10,AF3,ShallowMsa_035,5jytA,0.4316017966430765,0.516669737114376,-0.08506794047129951,Pipeline/FoldPairs/5jytA_2qkeE/output_AF/AF3_treek100_top10/ShallowMsa_035/5jytA/tmp_ShallowMsa_035__5jytA_first/tmp_ShallowMsa_035__5jytA_first_rank1_model.pdb,,-0.1564426668817283
AF3_treek100_top10,AF3,ShallowMsa_035,2qkeE,0.4316017966430765,0.516669737114376,-0.08506794047129951,Pipeline/FoldPairs/5jytA_2qkeE/output_AF/AF3_treek100_top10/ShallowMsa_035/2qkeE/tmp_ShallowMsa_035__2qkeE_first/tmp_ShallowMsa_035__2qkeE_first_rank1_model.pdb,,-0.1564426668817283
AF3_treek100_top10,AF3,ShallowMsa_036,5jytA,0.5123679536793246,0.41850467825555987,0.09386327542376477,Pipeline/FoldPairs/5jytA_2qkeE/output_AF/AF3_treek100_top10/ShallowMsa_036/5jytA/tmp_ShallowMsa_036__5jytA_first/tmp_ShallowMsa_036__5jytA_first_rank1_model.pdb,,0.022488549013335968
AF3_treek100_top10,AF3,ShallowMsa_036,2qkeE,0.5123679536793246,0.41850467825555987,0.09386327542376477,Pipeline/FoldPairs/5jytA_2qkeE/output_AF/AF3_treek100_top10/ShallowMsa_036/2qkeE/tmp_ShallowMsa_036__2qkeE_first/tmp_ShallowMsa_036__2qkeE_first_rank1_model.pdb,,0.022488549013335968
AF3_treek100_top10,AF3,ShallowMsa_037,5jytA,0.7895553147561738,0.5382502578796519,0.25130505687652194,Pipeline/FoldPairs/5jytA_2qkeE/output_AF/AF3_treek100_top10/ShallowMsa_037/5jytA/tmp_ShallowMsa_037__5jytA_first/tmp_ShallowMsa_037__5jytA_first_rank1_model.pdb,,0.17993033046609314
AF3_treek100_top10,AF3,ShallowMsa_037,2qkeE,0.7895553147561738,0.5382502578796519,0.25130505687652194,Pipeline/FoldPairs/5jytA_2qkeE/output_AF/AF3_treek100_top10/ShallowMsa_037/2qkeE/tmp_ShallowMsa_037__2qkeE_first/tmp_ShallowMsa_037__2qkeE_first_rank1_model.pdb,,0.17993033046609314
AF3_treek100_top10,AF3,ShallowMsa_038,5jytA,0.4912455682816115,0.7596151504903379,-0.2683695822087264,Pipeline/FoldPairs/5jytA_2qkeE/output_AF/AF3_treek100_top10/ShallowMsa_038/5jytA/tmp_ShallowMsa_038__5jytA_first/tmp_ShallowMsa_038__5jytA_first_rank1_model.pdb,,-0.3397443086191552
AF3_treek100_top10,AF3,ShallowMsa_038,2qkeE,0.4912455682816115,0.7596151504903379,-0.2683695822087264,Pipeline/FoldPairs/5jytA_2qkeE/output_AF/AF3_treek100_top10/ShallowMsa_038/2qkeE/tmp_ShallowMsa_038__2qkeE_first/tmp_ShallowMsa_038__2qkeE_first_rank1_model.pdb,,-0.3397443086191552
AF3_treek100_top10,AF3,ShallowMsa_039,5jytA,0.526552571364916,0.6651002418851842,-0.13854767052026828,Pipeline/FoldPairs/5jytA_2qkeE/output_AF/AF3_treek100_top10/ShallowMsa_039/5jytA/tmp_ShallowMsa_039__5jytA_first/tmp_ShallowMsa_039__5jytA_first_rank1_model.pdb,,-0.20992239693069709
AF3_treek100_top10,AF3,ShallowMsa_039,2qkeE,0.5250458905901214,0.6652178849553244,-0.140171994365203,Pipeline/FoldPairs/5jytA_2qkeE/output_AF/AF3_treek100_top10/ShallowMsa_039/2qkeE/tmp_ShallowMsa_039__2qkeE_first/tmp_ShallowMsa_039__2qkeE_first_rank1_model.pdb,,-0.2115467207756318
AF3_treek100_top10,AF3,ShallowMsa_040,5jytA,0.44254348371138685,0.37521735484205465,0.0673261288693322,Pipeline/FoldPairs/5jytA_2qkeE/output_AF/AF3_treek100_top10/ShallowMsa_040/5jytA/tmp_ShallowMsa_040__5jytA_first/tmp_ShallowMsa_040__5jytA_first_rank1_model.pdb,,-0.004048597541096599
AF3_treek100_top10,AF3,ShallowMsa_040,2qkeE,0.44254348371138685,0.37521735484205465,0.0673261288693322,Pipeline/FoldPairs/5jytA_2qkeE/output_AF/AF3_treek100_top10/ShallowMsa_040/2qkeE/tmp_ShallowMsa_040__2qkeE_first/tmp_ShallowMsa_040__2qkeE_first_rank1_model.pdb,,-0.004048597541096599
AF3_treek100_top10,AF3,ShallowMsa_041,5jytA,0.721299385584919,0.5076070791045284,0.21369230648039061,Pipeline/FoldPairs/5jytA_2qkeE/output_AF/AF3_treek100_top10/ShallowMsa_041/5jytA/tmp_ShallowMsa_041__5jytA_first/tmp_ShallowMsa_041__5jytA_first_rank1_model.pdb,,0.1423175800699618
AF3_treek100_top10,AF3,ShallowMsa_041,2qkeE,0.7212919058616237,0.5075574046188948,0.21373450124272897,Pipeline/FoldPairs/5jytA_2qkeE/output_AF/AF3_treek100_top10/ShallowMsa_041/2qkeE/tmp_ShallowMsa_041__2qkeE_first/tmp_ShallowMsa_041__2qkeE_first_rank1_model.pdb,,0.14235977483230017
AF3_treek100_top10,AF3,ShallowMsa_042,5jytA,0.5534683572065896,0.8711900603297845,-0.3177217031231949,Pipeline/FoldPairs/5jytA_2qkeE/output_AF/AF3_treek100_top10/ShallowMsa_042/5jytA/tmp_ShallowMsa_042__5jytA_first/tmp_ShallowMsa_042__5jytA_first_rank1_model.pdb,,-0.3890964295336237
AF3_treek100_top10,AF3,ShallowMsa_042,2qkeE,0.5534683572065896,0.8711900603297845,-0.3177217031231949,Pipeline/FoldPairs/5jytA_2qkeE/output_AF/AF3_treek100_top10/ShallowMsa_042/2qkeE/tmp_ShallowMsa_042__2qkeE_first/tmp_ShallowMsa_042__2qkeE_first_rank1_model.pdb,,-0.3890964295336237
AF3_treek100_top10,AF3,ShallowMsa_043,5jytA,0.4001608146130899,0.41452842680328333,-0.014367612190193446,Pipeline/FoldPairs/5jytA_2qkeE/output_AF/AF3_treek100_top10/ShallowMsa_043/5jytA/tmp_ShallowMsa_043__5jytA_first/tmp_ShallowMsa_043__5jytA_first_rank1_model.pdb,,-0.08574233860062225
AF3_treek100_top10,AF3,ShallowMsa_043,2qkeE,0.4001608146130899,0.41452842680328333,-0.014367612190193446,Pipeline/FoldPairs/5jytA_2qkeE/output_AF/AF3_treek100_top10/ShallowMsa_043/2qkeE/tmp_ShallowMsa_043__2qkeE_first/tmp_ShallowMsa_043__2qkeE_first_rank1_model.pdb,,-0.08574233860062225
AF3_treek100_top10,AF3,ShallowMsa_044,5jytA,0.5925934638273271,0.5701104211471868,0.02248304268014034,Pipeline/FoldPairs/5jytA_2qkeE/output_AF/AF3_treek100_top10/ShallowMsa_044/5jytA/tmp_ShallowMsa_044__5jytA_first/tmp_ShallowMsa_044__5jytA_first_rank1_model.pdb,,-0.04889168373028846
AF3_treek100_top10,AF3,ShallowMsa_044,2qkeE,0.5925934638273271,0.5701104211471868,0.02248304268014034,Pipeline/FoldPairs/5jytA_2qkeE/output_AF/AF3_treek100_top10/ShallowMsa_044/2qkeE/tmp_ShallowMsa_044__2qkeE_first/tmp_ShallowMsa_044__2qkeE_first_rank1_model.pdb,,-0.04889168373028846
AF3_treek100_top10,AF3,ShallowMsa_045,5jytA,0.83115621144844,0.5190895595170603,0.3120666519313797,Pipeline/FoldPairs/5jytA_2qkeE/output_AF/AF3_treek100_top10/ShallowMsa_045/5jytA/tmp_ShallowMsa_045__5jytA_first/tmp_ShallowMsa_045__5jytA_first_rank1_model.pdb,,0.24069192552095092
AF3_treek100_top10,AF3,ShallowMsa_045,2qkeE,0.83115621144844,0.5190895595170603,0.3120666519313797,Pipeline/FoldPairs/5jytA_2qkeE/output_AF/AF3_treek100_top10/ShallowMsa_045/2qkeE/tmp_ShallowMsa_045__2qkeE_first/tmp_ShallowMsa_045__2qkeE_first_rank1_model.pdb,,0.24069192552095092
AF3_treek100_top10,AF3,ShallowMsa_046,5jytA,0.7863190412653388,0.4985242507303067,0.2877947905350321,Pipeline/FoldPairs/5jytA_2qkeE/output_AF/AF3_treek100_top10/ShallowMsa_046/5jytA/tmp_ShallowMsa_046__5jytA_first/tmp_ShallowMsa_046__5jytA_first_rank1_model.pdb,,0.2164200641246033
AF3_treek100_top10,AF3,ShallowMsa_046,2qkeE,0.7863190412653388,0.4985242507303067,0.2877947905350321,Pipeline/FoldPairs/5jytA_2qkeE/output_AF/AF3_treek100_top10/ShallowMsa_046/2qkeE/tmp_ShallowMsa_046__2qkeE_first/tmp_ShallowMsa_046__2qkeE_first_rank1_model.pdb,,0.2164200641246033
AF3_treek100_top10,AF3,ShallowMsa_047,5jytA,0.6573516230146763,0.583566911729611,0.07378471128506536,Pipeline/FoldPairs/5jytA_2qkeE/output_AF/AF3_treek100_top10/ShallowMsa_047/5jytA/tmp_ShallowMsa_047__5jytA_first/tmp_ShallowMsa_047__5jytA_first_rank1_model.pdb,,0.0024099848746365615
AF3_treek100_top10,AF3,ShallowMsa_047,2qkeE,0.6573516230146763,0.583566911729611,0.07378471128506536,Pipeline/FoldPairs/5jytA_2qkeE/output_AF/AF3_treek100_top10/ShallowMsa_047/2qkeE/tmp_ShallowMsa_047__2qkeE_first/tmp_ShallowMsa_047__2qkeE_first_rank1_model.pdb,,0.0024099848746365615
AF3_treek100_top10,AF3,ShallowMsa_048,5jytA,0.5118208685685948,0.8719444025603961,-0.3601235339918013,Pipeline/FoldPairs/5jytA_2qkeE/output_AF/AF3_treek100_top10/ShallowMsa_048/5jytA/tmp_ShallowMsa_048__5jytA_first/tmp_ShallowMsa_048__5jytA_first_rank1_model.pdb,,-0.4314982604022301
AF3_treek100_top10,AF3,ShallowMsa_048,2qkeE,0.5118208685685948,0.8719444025603961,-0.3601235339918013,Pipeline/FoldPairs/5jytA_2qkeE/output_AF/AF3_treek100_top10/ShallowMsa_048/2qkeE/tmp_ShallowMsa_048__2qkeE_first/tmp_ShallowMsa_048__2qkeE_first_rank1_model.pdb,,-0.4314982604022301
AF3_treek100_top10,AF3,ShallowMsa_049,5jytA,0.4947033026052036,0.4972162591938266,-0.0025129565886229943,Pipeline/FoldPairs/5jytA_2qkeE/output_AF/AF3_treek100_top10/ShallowMsa_049/5jytA/tmp_ShallowMsa_049__5jytA_first/tmp_ShallowMsa_049__5jytA_first_rank1_model.pdb,,-0.0738876829990518
AF3_treek100_top10,AF3,ShallowMsa_049,2qkeE,0.4947033026052036,0.4972162591938266,-0.0025129565886229943,Pipeline/FoldPairs/5jytA_2qkeE/output_AF/AF3_treek100_top10/ShallowMsa_049/2qkeE/tmp_ShallowMsa_049__2qkeE_first/tmp_ShallowMsa_049__2qkeE_first_rank1_model.pdb,,-0.0738876829990518
AF3_treek100_top10,AF3,ShallowMsa_051,5jytA,0.7884130610885967,0.5085644990923398,0.27984856199625685,Pipeline/FoldPairs/5jytA_2qkeE/output_AF/AF3_treek100_top10/ShallowMsa_051/5jytA/tmp_ShallowMsa_051__5jytA_first/tmp_ShallowMsa_051__5jytA_first_rank1_model.pdb,,0.20847383558582805
AF3_treek100_top10,AF3,ShallowMsa_051,2qkeE,0.7884130610885967,0.5085644990923398,0.27984856199625685,Pipeline/FoldPairs/5jytA_2qkeE/output_AF/AF3_treek100_top10/ShallowMsa_051/2qkeE/tmp_ShallowMsa_051__2qkeE_first/tmp_ShallowMsa_051__2qkeE_first_rank1_model.pdb,,0.20847383558582805
AF3_treek100_top10,AF3,ShallowMsa_052,5jytA,0.7670408714727466,0.48975602911041277,0.2772848423623338,Pipeline/FoldPairs/5jytA_2qkeE/output_AF/AF3_treek100_top10/ShallowMsa_052/5jytA/tmp_ShallowMsa_052__5jytA_first/tmp_ShallowMsa_052__5jytA_first_rank1_model.pdb,,0.205910115951905
AF3_treek100_top10,AF3,ShallowMsa_052,2qkeE,0.7670408714727466,0.48975602911041277,0.2772848423623338,Pipeline/FoldPairs/5jytA_2qkeE/output_AF/AF3_treek100_top10/ShallowMsa_052/2qkeE/tmp_ShallowMsa_052__2qkeE_first/tmp_ShallowMsa_052__2qkeE_first_rank1_model.pdb,,0.205910115951905
AF3_treek100_top10,AF3,ShallowMsa_053,5jytA,0.49901999421713866,0.5363861234938826,-0.03736612927674393,Pipeline/FoldPairs/5jytA_2qkeE/output_AF/AF3_treek100_top10/ShallowMsa_053/5jytA/tmp_ShallowMsa_053__5jytA_first/tmp_ShallowMsa_053__5jytA_first_rank1_model.pdb,,-0.10874085568717273
AF3_treek100_top10,AF3,ShallowMsa_053,2qkeE,0.4816242570645827,0.8196285066267147,-0.33800424956213204,Pipeline/FoldPairs/5jytA_2qkeE/output_AF/AF3_treek100_top10/ShallowMsa_053/2qkeE/tmp_ShallowMsa_053__2qkeE_first/tmp_ShallowMsa_053__2qkeE_first_rank1_model.pdb,,-0.40937897597256084
AF3_treek100_top10,AF3,ShallowMsa_054,5jytA,0.5164477983384357,0.5524853935935773,-0.03603759525514161,Pipeline/FoldPairs/5jytA_2qkeE/output_AF/AF3_treek100_top10/ShallowMsa_054/5jytA/tmp_ShallowMsa_054__5jytA_first/tmp_ShallowMsa_054__5jytA_first_rank1_model.pdb,,-0.10741232166557041
AF3_treek100_top10,AF3,ShallowMsa_054,2qkeE,0.5164477983384357,0.5524853935935773,-0.03603759525514161,Pipeline/FoldPairs/5jytA_2qkeE/output_AF/AF3_treek100_top10/ShallowMsa_054/2qkeE/tmp_ShallowMsa_054__2qkeE_first/tmp_ShallowMsa_054__2qkeE_first_rank1_model.pdb,,-0.10741232166557041
AF3_treek100_top10,AF3,ShallowMsa_055,5jytA,0.546323512041634,0.8573962426119623,-0.31107273057032836,Pipeline/FoldPairs/5jytA_2qkeE/output_AF/AF3_treek100_top10/ShallowMsa_055/5jytA/tmp_ShallowMsa_055__5jytA_first/tmp_ShallowMsa_055__5jytA_first_rank1_model.pdb,,-0.38244745698075716
AF3_treek100_top10,AF3,ShallowMsa_055,2qkeE,0.546323512041634,0.8573962426119623,-0.31107273057032836,Pipeline/FoldPairs/5jytA_2qkeE/output_AF/AF3_treek100_top10/ShallowMsa_055/2qkeE/tmp_ShallowMsa_055__2qkeE_first/tmp_ShallowMsa_055__2qkeE_first_rank1_model.pdb,,-0.38244745698075716
AF3_treek100_top10,AF3,ShallowMsa_056,5jytA,0.7749532398358567,0.4740091298591736,0.30094410997668314,Pipeline/FoldPairs/5jytA_2qkeE/output_AF/AF3_treek100_top10/ShallowMsa_056/5jytA/tmp_ShallowMsa_056__5jytA_first/tmp_ShallowMsa_056__5jytA_first_rank1_model.pdb,,0.22956938356625434
AF3_treek100_top10,AF3,ShallowMsa_056,2qkeE,0.7749532398358567,0.4740091298591736,0.30094410997668314,Pipeline/FoldPairs/5jytA_2qkeE/output_AF/AF3_treek100_top10/ShallowMsa_056/2qkeE/tmp_ShallowMsa_056__2qkeE_first/tmp_ShallowMsa_056__2qkeE_first_rank1_model.pdb,,0.22956938356625434
AF3_treek100_top10,AF3,ShallowMsa_057,5jytA,0.757524705448639,0.46029517904726414,0.2972295264013749,Pipeline/FoldPairs/5jytA_2qkeE/output_AF/AF3_treek100_top10/ShallowMsa_057/5jytA/tmp_ShallowMsa_057__5jytA_first/tmp_ShallowMsa_057__5jytA_first_rank1_model.pdb,,0.2258547999909461
AF3_treek100_top10,AF3,ShallowMsa_057,2qkeE,0.757524705448639,0.46029517904726414,0.2972295264013749,Pipeline/FoldPairs/5jytA_2qkeE/output_AF/AF3_treek100_top10/ShallowMsa_057/2qkeE/tmp_ShallowMsa_057__2qkeE_first/tmp_ShallowMsa_057__2qkeE_first_rank1_model.pdb,,0.2258547999909461
AF3_treek100_top10,AF3,ShallowMsa_058,5jytA,0.5865936404107203,0.5065972164490001,0.07999642396172013,Pipeline/FoldPairs/5jytA_2qkeE/output_AF/AF3_treek100_top10/ShallowMsa_058/5jytA/tmp_ShallowMsa_058__5jytA_first/tmp_ShallowMsa_058__5jytA_first_rank1_model.pdb,,0.00862169755129133
AF3_treek100_top10,AF3,ShallowMsa_058,2qkeE,0.5865936404107203,0.5065972164490001,0.07999642396172013,Pipeline/FoldPairs/5jytA_2qkeE/output_AF/AF3_treek100_top10/ShallowMsa_058/2qkeE/tmp_ShallowMsa_058__2qkeE_first/tmp_ShallowMsa_058__2qkeE_first_rank1_model.pdb,,0.00862169755129133
AF3_treek100_top10,AF3,ShallowMsa_059,5jytA,0.8368722126000235,0.5335979321137428,0.3032742804862807,Pipeline/FoldPairs/5jytA_2qkeE/output_AF/AF3_treek100_top10/ShallowMsa_059/5jytA/tmp_ShallowMsa_059__5jytA_first/tmp_ShallowMsa_059__5jytA_first_rank1_model.pdb,,0.2318995540758519
AF3_treek100_top10,AF3,ShallowMsa_059,2qkeE,0.8368722126000235,0.5335979321137428,0.3032742804862807,Pipeline/FoldPairs/5jytA_2qkeE/output_AF/AF3_treek100_top10/ShallowMsa_059/2qkeE/tmp_ShallowMsa_059__2qkeE_first/tmp_ShallowMsa_059__2qkeE_first_rank1_model.pdb,,0.2318995540758519
AF3_treek100_top10,AF3,ShallowMsa_060,5jytA,0.8316053118856317,0.5104230285750632,0.32118228331056853,Pipeline/FoldPairs/5jytA_2qkeE/output_AF/AF3_treek100_top10/ShallowMsa_060/5jytA/tmp_ShallowMsa_060__5jytA_first/tmp_ShallowMsa_060__5jytA_first_rank1_model.pdb,,0.24980755690013973
AF3_treek100_top10,AF3,ShallowMsa_060,2qkeE,0.8316053118856317,0.5104230285750632,0.32118228331056853,Pipeline/FoldPairs/5jytA_2qkeE/output_AF/AF3_treek100_top10/ShallowMsa_060/2qkeE/tmp_ShallowMsa_060__2qkeE_first/tmp_ShallowMsa_060__2qkeE_first_rank1_model.pdb,,0.24980755690013973
AF3_treek100_top10,AF3,ShallowMsa_061,5jytA,0.5522101193166837,0.47585040283202473,0.076359716484659,Pipeline/FoldPairs/5jytA_2qkeE/output_AF/AF3_treek100_top10/ShallowMsa_061/5jytA/tmp_ShallowMsa_061__5jytA_first/tmp_ShallowMsa_061__5jytA_first_rank1_model.pdb,,0.0049849900742302
AF3_treek100_top10,AF3,ShallowMsa_061,2qkeE,0.5522101193166837,0.47585040283202473,0.076359716484659,Pipeline/FoldPairs/5jytA_2qkeE/output_AF/AF3_treek100_top10/ShallowMsa_061/2qkeE/tmp_ShallowMsa_061__2qkeE_first/tmp_ShallowMsa_061__2qkeE_first_rank1_model.pdb,,0.0049849900742302
AF3_treek100_top10,AF3,ShallowMsa_062,5jytA,0.8054960983438458,0.48896934532775316,0.3165267530160927,Pipeline/FoldPairs/5jytA_2qkeE/output_AF/AF3_treek100_top10/ShallowMsa_062/5jytA/tmp_ShallowMsa_062__5jytA_first/tmp_ShallowMsa_062__5jytA_first_rank1_model.pdb,,0.24515202660566388
AF3_treek100_top10,AF3,ShallowMsa_062,2qkeE,0.8054960983438458,0.48896934532775316,0.3165267530160927,Pipeline/FoldPairs/5jytA_2qkeE/output_AF/AF3_treek100_top10/ShallowMsa_062/2qkeE/tmp_ShallowMsa_062__2qkeE_first/tmp_ShallowMsa_062__2qkeE_first_rank1_model.pdb,,0.24515202660566388
AF3_treek100_top10,AF3,ShallowMsa_063,5jytA,0.5573039892089691,0.6607603690003657,-0.10345637979139666,Pipeline/FoldPairs/5jytA_2qkeE/output_AF/AF3_treek100_top10/ShallowMsa_063/5jytA/tmp_ShallowMsa_063__5jytA_first/tmp_ShallowMsa_063__5jytA_first_rank1_model.pdb,,-0.17483110620182546
AF3_treek100_top10,AF3,ShallowMsa_063,2qkeE,0.5573039892089691,0.6607603690003657,-0.10345637979139666,Pipeline/FoldPairs/5jytA_2qkeE/output_AF/AF3_treek100_top10/ShallowMsa_063/2qkeE/tmp_ShallowMsa_063__2qkeE_first/tmp_ShallowMsa_063__2qkeE_first_rank1_model.pdb,,-0.17483110620182546
AF3_treek100_top10,AF3,ShallowMsa_064,5jytA,0.5076702673653842,0.479067603153847,0.028602664211537232,Pipeline/FoldPairs/5jytA_2qkeE/output_AF/AF3_treek100_top10/ShallowMsa_064/5jytA/tmp_ShallowMsa_064__5jytA_first/tmp_ShallowMsa_064__5jytA_first_rank1_model.pdb,,-0.04277206219889157
AF3_treek100_top10,AF3,ShallowMsa_064,2qkeE,0.5076702673653842,0.479067603153847,0.028602664211537232,Pipeline/FoldPairs/5jytA_2qkeE/output_AF/AF3_treek100_top10/ShallowMsa_064/2qkeE/tmp_ShallowMsa_064__2qkeE_first/tmp_ShallowMsa_064__2qkeE_first_rank1_model.pdb,,-0.04277206219889157
AF3_treek100_top10,AF3,ShallowMsa_065,5jytA,0.6038621912650337,0.6635166071103964,-0.059654415845362685,Pipeline/FoldPairs/5jytA_2qkeE/output_AF/AF3_treek100_top10/ShallowMsa_065/5jytA/tmp_ShallowMsa_065__5jytA_first/tmp_ShallowMsa_065__5jytA_first_rank1_model.pdb,,-0.1310291422557915
AF3_treek100_top10,AF3,ShallowMsa_065,2qkeE,0.6038621912650337,0.6635166071103964,-0.059654415845362685,Pipeline/FoldPairs/5jytA_2qkeE/output_AF/AF3_treek100_top10/ShallowMsa_065/2qkeE/tmp_ShallowMsa_065__2qkeE_first/tmp_ShallowMsa_065__2qkeE_first_rank1_model.pdb,,-0.1310291422557915
AF3_treek100_top10,AF3,ShallowMsa_066,5jytA,0.4446111042319368,0.5718466028715353,-0.12723549863959854,Pipeline/FoldPairs/5jytA_2qkeE/output_AF/AF3_treek100_top10/ShallowMsa_066/5jytA/tmp_ShallowMsa_066__5jytA_first/tmp_ShallowMsa_066__5jytA_first_rank1_model.pdb,,-0.19861022505002734
AF3_treek100_top10,AF3,ShallowMsa_066,2qkeE,0.4446111042319368,0.5718466028715353,-0.12723549863959854,Pipeline/FoldPairs/5jytA_2qkeE/output_AF/AF3_treek100_top10/ShallowMsa_066/2qkeE/tmp_ShallowMsa_066__2qkeE_first/tmp_ShallowMsa_066__2qkeE_first_rank1_model.pdb,,-0.19861022505002734
AF3_treek100_top10,AF3,ShallowMsa_067,5jytA,0.7479208218410363,0.5147007580467089,0.23322006379432736,Pipeline/FoldPairs/5jytA_2qkeE/output_AF/AF3_treek100_top10/ShallowMsa_067/5jytA/tmp_ShallowMsa_067__5jytA_first/tmp_ShallowMsa_067__5jytA_first_rank1_model.pdb,,0.16184533738389856
AF3_treek100_top10,AF3,ShallowMsa_067,2qkeE,0.7479208218410363,0.5147007580467089,0.23322006379432736,Pipeline/FoldPairs/5jytA_2qkeE/output_AF/AF3_treek100_top10/ShallowMsa_067/2qkeE/tmp_ShallowMsa_067__2qkeE_first/tmp_ShallowMsa_067__2qkeE_first_rank1_model.pdb,,0.16184533738389856
AF3_treek100_top10,AF3,ShallowMsa_068,5jytA,0.5850549559156868,0.47106123729092303,0.11399371862476376,Pipeline/FoldPairs/5jytA_2qkeE/output_AF/AF3_treek100_top10/ShallowMsa_068/5jytA/tmp_ShallowMsa_068__5jytA_first/tmp_ShallowMsa_068__5jytA_first_rank1_model.pdb,,0.04261899221433496
AF3_treek100_top10,AF3,ShallowMsa_068,2qkeE,0.5850549559156868,0.47106123729092303,0.11399371862476376,Pipeline/FoldPairs/5jytA_2qkeE/output_AF/AF3_treek100_top10/ShallowMsa_068/2qkeE/tmp_ShallowMsa_068__2qkeE_first/tmp_ShallowMsa_068__2qkeE_first_rank1_model.pdb,,0.04261899221433496
AF3_treek100_top10,AF3,ShallowMsa_069,5jytA,0.7624072685299872,0.48462109922834884,0.27778616930163835,Pipeline/FoldPairs/5jytA_2qkeE/output_AF/AF3_treek100_top10/ShallowMsa_069/5jytA/tmp_ShallowMsa_069__5jytA_first/tmp_ShallowMsa_069__5jytA_first_rank1_model.pdb,,0.20641144289120955
AF3_treek100_top10,AF3,ShallowMsa_069,2qkeE,0.7624072685299872,0.48462109922834884,0.27778616930163835,Pipeline/FoldPairs/5jytA_2qkeE/output_AF/AF3_treek100_top10/ShallowMsa_069/2qkeE/tmp_ShallowMsa_069__2qkeE_first/tmp_ShallowMsa_069__2qkeE_first_rank1_model.pdb,,0.20641144289120955
AF3_treek100_top10,AF3,ShallowMsa_070,5jytA,0.4882280887524216,0.9206155269780772,-0.4323874382256557,Pipeline/FoldPairs/5jytA_2qkeE/output_AF/AF3_treek100_top10/ShallowMsa_070/5jytA/tmp_ShallowMsa_070__5jytA_first/tmp_ShallowMsa_070__5jytA_first_rank1_model.pdb,,-0.5037621646360845
AF3_treek100_top10,AF3,ShallowMsa_070,2qkeE,0.4882280887524216,0.9206155269780772,-0.4323874382256557,Pipeline/FoldPairs/5jytA_2qkeE/output_AF/AF3_treek100_top10/ShallowMsa_070/2qkeE/tmp_ShallowMsa_070__2qkeE_first/tmp_ShallowMsa_070__2qkeE_first_rank1_model.pdb,,-0.5037621646360845
AF3_treek100_top10,AF3,ShallowMsa_071,5jytA,0.7773981157181844,0.4515874960216481,0.3258106196965363,Pipeline/FoldPairs/5jytA_2qkeE/output_AF/AF3_treek100_top10/ShallowMsa_071/5jytA/tmp_ShallowMsa_071__5jytA_first/tmp_ShallowMsa_071__5jytA_first_rank1_model.pdb,,0.2544358932861075
AF3_treek100_top10,AF3,ShallowMsa_071,2qkeE,0.7773981157181844,0.4515874960216481,0.3258106196965363,Pipeline/FoldPairs/5jytA_2qkeE/output_AF/AF3_treek100_top10/ShallowMsa_071/2qkeE/tmp_ShallowMsa_071__2qkeE_first/tmp_ShallowMsa_071__2qkeE_first_rank1_model.pdb,,0.2544358932861075
AF3_treek100_top10,AF3,ShallowMsa_072,5jytA,0.48767612758788187,0.8890319729351759,-0.401355845347294,Pipeline/FoldPairs/5jytA_2qkeE/output_AF/AF3_treek100_top10/ShallowMsa_072/5jytA/tmp_ShallowMsa_072__5jytA_first/tmp_ShallowMsa_072__5jytA_first_rank1_model.pdb,,-0.4727305717577228
AF3_treek100_top10,AF3,ShallowMsa_072,2qkeE,0.48767612758788187,0.8890319729351759,-0.401355845347294,Pipeline/FoldPairs/5jytA_2qkeE/output_AF/AF3_treek100_top10/ShallowMsa_072/2qkeE/tmp_ShallowMsa_072__2qkeE_first/tmp_ShallowMsa_072__2qkeE_first_rank1_model.pdb,,-0.4727305717577228
AF3_treek100_top10,AF3,ShallowMsa_073,5jytA,0.7915126275565066,0.5056223119224639,0.28589031563404277,Pipeline/FoldPairs/5jytA_2qkeE/output_AF/AF3_treek100_top10/ShallowMsa_073/5jytA/tmp_ShallowMsa_073__5jytA_first/tmp_ShallowMsa_073__5jytA_first_rank1_model.pdb,,0.21451558922361397
AF3_treek100_top10,AF3,ShallowMsa_073,2qkeE,0.7915126275565066,0.5056223119224639,0.28589031563404277,Pipeline/FoldPairs/5jytA_2qkeE/output_AF/AF3_treek100_top10/ShallowMsa_073/2qkeE/tmp_ShallowMsa_073__2qkeE_first/tmp_ShallowMsa_073__2qkeE_first_rank1_model.pdb,,0.21451558922361397
AF3_treek100_top10,AF3,ShallowMsa_074,5jytA,0.525841551645495,0.4312035280689368,0.09463802357655815,Pipeline/FoldPairs/5jytA_2qkeE/output_AF/AF3_treek100_top10/ShallowMsa_074/5jytA/tmp_ShallowMsa_074__5jytA_first/tmp_ShallowMsa_074__5jytA_first_rank1_model.pdb,,0.02326329716612935
AF3_treek100_top10,AF3,ShallowMsa_074,2qkeE,0.525841551645495,0.4312035280689368,0.09463802357655815,Pipeline/FoldPairs/5jytA_2qkeE/output_AF/AF3_treek100_top10/ShallowMsa_074/2qkeE/tmp_ShallowMsa_074__2qkeE_first/tmp_ShallowMsa_074__2qkeE_first_rank1_model.pdb,,0.02326329716612935
AF3_treek100_top10,AF3,ShallowMsa_075,5jytA,0.7327351716228444,0.4501699681218992,0.2825652035009452,Pipeline/FoldPairs/5jytA_2qkeE/output_AF/AF3_treek100_top10/ShallowMsa_075/5jytA/tmp_ShallowMsa_075__5jytA_first/tmp_ShallowMsa_075__5jytA_first_rank1_model.pdb,,0.21119047709051642
AF3_treek100_top10,AF3,ShallowMsa_075,2qkeE,0.7327351716228444,0.4501699681218992,0.2825652035009452,Pipeline/FoldPairs/5jytA_2qkeE/output_AF/AF3_treek100_top10/ShallowMsa_075/2qkeE/tmp_ShallowMsa_075__2qkeE_first/tmp_ShallowMsa_075__2qkeE_first_rank1_model.pdb,,0.21119047709051642
AF3_treek100_top10,AF3,ShallowMsa_076,5jytA,0.8037669891160277,0.5482938887044005,0.2554731004116272,Pipeline/FoldPairs/5jytA_2qkeE/output_AF/AF3_treek100_top10/ShallowMsa_076/5jytA/tmp_ShallowMsa_076__5jytA_first/tmp_ShallowMsa_076__5jytA_first_rank1_model.pdb,,0.18409837400119838
AF3_treek100_top10,AF3,ShallowMsa_076,2qkeE,0.8037669891160277,0.5482938887044005,0.2554731004116272,Pipeline/FoldPairs/5jytA_2qkeE/output_AF/AF3_treek100_top10/ShallowMsa_076/2qkeE/tmp_ShallowMsa_076__2qkeE_first/tmp_ShallowMsa_076__2qkeE_first_rank1_model.pdb,,0.18409837400119838
AF3_treek100_top10,AF3,ShallowMsa_077,5jytA,0.4450379480002806,0.7980644329211803,-0.3530264849208997,Pipeline/FoldPairs/5jytA_2qkeE/output_AF/AF3_treek100_top10/ShallowMsa_077/5jytA/tmp_ShallowMsa_077__5jytA_first/tmp_ShallowMsa_077__5jytA_first_rank1_model.pdb,,-0.4244012113313285
AF3_treek100_top10,AF3,ShallowMsa_077,2qkeE,0.4450379480002806,0.7980644329211803,-0.3530264849208997,Pipeline/FoldPairs/5jytA_2qkeE/output_AF/AF3_treek100_top10/ShallowMsa_077/2qkeE/tmp_ShallowMsa_077__2qkeE_first/tmp_ShallowMsa_077__2qkeE_first_rank1_model.pdb,,-0.4244012113313285
AF3_treek100_top10,AF3,ShallowMsa_078,5jytA,0.5627239285129858,0.6844274018379748,-0.12170347332498899,Pipeline/FoldPairs/5jytA_2qkeE/output_AF/AF3_treek100_top10/ShallowMsa_078/5jytA/tmp_ShallowMsa_078__5jytA_first/tmp_ShallowMsa_078__5jytA_first_rank1_model.pdb,,-0.1930781997354178
AF3_treek100_top10,AF3,ShallowMsa_078,2qkeE,0.5627239285129858,0.6844274018379748,-0.12170347332498899,Pipeline/FoldPairs/5jytA_2qkeE/output_AF/AF3_treek100_top10/ShallowMsa_078/2qkeE/tmp_ShallowMsa_078__2qkeE_first/tmp_ShallowMsa_078__2qkeE_first_rank1_model.pdb,,-0.1930781997354178
AF3_treek100_top10,AF3,ShallowMsa_079,5jytA,0.5175329967645873,0.6423627445158946,-0.12482974775130729,Pipeline/FoldPairs/5jytA_2qkeE/output_AF/AF3_treek100_top10/ShallowMsa_079/5jytA/tmp_ShallowMsa_079__5jytA_first/tmp_ShallowMsa_079__5jytA_first_rank1_model.pdb,,-0.1962044741617361
AF3_treek100_top10,AF3,ShallowMsa_079,2qkeE,0.5175329967645873,0.6423627445158946,-0.12482974775130729,Pipeline/FoldPairs/5jytA_2qkeE/output_AF/AF3_treek100_top10/ShallowMsa_079/2qkeE/tmp_ShallowMsa_079__2qkeE_first/tmp_ShallowMsa_079__2qkeE_first_rank1_model.pdb,,-0.1962044741617361
AF3_treek100_top10,AF3,ShallowMsa_080,5jytA,0.5239248667283808,0.5070019060261267,0.016922960702254075,Pipeline/FoldPairs/5jytA_2qkeE/output_AF/AF3_treek100_top10/ShallowMsa_080/5jytA/tmp_ShallowMsa_080__5jytA_first/tmp_ShallowMsa_080__5jytA_first_rank1_model.pdb,,-0.054451765708174726
AF3_treek100_top10,AF3,ShallowMsa_080,2qkeE,0.5239248667283808,0.5070019060261267,0.016922960702254075,Pipeline/FoldPairs/5jytA_2qkeE/output_AF/AF3_treek100_top10/ShallowMsa_080/2qkeE/tmp_ShallowMsa_080__2qkeE_first/tmp_ShallowMsa_080__2qkeE_first_rank1_model.pdb,,-0.054451765708174726
AF3_treek100_top10,AF3,ShallowMsa_081,5jytA,0.5409888412443056,0.8450101936141932,-0.3040213523698876,Pipeline/FoldPairs/5jytA_2qkeE/output_AF/AF3_treek100_top10/ShallowMsa_081/5jytA/tmp_ShallowMsa_081__5jytA_first/tmp_ShallowMsa_081__5jytA_first_rank1_model.pdb,,-0.3753960787803164
AF3_treek100_top10,AF3,ShallowMsa_081,2qkeE,0.5409888412443056,0.8450101936141932,-0.3040213523698876,Pipeline/FoldPairs/5jytA_2qkeE/output_AF/AF3_treek100_top10/ShallowMsa_081/2qkeE/tmp_ShallowMsa_081__2qkeE_first/tmp_ShallowMsa_081__2qkeE_first_rank1_model.pdb,,-0.3753960787803164
AF3_treek100_top10,AF3,ShallowMsa_082,5jytA,0.8120163553751727,0.46402658671639835,0.34798976865877435,Pipeline/FoldPairs/5jytA_2qkeE/output_AF/AF3_treek100_top10/ShallowMsa_082/5jytA/tmp_ShallowMsa_082__5jytA_first/tmp_ShallowMsa_082__5jytA_first_rank1_model.pdb,,0.27661504224834554
AF3_treek100_top10,AF3,ShallowMsa_082,2qkeE,0.8120163553751727,0.46402658671639835,0.34798976865877435,Pipeline/FoldPairs/5jytA_2qkeE/output_AF/AF3_treek100_top10/ShallowMsa_082/2qkeE/tmp_ShallowMsa_082__2qkeE_first/tmp_ShallowMsa_082__2qkeE_first_rank1_model.pdb,,0.27661504224834554
AF3_treek100_top10,AF3,ShallowMsa_083,5jytA,0.6312946999643194,0.4876542304943759,0.14364046946994352,Pipeline/FoldPairs/5jytA_2qkeE/output_AF/AF3_treek100_top10/ShallowMsa_083/5jytA/tmp_ShallowMsa_083__5jytA_first/tmp_ShallowMsa_083__5jytA_first_rank1_model.pdb,,0.07226574305951472
AF3_treek100_top10,AF3,ShallowMsa_083,2qkeE,0.6312946999643194,0.4876542304943759,0.14364046946994352,Pipeline/FoldPairs/5jytA_2qkeE/output_AF/AF3_treek100_top10/ShallowMsa_083/2qkeE/tmp_ShallowMsa_083__2qkeE_first/tmp_ShallowMsa_083__2qkeE_first_rank1_model.pdb,,0.07226574305951472
AF3_treek100_top10,AF3,ShallowMsa_084,5jytA,0.5803637476482854,0.5131819332993433,0.0671818143489421,Pipeline/FoldPairs/5jytA_2qkeE/output_AF/AF3_treek100_top10/ShallowMsa_084/5jytA/tmp_ShallowMsa_084__5jytA_first/tmp_ShallowMsa_084__5jytA_first_rank1_model.pdb,,-0.004192912061486698
AF3_treek100_top10,AF3,ShallowMsa_084,2qkeE,0.5803637476482854,0.5131819332993433,0.0671818143489421,Pipeline/FoldPairs/5jytA_2qkeE/output_AF/AF3_treek100_top10/ShallowMsa_084/2qkeE/tmp_ShallowMsa_084__2qkeE_first/tmp_ShallowMsa_084__2qkeE_first_rank1_model.pdb,,-0.004192912061486698
AF3_treek100_top10,AF3,ShallowMsa_085,5jytA,0.7941015700079402,0.495899538577532,0.29820203143040824,Pipeline/FoldPairs/5jytA_2qkeE/output_AF/AF3_treek100_top10/ShallowMsa_085/5jytA/tmp_ShallowMsa_085__5jytA_first/tmp_ShallowMsa_085__5jytA_first_rank1_model.pdb,,0.22682730501997944
AF3_treek100_top10,AF3,ShallowMsa_085,2qkeE,0.7941015700079402,0.495899538577532,0.29820203143040824,Pipeline/FoldPairs/5jytA_2qkeE/output_AF/AF3_treek100_top10/ShallowMsa_085/2qkeE/tmp_ShallowMsa_085__2qkeE_first/tmp_ShallowMsa_085__2qkeE_first_rank1_model.pdb,,0.22682730501997944
AF3_treek100_top10,AF3,ShallowMsa_086,5jytA,0.5431329779516788,0.6379267156222507,-0.09479373767057186,Pipeline/FoldPairs/5jytA_2qkeE/output_AF/AF3_treek100_top10/ShallowMsa_086/5jytA/tmp_ShallowMsa_086__5jytA_first/tmp_ShallowMsa_086__5jytA_first_rank1_model.pdb,,-0.16616846408100067
AF3_treek100_top10,AF3,ShallowMsa_086,2qkeE,0.5431329779516788,0.6379267156222507,-0.09479373767057186,Pipeline/FoldPairs/5jytA_2qkeE/output_AF/AF3_treek100_top10/ShallowMsa_086/2qkeE/tmp_ShallowMsa_086__2qkeE_first/tmp_ShallowMsa_086__2qkeE_first_rank1_model.pdb,,-0.16616846408100067
AF3_treek100_top10,AF3,ShallowMsa_087,5jytA,0.47067442736044035,0.6271799507466259,-0.15650552338618556,Pipeline/FoldPairs/5jytA_2qkeE/output_AF/AF3_treek100_top10/ShallowMsa_087/5jytA/tmp_ShallowMsa_087__5jytA_first/tmp_ShallowMsa_087__5jytA_first_rank1_model.pdb,,-0.22788024979661436
AF3_treek100_top10,AF3,ShallowMsa_087,2qkeE,0.47067442736044035,0.6271799507466259,-0.15650552338618556,Pipeline/FoldPairs/5jytA_2qkeE/output_AF/AF3_treek100_top10/ShallowMsa_087/2qkeE/tmp_ShallowMsa_087__2qkeE_first/tmp_ShallowMsa_087__2qkeE_first_rank1_model.pdb,,-0.22788024979661436
AF3_treek100_top10,AF3,ShallowMsa_088,5jytA,0.5689250963572761,0.550009692886909,0.01891540347036702,Pipeline/FoldPairs/5jytA_2qkeE/output_AF/AF3_treek100_top10/ShallowMsa_088/5jytA/tmp_ShallowMsa_088__5jytA_first/tmp_ShallowMsa_088__5jytA_first_rank1_model.pdb,,-0.05245932294006178
AF3_treek100_top10,AF3,ShallowMsa_088,2qkeE,0.5689250963572761,0.550009692886909,0.01891540347036702,Pipeline/FoldPairs/5jytA_2qkeE/output_AF/AF3_treek100_top10/ShallowMsa_088/2qkeE/tmp_ShallowMsa_088__2qkeE_first/tmp_ShallowMsa_088__2qkeE_first_rank1_model.pdb,,-0.05245932294006178
AF3_treek100_top10,AF3,ShallowMsa_089,5jytA,0.5561066225973685,0.8688243884930942,-0.31271776589572564,Pipeline/FoldPairs/5jytA_2qkeE/output_AF/AF3_treek100_top10/ShallowMsa_089/5jytA/tmp_ShallowMsa_089__5jytA_first/tmp_ShallowMsa_089__5jytA_first_rank1_model.pdb,,-0.38409249230615444
AF3_treek100_top10,AF3,ShallowMsa_089,2qkeE,0.5561066225973685,0.8688243884930942,-0.31271776589572564,Pipeline/FoldPairs/5jytA_2qkeE/output_AF/AF3_treek100_top10/ShallowMsa_089/2qkeE/tmp_ShallowMsa_089__2qkeE_first/tmp_ShallowMsa_089__2qkeE_first_rank1_model.pdb,,-0.38409249230615444
AF3_treek100_top10,AF3,ShallowMsa_090,5jytA,0.5403720870218279,0.4166692804643662,0.12370280655746174,Pipeline/FoldPairs/5jytA_2qkeE/output_AF/AF3_treek100_top10/ShallowMsa_090/5jytA/tmp_ShallowMsa_090__5jytA_first/tmp_ShallowMsa_090__5jytA_first_rank1_model.pdb,,0.05232808014703294
AF3_treek100_top10,AF3,ShallowMsa_090,2qkeE,0.5403720870218279,0.4166692804643662,0.12370280655746174,Pipeline/FoldPairs/5jytA_2qkeE/output_AF/AF3_treek100_top10/ShallowMsa_090/2qkeE/tmp_ShallowMsa_090__2qkeE_first/tmp_ShallowMsa_090__2qkeE_first_rank1_model.pdb,,0.05232808014703294
AF3_treek100_top10,AF3,ShallowMsa_091,5jytA,0.563864668286426,0.6100591545651263,-0.046194486278700264,Pipeline/FoldPairs/5jytA_2qkeE/output_AF/AF3_treek100_top10/ShallowMsa_091/5jytA/tmp_ShallowMsa_091__5jytA_first/tmp_ShallowMsa_091__5jytA_first_rank1_model.pdb,,-0.11756921268912907
AF3_treek100_top10,AF3,ShallowMsa_091,2qkeE,0.563864668286426,0.6100591545651263,-0.046194486278700264,Pipeline/FoldPairs/5jytA_2qkeE/output_AF/AF3_treek100_top10/ShallowMsa_091/2qkeE/tmp_ShallowMsa_091__2qkeE_first/tmp_ShallowMsa_091__2qkeE_first_rank1_model.pdb,,-0.11756921268912907
AF3_treek100_top10,AF3,ShallowMsa_092,5jytA,0.78320414993842,0.5012021248886485,0.28200202504977157,Pipeline/FoldPairs/5jytA_2qkeE/output_AF/AF3_treek100_top10/ShallowMsa_092/5jytA/tmp_ShallowMsa_092__5jytA_first/tmp_ShallowMsa_092__5jytA_first_rank1_model.pdb,,0.21062729863934276
AF3_treek100_top10,AF3,ShallowMsa_092,2qkeE,0.78320414993842,0.5012021248886485,0.28200202504977157,Pipeline/FoldPairs/5jytA_2qkeE/output_AF/AF3_treek100_top10/ShallowMsa_092/2qkeE/tmp_ShallowMsa_092__2qkeE_first/tmp_ShallowMsa_092__2qkeE_first_rank1_model.pdb,,0.21062729863934276
AF3_treek100_top10,AF3,ShallowMsa_093,5jytA,0.5413853697260905,0.877249680367289,-0.3358643106411985,Pipeline/FoldPairs/5jytA_2qkeE/output_AF/AF3_treek100_top10/ShallowMsa_093/5jytA/tmp_ShallowMsa_093__5jytA_first/tmp_ShallowMsa_093__5jytA_first_rank1_model.pdb,,-0.4072390370516273
AF3_treek100_top10,AF3,ShallowMsa_093,2qkeE,0.5413853697260905,0.877249680367289,-0.3358643106411985,Pipeline/FoldPairs/5jytA_2qkeE/output_AF/AF3_treek100_top10/ShallowMsa_093/2qkeE/tmp_ShallowMsa_093__2qkeE_first/tmp_ShallowMsa_093__2qkeE_first_rank1_model.pdb,,-0.4072390370516273
AF3_treek100_top10,AF3,ShallowMsa_094,5jytA,0.8306596113333872,0.5189021372223419,0.31175747411104526,Pipeline/FoldPairs/5jytA_2qkeE/output_AF/AF3_treek100_top10/ShallowMsa_094/5jytA/tmp_ShallowMsa_094__5jytA_first/tmp_ShallowMsa_094__5jytA_first_rank1_model.pdb,,0.24038274770061646
AF3_treek100_top10,AF3,ShallowMsa_094,2qkeE,0.8306596113333872,0.5189021372223419,0.31175747411104526,Pipeline/FoldPairs/5jytA_2qkeE/output_AF/AF3_treek100_top10/ShallowMsa_094/2qkeE/tmp_ShallowMsa_094__2qkeE_first/tmp_ShallowMsa_094__2qkeE_first_rank1_model.pdb,,0.24038274770061646
AF3_treek100_top10,AF3,ShallowMsa_095,5jytA,0.568657072801563,0.49728234639113417,0.0713747264104288,Pipeline/FoldPairs/5jytA_2qkeE/output_AF/AF3_treek100_top10/ShallowMsa_095/5jytA/tmp_ShallowMsa_095__5jytA_first/tmp_ShallowMsa_095__5jytA_first_rank1_model.pdb,,0.0
AF3_treek100_top10,AF3,ShallowMsa_095,2qkeE,0.568657072801563,0.49728234639113417,0.0713747264104288,Pipeline/FoldPairs/5jytA_2qkeE/output_AF/AF3_treek100_top10/ShallowMsa_095/2qkeE/tmp_ShallowMsa_095__2qkeE_first/tmp_ShallowMsa_095__2qkeE_first_rank1_model.pdb,,0.0
AF3_treek100_top10,AF3,ShallowMsa_096,5jytA,0.47837499232666547,0.4937715648144108,-0.015396572487745341,Pipeline/FoldPairs/5jytA_2qkeE/output_AF/AF3_treek100_top10/ShallowMsa_096/5jytA/tmp_ShallowMsa_096__5jytA_first/tmp_ShallowMsa_096__5jytA_first_rank1_model.pdb,,-0.08677129889817414
AF3_treek100_top10,AF3,ShallowMsa_096,2qkeE,0.47837499232666547,0.4937715648144108,-0.015396572487745341,Pipeline/FoldPairs/5jytA_2qkeE/output_AF/AF3_treek100_top10/ShallowMsa_096/2qkeE/tmp_ShallowMsa_096__2qkeE_first/tmp_ShallowMsa_096__2qkeE_first_rank1_model.pdb,,-0.08677129889817414
AF3_treek100_top10,AF3,ShallowMsa_097,5jytA,0.6158271697351495,0.49659406908255455,0.11923310065259496,Pipeline/FoldPairs/5jytA_2qkeE/output_AF/AF3_treek100_top10/ShallowMsa_097/5jytA/tmp_ShallowMsa_097__5jytA_first/tmp_ShallowMsa_097__5jytA_first_rank1_model.pdb,,0.04785837424216616
AF3_treek100_top10,AF3,ShallowMsa_097,2qkeE,0.6158271697351495,0.49659406908255455,0.11923310065259496,Pipeline/FoldPairs/5jytA_2qkeE/output_AF/AF3_treek100_top10/ShallowMsa_097/2qkeE/tmp_ShallowMsa_097__2qkeE_first/tmp_ShallowMsa_097__2qkeE_first_rank1_model.pdb,,0.04785837424216616
AF3_treek100_top10,AF3,ShallowMsa_098,5jytA,0.5031879054200189,0.46743955902835016,0.03574834639166874,Pipeline/FoldPairs/5jytA_2qkeE/output_AF/AF3_treek100_top10/ShallowMsa_098/5jytA/tmp_ShallowMsa_098__5jytA_first/tmp_ShallowMsa_098__5jytA_first_rank1_model.pdb,,-0.03562638001876006
AF3_treek100_top10,AF3,ShallowMsa_098,2qkeE,0.5031879054200189,0.46743955902835016,0.03574834639166874,Pipeline/FoldPairs/5jytA_2qkeE/output_AF/AF3_treek100_top10/ShallowMsa_098/2qkeE/tmp_ShallowMsa_098__2qkeE_first/tmp_ShallowMsa_098__2qkeE_first_rank1_model.pdb,,-0.03562638001876006
AF3_treek100_top10,AF3,ShallowMsa_099,5jytA,0.8140364521916681,0.498456771526527,0.3155796806651411,Pipeline/FoldPairs/5jytA_2qkeE/output_AF/AF3_treek100_top10/ShallowMsa_099/5jytA/tmp_ShallowMsa_099__5jytA_first/tmp_ShallowMsa_099__5jytA_first_rank1_model.pdb,,0.24420495425471228
AF3_treek100_top10,AF3,ShallowMsa_099,2qkeE,0.8140497531569734,0.4985015385467844,0.31554821461018895,Pipeline/FoldPairs/5jytA_2qkeE/output_AF/AF3_treek100_top10/ShallowMsa_099/2qkeE/tmp_ShallowMsa_099__2qkeE_first/tmp_ShallowMsa_099__2qkeE_first_rank1_model.pdb,,0.24417348819976015
