mode,version,cluster,chain,TM_F1,TM_F2,TMdiff,pred_pdb,error,TMdiff_centered
AF2_treek100_top10,AF2,ShallowMsa_000,6c6sD,0.5785246196223851,0.6088634207510965,-0.030338801128711346,Pipeline/FoldPairs/6c6sD_2ougC/output_AF/AF2_treek100_top10/ShallowMsa_000/6c6sD/tmp_ShallowMsa_000__6c6sD_unrelaxed_rank_001_alphafold2_ptm_model_1_seed_000.pdb,,0.018336379896903288
AF2_treek100_top10,AF2,ShallowMsa_000,2ougC,0.5785246196223851,0.6088634207510965,-0.030338801128711346,Pipeline/FoldPairs/6c6sD_2ougC/output_AF/AF2_treek100_top10/ShallowMsa_000/2ougC/tmp_ShallowMsa_000__2ougC_unrelaxed_rank_001_alphafold2_ptm_model_1_seed_000.pdb,,0.01519311033597559
AF2_treek100_top10,AF2,ShallowMsa_001,6c6sD,0.38757000781735435,0.5189178017971655,-0.13134779397981117,Pipeline/FoldPairs/6c6sD_2ougC/output_AF/AF2_treek100_top10/ShallowMsa_001/6c6sD/tmp_ShallowMsa_001__6c6sD_unrelaxed_rank_001_alphafold2_ptm_model_4_seed_000.pdb,,-0.08267261295419653
AF2_treek100_top10,AF2,ShallowMsa_001,2ougC,0.38757000781735435,0.5189178017971655,-0.13134779397981117,Pipeline/FoldPairs/6c6sD_2ougC/output_AF/AF2_treek100_top10/ShallowMsa_001/2ougC/tmp_ShallowMsa_001__2ougC_unrelaxed_rank_001_alphafold2_ptm_model_4_seed_000.pdb,,-0.08581588251512423
AF2_treek100_top10,AF2,ShallowMsa_002,6c6sD,0.3137054885273806,0.3581685866721805,-0.04446309814479987,Pipeline/FoldPairs/6c6sD_2ougC/output_AF/AF2_treek100_top10/ShallowMsa_002/6c6sD/tmp_ShallowMsa_002__6c6sD_unrelaxed_rank_001_alphafold2_ptm_model_3_seed_000.pdb,,0.00421208288081476
AF2_treek100_top10,AF2,ShallowMsa_002,2ougC,0.3137054885273806,0.3581685866721805,-0.04446309814479987,Pipeline/FoldPairs/6c6sD_2ougC/output_AF/AF2_treek100_top10/ShallowMsa_002/2ougC/tmp_ShallowMsa_002__2ougC_unrelaxed_rank_001_alphafold2_ptm_model_3_seed_000.pdb,,0.001068813319887063
AF2_treek100_top10,AF2,ShallowMsa_003,6c6sD,0.33063352776712596,0.2984794026362714,0.03215412513085458,Pipeline/FoldPairs/6c6sD_2ougC/output_AF/AF2_treek100_top10/ShallowMsa_003/6c6sD/tmp_ShallowMsa_003__6c6sD_unrelaxed_rank_001_alphafold2_ptm_model_2_seed_000.pdb,,0.08082930615646922
AF2_treek100_top10,AF2,ShallowMsa_003,2ougC,0.33063352776712596,0.2984794026362714,0.03215412513085458,Pipeline/FoldPairs/6c6sD_2ougC/output_AF/AF2_treek100_top10/ShallowMsa_003/2ougC/tmp_ShallowMsa_003__2ougC_unrelaxed_rank_001_alphafold2_ptm_model_2_seed_000.pdb,,0.07768603659554152
AF2_treek100_top10,AF2,ShallowMsa_004,6c6sD,0.4646137973902937,0.5130152169085851,-0.04840141951829141,Pipeline/FoldPairs/6c6sD_2ougC/output_AF/AF2_treek100_top10/ShallowMsa_004/6c6sD/tmp_ShallowMsa_004__6c6sD_unrelaxed_rank_001_alphafold2_ptm_model_1_seed_000.pdb,,0.00027376150732322246
AF2_treek100_top10,AF2,ShallowMsa_004,2ougC,0.4646137973902937,0.5130152169085851,-0.04840141951829141,Pipeline/FoldPairs/6c6sD_2ougC/output_AF/AF2_treek100_top10/ShallowMsa_004/2ougC/tmp_ShallowMsa_004__2ougC_unrelaxed_rank_001_alphafold2_ptm_model_1_seed_000.pdb,,-0.002869508053604475
AF2_treek100_top10,AF2,ShallowMsa_005,6c6sD,0.439277555609825,0.4825598016030888,-0.0432822459932638,Pipeline/FoldPairs/6c6sD_2ougC/output_AF/AF2_treek100_top10/ShallowMsa_005/6c6sD/tmp_ShallowMsa_005__6c6sD_unrelaxed_rank_001_alphafold2_ptm_model_4_seed_000.pdb,,0.005392935032350832
AF2_treek100_top10,AF2,ShallowMsa_005,2ougC,0.439277555609825,0.4825598016030888,-0.0432822459932638,Pipeline/FoldPairs/6c6sD_2ougC/output_AF/AF2_treek100_top10/ShallowMsa_005/2ougC/tmp_ShallowMsa_005__2ougC_unrelaxed_rank_001_alphafold2_ptm_model_4_seed_000.pdb,,0.0022496654714231346
AF2_treek100_top10,AF2,ShallowMsa_006,6c6sD,0.6430245261139936,0.6457905184681431,-0.002765992354149427,Pipeline/FoldPairs/6c6sD_2ougC/output_AF/AF2_treek100_top10/ShallowMsa_006/6c6sD/tmp_ShallowMsa_006__6c6sD_unrelaxed_rank_001_alphafold2_ptm_model_2_seed_000.pdb,,0.045909188671465206
AF2_treek100_top10,AF2,ShallowMsa_006,2ougC,0.6430245261139936,0.6457905184681431,-0.002765992354149427,Pipeline/FoldPairs/6c6sD_2ougC/output_AF/AF2_treek100_top10/ShallowMsa_006/2ougC/tmp_ShallowMsa_006__2ougC_unrelaxed_rank_001_alphafold2_ptm_model_2_seed_000.pdb,,0.04276591911053751
AF2_treek100_top10,AF2,ShallowMsa_007,6c6sD,0.6342153107619722,0.6863852246036596,-0.05216991384168734,Pipeline/FoldPairs/6c6sD_2ougC/output_AF/AF2_treek100_top10/ShallowMsa_007/6c6sD/tmp_ShallowMsa_007__6c6sD_unrelaxed_rank_001_alphafold2_ptm_model_5_seed_000.pdb,,-0.00349473281607271
AF2_treek100_top10,AF2,ShallowMsa_007,2ougC,0.6342153107619722,0.6863852246036596,-0.05216991384168734,Pipeline/FoldPairs/6c6sD_2ougC/output_AF/AF2_treek100_top10/ShallowMsa_007/2ougC/tmp_ShallowMsa_007__2ougC_unrelaxed_rank_001_alphafold2_ptm_model_5_seed_000.pdb,,-0.006638002377000407
AF2_treek100_top10,AF2,ShallowMsa_008,6c6sD,0.4390490330889425,0.48696945868861297,-0.04792042559967047,Pipeline/FoldPairs/6c6sD_2ougC/output_AF/AF2_treek100_top10/ShallowMsa_008/6c6sD/tmp_ShallowMsa_008__6c6sD_unrelaxed_rank_001_alphafold2_ptm_model_3_seed_000.pdb,,0.0007547554259441647
AF2_treek100_top10,AF2,ShallowMsa_008,2ougC,0.4390490330889425,0.48696945868861297,-0.04792042559967047,Pipeline/FoldPairs/6c6sD_2ougC/output_AF/AF2_treek100_top10/ShallowMsa_008/2ougC/tmp_ShallowMsa_008__2ougC_unrelaxed_rank_001_alphafold2_ptm_model_3_seed_000.pdb,,-0.0023885141349835326
AF2_treek100_top10,AF2,ShallowMsa_009,6c6sD,0.49121017625065627,0.5353629964892834,-0.044152820238627155,Pipeline/FoldPairs/6c6sD_2ougC/output_AF/AF2_treek100_top10/ShallowMsa_009/6c6sD/tmp_ShallowMsa_009__6c6sD_unrelaxed_rank_001_alphafold2_ptm_model_4_seed_000.pdb,,0.004522360786987478
AF2_treek100_top10,AF2,ShallowMsa_009,2ougC,0.49121017625065627,0.5353629964892834,-0.044152820238627155,Pipeline/FoldPairs/6c6sD_2ougC/output_AF/AF2_treek100_top10/ShallowMsa_009/2ougC/tmp_ShallowMsa_009__2ougC_unrelaxed_rank_001_alphafold2_ptm_model_4_seed_000.pdb,,0.001379091226059781
AF2_treek100_top10,AF2,ShallowMsa_010,6c6sD,0.5209264885158817,0.6015320941479009,-0.08060560563201913,Pipeline/FoldPairs/6c6sD_2ougC/output_AF/AF2_treek100_top10/ShallowMsa_010/6c6sD/tmp_ShallowMsa_010__6c6sD_unrelaxed_rank_001_alphafold2_ptm_model_5_seed_000.pdb,,-0.031930424606404495
AF2_treek100_top10,AF2,ShallowMsa_010,2ougC,0.5209264885158817,0.6015320941479009,-0.08060560563201913,Pipeline/FoldPairs/6c6sD_2ougC/output_AF/AF2_treek100_top10/ShallowMsa_010/2ougC/tmp_ShallowMsa_010__2ougC_unrelaxed_rank_001_alphafold2_ptm_model_5_seed_000.pdb,,-0.03507369416733219
AF2_treek100_top10,AF2,ShallowMsa_011,6c6sD,0.5629786670639295,0.5844878228794173,-0.021509155815487735,Pipeline/FoldPairs/6c6sD_2ougC/output_AF/AF2_treek100_top10/ShallowMsa_011/6c6sD/tmp_ShallowMsa_011__6c6sD_unrelaxed_rank_001_alphafold2_ptm_model_3_seed_000.pdb,,0.0271660252101269
AF2_treek100_top10,AF2,ShallowMsa_011,2ougC,0.5629786670639295,0.5844878228794173,-0.021509155815487735,Pipeline/FoldPairs/6c6sD_2ougC/output_AF/AF2_treek100_top10/ShallowMsa_011/2ougC/tmp_ShallowMsa_011__2ougC_unrelaxed_rank_001_alphafold2_ptm_model_3_seed_000.pdb,,0.0240227556491992
AF2_treek100_top10,AF2,ShallowMsa_012,6c6sD,0.49918278109600167,0.6750530729158826,-0.1758702918198809,Pipeline/FoldPairs/6c6sD_2ougC/output_AF/AF2_treek100_top10/ShallowMsa_012/6c6sD/tmp_ShallowMsa_012__6c6sD_unrelaxed_rank_001_alphafold2_ptm_model_3_seed_000.pdb,,-0.12719511079426626
AF2_treek100_top10,AF2,ShallowMsa_012,2ougC,0.5898711867835763,0.7357126607472212,-0.14584147396364489,Pipeline/FoldPairs/6c6sD_2ougC/output_AF/AF2_treek100_top10/ShallowMsa_012/2ougC/tmp_ShallowMsa_012__2ougC_unrelaxed_rank_001_alphafold2_ptm_model_3_seed_000.pdb,,-0.10030956249895795
AF2_treek100_top10,AF2,ShallowMsa_013,6c6sD,0.3405447496117383,0.3459097475944951,-0.005364997982756803,Pipeline/FoldPairs/6c6sD_2ougC/output_AF/AF2_treek100_top10/ShallowMsa_013/6c6sD/tmp_ShallowMsa_013__6c6sD_unrelaxed_rank_001_alphafold2_ptm_model_3_seed_000.pdb,,0.04331018304285783
AF2_treek100_top10,AF2,ShallowMsa_013,2ougC,0.3405447496117383,0.3459097475944951,-0.005364997982756803,Pipeline/FoldPairs/6c6sD_2ougC/output_AF/AF2_treek100_top10/ShallowMsa_013/2ougC/tmp_ShallowMsa_013__2ougC_unrelaxed_rank_001_alphafold2_ptm_model_3_seed_000.pdb,,0.04016691348193013
AF2_treek100_top10,AF2,ShallowMsa_014,6c6sD,0.5425583787494725,0.5658896871607301,-0.023331308411257523,Pipeline/FoldPairs/6c6sD_2ougC/output_AF/AF2_treek100_top10/ShallowMsa_014/6c6sD/tmp_ShallowMsa_014__6c6sD_unrelaxed_rank_001_alphafold2_ptm_model_4_seed_000.pdb,,0.02534387261435711
AF2_treek100_top10,AF2,ShallowMsa_014,2ougC,0.5425583787494725,0.5658896871607301,-0.023331308411257523,Pipeline/FoldPairs/6c6sD_2ougC/output_AF/AF2_treek100_top10/ShallowMsa_014/2ougC/tmp_ShallowMsa_014__2ougC_unrelaxed_rank_001_alphafold2_ptm_model_4_seed_000.pdb,,0.022200603053429413
AF2_treek100_top10,AF2,ShallowMsa_015,6c6sD,0.5455830517770103,0.7183170602224652,-0.17273400844545495,Pipeline/FoldPairs/6c6sD_2ougC/output_AF/AF2_treek100_top10/ShallowMsa_015/6c6sD/tmp_ShallowMsa_015__6c6sD_unrelaxed_rank_001_alphafold2_ptm_model_4_seed_000.pdb,,-0.12405882741984031
AF2_treek100_top10,AF2,ShallowMsa_015,2ougC,0.6116961115239659,0.7516898398113218,-0.1399937282873559,Pipeline/FoldPairs/6c6sD_2ougC/output_AF/AF2_treek100_top10/ShallowMsa_015/2ougC/tmp_ShallowMsa_015__2ougC_unrelaxed_rank_001_alphafold2_ptm_model_5_seed_000.pdb,,-0.09446181682266896
AF2_treek100_top10,AF2,ShallowMsa_016,6c6sD,0.5681238200075929,0.6310089172872351,-0.0628850972796422,Pipeline/FoldPairs/6c6sD_2ougC/output_AF/AF2_treek100_top10/ShallowMsa_016/6c6sD/tmp_ShallowMsa_016__6c6sD_unrelaxed_rank_001_alphafold2_ptm_model_5_seed_000.pdb,,-0.014209916254027566
AF2_treek100_top10,AF2,ShallowMsa_016,2ougC,0.5972029374784448,0.631636902768903,-0.03443396529045828,Pipeline/FoldPairs/6c6sD_2ougC/output_AF/AF2_treek100_top10/ShallowMsa_016/2ougC/tmp_ShallowMsa_016__2ougC_unrelaxed_rank_001_alphafold2_ptm_model_3_seed_000.pdb,,0.011097946174228657
AF2_treek100_top10,AF2,ShallowMsa_017,6c6sD,0.4065813747642829,0.4481928879133057,-0.04161151314902278,Pipeline/FoldPairs/6c6sD_2ougC/output_AF/AF2_treek100_top10/ShallowMsa_017/6c6sD/tmp_ShallowMsa_017__6c6sD_unrelaxed_rank_001_alphafold2_ptm_model_4_seed_000.pdb,,0.00706366787659185
AF2_treek100_top10,AF2,ShallowMsa_017,2ougC,0.4065813747642829,0.4481928879133057,-0.04161151314902278,Pipeline/FoldPairs/6c6sD_2ougC/output_AF/AF2_treek100_top10/ShallowMsa_017/2ougC/tmp_ShallowMsa_017__2ougC_unrelaxed_rank_001_alphafold2_ptm_model_4_seed_000.pdb,,0.003920398315664153
AF2_treek100_top10,AF2,ShallowMsa_018,6c6sD,0.6658760735132928,0.746253886902974,-0.0803778133896812,Pipeline/FoldPairs/6c6sD_2ougC/output_AF/AF2_treek100_top10/ShallowMsa_018/6c6sD/tmp_ShallowMsa_018__6c6sD_unrelaxed_rank_001_alphafold2_ptm_model_5_seed_000.pdb,,-0.03170263236406656
AF2_treek100_top10,AF2,ShallowMsa_018,2ougC,0.6658760735132928,0.746253886902974,-0.0803778133896812,Pipeline/FoldPairs/6c6sD_2ougC/output_AF/AF2_treek100_top10/ShallowMsa_018/2ougC/tmp_ShallowMsa_018__2ougC_unrelaxed_rank_001_alphafold2_ptm_model_5_seed_000.pdb,,-0.03484590192499426
AF2_treek100_top10,AF2,ShallowMsa_019,6c6sD,0.31125480925943316,0.21285859807279922,0.09839621118663394,Pipeline/FoldPairs/6c6sD_2ougC/output_AF/AF2_treek100_top10/ShallowMsa_019/6c6sD/tmp_ShallowMsa_019__6c6sD_unrelaxed_rank_001_alphafold2_ptm_model_4_seed_000.pdb,,0.14707139221224858
AF2_treek100_top10,AF2,ShallowMsa_019,2ougC,0.31125480925943316,0.21285859807279922,0.09839621118663394,Pipeline/FoldPairs/6c6sD_2ougC/output_AF/AF2_treek100_top10/ShallowMsa_019/2ougC/tmp_ShallowMsa_019__2ougC_unrelaxed_rank_001_alphafold2_ptm_model_4_seed_000.pdb,,0.14392812265132088
AF2_treek100_top10,AF2,ShallowMsa_020,6c6sD,0.5411869388322874,0.6114615493329827,-0.07027461050069528,Pipeline/FoldPairs/6c6sD_2ougC/output_AF/AF2_treek100_top10/ShallowMsa_020/6c6sD/tmp_ShallowMsa_020__6c6sD_unrelaxed_rank_001_alphafold2_ptm_model_3_seed_000.pdb,,-0.021599429475080645
AF2_treek100_top10,AF2,ShallowMsa_020,2ougC,0.5411869388322874,0.6114615493329827,-0.07027461050069528,Pipeline/FoldPairs/6c6sD_2ougC/output_AF/AF2_treek100_top10/ShallowMsa_020/2ougC/tmp_ShallowMsa_020__2ougC_unrelaxed_rank_001_alphafold2_ptm_model_3_seed_000.pdb,,-0.024742699036008342
AF2_treek100_top10,AF2,ShallowMsa_021,6c6sD,0.5409471916699587,0.5571917219791722,-0.016244530309213467,Pipeline/FoldPairs/6c6sD_2ougC/output_AF/AF2_treek100_top10/ShallowMsa_021/6c6sD/tmp_ShallowMsa_021__6c6sD_unrelaxed_rank_001_alphafold2_ptm_model_4_seed_000.pdb,,0.032430650716401166
AF2_treek100_top10,AF2,ShallowMsa_021,2ougC,0.5409471916699587,0.5571917219791722,-0.016244530309213467,Pipeline/FoldPairs/6c6sD_2ougC/output_AF/AF2_treek100_top10/ShallowMsa_021/2ougC/tmp_ShallowMsa_021__2ougC_unrelaxed_rank_001_alphafold2_ptm_model_4_seed_000.pdb,,0.02928738115547347
AF2_treek100_top10,AF2,ShallowMsa_022,6c6sD,0.3561282721594745,0.3946894052413477,-0.0385611330818732,Pipeline/FoldPairs/6c6sD_2ougC/output_AF/AF2_treek100_top10/ShallowMsa_022/6c6sD/tmp_ShallowMsa_022__6c6sD_unrelaxed_rank_001_alphafold2_ptm_model_3_seed_000.pdb,,0.010114047943741433
AF2_treek100_top10,AF2,ShallowMsa_022,2ougC,0.3561282721594745,0.3946894052413477,-0.0385611330818732,Pipeline/FoldPairs/6c6sD_2ougC/output_AF/AF2_treek100_top10/ShallowMsa_022/2ougC/tmp_ShallowMsa_022__2ougC_unrelaxed_rank_001_alphafold2_ptm_model_3_seed_000.pdb,,0.006970778382813736
AF2_treek100_top10,AF2,ShallowMsa_023,6c6sD,0.4193409405781402,0.5082385701814045,-0.0888976296032643,Pipeline/FoldPairs/6c6sD_2ougC/output_AF/AF2_treek100_top10/ShallowMsa_023/6c6sD/tmp_ShallowMsa_023__6c6sD_unrelaxed_rank_001_alphafold2_ptm_model_5_seed_000.pdb,,-0.04022244857764967
AF2_treek100_top10,AF2,ShallowMsa_023,2ougC,0.4193409405781402,0.5082385701814045,-0.0888976296032643,Pipeline/FoldPairs/6c6sD_2ougC/output_AF/AF2_treek100_top10/ShallowMsa_023/2ougC/tmp_ShallowMsa_023__2ougC_unrelaxed_rank_001_alphafold2_ptm_model_5_seed_000.pdb,,-0.04336571813857737
AF2_treek100_top10,AF2,ShallowMsa_024,6c6sD,0.5054822612946862,0.6946872821253891,-0.1892050208307029,Pipeline/FoldPairs/6c6sD_2ougC/output_AF/AF2_treek100_top10/ShallowMsa_024/6c6sD/tmp_ShallowMsa_024__6c6sD_unrelaxed_rank_001_alphafold2_ptm_model_3_seed_000.pdb,,-0.14052983980508826
AF2_treek100_top10,AF2,ShallowMsa_024,2ougC,0.5217717724012676,0.5250065321049656,-0.0032347597036980202,Pipeline/FoldPairs/6c6sD_2ougC/output_AF/AF2_treek100_top10/ShallowMsa_024/2ougC/tmp_ShallowMsa_024__2ougC_unrelaxed_rank_001_alphafold2_ptm_model_4_seed_000.pdb,,0.042297151760988916
AF2_treek100_top10,AF2,ShallowMsa_025,6c6sD,0.24145352809749418,0.26174220041331436,-0.020288672315820183,Pipeline/FoldPairs/6c6sD_2ougC/output_AF/AF2_treek100_top10/ShallowMsa_025/6c6sD/tmp_ShallowMsa_025__6c6sD_unrelaxed_rank_001_alphafold2_ptm_model_3_seed_000.pdb,,0.02838650870979445
AF2_treek100_top10,AF2,ShallowMsa_025,2ougC,0.24145352809749418,0.26174220041331436,-0.020288672315820183,Pipeline/FoldPairs/6c6sD_2ougC/output_AF/AF2_treek100_top10/ShallowMsa_025/2ougC/tmp_ShallowMsa_025__2ougC_unrelaxed_rank_001_alphafold2_ptm_model_3_seed_000.pdb,,0.025243239148866753
AF2_treek100_top10,AF2,ShallowMsa_026,6c6sD,0.4205676126436984,0.3690979913459066,0.05146962129779181,Pipeline/FoldPairs/6c6sD_2ougC/output_AF/AF2_treek100_top10/ShallowMsa_026/6c6sD/tmp_ShallowMsa_026__6c6sD_unrelaxed_rank_001_alphafold2_ptm_model_5_seed_000.pdb,,0.10014480232340645
AF2_treek100_top10,AF2,ShallowMsa_026,2ougC,0.4205676126436984,0.3690979913459066,0.05146962129779181,Pipeline/FoldPairs/6c6sD_2ougC/output_AF/AF2_treek100_top10/ShallowMsa_026/2ougC/tmp_ShallowMsa_026__2ougC_unrelaxed_rank_001_alphafold2_ptm_model_5_seed_000.pdb,,0.09700153276247875
AF2_treek100_top10,AF2,ShallowMsa_027,6c6sD,0.8086646880466444,0.7460241366243562,0.0626405514222882,Pipeline/FoldPairs/6c6sD_2ougC/output_AF/AF2_treek100_top10/ShallowMsa_027/6c6sD/tmp_ShallowMsa_027__6c6sD_unrelaxed_rank_001_alphafold2_ptm_model_2_seed_000.pdb,,0.11131573244790283
AF2_treek100_top10,AF2,ShallowMsa_027,2ougC,0.8086646880466444,0.7460241366243562,0.0626405514222882,Pipeline/FoldPairs/6c6sD_2ougC/output_AF/AF2_treek100_top10/ShallowMsa_027/2ougC/tmp_ShallowMsa_027__2ougC_unrelaxed_rank_001_alphafold2_ptm_model_2_seed_000.pdb,,0.10817246288697513
AF2_treek100_top10,AF2,ShallowMsa_028,6c6sD,0.22191920188067665,0.24257441145404618,-0.020655209573369526,Pipeline/FoldPairs/6c6sD_2ougC/output_AF/AF2_treek100_top10/ShallowMsa_028/6c6sD/tmp_ShallowMsa_028__6c6sD_unrelaxed_rank_001_alphafold2_ptm_model_1_seed_000.pdb,,0.028019971452245107
AF2_treek100_top10,AF2,ShallowMsa_028,2ougC,0.22191920188067665,0.24257441145404618,-0.020655209573369526,Pipeline/FoldPairs/6c6sD_2ougC/output_AF/AF2_treek100_top10/ShallowMsa_028/2ougC/tmp_ShallowMsa_028__2ougC_unrelaxed_rank_001_alphafold2_ptm_model_1_seed_000.pdb,,0.02487670189131741
AF2_treek100_top10,AF2,ShallowMsa_029,6c6sD,0.8257385004475489,0.7636292845180419,0.06210921592950702,Pipeline/FoldPairs/6c6sD_2ougC/output_AF/AF2_treek100_top10/ShallowMsa_029/6c6sD/tmp_ShallowMsa_029__6c6sD_unrelaxed_rank_001_alphafold2_ptm_model_2_seed_000.pdb,,0.11078439695512166
AF2_treek100_top10,AF2,ShallowMsa_029,2ougC,0.8257385004475489,0.7636292845180419,0.06210921592950702,Pipeline/FoldPairs/6c6sD_2ougC/output_AF/AF2_treek100_top10/ShallowMsa_029/2ougC/tmp_ShallowMsa_029__2ougC_unrelaxed_rank_001_alphafold2_ptm_model_2_seed_000.pdb,,0.10764112739419396
AF2_treek100_top10,AF2,ShallowMsa_030,6c6sD,0.5205664007390493,0.5275807899506457,-0.007014389211596472,Pipeline/FoldPairs/6c6sD_2ougC/output_AF/AF2_treek100_top10/ShallowMsa_030/6c6sD/tmp_ShallowMsa_030__6c6sD_unrelaxed_rank_001_alphafold2_ptm_model_3_seed_000.pdb,,0.04166079181401816
AF2_treek100_top10,AF2,ShallowMsa_030,2ougC,0.5205664007390493,0.5275807899506457,-0.007014389211596472,Pipeline/FoldPairs/6c6sD_2ougC/output_AF/AF2_treek100_top10/ShallowMsa_030/2ougC/tmp_ShallowMsa_030__2ougC_unrelaxed_rank_001_alphafold2_ptm_model_3_seed_000.pdb,,0.038517522253090464
AF2_treek100_top10,AF2,ShallowMsa_031,6c6sD,0.5500745912190861,0.8056189078270976,-0.25554431660801147,Pipeline/FoldPairs/6c6sD_2ougC/output_AF/AF2_treek100_top10/ShallowMsa_031/6c6sD/tmp_ShallowMsa_031__6c6sD_unrelaxed_rank_001_alphafold2_ptm_model_2_seed_000.pdb,,-0.20686913558239683
AF2_treek100_top10,AF2,ShallowMsa_031,2ougC,0.614452246599531,0.8719610097691122,-0.25750876316958116,Pipeline/FoldPairs/6c6sD_2ougC/output_AF/AF2_treek100_top10/ShallowMsa_031/2ougC/tmp_ShallowMsa_031__2ougC_unrelaxed_rank_001_alphafold2_ptm_model_2_seed_000.pdb,,-0.21197685170489422
AF2_treek100_top10,AF2,ShallowMsa_032,6c6sD,0.529853879004373,0.6251568182287701,-0.09530293922439714,Pipeline/FoldPairs/6c6sD_2ougC/output_AF/AF2_treek100_top10/ShallowMsa_032/6c6sD/tmp_ShallowMsa_032__6c6sD_unrelaxed_rank_001_alphafold2_ptm_model_3_seed_000.pdb,,-0.04662775819878251
AF2_treek100_top10,AF2,ShallowMsa_032,2ougC,0.529853879004373,0.6251568182287701,-0.09530293922439714,Pipeline/FoldPairs/6c6sD_2ougC/output_AF/AF2_treek100_top10/ShallowMsa_032/2ougC/tmp_ShallowMsa_032__2ougC_unrelaxed_rank_001_alphafold2_ptm_model_3_seed_000.pdb,,-0.04977102775971021
AF2_treek100_top10,AF2,ShallowMsa_033,6c6sD,0.6280297961918705,0.6998341787053566,-0.07180438251348609,Pipeline/FoldPairs/6c6sD_2ougC/output_AF/AF2_treek100_top10/ShallowMsa_033/6c6sD/tmp_ShallowMsa_033__6c6sD_unrelaxed_rank_001_alphafold2_ptm_model_4_seed_000.pdb,,-0.023129201487871454
AF2_treek100_top10,AF2,ShallowMsa_033,2ougC,0.6280297961918705,0.6998341787053566,-0.07180438251348609,Pipeline/FoldPairs/6c6sD_2ougC/output_AF/AF2_treek100_top10/ShallowMsa_033/2ougC/tmp_ShallowMsa_033__2ougC_unrelaxed_rank_001_alphafold2_ptm_model_4_seed_000.pdb,,-0.02627247104879915
AF2_treek100_top10,AF2,ShallowMsa_034,6c6sD,0.4976709079831777,0.5711483676988788,-0.07347745971570108,Pipeline/FoldPairs/6c6sD_2ougC/output_AF/AF2_treek100_top10/ShallowMsa_034/6c6sD/tmp_ShallowMsa_034__6c6sD_unrelaxed_rank_001_alphafold2_ptm_model_3_seed_000.pdb,,-0.024802278690086443
AF2_treek100_top10,AF2,ShallowMsa_034,2ougC,0.4976709079831777,0.5711483676988788,-0.07347745971570108,Pipeline/FoldPairs/6c6sD_2ougC/output_AF/AF2_treek100_top10/ShallowMsa_034/2ougC/tmp_ShallowMsa_034__2ougC_unrelaxed_rank_001_alphafold2_ptm_model_3_seed_000.pdb,,-0.02794554825101414
AF2_treek100_top10,AF2,ShallowMsa_035,6c6sD,0.7578759880967391,0.8426945922734964,-0.08481860417675735,Pipeline/FoldPairs/6c6sD_2ougC/output_AF/AF2_treek100_top10/ShallowMsa_035/6c6sD/tmp_ShallowMsa_035__6c6sD_unrelaxed_rank_001_alphafold2_ptm_model_3_seed_000.pdb,,-0.03614342315114272
AF2_treek100_top10,AF2,ShallowMsa_035,2ougC,0.7578759880967391,0.8426945922734964,-0.08481860417675735,Pipeline/FoldPairs/6c6sD_2ougC/output_AF/AF2_treek100_top10/ShallowMsa_035/2ougC/tmp_ShallowMsa_035__2ougC_unrelaxed_rank_001_alphafold2_ptm_model_3_seed_000.pdb,,-0.039286692712070415
AF2_treek100_top10,AF2,ShallowMsa_036,6c6sD,0.7160695547110486,0.6521224741585661,0.06394708055248255,Pipeline/FoldPairs/6c6sD_2ougC/output_AF/AF2_treek100_top10/ShallowMsa_036/6c6sD/tmp_ShallowMsa_036__6c6sD_unrelaxed_rank_001_alphafold2_ptm_model_5_seed_000.pdb,,0.11262226157809718
AF2_treek100_top10,AF2,ShallowMsa_036,2ougC,0.7160695547110486,0.6521224741585661,0.06394708055248255,Pipeline/FoldPairs/6c6sD_2ougC/output_AF/AF2_treek100_top10/ShallowMsa_036/2ougC/tmp_ShallowMsa_036__2ougC_unrelaxed_rank_001_alphafold2_ptm_model_5_seed_000.pdb,,0.10947899201716949
AF2_treek100_top10,AF2,ShallowMsa_037,6c6sD,0.32133556151860787,0.392688699499968,-0.07135313798136012,Pipeline/FoldPairs/6c6sD_2ougC/output_AF/AF2_treek100_top10/ShallowMsa_037/6c6sD/tmp_ShallowMsa_037__6c6sD_unrelaxed_rank_001_alphafold2_ptm_model_5_seed_000.pdb,,-0.022677956955745482
AF2_treek100_top10,AF2,ShallowMsa_037,2ougC,0.32133556151860787,0.392688699499968,-0.07135313798136012,Pipeline/FoldPairs/6c6sD_2ougC/output_AF/AF2_treek100_top10/ShallowMsa_037/2ougC/tmp_ShallowMsa_037__2ougC_unrelaxed_rank_001_alphafold2_ptm_model_5_seed_000.pdb,,-0.02582122651667318
AF2_treek100_top10,AF2,ShallowMsa_038,6c6sD,0.25606147388807843,0.3262212197993509,-0.0701597459112725,Pipeline/FoldPairs/6c6sD_2ougC/output_AF/AF2_treek100_top10/ShallowMsa_038/6c6sD/tmp_ShallowMsa_038__6c6sD_unrelaxed_rank_001_alphafold2_ptm_model_3_seed_000.pdb,,-0.021484564885657864
AF2_treek100_top10,AF2,ShallowMsa_038,2ougC,0.25606147388807843,0.3262212197993509,-0.0701597459112725,Pipeline/FoldPairs/6c6sD_2ougC/output_AF/AF2_treek100_top10/ShallowMsa_038/2ougC/tmp_ShallowMsa_038__2ougC_unrelaxed_rank_001_alphafold2_ptm_model_3_seed_000.pdb,,-0.02462783444658556
AF2_treek100_top10,AF2,ShallowMsa_039,6c6sD,0.4008851240959095,0.4474858488804835,-0.046600724784574,Pipeline/FoldPairs/6c6sD_2ougC/output_AF/AF2_treek100_top10/ShallowMsa_039/6c6sD/tmp_ShallowMsa_039__6c6sD_unrelaxed_rank_001_alphafold2_ptm_model_3_seed_000.pdb,,0.002074456241040634
AF2_treek100_top10,AF2,ShallowMsa_039,2ougC,0.4008851240959095,0.4474858488804835,-0.046600724784574,Pipeline/FoldPairs/6c6sD_2ougC/output_AF/AF2_treek100_top10/ShallowMsa_039/2ougC/tmp_ShallowMsa_039__2ougC_unrelaxed_rank_001_alphafold2_ptm_model_3_seed_000.pdb,,-0.001068813319887063
AF2_treek100_top10,AF2,ShallowMsa_040,6c6sD,0.5182110650234797,0.5965453565622635,-0.0783342915387838,Pipeline/FoldPairs/6c6sD_2ougC/output_AF/AF2_treek100_top10/ShallowMsa_040/6c6sD/tmp_ShallowMsa_040__6c6sD_unrelaxed_rank_001_alphafold2_ptm_model_2_seed_000.pdb,,-0.029659110513169162
AF2_treek100_top10,AF2,ShallowMsa_040,2ougC,0.5182110650234797,0.5965453565622635,-0.0783342915387838,Pipeline/FoldPairs/6c6sD_2ougC/output_AF/AF2_treek100_top10/ShallowMsa_040/2ougC/tmp_ShallowMsa_040__2ougC_unrelaxed_rank_001_alphafold2_ptm_model_2_seed_000.pdb,,-0.03280238007409686
AF2_treek100_top10,AF2,ShallowMsa_041,6c6sD,0.860890471002907,0.8004467180014028,0.060443753001504286,Pipeline/FoldPairs/6c6sD_2ougC/output_AF/AF2_treek100_top10/ShallowMsa_041/6c6sD/tmp_ShallowMsa_041__6c6sD_unrelaxed_rank_001_alphafold2_ptm_model_4_seed_000.pdb,,0.10911893402711892
AF2_treek100_top10,AF2,ShallowMsa_041,2ougC,0.860890471002907,0.8004467180014028,0.060443753001504286,Pipeline/FoldPairs/6c6sD_2ougC/output_AF/AF2_treek100_top10/ShallowMsa_041/2ougC/tmp_ShallowMsa_041__2ougC_unrelaxed_rank_001_alphafold2_ptm_model_4_seed_000.pdb,,0.10597566446619122
AF2_treek100_top10,AF2,ShallowMsa_042,6c6sD,0.4637916611785235,0.5313284529170335,-0.06753679173850996,Pipeline/FoldPairs/6c6sD_2ougC/output_AF/AF2_treek100_top10/ShallowMsa_042/6c6sD/tmp_ShallowMsa_042__6c6sD_unrelaxed_rank_001_alphafold2_ptm_model_3_seed_000.pdb,,-0.018861610712895327
AF2_treek100_top10,AF2,ShallowMsa_042,2ougC,0.4637916611785235,0.5313284529170335,-0.06753679173850996,Pipeline/FoldPairs/6c6sD_2ougC/output_AF/AF2_treek100_top10/ShallowMsa_042/2ougC/tmp_ShallowMsa_042__2ougC_unrelaxed_rank_001_alphafold2_ptm_model_3_seed_000.pdb,,-0.022004880273823024
AF2_treek100_top10,AF2,ShallowMsa_043,6c6sD,0.23710822292664951,0.3203666094943215,-0.08325838656767198,Pipeline/FoldPairs/6c6sD_2ougC/output_AF/AF2_treek100_top10/ShallowMsa_043/6c6sD/tmp_ShallowMsa_043__6c6sD_unrelaxed_rank_001_alphafold2_ptm_model_2_seed_000.pdb,,-0.03458320554205735
AF2_treek100_top10,AF2,ShallowMsa_043,2ougC,0.23710822292664951,0.3203666094943215,-0.08325838656767198,Pipeline/FoldPairs/6c6sD_2ougC/output_AF/AF2_treek100_top10/ShallowMsa_043/2ougC/tmp_ShallowMsa_043__2ougC_unrelaxed_rank_001_alphafold2_ptm_model_2_seed_000.pdb,,-0.037726475102985046
AF2_treek100_top10,AF2,ShallowMsa_044,6c6sD,0.5641258350884714,0.6875813200660463,-0.12345548497757497,Pipeline/FoldPairs/6c6sD_2ougC/output_AF/AF2_treek100_top10/ShallowMsa_044/6c6sD/tmp_ShallowMsa_044__6c6sD_unrelaxed_rank_001_alphafold2_ptm_model_4_seed_000.pdb,,-0.07478030395196034
AF2_treek100_top10,AF2,ShallowMsa_044,2ougC,0.5261549982869552,0.6248564926875804,-0.09870149440062514,Pipeline/FoldPairs/6c6sD_2ougC/output_AF/AF2_treek100_top10/ShallowMsa_044/2ougC/tmp_ShallowMsa_044__2ougC_unrelaxed_rank_001_alphafold2_ptm_model_1_seed_000.pdb,,-0.05316958293593821
AF2_treek100_top10,AF2,ShallowMsa_045,6c6sD,0.7574863600768124,0.7625692826120046,-0.005082922535192269,Pipeline/FoldPairs/6c6sD_2ougC/output_AF/AF2_treek100_top10/ShallowMsa_045/6c6sD/tmp_ShallowMsa_045__6c6sD_unrelaxed_rank_001_alphafold2_ptm_model_2_seed_000.pdb,,0.043592258490422364
AF2_treek100_top10,AF2,ShallowMsa_045,2ougC,0.7574863600768124,0.7625692826120046,-0.005082922535192269,Pipeline/FoldPairs/6c6sD_2ougC/output_AF/AF2_treek100_top10/ShallowMsa_045/2ougC/tmp_ShallowMsa_045__2ougC_unrelaxed_rank_001_alphafold2_ptm_model_2_seed_000.pdb,,0.04044898892949467
AF2_treek100_top10,AF2,ShallowMsa_046,6c6sD,0.3547952642645916,0.44446504610341936,-0.08966978183882773,Pipeline/FoldPairs/6c6sD_2ougC/output_AF/AF2_treek100_top10/ShallowMsa_046/6c6sD/tmp_ShallowMsa_046__6c6sD_unrelaxed_rank_001_alphafold2_ptm_model_3_seed_000.pdb,,-0.0409946008132131
AF2_treek100_top10,AF2,ShallowMsa_046,2ougC,0.3547952642645916,0.44446504610341936,-0.08966978183882773,Pipeline/FoldPairs/6c6sD_2ougC/output_AF/AF2_treek100_top10/ShallowMsa_046/2ougC/tmp_ShallowMsa_046__2ougC_unrelaxed_rank_001_alphafold2_ptm_model_3_seed_000.pdb,,-0.0441378703741408
AF2_treek100_top10,AF2,ShallowMsa_047,6c6sD,0.38462900648881637,0.456201634560113,-0.0715726280712966,Pipeline/FoldPairs/6c6sD_2ougC/output_AF/AF2_treek100_top10/ShallowMsa_047/6c6sD/tmp_ShallowMsa_047__6c6sD_unrelaxed_rank_001_alphafold2_ptm_model_3_seed_000.pdb,,-0.022897447045681973
AF2_treek100_top10,AF2,ShallowMsa_047,2ougC,0.38462900648881637,0.456201634560113,-0.0715726280712966,Pipeline/FoldPairs/6c6sD_2ougC/output_AF/AF2_treek100_top10/ShallowMsa_047/2ougC/tmp_ShallowMsa_047__2ougC_unrelaxed_rank_001_alphafold2_ptm_model_3_seed_000.pdb,,-0.02604071660660967
AF2_treek100_top10,AF2,ShallowMsa_048,6c6sD,0.2973546018710748,0.2642108506933892,0.03314375117768564,Pipeline/FoldPairs/6c6sD_2ougC/output_AF/AF2_treek100_top10/ShallowMsa_048/6c6sD/tmp_ShallowMsa_048__6c6sD_unrelaxed_rank_001_alphafold2_ptm_model_4_seed_000.pdb,,0.08181893220330028
AF2_treek100_top10,AF2,ShallowMsa_048,2ougC,0.2973546018710748,0.2642108506933892,0.03314375117768564,Pipeline/FoldPairs/6c6sD_2ougC/output_AF/AF2_treek100_top10/ShallowMsa_048/2ougC/tmp_ShallowMsa_048__2ougC_unrelaxed_rank_001_alphafold2_ptm_model_4_seed_000.pdb,,0.07867566264237258
AF2_treek100_top10,AF2,ShallowMsa_049,6c6sD,0.5184598533203697,0.5420431897939388,-0.02358333647356914,Pipeline/FoldPairs/6c6sD_2ougC/output_AF/AF2_treek100_top10/ShallowMsa_049/6c6sD/tmp_ShallowMsa_049__6c6sD_unrelaxed_rank_001_alphafold2_ptm_model_4_seed_000.pdb,,0.025091844552045495
AF2_treek100_top10,AF2,ShallowMsa_049,2ougC,0.5184598533203697,0.5420431897939388,-0.02358333647356914,Pipeline/FoldPairs/6c6sD_2ougC/output_AF/AF2_treek100_top10/ShallowMsa_049/2ougC/tmp_ShallowMsa_049__2ougC_unrelaxed_rank_001_alphafold2_ptm_model_4_seed_000.pdb,,0.021948574991117797
AF2_treek100_top10,AF2,ShallowMsa_050,6c6sD,0.6318518349634701,0.6609907455335059,-0.029138910570035814,Pipeline/FoldPairs/6c6sD_2ougC/output_AF/AF2_treek100_top10/ShallowMsa_050/6c6sD/tmp_ShallowMsa_050__6c6sD_unrelaxed_rank_001_alphafold2_ptm_model_5_seed_000.pdb,,0.01953627045557882
AF2_treek100_top10,AF2,ShallowMsa_050,2ougC,0.6318518349634701,0.6609907455335059,-0.029138910570035814,Pipeline/FoldPairs/6c6sD_2ougC/output_AF/AF2_treek100_top10/ShallowMsa_050/2ougC/tmp_ShallowMsa_050__2ougC_unrelaxed_rank_001_alphafold2_ptm_model_5_seed_000.pdb,,0.016393000894651122
AF2_treek100_top10,AF2,ShallowMsa_051,6c6sD,0.4863858970193928,0.5152847119011275,-0.02889881488173468,Pipeline/FoldPairs/6c6sD_2ougC/output_AF/AF2_treek100_top10/ShallowMsa_051/6c6sD/tmp_ShallowMsa_051__6c6sD_unrelaxed_rank_001_alphafold2_ptm_model_4_seed_000.pdb,,0.019776366143879953
AF2_treek100_top10,AF2,ShallowMsa_051,2ougC,0.4863858970193928,0.5152847119011275,-0.02889881488173468,Pipeline/FoldPairs/6c6sD_2ougC/output_AF/AF2_treek100_top10/ShallowMsa_051/2ougC/tmp_ShallowMsa_051__2ougC_unrelaxed_rank_001_alphafold2_ptm_model_4_seed_000.pdb,,0.016633096582952256
AF2_treek100_top10,AF2,ShallowMsa_052,6c6sD,0.25783133967524996,0.26098090654640077,-0.0031495668711508107,Pipeline/FoldPairs/6c6sD_2ougC/output_AF/AF2_treek100_top10/ShallowMsa_052/6c6sD/tmp_ShallowMsa_052__6c6sD_unrelaxed_rank_001_alphafold2_ptm_model_3_seed_000.pdb,,0.04552561415446382
AF2_treek100_top10,AF2,ShallowMsa_052,2ougC,0.25783133967524996,0.26098090654640077,-0.0031495668711508107,Pipeline/FoldPairs/6c6sD_2ougC/output_AF/AF2_treek100_top10/ShallowMsa_052/2ougC/tmp_ShallowMsa_052__2ougC_unrelaxed_rank_001_alphafold2_ptm_model_3_seed_000.pdb,,0.042382344593536125
AF2_treek100_top10,AF2,ShallowMsa_053,6c6sD,0.7469336090304866,0.6727163765582054,0.07421723247228118,Pipeline/FoldPairs/6c6sD_2ougC/output_AF/AF2_treek100_top10/ShallowMsa_053/6c6sD/tmp_ShallowMsa_053__6c6sD_unrelaxed_rank_001_alphafold2_ptm_model_5_seed_000.pdb,,0.12289241349789581
AF2_treek100_top10,AF2,ShallowMsa_053,2ougC,0.7469336090304866,0.6727163765582054,0.07421723247228118,Pipeline/FoldPairs/6c6sD_2ougC/output_AF/AF2_treek100_top10/ShallowMsa_053/2ougC/tmp_ShallowMsa_053__2ougC_unrelaxed_rank_001_alphafold2_ptm_model_5_seed_000.pdb,,0.11974914393696812
AF2_treek100_top10,AF2,ShallowMsa_054,6c6sD,0.3772903487832108,0.40688010900914756,-0.029589760225936734,Pipeline/FoldPairs/6c6sD_2ougC/output_AF/AF2_treek100_top10/ShallowMsa_054/6c6sD/tmp_ShallowMsa_054__6c6sD_unrelaxed_rank_001_alphafold2_ptm_model_2_seed_000.pdb,,0.0190854207996779
AF2_treek100_top10,AF2,ShallowMsa_054,2ougC,0.3772903487832108,0.40688010900914756,-0.029589760225936734,Pipeline/FoldPairs/6c6sD_2ougC/output_AF/AF2_treek100_top10/ShallowMsa_054/2ougC/tmp_ShallowMsa_054__2ougC_unrelaxed_rank_001_alphafold2_ptm_model_2_seed_000.pdb,,0.015942151238750202
AF2_treek100_top10,AF2,ShallowMsa_055,6c6sD,0.44794206648236834,0.5352130995574713,-0.08727103307510298,Pipeline/FoldPairs/6c6sD_2ougC/output_AF/AF2_treek100_top10/ShallowMsa_055/6c6sD/tmp_ShallowMsa_055__6c6sD_unrelaxed_rank_001_alphafold2_ptm_model_5_seed_000.pdb,,-0.038595852049488344
AF2_treek100_top10,AF2,ShallowMsa_055,2ougC,0.44794206648236834,0.5352130995574713,-0.08727103307510298,Pipeline/FoldPairs/6c6sD_2ougC/output_AF/AF2_treek100_top10/ShallowMsa_055/2ougC/tmp_ShallowMsa_055__2ougC_unrelaxed_rank_001_alphafold2_ptm_model_5_seed_000.pdb,,-0.04173912161041604
AF2_treek100_top10,AF2,ShallowMsa_056,6c6sD,0.5579339385239629,0.6308437323579746,-0.07290979383401175,Pipeline/FoldPairs/6c6sD_2ougC/output_AF/AF2_treek100_top10/ShallowMsa_056/6c6sD/tmp_ShallowMsa_056__6c6sD_unrelaxed_rank_001_alphafold2_ptm_model_2_seed_000.pdb,,-0.024234612808397116
AF2_treek100_top10,AF2,ShallowMsa_056,2ougC,0.5883414782075012,0.6046927687473189,-0.016351290539817764,Pipeline/FoldPairs/6c6sD_2ougC/output_AF/AF2_treek100_top10/ShallowMsa_056/2ougC/tmp_ShallowMsa_056__2ougC_unrelaxed_rank_001_alphafold2_ptm_model_2_seed_000.pdb,,0.02918062092486917
AF2_treek100_top10,AF2,ShallowMsa_057,6c6sD,0.4301759292739507,0.48038371002298097,-0.05020778074903026,Pipeline/FoldPairs/6c6sD_2ougC/output_AF/AF2_treek100_top10/ShallowMsa_057/6c6sD/tmp_ShallowMsa_057__6c6sD_unrelaxed_rank_001_alphafold2_ptm_model_3_seed_000.pdb,,-0.0015325997234156286
AF2_treek100_top10,AF2,ShallowMsa_057,2ougC,0.4301759292739507,0.48038371002298097,-0.05020778074903026,Pipeline/FoldPairs/6c6sD_2ougC/output_AF/AF2_treek100_top10/ShallowMsa_057/2ougC/tmp_ShallowMsa_057__2ougC_unrelaxed_rank_001_alphafold2_ptm_model_3_seed_000.pdb,,-0.004675869284343326
AF2_treek100_top10,AF2,ShallowMsa_058,6c6sD,0.5217168720140835,0.49092636539000123,0.030790506624082226,Pipeline/FoldPairs/6c6sD_2ougC/output_AF/AF2_treek100_top10/ShallowMsa_058/6c6sD/tmp_ShallowMsa_058__6c6sD_unrelaxed_rank_001_alphafold2_ptm_model_2_seed_000.pdb,,0.07946568764969686
AF2_treek100_top10,AF2,ShallowMsa_058,2ougC,0.5217168720140835,0.49092636539000123,0.030790506624082226,Pipeline/FoldPairs/6c6sD_2ougC/output_AF/AF2_treek100_top10/ShallowMsa_058/2ougC/tmp_ShallowMsa_058__2ougC_unrelaxed_rank_001_alphafold2_ptm_model_2_seed_000.pdb,,0.07632241808876916
AF2_treek100_top10,AF2,ShallowMsa_059,6c6sD,0.47534275146634375,0.5575347941658944,-0.0821920426995506,Pipeline/FoldPairs/6c6sD_2ougC/output_AF/AF2_treek100_top10/ShallowMsa_059/6c6sD/tmp_ShallowMsa_059__6c6sD_unrelaxed_rank_001_alphafold2_ptm_model_5_seed_000.pdb,,-0.03351686167393597
AF2_treek100_top10,AF2,ShallowMsa_059,2ougC,0.47534275146634375,0.5575347941658944,-0.0821920426995506,Pipeline/FoldPairs/6c6sD_2ougC/output_AF/AF2_treek100_top10/ShallowMsa_059/2ougC/tmp_ShallowMsa_059__2ougC_unrelaxed_rank_001_alphafold2_ptm_model_5_seed_000.pdb,,-0.03666013123486367
AF2_treek100_top10,AF2,ShallowMsa_060,6c6sD,0.40985333280512354,0.4878765630215036,-0.07802323021638008,Pipeline/FoldPairs/6c6sD_2ougC/output_AF/AF2_treek100_top10/ShallowMsa_060/6c6sD/tmp_ShallowMsa_060__6c6sD_unrelaxed_rank_001_alphafold2_ptm_model_4_seed_000.pdb,,-0.029348049190765446
AF2_treek100_top10,AF2,ShallowMsa_060,2ougC,0.40985333280512354,0.4878765630215036,-0.07802323021638008,Pipeline/FoldPairs/6c6sD_2ougC/output_AF/AF2_treek100_top10/ShallowMsa_060/2ougC/tmp_ShallowMsa_060__2ougC_unrelaxed_rank_001_alphafold2_ptm_model_4_seed_000.pdb,,-0.03249131875169314
AF2_treek100_top10,AF2,ShallowMsa_061,6c6sD,0.41444140327394646,0.5321200995426142,-0.11767869626866773,Pipeline/FoldPairs/6c6sD_2ougC/output_AF/AF2_treek100_top10/ShallowMsa_061/6c6sD/tmp_ShallowMsa_061__6c6sD_unrelaxed_rank_001_alphafold2_ptm_model_5_seed_000.pdb,,-0.06900351524305309
AF2_treek100_top10,AF2,ShallowMsa_061,2ougC,0.41444140327394646,0.5321200995426142,-0.11767869626866773,Pipeline/FoldPairs/6c6sD_2ougC/output_AF/AF2_treek100_top10/ShallowMsa_061/2ougC/tmp_ShallowMsa_061__2ougC_unrelaxed_rank_001_alphafold2_ptm_model_5_seed_000.pdb,,-0.07214678480398079
AF2_treek100_top10,AF2,ShallowMsa_062,6c6sD,0.5294638659332381,0.5949148563258656,-0.06545099039262747,Pipeline/FoldPairs/6c6sD_2ougC/output_AF/AF2_treek100_top10/ShallowMsa_062/6c6sD/tmp_ShallowMsa_062__6c6sD_unrelaxed_rank_001_alphafold2_ptm_model_4_seed_000.pdb,,-0.01677580936701284
AF2_treek100_top10,AF2,ShallowMsa_062,2ougC,0.6428408298154685,0.7002877885659482,-0.05744695875047967,Pipeline/FoldPairs/6c6sD_2ougC/output_AF/AF2_treek100_top10/ShallowMsa_062/2ougC/tmp_ShallowMsa_062__2ougC_unrelaxed_rank_001_alphafold2_ptm_model_3_seed_000.pdb,,-0.011915047285792735
AF2_treek100_top10,AF2,ShallowMsa_063,6c6sD,0.5380958954264474,0.4775190704038933,0.060576825022554126,Pipeline/FoldPairs/6c6sD_2ougC/output_AF/AF2_treek100_top10/ShallowMsa_063/6c6sD/tmp_ShallowMsa_063__6c6sD_unrelaxed_rank_001_alphafold2_ptm_model_2_seed_000.pdb,,0.10925200604816876
AF2_treek100_top10,AF2,ShallowMsa_063,2ougC,0.5380958954264474,0.4775190704038933,0.060576825022554126,Pipeline/FoldPairs/6c6sD_2ougC/output_AF/AF2_treek100_top10/ShallowMsa_063/2ougC/tmp_ShallowMsa_063__2ougC_unrelaxed_rank_001_alphafold2_ptm_model_2_seed_000.pdb,,0.10610873648724106
AF2_treek100_top10,AF2,ShallowMsa_064,6c6sD,0.4997198126071107,0.5621372008498758,-0.06241738824276516,Pipeline/FoldPairs/6c6sD_2ougC/output_AF/AF2_treek100_top10/ShallowMsa_064/6c6sD/tmp_ShallowMsa_064__6c6sD_unrelaxed_rank_001_alphafold2_ptm_model_2_seed_000.pdb,,-0.013742207217150526
AF2_treek100_top10,AF2,ShallowMsa_064,2ougC,0.4997198126071107,0.5621372008498758,-0.06241738824276516,Pipeline/FoldPairs/6c6sD_2ougC/output_AF/AF2_treek100_top10/ShallowMsa_064/2ougC/tmp_ShallowMsa_064__2ougC_unrelaxed_rank_001_alphafold2_ptm_model_2_seed_000.pdb,,-0.016885476778078223
AF2_treek100_top10,AF2,ShallowMsa_065,6c6sD,0.46878398989882764,0.4513228607350221,0.017461129163805544,Pipeline/FoldPairs/6c6sD_2ougC/output_AF/AF2_treek100_top10/ShallowMsa_065/6c6sD/tmp_ShallowMsa_065__6c6sD_unrelaxed_rank_001_alphafold2_ptm_model_3_seed_000.pdb,,0.06613631018942018
AF2_treek100_top10,AF2,ShallowMsa_065,2ougC,0.46878398989882764,0.4513228607350221,0.017461129163805544,Pipeline/FoldPairs/6c6sD_2ougC/output_AF/AF2_treek100_top10/ShallowMsa_065/2ougC/tmp_ShallowMsa_065__2ougC_unrelaxed_rank_001_alphafold2_ptm_model_3_seed_000.pdb,,0.06299304062849248
AF2_treek100_top10,AF2,ShallowMsa_066,6c6sD,0.28182212162103387,0.3709562857937774,-0.0891341641727435,Pipeline/FoldPairs/6c6sD_2ougC/output_AF/AF2_treek100_top10/ShallowMsa_066/6c6sD/tmp_ShallowMsa_066__6c6sD_unrelaxed_rank_001_alphafold2_ptm_model_3_seed_000.pdb,,-0.04045898314712887
AF2_treek100_top10,AF2,ShallowMsa_066,2ougC,0.28182212162103387,0.3709562857937774,-0.0891341641727435,Pipeline/FoldPairs/6c6sD_2ougC/output_AF/AF2_treek100_top10/ShallowMsa_066/2ougC/tmp_ShallowMsa_066__2ougC_unrelaxed_rank_001_alphafold2_ptm_model_3_seed_000.pdb,,-0.043602252708056566
AF2_treek100_top10,AF2,ShallowMsa_067,6c6sD,0.49598198489997275,0.5739958173378606,-0.0780138324378879,Pipeline/FoldPairs/6c6sD_2ougC/output_AF/AF2_treek100_top10/ShallowMsa_067/6c6sD/tmp_ShallowMsa_067__6c6sD_unrelaxed_rank_001_alphafold2_ptm_model_4_seed_000.pdb,,-0.029338651412273264
AF2_treek100_top10,AF2,ShallowMsa_067,2ougC,0.49598198489997275,0.5739958173378606,-0.0780138324378879,Pipeline/FoldPairs/6c6sD_2ougC/output_AF/AF2_treek100_top10/ShallowMsa_067/2ougC/tmp_ShallowMsa_067__2ougC_unrelaxed_rank_001_alphafold2_ptm_model_4_seed_000.pdb,,-0.03248192097320096
AF2_treek100_top10,AF2,ShallowMsa_068,6c6sD,0.5141847560060534,0.4998113511390585,0.014373404866994899,Pipeline/FoldPairs/6c6sD_2ougC/output_AF/AF2_treek100_top10/ShallowMsa_068/6c6sD/tmp_ShallowMsa_068__6c6sD_unrelaxed_rank_001_alphafold2_ptm_model_4_seed_000.pdb,,0.06304858589260953
AF2_treek100_top10,AF2,ShallowMsa_068,2ougC,0.5141847560060534,0.4998113511390585,0.014373404866994899,Pipeline/FoldPairs/6c6sD_2ougC/output_AF/AF2_treek100_top10/ShallowMsa_068/2ougC/tmp_ShallowMsa_068__2ougC_unrelaxed_rank_001_alphafold2_ptm_model_4_seed_000.pdb,,0.059905316331681835
AF2_treek100_top10,AF2,ShallowMsa_069,6c6sD,0.6312798702798074,0.6476162771958364,-0.016336406916029,Pipeline/FoldPairs/6c6sD_2ougC/output_AF/AF2_treek100_top10/ShallowMsa_069/6c6sD/tmp_ShallowMsa_069__6c6sD_unrelaxed_rank_001_alphafold2_ptm_model_3_seed_000.pdb,,0.03233877410958563
AF2_treek100_top10,AF2,ShallowMsa_069,2ougC,0.6312798702798074,0.6476162771958364,-0.016336406916029,Pipeline/FoldPairs/6c6sD_2ougC/output_AF/AF2_treek100_top10/ShallowMsa_069/2ougC/tmp_ShallowMsa_069__2ougC_unrelaxed_rank_001_alphafold2_ptm_model_3_seed_000.pdb,,0.029195504548657936
AF2_treek100_top10,AF2,ShallowMsa_070,6c6sD,0.4445030195126665,0.5062568731930952,-0.06175385368042868,Pipeline/FoldPairs/6c6sD_2ougC/output_AF/AF2_treek100_top10/ShallowMsa_070/6c6sD/tmp_ShallowMsa_070__6c6sD_unrelaxed_rank_001_alphafold2_ptm_model_2_seed_000.pdb,,-0.01307867265481405
AF2_treek100_top10,AF2,ShallowMsa_070,2ougC,0.4445030195126665,0.5062568731930952,-0.06175385368042868,Pipeline/FoldPairs/6c6sD_2ougC/output_AF/AF2_treek100_top10/ShallowMsa_070/2ougC/tmp_ShallowMsa_070__2ougC_unrelaxed_rank_001_alphafold2_ptm_model_2_seed_000.pdb,,-0.016221942215741747
AF2_treek100_top10,AF2,ShallowMsa_071,6c6sD,0.43605679660282914,0.5590828010937613,-0.12302600449093215,Pipeline/FoldPairs/6c6sD_2ougC/output_AF/AF2_treek100_top10/ShallowMsa_071/6c6sD/tmp_ShallowMsa_071__6c6sD_unrelaxed_rank_001_alphafold2_ptm_model_4_seed_000.pdb,,-0.07435082346531752
AF2_treek100_top10,AF2,ShallowMsa_071,2ougC,0.43605679660282914,0.5590828010937613,-0.12302600449093215,Pipeline/FoldPairs/6c6sD_2ougC/output_AF/AF2_treek100_top10/ShallowMsa_071/2ougC/tmp_ShallowMsa_071__2ougC_unrelaxed_rank_001_alphafold2_ptm_model_4_seed_000.pdb,,-0.07749409302624521
AF2_treek100_top10,AF2,ShallowMsa_072,6c6sD,0.6756519254810281,0.6629519553479037,0.012699970133124405,Pipeline/FoldPairs/6c6sD_2ougC/output_AF/AF2_treek100_top10/ShallowMsa_072/6c6sD/tmp_ShallowMsa_072__6c6sD_unrelaxed_rank_001_alphafold2_ptm_model_3_seed_000.pdb,,0.06137515115873904
AF2_treek100_top10,AF2,ShallowMsa_072,2ougC,0.6756519254810281,0.6629519553479037,0.012699970133124405,Pipeline/FoldPairs/6c6sD_2ougC/output_AF/AF2_treek100_top10/ShallowMsa_072/2ougC/tmp_ShallowMsa_072__2ougC_unrelaxed_rank_001_alphafold2_ptm_model_3_seed_000.pdb,,0.05823188159781134
AF2_treek100_top10,AF2,ShallowMsa_073,6c6sD,0.393256676808346,0.4549622240981837,-0.06170554728983774,Pipeline/FoldPairs/6c6sD_2ougC/output_AF/AF2_treek100_top10/ShallowMsa_073/6c6sD/tmp_ShallowMsa_073__6c6sD_unrelaxed_rank_001_alphafold2_ptm_model_5_seed_000.pdb,,-0.013030366264223103
AF2_treek100_top10,AF2,ShallowMsa_073,2ougC,0.393256676808346,0.4549622240981837,-0.06170554728983774,Pipeline/FoldPairs/6c6sD_2ougC/output_AF/AF2_treek100_top10/ShallowMsa_073/2ougC/tmp_ShallowMsa_073__2ougC_unrelaxed_rank_001_alphafold2_ptm_model_5_seed_000.pdb,,-0.0161736358251508
AF2_treek100_top10,AF2,ShallowMsa_074,6c6sD,0.562459371418131,0.7285966390641393,-0.16613726764600834,Pipeline/FoldPairs/6c6sD_2ougC/output_AF/AF2_treek100_top10/ShallowMsa_074/6c6sD/tmp_ShallowMsa_074__6c6sD_unrelaxed_rank_001_alphafold2_ptm_model_3_seed_000.pdb,,-0.1174620866203937
AF2_treek100_top10,AF2,ShallowMsa_074,2ougC,0.562459371418131,0.7285966390641393,-0.16613726764600834,Pipeline/FoldPairs/6c6sD_2ougC/output_AF/AF2_treek100_top10/ShallowMsa_074/2ougC/tmp_ShallowMsa_074__2ougC_unrelaxed_rank_001_alphafold2_ptm_model_3_seed_000.pdb,,-0.1206053561813214
AF2_treek100_top10,AF2,ShallowMsa_075,6c6sD,0.5711482205244802,0.5971790297564509,-0.026030809231970653,Pipeline/FoldPairs/6c6sD_2ougC/output_AF/AF2_treek100_top10/ShallowMsa_075/6c6sD/tmp_ShallowMsa_075__6c6sD_unrelaxed_rank_001_alphafold2_ptm_model_1_seed_000.pdb,,0.02264437179364398
AF2_treek100_top10,AF2,ShallowMsa_075,2ougC,0.5711482205244802,0.5971790297564509,-0.026030809231970653,Pipeline/FoldPairs/6c6sD_2ougC/output_AF/AF2_treek100_top10/ShallowMsa_075/2ougC/tmp_ShallowMsa_075__2ougC_unrelaxed_rank_001_alphafold2_ptm_model_1_seed_000.pdb,,0.019501102232716283
AF2_treek100_top10,AF2,ShallowMsa_076,6c6sD,0.5374893927699148,0.5428925632158405,-0.0054031704459256424,Pipeline/FoldPairs/6c6sD_2ougC/output_AF/AF2_treek100_top10/ShallowMsa_076/6c6sD/tmp_ShallowMsa_076__6c6sD_unrelaxed_rank_001_alphafold2_ptm_model_4_seed_000.pdb,,0.04327201057968899
AF2_treek100_top10,AF2,ShallowMsa_076,2ougC,0.5374893927699148,0.5428925632158405,-0.0054031704459256424,Pipeline/FoldPairs/6c6sD_2ougC/output_AF/AF2_treek100_top10/ShallowMsa_076/2ougC/tmp_ShallowMsa_076__2ougC_unrelaxed_rank_001_alphafold2_ptm_model_4_seed_000.pdb,,0.040128741018761294
AF2_treek100_top10,AF2,ShallowMsa_077,6c6sD,0.5169440967765033,0.5096841394407585,0.007259957335744804,Pipeline/FoldPairs/6c6sD_2ougC/output_AF/AF2_treek100_top10/ShallowMsa_077/6c6sD/tmp_ShallowMsa_077__6c6sD_unrelaxed_rank_001_alphafold2_ptm_model_2_seed_000.pdb,,0.05593513836135944
AF2_treek100_top10,AF2,ShallowMsa_077,2ougC,0.5169440967765033,0.5096841394407585,0.007259957335744804,Pipeline/FoldPairs/6c6sD_2ougC/output_AF/AF2_treek100_top10/ShallowMsa_077/2ougC/tmp_ShallowMsa_077__2ougC_unrelaxed_rank_001_alphafold2_ptm_model_2_seed_000.pdb,,0.05279186880043174
AF2_treek100_top10,AF2,ShallowMsa_078,6c6sD,0.4331769357650081,0.5528046895570208,-0.11962775379201268,Pipeline/FoldPairs/6c6sD_2ougC/output_AF/AF2_treek100_top10/ShallowMsa_078/6c6sD/tmp_ShallowMsa_078__6c6sD_unrelaxed_rank_001_alphafold2_ptm_model_5_seed_000.pdb,,-0.07095257276639805
AF2_treek100_top10,AF2,ShallowMsa_078,2ougC,0.4331769357650081,0.5528046895570208,-0.11962775379201268,Pipeline/FoldPairs/6c6sD_2ougC/output_AF/AF2_treek100_top10/ShallowMsa_078/2ougC/tmp_ShallowMsa_078__2ougC_unrelaxed_rank_001_alphafold2_ptm_model_5_seed_000.pdb,,-0.07409584232732574
AF2_treek100_top10,AF2,ShallowMsa_079,6c6sD,0.5874699113094708,0.6005092167440845,-0.013039305434613735,Pipeline/FoldPairs/6c6sD_2ougC/output_AF/AF2_treek100_top10/ShallowMsa_079/6c6sD/tmp_ShallowMsa_079__6c6sD_unrelaxed_rank_001_alphafold2_ptm_model_4_seed_000.pdb,,0.0356358755910009
AF2_treek100_top10,AF2,ShallowMsa_079,2ougC,0.5874699113094708,0.6005092167440845,-0.013039305434613735,Pipeline/FoldPairs/6c6sD_2ougC/output_AF/AF2_treek100_top10/ShallowMsa_079/2ougC/tmp_ShallowMsa_079__2ougC_unrelaxed_rank_001_alphafold2_ptm_model_4_seed_000.pdb,,0.0324926060300732
AF2_treek100_top10,AF2,ShallowMsa_080,6c6sD,0.4442299222665981,0.4954869171803003,-0.051256994913702225,Pipeline/FoldPairs/6c6sD_2ougC/output_AF/AF2_treek100_top10/ShallowMsa_080/6c6sD/tmp_ShallowMsa_080__6c6sD_unrelaxed_rank_001_alphafold2_ptm_model_3_seed_000.pdb,,-0.002581813888087592
AF2_treek100_top10,AF2,ShallowMsa_080,2ougC,0.4442299222665981,0.4954869171803003,-0.051256994913702225,Pipeline/FoldPairs/6c6sD_2ougC/output_AF/AF2_treek100_top10/ShallowMsa_080/2ougC/tmp_ShallowMsa_080__2ougC_unrelaxed_rank_001_alphafold2_ptm_model_3_seed_000.pdb,,-0.005725083449015289
AF2_treek100_top10,AF2,ShallowMsa_081,6c6sD,0.6151769158830047,0.6521857520795041,-0.03700883619649942,Pipeline/FoldPairs/6c6sD_2ougC/output_AF/AF2_treek100_top10/ShallowMsa_081/6c6sD/tmp_ShallowMsa_081__6c6sD_unrelaxed_rank_001_alphafold2_ptm_model_5_seed_000.pdb,,0.011666344829115216
AF2_treek100_top10,AF2,ShallowMsa_081,2ougC,0.6151769158830047,0.6521857520795041,-0.03700883619649942,Pipeline/FoldPairs/6c6sD_2ougC/output_AF/AF2_treek100_top10/ShallowMsa_081/2ougC/tmp_ShallowMsa_081__2ougC_unrelaxed_rank_001_alphafold2_ptm_model_5_seed_000.pdb,,0.008523075268187519
AF2_treek100_top10,AF2,ShallowMsa_082,6c6sD,0.3787817322639231,0.4364152891167005,-0.057633556852777434,Pipeline/FoldPairs/6c6sD_2ougC/output_AF/AF2_treek100_top10/ShallowMsa_082/6c6sD/tmp_ShallowMsa_082__6c6sD_unrelaxed_rank_001_alphafold2_ptm_model_5_seed_000.pdb,,-0.008958375827162801
AF2_treek100_top10,AF2,ShallowMsa_082,2ougC,0.3787817322639231,0.4364152891167005,-0.057633556852777434,Pipeline/FoldPairs/6c6sD_2ougC/output_AF/AF2_treek100_top10/ShallowMsa_082/2ougC/tmp_ShallowMsa_082__2ougC_unrelaxed_rank_001_alphafold2_ptm_model_5_seed_000.pdb,,-0.012101645388090498
AF2_treek100_top10,AF2,ShallowMsa_083,6c6sD,0.4322391877413931,0.5754851539989309,-0.14324596625753777,Pipeline/FoldPairs/6c6sD_2ougC/output_AF/AF2_treek100_top10/ShallowMsa_083/6c6sD/tmp_ShallowMsa_083__6c6sD_unrelaxed_rank_001_alphafold2_ptm_model_4_seed_000.pdb,,-0.09457078523192314
AF2_treek100_top10,AF2,ShallowMsa_083,2ougC,0.4385234019062271,0.548337382877221,-0.10981398097099393,Pipeline/FoldPairs/6c6sD_2ougC/output_AF/AF2_treek100_top10/ShallowMsa_083/2ougC/tmp_ShallowMsa_083__2ougC_unrelaxed_rank_001_alphafold2_ptm_model_3_seed_000.pdb,,-0.064282069506307
AF2_treek100_top10,AF2,ShallowMsa_084,6c6sD,0.40355667074759366,0.4407463049213689,-0.03718963417377524,Pipeline/FoldPairs/6c6sD_2ougC/output_AF/AF2_treek100_top10/ShallowMsa_084/6c6sD/tmp_ShallowMsa_084__6c6sD_unrelaxed_rank_001_alphafold2_ptm_model_3_seed_000.pdb,,0.01148554685183939
AF2_treek100_top10,AF2,ShallowMsa_084,2ougC,0.40355667074759366,0.4407463049213689,-0.03718963417377524,Pipeline/FoldPairs/6c6sD_2ougC/output_AF/AF2_treek100_top10/ShallowMsa_084/2ougC/tmp_ShallowMsa_084__2ougC_unrelaxed_rank_001_alphafold2_ptm_model_3_seed_000.pdb,,0.008342277290911693
AF2_treek100_top10,AF2,ShallowMsa_085,6c6sD,0.5534749621510564,0.6665895649544571,-0.11311460280340069,Pipeline/FoldPairs/6c6sD_2ougC/output_AF/AF2_treek100_top10/ShallowMsa_085/6c6sD/tmp_ShallowMsa_085__6c6sD_unrelaxed_rank_001_alphafold2_ptm_model_5_seed_000.pdb,,-0.06443942177778605
AF2_treek100_top10,AF2,ShallowMsa_085,2ougC,0.5534749621510564,0.6665895649544571,-0.11311460280340069,Pipeline/FoldPairs/6c6sD_2ougC/output_AF/AF2_treek100_top10/ShallowMsa_085/2ougC/tmp_ShallowMsa_085__2ougC_unrelaxed_rank_001_alphafold2_ptm_model_5_seed_000.pdb,,-0.06758269133871375
AF2_treek100_top10,AF2,ShallowMsa_086,6c6sD,0.24514223976707156,0.35212079810622005,-0.10697855833914849,Pipeline/FoldPairs/6c6sD_2ougC/output_AF/AF2_treek100_top10/ShallowMsa_086/6c6sD/tmp_ShallowMsa_086__6c6sD_unrelaxed_rank_001_alphafold2_ptm_model_3_seed_000.pdb,,-0.058303377313533855
AF2_treek100_top10,AF2,ShallowMsa_086,2ougC,0.24514223976707156,0.35212079810622005,-0.10697855833914849,Pipeline/FoldPairs/6c6sD_2ougC/output_AF/AF2_treek100_top10/ShallowMsa_086/2ougC/tmp_ShallowMsa_086__2ougC_unrelaxed_rank_001_alphafold2_ptm_model_3_seed_000.pdb,,-0.06144664687446155
AF2_treek100_top10,AF2,ShallowMsa_087,6c6sD,0.2304656098166471,0.33716919043098803,-0.10670358061434093,Pipeline/FoldPairs/6c6sD_2ougC/output_AF/AF2_treek100_top10/ShallowMsa_087/6c6sD/tmp_ShallowMsa_087__6c6sD_unrelaxed_rank_001_alphafold2_ptm_model_3_seed_000.pdb,,-0.0580283995887263
AF2_treek100_top10,AF2,ShallowMsa_087,2ougC,0.2304656098166471,0.33716919043098803,-0.10670358061434093,Pipeline/FoldPairs/6c6sD_2ougC/output_AF/AF2_treek100_top10/ShallowMsa_087/2ougC/tmp_ShallowMsa_087__2ougC_unrelaxed_rank_001_alphafold2_ptm_model_3_seed_000.pdb,,-0.061171669149653995
AF2_treek100_top10,AF2,ShallowMsa_088,6c6sD,0.7768869573879096,0.8436725259574199,-0.06678556856951035,Pipeline/FoldPairs/6c6sD_2ougC/output_AF/AF2_treek100_top10/ShallowMsa_088/6c6sD/tmp_ShallowMsa_088__6c6sD_unrelaxed_rank_001_alphafold2_ptm_model_3_seed_000.pdb,,-0.018110387543895712
AF2_treek100_top10,AF2,ShallowMsa_088,2ougC,0.7768869573879096,0.8436725259574199,-0.06678556856951035,Pipeline/FoldPairs/6c6sD_2ougC/output_AF/AF2_treek100_top10/ShallowMsa_088/2ougC/tmp_ShallowMsa_088__2ougC_unrelaxed_rank_001_alphafold2_ptm_model_3_seed_000.pdb,,-0.02125365710482341
AF2_treek100_top10,AF2,ShallowMsa_089,6c6sD,0.34339171676990093,0.36768214319006004,-0.024290426420159106,Pipeline/FoldPairs/6c6sD_2ougC/output_AF/AF2_treek100_top10/ShallowMsa_089/6c6sD/tmp_ShallowMsa_089__6c6sD_unrelaxed_rank_001_alphafold2_ptm_model_1_seed_000.pdb,,0.024384754605455528
AF2_treek100_top10,AF2,ShallowMsa_089,2ougC,0.34339171676990093,0.36768214319006004,-0.024290426420159106,Pipeline/FoldPairs/6c6sD_2ougC/output_AF/AF2_treek100_top10/ShallowMsa_089/2ougC/tmp_ShallowMsa_089__2ougC_unrelaxed_rank_001_alphafold2_ptm_model_1_seed_000.pdb,,0.02124148504452783
AF2_treek100_top10,AF2,ShallowMsa_090,6c6sD,0.43985869209053396,0.41922768638874097,0.020631005701792993,Pipeline/FoldPairs/6c6sD_2ougC/output_AF/AF2_treek100_top10/ShallowMsa_090/6c6sD/tmp_ShallowMsa_090__6c6sD_unrelaxed_rank_001_alphafold2_ptm_model_3_seed_000.pdb,,0.06930618672740763
AF2_treek100_top10,AF2,ShallowMsa_090,2ougC,0.43985869209053396,0.41922768638874097,0.020631005701792993,Pipeline/FoldPairs/6c6sD_2ougC/output_AF/AF2_treek100_top10/ShallowMsa_090/2ougC/tmp_ShallowMsa_090__2ougC_unrelaxed_rank_001_alphafold2_ptm_model_3_seed_000.pdb,,0.06616291716647993
AF2_treek100_top10,AF2,ShallowMsa_091,6c6sD,0.6971063013734261,0.7235077935408287,-0.026401492167402618,Pipeline/FoldPairs/6c6sD_2ougC/output_AF/AF2_treek100_top10/ShallowMsa_091/6c6sD/tmp_ShallowMsa_091__6c6sD_unrelaxed_rank_001_alphafold2_ptm_model_3_seed_000.pdb,,0.022273688858212015
AF2_treek100_top10,AF2,ShallowMsa_091,2ougC,0.6971063013734261,0.7235077935408287,-0.026401492167402618,Pipeline/FoldPairs/6c6sD_2ougC/output_AF/AF2_treek100_top10/ShallowMsa_091/2ougC/tmp_ShallowMsa_091__2ougC_unrelaxed_rank_001_alphafold2_ptm_model_3_seed_000.pdb,,0.019130419297284318
AF2_treek100_top10,AF2,ShallowMsa_092,6c6sD,0.2694250386778829,0.2355725478709582,0.033852490806924734,Pipeline/FoldPairs/6c6sD_2ougC/output_AF/AF2_treek100_top10/ShallowMsa_092/6c6sD/tmp_ShallowMsa_092__6c6sD_unrelaxed_rank_001_alphafold2_ptm_model_1_seed_000.pdb,,0.08252767183253937
AF2_treek100_top10,AF2,ShallowMsa_092,2ougC,0.2694250386778829,0.2355725478709582,0.033852490806924734,Pipeline/FoldPairs/6c6sD_2ougC/output_AF/AF2_treek100_top10/ShallowMsa_092/2ougC/tmp_ShallowMsa_092__2ougC_unrelaxed_rank_001_alphafold2_ptm_model_1_seed_000.pdb,,0.07938440227161167
AF2_treek100_top10,AF2,ShallowMsa_093,6c6sD,0.47875005333139803,0.5492659348309453,-0.0705158814995473,Pipeline/FoldPairs/6c6sD_2ougC/output_AF/AF2_treek100_top10/ShallowMsa_093/6c6sD/tmp_ShallowMsa_093__6c6sD_unrelaxed_rank_001_alphafold2_ptm_model_2_seed_000.pdb,,-0.02184070047393266
AF2_treek100_top10,AF2,ShallowMsa_093,2ougC,0.47875005333139803,0.5492659348309453,-0.0705158814995473,Pipeline/FoldPairs/6c6sD_2ougC/output_AF/AF2_treek100_top10/ShallowMsa_093/2ougC/tmp_ShallowMsa_093__2ougC_unrelaxed_rank_001_alphafold2_ptm_model_2_seed_000.pdb,,-0.02498397003486036
AF2_treek100_top10,AF2,ShallowMsa_094,6c6sD,0.4096107145492615,0.44621382842309887,-0.036603113873837356,Pipeline/FoldPairs/6c6sD_2ougC/output_AF/AF2_treek100_top10/ShallowMsa_094/6c6sD/tmp_ShallowMsa_094__6c6sD_unrelaxed_rank_001_alphafold2_ptm_model_2_seed_000.pdb,,0.012072067151777277
AF2_treek100_top10,AF2,ShallowMsa_094,2ougC,0.4096107145492615,0.44621382842309887,-0.036603113873837356,Pipeline/FoldPairs/6c6sD_2ougC/output_AF/AF2_treek100_top10/ShallowMsa_094/2ougC/tmp_ShallowMsa_094__2ougC_unrelaxed_rank_001_alphafold2_ptm_model_2_seed_000.pdb,,0.00892879759084958
AF2_treek100_top10,AF2,ShallowMsa_095,6c6sD,0.2955430624336929,0.28550591787046936,0.010037144563223521,Pipeline/FoldPairs/6c6sD_2ougC/output_AF/AF2_treek100_top10/ShallowMsa_095/6c6sD/tmp_ShallowMsa_095__6c6sD_unrelaxed_rank_001_alphafold2_ptm_model_5_seed_000.pdb,,0.058712325588838155
AF2_treek100_top10,AF2,ShallowMsa_095,2ougC,0.2955430624336929,0.28550591787046936,0.010037144563223521,Pipeline/FoldPairs/6c6sD_2ougC/output_AF/AF2_treek100_top10/ShallowMsa_095/2ougC/tmp_ShallowMsa_095__2ougC_unrelaxed_rank_001_alphafold2_ptm_model_5_seed_000.pdb,,0.05556905602791046
AF2_treek100_top10,AF2,ShallowMsa_096,6c6sD,0.5278969599389537,0.5909007340981212,-0.06300377415916747,Pipeline/FoldPairs/6c6sD_2ougC/output_AF/AF2_treek100_top10/ShallowMsa_096/6c6sD/tmp_ShallowMsa_096__6c6sD_unrelaxed_rank_001_alphafold2_ptm_model_3_seed_000.pdb,,-0.014328593133552836
AF2_treek100_top10,AF2,ShallowMsa_096,2ougC,0.5278969599389537,0.5909007340981212,-0.06300377415916747,Pipeline/FoldPairs/6c6sD_2ougC/output_AF/AF2_treek100_top10/ShallowMsa_096/2ougC/tmp_ShallowMsa_096__2ougC_unrelaxed_rank_001_alphafold2_ptm_model_3_seed_000.pdb,,-0.017471862694480533
AF2_treek100_top10,AF2,ShallowMsa_097,6c6sD,0.3156604001146475,0.40205709124106076,-0.08639669112641324,Pipeline/FoldPairs/6c6sD_2ougC/output_AF/AF2_treek100_top10/ShallowMsa_097/6c6sD/tmp_ShallowMsa_097__6c6sD_unrelaxed_rank_001_alphafold2_ptm_model_4_seed_000.pdb,,-0.037721510100798605
AF2_treek100_top10,AF2,ShallowMsa_097,2ougC,0.3156604001146475,0.40205709124106076,-0.08639669112641324,Pipeline/FoldPairs/6c6sD_2ougC/output_AF/AF2_treek100_top10/ShallowMsa_097/2ougC/tmp_ShallowMsa_097__2ougC_unrelaxed_rank_001_alphafold2_ptm_model_4_seed_000.pdb,,-0.0408647796617263
AF2_treek100_top10,AF2,ShallowMsa_098,6c6sD,0.45521719465059257,0.5041661371835304,-0.048948942532937856,Pipeline/FoldPairs/6c6sD_2ougC/output_AF/AF2_treek100_top10/ShallowMsa_098/6c6sD/tmp_ShallowMsa_098__6c6sD_unrelaxed_rank_001_alphafold2_ptm_model_4_seed_000.pdb,,-0.00027376150732322246
AF2_treek100_top10,AF2,ShallowMsa_098,2ougC,0.45521719465059257,0.5041661371835304,-0.048948942532937856,Pipeline/FoldPairs/6c6sD_2ougC/output_AF/AF2_treek100_top10/ShallowMsa_098/2ougC/tmp_ShallowMsa_098__2ougC_unrelaxed_rank_001_alphafold2_ptm_model_4_seed_000.pdb,,-0.0034170310682509197
AF2_treek100_top10,AF2,ShallowMsa_099,6c6sD,0.4181528987139344,0.4930168471318389,-0.0748639484179045,Pipeline/FoldPairs/6c6sD_2ougC/output_AF/AF2_treek100_top10/ShallowMsa_099/6c6sD/tmp_ShallowMsa_099__6c6sD_unrelaxed_rank_001_alphafold2_ptm_model_3_seed_000.pdb,,-0.02618876739228987
AF2_treek100_top10,AF2,ShallowMsa_099,2ougC,0.4181528987139344,0.4930168471318389,-0.0748639484179045,Pipeline/FoldPairs/6c6sD_2ougC/output_AF/AF2_treek100_top10/ShallowMsa_099/2ougC/tmp_ShallowMsa_099__2ougC_unrelaxed_rank_001_alphafold2_ptm_model_3_seed_000.pdb,,-0.029332036953217566
AF3_treek100_top10,AF3,ShallowMsa_000,6c6sD,0.555238576986153,0.6495798344443234,-0.09434125745817046,Pipeline/FoldPairs/6c6sD_2ougC/output_AF/AF3_treek100_top10/ShallowMsa_000/6c6sD/tmp_ShallowMsa_000__6c6sD_first/tmp_ShallowMsa_000__6c6sD_first_rank1_model.pdb,,-0.05246843611246024
AF3_treek100_top10,AF3,ShallowMsa_000,2ougC,0.555238576986153,0.6495798344443234,-0.09434125745817046,Pipeline/FoldPairs/6c6sD_2ougC/output_AF/AF3_treek100_top10/ShallowMsa_000/2ougC/tmp_ShallowMsa_000__2ougC_first/tmp_ShallowMsa_000__2ougC_first_rank1_model.pdb,,-0.05841835343062646
AF3_treek100_top10,AF3,ShallowMsa_001,6c6sD,0.5529656953402506,0.6066797338926385,-0.05371403855238788,Pipeline/FoldPairs/6c6sD_2ougC/output_AF/AF3_treek100_top10/ShallowMsa_001/6c6sD/tmp_ShallowMsa_001__6c6sD_first/tmp_ShallowMsa_001__6c6sD_first_rank1_model.pdb,,-0.011841217206677662
AF3_treek100_top10,AF3,ShallowMsa_001,2ougC,0.5529727529809195,0.6066932255632619,-0.05372047258234236,Pipeline/FoldPairs/6c6sD_2ougC/output_AF/AF3_treek100_top10/ShallowMsa_001/2ougC/tmp_ShallowMsa_001__2ougC_first/tmp_ShallowMsa_001__2ougC_first_rank1_model.pdb,,-0.01779756855479836
AF3_treek100_top10,AF3,ShallowMsa_002,6c6sD,0.6137957771004693,0.7246790834533746,-0.11088330635290533,Pipeline/FoldPairs/6c6sD_2ougC/output_AF/AF3_treek100_top10/ShallowMsa_002/6c6sD/tmp_ShallowMsa_002__6c6sD_first/tmp_ShallowMsa_002__6c6sD_first_rank1_model.pdb,,-0.06901048500719512
AF3_treek100_top10,AF3,ShallowMsa_002,2ougC,0.6137957771004693,0.7246790834533746,-0.11088330635290533,Pipeline/FoldPairs/6c6sD_2ougC/output_AF/AF3_treek100_top10/ShallowMsa_002/2ougC/tmp_ShallowMsa_002__2ougC_first/tmp_ShallowMsa_002__2ougC_first_rank1_model.pdb,,-0.07496040232536133
AF3_treek100_top10,AF3,ShallowMsa_003,6c6sD,0.2924205477526315,0.3479310572108976,-0.05551050945826613,Pipeline/FoldPairs/6c6sD_2ougC/output_AF/AF3_treek100_top10/ShallowMsa_003/6c6sD/tmp_ShallowMsa_003__6c6sD_first/tmp_ShallowMsa_003__6c6sD_first_rank1_model.pdb,,-0.013637688112555918
AF3_treek100_top10,AF3,ShallowMsa_003,2ougC,0.2924205477526315,0.3479310572108976,-0.05551050945826613,Pipeline/FoldPairs/6c6sD_2ougC/output_AF/AF3_treek100_top10/ShallowMsa_003/2ougC/tmp_ShallowMsa_003__2ougC_first/tmp_ShallowMsa_003__2ougC_first_rank1_model.pdb,,-0.019587605430722133
AF3_treek100_top10,AF3,ShallowMsa_004,6c6sD,0.6108728445734966,0.9009220392493862,-0.29004919467588963,Pipeline/FoldPairs/6c6sD_2ougC/output_AF/AF3_treek100_top10/ShallowMsa_004/6c6sD/tmp_ShallowMsa_004__6c6sD_first/tmp_ShallowMsa_004__6c6sD_first_rank1_model.pdb,,-0.24817637333017942
AF3_treek100_top10,AF3,ShallowMsa_004,2ougC,0.6108728445734966,0.9009220392493862,-0.29004919467588963,Pipeline/FoldPairs/6c6sD_2ougC/output_AF/AF3_treek100_top10/ShallowMsa_004/2ougC/tmp_ShallowMsa_004__2ougC_first/tmp_ShallowMsa_004__2ougC_first_rank1_model.pdb,,-0.25412629064834563
AF3_treek100_top10,AF3,ShallowMsa_005,6c6sD,0.6576792513122085,0.7301502789324684,-0.07247102762025992,Pipeline/FoldPairs/6c6sD_2ougC/output_AF/AF3_treek100_top10/ShallowMsa_005/6c6sD/tmp_ShallowMsa_005__6c6sD_first/tmp_ShallowMsa_005__6c6sD_first_rank1_model.pdb,,-0.030598206274549705
AF3_treek100_top10,AF3,ShallowMsa_005,2ougC,0.6576792513122085,0.7301502789324684,-0.07247102762025992,Pipeline/FoldPairs/6c6sD_2ougC/output_AF/AF3_treek100_top10/ShallowMsa_005/2ougC/tmp_ShallowMsa_005__2ougC_first/tmp_ShallowMsa_005__2ougC_first_rank1_model.pdb,,-0.03654812359271592
AF3_treek100_top10,AF3,ShallowMsa_006,6c6sD,0.689901894195171,0.7486590306431928,-0.05875713644802183,Pipeline/FoldPairs/6c6sD_2ougC/output_AF/AF3_treek100_top10/ShallowMsa_006/6c6sD/tmp_ShallowMsa_006__6c6sD_first/tmp_ShallowMsa_006__6c6sD_first_rank1_model.pdb,,-0.016884315102311614
AF3_treek100_top10,AF3,ShallowMsa_006,2ougC,0.689901894195171,0.7486590306431928,-0.05875713644802183,Pipeline/FoldPairs/6c6sD_2ougC/output_AF/AF3_treek100_top10/ShallowMsa_006/2ougC/tmp_ShallowMsa_006__2ougC_first/tmp_ShallowMsa_006__2ougC_first_rank1_model.pdb,,-0.02283423242047783
AF3_treek100_top10,AF3,ShallowMsa_007,6c6sD,0.8483019592439223,0.7624775039752684,0.0858244552686539,Pipeline/FoldPairs/6c6sD_2ougC/output_AF/AF3_treek100_top10/ShallowMsa_007/6c6sD/tmp_ShallowMsa_007__6c6sD_first/tmp_ShallowMsa_007__6c6sD_first_rank1_model.pdb,,0.1276972766143641
AF3_treek100_top10,AF3,ShallowMsa_007,2ougC,0.8483019592439223,0.7624775039752684,0.0858244552686539,Pipeline/FoldPairs/6c6sD_2ougC/output_AF/AF3_treek100_top10/ShallowMsa_007/2ougC/tmp_ShallowMsa_007__2ougC_first/tmp_ShallowMsa_007__2ougC_first_rank1_model.pdb,,0.1217473592961979
AF3_treek100_top10,AF3,ShallowMsa_008,6c6sD,0.7434304220351877,0.7687914570677747,-0.02536103503258702,Pipeline/FoldPairs/6c6sD_2ougC/output_AF/AF3_treek100_top10/ShallowMsa_008/6c6sD/tmp_ShallowMsa_008__6c6sD_first/tmp_ShallowMsa_008__6c6sD_first_rank1_model.pdb,,0.016511786313123195
AF3_treek100_top10,AF3,ShallowMsa_008,2ougC,0.7434304220351877,0.7687914570677747,-0.02536103503258702,Pipeline/FoldPairs/6c6sD_2ougC/output_AF/AF3_treek100_top10/ShallowMsa_008/2ougC/tmp_ShallowMsa_008__2ougC_first/tmp_ShallowMsa_008__2ougC_first_rank1_model.pdb,,0.01056186899495698
AF3_treek100_top10,AF3,ShallowMsa_009,6c6sD,0.6111405395306015,0.6474580605731499,-0.03631752104254837,Pipeline/FoldPairs/6c6sD_2ougC/output_AF/AF3_treek100_top10/ShallowMsa_009/6c6sD/tmp_ShallowMsa_009__6c6sD_first/tmp_ShallowMsa_009__6c6sD_first_rank1_model.pdb,,0.005555300303161842
AF3_treek100_top10,AF3,ShallowMsa_009,2ougC,0.6112545531198769,0.6474711104657637,-0.0362165573458868,Pipeline/FoldPairs/6c6sD_2ougC/output_AF/AF3_treek100_top10/ShallowMsa_009/2ougC/tmp_ShallowMsa_009__2ougC_first/tmp_ShallowMsa_009__2ougC_first_rank1_model.pdb,,-0.0002936533183428014
AF3_treek100_top10,AF3,ShallowMsa_010,6c6sD,0.6077958079788309,0.7323951283751793,-0.12459932039634836,Pipeline/FoldPairs/6c6sD_2ougC/output_AF/AF3_treek100_top10/ShallowMsa_010/6c6sD/tmp_ShallowMsa_010__6c6sD_first/tmp_ShallowMsa_010__6c6sD_first_rank1_model.pdb,,-0.08272649905063814
AF3_treek100_top10,AF3,ShallowMsa_010,2ougC,0.6077958079788309,0.7323951283751793,-0.12459932039634836,Pipeline/FoldPairs/6c6sD_2ougC/output_AF/AF3_treek100_top10/ShallowMsa_010/2ougC/tmp_ShallowMsa_010__2ougC_first/tmp_ShallowMsa_010__2ougC_first_rank1_model.pdb,,-0.08867641636880436
AF3_treek100_top10,AF3,ShallowMsa_011,6c6sD,0.6361536322140372,0.6260293474215421,0.010124284792495053,Pipeline/FoldPairs/6c6sD_2ougC/output_AF/AF3_treek100_top10/ShallowMsa_011/6c6sD/tmp_ShallowMsa_011__6c6sD_first/tmp_ShallowMsa_011__6c6sD_first_rank1_model.pdb,,0.05199710613820527
AF3_treek100_top10,AF3,ShallowMsa_011,2ougC,0.6361536322140372,0.6260293474215421,0.010124284792495053,Pipeline/FoldPairs/6c6sD_2ougC/output_AF/AF3_treek100_top10/ShallowMsa_011/2ougC/tmp_ShallowMsa_011__2ougC_first/tmp_ShallowMsa_011__2ougC_first_rank1_model.pdb,,0.04604718882003905
AF3_treek100_top10,AF3,ShallowMsa_012,6c6sD,0.5781375852120206,0.7625887656154736,-0.18445118040345299,Pipeline/FoldPairs/6c6sD_2ougC/output_AF/AF3_treek100_top10/ShallowMsa_012/6c6sD/tmp_ShallowMsa_012__6c6sD_first/tmp_ShallowMsa_012__6c6sD_first_rank1_model.pdb,,-0.14257835905774277
AF3_treek100_top10,AF3,ShallowMsa_012,2ougC,0.5983026982010974,0.7893570821903994,-0.19105438398930197,Pipeline/FoldPairs/6c6sD_2ougC/output_AF/AF3_treek100_top10/ShallowMsa_012/2ougC/tmp_ShallowMsa_012__2ougC_first/tmp_ShallowMsa_012__2ougC_first_rank1_model.pdb,,-0.15513147996175797
AF3_treek100_top10,AF3,ShallowMsa_013,6c6sD,0.6188185277159328,0.7557522927066895,-0.1369337649907567,Pipeline/FoldPairs/6c6sD_2ougC/output_AF/AF3_treek100_top10/ShallowMsa_013/6c6sD/tmp_ShallowMsa_013__6c6sD_first/tmp_ShallowMsa_013__6c6sD_first_rank1_model.pdb,,-0.0950609436450465
AF3_treek100_top10,AF3,ShallowMsa_013,2ougC,0.6188185277159328,0.7557522927066895,-0.1369337649907567,Pipeline/FoldPairs/6c6sD_2ougC/output_AF/AF3_treek100_top10/ShallowMsa_013/2ougC/tmp_ShallowMsa_013__2ougC_first/tmp_ShallowMsa_013__2ougC_first_rank1_model.pdb,,-0.10101086096321271
AF3_treek100_top10,AF3,ShallowMsa_014,6c6sD,0.6422896715849342,0.6484963471645909,-0.006206675579656706,Pipeline/FoldPairs/6c6sD_2ougC/output_AF/AF3_treek100_top10/ShallowMsa_014/6c6sD/tmp_ShallowMsa_014__6c6sD_first/tmp_ShallowMsa_014__6c6sD_first_rank1_model.pdb,,0.03566614576605351
AF3_treek100_top10,AF3,ShallowMsa_014,2ougC,0.6422896715849342,0.6484963471645909,-0.006206675579656706,Pipeline/FoldPairs/6c6sD_2ougC/output_AF/AF3_treek100_top10/ShallowMsa_014/2ougC/tmp_ShallowMsa_014__2ougC_first/tmp_ShallowMsa_014__2ougC_first_rank1_model.pdb,,0.029716228447887294
AF3_treek100_top10,AF3,ShallowMsa_015,6c6sD,0.5573545990338711,0.6284253617215826,-0.07107076268771151,Pipeline/FoldPairs/6c6sD_2ougC/output_AF/AF3_treek100_top10/ShallowMsa_015/6c6sD/tmp_ShallowMsa_015__6c6sD_first/tmp_ShallowMsa_015__6c6sD_first_rank1_model.pdb,,-0.029197941342001293
AF3_treek100_top10,AF3,ShallowMsa_015,2ougC,0.6197582269913049,0.8945075409704429,-0.27474931397913804,Pipeline/FoldPairs/6c6sD_2ougC/output_AF/AF3_treek100_top10/ShallowMsa_015/2ougC/tmp_ShallowMsa_015__2ougC_first/tmp_ShallowMsa_015__2ougC_first_rank1_model.pdb,,-0.23882640995159404
AF3_treek100_top10,AF3,ShallowMsa_016,6c6sD,0.5776104024329427,0.6292931884921232,-0.05168278605918053,Pipeline/FoldPairs/6c6sD_2ougC/output_AF/AF3_treek100_top10/ShallowMsa_016/6c6sD/tmp_ShallowMsa_016__6c6sD_first/tmp_ShallowMsa_016__6c6sD_first_rank1_model.pdb,,-0.009809964713470315
AF3_treek100_top10,AF3,ShallowMsa_016,2ougC,0.5421042382004865,0.5824558388354094,-0.040351600634922935,Pipeline/FoldPairs/6c6sD_2ougC/output_AF/AF3_treek100_top10/ShallowMsa_016/2ougC/tmp_ShallowMsa_016__2ougC_first/tmp_ShallowMsa_016__2ougC_first_rank1_model.pdb,,-0.004428696607378935
AF3_treek100_top10,AF3,ShallowMsa_017,6c6sD,0.5961243172178844,0.6220588535438649,-0.02593453632598053,Pipeline/FoldPairs/6c6sD_2ougC/output_AF/AF3_treek100_top10/ShallowMsa_017/6c6sD/tmp_ShallowMsa_017__6c6sD_first/tmp_ShallowMsa_017__6c6sD_first_rank1_model.pdb,,0.015938285019729687
AF3_treek100_top10,AF3,ShallowMsa_017,2ougC,0.5961358248416415,0.6220214728561715,-0.02588564801452997,Pipeline/FoldPairs/6c6sD_2ougC/output_AF/AF3_treek100_top10/ShallowMsa_017/2ougC/tmp_ShallowMsa_017__2ougC_first/tmp_ShallowMsa_017__2ougC_first_rank1_model.pdb,,0.010037256013014029
AF3_treek100_top10,AF3,ShallowMsa_018,6c6sD,0.6989234292442583,0.6662247976155181,0.032698631628740205,Pipeline/FoldPairs/6c6sD_2ougC/output_AF/AF3_treek100_top10/ShallowMsa_018/6c6sD/tmp_ShallowMsa_018__6c6sD_first/tmp_ShallowMsa_018__6c6sD_first_rank1_model.pdb,,0.07457145297445042
AF3_treek100_top10,AF3,ShallowMsa_018,2ougC,0.6989234292442583,0.6662247976155181,0.032698631628740205,Pipeline/FoldPairs/6c6sD_2ougC/output_AF/AF3_treek100_top10/ShallowMsa_018/2ougC/tmp_ShallowMsa_018__2ougC_first/tmp_ShallowMsa_018__2ougC_first_rank1_model.pdb,,0.0686215356562842
AF3_treek100_top10,AF3,ShallowMsa_019,6c6sD,0.31865235070533704,0.3764915858412633,-0.05783923513592626,Pipeline/FoldPairs/6c6sD_2ougC/output_AF/AF3_treek100_top10/ShallowMsa_019/6c6sD/tmp_ShallowMsa_019__6c6sD_first/tmp_ShallowMsa_019__6c6sD_first_rank1_model.pdb,,-0.015966413790216044
AF3_treek100_top10,AF3,ShallowMsa_019,2ougC,0.31865235070533704,0.3764915858412633,-0.05783923513592626,Pipeline/FoldPairs/6c6sD_2ougC/output_AF/AF3_treek100_top10/ShallowMsa_019/2ougC/tmp_ShallowMsa_019__2ougC_first/tmp_ShallowMsa_019__2ougC_first_rank1_model.pdb,,-0.02191633110838226
AF3_treek100_top10,AF3,ShallowMsa_020,6c6sD,0.6179308189094713,0.7496591613578322,-0.13172834244836085,Pipeline/FoldPairs/6c6sD_2ougC/output_AF/AF3_treek100_top10/ShallowMsa_020/6c6sD/tmp_ShallowMsa_020__6c6sD_first/tmp_ShallowMsa_020__6c6sD_first_rank1_model.pdb,,-0.08985552110265063
AF3_treek100_top10,AF3,ShallowMsa_020,2ougC,0.6179308189094713,0.7496591613578322,-0.13172834244836085,Pipeline/FoldPairs/6c6sD_2ougC/output_AF/AF3_treek100_top10/ShallowMsa_020/2ougC/tmp_ShallowMsa_020__2ougC_first/tmp_ShallowMsa_020__2ougC_first_rank1_model.pdb,,-0.09580543842081685
AF3_treek100_top10,AF3,ShallowMsa_021,6c6sD,0.640759843399418,0.6327073917567471,0.008052451642670988,Pipeline/FoldPairs/6c6sD_2ougC/output_AF/AF3_treek100_top10/ShallowMsa_021/6c6sD/tmp_ShallowMsa_021__6c6sD_first/tmp_ShallowMsa_021__6c6sD_first_rank1_model.pdb,,0.0499252729883812
AF3_treek100_top10,AF3,ShallowMsa_021,2ougC,0.640759843399418,0.6327073917567471,0.008052451642670988,Pipeline/FoldPairs/6c6sD_2ougC/output_AF/AF3_treek100_top10/ShallowMsa_021/2ougC/tmp_ShallowMsa_021__2ougC_first/tmp_ShallowMsa_021__2ougC_first_rank1_model.pdb,,0.04397535567021499
AF3_treek100_top10,AF3,ShallowMsa_022,6c6sD,0.5554491806006719,0.5846097203480946,-0.02916053974742261,Pipeline/FoldPairs/6c6sD_2ougC/output_AF/AF3_treek100_top10/ShallowMsa_022/6c6sD/tmp_ShallowMsa_022__6c6sD_first/tmp_ShallowMsa_022__6c6sD_first_rank1_model.pdb,,0.012712281598287606
AF3_treek100_top10,AF3,ShallowMsa_022,2ougC,0.5554491806006719,0.5846097203480946,-0.02916053974742261,Pipeline/FoldPairs/6c6sD_2ougC/output_AF/AF3_treek100_top10/ShallowMsa_022/2ougC/tmp_ShallowMsa_022__2ougC_first/tmp_ShallowMsa_022__2ougC_first_rank1_model.pdb,,0.006762364280121391
AF3_treek100_top10,AF3,ShallowMsa_023,6c6sD,0.5948766592699762,0.6116347776715665,-0.01675811840159025,Pipeline/FoldPairs/6c6sD_2ougC/output_AF/AF3_treek100_top10/ShallowMsa_023/6c6sD/tmp_ShallowMsa_023__6c6sD_first/tmp_ShallowMsa_023__6c6sD_first_rank1_model.pdb,,0.025114702944119965
AF3_treek100_top10,AF3,ShallowMsa_023,2ougC,0.5948766592699762,0.6116347776715665,-0.01675811840159025,Pipeline/FoldPairs/6c6sD_2ougC/output_AF/AF3_treek100_top10/ShallowMsa_023/2ougC/tmp_ShallowMsa_023__2ougC_first/tmp_ShallowMsa_023__2ougC_first_rank1_model.pdb,,0.01916478562595375
AF3_treek100_top10,AF3,ShallowMsa_024,6c6sD,0.569018903266884,0.7371279073187086,-0.1681090040518246,Pipeline/FoldPairs/6c6sD_2ougC/output_AF/AF3_treek100_top10/ShallowMsa_024/6c6sD/tmp_ShallowMsa_024__6c6sD_first/tmp_ShallowMsa_024__6c6sD_first_rank1_model.pdb,,-0.1262361827061144
AF3_treek100_top10,AF3,ShallowMsa_024,2ougC,0.6272601728151564,0.8176314941159608,-0.19037132130080436,Pipeline/FoldPairs/6c6sD_2ougC/output_AF/AF3_treek100_top10/ShallowMsa_024/2ougC/tmp_ShallowMsa_024__2ougC_first/tmp_ShallowMsa_024__2ougC_first_rank1_model.pdb,,-0.15444841727326036
AF3_treek100_top10,AF3,ShallowMsa_025,6c6sD,0.62942674691557,0.6765736448014085,-0.04714689788583848,Pipeline/FoldPairs/6c6sD_2ougC/output_AF/AF3_treek100_top10/ShallowMsa_025/6c6sD/tmp_ShallowMsa_025__6c6sD_first/tmp_ShallowMsa_025__6c6sD_first_rank1_model.pdb,,-0.005274076540128264
AF3_treek100_top10,AF3,ShallowMsa_025,2ougC,0.62942674691557,0.6765736448014085,-0.04714689788583848,Pipeline/FoldPairs/6c6sD_2ougC/output_AF/AF3_treek100_top10/ShallowMsa_025/2ougC/tmp_ShallowMsa_025__2ougC_first/tmp_ShallowMsa_025__2ougC_first_rank1_model.pdb,,-0.011223993858294479
AF3_treek100_top10,AF3,ShallowMsa_026,6c6sD,0.8289856477483502,0.7568401928070971,0.07214545494125302,Pipeline/FoldPairs/6c6sD_2ougC/output_AF/AF3_treek100_top10/ShallowMsa_026/6c6sD/tmp_ShallowMsa_026__6c6sD_first/tmp_ShallowMsa_026__6c6sD_first_rank1_model.pdb,,0.11401827628696323
AF3_treek100_top10,AF3,ShallowMsa_026,2ougC,0.8289856477483502,0.7568401928070971,0.07214545494125302,Pipeline/FoldPairs/6c6sD_2ougC/output_AF/AF3_treek100_top10/ShallowMsa_026/2ougC/tmp_ShallowMsa_026__2ougC_first/tmp_ShallowMsa_026__2ougC_first_rank1_model.pdb,,0.10806835896879702
AF3_treek100_top10,AF3,ShallowMsa_027,6c6sD,0.8129030326990097,0.7227869834609693,0.0901160492380404,Pipeline/FoldPairs/6c6sD_2ougC/output_AF/AF3_treek100_top10/ShallowMsa_027/6c6sD/tmp_ShallowMsa_027__6c6sD_first/tmp_ShallowMsa_027__6c6sD_first_rank1_model.pdb,,0.1319888705837506
AF3_treek100_top10,AF3,ShallowMsa_027,2ougC,0.8129030326990097,0.7227869834609693,0.0901160492380404,Pipeline/FoldPairs/6c6sD_2ougC/output_AF/AF3_treek100_top10/ShallowMsa_027/2ougC/tmp_ShallowMsa_027__2ougC_first/tmp_ShallowMsa_027__2ougC_first_rank1_model.pdb,,0.1260389532655844
AF3_treek100_top10,AF3,ShallowMsa_028,6c6sD,0.3818116101055707,0.3832377649852647,-0.0014261548796939971,Pipeline/FoldPairs/6c6sD_2ougC/output_AF/AF3_treek100_top10/ShallowMsa_028/6c6sD/tmp_ShallowMsa_028__6c6sD_first/tmp_ShallowMsa_028__6c6sD_first_rank1_model.pdb,,0.04044666646601622
AF3_treek100_top10,AF3,ShallowMsa_028,2ougC,0.3818116101055707,0.3832377649852647,-0.0014261548796939971,Pipeline/FoldPairs/6c6sD_2ougC/output_AF/AF3_treek100_top10/ShallowMsa_028/2ougC/tmp_ShallowMsa_028__2ougC_first/tmp_ShallowMsa_028__2ougC_first_rank1_model.pdb,,0.03449674914785
AF3_treek100_top10,AF3,ShallowMsa_029,6c6sD,0.8594489071394777,0.7806877257436108,0.07876118139586696,Pipeline/FoldPairs/6c6sD_2ougC/output_AF/AF3_treek100_top10/ShallowMsa_029/6c6sD/tmp_ShallowMsa_029__6c6sD_first/tmp_ShallowMsa_029__6c6sD_first_rank1_model.pdb,,0.12063400274157718
AF3_treek100_top10,AF3,ShallowMsa_029,2ougC,0.8594489071394777,0.7806877257436108,0.07876118139586696,Pipeline/FoldPairs/6c6sD_2ougC/output_AF/AF3_treek100_top10/ShallowMsa_029/2ougC/tmp_ShallowMsa_029__2ougC_first/tmp_ShallowMsa_029__2ougC_first_rank1_model.pdb,,0.11468408542341096
AF3_treek100_top10,AF3,ShallowMsa_030,6c6sD,0.462898174035748,0.4636178228855505,-0.0007196488498024678,Pipeline/FoldPairs/6c6sD_2ougC/output_AF/AF3_treek100_top10/ShallowMsa_030/6c6sD/tmp_ShallowMsa_030__6c6sD_first/tmp_ShallowMsa_030__6c6sD_first_rank1_model.pdb,,0.04115317249590775
AF3_treek100_top10,AF3,ShallowMsa_030,2ougC,0.462898174035748,0.4636178228855505,-0.0007196488498024678,Pipeline/FoldPairs/6c6sD_2ougC/output_AF/AF3_treek100_top10/ShallowMsa_030/2ougC/tmp_ShallowMsa_030__2ougC_first/tmp_ShallowMsa_030__2ougC_first_rank1_model.pdb,,0.03520325517774153
AF3_treek100_top10,AF3,ShallowMsa_031,6c6sD,0.5241255933175442,0.7862002576876849,-0.2620746643701407,Pipeline/FoldPairs/6c6sD_2ougC/output_AF/AF3_treek100_top10/ShallowMsa_031/6c6sD/tmp_ShallowMsa_031__6c6sD_first/tmp_ShallowMsa_031__6c6sD_first_rank1_model.pdb,,-0.2202018430244305
AF3_treek100_top10,AF3,ShallowMsa_031,2ougC,0.5951822766708259,0.8657499992858547,-0.2705677226150288,Pipeline/FoldPairs/6c6sD_2ougC/output_AF/AF3_treek100_top10/ShallowMsa_031/2ougC/tmp_ShallowMsa_031__2ougC_first/tmp_ShallowMsa_031__2ougC_first_rank1_model.pdb,,-0.23464481858748482
AF3_treek100_top10,AF3,ShallowMsa_032,6c6sD,0.5700725719152115,0.6147679281708731,-0.04469535625566157,Pipeline/FoldPairs/6c6sD_2ougC/output_AF/AF3_treek100_top10/ShallowMsa_032/6c6sD/tmp_ShallowMsa_032__6c6sD_first/tmp_ShallowMsa_032__6c6sD_first_rank1_model.pdb,,-0.002822534909951352
AF3_treek100_top10,AF3,ShallowMsa_032,2ougC,0.5700725719152115,0.6147679281708731,-0.04469535625566157,Pipeline/FoldPairs/6c6sD_2ougC/output_AF/AF3_treek100_top10/ShallowMsa_032/2ougC/tmp_ShallowMsa_032__2ougC_first/tmp_ShallowMsa_032__2ougC_first_rank1_model.pdb,,-0.008772452228117567
AF3_treek100_top10,AF3,ShallowMsa_033,6c6sD,0.6422212201543935,0.6672560084891059,-0.0250347883347124,Pipeline/FoldPairs/6c6sD_2ougC/output_AF/AF3_treek100_top10/ShallowMsa_033/6c6sD/tmp_ShallowMsa_033__6c6sD_first/tmp_ShallowMsa_033__6c6sD_first_rank1_model.pdb,,0.016838033010997816
AF3_treek100_top10,AF3,ShallowMsa_033,2ougC,0.6422212201543935,0.6672560084891059,-0.0250347883347124,Pipeline/FoldPairs/6c6sD_2ougC/output_AF/AF3_treek100_top10/ShallowMsa_033/2ougC/tmp_ShallowMsa_033__2ougC_first/tmp_ShallowMsa_033__2ougC_first_rank1_model.pdb,,0.010888115692831601
AF3_treek100_top10,AF3,ShallowMsa_034,6c6sD,0.6044526365142175,0.8241481954206192,-0.2196955589064017,Pipeline/FoldPairs/6c6sD_2ougC/output_AF/AF3_treek100_top10/ShallowMsa_034/6c6sD/tmp_ShallowMsa_034__6c6sD_first/tmp_ShallowMsa_034__6c6sD_first_rank1_model.pdb,,-0.17782273756069147
AF3_treek100_top10,AF3,ShallowMsa_034,2ougC,0.6044526365142175,0.8241481954206192,-0.2196955589064017,Pipeline/FoldPairs/6c6sD_2ougC/output_AF/AF3_treek100_top10/ShallowMsa_034/2ougC/tmp_ShallowMsa_034__2ougC_first/tmp_ShallowMsa_034__2ougC_first_rank1_model.pdb,,-0.1837726548788577
AF3_treek100_top10,AF3,ShallowMsa_035,6c6sD,0.8302714701494196,0.8112185307425839,0.019052939406835723,Pipeline/FoldPairs/6c6sD_2ougC/output_AF/AF3_treek100_top10/ShallowMsa_035/6c6sD/tmp_ShallowMsa_035__6c6sD_first/tmp_ShallowMsa_035__6c6sD_first_rank1_model.pdb,,0.06092576075254594
AF3_treek100_top10,AF3,ShallowMsa_035,2ougC,0.8302714701494196,0.8112185307425839,0.019052939406835723,Pipeline/FoldPairs/6c6sD_2ougC/output_AF/AF3_treek100_top10/ShallowMsa_035/2ougC/tmp_ShallowMsa_035__2ougC_first/tmp_ShallowMsa_035__2ougC_first_rank1_model.pdb,,0.05497584343437972
AF3_treek100_top10,AF3,ShallowMsa_036,6c6sD,0.7301477815048982,0.6385084977785176,0.09163928372638064,Pipeline/FoldPairs/6c6sD_2ougC/output_AF/AF3_treek100_top10/ShallowMsa_036/6c6sD/tmp_ShallowMsa_036__6c6sD_first/tmp_ShallowMsa_036__6c6sD_first_rank1_model.pdb,,0.13351210507209085
AF3_treek100_top10,AF3,ShallowMsa_036,2ougC,0.7301477815048982,0.6385084977785176,0.09163928372638064,Pipeline/FoldPairs/6c6sD_2ougC/output_AF/AF3_treek100_top10/ShallowMsa_036/2ougC/tmp_ShallowMsa_036__2ougC_first/tmp_ShallowMsa_036__2ougC_first_rank1_model.pdb,,0.12756218775392464
AF3_treek100_top10,AF3,ShallowMsa_037,6c6sD,0.4948540695886258,0.512155106450005,-0.017301036861379127,Pipeline/FoldPairs/6c6sD_2ougC/output_AF/AF3_treek100_top10/ShallowMsa_037/6c6sD/tmp_ShallowMsa_037__6c6sD_first/tmp_ShallowMsa_037__6c6sD_first_rank1_model.pdb,,0.02457178448433109
AF3_treek100_top10,AF3,ShallowMsa_037,2ougC,0.4948540695886258,0.512155106450005,-0.017301036861379127,Pipeline/FoldPairs/6c6sD_2ougC/output_AF/AF3_treek100_top10/ShallowMsa_037/2ougC/tmp_ShallowMsa_037__2ougC_first/tmp_ShallowMsa_037__2ougC_first_rank1_model.pdb,,0.018621867166164874
AF3_treek100_top10,AF3,ShallowMsa_038,6c6sD,0.5814406206719076,0.6356114766587682,-0.054170855986860555,Pipeline/FoldPairs/6c6sD_2ougC/output_AF/AF3_treek100_top10/ShallowMsa_038/6c6sD/tmp_ShallowMsa_038__6c6sD_first/tmp_ShallowMsa_038__6c6sD_first_rank1_model.pdb,,-0.01229803464115034
AF3_treek100_top10,AF3,ShallowMsa_038,2ougC,0.5814406206719076,0.6356114766587682,-0.054170855986860555,Pipeline/FoldPairs/6c6sD_2ougC/output_AF/AF3_treek100_top10/ShallowMsa_038/2ougC/tmp_ShallowMsa_038__2ougC_first/tmp_ShallowMsa_038__2ougC_first_rank1_model.pdb,,-0.018247951959316555
AF3_treek100_top10,AF3,ShallowMsa_039,6c6sD,0.32073318513359095,0.3441875394128393,-0.023454354279248357,Pipeline/FoldPairs/6c6sD_2ougC/output_AF/AF3_treek100_top10/ShallowMsa_039/6c6sD/tmp_ShallowMsa_039__6c6sD_first/tmp_ShallowMsa_039__6c6sD_first_rank1_model.pdb,,0.018418467066461858
AF3_treek100_top10,AF3,ShallowMsa_039,2ougC,0.32073318513359095,0.3441875394128393,-0.023454354279248357,Pipeline/FoldPairs/6c6sD_2ougC/output_AF/AF3_treek100_top10/ShallowMsa_039/2ougC/tmp_ShallowMsa_039__2ougC_first/tmp_ShallowMsa_039__2ougC_first_rank1_model.pdb,,0.012468549748295643
AF3_treek100_top10,AF3,ShallowMsa_040,6c6sD,0.4623999230666985,0.4895515405952351,-0.027151617528536565,Pipeline/FoldPairs/6c6sD_2ougC/output_AF/AF3_treek100_top10/ShallowMsa_040/6c6sD/tmp_ShallowMsa_040__6c6sD_first/tmp_ShallowMsa_040__6c6sD_first_rank1_model.pdb,,0.01472120381717365
AF3_treek100_top10,AF3,ShallowMsa_040,2ougC,0.4623999230666985,0.4895515405952351,-0.027151617528536565,Pipeline/FoldPairs/6c6sD_2ougC/output_AF/AF3_treek100_top10/ShallowMsa_040/2ougC/tmp_ShallowMsa_040__2ougC_first/tmp_ShallowMsa_040__2ougC_first_rank1_model.pdb,,0.008771286499007436
AF3_treek100_top10,AF3,ShallowMsa_041,6c6sD,0.8654307843991283,0.792505661726335,0.07292512267279339,Pipeline/FoldPairs/6c6sD_2ougC/output_AF/AF3_treek100_top10/ShallowMsa_041/6c6sD/tmp_ShallowMsa_041__6c6sD_first/tmp_ShallowMsa_041__6c6sD_first_rank1_model.pdb,,0.1147979440185036
AF3_treek100_top10,AF3,ShallowMsa_041,2ougC,0.8654307843991283,0.792505661726335,0.07292512267279339,Pipeline/FoldPairs/6c6sD_2ougC/output_AF/AF3_treek100_top10/ShallowMsa_041/2ougC/tmp_ShallowMsa_041__2ougC_first/tmp_ShallowMsa_041__2ougC_first_rank1_model.pdb,,0.10884802670033739
AF3_treek100_top10,AF3,ShallowMsa_042,6c6sD,0.516609298485698,0.6338754551175696,-0.11726615663187157,Pipeline/FoldPairs/6c6sD_2ougC/output_AF/AF3_treek100_top10/ShallowMsa_042/6c6sD/tmp_ShallowMsa_042__6c6sD_first/tmp_ShallowMsa_042__6c6sD_first_rank1_model.pdb,,-0.07539333528616135
AF3_treek100_top10,AF3,ShallowMsa_042,2ougC,0.516609298485698,0.6338754551175696,-0.11726615663187157,Pipeline/FoldPairs/6c6sD_2ougC/output_AF/AF3_treek100_top10/ShallowMsa_042/2ougC/tmp_ShallowMsa_042__2ougC_first/tmp_ShallowMsa_042__2ougC_first_rank1_model.pdb,,-0.08134325260432756
AF3_treek100_top10,AF3,ShallowMsa_043,6c6sD,0.25375757701441104,0.3216168042844844,-0.06785922727007337,Pipeline/FoldPairs/6c6sD_2ougC/output_AF/AF3_treek100_top10/ShallowMsa_043/6c6sD/tmp_ShallowMsa_043__6c6sD_first/tmp_ShallowMsa_043__6c6sD_first_rank1_model.pdb,,-0.02598640592436316
AF3_treek100_top10,AF3,ShallowMsa_043,2ougC,0.24723588810650088,0.30959538876199444,-0.06235950065549356,Pipeline/FoldPairs/6c6sD_2ougC/output_AF/AF3_treek100_top10/ShallowMsa_043/2ougC/tmp_ShallowMsa_043__2ougC_first/tmp_ShallowMsa_043__2ougC_first_rank1_model.pdb,,-0.02643659662794956
AF3_treek100_top10,AF3,ShallowMsa_044,6c6sD,0.5628024469104836,0.6309006529619436,-0.06809820605146,Pipeline/FoldPairs/6c6sD_2ougC/output_AF/AF3_treek100_top10/ShallowMsa_044/6c6sD/tmp_ShallowMsa_044__6c6sD_first/tmp_ShallowMsa_044__6c6sD_first_rank1_model.pdb,,-0.026225384705749782
AF3_treek100_top10,AF3,ShallowMsa_044,2ougC,0.6631536328668516,0.7113534992825966,-0.04819986641574503,Pipeline/FoldPairs/6c6sD_2ougC/output_AF/AF3_treek100_top10/ShallowMsa_044/2ougC/tmp_ShallowMsa_044__2ougC_first/tmp_ShallowMsa_044__2ougC_first_rank1_model.pdb,,-0.01227696238820103
AF3_treek100_top10,AF3,ShallowMsa_045,6c6sD,0.7782135431829815,0.7206393137980226,0.05757422938495893,Pipeline/FoldPairs/6c6sD_2ougC/output_AF/AF3_treek100_top10/ShallowMsa_045/6c6sD/tmp_ShallowMsa_045__6c6sD_first/tmp_ShallowMsa_045__6c6sD_first_rank1_model.pdb,,0.09944705073066915
AF3_treek100_top10,AF3,ShallowMsa_045,2ougC,0.7781916545649209,0.7206279671188309,0.05756368744608997,Pipeline/FoldPairs/6c6sD_2ougC/output_AF/AF3_treek100_top10/ShallowMsa_045/2ougC/tmp_ShallowMsa_045__2ougC_first/tmp_ShallowMsa_045__2ougC_first_rank1_model.pdb,,0.09348659147363397
AF3_treek100_top10,AF3,ShallowMsa_046,6c6sD,0.6280909658405095,0.6451262982214291,-0.017035332380919588,Pipeline/FoldPairs/6c6sD_2ougC/output_AF/AF3_treek100_top10/ShallowMsa_046/6c6sD/tmp_ShallowMsa_046__6c6sD_first/tmp_ShallowMsa_046__6c6sD_first_rank1_model.pdb,,0.024837488964790627
AF3_treek100_top10,AF3,ShallowMsa_046,2ougC,0.6280909658405095,0.6451262982214291,-0.017035332380919588,Pipeline/FoldPairs/6c6sD_2ougC/output_AF/AF3_treek100_top10/ShallowMsa_046/2ougC/tmp_ShallowMsa_046__2ougC_first/tmp_ShallowMsa_046__2ougC_first_rank1_model.pdb,,0.018887571646624413
AF3_treek100_top10,AF3,ShallowMsa_047,6c6sD,0.6187948593195702,0.7289581440866826,-0.11016328476711235,Pipeline/FoldPairs/6c6sD_2ougC/output_AF/AF3_treek100_top10/ShallowMsa_047/6c6sD/tmp_ShallowMsa_047__6c6sD_first/tmp_ShallowMsa_047__6c6sD_first_rank1_model.pdb,,-0.06829046342140213
AF3_treek100_top10,AF3,ShallowMsa_047,2ougC,0.6187948593195702,0.7289581440866826,-0.11016328476711235,Pipeline/FoldPairs/6c6sD_2ougC/output_AF/AF3_treek100_top10/ShallowMsa_047/2ougC/tmp_ShallowMsa_047__2ougC_first/tmp_ShallowMsa_047__2ougC_first_rank1_model.pdb,,-0.07424038073956835
AF3_treek100_top10,AF3,ShallowMsa_048,6c6sD,0.2982984492848639,0.32587016660837775,-0.027571717323513878,Pipeline/FoldPairs/6c6sD_2ougC/output_AF/AF3_treek100_top10/ShallowMsa_048/6c6sD/tmp_ShallowMsa_048__6c6sD_first/tmp_ShallowMsa_048__6c6sD_first_rank1_model.pdb,,0.014301104022196337
AF3_treek100_top10,AF3,ShallowMsa_048,2ougC,0.2982984492848639,0.32587016660837775,-0.027571717323513878,Pipeline/FoldPairs/6c6sD_2ougC/output_AF/AF3_treek100_top10/ShallowMsa_048/2ougC/tmp_ShallowMsa_048__2ougC_first/tmp_ShallowMsa_048__2ougC_first_rank1_model.pdb,,0.008351186704030122
AF3_treek100_top10,AF3,ShallowMsa_049,6c6sD,0.5374437742489973,0.5375247754566977,-8.10012077004929e-05,Pipeline/FoldPairs/6c6sD_2ougC/output_AF/AF3_treek100_top10/ShallowMsa_049/6c6sD/tmp_ShallowMsa_049__6c6sD_first/tmp_ShallowMsa_049__6c6sD_first_rank1_model.pdb,,0.04179182013800972
AF3_treek100_top10,AF3,ShallowMsa_049,2ougC,0.5374437742489973,0.5375247754566977,-8.10012077004929e-05,Pipeline/FoldPairs/6c6sD_2ougC/output_AF/AF3_treek100_top10/ShallowMsa_049/2ougC/tmp_ShallowMsa_049__2ougC_first/tmp_ShallowMsa_049__2ougC_first_rank1_model.pdb,,0.03584190281984351
AF3_treek100_top10,AF3,ShallowMsa_050,6c6sD,0.6751862634033037,0.6550495435542517,0.020136719849051965,Pipeline/FoldPairs/6c6sD_2ougC/output_AF/AF3_treek100_top10/ShallowMsa_050/6c6sD/tmp_ShallowMsa_050__6c6sD_first/tmp_ShallowMsa_050__6c6sD_first_rank1_model.pdb,,0.06200954119476218
AF3_treek100_top10,AF3,ShallowMsa_050,2ougC,0.6751862634033037,0.6550495435542517,0.020136719849051965,Pipeline/FoldPairs/6c6sD_2ougC/output_AF/AF3_treek100_top10/ShallowMsa_050/2ougC/tmp_ShallowMsa_050__2ougC_first/tmp_ShallowMsa_050__2ougC_first_rank1_model.pdb,,0.056059623876595965
AF3_treek100_top10,AF3,ShallowMsa_051,6c6sD,0.5462917974667176,0.5753387375476313,-0.029046940080913686,Pipeline/FoldPairs/6c6sD_2ougC/output_AF/AF3_treek100_top10/ShallowMsa_051/6c6sD/tmp_ShallowMsa_051__6c6sD_first/tmp_ShallowMsa_051__6c6sD_first_rank1_model.pdb,,0.01282588126479653
AF3_treek100_top10,AF3,ShallowMsa_051,2ougC,0.5462917974667176,0.5753387375476313,-0.029046940080913686,Pipeline/FoldPairs/6c6sD_2ougC/output_AF/AF3_treek100_top10/ShallowMsa_051/2ougC/tmp_ShallowMsa_051__2ougC_first/tmp_ShallowMsa_051__2ougC_first_rank1_model.pdb,,0.006875963946630315
AF3_treek100_top10,AF3,ShallowMsa_052,6c6sD,0.5970727985839133,0.5851651755407764,0.011907623043136861,Pipeline/FoldPairs/6c6sD_2ougC/output_AF/AF3_treek100_top10/ShallowMsa_052/6c6sD/tmp_ShallowMsa_052__6c6sD_first/tmp_ShallowMsa_052__6c6sD_first_rank1_model.pdb,,0.053780444388847076
AF3_treek100_top10,AF3,ShallowMsa_052,2ougC,0.5970727985839133,0.5851651755407764,0.011907623043136861,Pipeline/FoldPairs/6c6sD_2ougC/output_AF/AF3_treek100_top10/ShallowMsa_052/2ougC/tmp_ShallowMsa_052__2ougC_first/tmp_ShallowMsa_052__2ougC_first_rank1_model.pdb,,0.04783052707068086
AF3_treek100_top10,AF3,ShallowMsa_053,6c6sD,0.7604978932314882,0.6748363214206451,0.0856615718108431,Pipeline/FoldPairs/6c6sD_2ougC/output_AF/AF3_treek100_top10/ShallowMsa_053/6c6sD/tmp_ShallowMsa_053__6c6sD_first/tmp_ShallowMsa_053__6c6sD_first_rank1_model.pdb,,0.12753439315655332
AF3_treek100_top10,AF3,ShallowMsa_053,2ougC,0.7604978932314882,0.6748363214206451,0.0856615718108431,Pipeline/FoldPairs/6c6sD_2ougC/output_AF/AF3_treek100_top10/ShallowMsa_053/2ougC/tmp_ShallowMsa_053__2ougC_first/tmp_ShallowMsa_053__2ougC_first_rank1_model.pdb,,0.12158447583838711
AF3_treek100_top10,AF3,ShallowMsa_054,6c6sD,0.5920749712383971,0.7155074144169854,-0.12343244317858826,Pipeline/FoldPairs/6c6sD_2ougC/output_AF/AF3_treek100_top10/ShallowMsa_054/6c6sD/tmp_ShallowMsa_054__6c6sD_first/tmp_ShallowMsa_054__6c6sD_first_rank1_model.pdb,,-0.08155962183287804
AF3_treek100_top10,AF3,ShallowMsa_054,2ougC,0.5920749712383971,0.7155074144169854,-0.12343244317858826,Pipeline/FoldPairs/6c6sD_2ougC/output_AF/AF3_treek100_top10/ShallowMsa_054/2ougC/tmp_ShallowMsa_054__2ougC_first/tmp_ShallowMsa_054__2ougC_first_rank1_model.pdb,,-0.08750953915104426
AF3_treek100_top10,AF3,ShallowMsa_055,6c6sD,0.6053610894287528,0.6308814888209895,-0.025520399392236714,Pipeline/FoldPairs/6c6sD_2ougC/output_AF/AF3_treek100_top10/ShallowMsa_055/6c6sD/tmp_ShallowMsa_055__6c6sD_first/tmp_ShallowMsa_055__6c6sD_first_rank1_model.pdb,,0.0163524219534735
AF3_treek100_top10,AF3,ShallowMsa_055,2ougC,0.6053610894287528,0.6308814888209895,-0.025520399392236714,Pipeline/FoldPairs/6c6sD_2ougC/output_AF/AF3_treek100_top10/ShallowMsa_055/2ougC/tmp_ShallowMsa_055__2ougC_first/tmp_ShallowMsa_055__2ougC_first_rank1_model.pdb,,0.010402504635307286
AF3_treek100_top10,AF3,ShallowMsa_056,6c6sD,0.5670659232343427,0.640095002515639,-0.07302907928129632,Pipeline/FoldPairs/6c6sD_2ougC/output_AF/AF3_treek100_top10/ShallowMsa_056/6c6sD/tmp_ShallowMsa_056__6c6sD_first/tmp_ShallowMsa_056__6c6sD_first_rank1_model.pdb,,-0.0311562579355861
AF3_treek100_top10,AF3,ShallowMsa_056,2ougC,0.6209865112843741,0.635264460939032,-0.014277949654657895,Pipeline/FoldPairs/6c6sD_2ougC/output_AF/AF3_treek100_top10/ShallowMsa_056/2ougC/tmp_ShallowMsa_056__2ougC_first/tmp_ShallowMsa_056__2ougC_first_rank1_model.pdb,,0.021644954372886105
AF3_treek100_top10,AF3,ShallowMsa_057,6c6sD,0.4150365894569423,0.45408687589270114,-0.03905028643575886,Pipeline/FoldPairs/6c6sD_2ougC/output_AF/AF3_treek100_top10/ShallowMsa_057/6c6sD/tmp_ShallowMsa_057__6c6sD_first/tmp_ShallowMsa_057__6c6sD_first_rank1_model.pdb,,0.002822534909951352
AF3_treek100_top10,AF3,ShallowMsa_057,2ougC,0.4150365894569423,0.45408687589270114,-0.03905028643575886,Pipeline/FoldPairs/6c6sD_2ougC/output_AF/AF3_treek100_top10/ShallowMsa_057/2ougC/tmp_ShallowMsa_057__2ougC_first/tmp_ShallowMsa_057__2ougC_first_rank1_model.pdb,,-0.0031273824082148627
AF3_treek100_top10,AF3,ShallowMsa_058,6c6sD,0.46256910674667395,0.45258949203433657,0.009979614712337381,Pipeline/FoldPairs/6c6sD_2ougC/output_AF/AF3_treek100_top10/ShallowMsa_058/6c6sD/tmp_ShallowMsa_058__6c6sD_first/tmp_ShallowMsa_058__6c6sD_first_rank1_model.pdb,,0.051852436058047596
AF3_treek100_top10,AF3,ShallowMsa_058,2ougC,0.46256910674667395,0.45258949203433657,0.009979614712337381,Pipeline/FoldPairs/6c6sD_2ougC/output_AF/AF3_treek100_top10/ShallowMsa_058/2ougC/tmp_ShallowMsa_058__2ougC_first/tmp_ShallowMsa_058__2ougC_first_rank1_model.pdb,,0.04590251873988138
AF3_treek100_top10,AF3,ShallowMsa_059,6c6sD,0.8215327959685643,0.7463772525876748,0.07515554338088948,Pipeline/FoldPairs/6c6sD_2ougC/output_AF/AF3_treek100_top10/ShallowMsa_059/6c6sD/tmp_ShallowMsa_059__6c6sD_first/tmp_ShallowMsa_059__6c6sD_first_rank1_model.pdb,,0.11702836472659969
AF3_treek100_top10,AF3,ShallowMsa_059,2ougC,0.8215327959685643,0.7463772525876748,0.07515554338088948,Pipeline/FoldPairs/6c6sD_2ougC/output_AF/AF3_treek100_top10/ShallowMsa_059/2ougC/tmp_ShallowMsa_059__2ougC_first/tmp_ShallowMsa_059__2ougC_first_rank1_model.pdb,,0.11107844740843348
AF3_treek100_top10,AF3,ShallowMsa_060,6c6sD,0.48951423776494657,0.6005519072660588,-0.11103766950111221,Pipeline/FoldPairs/6c6sD_2ougC/output_AF/AF3_treek100_top10/ShallowMsa_060/6c6sD/tmp_ShallowMsa_060__6c6sD_first/tmp_ShallowMsa_060__6c6sD_first_rank1_model.pdb,,-0.069164848155402
AF3_treek100_top10,AF3,ShallowMsa_060,2ougC,0.48951423776494657,0.6005519072660588,-0.11103766950111221,Pipeline/FoldPairs/6c6sD_2ougC/output_AF/AF3_treek100_top10/ShallowMsa_060/2ougC/tmp_ShallowMsa_060__2ougC_first/tmp_ShallowMsa_060__2ougC_first_rank1_model.pdb,,-0.07511476547356821
AF3_treek100_top10,AF3,ShallowMsa_061,6c6sD,0.6085605405561731,0.7380062344881256,-0.1294456939319525,Pipeline/FoldPairs/6c6sD_2ougC/output_AF/AF3_treek100_top10/ShallowMsa_061/6c6sD/tmp_ShallowMsa_061__6c6sD_first/tmp_ShallowMsa_061__6c6sD_first_rank1_model.pdb,,-0.08757287258624227
AF3_treek100_top10,AF3,ShallowMsa_061,2ougC,0.6085605405561731,0.7380062344881256,-0.1294456939319525,Pipeline/FoldPairs/6c6sD_2ougC/output_AF/AF3_treek100_top10/ShallowMsa_061/2ougC/tmp_ShallowMsa_061__2ougC_first/tmp_ShallowMsa_061__2ougC_first_rank1_model.pdb,,-0.09352278990440849
AF3_treek100_top10,AF3,ShallowMsa_062,6c6sD,0.5662111335977921,0.6274891062922286,-0.06127797269443658,Pipeline/FoldPairs/6c6sD_2ougC/output_AF/AF3_treek100_top10/ShallowMsa_062/6c6sD/tmp_ShallowMsa_062__6c6sD_first/tmp_ShallowMsa_062__6c6sD_first_rank1_model.pdb,,-0.019405151348726363
AF3_treek100_top10,AF3,ShallowMsa_062,2ougC,0.7157561824823324,0.7513854331915336,-0.0356292507092012,Pipeline/FoldPairs/6c6sD_2ougC/output_AF/AF3_treek100_top10/ShallowMsa_062/2ougC/tmp_ShallowMsa_062__2ougC_first/tmp_ShallowMsa_062__2ougC_first_rank1_model.pdb,,0.0002936533183428014
AF3_treek100_top10,AF3,ShallowMsa_063,6c6sD,0.4898694025449227,0.39882361412836465,0.09104578841655808,Pipeline/FoldPairs/6c6sD_2ougC/output_AF/AF3_treek100_top10/ShallowMsa_063/6c6sD/tmp_ShallowMsa_063__6c6sD_first/tmp_ShallowMsa_063__6c6sD_first_rank1_model.pdb,,0.1329186097622683
AF3_treek100_top10,AF3,ShallowMsa_063,2ougC,0.4898694025449227,0.39882361412836465,0.09104578841655808,Pipeline/FoldPairs/6c6sD_2ougC/output_AF/AF3_treek100_top10/ShallowMsa_063/2ougC/tmp_ShallowMsa_063__2ougC_first/tmp_ShallowMsa_063__2ougC_first_rank1_model.pdb,,0.12696869244410208
AF3_treek100_top10,AF3,ShallowMsa_064,6c6sD,0.49838365765297127,0.6019940897224746,-0.10361043206950332,Pipeline/FoldPairs/6c6sD_2ougC/output_AF/AF3_treek100_top10/ShallowMsa_064/6c6sD/tmp_ShallowMsa_064__6c6sD_first/tmp_ShallowMsa_064__6c6sD_first_rank1_model.pdb,,-0.06173761072379311
AF3_treek100_top10,AF3,ShallowMsa_064,2ougC,0.4983847770257564,0.6019968438631567,-0.10361206683740026,Pipeline/FoldPairs/6c6sD_2ougC/output_AF/AF3_treek100_top10/ShallowMsa_064/2ougC/tmp_ShallowMsa_064__2ougC_first/tmp_ShallowMsa_064__2ougC_first_rank1_model.pdb,,-0.06768916280985626
AF3_treek100_top10,AF3,ShallowMsa_065,6c6sD,0.612205738168272,0.7589057930460745,-0.14670005487780258,Pipeline/FoldPairs/6c6sD_2ougC/output_AF/AF3_treek100_top10/ShallowMsa_065/6c6sD/tmp_ShallowMsa_065__6c6sD_first/tmp_ShallowMsa_065__6c6sD_first_rank1_model.pdb,,-0.10482723353209236
AF3_treek100_top10,AF3,ShallowMsa_065,2ougC,0.6119444201070753,0.7588868989752039,-0.1469424788681286,Pipeline/FoldPairs/6c6sD_2ougC/output_AF/AF3_treek100_top10/ShallowMsa_065/2ougC/tmp_ShallowMsa_065__2ougC_first/tmp_ShallowMsa_065__2ougC_first_rank1_model.pdb,,-0.11101957484058461
AF3_treek100_top10,AF3,ShallowMsa_066,6c6sD,0.3487338105744671,0.40504120451303605,-0.05630739393856893,Pipeline/FoldPairs/6c6sD_2ougC/output_AF/AF3_treek100_top10/ShallowMsa_066/6c6sD/tmp_ShallowMsa_066__6c6sD_first/tmp_ShallowMsa_066__6c6sD_first_rank1_model.pdb,,-0.014434572592858713
AF3_treek100_top10,AF3,ShallowMsa_066,2ougC,0.3487338105744671,0.40504120451303605,-0.05630739393856893,Pipeline/FoldPairs/6c6sD_2ougC/output_AF/AF3_treek100_top10/ShallowMsa_066/2ougC/tmp_ShallowMsa_066__2ougC_first/tmp_ShallowMsa_066__2ougC_first_rank1_model.pdb,,-0.020384489911024928
AF3_treek100_top10,AF3,ShallowMsa_067,6c6sD,0.6436083329094746,0.7193835312283108,-0.07577519831883617,Pipeline/FoldPairs/6c6sD_2ougC/output_AF/AF3_treek100_top10/ShallowMsa_067/6c6sD/tmp_ShallowMsa_067__6c6sD_first/tmp_ShallowMsa_067__6c6sD_first_rank1_model.pdb,,-0.03390237697312595
AF3_treek100_top10,AF3,ShallowMsa_067,2ougC,0.6436083329094746,0.7193835312283108,-0.07577519831883617,Pipeline/FoldPairs/6c6sD_2ougC/output_AF/AF3_treek100_top10/ShallowMsa_067/2ougC/tmp_ShallowMsa_067__2ougC_first/tmp_ShallowMsa_067__2ougC_first_rank1_model.pdb,,-0.03985229429129217
AF3_treek100_top10,AF3,ShallowMsa_068,6c6sD,0.6288865981389918,0.7824423464545723,-0.1535557483155805,Pipeline/FoldPairs/6c6sD_2ougC/output_AF/AF3_treek100_top10/ShallowMsa_068/6c6sD/tmp_ShallowMsa_068__6c6sD_first/tmp_ShallowMsa_068__6c6sD_first_rank1_model.pdb,,-0.11168292696987028
AF3_treek100_top10,AF3,ShallowMsa_068,2ougC,0.6288666489166795,0.7825224081915327,-0.1536557592748532,Pipeline/FoldPairs/6c6sD_2ougC/output_AF/AF3_treek100_top10/ShallowMsa_068/2ougC/tmp_ShallowMsa_068__2ougC_first/tmp_ShallowMsa_068__2ougC_first_rank1_model.pdb,,-0.1177328552473092
AF3_treek100_top10,AF3,ShallowMsa_069,6c6sD,0.5859348016445832,0.6669729821189544,-0.08103818047437117,Pipeline/FoldPairs/6c6sD_2ougC/output_AF/AF3_treek100_top10/ShallowMsa_069/6c6sD/tmp_ShallowMsa_069__6c6sD_first/tmp_ShallowMsa_069__6c6sD_first_rank1_model.pdb,,-0.039165359128660954
AF3_treek100_top10,AF3,ShallowMsa_069,2ougC,0.5859348016445832,0.6669729821189544,-0.08103818047437117,Pipeline/FoldPairs/6c6sD_2ougC/output_AF/AF3_treek100_top10/ShallowMsa_069/2ougC/tmp_ShallowMsa_069__2ougC_first/tmp_ShallowMsa_069__2ougC_first_rank1_model.pdb,,-0.04511527644682717
AF3_treek100_top10,AF3,ShallowMsa_070,6c6sD,0.24776473835336507,0.3004325919940862,-0.0526678536407211,Pipeline/FoldPairs/6c6sD_2ougC/output_AF/AF3_treek100_top10/ShallowMsa_070/6c6sD/tmp_ShallowMsa_070__6c6sD_first/tmp_ShallowMsa_070__6c6sD_first_rank1_model.pdb,,-0.010795032295010887
AF3_treek100_top10,AF3,ShallowMsa_070,2ougC,0.24776473835336507,0.3004325919940862,-0.0526678536407211,Pipeline/FoldPairs/6c6sD_2ougC/output_AF/AF3_treek100_top10/ShallowMsa_070/2ougC/tmp_ShallowMsa_070__2ougC_first/tmp_ShallowMsa_070__2ougC_first_rank1_model.pdb,,-0.0167449496131771
AF3_treek100_top10,AF3,ShallowMsa_071,6c6sD,0.6421824746075288,0.657546658238393,-0.015364183630864225,Pipeline/FoldPairs/6c6sD_2ougC/output_AF/AF3_treek100_top10/ShallowMsa_071/6c6sD/tmp_ShallowMsa_071__6c6sD_first/tmp_ShallowMsa_071__6c6sD_first_rank1_model.pdb,,0.02650863771484599
AF3_treek100_top10,AF3,ShallowMsa_071,2ougC,0.6421824746075288,0.657546658238393,-0.015364183630864225,Pipeline/FoldPairs/6c6sD_2ougC/output_AF/AF3_treek100_top10/ShallowMsa_071/2ougC/tmp_ShallowMsa_071__2ougC_first/tmp_ShallowMsa_071__2ougC_first_rank1_model.pdb,,0.020558720396679775
AF3_treek100_top10,AF3,ShallowMsa_072,6c6sD,0.629849412447884,0.6811132483465913,-0.05126383589870731,Pipeline/FoldPairs/6c6sD_2ougC/output_AF/AF3_treek100_top10/ShallowMsa_072/6c6sD/tmp_ShallowMsa_072__6c6sD_first/tmp_ShallowMsa_072__6c6sD_first_rank1_model.pdb,,-0.009391014552997096
AF3_treek100_top10,AF3,ShallowMsa_072,2ougC,0.629849412447884,0.6811132483465913,-0.05126383589870731,Pipeline/FoldPairs/6c6sD_2ougC/output_AF/AF3_treek100_top10/ShallowMsa_072/2ougC/tmp_ShallowMsa_072__2ougC_first/tmp_ShallowMsa_072__2ougC_first_rank1_model.pdb,,-0.01534093187116331
AF3_treek100_top10,AF3,ShallowMsa_073,6c6sD,0.36170551009405616,0.3518900546939424,0.009815455400113748,Pipeline/FoldPairs/6c6sD_2ougC/output_AF/AF3_treek100_top10/ShallowMsa_073/6c6sD/tmp_ShallowMsa_073__6c6sD_first/tmp_ShallowMsa_073__6c6sD_first_rank1_model.pdb,,0.05168827674582396
AF3_treek100_top10,AF3,ShallowMsa_073,2ougC,0.36170551009405616,0.3518900546939424,0.009815455400113748,Pipeline/FoldPairs/6c6sD_2ougC/output_AF/AF3_treek100_top10/ShallowMsa_073/2ougC/tmp_ShallowMsa_073__2ougC_first/tmp_ShallowMsa_073__2ougC_first_rank1_model.pdb,,0.04573835942765775
AF3_treek100_top10,AF3,ShallowMsa_074,6c6sD,0.5984317574040492,0.6089755329900401,-0.010543775585990955,Pipeline/FoldPairs/6c6sD_2ougC/output_AF/AF3_treek100_top10/ShallowMsa_074/6c6sD/tmp_ShallowMsa_074__6c6sD_first/tmp_ShallowMsa_074__6c6sD_first_rank1_model.pdb,,0.03132904575971926
AF3_treek100_top10,AF3,ShallowMsa_074,2ougC,0.5984317574040492,0.6089755329900401,-0.010543775585990955,Pipeline/FoldPairs/6c6sD_2ougC/output_AF/AF3_treek100_top10/ShallowMsa_074/2ougC/tmp_ShallowMsa_074__2ougC_first/tmp_ShallowMsa_074__2ougC_first_rank1_model.pdb,,0.025379128441553045
AF3_treek100_top10,AF3,ShallowMsa_075,6c6sD,0.645683288480918,0.6295014360889417,0.016181852391976337,Pipeline/FoldPairs/6c6sD_2ougC/output_AF/AF3_treek100_top10/ShallowMsa_075/6c6sD/tmp_ShallowMsa_075__6c6sD_first/tmp_ShallowMsa_075__6c6sD_first_rank1_model.pdb,,0.05805467373768655
AF3_treek100_top10,AF3,ShallowMsa_075,2ougC,0.645683288480918,0.6295014360889417,0.016181852391976337,Pipeline/FoldPairs/6c6sD_2ougC/output_AF/AF3_treek100_top10/ShallowMsa_075/2ougC/tmp_ShallowMsa_075__2ougC_first/tmp_ShallowMsa_075__2ougC_first_rank1_model.pdb,,0.05210475641952034
AF3_treek100_top10,AF3,ShallowMsa_076,6c6sD,0.5507989226681128,0.5537637763499091,-0.002964853681796331,Pipeline/FoldPairs/6c6sD_2ougC/output_AF/AF3_treek100_top10/ShallowMsa_076/6c6sD/tmp_ShallowMsa_076__6c6sD_first/tmp_ShallowMsa_076__6c6sD_first_rank1_model.pdb,,0.038907967663913884
AF3_treek100_top10,AF3,ShallowMsa_076,2ougC,0.5507989226681128,0.5537637763499091,-0.002964853681796331,Pipeline/FoldPairs/6c6sD_2ougC/output_AF/AF3_treek100_top10/ShallowMsa_076/2ougC/tmp_ShallowMsa_076__2ougC_first/tmp_ShallowMsa_076__2ougC_first_rank1_model.pdb,,0.03295805034574767
AF3_treek100_top10,AF3,ShallowMsa_077,6c6sD,0.6159624863390363,0.7810359271582656,-0.16507344081922937,Pipeline/FoldPairs/6c6sD_2ougC/output_AF/AF3_treek100_top10/ShallowMsa_077/6c6sD/tmp_ShallowMsa_077__6c6sD_first/tmp_ShallowMsa_077__6c6sD_first_rank1_model.pdb,,-0.12320061947351915
AF3_treek100_top10,AF3,ShallowMsa_077,2ougC,0.6159624863390363,0.7810359271582656,-0.16507344081922937,Pipeline/FoldPairs/6c6sD_2ougC/output_AF/AF3_treek100_top10/ShallowMsa_077/2ougC/tmp_ShallowMsa_077__2ougC_first/tmp_ShallowMsa_077__2ougC_first_rank1_model.pdb,,-0.12915053679168537
AF3_treek100_top10,AF3,ShallowMsa_078,6c6sD,0.5250922305482459,0.501997205467274,0.023095025080971943,Pipeline/FoldPairs/6c6sD_2ougC/output_AF/AF3_treek100_top10/ShallowMsa_078/6c6sD/tmp_ShallowMsa_078__6c6sD_first/tmp_ShallowMsa_078__6c6sD_first_rank1_model.pdb,,0.06496784642668216
AF3_treek100_top10,AF3,ShallowMsa_078,2ougC,0.5250328927904692,0.5040656199838355,0.020967272806633686,Pipeline/FoldPairs/6c6sD_2ougC/output_AF/AF3_treek100_top10/ShallowMsa_078/2ougC/tmp_ShallowMsa_078__2ougC_first/tmp_ShallowMsa_078__2ougC_first_rank1_model.pdb,,0.056890176834177686
AF3_treek100_top10,AF3,ShallowMsa_079,6c6sD,0.6233158485990556,0.5642245941993308,0.059091254399724846,Pipeline/FoldPairs/6c6sD_2ougC/output_AF/AF3_treek100_top10/ShallowMsa_079/6c6sD/tmp_ShallowMsa_079__6c6sD_first/tmp_ShallowMsa_079__6c6sD_first_rank1_model.pdb,,0.10096407574543506
AF3_treek100_top10,AF3,ShallowMsa_079,2ougC,0.6233158485990556,0.5642245941993308,0.059091254399724846,Pipeline/FoldPairs/6c6sD_2ougC/output_AF/AF3_treek100_top10/ShallowMsa_079/2ougC/tmp_ShallowMsa_079__2ougC_first/tmp_ShallowMsa_079__2ougC_first_rank1_model.pdb,,0.09501415842726885
AF3_treek100_top10,AF3,ShallowMsa_080,6c6sD,0.47986551937891647,0.5579878658398774,-0.07812234646096089,Pipeline/FoldPairs/6c6sD_2ougC/output_AF/AF3_treek100_top10/ShallowMsa_080/6c6sD/tmp_ShallowMsa_080__6c6sD_first/tmp_ShallowMsa_080__6c6sD_first_rank1_model.pdb,,-0.036249525115250675
AF3_treek100_top10,AF3,ShallowMsa_080,2ougC,0.47986551937891647,0.5579878658398774,-0.07812234646096089,Pipeline/FoldPairs/6c6sD_2ougC/output_AF/AF3_treek100_top10/ShallowMsa_080/2ougC/tmp_ShallowMsa_080__2ougC_first/tmp_ShallowMsa_080__2ougC_first_rank1_model.pdb,,-0.04219944243341689
AF3_treek100_top10,AF3,ShallowMsa_081,6c6sD,0.546839135493025,0.5559492305249425,-0.009110095031917509,Pipeline/FoldPairs/6c6sD_2ougC/output_AF/AF3_treek100_top10/ShallowMsa_081/6c6sD/tmp_ShallowMsa_081__6c6sD_first/tmp_ShallowMsa_081__6c6sD_first_rank1_model.pdb,,0.032762726313792706
AF3_treek100_top10,AF3,ShallowMsa_081,2ougC,0.5468223450500534,0.5559639965898822,-0.00914165153982871,Pipeline/FoldPairs/6c6sD_2ougC/output_AF/AF3_treek100_top10/ShallowMsa_081/2ougC/tmp_ShallowMsa_081__2ougC_first/tmp_ShallowMsa_081__2ougC_first_rank1_model.pdb,,0.02678125248771529
AF3_treek100_top10,AF3,ShallowMsa_082,6c6sD,0.5505374177822988,0.5307222728739887,0.019815144908310156,Pipeline/FoldPairs/6c6sD_2ougC/output_AF/AF3_treek100_top10/ShallowMsa_082/6c6sD/tmp_ShallowMsa_082__6c6sD_first/tmp_ShallowMsa_082__6c6sD_first_rank1_model.pdb,,0.06168796625402037
AF3_treek100_top10,AF3,ShallowMsa_082,2ougC,0.5505374177822988,0.5307222728739887,0.019815144908310156,Pipeline/FoldPairs/6c6sD_2ougC/output_AF/AF3_treek100_top10/ShallowMsa_082/2ougC/tmp_ShallowMsa_082__2ougC_first/tmp_ShallowMsa_082__2ougC_first_rank1_model.pdb,,0.055738048935854156
AF3_treek100_top10,AF3,ShallowMsa_083,6c6sD,0.5598139522100116,0.6438663999813483,-0.08405244777133669,Pipeline/FoldPairs/6c6sD_2ougC/output_AF/AF3_treek100_top10/ShallowMsa_083/6c6sD/tmp_ShallowMsa_083__6c6sD_first/tmp_ShallowMsa_083__6c6sD_first_rank1_model.pdb,,-0.042179626425626476
AF3_treek100_top10,AF3,ShallowMsa_083,2ougC,0.5995866493502108,0.6139240665828017,-0.014337417232590965,Pipeline/FoldPairs/6c6sD_2ougC/output_AF/AF3_treek100_top10/ShallowMsa_083/2ougC/tmp_ShallowMsa_083__2ougC_first/tmp_ShallowMsa_083__2ougC_first_rank1_model.pdb,,0.021585486794953035
AF3_treek100_top10,AF3,ShallowMsa_084,6c6sD,0.6081164745635617,0.6675806198570773,-0.059464145293515625,Pipeline/FoldPairs/6c6sD_2ougC/output_AF/AF3_treek100_top10/ShallowMsa_084/6c6sD/tmp_ShallowMsa_084__6c6sD_first/tmp_ShallowMsa_084__6c6sD_first_rank1_model.pdb,,-0.01759132394780541
AF3_treek100_top10,AF3,ShallowMsa_084,2ougC,0.6081164745635617,0.6675806198570773,-0.059464145293515625,Pipeline/FoldPairs/6c6sD_2ougC/output_AF/AF3_treek100_top10/ShallowMsa_084/2ougC/tmp_ShallowMsa_084__2ougC_first/tmp_ShallowMsa_084__2ougC_first_rank1_model.pdb,,-0.023541241265971624
AF3_treek100_top10,AF3,ShallowMsa_085,6c6sD,0.6098190581251637,0.7196531570130372,-0.10983409888787354,Pipeline/FoldPairs/6c6sD_2ougC/output_AF/AF3_treek100_top10/ShallowMsa_085/6c6sD/tmp_ShallowMsa_085__6c6sD_first/tmp_ShallowMsa_085__6c6sD_first_rank1_model.pdb,,-0.06796127754216333
AF3_treek100_top10,AF3,ShallowMsa_085,2ougC,0.6098190581251637,0.7196531570130372,-0.10983409888787354,Pipeline/FoldPairs/6c6sD_2ougC/output_AF/AF3_treek100_top10/ShallowMsa_085/2ougC/tmp_ShallowMsa_085__2ougC_first/tmp_ShallowMsa_085__2ougC_first_rank1_model.pdb,,-0.07391119486032954
AF3_treek100_top10,AF3,ShallowMsa_086,6c6sD,0.2569592048242728,0.29225513966009103,-0.03529593483581822,Pipeline/FoldPairs/6c6sD_2ougC/output_AF/AF3_treek100_top10/ShallowMsa_086/6c6sD/tmp_ShallowMsa_086__6c6sD_first/tmp_ShallowMsa_086__6c6sD_first_rank1_model.pdb,,0.006576886509891994
AF3_treek100_top10,AF3,ShallowMsa_086,2ougC,0.2569592048242728,0.29225513966009103,-0.03529593483581822,Pipeline/FoldPairs/6c6sD_2ougC/output_AF/AF3_treek100_top10/ShallowMsa_086/2ougC/tmp_ShallowMsa_086__2ougC_first/tmp_ShallowMsa_086__2ougC_first_rank1_model.pdb,,0.0006269691917257791
AF3_treek100_top10,AF3,ShallowMsa_087,6c6sD,0.30315188861294556,0.2788686130471767,0.02428327556576887,Pipeline/FoldPairs/6c6sD_2ougC/output_AF/AF3_treek100_top10/ShallowMsa_087/6c6sD/tmp_ShallowMsa_087__6c6sD_first/tmp_ShallowMsa_087__6c6sD_first_rank1_model.pdb,,0.06615609691147908
AF3_treek100_top10,AF3,ShallowMsa_087,2ougC,0.30315188861294556,0.2788686130471767,0.02428327556576887,Pipeline/FoldPairs/6c6sD_2ougC/output_AF/AF3_treek100_top10/ShallowMsa_087/2ougC/tmp_ShallowMsa_087__2ougC_first/tmp_ShallowMsa_087__2ougC_first_rank1_model.pdb,,0.06020617959331287
AF3_treek100_top10,AF3,ShallowMsa_088,6c6sD,0.7840059936925159,0.8372057458138076,-0.05319975212129169,Pipeline/FoldPairs/6c6sD_2ougC/output_AF/AF3_treek100_top10/ShallowMsa_088/6c6sD/tmp_ShallowMsa_088__6c6sD_first/tmp_ShallowMsa_088__6c6sD_first_rank1_model.pdb,,-0.011326930775581473
AF3_treek100_top10,AF3,ShallowMsa_088,2ougC,0.7840059936925159,0.8372057458138076,-0.05319975212129169,Pipeline/FoldPairs/6c6sD_2ougC/output_AF/AF3_treek100_top10/ShallowMsa_088/2ougC/tmp_ShallowMsa_088__2ougC_first/tmp_ShallowMsa_088__2ougC_first_rank1_model.pdb,,-0.017276848093747688
AF3_treek100_top10,AF3,ShallowMsa_089,6c6sD,0.5952106388228237,0.8155589062856868,-0.22034826746286318,Pipeline/FoldPairs/6c6sD_2ougC/output_AF/AF3_treek100_top10/ShallowMsa_089/6c6sD/tmp_ShallowMsa_089__6c6sD_first/tmp_ShallowMsa_089__6c6sD_first_rank1_model.pdb,,-0.17847544611715296
AF3_treek100_top10,AF3,ShallowMsa_089,2ougC,0.5952106388228237,0.8155589062856868,-0.22034826746286318,Pipeline/FoldPairs/6c6sD_2ougC/output_AF/AF3_treek100_top10/ShallowMsa_089/2ougC/tmp_ShallowMsa_089__2ougC_first/tmp_ShallowMsa_089__2ougC_first_rank1_model.pdb,,-0.18442536343531918
AF3_treek100_top10,AF3,ShallowMsa_090,6c6sD,0.6063414448814664,0.6136908143247671,-0.0073493694433007795,Pipeline/FoldPairs/6c6sD_2ougC/output_AF/AF3_treek100_top10/ShallowMsa_090/6c6sD/tmp_ShallowMsa_090__6c6sD_first/tmp_ShallowMsa_090__6c6sD_first_rank1_model.pdb,,0.034523451902409436
AF3_treek100_top10,AF3,ShallowMsa_090,2ougC,0.6063414448814664,0.6136908143247671,-0.0073493694433007795,Pipeline/FoldPairs/6c6sD_2ougC/output_AF/AF3_treek100_top10/ShallowMsa_090/2ougC/tmp_ShallowMsa_090__2ougC_first/tmp_ShallowMsa_090__2ougC_first_rank1_model.pdb,,0.02857353458424322
AF3_treek100_top10,AF3,ShallowMsa_091,6c6sD,0.6929006495948534,0.6955943413664342,-0.002693691771580742,Pipeline/FoldPairs/6c6sD_2ougC/output_AF/AF3_treek100_top10/ShallowMsa_091/6c6sD/tmp_ShallowMsa_091__6c6sD_first/tmp_ShallowMsa_091__6c6sD_first_rank1_model.pdb,,0.03917912957412947
AF3_treek100_top10,AF3,ShallowMsa_091,2ougC,0.6929006495948534,0.6955943413664342,-0.002693691771580742,Pipeline/FoldPairs/6c6sD_2ougC/output_AF/AF3_treek100_top10/ShallowMsa_091/2ougC/tmp_ShallowMsa_091__2ougC_first/tmp_ShallowMsa_091__2ougC_first_rank1_model.pdb,,0.03322921225596326
AF3_treek100_top10,AF3,ShallowMsa_092,6c6sD,0.6198909191874582,0.6731208083401703,-0.053229889152712095,Pipeline/FoldPairs/6c6sD_2ougC/output_AF/AF3_treek100_top10/ShallowMsa_092/6c6sD/tmp_ShallowMsa_092__6c6sD_first/tmp_ShallowMsa_092__6c6sD_first_rank1_model.pdb,,-0.01135706780700188
AF3_treek100_top10,AF3,ShallowMsa_092,2ougC,0.6198909191874582,0.6731208083401703,-0.053229889152712095,Pipeline/FoldPairs/6c6sD_2ougC/output_AF/AF3_treek100_top10/ShallowMsa_092/2ougC/tmp_ShallowMsa_092__2ougC_first/tmp_ShallowMsa_092__2ougC_first_rank1_model.pdb,,-0.017306985125168095
AF3_treek100_top10,AF3,ShallowMsa_093,6c6sD,0.6516635047327423,0.7282344279245998,-0.07657092319185754,Pipeline/FoldPairs/6c6sD_2ougC/output_AF/AF3_treek100_top10/ShallowMsa_093/6c6sD/tmp_ShallowMsa_093__6c6sD_first/tmp_ShallowMsa_093__6c6sD_first_rank1_model.pdb,,-0.03469810184614733
AF3_treek100_top10,AF3,ShallowMsa_093,2ougC,0.6516635047327423,0.7282344279245998,-0.07657092319185754,Pipeline/FoldPairs/6c6sD_2ougC/output_AF/AF3_treek100_top10/ShallowMsa_093/2ougC/tmp_ShallowMsa_093__2ougC_first/tmp_ShallowMsa_093__2ougC_first_rank1_model.pdb,,-0.04064801916431354
AF3_treek100_top10,AF3,ShallowMsa_094,6c6sD,0.6201792009721439,0.7448878845702366,-0.12470868359809273,Pipeline/FoldPairs/6c6sD_2ougC/output_AF/AF3_treek100_top10/ShallowMsa_094/6c6sD/tmp_ShallowMsa_094__6c6sD_first/tmp_ShallowMsa_094__6c6sD_first_rank1_model.pdb,,-0.08283586225238251
AF3_treek100_top10,AF3,ShallowMsa_094,2ougC,0.6201792009721439,0.7448878845702366,-0.12470868359809273,Pipeline/FoldPairs/6c6sD_2ougC/output_AF/AF3_treek100_top10/ShallowMsa_094/2ougC/tmp_ShallowMsa_094__2ougC_first/tmp_ShallowMsa_094__2ougC_first_rank1_model.pdb,,-0.08878577957054873
AF3_treek100_top10,AF3,ShallowMsa_095,6c6sD,0.32396049570303515,0.32123746886134125,0.0027230268416938985,Pipeline/FoldPairs/6c6sD_2ougC/output_AF/AF3_treek100_top10/ShallowMsa_095/6c6sD/tmp_ShallowMsa_095__6c6sD_first/tmp_ShallowMsa_095__6c6sD_first_rank1_model.pdb,,0.044595848187404113
AF3_treek100_top10,AF3,ShallowMsa_095,2ougC,0.32396049570303515,0.32123746886134125,0.0027230268416938985,Pipeline/FoldPairs/6c6sD_2ougC/output_AF/AF3_treek100_top10/ShallowMsa_095/2ougC/tmp_ShallowMsa_095__2ougC_first/tmp_ShallowMsa_095__2ougC_first_rank1_model.pdb,,0.0386459308692379
AF3_treek100_top10,AF3,ShallowMsa_096,6c6sD,0.6268895117089538,0.7805689425194663,-0.1536794308105125,Pipeline/FoldPairs/6c6sD_2ougC/output_AF/AF3_treek100_top10/ShallowMsa_096/6c6sD/tmp_ShallowMsa_096__6c6sD_first/tmp_ShallowMsa_096__6c6sD_first_rank1_model.pdb,,-0.11180660946480228
AF3_treek100_top10,AF3,ShallowMsa_096,2ougC,0.6268895117089538,0.7805689425194663,-0.1536794308105125,Pipeline/FoldPairs/6c6sD_2ougC/output_AF/AF3_treek100_top10/ShallowMsa_096/2ougC/tmp_ShallowMsa_096__2ougC_first/tmp_ShallowMsa_096__2ougC_first_rank1_model.pdb,,-0.1177565267829685
AF3_treek100_top10,AF3,ShallowMsa_097,6c6sD,0.3360062220847305,0.4069060689749784,-0.07089984689024786,Pipeline/FoldPairs/6c6sD_2ougC/output_AF/AF3_treek100_top10/ShallowMsa_097/6c6sD/tmp_ShallowMsa_097__6c6sD_first/tmp_ShallowMsa_097__6c6sD_first_rank1_model.pdb,,-0.02902702554453765
AF3_treek100_top10,AF3,ShallowMsa_097,2ougC,0.3360062220847305,0.4069060689749784,-0.07089984689024786,Pipeline/FoldPairs/6c6sD_2ougC/output_AF/AF3_treek100_top10/ShallowMsa_097/2ougC/tmp_ShallowMsa_097__2ougC_first/tmp_ShallowMsa_097__2ougC_first_rank1_model.pdb,,-0.034976942862703864
AF3_treek100_top10,AF3,ShallowMsa_098,6c6sD,0.4739153307748549,0.5103024623030354,-0.036387131528180516,Pipeline/FoldPairs/6c6sD_2ougC/output_AF/AF3_treek100_top10/ShallowMsa_098/6c6sD/tmp_ShallowMsa_098__6c6sD_first/tmp_ShallowMsa_098__6c6sD_first_rank1_model.pdb,,0.005485689817529699
AF3_treek100_top10,AF3,ShallowMsa_098,2ougC,0.4739153307748549,0.5103024623030354,-0.036387131528180516,Pipeline/FoldPairs/6c6sD_2ougC/output_AF/AF3_treek100_top10/ShallowMsa_098/2ougC/tmp_ShallowMsa_098__2ougC_first/tmp_ShallowMsa_098__2ougC_first_rank1_model.pdb,,-0.00046422750063651597
AF3_treek100_top10,AF3,ShallowMsa_099,6c6sD,0.5460005174218067,0.5934912438275141,-0.047490726405707395,Pipeline/FoldPairs/6c6sD_2ougC/output_AF/AF3_treek100_top10/ShallowMsa_099/6c6sD/tmp_ShallowMsa_099__6c6sD_first/tmp_ShallowMsa_099__6c6sD_first_rank1_model.pdb,,-0.00561790505999718
AF3_treek100_top10,AF3,ShallowMsa_099,2ougC,0.5460005174218067,0.5934912438275141,-0.047490726405707395,Pipeline/FoldPairs/6c6sD_2ougC/output_AF/AF3_treek100_top10/ShallowMsa_099/2ougC/tmp_ShallowMsa_099__2ougC_first/tmp_ShallowMsa_099__2ougC_first_rank1_model.pdb,,-0.011567822378163395
