mode,version,cluster,chain,TM_F1,TM_F2,TMdiff,pred_pdb,error,TMdiff_centered
AF2_treek100_top10,AF2,ShallowMsa_000,2namA,0.1639046528492381,0.8012690026110143,-0.6373643497617762,Pipeline/FoldPairs/2namA_1uxmK/output_AF/AF2_treek100_top10/ShallowMsa_000/2namA/tmp_ShallowMsa_000__2namA_unrelaxed_rank_001_alphafold2_ptm_model_3_seed_000.pdb,,-0.17718265533737504
AF2_treek100_top10,AF2,ShallowMsa_000,1uxmK,0.1639046528492381,0.8012690026110143,-0.6373643497617762,Pipeline/FoldPairs/2namA_1uxmK/output_AF/AF2_treek100_top10/ShallowMsa_000/1uxmK/tmp_ShallowMsa_000__1uxmK_unrelaxed_rank_001_alphafold2_ptm_model_3_seed_000.pdb,,-0.17718265533737504
AF2_treek100_top10,AF2,ShallowMsa_001,2namA,0.19679847641645412,0.6808712676560381,-0.484072791239584,Pipeline/FoldPairs/2namA_1uxmK/output_AF/AF2_treek100_top10/ShallowMsa_001/2namA/tmp_ShallowMsa_001__2namA_unrelaxed_rank_001_alphafold2_ptm_model_1_seed_000.pdb,,-0.02389109681518281
AF2_treek100_top10,AF2,ShallowMsa_001,1uxmK,0.19679847641645412,0.6808712676560381,-0.484072791239584,Pipeline/FoldPairs/2namA_1uxmK/output_AF/AF2_treek100_top10/ShallowMsa_001/1uxmK/tmp_ShallowMsa_001__1uxmK_unrelaxed_rank_001_alphafold2_ptm_model_1_seed_000.pdb,,-0.02389109681518281
AF2_treek100_top10,AF2,ShallowMsa_002,2namA,0.17770719746249508,0.7667409518416746,-0.5890337543791795,Pipeline/FoldPairs/2namA_1uxmK/output_AF/AF2_treek100_top10/ShallowMsa_002/2namA/tmp_ShallowMsa_002__2namA_unrelaxed_rank_001_alphafold2_ptm_model_1_seed_000.pdb,,-0.12885205995477828
AF2_treek100_top10,AF2,ShallowMsa_002,1uxmK,0.17770719746249508,0.7667409518416746,-0.5890337543791795,Pipeline/FoldPairs/2namA_1uxmK/output_AF/AF2_treek100_top10/ShallowMsa_002/1uxmK/tmp_ShallowMsa_002__1uxmK_unrelaxed_rank_001_alphafold2_ptm_model_1_seed_000.pdb,,-0.12885205995477828
AF2_treek100_top10,AF2,ShallowMsa_003,2namA,0.1629079106620849,0.5329612036963578,-0.3700532930342729,Pipeline/FoldPairs/2namA_1uxmK/output_AF/AF2_treek100_top10/ShallowMsa_003/2namA/tmp_ShallowMsa_003__2namA_unrelaxed_rank_001_alphafold2_ptm_model_3_seed_000.pdb,,0.09012840139012829
AF2_treek100_top10,AF2,ShallowMsa_003,1uxmK,0.1629079106620849,0.5329612036963578,-0.3700532930342729,Pipeline/FoldPairs/2namA_1uxmK/output_AF/AF2_treek100_top10/ShallowMsa_003/1uxmK/tmp_ShallowMsa_003__1uxmK_unrelaxed_rank_001_alphafold2_ptm_model_3_seed_000.pdb,,0.09012840139012829
AF2_treek100_top10,AF2,ShallowMsa_004,2namA,0.1759967331038665,0.6250571750460694,-0.4490604419422029,Pipeline/FoldPairs/2namA_1uxmK/output_AF/AF2_treek100_top10/ShallowMsa_004/2namA/tmp_ShallowMsa_004__2namA_unrelaxed_rank_001_alphafold2_ptm_model_4_seed_000.pdb,,0.011121252482198307
AF2_treek100_top10,AF2,ShallowMsa_004,1uxmK,0.1759967331038665,0.6250571750460694,-0.4490604419422029,Pipeline/FoldPairs/2namA_1uxmK/output_AF/AF2_treek100_top10/ShallowMsa_004/1uxmK/tmp_ShallowMsa_004__1uxmK_unrelaxed_rank_001_alphafold2_ptm_model_4_seed_000.pdb,,0.011121252482198307
AF2_treek100_top10,AF2,ShallowMsa_005,2namA,0.18968578356800597,0.6335497796784803,-0.4438639961104743,Pipeline/FoldPairs/2namA_1uxmK/output_AF/AF2_treek100_top10/ShallowMsa_005/2namA/tmp_ShallowMsa_005__2namA_unrelaxed_rank_001_alphafold2_ptm_model_3_seed_000.pdb,,0.01631769831392693
AF2_treek100_top10,AF2,ShallowMsa_005,1uxmK,0.18968578356800597,0.6335497796784803,-0.4438639961104743,Pipeline/FoldPairs/2namA_1uxmK/output_AF/AF2_treek100_top10/ShallowMsa_005/1uxmK/tmp_ShallowMsa_005__1uxmK_unrelaxed_rank_001_alphafold2_ptm_model_3_seed_000.pdb,,0.01631769831392693
AF2_treek100_top10,AF2,ShallowMsa_006,2namA,0.18485642433071608,0.7398912760312322,-0.5550348517005161,Pipeline/FoldPairs/2namA_1uxmK/output_AF/AF2_treek100_top10/ShallowMsa_006/2namA/tmp_ShallowMsa_006__2namA_unrelaxed_rank_001_alphafold2_ptm_model_3_seed_000.pdb,,-0.09485315727611493
AF2_treek100_top10,AF2,ShallowMsa_006,1uxmK,0.18485642433071608,0.7398912760312322,-0.5550348517005161,Pipeline/FoldPairs/2namA_1uxmK/output_AF/AF2_treek100_top10/ShallowMsa_006/1uxmK/tmp_ShallowMsa_006__1uxmK_unrelaxed_rank_001_alphafold2_ptm_model_3_seed_000.pdb,,-0.09485315727611493
AF2_treek100_top10,AF2,ShallowMsa_007,2namA,0.2261256206063602,0.5173276060314168,-0.2912019854250566,Pipeline/FoldPairs/2namA_1uxmK/output_AF/AF2_treek100_top10/ShallowMsa_007/2namA/tmp_ShallowMsa_007__2namA_unrelaxed_rank_001_alphafold2_ptm_model_3_seed_000.pdb,,0.1689797089993446
AF2_treek100_top10,AF2,ShallowMsa_007,1uxmK,0.2261256206063602,0.5173276060314168,-0.2912019854250566,Pipeline/FoldPairs/2namA_1uxmK/output_AF/AF2_treek100_top10/ShallowMsa_007/1uxmK/tmp_ShallowMsa_007__1uxmK_unrelaxed_rank_001_alphafold2_ptm_model_3_seed_000.pdb,,0.1689797089993446
AF2_treek100_top10,AF2,ShallowMsa_008,2namA,0.187310321657499,0.8523108196208052,-0.6650004979633062,Pipeline/FoldPairs/2namA_1uxmK/output_AF/AF2_treek100_top10/ShallowMsa_008/2namA/tmp_ShallowMsa_008__2namA_unrelaxed_rank_001_alphafold2_ptm_model_3_seed_000.pdb,,-0.20481880353890497
AF2_treek100_top10,AF2,ShallowMsa_008,1uxmK,0.187310321657499,0.8523108196208052,-0.6650004979633062,Pipeline/FoldPairs/2namA_1uxmK/output_AF/AF2_treek100_top10/ShallowMsa_008/1uxmK/tmp_ShallowMsa_008__1uxmK_unrelaxed_rank_001_alphafold2_ptm_model_3_seed_000.pdb,,-0.20481880353890497
AF2_treek100_top10,AF2,ShallowMsa_009,2namA,0.17616546595879476,0.7894845814617601,-0.6133191155029654,Pipeline/FoldPairs/2namA_1uxmK/output_AF/AF2_treek100_top10/ShallowMsa_009/2namA/tmp_ShallowMsa_009__2namA_unrelaxed_rank_001_alphafold2_ptm_model_3_seed_000.pdb,,-0.15313742107856415
AF2_treek100_top10,AF2,ShallowMsa_009,1uxmK,0.17616546595879476,0.7894845814617601,-0.6133191155029654,Pipeline/FoldPairs/2namA_1uxmK/output_AF/AF2_treek100_top10/ShallowMsa_009/1uxmK/tmp_ShallowMsa_009__1uxmK_unrelaxed_rank_001_alphafold2_ptm_model_3_seed_000.pdb,,-0.15313742107856415
AF2_treek100_top10,AF2,ShallowMsa_010,2namA,0.19109390292515607,0.6368657515727114,-0.44577184864755537,Pipeline/FoldPairs/2namA_1uxmK/output_AF/AF2_treek100_top10/ShallowMsa_010/2namA/tmp_ShallowMsa_010__2namA_unrelaxed_rank_001_alphafold2_ptm_model_3_seed_000.pdb,,0.014409845776845842
AF2_treek100_top10,AF2,ShallowMsa_010,1uxmK,0.19109390292515607,0.6368657515727114,-0.44577184864755537,Pipeline/FoldPairs/2namA_1uxmK/output_AF/AF2_treek100_top10/ShallowMsa_010/1uxmK/tmp_ShallowMsa_010__1uxmK_unrelaxed_rank_001_alphafold2_ptm_model_3_seed_000.pdb,,0.014409845776845842
AF2_treek100_top10,AF2,ShallowMsa_011,2namA,0.17904181866306546,0.7302508758813661,-0.5512090572183006,Pipeline/FoldPairs/2namA_1uxmK/output_AF/AF2_treek100_top10/ShallowMsa_011/2namA/tmp_ShallowMsa_011__2namA_unrelaxed_rank_001_alphafold2_ptm_model_5_seed_000.pdb,,-0.09102736279389939
AF2_treek100_top10,AF2,ShallowMsa_011,1uxmK,0.17904181866306546,0.7302508758813661,-0.5512090572183006,Pipeline/FoldPairs/2namA_1uxmK/output_AF/AF2_treek100_top10/ShallowMsa_011/1uxmK/tmp_ShallowMsa_011__1uxmK_unrelaxed_rank_001_alphafold2_ptm_model_5_seed_000.pdb,,-0.09102736279389939
AF2_treek100_top10,AF2,ShallowMsa_012,2namA,0.20995234628680157,0.6733168793376235,-0.4633645330508219,Pipeline/FoldPairs/2namA_1uxmK/output_AF/AF2_treek100_top10/ShallowMsa_012/2namA/tmp_ShallowMsa_012__2namA_unrelaxed_rank_001_alphafold2_ptm_model_3_seed_000.pdb,,-0.0031828386264207142
AF2_treek100_top10,AF2,ShallowMsa_012,1uxmK,0.20995234628680157,0.6733168793376235,-0.4633645330508219,Pipeline/FoldPairs/2namA_1uxmK/output_AF/AF2_treek100_top10/ShallowMsa_012/1uxmK/tmp_ShallowMsa_012__1uxmK_unrelaxed_rank_001_alphafold2_ptm_model_3_seed_000.pdb,,-0.0031828386264207142
AF2_treek100_top10,AF2,ShallowMsa_013,2namA,0.21898758988524328,0.6623327669808938,-0.4433451770956506,Pipeline/FoldPairs/2namA_1uxmK/output_AF/AF2_treek100_top10/ShallowMsa_013/2namA/tmp_ShallowMsa_013__2namA_unrelaxed_rank_001_alphafold2_ptm_model_4_seed_000.pdb,,0.016836517328750633
AF2_treek100_top10,AF2,ShallowMsa_013,1uxmK,0.21898758988524328,0.6623327669808938,-0.4433451770956506,Pipeline/FoldPairs/2namA_1uxmK/output_AF/AF2_treek100_top10/ShallowMsa_013/1uxmK/tmp_ShallowMsa_013__1uxmK_unrelaxed_rank_001_alphafold2_ptm_model_4_seed_000.pdb,,0.016836517328750633
AF2_treek100_top10,AF2,ShallowMsa_014,2namA,0.18710629566529743,0.7141840473613374,-0.52707775169604,Pipeline/FoldPairs/2namA_1uxmK/output_AF/AF2_treek100_top10/ShallowMsa_014/2namA/tmp_ShallowMsa_014__2namA_unrelaxed_rank_001_alphafold2_ptm_model_5_seed_000.pdb,,-0.06689605727163878
AF2_treek100_top10,AF2,ShallowMsa_014,1uxmK,0.18710629566529743,0.7141840473613374,-0.52707775169604,Pipeline/FoldPairs/2namA_1uxmK/output_AF/AF2_treek100_top10/ShallowMsa_014/1uxmK/tmp_ShallowMsa_014__1uxmK_unrelaxed_rank_001_alphafold2_ptm_model_5_seed_000.pdb,,-0.06689605727163878
AF2_treek100_top10,AF2,ShallowMsa_015,2namA,0.2173913001121758,0.5616365247670722,-0.3442452246548964,Pipeline/FoldPairs/2namA_1uxmK/output_AF/AF2_treek100_top10/ShallowMsa_015/2namA/tmp_ShallowMsa_015__2namA_unrelaxed_rank_001_alphafold2_ptm_model_3_seed_000.pdb,,0.11593646976950484
AF2_treek100_top10,AF2,ShallowMsa_015,1uxmK,0.2173913001121758,0.5616365247670722,-0.3442452246548964,Pipeline/FoldPairs/2namA_1uxmK/output_AF/AF2_treek100_top10/ShallowMsa_015/1uxmK/tmp_ShallowMsa_015__1uxmK_unrelaxed_rank_001_alphafold2_ptm_model_3_seed_000.pdb,,0.11593646976950484
AF2_treek100_top10,AF2,ShallowMsa_016,2namA,0.1921268817297675,0.8050734574380711,-0.6129465757083037,Pipeline/FoldPairs/2namA_1uxmK/output_AF/AF2_treek100_top10/ShallowMsa_016/2namA/tmp_ShallowMsa_016__2namA_unrelaxed_rank_001_alphafold2_ptm_model_3_seed_000.pdb,,-0.15276488128390248
AF2_treek100_top10,AF2,ShallowMsa_016,1uxmK,0.1921268817297675,0.8050734574380711,-0.6129465757083037,Pipeline/FoldPairs/2namA_1uxmK/output_AF/AF2_treek100_top10/ShallowMsa_016/1uxmK/tmp_ShallowMsa_016__1uxmK_unrelaxed_rank_001_alphafold2_ptm_model_3_seed_000.pdb,,-0.15276488128390248
AF2_treek100_top10,AF2,ShallowMsa_017,2namA,0.22103228087507085,0.5774663614123612,-0.3564340805372903,Pipeline/FoldPairs/2namA_1uxmK/output_AF/AF2_treek100_top10/ShallowMsa_017/2namA/tmp_ShallowMsa_017__2namA_unrelaxed_rank_001_alphafold2_ptm_model_3_seed_000.pdb,,0.1037476138871109
AF2_treek100_top10,AF2,ShallowMsa_017,1uxmK,0.22103228087507085,0.5774663614123612,-0.3564340805372903,Pipeline/FoldPairs/2namA_1uxmK/output_AF/AF2_treek100_top10/ShallowMsa_017/1uxmK/tmp_ShallowMsa_017__1uxmK_unrelaxed_rank_001_alphafold2_ptm_model_3_seed_000.pdb,,0.1037476138871109
AF2_treek100_top10,AF2,ShallowMsa_018,2namA,0.20556245012563962,0.7343592979019228,-0.5287968477762832,Pipeline/FoldPairs/2namA_1uxmK/output_AF/AF2_treek100_top10/ShallowMsa_018/2namA/tmp_ShallowMsa_018__2namA_unrelaxed_rank_001_alphafold2_ptm_model_1_seed_000.pdb,,-0.06861515335188201
AF2_treek100_top10,AF2,ShallowMsa_018,1uxmK,0.20556245012563962,0.7343592979019228,-0.5287968477762832,Pipeline/FoldPairs/2namA_1uxmK/output_AF/AF2_treek100_top10/ShallowMsa_018/1uxmK/tmp_ShallowMsa_018__1uxmK_unrelaxed_rank_001_alphafold2_ptm_model_1_seed_000.pdb,,-0.06861515335188201
AF2_treek100_top10,AF2,ShallowMsa_019,2namA,0.16683657215657832,0.8569842769441964,-0.6901477047876181,Pipeline/FoldPairs/2namA_1uxmK/output_AF/AF2_treek100_top10/ShallowMsa_019/2namA/tmp_ShallowMsa_019__2namA_unrelaxed_rank_001_alphafold2_ptm_model_4_seed_000.pdb,,-0.2299660103632169
AF2_treek100_top10,AF2,ShallowMsa_019,1uxmK,0.16683657215657832,0.8569842769441964,-0.6901477047876181,Pipeline/FoldPairs/2namA_1uxmK/output_AF/AF2_treek100_top10/ShallowMsa_019/1uxmK/tmp_ShallowMsa_019__1uxmK_unrelaxed_rank_001_alphafold2_ptm_model_4_seed_000.pdb,,-0.2299660103632169
AF2_treek100_top10,AF2,ShallowMsa_020,2namA,0.18702475330579224,0.6322079614769068,-0.44518320817111456,Pipeline/FoldPairs/2namA_1uxmK/output_AF/AF2_treek100_top10/ShallowMsa_020/2namA/tmp_ShallowMsa_020__2namA_unrelaxed_rank_001_alphafold2_ptm_model_5_seed_000.pdb,,0.014998486253286647
AF2_treek100_top10,AF2,ShallowMsa_020,1uxmK,0.18702475330579224,0.6322079614769068,-0.44518320817111456,Pipeline/FoldPairs/2namA_1uxmK/output_AF/AF2_treek100_top10/ShallowMsa_020/1uxmK/tmp_ShallowMsa_020__1uxmK_unrelaxed_rank_001_alphafold2_ptm_model_5_seed_000.pdb,,0.014998486253286647
AF2_treek100_top10,AF2,ShallowMsa_021,2namA,0.23298763488232202,0.5267926173247194,-0.2938049824423974,Pipeline/FoldPairs/2namA_1uxmK/output_AF/AF2_treek100_top10/ShallowMsa_021/2namA/tmp_ShallowMsa_021__2namA_unrelaxed_rank_001_alphafold2_ptm_model_1_seed_000.pdb,,0.16637671198200382
AF2_treek100_top10,AF2,ShallowMsa_021,1uxmK,0.23298763488232202,0.5267926173247194,-0.2938049824423974,Pipeline/FoldPairs/2namA_1uxmK/output_AF/AF2_treek100_top10/ShallowMsa_021/1uxmK/tmp_ShallowMsa_021__1uxmK_unrelaxed_rank_001_alphafold2_ptm_model_1_seed_000.pdb,,0.16637671198200382
AF2_treek100_top10,AF2,ShallowMsa_022,2namA,0.20889054736524057,0.6267178141736067,-0.4178272668083661,Pipeline/FoldPairs/2namA_1uxmK/output_AF/AF2_treek100_top10/ShallowMsa_022/2namA/tmp_ShallowMsa_022__2namA_unrelaxed_rank_001_alphafold2_ptm_model_5_seed_000.pdb,,0.042354427616035084
AF2_treek100_top10,AF2,ShallowMsa_022,1uxmK,0.20889054736524057,0.6267178141736067,-0.4178272668083661,Pipeline/FoldPairs/2namA_1uxmK/output_AF/AF2_treek100_top10/ShallowMsa_022/1uxmK/tmp_ShallowMsa_022__1uxmK_unrelaxed_rank_001_alphafold2_ptm_model_5_seed_000.pdb,,0.042354427616035084
AF2_treek100_top10,AF2,ShallowMsa_023,2namA,0.20372355451452848,0.7583952504883396,-0.554671695973811,Pipeline/FoldPairs/2namA_1uxmK/output_AF/AF2_treek100_top10/ShallowMsa_023/2namA/tmp_ShallowMsa_023__2namA_unrelaxed_rank_001_alphafold2_ptm_model_1_seed_000.pdb,,-0.09449000154940984
AF2_treek100_top10,AF2,ShallowMsa_023,1uxmK,0.20372355451452848,0.7583952504883396,-0.554671695973811,Pipeline/FoldPairs/2namA_1uxmK/output_AF/AF2_treek100_top10/ShallowMsa_023/1uxmK/tmp_ShallowMsa_023__1uxmK_unrelaxed_rank_001_alphafold2_ptm_model_1_seed_000.pdb,,-0.09449000154940984
AF2_treek100_top10,AF2,ShallowMsa_024,2namA,0.20372655888468902,0.6135368804506423,-0.4098103215659532,Pipeline/FoldPairs/2namA_1uxmK/output_AF/AF2_treek100_top10/ShallowMsa_024/2namA/tmp_ShallowMsa_024__2namA_unrelaxed_rank_001_alphafold2_ptm_model_4_seed_000.pdb,,0.050371372858448005
AF2_treek100_top10,AF2,ShallowMsa_024,1uxmK,0.20372655888468902,0.6135368804506423,-0.4098103215659532,Pipeline/FoldPairs/2namA_1uxmK/output_AF/AF2_treek100_top10/ShallowMsa_024/1uxmK/tmp_ShallowMsa_024__1uxmK_unrelaxed_rank_001_alphafold2_ptm_model_4_seed_000.pdb,,0.050371372858448005
AF2_treek100_top10,AF2,ShallowMsa_025,2namA,0.15887310367625176,0.9289803239154771,-0.7701072202392254,Pipeline/FoldPairs/2namA_1uxmK/output_AF/AF2_treek100_top10/ShallowMsa_025/2namA/tmp_ShallowMsa_025__2namA_unrelaxed_rank_001_alphafold2_ptm_model_1_seed_000.pdb,,-0.3099255258148242
AF2_treek100_top10,AF2,ShallowMsa_025,1uxmK,0.15019709636721254,0.9278951710002373,-0.7776980746330248,Pipeline/FoldPairs/2namA_1uxmK/output_AF/AF2_treek100_top10/ShallowMsa_025/1uxmK/tmp_ShallowMsa_025__1uxmK_unrelaxed_rank_001_alphafold2_ptm_model_3_seed_000.pdb,,-0.31751638020862355
AF2_treek100_top10,AF2,ShallowMsa_026,2namA,0.18637088196622054,0.6307387503252494,-0.44436786835902886,Pipeline/FoldPairs/2namA_1uxmK/output_AF/AF2_treek100_top10/ShallowMsa_026/2namA/tmp_ShallowMsa_026__2namA_unrelaxed_rank_001_alphafold2_ptm_model_1_seed_000.pdb,,0.01581382606537235
AF2_treek100_top10,AF2,ShallowMsa_026,1uxmK,0.18637088196622054,0.6307387503252494,-0.44436786835902886,Pipeline/FoldPairs/2namA_1uxmK/output_AF/AF2_treek100_top10/ShallowMsa_026/1uxmK/tmp_ShallowMsa_026__1uxmK_unrelaxed_rank_001_alphafold2_ptm_model_1_seed_000.pdb,,0.01581382606537235
AF2_treek100_top10,AF2,ShallowMsa_027,2namA,0.16624267557411174,0.7499878087819067,-0.583745133207795,Pipeline/FoldPairs/2namA_1uxmK/output_AF/AF2_treek100_top10/ShallowMsa_027/2namA/tmp_ShallowMsa_027__2namA_unrelaxed_rank_001_alphafold2_ptm_model_2_seed_000.pdb,,-0.12356343878339376
AF2_treek100_top10,AF2,ShallowMsa_027,1uxmK,0.16624267557411174,0.7499878087819067,-0.583745133207795,Pipeline/FoldPairs/2namA_1uxmK/output_AF/AF2_treek100_top10/ShallowMsa_027/1uxmK/tmp_ShallowMsa_027__1uxmK_unrelaxed_rank_001_alphafold2_ptm_model_2_seed_000.pdb,,-0.12356343878339376
AF2_treek100_top10,AF2,ShallowMsa_028,2namA,0.20492973564795133,0.5750217991550934,-0.3700920635071421,Pipeline/FoldPairs/2namA_1uxmK/output_AF/AF2_treek100_top10/ShallowMsa_028/2namA/tmp_ShallowMsa_028__2namA_unrelaxed_rank_001_alphafold2_ptm_model_4_seed_000.pdb,,0.09008963091725913
AF2_treek100_top10,AF2,ShallowMsa_028,1uxmK,0.20492973564795133,0.5750217991550934,-0.3700920635071421,Pipeline/FoldPairs/2namA_1uxmK/output_AF/AF2_treek100_top10/ShallowMsa_028/1uxmK/tmp_ShallowMsa_028__1uxmK_unrelaxed_rank_001_alphafold2_ptm_model_4_seed_000.pdb,,0.09008963091725913
AF2_treek100_top10,AF2,ShallowMsa_029,2namA,0.19085173217565485,0.597860245357349,-0.4070085131816942,Pipeline/FoldPairs/2namA_1uxmK/output_AF/AF2_treek100_top10/ShallowMsa_029/2namA/tmp_ShallowMsa_029__2namA_unrelaxed_rank_001_alphafold2_ptm_model_1_seed_000.pdb,,0.053173181242707035
AF2_treek100_top10,AF2,ShallowMsa_029,1uxmK,0.19085173217565485,0.597860245357349,-0.4070085131816942,Pipeline/FoldPairs/2namA_1uxmK/output_AF/AF2_treek100_top10/ShallowMsa_029/1uxmK/tmp_ShallowMsa_029__1uxmK_unrelaxed_rank_001_alphafold2_ptm_model_1_seed_000.pdb,,0.053173181242707035
AF2_treek100_top10,AF2,ShallowMsa_030,2namA,0.1955266628342062,0.6501868304243204,-0.4546601675901142,Pipeline/FoldPairs/2namA_1uxmK/output_AF/AF2_treek100_top10/ShallowMsa_030/2namA/tmp_ShallowMsa_030__2namA_unrelaxed_rank_001_alphafold2_ptm_model_3_seed_000.pdb,,0.005521526834287027
AF2_treek100_top10,AF2,ShallowMsa_030,1uxmK,0.1955266628342062,0.6501868304243204,-0.4546601675901142,Pipeline/FoldPairs/2namA_1uxmK/output_AF/AF2_treek100_top10/ShallowMsa_030/1uxmK/tmp_ShallowMsa_030__1uxmK_unrelaxed_rank_001_alphafold2_ptm_model_3_seed_000.pdb,,0.005521526834287027
AF2_treek100_top10,AF2,ShallowMsa_031,2namA,0.17949223784118964,0.6367609166144259,-0.4572686787732363,Pipeline/FoldPairs/2namA_1uxmK/output_AF/AF2_treek100_top10/ShallowMsa_031/2namA/tmp_ShallowMsa_031__2namA_unrelaxed_rank_001_alphafold2_ptm_model_4_seed_000.pdb,,0.0029130156511649186
AF2_treek100_top10,AF2,ShallowMsa_031,1uxmK,0.17949223784118964,0.6367609166144259,-0.4572686787732363,Pipeline/FoldPairs/2namA_1uxmK/output_AF/AF2_treek100_top10/ShallowMsa_031/1uxmK/tmp_ShallowMsa_031__1uxmK_unrelaxed_rank_001_alphafold2_ptm_model_4_seed_000.pdb,,0.0029130156511649186
AF2_treek100_top10,AF2,ShallowMsa_032,2namA,0.19573051337747105,0.6943461463139976,-0.49861563293652655,Pipeline/FoldPairs/2namA_1uxmK/output_AF/AF2_treek100_top10/ShallowMsa_032/2namA/tmp_ShallowMsa_032__2namA_unrelaxed_rank_001_alphafold2_ptm_model_3_seed_000.pdb,,-0.03843393851212534
AF2_treek100_top10,AF2,ShallowMsa_032,1uxmK,0.19573051337747105,0.6943461463139976,-0.49861563293652655,Pipeline/FoldPairs/2namA_1uxmK/output_AF/AF2_treek100_top10/ShallowMsa_032/1uxmK/tmp_ShallowMsa_032__1uxmK_unrelaxed_rank_001_alphafold2_ptm_model_3_seed_000.pdb,,-0.03843393851212534
AF2_treek100_top10,AF2,ShallowMsa_033,2namA,0.21353202997435847,0.6154519171722753,-0.4019198871979168,Pipeline/FoldPairs/2namA_1uxmK/output_AF/AF2_treek100_top10/ShallowMsa_033/2namA/tmp_ShallowMsa_033__2namA_unrelaxed_rank_001_alphafold2_ptm_model_4_seed_000.pdb,,0.058261807226484386
AF2_treek100_top10,AF2,ShallowMsa_033,1uxmK,0.21353202997435847,0.6154519171722753,-0.4019198871979168,Pipeline/FoldPairs/2namA_1uxmK/output_AF/AF2_treek100_top10/ShallowMsa_033/1uxmK/tmp_ShallowMsa_033__1uxmK_unrelaxed_rank_001_alphafold2_ptm_model_4_seed_000.pdb,,0.058261807226484386
AF2_treek100_top10,AF2,ShallowMsa_034,2namA,0.19957676705635716,0.3296343341889866,-0.13005756713262942,Pipeline/FoldPairs/2namA_1uxmK/output_AF/AF2_treek100_top10/ShallowMsa_034/2namA/tmp_ShallowMsa_034__2namA_unrelaxed_rank_001_alphafold2_ptm_model_2_seed_000.pdb,,0.33012412729177176
AF2_treek100_top10,AF2,ShallowMsa_034,1uxmK,0.19957676705635716,0.3296343341889866,-0.13005756713262942,Pipeline/FoldPairs/2namA_1uxmK/output_AF/AF2_treek100_top10/ShallowMsa_034/1uxmK/tmp_ShallowMsa_034__1uxmK_unrelaxed_rank_001_alphafold2_ptm_model_2_seed_000.pdb,,0.33012412729177176
AF2_treek100_top10,AF2,ShallowMsa_035,2namA,0.17706742714095267,0.5546533187493489,-0.3775858916083962,Pipeline/FoldPairs/2namA_1uxmK/output_AF/AF2_treek100_top10/ShallowMsa_035/2namA/tmp_ShallowMsa_035__2namA_unrelaxed_rank_001_alphafold2_ptm_model_3_seed_000.pdb,,0.08259580281600504
AF2_treek100_top10,AF2,ShallowMsa_035,1uxmK,0.17706742714095267,0.5546533187493489,-0.3775858916083962,Pipeline/FoldPairs/2namA_1uxmK/output_AF/AF2_treek100_top10/ShallowMsa_035/1uxmK/tmp_ShallowMsa_035__1uxmK_unrelaxed_rank_001_alphafold2_ptm_model_3_seed_000.pdb,,0.08259580281600504
AF2_treek100_top10,AF2,ShallowMsa_036,2namA,0.17372380075724692,0.6270388513067473,-0.4533150505495004,Pipeline/FoldPairs/2namA_1uxmK/output_AF/AF2_treek100_top10/ShallowMsa_036/2namA/tmp_ShallowMsa_036__2namA_unrelaxed_rank_001_alphafold2_ptm_model_3_seed_000.pdb,,0.006866643874900824
AF2_treek100_top10,AF2,ShallowMsa_036,1uxmK,0.17372380075724692,0.6270388513067473,-0.4533150505495004,Pipeline/FoldPairs/2namA_1uxmK/output_AF/AF2_treek100_top10/ShallowMsa_036/1uxmK/tmp_ShallowMsa_036__1uxmK_unrelaxed_rank_001_alphafold2_ptm_model_3_seed_000.pdb,,0.006866643874900824
AF2_treek100_top10,AF2,ShallowMsa_037,2namA,0.1962337606507401,0.5582526929034599,-0.3620189322527198,Pipeline/FoldPairs/2namA_1uxmK/output_AF/AF2_treek100_top10/ShallowMsa_037/2namA/tmp_ShallowMsa_037__2namA_unrelaxed_rank_001_alphafold2_ptm_model_4_seed_000.pdb,,0.0981627621716814
AF2_treek100_top10,AF2,ShallowMsa_037,1uxmK,0.1962337606507401,0.5582526929034599,-0.3620189322527198,Pipeline/FoldPairs/2namA_1uxmK/output_AF/AF2_treek100_top10/ShallowMsa_037/1uxmK/tmp_ShallowMsa_037__1uxmK_unrelaxed_rank_001_alphafold2_ptm_model_4_seed_000.pdb,,0.0981627621716814
AF2_treek100_top10,AF2,ShallowMsa_038,2namA,0.17951794403600024,0.8118570531847616,-0.6323391091487613,Pipeline/FoldPairs/2namA_1uxmK/output_AF/AF2_treek100_top10/ShallowMsa_038/2namA/tmp_ShallowMsa_038__2namA_unrelaxed_rank_001_alphafold2_ptm_model_2_seed_000.pdb,,-0.17215741472436014
AF2_treek100_top10,AF2,ShallowMsa_038,1uxmK,0.17951794403600024,0.8118570531847616,-0.6323391091487613,Pipeline/FoldPairs/2namA_1uxmK/output_AF/AF2_treek100_top10/ShallowMsa_038/1uxmK/tmp_ShallowMsa_038__1uxmK_unrelaxed_rank_001_alphafold2_ptm_model_2_seed_000.pdb,,-0.17215741472436014
AF2_treek100_top10,AF2,ShallowMsa_039,2namA,0.19660033356212814,0.7847677310294572,-0.588167397467329,Pipeline/FoldPairs/2namA_1uxmK/output_AF/AF2_treek100_top10/ShallowMsa_039/2namA/tmp_ShallowMsa_039__2namA_unrelaxed_rank_001_alphafold2_ptm_model_3_seed_000.pdb,,-0.12798570304292783
AF2_treek100_top10,AF2,ShallowMsa_039,1uxmK,0.19660033356212814,0.7847677310294572,-0.588167397467329,Pipeline/FoldPairs/2namA_1uxmK/output_AF/AF2_treek100_top10/ShallowMsa_039/1uxmK/tmp_ShallowMsa_039__1uxmK_unrelaxed_rank_001_alphafold2_ptm_model_3_seed_000.pdb,,-0.12798570304292783
AF2_treek100_top10,AF2,ShallowMsa_040,2namA,0.15621086678307952,0.5297008177800621,-0.37348995099698257,Pipeline/FoldPairs/2namA_1uxmK/output_AF/AF2_treek100_top10/ShallowMsa_040/2namA/tmp_ShallowMsa_040__2namA_unrelaxed_rank_001_alphafold2_ptm_model_4_seed_000.pdb,,0.08669174342741864
AF2_treek100_top10,AF2,ShallowMsa_040,1uxmK,0.15621086678307952,0.5297008177800621,-0.37348995099698257,Pipeline/FoldPairs/2namA_1uxmK/output_AF/AF2_treek100_top10/ShallowMsa_040/1uxmK/tmp_ShallowMsa_040__1uxmK_unrelaxed_rank_001_alphafold2_ptm_model_4_seed_000.pdb,,0.08669174342741864
AF2_treek100_top10,AF2,ShallowMsa_041,2namA,0.18285549703763615,0.6495053062166486,-0.46664980917901244,Pipeline/FoldPairs/2namA_1uxmK/output_AF/AF2_treek100_top10/ShallowMsa_041/2namA/tmp_ShallowMsa_041__2namA_unrelaxed_rank_001_alphafold2_ptm_model_3_seed_000.pdb,,-0.006468114754611232
AF2_treek100_top10,AF2,ShallowMsa_041,1uxmK,0.18285549703763615,0.6495053062166486,-0.46664980917901244,Pipeline/FoldPairs/2namA_1uxmK/output_AF/AF2_treek100_top10/ShallowMsa_041/1uxmK/tmp_ShallowMsa_041__1uxmK_unrelaxed_rank_001_alphafold2_ptm_model_3_seed_000.pdb,,-0.006468114754611232
AF2_treek100_top10,AF2,ShallowMsa_042,2namA,0.1766518620834217,0.740425262319515,-0.5637734002360932,Pipeline/FoldPairs/2namA_1uxmK/output_AF/AF2_treek100_top10/ShallowMsa_042/2namA/tmp_ShallowMsa_042__2namA_unrelaxed_rank_001_alphafold2_ptm_model_5_seed_000.pdb,,-0.10359170581169203
AF2_treek100_top10,AF2,ShallowMsa_042,1uxmK,0.1766518620834217,0.740425262319515,-0.5637734002360932,Pipeline/FoldPairs/2namA_1uxmK/output_AF/AF2_treek100_top10/ShallowMsa_042/1uxmK/tmp_ShallowMsa_042__1uxmK_unrelaxed_rank_001_alphafold2_ptm_model_5_seed_000.pdb,,-0.10359170581169203
AF2_treek100_top10,AF2,ShallowMsa_043,2namA,0.21902606650156364,0.6834891743751241,-0.4644631078735605,Pipeline/FoldPairs/2namA_1uxmK/output_AF/AF2_treek100_top10/ShallowMsa_043/2namA/tmp_ShallowMsa_043__2namA_unrelaxed_rank_001_alphafold2_ptm_model_3_seed_000.pdb,,-0.004281413449159277
AF2_treek100_top10,AF2,ShallowMsa_043,1uxmK,0.21902606650156364,0.6834891743751241,-0.4644631078735605,Pipeline/FoldPairs/2namA_1uxmK/output_AF/AF2_treek100_top10/ShallowMsa_043/1uxmK/tmp_ShallowMsa_043__1uxmK_unrelaxed_rank_001_alphafold2_ptm_model_3_seed_000.pdb,,-0.004281413449159277
AF2_treek100_top10,AF2,ShallowMsa_044,2namA,0.18519772298681147,0.6444884822582488,-0.45929075927143737,Pipeline/FoldPairs/2namA_1uxmK/output_AF/AF2_treek100_top10/ShallowMsa_044/2namA/tmp_ShallowMsa_044__2namA_unrelaxed_rank_001_alphafold2_ptm_model_5_seed_000.pdb,,0.0008909351529638454
AF2_treek100_top10,AF2,ShallowMsa_044,1uxmK,0.18519772298681147,0.6444884822582488,-0.45929075927143737,Pipeline/FoldPairs/2namA_1uxmK/output_AF/AF2_treek100_top10/ShallowMsa_044/1uxmK/tmp_ShallowMsa_044__1uxmK_unrelaxed_rank_001_alphafold2_ptm_model_5_seed_000.pdb,,0.0008909351529638454
AF2_treek100_top10,AF2,ShallowMsa_045,2namA,0.19353703585004967,0.6367538436415886,-0.44321680779153894,Pipeline/FoldPairs/2namA_1uxmK/output_AF/AF2_treek100_top10/ShallowMsa_045/2namA/tmp_ShallowMsa_045__2namA_unrelaxed_rank_001_alphafold2_ptm_model_3_seed_000.pdb,,0.016964886632862275
AF2_treek100_top10,AF2,ShallowMsa_045,1uxmK,0.19353703585004967,0.6367538436415886,-0.44321680779153894,Pipeline/FoldPairs/2namA_1uxmK/output_AF/AF2_treek100_top10/ShallowMsa_045/1uxmK/tmp_ShallowMsa_045__1uxmK_unrelaxed_rank_001_alphafold2_ptm_model_3_seed_000.pdb,,0.016964886632862275
AF2_treek100_top10,AF2,ShallowMsa_046,2namA,0.189831332927832,0.6861577404568613,-0.4963264075290293,Pipeline/FoldPairs/2namA_1uxmK/output_AF/AF2_treek100_top10/ShallowMsa_046/2namA/tmp_ShallowMsa_046__2namA_unrelaxed_rank_001_alphafold2_ptm_model_3_seed_000.pdb,,-0.03614471310462808
AF2_treek100_top10,AF2,ShallowMsa_046,1uxmK,0.189831332927832,0.6861577404568613,-0.4963264075290293,Pipeline/FoldPairs/2namA_1uxmK/output_AF/AF2_treek100_top10/ShallowMsa_046/1uxmK/tmp_ShallowMsa_046__1uxmK_unrelaxed_rank_001_alphafold2_ptm_model_3_seed_000.pdb,,-0.03614471310462808
AF2_treek100_top10,AF2,ShallowMsa_047,2namA,0.17430658384944225,0.6332029092817535,-0.45889632543231124,Pipeline/FoldPairs/2namA_1uxmK/output_AF/AF2_treek100_top10/ShallowMsa_047/2namA/tmp_ShallowMsa_047__2namA_unrelaxed_rank_001_alphafold2_ptm_model_3_seed_000.pdb,,0.0012853689920899747
AF2_treek100_top10,AF2,ShallowMsa_047,1uxmK,0.17430658384944225,0.6332029092817535,-0.45889632543231124,Pipeline/FoldPairs/2namA_1uxmK/output_AF/AF2_treek100_top10/ShallowMsa_047/1uxmK/tmp_ShallowMsa_047__1uxmK_unrelaxed_rank_001_alphafold2_ptm_model_3_seed_000.pdb,,0.0012853689920899747
AF2_treek100_top10,AF2,ShallowMsa_048,2namA,0.2018397200675671,0.3063154903447452,-0.10447577027717811,Pipeline/FoldPairs/2namA_1uxmK/output_AF/AF2_treek100_top10/ShallowMsa_048/2namA/tmp_ShallowMsa_048__2namA_unrelaxed_rank_001_alphafold2_ptm_model_4_seed_000.pdb,,0.35570592414722313
AF2_treek100_top10,AF2,ShallowMsa_048,1uxmK,0.2018397200675671,0.3063154903447452,-0.10447577027717811,Pipeline/FoldPairs/2namA_1uxmK/output_AF/AF2_treek100_top10/ShallowMsa_048/1uxmK/tmp_ShallowMsa_048__1uxmK_unrelaxed_rank_001_alphafold2_ptm_model_4_seed_000.pdb,,0.35570592414722313
AF2_treek100_top10,AF2,ShallowMsa_049,2namA,0.23326793503880755,0.48231949843798494,-0.2490515633991774,Pipeline/FoldPairs/2namA_1uxmK/output_AF/AF2_treek100_top10/ShallowMsa_049/2namA/tmp_ShallowMsa_049__2namA_unrelaxed_rank_001_alphafold2_ptm_model_4_seed_000.pdb,,0.21113013102522382
AF2_treek100_top10,AF2,ShallowMsa_049,1uxmK,0.23326793503880755,0.48231949843798494,-0.2490515633991774,Pipeline/FoldPairs/2namA_1uxmK/output_AF/AF2_treek100_top10/ShallowMsa_049/1uxmK/tmp_ShallowMsa_049__1uxmK_unrelaxed_rank_001_alphafold2_ptm_model_4_seed_000.pdb,,0.21113013102522382
AF2_treek100_top10,AF2,ShallowMsa_050,2namA,0.18883847603575732,0.5838395120659547,-0.3950010360301974,Pipeline/FoldPairs/2namA_1uxmK/output_AF/AF2_treek100_top10/ShallowMsa_050/2namA/tmp_ShallowMsa_050__2namA_unrelaxed_rank_001_alphafold2_ptm_model_4_seed_000.pdb,,0.06518065839420378
AF2_treek100_top10,AF2,ShallowMsa_050,1uxmK,0.18883847603575732,0.5838395120659547,-0.3950010360301974,Pipeline/FoldPairs/2namA_1uxmK/output_AF/AF2_treek100_top10/ShallowMsa_050/1uxmK/tmp_ShallowMsa_050__1uxmK_unrelaxed_rank_001_alphafold2_ptm_model_4_seed_000.pdb,,0.06518065839420378
AF2_treek100_top10,AF2,ShallowMsa_051,2namA,0.21503519187228157,0.32637708845217084,-0.11134189657988927,Pipeline/FoldPairs/2namA_1uxmK/output_AF/AF2_treek100_top10/ShallowMsa_051/2namA/tmp_ShallowMsa_051__2namA_unrelaxed_rank_001_alphafold2_ptm_model_3_seed_000.pdb,,0.3488397978445119
AF2_treek100_top10,AF2,ShallowMsa_051,1uxmK,0.21503519187228157,0.32637708845217084,-0.11134189657988927,Pipeline/FoldPairs/2namA_1uxmK/output_AF/AF2_treek100_top10/ShallowMsa_051/1uxmK/tmp_ShallowMsa_051__1uxmK_unrelaxed_rank_001_alphafold2_ptm_model_3_seed_000.pdb,,0.3488397978445119
AF2_treek100_top10,AF2,ShallowMsa_052,2namA,0.19559515927345386,0.6351597908203924,-0.4395646315469386,Pipeline/FoldPairs/2namA_1uxmK/output_AF/AF2_treek100_top10/ShallowMsa_052/2namA/tmp_ShallowMsa_052__2namA_unrelaxed_rank_001_alphafold2_ptm_model_1_seed_000.pdb,,0.020617062877462622
AF2_treek100_top10,AF2,ShallowMsa_052,1uxmK,0.19559515927345386,0.6351597908203924,-0.4395646315469386,Pipeline/FoldPairs/2namA_1uxmK/output_AF/AF2_treek100_top10/ShallowMsa_052/1uxmK/tmp_ShallowMsa_052__1uxmK_unrelaxed_rank_001_alphafold2_ptm_model_1_seed_000.pdb,,0.020617062877462622
AF2_treek100_top10,AF2,ShallowMsa_053,2namA,0.1849558774056241,0.7188115590411892,-0.5338556816355651,Pipeline/FoldPairs/2namA_1uxmK/output_AF/AF2_treek100_top10/ShallowMsa_053/2namA/tmp_ShallowMsa_053__2namA_unrelaxed_rank_001_alphafold2_ptm_model_3_seed_000.pdb,,-0.07367398721116386
AF2_treek100_top10,AF2,ShallowMsa_053,1uxmK,0.1849558774056241,0.7188115590411892,-0.5338556816355651,Pipeline/FoldPairs/2namA_1uxmK/output_AF/AF2_treek100_top10/ShallowMsa_053/1uxmK/tmp_ShallowMsa_053__1uxmK_unrelaxed_rank_001_alphafold2_ptm_model_3_seed_000.pdb,,-0.07367398721116386
AF2_treek100_top10,AF2,ShallowMsa_054,2namA,0.18071154810217332,0.8185364414812374,-0.637824893379064,Pipeline/FoldPairs/2namA_1uxmK/output_AF/AF2_treek100_top10/ShallowMsa_054/2namA/tmp_ShallowMsa_054__2namA_unrelaxed_rank_001_alphafold2_ptm_model_4_seed_000.pdb,,-0.1776431989546628
AF2_treek100_top10,AF2,ShallowMsa_054,1uxmK,0.18071154810217332,0.8185364414812374,-0.637824893379064,Pipeline/FoldPairs/2namA_1uxmK/output_AF/AF2_treek100_top10/ShallowMsa_054/1uxmK/tmp_ShallowMsa_054__1uxmK_unrelaxed_rank_001_alphafold2_ptm_model_4_seed_000.pdb,,-0.1776431989546628
AF2_treek100_top10,AF2,ShallowMsa_055,2namA,0.17292048735984505,0.6793595404991463,-0.5064390531393013,Pipeline/FoldPairs/2namA_1uxmK/output_AF/AF2_treek100_top10/ShallowMsa_055/2namA/tmp_ShallowMsa_055__2namA_unrelaxed_rank_001_alphafold2_ptm_model_2_seed_000.pdb,,-0.046257358714900054
AF2_treek100_top10,AF2,ShallowMsa_055,1uxmK,0.17292048735984505,0.6793595404991463,-0.5064390531393013,Pipeline/FoldPairs/2namA_1uxmK/output_AF/AF2_treek100_top10/ShallowMsa_055/1uxmK/tmp_ShallowMsa_055__1uxmK_unrelaxed_rank_001_alphafold2_ptm_model_2_seed_000.pdb,,-0.046257358714900054
AF2_treek100_top10,AF2,ShallowMsa_056,2namA,0.1649913518636324,0.8322424548476118,-0.6672511029839794,Pipeline/FoldPairs/2namA_1uxmK/output_AF/AF2_treek100_top10/ShallowMsa_056/2namA/tmp_ShallowMsa_056__2namA_unrelaxed_rank_001_alphafold2_ptm_model_3_seed_000.pdb,,-0.20706940855957817
AF2_treek100_top10,AF2,ShallowMsa_056,1uxmK,0.16846893986922873,0.8219435626974558,-0.6534746228282271,Pipeline/FoldPairs/2namA_1uxmK/output_AF/AF2_treek100_top10/ShallowMsa_056/1uxmK/tmp_ShallowMsa_056__1uxmK_unrelaxed_rank_001_alphafold2_ptm_model_3_seed_000.pdb,,-0.1932929284038259
AF2_treek100_top10,AF2,ShallowMsa_057,2namA,0.19434289962124673,0.6726905663760233,-0.4783476667547766,Pipeline/FoldPairs/2namA_1uxmK/output_AF/AF2_treek100_top10/ShallowMsa_057/2namA/tmp_ShallowMsa_057__2namA_unrelaxed_rank_001_alphafold2_ptm_model_4_seed_000.pdb,,-0.01816597233037537
AF2_treek100_top10,AF2,ShallowMsa_057,1uxmK,0.19434289962124673,0.6726905663760233,-0.4783476667547766,Pipeline/FoldPairs/2namA_1uxmK/output_AF/AF2_treek100_top10/ShallowMsa_057/1uxmK/tmp_ShallowMsa_057__1uxmK_unrelaxed_rank_001_alphafold2_ptm_model_4_seed_000.pdb,,-0.01816597233037537
AF2_treek100_top10,AF2,ShallowMsa_058,2namA,0.2076274703099539,0.3198642373367728,-0.11223676702681892,Pipeline/FoldPairs/2namA_1uxmK/output_AF/AF2_treek100_top10/ShallowMsa_058/2namA/tmp_ShallowMsa_058__2namA_unrelaxed_rank_001_alphafold2_ptm_model_2_seed_000.pdb,,0.3479449273975823
AF2_treek100_top10,AF2,ShallowMsa_058,1uxmK,0.2076274703099539,0.3198642373367728,-0.11223676702681892,Pipeline/FoldPairs/2namA_1uxmK/output_AF/AF2_treek100_top10/ShallowMsa_058/1uxmK/tmp_ShallowMsa_058__1uxmK_unrelaxed_rank_001_alphafold2_ptm_model_2_seed_000.pdb,,0.3479449273975823
AF2_treek100_top10,AF2,ShallowMsa_059,2namA,0.1777557967673046,0.6663663856931118,-0.4886105889258072,Pipeline/FoldPairs/2namA_1uxmK/output_AF/AF2_treek100_top10/ShallowMsa_059/2namA/tmp_ShallowMsa_059__2namA_unrelaxed_rank_001_alphafold2_ptm_model_3_seed_000.pdb,,-0.02842889450140601
AF2_treek100_top10,AF2,ShallowMsa_059,1uxmK,0.1777557967673046,0.6663663856931118,-0.4886105889258072,Pipeline/FoldPairs/2namA_1uxmK/output_AF/AF2_treek100_top10/ShallowMsa_059/1uxmK/tmp_ShallowMsa_059__1uxmK_unrelaxed_rank_001_alphafold2_ptm_model_3_seed_000.pdb,,-0.02842889450140601
AF2_treek100_top10,AF2,ShallowMsa_060,2namA,0.20176363483553775,0.5203556739622878,-0.31859203912675005,Pipeline/FoldPairs/2namA_1uxmK/output_AF/AF2_treek100_top10/ShallowMsa_060/2namA/tmp_ShallowMsa_060__2namA_unrelaxed_rank_001_alphafold2_ptm_model_3_seed_000.pdb,,0.14158965529765116
AF2_treek100_top10,AF2,ShallowMsa_060,1uxmK,0.20176363483553775,0.5203556739622878,-0.31859203912675005,Pipeline/FoldPairs/2namA_1uxmK/output_AF/AF2_treek100_top10/ShallowMsa_060/1uxmK/tmp_ShallowMsa_060__1uxmK_unrelaxed_rank_001_alphafold2_ptm_model_3_seed_000.pdb,,0.14158965529765116
AF2_treek100_top10,AF2,ShallowMsa_061,2namA,0.17543762451070577,0.7610635469665136,-0.5856259224558078,Pipeline/FoldPairs/2namA_1uxmK/output_AF/AF2_treek100_top10/ShallowMsa_061/2namA/tmp_ShallowMsa_061__2namA_unrelaxed_rank_001_alphafold2_ptm_model_3_seed_000.pdb,,-0.1254442280314066
AF2_treek100_top10,AF2,ShallowMsa_061,1uxmK,0.17543762451070577,0.7610635469665136,-0.5856259224558078,Pipeline/FoldPairs/2namA_1uxmK/output_AF/AF2_treek100_top10/ShallowMsa_061/1uxmK/tmp_ShallowMsa_061__1uxmK_unrelaxed_rank_001_alphafold2_ptm_model_3_seed_000.pdb,,-0.1254442280314066
AF2_treek100_top10,AF2,ShallowMsa_062,2namA,0.1790054628526589,0.7778592427380541,-0.5988537798853952,Pipeline/FoldPairs/2namA_1uxmK/output_AF/AF2_treek100_top10/ShallowMsa_062/2namA/tmp_ShallowMsa_062__2namA_unrelaxed_rank_001_alphafold2_ptm_model_5_seed_000.pdb,,-0.13867208546099402
AF2_treek100_top10,AF2,ShallowMsa_062,1uxmK,0.1790054628526589,0.7778592427380541,-0.5988537798853952,Pipeline/FoldPairs/2namA_1uxmK/output_AF/AF2_treek100_top10/ShallowMsa_062/1uxmK/tmp_ShallowMsa_062__1uxmK_unrelaxed_rank_001_alphafold2_ptm_model_5_seed_000.pdb,,-0.13867208546099402
AF2_treek100_top10,AF2,ShallowMsa_063,2namA,0.17969020219548534,0.7652883969687216,-0.5855981947732363,Pipeline/FoldPairs/2namA_1uxmK/output_AF/AF2_treek100_top10/ShallowMsa_063/2namA/tmp_ShallowMsa_063__2namA_unrelaxed_rank_001_alphafold2_ptm_model_2_seed_000.pdb,,-0.12541650034883506
AF2_treek100_top10,AF2,ShallowMsa_063,1uxmK,0.17969020219548534,0.7652883969687216,-0.5855981947732363,Pipeline/FoldPairs/2namA_1uxmK/output_AF/AF2_treek100_top10/ShallowMsa_063/1uxmK/tmp_ShallowMsa_063__1uxmK_unrelaxed_rank_001_alphafold2_ptm_model_2_seed_000.pdb,,-0.12541650034883506
AF2_treek100_top10,AF2,ShallowMsa_064,2namA,0.20710236702860527,0.517441699148097,-0.3103393321194917,Pipeline/FoldPairs/2namA_1uxmK/output_AF/AF2_treek100_top10/ShallowMsa_064/2namA/tmp_ShallowMsa_064__2namA_unrelaxed_rank_001_alphafold2_ptm_model_3_seed_000.pdb,,0.1498423623049095
AF2_treek100_top10,AF2,ShallowMsa_064,1uxmK,0.20710236702860527,0.517441699148097,-0.3103393321194917,Pipeline/FoldPairs/2namA_1uxmK/output_AF/AF2_treek100_top10/ShallowMsa_064/1uxmK/tmp_ShallowMsa_064__1uxmK_unrelaxed_rank_001_alphafold2_ptm_model_3_seed_000.pdb,,0.1498423623049095
AF2_treek100_top10,AF2,ShallowMsa_065,2namA,0.18496587180952948,0.39031010805647864,-0.20534423624694917,Pipeline/FoldPairs/2namA_1uxmK/output_AF/AF2_treek100_top10/ShallowMsa_065/2namA/tmp_ShallowMsa_065__2namA_unrelaxed_rank_001_alphafold2_ptm_model_5_seed_000.pdb,,0.25483745817745207
AF2_treek100_top10,AF2,ShallowMsa_065,1uxmK,0.18496587180952948,0.39031010805647864,-0.20534423624694917,Pipeline/FoldPairs/2namA_1uxmK/output_AF/AF2_treek100_top10/ShallowMsa_065/1uxmK/tmp_ShallowMsa_065__1uxmK_unrelaxed_rank_001_alphafold2_ptm_model_5_seed_000.pdb,,0.25483745817745207
AF2_treek100_top10,AF2,ShallowMsa_066,2namA,0.19412090386545527,0.6253079800817581,-0.43118707621630287,Pipeline/FoldPairs/2namA_1uxmK/output_AF/AF2_treek100_top10/ShallowMsa_066/2namA/tmp_ShallowMsa_066__2namA_unrelaxed_rank_001_alphafold2_ptm_model_5_seed_000.pdb,,0.028994618208098344
AF2_treek100_top10,AF2,ShallowMsa_066,1uxmK,0.19412090386545527,0.6253079800817581,-0.43118707621630287,Pipeline/FoldPairs/2namA_1uxmK/output_AF/AF2_treek100_top10/ShallowMsa_066/1uxmK/tmp_ShallowMsa_066__1uxmK_unrelaxed_rank_001_alphafold2_ptm_model_5_seed_000.pdb,,0.028994618208098344
AF2_treek100_top10,AF2,ShallowMsa_067,2namA,0.18138465855922023,0.5229608486323235,-0.34157619007310325,Pipeline/FoldPairs/2namA_1uxmK/output_AF/AF2_treek100_top10/ShallowMsa_067/2namA/tmp_ShallowMsa_067__2namA_unrelaxed_rank_001_alphafold2_ptm_model_3_seed_000.pdb,,0.11860550435129796
AF2_treek100_top10,AF2,ShallowMsa_067,1uxmK,0.18138465855922023,0.5229608486323235,-0.34157619007310325,Pipeline/FoldPairs/2namA_1uxmK/output_AF/AF2_treek100_top10/ShallowMsa_067/1uxmK/tmp_ShallowMsa_067__1uxmK_unrelaxed_rank_001_alphafold2_ptm_model_3_seed_000.pdb,,0.11860550435129796
AF2_treek100_top10,AF2,ShallowMsa_068,2namA,0.20891219820948292,0.6068353418844272,-0.3979231436749443,Pipeline/FoldPairs/2namA_1uxmK/output_AF/AF2_treek100_top10/ShallowMsa_068/2namA/tmp_ShallowMsa_068__2namA_unrelaxed_rank_001_alphafold2_ptm_model_5_seed_000.pdb,,0.06225855074945691
AF2_treek100_top10,AF2,ShallowMsa_068,1uxmK,0.20891219820948292,0.6068353418844272,-0.3979231436749443,Pipeline/FoldPairs/2namA_1uxmK/output_AF/AF2_treek100_top10/ShallowMsa_068/1uxmK/tmp_ShallowMsa_068__1uxmK_unrelaxed_rank_001_alphafold2_ptm_model_5_seed_000.pdb,,0.06225855074945691
AF2_treek100_top10,AF2,ShallowMsa_069,2namA,0.1770051899813981,0.6353145906694441,-0.45830940068804593,Pipeline/FoldPairs/2namA_1uxmK/output_AF/AF2_treek100_top10/ShallowMsa_069/2namA/tmp_ShallowMsa_069__2namA_unrelaxed_rank_001_alphafold2_ptm_model_2_seed_000.pdb,,0.0018722937363552794
AF2_treek100_top10,AF2,ShallowMsa_069,1uxmK,0.1770051899813981,0.6353145906694441,-0.45830940068804593,Pipeline/FoldPairs/2namA_1uxmK/output_AF/AF2_treek100_top10/ShallowMsa_069/1uxmK/tmp_ShallowMsa_069__1uxmK_unrelaxed_rank_001_alphafold2_ptm_model_2_seed_000.pdb,,0.0018722937363552794
AF2_treek100_top10,AF2,ShallowMsa_070,2namA,0.17701554675206527,0.7852140784399998,-0.6081985316879346,Pipeline/FoldPairs/2namA_1uxmK/output_AF/AF2_treek100_top10/ShallowMsa_070/2namA/tmp_ShallowMsa_070__2namA_unrelaxed_rank_001_alphafold2_ptm_model_3_seed_000.pdb,,-0.14801683726353337
AF2_treek100_top10,AF2,ShallowMsa_070,1uxmK,0.17701554675206527,0.7852140784399998,-0.6081985316879346,Pipeline/FoldPairs/2namA_1uxmK/output_AF/AF2_treek100_top10/ShallowMsa_070/1uxmK/tmp_ShallowMsa_070__1uxmK_unrelaxed_rank_001_alphafold2_ptm_model_3_seed_000.pdb,,-0.14801683726353337
AF2_treek100_top10,AF2,ShallowMsa_071,2namA,0.1877024126064142,0.6638337527695685,-0.4761313401631543,Pipeline/FoldPairs/2namA_1uxmK/output_AF/AF2_treek100_top10/ShallowMsa_071/2namA/tmp_ShallowMsa_071__2namA_unrelaxed_rank_001_alphafold2_ptm_model_1_seed_000.pdb,,-0.01594964573875307
AF2_treek100_top10,AF2,ShallowMsa_071,1uxmK,0.1877024126064142,0.6638337527695685,-0.4761313401631543,Pipeline/FoldPairs/2namA_1uxmK/output_AF/AF2_treek100_top10/ShallowMsa_071/1uxmK/tmp_ShallowMsa_071__1uxmK_unrelaxed_rank_001_alphafold2_ptm_model_1_seed_000.pdb,,-0.01594964573875307
AF2_treek100_top10,AF2,ShallowMsa_072,2namA,0.20751354040773173,0.3251185758166715,-0.11760503540893974,Pipeline/FoldPairs/2namA_1uxmK/output_AF/AF2_treek100_top10/ShallowMsa_072/2namA/tmp_ShallowMsa_072__2namA_unrelaxed_rank_001_alphafold2_ptm_model_2_seed_000.pdb,,0.34257665901546147
AF2_treek100_top10,AF2,ShallowMsa_072,1uxmK,0.20751354040773173,0.3251185758166715,-0.11760503540893974,Pipeline/FoldPairs/2namA_1uxmK/output_AF/AF2_treek100_top10/ShallowMsa_072/1uxmK/tmp_ShallowMsa_072__1uxmK_unrelaxed_rank_001_alphafold2_ptm_model_2_seed_000.pdb,,0.34257665901546147
AF2_treek100_top10,AF2,ShallowMsa_073,2namA,0.18981948481442984,0.7486008155647039,-0.558781330750274,Pipeline/FoldPairs/2namA_1uxmK/output_AF/AF2_treek100_top10/ShallowMsa_073/2namA/tmp_ShallowMsa_073__2namA_unrelaxed_rank_001_alphafold2_ptm_model_3_seed_000.pdb,,-0.09859963632587282
AF2_treek100_top10,AF2,ShallowMsa_073,1uxmK,0.18981948481442984,0.7486008155647039,-0.558781330750274,Pipeline/FoldPairs/2namA_1uxmK/output_AF/AF2_treek100_top10/ShallowMsa_073/1uxmK/tmp_ShallowMsa_073__1uxmK_unrelaxed_rank_001_alphafold2_ptm_model_3_seed_000.pdb,,-0.09859963632587282
AF2_treek100_top10,AF2,ShallowMsa_074,2namA,0.20515419479219385,0.6296751851139342,-0.4245209903217403,Pipeline/FoldPairs/2namA_1uxmK/output_AF/AF2_treek100_top10/ShallowMsa_074/2namA/tmp_ShallowMsa_074__2namA_unrelaxed_rank_001_alphafold2_ptm_model_4_seed_000.pdb,,0.03566070410266092
AF2_treek100_top10,AF2,ShallowMsa_074,1uxmK,0.20515419479219385,0.6296751851139342,-0.4245209903217403,Pipeline/FoldPairs/2namA_1uxmK/output_AF/AF2_treek100_top10/ShallowMsa_074/1uxmK/tmp_ShallowMsa_074__1uxmK_unrelaxed_rank_001_alphafold2_ptm_model_4_seed_000.pdb,,0.03566070410266092
AF2_treek100_top10,AF2,ShallowMsa_075,2namA,0.1651616944855012,0.6574693619513247,-0.49230766746582344,Pipeline/FoldPairs/2namA_1uxmK/output_AF/AF2_treek100_top10/ShallowMsa_075/2namA/tmp_ShallowMsa_075__2namA_unrelaxed_rank_001_alphafold2_ptm_model_3_seed_000.pdb,,-0.03212597304142223
AF2_treek100_top10,AF2,ShallowMsa_075,1uxmK,0.1651616944855012,0.6574693619513247,-0.49230766746582344,Pipeline/FoldPairs/2namA_1uxmK/output_AF/AF2_treek100_top10/ShallowMsa_075/1uxmK/tmp_ShallowMsa_075__1uxmK_unrelaxed_rank_001_alphafold2_ptm_model_3_seed_000.pdb,,-0.03212597304142223
AF2_treek100_top10,AF2,ShallowMsa_076,2namA,0.17727042241092508,0.785170579703464,-0.607900157292539,Pipeline/FoldPairs/2namA_1uxmK/output_AF/AF2_treek100_top10/ShallowMsa_076/2namA/tmp_ShallowMsa_076__2namA_unrelaxed_rank_001_alphafold2_ptm_model_1_seed_000.pdb,,-0.14771846286813778
AF2_treek100_top10,AF2,ShallowMsa_076,1uxmK,0.17727042241092508,0.785170579703464,-0.607900157292539,Pipeline/FoldPairs/2namA_1uxmK/output_AF/AF2_treek100_top10/ShallowMsa_076/1uxmK/tmp_ShallowMsa_076__1uxmK_unrelaxed_rank_001_alphafold2_ptm_model_1_seed_000.pdb,,-0.14771846286813778
AF2_treek100_top10,AF2,ShallowMsa_077,2namA,0.20248250911780422,0.5925587915465942,-0.39007628242879,Pipeline/FoldPairs/2namA_1uxmK/output_AF/AF2_treek100_top10/ShallowMsa_077/2namA/tmp_ShallowMsa_077__2namA_unrelaxed_rank_001_alphafold2_ptm_model_5_seed_000.pdb,,0.07010541199561121
AF2_treek100_top10,AF2,ShallowMsa_077,1uxmK,0.20248250911780422,0.5925587915465942,-0.39007628242879,Pipeline/FoldPairs/2namA_1uxmK/output_AF/AF2_treek100_top10/ShallowMsa_077/1uxmK/tmp_ShallowMsa_077__1uxmK_unrelaxed_rank_001_alphafold2_ptm_model_5_seed_000.pdb,,0.07010541199561121
AF2_treek100_top10,AF2,ShallowMsa_078,2namA,0.1904255056435893,0.623244149709344,-0.43281864406575477,Pipeline/FoldPairs/2namA_1uxmK/output_AF/AF2_treek100_top10/ShallowMsa_078/2namA/tmp_ShallowMsa_078__2namA_unrelaxed_rank_001_alphafold2_ptm_model_2_seed_000.pdb,,0.027363050358646446
AF2_treek100_top10,AF2,ShallowMsa_078,1uxmK,0.1904255056435893,0.623244149709344,-0.43281864406575477,Pipeline/FoldPairs/2namA_1uxmK/output_AF/AF2_treek100_top10/ShallowMsa_078/1uxmK/tmp_ShallowMsa_078__1uxmK_unrelaxed_rank_001_alphafold2_ptm_model_2_seed_000.pdb,,0.027363050358646446
AF2_treek100_top10,AF2,ShallowMsa_079,2namA,0.18353794721841882,0.5687824096926318,-0.385244462474213,Pipeline/FoldPairs/2namA_1uxmK/output_AF/AF2_treek100_top10/ShallowMsa_079/2namA/tmp_ShallowMsa_079__2namA_unrelaxed_rank_001_alphafold2_ptm_model_5_seed_000.pdb,,0.0749372319501882
AF2_treek100_top10,AF2,ShallowMsa_079,1uxmK,0.18353794721841882,0.5687824096926318,-0.385244462474213,Pipeline/FoldPairs/2namA_1uxmK/output_AF/AF2_treek100_top10/ShallowMsa_079/1uxmK/tmp_ShallowMsa_079__1uxmK_unrelaxed_rank_001_alphafold2_ptm_model_5_seed_000.pdb,,0.0749372319501882
AF2_treek100_top10,AF2,ShallowMsa_080,2namA,0.19969347815864014,0.7431045754714217,-0.5434110973127816,Pipeline/FoldPairs/2namA_1uxmK/output_AF/AF2_treek100_top10/ShallowMsa_080/2namA/tmp_ShallowMsa_080__2namA_unrelaxed_rank_001_alphafold2_ptm_model_2_seed_000.pdb,,-0.08322940288838038
AF2_treek100_top10,AF2,ShallowMsa_080,1uxmK,0.19969347815864014,0.7431045754714217,-0.5434110973127816,Pipeline/FoldPairs/2namA_1uxmK/output_AF/AF2_treek100_top10/ShallowMsa_080/1uxmK/tmp_ShallowMsa_080__1uxmK_unrelaxed_rank_001_alphafold2_ptm_model_2_seed_000.pdb,,-0.08322940288838038
AF2_treek100_top10,AF2,ShallowMsa_081,2namA,0.18324517587273606,0.8966697404208526,-0.7134245645481165,Pipeline/FoldPairs/2namA_1uxmK/output_AF/AF2_treek100_top10/ShallowMsa_081/2namA/tmp_ShallowMsa_081__2namA_unrelaxed_rank_001_alphafold2_ptm_model_5_seed_000.pdb,,-0.2532428701237153
AF2_treek100_top10,AF2,ShallowMsa_081,1uxmK,0.1851412284809915,0.893908022287542,-0.7087667938065505,Pipeline/FoldPairs/2namA_1uxmK/output_AF/AF2_treek100_top10/ShallowMsa_081/1uxmK/tmp_ShallowMsa_081__1uxmK_unrelaxed_rank_001_alphafold2_ptm_model_5_seed_000.pdb,,-0.2485850993821493
AF2_treek100_top10,AF2,ShallowMsa_082,2namA,0.21218969729883538,0.5216770107882144,-0.30948731348937897,Pipeline/FoldPairs/2namA_1uxmK/output_AF/AF2_treek100_top10/ShallowMsa_082/2namA/tmp_ShallowMsa_082__2namA_unrelaxed_rank_001_alphafold2_ptm_model_4_seed_000.pdb,,0.15069438093502224
AF2_treek100_top10,AF2,ShallowMsa_082,1uxmK,0.21218969729883538,0.5216770107882144,-0.30948731348937897,Pipeline/FoldPairs/2namA_1uxmK/output_AF/AF2_treek100_top10/ShallowMsa_082/1uxmK/tmp_ShallowMsa_082__1uxmK_unrelaxed_rank_001_alphafold2_ptm_model_4_seed_000.pdb,,0.15069438093502224
AF2_treek100_top10,AF2,ShallowMsa_083,2namA,0.22302443862287433,0.6467271958272018,-0.4237027572043275,Pipeline/FoldPairs/2namA_1uxmK/output_AF/AF2_treek100_top10/ShallowMsa_083/2namA/tmp_ShallowMsa_083__2namA_unrelaxed_rank_001_alphafold2_ptm_model_4_seed_000.pdb,,0.036478937220073726
AF2_treek100_top10,AF2,ShallowMsa_083,1uxmK,0.22302443862287433,0.6467271958272018,-0.4237027572043275,Pipeline/FoldPairs/2namA_1uxmK/output_AF/AF2_treek100_top10/ShallowMsa_083/1uxmK/tmp_ShallowMsa_083__1uxmK_unrelaxed_rank_001_alphafold2_ptm_model_4_seed_000.pdb,,0.036478937220073726
AF2_treek100_top10,AF2,ShallowMsa_084,2namA,0.17766195031933074,0.7231638976014442,-0.5455019472821134,Pipeline/FoldPairs/2namA_1uxmK/output_AF/AF2_treek100_top10/ShallowMsa_084/2namA/tmp_ShallowMsa_084__2namA_unrelaxed_rank_001_alphafold2_ptm_model_3_seed_000.pdb,,-0.08532025285771222
AF2_treek100_top10,AF2,ShallowMsa_084,1uxmK,0.17766195031933074,0.7231638976014442,-0.5455019472821134,Pipeline/FoldPairs/2namA_1uxmK/output_AF/AF2_treek100_top10/ShallowMsa_084/1uxmK/tmp_ShallowMsa_084__1uxmK_unrelaxed_rank_001_alphafold2_ptm_model_3_seed_000.pdb,,-0.08532025285771222
AF2_treek100_top10,AF2,ShallowMsa_085,2namA,0.2087155424331771,0.37459689937661894,-0.16588135694344183,Pipeline/FoldPairs/2namA_1uxmK/output_AF/AF2_treek100_top10/ShallowMsa_085/2namA/tmp_ShallowMsa_085__2namA_unrelaxed_rank_001_alphafold2_ptm_model_2_seed_000.pdb,,0.2943003374809594
AF2_treek100_top10,AF2,ShallowMsa_085,1uxmK,0.2087155424331771,0.37459689937661894,-0.16588135694344183,Pipeline/FoldPairs/2namA_1uxmK/output_AF/AF2_treek100_top10/ShallowMsa_085/1uxmK/tmp_ShallowMsa_085__1uxmK_unrelaxed_rank_001_alphafold2_ptm_model_2_seed_000.pdb,,0.2943003374809594
AF2_treek100_top10,AF2,ShallowMsa_086,2namA,0.2102221534333169,0.7075481879153429,-0.497326034482026,Pipeline/FoldPairs/2namA_1uxmK/output_AF/AF2_treek100_top10/ShallowMsa_086/2namA/tmp_ShallowMsa_086__2namA_unrelaxed_rank_001_alphafold2_ptm_model_3_seed_000.pdb,,-0.03714434005762479
AF2_treek100_top10,AF2,ShallowMsa_086,1uxmK,0.2102221534333169,0.7075481879153429,-0.497326034482026,Pipeline/FoldPairs/2namA_1uxmK/output_AF/AF2_treek100_top10/ShallowMsa_086/1uxmK/tmp_ShallowMsa_086__1uxmK_unrelaxed_rank_001_alphafold2_ptm_model_3_seed_000.pdb,,-0.03714434005762479
AF2_treek100_top10,AF2,ShallowMsa_087,2namA,0.19886397165958763,0.7447786018190337,-0.545914630159446,Pipeline/FoldPairs/2namA_1uxmK/output_AF/AF2_treek100_top10/ShallowMsa_087/2namA/tmp_ShallowMsa_087__2namA_unrelaxed_rank_001_alphafold2_ptm_model_4_seed_000.pdb,,-0.08573293573504476
AF2_treek100_top10,AF2,ShallowMsa_087,1uxmK,0.19886397165958763,0.7447786018190337,-0.545914630159446,Pipeline/FoldPairs/2namA_1uxmK/output_AF/AF2_treek100_top10/ShallowMsa_087/1uxmK/tmp_ShallowMsa_087__1uxmK_unrelaxed_rank_001_alphafold2_ptm_model_4_seed_000.pdb,,-0.08573293573504476
AF2_treek100_top10,AF2,ShallowMsa_088,2namA,0.1761794438726273,0.7305811680956696,-0.5544017242230423,Pipeline/FoldPairs/2namA_1uxmK/output_AF/AF2_treek100_top10/ShallowMsa_088/2namA/tmp_ShallowMsa_088__2namA_unrelaxed_rank_001_alphafold2_ptm_model_4_seed_000.pdb,,-0.09422002979864114
AF2_treek100_top10,AF2,ShallowMsa_088,1uxmK,0.1761794438726273,0.7305811680956696,-0.5544017242230423,Pipeline/FoldPairs/2namA_1uxmK/output_AF/AF2_treek100_top10/ShallowMsa_088/1uxmK/tmp_ShallowMsa_088__1uxmK_unrelaxed_rank_001_alphafold2_ptm_model_4_seed_000.pdb,,-0.09422002979864114
AF2_treek100_top10,AF2,ShallowMsa_089,2namA,0.19107629938022216,0.7184416733419876,-0.5273653739617654,Pipeline/FoldPairs/2namA_1uxmK/output_AF/AF2_treek100_top10/ShallowMsa_089/2namA/tmp_ShallowMsa_089__2namA_unrelaxed_rank_001_alphafold2_ptm_model_3_seed_000.pdb,,-0.0671836795373642
AF2_treek100_top10,AF2,ShallowMsa_089,1uxmK,0.19107629938022216,0.7184416733419876,-0.5273653739617654,Pipeline/FoldPairs/2namA_1uxmK/output_AF/AF2_treek100_top10/ShallowMsa_089/1uxmK/tmp_ShallowMsa_089__1uxmK_unrelaxed_rank_001_alphafold2_ptm_model_3_seed_000.pdb,,-0.0671836795373642
AF2_treek100_top10,AF2,ShallowMsa_090,2namA,0.20082899809894833,0.5626767763420566,-0.36184777824310826,Pipeline/FoldPairs/2namA_1uxmK/output_AF/AF2_treek100_top10/ShallowMsa_090/2namA/tmp_ShallowMsa_090__2namA_unrelaxed_rank_001_alphafold2_ptm_model_3_seed_000.pdb,,0.09833391618129295
AF2_treek100_top10,AF2,ShallowMsa_090,1uxmK,0.20082899809894833,0.5626767763420566,-0.36184777824310826,Pipeline/FoldPairs/2namA_1uxmK/output_AF/AF2_treek100_top10/ShallowMsa_090/1uxmK/tmp_ShallowMsa_090__1uxmK_unrelaxed_rank_001_alphafold2_ptm_model_3_seed_000.pdb,,0.09833391618129295
AF2_treek100_top10,AF2,ShallowMsa_091,2namA,0.1824793101329336,0.7222947110967837,-0.5398154009638501,Pipeline/FoldPairs/2namA_1uxmK/output_AF/AF2_treek100_top10/ShallowMsa_091/2namA/tmp_ShallowMsa_091__2namA_unrelaxed_rank_001_alphafold2_ptm_model_3_seed_000.pdb,,-0.07963370653944885
AF2_treek100_top10,AF2,ShallowMsa_091,1uxmK,0.1824793101329336,0.7222947110967837,-0.5398154009638501,Pipeline/FoldPairs/2namA_1uxmK/output_AF/AF2_treek100_top10/ShallowMsa_091/1uxmK/tmp_ShallowMsa_091__1uxmK_unrelaxed_rank_001_alphafold2_ptm_model_3_seed_000.pdb,,-0.07963370653944885
AF2_treek100_top10,AF2,ShallowMsa_092,2namA,0.17438788858220722,0.8459995556436278,-0.6716116670614206,Pipeline/FoldPairs/2namA_1uxmK/output_AF/AF2_treek100_top10/ShallowMsa_092/2namA/tmp_ShallowMsa_092__2namA_unrelaxed_rank_001_alphafold2_ptm_model_3_seed_000.pdb,,-0.2114299726370194
AF2_treek100_top10,AF2,ShallowMsa_092,1uxmK,0.17438788858220722,0.8459995556436278,-0.6716116670614206,Pipeline/FoldPairs/2namA_1uxmK/output_AF/AF2_treek100_top10/ShallowMsa_092/1uxmK/tmp_ShallowMsa_092__1uxmK_unrelaxed_rank_001_alphafold2_ptm_model_3_seed_000.pdb,,-0.2114299726370194
AF2_treek100_top10,AF2,ShallowMsa_093,2namA,0.17671904300805535,0.6357282476782667,-0.4590092046702114,Pipeline/FoldPairs/2namA_1uxmK/output_AF/AF2_treek100_top10/ShallowMsa_093/2namA/tmp_ShallowMsa_093__2namA_unrelaxed_rank_001_alphafold2_ptm_model_1_seed_000.pdb,,0.0011724897541898205
AF2_treek100_top10,AF2,ShallowMsa_093,1uxmK,0.17671904300805535,0.6357282476782667,-0.4590092046702114,Pipeline/FoldPairs/2namA_1uxmK/output_AF/AF2_treek100_top10/ShallowMsa_093/1uxmK/tmp_ShallowMsa_093__1uxmK_unrelaxed_rank_001_alphafold2_ptm_model_1_seed_000.pdb,,0.0011724897541898205
AF2_treek100_top10,AF2,ShallowMsa_094,2namA,0.1629401732904035,0.6770995304148071,-0.5141593571244036,Pipeline/FoldPairs/2namA_1uxmK/output_AF/AF2_treek100_top10/ShallowMsa_094/2namA/tmp_ShallowMsa_094__2namA_unrelaxed_rank_001_alphafold2_ptm_model_1_seed_000.pdb,,-0.05397766270000243
AF2_treek100_top10,AF2,ShallowMsa_094,1uxmK,0.1629401732904035,0.6770995304148071,-0.5141593571244036,Pipeline/FoldPairs/2namA_1uxmK/output_AF/AF2_treek100_top10/ShallowMsa_094/1uxmK/tmp_ShallowMsa_094__1uxmK_unrelaxed_rank_001_alphafold2_ptm_model_1_seed_000.pdb,,-0.05397766270000243
AF2_treek100_top10,AF2,ShallowMsa_095,2namA,0.19499223872699728,0.683992129532292,-0.48899989080529477,Pipeline/FoldPairs/2namA_1uxmK/output_AF/AF2_treek100_top10/ShallowMsa_095/2namA/tmp_ShallowMsa_095__2namA_unrelaxed_rank_001_alphafold2_ptm_model_5_seed_000.pdb,,-0.028818196380893557
AF2_treek100_top10,AF2,ShallowMsa_095,1uxmK,0.19499223872699728,0.683992129532292,-0.48899989080529477,Pipeline/FoldPairs/2namA_1uxmK/output_AF/AF2_treek100_top10/ShallowMsa_095/1uxmK/tmp_ShallowMsa_095__1uxmK_unrelaxed_rank_001_alphafold2_ptm_model_5_seed_000.pdb,,-0.028818196380893557
AF2_treek100_top10,AF2,ShallowMsa_096,2namA,0.1850018819988246,0.709383539958582,-0.5243816579597574,Pipeline/FoldPairs/2namA_1uxmK/output_AF/AF2_treek100_top10/ShallowMsa_096/2namA/tmp_ShallowMsa_096__2namA_unrelaxed_rank_001_alphafold2_ptm_model_5_seed_000.pdb,,-0.06419996353535623
AF2_treek100_top10,AF2,ShallowMsa_096,1uxmK,0.1850018819988246,0.709383539958582,-0.5243816579597574,Pipeline/FoldPairs/2namA_1uxmK/output_AF/AF2_treek100_top10/ShallowMsa_096/1uxmK/tmp_ShallowMsa_096__1uxmK_unrelaxed_rank_001_alphafold2_ptm_model_5_seed_000.pdb,,-0.06419996353535623
AF2_treek100_top10,AF2,ShallowMsa_097,2namA,0.18594761258613018,0.730721079518721,-0.5447734669325908,Pipeline/FoldPairs/2namA_1uxmK/output_AF/AF2_treek100_top10/ShallowMsa_097/2namA/tmp_ShallowMsa_097__2namA_unrelaxed_rank_001_alphafold2_ptm_model_3_seed_000.pdb,,-0.08459177250818956
AF2_treek100_top10,AF2,ShallowMsa_097,1uxmK,0.18594761258613018,0.730721079518721,-0.5447734669325908,Pipeline/FoldPairs/2namA_1uxmK/output_AF/AF2_treek100_top10/ShallowMsa_097/1uxmK/tmp_ShallowMsa_097__1uxmK_unrelaxed_rank_001_alphafold2_ptm_model_3_seed_000.pdb,,-0.08459177250818956
AF2_treek100_top10,AF2,ShallowMsa_098,2namA,0.2367561052198585,0.6978287347972235,-0.46107262957736506,Pipeline/FoldPairs/2namA_1uxmK/output_AF/AF2_treek100_top10/ShallowMsa_098/2namA/tmp_ShallowMsa_098__2namA_unrelaxed_rank_001_alphafold2_ptm_model_1_seed_000.pdb,,-0.0008909351529638454
AF2_treek100_top10,AF2,ShallowMsa_098,1uxmK,0.2367561052198585,0.6978287347972235,-0.46107262957736506,Pipeline/FoldPairs/2namA_1uxmK/output_AF/AF2_treek100_top10/ShallowMsa_098/1uxmK/tmp_ShallowMsa_098__1uxmK_unrelaxed_rank_001_alphafold2_ptm_model_1_seed_000.pdb,,-0.0008909351529638454
AF2_treek100_top10,AF2,ShallowMsa_099,2namA,0.22486005843649376,0.6706135937959686,-0.4457535353594749,Pipeline/FoldPairs/2namA_1uxmK/output_AF/AF2_treek100_top10/ShallowMsa_099/2namA/tmp_ShallowMsa_099__2namA_unrelaxed_rank_001_alphafold2_ptm_model_5_seed_000.pdb,,0.014428159064926338
AF2_treek100_top10,AF2,ShallowMsa_099,1uxmK,0.22486005843649376,0.6706135937959686,-0.4457535353594749,Pipeline/FoldPairs/2namA_1uxmK/output_AF/AF2_treek100_top10/ShallowMsa_099/1uxmK/tmp_ShallowMsa_099__1uxmK_unrelaxed_rank_001_alphafold2_ptm_model_5_seed_000.pdb,,0.014428159064926338
AF3_treek100_top10,AF3,ShallowMsa_000,2namA,0.17461972903538073,0.9842048384442957,-0.809585109408915,Pipeline/FoldPairs/2namA_1uxmK/output_AF/AF3_treek100_top10/ShallowMsa_000/2namA/tmp_ShallowMsa_000__2namA_first/tmp_ShallowMsa_000__2namA_first_rank1_model.pdb,,-0.1968562847376547
AF3_treek100_top10,AF3,ShallowMsa_000,1uxmK,0.17461972903538073,0.9842048384442957,-0.809585109408915,Pipeline/FoldPairs/2namA_1uxmK/output_AF/AF3_treek100_top10/ShallowMsa_000/1uxmK/tmp_ShallowMsa_000__1uxmK_first/tmp_ShallowMsa_000__1uxmK_first_rank1_model.pdb,,-0.19140702886223615
AF3_treek100_top10,AF3,ShallowMsa_001,2namA,0.16223345708531306,0.8604194058863927,-0.6981859488010795,Pipeline/FoldPairs/2namA_1uxmK/output_AF/AF3_treek100_top10/ShallowMsa_001/2namA/tmp_ShallowMsa_001__2namA_first/tmp_ShallowMsa_001__2namA_first_rank1_model.pdb,,-0.0854571241298192
AF3_treek100_top10,AF3,ShallowMsa_001,1uxmK,0.16223345708531306,0.8604194058863927,-0.6981859488010795,Pipeline/FoldPairs/2namA_1uxmK/output_AF/AF3_treek100_top10/ShallowMsa_001/1uxmK/tmp_ShallowMsa_001__1uxmK_first/tmp_ShallowMsa_001__1uxmK_first_rank1_model.pdb,,-0.08000786825440065
AF3_treek100_top10,AF3,ShallowMsa_002,2namA,0.17114071378377146,0.9294373275793941,-0.7582966137956226,Pipeline/FoldPairs/2namA_1uxmK/output_AF/AF3_treek100_top10/ShallowMsa_002/2namA/tmp_ShallowMsa_002__2namA_first/tmp_ShallowMsa_002__2namA_first_rank1_model.pdb,,-0.1455677891243623
AF3_treek100_top10,AF3,ShallowMsa_002,1uxmK,0.17114071378377146,0.9294373275793941,-0.7582966137956226,Pipeline/FoldPairs/2namA_1uxmK/output_AF/AF3_treek100_top10/ShallowMsa_002/1uxmK/tmp_ShallowMsa_002__1uxmK_first/tmp_ShallowMsa_002__1uxmK_first_rank1_model.pdb,,-0.14011853324894374
AF3_treek100_top10,AF3,ShallowMsa_003,2namA,0.20871562886632902,0.8094664738719571,-0.6007508450056281,Pipeline/FoldPairs/2namA_1uxmK/output_AF/AF3_treek100_top10/ShallowMsa_003/2namA/tmp_ShallowMsa_003__2namA_first/tmp_ShallowMsa_003__2namA_first_rank1_model.pdb,,0.011977979665632188
AF3_treek100_top10,AF3,ShallowMsa_003,1uxmK,0.20871562886632902,0.8094664738719571,-0.6007508450056281,Pipeline/FoldPairs/2namA_1uxmK/output_AF/AF3_treek100_top10/ShallowMsa_003/1uxmK/tmp_ShallowMsa_003__1uxmK_first/tmp_ShallowMsa_003__1uxmK_first_rank1_model.pdb,,0.017427235541050745
AF3_treek100_top10,AF3,ShallowMsa_004,2namA,0.17734158666990588,0.7869307439093715,-0.6095891572394656,Pipeline/FoldPairs/2namA_1uxmK/output_AF/AF3_treek100_top10/ShallowMsa_004/2namA/tmp_ShallowMsa_004__2namA_first/tmp_ShallowMsa_004__2namA_first_rank1_model.pdb,,0.0031396674317947237
AF3_treek100_top10,AF3,ShallowMsa_004,1uxmK,0.17734158666990588,0.7869307439093715,-0.6095891572394656,Pipeline/FoldPairs/2namA_1uxmK/output_AF/AF3_treek100_top10/ShallowMsa_004/1uxmK/tmp_ShallowMsa_004__1uxmK_first/tmp_ShallowMsa_004__1uxmK_first_rank1_model.pdb,,0.008588923307213281
AF3_treek100_top10,AF3,ShallowMsa_005,2namA,0.18004163797090988,0.6672391860722098,-0.4871975481012999,Pipeline/FoldPairs/2namA_1uxmK/output_AF/AF3_treek100_top10/ShallowMsa_005/2namA/tmp_ShallowMsa_005__2namA_first/tmp_ShallowMsa_005__2namA_first_rank1_model.pdb,,0.12553127656996044
AF3_treek100_top10,AF3,ShallowMsa_005,1uxmK,0.18004163797090988,0.6672391860722098,-0.4871975481012999,Pipeline/FoldPairs/2namA_1uxmK/output_AF/AF3_treek100_top10/ShallowMsa_005/1uxmK/tmp_ShallowMsa_005__1uxmK_first/tmp_ShallowMsa_005__1uxmK_first_rank1_model.pdb,,0.130980532445379
AF3_treek100_top10,AF3,ShallowMsa_006,2namA,0.1711481441502314,0.8485259207673417,-0.6773777766171103,Pipeline/FoldPairs/2namA_1uxmK/output_AF/AF3_treek100_top10/ShallowMsa_006/2namA/tmp_ShallowMsa_006__2namA_first/tmp_ShallowMsa_006__2namA_first_rank1_model.pdb,,-0.06464895194584996
AF3_treek100_top10,AF3,ShallowMsa_006,1uxmK,0.1711481441502314,0.8485259207673417,-0.6773777766171103,Pipeline/FoldPairs/2namA_1uxmK/output_AF/AF3_treek100_top10/ShallowMsa_006/1uxmK/tmp_ShallowMsa_006__1uxmK_first/tmp_ShallowMsa_006__1uxmK_first_rank1_model.pdb,,-0.05919969607043141
AF3_treek100_top10,AF3,ShallowMsa_007,2namA,0.21678733209746084,0.5205722997037339,-0.30378496760627305,Pipeline/FoldPairs/2namA_1uxmK/output_AF/AF3_treek100_top10/ShallowMsa_007/2namA/tmp_ShallowMsa_007__2namA_first/tmp_ShallowMsa_007__2namA_first_rank1_model.pdb,,0.3089438570649873
AF3_treek100_top10,AF3,ShallowMsa_007,1uxmK,0.21678733209746084,0.5205722997037339,-0.30378496760627305,Pipeline/FoldPairs/2namA_1uxmK/output_AF/AF3_treek100_top10/ShallowMsa_007/1uxmK/tmp_ShallowMsa_007__1uxmK_first/tmp_ShallowMsa_007__1uxmK_first_rank1_model.pdb,,0.31439311294040584
AF3_treek100_top10,AF3,ShallowMsa_008,2namA,0.1809313916827529,0.9299609100184124,-0.7490295183356594,Pipeline/FoldPairs/2namA_1uxmK/output_AF/AF3_treek100_top10/ShallowMsa_008/2namA/tmp_ShallowMsa_008__2namA_first/tmp_ShallowMsa_008__2namA_first_rank1_model.pdb,,-0.13630069366439912
AF3_treek100_top10,AF3,ShallowMsa_008,1uxmK,0.1809313916827529,0.9299609100184124,-0.7490295183356594,Pipeline/FoldPairs/2namA_1uxmK/output_AF/AF3_treek100_top10/ShallowMsa_008/1uxmK/tmp_ShallowMsa_008__1uxmK_first/tmp_ShallowMsa_008__1uxmK_first_rank1_model.pdb,,-0.13085143778898056
AF3_treek100_top10,AF3,ShallowMsa_009,2namA,0.18618829736246653,0.8199932757733881,-0.6338049784109215,Pipeline/FoldPairs/2namA_1uxmK/output_AF/AF3_treek100_top10/ShallowMsa_009/2namA/tmp_ShallowMsa_009__2namA_first/tmp_ShallowMsa_009__2namA_first_rank1_model.pdb,,-0.021076153739661208
AF3_treek100_top10,AF3,ShallowMsa_009,1uxmK,0.18618829736246653,0.8199932757733881,-0.6338049784109215,Pipeline/FoldPairs/2namA_1uxmK/output_AF/AF3_treek100_top10/ShallowMsa_009/1uxmK/tmp_ShallowMsa_009__1uxmK_first/tmp_ShallowMsa_009__1uxmK_first_rank1_model.pdb,,-0.01562689786424265
AF3_treek100_top10,AF3,ShallowMsa_010,2namA,0.20522515727435195,0.6835017455055257,-0.4782765882311737,Pipeline/FoldPairs/2namA_1uxmK/output_AF/AF3_treek100_top10/ShallowMsa_010/2namA/tmp_ShallowMsa_010__2namA_first/tmp_ShallowMsa_010__2namA_first_rank1_model.pdb,,0.13445223644008664
AF3_treek100_top10,AF3,ShallowMsa_010,1uxmK,0.20522515727435195,0.6835017455055257,-0.4782765882311737,Pipeline/FoldPairs/2namA_1uxmK/output_AF/AF3_treek100_top10/ShallowMsa_010/1uxmK/tmp_ShallowMsa_010__1uxmK_first/tmp_ShallowMsa_010__1uxmK_first_rank1_model.pdb,,0.1399014923155052
AF3_treek100_top10,AF3,ShallowMsa_011,2namA,0.17830083603560953,0.7887250649733378,-0.6104242289377283,Pipeline/FoldPairs/2namA_1uxmK/output_AF/AF3_treek100_top10/ShallowMsa_011/2namA/tmp_ShallowMsa_011__2namA_first/tmp_ShallowMsa_011__2namA_first_rank1_model.pdb,,0.0023045957335320333
AF3_treek100_top10,AF3,ShallowMsa_011,1uxmK,0.17830083603560953,0.7887250649733378,-0.6104242289377283,Pipeline/FoldPairs/2namA_1uxmK/output_AF/AF3_treek100_top10/ShallowMsa_011/1uxmK/tmp_ShallowMsa_011__1uxmK_first/tmp_ShallowMsa_011__1uxmK_first_rank1_model.pdb,,0.0077538516089505904
AF3_treek100_top10,AF3,ShallowMsa_012,2namA,0.18812006218108535,0.8740599883991657,-0.6859399262180803,Pipeline/FoldPairs/2namA_1uxmK/output_AF/AF3_treek100_top10/ShallowMsa_012/2namA/tmp_ShallowMsa_012__2namA_first/tmp_ShallowMsa_012__2namA_first_rank1_model.pdb,,-0.07321110154681998
AF3_treek100_top10,AF3,ShallowMsa_012,1uxmK,0.18812006218108535,0.8740599883991657,-0.6859399262180803,Pipeline/FoldPairs/2namA_1uxmK/output_AF/AF3_treek100_top10/ShallowMsa_012/1uxmK/tmp_ShallowMsa_012__1uxmK_first/tmp_ShallowMsa_012__1uxmK_first_rank1_model.pdb,,-0.06776184567140142
AF3_treek100_top10,AF3,ShallowMsa_013,2namA,0.17872309372250073,0.831187725798197,-0.6524646320756963,Pipeline/FoldPairs/2namA_1uxmK/output_AF/AF3_treek100_top10/ShallowMsa_013/2namA/tmp_ShallowMsa_013__2namA_first/tmp_ShallowMsa_013__2namA_first_rank1_model.pdb,,-0.03973580740443594
AF3_treek100_top10,AF3,ShallowMsa_013,1uxmK,0.17872309372250073,0.831187725798197,-0.6524646320756963,Pipeline/FoldPairs/2namA_1uxmK/output_AF/AF3_treek100_top10/ShallowMsa_013/1uxmK/tmp_ShallowMsa_013__1uxmK_first/tmp_ShallowMsa_013__1uxmK_first_rank1_model.pdb,,-0.034286551529017384
AF3_treek100_top10,AF3,ShallowMsa_014,2namA,0.20087306051394987,0.7097328632313289,-0.508859802717379,Pipeline/FoldPairs/2namA_1uxmK/output_AF/AF3_treek100_top10/ShallowMsa_014/2namA/tmp_ShallowMsa_014__2namA_first/tmp_ShallowMsa_014__2namA_first_rank1_model.pdb,,0.10386902195388137
AF3_treek100_top10,AF3,ShallowMsa_014,1uxmK,0.20087306051394987,0.7097328632313289,-0.508859802717379,Pipeline/FoldPairs/2namA_1uxmK/output_AF/AF3_treek100_top10/ShallowMsa_014/1uxmK/tmp_ShallowMsa_014__1uxmK_first/tmp_ShallowMsa_014__1uxmK_first_rank1_model.pdb,,0.10931827782929993
AF3_treek100_top10,AF3,ShallowMsa_015,2namA,0.21468507836360964,0.568483605024521,-0.3537985266609114,Pipeline/FoldPairs/2namA_1uxmK/output_AF/AF3_treek100_top10/ShallowMsa_015/2namA/tmp_ShallowMsa_015__2namA_first/tmp_ShallowMsa_015__2namA_first_rank1_model.pdb,,0.25893029801034895
AF3_treek100_top10,AF3,ShallowMsa_015,1uxmK,0.21468507836360964,0.568483605024521,-0.3537985266609114,Pipeline/FoldPairs/2namA_1uxmK/output_AF/AF3_treek100_top10/ShallowMsa_015/1uxmK/tmp_ShallowMsa_015__1uxmK_first/tmp_ShallowMsa_015__1uxmK_first_rank1_model.pdb,,0.2643795538857675
AF3_treek100_top10,AF3,ShallowMsa_016,2namA,0.1860980219921503,0.9379809006635118,-0.7518828786713615,Pipeline/FoldPairs/2namA_1uxmK/output_AF/AF3_treek100_top10/ShallowMsa_016/2namA/tmp_ShallowMsa_016__2namA_first/tmp_ShallowMsa_016__2namA_first_rank1_model.pdb,,-0.13915405400010117
AF3_treek100_top10,AF3,ShallowMsa_016,1uxmK,0.1860980219921503,0.9379809006635118,-0.7518828786713615,Pipeline/FoldPairs/2namA_1uxmK/output_AF/AF3_treek100_top10/ShallowMsa_016/1uxmK/tmp_ShallowMsa_016__1uxmK_first/tmp_ShallowMsa_016__1uxmK_first_rank1_model.pdb,,-0.1337047981246826
AF3_treek100_top10,AF3,ShallowMsa_017,2namA,0.16978542043913716,0.5267590503167714,-0.35697362987763426,Pipeline/FoldPairs/2namA_1uxmK/output_AF/AF3_treek100_top10/ShallowMsa_017/2namA/tmp_ShallowMsa_017__2namA_first/tmp_ShallowMsa_017__2namA_first_rank1_model.pdb,,0.2557551947936261
AF3_treek100_top10,AF3,ShallowMsa_017,1uxmK,0.18658953762603853,0.5294155170831377,-0.3428259794570992,Pipeline/FoldPairs/2namA_1uxmK/output_AF/AF3_treek100_top10/ShallowMsa_017/1uxmK/tmp_ShallowMsa_017__1uxmK_first/tmp_ShallowMsa_017__1uxmK_first_rank1_model.pdb,,0.2753521010895797
AF3_treek100_top10,AF3,ShallowMsa_018,2namA,0.18499449990137262,0.8369197975958179,-0.6519252976944453,Pipeline/FoldPairs/2namA_1uxmK/output_AF/AF3_treek100_top10/ShallowMsa_018/2namA/tmp_ShallowMsa_018__2namA_first/tmp_ShallowMsa_018__2namA_first_rank1_model.pdb,,-0.03919647302318496
AF3_treek100_top10,AF3,ShallowMsa_018,1uxmK,0.18499449990137262,0.8369197975958179,-0.6519252976944453,Pipeline/FoldPairs/2namA_1uxmK/output_AF/AF3_treek100_top10/ShallowMsa_018/1uxmK/tmp_ShallowMsa_018__1uxmK_first/tmp_ShallowMsa_018__1uxmK_first_rank1_model.pdb,,-0.033747217147766406
AF3_treek100_top10,AF3,ShallowMsa_019,2namA,0.16158979548220387,0.9161527552589598,-0.7545629597767559,Pipeline/FoldPairs/2namA_1uxmK/output_AF/AF3_treek100_top10/ShallowMsa_019/2namA/tmp_ShallowMsa_019__2namA_first/tmp_ShallowMsa_019__2namA_first_rank1_model.pdb,,-0.14183413510549558
AF3_treek100_top10,AF3,ShallowMsa_019,1uxmK,0.16158979548220387,0.9161527552589598,-0.7545629597767559,Pipeline/FoldPairs/2namA_1uxmK/output_AF/AF3_treek100_top10/ShallowMsa_019/1uxmK/tmp_ShallowMsa_019__1uxmK_first/tmp_ShallowMsa_019__1uxmK_first_rank1_model.pdb,,-0.13638487923007703
AF3_treek100_top10,AF3,ShallowMsa_020,2namA,0.18411204425385413,0.7181116124805916,-0.5339995682267376,Pipeline/FoldPairs/2namA_1uxmK/output_AF/AF3_treek100_top10/ShallowMsa_020/2namA/tmp_ShallowMsa_020__2namA_first/tmp_ShallowMsa_020__2namA_first_rank1_model.pdb,,0.07872925644452278
AF3_treek100_top10,AF3,ShallowMsa_020,1uxmK,0.18411204425385413,0.7181116124805916,-0.5339995682267376,Pipeline/FoldPairs/2namA_1uxmK/output_AF/AF3_treek100_top10/ShallowMsa_020/1uxmK/tmp_ShallowMsa_020__1uxmK_first/tmp_ShallowMsa_020__1uxmK_first_rank1_model.pdb,,0.08417851231994133
AF3_treek100_top10,AF3,ShallowMsa_021,2namA,0.24810898896078273,0.6721334865027152,-0.4240244975419325,Pipeline/FoldPairs/2namA_1uxmK/output_AF/AF3_treek100_top10/ShallowMsa_021/2namA/tmp_ShallowMsa_021__2namA_first/tmp_ShallowMsa_021__2namA_first_rank1_model.pdb,,0.18870432712932783
AF3_treek100_top10,AF3,ShallowMsa_021,1uxmK,0.23981703300518287,0.6756850943962893,-0.43586806139110645,Pipeline/FoldPairs/2namA_1uxmK/output_AF/AF3_treek100_top10/ShallowMsa_021/1uxmK/tmp_ShallowMsa_021__1uxmK_first/tmp_ShallowMsa_021__1uxmK_first_rank1_model.pdb,,0.18231001915557243
AF3_treek100_top10,AF3,ShallowMsa_022,2namA,0.1756396432181478,0.6397995493614628,-0.464159906143315,Pipeline/FoldPairs/2namA_1uxmK/output_AF/AF3_treek100_top10/ShallowMsa_022/2namA/tmp_ShallowMsa_022__2namA_first/tmp_ShallowMsa_022__2namA_first_rank1_model.pdb,,0.14856891852794535
AF3_treek100_top10,AF3,ShallowMsa_022,1uxmK,0.1756396432181478,0.6397995493614628,-0.464159906143315,Pipeline/FoldPairs/2namA_1uxmK/output_AF/AF3_treek100_top10/ShallowMsa_022/1uxmK/tmp_ShallowMsa_022__1uxmK_first/tmp_ShallowMsa_022__1uxmK_first_rank1_model.pdb,,0.1540181744033639
AF3_treek100_top10,AF3,ShallowMsa_023,2namA,0.17983883983478716,0.8753253016338122,-0.6954864617990251,Pipeline/FoldPairs/2namA_1uxmK/output_AF/AF3_treek100_top10/ShallowMsa_023/2namA/tmp_ShallowMsa_023__2namA_first/tmp_ShallowMsa_023__2namA_first_rank1_model.pdb,,-0.08275763712776474
AF3_treek100_top10,AF3,ShallowMsa_023,1uxmK,0.17983883983478716,0.8753253016338122,-0.6954864617990251,Pipeline/FoldPairs/2namA_1uxmK/output_AF/AF3_treek100_top10/ShallowMsa_023/1uxmK/tmp_ShallowMsa_023__1uxmK_first/tmp_ShallowMsa_023__1uxmK_first_rank1_model.pdb,,-0.07730838125234618
AF3_treek100_top10,AF3,ShallowMsa_024,2namA,0.20736724208092733,0.6743293245548654,-0.46696208247393806,Pipeline/FoldPairs/2namA_1uxmK/output_AF/AF3_treek100_top10/ShallowMsa_024/2namA/tmp_ShallowMsa_024__2namA_first/tmp_ShallowMsa_024__2namA_first_rank1_model.pdb,,0.14576674219732227
AF3_treek100_top10,AF3,ShallowMsa_024,1uxmK,0.20736724208092733,0.6743293245548654,-0.46696208247393806,Pipeline/FoldPairs/2namA_1uxmK/output_AF/AF3_treek100_top10/ShallowMsa_024/1uxmK/tmp_ShallowMsa_024__1uxmK_first/tmp_ShallowMsa_024__1uxmK_first_rank1_model.pdb,,0.15121599807274083
AF3_treek100_top10,AF3,ShallowMsa_025,2namA,0.16039461839836514,0.9805042510682865,-0.8201096326699214,Pipeline/FoldPairs/2namA_1uxmK/output_AF/AF3_treek100_top10/ShallowMsa_025/2namA/tmp_ShallowMsa_025__2namA_first/tmp_ShallowMsa_025__2namA_first_rank1_model.pdb,,-0.2073808079986611
AF3_treek100_top10,AF3,ShallowMsa_025,1uxmK,0.1749322635751289,0.9806775582748021,-0.8057452946996732,Pipeline/FoldPairs/2namA_1uxmK/output_AF/AF3_treek100_top10/ShallowMsa_025/1uxmK/tmp_ShallowMsa_025__1uxmK_first/tmp_ShallowMsa_025__1uxmK_first_rank1_model.pdb,,-0.18756721415299427
AF3_treek100_top10,AF3,ShallowMsa_026,2namA,0.1968555026537997,0.7484610832707765,-0.5516055806169768,Pipeline/FoldPairs/2namA_1uxmK/output_AF/AF3_treek100_top10/ShallowMsa_026/2namA/tmp_ShallowMsa_026__2namA_first/tmp_ShallowMsa_026__2namA_first_rank1_model.pdb,,0.06112324405428349
AF3_treek100_top10,AF3,ShallowMsa_026,1uxmK,0.1968555026537997,0.7484610832707765,-0.5516055806169768,Pipeline/FoldPairs/2namA_1uxmK/output_AF/AF3_treek100_top10/ShallowMsa_026/1uxmK/tmp_ShallowMsa_026__1uxmK_first/tmp_ShallowMsa_026__1uxmK_first_rank1_model.pdb,,0.06657249992970204
AF3_treek100_top10,AF3,ShallowMsa_027,2namA,0.18863622078988035,0.7932753509128789,-0.6046391301229985,Pipeline/FoldPairs/2namA_1uxmK/output_AF/AF3_treek100_top10/ShallowMsa_027/2namA/tmp_ShallowMsa_027__2namA_first/tmp_ShallowMsa_027__2namA_first_rank1_model.pdb,,0.008089694548261805
AF3_treek100_top10,AF3,ShallowMsa_027,1uxmK,0.18863622078988035,0.7932753509128789,-0.6046391301229985,Pipeline/FoldPairs/2namA_1uxmK/output_AF/AF3_treek100_top10/ShallowMsa_027/1uxmK/tmp_ShallowMsa_027__1uxmK_first/tmp_ShallowMsa_027__1uxmK_first_rank1_model.pdb,,0.013538950423680363
AF3_treek100_top10,AF3,ShallowMsa_028,2namA,0.1962535493719748,0.5299092326040394,-0.3336556832320646,Pipeline/FoldPairs/2namA_1uxmK/output_AF/AF3_treek100_top10/ShallowMsa_028/2namA/tmp_ShallowMsa_028__2namA_first/tmp_ShallowMsa_028__2namA_first_rank1_model.pdb,,0.2790731414391957
AF3_treek100_top10,AF3,ShallowMsa_028,1uxmK,0.1962535493719748,0.5299092326040394,-0.3336556832320646,Pipeline/FoldPairs/2namA_1uxmK/output_AF/AF3_treek100_top10/ShallowMsa_028/1uxmK/tmp_ShallowMsa_028__1uxmK_first/tmp_ShallowMsa_028__1uxmK_first_rank1_model.pdb,,0.28452239731461426
AF3_treek100_top10,AF3,ShallowMsa_029,2namA,0.17613730211705508,0.8603094116726957,-0.6841721095556406,Pipeline/FoldPairs/2namA_1uxmK/output_AF/AF3_treek100_top10/ShallowMsa_029/2namA/tmp_ShallowMsa_029__2namA_first/tmp_ShallowMsa_029__2namA_first_rank1_model.pdb,,-0.07144328488438023
AF3_treek100_top10,AF3,ShallowMsa_029,1uxmK,0.17613659179671382,0.859846340441434,-0.6837097486447202,Pipeline/FoldPairs/2namA_1uxmK/output_AF/AF3_treek100_top10/ShallowMsa_029/1uxmK/tmp_ShallowMsa_029__1uxmK_first/tmp_ShallowMsa_029__1uxmK_first_rank1_model.pdb,,-0.06553166809804134
AF3_treek100_top10,AF3,ShallowMsa_030,2namA,0.17850325915888482,0.8316055011703061,-0.6531022420114212,Pipeline/FoldPairs/2namA_1uxmK/output_AF/AF3_treek100_top10/ShallowMsa_030/2namA/tmp_ShallowMsa_030__2namA_first/tmp_ShallowMsa_030__2namA_first_rank1_model.pdb,,-0.040373417340160866
AF3_treek100_top10,AF3,ShallowMsa_030,1uxmK,0.17850325915888482,0.8316055011703061,-0.6531022420114212,Pipeline/FoldPairs/2namA_1uxmK/output_AF/AF3_treek100_top10/ShallowMsa_030/1uxmK/tmp_ShallowMsa_030__1uxmK_first/tmp_ShallowMsa_030__1uxmK_first_rank1_model.pdb,,-0.03492416146474231
AF3_treek100_top10,AF3,ShallowMsa_031,2namA,0.18533771492600745,0.5365527141892106,-0.3512149992632031,Pipeline/FoldPairs/2namA_1uxmK/output_AF/AF3_treek100_top10/ShallowMsa_031/2namA/tmp_ShallowMsa_031__2namA_first/tmp_ShallowMsa_031__2namA_first_rank1_model.pdb,,0.26151382540805723
AF3_treek100_top10,AF3,ShallowMsa_031,1uxmK,0.18533771492600745,0.5365527141892106,-0.3512149992632031,Pipeline/FoldPairs/2namA_1uxmK/output_AF/AF3_treek100_top10/ShallowMsa_031/1uxmK/tmp_ShallowMsa_031__1uxmK_first/tmp_ShallowMsa_031__1uxmK_first_rank1_model.pdb,,0.2669630812834758
AF3_treek100_top10,AF3,ShallowMsa_032,2namA,0.16952557210883232,0.8224950060227713,-0.6529694339139389,Pipeline/FoldPairs/2namA_1uxmK/output_AF/AF3_treek100_top10/ShallowMsa_032/2namA/tmp_ShallowMsa_032__2namA_first/tmp_ShallowMsa_032__2namA_first_rank1_model.pdb,,-0.04024060924267858
AF3_treek100_top10,AF3,ShallowMsa_032,1uxmK,0.16952557210883232,0.8224950060227713,-0.6529694339139389,Pipeline/FoldPairs/2namA_1uxmK/output_AF/AF3_treek100_top10/ShallowMsa_032/1uxmK/tmp_ShallowMsa_032__1uxmK_first/tmp_ShallowMsa_032__1uxmK_first_rank1_model.pdb,,-0.034791353367260025
AF3_treek100_top10,AF3,ShallowMsa_033,2namA,0.17646752537812005,0.8342982222910332,-0.6578306969129132,Pipeline/FoldPairs/2namA_1uxmK/output_AF/AF3_treek100_top10/ShallowMsa_033/2namA/tmp_ShallowMsa_033__2namA_first/tmp_ShallowMsa_033__2namA_first_rank1_model.pdb,,-0.04510187224165285
AF3_treek100_top10,AF3,ShallowMsa_033,1uxmK,0.17646752537812005,0.8342982222910332,-0.6578306969129132,Pipeline/FoldPairs/2namA_1uxmK/output_AF/AF3_treek100_top10/ShallowMsa_033/1uxmK/tmp_ShallowMsa_033__1uxmK_first/tmp_ShallowMsa_033__1uxmK_first_rank1_model.pdb,,-0.039652616366234295
AF3_treek100_top10,AF3,ShallowMsa_034,2namA,0.2081164924314399,0.705283781605712,-0.4971672891742721,Pipeline/FoldPairs/2namA_1uxmK/output_AF/AF3_treek100_top10/ShallowMsa_034/2namA/tmp_ShallowMsa_034__2namA_first/tmp_ShallowMsa_034__2namA_first_rank1_model.pdb,,0.11556153549698822
AF3_treek100_top10,AF3,ShallowMsa_034,1uxmK,0.2081164924314399,0.705283781605712,-0.4971672891742721,Pipeline/FoldPairs/2namA_1uxmK/output_AF/AF3_treek100_top10/ShallowMsa_034/1uxmK/tmp_ShallowMsa_034__1uxmK_first/tmp_ShallowMsa_034__1uxmK_first_rank1_model.pdb,,0.12101079137240678
AF3_treek100_top10,AF3,ShallowMsa_035,2namA,0.16787002758215422,0.7829034479869467,-0.6150334204047925,Pipeline/FoldPairs/2namA_1uxmK/output_AF/AF3_treek100_top10/ShallowMsa_035/2namA/tmp_ShallowMsa_035__2namA_first/tmp_ShallowMsa_035__2namA_first_rank1_model.pdb,,-0.0023045957335321443
AF3_treek100_top10,AF3,ShallowMsa_035,1uxmK,0.16787002758215422,0.7829034479869467,-0.6150334204047925,Pipeline/FoldPairs/2namA_1uxmK/output_AF/AF3_treek100_top10/ShallowMsa_035/1uxmK/tmp_ShallowMsa_035__1uxmK_first/tmp_ShallowMsa_035__1uxmK_first_rank1_model.pdb,,0.003144660141886413
AF3_treek100_top10,AF3,ShallowMsa_036,2namA,0.1968506210019922,0.8054555380405035,-0.6086049170385113,Pipeline/FoldPairs/2namA_1uxmK/output_AF/AF3_treek100_top10/ShallowMsa_036/2namA/tmp_ShallowMsa_036__2namA_first/tmp_ShallowMsa_036__2namA_first_rank1_model.pdb,,0.004123907632749058
AF3_treek100_top10,AF3,ShallowMsa_036,1uxmK,0.1968506210019922,0.8054555380405035,-0.6086049170385113,Pipeline/FoldPairs/2namA_1uxmK/output_AF/AF3_treek100_top10/ShallowMsa_036/1uxmK/tmp_ShallowMsa_036__1uxmK_first/tmp_ShallowMsa_036__1uxmK_first_rank1_model.pdb,,0.009573163508167615
AF3_treek100_top10,AF3,ShallowMsa_037,2namA,0.1778697866531781,0.7718808188347452,-0.5940110321815671,Pipeline/FoldPairs/2namA_1uxmK/output_AF/AF3_treek100_top10/ShallowMsa_037/2namA/tmp_ShallowMsa_037__2namA_first/tmp_ShallowMsa_037__2namA_first_rank1_model.pdb,,0.018717792489693186
AF3_treek100_top10,AF3,ShallowMsa_037,1uxmK,0.1778697866531781,0.7718808188347452,-0.5940110321815671,Pipeline/FoldPairs/2namA_1uxmK/output_AF/AF3_treek100_top10/ShallowMsa_037/1uxmK/tmp_ShallowMsa_037__1uxmK_first/tmp_ShallowMsa_037__1uxmK_first_rank1_model.pdb,,0.024167048365111743
AF3_treek100_top10,AF3,ShallowMsa_038,2namA,0.1804672015267511,0.9047975937810334,-0.7243303922542823,Pipeline/FoldPairs/2namA_1uxmK/output_AF/AF3_treek100_top10/ShallowMsa_038/2namA/tmp_ShallowMsa_038__2namA_first/tmp_ShallowMsa_038__2namA_first_rank1_model.pdb,,-0.11160156758302198
AF3_treek100_top10,AF3,ShallowMsa_038,1uxmK,0.1804672015267511,0.9047975937810334,-0.7243303922542823,Pipeline/FoldPairs/2namA_1uxmK/output_AF/AF3_treek100_top10/ShallowMsa_038/1uxmK/tmp_ShallowMsa_038__1uxmK_first/tmp_ShallowMsa_038__1uxmK_first_rank1_model.pdb,,-0.10615231170760342
AF3_treek100_top10,AF3,ShallowMsa_039,2namA,0.18352149943522297,0.8520269497343727,-0.6685054502991497,Pipeline/FoldPairs/2namA_1uxmK/output_AF/AF3_treek100_top10/ShallowMsa_039/2namA/tmp_ShallowMsa_039__2namA_first/tmp_ShallowMsa_039__2namA_first_rank1_model.pdb,,-0.05577662562788932
AF3_treek100_top10,AF3,ShallowMsa_039,1uxmK,0.18352149943522297,0.8520269497343727,-0.6685054502991497,Pipeline/FoldPairs/2namA_1uxmK/output_AF/AF3_treek100_top10/ShallowMsa_039/1uxmK/tmp_ShallowMsa_039__1uxmK_first/tmp_ShallowMsa_039__1uxmK_first_rank1_model.pdb,,-0.05032736975247076
AF3_treek100_top10,AF3,ShallowMsa_040,2namA,0.19558500335678597,0.6641563936724231,-0.4685713903156371,Pipeline/FoldPairs/2namA_1uxmK/output_AF/AF3_treek100_top10/ShallowMsa_040/2namA/tmp_ShallowMsa_040__2namA_first/tmp_ShallowMsa_040__2namA_first_rank1_model.pdb,,0.14415743435562323
AF3_treek100_top10,AF3,ShallowMsa_040,1uxmK,0.19558500335678597,0.6641563936724231,-0.4685713903156371,Pipeline/FoldPairs/2namA_1uxmK/output_AF/AF3_treek100_top10/ShallowMsa_040/1uxmK/tmp_ShallowMsa_040__1uxmK_first/tmp_ShallowMsa_040__1uxmK_first_rank1_model.pdb,,0.14960669023104178
AF3_treek100_top10,AF3,ShallowMsa_041,2namA,0.17824036374573432,0.8229554572577455,-0.6447150935120112,Pipeline/FoldPairs/2namA_1uxmK/output_AF/AF3_treek100_top10/ShallowMsa_041/2namA/tmp_ShallowMsa_041__2namA_first/tmp_ShallowMsa_041__2namA_first_rank1_model.pdb,,-0.03198626884075084
AF3_treek100_top10,AF3,ShallowMsa_041,1uxmK,0.17824036374573432,0.8229554572577455,-0.6447150935120112,Pipeline/FoldPairs/2namA_1uxmK/output_AF/AF3_treek100_top10/ShallowMsa_041/1uxmK/tmp_ShallowMsa_041__1uxmK_first/tmp_ShallowMsa_041__1uxmK_first_rank1_model.pdb,,-0.026537012965332285
AF3_treek100_top10,AF3,ShallowMsa_042,2namA,0.1900593866661003,0.8147733965719558,-0.6247140099058555,Pipeline/FoldPairs/2namA_1uxmK/output_AF/AF3_treek100_top10/ShallowMsa_042/2namA/tmp_ShallowMsa_042__2namA_first/tmp_ShallowMsa_042__2namA_first_rank1_model.pdb,,-0.01198518523459513
AF3_treek100_top10,AF3,ShallowMsa_042,1uxmK,0.1900593866661003,0.8147733965719558,-0.6247140099058555,Pipeline/FoldPairs/2namA_1uxmK/output_AF/AF3_treek100_top10/ShallowMsa_042/1uxmK/tmp_ShallowMsa_042__1uxmK_first/tmp_ShallowMsa_042__1uxmK_first_rank1_model.pdb,,-0.006535929359176573
AF3_treek100_top10,AF3,ShallowMsa_043,2namA,0.18066039493835018,0.8751489601245191,-0.694488565186169,Pipeline/FoldPairs/2namA_1uxmK/output_AF/AF3_treek100_top10/ShallowMsa_043/2namA/tmp_ShallowMsa_043__2namA_first/tmp_ShallowMsa_043__2namA_first_rank1_model.pdb,,-0.08175974051490864
AF3_treek100_top10,AF3,ShallowMsa_043,1uxmK,0.18066039493835018,0.8751489601245191,-0.694488565186169,Pipeline/FoldPairs/2namA_1uxmK/output_AF/AF3_treek100_top10/ShallowMsa_043/1uxmK/tmp_ShallowMsa_043__1uxmK_first/tmp_ShallowMsa_043__1uxmK_first_rank1_model.pdb,,-0.07631048463949008
AF3_treek100_top10,AF3,ShallowMsa_044,2namA,0.1767924113710446,0.8271638816793725,-0.6503714703083279,Pipeline/FoldPairs/2namA_1uxmK/output_AF/AF3_treek100_top10/ShallowMsa_044/2namA/tmp_ShallowMsa_044__2namA_first/tmp_ShallowMsa_044__2namA_first_rank1_model.pdb,,-0.03764264563706754
AF3_treek100_top10,AF3,ShallowMsa_044,1uxmK,0.1767924113710446,0.8271638816793725,-0.6503714703083279,Pipeline/FoldPairs/2namA_1uxmK/output_AF/AF3_treek100_top10/ShallowMsa_044/1uxmK/tmp_ShallowMsa_044__1uxmK_first/tmp_ShallowMsa_044__1uxmK_first_rank1_model.pdb,,-0.03219338976164898
AF3_treek100_top10,AF3,ShallowMsa_045,2namA,0.18995635493820362,0.9018408929660221,-0.7118845380278185,Pipeline/FoldPairs/2namA_1uxmK/output_AF/AF3_treek100_top10/ShallowMsa_045/2namA/tmp_ShallowMsa_045__2namA_first/tmp_ShallowMsa_045__2namA_first_rank1_model.pdb,,-0.09915571335655815
AF3_treek100_top10,AF3,ShallowMsa_045,1uxmK,0.18995635493820362,0.9018408929660221,-0.7118845380278185,Pipeline/FoldPairs/2namA_1uxmK/output_AF/AF3_treek100_top10/ShallowMsa_045/1uxmK/tmp_ShallowMsa_045__1uxmK_first/tmp_ShallowMsa_045__1uxmK_first_rank1_model.pdb,,-0.0937064574811396
AF3_treek100_top10,AF3,ShallowMsa_046,2namA,0.16357987899891568,0.8524540530305221,-0.6888741740316064,Pipeline/FoldPairs/2namA_1uxmK/output_AF/AF3_treek100_top10/ShallowMsa_046/2namA/tmp_ShallowMsa_046__2namA_first/tmp_ShallowMsa_046__2namA_first_rank1_model.pdb,,-0.07614534936034612
AF3_treek100_top10,AF3,ShallowMsa_046,1uxmK,0.16357987899891568,0.8524540530305221,-0.6888741740316064,Pipeline/FoldPairs/2namA_1uxmK/output_AF/AF3_treek100_top10/ShallowMsa_046/1uxmK/tmp_ShallowMsa_046__1uxmK_first/tmp_ShallowMsa_046__1uxmK_first_rank1_model.pdb,,-0.07069609348492756
AF3_treek100_top10,AF3,ShallowMsa_047,2namA,0.17643912052080085,0.8799689740344788,-0.703529853513678,Pipeline/FoldPairs/2namA_1uxmK/output_AF/AF3_treek100_top10/ShallowMsa_047/2namA/tmp_ShallowMsa_047__2namA_first/tmp_ShallowMsa_047__2namA_first_rank1_model.pdb,,-0.0908010288424177
AF3_treek100_top10,AF3,ShallowMsa_047,1uxmK,0.17643912052080085,0.8799689740344788,-0.703529853513678,Pipeline/FoldPairs/2namA_1uxmK/output_AF/AF3_treek100_top10/ShallowMsa_047/1uxmK/tmp_ShallowMsa_047__1uxmK_first/tmp_ShallowMsa_047__1uxmK_first_rank1_model.pdb,,-0.08535177296699914
AF3_treek100_top10,AF3,ShallowMsa_048,2namA,0.1866614006445004,0.5757108389758478,-0.3890494383313474,Pipeline/FoldPairs/2namA_1uxmK/output_AF/AF3_treek100_top10/ShallowMsa_048/2namA/tmp_ShallowMsa_048__2namA_first/tmp_ShallowMsa_048__2namA_first_rank1_model.pdb,,0.2236793863399129
AF3_treek100_top10,AF3,ShallowMsa_048,1uxmK,0.1866614006445004,0.5757108389758478,-0.3890494383313474,Pipeline/FoldPairs/2namA_1uxmK/output_AF/AF3_treek100_top10/ShallowMsa_048/1uxmK/tmp_ShallowMsa_048__1uxmK_first/tmp_ShallowMsa_048__1uxmK_first_rank1_model.pdb,,0.22912864221533147
AF3_treek100_top10,AF3,ShallowMsa_049,2namA,0.22869364765926073,0.48007680140147235,-0.25138315374221165,Pipeline/FoldPairs/2namA_1uxmK/output_AF/AF3_treek100_top10/ShallowMsa_049/2namA/tmp_ShallowMsa_049__2namA_first/tmp_ShallowMsa_049__2namA_first_rank1_model.pdb,,0.3613456709290487
AF3_treek100_top10,AF3,ShallowMsa_049,1uxmK,0.22869364765926073,0.48007680140147235,-0.25138315374221165,Pipeline/FoldPairs/2namA_1uxmK/output_AF/AF3_treek100_top10/ShallowMsa_049/1uxmK/tmp_ShallowMsa_049__1uxmK_first/tmp_ShallowMsa_049__1uxmK_first_rank1_model.pdb,,0.36679492680446724
AF3_treek100_top10,AF3,ShallowMsa_050,2namA,0.19492388436806204,0.8815442253019409,-0.6866203409338788,Pipeline/FoldPairs/2namA_1uxmK/output_AF/AF3_treek100_top10/ShallowMsa_050/2namA/tmp_ShallowMsa_050__2namA_first/tmp_ShallowMsa_050__2namA_first_rank1_model.pdb,,-0.07389151626261847
AF3_treek100_top10,AF3,ShallowMsa_050,1uxmK,0.19492388436806204,0.8815442253019409,-0.6866203409338788,Pipeline/FoldPairs/2namA_1uxmK/output_AF/AF3_treek100_top10/ShallowMsa_050/1uxmK/tmp_ShallowMsa_050__1uxmK_first/tmp_ShallowMsa_050__1uxmK_first_rank1_model.pdb,,-0.06844226038719992
AF3_treek100_top10,AF3,ShallowMsa_051,2namA,0.23241185424050823,0.27642428132516206,-0.04401242708465383,Pipeline/FoldPairs/2namA_1uxmK/output_AF/AF3_treek100_top10/ShallowMsa_051/2namA/tmp_ShallowMsa_051__2namA_first/tmp_ShallowMsa_051__2namA_first_rank1_model.pdb,,0.5687163975866065
AF3_treek100_top10,AF3,ShallowMsa_051,1uxmK,0.23241185424050823,0.27642428132516206,-0.04401242708465383,Pipeline/FoldPairs/2namA_1uxmK/output_AF/AF3_treek100_top10/ShallowMsa_051/1uxmK/tmp_ShallowMsa_051__1uxmK_first/tmp_ShallowMsa_051__1uxmK_first_rank1_model.pdb,,0.5741656534620251
AF3_treek100_top10,AF3,ShallowMsa_052,2namA,0.18695474122367117,0.651208461331214,-0.46425372010754284,Pipeline/FoldPairs/2namA_1uxmK/output_AF/AF3_treek100_top10/ShallowMsa_052/2namA/tmp_ShallowMsa_052__2namA_first/tmp_ShallowMsa_052__2namA_first_rank1_model.pdb,,0.14847510456371749
AF3_treek100_top10,AF3,ShallowMsa_052,1uxmK,0.18695474122367117,0.651208461331214,-0.46425372010754284,Pipeline/FoldPairs/2namA_1uxmK/output_AF/AF3_treek100_top10/ShallowMsa_052/1uxmK/tmp_ShallowMsa_052__1uxmK_first/tmp_ShallowMsa_052__1uxmK_first_rank1_model.pdb,,0.15392436043913604
AF3_treek100_top10,AF3,ShallowMsa_053,2namA,0.19394633891401977,0.7714594674168407,-0.5775131285028209,Pipeline/FoldPairs/2namA_1uxmK/output_AF/AF3_treek100_top10/ShallowMsa_053/2namA/tmp_ShallowMsa_053__2namA_first/tmp_ShallowMsa_053__2namA_first_rank1_model.pdb,,0.03521569616843945
AF3_treek100_top10,AF3,ShallowMsa_053,1uxmK,0.19394633891401977,0.7714594674168407,-0.5775131285028209,Pipeline/FoldPairs/2namA_1uxmK/output_AF/AF3_treek100_top10/ShallowMsa_053/1uxmK/tmp_ShallowMsa_053__1uxmK_first/tmp_ShallowMsa_053__1uxmK_first_rank1_model.pdb,,0.040664952043858005
AF3_treek100_top10,AF3,ShallowMsa_054,2namA,0.1782195514625565,0.9163177684859661,-0.7380982170234096,Pipeline/FoldPairs/2namA_1uxmK/output_AF/AF3_treek100_top10/ShallowMsa_054/2namA/tmp_ShallowMsa_054__2namA_first/tmp_ShallowMsa_054__2namA_first_rank1_model.pdb,,-0.12536939235214928
AF3_treek100_top10,AF3,ShallowMsa_054,1uxmK,0.1782195514625565,0.9163177684859661,-0.7380982170234096,Pipeline/FoldPairs/2namA_1uxmK/output_AF/AF3_treek100_top10/ShallowMsa_054/1uxmK/tmp_ShallowMsa_054__1uxmK_first/tmp_ShallowMsa_054__1uxmK_first_rank1_model.pdb,,-0.11992013647673072
AF3_treek100_top10,AF3,ShallowMsa_055,2namA,0.19309364173508264,0.8998500701122742,-0.7067564283771917,Pipeline/FoldPairs/2namA_1uxmK/output_AF/AF3_treek100_top10/ShallowMsa_055/2namA/tmp_ShallowMsa_055__2namA_first/tmp_ShallowMsa_055__2namA_first_rank1_model.pdb,,-0.09402760370593133
AF3_treek100_top10,AF3,ShallowMsa_055,1uxmK,0.19309364173508264,0.8998500701122742,-0.7067564283771917,Pipeline/FoldPairs/2namA_1uxmK/output_AF/AF3_treek100_top10/ShallowMsa_055/1uxmK/tmp_ShallowMsa_055__1uxmK_first/tmp_ShallowMsa_055__1uxmK_first_rank1_model.pdb,,-0.08857834783051277
AF3_treek100_top10,AF3,ShallowMsa_056,2namA,0.16778417314460778,0.984905388439285,-0.8171212152946772,Pipeline/FoldPairs/2namA_1uxmK/output_AF/AF3_treek100_top10/ShallowMsa_056/2namA/tmp_ShallowMsa_056__2namA_first/tmp_ShallowMsa_056__2namA_first_rank1_model.pdb,,-0.20439239062341685
AF3_treek100_top10,AF3,ShallowMsa_056,1uxmK,0.16770842479798348,0.9638930255856089,-0.7961846007876254,Pipeline/FoldPairs/2namA_1uxmK/output_AF/AF3_treek100_top10/ShallowMsa_056/1uxmK/tmp_ShallowMsa_056__1uxmK_first/tmp_ShallowMsa_056__1uxmK_first_rank1_model.pdb,,-0.17800652024094654
AF3_treek100_top10,AF3,ShallowMsa_057,2namA,0.18722440948554872,0.9781248481707989,-0.7909004386852502,Pipeline/FoldPairs/2namA_1uxmK/output_AF/AF3_treek100_top10/ShallowMsa_057/2namA/tmp_ShallowMsa_057__2namA_first/tmp_ShallowMsa_057__2namA_first_rank1_model.pdb,,-0.17817161401398984
AF3_treek100_top10,AF3,ShallowMsa_057,1uxmK,0.18722440948554872,0.9781248481707989,-0.7909004386852502,Pipeline/FoldPairs/2namA_1uxmK/output_AF/AF3_treek100_top10/ShallowMsa_057/1uxmK/tmp_ShallowMsa_057__1uxmK_first/tmp_ShallowMsa_057__1uxmK_first_rank1_model.pdb,,-0.17272235813857129
AF3_treek100_top10,AF3,ShallowMsa_058,2namA,0.2067634084717393,0.3739438052280777,-0.1671803967563384,Pipeline/FoldPairs/2namA_1uxmK/output_AF/AF3_treek100_top10/ShallowMsa_058/2namA/tmp_ShallowMsa_058__2namA_first/tmp_ShallowMsa_058__2namA_first_rank1_model.pdb,,0.44554842791492194
AF3_treek100_top10,AF3,ShallowMsa_058,1uxmK,0.2067634084717393,0.3739438052280777,-0.1671803967563384,Pipeline/FoldPairs/2namA_1uxmK/output_AF/AF3_treek100_top10/ShallowMsa_058/1uxmK/tmp_ShallowMsa_058__1uxmK_first/tmp_ShallowMsa_058__1uxmK_first_rank1_model.pdb,,0.4509976837903405
AF3_treek100_top10,AF3,ShallowMsa_059,2namA,0.18023811787618346,0.8258493584952081,-0.6456112406190246,Pipeline/FoldPairs/2namA_1uxmK/output_AF/AF3_treek100_top10/ShallowMsa_059/2namA/tmp_ShallowMsa_059__2namA_first/tmp_ShallowMsa_059__2namA_first_rank1_model.pdb,,-0.03288241594776431
AF3_treek100_top10,AF3,ShallowMsa_059,1uxmK,0.18023811787618346,0.8258493584952081,-0.6456112406190246,Pipeline/FoldPairs/2namA_1uxmK/output_AF/AF3_treek100_top10/ShallowMsa_059/1uxmK/tmp_ShallowMsa_059__1uxmK_first/tmp_ShallowMsa_059__1uxmK_first_rank1_model.pdb,,-0.027433160072345752
AF3_treek100_top10,AF3,ShallowMsa_060,2namA,0.18493324004530326,0.7387200690239213,-0.5537868289786181,Pipeline/FoldPairs/2namA_1uxmK/output_AF/AF3_treek100_top10/ShallowMsa_060/2namA/tmp_ShallowMsa_060__2namA_first/tmp_ShallowMsa_060__2namA_first_rank1_model.pdb,,0.058941995692642246
AF3_treek100_top10,AF3,ShallowMsa_060,1uxmK,0.19020875683338714,0.8115314975219524,-0.6213227406885653,Pipeline/FoldPairs/2namA_1uxmK/output_AF/AF3_treek100_top10/ShallowMsa_060/1uxmK/tmp_ShallowMsa_060__1uxmK_first/tmp_ShallowMsa_060__1uxmK_first_rank1_model.pdb,,-0.003144660141886413
AF3_treek100_top10,AF3,ShallowMsa_061,2namA,0.18704848971417512,0.955532933230849,-0.7684844435166739,Pipeline/FoldPairs/2namA_1uxmK/output_AF/AF3_treek100_top10/ShallowMsa_061/2namA/tmp_ShallowMsa_061__2namA_first/tmp_ShallowMsa_061__2namA_first_rank1_model.pdb,,-0.15575561884541356
AF3_treek100_top10,AF3,ShallowMsa_061,1uxmK,0.18704848971417512,0.955532933230849,-0.7684844435166739,Pipeline/FoldPairs/2namA_1uxmK/output_AF/AF3_treek100_top10/ShallowMsa_061/1uxmK/tmp_ShallowMsa_061__1uxmK_first/tmp_ShallowMsa_061__1uxmK_first_rank1_model.pdb,,-0.150306362969995
AF3_treek100_top10,AF3,ShallowMsa_062,2namA,0.17975977251959538,0.8144536462029083,-0.6346938736833129,Pipeline/FoldPairs/2namA_1uxmK/output_AF/AF3_treek100_top10/ShallowMsa_062/2namA/tmp_ShallowMsa_062__2namA_first/tmp_ShallowMsa_062__2namA_first_rank1_model.pdb,,-0.02196504901205254
AF3_treek100_top10,AF3,ShallowMsa_062,1uxmK,0.17975977251959538,0.8144536462029083,-0.6346938736833129,Pipeline/FoldPairs/2namA_1uxmK/output_AF/AF3_treek100_top10/ShallowMsa_062/1uxmK/tmp_ShallowMsa_062__1uxmK_first/tmp_ShallowMsa_062__1uxmK_first_rank1_model.pdb,,-0.016515793136633983
AF3_treek100_top10,AF3,ShallowMsa_063,2namA,0.19841116279241774,0.7053495416179099,-0.5069383788254921,Pipeline/FoldPairs/2namA_1uxmK/output_AF/AF3_treek100_top10/ShallowMsa_063/2namA/tmp_ShallowMsa_063__2namA_first/tmp_ShallowMsa_063__2namA_first_rank1_model.pdb,,0.10579044584576824
AF3_treek100_top10,AF3,ShallowMsa_063,1uxmK,0.19841116279241774,0.7053495416179099,-0.5069383788254921,Pipeline/FoldPairs/2namA_1uxmK/output_AF/AF3_treek100_top10/ShallowMsa_063/1uxmK/tmp_ShallowMsa_063__1uxmK_first/tmp_ShallowMsa_063__1uxmK_first_rank1_model.pdb,,0.1112397017211868
AF3_treek100_top10,AF3,ShallowMsa_064,2namA,0.2173305461843952,0.5738869062623067,-0.35655636007791147,Pipeline/FoldPairs/2namA_1uxmK/output_AF/AF3_treek100_top10/ShallowMsa_064/2namA/tmp_ShallowMsa_064__2namA_first/tmp_ShallowMsa_064__2namA_first_rank1_model.pdb,,0.25617246459334886
AF3_treek100_top10,AF3,ShallowMsa_064,1uxmK,0.2173305461843952,0.5738869062623067,-0.35655636007791147,Pipeline/FoldPairs/2namA_1uxmK/output_AF/AF3_treek100_top10/ShallowMsa_064/1uxmK/tmp_ShallowMsa_064__1uxmK_first/tmp_ShallowMsa_064__1uxmK_first_rank1_model.pdb,,0.2616217204687674
AF3_treek100_top10,AF3,ShallowMsa_065,2namA,0.2261472039330347,0.40801261026870267,-0.18186540633566797,Pipeline/FoldPairs/2namA_1uxmK/output_AF/AF3_treek100_top10/ShallowMsa_065/2namA/tmp_ShallowMsa_065__2namA_first/tmp_ShallowMsa_065__2namA_first_rank1_model.pdb,,0.4308634183355924
AF3_treek100_top10,AF3,ShallowMsa_065,1uxmK,0.2261472039330347,0.40801261026870267,-0.18186540633566797,Pipeline/FoldPairs/2namA_1uxmK/output_AF/AF3_treek100_top10/ShallowMsa_065/1uxmK/tmp_ShallowMsa_065__1uxmK_first/tmp_ShallowMsa_065__1uxmK_first_rank1_model.pdb,,0.43631267421101094
AF3_treek100_top10,AF3,ShallowMsa_066,2namA,0.17919188384678475,0.8472312880859598,-0.6680394042391751,Pipeline/FoldPairs/2namA_1uxmK/output_AF/AF3_treek100_top10/ShallowMsa_066/2namA/tmp_ShallowMsa_066__2namA_first/tmp_ShallowMsa_066__2namA_first_rank1_model.pdb,,-0.05531057956791474
AF3_treek100_top10,AF3,ShallowMsa_066,1uxmK,0.17919188384678475,0.8472312880859598,-0.6680394042391751,Pipeline/FoldPairs/2namA_1uxmK/output_AF/AF3_treek100_top10/ShallowMsa_066/1uxmK/tmp_ShallowMsa_066__1uxmK_first/tmp_ShallowMsa_066__1uxmK_first_rank1_model.pdb,,-0.049861323692496184
AF3_treek100_top10,AF3,ShallowMsa_067,2namA,0.20483199715596256,0.5562650859247505,-0.351433088768788,Pipeline/FoldPairs/2namA_1uxmK/output_AF/AF3_treek100_top10/ShallowMsa_067/2namA/tmp_ShallowMsa_067__2namA_first/tmp_ShallowMsa_067__2namA_first_rank1_model.pdb,,0.26129573590247235
AF3_treek100_top10,AF3,ShallowMsa_067,1uxmK,0.20483199715596256,0.5562650859247505,-0.351433088768788,Pipeline/FoldPairs/2namA_1uxmK/output_AF/AF3_treek100_top10/ShallowMsa_067/1uxmK/tmp_ShallowMsa_067__1uxmK_first/tmp_ShallowMsa_067__1uxmK_first_rank1_model.pdb,,0.2667449917778909
AF3_treek100_top10,AF3,ShallowMsa_068,2namA,0.2074509792445403,0.5509508137764374,-0.3434998345318971,Pipeline/FoldPairs/2namA_1uxmK/output_AF/AF3_treek100_top10/ShallowMsa_068/2namA/tmp_ShallowMsa_068__2namA_first/tmp_ShallowMsa_068__2namA_first_rank1_model.pdb,,0.26922899013936324
AF3_treek100_top10,AF3,ShallowMsa_068,1uxmK,0.2074509792445403,0.5509508137764374,-0.3434998345318971,Pipeline/FoldPairs/2namA_1uxmK/output_AF/AF3_treek100_top10/ShallowMsa_068/1uxmK/tmp_ShallowMsa_068__1uxmK_first/tmp_ShallowMsa_068__1uxmK_first_rank1_model.pdb,,0.2746782460147818
AF3_treek100_top10,AF3,ShallowMsa_069,2namA,0.19818380936934227,0.6370191715404879,-0.43883536217114566,Pipeline/FoldPairs/2namA_1uxmK/output_AF/AF3_treek100_top10/ShallowMsa_069/2namA/tmp_ShallowMsa_069__2namA_first/tmp_ShallowMsa_069__2namA_first_rank1_model.pdb,,0.17389346250011467
AF3_treek100_top10,AF3,ShallowMsa_069,1uxmK,0.19818380936934227,0.6370191715404879,-0.43883536217114566,Pipeline/FoldPairs/2namA_1uxmK/output_AF/AF3_treek100_top10/ShallowMsa_069/1uxmK/tmp_ShallowMsa_069__1uxmK_first/tmp_ShallowMsa_069__1uxmK_first_rank1_model.pdb,,0.17934271837553323
AF3_treek100_top10,AF3,ShallowMsa_070,2namA,0.1734012449969268,0.8781134371468697,-0.704712192149943,Pipeline/FoldPairs/2namA_1uxmK/output_AF/AF3_treek100_top10/ShallowMsa_070/2namA/tmp_ShallowMsa_070__2namA_first/tmp_ShallowMsa_070__2namA_first_rank1_model.pdb,,-0.09198336747868263
AF3_treek100_top10,AF3,ShallowMsa_070,1uxmK,0.1734012449969268,0.8781134371468697,-0.704712192149943,Pipeline/FoldPairs/2namA_1uxmK/output_AF/AF3_treek100_top10/ShallowMsa_070/1uxmK/tmp_ShallowMsa_070__1uxmK_first/tmp_ShallowMsa_070__1uxmK_first_rank1_model.pdb,,-0.08653411160326407
AF3_treek100_top10,AF3,ShallowMsa_071,2namA,0.1962696285284576,0.6455603522657375,-0.44929072373727985,Pipeline/FoldPairs/2namA_1uxmK/output_AF/AF3_treek100_top10/ShallowMsa_071/2namA/tmp_ShallowMsa_071__2namA_first/tmp_ShallowMsa_071__2namA_first_rank1_model.pdb,,0.16343810093398048
AF3_treek100_top10,AF3,ShallowMsa_071,1uxmK,0.1962696285284576,0.6455603522657375,-0.44929072373727985,Pipeline/FoldPairs/2namA_1uxmK/output_AF/AF3_treek100_top10/ShallowMsa_071/1uxmK/tmp_ShallowMsa_071__1uxmK_first/tmp_ShallowMsa_071__1uxmK_first_rank1_model.pdb,,0.16888735680939904
AF3_treek100_top10,AF3,ShallowMsa_072,2namA,0.18662510163096793,0.4864990031477229,-0.29987390151675497,Pipeline/FoldPairs/2namA_1uxmK/output_AF/AF3_treek100_top10/ShallowMsa_072/2namA/tmp_ShallowMsa_072__2namA_first/tmp_ShallowMsa_072__2namA_first_rank1_model.pdb,,0.31285492315450536
AF3_treek100_top10,AF3,ShallowMsa_072,1uxmK,0.18662510163096793,0.4864990031477229,-0.29987390151675497,Pipeline/FoldPairs/2namA_1uxmK/output_AF/AF3_treek100_top10/ShallowMsa_072/1uxmK/tmp_ShallowMsa_072__1uxmK_first/tmp_ShallowMsa_072__1uxmK_first_rank1_model.pdb,,0.3183041790299239
AF3_treek100_top10,AF3,ShallowMsa_073,2namA,0.18601414222518703,0.7375114773641915,-0.5514973351390045,Pipeline/FoldPairs/2namA_1uxmK/output_AF/AF3_treek100_top10/ShallowMsa_073/2namA/tmp_ShallowMsa_073__2namA_first/tmp_ShallowMsa_073__2namA_first_rank1_model.pdb,,0.06123148953225588
AF3_treek100_top10,AF3,ShallowMsa_073,1uxmK,0.18601414222518703,0.7375114773641915,-0.5514973351390045,Pipeline/FoldPairs/2namA_1uxmK/output_AF/AF3_treek100_top10/ShallowMsa_073/1uxmK/tmp_ShallowMsa_073__1uxmK_first/tmp_ShallowMsa_073__1uxmK_first_rank1_model.pdb,,0.06668074540767444
AF3_treek100_top10,AF3,ShallowMsa_074,2namA,0.21102829344831034,0.7682197023559457,-0.5571914089076354,Pipeline/FoldPairs/2namA_1uxmK/output_AF/AF3_treek100_top10/ShallowMsa_074/2namA/tmp_ShallowMsa_074__2namA_first/tmp_ShallowMsa_074__2namA_first_rank1_model.pdb,,0.05553741576362492
AF3_treek100_top10,AF3,ShallowMsa_074,1uxmK,0.21102829344831034,0.7682197023559457,-0.5571914089076354,Pipeline/FoldPairs/2namA_1uxmK/output_AF/AF3_treek100_top10/ShallowMsa_074/1uxmK/tmp_ShallowMsa_074__1uxmK_first/tmp_ShallowMsa_074__1uxmK_first_rank1_model.pdb,,0.06098667163904348
AF3_treek100_top10,AF3,ShallowMsa_075,2namA,0.19606206916789493,0.7812764445449626,-0.5852143753770677,Pipeline/FoldPairs/2namA_1uxmK/output_AF/AF3_treek100_top10/ShallowMsa_075/2namA/tmp_ShallowMsa_075__2namA_first/tmp_ShallowMsa_075__2namA_first_rank1_model.pdb,,0.027514449294192667
AF3_treek100_top10,AF3,ShallowMsa_075,1uxmK,0.19606206916789493,0.7812764445449626,-0.5852143753770677,Pipeline/FoldPairs/2namA_1uxmK/output_AF/AF3_treek100_top10/ShallowMsa_075/1uxmK/tmp_ShallowMsa_075__1uxmK_first/tmp_ShallowMsa_075__1uxmK_first_rank1_model.pdb,,0.032963705169611224
AF3_treek100_top10,AF3,ShallowMsa_076,2namA,0.18967073021601466,0.9695341636090471,-0.7798634333930324,Pipeline/FoldPairs/2namA_1uxmK/output_AF/AF3_treek100_top10/ShallowMsa_076/2namA/tmp_ShallowMsa_076__2namA_first/tmp_ShallowMsa_076__2namA_first_rank1_model.pdb,,-0.1671346087217721
AF3_treek100_top10,AF3,ShallowMsa_076,1uxmK,0.18967073021601466,0.9695341636090471,-0.7798634333930324,Pipeline/FoldPairs/2namA_1uxmK/output_AF/AF3_treek100_top10/ShallowMsa_076/1uxmK/tmp_ShallowMsa_076__1uxmK_first/tmp_ShallowMsa_076__1uxmK_first_rank1_model.pdb,,-0.16168535284635355
AF3_treek100_top10,AF3,ShallowMsa_077,2namA,0.19932518850359554,0.6300413702170305,-0.430716181713435,Pipeline/FoldPairs/2namA_1uxmK/output_AF/AF3_treek100_top10/ShallowMsa_077/2namA/tmp_ShallowMsa_077__2namA_first/tmp_ShallowMsa_077__2namA_first_rank1_model.pdb,,0.18201264295782532
AF3_treek100_top10,AF3,ShallowMsa_077,1uxmK,0.19932518850359554,0.6300413702170305,-0.430716181713435,Pipeline/FoldPairs/2namA_1uxmK/output_AF/AF3_treek100_top10/ShallowMsa_077/1uxmK/tmp_ShallowMsa_077__1uxmK_first/tmp_ShallowMsa_077__1uxmK_first_rank1_model.pdb,,0.18746189883324388
AF3_treek100_top10,AF3,ShallowMsa_078,2namA,0.17338367973902089,0.629465496367606,-0.45608181662858505,Pipeline/FoldPairs/2namA_1uxmK/output_AF/AF3_treek100_top10/ShallowMsa_078/2namA/tmp_ShallowMsa_078__2namA_first/tmp_ShallowMsa_078__2namA_first_rank1_model.pdb,,0.15664700804267528
AF3_treek100_top10,AF3,ShallowMsa_078,1uxmK,0.17338367973902089,0.629465496367606,-0.45608181662858505,Pipeline/FoldPairs/2namA_1uxmK/output_AF/AF3_treek100_top10/ShallowMsa_078/1uxmK/tmp_ShallowMsa_078__1uxmK_first/tmp_ShallowMsa_078__1uxmK_first_rank1_model.pdb,,0.16209626391809384
AF3_treek100_top10,AF3,ShallowMsa_079,2namA,0.20624512527271172,0.43130882169534845,-0.22506369642263674,Pipeline/FoldPairs/2namA_1uxmK/output_AF/AF3_treek100_top10/ShallowMsa_079/2namA/tmp_ShallowMsa_079__2namA_first/tmp_ShallowMsa_079__2namA_first_rank1_model.pdb,,0.3876651282486236
AF3_treek100_top10,AF3,ShallowMsa_079,1uxmK,0.20624512527271172,0.43130882169534845,-0.22506369642263674,Pipeline/FoldPairs/2namA_1uxmK/output_AF/AF3_treek100_top10/ShallowMsa_079/1uxmK/tmp_ShallowMsa_079__1uxmK_first/tmp_ShallowMsa_079__1uxmK_first_rank1_model.pdb,,0.39311438412404215
AF3_treek100_top10,AF3,ShallowMsa_080,2namA,0.20201003503006246,0.7600476154659415,-0.558037580435879,Pipeline/FoldPairs/2namA_1uxmK/output_AF/AF3_treek100_top10/ShallowMsa_080/2namA/tmp_ShallowMsa_080__2namA_first/tmp_ShallowMsa_080__2namA_first_rank1_model.pdb,,0.0546912442353813
AF3_treek100_top10,AF3,ShallowMsa_080,1uxmK,0.20201003503006246,0.7600476154659415,-0.558037580435879,Pipeline/FoldPairs/2namA_1uxmK/output_AF/AF3_treek100_top10/ShallowMsa_080/1uxmK/tmp_ShallowMsa_080__1uxmK_first/tmp_ShallowMsa_080__1uxmK_first_rank1_model.pdb,,0.060140500110799855
AF3_treek100_top10,AF3,ShallowMsa_081,2namA,0.153913342560273,0.9628346963555391,-0.8089213537952661,Pipeline/FoldPairs/2namA_1uxmK/output_AF/AF3_treek100_top10/ShallowMsa_081/2namA/tmp_ShallowMsa_081__2namA_first/tmp_ShallowMsa_081__2namA_first_rank1_model.pdb,,-0.19619252912400575
AF3_treek100_top10,AF3,ShallowMsa_081,1uxmK,0.17776177114988623,0.9197727661068761,-0.7420109949569899,Pipeline/FoldPairs/2namA_1uxmK/output_AF/AF3_treek100_top10/ShallowMsa_081/1uxmK/tmp_ShallowMsa_081__1uxmK_first/tmp_ShallowMsa_081__1uxmK_first_rank1_model.pdb,,-0.12383291441031097
AF3_treek100_top10,AF3,ShallowMsa_082,2namA,0.25344472951264796,0.48646377804234364,-0.23301904852969568,Pipeline/FoldPairs/2namA_1uxmK/output_AF/AF3_treek100_top10/ShallowMsa_082/2namA/tmp_ShallowMsa_082__2namA_first/tmp_ShallowMsa_082__2namA_first_rank1_model.pdb,,0.37970977614156465
AF3_treek100_top10,AF3,ShallowMsa_082,1uxmK,0.25344472951264796,0.48646377804234364,-0.23301904852969568,Pipeline/FoldPairs/2namA_1uxmK/output_AF/AF3_treek100_top10/ShallowMsa_082/1uxmK/tmp_ShallowMsa_082__1uxmK_first/tmp_ShallowMsa_082__1uxmK_first_rank1_model.pdb,,0.3851590320169832
AF3_treek100_top10,AF3,ShallowMsa_083,2namA,0.19972856930961355,0.7089855079202585,-0.5092569386106449,Pipeline/FoldPairs/2namA_1uxmK/output_AF/AF3_treek100_top10/ShallowMsa_083/2namA/tmp_ShallowMsa_083__2namA_first/tmp_ShallowMsa_083__2namA_first_rank1_model.pdb,,0.10347188606061541
AF3_treek100_top10,AF3,ShallowMsa_083,1uxmK,0.19972856930961355,0.7089855079202585,-0.5092569386106449,Pipeline/FoldPairs/2namA_1uxmK/output_AF/AF3_treek100_top10/ShallowMsa_083/1uxmK/tmp_ShallowMsa_083__1uxmK_first/tmp_ShallowMsa_083__1uxmK_first_rank1_model.pdb,,0.10892114193603397
AF3_treek100_top10,AF3,ShallowMsa_084,2namA,0.1968898562321132,0.8215547793683527,-0.6246649231362396,Pipeline/FoldPairs/2namA_1uxmK/output_AF/AF3_treek100_top10/ShallowMsa_084/2namA/tmp_ShallowMsa_084__2namA_first/tmp_ShallowMsa_084__2namA_first_rank1_model.pdb,,-0.011936098464979228
AF3_treek100_top10,AF3,ShallowMsa_084,1uxmK,0.1968898562321132,0.8215547793683527,-0.6246649231362396,Pipeline/FoldPairs/2namA_1uxmK/output_AF/AF3_treek100_top10/ShallowMsa_084/1uxmK/tmp_ShallowMsa_084__1uxmK_first/tmp_ShallowMsa_084__1uxmK_first_rank1_model.pdb,,-0.006486842589560671
AF3_treek100_top10,AF3,ShallowMsa_085,2namA,0.16736134880249184,0.8990185654560588,-0.731657216653567,Pipeline/FoldPairs/2namA_1uxmK/output_AF/AF3_treek100_top10/ShallowMsa_085/2namA/tmp_ShallowMsa_085__2namA_first/tmp_ShallowMsa_085__2namA_first_rank1_model.pdb,,-0.11892839198230665
AF3_treek100_top10,AF3,ShallowMsa_085,1uxmK,0.16736134880249184,0.8990185654560588,-0.731657216653567,Pipeline/FoldPairs/2namA_1uxmK/output_AF/AF3_treek100_top10/ShallowMsa_085/1uxmK/tmp_ShallowMsa_085__1uxmK_first/tmp_ShallowMsa_085__1uxmK_first_rank1_model.pdb,,-0.11347913610688809
AF3_treek100_top10,AF3,ShallowMsa_086,2namA,0.20881619778298616,0.7311059339110696,-0.5222897361280834,Pipeline/FoldPairs/2namA_1uxmK/output_AF/AF3_treek100_top10/ShallowMsa_086/2namA/tmp_ShallowMsa_086__2namA_first/tmp_ShallowMsa_086__2namA_first_rank1_model.pdb,,0.09043908854317695
AF3_treek100_top10,AF3,ShallowMsa_086,1uxmK,0.20881619778298616,0.7311059339110696,-0.5222897361280834,Pipeline/FoldPairs/2namA_1uxmK/output_AF/AF3_treek100_top10/ShallowMsa_086/1uxmK/tmp_ShallowMsa_086__1uxmK_first/tmp_ShallowMsa_086__1uxmK_first_rank1_model.pdb,,0.0958883444185955
AF3_treek100_top10,AF3,ShallowMsa_087,2namA,0.21207466114942036,0.6154746942051551,-0.40340003305573474,Pipeline/FoldPairs/2namA_1uxmK/output_AF/AF3_treek100_top10/ShallowMsa_087/2namA/tmp_ShallowMsa_087__2namA_first/tmp_ShallowMsa_087__2namA_first_rank1_model.pdb,,0.2093287916155256
AF3_treek100_top10,AF3,ShallowMsa_087,1uxmK,0.2121146001905052,0.6156966075152849,-0.40358200732477967,Pipeline/FoldPairs/2namA_1uxmK/output_AF/AF3_treek100_top10/ShallowMsa_087/1uxmK/tmp_ShallowMsa_087__1uxmK_first/tmp_ShallowMsa_087__1uxmK_first_rank1_model.pdb,,0.21459607322189922
AF3_treek100_top10,AF3,ShallowMsa_088,2namA,0.1873331609862546,0.6741832021828891,-0.48685004119663444,Pipeline/FoldPairs/2namA_1uxmK/output_AF/AF3_treek100_top10/ShallowMsa_088/2namA/tmp_ShallowMsa_088__2namA_first/tmp_ShallowMsa_088__2namA_first_rank1_model.pdb,,0.1258787834746259
AF3_treek100_top10,AF3,ShallowMsa_088,1uxmK,0.1873331609862546,0.6741832021828891,-0.48685004119663444,Pipeline/FoldPairs/2namA_1uxmK/output_AF/AF3_treek100_top10/ShallowMsa_088/1uxmK/tmp_ShallowMsa_088__1uxmK_first/tmp_ShallowMsa_088__1uxmK_first_rank1_model.pdb,,0.13132803935004445
AF3_treek100_top10,AF3,ShallowMsa_089,2namA,0.1898961826579782,0.8536420857516561,-0.6637459030936779,Pipeline/FoldPairs/2namA_1uxmK/output_AF/AF3_treek100_top10/ShallowMsa_089/2namA/tmp_ShallowMsa_089__2namA_first/tmp_ShallowMsa_089__2namA_first_rank1_model.pdb,,-0.05101707842241754
AF3_treek100_top10,AF3,ShallowMsa_089,1uxmK,0.1898961826579782,0.8536420857516561,-0.6637459030936779,Pipeline/FoldPairs/2namA_1uxmK/output_AF/AF3_treek100_top10/ShallowMsa_089/1uxmK/tmp_ShallowMsa_089__1uxmK_first/tmp_ShallowMsa_089__1uxmK_first_rank1_model.pdb,,-0.04556782254699898
AF3_treek100_top10,AF3,ShallowMsa_090,2namA,0.1948928826435397,0.8919739995203143,-0.6970811168767745,Pipeline/FoldPairs/2namA_1uxmK/output_AF/AF3_treek100_top10/ShallowMsa_090/2namA/tmp_ShallowMsa_090__2namA_first/tmp_ShallowMsa_090__2namA_first_rank1_model.pdb,,-0.08435229220551421
AF3_treek100_top10,AF3,ShallowMsa_090,1uxmK,0.19202739724677703,0.8928600492581591,-0.7008326520113821,Pipeline/FoldPairs/2namA_1uxmK/output_AF/AF3_treek100_top10/ShallowMsa_090/1uxmK/tmp_ShallowMsa_090__1uxmK_first/tmp_ShallowMsa_090__1uxmK_first_rank1_model.pdb,,-0.08265457146470323
AF3_treek100_top10,AF3,ShallowMsa_091,2namA,0.1656474390082876,0.9100858307905666,-0.744438391782279,Pipeline/FoldPairs/2namA_1uxmK/output_AF/AF3_treek100_top10/ShallowMsa_091/2namA/tmp_ShallowMsa_091__2namA_first/tmp_ShallowMsa_091__2namA_first_rank1_model.pdb,,-0.13170956711101867
AF3_treek100_top10,AF3,ShallowMsa_091,1uxmK,0.1656474390082876,0.9100858307905666,-0.744438391782279,Pipeline/FoldPairs/2namA_1uxmK/output_AF/AF3_treek100_top10/ShallowMsa_091/1uxmK/tmp_ShallowMsa_091__1uxmK_first/tmp_ShallowMsa_091__1uxmK_first_rank1_model.pdb,,-0.1262603112356001
AF3_treek100_top10,AF3,ShallowMsa_092,2namA,0.16400875942719084,0.9428940931527368,-0.7788853337255459,Pipeline/FoldPairs/2namA_1uxmK/output_AF/AF3_treek100_top10/ShallowMsa_092/2namA/tmp_ShallowMsa_092__2namA_first/tmp_ShallowMsa_092__2namA_first_rank1_model.pdb,,-0.16615650905428558
AF3_treek100_top10,AF3,ShallowMsa_092,1uxmK,0.16400875942719084,0.9428940931527368,-0.7788853337255459,Pipeline/FoldPairs/2namA_1uxmK/output_AF/AF3_treek100_top10/ShallowMsa_092/1uxmK/tmp_ShallowMsa_092__1uxmK_first/tmp_ShallowMsa_092__1uxmK_first_rank1_model.pdb,,-0.16070725317886703
AF3_treek100_top10,AF3,ShallowMsa_093,2namA,0.19032663697534902,0.8314453293949088,-0.6411186924195598,Pipeline/FoldPairs/2namA_1uxmK/output_AF/AF3_treek100_top10/ShallowMsa_093/2namA/tmp_ShallowMsa_093__2namA_first/tmp_ShallowMsa_093__2namA_first_rank1_model.pdb,,-0.028389867748299435
AF3_treek100_top10,AF3,ShallowMsa_093,1uxmK,0.19032663697534902,0.8314453293949088,-0.6411186924195598,Pipeline/FoldPairs/2namA_1uxmK/output_AF/AF3_treek100_top10/ShallowMsa_093/1uxmK/tmp_ShallowMsa_093__1uxmK_first/tmp_ShallowMsa_093__1uxmK_first_rank1_model.pdb,,-0.02294061187288088
AF3_treek100_top10,AF3,ShallowMsa_094,2namA,0.18502330647711965,0.9649075067832926,-0.779884200306173,Pipeline/FoldPairs/2namA_1uxmK/output_AF/AF3_treek100_top10/ShallowMsa_094/2namA/tmp_ShallowMsa_094__2namA_first/tmp_ShallowMsa_094__2namA_first_rank1_model.pdb,,-0.16715537563491267
AF3_treek100_top10,AF3,ShallowMsa_094,1uxmK,0.18502330647711965,0.9649075067832926,-0.779884200306173,Pipeline/FoldPairs/2namA_1uxmK/output_AF/AF3_treek100_top10/ShallowMsa_094/1uxmK/tmp_ShallowMsa_094__1uxmK_first/tmp_ShallowMsa_094__1uxmK_first_rank1_model.pdb,,-0.16170611975949412
AF3_treek100_top10,AF3,ShallowMsa_095,2namA,0.1904388959306951,0.9239411640749622,-0.7335022681442671,Pipeline/FoldPairs/2namA_1uxmK/output_AF/AF3_treek100_top10/ShallowMsa_095/2namA/tmp_ShallowMsa_095__2namA_first/tmp_ShallowMsa_095__2namA_first_rank1_model.pdb,,-0.12077344347300678
AF3_treek100_top10,AF3,ShallowMsa_095,1uxmK,0.1904388959306951,0.9239411640749622,-0.7335022681442671,Pipeline/FoldPairs/2namA_1uxmK/output_AF/AF3_treek100_top10/ShallowMsa_095/1uxmK/tmp_ShallowMsa_095__1uxmK_first/tmp_ShallowMsa_095__1uxmK_first_rank1_model.pdb,,-0.11532418759758822
AF3_treek100_top10,AF3,ShallowMsa_096,2namA,0.18923520057445573,0.9260562778650623,-0.7368210772906065,Pipeline/FoldPairs/2namA_1uxmK/output_AF/AF3_treek100_top10/ShallowMsa_096/2namA/tmp_ShallowMsa_096__2namA_first/tmp_ShallowMsa_096__2namA_first_rank1_model.pdb,,-0.1240922526193462
AF3_treek100_top10,AF3,ShallowMsa_096,1uxmK,0.18923520057445573,0.9260562778650623,-0.7368210772906065,Pipeline/FoldPairs/2namA_1uxmK/output_AF/AF3_treek100_top10/ShallowMsa_096/1uxmK/tmp_ShallowMsa_096__1uxmK_first/tmp_ShallowMsa_096__1uxmK_first_rank1_model.pdb,,-0.11864299674392764
AF3_treek100_top10,AF3,ShallowMsa_097,2namA,0.17861471545697613,0.9534085202508569,-0.7747938047938807,Pipeline/FoldPairs/2namA_1uxmK/output_AF/AF3_treek100_top10/ShallowMsa_097/2namA/tmp_ShallowMsa_097__2namA_first/tmp_ShallowMsa_097__2namA_first_rank1_model.pdb,,-0.16206498012262038
AF3_treek100_top10,AF3,ShallowMsa_097,1uxmK,0.17861471545697613,0.9534085202508569,-0.7747938047938807,Pipeline/FoldPairs/2namA_1uxmK/output_AF/AF3_treek100_top10/ShallowMsa_097/1uxmK/tmp_ShallowMsa_097__1uxmK_first/tmp_ShallowMsa_097__1uxmK_first_rank1_model.pdb,,-0.15661572424720183
AF3_treek100_top10,AF3,ShallowMsa_098,2namA,0.23853506823155024,0.8138558978520792,-0.575320829620529,Pipeline/FoldPairs/2namA_1uxmK/output_AF/AF3_treek100_top10/ShallowMsa_098/2namA/tmp_ShallowMsa_098__2namA_first/tmp_ShallowMsa_098__2namA_first_rank1_model.pdb,,0.037407995050731335
AF3_treek100_top10,AF3,ShallowMsa_098,1uxmK,0.23853506823155024,0.8138558978520792,-0.575320829620529,Pipeline/FoldPairs/2namA_1uxmK/output_AF/AF3_treek100_top10/ShallowMsa_098/1uxmK/tmp_ShallowMsa_098__1uxmK_first/tmp_ShallowMsa_098__1uxmK_first_rank1_model.pdb,,0.04285725092614989
AF3_treek100_top10,AF3,ShallowMsa_099,2namA,0.24130606734097804,0.5545738709022676,-0.3132678035612896,Pipeline/FoldPairs/2namA_1uxmK/output_AF/AF3_treek100_top10/ShallowMsa_099/2namA/tmp_ShallowMsa_099__2namA_first/tmp_ShallowMsa_099__2namA_first_rank1_model.pdb,,0.29946102110997075
AF3_treek100_top10,AF3,ShallowMsa_099,1uxmK,0.24130606734097804,0.5545738709022676,-0.3132678035612896,Pipeline/FoldPairs/2namA_1uxmK/output_AF/AF3_treek100_top10/ShallowMsa_099/1uxmK/tmp_ShallowMsa_099__1uxmK_first/tmp_ShallowMsa_099__1uxmK_first_rank1_model.pdb,,0.3049102769853893
