mode,version,cluster,chain,TM_F1,TM_F2,TMdiff,pred_pdb,error,TMdiff_centered
AF2,AF2,ShallowMsa_000,5jytA,0.5634394923051776,0.8110065413012657,-0.24756704899608806,Pipeline/FoldPairs/5jytA_2qkeE/output_AF/AF2/ShallowMsa_000/5jytA/tmp_ShallowMsa_000__5jytA_unrelaxed_rank_001_alphafold2_ptm_model_5_seed_000.pdb,,-0.29362224510471424
AF2,AF2,ShallowMsa_000,2qkeE,0.5634394923051776,0.8110065413012657,-0.24756704899608806,Pipeline/FoldPairs/5jytA_2qkeE/output_AF/AF2/ShallowMsa_000/2qkeE/tmp_ShallowMsa_000__2qkeE_unrelaxed_rank_001_alphafold2_ptm_model_5_seed_000.pdb,,-0.29362224510471424
AF2,AF2,ShallowMsa_001,5jytA,0.5309476672557435,0.8160027647406732,-0.28505509748492974,Pipeline/FoldPairs/5jytA_2qkeE/output_AF/AF2/ShallowMsa_001/5jytA/tmp_ShallowMsa_001__5jytA_unrelaxed_rank_001_alphafold2_ptm_model_2_seed_000.pdb,,-0.3311102935935559
AF2,AF2,ShallowMsa_001,2qkeE,0.5309476672557435,0.8160027647406732,-0.28505509748492974,Pipeline/FoldPairs/5jytA_2qkeE/output_AF/AF2/ShallowMsa_001/2qkeE/tmp_ShallowMsa_001__2qkeE_unrelaxed_rank_001_alphafold2_ptm_model_2_seed_000.pdb,,-0.3311102935935559
AF2,AF2,ShallowMsa_002,5jytA,0.7956019604971841,0.5240382532111635,0.27156370728602064,Pipeline/FoldPairs/5jytA_2qkeE/output_AF/AF2/ShallowMsa_002/5jytA/tmp_ShallowMsa_002__5jytA_unrelaxed_rank_001_alphafold2_ptm_model_1_seed_000.pdb,,0.22550851117739443
AF2,AF2,ShallowMsa_002,2qkeE,0.7956019604971841,0.5240382532111635,0.27156370728602064,Pipeline/FoldPairs/5jytA_2qkeE/output_AF/AF2/ShallowMsa_002/2qkeE/tmp_ShallowMsa_002__2qkeE_unrelaxed_rank_001_alphafold2_ptm_model_1_seed_000.pdb,,0.22550851117739443
AF2,AF2,ShallowMsa_003,5jytA,0.5462353295241766,0.8309018574843389,-0.28466652796016223,Pipeline/FoldPairs/5jytA_2qkeE/output_AF/AF2/ShallowMsa_003/5jytA/tmp_ShallowMsa_003__5jytA_unrelaxed_rank_001_alphafold2_ptm_model_3_seed_000.pdb,,-0.3307217240687884
AF2,AF2,ShallowMsa_003,2qkeE,0.5462353295241766,0.8309018574843389,-0.28466652796016223,Pipeline/FoldPairs/5jytA_2qkeE/output_AF/AF2/ShallowMsa_003/2qkeE/tmp_ShallowMsa_003__2qkeE_unrelaxed_rank_001_alphafold2_ptm_model_3_seed_000.pdb,,-0.3307217240687884
AF2,AF2,ShallowMsa_004,5jytA,0.5999679364350975,0.46245393853094213,0.13751399790415536,Pipeline/FoldPairs/5jytA_2qkeE/output_AF/AF2/ShallowMsa_004/5jytA/tmp_ShallowMsa_004__5jytA_unrelaxed_rank_001_alphafold2_ptm_model_4_seed_000.pdb,,0.09145880179552915
AF2,AF2,ShallowMsa_004,2qkeE,0.5999679364350975,0.46245393853094213,0.13751399790415536,Pipeline/FoldPairs/5jytA_2qkeE/output_AF/AF2/ShallowMsa_004/2qkeE/tmp_ShallowMsa_004__2qkeE_unrelaxed_rank_001_alphafold2_ptm_model_4_seed_000.pdb,,0.09145880179552915
AF2,AF2,ShallowMsa_005,5jytA,0.553719671054583,0.863783899139085,-0.31006422808450207,Pipeline/FoldPairs/5jytA_2qkeE/output_AF/AF2/ShallowMsa_005/5jytA/tmp_ShallowMsa_005__5jytA_unrelaxed_rank_001_alphafold2_ptm_model_3_seed_000.pdb,,-0.35611942419312825
AF2,AF2,ShallowMsa_005,2qkeE,0.553719671054583,0.863783899139085,-0.31006422808450207,Pipeline/FoldPairs/5jytA_2qkeE/output_AF/AF2/ShallowMsa_005/2qkeE/tmp_ShallowMsa_005__2qkeE_unrelaxed_rank_001_alphafold2_ptm_model_3_seed_000.pdb,,-0.35611942419312825
AF2,AF2,ShallowMsa_006,5jytA,0.5205571153803026,0.7466430016884906,-0.22608588630818804,Pipeline/FoldPairs/5jytA_2qkeE/output_AF/AF2/ShallowMsa_006/5jytA/tmp_ShallowMsa_006__5jytA_unrelaxed_rank_001_alphafold2_ptm_model_4_seed_000.pdb,,-0.27214108241681423
AF2,AF2,ShallowMsa_006,2qkeE,0.5205571153803026,0.7466430016884906,-0.22608588630818804,Pipeline/FoldPairs/5jytA_2qkeE/output_AF/AF2/ShallowMsa_006/2qkeE/tmp_ShallowMsa_006__2qkeE_unrelaxed_rank_001_alphafold2_ptm_model_4_seed_000.pdb,,-0.27214108241681423
AF2,AF2,ShallowMsa_007,5jytA,0.5469287724789893,0.7849299862027921,-0.23800121372380278,Pipeline/FoldPairs/5jytA_2qkeE/output_AF/AF2/ShallowMsa_007/5jytA/tmp_ShallowMsa_007__5jytA_unrelaxed_rank_001_alphafold2_ptm_model_3_seed_000.pdb,,-0.28405640983242897
AF2,AF2,ShallowMsa_007,2qkeE,0.5469287724789893,0.7849299862027921,-0.23800121372380278,Pipeline/FoldPairs/5jytA_2qkeE/output_AF/AF2/ShallowMsa_007/2qkeE/tmp_ShallowMsa_007__2qkeE_unrelaxed_rank_001_alphafold2_ptm_model_3_seed_000.pdb,,-0.28405640983242897
AF2,AF2,ShallowMsa_008,5jytA,0.5597656734538516,0.810642079441605,-0.2508764059877534,Pipeline/FoldPairs/5jytA_2qkeE/output_AF/AF2/ShallowMsa_008/5jytA/tmp_ShallowMsa_008__5jytA_unrelaxed_rank_001_alphafold2_ptm_model_4_seed_000.pdb,,-0.2969316020963796
AF2,AF2,ShallowMsa_008,2qkeE,0.5597656734538516,0.810642079441605,-0.2508764059877534,Pipeline/FoldPairs/5jytA_2qkeE/output_AF/AF2/ShallowMsa_008/2qkeE/tmp_ShallowMsa_008__2qkeE_unrelaxed_rank_001_alphafold2_ptm_model_4_seed_000.pdb,,-0.2969316020963796
AF2,AF2,ShallowMsa_009,5jytA,0.5633770503919228,0.5923911729457919,-0.02901412255386915,Pipeline/FoldPairs/5jytA_2qkeE/output_AF/AF2/ShallowMsa_009/5jytA/tmp_ShallowMsa_009__5jytA_unrelaxed_rank_001_alphafold2_ptm_model_3_seed_000.pdb,,-0.07506931866249536
AF2,AF2,ShallowMsa_009,2qkeE,0.5633770503919228,0.5923911729457919,-0.02901412255386915,Pipeline/FoldPairs/5jytA_2qkeE/output_AF/AF2/ShallowMsa_009/2qkeE/tmp_ShallowMsa_009__2qkeE_unrelaxed_rank_001_alphafold2_ptm_model_3_seed_000.pdb,,-0.07506931866249536
AF2,AF2,ShallowMsa_010,5jytA,0.770718895026335,0.5124514657085081,0.25826742931782687,Pipeline/FoldPairs/5jytA_2qkeE/output_AF/AF2/ShallowMsa_010/5jytA/tmp_ShallowMsa_010__5jytA_unrelaxed_rank_001_alphafold2_ptm_model_1_seed_000.pdb,,0.21221223320920066
AF2,AF2,ShallowMsa_010,2qkeE,0.770718895026335,0.5124514657085081,0.25826742931782687,Pipeline/FoldPairs/5jytA_2qkeE/output_AF/AF2/ShallowMsa_010/2qkeE/tmp_ShallowMsa_010__2qkeE_unrelaxed_rank_001_alphafold2_ptm_model_1_seed_000.pdb,,0.21221223320920066
AF2,AF2,ShallowMsa_011,5jytA,0.35251013093325007,0.3223320810145377,0.03017804991871237,Pipeline/FoldPairs/5jytA_2qkeE/output_AF/AF2/ShallowMsa_011/5jytA/tmp_ShallowMsa_011__5jytA_unrelaxed_rank_001_alphafold2_ptm_model_4_seed_000.pdb,,-0.015877146189913843
AF2,AF2,ShallowMsa_011,2qkeE,0.35251013093325007,0.3223320810145377,0.03017804991871237,Pipeline/FoldPairs/5jytA_2qkeE/output_AF/AF2/ShallowMsa_011/2qkeE/tmp_ShallowMsa_011__2qkeE_unrelaxed_rank_001_alphafold2_ptm_model_4_seed_000.pdb,,-0.015877146189913843
AF2,AF2,ShallowMsa_012,5jytA,0.4977979303104364,0.664670300953895,-0.1668723706434586,Pipeline/FoldPairs/5jytA_2qkeE/output_AF/AF2/ShallowMsa_012/5jytA/tmp_ShallowMsa_012__5jytA_unrelaxed_rank_001_alphafold2_ptm_model_3_seed_000.pdb,,-0.21292756675208482
AF2,AF2,ShallowMsa_012,2qkeE,0.4977979303104364,0.664670300953895,-0.1668723706434586,Pipeline/FoldPairs/5jytA_2qkeE/output_AF/AF2/ShallowMsa_012/2qkeE/tmp_ShallowMsa_012__2qkeE_unrelaxed_rank_001_alphafold2_ptm_model_3_seed_000.pdb,,-0.21292756675208482
AF2,AF2,ShallowMsa_013,5jytA,0.7127088656982697,0.5008450819100052,0.21186378378826454,Pipeline/FoldPairs/5jytA_2qkeE/output_AF/AF2/ShallowMsa_013/5jytA/tmp_ShallowMsa_013__5jytA_unrelaxed_rank_001_alphafold2_ptm_model_3_seed_000.pdb,,0.16580858767963833
AF2,AF2,ShallowMsa_013,2qkeE,0.7127088656982697,0.5008450819100052,0.21186378378826454,Pipeline/FoldPairs/5jytA_2qkeE/output_AF/AF2/ShallowMsa_013/2qkeE/tmp_ShallowMsa_013__2qkeE_unrelaxed_rank_001_alphafold2_ptm_model_3_seed_000.pdb,,0.16580858767963833
AF2,AF2,ShallowMsa_014,5jytA,0.7351065641466522,0.5247333990512176,0.21037316509543458,Pipeline/FoldPairs/5jytA_2qkeE/output_AF/AF2/ShallowMsa_014/5jytA/tmp_ShallowMsa_014__5jytA_unrelaxed_rank_001_alphafold2_ptm_model_5_seed_000.pdb,,0.16431796898680837
AF2,AF2,ShallowMsa_014,2qkeE,0.7351065641466522,0.5247333990512176,0.21037316509543458,Pipeline/FoldPairs/5jytA_2qkeE/output_AF/AF2/ShallowMsa_014/2qkeE/tmp_ShallowMsa_014__2qkeE_unrelaxed_rank_001_alphafold2_ptm_model_5_seed_000.pdb,,0.16431796898680837
AF2,AF2,ShallowMsa_015,5jytA,0.37572077182532115,0.4051355026941281,-0.02941473086880697,Pipeline/FoldPairs/5jytA_2qkeE/output_AF/AF2/ShallowMsa_015/5jytA/tmp_ShallowMsa_015__5jytA_unrelaxed_rank_001_alphafold2_ptm_model_4_seed_000.pdb,,-0.07546992697743318
AF2,AF2,ShallowMsa_015,2qkeE,0.37572077182532115,0.4051355026941281,-0.02941473086880697,Pipeline/FoldPairs/5jytA_2qkeE/output_AF/AF2/ShallowMsa_015/2qkeE/tmp_ShallowMsa_015__2qkeE_unrelaxed_rank_001_alphafold2_ptm_model_4_seed_000.pdb,,-0.07546992697743318
AF2,AF2,ShallowMsa_016,5jytA,0.4883939162495716,0.5025475014440008,-0.014153585194429219,Pipeline/FoldPairs/5jytA_2qkeE/output_AF/AF2/ShallowMsa_016/5jytA/tmp_ShallowMsa_016__5jytA_unrelaxed_rank_001_alphafold2_ptm_model_3_seed_000.pdb,,-0.06020878130305543
AF2,AF2,ShallowMsa_016,2qkeE,0.4883939162495716,0.5025475014440008,-0.014153585194429219,Pipeline/FoldPairs/5jytA_2qkeE/output_AF/AF2/ShallowMsa_016/2qkeE/tmp_ShallowMsa_016__2qkeE_unrelaxed_rank_001_alphafold2_ptm_model_3_seed_000.pdb,,-0.06020878130305543
AF2,AF2,ShallowMsa_017,5jytA,0.7610086591596985,0.49077792975729634,0.27023072940240217,Pipeline/FoldPairs/5jytA_2qkeE/output_AF/AF2/ShallowMsa_017/5jytA/tmp_ShallowMsa_017__5jytA_unrelaxed_rank_001_alphafold2_ptm_model_1_seed_000.pdb,,0.22417553329377596
AF2,AF2,ShallowMsa_017,2qkeE,0.7610086591596985,0.49077792975729634,0.27023072940240217,Pipeline/FoldPairs/5jytA_2qkeE/output_AF/AF2/ShallowMsa_017/2qkeE/tmp_ShallowMsa_017__2qkeE_unrelaxed_rank_001_alphafold2_ptm_model_1_seed_000.pdb,,0.22417553329377596
AF2,AF2,ShallowMsa_018,5jytA,0.5070299538050935,0.46680587701008797,0.04022407679500556,Pipeline/FoldPairs/5jytA_2qkeE/output_AF/AF2/ShallowMsa_018/5jytA/tmp_ShallowMsa_018__5jytA_unrelaxed_rank_001_alphafold2_ptm_model_5_seed_000.pdb,,-0.005831119313620653
AF2,AF2,ShallowMsa_018,2qkeE,0.5070299538050935,0.46680587701008797,0.04022407679500556,Pipeline/FoldPairs/5jytA_2qkeE/output_AF/AF2/ShallowMsa_018/2qkeE/tmp_ShallowMsa_018__2qkeE_unrelaxed_rank_001_alphafold2_ptm_model_5_seed_000.pdb,,-0.005831119313620653
AF2,AF2,ShallowMsa_019,5jytA,0.6315761770986629,0.44925341469055746,0.1823227624081054,Pipeline/FoldPairs/5jytA_2qkeE/output_AF/AF2/ShallowMsa_019/5jytA/tmp_ShallowMsa_019__5jytA_unrelaxed_rank_001_alphafold2_ptm_model_4_seed_000.pdb,,0.1362675662994792
AF2,AF2,ShallowMsa_019,2qkeE,0.6315761770986629,0.44925341469055746,0.1823227624081054,Pipeline/FoldPairs/5jytA_2qkeE/output_AF/AF2/ShallowMsa_019/2qkeE/tmp_ShallowMsa_019__2qkeE_unrelaxed_rank_001_alphafold2_ptm_model_4_seed_000.pdb,,0.1362675662994792
AF2,AF2,ShallowMsa_020,5jytA,0.5055494790780484,0.4819623128683132,0.023587166209735166,Pipeline/FoldPairs/5jytA_2qkeE/output_AF/AF2/ShallowMsa_020/5jytA/tmp_ShallowMsa_020__5jytA_unrelaxed_rank_001_alphafold2_ptm_model_1_seed_000.pdb,,-0.022468029898891045
AF2,AF2,ShallowMsa_020,2qkeE,0.5055494790780484,0.4819623128683132,0.023587166209735166,Pipeline/FoldPairs/5jytA_2qkeE/output_AF/AF2/ShallowMsa_020/2qkeE/tmp_ShallowMsa_020__2qkeE_unrelaxed_rank_001_alphafold2_ptm_model_1_seed_000.pdb,,-0.022468029898891045
AF2,AF2,ShallowMsa_021,5jytA,0.5733603051702613,0.5758178337360417,-0.002457528565780409,Pipeline/FoldPairs/5jytA_2qkeE/output_AF/AF2/ShallowMsa_021/5jytA/tmp_ShallowMsa_021__5jytA_unrelaxed_rank_001_alphafold2_ptm_model_3_seed_000.pdb,,-0.04851272467440662
AF2,AF2,ShallowMsa_021,2qkeE,0.5733603051702613,0.5758178337360417,-0.002457528565780409,Pipeline/FoldPairs/5jytA_2qkeE/output_AF/AF2/ShallowMsa_021/2qkeE/tmp_ShallowMsa_021__2qkeE_unrelaxed_rank_001_alphafold2_ptm_model_3_seed_000.pdb,,-0.04851272467440662
AF2,AF2,ShallowMsa_022,5jytA,0.5376748729246095,0.7936310760698008,-0.2559562031451913,Pipeline/FoldPairs/5jytA_2qkeE/output_AF/AF2/ShallowMsa_022/5jytA/tmp_ShallowMsa_022__5jytA_unrelaxed_rank_001_alphafold2_ptm_model_3_seed_000.pdb,,-0.3020113992538175
AF2,AF2,ShallowMsa_022,2qkeE,0.5376748729246095,0.7936310760698008,-0.2559562031451913,Pipeline/FoldPairs/5jytA_2qkeE/output_AF/AF2/ShallowMsa_022/2qkeE/tmp_ShallowMsa_022__2qkeE_unrelaxed_rank_001_alphafold2_ptm_model_3_seed_000.pdb,,-0.3020113992538175
AF2,AF2,ShallowMsa_023,5jytA,0.42364932152734314,0.362784479969377,0.06086484155796612,Pipeline/FoldPairs/5jytA_2qkeE/output_AF/AF2/ShallowMsa_023/5jytA/tmp_ShallowMsa_023__5jytA_unrelaxed_rank_001_alphafold2_ptm_model_2_seed_000.pdb,,0.014809645449339909
AF2,AF2,ShallowMsa_023,2qkeE,0.42364932152734314,0.362784479969377,0.06086484155796612,Pipeline/FoldPairs/5jytA_2qkeE/output_AF/AF2/ShallowMsa_023/2qkeE/tmp_ShallowMsa_023__2qkeE_unrelaxed_rank_001_alphafold2_ptm_model_2_seed_000.pdb,,0.014809645449339909
AF2,AF2,ShallowMsa_024,5jytA,0.5044192958686585,0.8987924453883738,-0.39437314951971525,Pipeline/FoldPairs/5jytA_2qkeE/output_AF/AF2/ShallowMsa_024/5jytA/tmp_ShallowMsa_024__5jytA_unrelaxed_rank_001_alphafold2_ptm_model_5_seed_000.pdb,,-0.44042834562834143
AF2,AF2,ShallowMsa_024,2qkeE,0.5044192958686585,0.8987924453883738,-0.39437314951971525,Pipeline/FoldPairs/5jytA_2qkeE/output_AF/AF2/ShallowMsa_024/2qkeE/tmp_ShallowMsa_024__2qkeE_unrelaxed_rank_001_alphafold2_ptm_model_5_seed_000.pdb,,-0.44042834562834143
AF2,AF2,ShallowMsa_025,5jytA,0.6797257537421227,0.47356524042275094,0.2061605133193718,Pipeline/FoldPairs/5jytA_2qkeE/output_AF/AF2/ShallowMsa_025/5jytA/tmp_ShallowMsa_025__5jytA_unrelaxed_rank_001_alphafold2_ptm_model_5_seed_000.pdb,,0.16010531721074558
AF2,AF2,ShallowMsa_025,2qkeE,0.6797257537421227,0.47356524042275094,0.2061605133193718,Pipeline/FoldPairs/5jytA_2qkeE/output_AF/AF2/ShallowMsa_025/2qkeE/tmp_ShallowMsa_025__2qkeE_unrelaxed_rank_001_alphafold2_ptm_model_5_seed_000.pdb,,0.16010531721074558
AF2,AF2,ShallowMsa_026,5jytA,0.5127877612493635,0.7224139859028758,-0.20962622465351222,Pipeline/FoldPairs/5jytA_2qkeE/output_AF/AF2/ShallowMsa_026/5jytA/tmp_ShallowMsa_026__5jytA_unrelaxed_rank_001_alphafold2_ptm_model_3_seed_000.pdb,,-0.2556814207621384
AF2,AF2,ShallowMsa_026,2qkeE,0.5127877612493635,0.7224139859028758,-0.20962622465351222,Pipeline/FoldPairs/5jytA_2qkeE/output_AF/AF2/ShallowMsa_026/2qkeE/tmp_ShallowMsa_026__2qkeE_unrelaxed_rank_001_alphafold2_ptm_model_3_seed_000.pdb,,-0.2556814207621384
AF2,AF2,ShallowMsa_027,5jytA,0.7995446939030031,0.4896840254930896,0.3098606684099135,Pipeline/FoldPairs/5jytA_2qkeE/output_AF/AF2/ShallowMsa_027/5jytA/tmp_ShallowMsa_027__5jytA_unrelaxed_rank_001_alphafold2_ptm_model_3_seed_000.pdb,,0.26380547230128726
AF2,AF2,ShallowMsa_027,2qkeE,0.7995446939030031,0.4896840254930896,0.3098606684099135,Pipeline/FoldPairs/5jytA_2qkeE/output_AF/AF2/ShallowMsa_027/2qkeE/tmp_ShallowMsa_027__2qkeE_unrelaxed_rank_001_alphafold2_ptm_model_3_seed_000.pdb,,0.26380547230128726
AF2,AF2,ShallowMsa_028,5jytA,0.6253765295172612,0.4787733751567412,0.14660315436052002,Pipeline/FoldPairs/5jytA_2qkeE/output_AF/AF2/ShallowMsa_028/5jytA/tmp_ShallowMsa_028__5jytA_unrelaxed_rank_001_alphafold2_ptm_model_2_seed_000.pdb,,0.1005479582518938
AF2,AF2,ShallowMsa_028,2qkeE,0.6253765295172612,0.4787733751567412,0.14660315436052002,Pipeline/FoldPairs/5jytA_2qkeE/output_AF/AF2/ShallowMsa_028/2qkeE/tmp_ShallowMsa_028__2qkeE_unrelaxed_rank_001_alphafold2_ptm_model_2_seed_000.pdb,,0.1005479582518938
AF2,AF2,ShallowMsa_029,5jytA,0.5586398915330697,0.760789085241933,-0.2021491937088633,Pipeline/FoldPairs/5jytA_2qkeE/output_AF/AF2/ShallowMsa_029/5jytA/tmp_ShallowMsa_029__5jytA_unrelaxed_rank_001_alphafold2_ptm_model_4_seed_000.pdb,,-0.24820438981748952
AF2,AF2,ShallowMsa_029,2qkeE,0.5586398915330697,0.760789085241933,-0.2021491937088633,Pipeline/FoldPairs/5jytA_2qkeE/output_AF/AF2/ShallowMsa_029/2qkeE/tmp_ShallowMsa_029__2qkeE_unrelaxed_rank_001_alphafold2_ptm_model_4_seed_000.pdb,,-0.24820438981748952
AF2,AF2,ShallowMsa_030,5jytA,0.509514893652531,0.5503304857568017,-0.04081559210427066,Pipeline/FoldPairs/5jytA_2qkeE/output_AF/AF2/ShallowMsa_030/5jytA/tmp_ShallowMsa_030__5jytA_unrelaxed_rank_001_alphafold2_ptm_model_3_seed_000.pdb,,-0.08687078821289687
AF2,AF2,ShallowMsa_030,2qkeE,0.509514893652531,0.5503304857568017,-0.04081559210427066,Pipeline/FoldPairs/5jytA_2qkeE/output_AF/AF2/ShallowMsa_030/2qkeE/tmp_ShallowMsa_030__2qkeE_unrelaxed_rank_001_alphafold2_ptm_model_3_seed_000.pdb,,-0.08687078821289687
AF2,AF2,ShallowMsa_031,5jytA,0.5207412510527549,0.49866260347912533,0.022078647573629595,Pipeline/FoldPairs/5jytA_2qkeE/output_AF/AF2/ShallowMsa_031/5jytA/tmp_ShallowMsa_031__5jytA_unrelaxed_rank_001_alphafold2_ptm_model_2_seed_000.pdb,,-0.023976548534996617
AF2,AF2,ShallowMsa_031,2qkeE,0.5207412510527549,0.49866260347912533,0.022078647573629595,Pipeline/FoldPairs/5jytA_2qkeE/output_AF/AF2/ShallowMsa_031/2qkeE/tmp_ShallowMsa_031__2qkeE_unrelaxed_rank_001_alphafold2_ptm_model_2_seed_000.pdb,,-0.023976548534996617
AF2,AF2,ShallowMsa_032,5jytA,0.4854886708866804,0.7672040899978347,-0.28171541911115433,Pipeline/FoldPairs/5jytA_2qkeE/output_AF/AF2/ShallowMsa_032/5jytA/tmp_ShallowMsa_032__5jytA_unrelaxed_rank_001_alphafold2_ptm_model_3_seed_000.pdb,,-0.32777061521978057
AF2,AF2,ShallowMsa_032,2qkeE,0.4854886708866804,0.7672040899978347,-0.28171541911115433,Pipeline/FoldPairs/5jytA_2qkeE/output_AF/AF2/ShallowMsa_032/2qkeE/tmp_ShallowMsa_032__2qkeE_unrelaxed_rank_001_alphafold2_ptm_model_3_seed_000.pdb,,-0.32777061521978057
AF2,AF2,ShallowMsa_033,5jytA,0.544042877475212,0.7717344481329856,-0.22769157065777368,Pipeline/FoldPairs/5jytA_2qkeE/output_AF/AF2/ShallowMsa_033/5jytA/tmp_ShallowMsa_033__5jytA_unrelaxed_rank_001_alphafold2_ptm_model_4_seed_000.pdb,,-0.27374676676639986
AF2,AF2,ShallowMsa_033,2qkeE,0.544042877475212,0.7717344481329856,-0.22769157065777368,Pipeline/FoldPairs/5jytA_2qkeE/output_AF/AF2/ShallowMsa_033/2qkeE/tmp_ShallowMsa_033__2qkeE_unrelaxed_rank_001_alphafold2_ptm_model_4_seed_000.pdb,,-0.27374676676639986
AF2,AF2,ShallowMsa_034,5jytA,0.5488933860282799,0.8766615434206932,-0.3277681573924134,Pipeline/FoldPairs/5jytA_2qkeE/output_AF/AF2/ShallowMsa_034/5jytA/tmp_ShallowMsa_034__5jytA_unrelaxed_rank_001_alphafold2_ptm_model_2_seed_000.pdb,,-0.37382335350103957
AF2,AF2,ShallowMsa_034,2qkeE,0.5488933860282799,0.8766615434206932,-0.3277681573924134,Pipeline/FoldPairs/5jytA_2qkeE/output_AF/AF2/ShallowMsa_034/2qkeE/tmp_ShallowMsa_034__2qkeE_unrelaxed_rank_001_alphafold2_ptm_model_2_seed_000.pdb,,-0.37382335350103957
AF2,AF2,ShallowMsa_035,5jytA,0.4918914801038586,0.7123399053147128,-0.22044842521085423,Pipeline/FoldPairs/5jytA_2qkeE/output_AF/AF2/ShallowMsa_035/5jytA/tmp_ShallowMsa_035__5jytA_unrelaxed_rank_001_alphafold2_ptm_model_4_seed_000.pdb,,-0.26650362131948047
AF2,AF2,ShallowMsa_035,2qkeE,0.4918914801038586,0.7123399053147128,-0.22044842521085423,Pipeline/FoldPairs/5jytA_2qkeE/output_AF/AF2/ShallowMsa_035/2qkeE/tmp_ShallowMsa_035__2qkeE_unrelaxed_rank_001_alphafold2_ptm_model_4_seed_000.pdb,,-0.26650362131948047
AF2,AF2,ShallowMsa_036,5jytA,0.5159250134783544,0.6990715624195023,-0.1831465489411479,Pipeline/FoldPairs/5jytA_2qkeE/output_AF/AF2/ShallowMsa_036/5jytA/tmp_ShallowMsa_036__5jytA_unrelaxed_rank_001_alphafold2_ptm_model_3_seed_000.pdb,,-0.2292017450497741
AF2,AF2,ShallowMsa_036,2qkeE,0.5159250134783544,0.6990715624195023,-0.1831465489411479,Pipeline/FoldPairs/5jytA_2qkeE/output_AF/AF2/ShallowMsa_036/2qkeE/tmp_ShallowMsa_036__2qkeE_unrelaxed_rank_001_alphafold2_ptm_model_3_seed_000.pdb,,-0.2292017450497741
AF2,AF2,ShallowMsa_037,5jytA,0.721545682913739,0.5239322185876232,0.19761346432611582,Pipeline/FoldPairs/5jytA_2qkeE/output_AF/AF2/ShallowMsa_037/5jytA/tmp_ShallowMsa_037__5jytA_unrelaxed_rank_001_alphafold2_ptm_model_5_seed_000.pdb,,0.1515582682174896
AF2,AF2,ShallowMsa_037,2qkeE,0.721545682913739,0.5239322185876232,0.19761346432611582,Pipeline/FoldPairs/5jytA_2qkeE/output_AF/AF2/ShallowMsa_037/2qkeE/tmp_ShallowMsa_037__2qkeE_unrelaxed_rank_001_alphafold2_ptm_model_5_seed_000.pdb,,0.1515582682174896
AF2,AF2,ShallowMsa_038,5jytA,0.6102053010460906,0.5034832744828672,0.10672202656322338,Pipeline/FoldPairs/5jytA_2qkeE/output_AF/AF2/ShallowMsa_038/5jytA/tmp_ShallowMsa_038__5jytA_unrelaxed_rank_001_alphafold2_ptm_model_3_seed_000.pdb,,0.06066683045459717
AF2,AF2,ShallowMsa_038,2qkeE,0.6102053010460906,0.5034832744828672,0.10672202656322338,Pipeline/FoldPairs/5jytA_2qkeE/output_AF/AF2/ShallowMsa_038/2qkeE/tmp_ShallowMsa_038__2qkeE_unrelaxed_rank_001_alphafold2_ptm_model_3_seed_000.pdb,,0.06066683045459717
AF2,AF2,ShallowMsa_039,5jytA,0.5074518038708291,0.693244326976854,-0.1857925231060249,Pipeline/FoldPairs/5jytA_2qkeE/output_AF/AF2/ShallowMsa_039/5jytA/tmp_ShallowMsa_039__5jytA_unrelaxed_rank_001_alphafold2_ptm_model_3_seed_000.pdb,,-0.2318477192146511
AF2,AF2,ShallowMsa_039,2qkeE,0.5074518038708291,0.693244326976854,-0.1857925231060249,Pipeline/FoldPairs/5jytA_2qkeE/output_AF/AF2/ShallowMsa_039/2qkeE/tmp_ShallowMsa_039__2qkeE_unrelaxed_rank_001_alphafold2_ptm_model_3_seed_000.pdb,,-0.2318477192146511
AF2,AF2,ShallowMsa_040,5jytA,0.7307403866656972,0.47431492554341526,0.25642546112228193,Pipeline/FoldPairs/5jytA_2qkeE/output_AF/AF2/ShallowMsa_040/5jytA/tmp_ShallowMsa_040__5jytA_unrelaxed_rank_001_alphafold2_ptm_model_2_seed_000.pdb,,0.21037026501365572
AF2,AF2,ShallowMsa_040,2qkeE,0.7307403866656972,0.47431492554341526,0.25642546112228193,Pipeline/FoldPairs/5jytA_2qkeE/output_AF/AF2/ShallowMsa_040/2qkeE/tmp_ShallowMsa_040__2qkeE_unrelaxed_rank_001_alphafold2_ptm_model_2_seed_000.pdb,,0.21037026501365572
AF2,AF2,ShallowMsa_041,5jytA,0.449550626794958,0.48297611011205366,-0.03342548331709566,Pipeline/FoldPairs/5jytA_2qkeE/output_AF/AF2/ShallowMsa_041/5jytA/tmp_ShallowMsa_041__5jytA_unrelaxed_rank_001_alphafold2_ptm_model_3_seed_000.pdb,,-0.07948067942572187
AF2,AF2,ShallowMsa_041,2qkeE,0.449550626794958,0.48297611011205366,-0.03342548331709566,Pipeline/FoldPairs/5jytA_2qkeE/output_AF/AF2/ShallowMsa_041/2qkeE/tmp_ShallowMsa_041__2qkeE_unrelaxed_rank_001_alphafold2_ptm_model_3_seed_000.pdb,,-0.07948067942572187
AF2,AF2,ShallowMsa_042,5jytA,0.518526633885112,0.830281406825523,-0.311754772940411,Pipeline/FoldPairs/5jytA_2qkeE/output_AF/AF2/ShallowMsa_042/5jytA/tmp_ShallowMsa_042__5jytA_unrelaxed_rank_001_alphafold2_ptm_model_4_seed_000.pdb,,-0.35780996904903717
AF2,AF2,ShallowMsa_042,2qkeE,0.518526633885112,0.830281406825523,-0.311754772940411,Pipeline/FoldPairs/5jytA_2qkeE/output_AF/AF2/ShallowMsa_042/2qkeE/tmp_ShallowMsa_042__2qkeE_unrelaxed_rank_001_alphafold2_ptm_model_4_seed_000.pdb,,-0.35780996904903717
AF2,AF2,ShallowMsa_043,5jytA,0.4444246876415754,0.6032839252551974,-0.15885923761362197,Pipeline/FoldPairs/5jytA_2qkeE/output_AF/AF2/ShallowMsa_043/5jytA/tmp_ShallowMsa_043__5jytA_unrelaxed_rank_001_alphafold2_ptm_model_4_seed_000.pdb,,-0.20491443372224818
AF2,AF2,ShallowMsa_043,2qkeE,0.4444246876415754,0.6032839252551974,-0.15885923761362197,Pipeline/FoldPairs/5jytA_2qkeE/output_AF/AF2/ShallowMsa_043/2qkeE/tmp_ShallowMsa_043__2qkeE_unrelaxed_rank_001_alphafold2_ptm_model_4_seed_000.pdb,,-0.20491443372224818
AF2,AF2,ShallowMsa_044,5jytA,0.5355043938066981,0.4965941188192525,0.03891027498744565,Pipeline/FoldPairs/5jytA_2qkeE/output_AF/AF2/ShallowMsa_044/5jytA/tmp_ShallowMsa_044__5jytA_unrelaxed_rank_001_alphafold2_ptm_model_3_seed_000.pdb,,-0.007144921121180564
AF2,AF2,ShallowMsa_044,2qkeE,0.5355043938066981,0.4965941188192525,0.03891027498744565,Pipeline/FoldPairs/5jytA_2qkeE/output_AF/AF2/ShallowMsa_044/2qkeE/tmp_ShallowMsa_044__2qkeE_unrelaxed_rank_001_alphafold2_ptm_model_3_seed_000.pdb,,-0.007144921121180564
AF2,AF2,ShallowMsa_045,5jytA,0.7451947887917307,0.47349547759425403,0.2716993111974767,Pipeline/FoldPairs/5jytA_2qkeE/output_AF/AF2/ShallowMsa_045/5jytA/tmp_ShallowMsa_045__5jytA_unrelaxed_rank_001_alphafold2_ptm_model_1_seed_000.pdb,,0.2256441150888505
AF2,AF2,ShallowMsa_045,2qkeE,0.7451947887917307,0.47349547759425403,0.2716993111974767,Pipeline/FoldPairs/5jytA_2qkeE/output_AF/AF2/ShallowMsa_045/2qkeE/tmp_ShallowMsa_045__2qkeE_unrelaxed_rank_001_alphafold2_ptm_model_1_seed_000.pdb,,0.2256441150888505
AF2,AF2,ShallowMsa_046,5jytA,0.46455232312014544,0.5054235358852466,-0.04087121276510114,Pipeline/FoldPairs/5jytA_2qkeE/output_AF/AF2/ShallowMsa_046/5jytA/tmp_ShallowMsa_046__5jytA_unrelaxed_rank_001_alphafold2_ptm_model_3_seed_000.pdb,,-0.08692640887372735
AF2,AF2,ShallowMsa_046,2qkeE,0.46455232312014544,0.5054235358852466,-0.04087121276510114,Pipeline/FoldPairs/5jytA_2qkeE/output_AF/AF2/ShallowMsa_046/2qkeE/tmp_ShallowMsa_046__2qkeE_unrelaxed_rank_001_alphafold2_ptm_model_3_seed_000.pdb,,-0.08692640887372735
AF2,AF2,ShallowMsa_047,5jytA,0.5440647852824628,0.47782257400829276,0.06624221127417007,Pipeline/FoldPairs/5jytA_2qkeE/output_AF/AF2/ShallowMsa_047/5jytA/tmp_ShallowMsa_047__5jytA_unrelaxed_rank_001_alphafold2_ptm_model_3_seed_000.pdb,,0.02018701516554386
AF2,AF2,ShallowMsa_047,2qkeE,0.5440647852824628,0.47782257400829276,0.06624221127417007,Pipeline/FoldPairs/5jytA_2qkeE/output_AF/AF2/ShallowMsa_047/2qkeE/tmp_ShallowMsa_047__2qkeE_unrelaxed_rank_001_alphafold2_ptm_model_3_seed_000.pdb,,0.02018701516554386
AF2,AF2,ShallowMsa_048,5jytA,0.7345244732125511,0.466926805784081,0.2675976674284701,Pipeline/FoldPairs/5jytA_2qkeE/output_AF/AF2/ShallowMsa_048/5jytA/tmp_ShallowMsa_048__5jytA_unrelaxed_rank_001_alphafold2_ptm_model_2_seed_000.pdb,,0.22154247131984386
AF2,AF2,ShallowMsa_048,2qkeE,0.7345244732125511,0.466926805784081,0.2675976674284701,Pipeline/FoldPairs/5jytA_2qkeE/output_AF/AF2/ShallowMsa_048/2qkeE/tmp_ShallowMsa_048__2qkeE_unrelaxed_rank_001_alphafold2_ptm_model_2_seed_000.pdb,,0.22154247131984386
AF2,AF2,ShallowMsa_049,5jytA,0.571433165480227,0.8548799308629798,-0.2834467653827527,Pipeline/FoldPairs/5jytA_2qkeE/output_AF/AF2/ShallowMsa_049/5jytA/tmp_ShallowMsa_049__5jytA_unrelaxed_rank_001_alphafold2_ptm_model_4_seed_000.pdb,,-0.3295019614913789
AF2,AF2,ShallowMsa_049,2qkeE,0.571433165480227,0.8548799308629798,-0.2834467653827527,Pipeline/FoldPairs/5jytA_2qkeE/output_AF/AF2/ShallowMsa_049/2qkeE/tmp_ShallowMsa_049__2qkeE_unrelaxed_rank_001_alphafold2_ptm_model_4_seed_000.pdb,,-0.3295019614913789
AF2,AF2,ShallowMsa_050,5jytA,0.6885913263298918,0.4864579059203237,0.20213342040956817,Pipeline/FoldPairs/5jytA_2qkeE/output_AF/AF2/ShallowMsa_050/5jytA/tmp_ShallowMsa_050__5jytA_unrelaxed_rank_001_alphafold2_ptm_model_4_seed_000.pdb,,0.15607822430094195
AF2,AF2,ShallowMsa_050,2qkeE,0.6885913263298918,0.4864579059203237,0.20213342040956817,Pipeline/FoldPairs/5jytA_2qkeE/output_AF/AF2/ShallowMsa_050/2qkeE/tmp_ShallowMsa_050__2qkeE_unrelaxed_rank_001_alphafold2_ptm_model_4_seed_000.pdb,,0.15607822430094195
AF2,AF2,ShallowMsa_051,5jytA,0.7620278869078697,0.5125314533727672,0.24949643353510254,Pipeline/FoldPairs/5jytA_2qkeE/output_AF/AF2/ShallowMsa_051/5jytA/tmp_ShallowMsa_051__5jytA_unrelaxed_rank_001_alphafold2_ptm_model_5_seed_000.pdb,,0.20344123742647632
AF2,AF2,ShallowMsa_051,2qkeE,0.7620278869078697,0.5125314533727672,0.24949643353510254,Pipeline/FoldPairs/5jytA_2qkeE/output_AF/AF2/ShallowMsa_051/2qkeE/tmp_ShallowMsa_051__2qkeE_unrelaxed_rank_001_alphafold2_ptm_model_5_seed_000.pdb,,0.20344123742647632
AF2,AF2,ShallowMsa_052,5jytA,0.5302378938872084,0.8967492419733557,-0.36651134808614727,Pipeline/FoldPairs/5jytA_2qkeE/output_AF/AF2/ShallowMsa_052/5jytA/tmp_ShallowMsa_052__5jytA_unrelaxed_rank_001_alphafold2_ptm_model_5_seed_000.pdb,,-0.41256654419477345
AF2,AF2,ShallowMsa_052,2qkeE,0.5302378938872084,0.8967492419733557,-0.36651134808614727,Pipeline/FoldPairs/5jytA_2qkeE/output_AF/AF2/ShallowMsa_052/2qkeE/tmp_ShallowMsa_052__2qkeE_unrelaxed_rank_001_alphafold2_ptm_model_5_seed_000.pdb,,-0.41256654419477345
AF2,AF2,ShallowMsa_053,5jytA,0.7475750845996891,0.5035594030258446,0.24401568157384457,Pipeline/FoldPairs/5jytA_2qkeE/output_AF/AF2/ShallowMsa_053/5jytA/tmp_ShallowMsa_053__5jytA_unrelaxed_rank_001_alphafold2_ptm_model_3_seed_000.pdb,,0.19796048546521836
AF2,AF2,ShallowMsa_053,2qkeE,0.7475750845996891,0.5035594030258446,0.24401568157384457,Pipeline/FoldPairs/5jytA_2qkeE/output_AF/AF2/ShallowMsa_053/2qkeE/tmp_ShallowMsa_053__2qkeE_unrelaxed_rank_001_alphafold2_ptm_model_3_seed_000.pdb,,0.19796048546521836
AF2,AF2,ShallowMsa_054,5jytA,0.7404207289082932,0.49583558793061283,0.24458514097768042,Pipeline/FoldPairs/5jytA_2qkeE/output_AF/AF2/ShallowMsa_054/5jytA/tmp_ShallowMsa_054__5jytA_unrelaxed_rank_001_alphafold2_ptm_model_3_seed_000.pdb,,0.1985299448690542
AF2,AF2,ShallowMsa_054,2qkeE,0.7404207289082932,0.49583558793061283,0.24458514097768042,Pipeline/FoldPairs/5jytA_2qkeE/output_AF/AF2/ShallowMsa_054/2qkeE/tmp_ShallowMsa_054__2qkeE_unrelaxed_rank_001_alphafold2_ptm_model_3_seed_000.pdb,,0.1985299448690542
AF2,AF2,ShallowMsa_055,5jytA,0.6128257418639685,0.42655672330430083,0.1862690185596677,Pipeline/FoldPairs/5jytA_2qkeE/output_AF/AF2/ShallowMsa_055/5jytA/tmp_ShallowMsa_055__5jytA_unrelaxed_rank_001_alphafold2_ptm_model_3_seed_000.pdb,,0.1402138224510415
AF2,AF2,ShallowMsa_055,2qkeE,0.6128257418639685,0.42655672330430083,0.1862690185596677,Pipeline/FoldPairs/5jytA_2qkeE/output_AF/AF2/ShallowMsa_055/2qkeE/tmp_ShallowMsa_055__2qkeE_unrelaxed_rank_001_alphafold2_ptm_model_3_seed_000.pdb,,0.1402138224510415
AF2,AF2,ShallowMsa_056,5jytA,0.5168280876285607,0.625377741667815,-0.10854965403925432,Pipeline/FoldPairs/5jytA_2qkeE/output_AF/AF2/ShallowMsa_056/5jytA/tmp_ShallowMsa_056__5jytA_unrelaxed_rank_001_alphafold2_ptm_model_1_seed_000.pdb,,-0.15460485014788053
AF2,AF2,ShallowMsa_056,2qkeE,0.5168280876285607,0.625377741667815,-0.10854965403925432,Pipeline/FoldPairs/5jytA_2qkeE/output_AF/AF2/ShallowMsa_056/2qkeE/tmp_ShallowMsa_056__2qkeE_unrelaxed_rank_001_alphafold2_ptm_model_1_seed_000.pdb,,-0.15460485014788053
AF2,AF2,ShallowMsa_057,5jytA,0.6144908472880526,0.49792414014593533,0.11656670714211725,Pipeline/FoldPairs/5jytA_2qkeE/output_AF/AF2/ShallowMsa_057/5jytA/tmp_ShallowMsa_057__5jytA_unrelaxed_rank_001_alphafold2_ptm_model_3_seed_000.pdb,,0.07051151103349104
AF2,AF2,ShallowMsa_057,2qkeE,0.6144908472880526,0.49792414014593533,0.11656670714211725,Pipeline/FoldPairs/5jytA_2qkeE/output_AF/AF2/ShallowMsa_057/2qkeE/tmp_ShallowMsa_057__2qkeE_unrelaxed_rank_001_alphafold2_ptm_model_3_seed_000.pdb,,0.07051151103349104
AF2,AF2,ShallowMsa_058,5jytA,0.7330974807403506,0.5245693860796079,0.20852809466074274,Pipeline/FoldPairs/5jytA_2qkeE/output_AF/AF2/ShallowMsa_058/5jytA/tmp_ShallowMsa_058__5jytA_unrelaxed_rank_001_alphafold2_ptm_model_3_seed_000.pdb,,0.16247289855211652
AF2,AF2,ShallowMsa_058,2qkeE,0.7330974807403506,0.5245693860796079,0.20852809466074274,Pipeline/FoldPairs/5jytA_2qkeE/output_AF/AF2/ShallowMsa_058/2qkeE/tmp_ShallowMsa_058__2qkeE_unrelaxed_rank_001_alphafold2_ptm_model_3_seed_000.pdb,,0.16247289855211652
AF2,AF2,ShallowMsa_059,5jytA,0.7199237031424284,0.5435472643803642,0.1763764387620642,Pipeline/FoldPairs/5jytA_2qkeE/output_AF/AF2/ShallowMsa_059/5jytA/tmp_ShallowMsa_059__5jytA_unrelaxed_rank_001_alphafold2_ptm_model_2_seed_000.pdb,,0.130321242653438
AF2,AF2,ShallowMsa_059,2qkeE,0.7199237031424284,0.5435472643803642,0.1763764387620642,Pipeline/FoldPairs/5jytA_2qkeE/output_AF/AF2/ShallowMsa_059/2qkeE/tmp_ShallowMsa_059__2qkeE_unrelaxed_rank_001_alphafold2_ptm_model_2_seed_000.pdb,,0.130321242653438
AF2,AF2,ShallowMsa_060,5jytA,0.5593066576799618,0.8696728066145352,-0.31036614893457337,Pipeline/FoldPairs/5jytA_2qkeE/output_AF/AF2/ShallowMsa_060/5jytA/tmp_ShallowMsa_060__5jytA_unrelaxed_rank_001_alphafold2_ptm_model_2_seed_000.pdb,,-0.35642134504319956
AF2,AF2,ShallowMsa_060,2qkeE,0.5593066576799618,0.8696728066145352,-0.31036614893457337,Pipeline/FoldPairs/5jytA_2qkeE/output_AF/AF2/ShallowMsa_060/2qkeE/tmp_ShallowMsa_060__2qkeE_unrelaxed_rank_001_alphafold2_ptm_model_2_seed_000.pdb,,-0.35642134504319956
AF2,AF2,ShallowMsa_061,5jytA,0.5074352190701726,0.7101695500577528,-0.2027343309875802,Pipeline/FoldPairs/5jytA_2qkeE/output_AF/AF2/ShallowMsa_061/5jytA/tmp_ShallowMsa_061__5jytA_unrelaxed_rank_001_alphafold2_ptm_model_1_seed_000.pdb,,-0.24878952709620641
AF2,AF2,ShallowMsa_061,2qkeE,0.5074352190701726,0.7101695500577528,-0.2027343309875802,Pipeline/FoldPairs/5jytA_2qkeE/output_AF/AF2/ShallowMsa_061/2qkeE/tmp_ShallowMsa_061__2qkeE_unrelaxed_rank_001_alphafold2_ptm_model_1_seed_000.pdb,,-0.24878952709620641
AF2,AF2,ShallowMsa_062,5jytA,0.5817879980924079,0.7702710231856377,-0.18848302509322978,Pipeline/FoldPairs/5jytA_2qkeE/output_AF/AF2/ShallowMsa_062/5jytA/tmp_ShallowMsa_062__5jytA_unrelaxed_rank_001_alphafold2_ptm_model_4_seed_000.pdb,,-0.234538221201856
AF2,AF2,ShallowMsa_062,2qkeE,0.5817879980924079,0.7702710231856377,-0.18848302509322978,Pipeline/FoldPairs/5jytA_2qkeE/output_AF/AF2/ShallowMsa_062/2qkeE/tmp_ShallowMsa_062__2qkeE_unrelaxed_rank_001_alphafold2_ptm_model_4_seed_000.pdb,,-0.234538221201856
AF2,AF2,ShallowMsa_063,5jytA,0.5142207866953492,0.5169548056669186,-0.0027340189715694407,Pipeline/FoldPairs/5jytA_2qkeE/output_AF/AF2/ShallowMsa_063/5jytA/tmp_ShallowMsa_063__5jytA_unrelaxed_rank_001_alphafold2_ptm_model_5_seed_000.pdb,,-0.04878921508019565
AF2,AF2,ShallowMsa_063,2qkeE,0.5142207866953492,0.5169548056669186,-0.0027340189715694407,Pipeline/FoldPairs/5jytA_2qkeE/output_AF/AF2/ShallowMsa_063/2qkeE/tmp_ShallowMsa_063__2qkeE_unrelaxed_rank_001_alphafold2_ptm_model_5_seed_000.pdb,,-0.04878921508019565
AF2,AF2,ShallowMsa_064,5jytA,0.6111266973617857,0.7156331131505099,-0.10450641578872422,Pipeline/FoldPairs/5jytA_2qkeE/output_AF/AF2/ShallowMsa_064/5jytA/tmp_ShallowMsa_064__5jytA_unrelaxed_rank_001_alphafold2_ptm_model_1_seed_000.pdb,,-0.15056161189735043
AF2,AF2,ShallowMsa_064,2qkeE,0.6111266973617857,0.7156331131505099,-0.10450641578872422,Pipeline/FoldPairs/5jytA_2qkeE/output_AF/AF2/ShallowMsa_064/2qkeE/tmp_ShallowMsa_064__2qkeE_unrelaxed_rank_001_alphafold2_ptm_model_1_seed_000.pdb,,-0.15056161189735043
AF2,AF2,ShallowMsa_065,5jytA,0.7287176437266472,0.5384434162230834,0.1902742275035637,Pipeline/FoldPairs/5jytA_2qkeE/output_AF/AF2/ShallowMsa_065/5jytA/tmp_ShallowMsa_065__5jytA_unrelaxed_rank_001_alphafold2_ptm_model_4_seed_000.pdb,,0.1442190313949375
AF2,AF2,ShallowMsa_065,2qkeE,0.7287176437266472,0.5384434162230834,0.1902742275035637,Pipeline/FoldPairs/5jytA_2qkeE/output_AF/AF2/ShallowMsa_065/2qkeE/tmp_ShallowMsa_065__2qkeE_unrelaxed_rank_001_alphafold2_ptm_model_4_seed_000.pdb,,0.1442190313949375
AF2,AF2,ShallowMsa_066,5jytA,0.6384719792560102,0.5143204987860512,0.12415148046995894,Pipeline/FoldPairs/5jytA_2qkeE/output_AF/AF2/ShallowMsa_066/5jytA/tmp_ShallowMsa_066__5jytA_unrelaxed_rank_001_alphafold2_ptm_model_5_seed_000.pdb,,0.07809628436133273
AF2,AF2,ShallowMsa_066,2qkeE,0.6384719792560102,0.5143204987860512,0.12415148046995894,Pipeline/FoldPairs/5jytA_2qkeE/output_AF/AF2/ShallowMsa_066/2qkeE/tmp_ShallowMsa_066__2qkeE_unrelaxed_rank_001_alphafold2_ptm_model_5_seed_000.pdb,,0.07809628436133273
AF2,AF2,ShallowMsa_067,5jytA,0.5488992989997235,0.8409351829286188,-0.29203588392889535,Pipeline/FoldPairs/5jytA_2qkeE/output_AF/AF2/ShallowMsa_067/5jytA/tmp_ShallowMsa_067__5jytA_unrelaxed_rank_001_alphafold2_ptm_model_5_seed_000.pdb,,-0.33809108003752153
AF2,AF2,ShallowMsa_067,2qkeE,0.5488992989997235,0.8409351829286188,-0.29203588392889535,Pipeline/FoldPairs/5jytA_2qkeE/output_AF/AF2/ShallowMsa_067/2qkeE/tmp_ShallowMsa_067__2qkeE_unrelaxed_rank_001_alphafold2_ptm_model_5_seed_000.pdb,,-0.33809108003752153
AF2,AF2,ShallowMsa_068,5jytA,0.5340197123228771,0.5145149407543993,0.019504771568477852,Pipeline/FoldPairs/5jytA_2qkeE/output_AF/AF2/ShallowMsa_068/5jytA/tmp_ShallowMsa_068__5jytA_unrelaxed_rank_001_alphafold2_ptm_model_5_seed_000.pdb,,-0.02655042454014836
AF2,AF2,ShallowMsa_068,2qkeE,0.5340197123228771,0.5145149407543993,0.019504771568477852,Pipeline/FoldPairs/5jytA_2qkeE/output_AF/AF2/ShallowMsa_068/2qkeE/tmp_ShallowMsa_068__2qkeE_unrelaxed_rank_001_alphafold2_ptm_model_5_seed_000.pdb,,-0.02655042454014836
AF2,AF2,ShallowMsa_069,5jytA,0.573591667119956,0.49967302316742707,0.07391864395252895,Pipeline/FoldPairs/5jytA_2qkeE/output_AF/AF2/ShallowMsa_069/5jytA/tmp_ShallowMsa_069__5jytA_unrelaxed_rank_001_alphafold2_ptm_model_3_seed_000.pdb,,0.02786344784390274
AF2,AF2,ShallowMsa_069,2qkeE,0.573591667119956,0.49967302316742707,0.07391864395252895,Pipeline/FoldPairs/5jytA_2qkeE/output_AF/AF2/ShallowMsa_069/2qkeE/tmp_ShallowMsa_069__2qkeE_unrelaxed_rank_001_alphafold2_ptm_model_3_seed_000.pdb,,0.02786344784390274
AF2,AF2,ShallowMsa_070,5jytA,0.572387913467261,0.659793853830024,-0.08740594036276295,Pipeline/FoldPairs/5jytA_2qkeE/output_AF/AF2/ShallowMsa_070/5jytA/tmp_ShallowMsa_070__5jytA_unrelaxed_rank_001_alphafold2_ptm_model_5_seed_000.pdb,,-0.13346113647138916
AF2,AF2,ShallowMsa_070,2qkeE,0.572387913467261,0.659793853830024,-0.08740594036276295,Pipeline/FoldPairs/5jytA_2qkeE/output_AF/AF2/ShallowMsa_070/2qkeE/tmp_ShallowMsa_070__2qkeE_unrelaxed_rank_001_alphafold2_ptm_model_5_seed_000.pdb,,-0.13346113647138916
AF2,AF2,ShallowMsa_071,5jytA,0.4756701751830081,0.64798239388211,-0.1723122186991019,Pipeline/FoldPairs/5jytA_2qkeE/output_AF/AF2/ShallowMsa_071/5jytA/tmp_ShallowMsa_071__5jytA_unrelaxed_rank_001_alphafold2_ptm_model_5_seed_000.pdb,,-0.21836741480772812
AF2,AF2,ShallowMsa_071,2qkeE,0.4756701751830081,0.64798239388211,-0.1723122186991019,Pipeline/FoldPairs/5jytA_2qkeE/output_AF/AF2/ShallowMsa_071/2qkeE/tmp_ShallowMsa_071__2qkeE_unrelaxed_rank_001_alphafold2_ptm_model_5_seed_000.pdb,,-0.21836741480772812
AF2,AF2,ShallowMsa_072,5jytA,0.7180550376372306,0.5904572155730614,0.12759782206416914,Pipeline/FoldPairs/5jytA_2qkeE/output_AF/AF2/ShallowMsa_072/5jytA/tmp_ShallowMsa_072__5jytA_unrelaxed_rank_001_alphafold2_ptm_model_5_seed_000.pdb,,0.08154262595554293
AF2,AF2,ShallowMsa_072,2qkeE,0.7180550376372306,0.5904572155730614,0.12759782206416914,Pipeline/FoldPairs/5jytA_2qkeE/output_AF/AF2/ShallowMsa_072/2qkeE/tmp_ShallowMsa_072__2qkeE_unrelaxed_rank_001_alphafold2_ptm_model_5_seed_000.pdb,,0.08154262595554293
AF2,AF2,ShallowMsa_073,5jytA,0.5878811426753326,0.5359948272530858,0.051886315422246865,Pipeline/FoldPairs/5jytA_2qkeE/output_AF/AF2/ShallowMsa_073/5jytA/tmp_ShallowMsa_073__5jytA_unrelaxed_rank_001_alphafold2_ptm_model_5_seed_000.pdb,,0.005831119313620653
AF2,AF2,ShallowMsa_073,2qkeE,0.5878811426753326,0.5359948272530858,0.051886315422246865,Pipeline/FoldPairs/5jytA_2qkeE/output_AF/AF2/ShallowMsa_073/2qkeE/tmp_ShallowMsa_073__2qkeE_unrelaxed_rank_001_alphafold2_ptm_model_5_seed_000.pdb,,0.005831119313620653
AF2,AF2,ShallowMsa_074,5jytA,0.5916263062474428,0.39853064847805436,0.19309565776938847,Pipeline/FoldPairs/5jytA_2qkeE/output_AF/AF2/ShallowMsa_074/5jytA/tmp_ShallowMsa_074__5jytA_unrelaxed_rank_001_alphafold2_ptm_model_3_seed_000.pdb,,0.14704046166076226
AF2,AF2,ShallowMsa_074,2qkeE,0.5916263062474428,0.39853064847805436,0.19309565776938847,Pipeline/FoldPairs/5jytA_2qkeE/output_AF/AF2/ShallowMsa_074/2qkeE/tmp_ShallowMsa_074__2qkeE_unrelaxed_rank_001_alphafold2_ptm_model_3_seed_000.pdb,,0.14704046166076226
AF2,AF2,ShallowMsa_075,5jytA,0.5628152187277848,0.8209473430283829,-0.25813212430059806,Pipeline/FoldPairs/5jytA_2qkeE/output_AF/AF2/ShallowMsa_075/5jytA/tmp_ShallowMsa_075__5jytA_unrelaxed_rank_001_alphafold2_ptm_model_3_seed_000.pdb,,-0.30418732040922425
AF2,AF2,ShallowMsa_075,2qkeE,0.5628152187277848,0.8209473430283829,-0.25813212430059806,Pipeline/FoldPairs/5jytA_2qkeE/output_AF/AF2/ShallowMsa_075/2qkeE/tmp_ShallowMsa_075__2qkeE_unrelaxed_rank_001_alphafold2_ptm_model_3_seed_000.pdb,,-0.30418732040922425
AF2,AF2,ShallowMsa_076,5jytA,0.8087125423708235,0.5013222369905693,0.30739030538025414,Pipeline/FoldPairs/5jytA_2qkeE/output_AF/AF2/ShallowMsa_076/5jytA/tmp_ShallowMsa_076__5jytA_unrelaxed_rank_001_alphafold2_ptm_model_1_seed_000.pdb,,0.26133510927162795
AF2,AF2,ShallowMsa_076,2qkeE,0.8087125423708235,0.5013222369905693,0.30739030538025414,Pipeline/FoldPairs/5jytA_2qkeE/output_AF/AF2/ShallowMsa_076/2qkeE/tmp_ShallowMsa_076__2qkeE_unrelaxed_rank_001_alphafold2_ptm_model_1_seed_000.pdb,,0.26133510927162795
AF2,AF2,ShallowMsa_077,5jytA,0.582489757089174,0.5073807418865203,0.07510901520265378,Pipeline/FoldPairs/5jytA_2qkeE/output_AF/AF2/ShallowMsa_077/5jytA/tmp_ShallowMsa_077__5jytA_unrelaxed_rank_001_alphafold2_ptm_model_3_seed_000.pdb,,0.029053819094027572
AF2,AF2,ShallowMsa_077,2qkeE,0.582489757089174,0.5073807418865203,0.07510901520265378,Pipeline/FoldPairs/5jytA_2qkeE/output_AF/AF2/ShallowMsa_077/2qkeE/tmp_ShallowMsa_077__2qkeE_unrelaxed_rank_001_alphafold2_ptm_model_3_seed_000.pdb,,0.029053819094027572
AF2,AF2,ShallowMsa_078,5jytA,0.6940500826075354,0.46214817649151335,0.23190190611602207,Pipeline/FoldPairs/5jytA_2qkeE/output_AF/AF2/ShallowMsa_078/5jytA/tmp_ShallowMsa_078__5jytA_unrelaxed_rank_001_alphafold2_ptm_model_3_seed_000.pdb,,0.18584671000739586
AF2,AF2,ShallowMsa_078,2qkeE,0.6940500826075354,0.46214817649151335,0.23190190611602207,Pipeline/FoldPairs/5jytA_2qkeE/output_AF/AF2/ShallowMsa_078/2qkeE/tmp_ShallowMsa_078__2qkeE_unrelaxed_rank_001_alphafold2_ptm_model_3_seed_000.pdb,,0.18584671000739586
AF2,AF2,ShallowMsa_079,5jytA,0.6224166078422408,0.4327019846210798,0.18971462322116106,Pipeline/FoldPairs/5jytA_2qkeE/output_AF/AF2/ShallowMsa_079/5jytA/tmp_ShallowMsa_079__5jytA_unrelaxed_rank_001_alphafold2_ptm_model_3_seed_000.pdb,,0.14365942711253485
AF2,AF2,ShallowMsa_079,2qkeE,0.6224166078422408,0.4327019846210798,0.18971462322116106,Pipeline/FoldPairs/5jytA_2qkeE/output_AF/AF2/ShallowMsa_079/2qkeE/tmp_ShallowMsa_079__2qkeE_unrelaxed_rank_001_alphafold2_ptm_model_3_seed_000.pdb,,0.14365942711253485
AF2,AF2,ShallowMsa_080,5jytA,0.5388268890748217,0.6044461920893495,-0.06561930301452779,Pipeline/FoldPairs/5jytA_2qkeE/output_AF/AF2/ShallowMsa_080/5jytA/tmp_ShallowMsa_080__5jytA_unrelaxed_rank_001_alphafold2_ptm_model_3_seed_000.pdb,,-0.111674499123154
AF2,AF2,ShallowMsa_080,2qkeE,0.5388268890748217,0.6044461920893495,-0.06561930301452779,Pipeline/FoldPairs/5jytA_2qkeE/output_AF/AF2/ShallowMsa_080/2qkeE/tmp_ShallowMsa_080__2qkeE_unrelaxed_rank_001_alphafold2_ptm_model_3_seed_000.pdb,,-0.111674499123154
AF2,AF2,ShallowMsa_081,5jytA,0.7928734201047549,0.5444008641015382,0.24847255600321672,Pipeline/FoldPairs/5jytA_2qkeE/output_AF/AF2/ShallowMsa_081/5jytA/tmp_ShallowMsa_081__5jytA_unrelaxed_rank_001_alphafold2_ptm_model_2_seed_000.pdb,,0.2024173598945905
AF2,AF2,ShallowMsa_081,2qkeE,0.7928734201047549,0.5444008641015382,0.24847255600321672,Pipeline/FoldPairs/5jytA_2qkeE/output_AF/AF2/ShallowMsa_081/2qkeE/tmp_ShallowMsa_081__2qkeE_unrelaxed_rank_001_alphafold2_ptm_model_2_seed_000.pdb,,0.2024173598945905
AF2,AF2,ShallowMsa_082,5jytA,0.5839405888245734,0.48721953675566193,0.09672105206891152,Pipeline/FoldPairs/5jytA_2qkeE/output_AF/AF2/ShallowMsa_082/5jytA/tmp_ShallowMsa_082__5jytA_unrelaxed_rank_001_alphafold2_ptm_model_3_seed_000.pdb,,0.050665855960285305
AF2,AF2,ShallowMsa_082,2qkeE,0.5839405888245734,0.48721953675566193,0.09672105206891152,Pipeline/FoldPairs/5jytA_2qkeE/output_AF/AF2/ShallowMsa_082/2qkeE/tmp_ShallowMsa_082__2qkeE_unrelaxed_rank_001_alphafold2_ptm_model_3_seed_000.pdb,,0.050665855960285305
AF2,AF2,ShallowMsa_083,5jytA,0.6241923783332222,0.4324580425171283,0.19173433581609384,Pipeline/FoldPairs/5jytA_2qkeE/output_AF/AF2/ShallowMsa_083/5jytA/tmp_ShallowMsa_083__5jytA_unrelaxed_rank_001_alphafold2_ptm_model_2_seed_000.pdb,,0.14567913970746763
AF2,AF2,ShallowMsa_083,2qkeE,0.6241923783332222,0.4324580425171283,0.19173433581609384,Pipeline/FoldPairs/5jytA_2qkeE/output_AF/AF2/ShallowMsa_083/2qkeE/tmp_ShallowMsa_083__2qkeE_unrelaxed_rank_001_alphafold2_ptm_model_2_seed_000.pdb,,0.14567913970746763
AF2,AF2,ShallowMsa_084,5jytA,0.5669850383068119,0.5128382419011673,0.05414679640564457,Pipeline/FoldPairs/5jytA_2qkeE/output_AF/AF2/ShallowMsa_084/5jytA/tmp_ShallowMsa_084__5jytA_unrelaxed_rank_001_alphafold2_ptm_model_5_seed_000.pdb,,0.008091600297018359
AF2,AF2,ShallowMsa_084,2qkeE,0.5669850383068119,0.5128382419011673,0.05414679640564457,Pipeline/FoldPairs/5jytA_2qkeE/output_AF/AF2/ShallowMsa_084/2qkeE/tmp_ShallowMsa_084__2qkeE_unrelaxed_rank_001_alphafold2_ptm_model_5_seed_000.pdb,,0.008091600297018359
AF2,AF2,ShallowMsa_085,5jytA,0.6809012974986463,0.4816516175709136,0.19924967992773263,Pipeline/FoldPairs/5jytA_2qkeE/output_AF/AF2/ShallowMsa_085/5jytA/tmp_ShallowMsa_085__5jytA_unrelaxed_rank_001_alphafold2_ptm_model_5_seed_000.pdb,,0.15319448381910641
AF2,AF2,ShallowMsa_085,2qkeE,0.6809012974986463,0.4816516175709136,0.19924967992773263,Pipeline/FoldPairs/5jytA_2qkeE/output_AF/AF2/ShallowMsa_085/2qkeE/tmp_ShallowMsa_085__2qkeE_unrelaxed_rank_001_alphafold2_ptm_model_5_seed_000.pdb,,0.15319448381910641
AF2,AF2,ShallowMsa_086,5jytA,0.6410024919092876,0.5023302903406647,0.13867220156862292,Pipeline/FoldPairs/5jytA_2qkeE/output_AF/AF2/ShallowMsa_086/5jytA/tmp_ShallowMsa_086__5jytA_unrelaxed_rank_001_alphafold2_ptm_model_3_seed_000.pdb,,0.09261700545999671
AF2,AF2,ShallowMsa_086,2qkeE,0.6410024919092876,0.5023302903406647,0.13867220156862292,Pipeline/FoldPairs/5jytA_2qkeE/output_AF/AF2/ShallowMsa_086/2qkeE/tmp_ShallowMsa_086__2qkeE_unrelaxed_rank_001_alphafold2_ptm_model_3_seed_000.pdb,,0.09261700545999671
AF2,AF2,ShallowMsa_087,5jytA,0.6161870426934535,0.5272590287469078,0.0889280139465457,Pipeline/FoldPairs/5jytA_2qkeE/output_AF/AF2/ShallowMsa_087/5jytA/tmp_ShallowMsa_087__5jytA_unrelaxed_rank_001_alphafold2_ptm_model_3_seed_000.pdb,,0.04287281783791949
AF2,AF2,ShallowMsa_087,2qkeE,0.6161870426934535,0.5272590287469078,0.0889280139465457,Pipeline/FoldPairs/5jytA_2qkeE/output_AF/AF2/ShallowMsa_087/2qkeE/tmp_ShallowMsa_087__2qkeE_unrelaxed_rank_001_alphafold2_ptm_model_3_seed_000.pdb,,0.04287281783791949
AF2,AF2,ShallowMsa_088,5jytA,0.49499157867569676,0.7042370444621974,-0.2092454657865006,Pipeline/FoldPairs/5jytA_2qkeE/output_AF/AF2/ShallowMsa_088/5jytA/tmp_ShallowMsa_088__5jytA_unrelaxed_rank_001_alphafold2_ptm_model_3_seed_000.pdb,,-0.2553006618951268
AF2,AF2,ShallowMsa_088,2qkeE,0.49499157867569676,0.7042370444621974,-0.2092454657865006,Pipeline/FoldPairs/5jytA_2qkeE/output_AF/AF2/ShallowMsa_088/2qkeE/tmp_ShallowMsa_088__2qkeE_unrelaxed_rank_001_alphafold2_ptm_model_3_seed_000.pdb,,-0.2553006618951268
AF2,AF2,ShallowMsa_089,5jytA,0.6054372029656417,0.4788706472928483,0.12656655567279346,Pipeline/FoldPairs/5jytA_2qkeE/output_AF/AF2/ShallowMsa_089/5jytA/tmp_ShallowMsa_089__5jytA_unrelaxed_rank_001_alphafold2_ptm_model_3_seed_000.pdb,,0.08051135956416725
AF2,AF2,ShallowMsa_089,2qkeE,0.6054372029656417,0.4788706472928483,0.12656655567279346,Pipeline/FoldPairs/5jytA_2qkeE/output_AF/AF2/ShallowMsa_089/2qkeE/tmp_ShallowMsa_089__2qkeE_unrelaxed_rank_001_alphafold2_ptm_model_3_seed_000.pdb,,0.08051135956416725
AF2,AF2,ShallowMsa_090,5jytA,0.5035590519036948,0.43853915922460573,0.06501989267908903,Pipeline/FoldPairs/5jytA_2qkeE/output_AF/AF2/ShallowMsa_090/5jytA/tmp_ShallowMsa_090__5jytA_unrelaxed_rank_001_alphafold2_ptm_model_3_seed_000.pdb,,0.01896469657046282
AF2,AF2,ShallowMsa_090,2qkeE,0.5035590519036948,0.43853915922460573,0.06501989267908903,Pipeline/FoldPairs/5jytA_2qkeE/output_AF/AF2/ShallowMsa_090/2qkeE/tmp_ShallowMsa_090__2qkeE_unrelaxed_rank_001_alphafold2_ptm_model_3_seed_000.pdb,,0.01896469657046282
AF2,AF2,ShallowMsa_091,5jytA,0.5683420013467696,0.5067254687043952,0.06161653264237443,Pipeline/FoldPairs/5jytA_2qkeE/output_AF/AF2/ShallowMsa_091/5jytA/tmp_ShallowMsa_091__5jytA_unrelaxed_rank_001_alphafold2_ptm_model_3_seed_000.pdb,,0.015561336533748221
AF2,AF2,ShallowMsa_091,2qkeE,0.5683420013467696,0.5067254687043952,0.06161653264237443,Pipeline/FoldPairs/5jytA_2qkeE/output_AF/AF2/ShallowMsa_091/2qkeE/tmp_ShallowMsa_091__2qkeE_unrelaxed_rank_001_alphafold2_ptm_model_3_seed_000.pdb,,0.015561336533748221
AF2,AF2,ShallowMsa_092,5jytA,0.5354893612164263,0.4275444438078043,0.107944917408622,Pipeline/FoldPairs/5jytA_2qkeE/output_AF/AF2/ShallowMsa_092/5jytA/tmp_ShallowMsa_092__5jytA_unrelaxed_rank_001_alphafold2_ptm_model_4_seed_000.pdb,,0.06188972129999579
AF2,AF2,ShallowMsa_092,2qkeE,0.5354893612164263,0.4275444438078043,0.107944917408622,Pipeline/FoldPairs/5jytA_2qkeE/output_AF/AF2/ShallowMsa_092/2qkeE/tmp_ShallowMsa_092__2qkeE_unrelaxed_rank_001_alphafold2_ptm_model_4_seed_000.pdb,,0.06188972129999579
AF2,AF2,ShallowMsa_093,5jytA,0.4351056155825719,0.5405599819065301,-0.10545436632395822,Pipeline/FoldPairs/5jytA_2qkeE/output_AF/AF2/ShallowMsa_093/5jytA/tmp_ShallowMsa_093__5jytA_unrelaxed_rank_001_alphafold2_ptm_model_1_seed_000.pdb,,-0.15150956243258443
AF2,AF2,ShallowMsa_093,2qkeE,0.4351056155825719,0.5405599819065301,-0.10545436632395822,Pipeline/FoldPairs/5jytA_2qkeE/output_AF/AF2/ShallowMsa_093/2qkeE/tmp_ShallowMsa_093__2qkeE_unrelaxed_rank_001_alphafold2_ptm_model_1_seed_000.pdb,,-0.15150956243258443
AF2,AF2,ShallowMsa_094,5jytA,0.7684993802368257,0.4626649540992174,0.30583442613760836,Pipeline/FoldPairs/5jytA_2qkeE/output_AF/AF2/ShallowMsa_094/5jytA/tmp_ShallowMsa_094__5jytA_unrelaxed_rank_001_alphafold2_ptm_model_3_seed_000.pdb,,0.2597792300289822
AF2,AF2,ShallowMsa_094,2qkeE,0.7684993802368257,0.4626649540992174,0.30583442613760836,Pipeline/FoldPairs/5jytA_2qkeE/output_AF/AF2/ShallowMsa_094/2qkeE/tmp_ShallowMsa_094__2qkeE_unrelaxed_rank_001_alphafold2_ptm_model_3_seed_000.pdb,,0.2597792300289822
AF2,AF2,ShallowMsa_095,5jytA,0.6890555523118427,0.497000976084959,0.19205457622688366,Pipeline/FoldPairs/5jytA_2qkeE/output_AF/AF2/ShallowMsa_095/5jytA/tmp_ShallowMsa_095__5jytA_unrelaxed_rank_001_alphafold2_ptm_model_3_seed_000.pdb,,0.14599938011825744
AF2,AF2,ShallowMsa_095,2qkeE,0.6890555523118427,0.497000976084959,0.19205457622688366,Pipeline/FoldPairs/5jytA_2qkeE/output_AF/AF2/ShallowMsa_095/2qkeE/tmp_ShallowMsa_095__2qkeE_unrelaxed_rank_001_alphafold2_ptm_model_3_seed_000.pdb,,0.14599938011825744
AF2,AF2,ShallowMsa_096,5jytA,0.525794310124993,0.36286205694841556,0.16293225317657745,Pipeline/FoldPairs/5jytA_2qkeE/output_AF/AF2/ShallowMsa_096/5jytA/tmp_ShallowMsa_096__5jytA_unrelaxed_rank_001_alphafold2_ptm_model_2_seed_000.pdb,,0.11687705706795123
AF2,AF2,ShallowMsa_096,2qkeE,0.525794310124993,0.36286205694841556,0.16293225317657745,Pipeline/FoldPairs/5jytA_2qkeE/output_AF/AF2/ShallowMsa_096/2qkeE/tmp_ShallowMsa_096__2qkeE_unrelaxed_rank_001_alphafold2_ptm_model_2_seed_000.pdb,,0.11687705706795123
AF2,AF2,ShallowMsa_097,5jytA,0.737140629730825,0.5413064735009209,0.19583415622990408,Pipeline/FoldPairs/5jytA_2qkeE/output_AF/AF2/ShallowMsa_097/5jytA/tmp_ShallowMsa_097__5jytA_unrelaxed_rank_001_alphafold2_ptm_model_4_seed_000.pdb,,0.14977896012127787
AF2,AF2,ShallowMsa_097,2qkeE,0.737140629730825,0.5413064735009209,0.19583415622990408,Pipeline/FoldPairs/5jytA_2qkeE/output_AF/AF2/ShallowMsa_097/2qkeE/tmp_ShallowMsa_097__2qkeE_unrelaxed_rank_001_alphafold2_ptm_model_4_seed_000.pdb,,0.14977896012127787
AF2,AF2,ShallowMsa_098,5jytA,0.3675972595305552,0.39178997840392027,-0.02419271887336505,Pipeline/FoldPairs/5jytA_2qkeE/output_AF/AF2/ShallowMsa_098/5jytA/tmp_ShallowMsa_098__5jytA_unrelaxed_rank_001_alphafold2_ptm_model_3_seed_000.pdb,,-0.07024791498199126
AF2,AF2,ShallowMsa_098,2qkeE,0.3675972595305552,0.39178997840392027,-0.02419271887336505,Pipeline/FoldPairs/5jytA_2qkeE/output_AF/AF2/ShallowMsa_098/2qkeE/tmp_ShallowMsa_098__2qkeE_unrelaxed_rank_001_alphafold2_ptm_model_3_seed_000.pdb,,-0.07024791498199126
AF2,AF2,ShallowMsa_099,5jytA,0.4479120885303253,0.6407490940644288,-0.1928370055341035,Pipeline/FoldPairs/5jytA_2qkeE/output_AF/AF2/ShallowMsa_099/5jytA/tmp_ShallowMsa_099__5jytA_unrelaxed_rank_001_alphafold2_ptm_model_4_seed_000.pdb,,-0.2388922016427297
AF2,AF2,ShallowMsa_099,2qkeE,0.4479120885303253,0.6407490940644288,-0.1928370055341035,Pipeline/FoldPairs/5jytA_2qkeE/output_AF/AF2/ShallowMsa_099/2qkeE/tmp_ShallowMsa_099__2qkeE_unrelaxed_rank_001_alphafold2_ptm_model_4_seed_000.pdb,,-0.2388922016427297
AF3,AF3,ShallowMsa_000,5jytA,0.5019487368958235,0.7995783893059482,-0.2976296524101246,Pipeline/FoldPairs/5jytA_2qkeE/output_AF/AF3/ShallowMsa_000/5jytA/tmp_ShallowMsa_000__5jytA_first/tmp_ShallowMsa_000__5jytA_first_rank1_model.pdb,,-0.3810194534806606
AF3,AF3,ShallowMsa_000,2qkeE,0.5019487368958235,0.7995783893059482,-0.2976296524101246,Pipeline/FoldPairs/5jytA_2qkeE/output_AF/AF3/ShallowMsa_000/2qkeE/tmp_ShallowMsa_000__2qkeE_first/tmp_ShallowMsa_000__2qkeE_first_rank1_model.pdb,,-0.37983612803224776
AF3,AF3,ShallowMsa_001,5jytA,0.5133237340654546,0.6251141164475086,-0.11179038238205397,Pipeline/FoldPairs/5jytA_2qkeE/output_AF/AF3/ShallowMsa_001/5jytA/tmp_ShallowMsa_001__5jytA_first/tmp_ShallowMsa_001__5jytA_first_rank1_model.pdb,,-0.1951801834525899
AF3,AF3,ShallowMsa_001,2qkeE,0.5130251804783889,0.6249875901264462,-0.11196240964805737,Pipeline/FoldPairs/5jytA_2qkeE/output_AF/AF3/ShallowMsa_001/2qkeE/tmp_ShallowMsa_001__2qkeE_first/tmp_ShallowMsa_001__2qkeE_first_rank1_model.pdb,,-0.19416888527018047
AF3,AF3,ShallowMsa_002,5jytA,0.7598604909952624,0.5065255046008047,0.25333498639445773,Pipeline/FoldPairs/5jytA_2qkeE/output_AF/AF3/ShallowMsa_002/5jytA/tmp_ShallowMsa_002__5jytA_first/tmp_ShallowMsa_002__5jytA_first_rank1_model.pdb,,0.1699451853239218
AF3,AF3,ShallowMsa_002,2qkeE,0.7596397048086697,0.5063586289724419,0.25328107583622783,Pipeline/FoldPairs/5jytA_2qkeE/output_AF/AF3/ShallowMsa_002/2qkeE/tmp_ShallowMsa_002__2qkeE_first/tmp_ShallowMsa_002__2qkeE_first_rank1_model.pdb,,0.17107460021410473
AF3,AF3,ShallowMsa_003,5jytA,0.547016080376902,0.785627599709321,-0.23861151933241898,Pipeline/FoldPairs/5jytA_2qkeE/output_AF/AF3/ShallowMsa_003/5jytA/tmp_ShallowMsa_003__5jytA_first/tmp_ShallowMsa_003__5jytA_first_rank1_model.pdb,,-0.3220013204029549
AF3,AF3,ShallowMsa_003,2qkeE,0.5477350245178488,0.7707183458529477,-0.2229833213350989,Pipeline/FoldPairs/5jytA_2qkeE/output_AF/AF3/ShallowMsa_003/2qkeE/tmp_ShallowMsa_003__2qkeE_first/tmp_ShallowMsa_003__2qkeE_first_rank1_model.pdb,,-0.30518979695722204
AF3,AF3,ShallowMsa_004,5jytA,0.7732762955995378,0.5049489873303252,0.2683273082692126,Pipeline/FoldPairs/5jytA_2qkeE/output_AF/AF3/ShallowMsa_004/5jytA/tmp_ShallowMsa_004__5jytA_first/tmp_ShallowMsa_004__5jytA_first_rank1_model.pdb,,0.18493750719867666
AF3,AF3,ShallowMsa_004,2qkeE,0.7732762955995378,0.5049489873303252,0.2683273082692126,Pipeline/FoldPairs/5jytA_2qkeE/output_AF/AF3/ShallowMsa_004/2qkeE/tmp_ShallowMsa_004__2qkeE_first/tmp_ShallowMsa_004__2qkeE_first_rank1_model.pdb,,0.18612083264708948
AF3,AF3,ShallowMsa_005,5jytA,0.5761328671243193,0.6604887327597537,-0.0843558656354344,Pipeline/FoldPairs/5jytA_2qkeE/output_AF/AF3/ShallowMsa_005/5jytA/tmp_ShallowMsa_005__5jytA_first/tmp_ShallowMsa_005__5jytA_first_rank1_model.pdb,,-0.16774566670597033
AF3,AF3,ShallowMsa_005,2qkeE,0.5761328671243193,0.6604887327597537,-0.0843558656354344,Pipeline/FoldPairs/5jytA_2qkeE/output_AF/AF3/ShallowMsa_005/2qkeE/tmp_ShallowMsa_005__2qkeE_first/tmp_ShallowMsa_005__2qkeE_first_rank1_model.pdb,,-0.1665623412575575
AF3,AF3,ShallowMsa_006,5jytA,0.4692811952504325,0.8403356954878,-0.37105450023736747,Pipeline/FoldPairs/5jytA_2qkeE/output_AF/AF3/ShallowMsa_006/5jytA/tmp_ShallowMsa_006__5jytA_first/tmp_ShallowMsa_006__5jytA_first_rank1_model.pdb,,-0.45444430130790336
AF3,AF3,ShallowMsa_006,2qkeE,0.4703554414870938,0.8408776337898994,-0.37052219230280564,Pipeline/FoldPairs/5jytA_2qkeE/output_AF/AF3/ShallowMsa_006/2qkeE/tmp_ShallowMsa_006__2qkeE_first/tmp_ShallowMsa_006__2qkeE_first_rank1_model.pdb,,-0.4527286679249287
AF3,AF3,ShallowMsa_007,5jytA,0.5325286192588108,0.49433435437028506,0.03819426488852573,Pipeline/FoldPairs/5jytA_2qkeE/output_AF/AF3/ShallowMsa_007/5jytA/tmp_ShallowMsa_007__5jytA_first/tmp_ShallowMsa_007__5jytA_first_rank1_model.pdb,,-0.04519553618201019
AF3,AF3,ShallowMsa_007,2qkeE,0.5603445347358269,0.7262825238195556,-0.1659379890837287,Pipeline/FoldPairs/5jytA_2qkeE/output_AF/AF3/ShallowMsa_007/2qkeE/tmp_ShallowMsa_007__2qkeE_first/tmp_ShallowMsa_007__2qkeE_first_rank1_model.pdb,,-0.2481444647058518
AF3,AF3,ShallowMsa_008,5jytA,0.5540922631673375,0.8751775061447012,-0.32108524297736374,Pipeline/FoldPairs/5jytA_2qkeE/output_AF/AF3/ShallowMsa_008/5jytA/tmp_ShallowMsa_008__5jytA_first/tmp_ShallowMsa_008__5jytA_first_rank1_model.pdb,,-0.4044750440478997
AF3,AF3,ShallowMsa_008,2qkeE,0.5489568311237928,0.8568129495504827,-0.3078561184266899,Pipeline/FoldPairs/5jytA_2qkeE/output_AF/AF3/ShallowMsa_008/2qkeE/tmp_ShallowMsa_008__2qkeE_first/tmp_ShallowMsa_008__2qkeE_first_rank1_model.pdb,,-0.39006259404881305
AF3,AF3,ShallowMsa_009,5jytA,0.568646867946046,0.7321262575312611,-0.16347938958521513,Pipeline/FoldPairs/5jytA_2qkeE/output_AF/AF3/ShallowMsa_009/5jytA/tmp_ShallowMsa_009__5jytA_first/tmp_ShallowMsa_009__5jytA_first_rank1_model.pdb,,-0.24686919065575105
AF3,AF3,ShallowMsa_009,2qkeE,0.5679195157404442,0.7317964843767244,-0.1638769686362802,Pipeline/FoldPairs/5jytA_2qkeE/output_AF/AF3/ShallowMsa_009/2qkeE/tmp_ShallowMsa_009__2qkeE_first/tmp_ShallowMsa_009__2qkeE_first_rank1_model.pdb,,-0.2460834442584033
AF3,AF3,ShallowMsa_010,5jytA,0.7922585545035862,0.5098420395000406,0.2824165150035456,Pipeline/FoldPairs/5jytA_2qkeE/output_AF/AF3/ShallowMsa_010/5jytA/tmp_ShallowMsa_010__5jytA_first/tmp_ShallowMsa_010__5jytA_first_rank1_model.pdb,,0.19902671393300966
AF3,AF3,ShallowMsa_010,2qkeE,0.7922585545035862,0.5098420395000406,0.2824165150035456,Pipeline/FoldPairs/5jytA_2qkeE/output_AF/AF3/ShallowMsa_010/2qkeE/tmp_ShallowMsa_010__2qkeE_first/tmp_ShallowMsa_010__2qkeE_first_rank1_model.pdb,,0.20021003938142248
AF3,AF3,ShallowMsa_011,5jytA,0.4132823513503595,0.4446458063238633,-0.03136345497350379,Pipeline/FoldPairs/5jytA_2qkeE/output_AF/AF3/ShallowMsa_011/5jytA/tmp_ShallowMsa_011__5jytA_first/tmp_ShallowMsa_011__5jytA_first_rank1_model.pdb,,-0.11475325604403971
AF3,AF3,ShallowMsa_011,2qkeE,0.41178096069906045,0.4400427012050466,-0.028261740505986177,Pipeline/FoldPairs/5jytA_2qkeE/output_AF/AF3/ShallowMsa_011/2qkeE/tmp_ShallowMsa_011__2qkeE_first/tmp_ShallowMsa_011__2qkeE_first_rank1_model.pdb,,-0.11046821612810928
AF3,AF3,ShallowMsa_012,5jytA,0.5095735966556288,0.9005855012272413,-0.3910119045716125,Pipeline/FoldPairs/5jytA_2qkeE/output_AF/AF3/ShallowMsa_012/5jytA/tmp_ShallowMsa_012__5jytA_first/tmp_ShallowMsa_012__5jytA_first_rank1_model.pdb,,-0.47440170564214845
AF3,AF3,ShallowMsa_012,2qkeE,0.5095735966556288,0.9005855012272413,-0.3910119045716125,Pipeline/FoldPairs/5jytA_2qkeE/output_AF/AF3/ShallowMsa_012/2qkeE/tmp_ShallowMsa_012__2qkeE_first/tmp_ShallowMsa_012__2qkeE_first_rank1_model.pdb,,-0.47321838019373563
AF3,AF3,ShallowMsa_013,5jytA,0.8060163916674158,0.4979156576379043,0.3081007340295115,Pipeline/FoldPairs/5jytA_2qkeE/output_AF/AF3/ShallowMsa_013/5jytA/tmp_ShallowMsa_013__5jytA_first/tmp_ShallowMsa_013__5jytA_first_rank1_model.pdb,,0.22471093295897557
AF3,AF3,ShallowMsa_013,2qkeE,0.8060163916674158,0.4979156576379043,0.3081007340295115,Pipeline/FoldPairs/5jytA_2qkeE/output_AF/AF3/ShallowMsa_013/2qkeE/tmp_ShallowMsa_013__2qkeE_first/tmp_ShallowMsa_013__2qkeE_first_rank1_model.pdb,,0.2258942584073884
AF3,AF3,ShallowMsa_014,5jytA,0.8140291330114006,0.5171608173555227,0.2968683156558779,Pipeline/FoldPairs/5jytA_2qkeE/output_AF/AF3/ShallowMsa_014/5jytA/tmp_ShallowMsa_014__5jytA_first/tmp_ShallowMsa_014__5jytA_first_rank1_model.pdb,,0.21347851458534198
AF3,AF3,ShallowMsa_014,2qkeE,0.814321875358026,0.5170974183489213,0.2972244570091047,Pipeline/FoldPairs/5jytA_2qkeE/output_AF/AF3/ShallowMsa_014/2qkeE/tmp_ShallowMsa_014__2qkeE_first/tmp_ShallowMsa_014__2qkeE_first_rank1_model.pdb,,0.2150179813869816
AF3,AF3,ShallowMsa_015,5jytA,0.5505175147418923,0.4678605186209592,0.08265699612093308,Pipeline/FoldPairs/5jytA_2qkeE/output_AF/AF3/ShallowMsa_015/5jytA/tmp_ShallowMsa_015__5jytA_first/tmp_ShallowMsa_015__5jytA_first_rank1_model.pdb,,-0.0007328049496028444
AF3,AF3,ShallowMsa_015,2qkeE,0.5505175147418923,0.4678605186209592,0.08265699612093308,Pipeline/FoldPairs/5jytA_2qkeE/output_AF/AF3/ShallowMsa_015/2qkeE/tmp_ShallowMsa_015__2qkeE_first/tmp_ShallowMsa_015__2qkeE_first_rank1_model.pdb,,0.00045052049880997536
AF3,AF3,ShallowMsa_016,5jytA,0.8206047267721367,0.5170097645441163,0.3035949622280204,Pipeline/FoldPairs/5jytA_2qkeE/output_AF/AF3/ShallowMsa_016/5jytA/tmp_ShallowMsa_016__5jytA_first/tmp_ShallowMsa_016__5jytA_first_rank1_model.pdb,,0.22020516115748448
AF3,AF3,ShallowMsa_016,2qkeE,0.8206047267721367,0.5170097645441163,0.3035949622280204,Pipeline/FoldPairs/5jytA_2qkeE/output_AF/AF3/ShallowMsa_016/2qkeE/tmp_ShallowMsa_016__2qkeE_first/tmp_ShallowMsa_016__2qkeE_first_rank1_model.pdb,,0.2213884866058973
AF3,AF3,ShallowMsa_017,5jytA,0.8008534013151548,0.5012293794960334,0.2996240218191214,Pipeline/FoldPairs/5jytA_2qkeE/output_AF/AF3/ShallowMsa_017/5jytA/tmp_ShallowMsa_017__5jytA_first/tmp_ShallowMsa_017__5jytA_first_rank1_model.pdb,,0.21623422074858548
AF3,AF3,ShallowMsa_017,2qkeE,0.8007452737236644,0.501188693465755,0.29955658025790943,Pipeline/FoldPairs/5jytA_2qkeE/output_AF/AF3/ShallowMsa_017/2qkeE/tmp_ShallowMsa_017__2qkeE_first/tmp_ShallowMsa_017__2qkeE_first_rank1_model.pdb,,0.21735010463578633
AF3,AF3,ShallowMsa_018,5jytA,0.8170687676085097,0.5106690362948305,0.30639973131367915,Pipeline/FoldPairs/5jytA_2qkeE/output_AF/AF3/ShallowMsa_018/5jytA/tmp_ShallowMsa_018__5jytA_first/tmp_ShallowMsa_018__5jytA_first_rank1_model.pdb,,0.22300993024314322
AF3,AF3,ShallowMsa_018,2qkeE,0.8170687676085097,0.5106690362948305,0.30639973131367915,Pipeline/FoldPairs/5jytA_2qkeE/output_AF/AF3/ShallowMsa_018/2qkeE/tmp_ShallowMsa_018__2qkeE_first/tmp_ShallowMsa_018__2qkeE_first_rank1_model.pdb,,0.22419325569155604
AF3,AF3,ShallowMsa_019,5jytA,0.7815354264140963,0.49885442111588146,0.2826810052982149,Pipeline/FoldPairs/5jytA_2qkeE/output_AF/AF3/ShallowMsa_019/5jytA/tmp_ShallowMsa_019__5jytA_first/tmp_ShallowMsa_019__5jytA_first_rank1_model.pdb,,0.19929120422767896
AF3,AF3,ShallowMsa_019,2qkeE,0.7815354264140963,0.49885442111588146,0.2826810052982149,Pipeline/FoldPairs/5jytA_2qkeE/output_AF/AF3/ShallowMsa_019/2qkeE/tmp_ShallowMsa_019__2qkeE_first/tmp_ShallowMsa_019__2qkeE_first_rank1_model.pdb,,0.20047452967609178
AF3,AF3,ShallowMsa_020,5jytA,0.41468173636364186,0.5520041018736239,-0.13732236550998206,Pipeline/FoldPairs/5jytA_2qkeE/output_AF/AF3/ShallowMsa_020/5jytA/tmp_ShallowMsa_020__5jytA_first/tmp_ShallowMsa_020__5jytA_first_rank1_model.pdb,,-0.22071216658051798
AF3,AF3,ShallowMsa_020,2qkeE,0.4387116003713819,0.47411826531022905,-0.03540666493884714,Pipeline/FoldPairs/5jytA_2qkeE/output_AF/AF3/ShallowMsa_020/2qkeE/tmp_ShallowMsa_020__2qkeE_first/tmp_ShallowMsa_020__2qkeE_first_rank1_model.pdb,,-0.11761314056097025
AF3,AF3,ShallowMsa_021,5jytA,0.6272341938138072,0.5686290134920282,0.05860518032177897,Pipeline/FoldPairs/5jytA_2qkeE/output_AF/AF3/ShallowMsa_021/5jytA/tmp_ShallowMsa_021__5jytA_first/tmp_ShallowMsa_021__5jytA_first_rank1_model.pdb,,-0.024784620748756953
AF3,AF3,ShallowMsa_021,2qkeE,0.6267303289164152,0.5688047748633743,0.057925554053040895,Pipeline/FoldPairs/5jytA_2qkeE/output_AF/AF3/ShallowMsa_021/2qkeE/tmp_ShallowMsa_021__2qkeE_first/tmp_ShallowMsa_021__2qkeE_first_rank1_model.pdb,,-0.02428092156908221
AF3,AF3,ShallowMsa_022,5jytA,0.5418523630317295,0.6386576670184795,-0.09680530398675002,Pipeline/FoldPairs/5jytA_2qkeE/output_AF/AF3/ShallowMsa_022/5jytA/tmp_ShallowMsa_022__5jytA_first/tmp_ShallowMsa_022__5jytA_first_rank1_model.pdb,,-0.18019510505728595
AF3,AF3,ShallowMsa_022,2qkeE,0.5418523630317295,0.6386576670184795,-0.09680530398675002,Pipeline/FoldPairs/5jytA_2qkeE/output_AF/AF3/ShallowMsa_022/2qkeE/tmp_ShallowMsa_022__2qkeE_first/tmp_ShallowMsa_022__2qkeE_first_rank1_model.pdb,,-0.17901177960887313
AF3,AF3,ShallowMsa_023,5jytA,0.43808844852427375,0.37805732690350125,0.06003112162077251,Pipeline/FoldPairs/5jytA_2qkeE/output_AF/AF3/ShallowMsa_023/5jytA/tmp_ShallowMsa_023__5jytA_first/tmp_ShallowMsa_023__5jytA_first_rank1_model.pdb,,-0.023358679449763414
AF3,AF3,ShallowMsa_023,2qkeE,0.43808844852427375,0.37805732690350125,0.06003112162077251,Pipeline/FoldPairs/5jytA_2qkeE/output_AF/AF3/ShallowMsa_023/2qkeE/tmp_ShallowMsa_023__2qkeE_first/tmp_ShallowMsa_023__2qkeE_first_rank1_model.pdb,,-0.022175354001350595
AF3,AF3,ShallowMsa_024,5jytA,0.5205778722317367,0.6820117626731076,-0.1614338904413709,Pipeline/FoldPairs/5jytA_2qkeE/output_AF/AF3/ShallowMsa_024/5jytA/tmp_ShallowMsa_024__5jytA_first/tmp_ShallowMsa_024__5jytA_first_rank1_model.pdb,,-0.24482369151190683
AF3,AF3,ShallowMsa_024,2qkeE,0.520809983418913,0.6803460062561378,-0.1595360228372248,Pipeline/FoldPairs/5jytA_2qkeE/output_AF/AF3/ShallowMsa_024/2qkeE/tmp_ShallowMsa_024__2qkeE_first/tmp_ShallowMsa_024__2qkeE_first_rank1_model.pdb,,-0.2417424984593479
AF3,AF3,ShallowMsa_025,5jytA,0.7795329768549936,0.5237708325781916,0.255762144276802,Pipeline/FoldPairs/5jytA_2qkeE/output_AF/AF3/ShallowMsa_025/5jytA/tmp_ShallowMsa_025__5jytA_first/tmp_ShallowMsa_025__5jytA_first_rank1_model.pdb,,0.17237234320626607
AF3,AF3,ShallowMsa_025,2qkeE,0.7791503641624256,0.5217360187923588,0.2574143453700668,Pipeline/FoldPairs/5jytA_2qkeE/output_AF/AF3/ShallowMsa_025/2qkeE/tmp_ShallowMsa_025__2qkeE_first/tmp_ShallowMsa_025__2qkeE_first_rank1_model.pdb,,0.1752078697479437
AF3,AF3,ShallowMsa_026,5jytA,0.5301505521325617,0.6473256411590627,-0.11717508902650098,Pipeline/FoldPairs/5jytA_2qkeE/output_AF/AF3/ShallowMsa_026/5jytA/tmp_ShallowMsa_026__5jytA_first/tmp_ShallowMsa_026__5jytA_first_rank1_model.pdb,,-0.2005648900970369
AF3,AF3,ShallowMsa_026,2qkeE,0.5327222529698213,0.6485987244453834,-0.11587647147556202,Pipeline/FoldPairs/5jytA_2qkeE/output_AF/AF3/ShallowMsa_026/2qkeE/tmp_ShallowMsa_026__2qkeE_first/tmp_ShallowMsa_026__2qkeE_first_rank1_model.pdb,,-0.19808294709768512
AF3,AF3,ShallowMsa_027,5jytA,0.80687467007886,0.4632600088985079,0.34361466118035217,Pipeline/FoldPairs/5jytA_2qkeE/output_AF/AF3/ShallowMsa_027/5jytA/tmp_ShallowMsa_027__5jytA_first/tmp_ShallowMsa_027__5jytA_first_rank1_model.pdb,,0.26022486010981627
AF3,AF3,ShallowMsa_027,2qkeE,0.8070324700049892,0.4631640748526944,0.34386839515229484,Pipeline/FoldPairs/5jytA_2qkeE/output_AF/AF3/ShallowMsa_027/2qkeE/tmp_ShallowMsa_027__2qkeE_first/tmp_ShallowMsa_027__2qkeE_first_rank1_model.pdb,,0.2616619195301717
AF3,AF3,ShallowMsa_028,5jytA,0.7388128090434916,0.49520864619199484,0.24360416285149672,Pipeline/FoldPairs/5jytA_2qkeE/output_AF/AF3/ShallowMsa_028/5jytA/tmp_ShallowMsa_028__5jytA_first/tmp_ShallowMsa_028__5jytA_first_rank1_model.pdb,,0.1602143617809608
AF3,AF3,ShallowMsa_028,2qkeE,0.738796875742134,0.4945740185428756,0.24422285719925846,Pipeline/FoldPairs/5jytA_2qkeE/output_AF/AF3/ShallowMsa_028/2qkeE/tmp_ShallowMsa_028__2qkeE_first/tmp_ShallowMsa_028__2qkeE_first_rank1_model.pdb,,0.16201638157713535
AF3,AF3,ShallowMsa_029,5jytA,0.5997637594261053,0.5308266498501213,0.06893710957598398,Pipeline/FoldPairs/5jytA_2qkeE/output_AF/AF3/ShallowMsa_029/5jytA/tmp_ShallowMsa_029__5jytA_first/tmp_ShallowMsa_029__5jytA_first_rank1_model.pdb,,-0.014452691494551945
AF3,AF3,ShallowMsa_029,2qkeE,0.5997637594261053,0.5308266498501213,0.06893710957598398,Pipeline/FoldPairs/5jytA_2qkeE/output_AF/AF3/ShallowMsa_029/2qkeE/tmp_ShallowMsa_029__2qkeE_first/tmp_ShallowMsa_029__2qkeE_first_rank1_model.pdb,,-0.013269366046139125
AF3,AF3,ShallowMsa_030,5jytA,0.5665420892784803,0.5280215701152136,0.03852051916326671,Pipeline/FoldPairs/5jytA_2qkeE/output_AF/AF3/ShallowMsa_030/5jytA/tmp_ShallowMsa_030__5jytA_first/tmp_ShallowMsa_030__5jytA_first_rank1_model.pdb,,-0.044869281907269215
AF3,AF3,ShallowMsa_030,2qkeE,0.5664426720422936,0.5277481753109895,0.038694496731304096,Pipeline/FoldPairs/5jytA_2qkeE/output_AF/AF3/ShallowMsa_030/2qkeE/tmp_ShallowMsa_030__2qkeE_first/tmp_ShallowMsa_030__2qkeE_first_rank1_model.pdb,,-0.04351197889081901
AF3,AF3,ShallowMsa_031,5jytA,0.5545108142119756,0.4703882081918368,0.08412260602013877,Pipeline/FoldPairs/5jytA_2qkeE/output_AF/AF3/ShallowMsa_031/5jytA/tmp_ShallowMsa_031__5jytA_first/tmp_ShallowMsa_031__5jytA_first_rank1_model.pdb,,0.0007328049496028444
AF3,AF3,ShallowMsa_031,2qkeE,0.6111596673597783,0.5010027689497635,0.11015689841001486,Pipeline/FoldPairs/5jytA_2qkeE/output_AF/AF3/ShallowMsa_031/2qkeE/tmp_ShallowMsa_031__2qkeE_first/tmp_ShallowMsa_031__2qkeE_first_rank1_model.pdb,,0.027950422787891754
AF3,AF3,ShallowMsa_032,5jytA,0.48312565577646593,0.9065099966883162,-0.4233843409118503,Pipeline/FoldPairs/5jytA_2qkeE/output_AF/AF3/ShallowMsa_032/5jytA/tmp_ShallowMsa_032__5jytA_first/tmp_ShallowMsa_032__5jytA_first_rank1_model.pdb,,-0.5067741419823862
AF3,AF3,ShallowMsa_032,2qkeE,0.4857329464886847,0.9076742779552546,-0.42194133146656987,Pipeline/FoldPairs/5jytA_2qkeE/output_AF/AF3/ShallowMsa_032/2qkeE/tmp_ShallowMsa_032__2qkeE_first/tmp_ShallowMsa_032__2qkeE_first_rank1_model.pdb,,-0.504147807088693
AF3,AF3,ShallowMsa_033,5jytA,0.5304819433748337,0.8840906180817927,-0.353608674706959,Pipeline/FoldPairs/5jytA_2qkeE/output_AF/AF3/ShallowMsa_033/5jytA/tmp_ShallowMsa_033__5jytA_first/tmp_ShallowMsa_033__5jytA_first_rank1_model.pdb,,-0.43699847577749495
AF3,AF3,ShallowMsa_033,2qkeE,0.5320583513001346,0.8869380676249693,-0.3548797163248347,Pipeline/FoldPairs/5jytA_2qkeE/output_AF/AF3/ShallowMsa_033/2qkeE/tmp_ShallowMsa_033__2qkeE_first/tmp_ShallowMsa_033__2qkeE_first_rank1_model.pdb,,-0.43708619194695786
AF3,AF3,ShallowMsa_034,5jytA,0.5523018196280531,0.8716374615429301,-0.31933564191487696,Pipeline/FoldPairs/5jytA_2qkeE/output_AF/AF3/ShallowMsa_034/5jytA/tmp_ShallowMsa_034__5jytA_first/tmp_ShallowMsa_034__5jytA_first_rank1_model.pdb,,-0.4027254429854129
AF3,AF3,ShallowMsa_034,2qkeE,0.5526233767881817,0.871422383845249,-0.3187990070570672,Pipeline/FoldPairs/5jytA_2qkeE/output_AF/AF3/ShallowMsa_034/2qkeE/tmp_ShallowMsa_034__2qkeE_first/tmp_ShallowMsa_034__2qkeE_first_rank1_model.pdb,,-0.40100548267919034
AF3,AF3,ShallowMsa_035,5jytA,0.5353387533603229,0.6551506972288109,-0.11981194386848804,Pipeline/FoldPairs/5jytA_2qkeE/output_AF/AF3/ShallowMsa_035/5jytA/tmp_ShallowMsa_035__5jytA_first/tmp_ShallowMsa_035__5jytA_first_rank1_model.pdb,,-0.20320174493902396
AF3,AF3,ShallowMsa_035,2qkeE,0.5353387533603229,0.6551506972288109,-0.11981194386848804,Pipeline/FoldPairs/5jytA_2qkeE/output_AF/AF3/ShallowMsa_035/2qkeE/tmp_ShallowMsa_035__2qkeE_first/tmp_ShallowMsa_035__2qkeE_first_rank1_model.pdb,,-0.20201841949061114
AF3,AF3,ShallowMsa_036,5jytA,0.5335289386818659,0.5571598013320982,-0.023630862650232287,Pipeline/FoldPairs/5jytA_2qkeE/output_AF/AF3/ShallowMsa_036/5jytA/tmp_ShallowMsa_036__5jytA_first/tmp_ShallowMsa_036__5jytA_first_rank1_model.pdb,,-0.10702066372076821
AF3,AF3,ShallowMsa_036,2qkeE,0.4838937078783126,0.516976469235538,-0.033082761357225376,Pipeline/FoldPairs/5jytA_2qkeE/output_AF/AF3/ShallowMsa_036/2qkeE/tmp_ShallowMsa_036__2qkeE_first/tmp_ShallowMsa_036__2qkeE_first_rank1_model.pdb,,-0.11528923697934848
AF3,AF3,ShallowMsa_037,5jytA,0.5993119899427123,0.5233855615861932,0.07592642835651908,Pipeline/FoldPairs/5jytA_2qkeE/output_AF/AF3/ShallowMsa_037/5jytA/tmp_ShallowMsa_037__5jytA_first/tmp_ShallowMsa_037__5jytA_first_rank1_model.pdb,,-0.0074633727140168415
AF3,AF3,ShallowMsa_037,2qkeE,0.5992763442151462,0.5234215387886747,0.0758548054264715,Pipeline/FoldPairs/5jytA_2qkeE/output_AF/AF3/ShallowMsa_037/2qkeE/tmp_ShallowMsa_037__2qkeE_first/tmp_ShallowMsa_037__2qkeE_first_rank1_model.pdb,,-0.00635167019565161
AF3,AF3,ShallowMsa_038,5jytA,0.5985292959671471,0.516773340843834,0.08175595512331313,Pipeline/FoldPairs/5jytA_2qkeE/output_AF/AF3/ShallowMsa_038/5jytA/tmp_ShallowMsa_038__5jytA_first/tmp_ShallowMsa_038__5jytA_first_rank1_model.pdb,,-0.001633845947222795
AF3,AF3,ShallowMsa_038,2qkeE,0.5985292959671471,0.516773340843834,0.08175595512331313,Pipeline/FoldPairs/5jytA_2qkeE/output_AF/AF3/ShallowMsa_038/2qkeE/tmp_ShallowMsa_038__2qkeE_first/tmp_ShallowMsa_038__2qkeE_first_rank1_model.pdb,,-0.00045052049880997536
AF3,AF3,ShallowMsa_039,5jytA,0.515445701485868,0.8169876381344149,-0.3015419366485469,Pipeline/FoldPairs/5jytA_2qkeE/output_AF/AF3/ShallowMsa_039/5jytA/tmp_ShallowMsa_039__5jytA_first/tmp_ShallowMsa_039__5jytA_first_rank1_model.pdb,,-0.38493173771908284
AF3,AF3,ShallowMsa_039,2qkeE,0.515445701485868,0.8169876381344149,-0.3015419366485469,Pipeline/FoldPairs/5jytA_2qkeE/output_AF/AF3/ShallowMsa_039/2qkeE/tmp_ShallowMsa_039__2qkeE_first/tmp_ShallowMsa_039__2qkeE_first_rank1_model.pdb,,-0.38374841227067
AF3,AF3,ShallowMsa_040,5jytA,0.8087083371384155,0.4957642551277868,0.3129440820106287,Pipeline/FoldPairs/5jytA_2qkeE/output_AF/AF3/ShallowMsa_040/5jytA/tmp_ShallowMsa_040__5jytA_first/tmp_ShallowMsa_040__5jytA_first_rank1_model.pdb,,0.22955428094009275
AF3,AF3,ShallowMsa_040,2qkeE,0.8082435979484365,0.49580222919645867,0.3124413687519778,Pipeline/FoldPairs/5jytA_2qkeE/output_AF/AF3/ShallowMsa_040/2qkeE/tmp_ShallowMsa_040__2qkeE_first/tmp_ShallowMsa_040__2qkeE_first_rank1_model.pdb,,0.2302348931298547
AF3,AF3,ShallowMsa_041,5jytA,0.4925841378986262,0.5057961657675791,-0.013212027868952925,Pipeline/FoldPairs/5jytA_2qkeE/output_AF/AF3/ShallowMsa_041/5jytA/tmp_ShallowMsa_041__5jytA_first/tmp_ShallowMsa_041__5jytA_first_rank1_model.pdb,,-0.09660182893948885
AF3,AF3,ShallowMsa_041,2qkeE,0.47811034165417715,0.5088192223880095,-0.030708880733832322,Pipeline/FoldPairs/5jytA_2qkeE/output_AF/AF3/ShallowMsa_041/2qkeE/tmp_ShallowMsa_041__2qkeE_first/tmp_ShallowMsa_041__2qkeE_first_rank1_model.pdb,,-0.11291535635595543
AF3,AF3,ShallowMsa_042,5jytA,0.4673911106570221,0.8138992251035913,-0.34650811444656915,Pipeline/FoldPairs/5jytA_2qkeE/output_AF/AF3/ShallowMsa_042/5jytA/tmp_ShallowMsa_042__5jytA_first/tmp_ShallowMsa_042__5jytA_first_rank1_model.pdb,,-0.4298979155171051
AF3,AF3,ShallowMsa_042,2qkeE,0.468431715925288,0.8147706972125522,-0.34633898128726426,Pipeline/FoldPairs/5jytA_2qkeE/output_AF/AF3/ShallowMsa_042/2qkeE/tmp_ShallowMsa_042__2qkeE_first/tmp_ShallowMsa_042__2qkeE_first_rank1_model.pdb,,-0.4285454569093874
AF3,AF3,ShallowMsa_043,5jytA,0.5314835606742225,0.8725079600810155,-0.34102439940679297,Pipeline/FoldPairs/5jytA_2qkeE/output_AF/AF3/ShallowMsa_043/5jytA/tmp_ShallowMsa_043__5jytA_first/tmp_ShallowMsa_043__5jytA_first_rank1_model.pdb,,-0.4244142004773289
AF3,AF3,ShallowMsa_043,2qkeE,0.5241541119549815,0.8635874237741978,-0.3394333118192163,Pipeline/FoldPairs/5jytA_2qkeE/output_AF/AF3/ShallowMsa_043/2qkeE/tmp_ShallowMsa_043__2qkeE_first/tmp_ShallowMsa_043__2qkeE_first_rank1_model.pdb,,-0.42163978744133945
AF3,AF3,ShallowMsa_044,5jytA,0.5963639651080693,0.4763323796934055,0.1200315854146638,Pipeline/FoldPairs/5jytA_2qkeE/output_AF/AF3/ShallowMsa_044/5jytA/tmp_ShallowMsa_044__5jytA_first/tmp_ShallowMsa_044__5jytA_first_rank1_model.pdb,,0.036641784344127876
AF3,AF3,ShallowMsa_044,2qkeE,0.5646756017289359,0.4866198480443401,0.07805575368459583,Pipeline/FoldPairs/5jytA_2qkeE/output_AF/AF3/ShallowMsa_044/2qkeE/tmp_ShallowMsa_044__2qkeE_first/tmp_ShallowMsa_044__2qkeE_first_rank1_model.pdb,,-0.004150721937527274
AF3,AF3,ShallowMsa_045,5jytA,0.7339274253450514,0.4797531516589449,0.2541742736861065,Pipeline/FoldPairs/5jytA_2qkeE/output_AF/AF3/ShallowMsa_045/5jytA/tmp_ShallowMsa_045__5jytA_first/tmp_ShallowMsa_045__5jytA_first_rank1_model.pdb,,0.1707844726155706
AF3,AF3,ShallowMsa_045,2qkeE,0.7331512013607193,0.47933954169882664,0.2538116596618927,Pipeline/FoldPairs/5jytA_2qkeE/output_AF/AF3/ShallowMsa_045/2qkeE/tmp_ShallowMsa_045__2qkeE_first/tmp_ShallowMsa_045__2qkeE_first_rank1_model.pdb,,0.17160518403976957
AF3,AF3,ShallowMsa_046,5jytA,0.6917500841134274,0.585509224167958,0.10624085994546939,Pipeline/FoldPairs/5jytA_2qkeE/output_AF/AF3/ShallowMsa_046/5jytA/tmp_ShallowMsa_046__5jytA_first/tmp_ShallowMsa_046__5jytA_first_rank1_model.pdb,,0.022851058874933466
AF3,AF3,ShallowMsa_046,2qkeE,0.6917500841134274,0.585509224167958,0.10624085994546939,Pipeline/FoldPairs/5jytA_2qkeE/output_AF/AF3/ShallowMsa_046/2qkeE/tmp_ShallowMsa_046__2qkeE_first/tmp_ShallowMsa_046__2qkeE_first_rank1_model.pdb,,0.024034384323346286
AF3,AF3,ShallowMsa_047,5jytA,0.6417007671783609,0.5053537039032715,0.1363470632750894,Pipeline/FoldPairs/5jytA_2qkeE/output_AF/AF3/ShallowMsa_047/5jytA/tmp_ShallowMsa_047__5jytA_first/tmp_ShallowMsa_047__5jytA_first_rank1_model.pdb,,0.05295726220455346
AF3,AF3,ShallowMsa_047,2qkeE,0.5099484863568825,0.5044777520726872,0.005470734284195311,Pipeline/FoldPairs/5jytA_2qkeE/output_AF/AF3/ShallowMsa_047/2qkeE/tmp_ShallowMsa_047__2qkeE_first/tmp_ShallowMsa_047__2qkeE_first_rank1_model.pdb,,-0.07673574133792779
AF3,AF3,ShallowMsa_048,5jytA,0.7592477263816372,0.4827584873989196,0.2764892389827176,Pipeline/FoldPairs/5jytA_2qkeE/output_AF/AF3/ShallowMsa_048/5jytA/tmp_ShallowMsa_048__5jytA_first/tmp_ShallowMsa_048__5jytA_first_rank1_model.pdb,,0.19309943791218168
AF3,AF3,ShallowMsa_048,2qkeE,0.7592051004409988,0.48275269842042745,0.2764524020205713,Pipeline/FoldPairs/5jytA_2qkeE/output_AF/AF3/ShallowMsa_048/2qkeE/tmp_ShallowMsa_048__2qkeE_first/tmp_ShallowMsa_048__2qkeE_first_rank1_model.pdb,,0.1942459263984482
AF3,AF3,ShallowMsa_049,5jytA,0.5738247856218518,0.8434547089741444,-0.26962992335229263,Pipeline/FoldPairs/5jytA_2qkeE/output_AF/AF3/ShallowMsa_049/5jytA/tmp_ShallowMsa_049__5jytA_first/tmp_ShallowMsa_049__5jytA_first_rank1_model.pdb,,-0.3530197244228286
AF3,AF3,ShallowMsa_049,2qkeE,0.5738247856218518,0.8434547089741444,-0.26962992335229263,Pipeline/FoldPairs/5jytA_2qkeE/output_AF/AF3/ShallowMsa_049/2qkeE/tmp_ShallowMsa_049__2qkeE_first/tmp_ShallowMsa_049__2qkeE_first_rank1_model.pdb,,-0.35183639897441576
AF3,AF3,ShallowMsa_050,5jytA,0.8562703931751375,0.48304123439970176,0.3732291587754358,Pipeline/FoldPairs/5jytA_2qkeE/output_AF/AF3/ShallowMsa_050/5jytA/tmp_ShallowMsa_050__5jytA_first/tmp_ShallowMsa_050__5jytA_first_rank1_model.pdb,,0.2898393577048999
AF3,AF3,ShallowMsa_050,2qkeE,0.8565573248358685,0.48381268398334915,0.3727446408525194,Pipeline/FoldPairs/5jytA_2qkeE/output_AF/AF3/ShallowMsa_050/2qkeE/tmp_ShallowMsa_050__2qkeE_first/tmp_ShallowMsa_050__2qkeE_first_rank1_model.pdb,,0.29053816523039633
AF3,AF3,ShallowMsa_051,5jytA,0.7730993902405241,0.5062478467041379,0.2668515435363862,Pipeline/FoldPairs/5jytA_2qkeE/output_AF/AF3/ShallowMsa_051/5jytA/tmp_ShallowMsa_051__5jytA_first/tmp_ShallowMsa_051__5jytA_first_rank1_model.pdb,,0.18346174246585026
AF3,AF3,ShallowMsa_051,2qkeE,0.7734562195426808,0.5062607479954125,0.2671954715472683,Pipeline/FoldPairs/5jytA_2qkeE/output_AF/AF3/ShallowMsa_051/2qkeE/tmp_ShallowMsa_051__2qkeE_first/tmp_ShallowMsa_051__2qkeE_first_rank1_model.pdb,,0.1849889959251452
AF3,AF3,ShallowMsa_052,5jytA,0.5180290873742103,0.6399633500680453,-0.121934262693835,Pipeline/FoldPairs/5jytA_2qkeE/output_AF/AF3/ShallowMsa_052/5jytA/tmp_ShallowMsa_052__5jytA_first/tmp_ShallowMsa_052__5jytA_first_rank1_model.pdb,,-0.20532406376437093
AF3,AF3,ShallowMsa_052,2qkeE,0.5355762009533218,0.6558406372965901,-0.12026443634326833,Pipeline/FoldPairs/5jytA_2qkeE/output_AF/AF3/ShallowMsa_052/2qkeE/tmp_ShallowMsa_052__2qkeE_first/tmp_ShallowMsa_052__2qkeE_first_rank1_model.pdb,,-0.20247091196539144
AF3,AF3,ShallowMsa_053,5jytA,0.7797119773493044,0.4894166391723748,0.2902953381769296,Pipeline/FoldPairs/5jytA_2qkeE/output_AF/AF3/ShallowMsa_053/5jytA/tmp_ShallowMsa_053__5jytA_first/tmp_ShallowMsa_053__5jytA_first_rank1_model.pdb,,0.20690553710639367
AF3,AF3,ShallowMsa_053,2qkeE,0.7808107088803784,0.4966399150964522,0.2841707937839262,Pipeline/FoldPairs/5jytA_2qkeE/output_AF/AF3/ShallowMsa_053/2qkeE/tmp_ShallowMsa_053__2qkeE_first/tmp_ShallowMsa_053__2qkeE_first_rank1_model.pdb,,0.20196431816180307
AF3,AF3,ShallowMsa_054,5jytA,0.7917170100164641,0.5058368147290382,0.2858801952874259,Pipeline/FoldPairs/5jytA_2qkeE/output_AF/AF3/ShallowMsa_054/5jytA/tmp_ShallowMsa_054__5jytA_first/tmp_ShallowMsa_054__5jytA_first_rank1_model.pdb,,0.20249039421689
AF3,AF3,ShallowMsa_054,2qkeE,0.7917001587462473,0.5059199333253049,0.2857802254209424,Pipeline/FoldPairs/5jytA_2qkeE/output_AF/AF3/ShallowMsa_054/2qkeE/tmp_ShallowMsa_054__2qkeE_first/tmp_ShallowMsa_054__2qkeE_first_rank1_model.pdb,,0.2035737497988193
AF3,AF3,ShallowMsa_055,5jytA,0.4732573353653583,0.4586062104556684,0.014651124909689894,Pipeline/FoldPairs/5jytA_2qkeE/output_AF/AF3/ShallowMsa_055/5jytA/tmp_ShallowMsa_055__5jytA_first/tmp_ShallowMsa_055__5jytA_first_rank1_model.pdb,,-0.06873867616084603
AF3,AF3,ShallowMsa_055,2qkeE,0.4693615225090637,0.4290760784684624,0.040285444040601304,Pipeline/FoldPairs/5jytA_2qkeE/output_AF/AF3/ShallowMsa_055/2qkeE/tmp_ShallowMsa_055__2qkeE_first/tmp_ShallowMsa_055__2qkeE_first_rank1_model.pdb,,-0.0419210315815218
AF3,AF3,ShallowMsa_056,5jytA,0.4919779434311902,0.6533948708885965,-0.16141692745740627,Pipeline/FoldPairs/5jytA_2qkeE/output_AF/AF3/ShallowMsa_056/5jytA/tmp_ShallowMsa_056__5jytA_first/tmp_ShallowMsa_056__5jytA_first_rank1_model.pdb,,-0.2448067285279422
AF3,AF3,ShallowMsa_056,2qkeE,0.4919779434311902,0.6533948708885965,-0.16141692745740627,Pipeline/FoldPairs/5jytA_2qkeE/output_AF/AF3/ShallowMsa_056/2qkeE/tmp_ShallowMsa_056__2qkeE_first/tmp_ShallowMsa_056__2qkeE_first_rank1_model.pdb,,-0.24362340307952937
AF3,AF3,ShallowMsa_057,5jytA,0.8250126172323882,0.507107823384245,0.3179047938481432,Pipeline/FoldPairs/5jytA_2qkeE/output_AF/AF3/ShallowMsa_057/5jytA/tmp_ShallowMsa_057__5jytA_first/tmp_ShallowMsa_057__5jytA_first_rank1_model.pdb,,0.23451499277760726
AF3,AF3,ShallowMsa_057,2qkeE,0.8250126172323882,0.507107823384245,0.3179047938481432,Pipeline/FoldPairs/5jytA_2qkeE/output_AF/AF3/ShallowMsa_057/2qkeE/tmp_ShallowMsa_057__2qkeE_first/tmp_ShallowMsa_057__2qkeE_first_rank1_model.pdb,,0.23569831822602008
AF3,AF3,ShallowMsa_058,5jytA,0.7558805356090676,0.525468767413829,0.23041176819523868,Pipeline/FoldPairs/5jytA_2qkeE/output_AF/AF3/ShallowMsa_058/5jytA/tmp_ShallowMsa_058__5jytA_first/tmp_ShallowMsa_058__5jytA_first_rank1_model.pdb,,0.14702196712470275
AF3,AF3,ShallowMsa_058,2qkeE,0.7558696479268247,0.5252779690332948,0.23059167889352983,Pipeline/FoldPairs/5jytA_2qkeE/output_AF/AF3/ShallowMsa_058/2qkeE/tmp_ShallowMsa_058__2qkeE_first/tmp_ShallowMsa_058__2qkeE_first_rank1_model.pdb,,0.14838520327140672
AF3,AF3,ShallowMsa_059,5jytA,0.7410712321079389,0.527762733280437,0.2133084988275019,Pipeline/FoldPairs/5jytA_2qkeE/output_AF/AF3/ShallowMsa_059/5jytA/tmp_ShallowMsa_059__5jytA_first/tmp_ShallowMsa_059__5jytA_first_rank1_model.pdb,,0.129918697756966
AF3,AF3,ShallowMsa_059,2qkeE,0.7325610316284574,0.52183422406135,0.21072680756710738,Pipeline/FoldPairs/5jytA_2qkeE/output_AF/AF3/ShallowMsa_059/2qkeE/tmp_ShallowMsa_059__2qkeE_first/tmp_ShallowMsa_059__2qkeE_first_rank1_model.pdb,,0.12852033194498427
AF3,AF3,ShallowMsa_060,5jytA,0.5555305907777685,0.8831288686344502,-0.3275982778566817,Pipeline/FoldPairs/5jytA_2qkeE/output_AF/AF3/ShallowMsa_060/5jytA/tmp_ShallowMsa_060__5jytA_first/tmp_ShallowMsa_060__5jytA_first_rank1_model.pdb,,-0.41098807892721767
AF3,AF3,ShallowMsa_060,2qkeE,0.5555305907777685,0.8831288686344502,-0.3275982778566817,Pipeline/FoldPairs/5jytA_2qkeE/output_AF/AF3/ShallowMsa_060/2qkeE/tmp_ShallowMsa_060__2qkeE_first/tmp_ShallowMsa_060__2qkeE_first_rank1_model.pdb,,-0.40980475347880485
AF3,AF3,ShallowMsa_061,5jytA,0.6098585012733713,0.4872823804503665,0.12257612082300479,Pipeline/FoldPairs/5jytA_2qkeE/output_AF/AF3/ShallowMsa_061/5jytA/tmp_ShallowMsa_061__5jytA_first/tmp_ShallowMsa_061__5jytA_first_rank1_model.pdb,,0.03918631975246886
AF3,AF3,ShallowMsa_061,2qkeE,0.6054982560793144,0.4849334578887686,0.12056479819054577,Pipeline/FoldPairs/5jytA_2qkeE/output_AF/AF3/ShallowMsa_061/2qkeE/tmp_ShallowMsa_061__2qkeE_first/tmp_ShallowMsa_061__2qkeE_first_rank1_model.pdb,,0.03835832256842267
AF3,AF3,ShallowMsa_062,5jytA,0.6460529737511097,0.5296089535820663,0.11644402016904343,Pipeline/FoldPairs/5jytA_2qkeE/output_AF/AF3/ShallowMsa_062/5jytA/tmp_ShallowMsa_062__5jytA_first/tmp_ShallowMsa_062__5jytA_first_rank1_model.pdb,,0.033054219098507504
AF3,AF3,ShallowMsa_062,2qkeE,0.8213196623134271,0.5216107689199669,0.2997088933934602,Pipeline/FoldPairs/5jytA_2qkeE/output_AF/AF3/ShallowMsa_062/2qkeE/tmp_ShallowMsa_062__2qkeE_first/tmp_ShallowMsa_062__2qkeE_first_rank1_model.pdb,,0.21750241777133708
AF3,AF3,ShallowMsa_063,5jytA,0.5713421214082912,0.5197914655427026,0.0515506558655886,Pipeline/FoldPairs/5jytA_2qkeE/output_AF/AF3/ShallowMsa_063/5jytA/tmp_ShallowMsa_063__5jytA_first/tmp_ShallowMsa_063__5jytA_first_rank1_model.pdb,,-0.03183914520494732
AF3,AF3,ShallowMsa_063,2qkeE,0.5518488161207054,0.5132421106124232,0.03860670550828216,Pipeline/FoldPairs/5jytA_2qkeE/output_AF/AF3/ShallowMsa_063/2qkeE/tmp_ShallowMsa_063__2qkeE_first/tmp_ShallowMsa_063__2qkeE_first_rank1_model.pdb,,-0.04359977011384095
AF3,AF3,ShallowMsa_064,5jytA,0.5581330250154508,0.5505554132069899,0.007577611808460949,Pipeline/FoldPairs/5jytA_2qkeE/output_AF/AF3/ShallowMsa_064/5jytA/tmp_ShallowMsa_064__5jytA_first/tmp_ShallowMsa_064__5jytA_first_rank1_model.pdb,,-0.07581218926207497
AF3,AF3,ShallowMsa_064,2qkeE,0.5541484147178042,0.5398700145967874,0.014278400121016777,Pipeline/FoldPairs/5jytA_2qkeE/output_AF/AF3/ShallowMsa_064/2qkeE/tmp_ShallowMsa_064__2qkeE_first/tmp_ShallowMsa_064__2qkeE_first_rank1_model.pdb,,-0.06792807550110633
AF3,AF3,ShallowMsa_065,5jytA,0.7231385232610992,0.51041187123235,0.21272665202874919,Pipeline/FoldPairs/5jytA_2qkeE/output_AF/AF3/ShallowMsa_065/5jytA/tmp_ShallowMsa_065__5jytA_first/tmp_ShallowMsa_065__5jytA_first_rank1_model.pdb,,0.12933685095821326
AF3,AF3,ShallowMsa_065,2qkeE,0.7205086926664878,0.5074709199709253,0.21303777269556246,Pipeline/FoldPairs/5jytA_2qkeE/output_AF/AF3/ShallowMsa_065/2qkeE/tmp_ShallowMsa_065__2qkeE_first/tmp_ShallowMsa_065__2qkeE_first_rank1_model.pdb,,0.13083129707343935
AF3,AF3,ShallowMsa_066,5jytA,0.6100215691349387,0.46485342482940134,0.14516814430553732,Pipeline/FoldPairs/5jytA_2qkeE/output_AF/AF3/ShallowMsa_066/5jytA/tmp_ShallowMsa_066__5jytA_first/tmp_ShallowMsa_066__5jytA_first_rank1_model.pdb,,0.06177834323500139
AF3,AF3,ShallowMsa_066,2qkeE,0.5900935651021921,0.5062057669212497,0.08388779818094239,Pipeline/FoldPairs/5jytA_2qkeE/output_AF/AF3/ShallowMsa_066/2qkeE/tmp_ShallowMsa_066__2qkeE_first/tmp_ShallowMsa_066__2qkeE_first_rank1_model.pdb,,0.0016813225588192815
AF3,AF3,ShallowMsa_067,5jytA,0.5255090586517698,0.8388507102241918,-0.313341651572422,Pipeline/FoldPairs/5jytA_2qkeE/output_AF/AF3/ShallowMsa_067/5jytA/tmp_ShallowMsa_067__5jytA_first/tmp_ShallowMsa_067__5jytA_first_rank1_model.pdb,,-0.39673145264295795
AF3,AF3,ShallowMsa_067,2qkeE,0.4989544705194499,0.9152737968457433,-0.41631932632629337,Pipeline/FoldPairs/5jytA_2qkeE/output_AF/AF3/ShallowMsa_067/2qkeE/tmp_ShallowMsa_067__2qkeE_first/tmp_ShallowMsa_067__2qkeE_first_rank1_model.pdb,,-0.49852580194841645
AF3,AF3,ShallowMsa_068,5jytA,0.571272079307179,0.5297689752798428,0.04150310402733626,Pipeline/FoldPairs/5jytA_2qkeE/output_AF/AF3/ShallowMsa_068/5jytA/tmp_ShallowMsa_068__5jytA_first/tmp_ShallowMsa_068__5jytA_first_rank1_model.pdb,,-0.04188669704319967
AF3,AF3,ShallowMsa_068,2qkeE,0.5683408271586395,0.5299918313933426,0.038348995765296934,Pipeline/FoldPairs/5jytA_2qkeE/output_AF/AF3/ShallowMsa_068/2qkeE/tmp_ShallowMsa_068__2qkeE_first/tmp_ShallowMsa_068__2qkeE_first_rank1_model.pdb,,-0.04385747985682617
AF3,AF3,ShallowMsa_069,5jytA,0.6492024923063082,0.5058478284265061,0.1433546638798021,Pipeline/FoldPairs/5jytA_2qkeE/output_AF/AF3/ShallowMsa_069/5jytA/tmp_ShallowMsa_069__5jytA_first/tmp_ShallowMsa_069__5jytA_first_rank1_model.pdb,,0.05996486280926619
AF3,AF3,ShallowMsa_069,2qkeE,0.6492024923063082,0.5058478284265061,0.1433546638798021,Pipeline/FoldPairs/5jytA_2qkeE/output_AF/AF3/ShallowMsa_069/2qkeE/tmp_ShallowMsa_069__2qkeE_first/tmp_ShallowMsa_069__2qkeE_first_rank1_model.pdb,,0.06114818825767901
AF3,AF3,ShallowMsa_070,5jytA,0.7015596502440884,0.57839905417566,0.12316059606842844,Pipeline/FoldPairs/5jytA_2qkeE/output_AF/AF3/ShallowMsa_070/5jytA/tmp_ShallowMsa_070__5jytA_first/tmp_ShallowMsa_070__5jytA_first_rank1_model.pdb,,0.03977079499789252
AF3,AF3,ShallowMsa_070,2qkeE,0.7015596502440884,0.57839905417566,0.12316059606842844,Pipeline/FoldPairs/5jytA_2qkeE/output_AF/AF3/ShallowMsa_070/2qkeE/tmp_ShallowMsa_070__2qkeE_first/tmp_ShallowMsa_070__2qkeE_first_rank1_model.pdb,,0.04095412044630534
AF3,AF3,ShallowMsa_071,5jytA,0.49411874033419817,0.695572056827997,-0.20145331649379888,Pipeline/FoldPairs/5jytA_2qkeE/output_AF/AF3/ShallowMsa_071/5jytA/tmp_ShallowMsa_071__5jytA_first/tmp_ShallowMsa_071__5jytA_first_rank1_model.pdb,,-0.2848431175643348
AF3,AF3,ShallowMsa_071,2qkeE,0.4945415157351712,0.696287958999922,-0.20174644326475083,Pipeline/FoldPairs/5jytA_2qkeE/output_AF/AF3/ShallowMsa_071/2qkeE/tmp_ShallowMsa_071__2qkeE_first/tmp_ShallowMsa_071__2qkeE_first_rank1_model.pdb,,-0.2839529188868739
AF3,AF3,ShallowMsa_072,5jytA,0.7583994266177828,0.6278969952644924,0.13050243135329043,Pipeline/FoldPairs/5jytA_2qkeE/output_AF/AF3/ShallowMsa_072/5jytA/tmp_ShallowMsa_072__5jytA_first/tmp_ShallowMsa_072__5jytA_first_rank1_model.pdb,,0.0471126302827545
AF3,AF3,ShallowMsa_072,2qkeE,0.758831261620407,0.6278530488783506,0.13097821274205645,Pipeline/FoldPairs/5jytA_2qkeE/output_AF/AF3/ShallowMsa_072/2qkeE/tmp_ShallowMsa_072__2qkeE_first/tmp_ShallowMsa_072__2qkeE_first_rank1_model.pdb,,0.04877173711993335
AF3,AF3,ShallowMsa_073,5jytA,0.6909141429035861,0.48139114365246927,0.20952299925111684,Pipeline/FoldPairs/5jytA_2qkeE/output_AF/AF3/ShallowMsa_073/5jytA/tmp_ShallowMsa_073__5jytA_first/tmp_ShallowMsa_073__5jytA_first_rank1_model.pdb,,0.1261331981805809
AF3,AF3,ShallowMsa_073,2qkeE,0.6909141429035861,0.48139114365246927,0.20952299925111684,Pipeline/FoldPairs/5jytA_2qkeE/output_AF/AF3/ShallowMsa_073/2qkeE/tmp_ShallowMsa_073__2qkeE_first/tmp_ShallowMsa_073__2qkeE_first_rank1_model.pdb,,0.12731652362899373
AF3,AF3,ShallowMsa_074,5jytA,0.5245678877081615,0.5124487871802297,0.012119100527931859,Pipeline/FoldPairs/5jytA_2qkeE/output_AF/AF3/ShallowMsa_074/5jytA/tmp_ShallowMsa_074__5jytA_first/tmp_ShallowMsa_074__5jytA_first_rank1_model.pdb,,-0.07127070054260407
AF3,AF3,ShallowMsa_074,2qkeE,0.5245678877081615,0.5124487871802297,0.012119100527931859,Pipeline/FoldPairs/5jytA_2qkeE/output_AF/AF3/ShallowMsa_074/2qkeE/tmp_ShallowMsa_074__2qkeE_first/tmp_ShallowMsa_074__2qkeE_first_rank1_model.pdb,,-0.07008737509419125
AF3,AF3,ShallowMsa_075,5jytA,0.5578056353273617,0.8331238089142957,-0.275318173586934,Pipeline/FoldPairs/5jytA_2qkeE/output_AF/AF3/ShallowMsa_075/5jytA/tmp_ShallowMsa_075__5jytA_first/tmp_ShallowMsa_075__5jytA_first_rank1_model.pdb,,-0.35870797465746995
AF3,AF3,ShallowMsa_075,2qkeE,0.5604773316779251,0.8378294085208409,-0.27735207684291574,Pipeline/FoldPairs/5jytA_2qkeE/output_AF/AF3/ShallowMsa_075/2qkeE/tmp_ShallowMsa_075__2qkeE_first/tmp_ShallowMsa_075__2qkeE_first_rank1_model.pdb,,-0.35955855246503887
AF3,AF3,ShallowMsa_076,5jytA,0.8160935846684707,0.46866327898611293,0.3474303056823578,Pipeline/FoldPairs/5jytA_2qkeE/output_AF/AF3/ShallowMsa_076/5jytA/tmp_ShallowMsa_076__5jytA_first/tmp_ShallowMsa_076__5jytA_first_rank1_model.pdb,,0.2640405046118218
AF3,AF3,ShallowMsa_076,2qkeE,0.8158727185965878,0.4687104784306884,0.3471622401658994,Pipeline/FoldPairs/5jytA_2qkeE/output_AF/AF3/ShallowMsa_076/2qkeE/tmp_ShallowMsa_076__2qkeE_first/tmp_ShallowMsa_076__2qkeE_first_rank1_model.pdb,,0.26495576454377634
AF3,AF3,ShallowMsa_077,5jytA,0.5526428779082678,0.49837010005875443,0.0542727778495134,Pipeline/FoldPairs/5jytA_2qkeE/output_AF/AF3/ShallowMsa_077/5jytA/tmp_ShallowMsa_077__5jytA_first/tmp_ShallowMsa_077__5jytA_first_rank1_model.pdb,,-0.029117023221022525
AF3,AF3,ShallowMsa_077,2qkeE,0.5587974901433999,0.5052567295882097,0.05354076055519019,Pipeline/FoldPairs/5jytA_2qkeE/output_AF/AF3/ShallowMsa_077/2qkeE/tmp_ShallowMsa_077__2qkeE_first/tmp_ShallowMsa_077__2qkeE_first_rank1_model.pdb,,-0.028665715066932912
AF3,AF3,ShallowMsa_078,5jytA,0.7832552453263716,0.5052567395499934,0.2779985057763782,Pipeline/FoldPairs/5jytA_2qkeE/output_AF/AF3/ShallowMsa_078/5jytA/tmp_ShallowMsa_078__5jytA_first/tmp_ShallowMsa_078__5jytA_first_rank1_model.pdb,,0.19460870470584227
AF3,AF3,ShallowMsa_078,2qkeE,0.7842866206358127,0.5051258451339165,0.2791607755018962,Pipeline/FoldPairs/5jytA_2qkeE/output_AF/AF3/ShallowMsa_078/2qkeE/tmp_ShallowMsa_078__2qkeE_first/tmp_ShallowMsa_078__2qkeE_first_rank1_model.pdb,,0.19695429987977311
AF3,AF3,ShallowMsa_079,5jytA,0.7319871000795161,0.4527062926425516,0.2792808074369645,Pipeline/FoldPairs/5jytA_2qkeE/output_AF/AF3/ShallowMsa_079/5jytA/tmp_ShallowMsa_079__5jytA_first/tmp_ShallowMsa_079__5jytA_first_rank1_model.pdb,,0.19589100636642856
AF3,AF3,ShallowMsa_079,2qkeE,0.7318790109381217,0.4526797100873676,0.27919930085075406,Pipeline/FoldPairs/5jytA_2qkeE/output_AF/AF3/ShallowMsa_079/2qkeE/tmp_ShallowMsa_079__2qkeE_first/tmp_ShallowMsa_079__2qkeE_first_rank1_model.pdb,,0.19699282522863096
AF3,AF3,ShallowMsa_080,5jytA,0.5377338685852283,0.6123938128661567,-0.07465994428092837,Pipeline/FoldPairs/5jytA_2qkeE/output_AF/AF3/ShallowMsa_080/5jytA/tmp_ShallowMsa_080__5jytA_first/tmp_ShallowMsa_080__5jytA_first_rank1_model.pdb,,-0.1580497453514643
AF3,AF3,ShallowMsa_080,2qkeE,0.5514762605941141,0.7045212122452856,-0.1530449516511715,Pipeline/FoldPairs/5jytA_2qkeE/output_AF/AF3/ShallowMsa_080/2qkeE/tmp_ShallowMsa_080__2qkeE_first/tmp_ShallowMsa_080__2qkeE_first_rank1_model.pdb,,-0.2352514272732946
AF3,AF3,ShallowMsa_081,5jytA,0.8267800734310585,0.5453810770319176,0.2813989963991409,Pipeline/FoldPairs/5jytA_2qkeE/output_AF/AF3/ShallowMsa_081/5jytA/tmp_ShallowMsa_081__5jytA_first/tmp_ShallowMsa_081__5jytA_first_rank1_model.pdb,,0.19800919532860498
AF3,AF3,ShallowMsa_081,2qkeE,0.8281534826031002,0.5459009722815235,0.2822525103215767,Pipeline/FoldPairs/5jytA_2qkeE/output_AF/AF3/ShallowMsa_081/2qkeE/tmp_ShallowMsa_081__2qkeE_first/tmp_ShallowMsa_081__2qkeE_first_rank1_model.pdb,,0.20004603469945362
AF3,AF3,ShallowMsa_082,5jytA,0.7415396624281754,0.5001889936886189,0.24135066873955646,Pipeline/FoldPairs/5jytA_2qkeE/output_AF/AF3/ShallowMsa_082/5jytA/tmp_ShallowMsa_082__5jytA_first/tmp_ShallowMsa_082__5jytA_first_rank1_model.pdb,,0.15796086766902054
AF3,AF3,ShallowMsa_082,2qkeE,0.7410292492501677,0.499664059615643,0.2413651896345247,Pipeline/FoldPairs/5jytA_2qkeE/output_AF/AF3/ShallowMsa_082/2qkeE/tmp_ShallowMsa_082__2qkeE_first/tmp_ShallowMsa_082__2qkeE_first_rank1_model.pdb,,0.1591587140124016
AF3,AF3,ShallowMsa_083,5jytA,0.40739341990852096,0.4026772215227941,0.004716198385726844,Pipeline/FoldPairs/5jytA_2qkeE/output_AF/AF3/ShallowMsa_083/5jytA/tmp_ShallowMsa_083__5jytA_first/tmp_ShallowMsa_083__5jytA_first_rank1_model.pdb,,-0.07867360268480908
AF3,AF3,ShallowMsa_083,2qkeE,0.40739341990852096,0.4026772215227941,0.004716198385726844,Pipeline/FoldPairs/5jytA_2qkeE/output_AF/AF3/ShallowMsa_083/2qkeE/tmp_ShallowMsa_083__2qkeE_first/tmp_ShallowMsa_083__2qkeE_first_rank1_model.pdb,,-0.07749027723639626
AF3,AF3,ShallowMsa_084,5jytA,0.8118228815350929,0.46384646676948776,0.3479764147656051,Pipeline/FoldPairs/5jytA_2qkeE/output_AF/AF3/ShallowMsa_084/5jytA/tmp_ShallowMsa_084__5jytA_first/tmp_ShallowMsa_084__5jytA_first_rank1_model.pdb,,0.2645866136950692
AF3,AF3,ShallowMsa_084,2qkeE,0.8118919532696856,0.46421758194752716,0.3476743713221584,Pipeline/FoldPairs/5jytA_2qkeE/output_AF/AF3/ShallowMsa_084/2qkeE/tmp_ShallowMsa_084__2qkeE_first/tmp_ShallowMsa_084__2qkeE_first_rank1_model.pdb,,0.26546789570003526
AF3,AF3,ShallowMsa_085,5jytA,0.801173744714847,0.5038938588940267,0.2972798858208203,Pipeline/FoldPairs/5jytA_2qkeE/output_AF/AF3/ShallowMsa_085/5jytA/tmp_ShallowMsa_085__5jytA_first/tmp_ShallowMsa_085__5jytA_first_rank1_model.pdb,,0.2138900847502844
AF3,AF3,ShallowMsa_085,2qkeE,0.801173744714847,0.5038938588940267,0.2972798858208203,Pipeline/FoldPairs/5jytA_2qkeE/output_AF/AF3/ShallowMsa_085/2qkeE/tmp_ShallowMsa_085__2qkeE_first/tmp_ShallowMsa_085__2qkeE_first_rank1_model.pdb,,0.21507341019869722
AF3,AF3,ShallowMsa_086,5jytA,0.5043649594427009,0.48792036683731904,0.016444592605381836,Pipeline/FoldPairs/5jytA_2qkeE/output_AF/AF3/ShallowMsa_086/5jytA/tmp_ShallowMsa_086__5jytA_first/tmp_ShallowMsa_086__5jytA_first_rank1_model.pdb,,-0.06694520846515409
AF3,AF3,ShallowMsa_086,2qkeE,0.7716163578549021,0.48535215240069873,0.2862642054542034,Pipeline/FoldPairs/5jytA_2qkeE/output_AF/AF3/ShallowMsa_086/2qkeE/tmp_ShallowMsa_086__2qkeE_first/tmp_ShallowMsa_086__2qkeE_first_rank1_model.pdb,,0.2040577298320803
AF3,AF3,ShallowMsa_087,5jytA,0.5740308114510612,0.5759302535405831,-0.0018994420895219744,Pipeline/FoldPairs/5jytA_2qkeE/output_AF/AF3/ShallowMsa_087/5jytA/tmp_ShallowMsa_087__5jytA_first/tmp_ShallowMsa_087__5jytA_first_rank1_model.pdb,,-0.0852892431600579
AF3,AF3,ShallowMsa_087,2qkeE,0.6099206348060124,0.6215448349612994,-0.011624200155286979,Pipeline/FoldPairs/5jytA_2qkeE/output_AF/AF3/ShallowMsa_087/2qkeE/tmp_ShallowMsa_087__2qkeE_first/tmp_ShallowMsa_087__2qkeE_first_rank1_model.pdb,,-0.09383067577741008
AF3,AF3,ShallowMsa_088,5jytA,0.5151418977298329,0.6232863965721607,-0.1081444988423278,Pipeline/FoldPairs/5jytA_2qkeE/output_AF/AF3/ShallowMsa_088/5jytA/tmp_ShallowMsa_088__5jytA_first/tmp_ShallowMsa_088__5jytA_first_rank1_model.pdb,,-0.19153429991286372
AF3,AF3,ShallowMsa_088,2qkeE,0.5329291739544109,0.6371807753538785,-0.10425160139946765,Pipeline/FoldPairs/5jytA_2qkeE/output_AF/AF3/ShallowMsa_088/2qkeE/tmp_ShallowMsa_088__2qkeE_first/tmp_ShallowMsa_088__2qkeE_first_rank1_model.pdb,,-0.18645807702159076
AF3,AF3,ShallowMsa_089,5jytA,0.5703367794431737,0.4679667068471319,0.10237007259604186,Pipeline/FoldPairs/5jytA_2qkeE/output_AF/AF3/ShallowMsa_089/5jytA/tmp_ShallowMsa_089__5jytA_first/tmp_ShallowMsa_089__5jytA_first_rank1_model.pdb,,0.018980271525505937
AF3,AF3,ShallowMsa_089,2qkeE,0.64738671389672,0.4695250483709206,0.1778616655257994,Pipeline/FoldPairs/5jytA_2qkeE/output_AF/AF3/ShallowMsa_089/2qkeE/tmp_ShallowMsa_089__2qkeE_first/tmp_ShallowMsa_089__2qkeE_first_rank1_model.pdb,,0.0956551899036763
AF3,AF3,ShallowMsa_090,5jytA,0.7905868124985845,0.46417530916233185,0.3264115033362527,Pipeline/FoldPairs/5jytA_2qkeE/output_AF/AF3/ShallowMsa_090/5jytA/tmp_ShallowMsa_090__5jytA_first/tmp_ShallowMsa_090__5jytA_first_rank1_model.pdb,,0.24302170226571676
AF3,AF3,ShallowMsa_090,2qkeE,0.7901788654714165,0.463210001174506,0.32696886429691047,Pipeline/FoldPairs/5jytA_2qkeE/output_AF/AF3/ShallowMsa_090/2qkeE/tmp_ShallowMsa_090__2qkeE_first/tmp_ShallowMsa_090__2qkeE_first_rank1_model.pdb,,0.24476238867478736
AF3,AF3,ShallowMsa_091,5jytA,0.8125835890453899,0.5152718523633315,0.29731173668205835,Pipeline/FoldPairs/5jytA_2qkeE/output_AF/AF3/ShallowMsa_091/5jytA/tmp_ShallowMsa_091__5jytA_first/tmp_ShallowMsa_091__5jytA_first_rank1_model.pdb,,0.21392193561152242
AF3,AF3,ShallowMsa_091,2qkeE,0.8123234975807156,0.5154986455567521,0.2968248520239636,Pipeline/FoldPairs/5jytA_2qkeE/output_AF/AF3/ShallowMsa_091/2qkeE/tmp_ShallowMsa_091__2qkeE_first/tmp_ShallowMsa_091__2qkeE_first_rank1_model.pdb,,0.21461837640184048
AF3,AF3,ShallowMsa_092,5jytA,0.7589769418753631,0.5179417847724629,0.24103515710290024,Pipeline/FoldPairs/5jytA_2qkeE/output_AF/AF3/ShallowMsa_092/5jytA/tmp_ShallowMsa_092__5jytA_first/tmp_ShallowMsa_092__5jytA_first_rank1_model.pdb,,0.15764535603236432
AF3,AF3,ShallowMsa_092,2qkeE,0.7400086738598003,0.5102248011308376,0.22978387272896272,Pipeline/FoldPairs/5jytA_2qkeE/output_AF/AF3/ShallowMsa_092/2qkeE/tmp_ShallowMsa_092__2qkeE_first/tmp_ShallowMsa_092__2qkeE_first_rank1_model.pdb,,0.14757739710683962
AF3,AF3,ShallowMsa_093,5jytA,0.5831350925933155,0.4944905870320039,0.08864450556131165,Pipeline/FoldPairs/5jytA_2qkeE/output_AF/AF3/ShallowMsa_093/5jytA/tmp_ShallowMsa_093__5jytA_first/tmp_ShallowMsa_093__5jytA_first_rank1_model.pdb,,0.0052547044907757245
AF3,AF3,ShallowMsa_093,2qkeE,0.5847355255469961,0.4954051342031286,0.08933039134386755,Pipeline/FoldPairs/5jytA_2qkeE/output_AF/AF3/ShallowMsa_093/2qkeE/tmp_ShallowMsa_093__2qkeE_first/tmp_ShallowMsa_093__2qkeE_first_rank1_model.pdb,,0.00712391572174445
AF3,AF3,ShallowMsa_094,5jytA,0.8410393292238328,0.47507816618632165,0.3659611630375112,Pipeline/FoldPairs/5jytA_2qkeE/output_AF/AF3/ShallowMsa_094/5jytA/tmp_ShallowMsa_094__5jytA_first/tmp_ShallowMsa_094__5jytA_first_rank1_model.pdb,,0.2825713619669753
AF3,AF3,ShallowMsa_094,2qkeE,0.8410420651333945,0.4751303082708178,0.3659117568625767,Pipeline/FoldPairs/5jytA_2qkeE/output_AF/AF3/ShallowMsa_094/2qkeE/tmp_ShallowMsa_094__2qkeE_first/tmp_ShallowMsa_094__2qkeE_first_rank1_model.pdb,,0.2837052812404536
AF3,AF3,ShallowMsa_095,5jytA,0.7892480200007871,0.4871753068625202,0.3020727131382669,Pipeline/FoldPairs/5jytA_2qkeE/output_AF/AF3/ShallowMsa_095/5jytA/tmp_ShallowMsa_095__5jytA_first/tmp_ShallowMsa_095__5jytA_first_rank1_model.pdb,,0.21868291206773097
AF3,AF3,ShallowMsa_095,2qkeE,0.7896164469223232,0.48749313227225133,0.3021233146500719,Pipeline/FoldPairs/5jytA_2qkeE/output_AF/AF3/ShallowMsa_095/2qkeE/tmp_ShallowMsa_095__2qkeE_first/tmp_ShallowMsa_095__2qkeE_first_rank1_model.pdb,,0.2199168390279488
AF3,AF3,ShallowMsa_096,5jytA,0.4146935279188875,0.37583606347034665,0.038857464448540824,Pipeline/FoldPairs/5jytA_2qkeE/output_AF/AF3/ShallowMsa_096/5jytA/tmp_ShallowMsa_096__5jytA_first/tmp_ShallowMsa_096__5jytA_first_rank1_model.pdb,,-0.0445323366219951
AF3,AF3,ShallowMsa_096,2qkeE,0.4832652245187357,0.42520405319256455,0.05806117132617117,Pipeline/FoldPairs/5jytA_2qkeE/output_AF/AF3/ShallowMsa_096/2qkeE/tmp_ShallowMsa_096__2qkeE_first/tmp_ShallowMsa_096__2qkeE_first_rank1_model.pdb,,-0.024145304295951936
AF3,AF3,ShallowMsa_097,5jytA,0.7435595367466504,0.5278197133057986,0.21573982344085185,Pipeline/FoldPairs/5jytA_2qkeE/output_AF/AF3/ShallowMsa_097/5jytA/tmp_ShallowMsa_097__5jytA_first/tmp_ShallowMsa_097__5jytA_first_rank1_model.pdb,,0.13235002237031593
AF3,AF3,ShallowMsa_097,2qkeE,0.7658891921658502,0.5423454391553149,0.2235437530105353,Pipeline/FoldPairs/5jytA_2qkeE/output_AF/AF3/ShallowMsa_097/2qkeE/tmp_ShallowMsa_097__2qkeE_first/tmp_ShallowMsa_097__2qkeE_first_rank1_model.pdb,,0.1413372773884122
AF3,AF3,ShallowMsa_098,5jytA,0.6350797277846252,0.49975237847384724,0.13532734931077794,Pipeline/FoldPairs/5jytA_2qkeE/output_AF/AF3/ShallowMsa_098/5jytA/tmp_ShallowMsa_098__5jytA_first/tmp_ShallowMsa_098__5jytA_first_rank1_model.pdb,,0.05193754824024202
AF3,AF3,ShallowMsa_098,2qkeE,0.6585785164377802,0.5211012419299019,0.13747727450787828,Pipeline/FoldPairs/5jytA_2qkeE/output_AF/AF3/ShallowMsa_098/2qkeE/tmp_ShallowMsa_098__2qkeE_first/tmp_ShallowMsa_098__2qkeE_first_rank1_model.pdb,,0.055270798885755174
AF3,AF3,ShallowMsa_099,5jytA,0.48949761144333476,0.8735437356193612,-0.3840461241760264,Pipeline/FoldPairs/5jytA_2qkeE/output_AF/AF3/ShallowMsa_099/5jytA/tmp_ShallowMsa_099__5jytA_first/tmp_ShallowMsa_099__5jytA_first_rank1_model.pdb,,-0.4674359252465623
AF3,AF3,ShallowMsa_099,2qkeE,0.5063374076705774,0.8731286901652964,-0.36679128249471893,Pipeline/FoldPairs/5jytA_2qkeE/output_AF/AF3/ShallowMsa_099/2qkeE/tmp_ShallowMsa_099__2qkeE_first/tmp_ShallowMsa_099__2qkeE_first_rank1_model.pdb,,-0.44899775811684206
